date,value
1987-05-20,18.6300
1987-05-21,18.4500
1987-05-22,18.5500
1987-05-25,18.6000
1987-05-26,18.6300
1987-05-27,18.6000
1987-05-28,18.6000
1987-05-29,18.5800
1987-06-01,18.6500
1987-06-02,18.6800
1987-06-03,18.7500
1987-06-04,18.7800
1987-06-05,18.6500
1987-06-08,18.7500
1987-06-09,18.7800
1987-06-10,18.7800
1987-06-11,18.6800
1987-06-12,18.7800
1987-06-16,18.9000
1987-06-17,19.0300
1987-06-18,19.0500
1987-06-19,19.0500
1987-06-22,19.1000
1987-06-23,18.9000
1987-06-24,18.7500
1987-06-25,18.7000
1987-06-26,19.0800
1987-06-29,19.1500
1987-06-30,19.0800
1987-07-01,18.9800
1987-07-02,19.2500
1987-07-03,19.3300
1987-07-06,19.4800
1987-07-07,19.5000
1987-07-08,19.4800
1987-07-09,19.6800
1987-07-10,19.7300
1987-07-13,19.8300
1987-07-14,19.8800
1987-07-15,20.2800
1987-07-16,20.4000
1987-07-17,20.6300
1987-07-20,20.5500
1987-07-21,20.3500
1987-07-22,20.3300
1987-07-23,20.1500
1987-07-24,19.5800
1987-07-27,19.3000
1987-07-28,19.7800
1987-07-29,19.9800
1987-07-30,20.2000
1987-07-31,20.0300
1987-08-03,20.9500
1987-08-04,20.6500
1987-08-05,19.8000
1987-08-06,19.7500
1987-08-07,19.6500
1987-08-10,19.4300
1987-08-11,19.4500
1987-08-12,19.5000
1987-08-13,19.4000
1987-08-14,19.2500
1987-08-17,18.8500
1987-08-18,18.7500
1987-08-19,18.5000
1987-08-20,18.3000
1987-08-21,18.1000
1987-08-24,17.4800
1987-08-25,17.5500
1987-08-26,18.1000
1987-08-27,18.2800
1987-08-28,18.2000
1987-08-31,18.6300
1987-09-01,18.4300
1987-09-02,18.4000
1987-09-03,18.1800
1987-09-04,18.1300
1987-09-07,17.6000
1987-09-08,17.6800
1987-09-09,17.9000
1987-09-10,18.3000
1987-09-11,18.1800
1987-09-14,18.1500
1987-09-15,18.5300
1987-09-16,18.5300
1987-09-17,18.4300
1987-09-18,18.3000
1987-09-21,18.2800
1987-09-22,18.4800
1987-09-23,18.4800
1987-09-24,18.6800
1987-09-25,18.6000
1987-09-28,18.6500
1987-09-29,18.5000
1987-09-30,18.4800
1987-10-01,18.5000
1987-10-02,18.6500
1987-10-05,18.7800
1987-10-06,18.6000
1987-10-07,18.5800
1987-10-08,18.6300
1987-10-09,18.6000
1987-10-12,18.5500
1987-10-13,18.5500
1987-10-14,18.6800
1987-10-15,18.6800
1987-10-16,19.0000
1987-10-19,19.1000
1987-10-20,18.7800
1987-10-21,18.9300
1987-10-22,19.1300
1987-10-23,18.9800
1987-10-26,18.7500
1987-10-27,18.8000
1987-10-28,18.8500
1987-10-29,18.7500
1987-10-30,18.8000
1987-11-02,18.6300
1987-11-03,18.3800
1987-11-04,17.9300
1987-11-05,17.8500
1987-11-06,17.9500
1987-11-09,17.5000
1987-11-10,17.7500
1987-11-11,17.8000
1987-11-12,17.8500
1987-11-13,17.8000
1987-11-16,17.6800
1987-11-17,17.4000
1987-11-18,17.1800
1987-11-19,17.4800
1987-11-20,17.6000
1987-11-23,17.9000
1987-11-24,17.8300
1987-11-25,17.6800
1987-11-26,17.7300
1987-11-27,17.7800
1987-11-30,17.7000
1987-12-01,17.6500
1987-12-02,17.7000
1987-12-03,17.9300
1987-12-04,18.0000
1987-12-07,17.7800
1987-12-08,17.5800
1987-12-09,17.4300
1987-12-10,17.5500
1987-12-11,17.7300
1987-12-14,16.8000
1987-12-15,16.2000
1987-12-16,15.9300
1987-12-17,15.0300
1987-12-18,15.6000
1987-12-21,15.4000
1987-12-22,16.7000
1987-12-23,17.2500
1987-12-24,17.1000
1987-12-28,17.0000
1987-12-29,17.3800
1987-12-30,17.8500
1987-12-31,17.6000
1988-01-04,17.9500
1988-01-05,17.0800
1988-01-06,17.9000
1988-01-08,16.8800
1988-01-11,16.6500
1988-01-12,15.9500
1988-01-13,16.3800
1988-01-14,16.5500
1988-01-15,16.6500
1988-01-18,16.8300
1988-01-19,17.1000
1988-01-20,16.8300
1988-01-21,17.0800
1988-01-22,16.7000
1988-01-25,16.4500
1988-01-27,16.1300
1988-01-28,16.1000
1988-01-29,16.2800
1988-02-01,16.1000
1988-02-02,16.1800
1988-02-03,16.1500
1988-02-04,16.1800
1988-02-05,16.1000
1988-02-08,16.5000
1988-02-09,16.4000
1988-02-10,16.1300
1988-02-11,16.1000
1988-02-12,15.7500
1988-02-15,15.6800
1988-02-16,15.6300
1988-02-17,15.8500
1988-02-18,15.4800
1988-02-19,15.5500
1988-02-22,15.3800
1988-02-23,15.5800
1988-02-24,15.3500
1988-02-25,14.8500
1988-02-26,14.6500
1988-02-29,14.7300
1988-03-01,14.1800
1988-03-02,13.8000
1988-03-03,14.0000
1988-03-04,14.0000
1988-03-07,13.9000
1988-03-08,13.8000
1988-03-09,13.9800
1988-03-10,14.4800
1988-03-11,14.8800
1988-03-14,14.2800
1988-03-15,14.3000
1988-03-16,14.4500
1988-03-17,14.4300
1988-03-18,14.9300
1988-03-21,15.3800
1988-03-22,15.0300
1988-03-23,15.4000
1988-03-24,15.6500
1988-03-25,15.4500
1988-03-28,15.5500
1988-03-29,15.6000
1988-03-30,15.7000
1988-03-31,15.6500
1988-04-05,15.5000
1988-04-06,15.3800
1988-04-07,15.5300
1988-04-08,15.5500
1988-04-11,16.2000
1988-04-12,16.4800
1988-04-13,16.5500
1988-04-14,16.6500
1988-04-15,16.8500
1988-04-18,17.4500
1988-04-19,17.0500
1988-04-20,16.7800
1988-04-21,17.0000
1988-04-22,17.1500
1988-04-25,17.1300
1988-04-26,17.1800
1988-04-27,17.4000
1988-04-28,16.8800
1988-04-29,16.6000
1988-05-02,15.9500
1988-05-03,16.0800
1988-05-04,16.1500
1988-05-05,16.1500
1988-05-06,16.4500
1988-05-09,16.5000
1988-05-10,16.3800
1988-05-11,16.4800
1988-05-12,16.4000
1988-05-13,16.5000
1988-05-16,16.6000
1988-05-17,16.6000
1988-05-18,16.4000
1988-05-19,16.2500
1988-05-20,16.4500
1988-05-23,16.2300
1988-05-24,16.3000
1988-05-25,16.1800
1988-05-26,16.1800
1988-05-27,16.2500
1988-05-30,16.2300
1988-05-31,16.2000
1988-06-01,16.3300
1988-06-02,16.3300
1988-06-03,16.4500
1988-06-06,16.2500
1988-06-07,16.2300
1988-06-08,16.2800
1988-06-09,16.3000
1988-06-10,15.8500
1988-06-13,15.5300
1988-06-14,15.8500
1988-06-15,15.7000
1988-06-16,15.4300
1988-06-17,15.4800
1988-06-20,15.0000
1988-06-21,15.0000
1988-06-22,15.1300
1988-06-23,15.1800
1988-06-24,15.1500
1988-06-27,14.9300
1988-06-28,14.8300
1988-06-29,14.5500
1988-06-30,14.1800
1988-07-01,13.9500
1988-07-04,14.0500
1988-07-05,13.9800
1988-07-06,14.5000
1988-07-07,15.5000
1988-07-08,15.0500
1988-07-11,14.6300
1988-07-12,14.0000
1988-07-13,14.1000
1988-07-14,14.1000
1988-07-15,14.2500
1988-07-18,15.0000
1988-07-19,14.9300
1988-07-20,15.4800
1988-07-21,15.6300
1988-07-22,15.8300
1988-07-25,15.8000
1988-07-26,15.3800
1988-07-27,15.4500
1988-07-28,15.7000
1988-07-29,15.7500
1988-08-01,15.6000
1988-08-02,15.3500
1988-08-03,15.0000
1988-08-04,14.5000
1988-08-05,14.8500
1988-08-08,15.4800
1988-08-09,15.4000
1988-08-10,15.1000
1988-08-11,15.1300
1988-08-12,14.9800
1988-08-15,14.8000
1988-08-16,14.8500
1988-08-17,14.7500
1988-08-18,14.7800
1988-08-19,14.8500
1988-08-22,15.0300
1988-08-23,14.8000
1988-08-24,14.8500
1988-08-25,14.6300
1988-08-26,14.5000
1988-08-29,14.4800
1988-08-30,14.4500
1988-08-31,14.4000
1988-09-01,14.1500
1988-09-02,14.0000
1988-09-05,13.6800
1988-09-06,13.3500
1988-09-07,13.1800
1988-09-08,13.3000
1988-09-09,13.2500
1988-09-12,12.7000
1988-09-13,13.4000
1988-09-14,13.9000
1988-09-15,13.5000
1988-09-16,13.2300
1988-09-19,12.8500
1988-09-20,13.1500
1988-09-21,13.0500
1988-09-22,13.2000
1988-09-23,13.2000
1988-09-26,13.1000
1988-09-27,12.5800
1988-09-28,12.7500
1988-09-29,12.5000
1988-09-30,11.9300
1988-10-03,11.6000
1988-10-04,11.6500
1988-10-05,11.2000
1988-10-06,11.3000
1988-10-07,11.3500
1988-10-10,12.2000
1988-10-11,12.3500
1988-10-12,12.4500
1988-10-13,12.5500
1988-10-14,13.2000
1988-10-17,13.5500
1988-10-18,12.9000
1988-10-19,13.3500
1988-10-20,13.5000
1988-10-21,13.4800
1988-10-24,12.2000
1988-10-25,12.0800
1988-10-26,12.0800
1988-10-27,12.3300
1988-10-28,12.6000
1988-10-31,12.6000
1988-11-01,12.1800
1988-11-02,12.3500
1988-11-03,12.5000
1988-11-04,12.7500
1988-11-07,12.7500
1988-11-08,12.6000
1988-11-09,12.7000
1988-11-10,13.0300
1988-11-11,13.0300
1988-11-14,13.0000
1988-11-15,13.0000
1988-11-16,12.7000
1988-11-17,12.0500
1988-11-18,12.0800
1988-11-21,12.1300
1988-11-22,13.3500
1988-11-23,13.3300
1988-11-24,12.9800
1988-11-25,14.7000
1988-11-28,14.7300
1988-11-29,14.2500
1988-11-30,14.3500
1988-12-01,14.9300
1988-12-02,14.8000
1988-12-05,14.7300
1988-12-06,14.4000
1988-12-07,14.7000
1988-12-08,15.0500
1988-12-09,14.9000
1988-12-12,15.2000
1988-12-13,15.1800
1988-12-14,15.3500
1988-12-15,15.5800
1988-12-16,15.6000
1988-12-19,15.3000
1988-12-20,15.2800
1988-12-21,15.3300
1988-12-22,15.2500
1988-12-23,15.3800
1988-12-27,16.2500
1988-12-28,16.1000
1988-12-29,15.9000
1988-12-30,16.2300
1989-01-03,16.4000
1989-01-04,16.5300
1989-01-05,16.5800
1989-01-06,16.8500
1989-01-09,17.0000
1989-01-10,16.7500
1989-01-11,16.9000
1989-01-12,16.8500
1989-01-13,17.4000
1989-01-16,17.5000
1989-01-17,17.7800
1989-01-18,17.9500
1989-01-19,18.1000
1989-01-20,18.1500
1989-01-23,16.9800
1989-01-24,17.0500
1989-01-25,17.7000
1989-01-26,17.7300
1989-01-27,17.1800
1989-01-30,16.8500
1989-01-31,16.3800
1989-02-01,16.4000
1989-02-02,16.9500
1989-02-03,16.7500
1989-02-06,16.5000
1989-02-07,16.6000
1989-02-08,16.7500
1989-02-09,16.5800
1989-02-10,16.4000
1989-02-13,16.5000
1989-02-14,16.8300
1989-02-15,16.7500
1989-02-16,17.1500
1989-02-17,17.1500
1989-02-20,17.3800
1989-02-21,17.2000
1989-02-22,16.9500
1989-02-23,17.1000
1989-02-24,17.0500
1989-02-27,17.5500
1989-02-28,17.2300
1989-03-01,17.2500
1989-03-02,17.4500
1989-03-03,17.7300
1989-03-06,17.7300
1989-03-07,17.5500
1989-03-08,17.5500
1989-03-09,17.8000
1989-03-10,17.6300
1989-03-13,18.1000
1989-03-14,18.6300
1989-03-15,19.0800
1989-03-16,18.9500
1989-03-17,19.3000
1989-03-20,19.1800
1989-03-21,19.6300
1989-03-22,19.6000
1989-03-23,19.9300
1989-03-28,19.7300
1989-03-29,19.4500
1989-03-30,20.0000
1989-03-31,20.4500
1989-04-03,19.6500
1989-04-04,19.9000
1989-04-05,19.7500
1989-04-06,19.0800
1989-04-07,19.4000
1989-04-10,19.6000
1989-04-11,19.9500
1989-04-12,19.8500
1989-04-13,19.9500
1989-04-14,19.6300
1989-04-17,19.8800
1989-04-18,20.2000
1989-04-19,21.5000
1989-04-20,22.2500
1989-04-21,21.6000
1989-04-24,21.2000
1989-04-25,21.1500
1989-04-26,21.0500
1989-04-27,20.6500
1989-04-28,20.1500
1989-05-02,19.1500
1989-05-03,18.8800
1989-05-04,19.7000
1989-05-05,19.4000
1989-05-08,18.8000
1989-05-09,19.0300
1989-05-10,18.8800
1989-05-11,19.3000
1989-05-12,19.2000
1989-05-15,19.2000
1989-05-16,19.8000
1989-05-17,18.5800
1989-05-18,18.6000
1989-05-19,18.3000
1989-05-22,17.4000
1989-05-23,17.7000
1989-05-24,18.1500
1989-05-25,18.2000
1989-05-26,17.6500
1989-05-29,17.7300
1989-05-30,18.0300
1989-05-31,18.2500
1989-06-01,18.0800
1989-06-02,18.1500
1989-06-05,18.5500
1989-06-06,18.5000
1989-06-07,18.1500
1989-06-08,17.8000
1989-06-09,17.9500
1989-06-12,17.1800
1989-06-13,16.8000
1989-06-14,16.9000
1989-06-15,16.9500
1989-06-16,16.6500
1989-06-19,16.8500
1989-06-20,16.8800
1989-06-21,17.1300
1989-06-22,17.3000
1989-06-23,18.0300
1989-06-26,18.2300
1989-06-27,18.2000
1989-06-28,18.0000
1989-06-29,18.2000
1989-06-30,18.2800
1989-07-03,18.4000
1989-07-04,18.6000
1989-07-05,18.7500
1989-07-06,18.3000
1989-07-07,17.8500
1989-07-10,17.8300
1989-07-11,17.6300
1989-07-12,17.6500
1989-07-13,17.6000
1989-07-14,17.9000
1989-07-17,18.0500
1989-07-18,18.0500
1989-07-19,17.8500
1989-07-20,17.9800
1989-07-21,17.8300
1989-07-24,17.3000
1989-07-25,17.0500
1989-07-26,16.5000
1989-07-27,16.2800
1989-07-28,16.3800
1989-07-31,16.3000
1989-08-01,16.2300
1989-08-02,16.1000
1989-08-03,16.4000
1989-08-04,16.1500
1989-08-07,16.0500
1989-08-08,16.2800
1989-08-09,16.4500
1989-08-10,16.9300
1989-08-11,17.0000
1989-08-14,16.8500
1989-08-15,17.0000
1989-08-16,17.0000
1989-08-17,16.9500
1989-08-18,16.8300
1989-08-21,16.9000
1989-08-22,17.1000
1989-08-23,17.0800
1989-08-24,17.0500
1989-08-25,16.9500
1989-08-28,16.9800
1989-08-29,17.1000
1989-08-30,17.1300
1989-08-31,17.2000
1989-09-01,17.3300
1989-09-04,17.4300
1989-09-05,17.4500
1989-09-06,17.8000
1989-09-07,17.8000
1989-09-08,17.8300
1989-09-11,17.9800
1989-09-12,17.9000
1989-09-13,18.0500
1989-09-14,17.9000
1989-09-15,17.8800
1989-09-18,18.0500
1989-09-19,17.9000
1989-09-20,17.8000
1989-09-21,17.8500
1989-09-22,17.5300
1989-09-25,17.4500
1989-09-26,17.4500
1989-09-27,17.5500
1989-09-28,17.9300
1989-09-29,18.2300
1989-10-02,18.5800
1989-10-03,18.7300
1989-10-04,18.7800
1989-10-05,18.4300
1989-10-06,18.4500
1989-10-09,18.2500
1989-10-10,18.5500
1989-10-11,18.8500
1989-10-12,19.2300
1989-10-13,19.6000
1989-10-16,19.3800
1989-10-17,19.5300
1989-10-18,19.4300
1989-10-19,19.3300
1989-10-20,19.2000
1989-10-23,18.8800
1989-10-24,18.8000
1989-10-25,18.8800
1989-10-26,18.4800
1989-10-27,18.7000
1989-10-30,18.9800
1989-10-31,18.9300
1989-11-01,19.2300
1989-11-02,19.2000
1989-11-03,19.0000
1989-11-06,18.9500
1989-11-07,18.9000
1989-11-08,18.9000
1989-11-09,18.8500
1989-11-10,19.0500
1989-11-13,18.8500
1989-11-14,18.7000
1989-11-15,18.6500
1989-11-16,18.6500
1989-11-17,18.7500
1989-11-20,18.8000
1989-11-21,18.6800
1989-11-22,18.6000
1989-11-23,18.4000
1989-11-24,18.4800
1989-11-27,18.5000
1989-11-28,18.2300
1989-11-29,18.1500
1989-11-30,18.4800
1989-12-01,18.6800
1989-12-04,19.2800
1989-12-05,19.1800
1989-12-06,19.2800
1989-12-07,19.3300
1989-12-08,19.1500
1989-12-11,19.4500
1989-12-12,19.5300
1989-12-13,19.7800
1989-12-14,19.6800
1989-12-15,19.6800
1989-12-18,19.9800
1989-12-19,20.2800
1989-12-20,20.2300
1989-12-21,20.1300
1989-12-22,20.5000
1989-12-27,20.9000
1989-12-28,20.8500
1989-12-29,21.0500
1990-01-02,21.2000
1990-01-03,22.6500
1990-01-04,22.5000
1990-01-05,23.1300
1990-01-08,21.3800
1990-01-09,21.0300
1990-01-10,21.9500
1990-01-11,21.8800
1990-01-12,22.1300
1990-01-15,21.6000
1990-01-16,21.1500
1990-01-17,20.4500
1990-01-18,20.7800
1990-01-19,21.2800
1990-01-22,20.8800
1990-01-23,20.2300
1990-01-24,20.1800
1990-01-25,20.5500
1990-01-26,20.6300
1990-01-29,20.7300
1990-01-30,20.7300
1990-01-31,20.5000
1990-02-01,20.5800
1990-02-02,20.7300
1990-02-05,20.7300
1990-02-06,20.6000
1990-02-07,20.1500
1990-02-08,20.0500
1990-02-09,19.7500
1990-02-12,19.6800
1990-02-13,20.0300
1990-02-14,19.6000
1990-02-15,19.9000
1990-02-16,19.8800
1990-02-19,19.9500
1990-02-20,19.6800
1990-02-21,19.5000
1990-02-22,19.3500
1990-02-23,18.7800
1990-02-26,18.9000
1990-02-27,19.2300
1990-02-28,19.2000
1990-03-01,19.3300
1990-03-02,19.1800
1990-03-05,19.1500
1990-03-06,19.1800
1990-03-07,18.9500
1990-03-08,18.7300
1990-03-09,18.6800
1990-03-12,18.3000
1990-03-13,18.5300
1990-03-14,18.3300
1990-03-15,18.4800
1990-03-16,18.4000
1990-03-19,17.8300
1990-03-20,17.7500
1990-03-21,17.7800
1990-03-22,17.8300
1990-03-23,17.8800
1990-03-26,18.2300
1990-03-27,18.1000
1990-03-28,18.0300
1990-03-29,17.9000
1990-03-30,17.9500
1990-04-02,18.1800
1990-04-03,18.2000
1990-04-04,17.9500
1990-04-05,17.5500
1990-04-06,17.1000
1990-04-09,16.5300
1990-04-10,15.9300
1990-04-11,15.3000
1990-04-12,15.8000
1990-04-17,15.7000
1990-04-18,15.3300
1990-04-19,16.1300
1990-04-20,16.3500
1990-04-23,16.9500
1990-04-24,16.7500
1990-04-25,16.5000
1990-04-26,16.6000
1990-04-27,16.4300
1990-04-30,16.3500
1990-05-01,16.4300
1990-05-02,16.5800
1990-05-03,15.9300
1990-05-04,15.5800
1990-05-07,15.6500
1990-05-08,16.1800
1990-05-09,16.4500
1990-05-10,16.7000
1990-05-11,16.7300
1990-05-14,17.4000
1990-05-15,17.4000
1990-05-16,17.2500
1990-05-17,17.0500
1990-05-18,17.0800
1990-05-21,16.6500
1990-05-22,16.4800
1990-05-23,15.7000
1990-05-24,15.8000
1990-05-25,15.9500
1990-05-29,15.4800
1990-05-30,15.9800
1990-05-31,15.3000
1990-06-01,15.4300
1990-06-04,15.3500
1990-06-05,14.7800
1990-06-06,14.8000
1990-06-07,15.0300
1990-06-08,14.6800
1990-06-11,14.7300
1990-06-12,14.9500
1990-06-13,14.9000
1990-06-14,15.3000
1990-06-15,15.1500
1990-06-18,14.8300
1990-06-19,14.7500
1990-06-20,14.7500
1990-06-21,14.7500
1990-06-22,15.4000
1990-06-25,15.5800
1990-06-26,15.5800
1990-06-27,15.3300
1990-06-28,15.4000
1990-06-29,15.7300
1990-07-02,15.4000
1990-07-03,15.4800
1990-07-04,15.4800
1990-07-05,15.2300
1990-07-06,15.3500
1990-07-09,14.9800
1990-07-10,15.5800
1990-07-11,15.7000
1990-07-12,15.8800
1990-07-13,17.0300
1990-07-16,17.7000
1990-07-17,17.5800
1990-07-18,17.7000
1990-07-19,17.8500
1990-07-20,18.0000
1990-07-23,18.7300
1990-07-24,19.0800
1990-07-25,19.0000
1990-07-26,18.7300
1990-07-27,19.0300
1990-07-30,18.9800
1990-07-31,19.2300
1990-08-01,19.9300
1990-08-02,22.2500
1990-08-03,24.1300
1990-08-06,27.2800
1990-08-07,27.3500
1990-08-08,25.1500
1990-08-09,25.9000
1990-08-10,26.3000
1990-08-13,26.6300
1990-08-14,27.1000
1990-08-15,26.5300
1990-08-16,27.2000
1990-08-17,28.4500
1990-08-20,28.9000
1990-08-21,29.0500
1990-08-22,30.4500
1990-08-23,32.3500
1990-08-24,31.6500
1990-08-27,27.6500
1990-08-28,27.6500
1990-08-29,27.6500
1990-08-30,27.5000
1990-08-31,27.8000
1990-09-03,30.5300
1990-09-04,30.0800
1990-09-05,31.2300
1990-09-06,32.1500
1990-09-07,31.4500
1990-09-10,31.4500
1990-09-11,32.1000
1990-09-12,31.2800
1990-09-13,31.8800
1990-09-14,33.3500
1990-09-17,34.9000
1990-09-18,35.9500
1990-09-19,35.0800
1990-09-20,35.6500
1990-09-21,36.9500
1990-09-24,40.7500
1990-09-25,39.9000
1990-09-26,40.8500
1990-09-27,41.4500
1990-09-28,41.0000
1990-10-01,38.9500
1990-10-02,35.4500
1990-10-03,37.5500
1990-10-04,37.2000
1990-10-05,39.0500
1990-10-08,39.2000
1990-10-09,40.9000
1990-10-10,40.2000
1990-10-11,41.1500
1990-10-12,39.9000
1990-10-15,38.2800
1990-10-16,38.9300
1990-10-17,35.3300
1990-10-18,35.6500
1990-10-19,33.2000
1990-10-22,27.4500
1990-10-23,28.9500
1990-10-24,30.1000
1990-10-25,32.9000
1990-10-26,33.7300
1990-10-29,34.6500
1990-10-30,35.5000
1990-10-31,34.3000
1990-11-01,35.6500
1990-11-02,35.0500
1990-11-05,33.8000
1990-11-06,33.2000
1990-11-07,34.5500
1990-11-08,34.8500
1990-11-09,34.2500
1990-11-12,32.8500
1990-11-13,33.6500
1990-11-14,31.9500
1990-11-15,32.2000
1990-11-16,30.5500
1990-11-19,30.8500
1990-11-20,30.1000
1990-11-21,30.6500
1990-11-22,31.4000
1990-11-23,32.0500
1990-11-26,35.1000
1990-11-27,34.8300
1990-11-28,34.1000
1990-11-29,34.6500
1990-11-30,31.2000
1990-12-03,31.2500
1990-12-04,31.5000
1990-12-05,30.2000
1990-12-06,27.3500
1990-12-07,28.3000
1990-12-10,28.7500
1990-12-11,28.0300
1990-12-12,27.2800
1990-12-13,27.8000
1990-12-14,28.4500
1990-12-17,28.2000
1990-12-18,27.5500
1990-12-19,28.1300
1990-12-20,27.5500
1990-12-21,26.9000
1990-12-24,27.7000
1990-12-26,27.7000
1990-12-27,27.0500
1990-12-28,27.4300
1990-12-31,28.3500
1991-01-02,26.7800
1991-01-03,25.0500
1991-01-04,24.0800
1991-01-07,25.9300
1991-01-08,25.7300
1991-01-09,22.3500
1991-01-10,26.5800
1991-01-11,26.0500
1991-01-14,29.5500
1991-01-15,29.2500
1991-01-16,30.2800
1991-01-17,21.1000
1991-01-18,19.1000
1991-01-21,19.2500
1991-01-22,20.7300
1991-01-23,22.1500
1991-01-24,20.9000
1991-01-25,20.8000
1991-01-28,20.4000
1991-01-29,20.7500
1991-01-30,20.9500
1991-01-31,20.7000
1991-02-01,20.8000
1991-02-04,20.4500
1991-02-05,20.2000
1991-02-06,20.9300
1991-02-07,20.9000
1991-02-08,20.6500
1991-02-11,21.2300
1991-02-12,21.1000
1991-02-13,21.0000
1991-02-14,20.5000
1991-02-15,18.3500
1991-02-18,17.6800
1991-02-19,17.8500
1991-02-20,18.7500
1991-02-21,18.5500
1991-02-22,17.8000
1991-02-25,17.8300
1991-02-26,18.0000
1991-02-27,18.6500
1991-02-28,19.5000
1991-03-01,19.3300
1991-03-04,20.2000
1991-03-05,20.0500
1991-03-06,19.8500
1991-03-07,19.6500
1991-03-08,19.1000
1991-03-11,18.6000
1991-03-12,18.4300
1991-03-13,20.3300
1991-03-14,19.9800
1991-03-15,19.0500
1991-03-18,18.3000
1991-03-19,18.9500
1991-03-20,18.9800
1991-03-21,18.8000
1991-03-22,18.9500
1991-03-25,18.6000
1991-03-26,18.3500
1991-03-27,18.1500
1991-03-28,18.0000
1991-04-01,18.0000
1991-04-02,17.6300
1991-04-03,17.7500
1991-04-04,18.0000
1991-04-05,18.3500
1991-04-08,18.5800
1991-04-09,18.6000
1991-04-10,19.2500
1991-04-11,19.5000
1991-04-12,19.9300
1991-04-15,20.2300
1991-04-16,19.9000
1991-04-17,19.8500
1991-04-18,19.4000
1991-04-19,19.1800
1991-04-22,19.7800
1991-04-23,19.6000
1991-04-24,19.5500
1991-04-25,19.6000
1991-04-26,19.6300
1991-04-29,19.9500
1991-04-30,19.7000
1991-05-01,19.7000
1991-05-02,19.7000
1991-05-03,19.5500
1991-05-06,19.8000
1991-05-07,19.8500
1991-05-08,19.8000
1991-05-09,20.0800
1991-05-10,19.5300
1991-05-13,19.2500
1991-05-14,18.9500
1991-05-15,18.8000
1991-05-16,18.7500
1991-05-17,18.7500
1991-05-20,18.9000
1991-05-21,19.0300
1991-05-22,18.5800
1991-05-23,18.7800
1991-05-24,18.8300
1991-05-28,19.0000
1991-05-29,18.7500
1991-05-30,18.7300
1991-05-31,19.0000
1991-06-03,19.0000
1991-06-04,18.8300
1991-06-05,18.6300
1991-06-06,18.0300
1991-06-07,18.2800
1991-06-10,18.0000
1991-06-11,17.8500
1991-06-12,17.7300
1991-06-13,18.0000
1991-06-14,17.7000
1991-06-17,17.8500
1991-06-18,18.0000
1991-06-19,17.8800
1991-06-20,18.1500
1991-06-21,18.4300
1991-06-24,18.1800
1991-06-25,18.1500
1991-06-26,18.1000
1991-06-27,18.0800
1991-06-28,18.4800
1991-07-01,18.5300
1991-07-02,18.5500
1991-07-03,18.5000
1991-07-04,18.4800
1991-07-05,18.7000
1991-07-08,18.9800
1991-07-09,19.0300
1991-07-10,19.2300
1991-07-11,19.2000
1991-07-12,19.7800
1991-07-15,19.6000
1991-07-16,19.8300
1991-07-17,20.1300
1991-07-18,20.2800
1991-07-19,20.2800
1991-07-22,20.0800
1991-07-23,19.5800
1991-07-24,19.3300
1991-07-25,19.6000
1991-07-26,19.7300
1991-07-29,19.5800
1991-07-30,19.4800
1991-07-31,19.6500
1991-08-01,19.7300
1991-08-02,19.4000
1991-08-05,19.5000
1991-08-06,19.4500
1991-08-07,19.3500
1991-08-08,19.7000
1991-08-09,19.5800
1991-08-12,19.6300
1991-08-13,19.5000
1991-08-14,19.2300
1991-08-15,19.2500
1991-08-16,19.3500
1991-08-19,20.5500
1991-08-20,20.9800
1991-08-21,19.5500
1991-08-22,19.5300
1991-08-23,19.8500
1991-08-26,20.0300
1991-08-27,20.0300
1991-08-28,19.9800
1991-08-29,20.3000
1991-08-30,20.5300
1991-09-02,20.6500
1991-09-03,20.5500
1991-09-04,20.2500
1991-09-05,20.1000
1991-09-06,20.1300
1991-09-09,19.8500
1991-09-10,19.9300
1991-09-11,20.0000
1991-09-12,20.2500
1991-09-13,20.3500
1991-09-16,20.5300
1991-09-17,20.3000
1991-09-18,20.5300
1991-09-19,20.4300
1991-09-20,20.5500
1991-09-23,20.8300
1991-09-24,20.7500
1991-09-25,20.6500
1991-09-26,21.0000
1991-09-27,21.4800
1991-09-30,21.4300
1991-10-01,21.1500
1991-10-02,21.3000
1991-10-03,21.7500
1991-10-04,21.8300
1991-10-07,21.9800
1991-10-08,21.9500
1991-10-09,22.4300
1991-10-10,22.1300
1991-10-11,22.0800
1991-10-14,22.6000
1991-10-15,22.8300
1991-10-16,22.6000
1991-10-17,22.7300
1991-10-18,23.0000
1991-10-21,22.9500
1991-10-22,22.6500
1991-10-23,22.4800
1991-10-24,22.2500
1991-10-25,22.3500
1991-10-28,21.9000
1991-10-29,21.8500
1991-10-30,21.9500
1991-10-31,22.0000
1991-11-01,22.5300
1991-11-04,22.7300
1991-11-05,22.5300
1991-11-06,22.0000
1991-11-07,21.8500
1991-11-08,21.8000
1991-11-11,21.4500
1991-11-12,21.2000
1991-11-13,21.5000
1991-11-14,21.0000
1991-11-15,21.6300
1991-11-18,21.3500
1991-11-19,21.0800
1991-11-20,20.4800
1991-11-21,20.7300
1991-11-22,20.1500
1991-11-25,19.7800
1991-11-26,19.7800
1991-11-27,19.6500
1991-11-28,19.9800
1991-11-29,20.0800
1991-12-02,19.6000
1991-12-03,19.2000
1991-12-04,19.1800
1991-12-05,19.1500
1991-12-06,19.0500
1991-12-09,18.2500
1991-12-10,18.1000
1991-12-11,18.2800
1991-12-12,18.5800
1991-12-13,19.0500
1991-12-16,18.5500
1991-12-17,18.1300
1991-12-18,18.1500
1991-12-19,18.1500
1991-12-20,18.5500
1991-12-23,17.6000
1991-12-24,17.7800
1991-12-26,17.7800
1991-12-27,17.7500
1991-12-30,18.0000
1991-12-31,17.7500
1992-01-02,18.4500
1992-01-03,18.5000
1992-01-06,18.7500
1992-01-07,18.4000
1992-01-08,17.3000
1992-01-09,17.1800
1992-01-10,17.2300
1992-01-13,18.0800
1992-01-14,18.2300
1992-01-15,18.3800
1992-01-16,18.6800
1992-01-17,18.4800
1992-01-20,18.4500
1992-01-21,17.8500
1992-01-22,17.8300
1992-01-23,18.1000
1992-01-24,18.3300
1992-01-27,18.5500
1992-01-28,18.4300
1992-01-29,18.1500
1992-01-30,18.1000
1992-01-31,18.1500
1992-02-03,18.3500
1992-02-04,18.4000
1992-02-05,18.4800
1992-02-06,18.5300
1992-02-07,18.5800
1992-02-10,18.9500
1992-02-11,18.4800
1992-02-12,18.3300
1992-02-13,18.5300
1992-02-14,18.6300
1992-02-17,17.6500
1992-02-18,17.7000
1992-02-19,17.5000
1992-02-20,17.8500
1992-02-21,18.0000
1992-02-24,17.4000
1992-02-25,17.4300
1992-02-26,17.2800
1992-02-27,17.5500
1992-02-28,17.4500
1992-03-02,17.3500
1992-03-03,17.0500
1992-03-04,17.2800
1992-03-05,17.4300
1992-03-06,17.3000
1992-03-09,17.3500
1992-03-10,17.3500
1992-03-11,17.2000
1992-03-12,17.3500
1992-03-13,17.7300
1992-03-16,17.7300
1992-03-17,17.8800
1992-03-18,17.6500
1992-03-19,17.6500
1992-03-20,17.7500
1992-03-23,17.5800
1992-03-24,17.6500
1992-03-25,17.7000
1992-03-26,17.9800
1992-03-27,17.8500
1992-03-30,17.9800
1992-03-31,19.0900
1992-04-01,18.3800
1992-04-02,18.5300
1992-04-03,18.6300
1992-04-06,18.9300
1992-04-07,18.9300
1992-04-08,19.1800
1992-04-09,18.9500
1992-04-10,19.0500
1992-04-13,19.0300
1992-04-14,18.8500
1992-04-15,18.6000
1992-04-16,18.9500
1992-04-20,18.9500
1992-04-21,19.0000
1992-04-22,18.7300
1992-04-23,18.7000
1992-04-24,18.9000
1992-04-27,18.9000
1992-04-28,19.1800
1992-04-29,19.2800
1992-04-30,19.6500
1992-05-01,19.8300
1992-05-04,19.8800
1992-05-05,19.9800
1992-05-06,19.6800
1992-05-07,19.6500
1992-05-08,19.6300
1992-05-11,19.7300
1992-05-12,19.8000
1992-05-13,19.9500
1992-05-14,19.7500
1992-05-15,19.7000
1992-05-18,19.7000
1992-05-19,19.3000
1992-05-20,19.2800
1992-05-21,19.6000
1992-05-22,19.5800
1992-05-26,20.5000
1992-05-27,20.8000
1992-05-28,20.7300
1992-05-29,20.7000
1992-06-01,20.9000
1992-06-02,20.8500
1992-06-03,21.2300
1992-06-04,21.0800
1992-06-05,21.3500
1992-06-08,21.2500
1992-06-09,21.1300
1992-06-10,21.0500
1992-06-11,21.3300
1992-06-12,21.2800
1992-06-15,21.3000
1992-06-16,21.1300
1992-06-17,21.0300
1992-06-18,21.2300
1992-06-19,21.1300
1992-06-22,20.8300
1992-06-23,21.3500
1992-06-24,21.5500
1992-06-25,21.5000
1992-06-26,21.3000
1992-06-29,21.0800
1992-06-30,20.6000
1992-07-01,20.2500
1992-07-02,20.5300
1992-07-03,20.6500
1992-07-06,20.4500
1992-07-07,19.8000
1992-07-08,19.7000
1992-07-09,19.7800
1992-07-10,20.0000
1992-07-13,19.8300
1992-07-14,19.9800
1992-07-15,19.8500
1992-07-16,20.2300
1992-07-17,20.2000
1992-07-20,19.9500
1992-07-21,20.0300
1992-07-22,20.2300
1992-07-23,20.4800
1992-07-24,20.6000
1992-07-27,20.5800
1992-07-28,20.7800
1992-07-29,20.6800
1992-07-30,20.4800
1992-07-31,20.3800
1992-08-03,20.3300
1992-08-04,19.8500
1992-08-05,19.6800
1992-08-06,19.7800
1992-08-07,19.7500
1992-08-10,19.5500
1992-08-11,19.4800
1992-08-12,19.6500
1992-08-13,19.8300
1992-08-14,19.8800
1992-08-17,19.9500
1992-08-18,19.9000
1992-08-19,19.8000
1992-08-20,19.6300
1992-08-21,19.6800
1992-08-24,19.6500
1992-08-25,19.6800
1992-08-26,19.6300
1992-08-27,19.5000
1992-08-28,19.6500
1992-08-31,19.6500
1992-09-01,19.8800
1992-09-02,20.0000
1992-09-03,19.9500
1992-09-04,20.0300
1992-09-07,20.1300
1992-09-08,20.3000
1992-09-09,20.3300
1992-09-10,20.3000
1992-09-11,20.3500
1992-09-14,20.6800
1992-09-15,20.5000
1992-09-16,20.4300
1992-09-17,20.3500
1992-09-18,20.3000
1992-09-21,20.1500
1992-09-22,20.3300
1992-09-23,20.5300
1992-09-24,20.4300
1992-09-25,20.3300
1992-09-28,20.2800
1992-09-29,20.1800
1992-09-30,20.1800
1992-10-01,20.2800
1992-10-02,20.4000
1992-10-05,20.2000
1992-10-06,20.2300
1992-10-07,20.2800
1992-10-08,20.4800
1992-10-09,20.4800
1992-10-12,20.8000
1992-10-13,20.8300
1992-10-14,20.6800
1992-10-15,20.7300
1992-10-16,20.7800
1992-10-19,20.7300
1992-10-20,20.6800
1992-10-21,20.2800
1992-10-22,20.1300
1992-10-23,20.0300
1992-10-26,19.7800
1992-10-27,19.7800
1992-10-28,19.6500
1992-10-29,19.4000
1992-10-30,19.1300
1992-11-02,19.2500
1992-11-03,19.3500
1992-11-04,19.0300
1992-11-05,19.2000
1992-11-06,19.1300
1992-11-09,19.1000
1992-11-10,19.5300
1992-11-11,19.4000
1992-11-12,19.1800
1992-11-13,19.0500
1992-11-16,19.2000
1992-11-17,19.1500
1992-11-18,19.1000
1992-11-19,19.4800
1992-11-20,19.4800
1992-11-23,19.1500
1992-11-24,19.1800
1992-11-25,19.2800
1992-11-26,18.9300
1992-11-27,19.0800
1992-11-30,19.2500
1992-12-01,18.6500
1992-12-02,18.3800
1992-12-03,18.2000
1992-12-04,18.3500
1992-12-07,18.2500
1992-12-08,18.0800
1992-12-09,17.8000
1992-12-10,18.2800
1992-12-11,18.2000
1992-12-14,18.0300
1992-12-15,17.8000
1992-12-16,17.9000
1992-12-17,18.1800
1992-12-18,18.3000
1992-12-21,18.3300
1992-12-22,18.0800
1992-12-23,18.2300
1992-12-24,18.2800
1992-12-29,17.9300
1992-12-30,17.8300
1992-12-31,17.8500
1993-01-04,17.7300
1993-01-05,17.4800
1993-01-06,17.5300
1993-01-07,17.5800
1993-01-08,17.2300
1993-01-11,17.2800
1993-01-12,16.8500
1993-01-13,16.8500
1993-01-14,17.0000
1993-01-15,17.2800
1993-01-18,17.2500
1993-01-19,16.9800
1993-01-20,16.7000
1993-01-21,16.8800
1993-01-22,17.0800
1993-01-25,17.5800
1993-01-26,17.9300
1993-01-27,17.8800
1993-01-28,18.1500
1993-01-29,18.4800
1993-02-01,18.5500
1993-02-02,18.4000
1993-02-04,18.6500
1993-02-05,18.7000
1993-02-08,18.5500
1993-02-09,18.3300
1993-02-10,18.4800
1993-02-11,18.4300
1993-02-12,18.4800
1993-02-15,17.9800
1993-02-16,18.2000
1993-02-17,17.9300
1993-02-18,17.8300
1993-02-19,18.3000
1993-02-22,18.6300
1993-02-23,18.8800
1993-02-24,18.8800
1993-02-25,18.8300
1993-02-26,18.8300
1993-03-01,19.0300
1993-03-02,18.8300
1993-03-03,18.9300
1993-03-04,19.3500
1993-03-05,19.6000
1993-03-08,19.2800
1993-03-09,19.2300
1993-03-10,19.0800
1993-03-11,18.7000
1993-03-12,18.8300
1993-03-15,18.8800
1993-03-16,18.5500
1993-03-17,18.6000
1993-03-18,18.7000
1993-03-19,18.5800
1993-03-22,18.1800
1993-03-23,18.2300
1993-03-24,18.5300
1993-03-25,18.6000
1993-03-26,18.5500
1993-03-29,18.6500
1993-03-30,18.4500
1993-03-31,18.7000
1993-04-01,18.9800
1993-04-02,18.8800
1993-04-05,18.9500
1993-04-06,18.6500
1993-04-07,18.7000
1993-04-08,18.5300
1993-04-13,18.8000
1993-04-14,18.7300
1993-04-15,18.6300
1993-04-16,18.5000
1993-04-19,18.4800
1993-04-20,18.5300
1993-04-21,18.6800
1993-04-22,18.4800
1993-04-23,18.6300
1993-04-26,18.6300
1993-04-27,18.5800
1993-04-28,18.4800
1993-04-29,18.8000
1993-04-30,18.8500
1993-05-04,18.9000
1993-05-05,18.8500
1993-05-06,19.1300
1993-05-07,18.9800
1993-05-10,18.9800
1993-05-11,18.8300
1993-05-12,18.9000
1993-05-13,18.7000
1993-05-14,18.4000
1993-05-17,18.2800
1993-05-18,18.1800
1993-05-19,18.1300
1993-05-20,18.1000
1993-05-21,18.0500
1993-05-24,18.1500
1993-05-25,18.1500
1993-05-26,18.0800
1993-05-27,18.4300
1993-05-28,18.4300
1993-06-01,18.4800
1993-06-02,18.4800
1993-06-03,18.1500
1993-06-04,18.2500
1993-06-07,18.0000
1993-06-08,18.2300
1993-06-09,18.2300
1993-06-10,18.2000
1993-06-11,17.6300
1993-06-14,17.5800
1993-06-15,17.3000
1993-06-16,17.3300
1993-06-17,17.2300
1993-06-18,17.1300
1993-06-21,17.1800
1993-06-22,17.1800
1993-06-23,17.1800
1993-06-24,17.2300
1993-06-25,17.2300
1993-06-28,17.2300
1993-06-29,17.4800
1993-06-30,17.4300
1993-07-01,16.9800
1993-07-02,16.6300
1993-07-05,16.8800
1993-07-06,17.1300
1993-07-07,16.9000
1993-07-08,16.5500
1993-07-09,16.5300
1993-07-12,16.7800
1993-07-13,16.9500
1993-07-14,16.5000
1993-07-15,16.4800
1993-07-16,16.6000
1993-07-19,16.5800
1993-07-20,16.5800
1993-07-21,16.7300
1993-07-22,16.6500
1993-07-23,16.8500
1993-07-26,16.8500
1993-07-27,16.8500
1993-07-28,17.1300
1993-07-29,17.0800
1993-07-30,16.8500
1993-08-02,16.8500
1993-08-03,16.5300
1993-08-04,16.6300
1993-08-05,16.6000
1993-08-06,16.3800
1993-08-09,16.4500
1993-08-10,16.3000
1993-08-11,16.5800
1993-08-12,16.7800
1993-08-13,16.9300
1993-08-16,16.8000
1993-08-17,16.8800
1993-08-18,16.6300
1993-08-19,16.6300
1993-08-20,16.6800
1993-08-23,16.8300
1993-08-24,16.9300
1993-08-25,16.6800
1993-08-26,16.7500
1993-08-27,17.0500
1993-08-31,16.7300
1993-09-01,16.5500
1993-09-02,16.5000
1993-09-03,16.3300
1993-09-06,16.2300
1993-09-07,15.8500
1993-09-08,15.6500
1993-09-09,15.7300
1993-09-10,15.4300
1993-09-13,15.4300
1993-09-14,15.5800
1993-09-15,15.3500
1993-09-16,15.4300
1993-09-17,15.5500
1993-09-20,16.0300
1993-09-21,16.2500
1993-09-22,15.8800
1993-09-23,15.8800
1993-09-24,16.1000
1993-09-27,16.1000
1993-09-28,16.4000
1993-09-29,16.7800
1993-09-30,17.2300
1993-10-01,17.0800
1993-10-04,16.9000
1993-10-05,16.7800
1993-10-06,16.9800
1993-10-07,16.8800
1993-10-08,16.9800
1993-10-11,17.1300
1993-10-12,17.1500
1993-10-13,17.0000
1993-10-14,16.8000
1993-10-15,16.7000
1993-10-18,16.5000
1993-10-19,16.5300
1993-10-20,16.6800
1993-10-21,16.8800
1993-10-22,16.4800
1993-10-25,16.1300
1993-10-26,15.9500
1993-10-27,15.9500
1993-10-28,15.8300
1993-10-29,15.4300
1993-11-01,15.8300
1993-11-02,15.6300
1993-11-03,15.8300
1993-11-04,15.7800
1993-11-05,15.7300
1993-11-08,15.2800
1993-11-09,15.3300
1993-11-10,15.2300
1993-11-11,15.1800
1993-11-12,15.0800
1993-11-15,15.2500
1993-11-16,15.3300
1993-11-17,15.5500
1993-11-18,15.4000
1993-11-19,15.2500
1993-11-22,15.3500
1993-11-23,15.2500
1993-11-24,15.1300
1993-11-25,14.3500
1993-11-26,14.2800
1993-11-29,14.0500
1993-11-30,14.2300
1993-12-01,14.4300
1993-12-02,14.1500
1993-12-03,13.9500
1993-12-06,13.9000
1993-12-07,13.8800
1993-12-08,13.4500
1993-12-09,13.6000
1993-12-10,13.8000
1993-12-13,13.9000
1993-12-14,14.7800
1993-12-15,13.8000
1993-12-16,13.6300
1993-12-17,13.8500
1993-12-20,13.6300
1993-12-21,13.4500
1993-12-22,13.6000
1993-12-23,13.5500
1993-12-24,13.3800
1993-12-29,13.1300
1993-12-30,13.2000
1993-12-31,13.1800
1994-01-04,13.4300
1994-01-05,14.1000
1994-01-06,14.5500
1994-01-07,14.6300
1994-01-10,14.1500
1994-01-11,14.1000
1994-01-12,13.9000
1994-01-13,13.7500
1994-01-14,14.1000
1994-01-17,14.4000
1994-01-18,14.1000
1994-01-19,14.2500
1994-01-20,14.1000
1994-01-21,14.2300
1994-01-24,14.3500
1994-01-25,14.6300
1994-01-26,14.8000
1994-01-27,14.7800
1994-01-28,14.6500
1994-01-31,14.8300
1994-02-01,15.0300
1994-02-02,15.4000
1994-02-03,15.4800
1994-02-04,14.9300
1994-02-07,14.6000
1994-02-08,14.1300
1994-02-09,13.5300
1994-02-10,13.5800
1994-02-11,13.7000
1994-02-14,13.4000
1994-02-15,13.1300
1994-02-16,13.0800
1994-02-17,13.2800
1994-02-18,13.0000
1994-02-21,13.0500
1994-02-22,13.2000
1994-02-23,13.2000
1994-02-24,13.4000
1994-02-25,13.3300
1994-02-28,13.5900
1994-03-01,13.4500
1994-03-02,13.5000
1994-03-03,13.5500
1994-03-04,13.4300
1994-03-07,13.1300
1994-03-08,13.1500
1994-03-09,13.3000
1994-03-10,13.2300
1994-03-11,13.7000
1994-03-14,14.0300
1994-03-15,14.2800
1994-03-16,14.3000
1994-03-17,14.2500
1994-03-18,14.0500
1994-03-21,14.5500
1994-03-22,14.8000
1994-03-23,14.5000
1994-03-24,14.5300
1994-03-25,14.5800
1994-03-28,13.7500
1994-03-29,13.3800
1994-03-30,13.2300
1994-03-31,13.2500
1994-04-05,14.3300
1994-04-06,14.3300
1994-04-07,14.4000
1994-04-08,14.3000
1994-04-11,14.7300
1994-04-12,14.8000
1994-04-13,15.0000
1994-04-14,15.2800
1994-04-15,15.2300
1994-04-18,15.4800
1994-04-19,15.1300
1994-04-20,15.3000
1994-04-21,15.6300
1994-04-22,16.2800
1994-04-25,16.3800
1994-04-26,16.0500
1994-04-27,15.7500
1994-04-28,15.6500
1994-04-29,15.3500
1994-05-03,15.9300
1994-05-04,15.9500
1994-05-05,15.8500
1994-05-06,16.2500
1994-05-09,16.3300
1994-05-10,16.2500
1994-05-11,16.1000
1994-05-12,16.2500
1994-05-13,16.5000
1994-05-16,16.2300
1994-05-17,15.8300
1994-05-18,15.9800
1994-05-19,16.1500
1994-05-20,16.2300
1994-05-23,16.6300
1994-05-24,16.6300
1994-05-25,16.3300
1994-05-26,16.0800
1994-05-27,16.0800
1994-05-31,16.1800
1994-06-01,16.4000
1994-06-02,16.3500
1994-06-03,16.1300
1994-06-06,16.1800
1994-06-07,15.9500
1994-06-08,15.6500
1994-06-09,16.1300
1994-06-10,16.3800
1994-06-13,16.2300
1994-06-14,16.4000
1994-06-15,16.7300
1994-06-16,16.8800
1994-06-17,17.1300
1994-06-20,17.3800
1994-06-21,17.6300
1994-06-22,17.4800
1994-06-23,17.3000
1994-06-24,17.4000
1994-06-27,17.4000
1994-06-28,16.9800
1994-06-29,17.2300
1994-06-30,17.4500
1994-07-01,17.6500
1994-07-04,17.5000
1994-07-05,17.1300
1994-07-06,16.9000
1994-07-07,16.7800
1994-07-08,17.0000
1994-07-11,17.4800
1994-07-12,18.2500
1994-07-13,18.2500
1994-07-14,18.3300
1994-07-15,18.1500
1994-07-18,17.5000
1994-07-19,17.2000
1994-07-20,17.3500
1994-07-21,17.4500
1994-07-22,17.5800
1994-07-25,17.3500
1994-07-26,17.4300
1994-07-27,17.8300
1994-07-28,18.0000
1994-07-29,18.4800
1994-08-01,19.0300
1994-08-02,18.4800
1994-08-03,18.4800
1994-08-04,18.4300
1994-08-05,17.7800
1994-08-08,17.9300
1994-08-09,17.6800
1994-08-10,17.3300
1994-08-11,17.5000
1994-08-12,17.1000
1994-08-15,16.7500
1994-08-16,16.6800
1994-08-17,16.2800
1994-08-18,16.3000
1994-08-19,16.1300
1994-08-22,15.2500
1994-08-23,15.3000
1994-08-24,15.8000
1994-08-25,15.7500
1994-08-26,15.8500
1994-08-30,15.7800
1994-08-31,16.0300
1994-09-01,16.0300
1994-09-02,15.8800
1994-09-05,15.6000
1994-09-06,15.9500
1994-09-07,16.0300
1994-09-08,16.0500
1994-09-09,15.9300
1994-09-12,15.8300
1994-09-13,15.4800
1994-09-14,15.4000
1994-09-15,15.2500
1994-09-16,15.3000
1994-09-19,15.4500
1994-09-20,15.7800
1994-09-21,15.8000
1994-09-22,15.9000
1994-09-23,16.3000
1994-09-26,16.1000
1994-09-27,16.1000
1994-09-28,16.2000
1994-09-29,16.6000
1994-09-30,16.7300
1994-10-03,16.8500
1994-10-04,16.7000
1994-10-05,16.5000
1994-10-06,16.6300
1994-10-07,16.9300
1994-10-10,16.7000
1994-10-11,16.3800
1994-10-12,16.0800
1994-10-13,15.6300
1994-10-14,15.5800
1994-10-17,15.7500
1994-10-18,16.1300
1994-10-19,16.2800
1994-10-20,16.5300
1994-10-21,16.3500
1994-10-24,16.4800
1994-10-25,16.4800
1994-10-26,16.8800
1994-10-27,17.0800
1994-10-28,17.1800
1994-10-31,17.1800
1994-11-01,17.4000
1994-11-02,17.5800
1994-11-03,17.7500
1994-11-04,18.0000
1994-11-07,17.7800
1994-11-08,17.3800
1994-11-09,17.5500
1994-11-10,17.2000
1994-11-11,17.3800
1994-11-14,17.2500
1994-11-15,16.9800
1994-11-16,16.8000
1994-11-17,16.5300
1994-11-18,16.4500
1994-11-21,17.2500
1994-11-22,17.2000
1994-11-23,16.8800
1994-11-24,16.9500
1994-11-25,17.0000
1994-11-28,16.9500
1994-11-29,17.0000
1994-11-30,16.9500
1994-12-01,16.9800
1994-12-02,16.3500
1994-12-05,15.9300
1994-12-06,16.0500
1994-12-07,15.8300
1994-12-08,16.1300
1994-12-09,16.0800
1994-12-12,15.9800
1994-12-13,15.7300
1994-12-14,15.8300
1994-12-15,15.6000
1994-12-16,15.4800
1994-12-19,15.5800
1994-12-20,15.7300
1994-12-21,15.6500
1994-12-22,15.6000
1994-12-23,15.5500
1994-12-28,16.0800
1994-12-29,16.2500
1994-12-30,16.2300
1995-01-03,15.8800
1995-01-04,15.9300
1995-01-05,16.1300
1995-01-06,16.3500
1995-01-09,16.0800
1995-01-10,16.0000
1995-01-11,16.4000
1995-01-12,16.4800
1995-01-13,16.2000
1995-01-16,16.3800
1995-01-17,16.7800
1995-01-18,16.9500
1995-01-19,17.0800
1995-01-20,17.2300
1995-01-23,17.0000
1995-01-24,17.1500
1995-01-25,16.9800
1995-01-26,16.7300
1995-01-27,16.3800
1995-01-30,16.6800
1995-01-31,16.8000
1995-02-01,17.0500
1995-02-02,17.0000
1995-02-03,17.4000
1995-02-06,17.0800
1995-02-07,17.0500
1995-02-08,17.0300
1995-02-09,16.8500
1995-02-10,16.8500
1995-02-13,16.8800
1995-02-14,17.0000
1995-02-15,17.1000
1995-02-16,17.1300
1995-02-17,17.4000
1995-02-20,17.4300
1995-02-21,17.1800
1995-02-22,17.0800
1995-02-23,17.1000
1995-02-24,17.1000
1995-02-27,17.3500
1995-02-28,17.2300
1995-03-01,16.8500
1995-03-02,16.5500
1995-03-03,16.6800
1995-03-06,16.7500
1995-03-07,16.8500
1995-03-08,16.7300
1995-03-09,16.6500
1995-03-10,16.5000
1995-03-13,16.3000
1995-03-14,16.3300
1995-03-15,16.3800
1995-03-16,16.5000
1995-03-17,16.5500
1995-03-20,16.8300
1995-03-21,16.8000
1995-03-22,17.0800
1995-03-23,17.4800
1995-03-24,17.6500
1995-03-27,17.8300
1995-03-28,17.8500
1995-03-29,18.0500
1995-03-30,17.9800
1995-03-31,17.9800
1995-04-03,17.8800
1995-04-04,18.0300
1995-04-05,18.3500
1995-04-06,18.5000
1995-04-07,18.4500
1995-04-10,18.1500
1995-04-11,18.6300
1995-04-12,18.7300
1995-04-13,17.9800
1995-04-18,18.5500
1995-04-19,18.7300
1995-04-20,19.1500
1995-04-21,19.1800
1995-04-24,19.0500
1995-04-25,19.3500
1995-04-26,18.9000
1995-04-27,19.0800
1995-04-28,18.9800
1995-05-01,19.3800
1995-05-02,18.8300
1995-05-03,18.3300
1995-05-04,18.6800
1995-05-05,18.8500
1995-05-08,18.7800
1995-05-09,18.1200
1995-05-10,18.1000
1995-05-11,18.0800
1995-05-12,18.2300
1995-05-15,18.4300
1995-05-16,18.5300
1995-05-17,18.5000
1995-05-18,18.2300
1995-05-19,18.4300
1995-05-22,18.3800
1995-05-23,18.4800
1995-05-24,18.5500
1995-05-25,18.0000
1995-05-26,17.8000
1995-05-30,17.4300
1995-05-31,17.5800
1995-06-01,17.7000
1995-06-02,17.9000
1995-06-05,18.2300
1995-06-06,17.9500
1995-06-07,18.1300
1995-06-08,17.9300
1995-06-09,17.6800
1995-06-12,17.6300
1995-06-13,17.8300
1995-06-14,17.6300
1995-06-15,17.9500
1995-06-16,17.7500
1995-06-19,16.9300
1995-06-20,16.9800
1995-06-21,16.5000
1995-06-22,16.5500
1995-06-23,16.4000
1995-06-26,16.5500
1995-06-27,16.6300
1995-06-28,16.9500
1995-06-29,16.5000
1995-06-30,16.5800
1995-07-03,16.3500
1995-07-04,15.9300
1995-07-05,16.0000
1995-07-06,16.1500
1995-07-07,16.1000
1995-07-10,15.8800
1995-07-11,15.9300
1995-07-12,16.0300
1995-07-13,15.9800
1995-07-14,15.8000
1995-07-17,15.7300
1995-07-18,15.6800
1995-07-19,15.8000
1995-07-20,15.6800
1995-07-21,15.3500
1995-07-24,15.3800
1995-07-25,15.4800
1995-07-26,16.0000
1995-07-27,15.9800
1995-07-28,15.9300
1995-07-31,15.7800
1995-08-01,16.1000
1995-08-02,16.1300
1995-08-03,15.9900
1995-08-04,16.0800
1995-08-07,15.9000
1995-08-08,16.0000
1995-08-09,16.1300
1995-08-10,16.0800
1995-08-11,16.2300
1995-08-14,15.9300
1995-08-15,15.8500
1995-08-16,15.7800
1995-08-17,15.8500
1995-08-18,16.0300
1995-08-21,16.2500
1995-08-22,16.2300
1995-08-23,16.5000
1995-08-24,16.3000
1995-08-25,16.1500
1995-08-29,16.2300
1995-08-30,16.1800
1995-08-31,16.2000
1995-09-01,16.2500
1995-09-04,16.6200
1995-09-05,16.6800
1995-09-06,16.6300
1995-09-07,16.6000
1995-09-08,16.9300
1995-09-11,16.7500
1995-09-12,16.9000
1995-09-13,16.8500
1995-09-14,17.0000
1995-09-15,17.1800
1995-09-18,17.2300
1995-09-19,17.2300
1995-09-20,17.0000
1995-09-21,16.6000
1995-09-22,16.4000
1995-09-25,16.1800
1995-09-26,16.1500
1995-09-27,16.2800
1995-09-28,16.6500
1995-09-29,16.5800
1995-10-02,16.5500
1995-10-03,16.5800
1995-10-04,16.4000
1995-10-05,15.8500
1995-10-06,15.7500
1995-10-09,16.0000
1995-10-10,15.9500
1995-10-11,16.0500
1995-10-12,15.9000
1995-10-13,15.9800
1995-10-16,16.1500
1995-10-17,16.0300
1995-10-18,15.9800
1995-10-19,15.8500
1995-10-20,15.8000
1995-10-23,15.8800
1995-10-24,16.0800
1995-10-25,15.9800
1995-10-26,16.3000
1995-10-27,16.3500
1995-10-30,16.4500
1995-10-31,16.5800
1995-11-01,16.5300
1995-11-02,16.8300
1995-11-03,16.8800
1995-11-06,16.7800
1995-11-07,16.7000
1995-11-08,16.7500
1995-11-09,16.9000
1995-11-10,16.8300
1995-11-13,16.6300
1995-11-14,16.5800
1995-11-15,16.7300
1995-11-16,16.7800
1995-11-17,17.0300
1995-11-20,16.8000
1995-11-21,16.6000
1995-11-22,16.9000
1995-11-23,16.8800
1995-11-24,16.9300
1995-11-27,17.2000
1995-11-28,17.2500
1995-11-29,17.3000
1995-11-30,17.1300
1995-12-01,17.1800
1995-12-04,17.3500
1995-12-05,17.5300
1995-12-06,17.5500
1995-12-07,17.4800
1995-12-08,17.7300
1995-12-11,17.6800
1995-12-12,17.4800
1995-12-13,17.7000
1995-12-14,17.9000
1995-12-15,18.1500
1995-12-18,18.3300
1995-12-19,18.0300
1995-12-20,18.0500
1995-12-21,18.1000
1995-12-22,18.1800
1995-12-27,18.7300
1995-12-28,18.7800
1995-12-29,18.6500
1996-01-02,18.9500
1996-01-03,19.1500
1996-01-04,19.1300
1996-01-05,19.5000
1996-01-08,19.6800
1996-01-09,19.0500
1996-01-10,18.4800
1996-01-11,17.8500
1996-01-12,17.5800
1996-01-15,17.5000
1996-01-16,17.7300
1996-01-17,17.4300
1996-01-18,17.8800
1996-01-19,17.5300
1996-01-22,17.5300
1996-01-23,17.3800
1996-01-24,17.3300
1996-01-25,17.0000
1996-01-26,16.7000
1996-01-29,16.2300
1996-01-30,16.5300
1996-01-31,16.6300
1996-02-01,16.7800
1996-02-02,17.0500
1996-02-05,16.9300
1996-02-06,16.8300
1996-02-07,16.9300
1996-02-08,17.0500
1996-02-09,17.2300
1996-02-12,17.1800
1996-02-13,18.0800
1996-02-14,18.2800
1996-02-15,18.1800
1996-02-16,18.2000
1996-02-19,18.2000
1996-02-20,18.5800
1996-02-21,19.0500
1996-02-22,19.2800
1996-02-23,18.8500
1996-02-26,18.8500
1996-02-27,19.0000
1996-02-28,18.6500
1996-02-29,18.8000
1996-03-01,18.5500
1996-03-04,18.4000
1996-03-05,18.7500
1996-03-06,19.1800
1996-03-07,19.0300
1996-03-08,18.8500
1996-03-11,18.9300
1996-03-12,19.3000
1996-03-13,19.5800
1996-03-14,19.4000
1996-03-15,19.3000
1996-03-18,20.5000
1996-03-19,20.3500
1996-03-20,20.3800
1996-03-21,20.3500
1996-03-22,21.1500
1996-03-25,21.3000
1996-03-26,21.6800
1996-03-27,21.3300
1996-03-28,20.2500
1996-03-29,20.3300
1996-04-01,20.8000
1996-04-02,21.1800
1996-04-03,20.9300
1996-04-04,20.8500
1996-04-09,21.4300
1996-04-10,22.6300
1996-04-11,23.9000
1996-04-12,22.7300
1996-04-15,22.6800
1996-04-16,21.2000
1996-04-17,19.8800
1996-04-18,19.3300
1996-04-19,19.5300
1996-04-22,19.3800
1996-04-23,20.8800
1996-04-24,20.7300
1996-04-25,20.3500
1996-04-26,20.0500
1996-04-29,20.0500
1996-04-30,19.5000
1996-05-01,18.9500
1996-05-02,19.4500
1996-05-03,19.3800
1996-05-07,20.0800
1996-05-08,19.8500
1996-05-09,19.3500
1996-05-10,19.2300
1996-05-13,19.4800
1996-05-14,19.6300
1996-05-15,19.5000
1996-05-16,18.6300
1996-05-17,18.0500
1996-05-20,18.6300
1996-05-21,18.7000
1996-05-22,19.4000
1996-05-23,19.5300
1996-05-24,19.7300
1996-05-28,19.5300
1996-05-29,18.9500
1996-05-30,18.1000
1996-05-31,18.1000
1996-06-03,18.2500
1996-06-04,18.5000
1996-06-05,18.2000
1996-06-06,18.1800
1996-06-07,18.4000
1996-06-10,18.4800
1996-06-11,18.2800
1996-06-12,18.2300
1996-06-13,17.9800
1996-06-14,17.8300
1996-06-17,18.7000
1996-06-18,18.8000
1996-06-19,18.4000
1996-06-20,18.4300
1996-06-21,18.4500
1996-06-24,18.3800
1996-06-25,18.3800
1996-06-26,18.6000
1996-06-27,19.3800
1996-06-28,19.2800
1996-07-01,19.7700
1996-07-02,19.4300
1996-07-03,19.1300
1996-07-04,19.7700
1996-07-05,19.9900
1996-07-08,19.6200
1996-07-09,19.6300
1996-07-10,19.8000
1996-07-11,20.0100
1996-07-12,19.9300
1996-07-15,20.2000
1996-07-16,20.3000
1996-07-17,19.7500
1996-07-18,19.9500
1996-07-19,19.4500
1996-07-22,19.2300
1996-07-23,19.5000
1996-07-24,19.3600
1996-07-25,19.5000
1996-07-26,18.9200
1996-07-29,18.9900
1996-07-30,18.9000
1996-07-31,19.0000
1996-08-01,18.8400
1996-08-02,19.6300
1996-08-05,19.6500
1996-08-06,19.4500
1996-08-07,19.4800
1996-08-08,20.0300
1996-08-09,20.0500
1996-08-12,20.6500
1996-08-13,21.0300
1996-08-14,20.9000
1996-08-15,20.8800
1996-08-16,21.3000
1996-08-19,21.5800
1996-08-20,21.3500
1996-08-21,20.8000
1996-08-22,21.2500
1996-08-23,20.7800
1996-08-27,20.4500
1996-08-28,20.6800
1996-08-29,21.0000
1996-08-30,20.9800
1996-09-02,22.2300
1996-09-03,21.9000
1996-09-04,22.2000
1996-09-05,22.1500
1996-09-06,22.4300
1996-09-09,22.2500
1996-09-10,22.6800
1996-09-11,23.3000
1996-09-12,23.3500
1996-09-13,23.8300
1996-09-16,22.6000
1996-09-17,21.7000
1996-09-18,22.3800
1996-09-19,22.0800
1996-09-20,21.7800
1996-09-23,22.1500
1996-09-24,22.7800
1996-09-25,23.0500
1996-09-26,23.3500
1996-09-27,22.9000
1996-09-30,24.1500
1996-10-01,23.1800
1996-10-02,23.1300
1996-10-03,23.6300
1996-10-04,23.8800
1996-10-07,24.2800
1996-10-08,24.5500
1996-10-09,24.5800
1996-10-10,23.6300
1996-10-11,23.8500
1996-10-14,24.7500
1996-10-15,24.5800
1996-10-16,24.5000
1996-10-17,24.8300
1996-10-18,25.1800
1996-10-21,25.0800
1996-10-22,25.4000
1996-10-23,24.6000
1996-10-24,24.2800
1996-10-25,24.1300
1996-10-28,24.4500
1996-10-29,23.3000
1996-10-30,23.1500
1996-10-31,22.8000
1996-11-01,22.3000
1996-11-04,22.1000
1996-11-05,21.8500
1996-11-06,21.8500
1996-11-07,21.7500
1996-11-08,22.4000
1996-11-11,22.7000
1996-11-12,22.3800
1996-11-13,22.8800
1996-11-14,23.1800
1996-11-15,23.2800
1996-11-18,22.7500
1996-11-19,23.1300
1996-11-20,23.4000
1996-11-21,22.9000
1996-11-22,23.8600
1996-11-25,23.2200
1996-11-26,22.7800
1996-11-27,23.0700
1996-11-28,23.0000
1996-11-29,23.1700
1996-12-02,23.5000
1996-12-03,24.1200
1996-12-04,24.2100
1996-12-05,24.4900
1996-12-06,24.5600
1996-12-09,24.1800
1996-12-10,23.7400
1996-12-11,22.9500
1996-12-12,22.6500
1996-12-13,22.8300
1996-12-16,23.9800
1996-12-17,24.0500
1996-12-18,23.6900
1996-12-19,24.1800
1996-12-20,23.9600
1996-12-23,23.5100
1996-12-24,23.6600
1996-12-27,23.5500
1996-12-30,23.9500
1996-12-31,23.9000
1997-01-02,24.4500
1997-01-03,24.1900
1997-01-06,24.7600
1997-01-07,24.7600
1997-01-08,24.7800
1997-01-09,24.8300
1997-01-10,24.2200
1997-01-13,23.4100
1997-01-15,23.3100
1997-01-16,23.3100
1997-01-17,22.8700
1997-01-20,22.8600
1997-01-21,22.9800
1997-01-22,22.9300
1997-01-23,22.9300
1997-01-24,22.8000
1997-01-27,22.5600
1997-01-28,22.6200
1997-01-29,23.0100
1997-01-30,23.4300
1997-01-31,23.2800
1997-02-03,22.9100
1997-02-04,22.6500
1997-02-05,22.6900
1997-02-06,21.8600
1997-02-10,20.7300
1997-02-11,21.2500
1997-02-12,21.1500
1997-02-13,20.4700
1997-02-14,20.5600
1997-02-17,20.4800
1997-02-18,20.5600
1997-02-19,20.9800
1997-02-20,20.5700
1997-02-21,20.1300
1997-02-24,19.8700
1997-02-25,20.0800
1997-02-26,19.8200
1997-02-27,19.9600
1997-02-28,19.4400
1997-03-03,19.1000
1997-03-04,19.4000
1997-03-05,19.3800
1997-03-06,19.5500
1997-03-10,19.2100
1997-03-11,18.5700
1997-03-12,18.9800
1997-03-13,19.3000
1997-03-14,19.4400
1997-03-17,18.9800
1997-03-18,19.5400
1997-03-19,20.0000
1997-03-20,19.6200
1997-03-21,19.3900
1997-03-24,18.9300
1997-03-25,18.7700
1997-03-26,18.9100
1997-03-27,18.5300
1997-03-28,18.5300
1997-03-31,18.5300
1997-04-01,18.1500
1997-04-02,17.9700
1997-04-03,17.2800
1997-04-04,17.2500
1997-04-07,16.9200
1997-04-08,16.9800
1997-04-09,17.0200
1997-04-10,17.2500
1997-04-11,17.5400
1997-04-14,17.6100
1997-04-15,17.5300
1997-04-16,17.2400
1997-04-17,17.0000
1997-04-18,17.2600
1997-04-21,17.7400
1997-04-22,17.7200
1997-04-23,17.4600
1997-04-24,17.8000
1997-04-25,18.0700
1997-04-28,17.9200
1997-04-29,18.2700
1997-04-30,18.2500
1997-05-01,18.2400
1997-05-02,17.7000
1997-05-05,17.7200
1997-05-06,17.8200
1997-05-07,17.8400
1997-05-08,18.3200
1997-05-09,18.6200
1997-05-12,19.4200
1997-05-13,19.4000
1997-05-14,19.1000
1997-05-15,19.4000
1997-05-16,19.7700
1997-05-19,19.9200
1997-05-20,19.7500
1997-05-21,19.7000
1997-05-22,20.0300
1997-05-23,20.1500
1997-05-27,19.3300
1997-05-28,18.8800
1997-05-29,19.3800
1997-05-30,18.9900
1997-06-02,19.1700
1997-06-03,18.5900
1997-06-04,18.3600
1997-06-05,17.9600
1997-06-06,17.4300
1997-06-09,17.0800
1997-06-10,17.0100
1997-06-11,16.6900
1997-06-12,16.7900
1997-06-13,16.8300
1997-06-16,17.1500
1997-06-17,17.5500
1997-06-18,17.2200
1997-06-19,17.3400
1997-06-20,17.0900
1997-06-23,17.8000
1997-06-24,17.6500
1997-06-25,17.6500
1997-06-26,17.6000
1997-06-27,18.0000
1997-06-30,18.2200
1997-07-02,18.8300
1997-07-03,18.1800
1997-07-07,18.2800
1997-07-09,18.2500
1997-07-10,18.1600
1997-07-11,18.0000
1997-07-14,17.7900
1997-07-15,18.1900
1997-07-16,18.2700
1997-07-17,18.8300
1997-07-18,18.2100
1997-07-21,18.2300
1997-07-22,18.4700
1997-07-23,18.7100
1997-07-24,18.6600
1997-07-25,18.7700
1997-07-28,18.7600
1997-07-29,18.7400
1997-07-30,19.0200
1997-07-31,18.9400
1997-08-01,19.3300
1997-08-04,19.6400
1997-08-05,19.5100
1997-08-06,19.2100
1997-08-07,18.9400
1997-08-08,18.5600
1997-08-11,18.2100
1997-08-12,18.5600
1997-08-13,18.6300
1997-08-14,19.0000
1997-08-15,18.7700
1997-08-18,18.4100
1997-08-19,18.8800
1997-08-20,18.8300
1997-08-21,18.2600
1997-08-25,17.8700
1997-08-26,17.5800
1997-08-27,17.8300
1997-08-28,17.9100
1997-08-29,17.9800
1997-09-02,18.2200
1997-09-03,18.1200
1997-09-04,17.9200
1997-09-05,18.1500
1997-09-08,18.0300
1997-09-09,18.1800
1997-09-10,18.0800
1997-09-11,18.2100
1997-09-12,18.0600
1997-09-15,18.0500
1997-09-16,18.4000
1997-09-17,18.2100
1997-09-18,18.1400
1997-09-19,18.3200
1997-09-22,18.6500
1997-09-23,18.5700
1997-09-24,18.5200
1997-09-25,19.0500
1997-09-26,19.3600
1997-09-29,19.4800
1997-09-30,19.9600
1997-10-01,19.8700
1997-10-02,20.0800
1997-10-03,21.2900
1997-10-06,20.9400
1997-10-07,20.7100
1997-10-08,20.7900
1997-10-09,20.6000
1997-10-10,20.7300
1997-10-13,20.0800
1997-10-14,19.4000
1997-10-15,19.2700
1997-10-16,19.5600
1997-10-17,19.4300
1997-10-20,19.2900
1997-10-21,19.3000
1997-10-22,19.8600
1997-10-23,19.8900
1997-10-24,19.4500
1997-10-27,19.6300
1997-10-28,18.8600
1997-10-29,19.0000
1997-10-30,19.4500
1997-10-31,19.4200
1997-11-03,19.4800
1997-11-04,19.1000
1997-11-05,18.9300
1997-11-06,18.9700
1997-11-07,19.2400
1997-11-10,19.1400
1997-11-12,19.2600
1997-11-13,19.7100
1997-11-14,20.2400
1997-11-17,19.5400
1997-11-18,19.3900
1997-11-19,19.4100
1997-11-20,18.8200
1997-11-21,18.8300
1997-11-24,19.0100
1997-11-25,19.1400
1997-11-26,18.5000
1997-11-27,18.6400
1997-11-28,18.9600
1997-12-01,18.0100
1997-12-02,18.0400
1997-12-03,17.9400
1997-12-04,17.7000
1997-12-05,17.9100
1997-12-08,17.8700
1997-12-09,17.5700
1997-12-10,17.0800
1997-12-11,16.9800
1997-12-12,17.1200
1997-12-15,16.8900
1997-12-16,16.8000
1997-12-17,16.9800
1997-12-18,17.3400
1997-12-19,17.2000
1997-12-22,17.0400
1997-12-23,17.0900
1997-12-24,17.0400
1997-12-29,16.3500
1997-12-30,16.0100
1997-12-31,15.8600
1998-01-02,15.7700
1998-01-05,15.2900
1998-01-06,15.4800
1998-01-07,15.3300
1998-01-08,15.4700
1998-01-09,15.3300
1998-01-12,15.0700
1998-01-13,15.0800
1998-01-14,14.8100
1998-01-15,14.7500
1998-01-16,14.8900
1998-01-19,15.3800
1998-01-20,14.9500
1998-01-21,14.6700
1998-01-22,14.3500
1998-01-23,14.2600
1998-01-26,14.7900
1998-01-27,15.7400
1998-01-28,15.6400
1998-01-29,16.2800
1998-01-30,15.5900
1998-02-02,15.2800
1998-02-03,14.8700
1998-02-04,14.5600
1998-02-05,14.8300
1998-02-06,15.0500
1998-02-09,14.7700
1998-02-10,14.6000
1998-02-11,14.3500
1998-02-12,14.0400
1998-02-13,14.0500
1998-02-16,13.5000
1998-02-17,13.5000
1998-02-18,13.4600
1998-02-19,14.0200
1998-02-20,13.9100
1998-02-23,13.2600
1998-02-24,13.0800
1998-02-25,13.3500
1998-02-26,13.3800
1998-02-27,13.5300
1998-03-02,13.3700
1998-03-03,13.1800
1998-03-04,13.0900
1998-03-05,13.1800
1998-03-06,12.8500
1998-03-09,12.2400
1998-03-10,12.3600
1998-03-11,12.4100
1998-03-12,12.3000
1998-03-13,12.2500
1998-03-16,11.7400
1998-03-17,11.0500
1998-03-18,12.2100
1998-03-19,12.4100
1998-03-20,12.3500
1998-03-23,14.5300
1998-03-24,14.0200
1998-03-25,14.4100
1998-03-26,15.1800
1998-03-27,14.9200
1998-03-30,14.3500
1998-03-31,13.8700
1998-04-01,13.7200
1998-04-02,13.3800
1998-04-03,13.6300
1998-04-06,13.1300
1998-04-07,12.8200
1998-04-08,12.7900
1998-04-09,13.2300
1998-04-14,13.1500
1998-04-15,13.3100
1998-04-16,13.6800
1998-04-17,14.0600
1998-04-20,13.8200
1998-04-21,13.9500
1998-04-22,13.7100
1998-04-23,13.4200
1998-04-24,13.3200
1998-04-27,13.6500
1998-04-28,13.8800
1998-04-29,14.0900
1998-04-30,13.7900
1998-05-01,14.6000
1998-05-05,14.1300
1998-05-06,13.9100
1998-05-07,13.8100
1998-05-08,13.9400
1998-05-11,14.4100
1998-05-12,14.7500
1998-05-13,14.1500
1998-05-14,14.2900
1998-05-15,14.3300
1998-05-18,14.7200
1998-05-19,14.8700
1998-05-20,14.5800
1998-05-21,14.2900
1998-05-22,14.3300
1998-05-26,14.2700
1998-05-27,14.7800
1998-05-28,14.7100
1998-05-29,14.0300
1998-06-01,13.6600
1998-06-02,13.6200
1998-06-03,13.2300
1998-06-04,13.7100
1998-06-05,13.9500
1998-06-08,13.5600
1998-06-09,12.7600
1998-06-10,12.2300
1998-06-11,12.1200
1998-06-12,11.6200
1998-06-15,10.7700
1998-06-16,10.7700
1998-06-17,11.3000
1998-06-18,10.8800
1998-06-19,10.8900
1998-06-22,11.2300
1998-06-23,12.0900
1998-06-24,12.5000
1998-06-25,11.9400
1998-06-26,12.0400
1998-06-29,11.8300
1998-06-30,11.8400
1998-07-01,11.9300
1998-07-02,11.9500
1998-07-03,11.7900
1998-07-06,11.7000
1998-07-07,11.6600
1998-07-08,11.7100
1998-07-09,11.6100
1998-07-10,11.6100
1998-07-13,11.5600
1998-07-14,11.8300
1998-07-15,11.7900
1998-07-16,12.6500
1998-07-17,12.3800
1998-07-20,12.1100
1998-07-21,12.0100
1998-07-22,12.2100
1998-07-23,12.2300
1998-07-24,12.0500
1998-07-27,12.5300
1998-07-28,12.7400
1998-07-29,12.6000
1998-07-30,12.5500
1998-07-31,12.6300
1998-08-03,12.0400
1998-08-04,12.0300
1998-08-05,12.3200
1998-08-06,12.0800
1998-08-07,12.0500
1998-08-10,11.6200
1998-08-11,11.1600
1998-08-12,11.2400
1998-08-13,11.4800
1998-08-14,11.4600
1998-08-17,11.9300
1998-08-18,11.8700
1998-08-19,11.9900
1998-08-20,12.2100
1998-08-21,12.0200
1998-08-24,12.1500
1998-08-25,12.4300
1998-08-26,12.2400
1998-08-27,11.9000
1998-08-28,12.0600
1998-09-01,12.1100
1998-09-02,12.0500
1998-09-03,12.5400
1998-09-04,12.9600
1998-09-07,12.5100
1998-09-08,12.5300
1998-09-09,12.5300
1998-09-10,12.8200
1998-09-11,12.6600
1998-09-14,12.4700
1998-09-15,12.6100
1998-09-16,12.6500
1998-09-17,12.9700
1998-09-18,13.9200
1998-09-21,14.3100
1998-09-22,14.3600
1998-09-23,14.6700
1998-09-24,14.8400
1998-09-25,14.5500
1998-09-28,14.4100
1998-09-29,14.3800
1998-09-30,14.7100
1998-10-01,14.4600
1998-10-02,14.2100
1998-10-05,14.1000
1998-10-06,13.9800
1998-10-07,13.8800
1998-10-08,13.2300
1998-10-09,12.8700
1998-10-12,13.1800
1998-10-13,12.7300
1998-10-14,12.2600
1998-10-15,11.9800
1998-10-16,12.1100
1998-10-19,11.6000
1998-10-20,11.2900
1998-10-21,11.9400
1998-10-22,11.6800
1998-10-23,12.1800
1998-10-26,12.7400
1998-10-27,12.4600
1998-10-28,12.2600
1998-10-29,12.3100
1998-10-30,12.0000
1998-11-02,12.4300
1998-11-03,11.9300
1998-11-04,11.8800
1998-11-05,11.7300
1998-11-06,11.5100
1998-11-09,11.1500
1998-11-10,11.1800
1998-11-11,11.4500
1998-11-12,11.5600
1998-11-13,11.4600
1998-11-16,11.1000
1998-11-17,10.6200
1998-11-18,10.2500
1998-11-19,10.4500
1998-11-20,10.4000
1998-11-23,10.5400
1998-11-24,10.5800
1998-11-25,10.5100
1998-11-26,10.4100
1998-11-27,10.7700
1998-11-30,9.9100
1998-12-01,9.8700
1998-12-02,9.7100
1998-12-03,10.0500
1998-12-04,9.7300
1998-12-07,9.7000
1998-12-08,9.6800
1998-12-09,9.4600
1998-12-10,9.1000
1998-12-11,9.2600
1998-12-14,9.4500
1998-12-15,9.5700
1998-12-16,10.8700
1998-12-17,9.9200
1998-12-18,9.6200
1998-12-21,9.4500
1998-12-22,9.8300
1998-12-23,9.9100
1998-12-24,9.9100
1998-12-29,10.2300
1998-12-30,10.4500
1998-12-31,10.5400
1999-01-04,10.9400
1999-01-05,10.3000
1999-01-06,10.6700
1999-01-07,11.0800
1999-01-08,11.7000
1999-01-11,12.0700
1999-01-12,11.7800
1999-01-13,10.9000
1999-01-14,11.1000
1999-01-15,10.9700
1999-01-18,10.8100
1999-01-19,11.1900
1999-01-20,10.8500
1999-01-21,11.1400
1999-01-22,11.2300
1999-01-25,11.2100
1999-01-26,10.8400
1999-01-27,11.0300
1999-01-28,11.1400
1999-01-29,11.3400
1999-02-01,10.8100
1999-02-02,10.3900
1999-02-03,10.7800
1999-02-04,10.4200
1999-02-05,10.1800
1999-02-08,9.9700
1999-02-09,9.7700
1999-02-10,9.8800
1999-02-11,9.8200
1999-02-12,9.9700
1999-02-16,9.9800
1999-02-17,10.0900
1999-02-18,9.9300
1999-02-19,10.2900
1999-02-22,10.2400
1999-02-23,10.5800
1999-02-24,10.6400
1999-02-25,10.8400
1999-02-26,10.5800
1999-03-01,10.5200
1999-03-02,10.4100
1999-03-03,10.8100
1999-03-04,11.2000
1999-03-05,11.0200
1999-03-08,11.4900
1999-03-09,11.2500
1999-03-10,11.4600
1999-03-11,11.8600
1999-03-12,12.3000
1999-03-15,12.1700
1999-03-16,12.1100
1999-03-17,12.9500
1999-03-18,13.3500
1999-03-19,13.1500
1999-03-22,13.3700
1999-03-23,13.6400
1999-03-24,13.3700
1999-03-25,13.5000
1999-03-26,13.9700
1999-03-29,14.3400
1999-03-30,14.5000
1999-03-31,15.0200
1999-04-01,14.6000
1999-04-06,14.5300
1999-04-07,14.1400
1999-04-08,13.7200
1999-04-09,14.1100
1999-04-12,14.2300
1999-04-13,14.6800
1999-04-14,14.4500
1999-04-15,14.8200
1999-04-16,15.3400
1999-04-19,16.0100
1999-04-20,16.0400
1999-04-21,15.9600
1999-04-22,16.2900
1999-04-23,16.0700
1999-04-26,15.6300
1999-04-27,15.9100
1999-04-28,16.3800
1999-04-29,16.5300
1999-04-30,16.4500
1999-05-04,16.9800
1999-05-05,16.8500
1999-05-06,16.4400
1999-05-07,15.6600
1999-05-10,15.7200
1999-05-11,15.2300
1999-05-12,14.7400
1999-05-13,15.2100
1999-05-14,15.1800
1999-05-17,14.9800
1999-05-18,14.4300
1999-05-19,14.4200
1999-05-20,14.4400
1999-05-21,14.4900
1999-05-24,14.8300
1999-05-25,14.7100
1999-05-26,15.1800
1999-05-27,15.0400
1999-05-28,14.7500
1999-06-01,14.2200
1999-06-02,14.2800
1999-06-03,14.2600
1999-06-04,15.2100
1999-06-07,15.9800
1999-06-08,16.2500
1999-06-09,16.1900
1999-06-10,15.9900
1999-06-11,16.2500
1999-06-14,16.0500
1999-06-15,16.3300
1999-06-16,16.2900
1999-06-17,16.0000
1999-06-18,15.9300
1999-06-21,15.6400
1999-06-22,15.9100
1999-06-23,16.0400
1999-06-24,16.2800
1999-06-25,16.2700
1999-06-28,16.2700
1999-06-29,16.3800
1999-06-30,16.9700
1999-07-01,17.2500
1999-07-02,17.5500
1999-07-06,18.4700
1999-07-07,18.3600
1999-07-08,18.7400
1999-07-09,18.9000
1999-07-12,18.9400
1999-07-13,19.4900
1999-07-14,19.4800
1999-07-15,18.9000
1999-07-16,19.4200
1999-07-19,19.7500
1999-07-20,19.3300
1999-07-21,18.6200
1999-07-22,19.0100
1999-07-23,19.6900
1999-07-26,19.7300
1999-07-27,19.4600
1999-07-28,19.6500
1999-07-29,19.9700
1999-07-30,19.9700
1999-08-02,19.2100
1999-08-03,19.3200
1999-08-04,19.3800
1999-08-05,19.6400
1999-08-06,19.6600
1999-08-09,19.3400
1999-08-10,20.1800
1999-08-11,20.5800
1999-08-12,20.3200
1999-08-13,20.6100
1999-08-16,20.6800
1999-08-17,20.6100
1999-08-18,20.6900
1999-08-19,20.9200
1999-08-20,21.1100
1999-08-23,20.9600
1999-08-24,20.4800
1999-08-25,19.7100
1999-08-26,19.8000
1999-08-27,20.3200
1999-08-31,21.0800
1999-09-01,21.1000
1999-09-02,20.6600
1999-09-03,20.7400
1999-09-06,21.1400
1999-09-07,21.7100
1999-09-08,21.9600
1999-09-09,22.5100
1999-09-10,22.3600
1999-09-13,22.9800
1999-09-14,23.1800
1999-09-15,23.2500
1999-09-16,23.0600
1999-09-17,22.9300
1999-09-20,22.8500
1999-09-21,22.6800
1999-09-22,22.4900
1999-09-23,23.4100
1999-09-24,23.6600
1999-09-27,23.6000
1999-09-28,23.2400
1999-09-29,23.4600
1999-09-30,22.9800
1999-10-01,22.9800
1999-10-04,23.3000
1999-10-05,22.6400
1999-10-06,23.0700
1999-10-07,22.3300
1999-10-08,20.7800
1999-10-11,20.8400
1999-10-12,21.8900
1999-10-13,22.2600
1999-10-14,22.2800
1999-10-15,21.6500
1999-10-18,22.2600
1999-10-19,21.5900
1999-10-20,21.0200
1999-10-21,21.6800
1999-10-22,22.3800
1999-10-25,22.4500
1999-10-26,22.1400
1999-10-27,22.1800
1999-10-28,21.2200
1999-10-29,21.1100
1999-11-01,21.3200
1999-11-02,21.9800
1999-11-03,22.3800
1999-11-04,22.6400
1999-11-05,22.8000
1999-11-08,23.6200
1999-11-09,24.4400
1999-11-10,25.4200
1999-11-11,24.9600
1999-11-12,25.3900
1999-11-15,25.9300
1999-11-16,24.8800
1999-11-17,24.9800
1999-11-18,25.0200
1999-11-19,25.1400
1999-11-22,25.8600
1999-11-23,25.6600
1999-11-24,25.7700
1999-11-25,25.9400
1999-11-26,25.8500
1999-11-29,25.6700
1999-11-30,25.2000
1999-12-01,24.2000
1999-12-02,25.5200
1999-12-03,26.1700
1999-12-06,26.4600
1999-12-07,26.1000
1999-12-08,25.4500
1999-12-09,25.8500
1999-12-10,24.8600
1999-12-13,24.3100
1999-12-14,24.8800
1999-12-15,25.6800
1999-12-16,26.0900
1999-12-17,26.2200
1999-12-20,25.9800
1999-12-21,25.5100
1999-12-22,25.0400
1999-12-23,25.1100
1999-12-29,25.6300
1999-12-30,24.9300
2000-01-04,23.9500
2000-01-05,23.7200
2000-01-06,23.5500
2000-01-07,23.3500
2000-01-10,22.7700
2000-01-11,23.9300
2000-01-12,24.6200
2000-01-13,24.9000
2000-01-14,25.5000
2000-01-17,25.9900
2000-01-18,26.3100
2000-01-19,26.1700
2000-01-20,26.2600
2000-01-21,27.1800
2000-01-24,27.0200
2000-01-25,27.2400
2000-01-26,27.1800
2000-01-27,26.9100
2000-01-28,26.5900
2000-01-31,27.0800
2000-02-01,27.3500
2000-02-02,27.1500
2000-02-03,27.6000
2000-02-04,27.4800
2000-02-07,27.9400
2000-02-08,27.6100
2000-02-09,27.4400
2000-02-10,27.3200
2000-02-11,27.8200
2000-02-14,28.0300
2000-02-15,28.1200
2000-02-16,28.1100
2000-02-17,27.5400
2000-02-18,27.2600
2000-02-21,26.9300
2000-02-22,27.2200
2000-02-23,27.9200
2000-02-24,28.2100
2000-02-25,28.5300
2000-02-28,28.7000
2000-02-29,29.0100
2000-03-01,29.7800
2000-03-02,30.1200
2000-03-03,29.8300
2000-03-06,30.0800
2000-03-07,31.9300
2000-03-08,31.4100
2000-03-09,29.1100
2000-03-10,28.9700
2000-03-13,29.2500
2000-03-14,28.8300
2000-03-15,28.0300
2000-03-16,27.9700
2000-03-17,27.8700
2000-03-20,25.5900
2000-03-21,24.9300
2000-03-22,25.7700
2000-03-23,25.3200
2000-03-24,25.7400
2000-03-27,25.1600
2000-03-28,24.8000
2000-03-29,23.7700
2000-03-30,23.9400
2000-03-31,23.9800
2000-04-03,24.6200
2000-04-04,23.2600
2000-04-05,22.9800
2000-04-06,22.9000
2000-04-07,22.6300
2000-04-10,21.0800
2000-04-11,21.0500
2000-04-12,21.4000
2000-04-13,22.6500
2000-04-14,22.1300
2000-04-17,22.2000
2000-04-18,22.6700
2000-04-19,23.5000
2000-04-20,23.5700
2000-04-25,23.3600
2000-04-26,22.9000
2000-04-27,23.0700
2000-04-28,23.7900
2000-05-02,24.7300
2000-05-03,25.1300
2000-05-04,25.0600
2000-05-05,24.9300
2000-05-08,26.0300
2000-05-09,26.6900
2000-05-10,26.5900
2000-05-11,27.2200
2000-05-12,27.9800
2000-05-15,28.2600
2000-05-16,28.7800
2000-05-17,28.4000
2000-05-18,28.9000
2000-05-19,29.0100
2000-05-22,28.4500
2000-05-23,28.1200
2000-05-24,28.9700
2000-05-25,29.6200
2000-05-26,30.0900
2000-05-30,29.8900
2000-05-31,29.6400
2000-06-01,29.6900
2000-06-02,29.3500
2000-06-05,28.2700
2000-06-06,28.4200
2000-06-07,28.3200
2000-06-08,29.3400
2000-06-09,29.0000
2000-06-12,30.1000
2000-06-13,30.4000
2000-06-14,30.1200
2000-06-15,29.7700
2000-06-16,28.6800
2000-06-19,27.6900
2000-06-20,28.8600
2000-06-21,30.7100
2000-06-22,30.6100
2000-06-23,31.0200
2000-06-26,30.9000
2000-06-27,30.4700
2000-06-28,31.1500
2000-06-29,31.0500
2000-06-30,31.5800
2000-07-03,32.1500
2000-07-04,30.7300
2000-07-05,30.3500
2000-07-06,30.6700
2000-07-07,30.6200
2000-07-10,30.5800
2000-07-11,29.8300
2000-07-12,30.2700
2000-07-13,31.1500
2000-07-14,30.8200
2000-07-17,28.4400
2000-07-18,28.4600
2000-07-19,28.3300
2000-07-20,27.8500
2000-07-21,26.6800
2000-07-24,26.8400
2000-07-25,25.7800
2000-07-26,25.9200
2000-07-27,25.6000
2000-07-28,25.9600
2000-07-31,25.3000
2000-08-01,25.2400
2000-08-02,26.8000
2000-08-03,27.0400
2000-08-04,28.0100
2000-08-07,27.5600
2000-08-08,27.5800
2000-08-09,28.1300
2000-08-10,28.9800
2000-08-11,29.4400
2000-08-14,29.2400
2000-08-15,30.0000
2000-08-16,29.6600
2000-08-17,30.7100
2000-08-18,30.7600
2000-08-21,31.3400
2000-08-22,30.1800
2000-08-23,32.3800
2000-08-24,31.6700
2000-08-25,33.2600
2000-08-28,33.2900
2000-08-29,34.0300
2000-08-30,34.1300
2000-08-31,35.0800
2000-09-01,35.0900
2000-09-04,36.0200
2000-09-05,35.7200
2000-09-06,36.7000
2000-09-07,37.4300
2000-09-08,36.2700
2000-09-11,36.8700
2000-09-12,33.3000
2000-09-13,31.0800
2000-09-14,31.3500
2000-09-15,33.6800
2000-09-18,34.5500
2000-09-19,33.4800
2000-09-20,33.6700
2000-09-21,32.1800
2000-09-22,31.5900
2000-09-25,30.0100
2000-09-26,29.9400
2000-09-27,29.7800
2000-09-28,28.9100
2000-09-29,28.4200
2000-10-02,29.6500
2000-10-03,30.6400
2000-10-04,30.0700
2000-10-05,29.1900
2000-10-06,29.6200
2000-10-09,29.9900
2000-10-10,30.9500
2000-10-11,31.2500
2000-10-12,33.4500
2000-10-13,33.5000
2000-10-16,32.0300
2000-10-17,30.3800
2000-10-18,30.9800
2000-10-19,31.2900
2000-10-20,30.1600
2000-10-23,30.9800
2000-10-24,31.8100
2000-10-25,31.1700
2000-10-26,31.4800
2000-10-27,31.3100
2000-10-30,31.0900
2000-10-31,30.1500
2000-11-01,31.6200
2000-11-02,30.8100
2000-11-03,30.8100
2000-11-06,31.0000
2000-11-07,31.5900
2000-11-08,31.3000
2000-11-09,31.7900
2000-11-10,32.2600
2000-11-13,32.5000
2000-11-14,33.0500
2000-11-15,33.8200
2000-11-16,34.1600
2000-11-17,33.0900
2000-11-20,34.2300
2000-11-21,33.3300
2000-11-22,33.1100
2000-11-23,33.2900
2000-11-24,33.3500
2000-11-27,33.4700
2000-11-28,32.5900
2000-11-29,32.4500
2000-11-30,32.5300
2000-12-01,31.5900
2000-12-04,30.3700
2000-12-05,28.8800
2000-12-06,27.4700
2000-12-07,27.8500
2000-12-08,26.8500
2000-12-11,27.2800
2000-12-12,26.8100
2000-12-13,26.8400
2000-12-14,24.3200
2000-12-15,24.4400
2000-12-18,25.1100
2000-12-19,24.3600
2000-12-20,23.2900
2000-12-21,22.4000
2000-12-22,22.2300
2000-12-27,22.5800
2000-12-28,22.2900
2000-12-29,22.5800
2001-01-02,23.4300
2001-01-03,23.4400
2001-01-04,24.5700
2001-01-05,24.7700
2001-01-08,24.7500
2001-01-09,24.1300
2001-01-10,24.9800
2001-01-11,25.6000
2001-01-12,25.6300
2001-01-15,26.0300
2001-01-16,25.5200
2001-01-17,24.2700
2001-01-18,24.7400
2001-01-19,26.2900
2001-01-22,27.6900
2001-01-23,27.0200
2001-01-24,27.0400
2001-01-25,26.9400
2001-01-26,27.0400
2001-01-29,26.9500
2001-01-30,26.3200
2001-01-31,26.5900
2001-02-01,27.1700
2001-02-02,28.9000
2001-02-05,29.2500
2001-02-06,29.1000
2001-02-07,29.5400
2001-02-08,30.6800
2001-02-09,29.5300
2001-02-12,29.3200
2001-02-13,28.0000
2001-02-14,27.8900
2001-02-15,26.3300
2001-02-16,26.6100
2001-02-19,27.0500
2001-02-20,26.4500
2001-02-21,26.1000
2001-02-22,25.7500
2001-02-23,26.1200
2001-02-26,25.8400
2001-02-27,25.2800
2001-02-28,25.1600
2001-03-01,24.7600
2001-03-02,25.2800
2001-03-05,25.9800
2001-03-06,25.5900
2001-03-07,25.9100
2001-03-08,26.3700
2001-03-09,25.7800
2001-03-12,25.3400
2001-03-13,24.8000
2001-03-14,24.3100
2001-03-15,23.3700
2001-03-16,23.8400
2001-03-19,23.1900
2001-03-20,23.6300
2001-03-21,23.2100
2001-03-22,23.4500
2001-03-23,23.9400
2001-03-26,24.0100
2001-03-27,24.4100
2001-03-28,24.5000
2001-03-29,23.7700
2001-03-30,23.5000
2001-04-02,23.3100
2001-04-03,23.4700
2001-04-04,24.3500
2001-04-05,24.8700
2001-04-06,24.0200
2001-04-09,24.3700
2001-04-10,25.6400
2001-04-11,26.0800
2001-04-12,27.1200
2001-04-13,26.8000
2001-04-16,26.8000
2001-04-17,26.9900
2001-04-18,26.1100
2001-04-19,25.8600
2001-04-20,25.5700
2001-04-23,25.4200
2001-04-24,25.7600
2001-04-25,25.4900
2001-04-26,26.7100
2001-04-27,26.8500
2001-04-30,27.2100
2001-05-01,27.3100
2001-05-02,26.8200
2001-05-03,27.4600
2001-05-04,27.5900
2001-05-07,27.7100
2001-05-08,27.4500
2001-05-09,27.4600
2001-05-10,28.2700
2001-05-11,27.9700
2001-05-14,27.7700
2001-05-15,27.8800
2001-05-16,28.1900
2001-05-17,28.5700
2001-05-18,29.3000
2001-05-21,29.8000
2001-05-22,29.7200
2001-05-23,29.5100
2001-05-24,28.8500
2001-05-25,28.6900
2001-05-29,29.1100
2001-05-30,28.9200
2001-05-31,28.5500
2001-06-01,28.8600
2001-06-04,28.9500
2001-06-05,29.2500
2001-06-06,28.7300
2001-06-07,28.5500
2001-06-08,28.8800
2001-06-11,29.5700
2001-06-12,29.0300
2001-06-13,29.1300
2001-06-14,28.5000
2001-06-15,28.1300
2001-06-18,27.6100
2001-06-19,26.6800
2001-06-20,26.2400
2001-06-21,26.7000
2001-06-22,26.8600
2001-06-25,27.3600
2001-06-26,27.6600
2001-06-27,26.2500
2001-06-28,25.6800
2001-06-29,26.2100
2001-07-02,25.7300
2001-07-03,25.5600
2001-07-04,25.9700
2001-07-05,25.6900
2001-07-06,26.5500
2001-07-09,25.5900
2001-07-10,24.6900
2001-07-11,24.4400
2001-07-12,23.6200
2001-07-13,24.0200
2001-07-16,23.5800
2001-07-17,23.9000
2001-07-18,23.1000
2001-07-19,23.3500
2001-07-20,23.4300
2001-07-23,24.4400
2001-07-24,24.3700
2001-07-25,24.9000
2001-07-26,24.9400
2001-07-27,24.8200
2001-07-30,24.4600
2001-07-31,24.3500
2001-08-01,24.2300
2001-08-02,25.4900
2001-08-03,25.6000
2001-08-06,25.3900
2001-08-07,25.9400
2001-08-08,25.6100
2001-08-09,25.2800
2001-08-10,25.7800
2001-08-13,25.8800
2001-08-14,25.7100
2001-08-15,25.6100
2001-08-16,25.1800
2001-08-17,24.6800
2001-08-20,24.3500
2001-08-21,25.3600
2001-08-22,25.7100
2001-08-23,25.6600
2001-08-24,26.3300
2001-08-27,26.2200
2001-08-28,26.4600
2001-08-29,26.6700
2001-08-30,26.7000
2001-08-31,26.8000
2001-09-03,26.5200
2001-09-04,26.2700
2001-09-05,26.2700
2001-09-06,26.6100
2001-09-07,27.5400
2001-09-10,27.5900
2001-09-11,29.1200
2001-09-12,28.2400
2001-09-13,28.2000
2001-09-14,29.2200
2001-09-17,28.3200
2001-09-18,27.5400
2001-09-19,25.4400
2001-09-20,25.5700
2001-09-21,25.1700
2001-09-24,20.6300
2001-09-25,20.1300
2001-09-26,20.6700
2001-09-27,21.4700
2001-09-28,21.8700
2001-10-01,21.2200
2001-10-02,21.2900
2001-10-03,20.6300
2001-10-04,20.9400
2001-10-05,21.4600
2001-10-08,20.9100
2001-10-09,20.6500
2001-10-10,21.0200
2001-10-11,21.3800
2001-10-12,20.5700
2001-10-15,20.3600
2001-10-16,20.4700
2001-10-17,19.4700
2001-10-18,19.2100
2001-10-19,19.9100
2001-10-22,20.3800
2001-10-23,20.5600
2001-10-24,20.3700
2001-10-25,20.6700
2001-10-26,20.3100
2001-10-29,20.5500
2001-10-30,20.4100
2001-10-31,19.6300
2001-11-01,19.3900
2001-11-02,18.6300
2001-11-05,18.7800
2001-11-06,18.6400
2001-11-07,18.8600
2001-11-08,19.5400
2001-11-09,20.7200
2001-11-12,19.4800
2001-11-13,20.4700
2001-11-14,18.7800
2001-11-15,16.5100
2001-11-16,16.8600
2001-11-19,16.5500
2001-11-20,18.8200
2001-11-21,18.4400
2001-11-22,19.6500
2001-11-23,19.4000
2001-11-26,18.6600
2001-11-27,19.0900
2001-11-28,18.8100
2001-11-29,18.5400
2001-11-30,18.9200
2001-12-03,20.0000
2001-12-04,19.2800
2001-12-05,19.2700
2001-12-06,18.5700
2001-12-07,17.8100
2001-12-10,18.0300
2001-12-11,17.6100
2001-12-12,18.1300
2001-12-13,17.8000
2001-12-14,18.5400
2001-12-17,18.5800
2001-12-18,18.5100
2001-12-19,19.0300
2001-12-20,18.8700
2001-12-21,18.7300
2001-12-24,18.6500
2001-12-27,18.8700
2001-12-28,19.7700
2001-12-31,19.3500
2002-01-02,20.1300
2002-01-03,20.4700
2002-01-04,21.2000
2002-01-07,21.0800
2002-01-08,21.0300
2002-01-09,20.2100
2002-01-10,19.7100
2002-01-11,20.0800
2002-01-14,18.8900
2002-01-15,18.8600
2002-01-16,18.5000
2002-01-17,18.2000
2002-01-18,18.1700
2002-01-21,18.3200
2002-01-22,18.7000
2002-01-23,18.8900
2002-01-24,18.9100
2002-01-25,19.0400
2002-01-28,19.7400
2002-01-29,19.2600
2002-01-30,18.7100
2002-01-31,19.0700
2002-02-01,19.7000
2002-02-04,20.2600
2002-02-05,19.9000
2002-02-06,19.9700
2002-02-07,19.4200
2002-02-08,20.0100
2002-02-11,20.0800
2002-02-12,21.7500
2002-02-13,21.4100
2002-02-14,20.9700
2002-02-15,20.7600
2002-02-18,20.1200
2002-02-19,20.1800
2002-02-20,19.4400
2002-02-21,20.2100
2002-02-22,20.1400
2002-02-25,19.7800
2002-02-26,19.9500
2002-02-27,20.7300
2002-02-28,20.7300
2002-03-01,21.8300
2002-03-04,21.5900
2002-03-05,22.2500
2002-03-06,22.1100
2002-03-07,23.1000
2002-03-08,22.3200
2002-03-11,23.1400
2002-03-12,22.7000
2002-03-13,23.6000
2002-03-14,23.7600
2002-03-15,23.9000
2002-03-18,23.8000
2002-03-19,24.5100
2002-03-20,24.7800
2002-03-21,24.2500
2002-03-22,24.8300
2002-03-25,24.7500
2002-03-26,24.6000
2002-03-27,25.1300
2002-03-28,25.3400
2002-03-29,25.3400
2002-04-01,26.0600
2002-04-02,26.9700
2002-04-03,26.7200
2002-04-04,26.9700
2002-04-05,25.3900
2002-04-08,26.3600
2002-04-09,25.4800
2002-04-10,25.1300
2002-04-11,24.2200
2002-04-12,23.2500
2002-04-15,23.3900
2002-04-16,24.0300
2002-04-17,25.2600
2002-04-18,25.9000
2002-04-19,25.8600
2002-04-22,25.9600
2002-04-23,26.2600
2002-04-24,26.2000
2002-04-25,26.4700
2002-04-26,26.3200
2002-04-29,26.8500
2002-04-30,26.9800
2002-05-01,26.6700
2002-05-02,25.7300
2002-05-03,25.8000
2002-05-07,25.5300
2002-05-08,26.0900
2002-05-09,26.0900
2002-05-10,26.8900
2002-05-13,26.3000
2002-05-14,27.1200
2002-05-15,27.1700
2002-05-16,25.7100
2002-05-17,25.4500
2002-05-20,25.9700
2002-05-21,24.9900
2002-05-22,24.3200
2002-05-23,24.0100
2002-05-24,23.7600
2002-05-27,23.5200
2002-05-28,24.7100
2002-05-29,24.1800
2002-05-30,23.7200
2002-05-31,23.8700
2002-06-05,23.1900
2002-06-06,22.7900
2002-06-07,22.9900
2002-06-10,22.8300
2002-06-11,22.3700
2002-06-12,23.0900
2002-06-13,23.7200
2002-06-14,23.9700
2002-06-17,24.6900
2002-06-18,24.6400
2002-06-19,24.8500
2002-06-20,24.4200
2002-06-21,24.1400
2002-06-24,24.9900
2002-06-25,25.3200
2002-06-26,24.7500
2002-06-27,25.3900
2002-06-28,25.3300
2002-07-01,25.6500
2002-07-02,25.6400
2002-07-03,25.5900
2002-07-04,25.5100
2002-07-05,25.7500
2002-07-08,25.0800
2002-07-09,24.9000
2002-07-10,25.8200
2002-07-11,25.8300
2002-07-12,26.1100
2002-07-15,26.1600
2002-07-16,25.9400
2002-07-17,26.1900
2002-07-18,26.7200
2002-07-19,26.3700
2002-07-22,25.7000
2002-07-23,25.6500
2002-07-24,25.4300
2002-07-25,25.3600
2002-07-26,25.1000
2002-07-29,25.2000
2002-07-30,25.9500
2002-07-31,26.2800
2002-08-01,25.7900
2002-08-02,25.1700
2002-08-05,25.2000
2002-08-06,25.6900
2002-08-07,25.7000
2002-08-08,25.5100
2002-08-09,25.4900
2002-08-12,25.6300
2002-08-13,26.1100
2002-08-14,26.4700
2002-08-15,26.6600
2002-08-16,27.3300
2002-08-19,27.4400
2002-08-20,27.6300
2002-08-21,27.5300
2002-08-22,27.8100
2002-08-23,27.5100
2002-08-26,27.5600
2002-08-27,27.8900
2002-08-28,27.5400
2002-08-29,27.1100
2002-08-30,27.5600
2002-09-02,27.4500
2002-09-03,26.5800
2002-09-04,27.3100
2002-09-05,27.5400
2002-09-06,28.3600
2002-09-09,28.6700
2002-09-10,28.9200
2002-09-11,28.6800
2002-09-12,27.7600
2002-09-13,28.5300
2002-09-16,28.3800
2002-09-17,27.7600
2002-09-18,28.4100
2002-09-19,28.4500
2002-09-20,28.6100
2002-09-23,29.3600
2002-09-24,29.4700
2002-09-25,29.1100
2002-09-26,28.9300
2002-09-27,29.0000
2002-09-30,29.1100
2002-10-01,29.4200
2002-10-02,29.1400
2002-10-03,28.4600
2002-10-04,28.3200
2002-10-07,28.3800
2002-10-08,28.2800
2002-10-09,28.2900
2002-10-10,27.7000
2002-10-11,28.1800
2002-10-14,28.5600
2002-10-15,28.6600
2002-10-16,28.6100
2002-10-17,28.2200
2002-10-18,28.2000
2002-10-21,27.0100
2002-10-22,26.6900
2002-10-23,26.6800
2002-10-24,26.7800
2002-10-25,25.9600
2002-10-28,25.4400
2002-10-29,25.7100
2002-10-30,25.2900
2002-10-31,25.5100
2002-11-01,25.7800
2002-11-04,25.2100
2002-11-05,24.6600
2002-11-06,23.7300
2002-11-07,24.3600
2002-11-08,23.5400
2002-11-11,23.8600
2002-11-12,24.0100
2002-11-13,22.9600
2002-11-14,22.8200
2002-11-15,23.3300
2002-11-18,23.4100
2002-11-19,24.0500
2002-11-20,24.0500
2002-11-21,24.5200
2002-11-22,24.7900
2002-11-25,24.8500
2002-11-26,24.5600
2002-11-27,25.1100
2002-11-28,25.7000
2002-11-29,25.7400
2002-12-02,25.7300
2002-12-03,26.0900
2002-12-04,25.9900
2002-12-05,26.0700
2002-12-06,25.6700
2002-12-09,26.0600
2002-12-10,26.3500
2002-12-11,26.8500
2002-12-12,27.2900
2002-12-13,27.6400
2002-12-16,28.7300
2002-12-17,29.2500
2002-12-18,29.9500
2002-12-19,30.2600
2002-12-20,29.5900
2002-12-23,30.6100
2002-12-24,30.9300
2002-12-27,31.4900
2002-12-30,32.0200
2002-12-31,30.1200
2003-01-02,30.3200
2003-01-03,31.4300
2003-01-06,31.4300
2003-01-07,30.7800
2003-01-08,29.3000
2003-01-09,30.2600
2003-01-10,30.0700
2003-01-13,30.4600
2003-01-14,31.3600
2003-01-15,31.7300
2003-01-16,32.2900
2003-01-17,31.5700
2003-01-20,32.2300
2003-01-21,31.7200
2003-01-22,32.0700
2003-01-23,31.4000
2003-01-24,31.6200
2003-01-27,31.0200
2003-01-28,30.7300
2003-01-29,31.2600
2003-01-30,31.4200
2003-01-31,31.5700
2003-02-03,30.9500
2003-02-04,31.1300
2003-02-05,31.7700
2003-02-06,31.8100
2003-02-07,32.2300
2003-02-10,32.4700
2003-02-11,32.5100
2003-02-12,32.4600
2003-02-13,33.2300
2003-02-14,33.2600
2003-02-17,33.0600
2003-02-18,33.2600
2003-02-19,33.1600
2003-02-20,32.7600
2003-02-21,32.7600
2003-02-24,33.4100
2003-02-25,33.6400
2003-02-26,33.4600
2003-02-27,34.0900
2003-02-28,34.0000
2003-03-03,33.4000
2003-03-04,34.3700
2003-03-05,33.9200
2003-03-06,34.3900
2003-03-07,34.4700
2003-03-10,34.9400
2003-03-11,34.0600
2003-03-12,34.1600
2003-03-13,33.9800
2003-03-14,31.4800
2003-03-17,30.3500
2003-03-18,28.5500
2003-03-19,28.4000
2003-03-20,28.0000
2003-03-21,25.5900
2003-03-24,26.5400
2003-03-25,27.2800
2003-03-26,25.9800
2003-03-27,27.2900
2003-03-28,27.6600
2003-03-31,28.0500
2003-04-01,27.9400
2003-04-02,26.2900
2003-04-03,26.7500
2003-04-04,25.6200
2003-04-07,25.2700
2003-04-08,24.8800
2003-04-09,25.1100
2003-04-10,25.1600
2003-04-11,24.3900
2003-04-14,24.7200
2003-04-15,24.7400
2003-04-16,24.8600
2003-04-17,25.3600
2003-04-18,25.7600
2003-04-21,25.7600
2003-04-22,25.7200
2003-04-23,24.5600
2003-04-24,24.0600
2003-04-25,24.2900
2003-04-28,23.4200
2003-04-29,23.2300
2003-04-30,23.6000
2003-05-01,23.7900
2003-05-02,23.7300
2003-05-05,23.5900
2003-05-06,23.9100
2003-05-07,24.0100
2003-05-08,24.4800
2003-05-09,25.5500
2003-05-12,25.6900
2003-05-13,25.4500
2003-05-14,25.9800
2003-05-15,26.7700
2003-05-16,27.1800
2003-05-19,27.2300
2003-05-20,26.6900
2003-05-21,27.5800
2003-05-22,27.3200
2003-05-23,27.1400
2003-05-26,26.7800
2003-05-27,26.5500
2003-05-28,26.4800
2003-05-29,26.3900
2003-05-30,26.5800
2003-06-02,27.5600
2003-06-03,27.9900
2003-06-04,27.4900
2003-06-05,28.1600
2003-06-06,28.3800
2003-06-09,28.6200
2003-06-10,28.4400
2003-06-11,28.9700
2003-06-12,28.4800
2003-06-13,27.3900
2003-06-16,27.5000
2003-06-17,27.1400
2003-06-18,26.4300
2003-06-19,26.2100
2003-06-20,27.1300
2003-06-23,27.1300
2003-06-24,26.9600
2003-06-25,27.3400
2003-06-26,27.0600
2003-06-27,27.4500
2003-06-30,28.8800
2003-07-01,28.3300
2003-07-02,28.2000
2003-07-03,28.6300
2003-07-04,27.9700
2003-07-07,27.2300
2003-07-08,27.9500
2003-07-09,28.2100
2003-07-10,29.3700
2003-07-11,29.3600
2003-07-14,28.5200
2003-07-15,28.8700
2003-07-16,28.5100
2003-07-17,28.5900
2003-07-18,29.2000
2003-07-21,28.0100
2003-07-22,28.4000
2003-07-23,27.6700
2003-07-24,27.7300
2003-07-25,28.3000
2003-07-28,27.7100
2003-07-29,28.2700
2003-07-30,28.3100
2003-07-31,28.6800
2003-08-01,29.6300
2003-08-04,29.9100
2003-08-05,30.3700
2003-08-06,30.0100
2003-08-07,30.0600
2003-08-08,30.5900
2003-08-11,30.0500
2003-08-12,30.1300
2003-08-13,29.6600
2003-08-14,28.9600
2003-08-15,29.1800
2003-08-18,29.8800
2003-08-19,29.1800
2003-08-20,29.2800
2003-08-21,29.9500
2003-08-22,30.2200
2003-08-25,29.9800
2003-08-26,30.0800
2003-08-27,30.0500
2003-08-28,30.1000
2003-08-29,30.3800
2003-09-01,29.6400
2003-09-02,28.0800
2003-09-03,27.8900
2003-09-04,27.4900
2003-09-05,27.7200
2003-09-08,28.4700
2003-09-09,27.6400
2003-09-10,27.7600
2003-09-11,27.4800
2003-09-12,26.5200
2003-09-15,26.3800
2003-09-16,26.2800
2003-09-17,25.7600
2003-09-18,25.5600
2003-09-19,25.5100
2003-09-22,25.8200
2003-09-23,25.7400
2003-09-24,26.8100
2003-09-25,27.0400
2003-09-26,27.0200
2003-09-29,27.7700
2003-09-30,28.0900
2003-10-01,27.9800
2003-10-02,28.9000
2003-10-03,29.1400
2003-10-06,29.7500
2003-10-07,29.3500
2003-10-08,28.9600
2003-10-09,30.2100
2003-10-10,31.1300
2003-10-13,31.0000
2003-10-14,31.4500
2003-10-15,31.2300
2003-10-16,31.0500
2003-10-17,30.2700
2003-10-20,29.7800
2003-10-21,29.6100
2003-10-22,29.2500
2003-10-23,29.6300
2003-10-24,30.0100
2003-10-27,29.3800
2003-10-28,28.9900
2003-10-29,28.5600
2003-10-30,27.4700
2003-10-31,27.8800
2003-11-03,27.7800
2003-11-04,27.3200
2003-11-05,27.9000
2003-11-06,28.5200
2003-11-07,28.7300
2003-11-10,28.8200
2003-11-11,28.8800
2003-11-12,28.5800
2003-11-13,29.0100
2003-11-14,29.7800
2003-11-17,28.9800
2003-11-18,29.2600
2003-11-19,30.1300
2003-11-20,29.8800
2003-11-21,29.7900
2003-11-24,27.9900
2003-11-25,27.6200
2003-11-26,28.2300
2003-11-27,28.9000
2003-11-28,28.9500
2003-12-01,28.1700
2003-12-02,29.1000
2003-12-03,29.2600
2003-12-04,29.2500
2003-12-05,28.8700
2003-12-08,30.5200
2003-12-09,30.2700
2003-12-10,30.0200
2003-12-11,29.7900
2003-12-12,30.2400
2003-12-15,30.8900
2003-12-16,30.6400
2003-12-17,31.0100
2003-12-18,30.7900
2003-12-19,31.0300
2003-12-22,28.7800
2003-12-23,28.3000
2003-12-24,29.4500
2003-12-29,29.1700
2003-12-30,30.1000
2003-12-31,30.3000
2004-01-02,29.5500
2004-01-05,32.3000
2004-01-06,31.2000
2004-01-07,30.9900
2004-01-08,31.1100
2004-01-09,31.9100
2004-01-12,31.4100
2004-01-13,32.5500
2004-01-14,31.8400
2004-01-15,31.4300
2004-01-16,31.2600
2004-01-19,31.6700
2004-01-20,32.2600
2004-01-21,31.9500
2004-01-22,31.4200
2004-01-23,32.0800
2004-01-26,31.1500
2004-01-27,31.0500
2004-01-28,30.7700
2004-01-29,29.4700
2004-01-30,29.5300
2004-02-02,30.3000
2004-02-03,30.0700
2004-02-04,29.6300
2004-02-05,29.0200
2004-02-06,29.2600
2004-02-09,29.1000
2004-02-10,30.0600
2004-02-11,30.3300
2004-02-12,30.1700
2004-02-13,30.9600
2004-02-16,31.0800
2004-02-17,31.4300
2004-02-18,31.5700
2004-02-19,31.6300
2004-02-20,31.2200
2004-02-23,31.8900
2004-02-24,31.6000
2004-02-25,32.4600
2004-02-26,32.4500
2004-02-27,32.9400
2004-03-01,33.3400
2004-03-02,34.1500
2004-03-03,33.3200
2004-03-04,33.4500
2004-03-05,34.4000
2004-03-08,34.2700
2004-03-09,33.7200
2004-03-10,32.8300
2004-03-11,33.2200
2004-03-12,32.7600
2004-03-15,34.3900
2004-03-16,34.7200
2004-03-17,34.9500
2004-03-18,34.4300
2004-03-19,34.3300
2004-03-22,33.5700
2004-03-23,34.4000
2004-03-24,34.1400
2004-03-25,33.3200
2004-03-26,32.5100
2004-03-29,32.0400
2004-03-30,33.0400
2004-03-31,32.2900
2004-04-01,32.5900
2004-04-02,31.1900
2004-04-05,31.1700
2004-04-06,31.4800
2004-04-07,33.0700
2004-04-08,33.9800
2004-04-09,34.0300
2004-04-12,34.5100
2004-04-13,34.1500
2004-04-14,33.5400
2004-04-15,33.7200
2004-04-16,33.8500
2004-04-19,34.7100
2004-04-20,33.5600
2004-04-21,33.2300
2004-04-22,33.2400
2004-04-23,33.7800
2004-04-26,34.1800
2004-04-27,34.1100
2004-04-28,35.0200
2004-04-29,34.6600
2004-04-30,35.2300
2004-05-03,34.9700
2004-05-04,36.0700
2004-05-05,36.5800
2004-05-06,37.0500
2004-05-07,37.2500
2004-05-10,35.8300
2004-05-11,36.9700
2004-05-12,37.9500
2004-05-13,38.3000
2004-05-14,39.0400
2004-05-17,38.8800
2004-05-18,38.4300
2004-05-19,38.3500
2004-05-20,38.8900
2004-05-21,37.6000
2004-05-24,39.2200
2004-05-25,38.4600
2004-05-26,38.0500
2004-05-27,37.0300
2004-05-28,37.0000
2004-05-31,37.0000
2004-06-01,39.0500
2004-06-02,37.9900
2004-06-03,36.2600
2004-06-04,35.9700
2004-06-07,35.5700
2004-06-08,35.4700
2004-06-09,34.6900
2004-06-10,35.7500
2004-06-11,35.2300
2004-06-14,35.2200
2004-06-15,34.6600
2004-06-16,34.5600
2004-06-17,35.5800
2004-06-18,35.4300
2004-06-21,34.8200
2004-06-22,34.9500
2004-06-23,34.8100
2004-06-24,34.7100
2004-06-25,34.2500
2004-06-28,33.2400
2004-06-29,32.6100
2004-06-30,33.2200
2004-07-01,35.5800
2004-07-02,35.3600
2004-07-05,35.7300
2004-07-06,36.4700
2004-07-07,35.6200
2004-07-08,37.1300
2004-07-09,37.5800
2004-07-12,37.7300
2004-07-13,36.6800
2004-07-14,37.5100
2004-07-15,38.4100
2004-07-16,38.4900
2004-07-19,39.0700
2004-07-20,38.9600
2004-07-21,38.4800
2004-07-22,39.1600
2004-07-23,39.5900
2004-07-26,39.7500
2004-07-27,40.0900
2004-07-28,41.0800
2004-07-29,40.9300
2004-07-30,41.4700
2004-08-02,41.3500
2004-08-03,41.8200
2004-08-04,41.7500
2004-08-05,42.4900
2004-08-06,42.6300
2004-08-09,43.2100
2004-08-10,42.5000
2004-08-11,42.4500
2004-08-12,43.5000
2004-08-13,44.1300
2004-08-16,44.3500
2004-08-17,44.0500
2004-08-18,44.1200
2004-08-19,44.8400
2004-08-20,45.4600
2004-08-23,44.3900
2004-08-24,42.9900
2004-08-25,42.3900
2004-08-26,40.6500
2004-08-27,40.7200
2004-08-30,40.7800
2004-08-31,39.8000
2004-09-01,40.9600
2004-09-02,42.3900
2004-09-03,41.0700
2004-09-06,40.4000
2004-09-07,40.1900
2004-09-08,39.9100
2004-09-09,41.4500
2004-09-10,41.0300
2004-09-13,40.6300
2004-09-14,41.3400
2004-09-15,42.0300
2004-09-16,40.6800
2004-09-17,43.0800
2004-09-20,43.6000
2004-09-21,44.5600
2004-09-22,45.6600
2004-09-23,46.5300
2004-09-24,46.1300
2004-09-27,46.8700
2004-09-28,47.5200
2004-09-29,46.5400
2004-09-30,47.7600
2004-10-01,46.8600
2004-10-04,46.9900
2004-10-05,47.1000
2004-10-06,47.9500
2004-10-07,48.9800
2004-10-08,49.4100
2004-10-11,50.7500
2004-10-12,51.2800
2004-10-13,50.4200
2004-10-14,51.3100
2004-10-15,51.0200
2004-10-18,49.1600
2004-10-19,49.2100
2004-10-20,50.7800
2004-10-21,51.0600
2004-10-22,52.2800
2004-10-25,51.6800
2004-10-26,52.0400
2004-10-27,49.9900
2004-10-28,48.8800
2004-10-29,48.1600
2004-11-01,46.8400
2004-11-02,46.2500
2004-11-03,46.1400
2004-11-04,45.3200
2004-11-05,44.3700
2004-11-08,44.7800
2004-11-09,43.2700
2004-11-10,42.5700
2004-11-11,42.2200
2004-11-12,41.3300
2004-11-15,39.3200
2004-11-16,40.4800
2004-11-17,40.2700
2004-11-18,40.8000
2004-11-19,42.2900
2004-11-22,42.2600
2004-11-23,43.0300
2004-11-24,42.6200
2004-11-25,43.1200
2004-11-26,42.8700
2004-11-29,44.0500
2004-11-30,44.2300
2004-12-01,41.1900
2004-12-02,38.4900
2004-12-03,38.5700
2004-12-06,38.4300
2004-12-07,37.1100
2004-12-08,36.9000
2004-12-09,38.3300
2004-12-10,37.2400
2004-12-13,36.7700
2004-12-14,37.0300
2004-12-15,41.5300
2004-12-16,41.4900
2004-12-17,43.0600
2004-12-20,42.6700
2004-12-21,42.7600
2004-12-22,40.4400
2004-12-23,40.2900
2004-12-24,39.6000
2004-12-27,39.6000
2004-12-28,40.2400
2004-12-29,38.9300
2004-12-30,39.8000
2004-12-31,40.3800
2005-01-04,40.7500
2005-01-05,41.0000
2005-01-06,43.2500
2005-01-07,43.2800
2005-01-10,44.7100
2005-01-11,43.4500
2005-01-12,43.7500
2005-01-13,45.7600
2005-01-14,45.2600
2005-01-17,45.1000
2005-01-18,45.1800
2005-01-19,45.1600
2005-01-20,44.0600
2005-01-21,45.8800
2005-01-24,45.7400
2005-01-25,46.1400
2005-01-26,45.9400
2005-01-27,46.5100
2005-01-28,44.7500
2005-01-31,44.5100
2005-02-01,45.1200
2005-02-02,44.1700
2005-02-03,43.1300
2005-02-04,43.2600
2005-02-07,42.7000
2005-02-08,42.7900
2005-02-09,42.4900
2005-02-10,44.0400
2005-02-11,44.4100
2005-02-14,44.5100
2005-02-15,44.9100
2005-02-16,45.4200
2005-02-17,45.4200
2005-02-18,45.8600
2005-02-21,46.0900
2005-02-22,47.6000
2005-02-23,48.1600
2005-02-24,49.2400
2005-02-25,50.0500
2005-02-28,50.1300
2005-03-01,50.4700
2005-03-02,51.0500
2005-03-03,52.8900
2005-03-04,52.1000
2005-03-07,51.8700
2005-03-08,53.2900
2005-03-09,54.1100
2005-03-10,53.0400
2005-03-11,53.1500
2005-03-14,53.6800
2005-03-15,53.9700
2005-03-16,54.6100
2005-03-17,56.0300
2005-03-18,55.9700
2005-03-21,55.7900
2005-03-22,55.3900
2005-03-23,51.5200
2005-03-24,52.3500
2005-03-28,51.7500
2005-03-29,51.4200
2005-03-30,50.6300
2005-03-31,53.2200
2005-04-01,54.1400
2005-04-04,55.9200
2005-04-05,54.5300
2005-04-06,54.0800
2005-04-07,52.5700
2005-04-08,51.8300
2005-04-11,51.2100
2005-04-12,51.5300
2005-04-13,49.6700
2005-04-14,50.2100
2005-04-15,49.5200
2005-04-18,48.5800
2005-04-19,50.7900
2005-04-20,51.5300
2005-04-21,51.7300
2005-04-22,53.5100
2005-04-25,53.1000
2005-04-26,52.4700
2005-04-27,51.2900
2005-04-28,50.7400
2005-04-29,50.6100
2005-05-02,50.8900
2005-05-03,49.4800
2005-05-04,50.3600
2005-05-05,49.8100
2005-05-06,49.7000
2005-05-09,49.7100
2005-05-10,50.6100
2005-05-11,48.9100
2005-05-12,47.4000
2005-05-13,46.8500
2005-05-16,46.4200
2005-05-17,47.3100
2005-05-18,47.3500
2005-05-19,46.9200
2005-05-20,46.9100
2005-05-23,47.2800
2005-05-24,47.2900
2005-05-25,49.2400
2005-05-26,49.7100
2005-05-27,49.4200
2005-05-30,49.3300
2005-05-31,49.3000
2005-06-01,50.4600
2005-06-02,51.3000
2005-06-03,51.9000
2005-06-06,52.6100
2005-06-07,51.6200
2005-06-08,51.9200
2005-06-09,51.3600
2005-06-10,51.9800
2005-06-13,52.0000
2005-06-14,53.5200
2005-06-15,54.1200
2005-06-16,54.3000
2005-06-17,56.9200
2005-06-20,57.1000
2005-06-21,57.3600
2005-06-22,56.0600
2005-06-23,57.0300
2005-06-24,57.2100
2005-06-27,58.5000
2005-06-28,57.7500
2005-06-29,55.4200
2005-06-30,55.3600
2005-07-01,56.4100
2005-07-04,57.1300
2005-07-05,57.8600
2005-07-06,58.3800
2005-07-07,57.5500
2005-07-08,59.0000
2005-07-11,56.1000
2005-07-12,58.9500
2005-07-13,58.3300
2005-07-14,56.7900
2005-07-15,56.9800
2005-07-18,56.2500
2005-07-19,56.7500
2005-07-20,56.3900
2005-07-21,55.5900
2005-07-22,56.9800
2005-07-25,57.5100
2005-07-26,58.5800
2005-07-27,58.3400
2005-07-28,58.2800
2005-07-29,59.7700
2005-08-01,60.5600
2005-08-02,60.1300
2005-08-03,60.0400
2005-08-04,60.6200
2005-08-05,60.7300
2005-08-08,62.5600
2005-08-09,62.7900
2005-08-10,63.7700
2005-08-11,65.9000
2005-08-12,67.2600
2005-08-15,66.6800
2005-08-16,65.1000
2005-08-17,63.4100
2005-08-18,61.7500
2005-08-19,64.2100
2005-08-22,65.8700
2005-08-23,65.1600
2005-08-24,65.2500
2005-08-25,65.8800
2005-08-26,66.2300
2005-08-29,64.7700
2005-08-30,66.1500
2005-08-31,66.8000
2005-09-01,66.7900
2005-09-02,65.9500
2005-09-05,64.1600
2005-09-06,64.1600
2005-09-07,63.6000
2005-09-08,61.6600
2005-09-09,62.6200
2005-09-12,60.6900
2005-09-13,61.3100
2005-09-14,61.7000
2005-09-15,61.9000
2005-09-16,60.4800
2005-09-19,64.0400
2005-09-20,62.9800
2005-09-21,64.3100
2005-09-22,64.6400
2005-09-23,62.1700
2005-09-26,61.7300
2005-09-27,62.5600
2005-09-28,62.8100
2005-09-29,62.0200
2005-09-30,61.7000
2005-10-03,61.6400
2005-10-04,59.1700
2005-10-05,59.3300
2005-10-06,57.2000
2005-10-07,57.2900
2005-10-10,57.0100
2005-10-11,58.1000
2005-10-12,59.9100
2005-10-13,59.4800
2005-10-14,58.4500
2005-10-17,59.8100
2005-10-18,58.8500
2005-10-19,58.1300
2005-10-20,57.0400
2005-10-21,56.9400
2005-10-24,57.6400
2005-10-25,58.7200
2005-10-26,58.5600
2005-10-27,58.1000
2005-10-28,59.4700
2005-10-31,58.4700
2005-11-01,56.6900
2005-11-02,58.5300
2005-11-03,59.5500
2005-11-04,60.4800
2005-11-07,58.1900
2005-11-08,57.8900
2005-11-09,57.7100
2005-11-10,55.8500
2005-11-11,54.3000
2005-11-14,54.1000
2005-11-15,54.4500
2005-11-16,53.6800
2005-11-17,53.8000
2005-11-18,52.8400
2005-11-21,53.3600
2005-11-22,54.2100
2005-11-23,53.7300
2005-11-24,53.4100
2005-11-25,53.1500
2005-11-28,52.9100
2005-11-29,53.2400
2005-11-30,53.2500
2005-12-01,53.6500
2005-12-02,54.9100
2005-12-05,56.0500
2005-12-06,55.6800
2005-12-07,55.1700
2005-12-08,56.2600
2005-12-09,57.1800
2005-12-12,57.2300
2005-12-13,59.1600
2005-12-14,59.5900
2005-12-15,59.6700
2005-12-16,58.1100
2005-12-19,56.0900
2005-12-20,56.0800
2005-12-21,56.0500
2005-12-22,57.3000
2005-12-23,56.2800
2005-12-26,56.5400
2005-12-28,56.9100
2005-12-29,57.7200
2005-12-30,58.3400
2006-01-03,61.5100
2006-01-04,61.2500
2006-01-05,61.6800
2006-01-06,62.4300
2006-01-09,62.5100
2006-01-10,62.3200
2006-01-11,61.5400
2006-01-12,62.9500
2006-01-13,61.5800
2006-01-16,62.3400
2006-01-17,63.2200
2006-01-18,63.6000
2006-01-19,63.6400
2006-01-20,64.9200
2006-01-23,64.5600
2006-01-24,63.8200
2006-01-25,62.6100
2006-01-26,62.9300
2006-01-27,64.9500
2006-01-30,65.1400
2006-01-31,63.1900
2006-02-01,65.6400
2006-02-02,63.4900
2006-02-03,62.5400
2006-02-06,63.3200
2006-02-07,61.6400
2006-02-08,60.8200
2006-02-09,60.7000
2006-02-10,59.6600
2006-02-13,59.1600
2006-02-14,58.2700
2006-02-15,57.6700
2006-02-16,56.7800
2006-02-17,58.3400
2006-02-20,60.0500
2006-02-21,59.3500
2006-02-22,58.7100
2006-02-23,58.7100
2006-02-24,60.1300
2006-02-27,59.4400
2006-02-28,59.7800
2006-03-01,61.1200
2006-03-02,62.2700
2006-03-03,62.6900
2006-03-06,61.4100
2006-03-07,59.7900
2006-03-08,58.4200
2006-03-09,58.8200
2006-03-10,59.0400
2006-03-13,60.9900
2006-03-14,62.3900
2006-03-15,63.1200
2006-03-16,62.0700
2006-03-17,63.5400
2006-03-20,62.3000
2006-03-21,59.9600
2006-03-22,61.2300
2006-03-23,61.7600
2006-03-24,62.7800
2006-03-27,62.5900
2006-03-28,64.3100
2006-03-29,64.8800
2006-03-30,65.9500
2006-03-31,66.0600
2006-04-03,67.2800
2006-04-04,65.9300
2006-04-05,66.7400
2006-04-06,67.5800
2006-04-07,67.1100
2006-04-10,68.2000
2006-04-11,68.5200
2006-04-12,69.5400
2006-04-13,69.3900
2006-04-18,70.9700
2006-04-19,72.6900
2006-04-20,72.5700
2006-04-21,73.9400
2006-04-24,73.9600
2006-04-25,72.8600
2006-04-26,73.4600
2006-04-27,71.7900
2006-04-28,72.1500
2006-05-01,73.3700
2006-05-02,74.4500
2006-05-03,73.7300
2006-05-04,71.8400
2006-05-05,71.2200
2006-05-08,68.2600
2006-05-09,70.6000
2006-05-10,69.8300
2006-05-11,72.2000
2006-05-12,71.3000
2006-05-15,68.6900
2006-05-16,68.6600
2006-05-17,67.5200
2006-05-18,67.3900
2006-05-19,66.9300
2006-05-22,66.5200
2006-05-23,68.9700
2006-05-24,68.4500
2006-05-25,68.5100
2006-05-26,69.8800
2006-05-29,69.1600
2006-05-30,69.8200
2006-05-31,67.5700
2006-06-01,68.7700
2006-06-02,68.4200
2006-06-05,69.1300
2006-06-06,68.2500
2006-06-07,67.1700
2006-06-08,65.7600
2006-06-09,69.1300
2006-06-12,68.6200
2006-06-13,65.6700
2006-06-14,65.5200
2006-06-15,66.0400
2006-06-16,65.0100
2006-06-19,66.4000
2006-06-20,67.5700
2006-06-21,68.1700
2006-06-22,69.6000
2006-06-23,69.9100
2006-06-26,69.8500
2006-06-27,71.2600
2006-06-28,71.7600
2006-06-29,73.0200
2006-06-30,73.2000
2006-07-03,73.9400
2006-07-04,73.1700
2006-07-05,72.8800
2006-07-06,73.1200
2006-07-07,74.1400
2006-07-10,72.3900
2006-07-11,73.1400
2006-07-12,73.0400
2006-07-13,75.2300
2006-07-14,76.1300
2006-07-17,75.1200
2006-07-18,75.3200
2006-07-19,71.6200
2006-07-20,72.5600
2006-07-21,72.9600
2006-07-24,72.0900
2006-07-25,72.4900
2006-07-26,73.7600
2006-07-27,75.3600
2006-07-28,73.9500
2006-07-31,74.7500
2006-08-01,76.3900
2006-08-02,77.6300
2006-08-03,76.2800
2006-08-04,76.5300
2006-08-07,77.8200
2006-08-08,77.9300
2006-08-09,78.2600
2006-08-10,75.6900
2006-08-11,75.1900
2006-08-14,73.7800
2006-08-15,73.5700
2006-08-16,72.6700
2006-08-17,70.4200
2006-08-18,71.3000
2006-08-21,72.4200
2006-08-22,72.0600
2006-08-23,71.1200
2006-08-24,71.4000
2006-08-25,72.5800
2006-08-28,69.4400
2006-08-29,67.0100
2006-08-30,67.1500
2006-08-31,67.6600
2006-09-01,70.4900
2006-09-04,68.6200
2006-09-05,65.9400
2006-09-06,65.4100
2006-09-07,64.5200
2006-09-08,64.3000
2006-09-11,62.4100
2006-09-12,62.2300
2006-09-13,61.2800
2006-09-14,60.7500
2006-09-15,60.2300
2006-09-18,61.4700
2006-09-19,62.5200
2006-09-20,59.0900
2006-09-21,59.2700
2006-09-22,58.8100
2006-09-25,57.8900
2006-09-26,58.5300
2006-09-27,57.6000
2006-09-28,60.6800
2006-09-29,59.0900
2006-10-02,58.8000
2006-10-03,56.2800
2006-10-04,55.8200
2006-10-05,57.9300
2006-10-06,56.9000
2006-10-09,59.2500
2006-10-10,57.8000
2006-10-11,57.7500
2006-10-12,57.8700
2006-10-13,58.9700
2006-10-16,58.2200
2006-10-17,60.1300
2006-10-18,58.5100
2006-10-19,57.7400
2006-10-20,57.9400
2006-10-23,56.5600
2006-10-24,56.5600
2006-10-25,58.7900
2006-10-26,58.7600
2006-10-27,57.9900
2006-10-30,57.0800
2006-10-31,56.1300
2006-11-01,56.3700
2006-11-02,56.2600
2006-11-03,56.5500
2006-11-06,57.0200
2006-11-07,56.9900
2006-11-08,57.1800
2006-11-09,59.7200
2006-11-10,59.1800
2006-11-13,56.8800
2006-11-14,57.9000
2006-11-15,57.9700
2006-11-16,59.5000
2006-11-17,57.0100
2006-11-20,57.3800
2006-11-21,59.5300
2006-11-22,58.6600
2006-11-23,59.7000
2006-11-24,60.7200
2006-11-27,60.5200
2006-11-28,61.2200
2006-11-29,62.1300
2006-11-30,64.3600
2006-12-01,64.7400
2006-12-04,63.9700
2006-12-05,63.6500
2006-12-06,63.7000
2006-12-07,63.1700
2006-12-08,63.6700
2006-12-11,62.5900
2006-12-12,62.5800
2006-12-13,61.8900
2006-12-14,62.8500
2006-12-15,62.9100
2006-12-18,62.8100
2006-12-19,62.1900
2006-12-20,63.1300
2006-12-21,62.1300
2006-12-22,61.9200
2006-12-27,60.7000
2006-12-28,59.4100
2006-12-29,58.9600
2007-01-02,58.4900
2007-01-03,56.6300
2007-01-04,54.5800
2007-01-05,52.8200
2007-01-08,52.8200
2007-01-09,52.3800
2007-01-10,52.1100
2007-01-11,51.6800
2007-01-12,49.9500
2007-01-16,51.2800
2007-01-17,51.1900
2007-01-18,50.8300
2007-01-19,52.2900
2007-01-22,54.3400
2007-01-23,53.9300
2007-01-24,55.1100
2007-01-25,55.6700
2007-01-26,55.2900
2007-01-29,54.7100
2007-01-30,54.6900
2007-01-31,56.5200
2007-02-01,56.7400
2007-02-02,56.9300
2007-02-05,58.6700
2007-02-06,58.0400
2007-02-07,58.3500
2007-02-08,57.2400
2007-02-09,57.2100
2007-02-12,55.5200
2007-02-13,56.1200
2007-02-14,55.0500
2007-02-15,54.2500
2007-02-16,56.7800
2007-02-20,55.9100
2007-02-21,57.7400
2007-02-22,58.6200
2007-02-23,60.3800
2007-02-26,60.3400
2007-02-27,60.2800
2007-02-28,59.3900
2007-03-01,61.1800
2007-03-02,61.9200
2007-03-05,59.7800
2007-03-06,59.6800
2007-03-07,61.1300
2007-03-08,60.9000
2007-03-09,60.2500
2007-03-12,60.5900
2007-03-13,61.5200
2007-03-14,60.8900
2007-03-15,60.4000
2007-03-16,60.9300
2007-03-19,60.4900
2007-03-20,60.1100
2007-03-21,60.1800
2007-03-22,61.5700
2007-03-23,63.1000
2007-03-26,64.4300
2007-03-27,64.2500
2007-03-28,66.1500
2007-03-29,67.1900
2007-03-30,68.4700
2007-04-02,68.9400
2007-04-03,68.0000
2007-04-04,68.0900
2007-04-05,69.1500
2007-04-10,67.6400
2007-04-11,68.6000
2007-04-12,67.7900
2007-04-13,68.7800
2007-04-16,67.1000
2007-04-17,66.3400
2007-04-18,65.0900
2007-04-19,66.1700
2007-04-20,66.3400
2007-04-23,66.8000
2007-04-24,67.9400
2007-04-25,67.4400
2007-04-26,67.5100
2007-04-27,67.2800
2007-04-30,67.2300
2007-05-01,67.4000
2007-05-02,65.5700
2007-05-03,64.8500
2007-05-04,65.1400
2007-05-07,62.7000
2007-05-08,63.5500
2007-05-09,63.5000
2007-05-10,64.6300
2007-05-11,65.1800
2007-05-14,65.8600
2007-05-15,66.7400
2007-05-16,66.8300
2007-05-17,69.0800
2007-05-18,69.2600
2007-05-21,69.5100
2007-05-22,70.0500
2007-05-23,71.0100
2007-05-24,71.9600
2007-05-25,70.7200
2007-05-29,69.3100
2007-05-30,67.6400
2007-05-31,68.1800
2007-06-01,68.6500
2007-06-04,70.9000
2007-06-05,71.3600
2007-06-06,71.5000
2007-06-07,72.3600
2007-06-08,70.0400
2007-06-11,68.8500
2007-06-12,68.5600
2007-06-13,69.2400
2007-06-14,71.1800
2007-06-15,71.6300
2007-06-18,72.3300
2007-06-19,72.1700
2007-06-20,70.5500
2007-06-21,71.8100
2007-06-22,72.0400
2007-06-25,71.3600
2007-06-26,71.4100
2007-06-27,71.8400
2007-06-28,71.9600
2007-06-29,72.2200
2007-07-02,72.9000
2007-07-03,74.2600
2007-07-05,75.4000
2007-07-06,76.5800
2007-07-09,77.1000
2007-07-10,77.8800
2007-07-11,77.4400
2007-07-12,78.2400
2007-07-13,78.1200
2007-07-16,78.1700
2007-07-17,77.5900
2007-07-18,78.0000
2007-07-19,78.3700
2007-07-20,79.0900
2007-07-23,78.3600
2007-07-24,75.8800
2007-07-25,75.2100
2007-07-26,77.2800
2007-07-27,76.5800
2007-07-30,76.0700
2007-07-31,77.0100
2007-08-01,77.1100
2007-08-02,76.1400
2007-08-03,75.3600
2007-08-06,72.6900
2007-08-07,70.4200
2007-08-08,70.7300
2007-08-09,70.0800
2007-08-10,69.5700
2007-08-13,71.3000
2007-08-14,69.2900
2007-08-15,71.3000
2007-08-16,68.7700
2007-08-17,69.8000
2007-08-20,68.3700
2007-08-21,67.8800
2007-08-22,67.7300
2007-08-23,68.7300
2007-08-24,69.4900
2007-08-27,68.8500
2007-08-28,69.6600
2007-08-29,70.4800
2007-08-30,71.4600
2007-08-31,72.2900
2007-09-04,74.2200
2007-09-05,74.7200
2007-09-06,76.2100
2007-09-07,75.0800
2007-09-10,74.9700
2007-09-11,76.2300
2007-09-12,77.1500
2007-09-13,77.8400
2007-09-14,78.2700
2007-09-17,77.9900
2007-09-18,77.0000
2007-09-19,78.4700
2007-09-20,78.4800
2007-09-21,78.9100
2007-09-24,77.8700
2007-09-25,76.8200
2007-09-26,76.2100
2007-09-27,78.8800
2007-09-28,80.9700
2007-10-01,78.3300
2007-10-02,76.8700
2007-10-03,77.8000
2007-10-04,77.8400
2007-10-05,79.0500
2007-10-08,76.9400
2007-10-09,77.8200
2007-10-10,77.8500
2007-10-11,80.8300
2007-10-12,80.8200
2007-10-15,82.5000
2007-10-16,84.4300
2007-10-17,85.2400
2007-10-18,85.0300
2007-10-19,84.2500
2007-10-22,82.7200
2007-10-23,82.3100
2007-10-24,83.4700
2007-10-25,85.4000
2007-10-26,84.7100
2007-10-29,89.8700
2007-10-30,89.8700
2007-10-31,89.8700
2007-11-01,90.3600
2007-11-02,92.1100
2007-11-05,92.1600
2007-11-06,93.9900
2007-11-07,94.8500
2007-11-08,94.4000
2007-11-09,92.3200
2007-11-12,91.5600
2007-11-13,89.0900
2007-11-14,90.7300
2007-11-15,90.3200
2007-11-16,91.9900
2007-11-19,91.5900
2007-11-20,94.1300
2007-11-21,94.9700
2007-11-23,95.3300
2007-11-26,94.8800
2007-11-27,93.2300
2007-11-28,91.6400
2007-11-29,92.3400
2007-11-30,88.7100
2007-12-03,87.8500
2007-12-04,89.9700
2007-12-05,90.7000
2007-12-06,88.4600
2007-12-07,88.4600
2007-12-10,87.3300
2007-12-11,87.7700
2007-12-12,91.6900
2007-12-13,92.5700
2007-12-14,91.8600
2007-12-17,90.3200
2007-12-18,90.7100
2007-12-19,90.9800
2007-12-20,91.0600
2007-12-21,91.0300
2007-12-24,91.5900
2007-12-27,95.6600
2007-12-28,95.9200
2007-12-31,93.6800
2008-01-02,97.0100
2008-01-03,98.4500
2008-01-04,96.8700
2008-01-07,94.1900
2008-01-08,96.3700
2008-01-09,96.7600
2008-01-10,92.8000
2008-01-11,91.8600
2008-01-14,92.5800
2008-01-15,90.8700
2008-01-16,88.1000
2008-01-17,88.9600
2008-01-18,89.6600
2008-01-22,88.1100
2008-01-23,87.0600
2008-01-24,87.6900
2008-01-25,90.9600
2008-01-28,90.9100
2008-01-29,92.4900
2008-01-30,92.4600
2008-01-31,91.5800
2008-02-01,91.4100
2008-02-04,91.0900
2008-02-05,89.6000
2008-02-06,88.7300
2008-02-07,88.5500
2008-02-08,91.4500
2008-02-11,93.9300
2008-02-12,94.2800
2008-02-13,93.8200
2008-02-14,95.9200
2008-02-15,96.9600
2008-02-19,97.0300
2008-02-20,97.8800
2008-02-21,97.5200
2008-02-22,96.0700
2008-02-25,97.4300
2008-02-26,99.0500
2008-02-27,98.2800
2008-02-28,99.8300
2008-02-29,100.9000
2008-03-03,101.8300
2008-03-04,98.6000
2008-03-05,100.9500
2008-03-06,103.4700
2008-03-07,104.6600
2008-03-10,105.3300
2008-03-11,106.7800
2008-03-12,107.9900
2008-03-13,109.1800
2008-03-14,109.1600
2008-03-17,104.4100
2008-03-18,105.3500
2008-03-19,102.6500
2008-03-20,99.7800
2008-03-24,100.9300
2008-03-25,99.9100
2008-03-26,102.8300
2008-03-27,103.8900
2008-03-28,102.6800
2008-03-31,102.3300
2008-04-01,98.6900
2008-04-02,98.8500
2008-04-03,102.3100
2008-04-04,102.2100
2008-04-07,105.9800
2008-04-08,105.0500
2008-04-09,107.4600
2008-04-10,107.3700
2008-04-11,107.1500
2008-04-14,108.3200
2008-04-15,110.8400
2008-04-16,110.9500
2008-04-17,111.3400
2008-04-18,110.6700
2008-04-21,111.3500
2008-04-22,113.5400
2008-04-23,115.3400
2008-04-24,114.8500
2008-04-25,116.6200
2008-04-28,115.7000
2008-04-29,113.8600
2008-04-30,111.1200
2008-05-01,107.3000
2008-05-02,111.9200
2008-05-05,115.6800
2008-05-06,119.8800
2008-05-07,120.2700
2008-05-08,119.8500
2008-05-09,123.5400
2008-05-12,122.8900
2008-05-13,123.1100
2008-05-14,121.1800
2008-05-15,122.7600
2008-05-16,122.9800
2008-05-19,122.1900
2008-05-20,124.1200
2008-05-21,127.2800
2008-05-22,129.0400
2008-05-23,129.7200
2008-05-27,128.9200
2008-05-28,128.9300
2008-05-29,129.3300
2008-05-30,127.8500
2008-06-02,128.5000
2008-06-03,126.2800
2008-06-04,121.7200
2008-06-05,122.3600
2008-06-06,132.8100
2008-06-09,134.4300
2008-06-10,135.2400
2008-06-11,134.5200
2008-06-12,132.1100
2008-06-13,134.2900
2008-06-16,133.9000
2008-06-17,131.2700
2008-06-18,129.1200
2008-06-19,131.8400
2008-06-20,134.2800
2008-06-23,134.5400
2008-06-24,135.3700
2008-06-25,131.5900
2008-06-26,136.8200
2008-06-27,139.3800
2008-06-30,138.4000
2008-07-01,140.6700
2008-07-02,141.2400
2008-07-03,143.9500
2008-07-07,139.6200
2008-07-08,134.1500
2008-07-09,133.9100
2008-07-10,135.8100
2008-07-11,143.6800
2008-07-14,142.4300
2008-07-15,136.0200
2008-07-16,133.3100
2008-07-17,134.1600
2008-07-18,129.3400
2008-07-21,129.3400
2008-07-22,127.1800
2008-07-23,126.8600
2008-07-24,125.4300
2008-07-25,124.7000
2008-07-28,125.6700
2008-07-29,125.7700
2008-07-30,122.4600
2008-07-31,124.1000
2008-08-01,124.1600
2008-08-04,121.8700
2008-08-05,116.5000
2008-08-06,114.4700
2008-08-07,116.9400
2008-08-08,113.0300
2008-08-11,110.5400
2008-08-12,108.9800
2008-08-13,110.6800
2008-08-14,111.8200
2008-08-15,108.8000
2008-08-18,109.3300
2008-08-19,109.0200
2008-08-20,108.7200
2008-08-21,117.2400
2008-08-22,113.9900
2008-08-25,109.7400
2008-08-26,112.2000
2008-08-27,113.0500
2008-08-28,113.5400
2008-08-29,113.4900
2008-09-02,104.9400
2008-09-03,103.8800
2008-09-04,103.4100
2008-09-05,102.5100
2008-09-08,101.0800
2008-09-09,98.9400
2008-09-10,96.0000
2008-09-11,96.0100
2008-09-12,94.3700
2008-09-15,90.4500
2008-09-16,85.8500
2008-09-17,86.0900
2008-09-18,90.8900
2008-09-19,93.4600
2008-09-22,100.4300
2008-09-23,100.7200
2008-09-24,102.0900
2008-09-25,100.4500
2008-09-26,100.8800
2008-09-29,95.9600
2008-09-30,93.5200
2008-10-01,92.1900
2008-10-02,88.8800
2008-10-03,88.9500
2008-10-06,84.7100
2008-10-07,83.1700
2008-10-08,80.7700
2008-10-09,81.6500
2008-10-10,74.5800
2008-10-13,74.3700
2008-10-14,74.9800
2008-10-15,66.8600
2008-10-16,64.1400
2008-10-17,66.0500
2008-10-20,67.4500
2008-10-21,65.9900
2008-10-22,62.9500
2008-10-23,65.0600
2008-10-24,60.5700
2008-10-27,59.3400
2008-10-28,58.8700
2008-10-29,64.0000
2008-10-30,60.8600
2008-10-31,60.0000
2008-11-03,60.3200
2008-11-04,62.7800
2008-11-05,61.0900
2008-11-06,56.1400
2008-11-07,56.8400
2008-11-10,57.0800
2008-11-11,54.7600
2008-11-12,52.4700
2008-11-13,51.3200
2008-11-14,50.7000
2008-11-17,50.8200
2008-11-18,49.1000
2008-11-19,48.3500
2008-11-20,45.7900
2008-11-21,44.9100
2008-11-24,49.5100
2008-11-25,47.5100
2008-11-26,49.3900
2008-11-28,47.7200
2008-12-01,47.5800
2008-12-02,45.6400
2008-12-03,44.3900
2008-12-04,43.8300
2008-12-05,37.0400
2008-12-08,40.0200
2008-12-09,39.7700
2008-12-10,39.3400
2008-12-11,43.5400
2008-12-12,42.3800
2008-12-15,45.0200
2008-12-16,42.0000
2008-12-17,41.8400
2008-12-18,40.1900
2008-12-19,39.5200
2008-12-22,38.0800
2008-12-23,35.2700
2008-12-24,34.4500
2008-12-26,33.7300
2008-12-29,34.1600
2008-12-30,35.2200
2008-12-31,35.8200
2009-01-02,42.9400
2009-01-05,45.8400
2009-01-06,48.8900
2009-01-07,46.2300
2009-01-08,42.9400
2009-01-09,42.3400
2009-01-12,40.8600
2009-01-13,43.0500
2009-01-14,42.2700
2009-01-15,42.3200
2009-01-16,43.4200
2009-01-20,41.2200
2009-01-21,39.9000
2009-01-22,42.4200
2009-01-23,43.1300
2009-01-26,48.0000
2009-01-27,42.8600
2009-01-28,42.8600
2009-01-29,43.1300
2009-01-30,44.1700
2009-02-02,42.9600
2009-02-03,43.1500
2009-02-04,43.6800
2009-02-05,43.9200
2009-02-06,44.4900
2009-02-09,47.2300
2009-02-10,45.8800
2009-02-11,44.2400
2009-02-12,47.2300
2009-02-13,43.3600
2009-02-17,39.6900
2009-02-18,39.4100
2009-02-19,42.3600
2009-02-20,42.1900
2009-02-23,41.2700
2009-02-24,40.1800
2009-02-25,42.3700
2009-02-26,45.1500
2009-02-27,44.4100
2009-03-02,42.6000
2009-03-03,42.7200
2009-03-04,46.0700
2009-03-05,44.4500
2009-03-06,43.4800
2009-03-09,44.5500
2009-03-10,44.9900
2009-03-11,43.2000
2009-03-12,42.1900
2009-03-13,44.9700
2009-03-16,44.1200
2009-03-17,45.5300
2009-03-18,45.2200
2009-03-19,48.0300
2009-03-20,49.2700
2009-03-23,51.8400
2009-03-24,51.3200
2009-03-25,51.4600
2009-03-26,51.8900
2009-03-27,50.8100
2009-03-30,49.0500
2009-03-31,46.1300
2009-04-01,45.9200
2009-04-02,50.8900
2009-04-03,50.4800
2009-04-06,50.9100
2009-04-07,50.6200
2009-04-08,52.0600
2009-04-09,52.3300
2009-04-13,50.7300
2009-04-14,52.0600
2009-04-15,51.3100
2009-04-16,51.8300
2009-04-17,52.0200
2009-04-20,49.0600
2009-04-21,48.6900
2009-04-22,48.5000
2009-04-23,48.2900
2009-04-24,50.2900
2009-04-27,48.6700
2009-04-28,48.6400
2009-04-29,50.2200
2009-04-30,50.3000
2009-05-01,51.7500
2009-05-04,53.2600
2009-05-05,53.1600
2009-05-06,55.0700
2009-05-07,56.6300
2009-05-08,56.0200
2009-05-11,55.9900
2009-05-12,56.5200
2009-05-13,56.8400
2009-05-14,56.2500
2009-05-15,56.3300
2009-05-18,56.5100
2009-05-19,57.1200
2009-05-20,59.1000
2009-05-21,58.0200
2009-05-22,58.7000
2009-05-26,59.0500
2009-05-27,61.2800
2009-05-28,63.4700
2009-05-29,64.9800
2009-06-01,66.6000
2009-06-02,67.6700
2009-06-03,66.1500
2009-06-04,67.6800
2009-06-05,67.7700
2009-06-08,67.6100
2009-06-09,68.9400
2009-06-10,70.5200
2009-06-11,71.7100
2009-06-12,70.6200
2009-06-15,68.4900
2009-06-16,70.5200
2009-06-17,68.9500
2009-06-18,69.9600
2009-06-19,70.4800
2009-06-22,66.1300
2009-06-23,66.3600
2009-06-24,68.4700
2009-06-25,68.8200
2009-06-26,68.1000
2009-06-29,69.7500
2009-06-30,68.1100
2009-07-01,68.5200
2009-07-02,65.7400
2009-07-06,63.1200
2009-07-07,61.5400
2009-07-08,59.7100
2009-07-09,59.1700
2009-07-10,58.4300
2009-07-13,58.2500
2009-07-14,60.4800
2009-07-15,61.2500
2009-07-16,62.0200
2009-07-17,63.5400
2009-07-20,64.6400
2009-07-21,65.9300
2009-07-22,65.3600
2009-07-23,68.0600
2009-07-24,68.8200
2009-07-27,69.7800
2009-07-28,68.5300
2009-07-29,65.7900
2009-07-30,68.8200
2009-07-31,70.0800
2009-08-03,72.9000
2009-08-04,73.8200
2009-08-05,74.3900
2009-08-06,74.6100
2009-08-07,74.2100
2009-08-10,73.7900
2009-08-11,71.5800
2009-08-12,74.0300
2009-08-13,73.7600
2009-08-14,71.3300
2009-08-17,68.6500
2009-08-18,68.6600
2009-08-19,72.8100
2009-08-20,73.7500
2009-08-21,73.7100
2009-08-24,74.3400
2009-08-25,73.1000
2009-08-26,70.7400
2009-08-27,70.6800
2009-08-28,72.8000
2009-08-31,69.0200
2009-09-01,68.7800
2009-09-02,67.6000
2009-09-03,66.7800
2009-09-04,65.8400
2009-09-08,69.2000
2009-09-09,69.7600
2009-09-10,68.9600
2009-09-11,68.7600
2009-09-14,66.9100
2009-09-15,66.5300
2009-09-16,68.5100
2009-09-17,71.5600
2009-09-18,70.7200
2009-09-21,68.1100
2009-09-22,69.6500
2009-09-23,67.4300
2009-09-24,64.9900
2009-09-25,64.6000
2009-09-28,65.4300
2009-09-29,64.6300
2009-09-30,65.8200
2009-10-01,67.1200
2009-10-02,66.5000
2009-10-05,65.2600
2009-10-06,68.5100
2009-10-07,67.6500
2009-10-08,68.4700
2009-10-09,69.4500
2009-10-12,70.7500
2009-10-13,70.8100
2009-10-14,72.1600
2009-10-15,73.1400
2009-10-16,74.5800
2009-10-19,75.8600
2009-10-20,76.5100
2009-10-21,77.7400
2009-10-22,78.3600
2009-10-23,77.7200
2009-10-26,76.4500
2009-10-27,76.6900
2009-10-28,75.1100
2009-10-29,77.1800
2009-10-30,74.9100
2009-11-02,75.5600
2009-11-03,75.6800
2009-11-04,78.2100
2009-11-05,78.0200
2009-11-06,75.5100
2009-11-09,77.1800
2009-11-10,77.0700
2009-11-11,76.9900
2009-11-12,75.1800
2009-11-13,74.8100
2009-11-16,77.1400
2009-11-17,77.3600
2009-11-18,78.6400
2009-11-19,76.4500
2009-11-20,75.6100
2009-11-23,78.1400
2009-11-24,75.3500
2009-11-25,76.5700
2009-11-27,76.0000
2009-11-30,77.7700
2009-12-01,78.6800
2009-12-02,76.9600
2009-12-03,77.7600
2009-12-04,77.7400
2009-12-07,76.1800
2009-12-08,74.9300
2009-12-09,73.6300
2009-12-10,70.9100
2009-12-11,70.0700
2009-12-14,71.1900
2009-12-15,71.3300
2009-12-16,73.3400
2009-12-17,71.2800
2009-12-18,71.8700
2009-12-21,72.7400
2009-12-22,71.6400
2009-12-23,73.8700
2009-12-24,75.1500
2009-12-28,76.5900
2009-12-29,76.6500
2009-12-30,77.6200
2009-12-31,77.9100
2010-01-04,79.0500
2010-01-05,79.2700
2010-01-06,80.1400
2010-01-07,80.5700
2010-01-08,80.0600
2010-01-11,80.1400
2010-01-12,79.3800
2010-01-13,77.5700
2010-01-14,77.6100
2010-01-15,76.8500
2010-01-19,75.1800
2010-01-20,75.0900
2010-01-21,74.1300
2010-01-22,72.7300
2010-01-25,72.1800
2010-01-26,72.6300
2010-01-27,72.7500
2010-01-28,70.6500
2010-01-29,71.2000
2010-02-01,71.5800
2010-02-02,73.9400
2010-02-03,75.7700
2010-02-04,71.3000
2010-02-05,70.1100
2010-02-08,69.6200
2010-02-09,70.4000
2010-02-10,70.4000
2010-02-11,72.3500
2010-02-12,71.4900
2010-02-16,74.8200
2010-02-17,74.8900
2010-02-18,76.6100
2010-02-19,76.8800
2010-02-22,76.9500
2010-02-23,76.4400
2010-02-24,77.0000
2010-02-25,74.3800
2010-02-26,76.3600
2010-03-01,76.0700
2010-03-02,77.5000
2010-03-03,78.6600
2010-03-04,77.8800
2010-03-05,79.2000
2010-03-08,78.9400
2010-03-09,78.7700
2010-03-10,80.2900
2010-03-11,79.4400
2010-03-12,79.3800
2010-03-15,77.0800
2010-03-16,79.4500
2010-03-17,80.2800
2010-03-18,80.0900
2010-03-19,78.3700
2010-03-22,78.0900
2010-03-23,79.1700
2010-03-24,78.0300
2010-03-25,78.6400
2010-03-26,77.9800
2010-03-29,79.8900
2010-03-30,79.4600
2010-03-31,80.3700
2010-04-01,82.6300
2010-04-05,84.4800
2010-04-06,85.0500
2010-04-07,84.4900
2010-04-08,82.6300
2010-04-09,82.7700
2010-04-12,85.2100
2010-04-13,83.4400
2010-04-14,85.8100
2010-04-15,86.9000
2010-04-16,84.8100
2010-04-19,83.0900
2010-04-20,84.7300
2010-04-21,84.5500
2010-04-22,84.5800
2010-04-23,86.0900
2010-04-26,86.7200
2010-04-27,85.5900
2010-04-28,84.5900
2010-04-29,86.8200
2010-04-30,86.1900
2010-05-03,88.0900
2010-05-04,85.3900
2010-05-05,82.3100
2010-05-06,80.2100
2010-05-07,76.4800
2010-05-10,78.0800
2010-05-11,79.0000
2010-05-12,78.7000
2010-05-13,79.4100
2010-05-14,76.4300
2010-05-17,73.8700
2010-05-18,75.1200
2010-05-19,71.8600
2010-05-20,69.5600
2010-05-21,70.4500
2010-05-24,69.6200
2010-05-25,67.1800
2010-05-26,70.5900
2010-05-27,73.5600
2010-05-28,73.0000
2010-06-01,73.0800
2010-06-02,72.7800
2010-06-03,73.1200
2010-06-04,71.8400
2010-06-07,71.0900
2010-06-08,71.4300
2010-06-09,73.6800
2010-06-10,74.3300
2010-06-11,73.2800
2010-06-14,75.1100
2010-06-15,75.2900
2010-06-16,76.1200
2010-06-17,77.5200
2010-06-18,77.0500
2010-06-21,78.5300
2010-06-22,78.0800
2010-06-23,75.2200
2010-06-24,75.1700
2010-06-25,76.2100
2010-06-28,76.6600
2010-06-29,74.2100
2010-06-30,74.9400
2010-07-01,71.7300
2010-07-02,71.7500
2010-07-06,73.0800
2010-07-07,72.9700
2010-07-08,74.5600
2010-07-09,75.2000
2010-07-12,74.3500
2010-07-13,76.4500
2010-07-14,76.6300
2010-07-15,75.5200
2010-07-16,75.5500
2010-07-19,76.2900
2010-07-20,76.3100
2010-07-21,75.7500
2010-07-22,77.5900
2010-07-23,77.2700
2010-07-26,77.9000
2010-07-27,75.5200
2010-07-28,76.6600
2010-07-29,78.6000
2010-07-30,77.5000
2010-08-02,81.9300
2010-08-03,83.6000
2010-08-04,83.7600
2010-08-05,82.9000
2010-08-06,81.2800
2010-08-09,81.5400
2010-08-10,79.8900
2010-08-11,77.8300
2010-08-12,76.6300
2010-08-13,75.1400
2010-08-16,74.5600
2010-08-17,76.7400
2010-08-18,75.1000
2010-08-19,74.8400
2010-08-20,73.4800
2010-08-23,73.0800
2010-08-24,70.6100
2010-08-25,70.7400
2010-08-26,74.5000
2010-08-27,75.1600
2010-08-30,76.0500
2010-08-31,75.5100
2010-09-01,75.5300
2010-09-02,74.9300
2010-09-03,75.0300
2010-09-07,75.7800
2010-09-08,77.4800
2010-09-09,77.8700
2010-09-10,77.5400
2010-09-13,78.5200
2010-09-14,78.8900
2010-09-15,78.4600
2010-09-16,78.8900
2010-09-17,77.4300
2010-09-20,79.4200
2010-09-21,78.7600
2010-09-22,77.2900
2010-09-23,77.6900
2010-09-24,78.7300
2010-09-27,77.7100
2010-09-28,79.1400
2010-09-29,78.7900
2010-09-30,80.7700
2010-10-01,82.6900
2010-10-04,83.4200
2010-10-05,83.3500
2010-10-06,85.0100
2010-10-07,83.6700
2010-10-08,83.8800
2010-10-11,83.0800
2010-10-12,82.9900
2010-10-13,84.0100
2010-10-14,83.5500
2010-10-15,81.9400
2010-10-18,82.3000
2010-10-19,81.1200
2010-10-20,81.6800
2010-10-21,81.2800
2010-10-22,80.7500
2010-10-25,81.9100
2010-10-26,82.6200
2010-10-27,81.2700
2010-10-28,82.9700
2010-10-29,82.4700
2010-11-01,84.0600
2010-11-02,84.7100
2010-11-03,85.3300
2010-11-04,86.8300
2010-11-05,87.0500
2010-11-08,87.1500
2010-11-09,87.9300
2010-11-10,87.9200
2010-11-11,88.0800
2010-11-12,86.0700
2010-11-15,85.4900
2010-11-16,83.9800
2010-11-17,83.3600
2010-11-18,83.7000
2010-11-19,83.1700
2010-11-22,82.3400
2010-11-23,82.3700
2010-11-24,84.5300
2010-11-26,84.7800
2010-11-29,85.9000
2010-11-30,86.0200
2010-12-01,88.5600
2010-12-02,89.3700
2010-12-03,90.6500
2010-12-06,91.2500
2010-12-07,90.7800
2010-12-08,89.7400
2010-12-09,89.9300
2010-12-10,89.5400
2010-12-13,90.4000
2010-12-14,90.6300
2010-12-15,91.3300
2010-12-16,91.0900
2010-12-17,91.1100
2010-12-20,91.3100
2010-12-21,93.1100
2010-12-22,93.5500
2010-12-23,93.6300
2010-12-27,93.0800
2010-12-28,93.5200
2010-12-29,93.5200
2010-12-30,92.5000
2010-12-31,93.2300
2011-01-03,95.8200
2011-01-04,93.5200
2011-01-05,95.0700
2011-01-06,94.9500
2011-01-07,94.2500
2011-01-10,95.0500
2011-01-11,96.8000
2011-01-12,97.8600
2011-01-13,97.8600
2011-01-14,97.8600
2011-01-18,97.8300
2011-01-19,98.4200
2011-01-20,96.2700
2011-01-21,96.8400
2011-01-24,96.7600
2011-01-25,96.7600
2011-01-26,96.0400
2011-01-27,96.4800
2011-01-28,97.0600
2011-01-31,98.9700
2011-02-01,100.4000
2011-02-02,101.3000
2011-02-03,101.6900
2011-02-04,99.4300
2011-02-07,99.4400
2011-02-08,99.2500
2011-02-09,100.1600
2011-02-10,100.7400
2011-02-11,99.9300
2011-02-14,103.1200
2011-02-15,102.4800
2011-02-16,102.7800
2011-02-17,103.4500
2011-02-18,102.2000
2011-02-22,106.8200
2011-02-23,109.7700
2011-02-24,113.9100
2011-02-25,111.4700
2011-02-28,112.2700
2011-03-01,113.3400
2011-03-02,116.8900
2011-03-03,114.4200
2011-03-04,115.7100
2011-03-07,116.5800
2011-03-08,112.3200
2011-03-09,115.1900
2011-03-10,114.0700
2011-03-11,114.0700
2011-03-14,112.9500
2011-03-15,111.1100
2011-03-16,110.9600
2011-03-17,114.1800
2011-03-18,114.1300
2011-03-21,114.9200
2011-03-22,115.6300
2011-03-23,115.6500
2011-03-24,115.4100
2011-03-25,115.4500
2011-03-28,115.9500
2011-03-29,115.5800
2011-03-30,115.3500
2011-03-31,116.9400
2011-04-01,118.6300
2011-04-04,120.0700
2011-04-05,122.8700
2011-04-06,123.0100
2011-04-07,122.9000
2011-04-08,126.3000
2011-04-11,126.4600
2011-04-12,121.3300
2011-04-13,122.7000
2011-04-14,122.7400
2011-04-15,124.6300
2011-04-18,121.6900
2011-04-19,121.3500
2011-04-20,124.2600
2011-04-21,123.6400
2011-04-26,124.5500
2011-04-27,124.9400
2011-04-28,126.5900
2011-05-02,126.6400
2011-05-03,124.0100
2011-05-04,121.5500
2011-05-05,111.9300
2011-05-06,113.6900
2011-05-09,113.2100
2011-05-10,117.8200
2011-05-11,115.6600
2011-05-12,112.8700
2011-05-13,113.0800
2011-05-16,113.7200
2011-05-17,109.3900
2011-05-18,112.5400
2011-05-19,113.2000
2011-05-20,111.2500
2011-05-23,110.1300
2011-05-24,112.5200
2011-05-25,114.4700
2011-05-26,115.0600
2011-05-27,114.8500
2011-05-31,117.1800
2011-06-01,116.1500
2011-06-02,114.3000
2011-06-03,115.0900
2011-06-06,115.4000
2011-06-07,116.1400
2011-06-08,118.4300
2011-06-09,119.9500
2011-06-10,118.7100
2011-06-13,120.4900
2011-06-14,120.3500
2011-06-15,114.6700
2011-06-16,114.6900
2011-06-17,113.7400
2011-06-20,112.2100
2011-06-21,112.0200
2011-06-22,113.5900
2011-06-23,108.2700
2011-06-24,104.7900
2011-06-27,104.5700
2011-06-28,107.5700
2011-06-29,111.4900
2011-06-30,111.7100
2011-07-01,109.8200
2011-07-05,113.2100
2011-07-06,113.5500
2011-07-07,117.4000
2011-07-08,117.4000
2011-07-11,117.3500
2011-07-12,117.3600
2011-07-13,118.4600
2011-07-14,117.3800
2011-07-15,118.0600
2011-07-18,117.0500
2011-07-19,118.1800
2011-07-20,118.5200
2011-07-21,118.2500
2011-07-22,118.9900
2011-07-25,118.2700
2011-07-26,118.1400
2011-07-27,117.9900
2011-07-28,118.1600
2011-07-29,115.9300
2011-08-01,116.3700
2011-08-02,116.0200
2011-08-03,113.7400
2011-08-04,110.2200
2011-08-05,106.9200
2011-08-08,103.0600
2011-08-09,103.6300
2011-08-10,103.8400
2011-08-11,107.8200
2011-08-12,108.1700
2011-08-15,108.8900
2011-08-16,109.6900
2011-08-17,111.3700
2011-08-18,108.3600
2011-08-19,109.3700
2011-08-22,108.8300
2011-08-23,110.3500
2011-08-24,111.9100
2011-08-25,111.9100
2011-08-26,112.2900
2011-08-30,115.5900
2011-08-31,116.4800
2011-09-01,116.4300
2011-09-02,115.9200
2011-09-06,113.2900
2011-09-07,117.5000
2011-09-08,117.9900
2011-09-09,115.1000
2011-09-12,114.7500
2011-09-13,114.0800
2011-09-14,113.1000
2011-09-15,116.7100
2011-09-16,116.2600
2011-09-19,112.8900
2011-09-20,114.3900
2011-09-21,114.2600
2011-09-22,109.2100
2011-09-23,109.1700
2011-09-26,107.9000
2011-09-27,109.5400
2011-09-28,108.5200
2011-09-29,107.0800
2011-09-30,105.4200
2011-10-03,103.6100
2011-10-04,101.8400
2011-10-05,103.7700
2011-10-06,104.3800
2011-10-07,106.5600
2011-10-10,109.4900
2011-10-11,109.2200
2011-10-12,112.4400
2011-10-13,112.4500
2011-10-14,114.3300
2011-10-17,112.9200
2011-10-18,112.0800
2011-10-19,111.7600
2011-10-20,109.0000
2011-10-21,111.6000
2011-10-24,111.6700
2011-10-25,112.1100
2011-10-26,110.4300
2011-10-27,112.4500
2011-10-28,110.0100
2011-10-31,108.4300
2011-11-01,106.9700
2011-11-02,110.8200
2011-11-03,110.7600
2011-11-04,112.2200
2011-11-07,114.7500
2011-11-08,115.6100
2011-11-09,115.2900
2011-11-10,113.3200
2011-11-11,114.4300
2011-11-14,112.5700
2011-11-15,111.9000
2011-11-16,111.9100
2011-11-17,109.2500
2011-11-18,107.8200
2011-11-21,105.9800
2011-11-22,107.7700
2011-11-23,106.8300
2011-11-25,106.0800
2011-11-28,109.3800
2011-11-29,111.2500
2011-11-30,111.2200
2011-12-01,108.8300
2011-12-02,109.5900
2011-12-05,110.1800
2011-12-06,110.1600
2011-12-07,110.0700
2011-12-08,108.2300
2011-12-09,107.9100
2011-12-12,107.8200
2011-12-13,109.2500
2011-12-14,105.7200
2011-12-15,104.5200
2011-12-16,104.0000
2011-12-19,104.5500
2011-12-20,107.8000
2011-12-21,108.0000
2011-12-22,108.9800
2011-12-23,109.2800
2011-12-28,107.5400
2011-12-29,106.8900
2011-12-30,108.0900
2012-01-03,111.1200
2012-01-04,113.3700
2012-01-05,113.5900
2012-01-06,111.9600
2012-01-09,111.0700
2012-01-10,113.3000
2012-01-11,111.6600
2012-01-12,112.9700
2012-01-13,109.8800
2012-01-17,110.5500
2012-01-18,109.8100
2012-01-19,109.5400
2012-01-20,108.5000
2012-01-23,109.4600
2012-01-24,108.3800
2012-01-25,108.4800
2012-01-26,109.0800
2012-01-27,110.5000
2012-01-30,110.2400
2012-01-31,110.2600
2012-02-01,111.9600
2012-02-02,110.9600
2012-02-03,112.5600
2012-02-06,115.4700
2012-02-07,116.8600
2012-02-08,117.1800
2012-02-09,118.4000
2012-02-10,118.1300
2012-02-13,118.7300
2012-02-14,118.3000
2012-02-15,120.2500
2012-02-16,121.0000
2012-02-17,120.6900
2012-02-21,120.8500
2012-02-22,123.0700
2012-02-23,124.5300
2012-02-24,124.8900
2012-02-27,126.4600
2012-02-28,124.0200
2012-02-29,122.2300
2012-03-01,125.7600
2012-03-02,125.9300
2012-03-05,126.6800
2012-03-06,125.0300
2012-03-07,125.3700
2012-03-08,127.9600
2012-03-09,128.0800
2012-03-12,127.2700
2012-03-13,128.1400
2012-03-14,126.9800
2012-03-15,123.6300
2012-03-16,125.0900
2012-03-19,125.7600
2012-03-20,124.3800
2012-03-21,123.8900
2012-03-22,122.4900
2012-03-23,125.2100
2012-03-26,125.8500
2012-03-27,125.2500
2012-03-28,124.4100
2012-03-29,123.2300
2012-03-30,123.4100
2012-04-02,124.4400
2012-04-04,123.0400
2012-04-05,123.5800
2012-04-10,121.8900
2012-04-11,120.4100
2012-04-12,120.5700
2012-04-13,120.6200
2012-04-16,118.2300
2012-04-17,117.4100
2012-04-18,115.1800
2012-04-19,117.0000
2012-04-20,118.0800
2012-04-23,116.6600
2012-04-24,117.7400
2012-04-25,117.4500
2012-04-26,119.3300
2012-04-27,119.3000
2012-04-30,118.6600
2012-05-01,119.5700
2012-05-02,117.5700
2012-05-03,115.9100
2012-05-04,111.6600
2012-05-08,110.4800
2012-05-09,111.8900
2012-05-10,112.2400
2012-05-11,112.5000
2012-05-14,110.7900
2012-05-15,111.4000
2012-05-16,109.8000
2012-05-17,109.3100
2012-05-18,108.0300
2012-05-21,109.0200
2012-05-22,109.7600
2012-05-23,106.8800
2012-05-24,107.2000
2012-05-25,107.8600
2012-05-29,107.5500
2012-05-30,103.8500
2012-05-31,103.8600
2012-06-01,98.6300
2012-06-04,97.7400
2012-06-05,98.6500
2012-06-06,101.1400
2012-06-07,100.0500
2012-06-08,97.5700
2012-06-11,98.6000
2012-06-12,96.5900
2012-06-13,97.2900
2012-06-14,96.4600
2012-06-15,97.1300
2012-06-18,95.2100
2012-06-19,95.1400
2012-06-20,93.5000
2012-06-21,89.2200
2012-06-22,89.2200
2012-06-25,88.6900
2012-06-26,90.1900
2012-06-27,92.0600
2012-06-28,91.0200
2012-06-29,94.1700
2012-07-02,95.2800
2012-07-03,99.8900
2012-07-05,101.5400
2012-07-06,98.5000
2012-07-09,99.9400
2012-07-10,99.1500
2012-07-11,99.2300
2012-07-12,99.1800
2012-07-13,101.9100
2012-07-16,102.1000
2012-07-17,104.2100
2012-07-18,105.9200
2012-07-19,107.7900
2012-07-20,106.9800
2012-07-23,103.9100
2012-07-24,103.5700
2012-07-25,102.3500
2012-07-26,104.7700
2012-07-27,106.3000
2012-07-30,106.5400
2012-07-31,105.9300
2012-08-01,106.7800
2012-08-02,107.5500
2012-08-03,109.5700
2012-08-06,110.0100
2012-08-07,112.3900
2012-08-08,113.4200
2012-08-09,113.5200
2012-08-10,113.1300
2012-08-13,114.4800
2012-08-14,113.9000
2012-08-15,115.5100
2012-08-16,116.1200
2012-08-17,115.2000
2012-08-20,115.5000
2012-08-21,116.0300
2012-08-22,115.7700
2012-08-23,117.4500
2012-08-24,115.7600
2012-08-27,113.7400
2012-08-28,112.6200
2012-08-29,112.5300
2012-08-30,112.2800
2012-08-31,113.9300
2012-09-04,114.9800
2012-09-05,113.3200
2012-09-06,114.5000
2012-09-07,113.6400
2012-09-10,113.8400
2012-09-11,114.8600
2012-09-12,114.8600
2012-09-13,116.0000
2012-09-14,117.4800
2012-09-17,116.7000
2012-09-18,113.2900
2012-09-19,108.4900
2012-09-20,109.4100
2012-09-21,111.2700
2012-09-24,109.2000
2012-09-25,110.7700
2012-09-26,108.9900
2012-09-27,111.4500
2012-09-28,111.3600
2012-10-01,112.5800
2012-10-02,112.4900
2012-10-03,109.3200
2012-10-04,110.4800
2012-10-05,112.1700
2012-10-08,112.6000
2012-10-09,114.3200
2012-10-10,116.1100
2012-10-11,116.1800
2012-10-12,115.1700
2012-10-15,115.0000
2012-10-16,115.0000
2012-10-17,113.4900
2012-10-18,112.5800
2012-10-19,111.8900
2012-10-22,109.6200
2012-10-23,107.5300
2012-10-24,107.6600
2012-10-25,107.6400
2012-10-26,108.9000
2012-10-29,109.3300
2012-10-30,109.4000
2012-10-31,109.8900
2012-11-01,108.8400
2012-11-02,106.7900
2012-11-05,105.5900
2012-11-06,109.2700
2012-11-07,108.2100
2012-11-08,107.2300
2012-11-09,108.6100
2012-11-12,110.2300
2012-11-13,108.8200
2012-11-14,109.6600
2012-11-15,110.0700
2012-11-16,106.8100
2012-11-19,110.0600
2012-11-20,110.0100
2012-11-21,110.8100
2012-11-23,110.1400
2012-11-26,110.1800
2012-11-27,109.3300
2012-11-28,108.2600
2012-11-29,110.4700
2012-11-30,110.8400
2012-12-03,111.2700
2012-12-04,109.9900
2012-12-05,108.9600
2012-12-06,108.0100
2012-12-07,107.1600
2012-12-10,108.2500
2012-12-11,107.6000
2012-12-12,110.1700
2012-12-13,110.1800
2012-12-14,109.2800
2012-12-17,109.3500
2012-12-18,109.9600
2012-12-19,109.9500
2012-12-20,110.5700
2012-12-21,109.1300
2012-12-24,108.4400
2012-12-26,110.7200
2012-12-27,110.0400
2012-12-28,110.0500
2012-12-31,110.8000
2013-01-02,112.9800
2013-01-03,113.0300
2013-01-04,112.5800
2013-01-07,112.4900
2013-01-08,113.0300
2013-01-09,113.0700
2013-01-10,112.9700
2013-01-11,110.3000
2013-01-14,111.3200
2013-01-15,111.7200
2013-01-16,110.9700
2013-01-17,111.0100
2013-01-18,111.7100
2013-01-22,112.7200
2013-01-23,113.6800
2013-01-24,114.5900
2013-01-25,113.8800
2013-01-28,113.9200
2013-01-29,115.2200
2013-01-30,115.4200
2013-01-31,115.5500
2013-02-01,115.5500
2013-02-04,116.0600
2013-02-05,117.0300
2013-02-06,116.6100
2013-02-07,117.1700
2013-02-08,118.9000
2013-02-11,118.2900
2013-02-12,117.8900
2013-02-13,118.4300
2013-02-14,118.4800
2013-02-15,117.4000
2013-02-19,117.0400
2013-02-20,116.2300
2013-02-21,114.1900
2013-02-22,113.7400
2013-02-25,114.5500
2013-02-26,112.9600
2013-02-27,112.2400
2013-02-28,112.2000
2013-03-01,110.1400
2013-03-04,109.9000
2013-03-05,110.4200
2013-03-06,110.2700
2013-03-07,110.4200
2013-03-08,108.9100
2013-03-11,108.6400
2013-03-12,108.4800
2013-03-13,107.5100
2013-03-14,108.1000
2013-03-15,109.3200
2013-03-18,108.5400
2013-03-19,106.9100
2013-03-20,108.2700
2013-03-21,106.4100
2013-03-22,106.5100
2013-03-25,106.6600
2013-03-26,107.1000
2013-03-27,108.5100
2013-03-28,108.4600
2013-04-01,108.7600
2013-04-02,109.6600
2013-04-03,107.8200
2013-04-04,105.0900
2013-04-05,103.9800
2013-04-08,103.1600
2013-04-09,104.0800
2013-04-10,104.8000
2013-04-11,103.6200
2013-04-12,100.5800
2013-04-15,99.3200
2013-04-16,97.8800
2013-04-17,96.8400
2013-04-18,97.4800
2013-04-19,98.9400
2013-04-22,99.0700
2013-04-23,99.2500
2013-04-24,100.7100
2013-04-25,101.6200
2013-04-26,102.3900
2013-04-29,102.8800
2013-04-30,101.5300
2013-05-01,98.3400
2013-05-02,100.3200
2013-05-03,104.6000
2013-05-06,105.0000
2013-05-07,105.1800
2013-05-08,103.7900
2013-05-09,103.5900
2013-05-10,101.3100
2013-05-13,102.1700
2013-05-14,102.7000
2013-05-15,101.5700
2013-05-16,104.2700
2013-05-17,103.8300
2013-05-20,104.5500
2013-05-21,103.1000
2013-05-22,102.1400
2013-05-23,100.4600
2013-05-24,101.2400
2013-05-28,103.7700
2013-05-29,102.1400
2013-05-30,101.7900
2013-05-31,100.4300
2013-06-03,101.6300
2013-06-04,102.0400
2013-06-05,103.5100
2013-06-06,103.3700
2013-06-07,104.0700
2013-06-10,103.8700
2013-06-11,101.5000
2013-06-12,103.1100
2013-06-13,103.3800
2013-06-14,105.1000
2013-06-17,105.8000
2013-06-18,105.2100
2013-06-19,105.5600
2013-06-20,102.7200
2013-06-21,100.3600
2013-06-24,99.8000
2013-06-25,101.5100
2013-06-26,100.6200
2013-06-27,102.7400
2013-06-28,102.4900
2013-07-01,103.1900
2013-07-02,103.9600
2013-07-03,106.1200
2013-07-05,107.4600
2013-07-08,107.7500
2013-07-09,107.9000
2013-07-10,108.4300
2013-07-11,108.1800
2013-07-12,109.0300
2013-07-15,109.0500
2013-07-16,109.2900
2013-07-17,109.6700
2013-07-18,109.7100
2013-07-19,109.3400
2013-07-22,108.8200
2013-07-23,109.2700
2013-07-24,108.2300
2013-07-25,108.1000
2013-07-26,107.5700
2013-07-29,108.1000
2013-07-30,107.4700
2013-07-31,107.8900
2013-08-01,109.9400
2013-08-02,109.6300
2013-08-05,109.8100
2013-08-06,108.7700
2013-08-07,108.3900
2013-08-08,107.3200
2013-08-09,108.4900
2013-08-12,109.2800
2013-08-13,110.6900
2013-08-14,110.2600
2013-08-15,111.5800
2013-08-16,111.8200
2013-08-19,111.4100
2013-08-20,110.7400
2013-08-21,110.8200
2013-08-22,110.5100
2013-08-23,112.1200
2013-08-26,112.2300
2013-08-27,115.2100
2013-08-28,116.2700
2013-08-29,116.9100
2013-08-30,115.9700
2013-09-03,115.4900
2013-09-04,115.6500
2013-09-05,115.8100
2013-09-06,117.1500
2013-09-09,115.2000
2013-09-10,112.1000
2013-09-11,112.3700
2013-09-12,113.1100
2013-09-13,113.3100
2013-09-16,110.8600
2013-09-17,109.0500
2013-09-18,109.0900
2013-09-19,110.6600
2013-09-20,110.2200
2013-09-23,108.5600
2013-09-24,107.6800
2013-09-25,109.4600
2013-09-26,108.8600
2013-09-27,109.4500
2013-09-30,107.8500
2013-10-01,107.3200
2013-10-02,109.0900
2013-10-03,109.4900
2013-10-04,109.4200
2013-10-07,109.6600
2013-10-08,110.5600
2013-10-09,109.0200
2013-10-10,111.6300
2013-10-11,110.6500
2013-10-14,110.1300
2013-10-15,110.6700
2013-10-16,110.7900
2013-10-17,109.5500
2013-10-18,109.4000
2013-10-21,109.4700
2013-10-22,109.5700
2013-10-23,107.7400
2013-10-24,106.6300
2013-10-25,105.7000
2013-10-28,108.2900
2013-10-29,108.0400
2013-10-30,108.4100
2013-10-31,107.5300
2013-11-01,105.7800
2013-11-04,104.8500
2013-11-05,105.0100
2013-11-06,105.4600
2013-11-07,103.0800
2013-11-08,104.2900
2013-11-11,105.7600
2013-11-12,106.2900
2013-11-13,106.9000
2013-11-14,108.2900
2013-11-15,108.2500
2013-11-18,108.8000
2013-11-19,108.2900
2013-11-20,108.2700
2013-11-21,109.9000
2013-11-22,111.3600
2013-11-25,110.8300
2013-11-26,112.0400
2013-11-27,111.3200
2013-11-29,111.0700
2013-12-02,111.4900
2013-12-03,113.0600
2013-12-04,113.2700
2013-12-05,112.0700
2013-12-06,111.5000
2013-12-09,110.0700
2013-12-10,108.9100
2013-12-11,109.4700
2013-12-12,108.9900
2013-12-13,108.0800
2013-12-16,110.3000
2013-12-17,108.9100
2013-12-18,109.5600
2013-12-19,110.7800
2013-12-20,112.1500
2013-12-23,111.5800
2013-12-24,111.5700
2013-12-26,111.6500
2013-12-27,112.0600
2013-12-30,110.4700
2013-12-31,109.9500
2014-01-02,107.9400
2014-01-03,106.5700
2014-01-06,106.7100
2014-01-07,107.0100
2014-01-08,107.4200
2014-01-09,107.4900
2014-01-10,106.4400
2014-01-13,108.0200
2014-01-14,107.1200
2014-01-15,108.0900
2014-01-16,107.4600
2014-01-17,108.4500
2014-01-20,108.0100
2014-01-21,109.1700
2014-01-22,109.6900
2014-01-23,109.6900
2014-01-24,109.1400
2014-01-27,108.7200
2014-01-28,109.1000
2014-01-29,108.8300
2014-01-30,109.3600
2014-01-31,108.1600
2014-02-03,106.5500
2014-02-04,107.0400
2014-02-05,106.8100
2014-02-06,108.1500
2014-02-07,110.1200
2014-02-10,110.1800
2014-02-11,109.2100
2014-02-12,108.6200
2014-02-13,108.9800
2014-02-14,108.6300
2014-02-18,110.1400
2014-02-19,110.3700
2014-02-20,109.4200
2014-02-21,109.0300
2014-02-24,109.7600
2014-02-25,109.1900
2014-02-26,109.3900
2014-02-27,108.5400
2014-02-28,108.9800
2014-03-03,111.2600
2014-03-04,109.1700
2014-03-05,108.1500
2014-03-06,107.9900
2014-03-07,109.1400
2014-03-10,108.2700
2014-03-11,108.3500
2014-03-12,107.8800
2014-03-13,107.4800
2014-03-14,108.0800
2014-03-17,106.9900
2014-03-18,106.7900
2014-03-19,105.9500
2014-03-20,105.7300
2014-03-21,107.2000
2014-03-24,106.5900
2014-03-25,107.0100
2014-03-26,105.9000
2014-03-27,106.5800
2014-03-28,106.6400
2014-03-31,105.9500
2014-04-01,105.7000
2014-04-02,103.3700
2014-04-03,104.8800
2014-04-04,106.4100
2014-04-07,104.8900
2014-04-08,105.8300
2014-04-09,107.3900
2014-04-10,107.1000
2014-04-11,107.3400
2014-04-14,107.6800
2014-04-15,109.1000
2014-04-16,109.7100
2014-04-17,109.7900
2014-04-21,109.6900
2014-04-22,108.5400
2014-04-23,108.4800
2014-04-24,109.7900
2014-04-25,109.5300
2014-04-28,109.1200
2014-04-29,109.8900
2014-04-30,108.6300
2014-05-01,108.6300
2014-05-02,109.4800
2014-05-05,109.4800
2014-05-06,108.3000
2014-05-07,108.1700
2014-05-08,108.1900
2014-05-09,108.2600
2014-05-12,108.3700
2014-05-13,108.7800
2014-05-14,109.8700
2014-05-15,109.7400
2014-05-16,110.9000
2014-05-19,110.8400
2014-05-20,110.3500
2014-05-21,111.3200
2014-05-22,110.8900
2014-05-23,110.1900
2014-05-26,110.0100
2014-05-27,109.8100
2014-05-28,109.0900
2014-05-29,109.9800
2014-05-30,109.2100
2014-06-02,109.3400
2014-06-03,108.8700
2014-06-04,109.0700
2014-06-05,108.4300
2014-06-06,109.2100
2014-06-09,110.5500
2014-06-10,109.1800
2014-06-11,109.8300
2014-06-12,112.1800
2014-06-13,113.1500
2014-06-16,113.4200
2014-06-17,114.0200
2014-06-18,114.2500
2014-06-19,115.1900
2014-06-20,114.5500
2014-06-23,113.6200
2014-06-24,113.7400
2014-06-25,112.8400
2014-06-26,112.6100
2014-06-27,112.6200
2014-06-30,111.0300
2014-07-01,110.8400
2014-07-02,110.1800
2014-07-03,108.9800
2014-07-07,108.7000
2014-07-08,107.6500
2014-07-09,106.8400
2014-07-10,106.2000
2014-07-11,105.7700
2014-07-14,104.7300
2014-07-15,104.7300
2014-07-16,105.4100
2014-07-17,106.0400
2014-07-18,106.0300
2014-07-21,105.7100
2014-07-22,106.4800
2014-07-23,106.8500
2014-07-24,105.7800
2014-07-25,106.8900
2014-07-28,106.7000
2014-07-29,106.9800
2014-07-30,106.4700
2014-07-31,104.9400
2014-08-01,103.4500
2014-08-04,103.6300
2014-08-05,102.8200
2014-08-06,104.1700
2014-08-07,104.0200
2014-08-08,103.3600
2014-08-11,103.4700
2014-08-12,101.6800
2014-08-13,102.2700
2014-08-14,101.1500
2014-08-15,101.1300
2014-08-18,99.3700
2014-08-19,99.7400
2014-08-20,99.9200
2014-08-21,100.2800
2014-08-22,100.0900
2014-08-25,100.4900
2014-08-26,100.5000
2014-08-27,100.4000
2014-08-28,100.7100
2014-08-29,101.1200
2014-09-02,100.2100
2014-09-03,100.8800
2014-09-04,101.2100
2014-09-05,99.5100
2014-09-08,99.5300
2014-09-09,98.0800
2014-09-10,96.2600
2014-09-11,96.4200
2014-09-12,96.3100
2014-09-15,96.4300
2014-09-16,97.3900
2014-09-17,97.7000
2014-09-18,96.8200
2014-09-19,96.7500
2014-09-22,95.3700
2014-09-23,94.8700
2014-09-24,94.5300
2014-09-25,95.2000
2014-09-26,95.0800
2014-09-29,95.7000
2014-09-30,94.6700
2014-10-01,94.5700
2014-10-02,91.2900
2014-10-03,90.8000
2014-10-06,90.6500
2014-10-07,90.9000
2014-10-08,90.2500
2014-10-09,90.4700
2014-10-10,88.6600
2014-10-13,87.8200
2014-10-14,86.3600
2014-10-15,84.0200
2014-10-16,84.0200
2014-10-17,85.2700
2014-10-20,84.4200
2014-10-21,85.1700
2014-10-22,86.3800
2014-10-23,85.9400
2014-10-24,86.0000
2014-10-27,85.6400
2014-10-28,85.5700
2014-10-29,86.9100
2014-10-30,85.5000
2014-10-31,84.1700
2014-11-03,84.9000
2014-11-04,82.1200
2014-11-05,82.8800
2014-11-06,82.0800
2014-11-07,83.2000
2014-11-10,82.9000
2014-11-11,80.9400
2014-11-12,80.4200
2014-11-13,77.7400
2014-11-14,77.5100
2014-11-17,76.8600
2014-11-18,77.2300
2014-11-19,77.2100
2014-11-20,77.6100
2014-11-21,79.2000
2014-11-24,79.6200
2014-11-25,77.6200
2014-11-26,77.3900
2014-11-28,71.8900
2014-12-01,70.8700
2014-12-02,71.1300
2014-12-03,70.1300
2014-12-04,68.4800
2014-12-05,68.0000
2014-12-08,65.6400
2014-12-09,66.1100
2014-12-10,63.3200
2014-12-11,63.6500
2014-12-12,61.6700
2014-12-15,61.0900
2014-12-16,60.2600
2014-12-17,59.8400
2014-12-18,58.8100
2014-12-19,58.8700
2014-12-22,58.3100
2014-12-23,59.0700
2014-12-24,58.6700
2014-12-26,58.7200
2014-12-29,57.8600
2014-12-30,55.6000
2014-12-31,55.2700
2015-01-02,55.3800
2015-01-05,51.0800
2015-01-06,50.1200
2015-01-07,49.0600
2015-01-08,49.4300
2015-01-09,47.6400
2015-01-12,46.9000
2015-01-13,45.1300
2015-01-14,45.8200
2015-01-15,47.6600
2015-01-16,47.3800
2015-01-20,46.4900
2015-01-21,46.5000
2015-01-22,46.0900
2015-01-23,46.6900
2015-01-26,46.0700
2015-01-27,46.5500
2015-01-28,47.0700
2015-01-29,46.6100
2015-01-30,47.5200
2015-02-02,51.7400
2015-02-03,54.4100
2015-02-04,55.0700
2015-02-05,55.9800
2015-02-06,55.8800
2015-02-09,57.0000
2015-02-10,55.7900
2015-02-11,53.4800
2015-02-12,56.2300
2015-02-13,60.3300
2015-02-16,61.5700
2015-02-17,60.7800
2015-02-18,60.7200
2015-02-19,58.7800
2015-02-20,60.9900
2015-02-23,59.7800
2015-02-24,60.3300
2015-02-25,59.7700
2015-02-26,61.3900
2015-02-27,61.8900
2015-03-02,60.7500
2015-03-03,61.1800
2015-03-04,59.1800
2015-03-05,60.3300
2015-03-06,59.1500
2015-03-09,58.6700
2015-03-10,55.9500
2015-03-11,56.4600
2015-03-12,56.6600
2015-03-13,54.8000
2015-03-16,52.0000
2015-03-17,52.1700
2015-03-18,52.5900
2015-03-19,52.9600
2015-03-20,53.8800
2015-03-23,53.8200
2015-03-24,53.6100
2015-03-25,54.1800
2015-03-26,57.0200
2015-03-27,56.4400
2015-03-30,53.9900
2015-03-31,53.6900
2015-04-01,55.7300
2015-04-02,55.7300
2015-04-06,55.7300
2015-04-07,57.5500
2015-04-08,56.4200
2015-04-09,56.0400
2015-04-10,56.8200
2015-04-13,57.1400
2015-04-14,57.6900
2015-04-15,59.3200
2015-04-16,60.1300
2015-04-17,61.3100
2015-04-20,61.2000
2015-04-21,60.1200
2015-04-22,60.1200
2015-04-23,62.6600
2015-04-24,62.9600
2015-04-27,62.8600
2015-04-28,62.6100
2015-04-29,63.9700
2015-04-30,63.9000
2015-05-01,64.1300
2015-05-04,64.6200
2015-05-05,65.4400
2015-05-06,66.2200
2015-05-07,64.9300
2015-05-08,63.8200
2015-05-11,62.8200
2015-05-12,65.0900
2015-05-13,66.3300
2015-05-14,65.5800
2015-05-15,64.6900
2015-05-18,65.1500
2015-05-19,63.4800
2015-05-20,63.5200
2015-05-21,64.7000
2015-05-22,64.7000
2015-05-26,61.6500
2015-05-27,61.3500
2015-05-28,60.1200
2015-05-29,63.1600
2015-06-01,62.8700
2015-06-02,63.1400
2015-06-03,62.7800
2015-06-04,60.3400
2015-06-05,60.3600
2015-06-08,61.3300
2015-06-09,63.2300
2015-06-10,64.6800
2015-06-11,63.7600
2015-06-12,63.1900
2015-06-15,60.9900
2015-06-16,60.7500
2015-06-17,60.7500
2015-06-18,61.3700
2015-06-19,59.4100
2015-06-22,60.5400
2015-06-23,61.6700
2015-06-24,61.6300
2015-06-25,60.2400
2015-06-26,60.1400
2015-06-29,59.0300
2015-06-30,60.3100
2015-07-01,61.6500
2015-07-02,61.7300
2015-07-03,59.0600
2015-07-06,57.1900
2015-07-07,54.7200
2015-07-08,55.7000
2015-07-09,57.8300
2015-07-10,57.7200
2015-07-13,57.6300
2015-07-14,57.2000
2015-07-15,57.3400
2015-07-16,57.3100
2015-07-17,56.3800
2015-07-20,56.4200
2015-07-21,55.9400
2015-07-22,56.3600
2015-07-23,55.7600
2015-07-24,54.2900
2015-07-27,54.0700
2015-07-28,54.3000
2015-07-29,54.7300
2015-07-30,54.2900
2015-07-31,53.2900
2015-08-03,49.4900
2015-08-04,49.0800
2015-08-05,49.0400
2015-08-06,47.8000
2015-08-07,47.5400
2015-08-10,48.3000
2015-08-11,47.3300
2015-08-12,48.2900
2015-08-13,48.0100
2015-08-14,47.7900
2015-08-17,47.7700
2015-08-18,47.0000
2015-08-19,45.7500
2015-08-20,45.6300
2015-08-21,43.8400
2015-08-24,41.5900
2015-08-25,41.8600
2015-08-26,41.7600
2015-08-27,44.4600
2015-08-28,47.9700
2015-09-01,48.8000
2015-09-02,47.6700
2015-09-03,50.4100
2015-09-04,48.5900
2015-09-07,46.4200
2015-09-08,48.8800
2015-09-09,48.0400
2015-09-10,47.7700
2015-09-11,46.8700
2015-09-14,45.8700
2015-09-15,45.9100
2015-09-16,49.3500
2015-09-17,48.2700
2015-09-18,47.2800
2015-09-21,47.6400
2015-09-22,46.6900
2015-09-23,48.0000
2015-09-24,47.0600
2015-09-25,47.2800
2015-09-28,46.0400
2015-09-29,47.5800
2015-09-30,47.2900
2015-10-01,47.4800
2015-10-02,46.5500
2015-10-05,49.4500
2015-10-06,51.3400
2015-10-07,51.6600
2015-10-08,52.1300
2015-10-09,52.0800
2015-10-12,50.9500
2015-10-13,48.9400
2015-10-14,48.2500
2015-10-15,47.8700
2015-10-16,48.9600
2015-10-19,47.5100
2015-10-20,46.9300
2015-10-21,46.7200
2015-10-22,46.5900
2015-10-23,46.3000
2015-10-26,46.5700
2015-10-27,45.5400
2015-10-28,47.6000
2015-10-29,48.0400
2015-10-30,48.0000
2015-11-02,47.9100
2015-11-03,48.0000
2015-11-04,46.9600
2015-11-05,47.1900
2015-11-06,46.0900
2015-11-09,45.3800
2015-11-10,46.4400
2015-11-11,44.9800
2015-11-12,44.9800
2015-11-13,41.9800
2015-11-16,40.2800
2015-11-17,41.2800
2015-11-18,41.4500
2015-11-19,42.2200
2015-11-20,42.4900
2015-11-23,43.7000
2015-11-24,44.3800
2015-11-25,43.5600
2015-11-26,43.5500
2015-11-27,43.0700
2015-11-30,43.7300
2015-12-01,42.9700
2015-12-02,41.9200
2015-12-03,42.0000
2015-12-04,41.4400
2015-12-07,39.6900
2015-12-08,39.4400
2015-12-09,39.0400
2015-12-10,38.6500
2015-12-11,36.9900
2015-12-14,36.5100
2015-12-15,37.6600
2015-12-16,36.9600
2015-12-17,36.2900
2015-12-18,36.7600
2015-12-21,35.3400
2015-12-22,35.2600
2015-12-23,35.7900
2015-12-24,37.2200
2015-12-28,37.0800
2015-12-29,36.8500
2015-12-30,35.6500
2015-12-31,36.6100
2016-01-04,36.2800
2016-01-05,35.5600
2016-01-06,33.8900
2016-01-07,33.5700
2016-01-08,31.6700
2016-01-11,30.1400
2016-01-12,29.1400
2016-01-13,28.5800
2016-01-14,28.8400
2016-01-15,28.8000
2016-01-18,27.3600
2016-01-19,27.3600
2016-01-20,26.0100
2016-01-21,27.5900
2016-01-22,30.4600
2016-01-25,29.8200
2016-01-26,30.9400
2016-01-27,31.8300
2016-01-28,33.0100
2016-01-29,33.1400
2016-02-01,32.4500
2016-02-02,30.9800
2016-02-03,32.3800
2016-02-04,32.7600
2016-02-05,32.3500
2016-02-08,31.6400
2016-02-09,30.1500
2016-02-10,29.6400
2016-02-11,28.8200
2016-02-12,31.8000
2016-02-16,31.0900
2016-02-17,33.2100
2016-02-18,33.2000
2016-02-19,31.6600
2016-02-22,33.5900
2016-02-23,31.9000
2016-02-24,31.5000
2016-02-25,32.8300
2016-02-26,35.7600
2016-02-29,35.9200
2016-03-01,35.7300
2016-03-02,36.3800
2016-03-03,35.7500
2016-03-04,37.6100
2016-03-07,39.0200
2016-03-08,39.1600
2016-03-09,40.2600
2016-03-10,38.6300
2016-03-11,39.4100
2016-03-14,38.0600
2016-03-15,37.4900
2016-03-16,38.3800
2016-03-17,39.2900
2016-03-18,39.2600
2016-03-21,39.9100
2016-03-22,40.5400
2016-03-23,38.8400
2016-03-24,38.3300
2016-03-28,38.3300
2016-03-29,36.7500
2016-03-30,36.7500
2016-03-31,36.7500
2016-04-01,36.4200
2016-04-04,36.0500
2016-04-05,35.8800
2016-04-06,37.7700
2016-04-07,37.1500
2016-04-08,40.7100
2016-04-11,41.5800
2016-04-12,43.0200
2016-04-13,42.8100
2016-04-14,43.0200
2016-04-15,41.3200
2016-04-18,41.6400
2016-04-19,43.0200
2016-04-20,43.0900
2016-04-21,43.4800
2016-04-22,43.9700
2016-04-25,42.9700
2016-04-26,43.9400
2016-04-27,44.1700
2016-04-28,45.6000
2016-04-29,45.6400
2016-05-02,45.8200
2016-05-03,43.0900
2016-05-04,43.0800
2016-05-05,44.3900
2016-05-06,44.6000
2016-05-09,42.4300
2016-05-10,44.0100
2016-05-11,46.0800
2016-05-12,46.4300
2016-05-13,47.0500
2016-05-16,48.4900
2016-05-17,48.7100
2016-05-18,48.9300
2016-05-19,47.0100
2016-05-20,48.5400
2016-05-23,47.7700
2016-05-24,48.4200
2016-05-25,48.8700
2016-05-26,49.5200
2016-05-27,49.0900
2016-05-31,49.2600
2016-06-01,48.8100
2016-06-02,49.0500
2016-06-03,48.5000
2016-06-06,48.9400
2016-06-07,49.7600
2016-06-08,50.7300
2016-06-09,50.5900
2016-06-10,49.7000
2016-06-13,49.3600
2016-06-14,47.8800
2016-06-15,47.4700
2016-06-16,45.6600
2016-06-17,46.5700
2016-06-20,48.6800
2016-06-21,48.1800
2016-06-22,48.4300
2016-06-23,48.6300
2016-06-24,46.6900
2016-06-27,45.0700
2016-06-28,46.2900
2016-06-29,48.4000
2016-06-30,48.0500
2016-07-01,47.6500
2016-07-04,48.0200
2016-07-05,45.6400
2016-07-06,45.7000
2016-07-07,45.9300
2016-07-08,44.5300
2016-07-11,44.0400
2016-07-12,46.7200
2016-07-13,44.6700
2016-07-14,46.0100
2016-07-15,46.2500
2016-07-18,45.3500
2016-07-19,45.7000
2016-07-20,45.8200
2016-07-21,44.9900
2016-07-22,44.2400
2016-07-25,43.7600
2016-07-26,43.5600
2016-07-27,42.7800
2016-07-28,41.8700
2016-07-29,40.7600
2016-08-01,40.1700
2016-08-02,40.0000
2016-08-03,40.4500
2016-08-04,41.3300
2016-08-05,42.4700
2016-08-08,43.2400
2016-08-09,43.3700
2016-08-10,42.1900
2016-08-11,44.2300
2016-08-12,45.1200
2016-08-15,47.3100
2016-08-16,48.2700
2016-08-17,48.5800
2016-08-18,49.4600
2016-08-19,49.3900
2016-08-22,48.1000
2016-08-23,48.7000
2016-08-24,47.5600
2016-08-25,49.2500
2016-08-26,49.6600
2016-08-29,49.6600
2016-08-30,47.9400
2016-08-31,47.9400
2016-09-01,45.0500
2016-09-02,45.9600
2016-09-05,46.7200
2016-09-06,46.2100
2016-09-07,47.0000
2016-09-08,49.2300
2016-09-09,48.3700
2016-09-12,47.8200
2016-09-13,46.4800
2016-09-14,45.6500
2016-09-15,45.8300
2016-09-16,45.2600
2016-09-19,46.0400
2016-09-20,45.2400
2016-09-21,45.9900
2016-09-22,47.2100
2016-09-23,46.7100
2016-09-26,46.6100
2016-09-27,44.9500
2016-09-28,45.4900
2016-09-29,48.4300
2016-09-30,48.2400
2016-10-03,48.6100
2016-10-04,48.8100
2016-10-05,49.5700
2016-10-06,50.1400
2016-10-07,50.4900
2016-10-10,51.5400
2016-10-11,50.4800
2016-10-12,49.5300
2016-10-13,49.2900
2016-10-14,48.8700
2016-10-17,49.3100
2016-10-18,49.8100
2016-10-19,51.8500
2016-10-20,50.4200
2016-10-21,50.2800
2016-10-24,49.8000
2016-10-25,49.0800
2016-10-26,48.9800
2016-10-27,49.1300
2016-10-28,47.7800
2016-10-31,46.2000
2016-11-01,45.7700
2016-11-02,44.2600
2016-11-03,43.8400
2016-11-04,43.0600
2016-11-07,42.8300
2016-11-08,43.4700
2016-11-09,43.8800
2016-11-10,43.6700
2016-11-11,41.6100
2016-11-14,41.8300
2016-11-15,44.1500
2016-11-16,45.0700
2016-11-17,44.5700
2016-11-18,44.4100
2016-11-21,45.9600
2016-11-22,46.1000
2016-11-23,46.5400
2016-11-24,47.5400
2016-11-25,46.3200
2016-11-28,46.6400
2016-11-29,44.6800
2016-11-30,47.9500
2016-12-01,52.2800
2016-12-02,52.3500
2016-12-05,53.3000
2016-12-06,52.3100
2016-12-07,51.9000
2016-12-08,51.6000
2016-12-09,52.1900
2016-12-12,53.9900
2016-12-13,53.2800
2016-12-14,53.1500
2016-12-15,51.7200
2016-12-16,54.1500
2016-12-19,53.5300
2016-12-20,54.5600
2016-12-21,53.0100
2016-12-22,54.0400
2016-12-23,53.9300
2016-12-28,54.9500
2016-12-29,54.9700
2016-12-30,54.9600
2017-01-03,55.0500
2017-01-04,54.5700
2017-01-05,54.9900
2017-01-06,55.9000
2017-01-09,54.3900
2017-01-10,53.2000
2017-01-11,53.6100
2017-01-12,54.5100
2017-01-13,54.3700
2017-01-16,54.3000
2017-01-17,54.6800
2017-01-18,53.7700
2017-01-19,53.1800
2017-01-20,55.0400
2017-01-23,54.8000
2017-01-24,54.7000
2017-01-25,54.3400
2017-01-26,55.8900
2017-01-27,54.8000
2017-01-30,54.7700
2017-01-31,55.2500
2017-02-01,55.7900
2017-02-02,55.9400
2017-02-03,55.9200
2017-02-06,55.0200
2017-02-07,53.7900
2017-02-08,54.4200
2017-02-09,53.9800
2017-02-10,55.2000
2017-02-13,54.1500
2017-02-14,54.9600
2017-02-15,54.5700
2017-02-16,54.1600
2017-02-17,54.4800
2017-02-20,55.2500
2017-02-21,56.3400
2017-02-22,54.9000
2017-02-23,55.8200
2017-02-24,54.6900
2017-02-27,54.6500
2017-02-28,53.3600
2017-03-01,55.7200
2017-03-02,54.1600
2017-03-03,54.1200
2017-03-06,54.7300
2017-03-07,54.6100
2017-03-08,53.3000
2017-03-09,50.6500
2017-03-10,50.6300
2017-03-13,50.1000
2017-03-14,49.6000
2017-03-15,50.6300
2017-03-16,50.5600
2017-03-17,50.5800
2017-03-20,50.6700
2017-03-21,50.1400
2017-03-22,49.5600
2017-03-23,50.1700
2017-03-24,49.9700
2017-03-27,50.1200
2017-03-28,50.7200
2017-03-29,51.3600
2017-03-30,52.2500
2017-03-31,52.2000
2017-04-03,52.0400
2017-04-04,53.0800
2017-04-05,53.4100
2017-04-06,53.6200
2017-04-07,54.2400
2017-04-10,54.7900
2017-04-11,54.7300
2017-04-12,54.7500
2017-04-13,55.0500
2017-04-17,54.7900
2017-04-18,52.6000
2017-04-19,52.4300
2017-04-20,50.6600
2017-04-21,49.9300
2017-04-24,49.4500
2017-04-25,49.3700
2017-04-26,49.9900
2017-04-27,49.4600
2017-04-28,49.4600
2017-05-01,50.4100
2017-05-02,49.3100
2017-05-03,48.8200
2017-05-04,47.5300
2017-05-05,47.4500
2017-05-08,46.6100
2017-05-09,47.0600
2017-05-10,48.0900
2017-05-11,49.1800
2017-05-12,49.0800
2017-05-15,51.2900
2017-05-16,51.2100
2017-05-17,51.7600
2017-05-18,51.7100
2017-05-19,52.7800
2017-05-22,53.3500
2017-05-23,53.1900
2017-05-24,53.2900
2017-05-25,52.2500
2017-05-26,50.8400
2017-05-29,52.2500
2017-05-30,50.6500
2017-05-31,49.4000
2017-06-01,50.4100
2017-06-02,48.4600
2017-06-05,48.2500
2017-06-06,48.1100
2017-06-07,47.0800
2017-06-08,46.3000
2017-06-09,46.6400
2017-06-12,47.1800
2017-06-13,46.9500
2017-06-14,45.4700
2017-06-15,45.6100
2017-06-16,45.7000
2017-06-19,45.9300
2017-06-20,43.9800
2017-06-21,44.6200
2017-06-22,44.4600
2017-06-23,44.1400
2017-06-26,44.0900
2017-06-27,46.1700
2017-06-28,46.4500
2017-06-29,47.0200
2017-06-30,47.0800
2017-07-03,49.1300
2017-07-04,49.1500
2017-07-05,47.5800
2017-07-06,48.5300
2017-07-07,46.4700
2017-07-10,46.5700
2017-07-11,46.6800
2017-07-12,46.7300
2017-07-13,47.6500
2017-07-14,47.8900
2017-07-17,47.6600
2017-07-18,47.9200
2017-07-19,48.3400
2017-07-20,48.5400
2017-07-21,47.4700
2017-07-24,47.8100
2017-07-25,49.1900
2017-07-26,50.0800
2017-07-27,50.6700
2017-07-28,52.0000
2017-07-31,51.9900
2017-08-01,50.7700
2017-08-02,52.0900
2017-08-03,52.8800
2017-08-04,52.4800
2017-08-07,51.4200
2017-08-08,52.1800
2017-08-09,52.1600
2017-08-10,52.5900
2017-08-11,51.4700
2017-08-14,51.2900
2017-08-15,49.9000
2017-08-16,50.3900
2017-08-17,50.3700
2017-08-18,50.9600
2017-08-21,51.9400
2017-08-22,52.2900
2017-08-23,52.3100
2017-08-24,51.7300
2017-08-25,51.8700
2017-08-28,51.8700
2017-08-29,51.6400
2017-08-30,51.9100
2017-08-31,52.6900
2017-09-01,53.1500
2017-09-04,52.6000
2017-09-05,53.6300
2017-09-06,54.4800
2017-09-07,54.1600
2017-09-08,54.5500
2017-09-11,54.2000
2017-09-12,55.0600
2017-09-13,55.5200
2017-09-14,56.7600
2017-09-15,56.1800
2017-09-18,55.5000
2017-09-19,56.5800
2017-09-20,57.2000
2017-09-21,57.7300
2017-09-22,58.1600
2017-09-25,59.4200
2017-09-26,59.7700
2017-09-27,58.7400
2017-09-28,58.8000
2017-09-29,57.0200
2017-10-02,55.6700
2017-10-03,56.1200
2017-10-04,56.0000
2017-10-05,57.0900
2017-10-06,55.5000
2017-10-09,55.2900
2017-10-10,56.6200
2017-10-11,56.1300
2017-10-12,56.1300
2017-10-13,56.8600
2017-10-16,57.4900
2017-10-17,57.6300
2017-10-18,58.0500
2017-10-19,57.8200
2017-10-20,57.8900
2017-10-23,57.6900
2017-10-24,57.8400
2017-10-25,58.4500
2017-10-26,58.7500
2017-10-27,60.1500
2017-10-30,60.6500
2017-10-31,61.3500
2017-11-01,60.9800
2017-11-02,60.7900
2017-11-03,61.4200
2017-11-06,64.2700
2017-11-07,64.3600
2017-11-08,63.9600
2017-11-09,64.4900
2017-11-10,64.3500
2017-11-13,62.9400
2017-11-14,60.9100
2017-11-15,61.2500
2017-11-16,61.1800
2017-11-17,61.3400
2017-11-20,61.3400
2017-11-21,62.2800
2017-11-22,62.9200
2017-11-23,63.2700
2017-11-24,63.5800
2017-11-27,63.2500
2017-11-28,63.5600
2017-11-29,63.7400
2017-11-30,63.5300
2017-12-01,64.5700
2017-12-04,63.4500
2017-12-05,63.4500
2017-12-06,62.2500
2017-12-07,62.3700
2017-12-08,63.8600
2017-12-11,65.6200
2017-12-12,64.9600
2017-12-13,63.6600
2017-12-14,63.7200
2017-12-15,63.8100
2017-12-18,64.4500
2017-12-19,63.6900
2017-12-20,64.4300
2017-12-21,64.6400
2017-12-22,64.6100
2017-12-27,66.0300
2017-12-28,66.8000
2017-12-29,66.7300
2018-01-02,66.6500
2018-01-03,67.8500
2018-01-04,68.7300
2018-01-05,68.0100
2018-01-08,68.4800
2018-01-09,69.0800
2018-01-10,69.7900
2018-01-11,70.3600
2018-01-12,69.6400
2018-01-15,70.3100
2018-01-16,69.4000
2018-01-17,69.1900
2018-01-18,69.4800
2018-01-19,68.5600
2018-01-22,69.3200
2018-01-23,69.8100
2018-01-24,69.9100
2018-01-25,71.0800
2018-01-26,70.0800
2018-01-29,68.4100
2018-01-30,67.7800
2018-01-31,67.7800
2018-02-01,68.6000
2018-02-02,67.4500
2018-02-05,67.6900
2018-02-06,66.7500
2018-02-07,65.7400
2018-02-08,64.2600
2018-02-09,63.0400
2018-02-12,62.2000
2018-02-13,61.9400
2018-02-14,62.2900
2018-02-15,62.8600
2018-02-16,64.3000
2018-02-19,64.9500
2018-02-20,64.6800
2018-02-21,64.8100
2018-02-22,66.1200
2018-02-23,67.0400
2018-02-26,67.9600
2018-02-27,67.5900
2018-02-28,66.0800
2018-03-01,64.2300
2018-03-02,64.2600
2018-03-05,65.7800
2018-03-06,65.6700
2018-03-07,65.0900
2018-03-08,63.8700
2018-03-09,65.1900
2018-03-12,64.5300
2018-03-13,64.2000
2018-03-14,63.6100
2018-03-15,63.6700
2018-03-16,64.6800
2018-03-19,64.8200
2018-03-20,66.0000
2018-03-21,68.1500
2018-03-22,68.9800
2018-03-23,69.0300
2018-03-26,68.8100
2018-03-27,68.6300
2018-03-28,68.1300
2018-03-29,69.0200
2018-04-03,69.0200
2018-04-04,66.0400
2018-04-05,66.5400
2018-04-06,66.5100
2018-04-09,68.1900
2018-04-10,70.6700
2018-04-11,72.7400
2018-04-12,71.4400
2018-04-13,73.1800
2018-04-16,72.0500
2018-04-17,71.7100
2018-04-18,73.7300
2018-04-19,74.8500
2018-04-20,74.6200
2018-04-23,74.5400
2018-04-24,75.8600
2018-04-25,73.7900
2018-04-26,75.3900
2018-04-27,75.3300
2018-04-30,75.9200
2018-05-01,74.8500
2018-05-02,73.1400
2018-05-03,73.4500
2018-05-04,74.7500
2018-05-08,74.1600
2018-05-09,77.6000
2018-05-10,77.5900
2018-05-11,77.3700
2018-05-14,78.1700
2018-05-15,78.9400
2018-05-16,78.1900
2018-05-17,80.0900
2018-05-18,78.3800
2018-05-21,78.3400
2018-05-22,80.4200
2018-05-23,78.6900
2018-05-24,78.9000
2018-05-25,76.6000
2018-05-29,74.5100
2018-05-30,75.8900
2018-05-31,76.4500
2018-06-01,74.5400
2018-06-04,73.4100
2018-06-05,72.9100
2018-06-06,73.2300
2018-06-07,75.2300
2018-06-08,75.1100
2018-06-11,74.5800
2018-06-12,74.8600
2018-06-13,75.0700
2018-06-14,74.7700
2018-06-15,72.0200
2018-06-18,74.8700
2018-06-19,74.9200
2018-06-20,74.2500
2018-06-21,72.8700
2018-06-22,73.6700
2018-06-25,72.8200
2018-06-26,73.5800
2018-06-27,76.0900
2018-06-28,76.2600
2018-06-29,77.4400
2018-07-02,76.7100
2018-07-03,75.8700
2018-07-04,76.9900
2018-07-05,77.0900
2018-07-06,74.9800
2018-07-09,77.0800
2018-07-10,77.8000
2018-07-11,75.3500
2018-07-12,72.1100
2018-07-13,74.1100
2018-07-16,71.0300
2018-07-17,70.8700
2018-07-18,70.5200
2018-07-19,71.9400
2018-07-20,71.9900
2018-07-23,73.4500
2018-07-24,73.5300
2018-07-25,73.6700
2018-07-26,74.5100
2018-07-27,74.8400
2018-07-30,74.9900
2018-07-31,74.1600
2018-08-01,72.2800
2018-08-02,72.9500
2018-08-03,72.4800
2018-08-06,72.5100
2018-08-07,72.3100
2018-08-08,70.7100
2018-08-09,70.5500
2018-08-10,71.0000
2018-08-13,70.6200
2018-08-14,70.7700
2018-08-15,68.3800
2018-08-16,69.2100
2018-08-17,70.1400
2018-08-20,71.1100
2018-08-21,71.6500
2018-08-22,72.9600
2018-08-23,73.7300
2018-08-24,74.4100
2018-08-27,74.4100
2018-08-28,75.9100
2018-08-29,76.0700
2018-08-30,77.0500
2018-08-31,76.9400
2018-09-03,77.8100
2018-09-04,77.5100
2018-09-05,76.6800
2018-09-06,75.6700
2018-09-07,75.5500
2018-09-10,76.7700
2018-09-11,78.2200
2018-09-12,80.0200
2018-09-13,77.6600
2018-09-14,77.8700
2018-09-17,78.2200
2018-09-18,79.2500
2018-09-19,79.4300
2018-09-20,79.0300
2018-09-21,78.9000
2018-09-24,80.8900
2018-09-25,82.2100
2018-09-26,81.8700
2018-09-27,81.5400
2018-09-28,82.7200
2018-10-01,84.9400
2018-10-02,85.6300
2018-10-03,85.4500
2018-10-04,86.0700
2018-10-05,85.1200
2018-10-08,84.2200
2018-10-09,85.1600
2018-10-10,83.8200
2018-10-11,81.3500
2018-10-12,80.7100
2018-10-15,80.9100
2018-10-16,80.5300
2018-10-17,79.9100
2018-10-18,80.3000
2018-10-19,80.3800
2018-10-22,80.4500
2018-10-23,78.6700
2018-10-24,77.3400
2018-10-25,77.3000
2018-10-26,77.4000
2018-10-29,77.5600
2018-10-30,75.6800
2018-10-31,74.8400
2018-11-01,71.2500
2018-11-02,71.1100
2018-11-05,72.6800
2018-11-06,70.6400
2018-11-07,70.1000
2018-11-08,69.2900
2018-11-09,69.0100
2018-11-12,69.8100
2018-11-13,65.4500
2018-11-14,64.8800
2018-11-15,65.6100
2018-11-16,65.2900
2018-11-19,64.1400
2018-11-20,61.5000
2018-11-21,61.6500
2018-11-22,61.1100
2018-11-23,57.6900
2018-11-26,59.7000
2018-11-27,59.5800
2018-11-28,57.9700
2018-11-29,58.2900
2018-11-30,57.7100
2018-12-03,60.1700
2018-12-04,61.2200
2018-12-05,61.4000
2018-12-06,57.8300
2018-12-07,61.7100
2018-12-10,60.2900
2018-12-11,59.7300
2018-12-12,59.9400
2018-12-13,59.0300
2018-12-14,58.5600
2018-12-17,57.5900
2018-12-18,55.2600
2018-12-19,55.6000
2018-12-20,52.8400
2018-12-21,51.9300
2018-12-27,51.4900
2018-12-28,50.5700
2019-01-02,54.0600
2019-01-03,53.2300
2019-01-04,55.6400
2019-01-07,57.1000
2019-01-08,56.9100
2019-01-09,59.4600
2019-01-10,60.4700
2019-01-11,59.2400
2019-01-14,58.8000
2019-01-15,58.6500
2019-01-16,59.8100
2019-01-17,59.8500
2019-01-18,62.0400
2019-01-21,62.1800
2019-01-22,60.9000
2019-01-23,61.0500
2019-01-24,61.0900
2019-01-25,61.4900
2019-01-28,59.7100
2019-01-29,60.9800
2019-01-30,61.8900
2019-01-31,62.4600
2019-02-01,61.8600
2019-02-04,62.2600
2019-02-05,61.6700
2019-02-06,62.2200
2019-02-07,61.0100
2019-02-08,61.3700
2019-02-11,61.3000
2019-02-12,62.5800
2019-02-13,63.2700
2019-02-14,64.0000
2019-02-15,65.6500
2019-02-18,66.4100
2019-02-19,65.8600
2019-02-20,66.8200
2019-02-21,66.9100
2019-02-22,66.9100
2019-02-25,64.0200
2019-02-26,64.5100
2019-02-27,65.5500
2019-02-28,65.0300
2019-03-01,63.7100
2019-03-04,64.4400
2019-03-05,64.2400
2019-03-06,64.5100
2019-03-07,64.8200
2019-03-08,65.6600
2019-03-11,65.0600
2019-03-12,65.3300
2019-03-13,65.8900
2019-03-14,66.1800
2019-03-15,66.1100
2019-03-18,66.6500
2019-03-19,67.1300
2019-03-20,68.3500
2019-03-21,68.3000
2019-03-22,66.2900
2019-03-25,67.3700
2019-03-26,67.5100
2019-03-27,67.3500
2019-03-28,66.0800
2019-03-29,67.9300
2019-04-01,69.0800
2019-04-02,69.6800
2019-04-03,69.2100
2019-04-04,69.8000
2019-04-05,69.9300
2019-04-08,71.1200
2019-04-09,71.0200
2019-04-10,71.6300
2019-04-11,71.3000
2019-04-12,71.5700
2019-04-15,70.9000
2019-04-16,70.7400
2019-04-17,71.1400
2019-04-18,70.7100
2019-04-22,70.7100
2019-04-23,74.3900
2019-04-24,73.5900
2019-04-25,74.9400
2019-04-26,71.0300
2019-04-29,71.2200
2019-04-30,72.1900
2019-05-01,72.0100
2019-05-02,70.5600
2019-05-03,71.9500
2019-05-06,71.9500
2019-05-07,70.9800
2019-05-08,71.0900
2019-05-09,70.6100
2019-05-10,71.6300
2019-05-13,72.3500
2019-05-14,72.5300
2019-05-15,73.0900
2019-05-16,74.7000
2019-05-17,73.9400
2019-05-20,73.2100
2019-05-21,72.9400
2019-05-22,71.9400
2019-05-23,68.3700
2019-05-24,67.9800
2019-05-28,70.1900
2019-05-29,70.6400
2019-05-30,69.5500
2019-05-31,66.7800
2019-06-03,63.1600
2019-06-04,63.5600
2019-06-05,62.1400
2019-06-06,62.7700
2019-06-07,64.1000
2019-06-10,64.3100
2019-06-11,63.5600
2019-06-12,61.6600
2019-06-13,63.2800
2019-06-14,63.1300
2019-06-17,62.5600
2019-06-18,63.3500
2019-06-19,62.8500
2019-06-20,65.4400
2019-06-21,65.9900
2019-06-24,65.1600
2019-06-25,66.2400
2019-06-26,66.8500
2019-06-27,66.7800
2019-06-28,67.5200
2019-07-01,65.1000
2019-07-02,62.7200
2019-07-03,63.5300
2019-07-04,63.6200
2019-07-05,64.2300
2019-07-08,64.8900
2019-07-09,64.3000
2019-07-10,66.4100
2019-07-11,67.6400
2019-07-12,66.6500
2019-07-15,66.8600
2019-07-16,65.8700
2019-07-17,63.6700
2019-07-18,60.7000
2019-07-19,61.0400
2019-07-22,61.9600
2019-07-23,62.2800
2019-07-24,63.8300
2019-07-25,63.4700
2019-07-26,62.4600
2019-07-29,62.2900
2019-07-30,62.5500
2019-07-31,64.0700
2019-08-01,62.9000
2019-08-02,61.1200
2019-08-05,59.3200
2019-08-06,58.6300
2019-08-07,55.0300
2019-08-08,56.2900
2019-08-09,57.3700
2019-08-12,57.1300
2019-08-13,59.9000
2019-08-14,57.8600
2019-08-15,57.3700
2019-08-16,59.0000
2019-08-19,59.7900
2019-08-20,59.0300
2019-08-21,60.6000
2019-08-22,59.8100
2019-08-23,58.6400
2019-08-26,58.6400
2019-08-27,58.4400
2019-08-28,60.4200
2019-08-29,60.5900
2019-08-30,61.0400
2019-09-02,58.5500
2019-09-03,57.9300
2019-09-04,60.6800
2019-09-05,62.7000
2019-09-06,61.2800
2019-09-09,63.9900
2019-09-10,64.6700
2019-09-11,63.0200
2019-09-12,60.7600
2019-09-13,61.2500
2019-09-16,68.4200
2019-09-17,65.5900
2019-09-18,64.2900
2019-09-19,64.2500
2019-09-20,65.2300
2019-09-23,64.6600
2019-09-24,64.1300
2019-09-25,62.4100
2019-09-26,62.0800
2019-09-27,62.4800
2019-09-30,60.9900
2019-10-01,60.0600
2019-10-02,57.9200
2019-10-03,58.0100
2019-10-04,59.1300
2019-10-07,59.4600
2019-10-08,58.1400
2019-10-09,59.7000
2019-10-10,59.0800
2019-10-11,60.5900
2019-10-14,58.8100
2019-10-15,59.1900
2019-10-16,59.3000
2019-10-17,59.3500
2019-10-18,59.9600
2019-10-21,58.9500
2019-10-22,60.5000
2019-10-23,60.5200
2019-10-24,61.7100
2019-10-25,62.0600
2019-10-28,60.3900
2019-10-29,61.0500
2019-10-30,60.2200
2019-10-31,59.3000
2019-11-01,60.1700
2019-11-04,62.5200
2019-11-05,62.7200
2019-11-06,62.1100
2019-11-07,62.6000
2019-11-08,62.0000
2019-11-11,62.5800
2019-11-12,62.1900
2019-11-13,62.2700
2019-11-14,62.4600
2019-11-15,63.3200
2019-11-18,62.8200
2019-11-19,62.3700
2019-11-20,63.8000
2019-11-21,64.9900
2019-11-22,64.8300
2019-11-25,64.6700
2019-11-26,64.8200
2019-11-27,65.0300
2019-11-28,64.6800
2019-11-29,64.5000
2019-12-02,63.2000
2019-12-03,62.9500
2019-12-04,65.2500
2019-12-05,65.6700
2019-12-06,66.5000
2019-12-09,66.4400
2019-12-10,66.5700
2019-12-11,65.3700
2019-12-12,66.6700
2019-12-13,67.4400
2019-12-16,68.0400
2019-12-17,68.9900
2019-12-18,69.1200
2019-12-19,69.7000
2019-12-20,68.6600
2019-12-23,67.4900
2019-12-24,69.2600
2019-12-26,69.2600
2019-12-27,68.9100
2019-12-30,68.3000
2019-12-31,67.7700
2020-01-02,67.0500
2020-01-03,69.0800
2020-01-06,70.2500
2020-01-07,68.7400
2020-01-08,67.3100
2020-01-09,66.5800
2020-01-10,66.7700
2020-01-13,64.1400
2020-01-14,64.4500
2020-01-15,63.2900
2020-01-16,64.6300
2020-01-17,64.0500
2020-01-20,64.6300
2020-01-21,63.6600
2020-01-22,62.1100
2020-01-23,61.2600
2020-01-24,59.3400
2020-01-27,58.5400
2020-01-28,59.3700
2020-01-29,59.4600
2020-01-30,57.7200
2020-01-31,57.7700
2020-02-03,54.0000
2020-02-04,53.9000
2020-02-05,55.3600
2020-02-06,55.1800
2020-02-07,54.5300
2020-02-10,53.3900
2020-02-11,54.0000
2020-02-12,55.5400
2020-02-13,56.3400
2020-02-14,57.3700
2020-02-17,57.8300
2020-02-18,57.3500
2020-02-19,59.7200
2020-02-20,59.5700
2020-02-21,58.6000
2020-02-24,56.7100
2020-02-25,55.2900
2020-02-26,54.9600
2020-02-27,52.1900
2020-02-28,51.3100
2020-03-02,52.5200
2020-03-03,52.2400
2020-03-04,51.8600
2020-03-05,51.2900
2020-03-06,45.6000
2020-03-09,35.3300
2020-03-10,35.5700
2020-03-11,34.4500
2020-03-12,31.0200
2020-03-13,32.2500
2020-03-16,27.9800
2020-03-17,27.9700
2020-03-18,22.7900
2020-03-19,23.9800
2020-03-20,25.5500
2020-03-23,23.7500
2020-03-24,24.5000
2020-03-25,25.6200
2020-03-26,23.5500
2020-03-27,22.3900
2020-03-30,19.1900
2020-03-31,14.8500
2020-04-01,14.9700
2020-04-02,20.2400
2020-04-03,24.3300
2020-04-06,22.5800
2020-04-07,22.1000
2020-04-08,25.2200
2020-04-09,20.2300
2020-04-14,21.7400
2020-04-15,19.8000
2020-04-16,18.6900
2020-04-17,19.7500
2020-04-20,17.3600
2020-04-21,9.1200
2020-04-22,13.7700
2020-04-23,15.0600
2020-04-24,15.8700
2020-04-27,15.1700
2020-04-28,15.6000
2020-04-29,17.8600
2020-04-30,18.1100
2020-05-01,18.4900
2020-05-04,20.4000
2020-05-05,25.4600
2020-05-06,24.2000
2020-05-07,24.2300
2020-05-11,25.5300
2020-05-12,26.6700
2020-05-13,27.8900
2020-05-14,29.8700
2020-05-15,30.9500
2020-05-18,33.3000
2020-05-19,33.0600
2020-05-20,34.7600
2020-05-21,34.7800
2020-05-22,33.8000
2020-05-26,33.9500
2020-05-27,32.7300
2020-05-28,33.9800
2020-05-29,34.1500
2020-06-01,36.7400
2020-06-02,37.7200
2020-06-03,37.9800
2020-06-04,38.4100
2020-06-05,41.0000
2020-06-08,39.6600
2020-06-09,40.4500
2020-06-10,41.1800
2020-06-11,37.7600
2020-06-12,38.5400
2020-06-15,39.4400
2020-06-16,40.7500
2020-06-17,40.4700
2020-06-18,41.7500
2020-06-19,42.3300
2020-06-22,43.2000
2020-06-23,42.7200
2020-06-24,40.4000
2020-06-25,41.1800
2020-06-26,40.9700
2020-06-29,41.5800
2020-06-30,41.6400
2020-07-01,42.1800
2020-07-02,43.1900
2020-07-03,42.9200
2020-07-06,42.7300
2020-07-07,43.2800
2020-07-08,43.6700
2020-07-09,42.3500
2020-07-10,43.2700
2020-07-13,42.8500
2020-07-14,42.9700
2020-07-15,43.9600
2020-07-16,43.7100
2020-07-17,43.5300
2020-07-20,43.3000
2020-07-21,44.3100
2020-07-22,43.9800
2020-07-23,42.9600
2020-07-24,43.2900
2020-07-27,43.3900
2020-07-28,43.1100
2020-07-29,43.5100
2020-07-30,42.9800
2020-07-31,43.1300
2020-08-03,43.7600
2020-08-04,43.9900
2020-08-05,44.9200
2020-08-06,45.0400
2020-08-07,44.0700
2020-08-10,44.1900
2020-08-11,43.6800
2020-08-12,45.0900
2020-08-13,44.8700
2020-08-14,44.8600
2020-08-17,44.9100
2020-08-18,45.3400
2020-08-19,45.2100
2020-08-20,44.5600
2020-08-21,43.9400
2020-08-24,44.4300
2020-08-25,46.0100
2020-08-26,45.7900
2020-08-27,44.8400
2020-08-28,45.2200
2020-09-01,45.7200
2020-09-02,42.7000
2020-09-03,42.7200
2020-09-04,41.1000
2020-09-07,40.6700
2020-09-08,38.5300
2020-09-09,39.9800
2020-09-10,39.2700
2020-09-11,38.8000
2020-09-14,38.5700
2020-09-15,39.5400
2020-09-16,41.2300
2020-09-17,42.3500
2020-09-18,42.1600
2020-09-21,40.3700
2020-09-22,40.8400
2020-09-23,41.0900
2020-09-24,41.2400
2020-09-25,40.9100
2020-09-28,41.5900
2020-09-29,40.3300
2020-09-30,40.3000
2020-10-01,39.7500
2020-10-02,38.0000
2020-10-05,39.7800
2020-10-06,41.2700
2020-10-07,40.6200
2020-10-08,42.0000
2020-10-09,41.6300
2020-10-12,40.5000
2020-10-13,41.3400
2020-10-14,41.8100
2020-10-15,41.6100
2020-10-16,41.3400
2020-10-19,41.2900
2020-10-20,41.6200
2020-10-21,40.0900
2020-10-22,41.2800
2020-10-23,40.7100
2020-10-26,39.0600
2020-10-27,39.7200
2020-10-28,37.8600
2020-10-29,36.5600
2020-10-30,36.3300
2020-11-02,37.7800
2020-11-03,38.1700
2020-11-04,39.6800
2020-11-05,39.4700
2020-11-06,38.0800
2020-11-09,40.9300
2020-11-10,42.2500
2020-11-11,42.5000
2020-11-12,42.1600
2020-11-13,41.5100
2020-11-16,42.7100
2020-11-17,42.5400
2020-11-18,42.9100
2020-11-19,43.0900
2020-11-20,43.7900
2020-11-23,45.0000
2020-11-24,46.6300
2020-11-25,47.3000
2020-11-26,46.3200
2020-11-27,46.8800
2020-11-30,46.8400
2020-12-01,47.0300
2020-12-02,47.8000
2020-12-03,48.3700
2020-12-04,49.1000
2020-12-07,48.6300
2020-12-08,48.8400
2020-12-09,48.8100
2020-12-10,50.3300
2020-12-11,50.0100
2020-12-14,50.2700
2020-12-15,50.7700
2020-12-16,50.8300
2020-12-17,51.2000
2020-12-18,52.1700
2020-12-21,50.6100
2020-12-22,49.8800
2020-12-23,51.0500
2020-12-24,50.8800
2020-12-28,50.8800
2020-12-29,50.4400
2020-12-30,50.7400
2020-12-31,51.2200
2021-01-04,50.3700
2021-01-05,53.1600
2021-01-06,53.8000
2021-01-07,53.7000
2021-01-08,55.5100
2021-01-11,54.8400
2021-01-12,55.9800
2021-01-13,55.5200
2021-01-14,55.7600
2021-01-15,54.8000
2021-01-18,54.2100
2021-01-19,55.3800
2021-01-20,55.6600
2021-01-21,55.6800
2021-01-22,55.2200
2021-01-25,55.4400
2021-01-26,55.2600
2021-01-27,55.0700
2021-01-28,54.8700
2021-01-29,55.2500
2021-02-01,56.4200
2021-02-02,57.6200
2021-02-03,58.6100
2021-02-04,58.9800
2021-02-05,59.4800
2021-02-08,60.1700
2021-02-09,60.7400
2021-02-10,61.1700
2021-02-11,61.0900
2021-02-12,62.4700
2021-02-15,63.5800
2021-02-16,63.9600
2021-02-17,65.0200
2021-02-18,64.0900
2021-02-19,62.8400
2021-02-22,64.7300
2021-02-23,65.1600
2021-02-24,66.8500
2021-02-25,66.6900
2021-02-26,65.8600
2021-03-01,64.5600
2021-03-02,63.1700
2021-03-03,64.7000
2021-03-04,67.3200
2021-03-05,69.9500
2021-03-08,68.0000
2021-03-09,67.0300
2021-03-10,67.5300
2021-03-11,69.3400
2021-03-12,68.8700
2021-03-15,68.7800
2021-03-16,67.9500
2021-03-17,67.7300
2021-03-18,62.1100
2021-03-19,64.0000
2021-03-22,63.8900
2021-03-23,59.9600
2021-03-24,63.7000
2021-03-25,61.2100
2021-03-26,63.7700
2021-03-29,64.0600
2021-03-30,63.2800
2021-03-31,63.5200
2021-04-01,63.8500
2021-04-06,61.4700
2021-04-07,61.8600
2021-04-08,62.0900
2021-04-09,61.8900
2021-04-12,62.3800
2021-04-13,62.8300
2021-04-14,66.1100
2021-04-15,66.1300
2021-04-16,65.9800
2021-04-19,66.5400
2021-04-20,65.3400
2021-04-21,64.0200
2021-04-22,65.0700
2021-04-23,65.7500
2021-04-26,65.5000
2021-04-27,66.2500
2021-04-28,67.0800
2021-04-29,68.2600
2021-04-30,67.7300
2021-05-04,68.9100
2021-05-05,69.7100
2021-05-06,68.6200
2021-05-07,68.7300
2021-05-10,68.6100
2021-05-11,68.8300
2021-05-12,69.6200
2021-05-13,67.3600
2021-05-14,69.2400
2021-05-17,69.6200
2021-05-18,69.0100
2021-05-19,66.8800
2021-05-20,65.1800
2021-05-21,66.7200
2021-05-24,68.5900
2021-05-25,68.8000
2021-05-26,68.9300
2021-05-27,69.4300
2021-05-28,69.3600
2021-06-01,70.0300
2021-06-02,70.6000
2021-06-03,70.7100
2021-06-04,71.3000
2021-06-07,70.8900
2021-06-08,71.3900
2021-06-09,71.3100
2021-06-10,71.6500
2021-06-11,72.0500
2021-06-14,72.2700
2021-06-15,73.3800
2021-06-16,73.8800
2021-06-17,72.9200
2021-06-18,73.1000
2021-06-21,74.4900
2021-06-22,74.9200
2021-06-23,75.2200
2021-06-24,75.9500
2021-06-25,76.4500
2021-06-28,74.7800
2021-06-29,75.3800
2021-06-30,76.9400
2021-07-01,76.6900
2021-07-02,77.5100
2021-07-05,78.3400
2021-07-06,75.8100
2021-07-07,74.3100
2021-07-08,75.0700
2021-07-09,77.1400
2021-07-12,76.7700
2021-07-13,77.5000
2021-07-14,75.7400
2021-07-15,74.5300
2021-07-16,74.4600
2021-07-19,69.3300
2021-07-20,70.0300
2021-07-21,72.5400
2021-07-22,74.2500
2021-07-23,74.8600
2021-07-26,74.7900
2021-07-27,74.8700
2021-07-28,75.0900
2021-07-29,76.3000
2021-07-30,77.7200
2021-08-02,73.9100
2021-08-03,73.2400
2021-08-04,70.9900
2021-08-05,72.1400
2021-08-06,71.0200
2021-08-09,69.6500
2021-08-10,71.1400
2021-08-11,71.9900
2021-08-12,71.7900
2021-08-13,70.9000
2021-08-16,70.0700
2021-08-17,69.4000
2021-08-18,68.6100
2021-08-19,66.8000
2021-08-20,65.5100
2021-08-23,69.0700
2021-08-24,71.2100
2021-08-25,72.1200
2021-08-26,70.4200
2021-08-27,72.2600
2021-08-31,73.4500
2021-09-01,71.9900
2021-09-02,73.5600
2021-09-03,73.0700
2021-09-06,72.4300
2021-09-07,71.5200
2021-09-08,72.3600
2021-09-09,71.3200
2021-09-10,72.4400
2021-09-13,72.9700
2021-09-14,73.0500
2021-09-15,74.8400
2021-09-16,75.1400
2021-09-17,74.6400
2021-09-20,73.5900
2021-09-21,73.6500
2021-09-22,75.5000
2021-09-23,76.4400
2021-09-24,77.4200
2021-09-27,78.8500
2021-09-28,78.3000
2021-09-29,77.8600
2021-09-30,77.8100
2021-10-01,79.4000
2021-10-04,81.4400
2021-10-05,82.7200
2021-10-06,81.3900
2021-10-07,82.3400
2021-10-08,82.1700
2021-10-11,83.7500
2021-10-12,83.5300
2021-10-13,83.5300
2021-10-14,83.8600
2021-10-15,84.6700
2021-10-18,84.1300
2021-10-19,85.0200
2021-10-20,85.7600
2021-10-21,84.5800
2021-10-22,85.4300
2021-10-25,84.8500
2021-10-26,85.1100
2021-10-27,84.1200
2021-10-28,83.4000
2021-10-29,83.1000
2021-11-01,84.5100
2021-11-02,84.4200
2021-11-03,81.1000
2021-11-04,80.1500
2021-11-05,82.4300
2021-11-08,83.2200
2021-11-09,84.5200
2021-11-10,82.9100
2021-11-11,83.4000
2021-11-12,82.9000
2021-11-15,81.9400
2021-11-16,82.8500
2021-11-17,80.6700
2021-11-18,82.4500
2021-11-19,80.2400
2021-11-22,80.9700
2021-11-23,83.4300
2021-11-24,82.3700
2021-11-25,82.0500
2021-11-26,72.3700
2021-11-29,73.3400
2021-11-30,70.8600
2021-12-01,69.5300
2021-12-02,70.5600
2021-12-03,70.7100
2021-12-06,73.3800
2021-12-07,75.5400
2021-12-08,75.9400
2021-12-09,74.1000
2021-12-10,74.9800
2021-12-13,74.1200
2021-12-14,73.3700
2021-12-15,73.7100
2021-12-16,74.6400
2021-12-17,72.9700
2021-12-20,70.5100
2021-12-21,72.8500
2021-12-22,74.6900
2021-12-23,76.2600
2021-12-24,75.2400
2021-12-29,78.6300
2021-12-30,78.6100
2021-12-31,77.2400
2022-01-03,78.2500
2022-01-04,79.3900
2022-01-05,80.6000
2022-01-06,81.9900
2022-01-07,82.2800
2022-01-10,81.5600
2022-01-11,84.9800
2022-01-12,85.8300
2022-01-13,85.8000
2022-01-14,87.1700
2022-01-17,87.8200
2022-01-18,88.8300
2022-01-19,89.6400
2022-01-20,89.7500
2022-01-21,89.7500
2022-01-24,87.7400
2022-01-25,89.4900
2022-01-26,91.2200
2022-01-27,90.7000
2022-01-28,91.4700
2022-01-31,92.3500
2022-02-01,90.2400
2022-02-02,91.4300
2022-02-03,92.9900
2022-02-04,96.8600
2022-02-07,97.2800
2022-02-08,96.0700
2022-02-09,94.9500
2022-02-10,96.3700
2022-02-11,97.5000
2022-02-14,101.6600
2022-02-15,98.4300
2022-02-16,97.4400
2022-02-17,95.2800
2022-02-18,96.1800
2022-02-21,98.9500
2022-02-22,98.7300
2022-02-23,99.2900
2022-02-24,101.2900
2022-02-25,98.5600
2022-02-28,103.0800
2022-03-01,110.9300
2022-03-02,118.9400
2022-03-03,115.3600
2022-03-04,123.8600
2022-03-07,129.0200
2022-03-08,133.1800
2022-03-09,116.5800
2022-03-10,114.5400
2022-03-11,118.1100
2022-03-14,110.3900
2022-03-15,105.1400
2022-03-16,104.6100
2022-03-17,113.5000
2022-03-18,114.3200
2022-03-21,122.2900
2022-03-22,121.5300
2022-03-23,127.5200
2022-03-24,123.9800
2022-03-25,122.6700
2022-03-28,114.5000
2022-03-29,112.7900
2022-03-30,115.5900
2022-03-31,107.2900
2022-04-01,106.1300
2022-04-04,108.1500
2022-04-05,106.6000
2022-04-06,100.8100
2022-04-07,99.8300
2022-04-08,101.2600
2022-04-11,97.9200
2022-04-12,104.4200
2022-04-13,108.4900
2022-04-14,110.8300
2022-04-19,105.4900
2022-04-20,105.0500
2022-04-21,107.2000
2022-04-22,105.1500
2022-04-25,99.2700
2022-04-26,102.8900
2022-04-27,103.3000
2022-04-28,105.7800
2022-04-29,108.3600
2022-05-03,104.9400
2022-05-04,110.5300
2022-05-05,112.1100
2022-05-06,113.8600
2022-05-09,106.6700
2022-05-10,102.6100
2022-05-11,107.7000
2022-05-12,108.0600
2022-05-13,112.1200
2022-05-16,114.8600
2022-05-17,112.8900
2022-05-18,110.0400
2022-05-19,113.2200
2022-05-20,113.6300
2022-05-23,115.1300
2022-05-24,115.7700
2022-05-25,116.4100
2022-05-26,119.8100
2022-05-27,121.1900
2022-05-30,123.0100
2022-05-31,125.5300
2022-06-01,122.2000
2022-06-03,125.6800
2022-06-06,124.9900
2022-06-07,126.8900
2022-06-08,129.2000
2022-06-09,128.4700
2022-06-10,127.4400
2022-06-13,128.4400
2022-06-14,127.0200
2022-06-15,124.9600
2022-06-16,125.7800
2022-06-17,119.2200
2022-06-20,118.2500
2022-06-21,118.5100
2022-06-22,115.5400
2022-06-23,114.5000
2022-06-24,117.3600
2022-06-27,119.6900
2022-06-28,122.2100
2022-06-29,120.8000
2022-06-30,119.7800
2022-07-01,119.2100
2022-07-04,121.8000
2022-07-05,110.4900
2022-07-06,108.5400
2022-07-07,113.4000
2022-07-08,113.9500
2022-07-11,114.8500
2022-07-12,106.9800
2022-07-13,107.1700
2022-07-14,107.7400
2022-07-15,112.2600
2022-07-18,117.2700
2022-07-19,114.9600
2022-07-20,115.8600
2022-07-21,112.8100
2022-07-22,106.7700
2022-07-25,108.2300
2022-07-26,107.3200
2022-07-27,109.6400
2022-07-28,109.6800
2022-07-29,111.5100
2022-08-01,106.0900
2022-08-02,106.5100
2022-08-03,101.8200
2022-08-04,97.9900
2022-08-05,100.3100
2022-08-08,103.4600
2022-08-09,103.8100
2022-08-10,105.0600
2022-08-11,107.1900
2022-08-12,103.7000
2022-08-15,98.2500
2022-08-16,95.3600
2022-08-17,97.2200
2022-08-18,96.3500
2022-08-19,96.4500
2022-08-22,95.0600
2022-08-23,99.4900
2022-08-24,99.8700
2022-08-25,98.8100
2022-08-26,101.1300
2022-08-30,99.3400
2022-08-31,96.5500
2022-09-01,92.2400
2022-09-02,93.0900
2022-09-05,94.2200
2022-09-06,91.4300
2022-09-07,86.8300
2022-09-08,87.9900
2022-09-09,91.6800
2022-09-12,93.4500
2022-09-13,92.0400
2022-09-14,92.8300
2022-09-15,89.2800
2022-09-16,89.4300
2022-09-20,89.6200
2022-09-21,89.8600
2022-09-22,90.4000
2022-09-23,84.2900
2022-09-26,82.5500
2022-09-27,85.9700
2022-09-28,89.5500
2022-09-29,89.4100
2022-09-30,88.9000
2022-10-03,90.6800
2022-10-04,93.7400
2022-10-05,94.3500
2022-10-06,95.6500
2022-10-07,98.8800
2022-10-10,97.1300
2022-10-11,95.1700
2022-10-12,93.4400
2022-10-13,95.1600
2022-10-14,92.2200
2022-10-17,91.0400
2022-10-18,89.4600
2022-10-19,91.3400
2022-10-20,91.5200
2022-10-21,91.8200
2022-10-24,91.5700
2022-10-25,91.7600
2022-10-26,92.9300
2022-10-27,94.1700
2022-10-28,94.6400
2022-10-31,93.3000
2022-11-01,95.1200
2022-11-02,96.0700
2022-11-03,95.2900
2022-11-04,99.5300
2022-11-07,99.8700
2022-11-08,96.8500
2022-11-09,93.0500
2022-11-10,94.2500
2022-11-11,96.3700
2022-11-14,93.5900
2022-11-15,94.3000
2022-11-16,92.6100
2022-11-17,91.0000
2022-11-18,88.9300
2022-11-21,88.4400
2022-11-22,88.6500
2022-11-23,85.9000
2022-11-24,85.5900
2022-11-25,83.4000
2022-11-28,83.5000
2022-11-29,83.2200
2022-11-30,85.6100
2022-12-01,86.2800
2022-12-02,86.5400
2022-12-05,83.3600
2022-12-06,79.9200
2022-12-07,77.1100
2022-12-08,76.0200
2022-12-09,76.3700
2022-12-12,78.0000
2022-12-13,80.1400
2022-12-14,83.3300
2022-12-15,82.3400
2022-12-16,80.2000
2022-12-19,81.6600
2022-12-20,79.4500
2022-12-21,80.2500
2022-12-22,79.5800
2022-12-23,82.4500
2022-12-28,81.7000
2022-12-29,80.9600
2022-12-30,82.8200
2023-01-03,80.3600
2023-01-04,75.3100
2023-01-05,76.7300
2023-01-06,76.4100
2023-01-09,77.5000
2023-01-10,78.4000
2023-01-11,81.1100
2023-01-12,82.5900
2023-01-13,83.4300
2023-01-16,82.6500
2023-01-17,84.3800
2023-01-18,83.7800
2023-01-19,85.0800
2023-01-20,86.9600
2023-01-23,87.5400
2023-01-24,85.2500
2023-01-25,85.0800
2023-01-26,86.2900
2023-01-27,85.3600
2023-01-30,84.9000
2023-01-31,83.4200
2023-02-01,81.6100
2023-02-02,80.5700
2023-02-03,78.8500
2023-02-06,80.4800
2023-02-07,82.9200
2023-02-08,84.1700
2023-02-09,83.4600
2023-02-10,85.4600
2023-02-13,85.9800
2023-02-14,84.9600
2023-02-15,84.1100
2023-02-16,83.8400
2023-02-17,81.9700
2023-02-20,82.7900
2023-02-21,82.1400
2023-02-22,79.5500
2023-02-23,82.0800
2023-02-24,82.3100
2023-02-27,81.2400
2023-02-28,83.2100
2023-03-01,83.6800
2023-03-02,84.1500
2023-03-03,85.7400
2023-03-06,85.8600
2023-03-07,83.0300
2023-03-08,82.1000
2023-03-09,81.0000
2023-03-10,82.3000
2023-03-13,79.6700
2023-03-14,76.7700
2023-03-15,74.3000
2023-03-16,73.1200
2023-03-17,71.0300
2023-03-20,72.4200
2023-03-21,74.7800
2023-03-22,76.0800
2023-03-23,74.3100
2023-03-24,73.6300
2023-03-27,76.8000
2023-03-28,78.0700
2023-03-29,77.5100
2023-03-30,78.4500
2023-03-31,79.1900
2023-04-03,85.8100
2023-04-04,85.7000
2023-04-05,85.8900
2023-04-06,86.5600
2023-04-11,87.3200
2023-04-12,88.3100
2023-04-13,86.5100
2023-04-14,87.3100
2023-04-17,85.6300
2023-04-18,85.4800
2023-04-19,85.3400
2023-04-20,83.2900
2023-04-21,83.3600
2023-04-24,84.2300
2023-04-25,82.1300
2023-04-26,79.1900
2023-04-27,80.1100
2023-04-28,81.3200
2023-05-02,76.7100
2023-05-03,72.9100
2023-05-04,73.0000
2023-05-05,75.8500
2023-05-09,77.7600
2023-05-10,76.7000
2023-05-11,75.3200
2023-05-12,74.5400
2023-05-15,75.4600
2023-05-16,75.1500
2023-05-17,76.9800
2023-05-18,75.7500
2023-05-19,75.4200
2023-05-22,75.7700
2023-05-23,76.6600
2023-05-24,77.9900
2023-05-25,75.6600
2023-05-26,76.3300
2023-05-30,73.3800
2023-05-31,71.9800
2023-06-01,74.1800
2023-06-02,76.0000
2023-06-05,76.6100
2023-06-06,76.2200
2023-06-07,76.8500
2023-06-08,75.8800
2023-06-09,74.7400
2023-06-12,71.8000
2023-06-13,74.2400
2023-06-14,73.3900
2023-06-15,75.7500
2023-06-16,76.7600
2023-06-19,76.0900
2023-06-20,75.7900
2023-06-21,76.9200
2023-06-22,73.9300
2023-06-23,73.5600
2023-06-26,73.8600
2023-06-27,71.8800
2023-06-28,73.6400
2023-06-29,73.8600
2023-06-30,74.5100
2023-07-03,74.5200
2023-07-04,76.2300
2023-07-05,76.7400
2023-07-06,76.7200
2023-07-07,78.7700
2023-07-10,77.8300
2023-07-11,79.5400
2023-07-12,80.3500
2023-07-13,81.3100
2023-07-14,79.9000
2023-07-17,77.8000
2023-07-18,79.5400
2023-07-19,79.3800
2023-07-20,79.6200
2023-07-21,81.0600
2023-07-24,82.5300
2023-07-25,83.4600
2023-07-26,82.9800
2023-07-27,84.2800
2023-07-28,84.4900
2023-07-31,85.2200
2023-08-01,85.3400
2023-08-02,84.0100
2023-08-03,86.1900
2023-08-04,87.3800
2023-08-07,86.4700
2023-08-08,88.0000
2023-08-09,89.3100
2023-08-10,87.4400
2023-08-11,87.9300
2023-08-14,87.4000
2023-08-15,86.2800
2023-08-16,84.4900
2023-08-17,85.2400
2023-08-18,85.9200
2023-08-21,85.4400
2023-08-22,84.7000
2023-08-23,83.9400
2023-08-24,84.0700
2023-08-25,85.4200
2023-08-29,86.3700
2023-08-30,86.6200
2023-08-31,87.2900
2023-09-01,89.9800
2023-09-04,90.4200
2023-09-05,91.2500
2023-09-06,91.7900
2023-09-07,91.1600
2023-09-08,91.8500
2023-09-11,91.9700
2023-09-12,93.5800
2023-09-13,93.0400
2023-09-14,95.2000
2023-09-15,95.5500
2023-09-18,95.9500
2023-09-19,96.1100
2023-09-20,94.5600
2023-09-21,93.7000
2023-09-22,93.9900
2023-09-25,94.0100
2023-09-26,94.4600
2023-09-27,97.1000
2023-09-28,96.6400
2023-09-29,95.8600
2023-10-02,91.2100
2023-10-03,94.4600
2023-10-04,89.8300
2023-10-05,88.2800
2023-10-06,87.8600
2023-10-09,91.3700
2023-10-10,90.7000
2023-10-11,87.5800
2023-10-12,88.4000
2023-10-13,94.3300
2023-10-16,90.9900
2023-10-17,92.5200
2023-10-18,91.9900
2023-10-19,93.1200
2023-10-20,93.7200
2023-10-23,91.8800
2023-10-24,88.0000
2023-10-25,90.1400
2023-10-26,88.4500
2023-10-27,90.7300
2023-10-30,90.7300
2023-10-31,86.8200
2023-11-01,86.9200
2023-11-02,89.0200
2023-11-03,87.5500
2023-11-06,87.3100
2023-11-07,83.4300
2023-11-08,81.4600
2023-11-09,81.7400
2023-11-10,83.6600
2023-11-13,84.0900
2023-11-14,84.2000
2023-11-15,82.4000
2023-11-16,77.7300
2023-11-17,81.2200
2023-11-20,83.2500
2023-11-21,82.4200
2023-11-22,81.7600
2023-11-23,80.8500
2023-11-24,79.8200
2023-11-27,79.4900
2023-11-28,81.6600
2023-11-29,82.9800
2023-11-30,81.7200
2023-12-01,78.7200
2023-12-04,78.1600
2023-12-05,77.2700
2023-12-06,74.3300
2023-12-07,74.2100
2023-12-08,75.9400
2023-12-11,75.7500
2023-12-12,74.1100
2023-12-13,74.1400
2023-12-14,77.0500
2023-12-15,76.8400
2023-12-18,78.8900
2023-12-19,79.8200
2023-12-20,81.1000
2023-12-21,80.7300
2023-12-22,80.2300
2023-12-27,80.9700
2023-12-28,79.0400
2023-12-29,77.6900
2024-01-02,76.2400
2024-01-03,77.1800
2024-01-04,75.7900
2024-01-05,78.3100
2024-01-08,75.4700
2024-01-09,77.9700
2024-01-10,78.4600
2024-01-11,80.2100
2024-01-12,79.8900
2024-01-15,79.7600
2024-01-16,80.1500
2024-01-17,78.8800
2024-01-18,81.0400
2024-01-19,80.7100
2024-01-22,81.7000
2024-01-23,82.0400
2024-01-24,82.1500
2024-01-25,82.3300
2024-01-26,83.3400
2024-01-29,83.9900
2024-01-30,84.1400
2024-01-31,82.9800
2024-02-01,82.2000
2024-02-02,79.5400
2024-02-05,79.3000
2024-02-06,80.4600
2024-02-07,81.1800
2024-02-08,83.0100
2024-02-09,83.5800
2024-02-12,83.8800
2024-02-13,84.7200
2024-02-14,84.4100
2024-02-15,84.3300
2024-02-16,84.8800
2024-02-19,85.5200
2024-02-20,84.7800
2024-02-21,84.7700
2024-02-22,85.8400
2024-02-23,84.1800
2024-02-26,84.0100
2024-02-27,83.8000
2024-02-28,84.0800
2024-02-29,84.5700
2024-03-01,84.8200
2024-03-04,86.5800
2024-03-05,85.8200
2024-03-06,86.5900
2024-03-07,84.8800
2024-03-08,84.2900
2024-03-11,83.4400
2024-03-12,83.6600
2024-03-13,83.9500
2024-03-14,86.1600
2024-03-15,85.3900
2024-03-18,86.4700
2024-03-19,87.3600
2024-03-20,85.7700
2024-03-21,84.9200
2024-03-22,84.8700
2024-03-25,86.1800
2024-03-26,85.9100
2024-03-27,84.9400
2024-03-28,86.1700
2024-04-02,87.6300
2024-04-03,90.6000
2024-04-04,90.3200
2024-04-05,92.8100
2024-04-08,91.7300
2024-04-09,92.1300
2024-04-10,91.5700
2024-04-11,91.4900
2024-04-12,93.1200
2024-04-15,90.8400
2024-04-16,91.2900
2024-04-17,89.5400
2024-04-18,88.3400
2024-04-19,87.9600
2024-04-22,87.3000
2024-04-23,88.2900
2024-04-24,89.0200
2024-04-25,88.1000
2024-04-26,89.9500
2024-04-29,88.4400
2024-04-30,88.2300
2024-05-01,83.5500
2024-05-02,84.8100
2024-05-03,83.6000
2024-05-07,82.6900
2024-05-08,82.4400
2024-05-09,83.2700
2024-05-10,83.3900
2024-05-13,83.1800
2024-05-14,81.0000
2024-05-15,79.9800
2024-05-16,81.6500
2024-05-17,82.2400
2024-05-20,81.9100
2024-05-21,81.2200
2024-05-22,79.9000
2024-05-23,79.2500
2024-05-24,78.9200
2024-05-28,81.3400
2024-05-29,81.5000
2024-05-30,81.4200
2024-05-31,79.4100
2024-06-03,76.4500
2024-06-04,75.3300
2024-06-05,75.4100
2024-06-06,77.6200
2024-06-07,78.1200
2024-06-10,79.5900
2024-06-11,80.1500
2024-06-12,80.5200
2024-06-13,81.4400
2024-06-14,81.4900
2024-06-17,82.4500
2024-06-18,84.7900
2024-06-19,85.6400
2024-06-20,85.9200
2024-06-21,86.4200
2024-06-24,86.7500
2024-06-25,86.8100
2024-06-26,85.7600
2024-06-27,87.0000
2024-06-28,87.2600
2024-07-01,86.5700
2024-07-02,88.2800
2024-07-03,88.2500
2024-07-04,88.3400
2024-07-05,88.6600
2024-07-08,87.1500
2024-07-09,86.4800
2024-07-10,86.5500
2024-07-11,86.4900
2024-07-12,87.3500
2024-07-15,86.4200
2024-07-16,86.6000
2024-07-17,85.7600
2024-07-18,86.2600
2024-07-19,85.1900
2024-07-22,83.4400
2024-07-23,82.2000
2024-07-24,83.0100
2024-07-25,82.5800
2024-07-26,81.3500
2024-07-29,80.9400
2024-07-30,79.2600
2024-07-31,81.3900
2024-08-01,81.3700
2024-08-02,78.3500
2024-08-05,77.5100
2024-08-06,76.6200
2024-08-07,78.2600
2024-08-08,80.7600
2024-08-09,81.0700
2024-08-12,83.0600
2024-08-13,82.5100
2024-08-14,82.1500
2024-08-15,83.0900
2024-08-16,81.5600
2024-08-19,81.0900
2024-08-20,78.8500
2024-08-21,78.7700
2024-08-22,78.8000
2024-08-23,80.3400
2024-08-27,81.5100
2024-08-28,80.0400
2024-08-29,81.5500
2024-08-30,80.2000
2024-09-02,77.8200
2024-09-03,76.4600
2024-09-04,74.6700
2024-09-05,74.4700
2024-09-06,72.8200
2024-09-09,72.3700
2024-09-10,70.3400
2024-09-11,70.3100
2024-09-12,73.8100
2024-09-13,73.6800
2024-09-16,73.9600
2024-09-17,74.5500
2024-09-18,74.5200
2024-09-19,75.9300
2024-09-20,75.9600
2024-09-23,74.9500
2024-09-24,75.2900
2024-09-25,75.4000
2024-09-26,73.0600
2024-09-27,71.6300
2024-09-30,72.3500
2024-10-01,75.3000
2024-10-02,74.8600
2024-10-03,77.5700
2024-10-04,79.3200
2024-10-07,81.7400
2024-10-08,78.1900
2024-10-09,77.0600
2024-10-10,79.4500
2024-10-11,80.2700
2024-10-14,78.4700
2024-10-15,73.6800
2024-10-16,73.6500
2024-10-17,74.3700
2024-10-18,72.7500
2024-10-21,73.2900
2024-10-22,75.5900
2024-10-23,74.6800
2024-10-24,74.2700
2024-10-25,75.6200
2024-10-28,71.8700
2024-10-29,71.0900
2024-10-30,73.2100
2024-10-31,73.2500
2024-11-01,73.6300
2024-11-04,74.8900
2024-11-05,76.9800
2024-11-06,76.5200
2024-11-07,75.7300
2024-11-08,74.0400
2024-11-11,72.1900
2024-11-12,72.5600
2024-11-13,72.8600
2024-11-14,73.3900
2024-11-15,73.4500
2024-11-18,74.3500
2024-11-19,74.3200
2024-11-20,74.3300
2024-11-21,75.0900
2024-11-22,76.1000
2024-11-25,74.2700
2024-11-26,74.5600
2024-11-27,73.9100
2024-11-28,73.9200
2024-11-29,74.1600
2024-12-02,72.8100
2024-12-03,74.8000
2024-12-04,74.6800
2024-12-05,73.7800
2024-12-06,73.7800
2024-12-09,73.7300
2024-12-10,73.6400
2024-12-11,74.3800
2024-12-12,73.5200
2024-12-13,74.8900
2024-12-16,74.3000
2024-12-17,73.1600
2024-12-18,74.5700
2024-12-19,73.7500
2024-12-20,73.1900
2024-12-23,72.1200
2024-12-24,73.5000
2024-12-27,73.7700
2024-12-30,74.2400
2024-12-31,74.5800
2025-01-02,76.1400
2025-01-03,76.7200
2025-01-06,77.2700
2025-01-07,77.8400
2025-01-08,77.3700
2025-01-09,78.4400
2025-01-10,79.7600
2025-01-13,82.6900
2025-01-14,82.3900
2025-01-15,83.4800
2025-01-16,82.3900
2025-01-17,83.0200
2025-01-20,81.6800
2025-01-21,80.5700
2025-01-22,80.0000
2025-01-23,78.6200
2025-01-24,78.7100
2025-01-27,77.3000
2025-01-28,78.0100
2025-01-29,77.0200
2025-01-30,77.4200
2025-01-31,77.1100
2025-02-03,76.4900
2025-02-04,76.5800
2025-02-05,74.7100
2025-02-06,74.5400
2025-02-07,74.6800
2025-02-10,76.2300
2025-02-11,77.6500
2025-02-12,75.3800
2025-02-13,75.6100
2025-02-14,75.1900
2025-02-17,75.8100
2025-02-18,76.4600
2025-02-19,76.3400
2025-02-20,76.9500
2025-02-21,74.8800
2025-02-24,74.8900
2025-02-25,73.1100
2025-02-26,73.4900
2025-02-27,75.0100
2025-02-28,74.7600
2025-03-03,72.8500
2025-03-04,72.3100
2025-03-05,70.9200
2025-03-06,71.0800
2025-03-07,72.4900
2025-03-10,71.0800
2025-03-11,71.5100
2025-03-12,72.3600
2025-03-13,70.8200
2025-03-14,71.9400
2025-03-17,71.9300
2025-03-18,71.9300
2025-03-19,71.9400
2025-03-20,72.6100
2025-03-21,72.6400
2025-03-24,73.9600
2025-03-25,73.7800
2025-03-26,74.6000
2025-03-27,74.7200
2025-03-28,74.6900
2025-03-31,77.2300
2025-04-01,77.7800
2025-04-02,77.2700
2025-04-03,72.5400
2025-04-04,68.3600
2025-04-07,66.1300
2025-04-08,64.8600
2025-04-09,67.3000
2025-04-10,65.3700
2025-04-11,66.8300
2025-04-14,67.1800
2025-04-15,66.5800
2025-04-16,67.9400
2025-04-17,69.3300
2025-04-22,68.9300
2025-04-23,68.2600
2025-04-24,67.5000
2025-04-25,66.9900
2025-04-28,66.1300
2025-04-29,64.0400
2025-04-30,63.3700
2025-05-01,62.3700
2025-05-02,61.5700
2025-05-06,62.3700
2025-05-07,60.3100
2025-05-08,62.2200
2025-05-09,64.2600
2025-05-12,65.2800
2025-05-13,66.9300
2025-05-14,65.9100
2025-05-15,64.3600
2025-05-16,65.2000
2025-05-19,66.2500
2025-05-20,66.9300
2025-05-21,65.8600
2025-05-22,64.8700
2025-05-23,65.4100
2025-05-27,64.3200
2025-05-28,65.7200
2025-05-29,64.6000
2025-05-30,64.3200
2025-06-02,66.5500
2025-06-03,67.4800
2025-06-04,66.6900
2025-06-05,67.1400
2025-06-06,68.0200
2025-06-09,68.7300
2025-06-10,68.4100
2025-06-11,71.2900
2025-06-12,70.8400
2025-06-13,76.0000
2025-06-16,75.0500
2025-06-17,78.7000
2025-06-18,78.3800
2025-06-19,80.3700
2025-06-20,78.7300
2025-06-23,74.3400
2025-06-24,69.1300
2025-06-25,68.4000
2025-06-26,68.5700
2025-06-27,69.3700
2025-06-30,68.1500
2025-07-01,67.6300
2025-07-02,70.8000
2025-07-03,70.4200
2025-07-04,71.0300
2025-07-07,71.9500
2025-07-08,72.5000
2025-07-09,71.9800
2025-07-10,70.3800
2025-07-11,72.0600
2025-07-14,70.9600
2025-07-15,70.2700
2025-07-16,69.6700
2025-07-17,71.3200
2025-07-18,71.0600
2025-07-21,71.9200
2025-07-22,69.6900
2025-07-23,69.1700
2025-07-24,70.4200
2025-07-25,69.2300
2025-07-28,70.8700
2025-07-29,73.2100
2025-07-30,73.9800
2025-07-31,73.4300
2025-08-01,70.5500
2025-08-04,69.5600
2025-08-05,69.1400
2025-08-06,67.9700
2025-08-07,66.9900
2025-08-08,67.1700
2025-08-11,67.3600
2025-08-12,66.8000
2025-08-13,66.2500
2025-08-14,68.1200
2025-08-15,67.3000
2025-08-18,68.1800
2025-08-19,66.6200
2025-08-20,67.6100
2025-08-21,68.4100
2025-08-22,68.2900
2025-08-26,66.8900
2025-08-27,67.7500
2025-08-28,68.6100
2025-08-29,67.8300
2025-09-01,67.0900
2025-09-02,68.0900
2025-09-03,67.7600
2025-09-04,66.4100
2025-09-05,64.9200
2025-09-08,65.4400
2025-09-09,67.9700
2025-09-10,67.6200
2025-09-11,67.2500
2025-09-12,67.8700
2025-09-15,67.8800
2025-09-16,69.6900
2025-09-17,69.1900
2025-09-18,67.8300
2025-09-19,67.0500
2025-09-22,66.8700
2025-09-23,67.9600
2025-09-24,69.6400
2025-09-25,70.4800
2025-09-26,71.1500
2025-09-29,69.0000
2025-09-30,68.5200
2025-10-01,66.6700
2025-10-02,65.4400
2025-10-03,66.1300
2025-10-06,67.0900
2025-10-07,67.1000
2025-10-08,67.4200
2025-10-09,67.2300
2025-10-10,64.4100
2025-10-13,64.1500
2025-10-14,63.0000
2025-10-15,62.3300
2025-10-16,61.0800
2025-10-17,61.2300
2025-10-20,60.7100
2025-10-21,61.0000
2025-10-22,62.2800
2025-10-23,66.3200
2025-10-24,65.8000
2025-10-27,65.5200
2025-10-28,64.0300
2025-10-29,65.0100
2025-10-30,65.1100
2025-10-31,65.4400
2025-11-03,65.7900
2025-11-04,65.0400
2025-11-05,63.5400
2025-11-06,63.4100
2025-11-07,63.7200
2025-11-10,63.0100
2025-11-11,63.8600
2025-11-12,61.8800
2025-11-13,62.1400
2025-11-14,63.4500
2025-11-17,63.1600
2025-11-18,64.8600
2025-11-19,63.7800
2025-11-20,63.6400
2025-11-21,62.7800
2025-11-24,64.8300
2025-11-25,63.9900
2025-11-26,64.8100
2025-11-27,64.1800
2025-11-28,64.0700
2025-12-01,64.2200
2025-12-02,63.3700
2025-12-03,63.7500
2025-12-04,64.1500
2025-12-05,64.4200
2025-12-08,63.3000
2025-12-09,62.6200
2025-12-10,63.1200
2025-12-11,61.8700
2025-12-12,62.1100
2025-12-15,61.5500
2025-12-16,59.9300
2025-12-17,60.6100
2025-12-18,60.6900
2025-12-19,61.3500
2025-12-22,62.2200
2025-12-23,63.7000
2025-12-24,63.7000
2025-12-29,63.1000
2025-12-30,62.3000
2025-12-31,61.3500
2026-01-02,61.9800
2026-01-05,63.0000
2026-01-06,62.1000
2026-01-07,61.0800
2026-01-08,63.3400
2026-01-09,65.1100
2026-01-12,65.4000
2026-01-13,67.5800
2026-01-14,68.8700
2026-01-15,66.1600
2026-01-16,66.9700
2026-01-19,66.9100
2026-01-20,67.6800
2026-01-21,66.7200
2026-01-22,65.4600
2026-01-23,68.1600
2026-01-26,67.7000
2026-01-27,70.2800
2026-01-28,70.9000
2026-01-29,71.0000
2026-01-30,72.2500
2026-02-02,67.7200
2026-02-03,70.0100
2026-02-04,71.1500
2026-02-05,69.8700
2026-02-06,70.4500
2026-02-09,71.1900
2026-02-10,71.0100
2026-02-11,71.5200
2026-02-12,69.8000
2026-02-13,69.9600
2026-02-16,70.8100
2026-02-17,69.7700
2026-02-18,71.7800
2026-02-19,73.1700
2026-02-20,72.7500
2026-02-23,71.9000
2026-02-24,71.2100
2026-02-25,70.6900
2026-02-26,71.6600
2026-02-27,71.3200
2026-03-02,77.2400
2026-03-03,83.2800
2026-03-04,81.5600
2026-03-05,88.5900
2026-03-06,95.7400
2026-03-09,94.3500
2026-03-10,89.8400
2026-03-11,90.9800
2026-03-12,102.3800
2026-03-13,103.2300
2026-03-16,101.0400
2026-03-17,108.3900
2026-03-18,118.0900
2026-03-19,111.0500
2026-03-20,118.4200
2026-03-23,103.7900
2026-03-24,108.4200
2026-03-25,109.1400
2026-03-26,113.3900
2026-03-27,121.4700
2026-03-30,121.8800
2026-03-31,126.6900
2026-04-01,119.5600
2026-04-02,127.6100
2026-04-07,138.2100
2026-04-08,122.1100
2026-04-09,119.0300
2026-04-10,119.0700
2026-04-13,123.2800
2026-04-14,118.6900
2026-04-15,114.9300
2026-04-16,116.6300
2026-04-17,98.6300
2026-04-20,103.4000
2026-04-21,106.1400
2026-04-22,113.4400
2026-04-23,113.2500
2026-04-24,111.8600
2026-04-27,113.8900
2026-04-28,117.6200
2026-04-29,124.1600
2026-04-30,124.2400
2026-05-01,118.2600
2026-05-05,114.5100
2026-05-06,103.7000
2026-05-07,101.8200
2026-05-08,103.4800
2026-05-11,106.1100
2026-05-12,111.3700
2026-05-13,110.2800
2026-05-14,110.9100
2026-05-15,113.9600
2026-05-18,116.7300
2026-05-19,114.6400
2026-05-20,108.9300
2026-05-21,105.8400
2026-05-22,106.9000
2026-05-26,102.7500
2026-05-27,97.1100
2026-05-28,95.4700
2026-05-29,92.8800
2026-06-01,98.2900
2026-06-02,98.4900
2026-06-03,101.6900
2026-06-04,98.9800
2026-06-05,97.2900
2026-06-08,97.4600
2026-06-09,94.1500
2026-06-10,95.7300
2026-06-11,92.8400
2026-06-12,88.6400
2026-06-15,84.3600
2026-06-16,80.5000
2026-06-17,80.3300
2026-06-18,79.3500
2026-06-19,80.4600
2026-06-22,76.4900
2026-06-23,75.6900
2026-06-24,72.0900
2026-06-25,73.7400
2026-06-26,70.1600
2026-06-29,71.5900
2026-06-30,70.4600
2026-07-01,69.2400
2026-07-02,68.5300
2026-07-03,68.6800
2026-07-06,69.5600
2026-07-07,71.7800
2026-07-08,76.5000
2026-07-09,74.4600
2026-07-10,74.3400
2026-07-13,81.6200
2026-07-14,83.6900
2026-07-15,83.0800
2026-07-16,81.2300
2026-07-17,85.0100
2026-07-20,86.9900
2026-07-21,93.8500
2026-07-22,94.1200
2026-07-23,105.3200
2026-07-24,100.3100
2026-07-27,91.8200
2026-07-28,85.5100
2026-07-29,91.9500
2026-07-30,91.9100
2026-07-31,96.9500
2026-08-03,88.9000
