date,open,high,low,close,volume,adj_close
1980-12-12,0.1283,0.1289,0.1283,0.1283,469033600,0.0982
1980-12-15,0.1222,0.1222,0.1217,0.1217,175884800,0.0931
1980-12-16,0.1133,0.1133,0.1127,0.1127,105728000,0.0863
1980-12-17,0.1155,0.1161,0.1155,0.1155,86441600,0.0884
1980-12-18,0.1189,0.1194,0.1189,0.1189,73449600,0.0909
1980-12-19,0.1261,0.1267,0.1261,0.1261,48630400,0.0965
1980-12-22,0.1323,0.1328,0.1323,0.1323,37363200,0.1012
1980-12-23,0.1378,0.1384,0.1378,0.1378,46950400,0.1055
1980-12-24,0.1451,0.1456,0.1451,0.1451,48003200,0.1110
1980-12-26,0.1585,0.1590,0.1585,0.1585,55574400,0.1213
1980-12-29,0.1607,0.1613,0.1607,0.1607,93161600,0.1230
1980-12-30,0.1574,0.1574,0.1568,0.1568,68880000,0.1200
1980-12-31,0.1529,0.1529,0.1523,0.1523,35750400,0.1166
1981-01-02,0.1540,0.1551,0.1540,0.1540,21660800,0.1178
1981-01-05,0.1512,0.1512,0.1507,0.1507,35728000,0.1153
1981-01-06,0.1445,0.1445,0.1440,0.1440,45158400,0.1102
1981-01-07,0.1384,0.1384,0.1378,0.1378,55686400,0.1055
1981-01-08,0.1356,0.1356,0.1350,0.1350,39827200,0.1033
1981-01-09,0.1423,0.1429,0.1423,0.1423,21504000,0.1089
1981-01-12,0.1423,0.1423,0.1412,0.1412,23699200,0.1080
1981-01-13,0.1367,0.1367,0.1362,0.1362,23049600,0.1042
1981-01-14,0.1367,0.1373,0.1367,0.1367,14291200,0.1046
1981-01-15,0.1395,0.1406,0.1395,0.1395,14067200,0.1067
1981-01-16,0.1390,0.1390,0.1384,0.1384,13395200,0.1059
1981-01-19,0.1468,0.1473,0.1468,0.1468,41574400,0.1123
1981-01-20,0.1429,0.1429,0.1423,0.1423,30083200,0.1089
1981-01-21,0.1451,0.1462,0.1451,0.1451,15904000,0.1110
1981-01-22,0.1468,0.1479,0.1468,0.1468,35548800,0.1123
1981-01-23,0.1468,0.1473,0.1462,0.1462,11222400,0.1119
1981-01-26,0.1445,0.1445,0.1440,0.1440,24640000,0.1102
1981-01-27,0.1440,0.1440,0.1429,0.1429,23699200,0.1093
1981-01-28,0.1390,0.1390,0.1384,0.1384,28156800,0.1059
1981-01-29,0.1339,0.1339,0.1334,0.1334,43904000,0.1021
1981-01-30,0.1272,0.1272,0.1261,0.1261,46188800,0.0965
1981-02-02,0.1194,0.1194,0.1189,0.1189,23766400,0.0909
1981-02-03,0.1233,0.1239,0.1233,0.1233,19152000,0.0944
1981-02-04,0.1278,0.1283,0.1278,0.1278,27865600,0.0978
1981-02-05,0.1278,0.1289,0.1278,0.1278,7929600,0.0978
1981-02-06,0.1283,0.1289,0.1283,0.1283,13865600,0.0982
1981-02-09,0.1228,0.1228,0.1217,0.1217,16755200,0.0931
1981-02-10,0.1217,0.1222,0.1217,0.1217,18345600,0.0931
1981-02-11,0.1183,0.1183,0.1177,0.1177,13843200,0.0901
1981-02-12,0.1172,0.1172,0.1166,0.1166,14560000,0.0892
1981-02-13,0.1150,0.1150,0.1138,0.1138,11155200,0.0871
1981-02-17,0.1166,0.1172,0.1166,0.1166,12275200,0.0892
1981-02-18,0.1217,0.1228,0.1217,0.1217,19241600,0.0931
1981-02-19,0.1150,0.1150,0.1144,0.1144,22310400,0.0875
1981-02-20,0.1088,0.1088,0.1083,0.1083,24371200,0.0828
1981-02-23,0.1099,0.1105,0.1099,0.1099,14112000,0.0841
1981-02-24,0.1071,0.1071,0.1060,0.1060,16979200,0.0811
1981-02-25,0.1127,0.1133,0.1127,0.1127,19488000,0.0863
1981-02-26,0.1144,0.1150,0.1144,0.1144,10841600,0.0875
1981-02-27,0.1183,0.1194,0.1183,0.1183,14761600,0.0905
1981-03-02,0.1189,0.1194,0.1189,0.1189,11760000,0.0909
1981-03-03,0.1177,0.1177,0.1172,0.1172,16172800,0.0897
1981-03-04,0.1166,0.1166,0.1161,0.1161,13708800,0.0888
1981-03-05,0.1161,0.1161,0.1155,0.1155,5376000,0.0884
1981-03-06,0.1155,0.1155,0.1144,0.1144,11603200,0.0875
1981-03-09,0.1060,0.1060,0.1055,0.1055,15321600,0.0807
1981-03-10,0.1010,0.1010,0.1004,0.1004,28380800,0.0769
1981-03-11,0.0977,0.0977,0.0965,0.0965,29859200,0.0739
1981-03-12,0.1004,0.1010,0.1004,0.1004,59248000,0.0769
1981-03-13,0.0999,0.0999,0.0993,0.0993,231302400,0.0760
1981-03-16,0.1032,0.1044,0.1032,0.1032,37228800,0.0790
1981-03-17,0.1083,0.1094,0.1083,0.1083,43747200,0.0828
1981-03-18,0.1150,0.1161,0.1150,0.1150,36937600,0.0880
1981-03-19,0.1144,0.1144,0.1138,0.1138,37811200,0.0871
1981-03-20,0.1150,0.1161,0.1150,0.1150,14604800,0.0880
1981-03-23,0.1194,0.1205,0.1194,0.1194,22019200,0.0914
1981-03-24,0.1194,0.1194,0.1189,0.1189,28156800,0.0909
1981-03-25,0.1177,0.1177,0.1166,0.1166,7056000,0.0892
1981-03-26,0.1150,0.1150,0.1144,0.1144,12275200,0.0875
1981-03-27,0.1110,0.1110,0.1105,0.1105,12252800,0.0845
1981-03-30,0.1105,0.1116,0.1105,0.1105,9900800,0.0845
1981-03-31,0.1105,0.1105,0.1094,0.1094,15993600,0.0837
1981-04-01,0.1088,0.1088,0.1083,0.1083,34070400,0.0828
1981-04-02,0.1177,0.1183,0.1177,0.1177,31404800,0.0901
1981-04-03,0.1183,0.1189,0.1183,0.1183,16486400,0.0905
1981-04-06,0.1166,0.1166,0.1161,0.1161,22803200,0.0888
1981-04-07,0.1155,0.1155,0.1150,0.1150,10684800,0.0880
1981-04-08,0.1205,0.1217,0.1205,0.1205,21952000,0.0922
1981-04-09,0.1228,0.1233,0.1228,0.1228,12499200,0.0939
1981-04-10,0.1244,0.1250,0.1244,0.1244,33465600,0.0952
1981-04-13,0.1244,0.1250,0.1244,0.1244,16060800,0.0952
1981-04-14,0.1244,0.1250,0.1244,0.1244,6652800,0.0952
1981-04-15,0.1189,0.1189,0.1183,0.1183,34048000,0.0905
1981-04-16,0.1122,0.1122,0.1116,0.1116,23878400,0.0854
1981-04-20,0.1150,0.1155,0.1150,0.1150,35347200,0.0880
1981-04-21,0.1228,0.1233,0.1228,0.1228,28537600,0.0939
1981-04-22,0.1272,0.1278,0.1272,0.1272,18995200,0.0974
1981-04-23,0.1306,0.1311,0.1306,0.1306,58016000,0.0999
1981-04-24,0.1306,0.1306,0.1295,0.1295,35056000,0.0991
1981-04-27,0.1289,0.1289,0.1283,0.1283,38528000,0.0982
1981-04-28,0.1267,0.1267,0.1261,0.1261,32188800,0.0965
1981-04-29,0.1250,0.1250,0.1244,0.1244,13641600,0.0952
1981-04-30,0.1267,0.1278,0.1267,0.1267,12611200,0.0969
1981-05-01,0.1267,0.1278,0.1267,0.1267,16553600,0.0969
1981-05-04,0.1267,0.1267,0.1261,0.1261,14448000,0.0965
1981-05-05,0.1261,0.1261,0.1256,0.1256,17539200,0.0961
1981-05-06,0.1228,0.1228,0.1222,0.1222,18950400,0.0935
1981-05-07,0.1239,0.1244,0.1239,0.1239,9363200,0.0948
1981-05-08,0.1250,0.1256,0.1250,0.1250,7907200,0.0956
1981-05-11,0.1228,0.1228,0.1222,0.1222,11939200,0.0935
1981-05-12,0.1222,0.1239,0.1222,0.1222,4256000,0.0935
1981-05-13,0.1222,0.1233,0.1217,0.1217,4905600,0.0931
1981-05-14,0.1211,0.1211,0.1200,0.1200,4928000,0.0918
1981-05-15,0.1228,0.1244,0.1228,0.1228,4905600,0.0939
1981-05-18,0.1250,0.1261,0.1250,0.1250,4166400,0.0956
1981-05-19,0.1233,0.1233,0.1228,0.1228,25424000,0.0939
1981-05-20,0.1267,0.1278,0.1267,0.1267,13283200,0.0969
1981-05-21,0.1339,0.1345,0.1339,0.1339,32211200,0.1025
1981-05-22,0.1401,0.1412,0.1401,0.1401,31427200,0.1072
1981-05-26,0.1401,0.1401,0.1395,0.1395,85344000,0.1067
1981-05-27,0.1473,0.1479,0.1473,0.1473,149497600,0.1127
1981-05-28,0.1473,0.1479,0.1473,0.1473,73987200,0.1127
1981-05-29,0.1479,0.1484,0.1479,0.1479,59382400,0.1132
1981-06-01,0.1479,0.1484,0.1479,0.1479,51251200,0.1132
1981-06-02,0.1412,0.1412,0.1406,0.1406,40432000,0.1076
1981-06-03,0.1406,0.1417,0.1406,0.1406,39446400,0.1076
1981-06-04,0.1434,0.1440,0.1434,0.1434,56067200,0.1097
1981-06-05,0.1417,0.1417,0.1412,0.1412,57680000,0.1080
1981-06-08,0.1367,0.1367,0.1362,0.1362,93497600,0.1042
1981-06-09,0.1390,0.1395,0.1390,0.1390,119593600,0.1063
1981-06-10,0.1406,0.1423,0.1406,0.1406,25222400,0.1076
1981-06-11,0.1468,0.1473,0.1468,0.1468,38976000,0.1123
1981-06-12,0.1456,0.1456,0.1451,0.1451,25804800,0.1110
1981-06-15,0.1451,0.1451,0.1445,0.1445,143763200,0.1106
1981-06-16,0.1423,0.1423,0.1417,0.1417,37251200,0.1085
1981-06-17,0.1401,0.1401,0.1395,0.1395,27574400,0.1067
1981-06-18,0.1395,0.1401,0.1390,0.1390,23049600,0.1063
1981-06-19,0.1356,0.1356,0.1350,0.1350,27507200,0.1033
1981-06-22,0.1306,0.1306,0.1300,0.1300,10841600,0.0995
1981-06-23,0.1323,0.1334,0.1323,0.1323,15030400,0.1012
1981-06-24,0.1300,0.1300,0.1289,0.1289,23027200,0.0986
1981-06-25,0.1317,0.1323,0.1317,0.1317,24259200,0.1008
1981-06-26,0.1311,0.1311,0.1300,0.1300,23788800,0.0995
1981-06-29,0.1267,0.1267,0.1256,0.1256,10595200,0.0961
1981-06-30,0.1166,0.1166,0.1161,0.1161,35907200,0.0888
1981-07-01,0.1155,0.1155,0.1150,0.1150,170464000,0.0880
1981-07-02,0.1150,0.1155,0.1150,0.1150,30284800,0.0880
1981-07-06,0.1122,0.1122,0.1110,0.1110,16531200,0.0850
1981-07-07,0.1122,0.1133,0.1122,0.1122,15836800,0.0858
1981-07-08,0.1166,0.1172,0.1166,0.1166,16620800,0.0892
1981-07-09,0.1083,0.1083,0.1077,0.1077,32883200,0.0824
1981-07-10,0.0999,0.0999,0.0993,0.0993,55171200,0.0760
1981-07-13,0.1016,0.1021,0.1016,0.1016,45740800,0.0777
1981-07-14,0.1060,0.1071,0.1060,0.1060,19779200,0.0811
1981-07-15,0.1088,0.1094,0.1088,0.1088,10953600,0.0833
1981-07-16,0.1116,0.1127,0.1116,0.1116,15232000,0.0854
1981-07-17,0.1155,0.1161,0.1155,0.1155,19824000,0.0884
1981-07-20,0.1083,0.1083,0.1077,0.1077,23654400,0.0824
1981-07-21,0.1077,0.1077,0.1071,0.1071,31942400,0.0820
1981-07-22,0.1021,0.1021,0.1010,0.1010,22668800,0.0773
1981-07-23,0.1038,0.1044,0.1038,0.1038,34451200,0.0794
1981-07-24,0.1071,0.1077,0.1071,0.1071,28851200,0.0820
1981-07-27,0.1116,0.1122,0.1116,0.1116,17337600,0.0854
1981-07-28,0.1083,0.1083,0.1077,0.1077,22848000,0.0824
1981-07-29,0.1066,0.1066,0.1060,0.1060,15500800,0.0811
1981-07-30,0.1099,0.1110,0.1099,0.1099,9900800,0.0841
1981-07-31,0.1116,0.1122,0.1116,0.1116,10953600,0.0854
1981-08-03,0.1116,0.1116,0.1105,0.1105,12432000,0.0845
1981-08-04,0.1122,0.1127,0.1122,0.1122,31673600,0.0858
1981-08-05,0.1155,0.1161,0.1155,0.1155,17494400,0.0884
1981-08-06,0.1133,0.1133,0.1127,0.1127,10528000,0.0863
1981-08-07,0.1127,0.1133,0.1127,0.1127,9206400,0.0863
1981-08-10,0.1127,0.1127,0.1127,0.1127,0,0.0863
1981-08-11,0.1105,0.1105,0.1094,0.1094,71456000,0.0837
1981-08-12,0.1077,0.1077,0.1071,0.1071,26275200,0.0820
1981-08-13,0.1044,0.1044,0.1038,0.1038,27484800,0.0794
1981-08-14,0.1032,0.1032,0.1021,0.1021,24192000,0.0781
1981-08-17,0.0999,0.0999,0.0988,0.0988,18905600,0.0756
1981-08-18,0.0977,0.0977,0.0965,0.0965,17001600,0.0739
1981-08-19,0.0965,0.0965,0.0954,0.0954,20675200,0.0730
1981-08-20,0.0965,0.0971,0.0965,0.0965,17113600,0.0739
1981-08-21,0.0910,0.0910,0.0898,0.0898,41910400,0.0687
1981-08-24,0.0848,0.0848,0.0843,0.0843,23072000,0.0645
1981-08-25,0.0865,0.0871,0.0865,0.0865,40700800,0.0662
1981-08-26,0.0854,0.0854,0.0848,0.0848,33600000,0.0649
1981-08-27,0.0854,0.0859,0.0854,0.0854,25916800,0.0653
1981-08-28,0.0898,0.0904,0.0898,0.0898,38035200,0.0687
1981-08-31,0.0898,0.0904,0.0898,0.0898,40947200,0.0687
1981-09-01,0.0954,0.0960,0.0954,0.0954,37027200,0.0730
1981-09-02,0.0971,0.0977,0.0971,0.0971,19376000,0.0743
1981-09-03,0.0932,0.0932,0.0921,0.0921,37475200,0.0705
1981-09-04,0.0915,0.0915,0.0910,0.0910,15254400,0.0696
1981-09-08,0.0887,0.0887,0.0882,0.0882,25446400,0.0675
1981-09-09,0.0882,0.0887,0.0882,0.0882,30531200,0.0675
1981-09-10,0.0887,0.0893,0.0887,0.0887,34809600,0.0679
1981-09-11,0.0882,0.0882,0.0876,0.0876,17539200,0.0670
1981-09-14,0.0854,0.0854,0.0848,0.0848,27686400,0.0649
1981-09-15,0.0831,0.0831,0.0826,0.0826,19510400,0.0632
1981-09-16,0.0815,0.0815,0.0809,0.0809,19353600,0.0619
1981-09-17,0.0792,0.0792,0.0787,0.0787,19376000,0.0602
1981-09-18,0.0792,0.0798,0.0792,0.0792,26320000,0.0606
1981-09-21,0.0798,0.0804,0.0798,0.0798,49033600,0.0611
1981-09-22,0.0759,0.0759,0.0753,0.0753,47420800,0.0576
1981-09-23,0.0748,0.0748,0.0737,0.0737,28201600,0.0564
1981-09-24,0.0737,0.0737,0.0731,0.0731,18300800,0.0559
1981-09-25,0.0647,0.0647,0.0636,0.0636,34608000,0.0487
1981-09-28,0.0642,0.0647,0.0642,0.0642,91728000,0.0491
1981-09-29,0.0675,0.0681,0.0675,0.0675,94684800,0.0517
1981-09-30,0.0681,0.0686,0.0681,0.0681,49996800,0.0521
1981-10-01,0.0681,0.0686,0.0681,0.0681,61129600,0.0521
1981-10-02,0.0737,0.0742,0.0737,0.0737,45046400,0.0564
1981-10-05,0.0759,0.0770,0.0759,0.0759,43097600,0.0581
1981-10-06,0.0759,0.0759,0.0753,0.0753,28358400,0.0576
1981-10-07,0.0798,0.0809,0.0798,0.0798,38841600,0.0611
1981-10-08,0.0826,0.0831,0.0826,0.0826,31091200,0.0632
1981-10-09,0.0831,0.0843,0.0831,0.0831,54521600,0.0636
1981-10-12,0.0859,0.0865,0.0859,0.0859,27350400,0.0658
1981-10-13,0.0859,0.0871,0.0859,0.0859,44195200,0.0658
1981-10-14,0.0815,0.0815,0.0809,0.0809,30979200,0.0619
1981-10-15,0.0826,0.0831,0.0826,0.0826,29433600,0.0632
1981-10-16,0.0820,0.0820,0.0815,0.0815,36467200,0.0623
1981-10-19,0.0831,0.0837,0.0831,0.0831,20585600,0.0636
1981-10-20,0.0876,0.0882,0.0876,0.0876,35728000,0.0670
1981-10-21,0.0876,0.0882,0.0876,0.0876,76899200,0.0670
1981-10-22,0.0876,0.0876,0.0871,0.0871,32278400,0.0666
1981-10-23,0.0854,0.0854,0.0848,0.0848,27910400,0.0649
1981-10-26,0.0848,0.0854,0.0848,0.0848,27283200,0.0649
1981-10-27,0.0865,0.0876,0.0865,0.0865,85590400,0.0662
1981-10-28,0.0893,0.0898,0.0893,0.0893,44172800,0.0683
1981-10-29,0.0887,0.0887,0.0882,0.0882,30486400,0.0675
1981-10-30,0.0893,0.0898,0.0893,0.0893,52729600,0.0683
1981-11-02,0.0893,0.0898,0.0893,0.0893,36915200,0.0683
1981-11-03,0.0887,0.0887,0.0882,0.0882,28380800,0.0675
1981-11-04,0.0865,0.0865,0.0859,0.0859,23811200,0.0658
1981-11-05,0.0804,0.0804,0.0798,0.0798,23363200,0.0611
1981-11-06,0.0804,0.0809,0.0804,0.0804,24595200,0.0615
1981-11-09,0.0815,0.0820,0.0815,0.0815,20384000,0.0623
1981-11-10,0.0820,0.0826,0.0820,0.0820,16755200,0.0628
1981-11-11,0.0843,0.0848,0.0843,0.0843,27440000,0.0645
1981-11-12,0.0871,0.0876,0.0871,0.0871,39916800,0.0666
1981-11-13,0.0815,0.0815,0.0809,0.0809,21011200,0.0619
1981-11-16,0.0804,0.0804,0.0798,0.0798,22556800,0.0611
1981-11-17,0.0815,0.0820,0.0815,0.0815,35414400,0.0623
1981-11-18,0.0843,0.0848,0.0843,0.0843,29142400,0.0645
1981-11-19,0.0843,0.0848,0.0843,0.0843,40006400,0.0645
1981-11-20,0.0848,0.0854,0.0848,0.0848,38102400,0.0649
1981-11-23,0.0820,0.0820,0.0809,0.0809,22960000,0.0619
1981-11-24,0.0809,0.0809,0.0804,0.0804,22153600,0.0615
1981-11-25,0.0820,0.0826,0.0820,0.0820,52550400,0.0628
1981-11-27,0.0843,0.0848,0.0843,0.0843,37251200,0.0645
1981-11-30,0.0837,0.0837,0.0831,0.0831,23968000,0.0636
1981-12-01,0.0831,0.0837,0.0831,0.0831,23385600,0.0636
1981-12-02,0.0837,0.0843,0.0837,0.0837,37564800,0.0640
1981-12-03,0.0831,0.0831,0.0826,0.0826,20428800,0.0632
1981-12-04,0.0848,0.0854,0.0848,0.0848,137155200,0.0649
1981-12-07,0.0854,0.0859,0.0854,0.0854,59292800,0.0653
1981-12-08,0.0848,0.0848,0.0837,0.0837,50624000,0.0640
1981-12-09,0.0843,0.0848,0.0843,0.0843,34272000,0.0645
1981-12-10,0.0843,0.0848,0.0843,0.0843,37408000,0.0645
1981-12-11,0.0843,0.0848,0.0837,0.0837,76092800,0.0640
1981-12-14,0.0820,0.0820,0.0809,0.0809,25244800,0.0619
1981-12-15,0.0831,0.0837,0.0831,0.0831,31315200,0.0636
1981-12-16,0.0871,0.0876,0.0871,0.0871,65452800,0.0666
1981-12-17,0.0943,0.0949,0.0943,0.0943,51452800,0.0722
1981-12-18,0.1021,0.1027,0.1021,0.1021,71724800,0.0781
1981-12-21,0.0982,0.0982,0.0977,0.0977,56403200,0.0747
1981-12-22,0.0993,0.0999,0.0993,0.0993,53827200,0.0760
1981-12-23,0.0977,0.0977,0.0971,0.0971,28896000,0.0743
1981-12-24,0.0977,0.0982,0.0977,0.0977,28918400,0.0747
1981-12-28,0.0943,0.0943,0.0932,0.0932,36579200,0.0713
1981-12-29,0.0949,0.0960,0.0949,0.0949,24236800,0.0726
1981-12-30,0.0988,0.0993,0.0988,0.0988,32188800,0.0756
1981-12-31,0.0988,0.0993,0.0988,0.0988,54656000,0.0756
1982-01-04,0.0988,0.0988,0.0982,0.0982,71254400,0.0751
1982-01-05,0.0943,0.0943,0.0932,0.0932,35840000,0.0713
1982-01-06,0.0926,0.0926,0.0921,0.0921,66080000,0.0705
1982-01-07,0.0859,0.0859,0.0848,0.0848,70044800,0.0649
1982-01-08,0.0887,0.0893,0.0887,0.0887,56604800,0.0679
1982-01-11,0.0837,0.0837,0.0831,0.0831,33331200,0.0636
1982-01-12,0.0809,0.0809,0.0804,0.0804,59920000,0.0615
1982-01-13,0.0804,0.0804,0.0798,0.0798,41753600,0.0611
1982-01-14,0.0837,0.0843,0.0837,0.0837,25715200,0.0640
1982-01-15,0.0893,0.0904,0.0893,0.0893,46704000,0.0683
1982-01-18,0.0910,0.0921,0.0910,0.0910,28000000,0.0696
1982-01-19,0.0898,0.0898,0.0887,0.0887,55507200,0.0679
1982-01-20,0.0904,0.0910,0.0904,0.0904,25827200,0.0692
1982-01-21,0.0921,0.0926,0.0921,0.0921,33331200,0.0705
1982-01-22,0.0926,0.0932,0.0926,0.0926,24259200,0.0709
1982-01-25,0.0904,0.0904,0.0898,0.0898,44710400,0.0687
1982-01-26,0.0876,0.0876,0.0865,0.0865,21212800,0.0662
1982-01-27,0.0871,0.0882,0.0871,0.0871,31360000,0.0666
1982-01-28,0.0898,0.0904,0.0898,0.0898,39603200,0.0687
1982-01-29,0.0910,0.0915,0.0910,0.0910,53155200,0.0696
1982-02-01,0.0910,0.0910,0.0898,0.0898,38528000,0.0687
1982-02-02,0.0904,0.0915,0.0904,0.0904,54275200,0.0692
1982-02-03,0.0904,0.0910,0.0904,0.0904,31472000,0.0692
1982-02-04,0.0887,0.0887,0.0882,0.0882,22041600,0.0675
1982-02-05,0.0882,0.0887,0.0882,0.0882,40297600,0.0675
1982-02-08,0.0831,0.0831,0.0826,0.0826,31696000,0.0632
1982-02-09,0.0826,0.0831,0.0826,0.0826,57904000,0.0632
1982-02-10,0.0837,0.0843,0.0837,0.0837,38796800,0.0640
1982-02-11,0.0831,0.0831,0.0826,0.0826,24528000,0.0632
1982-02-12,0.0837,0.0843,0.0837,0.0837,19644800,0.0640
1982-02-16,0.0826,0.0826,0.0820,0.0820,34316800,0.0628
1982-02-17,0.0831,0.0837,0.0831,0.0831,25580800,0.0636
1982-02-18,0.0843,0.0848,0.0843,0.0843,28380800,0.0645
1982-02-19,0.0843,0.0843,0.0837,0.0837,13596800,0.0640
1982-02-22,0.0831,0.0831,0.0826,0.0826,26633600,0.0632
1982-02-23,0.0820,0.0820,0.0815,0.0815,34540800,0.0623
1982-02-24,0.0820,0.0826,0.0820,0.0820,37945600,0.0628
1982-02-25,0.0820,0.0820,0.0815,0.0815,30800000,0.0623
1982-02-26,0.0815,0.0820,0.0815,0.0815,17427200,0.0623
1982-03-01,0.0820,0.0826,0.0820,0.0820,35302400,0.0628
1982-03-02,0.0820,0.0826,0.0820,0.0820,34809600,0.0628
1982-03-03,0.0820,0.0826,0.0820,0.0820,23654400,0.0628
1982-03-04,0.0809,0.0809,0.0804,0.0804,38371200,0.0615
1982-03-05,0.0748,0.0748,0.0742,0.0742,45315200,0.0568
1982-03-08,0.0737,0.0737,0.0731,0.0731,35145600,0.0559
1982-03-09,0.0737,0.0742,0.0737,0.0737,52505600,0.0564
1982-03-10,0.0731,0.0731,0.0725,0.0725,86934400,0.0555
1982-03-11,0.0725,0.0737,0.0725,0.0725,22579200,0.0555
1982-03-12,0.0686,0.0686,0.0681,0.0681,46547200,0.0521
1982-03-15,0.0681,0.0681,0.0675,0.0675,51363200,0.0517
1982-03-16,0.0670,0.0670,0.0664,0.0664,47152000,0.0508
1982-03-17,0.0636,0.0636,0.0631,0.0631,50489600,0.0482
1982-03-18,0.0681,0.0686,0.0681,0.0681,56336000,0.0521
1982-03-19,0.0742,0.0748,0.0742,0.0742,65811200,0.0568
1982-03-22,0.0798,0.0804,0.0798,0.0798,69193600,0.0611
1982-03-23,0.0792,0.0792,0.0787,0.0787,55955200,0.0602
1982-03-24,0.0748,0.0748,0.0742,0.0742,51609600,0.0568
1982-03-25,0.0742,0.0742,0.0737,0.0737,84112000,0.0564
1982-03-26,0.0731,0.0731,0.0725,0.0725,50780800,0.0555
1982-03-29,0.0742,0.0748,0.0742,0.0742,67603200,0.0568
1982-03-30,0.0753,0.0759,0.0753,0.0753,77952000,0.0576
1982-03-31,0.0753,0.0759,0.0753,0.0753,50153600,0.0576
1982-04-01,0.0792,0.0798,0.0792,0.0792,59136000,0.0606
1982-04-02,0.0792,0.0798,0.0792,0.0792,84806400,0.0606
1982-04-05,0.0792,0.0798,0.0792,0.0792,86643200,0.0606
1982-04-06,0.0792,0.0792,0.0787,0.0787,71590400,0.0602
1982-04-07,0.0781,0.0781,0.0776,0.0776,29097600,0.0594
1982-04-08,0.0781,0.0787,0.0781,0.0781,23990400,0.0598
1982-04-12,0.0781,0.0787,0.0776,0.0776,44307200,0.0594
1982-04-13,0.0720,0.0720,0.0714,0.0714,85299200,0.0547
1982-04-14,0.0720,0.0725,0.0720,0.0720,113590400,0.0551
1982-04-15,0.0731,0.0737,0.0731,0.0731,164281600,0.0559
1982-04-16,0.0753,0.0759,0.0753,0.0753,104048000,0.0576
1982-04-19,0.0748,0.0748,0.0737,0.0737,41283200,0.0564
1982-04-20,0.0709,0.0709,0.0703,0.0703,80550400,0.0538
1982-04-21,0.0703,0.0703,0.0698,0.0698,73024000,0.0534
1982-04-22,0.0692,0.0692,0.0686,0.0686,52595200,0.0525
1982-04-23,0.0686,0.0692,0.0686,0.0686,48294400,0.0525
1982-04-26,0.0703,0.0709,0.0703,0.0703,57926400,0.0538
1982-04-27,0.0686,0.0686,0.0681,0.0681,70268800,0.0521
1982-04-28,0.0658,0.0658,0.0653,0.0653,99232000,0.0500
1982-04-29,0.0653,0.0658,0.0653,0.0653,82230400,0.0500
1982-04-30,0.0658,0.0664,0.0658,0.0658,277401600,0.0504
1982-05-03,0.0681,0.0686,0.0681,0.0681,82700800,0.0521
1982-05-04,0.0703,0.0709,0.0703,0.0703,73987200,0.0538
1982-05-05,0.0703,0.0703,0.0692,0.0692,53939200,0.0529
1982-05-06,0.0714,0.0720,0.0714,0.0714,75465600,0.0547
1982-05-07,0.0725,0.0731,0.0725,0.0725,84716800,0.0555
1982-05-10,0.0720,0.0720,0.0714,0.0714,31606400,0.0547
1982-05-11,0.0698,0.0698,0.0692,0.0692,103017600,0.0529
1982-05-12,0.0681,0.0681,0.0675,0.0675,71008000,0.0517
1982-05-13,0.0681,0.0686,0.0681,0.0681,54454400,0.0521
1982-05-14,0.0664,0.0664,0.0653,0.0653,95737600,0.0500
1982-05-17,0.0647,0.0647,0.0642,0.0642,76204800,0.0491
1982-05-18,0.0636,0.0636,0.0631,0.0631,122035200,0.0482
1982-05-19,0.0631,0.0631,0.0625,0.0625,75286400,0.0478
1982-05-20,0.0631,0.0636,0.0631,0.0631,27619200,0.0482
1982-05-21,0.0636,0.0642,0.0636,0.0636,38841600,0.0487
1982-05-24,0.0642,0.0647,0.0642,0.0642,31987200,0.0491
1982-05-25,0.0642,0.0647,0.0642,0.0642,51564800,0.0491
1982-05-26,0.0642,0.0642,0.0636,0.0636,43276800,0.0487
1982-05-27,0.0631,0.0631,0.0625,0.0625,31248000,0.0478
1982-05-28,0.0625,0.0631,0.0625,0.0625,19196800,0.0478
1982-06-01,0.0619,0.0619,0.0614,0.0614,47600000,0.0470
1982-06-02,0.0625,0.0631,0.0625,0.0625,32905600,0.0478
1982-06-03,0.0614,0.0614,0.0603,0.0603,39760000,0.0461
1982-06-04,0.0592,0.0592,0.0586,0.0586,37676800,0.0448
1982-06-07,0.0586,0.0592,0.0586,0.0586,37161600,0.0448
1982-06-08,0.0586,0.0586,0.0580,0.0580,31404800,0.0444
1982-06-09,0.0575,0.0575,0.0569,0.0569,33846400,0.0436
1982-06-10,0.0575,0.0580,0.0575,0.0575,34406400,0.0440
1982-06-11,0.0597,0.0603,0.0597,0.0597,54633600,0.0457
1982-06-14,0.0597,0.0603,0.0597,0.0597,29993600,0.0457
1982-06-15,0.0597,0.0603,0.0597,0.0597,35212800,0.0457
1982-06-16,0.0597,0.0603,0.0597,0.0597,41731200,0.0457
1982-06-17,0.0592,0.0592,0.0586,0.0586,29164800,0.0448
1982-06-18,0.0586,0.0586,0.0575,0.0575,19868800,0.0440
1982-06-21,0.0575,0.0580,0.0575,0.0575,28537600,0.0440
1982-06-22,0.0597,0.0608,0.0597,0.0597,17561600,0.0457
1982-06-23,0.0614,0.0625,0.0614,0.0614,52752000,0.0470
1982-06-24,0.0614,0.0619,0.0614,0.0614,44150400,0.0470
1982-06-25,0.0597,0.0597,0.0592,0.0592,26678400,0.0453
1982-06-28,0.0592,0.0592,0.0586,0.0586,25155200,0.0448
1982-06-29,0.0575,0.0575,0.0569,0.0569,35817600,0.0436
1982-06-30,0.0569,0.0575,0.0569,0.0569,67625600,0.0436
1982-07-01,0.0569,0.0569,0.0564,0.0564,55731200,0.0431
1982-07-02,0.0541,0.0541,0.0536,0.0536,58105600,0.0410
1982-07-06,0.0519,0.0519,0.0513,0.0513,87696000,0.0393
1982-07-07,0.0513,0.0519,0.0513,0.0513,30374400,0.0393
1982-07-08,0.0497,0.0497,0.0491,0.0491,164326400,0.0376
1982-07-09,0.0508,0.0513,0.0508,0.0508,128419200,0.0389
1982-07-12,0.0519,0.0525,0.0519,0.0519,63392000,0.0397
1982-07-13,0.0552,0.0558,0.0552,0.0552,114374400,0.0423
1982-07-14,0.0558,0.0569,0.0558,0.0558,71120000,0.0427
1982-07-15,0.0569,0.0575,0.0569,0.0569,65788800,0.0436
1982-07-16,0.0592,0.0597,0.0592,0.0592,77011200,0.0453
1982-07-19,0.0597,0.0603,0.0597,0.0597,83776000,0.0457
1982-07-20,0.0636,0.0642,0.0636,0.0636,49705600,0.0487
1982-07-21,0.0636,0.0642,0.0636,0.0636,71702400,0.0487
1982-07-22,0.0642,0.0647,0.0642,0.0642,35212800,0.0491
1982-07-23,0.0636,0.0636,0.0631,0.0631,18300800,0.0482
1982-07-26,0.0608,0.0608,0.0603,0.0603,56851200,0.0461
1982-07-27,0.0603,0.0608,0.0603,0.0603,32323200,0.0461
1982-07-28,0.0580,0.0580,0.0575,0.0575,53513600,0.0440
1982-07-29,0.0597,0.0603,0.0597,0.0597,61868800,0.0457
1982-07-30,0.0603,0.0608,0.0603,0.0603,38617600,0.0461
1982-08-02,0.0619,0.0625,0.0619,0.0619,94393600,0.0474
1982-08-03,0.0586,0.0586,0.0580,0.0580,89868800,0.0444
1982-08-04,0.0580,0.0580,0.0575,0.0575,83865600,0.0440
1982-08-05,0.0558,0.0558,0.0552,0.0552,69753600,0.0423
1982-08-06,0.0552,0.0552,0.0547,0.0547,96835200,0.0418
1982-08-09,0.0552,0.0558,0.0552,0.0552,56112000,0.0423
1982-08-10,0.0586,0.0592,0.0586,0.0586,112246400,0.0448
1982-08-11,0.0592,0.0597,0.0592,0.0592,69888000,0.0453
1982-08-12,0.0592,0.0592,0.0586,0.0586,30620800,0.0448
1982-08-13,0.0586,0.0592,0.0586,0.0586,25961600,0.0448
1982-08-16,0.0597,0.0603,0.0597,0.0597,38416000,0.0457
1982-08-17,0.0636,0.0647,0.0636,0.0636,47734400,0.0487
1982-08-18,0.0636,0.0642,0.0636,0.0636,125059200,0.0487
1982-08-19,0.0642,0.0647,0.0642,0.0642,47622400,0.0491
1982-08-20,0.0658,0.0664,0.0658,0.0658,54857600,0.0504
1982-08-23,0.0686,0.0692,0.0686,0.0686,69686400,0.0525
1982-08-24,0.0720,0.0725,0.0720,0.0720,155769600,0.0551
1982-08-25,0.0770,0.0776,0.0770,0.0770,357078400,0.0589
1982-08-26,0.0792,0.0798,0.0792,0.0792,210582400,0.0606
1982-08-27,0.0759,0.0759,0.0753,0.0753,98649600,0.0576
1982-08-30,0.0765,0.0770,0.0765,0.0765,80438400,0.0585
1982-08-31,0.0804,0.0809,0.0804,0.0804,140560000,0.0615
1982-09-01,0.0787,0.0787,0.0781,0.0781,82566400,0.0598
1982-09-02,0.0815,0.0820,0.0815,0.0815,75420800,0.0623
1982-09-03,0.0820,0.0826,0.0820,0.0820,104540800,0.0628
1982-09-07,0.0781,0.0781,0.0776,0.0776,81379200,0.0594
1982-09-08,0.0804,0.0809,0.0804,0.0804,72329600,0.0615
1982-09-09,0.0792,0.0792,0.0787,0.0787,63593600,0.0602
1982-09-10,0.0809,0.0815,0.0809,0.0809,56067200,0.0619
1982-09-13,0.0815,0.0820,0.0815,0.0815,58889600,0.0623
1982-09-14,0.0843,0.0848,0.0843,0.0843,101494400,0.0645
1982-09-15,0.0843,0.0843,0.0837,0.0837,71747200,0.0640
1982-09-16,0.0820,0.0820,0.0809,0.0809,80371200,0.0619
1982-09-17,0.0798,0.0798,0.0792,0.0792,54051200,0.0606
1982-09-20,0.0798,0.0804,0.0798,0.0798,39132800,0.0611
1982-09-21,0.0815,0.0820,0.0815,0.0815,36668800,0.0623
1982-09-22,0.0837,0.0843,0.0837,0.0837,103376000,0.0640
1982-09-23,0.0837,0.0843,0.0837,0.0837,139820800,0.0640
1982-09-24,0.0815,0.0815,0.0809,0.0809,178192000,0.0619
1982-09-27,0.0809,0.0820,0.0809,0.0809,38147200,0.0619
1982-09-28,0.0820,0.0831,0.0820,0.0820,85523200,0.0628
1982-09-29,0.0820,0.0826,0.0820,0.0820,65564800,0.0628
1982-09-30,0.0820,0.0820,0.0815,0.0815,74681600,0.0623
1982-10-01,0.0826,0.0837,0.0826,0.0826,46256000,0.0632
1982-10-04,0.0826,0.0843,0.0804,0.0837,69328000,0.0640
1982-10-05,0.0837,0.0859,0.0837,0.0843,80236800,0.0645
1982-10-06,0.0843,0.0904,0.0843,0.0904,173532800,0.0692
1982-10-07,0.0910,0.0982,0.0910,0.0977,311673600,0.0747
1982-10-08,0.0977,0.1055,0.0971,0.1049,275542400,0.0803
1982-10-11,0.1049,0.1105,0.1049,0.1071,313734400,0.0820
1982-10-12,0.1071,0.1088,0.1027,0.1038,258944000,0.0794
1982-10-13,0.1038,0.1083,0.1027,0.1049,198844800,0.0803
1982-10-14,0.1049,0.1066,0.1032,0.1055,178662400,0.0807
1982-10-15,0.1049,0.1049,0.1010,0.1027,144614400,0.0786
1982-10-18,0.1027,0.1055,0.1027,0.1049,94348800,0.0803
1982-10-19,0.1049,0.1083,0.1049,0.1071,122841600,0.0820
1982-10-20,0.1071,0.1144,0.1066,0.1133,242099200,0.0867
1982-10-21,0.1133,0.1194,0.1116,0.1161,227516800,0.0888
1982-10-22,0.1161,0.1194,0.1155,0.1155,161683200,0.0884
1982-10-25,0.1155,0.1161,0.1083,0.1088,184934400,0.0833
1982-10-26,0.1088,0.1099,0.1038,0.1094,167753600,0.0837
1982-10-27,0.1094,0.1127,0.1094,0.1122,191161600,0.0858
1982-10-28,0.1122,0.1133,0.1105,0.1122,217683200,0.0858
1982-10-29,0.1122,0.1133,0.1105,0.1133,118115200,0.0867
1982-11-01,0.1133,0.1205,0.1122,0.1194,104361600,0.0914
1982-11-02,0.1205,0.1317,0.1205,0.1278,310844800,0.0978
1982-11-03,0.1278,0.1373,0.1278,0.1373,235132800,0.1050
1982-11-04,0.1373,0.1423,0.1362,0.1384,329078400,0.1059
1982-11-05,0.1373,0.1373,0.1323,0.1345,141500800,0.1029
1982-11-08,0.1345,0.1356,0.1283,0.1289,119190400,0.0986
1982-11-09,0.1289,0.1345,0.1283,0.1334,179782400,0.1021
1982-11-10,0.1339,0.1406,0.1339,0.1384,202787200,0.1059
1982-11-11,0.1384,0.1473,0.1362,0.1473,123155200,0.1127
1982-11-12,0.1473,0.1518,0.1445,0.1445,131107200,0.1106
1982-11-15,0.1445,0.1462,0.1395,0.1412,124588800,0.1080
1982-11-16,0.1412,0.1417,0.1334,0.1339,182022400,0.1025
1982-11-17,0.1339,0.1406,0.1339,0.1401,144144000,0.1072
1982-11-18,0.1401,0.1423,0.1395,0.1401,152678400,0.1072
1982-11-19,0.1401,0.1412,0.1373,0.1378,97305600,0.1055
1982-11-22,0.1378,0.1378,0.1256,0.1256,101248000,0.0961
1982-11-23,0.1272,0.1328,0.1272,0.1289,88502400,0.0986
1982-11-24,0.1289,0.1362,0.1283,0.1317,73740800,0.1008
1982-11-26,0.1317,0.1334,0.1267,0.1295,101987200,0.0991
1982-11-29,0.1295,0.1311,0.1250,0.1289,49952000,0.0986
1982-11-30,0.1289,0.1429,0.1283,0.1423,159196800,0.1089
1982-12-01,0.1423,0.1507,0.1423,0.1451,206841600,0.1110
1982-12-02,0.1451,0.1473,0.1429,0.1451,164729600,0.1110
1982-12-03,0.1434,0.1434,0.1401,0.1417,47577600,0.1085
1982-12-06,0.1417,0.1507,0.1406,0.1496,146585600,0.1144
1982-12-07,0.1496,0.1546,0.1462,0.1512,167283200,0.1157
1982-12-08,0.1512,0.1557,0.1473,0.1479,112313600,0.1132
1982-12-09,0.1456,0.1456,0.1384,0.1406,194656000,0.1076
1982-12-10,0.1384,0.1384,0.1289,0.1306,167484800,0.0999
1982-12-13,0.1295,0.1295,0.1278,0.1278,95379200,0.0978
1982-12-14,0.1278,0.1356,0.1250,0.1267,270054400,0.0969
1982-12-15,0.1267,0.1272,0.1233,0.1261,130793600,0.0965
1982-12-16,0.1261,0.1306,0.1250,0.1283,141164800,0.0982
1982-12-17,0.1283,0.1356,0.1278,0.1345,80729600,0.1029
1982-12-20,0.1345,0.1350,0.1328,0.1339,69776000,0.1025
1982-12-21,0.1339,0.1350,0.1317,0.1350,79945600,0.1033
1982-12-22,0.1356,0.1390,0.1356,0.1390,101225600,0.1063
1982-12-23,0.1390,0.1429,0.1378,0.1429,86979200,0.1093
1982-12-27,0.1429,0.1468,0.1417,0.1462,61868800,0.1119
1982-12-28,0.1462,0.1507,0.1434,0.1451,113366400,0.1110
1982-12-29,0.1451,0.1456,0.1384,0.1401,80707200,0.1072
1982-12-30,0.1401,0.1417,0.1323,0.1339,156867200,0.1025
1982-12-31,0.1339,0.1356,0.1334,0.1334,49660800,0.1021
1983-01-03,0.1334,0.1350,0.1261,0.1272,112828800,0.0974
1983-01-04,0.1272,0.1350,0.1250,0.1345,223708800,0.1029
1983-01-05,0.1345,0.1362,0.1323,0.1350,141545600,0.1033
1983-01-06,0.1350,0.1356,0.1295,0.1300,97798400,0.0995
1983-01-07,0.1300,0.1317,0.1228,0.1228,172054400,0.0939
1983-01-10,0.1228,0.1295,0.1217,0.1283,275340800,0.0982
1983-01-11,0.1283,0.1317,0.1283,0.1300,1388800,0.0995
1983-01-12,0.1317,0.1406,0.1317,0.1373,176982400,0.1050
1983-01-13,0.1373,0.1384,0.1350,0.1373,82275200,0.1050
1983-01-14,0.1378,0.1473,0.1378,0.1473,184643200,0.1127
1983-01-17,0.1473,0.1546,0.1462,0.1523,234864000,0.1166
1983-01-18,0.1523,0.1557,0.1451,0.1490,219788800,0.1140
1983-01-19,0.1490,0.1518,0.1484,0.1501,169657600,0.1149
1983-01-20,0.1501,0.1669,0.1501,0.1669,707840000,0.1277
1983-01-21,0.1669,0.1741,0.1652,0.1669,402595200,0.1277
1983-01-24,0.1669,0.1669,0.1546,0.1574,315414400,0.1204
1983-01-25,0.1574,0.1674,0.1563,0.1635,167036800,0.1251
1983-01-26,0.1652,0.1719,0.1652,0.1702,203212800,0.1302
1983-01-27,0.1702,0.1830,0.1696,0.1819,104316800,0.1392
1983-01-28,0.1819,0.1875,0.1808,0.1830,397734400,0.1401
1983-01-31,0.1830,0.1858,0.1791,0.1825,188003200,0.1396
1983-02-01,0.1825,0.1864,0.1797,0.1864,210963200,0.1426
1983-02-02,0.1864,0.1953,0.1836,0.1914,267052800,0.1465
1983-02-03,0.1914,0.1998,0.1897,0.1992,252537600,0.1524
1983-02-04,0.1992,0.2026,0.1959,0.1964,214345600,0.1503
1983-02-07,0.1964,0.1992,0.1853,0.1886,142912000,0.1443
1983-02-08,0.1886,0.1914,0.1847,0.1869,168112000,0.1430
1983-02-09,0.1869,0.1897,0.1819,0.1886,180812800,0.1443
1983-02-10,0.1886,0.2020,0.1886,0.2009,236723200,0.1537
1983-02-11,0.2026,0.2109,0.2026,0.2076,203548800,0.1588
1983-02-14,0.2076,0.2076,0.2015,0.2065,126179200,0.1580
1983-02-15,0.2065,0.2081,0.2003,0.2026,115180800,0.1550
1983-02-16,0.2026,0.2026,0.1975,0.1987,116569600,0.1520
1983-02-17,0.1987,0.1987,0.1903,0.1964,136169600,0.1503
1983-02-18,0.1964,0.2048,0.1942,0.2026,114889600,0.1550
1983-02-22,0.2037,0.2132,0.2037,0.2076,196784000,0.1588
1983-02-23,0.2076,0.2104,0.2059,0.2093,108035200,0.1601
1983-02-24,0.2109,0.2160,0.2109,0.2148,115494400,0.1644
1983-02-25,0.2148,0.2171,0.2076,0.2087,114688000,0.1597
1983-02-28,0.2087,0.2093,0.2031,0.2037,132294400,0.1559
1983-03-01,0.2037,0.2081,0.2031,0.2070,140268800,0.1584
1983-03-02,0.2070,0.2098,0.2065,0.2087,105952000,0.1597
1983-03-03,0.2087,0.2109,0.2015,0.2020,131532800,0.1546
1983-03-04,0.2020,0.2026,0.1931,0.1992,151804800,0.1524
1983-03-07,0.1992,0.1998,0.1897,0.1953,152678400,0.1494
1983-03-08,0.1942,0.1942,0.1864,0.1892,220640000,0.1447
1983-03-09,0.1892,0.1948,0.1858,0.1948,199337600,0.1490
1983-03-10,0.1948,0.1970,0.1903,0.1920,112604800,0.1469
1983-03-11,0.1920,0.1953,0.1847,0.1892,87763200,0.1447
1983-03-14,0.1886,0.1886,0.1802,0.1847,171875200,0.1413
1983-03-15,0.1847,0.1875,0.1791,0.1875,75062400,0.1435
1983-03-16,0.1875,0.1942,0.1864,0.1875,110969600,0.1435
1983-03-17,0.1875,0.1892,0.1869,0.1892,44150400,0.1447
1983-03-18,0.1892,0.1942,0.1886,0.1920,86128000,0.1469
1983-03-21,0.1920,0.1970,0.1908,0.1964,104025600,0.1503
1983-03-22,0.1964,0.2015,0.1964,0.1987,101001600,0.1520
1983-03-23,0.1987,0.1992,0.1886,0.1892,140761600,0.1447
1983-03-24,0.1892,0.1948,0.1886,0.1925,102457600,0.1473
1983-03-25,0.1925,0.1959,0.1920,0.1925,58060800,0.1473
1983-03-28,0.1920,0.1920,0.1864,0.1897,74569600,0.1452
1983-03-29,0.1903,0.1970,0.1903,0.1953,103734400,0.1494
1983-03-30,0.1953,0.1981,0.1953,0.1975,87808000,0.1512
1983-03-31,0.1975,0.1987,0.1886,0.1886,85142400,0.1443
1983-04-04,0.1886,0.1886,0.1791,0.1836,127388800,0.1405
1983-04-05,0.1836,0.1875,0.1802,0.1802,122102400,0.1379
1983-04-06,0.1802,0.1808,0.1763,0.1786,213987200,0.1366
1983-04-07,0.1786,0.1797,0.1758,0.1769,145510400,0.1354
1983-04-08,0.1769,0.1780,0.1724,0.1758,150259200,0.1345
1983-04-11,0.1758,0.1869,0.1730,0.1858,230473600,0.1422
1983-04-12,0.1858,0.1903,0.1858,0.1897,174048000,0.1452
1983-04-13,0.1897,0.1970,0.1897,0.1964,189772800,0.1503
1983-04-14,0.1964,0.2015,0.1948,0.2009,136371200,0.1537
1983-04-15,0.2009,0.2059,0.2009,0.2042,115001600,0.1563
1983-04-18,0.2054,0.2137,0.2054,0.2098,155568000,0.1605
1983-04-19,0.2098,0.2115,0.2065,0.2076,233878400,0.1588
1983-04-20,0.2076,0.2277,0.2076,0.2260,288332800,0.1729
1983-04-21,0.2288,0.2355,0.2288,0.2321,230048000,0.1776
1983-04-22,0.2321,0.2344,0.2266,0.2277,127187200,0.1742
1983-04-25,0.2277,0.2294,0.2160,0.2171,125708800,0.1661
1983-04-26,0.2171,0.2260,0.2165,0.2232,99433600,0.1708
1983-04-27,0.2232,0.2282,0.2188,0.2210,86038400,0.1691
1983-04-28,0.2210,0.2243,0.2182,0.2232,79408000,0.1708
1983-04-29,0.2232,0.2266,0.2204,0.2254,308313600,0.1725
1983-05-02,0.2254,0.2266,0.2160,0.2188,97081600,0.1674
1983-05-03,0.2188,0.2193,0.2126,0.2165,105996800,0.1657
1983-05-04,0.2165,0.2299,0.2165,0.2299,129113600,0.1759
1983-05-05,0.2299,0.2455,0.2299,0.2450,140492800,0.1874
1983-05-06,0.2450,0.2489,0.2400,0.2461,100150400,0.1883
1983-05-09,0.2461,0.2467,0.2405,0.2427,69171200,0.1857
1983-05-10,0.2427,0.2472,0.2416,0.2444,51900800,0.1870
1983-05-11,0.2444,0.2455,0.2366,0.2383,55260800,0.1823
1983-05-12,0.2383,0.2383,0.2338,0.2360,98425600,0.1806
1983-05-13,0.2360,0.2394,0.2360,0.2372,48966400,0.1815
1983-05-16,0.2372,0.2372,0.2299,0.2310,69193600,0.1768
1983-05-17,0.2310,0.2321,0.2282,0.2316,154358400,0.1772
1983-05-18,0.2316,0.2366,0.2316,0.2344,157001600,0.1793
1983-05-19,0.2344,0.2422,0.2344,0.2416,70291200,0.1849
1983-05-20,0.2416,0.2545,0.2383,0.2539,146092800,0.1943
1983-05-23,0.2539,0.2567,0.2489,0.2567,121744000,0.1964
1983-05-24,0.2567,0.2701,0.2567,0.2701,107699200,0.2067
1983-05-25,0.2701,0.2723,0.2640,0.2679,153731200,0.2050
1983-05-26,0.2679,0.2695,0.2628,0.2651,105571200,0.2028
1983-05-27,0.2651,0.2679,0.2640,0.2651,56627200,0.2028
1983-05-31,0.2645,0.2645,0.2528,0.2578,45539200,0.1973
1983-06-01,0.2578,0.2600,0.2556,0.2595,98089600,0.1985
1983-06-02,0.2595,0.2612,0.2578,0.2612,79430400,0.1998
1983-06-03,0.2612,0.2751,0.2612,0.2740,64534400,0.2097
1983-06-06,0.2740,0.2801,0.2740,0.2801,104092800,0.2143
1983-06-07,0.2801,0.2824,0.2706,0.2706,98179200,0.2071
1983-06-08,0.2706,0.2718,0.2651,0.2673,84044800,0.2045
1983-06-09,0.2673,0.2701,0.2606,0.2656,54790400,0.2032
1983-06-10,0.2656,0.2673,0.2640,0.2645,37430400,0.2024
1983-06-13,0.2645,0.2651,0.2455,0.2556,179267200,0.1956
1983-06-14,0.2556,0.2578,0.2489,0.2500,170531200,0.1913
1983-06-15,0.2494,0.2494,0.2377,0.2427,193356800,0.1857
1983-06-16,0.2439,0.2556,0.2439,0.2556,122886400,0.1956
1983-06-17,0.2556,0.2567,0.2506,0.2506,56044800,0.1917
1983-06-20,0.2506,0.2522,0.2360,0.2383,139574400,0.1823
1983-06-21,0.2383,0.2411,0.2338,0.2400,125462400,0.1836
1983-06-22,0.2405,0.2483,0.2405,0.2472,140963200,0.1892
1983-06-23,0.2461,0.2461,0.2388,0.2394,133996800,0.1832
1983-06-24,0.2394,0.2427,0.2372,0.2377,47644800,0.1819
1983-06-27,0.2377,0.2377,0.2249,0.2249,123043200,0.1721
1983-06-28,0.2249,0.2260,0.2076,0.2093,349171200,0.1601
1983-06-29,0.2093,0.2215,0.2042,0.2193,294380800,0.1678
1983-06-30,0.2193,0.2232,0.2171,0.2182,110566400,0.1670
1983-07-01,0.2182,0.2221,0.2171,0.2199,172256000,0.1682
1983-07-05,0.2199,0.2204,0.2104,0.2109,82051200,0.1614
1983-07-06,0.2109,0.2121,0.2070,0.2115,95916800,0.1618
1983-07-07,0.2115,0.2121,0.2076,0.2087,89443200,0.1597
1983-07-08,0.2087,0.2087,0.2054,0.2065,70179200,0.1580
1983-07-11,0.2065,0.2154,0.2065,0.2121,112918400,0.1623
1983-07-12,0.2121,0.2143,0.2059,0.2070,75196800,0.1584
1983-07-13,0.2070,0.2076,0.2026,0.2059,129001600,0.1576
1983-07-14,0.2059,0.2093,0.2042,0.2054,74905600,0.1571
1983-07-15,0.2054,0.2054,0.1970,0.1981,67961600,0.1516
1983-07-18,0.1981,0.1987,0.1931,0.1975,81625600,0.1512
1983-07-19,0.1975,0.2070,0.1936,0.1953,171136000,0.1494
1983-07-20,0.1953,0.1970,0.1819,0.1842,304886400,0.1409
1983-07-21,0.1842,0.1981,0.1830,0.1936,317385600,0.1482
1983-07-22,0.1936,0.1959,0.1931,0.1953,116435200,0.1494
1983-07-25,0.1953,0.1953,0.1897,0.1925,76428800,0.1473
1983-07-26,0.1925,0.1936,0.1674,0.1747,268979200,0.1336
1983-07-27,0.1747,0.1802,0.1596,0.1618,300316800,0.1238
1983-07-28,0.1618,0.1641,0.1518,0.1518,270480000,0.1161
1983-07-29,0.1518,0.1574,0.1512,0.1557,220326400,0.1191
1983-08-01,0.1557,0.1624,0.1529,0.1540,232444800,0.1178
1983-08-02,0.1540,0.1563,0.1529,0.1535,101651200,0.1174
1983-08-03,0.1535,0.1590,0.1512,0.1557,123827200,0.1191
1983-08-04,0.1557,0.1574,0.1417,0.1484,292118400,0.1136
1983-08-05,0.1484,0.1540,0.1473,0.1512,131420800,0.1157
1983-08-08,0.1512,0.1551,0.1479,0.1518,76809600,0.1161
1983-08-09,0.1518,0.1557,0.1507,0.1535,150371200,0.1174
1983-08-10,0.1535,0.1546,0.1496,0.1529,161974400,0.1170
1983-08-11,0.1529,0.1551,0.1484,0.1507,90182400,0.1153
1983-08-12,0.1507,0.1540,0.1479,0.1496,74636800,0.1144
1983-08-15,0.1496,0.1535,0.1490,0.1535,152275200,0.1174
1983-08-16,0.1535,0.1551,0.1496,0.1512,91369600,0.1157
1983-08-17,0.1512,0.1529,0.1462,0.1479,94438400,0.1132
1983-08-18,0.1479,0.1512,0.1473,0.1496,81737600,0.1144
1983-08-19,0.1496,0.1518,0.1484,0.1507,58598400,0.1153
1983-08-22,0.1507,0.1523,0.1484,0.1501,85366400,0.1149
1983-08-23,0.1501,0.1501,0.1412,0.1423,93587200,0.1089
1983-08-24,0.1417,0.1417,0.1345,0.1350,113299200,0.1033
1983-08-25,0.1350,0.1373,0.1339,0.1362,189772800,0.1042
1983-08-26,0.1362,0.1384,0.1350,0.1378,93184000,0.1055
1983-08-29,0.1378,0.1412,0.1339,0.1395,138297600,0.1067
1983-08-30,0.1395,0.1496,0.1395,0.1468,233945600,0.1123
1983-08-31,0.1479,0.1663,0.1479,0.1663,200233600,0.1272
1983-09-01,0.1663,0.1719,0.1585,0.1624,218131200,0.1243
1983-09-02,0.1624,0.1696,0.1618,0.1696,129337600,0.1298
1983-09-06,0.1730,0.1775,0.1730,0.1758,181686400,0.1345
1983-09-07,0.1752,0.1752,0.1512,0.1546,384854400,0.1183
1983-09-08,0.1546,0.1563,0.1395,0.1417,307059200,0.1085
1983-09-09,0.1417,0.1423,0.1362,0.1367,212688000,0.1046
1983-09-12,0.1367,0.1451,0.1350,0.1367,266313600,0.1046
1983-09-13,0.1367,0.1451,0.1356,0.1429,204176000,0.1093
1983-09-14,0.1429,0.1462,0.1384,0.1412,181529600,0.1080
1983-09-15,0.1412,0.1417,0.1328,0.1345,158838400,0.1029
1983-09-16,0.1345,0.1345,0.1300,0.1311,225747200,0.1003
1983-09-19,0.1311,0.1440,0.1306,0.1429,201980800,0.1093
1983-09-20,0.1429,0.1496,0.1429,0.1434,226419200,0.1097
1983-09-21,0.1434,0.1456,0.1401,0.1406,106355200,0.1076
1983-09-22,0.1406,0.1456,0.1390,0.1451,144121600,0.1110
1983-09-23,0.1116,0.1116,0.0993,0.1083,2832345600,0.0828
1983-09-26,0.1088,0.1155,0.1088,0.1110,768768000,0.0850
1983-09-27,0.1110,0.1116,0.1027,0.1049,417110400,0.0803
1983-09-28,0.1049,0.1049,0.0988,0.1021,373497600,0.0781
1983-09-29,0.1021,0.1060,0.1010,0.1016,282777600,0.0777
1983-09-30,0.1016,0.1055,0.1004,0.1032,117868800,0.0790
1983-10-03,0.1032,0.1049,0.1010,0.1032,152902400,0.0790
1983-10-04,0.1032,0.1055,0.1016,0.1021,169612800,0.0781
1983-10-05,0.1021,0.1038,0.0988,0.1004,190668800,0.0769
1983-10-06,0.1004,0.1021,0.0971,0.0993,232937600,0.0760
1983-10-07,0.0993,0.1060,0.0898,0.0910,246332800,0.0696
1983-10-10,0.0898,0.0898,0.0820,0.0882,517126400,0.0675
1983-10-11,0.0882,0.0887,0.0854,0.0865,252761600,0.0662
1983-10-12,0.0865,0.0949,0.0859,0.0943,472617600,0.0722
1983-10-13,0.0971,0.1071,0.0971,0.1027,420515200,0.0786
1983-10-14,0.1027,0.1060,0.1004,0.1016,279260800,0.0777
1983-10-17,0.1016,0.1016,0.0932,0.0938,219116800,0.0717
1983-10-18,0.0926,0.0926,0.0843,0.0865,382972800,0.0662
1983-10-19,0.0865,0.0993,0.0854,0.0960,287392000,0.0734
1983-10-20,0.0960,0.0988,0.0887,0.0910,131689600,0.0696
1983-10-21,0.0910,0.0932,0.0876,0.0887,157001600,0.0679
1983-10-24,0.0887,0.0943,0.0798,0.0943,259392000,0.0722
1983-10-25,0.0943,0.0977,0.0938,0.0949,168448000,0.0726
1983-10-26,0.0949,0.0960,0.0893,0.0898,128912000,0.0687
1983-10-27,0.0898,0.0965,0.0898,0.0943,97843200,0.0722
1983-10-28,0.0943,0.0954,0.0910,0.0932,81200000,0.0713
1983-10-31,0.0943,0.1027,0.0943,0.1010,173174400,0.0773
1983-11-01,0.1010,0.1071,0.0965,0.1027,328384000,0.0786
1983-11-02,0.1027,0.1077,0.1027,0.1049,202473600,0.0803
1983-11-03,0.1049,0.1055,0.0938,0.0977,286003200,0.0747
1983-11-04,0.0977,0.0982,0.0938,0.0943,146742400,0.0722
1983-11-07,0.0943,0.0965,0.0926,0.0938,152118400,0.0717
1983-11-08,0.0871,0.0871,0.0770,0.0798,1221516800,0.0611
1983-11-09,0.0798,0.0859,0.0781,0.0859,353472000,0.0658
1983-11-10,0.0859,0.0898,0.0859,0.0876,222073600,0.0670
1983-11-11,0.0876,0.0910,0.0871,0.0893,116032000,0.0683
1983-11-14,0.0893,0.0904,0.0876,0.0882,108281600,0.0675
1983-11-15,0.0882,0.0887,0.0848,0.0882,118630400,0.0675
1983-11-16,0.0882,0.0915,0.0876,0.0893,102278400,0.0683
1983-11-17,0.0893,0.0926,0.0893,0.0915,90384000,0.0700
1983-11-18,0.0915,0.0932,0.0904,0.0921,79900800,0.0705
1983-11-21,0.0921,0.0965,0.0921,0.0960,105011200,0.0734
1983-11-22,0.0960,0.0971,0.0949,0.0960,105190400,0.0734
1983-11-23,0.0960,0.0960,0.0893,0.0910,114352000,0.0696
1983-11-25,0.0910,0.0921,0.0910,0.0915,37296000,0.0700
1983-11-28,0.0915,0.0943,0.0910,0.0938,72396800,0.0717
1983-11-29,0.0938,0.0960,0.0915,0.0926,95289600,0.0709
1983-11-30,0.0926,0.0938,0.0910,0.0910,64332800,0.0696
1983-12-01,0.0910,0.0932,0.0893,0.0904,76675200,0.0692
1983-12-02,0.0904,0.0904,0.0882,0.0887,85366400,0.0679
1983-12-05,0.0887,0.0915,0.0882,0.0910,45158400,0.0696
1983-12-06,0.0910,0.0921,0.0904,0.0915,51990400,0.0700
1983-12-07,0.0915,0.0960,0.0904,0.0938,89152000,0.0717
1983-12-08,0.0938,0.0988,0.0938,0.0960,137625600,0.0734
1983-12-09,0.0960,0.0988,0.0949,0.0965,82768000,0.0739
1983-12-12,0.0965,0.0971,0.0938,0.0960,65139200,0.0734
1983-12-13,0.0960,0.1016,0.0954,0.1004,197545600,0.0769
1983-12-14,0.1004,0.1055,0.0965,0.1044,201891200,0.0798
1983-12-15,0.1044,0.1105,0.1044,0.1088,316601600,0.0833
1983-12-16,0.1088,0.1116,0.1083,0.1105,184867200,0.0845
1983-12-19,0.1105,0.1116,0.1066,0.1071,173600000,0.0820
1983-12-20,0.1071,0.1071,0.1027,0.1044,177744000,0.0798
1983-12-21,0.1044,0.1083,0.1038,0.1083,171785600,0.0828
1983-12-22,0.1083,0.1105,0.1077,0.1105,130547200,0.0845
1983-12-23,0.1105,0.1110,0.1083,0.1099,48563200,0.0841
1983-12-27,0.1099,0.1116,0.1099,0.1105,96432000,0.0845
1983-12-28,0.1105,0.1127,0.1094,0.1116,128553600,0.0854
1983-12-29,0.1116,0.1127,0.1088,0.1088,102748800,0.0833
1983-12-30,0.1088,0.1116,0.1083,0.1088,91862400,0.0833
1984-01-03,0.1088,0.1166,0.1088,0.1144,150192000,0.0875
1984-01-04,0.1150,0.1250,0.1150,0.1244,292611200,0.0952
1984-01-05,0.1244,0.1295,0.1233,0.1261,305715200,0.0965
1984-01-06,0.1261,0.1278,0.1217,0.1239,168492800,0.0948
1984-01-09,0.1239,0.1239,0.1133,0.1172,215734400,0.0897
1984-01-10,0.1172,0.1233,0.1172,0.1233,172188800,0.0944
1984-01-11,0.1233,0.1272,0.1228,0.1250,175952000,0.0956
1984-01-12,0.1250,0.1267,0.1233,0.1244,110342400,0.0952
1984-01-13,0.1244,0.1261,0.1194,0.1217,121744000,0.0931
1984-01-16,0.1217,0.1261,0.1211,0.1244,137580800,0.0952
1984-01-17,0.1244,0.1283,0.1244,0.1278,149072000,0.0978
1984-01-18,0.1278,0.1306,0.1256,0.1283,220505600,0.0982
1984-01-19,0.1283,0.1317,0.1272,0.1295,149721600,0.0991
1984-01-20,0.1295,0.1300,0.1261,0.1278,141344000,0.0978
1984-01-23,0.1278,0.1300,0.1267,0.1289,278364800,0.0986
1984-01-24,0.1289,0.1295,0.1183,0.1217,320230400,0.0931
1984-01-25,0.1217,0.1289,0.1200,0.1205,263872000,0.0922
1984-01-26,0.1205,0.1250,0.1205,0.1233,168492800,0.0944
1984-01-27,0.1233,0.1239,0.1144,0.1166,194096000,0.0892
1984-01-30,0.1166,0.1189,0.1077,0.1105,277468800,0.0845
1984-01-31,0.1105,0.1127,0.1032,0.1105,345094400,0.0845
1984-02-01,0.1105,0.1138,0.1094,0.1099,163116800,0.0841
1984-02-02,0.1099,0.1116,0.1077,0.1110,134915200,0.0850
1984-02-03,0.1110,0.1138,0.1094,0.1094,145488000,0.0837
1984-02-06,0.1094,0.1094,0.1032,0.1038,165558400,0.0794
1984-02-07,0.1038,0.1083,0.0999,0.1077,217728000,0.0824
1984-02-08,0.1077,0.1094,0.1038,0.1038,148220800,0.0794
1984-02-09,0.1038,0.1077,0.1010,0.1055,234796800,0.0807
1984-02-10,0.1055,0.1116,0.1055,0.1088,143964800,0.0833
1984-02-13,0.1088,0.1099,0.1066,0.1083,105728000,0.0828
1984-02-14,0.1083,0.1150,0.1083,0.1144,209059200,0.0875
1984-02-15,0.1144,0.1194,0.1110,0.1122,200838400,0.0858
1984-02-16,0.1122,0.1138,0.1094,0.1133,105235200,0.0867
1984-02-17,0.1133,0.1161,0.1116,0.1116,134646400,0.0854
1984-02-21,0.1116,0.1172,0.1110,0.1166,120288000,0.0892
1984-02-22,0.1172,0.1233,0.1172,0.1222,223372800,0.0935
1984-02-23,0.1222,0.1222,0.1161,0.1200,155052800,0.0918
1984-02-24,0.1200,0.1228,0.1200,0.1211,77817600,0.0927
1984-02-27,0.1211,0.1228,0.1177,0.1205,121564800,0.0922
1984-02-28,0.1205,0.1211,0.1122,0.1138,169926400,0.0871
1984-02-29,0.1138,0.1200,0.1127,0.1172,134041600,0.0897
1984-03-01,0.1172,0.1211,0.1144,0.1205,132361600,0.0922
1984-03-02,0.1205,0.1250,0.1200,0.1217,191251200,0.0931
1984-03-05,0.1217,0.1222,0.1177,0.1194,73606400,0.0914
1984-03-06,0.1194,0.1217,0.1144,0.1150,98985600,0.0880
1984-03-07,0.1150,0.1189,0.1122,0.1183,96566400,0.0905
1984-03-08,0.1183,0.1211,0.1183,0.1200,129785600,0.0918
1984-03-09,0.1200,0.1200,0.1172,0.1177,66057600,0.0901
1984-03-12,0.1183,0.1228,0.1183,0.1222,125036800,0.0935
1984-03-13,0.1222,0.1239,0.1194,0.1205,152880000,0.0922
1984-03-14,0.1205,0.1211,0.1183,0.1189,59606400,0.0909
1984-03-15,0.1189,0.1205,0.1177,0.1194,55283200,0.0914
1984-03-16,0.1194,0.1239,0.1177,0.1189,124700800,0.0909
1984-03-19,0.1183,0.1183,0.1155,0.1172,82588800,0.0897
1984-03-20,0.1172,0.1194,0.1122,0.1161,100531200,0.0888
1984-03-21,0.1161,0.1189,0.1155,0.1161,47667200,0.0888
1984-03-22,0.1161,0.1161,0.1122,0.1138,51184000,0.0871
1984-03-23,0.1138,0.1150,0.1116,0.1138,61129600,0.0871
1984-03-26,0.1138,0.1166,0.1127,0.1150,56963200,0.0880
1984-03-27,0.1150,0.1155,0.1110,0.1116,99299200,0.0854
1984-03-28,0.1122,0.1144,0.1122,0.1138,75488000,0.0871
1984-03-29,0.1138,0.1150,0.1127,0.1133,39177600,0.0867
1984-03-30,0.1133,0.1138,0.1094,0.1105,45740800,0.0845
1984-04-02,0.1105,0.1127,0.1094,0.1110,54656000,0.0850
1984-04-03,0.1110,0.1122,0.1099,0.1116,44105600,0.0854
1984-04-04,0.1116,0.1122,0.1094,0.1094,107676800,0.0837
1984-04-05,0.1094,0.1110,0.1077,0.1077,82812800,0.0824
1984-04-06,0.1077,0.1088,0.1027,0.1049,85590400,0.0803
1984-04-09,0.1049,0.1083,0.1049,0.1049,54252800,0.0803
1984-04-10,0.1071,0.1105,0.1071,0.1105,57097600,0.0845
1984-04-11,0.1105,0.1133,0.1083,0.1094,70604800,0.0837
1984-04-12,0.1094,0.1161,0.1077,0.1150,78400000,0.0880
1984-04-13,0.1150,0.1177,0.1138,0.1150,103398400,0.0880
1984-04-16,0.1150,0.1177,0.1122,0.1172,68118400,0.0897
1984-04-17,0.1194,0.1244,0.1194,0.1228,332953600,0.0939
1984-04-18,0.1228,0.1256,0.1222,0.1250,199673600,0.0956
1984-04-19,0.1250,0.1267,0.1239,0.1261,123401600,0.0965
1984-04-23,0.1261,0.1300,0.1250,0.1267,293865600,0.0969
1984-04-24,0.1267,0.1289,0.1239,0.1244,281568000,0.0952
1984-04-25,0.1244,0.1256,0.1222,0.1233,194880000,0.0944
1984-04-26,0.1239,0.1334,0.1239,0.1328,318505600,0.1016
1984-04-27,0.1328,0.1373,0.1306,0.1345,371996800,0.1029
1984-04-30,0.1345,0.1401,0.1334,0.1401,293148800,0.1072
1984-05-01,0.1417,0.1484,0.1417,0.1484,406515200,0.1136
1984-05-02,0.1484,0.1496,0.1445,0.1473,317318400,0.1127
1984-05-03,0.1473,0.1473,0.1384,0.1412,327420800,0.1080
1984-05-04,0.1412,0.1412,0.1339,0.1345,260444800,0.1029
1984-05-07,0.1345,0.1401,0.1334,0.1390,160070400,0.1063
1984-05-08,0.1395,0.1479,0.1395,0.1468,255001600,0.1123
1984-05-09,0.1468,0.1535,0.1451,0.1479,405014400,0.1132
1984-05-10,0.1479,0.1501,0.1440,0.1479,238627200,0.1132
1984-05-11,0.1479,0.1484,0.1384,0.1440,197724800,0.1102
1984-05-14,0.1434,0.1434,0.1395,0.1412,89286400,0.1080
1984-05-15,0.1412,0.1434,0.1406,0.1423,102704000,0.1089
1984-05-16,0.1423,0.1434,0.1356,0.1362,219721600,0.1042
1984-05-17,0.1362,0.1362,0.1283,0.1300,281948800,0.0995
1984-05-18,0.1300,0.1334,0.1283,0.1328,193468800,0.1016
1984-05-21,0.1328,0.1440,0.1323,0.1423,435052800,0.1089
1984-05-22,0.1423,0.1423,0.1339,0.1378,301257600,0.1055
1984-05-23,0.1378,0.1390,0.1350,0.1350,168963200,0.1033
1984-05-24,0.1350,0.1350,0.1289,0.1311,193312000,0.1003
1984-05-25,0.1311,0.1334,0.1300,0.1317,120108800,0.1008
1984-05-29,0.1317,0.1328,0.1289,0.1311,156262400,0.1003
1984-05-30,0.1311,0.1317,0.1250,0.1295,318438400,0.0991
1984-05-31,0.1295,0.1328,0.1283,0.1311,167014400,0.1003
1984-06-01,0.1311,0.1356,0.1306,0.1356,242300800,0.1038
1984-06-04,0.1356,0.1373,0.1311,0.1323,148288000,0.1012
1984-06-05,0.1300,0.1300,0.1239,0.1244,328428800,0.0952
1984-06-06,0.1244,0.1300,0.1239,0.1295,161459200,0.0991
1984-06-07,0.1295,0.1300,0.1256,0.1283,102547200,0.0982
1984-06-08,0.1283,0.1289,0.1250,0.1278,108976000,0.0978
1984-06-11,0.1278,0.1289,0.1261,0.1278,84246400,0.0978
1984-06-12,0.1278,0.1317,0.1272,0.1300,117129600,0.0995
1984-06-13,0.1306,0.1334,0.1306,0.1328,115718400,0.1016
1984-06-14,0.1328,0.1328,0.1283,0.1289,100956800,0.0986
1984-06-15,0.1289,0.1311,0.1289,0.1295,89779200,0.0991
1984-06-18,0.1295,0.1328,0.1267,0.1323,114598400,0.1012
1984-06-19,0.1323,0.1356,0.1311,0.1311,160944000,0.1003
1984-06-20,0.1311,0.1350,0.1283,0.1350,119526400,0.1033
1984-06-21,0.1350,0.1367,0.1295,0.1295,141904000,0.0991
1984-06-22,0.1295,0.1317,0.1278,0.1278,84604800,0.0978
1984-06-25,0.1278,0.1289,0.1205,0.1217,167484800,0.0931
1984-06-26,0.1217,0.1222,0.1161,0.1161,148646400,0.0888
1984-06-27,0.1161,0.1172,0.1083,0.1127,377283200,0.0863
1984-06-28,0.1127,0.1194,0.1127,0.1177,118316800,0.0901
1984-06-29,0.1177,0.1239,0.1177,0.1183,141993600,0.0905
1984-07-02,0.1183,0.1189,0.1122,0.1144,159667200,0.0875
1984-07-03,0.1144,0.1150,0.1110,0.1127,179065600,0.0863
1984-07-05,0.1127,0.1138,0.1088,0.1105,93184000,0.0845
1984-07-06,0.1105,0.1138,0.1083,0.1122,95648000,0.0858
1984-07-09,0.1122,0.1177,0.1105,0.1172,190668800,0.0897
1984-07-10,0.1172,0.1211,0.1166,0.1200,172300800,0.0918
1984-07-11,0.1200,0.1217,0.1166,0.1183,121094400,0.0905
1984-07-12,0.1183,0.1211,0.1177,0.1189,168694400,0.0909
1984-07-13,0.1189,0.1211,0.1161,0.1177,135945600,0.0901
1984-07-16,0.1177,0.1177,0.1116,0.1150,202988800,0.0880
1984-07-17,0.1150,0.1161,0.1133,0.1150,84851200,0.0880
1984-07-18,0.1150,0.1155,0.1127,0.1133,104025600,0.0867
1984-07-19,0.1133,0.1150,0.1122,0.1133,77907200,0.0867
1984-07-20,0.1133,0.1150,0.1127,0.1133,33174400,0.0867
1984-07-23,0.1133,0.1133,0.1094,0.1122,94035200,0.0858
1984-07-24,0.1122,0.1205,0.1116,0.1189,179244800,0.0909
1984-07-25,0.1194,0.1222,0.1194,0.1194,200457600,0.0914
1984-07-26,0.1194,0.1233,0.1183,0.1217,143337600,0.0931
1984-07-27,0.1217,0.1228,0.1205,0.1211,73942400,0.0927
1984-07-30,0.1211,0.1217,0.1127,0.1138,125036800,0.0871
1984-07-31,0.1138,0.1155,0.1110,0.1138,199628800,0.0871
1984-08-01,0.1138,0.1150,0.1083,0.1116,285734400,0.0854
1984-08-02,0.1116,0.1133,0.1077,0.1077,303676800,0.0824
1984-08-03,0.1077,0.1228,0.1071,0.1222,618060800,0.0935
1984-08-06,0.1222,0.1362,0.1217,0.1306,626796800,0.0999
1984-08-07,0.1306,0.1339,0.1244,0.1323,332483200,0.1012
1984-08-08,0.1323,0.1350,0.1261,0.1272,294403200,0.0974
1984-08-09,0.1272,0.1339,0.1244,0.1328,257622400,0.1016
1984-08-10,0.1328,0.1378,0.1267,0.1272,397376000,0.0974
1984-08-13,0.1272,0.1350,0.1256,0.1339,241449600,0.1025
1984-08-14,0.1339,0.1350,0.1272,0.1289,174070400,0.0986
1984-08-15,0.1283,0.1283,0.1233,0.1244,178886400,0.0952
1984-08-16,0.1244,0.1267,0.1228,0.1256,144816000,0.0961
1984-08-17,0.1256,0.1261,0.1211,0.1228,153932800,0.0939
1984-08-20,0.1228,0.1233,0.1189,0.1222,138454400,0.0935
1984-08-21,0.1222,0.1283,0.1222,0.1272,179536000,0.0974
1984-08-22,0.1272,0.1306,0.1239,0.1250,220416000,0.0956
1984-08-23,0.1250,0.1278,0.1250,0.1256,83417600,0.0961
1984-08-24,0.1256,0.1272,0.1244,0.1256,70896000,0.0961
1984-08-27,0.1256,0.1256,0.1222,0.1244,87673600,0.0952
1984-08-28,0.1244,0.1261,0.1233,0.1261,59158400,0.0965
1984-08-29,0.1261,0.1267,0.1217,0.1228,74121600,0.0939
1984-08-30,0.1228,0.1244,0.1205,0.1205,50960000,0.0922
1984-08-31,0.1205,0.1211,0.1166,0.1183,137849600,0.0905
1984-09-04,0.1183,0.1194,0.1161,0.1172,119840000,0.0897
1984-09-05,0.1172,0.1189,0.1161,0.1172,103756800,0.0897
1984-09-06,0.1172,0.1200,0.1172,0.1183,130972800,0.0905
1984-09-07,0.1183,0.1200,0.1172,0.1183,83260800,0.0905
1984-09-10,0.1183,0.1189,0.1155,0.1177,64624000,0.0901
1984-09-11,0.1189,0.1222,0.1189,0.1200,152387200,0.0918
1984-09-12,0.1200,0.1205,0.1166,0.1166,133123200,0.0892
1984-09-13,0.1228,0.1233,0.1228,0.1228,207334400,0.0939
1984-09-14,0.1233,0.1272,0.1233,0.1244,246870400,0.0952
1984-09-17,0.1278,0.1295,0.1278,0.1278,192752000,0.0978
1984-09-18,0.1278,0.1289,0.1233,0.1233,97305600,0.0944
1984-09-19,0.1233,0.1244,0.1205,0.1205,106288000,0.0922
1984-09-20,0.1211,0.1222,0.1211,0.1211,66169600,0.0927
1984-09-21,0.1211,0.1244,0.1183,0.1200,99836800,0.0918
1984-09-24,0.1200,0.1205,0.1189,0.1189,79004800,0.0909
1984-09-25,0.1183,0.1183,0.1166,0.1166,166790400,0.0892
1984-09-26,0.1166,0.1217,0.1150,0.1150,110969600,0.0880
1984-09-27,0.1150,0.1155,0.1150,0.1150,105929600,0.0880
1984-09-28,0.1150,0.1150,0.1099,0.1122,233408000,0.0858
1984-10-01,0.1116,0.1116,0.1094,0.1094,97776000,0.0837
1984-10-02,0.1105,0.1144,0.1105,0.1105,118249600,0.0845
1984-10-03,0.1122,0.1138,0.1122,0.1122,120422400,0.0858
1984-10-04,0.1133,0.1144,0.1133,0.1133,125484800,0.0867
1984-10-05,0.1133,0.1133,0.1105,0.1110,97574400,0.0850
1984-10-08,0.1110,0.1116,0.1110,0.1110,46972800,0.0850
1984-10-09,0.1110,0.1116,0.1099,0.1099,125260800,0.0841
1984-10-10,0.1099,0.1099,0.1066,0.1066,364851200,0.0816
1984-10-11,0.1066,0.1094,0.1060,0.1060,182761600,0.0811
1984-10-12,0.1060,0.1066,0.1004,0.1016,265798400,0.0777
1984-10-15,0.1071,0.1083,0.1071,0.1071,243264000,0.0820
1984-10-16,0.1071,0.1077,0.1066,0.1066,118025600,0.0816
1984-10-17,0.1110,0.1116,0.1110,0.1110,156643200,0.0850
1984-10-18,0.1144,0.1150,0.1144,0.1144,247161600,0.0875
1984-10-19,0.1144,0.1222,0.1138,0.1144,326121600,0.0875
1984-10-22,0.1144,0.1161,0.1133,0.1133,114755200,0.0867
1984-10-23,0.1161,0.1172,0.1161,0.1161,186435200,0.0888
1984-10-24,0.1172,0.1183,0.1172,0.1172,167014400,0.0897
1984-10-25,0.1172,0.1172,0.1127,0.1127,158166400,0.0863
1984-10-26,0.1127,0.1127,0.1094,0.1099,114844800,0.0841
1984-10-29,0.1105,0.1110,0.1105,0.1105,50646400,0.0845
1984-10-30,0.1116,0.1127,0.1116,0.1116,74592000,0.0854
1984-10-31,0.1116,0.1127,0.1110,0.1110,60233600,0.0850
1984-11-01,0.1116,0.1127,0.1116,0.1116,47040000,0.0854
1984-11-02,0.1116,0.1122,0.1105,0.1110,27686400,0.0850
1984-11-05,0.1110,0.1133,0.1105,0.1105,105369600,0.0845
1984-11-06,0.1172,0.1177,0.1172,0.1172,225321600,0.0897
1984-11-07,0.1172,0.1177,0.1150,0.1150,231548800,0.0880
1984-11-08,0.1150,0.1150,0.1105,0.1105,88121600,0.0845
1984-11-09,0.1105,0.1110,0.1027,0.1038,294134400,0.0794
1984-11-12,0.1077,0.1083,0.1077,0.1077,113254400,0.0824
1984-11-13,0.1077,0.1099,0.1049,0.1049,126672000,0.0803
1984-11-14,0.1060,0.1071,0.1060,0.1060,104339200,0.0811
1984-11-15,0.1060,0.1071,0.1060,0.1060,106601600,0.0811
1984-11-16,0.1060,0.1077,0.1032,0.1038,165760000,0.0794
1984-11-19,0.1038,0.1044,0.0977,0.0977,232982400,0.0747
1984-11-20,0.1010,0.1016,0.1010,0.1010,263244800,0.0773
1984-11-21,0.1032,0.1038,0.1032,0.1032,178729600,0.0790
1984-11-23,0.1044,0.1077,0.1044,0.1060,137088000,0.0811
1984-11-26,0.1071,0.1071,0.1071,0.1071,100643200,0.0820
1984-11-27,0.1099,0.1110,0.1099,0.1099,127411200,0.0841
1984-11-28,0.1155,0.1183,0.1155,0.1155,410524800,0.0884
1984-11-29,0.1155,0.1155,0.1133,0.1133,174876800,0.0867
1984-11-30,0.1133,0.1144,0.1099,0.1105,108707200,0.0845
1984-12-03,0.1105,0.1110,0.1088,0.1088,98000000,0.0833
1984-12-04,0.1110,0.1133,0.1110,0.1110,120377600,0.0850
1984-12-05,0.1166,0.1166,0.1166,0.1166,262908800,0.0892
1984-12-06,0.1222,0.1228,0.1222,0.1222,317273600,0.0935
1984-12-07,0.1222,0.1267,0.1211,0.1217,494524800,0.0931
1984-12-10,0.1217,0.1217,0.1194,0.1194,111484800,0.0914
1984-12-11,0.1194,0.1211,0.1177,0.1177,123782400,0.0901
1984-12-12,0.1177,0.1177,0.1138,0.1138,110073600,0.0871
1984-12-13,0.1150,0.1172,0.1150,0.1150,66841600,0.0880
1984-12-14,0.1150,0.1189,0.1150,0.1177,96140800,0.0901
1984-12-17,0.1205,0.1217,0.1205,0.1205,125238400,0.0922
1984-12-18,0.1278,0.1283,0.1278,0.1278,340569600,0.0978
1984-12-19,0.1278,0.1283,0.1228,0.1228,317497600,0.0939
1984-12-20,0.1228,0.1250,0.1222,0.1222,139843200,0.0935
1984-12-21,0.1222,0.1228,0.1194,0.1205,123894400,0.0922
1984-12-24,0.1228,0.1233,0.1228,0.1228,67536000,0.0939
1984-12-26,0.1233,0.1244,0.1233,0.1233,67177600,0.0944
1984-12-27,0.1239,0.1244,0.1239,0.1239,98761600,0.0948
1984-12-28,0.1239,0.1289,0.1233,0.1283,165334400,0.0982
1984-12-31,0.1300,0.1306,0.1300,0.1300,207760000,0.0995
1985-01-02,0.1300,0.1300,0.1244,0.1244,175302400,0.0952
1985-01-03,0.1267,0.1300,0.1267,0.1267,166611200,0.0969
1985-01-04,0.1267,0.1272,0.1250,0.1267,137267200,0.0969
1985-01-07,0.1267,0.1272,0.1261,0.1261,170912000,0.0965
1985-01-08,0.1261,0.1272,0.1250,0.1250,141120000,0.0956
1985-01-09,0.1283,0.1300,0.1283,0.1283,166723200,0.0982
1985-01-10,0.1339,0.1345,0.1339,0.1339,277065600,0.1025
1985-01-11,0.1339,0.1350,0.1317,0.1328,205049600,0.1016
1985-01-14,0.1367,0.1378,0.1367,0.1367,270435200,0.1046
1985-01-15,0.1367,0.1390,0.1339,0.1339,264969600,0.1025
1985-01-16,0.1350,0.1373,0.1350,0.1350,189884800,0.1033
1985-01-17,0.1350,0.1373,0.1256,0.1256,547523200,0.0961
1985-01-18,0.1256,0.1306,0.1250,0.1278,352665600,0.0978
1985-01-21,0.1306,0.1317,0.1306,0.1306,325427200,0.0999
1985-01-22,0.1345,0.1350,0.1345,0.1345,424838400,0.1029
1985-01-23,0.1345,0.1350,0.1323,0.1323,430505600,0.1012
1985-01-24,0.1323,0.1323,0.1295,0.1295,397062400,0.0991
1985-01-25,0.1295,0.1323,0.1267,0.1323,318460800,0.1012
1985-01-28,0.1350,0.1367,0.1350,0.1350,412182400,0.1033
1985-01-29,0.1350,0.1362,0.1334,0.1334,223731200,0.1021
1985-01-30,0.1334,0.1362,0.1334,0.1334,492441600,0.1021
1985-01-31,0.1334,0.1339,0.1295,0.1295,276236800,0.0991
1985-02-01,0.1295,0.1300,0.1267,0.1278,137737600,0.0978
1985-02-04,0.1306,0.1311,0.1306,0.1306,218019200,0.0999
1985-02-05,0.1317,0.1339,0.1317,0.1317,190041600,0.1008
1985-02-06,0.1339,0.1339,0.1339,0.1339,194432000,0.1025
1985-02-07,0.1339,0.1356,0.1334,0.1334,245481600,0.1021
1985-02-08,0.1334,0.1339,0.1317,0.1334,132025600,0.1021
1985-02-11,0.1362,0.1373,0.1362,0.1362,346953600,0.1042
1985-02-12,0.1362,0.1367,0.1328,0.1328,226508800,0.1016
1985-02-13,0.1328,0.1328,0.1267,0.1267,527027200,0.0969
1985-02-14,0.1267,0.1278,0.1233,0.1233,426832000,0.0944
1985-02-15,0.1233,0.1256,0.1222,0.1250,173622400,0.0956
1985-02-19,0.1244,0.1244,0.1233,0.1233,149833600,0.0944
1985-02-20,0.1233,0.1239,0.1177,0.1177,219968000,0.0901
1985-02-21,0.1200,0.1205,0.1200,0.1200,308224000,0.0918
1985-02-22,0.1200,0.1244,0.1200,0.1233,226531200,0.0944
1985-02-25,0.1233,0.1239,0.1217,0.1217,98537600,0.0931
1985-02-26,0.1217,0.1222,0.1194,0.1194,188966400,0.0914
1985-02-27,0.1194,0.1194,0.1122,0.1122,403580800,0.0858
1985-02-28,0.1122,0.1122,0.1105,0.1105,319065600,0.0845
1985-03-01,0.1105,0.1110,0.1071,0.1110,247430400,0.0850
1985-03-04,0.1127,0.1161,0.1127,0.1127,153104000,0.0863
1985-03-05,0.1155,0.1155,0.1155,0.1155,130771200,0.0884
1985-03-06,0.1155,0.1155,0.1099,0.1099,193603200,0.0841
1985-03-07,0.1099,0.1105,0.0988,0.0988,733980800,0.0756
1985-03-08,0.0988,0.0988,0.0926,0.0960,473558400,0.0734
1985-03-11,0.0993,0.0999,0.0993,0.0993,286003200,0.0760
1985-03-12,0.1027,0.1038,0.1027,0.1027,219430400,0.0786
1985-03-13,0.1027,0.1027,0.0971,0.0971,251126400,0.0743
1985-03-14,0.0971,0.0977,0.0971,0.0971,241606400,0.0743
1985-03-15,0.0971,0.1032,0.0965,0.1010,181417600,0.0773
1985-03-18,0.1021,0.1032,0.1021,0.1021,124768000,0.0781
1985-03-19,0.1021,0.1032,0.0982,0.0982,171449600,0.0751
1985-03-20,0.0993,0.1010,0.0993,0.0993,404969600,0.0760
1985-03-21,0.1010,0.1027,0.1010,0.1010,162467200,0.0773
1985-03-22,0.1010,0.1027,0.0993,0.0993,80371200,0.0760
1985-03-25,0.0993,0.0993,0.0965,0.0965,109961600,0.0739
1985-03-26,0.1004,0.1004,0.1004,0.1004,121430400,0.0769
1985-03-27,0.1004,0.1016,0.0977,0.0977,111350400,0.0747
1985-03-28,0.0977,0.0993,0.0977,0.0977,129606400,0.0747
1985-03-29,0.0977,0.0993,0.0977,0.0988,87180800,0.0756
1985-04-01,0.0988,0.1010,0.0965,0.0965,114060800,0.0739
1985-04-02,0.0965,0.0971,0.0938,0.0938,227427200,0.0717
1985-04-03,0.0938,0.0943,0.0938,0.0938,242659200,0.0717
1985-04-04,0.0938,0.0943,0.0921,0.0932,161862400,0.0713
1985-04-08,0.0932,0.0938,0.0876,0.0876,198732800,0.0670
1985-04-09,0.0876,0.0882,0.0876,0.0876,263894400,0.0670
1985-04-10,0.0938,0.0949,0.0938,0.0938,226912000,0.0717
1985-04-11,0.0954,0.0982,0.0954,0.0954,146675200,0.0730
1985-04-12,0.0954,0.0954,0.0926,0.0932,72531200,0.0713
1985-04-15,0.0954,0.0965,0.0954,0.0954,59830400,0.0730
1985-04-16,0.0965,0.0971,0.0965,0.0965,67648000,0.0739
1985-04-17,0.1010,0.1021,0.1010,0.1010,123244800,0.0773
1985-04-18,0.1021,0.1027,0.1021,0.1021,202428800,0.0781
1985-04-19,0.1021,0.1021,0.0999,0.1004,96028800,0.0769
1985-04-22,0.1004,0.1004,0.0965,0.0965,102592000,0.0739
1985-04-23,0.0988,0.0993,0.0988,0.0988,118294400,0.0756
1985-04-24,0.0988,0.1004,0.0982,0.0982,78937600,0.0751
1985-04-25,0.0982,0.0988,0.0982,0.0982,87628800,0.0751
1985-04-26,0.0982,0.1010,0.0977,0.0977,119705600,0.0747
1985-04-29,0.0977,0.0982,0.0943,0.0943,62204800,0.0722
1985-04-30,0.0949,0.0954,0.0949,0.0949,94729600,0.0726
1985-05-01,0.0949,0.0954,0.0932,0.0932,57344000,0.0713
1985-05-02,0.0921,0.0921,0.0859,0.0859,329772800,0.0658
1985-05-03,0.0859,0.0898,0.0859,0.0893,158121600,0.0683
1985-05-06,0.0893,0.0904,0.0882,0.0882,56134400,0.0675
1985-05-07,0.0893,0.0893,0.0893,0.0893,107609600,0.0683
1985-05-08,0.0887,0.0887,0.0887,0.0887,144390400,0.0679
1985-05-09,0.0893,0.0898,0.0893,0.0893,127075200,0.0683
1985-05-10,0.0893,0.0915,0.0893,0.0904,136080000,0.0692
1985-05-13,0.0904,0.0910,0.0893,0.0893,87225600,0.0683
1985-05-14,0.0893,0.0898,0.0882,0.0882,121744000,0.0675
1985-05-15,0.0893,0.0910,0.0893,0.0893,130435200,0.0683
1985-05-16,0.0954,0.0982,0.0954,0.0954,230540800,0.0730
1985-05-17,0.0954,0.0988,0.0949,0.0971,211859200,0.0743
1985-05-20,0.0971,0.0993,0.0954,0.0954,197187200,0.0730
1985-05-21,0.0949,0.0949,0.0926,0.0926,152544000,0.0709
1985-05-22,0.0926,0.0932,0.0921,0.0921,120556800,0.0705
1985-05-23,0.0915,0.0915,0.0882,0.0882,239164800,0.0675
1985-05-24,0.0882,0.0882,0.0809,0.0809,589478400,0.0619
1985-05-28,0.0798,0.0798,0.0753,0.0753,510966400,0.0576
1985-05-29,0.0765,0.0770,0.0765,0.0765,246556800,0.0585
1985-05-30,0.0787,0.0798,0.0787,0.0787,314921600,0.0602
1985-05-31,0.0787,0.0804,0.0776,0.0776,369420800,0.0594
1985-06-03,0.0759,0.0759,0.0714,0.0714,576016000,0.0547
1985-06-04,0.0770,0.0776,0.0770,0.0770,401923200,0.0589
1985-06-05,0.0770,0.0792,0.0753,0.0753,286406400,0.0576
1985-06-06,0.0759,0.0759,0.0759,0.0759,271196800,0.0581
1985-06-07,0.0759,0.0759,0.0731,0.0731,475238400,0.0559
1985-06-10,0.0731,0.0737,0.0720,0.0720,316131200,0.0551
1985-06-11,0.0720,0.0737,0.0720,0.0720,300720000,0.0551
1985-06-12,0.0720,0.0725,0.0703,0.0703,247990400,0.0538
1985-06-13,0.0703,0.0709,0.0664,0.0664,379523200,0.0508
1985-06-14,0.0664,0.0703,0.0658,0.0658,565667200,0.0504
1985-06-17,0.0664,0.0670,0.0664,0.0664,236342400,0.0508
1985-06-18,0.0681,0.0692,0.0681,0.0681,265216000,0.0521
1985-06-19,0.0698,0.0709,0.0698,0.0698,171987200,0.0534
1985-06-20,0.0703,0.0703,0.0703,0.0703,190803200,0.0538
1985-06-21,0.0720,0.0737,0.0720,0.0720,166140800,0.0551
1985-06-24,0.0770,0.0781,0.0770,0.0770,205766400,0.0589
1985-06-25,0.0781,0.0798,0.0781,0.0781,293910400,0.0598
1985-06-26,0.0809,0.0809,0.0809,0.0809,132204800,0.0619
1985-06-27,0.0820,0.0826,0.0820,0.0820,192460800,0.0628
1985-06-28,0.0820,0.0826,0.0804,0.0804,135744000,0.0615
1985-07-01,0.0809,0.0815,0.0809,0.0809,103443200,0.0619
1985-07-02,0.0809,0.0815,0.0770,0.0770,77728000,0.0589
1985-07-03,0.0781,0.0781,0.0781,0.0781,68499200,0.0598
1985-07-05,0.0787,0.0792,0.0787,0.0787,36579200,0.0602
1985-07-08,0.0787,0.0792,0.0787,0.0787,92220800,0.0602
1985-07-09,0.0787,0.0792,0.0787,0.0787,147907200,0.0602
1985-07-10,0.0804,0.0804,0.0804,0.0804,106041600,0.0615
1985-07-11,0.0804,0.0809,0.0804,0.0804,64892800,0.0615
1985-07-12,0.0804,0.0804,0.0798,0.0798,47040000,0.0611
1985-07-15,0.0798,0.0815,0.0792,0.0792,77683200,0.0606
1985-07-16,0.0792,0.0798,0.0781,0.0781,143360000,0.0598
1985-07-17,0.0787,0.0798,0.0787,0.0787,118182400,0.0602
1985-07-18,0.0787,0.0787,0.0770,0.0770,179065600,0.0589
1985-07-19,0.0776,0.0776,0.0776,0.0776,114912000,0.0594
1985-07-22,0.0776,0.0776,0.0753,0.0753,192304000,0.0576
1985-07-23,0.0753,0.0765,0.0737,0.0737,168694400,0.0564
1985-07-24,0.0737,0.0748,0.0725,0.0725,168716800,0.0555
1985-07-25,0.0742,0.0748,0.0742,0.0742,315078400,0.0568
1985-07-26,0.0742,0.0748,0.0742,0.0742,130524800,0.0568
1985-07-29,0.0742,0.0742,0.0714,0.0714,77750400,0.0547
1985-07-30,0.0725,0.0731,0.0725,0.0725,89465600,0.0555
1985-07-31,0.0725,0.0731,0.0709,0.0709,80505600,0.0542
1985-08-01,0.0709,0.0720,0.0709,0.0709,51564800,0.0542
1985-08-02,0.0709,0.0709,0.0703,0.0703,97417600,0.0538
1985-08-05,0.0703,0.0709,0.0686,0.0686,92332800,0.0525
1985-08-06,0.0686,0.0703,0.0681,0.0681,63078400,0.0521
1985-08-07,0.0681,0.0714,0.0664,0.0664,151737600,0.0508
1985-08-08,0.0675,0.0681,0.0675,0.0675,147772800,0.0517
1985-08-09,0.0681,0.0681,0.0681,0.0681,60950400,0.0521
1985-08-12,0.0681,0.0681,0.0670,0.0670,54992000,0.0512
1985-08-13,0.0681,0.0692,0.0681,0.0681,42380800,0.0521
1985-08-14,0.0681,0.0681,0.0653,0.0653,289900800,0.0500
1985-08-15,0.0653,0.0658,0.0647,0.0647,105190400,0.0495
1985-08-16,0.0653,0.0664,0.0653,0.0653,83753600,0.0500
1985-08-19,0.0670,0.0681,0.0670,0.0670,47868800,0.0512
1985-08-20,0.0681,0.0681,0.0681,0.0681,66953600,0.0521
1985-08-21,0.0681,0.0681,0.0681,0.0681,77011200,0.0521
1985-08-22,0.0681,0.0681,0.0664,0.0664,123312000,0.0508
1985-08-23,0.0664,0.0670,0.0658,0.0658,44016000,0.0504
1985-08-26,0.0675,0.0675,0.0675,0.0675,35660800,0.0517
1985-08-27,0.0681,0.0681,0.0681,0.0681,42918400,0.0521
1985-08-28,0.0681,0.0686,0.0681,0.0681,40947200,0.0521
1985-08-29,0.0681,0.0681,0.0664,0.0664,56112000,0.0508
1985-08-30,0.0670,0.0670,0.0670,0.0670,42873600,0.0512
1985-09-03,0.0670,0.0670,0.0658,0.0658,37452800,0.0504
1985-09-04,0.0664,0.0675,0.0664,0.0664,47555200,0.0508
1985-09-05,0.0664,0.0670,0.0664,0.0664,32816000,0.0508
1985-09-06,0.0670,0.0670,0.0670,0.0670,92803200,0.0512
1985-09-09,0.0681,0.0686,0.0681,0.0681,132316800,0.0521
1985-09-10,0.0686,0.0698,0.0686,0.0686,121766400,0.0525
1985-09-11,0.0692,0.0698,0.0692,0.0692,87091200,0.0529
1985-09-12,0.0720,0.0720,0.0720,0.0720,111171200,0.0551
1985-09-13,0.0720,0.0720,0.0703,0.0703,70537600,0.0538
1985-09-16,0.0703,0.0703,0.0681,0.0681,36982400,0.0521
1985-09-17,0.0681,0.0681,0.0681,0.0681,183747200,0.0521
1985-09-18,0.0725,0.0725,0.0725,0.0725,120086400,0.0555
1985-09-19,0.0759,0.0759,0.0759,0.0759,186323200,0.0581
1985-09-20,0.0759,0.0765,0.0748,0.0748,135228800,0.0572
1985-09-23,0.0753,0.0765,0.0753,0.0753,118585600,0.0576
1985-09-24,0.0753,0.0770,0.0737,0.0737,88099200,0.0564
1985-09-25,0.0737,0.0737,0.0709,0.0709,104496000,0.0542
1985-09-26,0.0709,0.0714,0.0709,0.0709,53491200,0.0542
1985-09-30,0.0709,0.0714,0.0703,0.0703,36646400,0.0538
1985-10-01,0.0703,0.0709,0.0703,0.0703,88345600,0.0538
1985-10-02,0.0703,0.0709,0.0698,0.0698,21504000,0.0534
1985-10-03,0.0698,0.0698,0.0692,0.0692,48921600,0.0529
1985-10-04,0.0692,0.0692,0.0670,0.0670,69529600,0.0512
1985-10-07,0.0670,0.0681,0.0670,0.0670,91929600,0.0512
1985-10-08,0.0675,0.0675,0.0675,0.0675,86979200,0.0517
1985-10-09,0.0675,0.0681,0.0670,0.0670,82812800,0.0512
1985-10-10,0.0709,0.0714,0.0709,0.0709,261744000,0.0542
1985-10-11,0.0714,0.0725,0.0714,0.0714,118294400,0.0547
1985-10-14,0.0742,0.0742,0.0742,0.0742,155187200,0.0568
1985-10-15,0.0759,0.0765,0.0759,0.0759,293888000,0.0581
1985-10-16,0.0804,0.0809,0.0804,0.0804,288444800,0.0615
1985-10-17,0.0815,0.0854,0.0815,0.0815,348185600,0.0623
1985-10-18,0.0815,0.0820,0.0792,0.0792,230428800,0.0606
1985-10-21,0.0792,0.0792,0.0770,0.0770,118876800,0.0589
1985-10-22,0.0804,0.0815,0.0804,0.0804,424547200,0.0615
1985-10-23,0.0804,0.0826,0.0804,0.0804,148377600,0.0615
1985-10-24,0.0820,0.0843,0.0820,0.0820,272630400,0.0628
1985-10-25,0.0820,0.0820,0.0804,0.0804,63280000,0.0615
1985-10-28,0.0804,0.0809,0.0804,0.0804,59472000,0.0615
1985-10-29,0.0804,0.0804,0.0798,0.0798,130883200,0.0611
1985-10-30,0.0848,0.0848,0.0848,0.0848,226576000,0.0649
1985-10-31,0.0848,0.0859,0.0831,0.0831,155075200,0.0636
1985-11-01,0.0831,0.0848,0.0831,0.0831,92556800,0.0636
1985-11-04,0.0837,0.0854,0.0837,0.0837,155724800,0.0640
1985-11-05,0.0837,0.0854,0.0831,0.0831,107542400,0.0636
1985-11-06,0.0859,0.0865,0.0859,0.0859,200457600,0.0658
1985-11-07,0.0876,0.0887,0.0876,0.0876,317139200,0.0670
1985-11-08,0.0915,0.0926,0.0915,0.0915,294112000,0.0700
1985-11-11,0.0915,0.0926,0.0893,0.0893,178774400,0.0683
1985-11-12,0.0893,0.0904,0.0887,0.0887,173644800,0.0679
1985-11-13,0.0887,0.0887,0.0865,0.0865,101561600,0.0662
1985-11-14,0.0893,0.0898,0.0893,0.0893,139507200,0.0683
1985-11-15,0.0893,0.0904,0.0887,0.0887,81580800,0.0679
1985-11-18,0.0887,0.0893,0.0887,0.0887,64556800,0.0679
1985-11-19,0.0887,0.0893,0.0859,0.0859,94326400,0.0658
1985-11-20,0.0859,0.0865,0.0848,0.0848,99075200,0.0649
1985-11-21,0.0848,0.0859,0.0848,0.0848,102950400,0.0649
1985-11-22,0.0848,0.0859,0.0843,0.0848,128755200,0.0649
1985-11-25,0.0848,0.0859,0.0848,0.0854,97193600,0.0653
1985-11-26,0.0854,0.0871,0.0848,0.0865,164460800,0.0662
1985-11-27,0.0865,0.0898,0.0859,0.0893,191721600,0.0683
1985-11-29,0.0893,0.0898,0.0887,0.0898,99030400,0.0687
1985-12-02,0.0898,0.0904,0.0893,0.0904,100195200,0.0692
1985-12-03,0.0904,0.0910,0.0893,0.0898,155075200,0.0687
1985-12-04,0.0898,0.0921,0.0898,0.0915,165110400,0.0700
1985-12-05,0.0915,0.0926,0.0893,0.0898,125148800,0.0687
1985-12-06,0.0898,0.0898,0.0876,0.0882,65452800,0.0675
1985-12-09,0.0882,0.0893,0.0859,0.0865,139865600,0.0662
1985-12-10,0.0865,0.0876,0.0859,0.0871,200905600,0.0666
1985-12-11,0.0871,0.0898,0.0871,0.0882,237619200,0.0675
1985-12-12,0.0887,0.0904,0.0887,0.0893,125260800,0.0683
1985-12-13,0.0893,0.0904,0.0882,0.0893,251148800,0.0683
1985-12-16,0.0893,0.0949,0.0893,0.0932,288915200,0.0713
1985-12-17,0.0932,0.0938,0.0910,0.0921,109065600,0.0705
1985-12-18,0.0954,0.1021,0.0954,0.0993,559798400,0.0760
1985-12-19,0.0993,0.1016,0.0988,0.1004,270121600,0.0769
1985-12-20,0.1004,0.1016,0.0993,0.0999,206035200,0.0764
1985-12-23,0.0999,0.1004,0.0965,0.0977,143225600,0.0747
1985-12-24,0.0977,0.0982,0.0965,0.0971,64601600,0.0743
1985-12-26,0.0971,0.0982,0.0965,0.0971,45852800,0.0743
1985-12-27,0.0971,0.1010,0.0971,0.0999,122886400,0.0764
1985-12-30,0.0999,0.1010,0.0988,0.0993,107676800,0.0760
1985-12-31,0.0993,0.0999,0.0982,0.0982,87248000,0.0751
1986-01-02,0.0982,0.0993,0.0971,0.0993,117420800,0.0760
1986-01-03,0.0993,0.0999,0.0988,0.0999,242166400,0.0764
1986-01-06,0.0999,0.0999,0.0977,0.0993,185046400,0.0760
1986-01-07,0.0993,0.1027,0.0988,0.1027,470534400,0.0786
1986-01-08,0.1027,0.1049,0.1016,0.1021,607600000,0.0781
1986-01-09,0.1021,0.1027,0.0977,0.1010,447238400,0.0773
1986-01-10,0.1010,0.1032,0.1010,0.1016,153238400,0.0777
1986-01-13,0.1016,0.1032,0.1004,0.1027,215420800,0.0786
1986-01-14,0.1027,0.1060,0.1004,0.1038,272697600,0.0794
1986-01-15,0.1038,0.1071,0.1032,0.1066,423472000,0.0816
1986-01-16,0.1066,0.1105,0.1066,0.1094,534777600,0.0837
1986-01-17,0.1094,0.1105,0.1066,0.1071,345385600,0.0820
1986-01-20,0.1071,0.1071,0.1044,0.1066,127411200,0.0816
1986-01-21,0.1066,0.1077,0.1060,0.1071,151961600,0.0820
1986-01-22,0.1071,0.1077,0.0999,0.1044,143001600,0.0798
1986-01-23,0.1044,0.1049,0.1016,0.1027,156419200,0.0786
1986-01-24,0.1027,0.1044,0.1010,0.1010,111977600,0.0773
1986-01-27,0.1010,0.1016,0.0982,0.0988,389580800,0.0756
1986-01-28,0.0988,0.0999,0.0982,0.0993,222297600,0.0760
1986-01-29,0.0993,0.1088,0.0982,0.1055,589568000,0.0807
1986-01-30,0.1049,0.1049,0.1021,0.1027,236880000,0.0786
1986-01-31,0.1027,0.1038,0.1021,0.1032,147705600,0.0790
1986-02-03,0.1032,0.1071,0.1021,0.1066,350022400,0.0816
1986-02-04,0.1066,0.1088,0.1060,0.1060,260176000,0.0811
1986-02-05,0.1060,0.1066,0.1049,0.1060,197164800,0.0811
1986-02-06,0.1060,0.1083,0.1055,0.1077,134220800,0.0824
1986-02-07,0.1077,0.1077,0.1049,0.1071,129404800,0.0820
1986-02-10,0.1071,0.1094,0.1060,0.1066,111843200,0.0816
1986-02-11,0.1066,0.1071,0.1049,0.1066,153462400,0.0816
1986-02-12,0.1066,0.1071,0.1060,0.1071,133056000,0.0820
1986-02-13,0.1071,0.1071,0.1060,0.1066,109379200,0.0816
1986-02-14,0.1066,0.1077,0.1060,0.1060,137513600,0.0811
1986-02-18,0.1060,0.1071,0.1038,0.1066,148108800,0.0816
1986-02-19,0.1066,0.1138,0.1066,0.1116,359676800,0.0854
1986-02-20,0.1116,0.1133,0.1110,0.1122,137916800,0.0858
1986-02-21,0.1122,0.1150,0.1122,0.1127,189078400,0.0863
1986-02-24,0.1127,0.1150,0.1116,0.1150,247116800,0.0880
1986-02-25,0.1150,0.1177,0.1122,0.1177,224739200,0.0901
1986-02-26,0.1177,0.1194,0.1161,0.1161,164729600,0.0888
1986-02-27,0.1161,0.1166,0.1138,0.1144,108124800,0.0875
1986-02-28,0.1144,0.1155,0.1110,0.1116,125126400,0.0854
1986-03-03,0.1116,0.1122,0.1094,0.1099,108819200,0.0841
1986-03-04,0.1099,0.1116,0.1094,0.1099,89107200,0.0841
1986-03-05,0.1099,0.1138,0.1083,0.1127,177027200,0.0863
1986-03-06,0.1127,0.1150,0.1122,0.1133,101337600,0.0867
1986-03-07,0.1133,0.1133,0.1105,0.1105,96185600,0.0845
1986-03-10,0.1105,0.1110,0.1099,0.1099,75488000,0.0841
1986-03-11,0.1099,0.1110,0.1094,0.1110,103062400,0.0850
1986-03-12,0.1110,0.1122,0.1105,0.1105,85680000,0.0845
1986-03-13,0.1105,0.1116,0.1088,0.1105,115964800,0.0845
1986-03-14,0.1105,0.1172,0.1105,0.1166,384854400,0.0892
1986-03-17,0.1161,0.1161,0.1133,0.1161,118720000,0.0888
1986-03-18,0.1161,0.1217,0.1155,0.1200,249356800,0.0918
1986-03-19,0.1200,0.1217,0.1177,0.1183,189884800,0.0905
1986-03-20,0.1250,0.1323,0.1250,0.1261,904131200,0.0965
1986-03-21,0.1261,0.1283,0.1228,0.1233,260377600,0.0944
1986-03-24,0.1233,0.1233,0.1177,0.1194,294313600,0.0914
1986-03-25,0.1194,0.1244,0.1194,0.1244,281075200,0.0952
1986-03-26,0.1244,0.1283,0.1244,0.1261,222140800,0.0965
1986-03-27,0.1261,0.1295,0.1261,0.1261,219004800,0.0965
1986-03-31,0.1261,0.1272,0.1250,0.1261,187801600,0.0965
1986-04-01,0.1261,0.1261,0.1205,0.1217,222723200,0.0931
1986-04-02,0.1217,0.1222,0.1172,0.1217,325292800,0.0931
1986-04-03,0.1217,0.1233,0.1200,0.1205,211075200,0.0922
1986-04-04,0.1205,0.1205,0.1189,0.1194,125955200,0.0914
1986-04-07,0.1194,0.1228,0.1172,0.1217,120131200,0.0931
1986-04-08,0.1217,0.1239,0.1217,0.1233,193222400,0.0944
1986-04-09,0.1233,0.1239,0.1200,0.1211,135318400,0.0927
1986-04-10,0.1211,0.1222,0.1200,0.1217,109984000,0.0931
1986-04-11,0.1217,0.1228,0.1205,0.1205,75667200,0.0922
1986-04-14,0.1205,0.1217,0.1194,0.1200,84963200,0.0918
1986-04-15,0.1200,0.1228,0.1200,0.1222,131398400,0.0935
1986-04-16,0.1222,0.1272,0.1222,0.1261,210828800,0.0965
1986-04-17,0.1261,0.1300,0.1250,0.1295,270099200,0.0991
1986-04-18,0.1295,0.1334,0.1283,0.1328,247676800,0.1016
1986-04-21,0.1334,0.1373,0.1334,0.1356,273548800,0.1038
1986-04-22,0.1356,0.1395,0.1323,0.1334,327868800,0.1021
1986-04-23,0.1334,0.1356,0.1311,0.1323,261475200,0.1012
1986-04-24,0.1323,0.1406,0.1317,0.1401,458371200,0.1072
1986-04-25,0.1401,0.1456,0.1401,0.1440,261072000,0.1102
1986-04-28,0.1440,0.1462,0.1417,0.1429,145532800,0.1093
1986-04-29,0.1429,0.1440,0.1200,0.1395,132697600,0.1067
1986-04-30,0.1395,0.1412,0.1350,0.1350,137782400,0.1033
1986-05-01,0.1350,0.1350,0.1328,0.1350,257936000,0.1033
1986-05-02,0.1350,0.1384,0.1345,0.1362,93587200,0.1042
1986-05-05,0.1362,0.1451,0.1362,0.1434,149340800,0.1097
1986-05-06,0.1440,0.1484,0.1440,0.1456,218534400,0.1114
1986-05-07,0.1456,0.1468,0.1395,0.1406,198800000,0.1076
1986-05-08,0.1406,0.1479,0.1406,0.1473,233363200,0.1127
1986-05-09,0.1473,0.1501,0.1462,0.1490,222499200,0.1140
1986-05-12,0.1490,0.1635,0.1484,0.1624,400422400,0.1243
1986-05-13,0.1624,0.1629,0.1574,0.1607,471766400,0.1230
1986-05-14,0.1607,0.1669,0.1607,0.1646,482988800,0.1260
1986-05-15,0.1646,0.1652,0.1590,0.1607,222544000,0.1230
1986-05-16,0.1607,0.1618,0.1568,0.1607,319244800,0.1230
1986-05-19,0.1607,0.1629,0.1585,0.1590,209507200,0.1217
1986-05-20,0.1590,0.1590,0.1529,0.1579,245795200,0.1208
1986-05-21,0.1579,0.1663,0.1563,0.1652,346729600,0.1264
1986-05-22,0.1652,0.1674,0.1596,0.1641,220505600,0.1255
1986-05-23,0.1641,0.1657,0.1624,0.1652,139843200,0.1264
1986-05-27,0.1652,0.1652,0.1624,0.1646,84649600,0.1260
1986-05-28,0.1646,0.1674,0.1641,0.1663,207132800,0.1272
1986-05-29,0.1663,0.1663,0.1629,0.1652,101427200,0.1264
1986-05-30,0.1652,0.1663,0.1629,0.1652,127433600,0.1264
1986-06-02,0.1652,0.1669,0.1641,0.1657,199248000,0.1268
1986-06-03,0.1657,0.1702,0.1657,0.1691,325897600,0.1294
1986-06-04,0.1691,0.1735,0.1685,0.1730,300652800,0.1324
1986-06-05,0.1730,0.1747,0.1719,0.1735,147884800,0.1328
1986-06-06,0.1735,0.1735,0.1674,0.1685,177363200,0.1290
1986-06-09,0.1685,0.1691,0.1602,0.1607,247027200,0.1230
1986-06-10,0.1607,0.1607,0.1568,0.1607,246892800,0.1230
1986-06-11,0.1607,0.1618,0.1585,0.1613,186860800,0.1234
1986-06-12,0.1613,0.1624,0.1607,0.1607,129091200,0.1230
1986-06-13,0.1607,0.1624,0.1574,0.1624,143001600,0.1243
1986-06-16,0.1624,0.1646,0.1590,0.1602,173600000,0.1225
1986-06-17,0.1602,0.1607,0.1518,0.1529,222051200,0.1170
1986-06-18,0.1529,0.1551,0.1451,0.1529,429654400,0.1170
1986-06-19,0.1529,0.1596,0.1512,0.1563,344646400,0.1196
1986-06-20,0.1563,0.1613,0.1563,0.1607,161302400,0.1230
1986-06-23,0.1607,0.1618,0.1546,0.1551,116323200,0.1187
1986-06-24,0.1551,0.1568,0.1535,0.1557,141993600,0.1191
1986-06-25,0.1563,0.1607,0.1563,0.1602,131980800,0.1225
1986-06-26,0.1602,0.1624,0.1585,0.1618,116928000,0.1238
1986-06-27,0.1618,0.1641,0.1585,0.1602,50198400,0.1225
1986-06-30,0.1602,0.1618,0.1596,0.1602,70761600,0.1225
1986-07-01,0.1602,0.1613,0.1551,0.1579,87718400,0.1208
1986-07-02,0.1579,0.1618,0.1579,0.1613,144838400,0.1234
1986-07-03,0.1613,0.1685,0.1590,0.1680,181171200,0.1285
1986-07-07,0.1680,0.1685,0.1579,0.1590,181820800,0.1217
1986-07-08,0.1574,0.1574,0.1523,0.1529,273683200,0.1170
1986-07-09,0.1529,0.1551,0.1518,0.1546,365120000,0.1183
1986-07-10,0.1551,0.1579,0.1546,0.1579,208566400,0.1208
1986-07-11,0.1579,0.1685,0.1574,0.1657,224000000,0.1268
1986-07-14,0.1657,0.1669,0.1618,0.1618,237440000,0.1238
1986-07-15,0.1563,0.1563,0.1529,0.1557,297920000,0.1191
1986-07-16,0.1585,0.1590,0.1462,0.1496,539840000,0.1144
1986-07-17,0.1496,0.1507,0.1434,0.1440,250880000,0.1102
1986-07-18,0.1440,0.1451,0.1395,0.1417,309120000,0.1085
1986-07-21,0.1473,0.1507,0.1462,0.1496,228480000,0.1144
1986-07-22,0.1496,0.1546,0.1484,0.1546,239680000,0.1183
1986-07-23,0.1546,0.1546,0.1523,0.1523,179491200,0.1166
1986-07-24,0.1529,0.1535,0.1473,0.1479,144569600,0.1132
1986-07-25,0.1479,0.1518,0.1473,0.1518,217459200,0.1161
1986-07-28,0.1512,0.1518,0.1440,0.1445,246400000,0.1106
1986-07-29,0.1440,0.1440,0.1373,0.1395,595840000,0.1067
1986-07-30,0.1395,0.1406,0.1339,0.1362,255360000,0.1042
1986-07-31,0.1362,0.1406,0.1362,0.1395,282240000,0.1067
1986-08-01,0.1390,0.1417,0.1390,0.1401,150080000,0.1072
1986-08-04,0.1401,0.1406,0.1367,0.1406,130166400,0.1076
1986-08-05,0.1412,0.1445,0.1406,0.1434,117891200,0.1097
1986-08-06,0.1434,0.1434,0.1384,0.1390,185203200,0.1063
1986-08-07,0.1390,0.1456,0.1390,0.1417,173398400,0.1085
1986-08-08,0.1423,0.1445,0.1412,0.1412,110140800,0.1080
1986-08-11,0.1423,0.1496,0.1417,0.1496,183433600,0.1144
1986-08-12,0.1490,0.1535,0.1490,0.1529,244160000,0.1170
1986-08-13,0.1529,0.1618,0.1529,0.1607,454720000,0.1230
1986-08-14,0.1607,0.1652,0.1607,0.1607,230720000,0.1230
1986-08-15,0.1613,0.1629,0.1590,0.1596,137177600,0.1221
1986-08-18,0.1596,0.1602,0.1563,0.1579,147347200,0.1208
1986-08-19,0.1568,0.1585,0.1546,0.1579,137782400,0.1208
1986-08-20,0.1574,0.1629,0.1574,0.1618,171315200,0.1238
1986-08-21,0.1613,0.1624,0.1596,0.1596,194656000,0.1221
1986-08-22,0.1602,0.1635,0.1602,0.1618,115718400,0.1238
1986-08-25,0.1629,0.1646,0.1624,0.1624,126403200,0.1243
1986-08-26,0.1624,0.1646,0.1624,0.1635,131241600,0.1251
1986-08-27,0.1635,0.1652,0.1618,0.1652,147033600,0.1264
1986-08-28,0.1652,0.1696,0.1646,0.1685,219699200,0.1290
1986-08-29,0.1680,0.1696,0.1646,0.1652,135228800,0.1264
1986-09-02,0.1657,0.1657,0.1551,0.1551,232960000,0.1187
1986-09-03,0.1551,0.1557,0.1523,0.1551,117488000,0.1187
1986-09-04,0.1563,0.1585,0.1551,0.1585,198800000,0.1213
1986-09-05,0.1590,0.1602,0.1563,0.1568,98492800,0.1200
1986-09-08,0.1563,0.1563,0.1501,0.1551,126201600,0.1187
1986-09-09,0.1546,0.1607,0.1546,0.1596,150774400,0.1221
1986-09-10,0.1590,0.1602,0.1551,0.1563,75667200,0.1196
1986-09-11,0.1546,0.1551,0.1451,0.1456,134355200,0.1114
1986-09-12,0.1451,0.1462,0.1417,0.1417,228480000,0.1085
1986-09-15,0.1440,0.1479,0.1429,0.1479,222723200,0.1132
1986-09-16,0.1479,0.1568,0.1451,0.1557,246400000,0.1191
1986-09-17,0.1557,0.1563,0.1529,0.1529,116860800,0.1170
1986-09-18,0.1529,0.1540,0.1507,0.1518,99030400,0.1161
1986-09-19,0.1507,0.1512,0.1484,0.1501,127612800,0.1149
1986-09-22,0.1496,0.1579,0.1496,0.1574,239680000,0.1204
1986-09-23,0.1574,0.1618,0.1568,0.1613,338240000,0.1234
1986-09-24,0.1613,0.1624,0.1518,0.1568,176870400,0.1200
1986-09-25,0.1568,0.1574,0.1501,0.1540,187801600,0.1178
1986-09-26,0.1523,0.1535,0.1512,0.1529,70022400,0.1170
1986-09-29,0.1501,0.1512,0.1412,0.1451,208947200,0.1110
1986-09-30,0.1468,0.1512,0.1456,0.1496,180790400,0.1144
1986-10-01,0.1490,0.1540,0.1490,0.1523,138588800,0.1166
1986-10-02,0.1507,0.1535,0.1496,0.1523,94819200,0.1166
1986-10-03,0.1535,0.1551,0.1490,0.1507,138745600,0.1153
1986-10-06,0.1507,0.1529,0.1501,0.1523,94505600,0.1166
1986-10-07,0.1518,0.1523,0.1468,0.1473,127993600,0.1127
1986-10-08,0.1468,0.1473,0.1440,0.1462,111574400,0.1119
1986-10-09,0.1462,0.1484,0.1456,0.1473,77952000,0.1127
1986-10-10,0.1468,0.1490,0.1445,0.1484,58531200,0.1136
1986-10-13,0.1479,0.1546,0.1473,0.1546,99680000,0.1183
1986-10-14,0.1546,0.1574,0.1507,0.1518,199337600,0.1161
1986-10-15,0.1496,0.1496,0.1462,0.1490,205408000,0.1140
1986-10-16,0.1490,0.1512,0.1484,0.1501,135766400,0.1149
1986-10-17,0.1507,0.1518,0.1490,0.1501,151872000,0.1149
1986-10-20,0.1496,0.1501,0.1468,0.1468,148982400,0.1123
1986-10-21,0.1473,0.1473,0.1456,0.1462,113724800,0.1119
1986-10-22,0.1462,0.1468,0.1440,0.1451,94483200,0.1110
1986-10-23,0.1451,0.1479,0.1451,0.1479,123132800,0.1132
1986-10-24,0.1479,0.1484,0.1462,0.1473,75331200,0.1127
1986-10-27,0.1496,0.1518,0.1484,0.1518,151200000,0.1161
1986-10-28,0.1518,0.1523,0.1473,0.1490,142240000,0.1140
1986-10-29,0.1496,0.1496,0.1479,0.1490,85433600,0.1140
1986-10-30,0.1496,0.1551,0.1490,0.1529,293440000,0.1170
1986-10-31,0.1529,0.1557,0.1529,0.1546,121296000,0.1183
1986-11-03,0.1551,0.1568,0.1546,0.1563,151827200,0.1196
1986-11-04,0.1557,0.1602,0.1512,0.1596,246400000,0.1221
1986-11-05,0.1596,0.1657,0.1585,0.1652,624960000,0.1264
1986-11-06,0.1635,0.1646,0.1596,0.1613,331520000,0.1234
1986-11-07,0.1607,0.1613,0.1557,0.1596,143158400,0.1221
1986-11-10,0.1602,0.1602,0.1568,0.1579,105884800,0.1208
1986-11-11,0.1585,0.1596,0.1574,0.1585,50176000,0.1213
1986-11-12,0.1596,0.1635,0.1590,0.1635,130995200,0.1251
1986-11-13,0.1629,0.1629,0.1585,0.1585,137513600,0.1213
1986-11-14,0.1585,0.1585,0.1557,0.1574,135116800,0.1204
1986-11-17,0.1574,0.1652,0.1563,0.1624,141680000,0.1243
1986-11-18,0.1624,0.1641,0.1568,0.1579,170060800,0.1208
1986-11-19,0.1568,0.1574,0.1540,0.1563,302400000,0.1196
1986-11-20,0.1557,0.1579,0.1557,0.1574,295680000,0.1204
1986-11-21,0.1574,0.1618,0.1568,0.1607,286720000,0.1230
1986-11-24,0.1618,0.1702,0.1607,0.1696,376320000,0.1298
1986-11-25,0.1696,0.1802,0.1696,0.1797,848960000,0.1375
1986-11-26,0.1791,0.1842,0.1786,0.1808,506240000,0.1383
1986-11-28,0.1808,0.1814,0.1769,0.1786,220550400,0.1366
1986-12-01,0.1786,0.1791,0.1747,0.1791,347200000,0.1371
1986-12-02,0.1808,0.1864,0.1786,0.1853,369600000,0.1418
1986-12-03,0.1858,0.1920,0.1853,0.1908,336000000,0.1460
1986-12-04,0.1903,0.1908,0.1875,0.1897,268800000,0.1452
1986-12-05,0.1903,0.1953,0.1897,0.1953,262080000,0.1494
1986-12-08,0.1948,0.1959,0.1892,0.1897,347200000,0.1452
1986-12-09,0.1892,0.1903,0.1836,0.1892,302400000,0.1447
1986-12-10,0.1892,0.1953,0.1875,0.1942,244160000,0.1486
1986-12-11,0.1948,0.1959,0.1903,0.1914,226240000,0.1465
1986-12-12,0.1914,0.1920,0.1842,0.1842,180118400,0.1409
1986-12-15,0.1830,0.1864,0.1802,0.1864,209059200,0.1426
1986-12-16,0.1858,0.1897,0.1858,0.1897,151939200,0.1452
1986-12-17,0.1892,0.1897,0.1825,0.1842,151110400,0.1409
1986-12-18,0.1836,0.1869,0.1819,0.1847,175056000,0.1413
1986-12-19,0.1847,0.1897,0.1847,0.1881,199091200,0.1439
1986-12-22,0.1875,0.1897,0.1864,0.1881,164371200,0.1439
1986-12-23,0.1886,0.1892,0.1869,0.1881,244160000,0.1439
1986-12-24,0.1875,0.1881,0.1858,0.1869,95760000,0.1430
1986-12-26,0.1869,0.1869,0.1830,0.1830,89868800,0.1401
1986-12-29,0.1830,0.1836,0.1797,0.1808,117644800,0.1383
1986-12-30,0.1808,0.1853,0.1802,0.1830,148153600,0.1401
1986-12-31,0.1830,0.1847,0.1802,0.1808,132563200,0.1383
1987-01-02,0.1802,0.1836,0.1791,0.1825,120870400,0.1396
1987-01-05,0.1842,0.1931,0.1830,0.1920,239680000,0.1469
1987-01-06,0.1925,0.1964,0.1903,0.1953,324800000,0.1494
1987-01-07,0.1959,0.2003,0.1948,0.1998,434560000,0.1529
1987-01-08,0.1998,0.2015,0.1987,0.1998,291200000,0.1529
1987-01-09,0.1998,0.2042,0.1981,0.2026,239680000,0.1550
1987-01-12,0.2031,0.2042,0.1998,0.2031,232960000,0.1554
1987-01-13,0.2015,0.2026,0.1992,0.1992,211724800,0.1524
1987-01-14,0.1992,0.2154,0.1987,0.2148,504000000,0.1644
1987-01-15,0.2154,0.2294,0.2143,0.2227,546560000,0.1704
1987-01-16,0.2232,0.2232,0.2132,0.2176,407680000,0.1665
1987-01-19,0.2176,0.2372,0.2137,0.2372,362880000,0.1815
1987-01-20,0.2455,0.2489,0.2299,0.2305,775040000,0.1763
1987-01-21,0.2271,0.2282,0.2188,0.2188,533120000,0.1674
1987-01-22,0.2182,0.2349,0.2165,0.2344,472640000,0.1793
1987-01-23,0.2344,0.2366,0.2243,0.2243,459200000,0.1716
1987-01-26,0.2232,0.2254,0.2210,0.2221,351680000,0.1699
1987-01-27,0.2232,0.2372,0.2227,0.2355,378560000,0.1802
1987-01-28,0.2366,0.2489,0.2327,0.2472,414400000,0.1892
1987-01-29,0.2494,0.2556,0.2383,0.2416,557760000,0.1849
1987-01-30,0.2411,0.2494,0.2349,0.2478,409920000,0.1896
1987-02-02,0.2478,0.2500,0.2422,0.2494,246400000,0.1909
1987-02-03,0.2500,0.2506,0.2444,0.2478,178617600,0.1896
1987-02-04,0.2478,0.2478,0.2427,0.2455,217840000,0.1879
1987-02-05,0.2455,0.2461,0.2372,0.2405,340480000,0.1840
1987-02-06,0.2411,0.2411,0.2360,0.2411,293440000,0.1845
1987-02-09,0.2360,0.2383,0.2333,0.2349,157001600,0.1798
1987-02-10,0.2344,0.2355,0.2305,0.2355,166790400,0.1802
1987-02-11,0.2366,0.2533,0.2355,0.2522,342720000,0.1930
1987-02-12,0.2545,0.2673,0.2545,0.2617,710080000,0.2003
1987-02-13,0.2617,0.2790,0.2589,0.2773,510720000,0.2122
1987-02-17,0.2773,0.2969,0.2762,0.2963,409920000,0.2267
1987-02-18,0.2974,0.3008,0.2829,0.2835,470400000,0.2169
1987-02-19,0.2835,0.2835,0.2757,0.2785,313600000,0.2131
1987-02-20,0.2785,0.2790,0.2706,0.2734,190646400,0.2092
1987-02-23,0.2718,0.2868,0.2662,0.2818,351680000,0.2156
1987-02-24,0.2824,0.2946,0.2818,0.2924,356160000,0.2237
1987-02-25,0.2924,0.3103,0.2885,0.3086,454720000,0.2361
1987-02-26,0.3103,0.3186,0.3036,0.3086,499520000,0.2361
1987-02-27,0.3086,0.3170,0.3025,0.3125,405440000,0.2391
1987-03-02,0.3136,0.3147,0.2991,0.3013,396480000,0.2306
1987-03-03,0.3013,0.3041,0.2891,0.2902,436800000,0.2220
1987-03-04,0.2935,0.3047,0.2919,0.3019,448000000,0.2310
1987-03-05,0.3013,0.3080,0.3002,0.3058,338240000,0.2340
1987-03-06,0.3002,0.3052,0.2980,0.3002,176377600,0.2297
1987-03-09,0.2969,0.2980,0.2879,0.2885,255360000,0.2208
1987-03-10,0.2879,0.2985,0.2879,0.2980,244160000,0.2280
1987-03-11,0.3002,0.3036,0.2958,0.2958,218467200,0.2263
1987-03-12,0.2946,0.2958,0.2840,0.2913,302400000,0.2229
1987-03-13,0.2913,0.2946,0.2835,0.2835,197612800,0.2169
1987-03-16,0.2835,0.2913,0.2790,0.2913,246400000,0.2229
1987-03-17,0.2924,0.3036,0.2902,0.2991,244160000,0.2289
1987-03-18,0.3002,0.3013,0.2891,0.2946,302400000,0.2254
1987-03-19,0.2935,0.3058,0.2924,0.3052,206729600,0.2336
1987-03-20,0.3047,0.3114,0.3047,0.3047,347200000,0.2331
1987-03-23,0.3036,0.3047,0.2958,0.3013,246400000,0.2306
1987-03-24,0.3025,0.3058,0.2958,0.2958,268800000,0.2263
1987-03-25,0.2969,0.2991,0.2913,0.2980,273280000,0.2280
1987-03-26,0.2980,0.3025,0.2969,0.3002,143024000,0.2297
1987-03-27,0.3002,0.3013,0.2891,0.2902,133907200,0.2220
1987-03-30,0.2835,0.2868,0.2779,0.2790,259840000,0.2135
1987-03-31,0.2779,0.2891,0.2779,0.2879,273280000,0.2203
1987-04-01,0.2813,0.2991,0.2785,0.2980,217862400,0.2280
1987-04-02,0.3047,0.3203,0.2991,0.3203,777280000,0.2451
1987-04-03,0.3192,0.3209,0.3136,0.3203,539840000,0.2451
1987-04-06,0.3192,0.3248,0.3092,0.3125,288960000,0.2391
1987-04-07,0.3114,0.3136,0.3025,0.3025,259840000,0.2314
1987-04-08,0.3025,0.3136,0.3013,0.3080,230720000,0.2357
1987-04-09,0.3069,0.3192,0.3025,0.3170,237440000,0.2425
1987-04-10,0.3181,0.3192,0.3114,0.3136,217840000,0.2400
1987-04-13,0.3125,0.3136,0.3013,0.3013,142217600,0.2306
1987-04-14,0.2980,0.3114,0.2969,0.3036,407680000,0.2323
1987-04-15,0.3103,0.3170,0.3069,0.3170,349440000,0.2425
1987-04-16,0.3181,0.3270,0.3170,0.3192,347200000,0.2442
1987-04-20,0.3192,0.3248,0.3158,0.3175,149161600,0.2430
1987-04-21,0.3136,0.3348,0.3103,0.3337,432320000,0.2553
1987-04-22,0.3421,0.3438,0.3304,0.3315,403200000,0.2536
1987-04-23,0.3315,0.3449,0.3315,0.3393,304640000,0.2596
1987-04-24,0.3382,0.3415,0.3326,0.3337,255360000,0.2553
1987-04-27,0.3315,0.3359,0.3270,0.3348,383040000,0.2562
1987-04-28,0.3382,0.3477,0.3371,0.3438,324800000,0.2630
1987-04-29,0.3449,0.3560,0.3438,0.3471,291200000,0.2656
1987-04-30,0.3482,0.3571,0.3471,0.3538,253120000,0.2707
1987-05-01,0.3549,0.3571,0.3516,0.3571,132720000,0.2733
1987-05-04,0.3549,0.3583,0.3527,0.3560,142105600,0.2724
1987-05-05,0.3571,0.3605,0.3482,0.3583,230720000,0.2741
1987-05-06,0.3594,0.3672,0.3538,0.3571,286720000,0.2733
1987-05-07,0.3560,0.3616,0.3560,0.3583,180790400,0.2741
1987-05-08,0.3594,0.3616,0.3527,0.3527,184732800,0.2699
1987-05-11,0.3438,0.3549,0.3426,0.3438,197276800,0.2634
1987-05-12,0.3393,0.3415,0.3348,0.3371,259840000,0.2583
1987-05-13,0.3382,0.3510,0.3371,0.3504,311360000,0.2686
1987-05-14,0.3493,0.3549,0.3493,0.3538,148489600,0.2711
1987-05-15,0.3538,0.3538,0.3482,0.3493,145958400,0.2677
1987-05-18,0.3493,0.3504,0.3371,0.3382,241920000,0.2591
1987-05-19,0.3382,0.3382,0.3242,0.3270,239680000,0.2506
1987-05-20,0.3259,0.3348,0.3237,0.3326,288960000,0.2549
1987-05-21,0.3337,0.3382,0.3326,0.3326,173801600,0.2549
1987-05-22,0.3348,0.3371,0.3292,0.3309,97104000,0.2536
1987-05-26,0.3326,0.3482,0.3304,0.3482,152252800,0.2668
1987-05-27,0.3482,0.3583,0.3460,0.3549,180700800,0.2720
1987-05-28,0.3549,0.3583,0.3504,0.3571,151222400,0.2737
1987-05-29,0.3583,0.3594,0.3527,0.3527,92601600,0.2703
1987-06-01,0.3549,0.3549,0.3460,0.3471,83305600,0.2660
1987-06-02,0.3460,0.3482,0.3438,0.3449,137491200,0.2643
1987-06-03,0.3449,0.3549,0.3449,0.3471,171315200,0.2660
1987-06-04,0.3482,0.3516,0.3438,0.3504,153596800,0.2686
1987-06-05,0.3516,0.3516,0.3471,0.3471,130928000,0.2660
1987-06-08,0.3471,0.3482,0.3426,0.3471,201846400,0.2660
1987-06-09,0.3460,0.3549,0.3460,0.3504,127052800,0.2686
1987-06-10,0.3516,0.3583,0.3482,0.3504,146227200,0.2686
1987-06-11,0.3504,0.3571,0.3482,0.3527,125372800,0.2703
1987-06-12,0.3527,0.3560,0.3516,0.3527,101763200,0.2703
1987-06-15,0.3527,0.3549,0.3460,0.3504,259840000,0.2686
1987-06-16,0.3705,0.3728,0.3393,0.3705,342720000,0.2840
1987-06-17,0.3705,0.3795,0.3571,0.3616,297920000,0.2771
1987-06-18,0.3594,0.3728,0.3527,0.3705,229600000,0.2840
1987-06-19,0.3705,0.3728,0.3605,0.3661,125440000,0.2805
1987-06-22,0.3683,0.3772,0.3650,0.3750,169120000,0.2874
1987-06-23,0.3750,0.3761,0.3638,0.3683,80852800,0.2822
1987-06-24,0.3705,0.3862,0.3616,0.3750,118720000,0.2874
1987-06-25,0.3750,0.3795,0.3616,0.3616,120960000,0.2771
1987-06-26,0.3638,0.3705,0.3571,0.3616,127680000,0.2771
1987-06-29,0.3616,0.3638,0.3571,0.3638,101304000,0.2788
1987-06-30,0.3616,0.3661,0.3549,0.3616,144480000,0.2771
1987-07-01,0.3638,0.3638,0.3549,0.3571,94830400,0.2737
1987-07-02,0.3571,0.3661,0.3549,0.3627,81558400,0.2780
1987-07-06,0.3638,0.3728,0.3616,0.3638,85489600,0.2788
1987-07-07,0.3616,0.3661,0.3460,0.3504,203840000,0.2686
1987-07-08,0.3504,0.3504,0.3259,0.3326,341600000,0.2549
1987-07-09,0.3326,0.3460,0.3326,0.3371,239680000,0.2583
1987-07-10,0.3393,0.3504,0.3371,0.3393,156800000,0.2600
1987-07-13,0.3482,0.3638,0.3460,0.3616,255360000,0.2771
1987-07-14,0.3661,0.3839,0.3661,0.3839,257600000,0.2942
1987-07-15,0.3839,0.3996,0.3772,0.3929,271040000,0.3011
1987-07-16,0.3929,0.3929,0.3862,0.3929,94584000,0.3011
1987-07-17,0.3951,0.3996,0.3817,0.3862,92198400,0.2959
1987-07-20,0.3839,0.3862,0.3705,0.3728,124320000,0.2857
1987-07-21,0.3750,0.3795,0.3683,0.3694,110992000,0.2831
1987-07-22,0.3705,0.3817,0.3683,0.3795,60928000,0.2908
1987-07-23,0.3839,0.3884,0.3616,0.3728,74737600,0.2857
1987-07-24,0.3705,0.3817,0.3705,0.3795,117600000,0.2908
1987-07-27,0.3795,0.3839,0.3750,0.3772,56638400,0.2891
1987-07-28,0.3795,0.3817,0.3728,0.3739,74289600,0.2865
1987-07-29,0.3750,0.3750,0.3616,0.3661,98828800,0.2805
1987-07-30,0.3661,0.3705,0.3638,0.3705,104294400,0.2840
1987-07-31,0.3683,0.3750,0.3683,0.3683,73046400,0.2822
1987-08-03,0.3661,0.3705,0.3594,0.3594,63358400,0.2754
1987-08-04,0.3616,0.3772,0.3571,0.3772,120960000,0.2891
1987-08-05,0.3772,0.3884,0.3750,0.3862,129920000,0.2959
1987-08-06,0.3862,0.4174,0.3817,0.4129,252000000,0.3165
1987-08-07,0.4129,0.4219,0.4107,0.4152,152320000,0.3182
1987-08-10,0.4308,0.4308,0.4085,0.4308,77996800,0.3306
1987-08-11,0.4420,0.4487,0.4353,0.4420,271040000,0.3391
1987-08-12,0.4420,0.4442,0.4308,0.4353,161280000,0.3340
1987-08-13,0.4353,0.4487,0.4330,0.4375,196000000,0.3357
1987-08-14,0.4330,0.4464,0.4286,0.4375,104854400,0.3357
1987-08-17,0.4420,0.4464,0.4353,0.4420,145600000,0.3391
1987-08-18,0.4397,0.4420,0.4308,0.4353,237440000,0.3340
1987-08-19,0.4420,0.4464,0.4375,0.4464,66875200,0.3426
1987-08-20,0.4487,0.4688,0.4442,0.4621,175840000,0.3545
1987-08-21,0.4621,0.4799,0.4598,0.4732,140000000,0.3631
1987-08-24,0.4732,0.4777,0.4665,0.4665,120960000,0.3580
1987-08-25,0.4710,0.4754,0.4643,0.4643,136640000,0.3563
1987-08-26,0.4732,0.4777,0.4643,0.4643,196000000,0.3563
1987-08-27,0.4665,0.4710,0.4598,0.4643,124320000,0.3563
1987-08-28,0.4643,0.4688,0.4598,0.4643,95816000,0.3563
1987-08-31,0.4665,0.4844,0.4621,0.4821,150080000,0.3700
1987-09-01,0.4888,0.4933,0.4688,0.4688,138880000,0.3597
1987-09-02,0.4643,0.4754,0.4531,0.4643,229600000,0.3563
1987-09-03,0.4688,0.4710,0.4487,0.4576,184800000,0.3511
1987-09-04,0.4576,0.4621,0.4464,0.4509,108438400,0.3460
1987-09-08,0.4487,0.4509,0.4330,0.4453,175840000,0.3417
1987-09-09,0.4487,0.4732,0.4420,0.4710,157920000,0.3614
1987-09-10,0.4754,0.4866,0.4743,0.4799,140000000,0.3682
1987-09-11,0.4821,0.4955,0.4710,0.4866,124320000,0.3734
1987-09-14,0.4888,0.4933,0.4710,0.4732,81905600,0.3631
1987-09-15,0.4732,0.4732,0.4598,0.4621,104608000,0.3545
1987-09-16,0.4621,0.4699,0.4576,0.4621,168000000,0.3545
1987-09-17,0.4643,0.4665,0.4554,0.4643,66796800,0.3563
1987-09-18,0.4643,0.4665,0.4587,0.4621,71198400,0.3545
1987-09-21,0.4621,0.4710,0.4487,0.4487,128800000,0.3443
1987-09-22,0.4509,0.4844,0.4487,0.4833,153440000,0.3708
1987-09-23,0.4833,0.5000,0.4799,0.4933,254576000,0.3785
1987-09-24,0.4933,0.5167,0.4933,0.5045,182560000,0.3871
1987-09-25,0.5067,0.5179,0.5045,0.5134,106523200,0.3939
1987-09-28,0.5134,0.5246,0.4955,0.4978,203840000,0.3819
1987-09-29,0.5000,0.5000,0.4844,0.4866,171360000,0.3734
1987-09-30,0.4844,0.5089,0.4844,0.5045,122080000,0.3871
1987-10-01,0.5067,0.5246,0.5045,0.5201,116480000,0.3991
1987-10-02,0.5201,0.5246,0.5134,0.5223,96499200,0.4008
1987-10-05,0.5223,0.5335,0.5156,0.5290,134400000,0.4059
1987-10-06,0.5313,0.5313,0.4955,0.4978,201600000,0.3819
1987-10-07,0.4955,0.4978,0.4844,0.4955,224000000,0.3802
1987-10-08,0.4955,0.5000,0.4754,0.4844,164640000,0.3717
1987-10-09,0.4844,0.4955,0.4821,0.4833,145600000,0.3708
1987-10-12,0.4844,0.4855,0.4621,0.4754,199360000,0.3648
1987-10-13,0.4866,0.4888,0.4754,0.4866,162400000,0.3734
1987-10-14,0.4799,0.4821,0.4643,0.4754,258720000,0.3648
1987-10-15,0.4754,0.4866,0.4621,0.4643,348320000,0.3563
1987-10-16,0.4665,0.4732,0.4241,0.4308,420000000,0.3306
1987-10-19,0.4308,0.4308,0.3170,0.3259,476000000,0.2501
1987-10-20,0.3438,0.3750,0.2913,0.3080,568960000,0.2364
1987-10-21,0.3438,0.3750,0.3393,0.3616,534240000,0.2775
1987-10-22,0.3504,0.3616,0.3214,0.3281,385280000,0.2518
1987-10-23,0.3192,0.3259,0.3058,0.3170,198240000,0.2432
1987-10-26,0.3080,0.3125,0.2467,0.2500,313600000,0.1918
1987-10-27,0.2634,0.2879,0.2589,0.2701,455840000,0.2072
1987-10-28,0.2746,0.3013,0.2612,0.2991,418880000,0.2295
1987-10-29,0.3058,0.3571,0.2879,0.3527,331520000,0.2706
1987-10-30,0.3571,0.3839,0.3438,0.3449,421120000,0.2646
1987-11-02,0.3460,0.3527,0.3348,0.3460,188160000,0.2655
1987-11-03,0.3393,0.3438,0.3058,0.3237,313600000,0.2484
1987-11-04,0.3170,0.3326,0.3103,0.3214,234080000,0.2466
1987-11-05,0.3237,0.3460,0.3237,0.3393,255360000,0.2603
1987-11-06,0.3415,0.3527,0.3304,0.3371,187040000,0.2586
1987-11-09,0.3304,0.3348,0.3237,0.3326,210560000,0.2552
1987-11-10,0.3259,0.3348,0.3214,0.3237,231840000,0.2484
1987-11-11,0.3326,0.3415,0.3281,0.3326,185920000,0.2552
1987-11-12,0.3438,0.3571,0.3426,0.3460,246400000,0.2655
1987-11-13,0.3504,0.3527,0.3304,0.3326,154560000,0.2552
1987-11-16,0.3371,0.3438,0.3259,0.3281,184800000,0.2518
1987-11-17,0.3281,0.3304,0.3125,0.3125,268800000,0.2403
1987-11-18,0.3192,0.3259,0.3080,0.3237,265440000,0.2489
1987-11-19,0.3259,0.3259,0.3036,0.3080,182560000,0.2369
1987-11-20,0.3036,0.3214,0.2969,0.3170,250880000,0.2437
1987-11-23,0.3170,0.3237,0.3103,0.3237,97395200,0.2489
1987-11-24,0.3281,0.3371,0.3225,0.3304,197120000,0.2540
1987-11-25,0.3304,0.3304,0.3214,0.3259,92400000,0.2506
1987-11-27,0.3237,0.3259,0.3103,0.3125,70683200,0.2403
1987-11-30,0.3013,0.3080,0.2723,0.2946,416640000,0.2266
1987-12-01,0.2991,0.3036,0.2924,0.2969,181440000,0.2283
1987-12-02,0.2969,0.2991,0.2902,0.2902,142240000,0.2231
1987-12-03,0.2946,0.2980,0.2656,0.2723,319200000,0.2094
1987-12-04,0.2701,0.2790,0.2656,0.2746,244160000,0.2111
1987-12-07,0.2768,0.2969,0.2768,0.2946,203840000,0.2266
1987-12-08,0.2991,0.3114,0.2969,0.3080,254240000,0.2369
1987-12-09,0.3080,0.3237,0.3025,0.3125,179200000,0.2403
1987-12-10,0.3013,0.3214,0.2969,0.3103,276640000,0.2386
1987-12-11,0.3103,0.3103,0.2991,0.3036,122080000,0.2334
1987-12-14,0.3080,0.3348,0.3058,0.3326,341600000,0.2558
1987-12-15,0.3371,0.3415,0.3304,0.3348,299040000,0.2575
1987-12-16,0.3371,0.3549,0.3326,0.3504,330400000,0.2695
1987-12-17,0.3616,0.3638,0.3504,0.3504,325920000,0.2695
1987-12-18,0.3527,0.3683,0.3504,0.3616,302400000,0.2781
1987-12-21,0.3616,0.3728,0.3594,0.3728,188160000,0.2867
1987-12-22,0.3728,0.3728,0.3616,0.3705,128800000,0.2849
1987-12-23,0.3728,0.3817,0.3683,0.3772,171360000,0.2901
1987-12-24,0.3750,0.3839,0.3728,0.3806,69944000,0.2927
1987-12-28,0.3772,0.3795,0.3527,0.3594,229600000,0.2764
1987-12-29,0.3616,0.3772,0.3594,0.3761,118720000,0.2892
1987-12-30,0.3795,0.3906,0.3795,0.3873,155680000,0.2978
1987-12-31,0.3795,0.3839,0.3739,0.3750,117600000,0.2884
1988-01-04,0.3817,0.3996,0.3772,0.3996,330400000,0.3073
1988-01-05,0.4107,0.4129,0.3951,0.3984,309120000,0.3064
1988-01-06,0.4018,0.4018,0.3906,0.3906,268800000,0.3004
1988-01-07,0.3884,0.3996,0.3795,0.3973,212800000,0.3055
1988-01-08,0.3973,0.4040,0.3527,0.3571,486080000,0.2746
1988-01-11,0.3571,0.3817,0.3549,0.3795,404320000,0.2918
1988-01-12,0.3839,0.3884,0.3549,0.3750,400960000,0.2884
1988-01-13,0.3750,0.3862,0.3672,0.3772,211680000,0.2901
1988-01-14,0.3817,0.3828,0.3750,0.3772,132160000,0.2901
1988-01-15,0.3884,0.4018,0.3795,0.3828,343840000,0.2944
1988-01-18,0.3839,0.3839,0.3750,0.3817,125440000,0.2935
1988-01-19,0.3772,0.3862,0.3694,0.3817,274400000,0.2935
1988-01-20,0.3839,0.3839,0.3415,0.3549,680960000,0.2729
1988-01-21,0.3616,0.3638,0.3516,0.3583,493920000,0.2755
1988-01-22,0.3616,0.3638,0.3415,0.3504,445760000,0.2695
1988-01-25,0.3527,0.3705,0.3527,0.3650,200480000,0.2806
1988-01-26,0.3638,0.3661,0.3504,0.3549,143360000,0.2729
1988-01-27,0.3594,0.3616,0.3460,0.3549,258720000,0.2729
1988-01-28,0.3571,0.3705,0.3549,0.3683,232960000,0.2832
1988-01-29,0.3705,0.3728,0.3594,0.3705,265440000,0.2849
1988-02-01,0.3728,0.3795,0.3694,0.3728,199360000,0.2867
1988-02-02,0.3705,0.3739,0.3616,0.3683,191520000,0.2832
1988-02-03,0.3661,0.3683,0.3504,0.3527,226240000,0.2712
1988-02-04,0.3527,0.3583,0.3482,0.3549,199360000,0.2729
1988-02-05,0.3571,0.3605,0.3438,0.3449,132160000,0.2652
1988-02-08,0.3438,0.3504,0.3371,0.3460,203840000,0.2661
1988-02-09,0.3482,0.3560,0.3460,0.3549,116480000,0.2729
1988-02-10,0.3549,0.3705,0.3549,0.3661,228480000,0.2815
1988-02-11,0.3661,0.3683,0.3594,0.3627,147840000,0.2789
1988-02-12,0.3627,0.3705,0.3616,0.3661,137760000,0.2821
1988-02-16,0.3661,0.3683,0.3571,0.3683,154560000,0.2838
1988-02-17,0.3683,0.3795,0.3683,0.3739,256480000,0.2881
1988-02-18,0.3717,0.3817,0.3705,0.3728,143360000,0.2872
1988-02-19,0.3728,0.3750,0.3705,0.3728,90764800,0.2872
1988-02-22,0.3705,0.3895,0.3705,0.3862,200480000,0.2975
1988-02-23,0.3862,0.3906,0.3772,0.3817,220640000,0.2941
1988-02-24,0.3817,0.3839,0.3750,0.3772,145600000,0.2907
1988-02-25,0.3750,0.3839,0.3728,0.3728,179200000,0.2872
1988-02-26,0.3750,0.3772,0.3683,0.3728,82342400,0.2872
1988-02-29,0.3728,0.3862,0.3705,0.3839,112000000,0.2958
1988-03-01,0.3862,0.3884,0.3795,0.3862,171360000,0.2975
1988-03-02,0.3906,0.4018,0.3884,0.3996,292320000,0.3079
1988-03-03,0.3973,0.4196,0.3973,0.4152,473760000,0.3199
1988-03-04,0.4107,0.4196,0.4063,0.4185,209440000,0.3225
1988-03-07,0.4174,0.4263,0.4152,0.4185,207200000,0.3225
1988-03-08,0.4174,0.4196,0.4107,0.4129,144480000,0.3182
1988-03-09,0.4129,0.4219,0.4129,0.4174,134400000,0.3216
1988-03-10,0.4196,0.4219,0.4040,0.4040,176960000,0.3113
1988-03-11,0.4063,0.4085,0.3973,0.4085,157920000,0.3147
1988-03-14,0.4085,0.4152,0.4063,0.4129,98123200,0.3182
1988-03-15,0.4107,0.4129,0.3996,0.4018,181440000,0.3096
1988-03-16,0.4007,0.4141,0.3973,0.4118,118720000,0.3173
1988-03-17,0.4129,0.4152,0.3996,0.4018,260960000,0.3096
1988-03-18,0.4018,0.4063,0.3951,0.3996,272160000,0.3079
1988-03-21,0.3962,0.3984,0.3839,0.3917,227360000,0.3018
1988-03-22,0.3929,0.3973,0.3862,0.3929,119179200,0.3027
1988-03-23,0.3929,0.3929,0.3739,0.3795,209440000,0.2924
1988-03-24,0.3728,0.3795,0.3571,0.3650,320320000,0.2812
1988-03-25,0.3638,0.3683,0.3571,0.3583,131040000,0.2760
1988-03-28,0.3571,0.3728,0.3527,0.3705,172480000,0.2855
1988-03-29,0.3705,0.3750,0.3627,0.3661,213920000,0.2821
1988-03-30,0.3638,0.3683,0.3460,0.3527,371840000,0.2717
1988-03-31,0.3549,0.3616,0.3504,0.3571,217280000,0.2752
1988-04-04,0.3549,0.3616,0.3438,0.3460,181440000,0.2666
1988-04-05,0.3504,0.3527,0.3438,0.3504,147840000,0.2700
1988-04-06,0.3527,0.3728,0.3482,0.3728,190400000,0.2872
1988-04-07,0.3728,0.3783,0.3638,0.3638,163520000,0.2803
1988-04-08,0.3638,0.3728,0.3549,0.3661,202720000,0.2821
1988-04-11,0.3728,0.3750,0.3661,0.3705,148960000,0.2855
1988-04-12,0.3728,0.3772,0.3683,0.3728,173600000,0.2872
1988-04-13,0.3728,0.3750,0.3661,0.3683,143360000,0.2838
1988-04-14,0.3616,0.3705,0.3482,0.3527,188160000,0.2717
1988-04-15,0.3549,0.3571,0.3438,0.3527,232960000,0.2717
1988-04-18,0.3549,0.3638,0.3504,0.3571,170240000,0.2752
1988-04-19,0.3583,0.3705,0.3583,0.3594,212329600,0.2769
1988-04-20,0.3594,0.3616,0.3504,0.3549,215040000,0.2735
1988-04-21,0.3605,0.3616,0.3482,0.3527,178080000,0.2717
1988-04-22,0.3549,0.3594,0.3527,0.3583,107643200,0.2760
1988-04-25,0.3594,0.3661,0.3571,0.3650,150080000,0.2812
1988-04-26,0.3661,0.3728,0.3638,0.3705,175840000,0.2855
1988-04-27,0.3728,0.3750,0.3705,0.3728,126560000,0.2872
1988-04-28,0.3728,0.3750,0.3683,0.3694,99164800,0.2846
1988-04-29,0.3683,0.3705,0.3616,0.3661,89992000,0.2821
1988-05-02,0.3638,0.3683,0.3616,0.3661,82196800,0.2821
1988-05-03,0.3661,0.3772,0.3638,0.3728,124320000,0.2872
1988-05-04,0.3739,0.3850,0.3728,0.3750,224000000,0.2889
1988-05-05,0.3750,0.3772,0.3705,0.3728,70459200,0.2872
1988-05-06,0.3717,0.3728,0.3683,0.3683,107038400,0.2838
1988-05-09,0.3683,0.3683,0.3616,0.3638,76372800,0.2803
1988-05-10,0.3616,0.3661,0.3594,0.3650,95905600,0.2812
1988-05-11,0.3594,0.3638,0.3527,0.3527,174720000,0.2717
1988-05-12,0.3527,0.3594,0.3527,0.3549,82980800,0.2735
1988-05-13,0.3594,0.3616,0.3571,0.3616,71400000,0.2786
1988-05-16,0.3616,0.3694,0.3571,0.3683,74760000,0.2843
1988-05-17,0.3705,0.3750,0.3594,0.3616,193760000,0.2792
1988-05-18,0.3616,0.3638,0.3527,0.3549,174720000,0.2740
1988-05-19,0.3527,0.3549,0.3438,0.3482,249760000,0.2688
1988-05-20,0.3504,0.3527,0.3460,0.3460,81737600,0.2671
1988-05-23,0.3438,0.3471,0.3337,0.3393,183680000,0.2619
1988-05-24,0.3393,0.3482,0.3371,0.3471,142240000,0.2680
1988-05-25,0.3482,0.3549,0.3438,0.3438,135520000,0.2654
1988-05-26,0.3438,0.3527,0.3438,0.3516,85780800,0.2714
1988-05-27,0.3504,0.3571,0.3482,0.3549,83955200,0.2740
1988-05-31,0.3571,0.3705,0.3549,0.3705,123200000,0.2861
1988-06-01,0.3705,0.3795,0.3683,0.3795,229600000,0.2930
1988-06-02,0.3750,0.3795,0.3705,0.3728,133280000,0.2878
1988-06-03,0.3728,0.3862,0.3728,0.3839,175840000,0.2964
1988-06-06,0.3817,0.3929,0.3817,0.3929,164640000,0.3033
1988-06-07,0.3906,0.4040,0.3884,0.3929,311360000,0.3033
1988-06-08,0.3951,0.4063,0.3929,0.4018,258720000,0.3102
1988-06-09,0.4018,0.4040,0.3862,0.3884,269920000,0.2999
1988-06-10,0.3884,0.3996,0.3839,0.3973,176960000,0.3067
1988-06-13,0.4018,0.4040,0.3951,0.4018,148960000,0.3102
1988-06-14,0.4040,0.4107,0.4018,0.4040,292420800,0.3119
1988-06-15,0.4040,0.4085,0.4018,0.4085,122080000,0.3154
1988-06-16,0.4018,0.4040,0.3951,0.3973,107374400,0.3067
1988-06-17,0.3996,0.3996,0.3951,0.3996,95390400,0.3085
1988-06-20,0.3962,0.3996,0.3929,0.3940,78601600,0.3042
1988-06-21,0.3929,0.4018,0.3917,0.4007,123592000,0.3093
1988-06-22,0.4063,0.4096,0.4018,0.4074,195563200,0.3145
1988-06-23,0.4085,0.4085,0.4018,0.4018,71388800,0.3102
1988-06-24,0.4018,0.4063,0.3973,0.4018,74715200,0.3102
1988-06-27,0.3973,0.4051,0.3973,0.3973,83619200,0.3067
1988-06-28,0.3996,0.4129,0.3973,0.4129,162568000,0.3188
1988-06-29,0.4107,0.4174,0.4085,0.4141,143449600,0.3197
1988-06-30,0.4129,0.4174,0.4107,0.4129,114688000,0.3188
1988-07-01,0.4152,0.4185,0.4129,0.4152,94539200,0.3205
1988-07-05,0.4152,0.4219,0.4118,0.4219,104451200,0.3257
1988-07-06,0.4208,0.4241,0.4118,0.4152,156553600,0.3205
1988-07-07,0.4152,0.4152,0.4040,0.4096,105604800,0.3162
1988-07-08,0.4063,0.4107,0.4018,0.4040,105392000,0.3119
1988-07-11,0.4063,0.4063,0.4007,0.4029,73628800,0.3111
1988-07-12,0.4018,0.4040,0.3973,0.3996,100900800,0.3085
1988-07-13,0.3996,0.4018,0.3951,0.3996,115169600,0.3085
1988-07-14,0.3996,0.4040,0.3973,0.4018,62809600,0.3102
1988-07-15,0.4018,0.4063,0.3996,0.4018,83025600,0.3102
1988-07-18,0.4051,0.4107,0.4040,0.4063,113500800,0.3136
1988-07-19,0.4018,0.4063,0.3917,0.3996,122304000,0.3085
1988-07-20,0.3996,0.4018,0.3929,0.3951,120086400,0.3050
1988-07-21,0.3906,0.3929,0.3817,0.3839,149027200,0.2964
1988-07-22,0.3839,0.3862,0.3795,0.3795,103846400,0.2930
1988-07-25,0.3817,0.3862,0.3772,0.3817,105896000,0.2947
1988-07-26,0.3817,0.3862,0.3772,0.3817,101528000,0.2947
1988-07-27,0.3817,0.3862,0.3795,0.3817,116524800,0.2947
1988-07-28,0.3795,0.3839,0.3772,0.3806,92680000,0.2938
1988-07-29,0.3862,0.3973,0.3839,0.3962,158950400,0.3059
1988-08-01,0.3973,0.4085,0.3951,0.4018,85937600,0.3102
1988-08-02,0.4018,0.4063,0.3973,0.3984,121284800,0.3076
1988-08-03,0.3996,0.3996,0.3929,0.3996,110846400,0.3085
1988-08-04,0.3996,0.4040,0.3973,0.3984,68913600,0.3076
1988-08-05,0.3973,0.4018,0.3951,0.3951,52662400,0.3050
1988-08-08,0.3973,0.3996,0.3929,0.3929,29937600,0.3033
1988-08-09,0.3929,0.3951,0.3839,0.3884,170027200,0.2999
1988-08-10,0.3906,0.3906,0.3728,0.3739,147806400,0.2887
1988-08-11,0.3772,0.3862,0.3750,0.3862,106052800,0.2981
1988-08-12,0.3839,0.3839,0.3772,0.3795,77481600,0.2930
1988-08-15,0.3772,0.3772,0.3616,0.3683,166678400,0.2849
1988-08-16,0.3661,0.3862,0.3638,0.3795,122752000,0.2935
1988-08-17,0.3795,0.3817,0.3728,0.3750,118944000,0.2901
1988-08-18,0.3750,0.3839,0.3728,0.3795,74065600,0.2935
1988-08-19,0.3795,0.3817,0.3616,0.3638,227360000,0.2814
1988-08-22,0.3594,0.3638,0.3527,0.3549,170195200,0.2745
1988-08-23,0.3549,0.3594,0.3504,0.3527,163576000,0.2728
1988-08-24,0.3549,0.3638,0.3527,0.3638,125473600,0.2814
1988-08-25,0.3594,0.3616,0.3504,0.3583,127680000,0.2771
1988-08-26,0.3571,0.3638,0.3571,0.3594,40152000,0.2780
1988-08-29,0.3638,0.3661,0.3616,0.3650,57232000,0.2823
1988-08-30,0.3638,0.3661,0.3571,0.3650,50568000,0.2823
1988-08-31,0.3661,0.3672,0.3527,0.3560,237686400,0.2754
1988-09-01,0.3549,0.3549,0.3438,0.3471,246736000,0.2685
1988-09-02,0.3527,0.3571,0.3482,0.3549,186300800,0.2745
1988-09-06,0.3571,0.3571,0.3460,0.3471,143449600,0.2685
1988-09-07,0.3482,0.3527,0.3371,0.3415,179110400,0.2642
1988-09-08,0.3415,0.3527,0.3371,0.3460,207256000,0.2676
1988-09-09,0.3460,0.3661,0.3371,0.3616,234673600,0.2797
1988-09-12,0.3661,0.3728,0.3583,0.3661,148030400,0.2832
1988-09-13,0.3594,0.3683,0.3571,0.3661,119683200,0.2832
1988-09-14,0.3728,0.3783,0.3705,0.3750,238571200,0.2901
1988-09-15,0.3750,0.3817,0.3705,0.3717,165760000,0.2875
1988-09-16,0.3705,0.3817,0.3694,0.3772,123760000,0.2918
1988-09-19,0.3750,0.3772,0.3683,0.3728,92131200,0.2883
1988-09-20,0.3728,0.3772,0.3694,0.3705,102681600,0.2866
1988-09-21,0.3728,0.3839,0.3705,0.3817,91347200,0.2952
1988-09-22,0.3839,0.3929,0.3817,0.3929,145667200,0.3039
1988-09-23,0.3884,0.3951,0.3884,0.3906,101483200,0.3021
1988-09-26,0.3906,0.3929,0.3795,0.3817,87035200,0.2952
1988-09-27,0.3795,0.3884,0.3795,0.3873,162982400,0.2996
1988-09-28,0.3884,0.3940,0.3862,0.3884,84694400,0.3004
1988-09-29,0.3906,0.3951,0.3884,0.3929,106075200,0.3039
1988-09-30,0.3929,0.3929,0.3862,0.3862,92892800,0.2987
1988-10-03,0.3839,0.3862,0.3750,0.3795,90776000,0.2935
1988-10-04,0.3772,0.3817,0.3672,0.3705,51654400,0.2866
1988-10-05,0.3683,0.3728,0.3616,0.3650,123200000,0.2823
1988-10-06,0.3616,0.3650,0.3504,0.3549,167764800,0.2745
1988-10-07,0.3482,0.3549,0.3426,0.3549,457587200,0.2745
1988-10-10,0.3527,0.3549,0.3348,0.3438,332640000,0.2659
1988-10-11,0.3415,0.3527,0.3415,0.3482,194555200,0.2693
1988-10-12,0.3438,0.3482,0.3393,0.3460,132944000,0.2676
1988-10-13,0.3438,0.3549,0.3438,0.3482,164460800,0.2693
1988-10-14,0.3527,0.3527,0.3404,0.3460,157248000,0.2676
1988-10-17,0.3438,0.3482,0.3415,0.3438,93688000,0.2659
1988-10-18,0.3482,0.3527,0.3415,0.3516,142598400,0.2719
1988-10-19,0.3549,0.3638,0.3527,0.3571,277323200,0.2762
1988-10-20,0.3571,0.3717,0.3571,0.3705,173465600,0.2866
1988-10-21,0.3683,0.3728,0.3638,0.3661,123603200,0.2832
1988-10-24,0.3683,0.3683,0.3538,0.3571,135161600,0.2762
1988-10-25,0.3594,0.3594,0.3549,0.3560,85187200,0.2754
1988-10-26,0.3571,0.3571,0.3438,0.3504,188720000,0.2711
1988-10-27,0.3460,0.3504,0.3415,0.3482,143684800,0.2693
1988-10-28,0.3482,0.3527,0.3438,0.3438,84481600,0.2659
1988-10-31,0.3460,0.3460,0.3348,0.3449,242905600,0.2667
1988-11-01,0.3438,0.3460,0.3371,0.3393,143696000,0.2624
1988-11-02,0.3415,0.3415,0.3281,0.3326,208521600,0.2573
1988-11-03,0.3326,0.3348,0.3281,0.3315,242457600,0.2564
1988-11-04,0.3281,0.3393,0.3281,0.3371,153798400,0.2607
1988-11-07,0.3326,0.3371,0.3304,0.3348,170083200,0.2590
1988-11-08,0.3348,0.3460,0.3337,0.3438,154526400,0.2659
1988-11-09,0.3415,0.3516,0.3393,0.3504,201723200,0.2711
1988-11-10,0.3527,0.3549,0.3482,0.3527,99915200,0.2728
1988-11-11,0.3482,0.3538,0.3438,0.3438,108684800,0.2659
1988-11-14,0.3460,0.3482,0.3415,0.3471,85232000,0.2685
1988-11-15,0.3482,0.3504,0.3460,0.3482,80001600,0.2693
1988-11-16,0.3482,0.3504,0.3371,0.3393,147840000,0.2624
1988-11-17,0.3393,0.3438,0.3393,0.3415,79542400,0.2642
1988-11-18,0.3438,0.3438,0.3393,0.3393,57590400,0.2624
1988-11-21,0.3348,0.3371,0.3237,0.3270,221905600,0.2536
1988-11-22,0.3259,0.3292,0.3214,0.3225,148187200,0.2501
1988-11-23,0.3192,0.3304,0.3170,0.3292,187992000,0.2553
1988-11-25,0.3237,0.3281,0.3214,0.3259,48294400,0.2527
1988-11-28,0.3259,0.3281,0.3214,0.3259,139361600,0.2527
1988-11-29,0.3259,0.3281,0.3214,0.3281,92668800,0.2545
1988-11-30,0.3281,0.3393,0.3281,0.3359,167843200,0.2605
1988-12-01,0.3371,0.3482,0.3348,0.3460,212161600,0.2683
1988-12-02,0.3415,0.3560,0.3393,0.3504,333715200,0.2718
1988-12-05,0.3527,0.3571,0.3460,0.3527,154414400,0.2735
1988-12-06,0.3504,0.3549,0.3482,0.3527,104932800,0.2735
1988-12-07,0.3482,0.3527,0.3460,0.3516,98134400,0.2726
1988-12-08,0.3504,0.3504,0.3460,0.3493,59460800,0.2709
1988-12-09,0.3504,0.3527,0.3460,0.3493,44956800,0.2709
1988-12-12,0.3504,0.3527,0.3438,0.3438,117880000,0.2666
1988-12-13,0.3438,0.3460,0.3415,0.3460,122550400,0.2683
1988-12-14,0.3438,0.3571,0.3438,0.3549,193300800,0.2752
1988-12-15,0.3571,0.3616,0.3504,0.3527,112571200,0.2735
1988-12-16,0.3527,0.3616,0.3504,0.3583,183489600,0.2778
1988-12-19,0.3594,0.3661,0.3571,0.3638,234326400,0.2822
1988-12-20,0.3661,0.3705,0.3627,0.3661,274187200,0.2839
1988-12-21,0.3661,0.3750,0.3661,0.3728,241964800,0.2891
1988-12-22,0.3728,0.3750,0.3638,0.3661,106030400,0.2839
1988-12-23,0.3661,0.3694,0.3661,0.3672,40958400,0.2848
1988-12-27,0.3661,0.3705,0.3616,0.3616,59987200,0.2804
1988-12-28,0.3616,0.3638,0.3549,0.3594,51542400,0.2787
1988-12-29,0.3594,0.3638,0.3594,0.3616,117812800,0.2804
1988-12-30,0.3616,0.3683,0.3594,0.3594,81692800,0.2787
1989-01-03,0.3594,0.3616,0.3571,0.3605,100016000,0.2796
1989-01-04,0.3638,0.3761,0.3616,0.3750,239948800,0.2908
1989-01-05,0.3750,0.3862,0.3683,0.3772,307328000,0.2926
1989-01-06,0.3772,0.3884,0.3772,0.3806,198665600,0.2952
1989-01-09,0.3839,0.3850,0.3772,0.3839,79307200,0.2977
1989-01-10,0.3795,0.3828,0.3705,0.3806,103320000,0.2952
1989-01-11,0.3772,0.3795,0.3683,0.3761,156128000,0.2917
1989-01-12,0.3772,0.3839,0.3750,0.3817,150315200,0.2960
1989-01-13,0.3817,0.3884,0.3783,0.3862,193905600,0.2995
1989-01-16,0.3862,0.3929,0.3839,0.3906,168593600,0.3029
1989-01-17,0.3862,0.3884,0.3571,0.3605,756604800,0.2796
1989-01-18,0.3638,0.3672,0.3527,0.3549,487928000,0.2752
1989-01-19,0.3616,0.3661,0.3571,0.3616,255987200,0.2804
1989-01-20,0.3616,0.3705,0.3594,0.3661,173734400,0.2839
1989-01-23,0.3638,0.3683,0.3638,0.3661,180532800,0.2839
1989-01-24,0.3661,0.3728,0.3638,0.3717,223294400,0.2882
1989-01-25,0.3728,0.3750,0.3661,0.3705,110936000,0.2874
1989-01-26,0.3638,0.3761,0.3627,0.3728,285264000,0.2891
1989-01-27,0.3415,0.3504,0.3237,0.3359,2127171200,0.2605
1989-01-30,0.3359,0.3393,0.3326,0.3337,586499200,0.2588
1989-01-31,0.3326,0.3371,0.3281,0.3371,460353600,0.2614
1989-02-01,0.3371,0.3538,0.3337,0.3504,487558400,0.2718
1989-02-02,0.3527,0.3594,0.3504,0.3549,473491200,0.2752
1989-02-03,0.3571,0.3594,0.3482,0.3504,178908800,0.2718
1989-02-06,0.3527,0.3527,0.3415,0.3438,116737600,0.2666
1989-02-07,0.3415,0.3504,0.3415,0.3482,165155200,0.2700
1989-02-08,0.3482,0.3527,0.3393,0.3415,157012800,0.2649
1989-02-09,0.3415,0.3482,0.3393,0.3415,160809600,0.2649
1989-02-10,0.3415,0.3415,0.3304,0.3326,348342400,0.2579
1989-02-13,0.3281,0.3326,0.3281,0.3304,235188800,0.2562
1989-02-14,0.3292,0.3304,0.3147,0.3192,891576000,0.2475
1989-02-15,0.3192,0.3237,0.3170,0.3237,330624000,0.2510
1989-02-16,0.3237,0.3326,0.3214,0.3248,255696000,0.2519
1989-02-17,0.3237,0.3304,0.3237,0.3281,116849600,0.2552
1989-02-21,0.3292,0.3371,0.3281,0.3348,190556800,0.2604
1989-02-22,0.3326,0.3348,0.3259,0.3281,238324800,0.2552
1989-02-23,0.3259,0.3304,0.3237,0.3281,95368000,0.2552
1989-02-24,0.3304,0.3304,0.3214,0.3214,152129600,0.2500
1989-02-27,0.3214,0.3259,0.3192,0.3259,115920000,0.2534
1989-02-28,0.3259,0.3281,0.3214,0.3237,176019200,0.2517
1989-03-01,0.3237,0.3259,0.3170,0.3214,170128000,0.2500
1989-03-02,0.3192,0.3237,0.3103,0.3125,376331200,0.2430
1989-03-03,0.3147,0.3147,0.3036,0.3103,387777600,0.2413
1989-03-06,0.3125,0.3203,0.3080,0.3170,168515200,0.2465
1989-03-07,0.3170,0.3214,0.3125,0.3192,260691200,0.2482
1989-03-08,0.3181,0.3237,0.3147,0.3147,216294400,0.2448
1989-03-09,0.3147,0.3192,0.3080,0.3080,133436800,0.2395
1989-03-10,0.3080,0.3125,0.3058,0.3125,102715200,0.2430
1989-03-13,0.3125,0.3170,0.3103,0.3125,131107200,0.2430
1989-03-14,0.3125,0.3170,0.3114,0.3147,161940800,0.2448
1989-03-15,0.3147,0.3170,0.3103,0.3125,90059200,0.2430
1989-03-16,0.3125,0.3170,0.3080,0.3147,192236800,0.2448
1989-03-17,0.3080,0.3192,0.3036,0.3114,237126400,0.2422
1989-03-20,0.3125,0.3147,0.3080,0.3114,181451200,0.2422
1989-03-21,0.3170,0.3170,0.3103,0.3114,128195200,0.2422
1989-03-22,0.3058,0.3103,0.3013,0.3025,144849600,0.2352
1989-03-23,0.3036,0.3080,0.3013,0.3069,118910400,0.2387
1989-03-27,0.3058,0.3080,0.2991,0.3013,151659200,0.2343
1989-03-28,0.3036,0.3080,0.3036,0.3036,141254400,0.2361
1989-03-29,0.3036,0.3080,0.3036,0.3058,74401600,0.2378
1989-03-30,0.3058,0.3125,0.3036,0.3103,105246400,0.2413
1989-03-31,0.3125,0.3192,0.3103,0.3181,185348800,0.2474
1989-04-03,0.3170,0.3237,0.3103,0.3125,166286400,0.2430
1989-04-04,0.3080,0.3114,0.3025,0.3080,115729600,0.2395
1989-04-05,0.3080,0.3147,0.3058,0.3125,120254400,0.2430
1989-04-06,0.3103,0.3225,0.3080,0.3214,156374400,0.2500
1989-04-07,0.3214,0.3348,0.3214,0.3337,354984000,0.2595
1989-04-10,0.3326,0.3393,0.3281,0.3304,135374400,0.2569
1989-04-11,0.3348,0.3393,0.3304,0.3371,146540800,0.2621
1989-04-12,0.3415,0.3504,0.3382,0.3438,387912000,0.2673
1989-04-13,0.3460,0.3527,0.3415,0.3438,181272000,0.2673
1989-04-14,0.3482,0.3504,0.3415,0.3460,123356800,0.2691
1989-04-17,0.3438,0.3504,0.3393,0.3504,140145600,0.2725
1989-04-18,0.3527,0.3616,0.3504,0.3583,560985600,0.2786
1989-04-19,0.3571,0.3717,0.3549,0.3650,425880000,0.2838
1989-04-20,0.3638,0.3705,0.3594,0.3638,179816000,0.2829
1989-04-21,0.3616,0.3650,0.3549,0.3583,115169600,0.2786
1989-04-24,0.3571,0.3594,0.3527,0.3583,110790400,0.2786
1989-04-25,0.3571,0.3616,0.3549,0.3571,116177600,0.2777
1989-04-26,0.3571,0.3594,0.3493,0.3549,186132800,0.2760
1989-04-27,0.3527,0.3571,0.3482,0.3516,139384000,0.2734
1989-04-28,0.3504,0.3527,0.3438,0.3482,103857600,0.2708
1989-05-01,0.3438,0.3504,0.3438,0.3482,80662400,0.2708
1989-05-02,0.3482,0.3594,0.3482,0.3560,215745600,0.2769
1989-05-03,0.3549,0.3638,0.3549,0.3594,220539200,0.2795
1989-05-04,0.3594,0.3683,0.3571,0.3661,188910400,0.2847
1989-05-05,0.3795,0.3817,0.3705,0.3705,460756800,0.2882
1989-05-08,0.3705,0.3772,0.3705,0.3772,205923200,0.2934
1989-05-09,0.3750,0.3839,0.3750,0.3795,346774400,0.2951
1989-05-10,0.3839,0.3884,0.3795,0.3862,234438400,0.3003
1989-05-11,0.3862,0.3951,0.3839,0.3917,300944000,0.3046
1989-05-12,0.3973,0.4018,0.3929,0.4018,467140800,0.3125
1989-05-15,0.3996,0.4129,0.3996,0.4107,317900800,0.3194
1989-05-16,0.4107,0.4129,0.4018,0.4051,228670400,0.3151
1989-05-17,0.4040,0.4063,0.4018,0.4040,248460800,0.3142
1989-05-18,0.4040,0.4063,0.3996,0.3996,211254400,0.3107
1989-05-19,0.3996,0.4129,0.3996,0.4085,330769600,0.3177
1989-05-22,0.4085,0.4129,0.4040,0.4107,190400000,0.3201
1989-05-23,0.4107,0.4107,0.4040,0.4063,134467200,0.3166
1989-05-24,0.4040,0.4263,0.4040,0.4263,297606400,0.3323
1989-05-25,0.4219,0.4375,0.4219,0.4308,232366400,0.3358
1989-05-26,0.4308,0.4375,0.4286,0.4330,112515200,0.3375
1989-05-30,0.4308,0.4375,0.4230,0.4241,111921600,0.3305
1989-05-31,0.4241,0.4297,0.4196,0.4263,115214400,0.3323
1989-06-01,0.4263,0.4397,0.4241,0.4353,179502400,0.3392
1989-06-02,0.4330,0.4420,0.4330,0.4375,124476800,0.3410
1989-06-05,0.4353,0.4375,0.4152,0.4196,124118400,0.3271
1989-06-06,0.4174,0.4196,0.4129,0.4174,145006400,0.3253
1989-06-07,0.4174,0.4330,0.4174,0.4308,175672000,0.3358
1989-06-08,0.4330,0.4375,0.4219,0.4252,178012800,0.3314
1989-06-09,0.4219,0.4263,0.4152,0.4196,94416000,0.3271
1989-06-12,0.4174,0.4263,0.4129,0.4241,80864000,0.3305
1989-06-13,0.4241,0.4353,0.4196,0.4330,230977600,0.3375
1989-06-14,0.4375,0.4487,0.4308,0.4431,251305600,0.3453
1989-06-15,0.4420,0.4442,0.4241,0.4241,161403200,0.3305
1989-06-16,0.3996,0.4063,0.3884,0.3973,542001600,0.3097
1989-06-19,0.3973,0.3996,0.3884,0.3929,183120000,0.3062
1989-06-20,0.3929,0.3929,0.3772,0.3839,134534400,0.2992
1989-06-21,0.3839,0.3884,0.3772,0.3795,129864000,0.2957
1989-06-22,0.3795,0.3906,0.3750,0.3862,137200000,0.3010
1989-06-23,0.3862,0.3951,0.3862,0.3917,123894400,0.3053
1989-06-26,0.3929,0.3929,0.3862,0.3884,183836800,0.3027
1989-06-27,0.3906,0.3951,0.3795,0.3806,105784000,0.2966
1989-06-28,0.3772,0.3772,0.3661,0.3728,257028800,0.2905
1989-06-29,0.3661,0.3683,0.3571,0.3627,233520000,0.2827
1989-06-30,0.3616,0.3728,0.3527,0.3683,164740800,0.2870
1989-07-03,0.3728,0.3728,0.3638,0.3638,48350400,0.2836
1989-07-05,0.3616,0.3638,0.3571,0.3616,119156800,0.2818
1989-07-06,0.3638,0.3728,0.3594,0.3683,173924800,0.2870
1989-07-07,0.3683,0.3750,0.3616,0.3683,106108800,0.2870
1989-07-10,0.3661,0.3683,0.3571,0.3616,203694400,0.2818
1989-07-11,0.3638,0.3661,0.3549,0.3549,243924800,0.2766
1989-07-12,0.3549,0.3594,0.3527,0.3571,124129600,0.2783
1989-07-13,0.3571,0.3661,0.3527,0.3627,225433600,0.2827
1989-07-14,0.3638,0.3661,0.3549,0.3638,257320000,0.2836
1989-07-17,0.3638,0.3683,0.3549,0.3638,130894400,0.2836
1989-07-18,0.3638,0.3638,0.3460,0.3504,477310400,0.2731
1989-07-19,0.3527,0.3638,0.3482,0.3616,238974400,0.2818
1989-07-20,0.3638,0.3683,0.3549,0.3571,236073600,0.2783
1989-07-21,0.3549,0.3571,0.3482,0.3571,139484800,0.2783
1989-07-24,0.3549,0.3549,0.3504,0.3504,115987200,0.2731
1989-07-25,0.3504,0.3549,0.3393,0.3460,209843200,0.2696
1989-07-26,0.3415,0.3438,0.3371,0.3415,233744000,0.2662
1989-07-27,0.3415,0.3527,0.3393,0.3504,173073600,0.2731
1989-07-28,0.3504,0.3549,0.3482,0.3516,119336000,0.2740
1989-07-31,0.3504,0.3571,0.3482,0.3549,111865600,0.2766
1989-08-01,0.3549,0.3594,0.3504,0.3560,139540800,0.2775
1989-08-02,0.3549,0.3616,0.3527,0.3616,101404800,0.2818
1989-08-03,0.3616,0.3705,0.3616,0.3683,172939200,0.2870
1989-08-04,0.3683,0.3817,0.3672,0.3817,183355200,0.2975
1989-08-07,0.3839,0.3929,0.3806,0.3906,168212800,0.3044
1989-08-08,0.3884,0.3996,0.3884,0.3940,206192000,0.3071
1989-08-09,0.3929,0.4085,0.3917,0.3929,195160000,0.3062
1989-08-10,0.3929,0.3929,0.3817,0.3862,152364800,0.3010
1989-08-11,0.3929,0.3929,0.3683,0.3739,230081600,0.2914
1989-08-14,0.3705,0.3750,0.3616,0.3638,102827200,0.2836
1989-08-15,0.3638,0.3705,0.3638,0.3694,163732800,0.2879
1989-08-16,0.3705,0.3728,0.3571,0.3605,120534400,0.2810
1989-08-17,0.3594,0.3683,0.3571,0.3661,153316800,0.2853
1989-08-18,0.3728,0.3795,0.3705,0.3772,84067200,0.2940
1989-08-21,0.3772,0.3862,0.3750,0.3772,137827200,0.2947
1989-08-22,0.3750,0.3839,0.3750,0.3828,111832000,0.2991
1989-08-23,0.3839,0.3951,0.3795,0.3906,173644800,0.3052
1989-08-24,0.3906,0.3973,0.3884,0.3940,162926400,0.3078
1989-08-25,0.3929,0.4018,0.3929,0.3996,161392000,0.3121
1989-08-28,0.3973,0.4018,0.3929,0.3996,81659200,0.3121
1989-08-29,0.3996,0.4018,0.3906,0.3940,176904000,0.3078
1989-08-30,0.3929,0.3996,0.3929,0.3973,116099200,0.3104
1989-08-31,0.3973,0.4018,0.3951,0.3973,56291200,0.3104
1989-09-01,0.3973,0.3996,0.3951,0.3984,74121600,0.3113
1989-09-05,0.3973,0.4051,0.3973,0.3996,114822400,0.3121
1989-09-06,0.3996,0.4007,0.3929,0.3996,86755200,0.3121
1989-09-07,0.3996,0.4063,0.3996,0.3996,113892800,0.3121
1989-09-08,0.3996,0.4040,0.3973,0.4018,55832000,0.3139
1989-09-11,0.3996,0.4107,0.3973,0.4085,98593600,0.3191
1989-09-12,0.4063,0.4174,0.4018,0.4107,103588800,0.3209
1989-09-13,0.4129,0.4163,0.4018,0.4018,128688000,0.3139
1989-09-14,0.4018,0.4040,0.3973,0.3996,131286400,0.3121
1989-09-15,0.4018,0.4040,0.3951,0.4018,124868800,0.3139
1989-09-18,0.3973,0.4018,0.3929,0.3929,63156800,0.3069
1989-09-19,0.3951,0.3973,0.3839,0.3862,80796800,0.3017
1989-09-20,0.3929,0.4018,0.3906,0.3984,118148800,0.3113
1989-09-21,0.4018,0.4107,0.3951,0.3996,200961600,0.3121
1989-09-22,0.3996,0.4040,0.3951,0.4007,72497600,0.3130
1989-09-25,0.3996,0.4085,0.3996,0.4040,136158400,0.3156
1989-09-26,0.4018,0.4063,0.3996,0.4040,77324800,0.3156
1989-09-27,0.3951,0.4029,0.3929,0.3996,90126400,0.3121
1989-09-28,0.4018,0.4085,0.4018,0.4063,79419200,0.3174
1989-09-29,0.4040,0.4063,0.3973,0.3973,69809600,0.3104
1989-10-02,0.3973,0.3996,0.3906,0.3962,137401600,0.3095
1989-10-03,0.3951,0.3973,0.3850,0.3895,170497600,0.3043
1989-10-04,0.3906,0.3984,0.3884,0.3951,159174400,0.3087
1989-10-05,0.3973,0.4152,0.3951,0.4063,245280000,0.3174
1989-10-06,0.4129,0.4308,0.4107,0.4297,361704000,0.3357
1989-10-09,0.4286,0.4442,0.4241,0.4420,195552000,0.3453
1989-10-10,0.4442,0.4498,0.4330,0.4420,287123200,0.3453
1989-10-11,0.4353,0.4397,0.4286,0.4364,156956800,0.3409
1989-10-12,0.4375,0.4397,0.4330,0.4353,82644800,0.3400
1989-10-13,0.4353,0.4420,0.4018,0.4085,201118400,0.3191
1989-10-16,0.3996,0.4174,0.3795,0.4174,424916800,0.3261
1989-10-17,0.4107,0.4353,0.4018,0.4219,250040000,0.3296
1989-10-18,0.4152,0.4308,0.4107,0.4308,144032000,0.3366
1989-10-19,0.4308,0.4420,0.4308,0.4353,111899200,0.3400
1989-10-20,0.4263,0.4397,0.4241,0.4286,261508800,0.3348
1989-10-23,0.4286,0.4308,0.4129,0.4174,121956800,0.3261
1989-10-24,0.4129,0.4330,0.4040,0.4252,216440000,0.3322
1989-10-25,0.4263,0.4263,0.4129,0.4152,119145600,0.3243
1989-10-26,0.4063,0.4152,0.4018,0.4040,169265600,0.3156
1989-10-27,0.4040,0.4085,0.3973,0.4040,129416000,0.3156
1989-10-30,0.4063,0.4107,0.4018,0.4085,86979200,0.3191
1989-10-31,0.4085,0.4152,0.4063,0.4152,91996800,0.3243
1989-11-01,0.4129,0.4174,0.4085,0.4118,61185600,0.3217
1989-11-02,0.4018,0.4018,0.3839,0.3929,452670400,0.3069
1989-11-03,0.3929,0.3973,0.3862,0.3862,174652800,0.3017
1989-11-06,0.3884,0.3929,0.3839,0.3862,123088000,0.3017
1989-11-07,0.3862,0.3973,0.3862,0.3929,151323200,0.3069
1989-11-08,0.3951,0.4040,0.3951,0.4018,142632000,0.3139
1989-11-09,0.4018,0.4107,0.3973,0.4107,88188800,0.3209
1989-11-10,0.4085,0.4196,0.4085,0.4174,64859200,0.3261
1989-11-13,0.4152,0.4219,0.4152,0.4152,68017600,0.3243
1989-11-14,0.4152,0.4174,0.3973,0.3996,84380800,0.3121
1989-11-15,0.4018,0.4040,0.3929,0.3951,97787200,0.3087
1989-11-16,0.3973,0.3996,0.3906,0.3996,96566400,0.3121
1989-11-17,0.3973,0.4040,0.3973,0.3996,88558400,0.3129
1989-11-20,0.4018,0.4063,0.3973,0.4040,108068800,0.3164
1989-11-21,0.4040,0.4152,0.4040,0.4040,140246400,0.3164
1989-11-22,0.4063,0.4085,0.3973,0.3996,97944000,0.3129
1989-11-24,0.3996,0.4018,0.3996,0.3996,27854400,0.3129
1989-11-27,0.3996,0.4040,0.3906,0.3929,105145600,0.3077
1989-11-28,0.3906,0.3951,0.3817,0.3940,135374400,0.3085
1989-11-29,0.3884,0.3951,0.3795,0.3929,152947200,0.3077
1989-11-30,0.3906,0.3973,0.3884,0.3951,63448000,0.3094
1989-12-01,0.3973,0.4018,0.3895,0.3929,146227200,0.3077
1989-12-04,0.3906,0.4063,0.3906,0.4040,97361600,0.3164
1989-12-05,0.4040,0.4085,0.3973,0.4018,121766400,0.3147
1989-12-06,0.4018,0.4040,0.3661,0.3817,334980800,0.2989
1989-12-07,0.3772,0.3862,0.3750,0.3817,178416000,0.2989
1989-12-08,0.3795,0.3839,0.3683,0.3728,252582400,0.2919
1989-12-11,0.3661,0.3705,0.3426,0.3504,650014400,0.2744
1989-12-12,0.3504,0.3527,0.3125,0.3214,1025416000,0.2517
1989-12-13,0.3214,0.3259,0.3170,0.3214,389760000,0.2517
1989-12-14,0.3192,0.3225,0.3080,0.3114,304752000,0.2439
1989-12-15,0.3103,0.3125,0.2902,0.3013,518168000,0.2360
1989-12-18,0.3013,0.3125,0.3013,0.3103,307204800,0.2430
1989-12-19,0.3080,0.3170,0.3080,0.3125,251193600,0.2447
1989-12-20,0.3192,0.3237,0.3147,0.3192,177990400,0.2500
1989-12-21,0.3192,0.3237,0.3170,0.3237,304808000,0.2535
1989-12-22,0.3237,0.3326,0.3214,0.3259,184587200,0.2552
1989-12-26,0.3281,0.3281,0.3147,0.3170,135284800,0.2482
1989-12-27,0.3170,0.3192,0.3125,0.3136,257006400,0.2456
1989-12-28,0.3125,0.3147,0.3058,0.3092,151256000,0.2421
1989-12-29,0.3103,0.3192,0.3069,0.3147,152409600,0.2465
1990-01-02,0.3147,0.3348,0.3125,0.3326,183198400,0.2605
1990-01-03,0.3393,0.3393,0.3348,0.3348,207995200,0.2622
1990-01-04,0.3415,0.3460,0.3326,0.3359,221513600,0.2631
1990-01-05,0.3371,0.3415,0.3304,0.3371,123312000,0.2640
1990-01-08,0.3348,0.3393,0.3304,0.3393,101572800,0.2657
1990-01-09,0.3393,0.3393,0.3304,0.3359,86139200,0.2631
1990-01-10,0.3359,0.3359,0.3192,0.3214,199718400,0.2517
1990-01-11,0.3237,0.3237,0.3080,0.3080,211052800,0.2412
1990-01-12,0.3058,0.3103,0.3013,0.3080,171897600,0.2412
1990-01-15,0.3080,0.3192,0.3058,0.3058,161739200,0.2395
1990-01-16,0.2991,0.3125,0.2924,0.3114,214244800,0.2439
1990-01-17,0.3103,0.3103,0.2946,0.2969,197299200,0.2325
1990-01-18,0.2946,0.2991,0.2879,0.2891,273291200,0.2264
1990-01-19,0.3013,0.3080,0.2991,0.3058,265137600,0.2395
1990-01-22,0.3036,0.3080,0.2969,0.2969,145611200,0.2325
1990-01-23,0.3013,0.3058,0.2946,0.3013,140873600,0.2360
1990-01-24,0.2902,0.3058,0.2879,0.3036,169792000,0.2377
1990-01-25,0.3058,0.3103,0.3036,0.3047,111540800,0.2386
1990-01-26,0.3036,0.3036,0.2879,0.2924,181249600,0.2290
1990-01-29,0.2946,0.2991,0.2868,0.2969,119929600,0.2325
1990-01-30,0.2969,0.3080,0.2946,0.3036,116446400,0.2377
1990-01-31,0.3080,0.3103,0.2946,0.3036,143942400,0.2377
1990-02-01,0.3080,0.3092,0.2991,0.3002,117073600,0.2351
1990-02-02,0.2969,0.3103,0.2969,0.3058,118473600,0.2395
1990-02-05,0.3058,0.3147,0.3036,0.3125,101752000,0.2447
1990-02-06,0.3103,0.3125,0.3036,0.3103,73920000,0.2430
1990-02-07,0.2946,0.3036,0.2902,0.2969,312446400,0.2325
1990-02-08,0.2969,0.2991,0.2879,0.2946,186636800,0.2307
1990-02-09,0.2991,0.3080,0.2969,0.3058,168078400,0.2395
1990-02-12,0.3058,0.3080,0.3013,0.3036,74916800,0.2377
1990-02-13,0.3036,0.3125,0.3013,0.3080,102166400,0.2412
1990-02-14,0.3080,0.3103,0.3013,0.3058,96062400,0.2395
1990-02-15,0.3013,0.3058,0.2991,0.3058,97966400,0.2395
1990-02-16,0.3058,0.3080,0.3013,0.3013,127209600,0.2368
1990-02-20,0.2991,0.3013,0.2946,0.2991,123244800,0.2350
1990-02-21,0.2924,0.3058,0.2902,0.3036,175907200,0.2385
1990-02-22,0.3036,0.3080,0.2946,0.2946,195182400,0.2315
1990-02-23,0.2924,0.2991,0.2924,0.2969,149956800,0.2332
1990-02-26,0.2946,0.3058,0.2946,0.3036,79609600,0.2385
1990-02-27,0.3036,0.3058,0.2991,0.2991,73953600,0.2350
1990-02-28,0.2991,0.3036,0.2969,0.3036,109334400,0.2385
1990-03-01,0.2991,0.3103,0.2969,0.3058,203896000,0.2403
1990-03-02,0.2991,0.3103,0.2969,0.3013,104899200,0.2368
1990-03-05,0.2991,0.3103,0.2991,0.3080,182470400,0.2420
1990-03-06,0.3125,0.3147,0.3080,0.3147,156016000,0.2473
1990-03-07,0.3125,0.3214,0.3125,0.3158,204220800,0.2482
1990-03-08,0.3192,0.3304,0.3125,0.3281,223843200,0.2578
1990-03-09,0.3281,0.3348,0.3237,0.3292,230473600,0.2587
1990-03-12,0.3326,0.3348,0.3237,0.3270,163956800,0.2569
1990-03-13,0.3259,0.3326,0.3237,0.3292,148579200,0.2587
1990-03-14,0.3281,0.3326,0.3259,0.3304,101785600,0.2596
1990-03-15,0.3259,0.3393,0.3259,0.3281,120232000,0.2578
1990-03-16,0.3571,0.3638,0.3493,0.3594,644761600,0.2823
1990-03-19,0.3616,0.3795,0.3571,0.3783,431793600,0.2973
1990-03-20,0.3772,0.3839,0.3638,0.3694,391316800,0.2902
1990-03-21,0.3683,0.3772,0.3683,0.3717,152734400,0.2920
1990-03-22,0.3728,0.3772,0.3638,0.3638,231660800,0.2859
1990-03-23,0.3683,0.3839,0.3661,0.3772,227987200,0.2964
1990-03-26,0.3795,0.3873,0.3750,0.3772,128060800,0.2964
1990-03-27,0.3750,0.3772,0.3683,0.3750,84604800,0.2946
1990-03-28,0.3750,0.3761,0.3661,0.3683,102939200,0.2894
1990-03-29,0.3661,0.3705,0.3638,0.3672,96891200,0.2885
1990-03-30,0.3571,0.3661,0.3571,0.3594,223350400,0.2823
1990-04-02,0.3571,0.3627,0.3527,0.3594,148769600,0.2823
1990-04-03,0.3616,0.3728,0.3616,0.3728,139708800,0.2929
1990-04-04,0.3705,0.3750,0.3638,0.3683,149732800,0.2894
1990-04-05,0.3661,0.3683,0.3571,0.3594,108192000,0.2823
1990-04-06,0.3594,0.3683,0.3549,0.3560,118238400,0.2797
1990-04-09,0.3549,0.3705,0.3527,0.3672,105481600,0.2885
1990-04-10,0.3683,0.3750,0.3661,0.3683,131320000,0.2894
1990-04-11,0.3705,0.3839,0.3705,0.3795,213158400,0.2981
1990-04-12,0.3839,0.3929,0.3795,0.3862,211803200,0.3034
1990-04-16,0.3884,0.3951,0.3862,0.3906,226889600,0.3069
1990-04-17,0.3862,0.3884,0.3817,0.3862,131107200,0.3034
1990-04-18,0.3862,0.3906,0.3795,0.3862,193446400,0.3034
1990-04-19,0.3728,0.3850,0.3571,0.3594,481476800,0.2823
1990-04-20,0.3650,0.3705,0.3549,0.3594,323523200,0.2823
1990-04-23,0.3594,0.3616,0.3527,0.3549,128352000,0.2788
1990-04-24,0.3571,0.3616,0.3438,0.3460,303732800,0.2718
1990-04-25,0.3460,0.3482,0.3415,0.3460,132574400,0.2718
1990-04-26,0.3482,0.3527,0.3404,0.3471,142161600,0.2727
1990-04-27,0.3482,0.3527,0.3460,0.3493,116412800,0.2745
1990-04-30,0.3504,0.3549,0.3482,0.3516,136393600,0.2762
1990-05-01,0.3549,0.3571,0.3516,0.3538,163609600,0.2780
1990-05-02,0.3549,0.3571,0.3504,0.3549,135430400,0.2788
1990-05-03,0.3549,0.3594,0.3549,0.3571,166308800,0.2806
1990-05-04,0.3571,0.3638,0.3504,0.3571,169534400,0.2806
1990-05-07,0.3549,0.3728,0.3549,0.3705,135990400,0.2911
1990-05-08,0.3661,0.3750,0.3661,0.3728,112459200,0.2929
1990-05-09,0.3717,0.3750,0.3683,0.3739,97238400,0.2937
1990-05-10,0.3728,0.3728,0.3616,0.3694,179043200,0.2902
1990-05-11,0.3694,0.3817,0.3638,0.3806,215241600,0.2990
1990-05-14,0.3817,0.3817,0.3683,0.3728,226385600,0.2929
1990-05-15,0.3694,0.3750,0.3661,0.3728,149385600,0.2929
1990-05-16,0.3728,0.3728,0.3661,0.3717,87304000,0.2920
1990-05-17,0.3728,0.3772,0.3661,0.3705,153585600,0.2911
1990-05-18,0.3683,0.3705,0.3527,0.3549,258462400,0.2788
1990-05-21,0.3527,0.3571,0.3460,0.3527,262483200,0.2779
1990-05-22,0.3583,0.3705,0.3571,0.3694,301089600,0.2910
1990-05-23,0.3683,0.3795,0.3683,0.3750,207513600,0.2954
1990-05-24,0.3772,0.3772,0.3705,0.3750,148131200,0.2954
1990-05-25,0.3527,0.3638,0.3482,0.3571,323321600,0.2814
1990-05-29,0.3571,0.3683,0.3504,0.3661,243208000,0.2884
1990-05-30,0.3717,0.3728,0.3683,0.3694,276819200,0.2910
1990-05-31,0.3705,0.3705,0.3661,0.3683,103084800,0.2902
1990-06-01,0.3694,0.3750,0.3638,0.3638,157236800,0.2866
1990-06-04,0.3638,0.3661,0.3549,0.3638,179424000,0.2866
1990-06-05,0.3661,0.3661,0.3482,0.3527,299432000,0.2779
1990-06-06,0.3482,0.3527,0.3460,0.3527,211747200,0.2779
1990-06-07,0.3527,0.3549,0.3438,0.3482,186435200,0.2743
1990-06-08,0.3438,0.3438,0.3348,0.3415,333883200,0.2691
1990-06-11,0.3371,0.3482,0.3371,0.3482,157897600,0.2743
1990-06-12,0.3493,0.3616,0.3460,0.3616,165032000,0.2849
1990-06-13,0.3605,0.3638,0.3549,0.3549,138947200,0.2796
1990-06-14,0.3571,0.3594,0.3504,0.3549,140324800,0.2796
1990-06-15,0.3549,0.3571,0.3493,0.3527,144144000,0.2779
1990-06-18,0.3504,0.3527,0.3482,0.3504,111395200,0.2761
1990-06-19,0.3482,0.3549,0.3426,0.3538,157225600,0.2787
1990-06-20,0.3560,0.3594,0.3549,0.3571,154739200,0.2814
1990-06-21,0.3571,0.3750,0.3571,0.3739,208600000,0.2946
1990-06-22,0.3750,0.3806,0.3683,0.3705,283976000,0.2919
1990-06-25,0.3705,0.3728,0.3594,0.3683,122001600,0.2902
1990-06-26,0.3728,0.3750,0.3605,0.3627,127254400,0.2858
1990-06-27,0.3638,0.3750,0.3594,0.3705,97227200,0.2919
1990-06-28,0.3817,0.3862,0.3728,0.3839,249939200,0.3025
1990-06-29,0.3839,0.4007,0.3817,0.3996,325192000,0.3148
1990-07-02,0.3973,0.3973,0.3906,0.3929,135408000,0.3095
1990-07-03,0.3917,0.3973,0.3906,0.3929,99500800,0.3095
1990-07-05,0.3906,0.3951,0.3862,0.3884,107464000,0.3060
1990-07-06,0.3884,0.4018,0.3862,0.3996,209059200,0.3148
1990-07-09,0.4018,0.4196,0.3996,0.4163,315459200,0.3280
1990-07-10,0.4196,0.4241,0.4174,0.4196,361424000,0.3306
1990-07-11,0.4174,0.4196,0.4085,0.4196,246153600,0.3306
1990-07-12,0.4174,0.4241,0.4152,0.4230,182470400,0.3333
1990-07-13,0.4241,0.4263,0.4174,0.4174,230977600,0.3289
1990-07-16,0.4174,0.4208,0.4040,0.4074,179704000,0.3209
1990-07-17,0.4085,0.4107,0.3929,0.3951,136852800,0.3113
1990-07-18,0.3973,0.4018,0.3839,0.3984,288366400,0.3139
1990-07-19,0.3638,0.3795,0.3571,0.3728,585984000,0.2937
1990-07-20,0.3750,0.3795,0.3638,0.3661,191844800,0.2884
1990-07-23,0.3661,0.3728,0.3571,0.3705,270188800,0.2919
1990-07-24,0.3750,0.3772,0.3661,0.3761,193916800,0.2963
1990-07-25,0.3750,0.3862,0.3728,0.3772,104921600,0.2972
1990-07-26,0.3772,0.3795,0.3661,0.3694,80337600,0.2910
1990-07-27,0.3683,0.3728,0.3616,0.3694,62316800,0.2910
1990-07-30,0.3638,0.3795,0.3638,0.3783,85456000,0.2981
1990-07-31,0.3795,0.3817,0.3705,0.3750,96006400,0.2954
1990-08-01,0.3750,0.3817,0.3705,0.3783,93508800,0.2981
1990-08-02,0.3683,0.3906,0.3683,0.3884,223126400,0.3060
1990-08-03,0.3884,0.3906,0.3549,0.3683,268968000,0.2902
1990-08-06,0.3482,0.3616,0.3438,0.3527,179659200,0.2779
1990-08-07,0.3594,0.3627,0.3460,0.3527,198531200,0.2779
1990-08-08,0.3527,0.3638,0.3527,0.3583,102536000,0.2823
1990-08-09,0.3594,0.3616,0.3504,0.3527,96387200,0.2779
1990-08-10,0.3460,0.3504,0.3415,0.3460,102704000,0.2726
1990-08-13,0.3393,0.3571,0.3382,0.3560,156116800,0.2805
1990-08-14,0.3571,0.3571,0.3504,0.3549,98168000,0.2796
1990-08-15,0.3571,0.3594,0.3504,0.3504,92052800,0.2761
1990-08-16,0.3482,0.3538,0.3438,0.3438,123894400,0.2708
1990-08-17,0.3438,0.3438,0.3192,0.3259,246108800,0.2568
1990-08-20,0.3259,0.3348,0.3237,0.3281,75062400,0.2593
1990-08-21,0.3192,0.3281,0.3147,0.3237,161044800,0.2558
1990-08-22,0.3304,0.3304,0.3114,0.3136,122718400,0.2478
1990-08-23,0.3058,0.3125,0.2991,0.3080,143696000,0.2434
1990-08-24,0.3147,0.3214,0.3103,0.3170,73416000,0.2505
1990-08-27,0.3281,0.3393,0.3237,0.3371,117465600,0.2663
1990-08-28,0.3348,0.3426,0.3326,0.3404,80192000,0.2690
1990-08-29,0.3393,0.3404,0.3281,0.3326,150931200,0.2628
1990-08-30,0.3326,0.3348,0.3214,0.3237,122595200,0.2558
1990-08-31,0.3214,0.3326,0.3214,0.3304,99456000,0.2611
1990-09-04,0.3259,0.3348,0.3259,0.3304,82745600,0.2611
1990-09-05,0.3326,0.3326,0.3192,0.3214,64052800,0.2540
1990-09-06,0.3170,0.3214,0.3147,0.3192,87628800,0.2522
1990-09-07,0.3170,0.3281,0.3136,0.3248,58172800,0.2566
1990-09-10,0.3304,0.3304,0.3192,0.3192,75980800,0.2522
1990-09-11,0.3214,0.3225,0.3013,0.3036,178270400,0.2399
1990-09-12,0.3080,0.3080,0.2991,0.3036,100408000,0.2399
1990-09-13,0.3080,0.3103,0.2946,0.3013,97260800,0.2381
1990-09-14,0.2991,0.3058,0.2969,0.3036,113915200,0.2399
1990-09-17,0.3036,0.3147,0.2991,0.3013,77672000,0.2381
1990-09-18,0.3013,0.3013,0.2946,0.2980,124611200,0.2355
1990-09-19,0.2969,0.3013,0.2857,0.2902,182459200,0.2293
1990-09-20,0.2879,0.2879,0.2790,0.2824,100934400,0.2231
1990-09-21,0.2857,0.2902,0.2768,0.2813,153865600,0.2223
1990-09-24,0.2813,0.2813,0.2656,0.2701,138499200,0.2134
1990-09-25,0.2723,0.2746,0.2612,0.2679,157953600,0.2117
1990-09-26,0.2679,0.2723,0.2656,0.2656,94136000,0.2099
1990-09-27,0.2679,0.2723,0.2500,0.2522,142340800,0.1993
1990-09-28,0.2545,0.2589,0.2433,0.2589,176041600,0.2046
1990-10-01,0.2634,0.2768,0.2612,0.2723,155657600,0.2152
1990-10-02,0.2768,0.2857,0.2634,0.2645,270984000,0.2090
1990-10-03,0.2656,0.2656,0.2388,0.2411,268240000,0.1905
1990-10-04,0.2388,0.2500,0.2344,0.2500,213494400,0.1976
1990-10-05,0.2411,0.2567,0.2411,0.2500,99489600,0.1976
1990-10-08,0.2567,0.2612,0.2522,0.2600,61532800,0.2055
1990-10-09,0.2545,0.2589,0.2478,0.2500,120579200,0.1976
1990-10-10,0.2433,0.2500,0.2321,0.2366,147907200,0.1870
1990-10-11,0.2388,0.2489,0.2277,0.2478,205979200,0.1958
1990-10-12,0.2522,0.2545,0.2411,0.2522,228648000,0.1993
1990-10-15,0.2545,0.2567,0.2377,0.2478,201017600,0.1958
1990-10-16,0.2455,0.2455,0.2165,0.2232,305233600,0.1764
1990-10-17,0.2254,0.2366,0.2232,0.2366,309064000,0.1870
1990-10-18,0.2366,0.2567,0.2366,0.2545,315000000,0.2011
1990-10-19,0.2790,0.2835,0.2701,0.2801,933732800,0.2214
1990-10-22,0.2813,0.2813,0.2723,0.2779,252739200,0.2196
1990-10-23,0.2768,0.2813,0.2701,0.2768,167048000,0.2187
1990-10-24,0.2746,0.2768,0.2679,0.2723,141825600,0.2152
1990-10-25,0.2701,0.2790,0.2645,0.2679,153462400,0.2117
1990-10-26,0.2656,0.2790,0.2656,0.2679,134198400,0.2117
1990-10-29,0.2701,0.2723,0.2656,0.2667,123480000,0.2108
1990-10-30,0.2656,0.2746,0.2578,0.2712,98044800,0.2143
1990-10-31,0.2723,0.2846,0.2701,0.2746,148758400,0.2170
1990-11-01,0.2723,0.2768,0.2656,0.2723,90652800,0.2152
1990-11-02,0.2723,0.2891,0.2723,0.2835,148612800,0.2240
1990-11-05,0.2879,0.2991,0.2857,0.2969,184475200,0.2346
1990-11-06,0.2991,0.3080,0.2969,0.2991,184766400,0.2364
1990-11-07,0.2991,0.3013,0.2913,0.2969,202977600,0.2346
1990-11-08,0.2946,0.3125,0.2946,0.3080,199248000,0.2434
1990-11-09,0.3125,0.3192,0.3080,0.3170,198228800,0.2505
1990-11-12,0.3170,0.3281,0.3147,0.3237,145051200,0.2558
1990-11-13,0.3237,0.3259,0.3192,0.3214,141948800,0.2540
1990-11-14,0.3192,0.3326,0.3192,0.3304,190747200,0.2611
1990-11-15,0.3281,0.3304,0.3170,0.3214,161772800,0.2540
1990-11-16,0.3192,0.3214,0.3103,0.3136,183008000,0.2487
1990-11-19,0.3170,0.3248,0.3147,0.3248,223910400,0.2575
1990-11-20,0.3259,0.3281,0.3147,0.3170,153630400,0.2513
1990-11-21,0.3147,0.3237,0.3103,0.3225,123211200,0.2557
1990-11-23,0.3237,0.3304,0.3214,0.3248,53200000,0.2575
1990-11-26,0.3214,0.3304,0.3214,0.3281,81457600,0.2602
1990-11-27,0.3304,0.3415,0.3281,0.3348,164584000,0.2655
1990-11-28,0.3371,0.3438,0.3281,0.3281,174910400,0.2602
1990-11-29,0.3304,0.3304,0.3237,0.3281,126705600,0.2602
1990-11-30,0.3237,0.3326,0.3237,0.3281,121508800,0.2602
1990-12-03,0.3326,0.3415,0.3304,0.3404,165401600,0.2699
1990-12-04,0.3348,0.3460,0.3348,0.3438,152152000,0.2725
1990-12-05,0.3438,0.3594,0.3382,0.3583,218388800,0.2841
1990-12-06,0.3683,0.3728,0.3616,0.3683,532246400,0.2920
1990-12-07,0.3661,0.3817,0.3661,0.3795,329660800,0.3009
1990-12-10,0.3772,0.3795,0.3705,0.3728,250588800,0.2956
1990-12-11,0.3683,0.3705,0.3571,0.3571,347883200,0.2832
1990-12-12,0.3549,0.3571,0.3482,0.3538,242356800,0.2805
1990-12-13,0.3527,0.3661,0.3527,0.3638,160731200,0.2885
1990-12-14,0.3594,0.3616,0.3527,0.3560,87068800,0.2823
1990-12-17,0.3482,0.3616,0.3482,0.3583,131107200,0.2841
1990-12-18,0.3661,0.3795,0.3638,0.3772,220987200,0.2991
1990-12-19,0.3795,0.3795,0.3672,0.3739,140660800,0.2964
1990-12-20,0.3683,0.3973,0.3683,0.3929,401072000,0.3115
1990-12-21,0.3951,0.4040,0.3884,0.4018,346136000,0.3186
1990-12-24,0.3996,0.4018,0.3929,0.3929,58721600,0.3115
1990-12-26,0.3929,0.3951,0.3839,0.3906,103073600,0.3097
1990-12-27,0.3862,0.3929,0.3862,0.3884,97652800,0.3079
1990-12-28,0.3862,0.3884,0.3817,0.3839,63929600,0.3044
1990-12-31,0.3839,0.3862,0.3817,0.3839,44273600,0.3044
1991-01-02,0.3817,0.3929,0.3750,0.3884,154985600,0.3079
1991-01-03,0.3884,0.3951,0.3839,0.3839,150180800,0.3044
1991-01-04,0.3839,0.3951,0.3839,0.3862,141523200,0.3062
1991-01-07,0.3839,0.4040,0.3839,0.3862,310800000,0.3062
1991-01-08,0.3906,0.3917,0.3795,0.3862,218691200,0.3062
1991-01-09,0.3951,0.4107,0.3906,0.4040,467264000,0.3203
1991-01-10,0.4085,0.4219,0.4085,0.4208,435321600,0.3336
1991-01-11,0.4196,0.4219,0.4107,0.4196,307652800,0.3327
1991-01-14,0.4107,0.4174,0.4107,0.4129,210840000,0.3274
1991-01-15,0.4152,0.4174,0.4107,0.4174,192057600,0.3310
1991-01-16,0.4196,0.4464,0.4174,0.4442,390633600,0.3522
1991-01-17,0.4688,0.4710,0.4375,0.4576,591673600,0.3628
1991-01-18,0.4353,0.4531,0.4330,0.4487,943241600,0.3557
1991-01-21,0.4442,0.4598,0.4442,0.4531,324307200,0.3593
1991-01-22,0.4554,0.4688,0.4509,0.4576,427728000,0.3628
1991-01-23,0.4576,0.4665,0.4554,0.4621,244260800,0.3663
1991-01-24,0.4598,0.4710,0.4598,0.4654,233934400,0.3690
1991-01-25,0.4643,0.4788,0.4643,0.4777,223809600,0.3787
1991-01-28,0.4754,0.4933,0.4754,0.4866,273481600,0.3858
1991-01-29,0.4844,0.4866,0.4665,0.4799,215555200,0.3805
1991-01-30,0.4754,0.4978,0.4754,0.4955,336772800,0.3929
1991-01-31,0.4955,0.5000,0.4888,0.4955,242592000,0.3929
1991-02-01,0.4955,0.5167,0.4955,0.4978,444550400,0.3947
1991-02-04,0.4978,0.5000,0.4911,0.4933,267848000,0.3911
1991-02-05,0.4933,0.5179,0.4888,0.5156,356115200,0.4088
1991-02-06,0.5156,0.5201,0.5045,0.5078,222566400,0.4026
1991-02-07,0.5089,0.5246,0.4978,0.5156,520172800,0.4088
1991-02-08,0.5134,0.5379,0.5134,0.5346,313555200,0.4239
1991-02-11,0.5357,0.5491,0.5335,0.5480,323030400,0.4345
1991-02-12,0.5446,0.5469,0.5301,0.5357,224750400,0.4248
1991-02-13,0.5357,0.5379,0.5179,0.5357,255550400,0.4248
1991-02-14,0.5357,0.5357,0.5067,0.5100,377675200,0.4044
1991-02-15,0.5112,0.5223,0.5112,0.5145,365612800,0.4088
1991-02-19,0.5134,0.5379,0.5123,0.5357,226251200,0.4256
1991-02-20,0.5313,0.5513,0.5290,0.5446,213640000,0.4327
1991-02-21,0.5469,0.5558,0.5246,0.5268,190870400,0.4186
1991-02-22,0.5268,0.5513,0.5223,0.5335,232568000,0.4239
1991-02-25,0.5379,0.5402,0.5134,0.5179,359273600,0.4115
1991-02-26,0.5134,0.5246,0.5045,0.5201,250017600,0.4132
1991-02-27,0.5201,0.5223,0.5134,0.5201,174372800,0.4132
1991-02-28,0.5201,0.5223,0.5022,0.5112,227360000,0.4061
1991-03-01,0.5089,0.5268,0.5089,0.5156,126134400,0.4097
1991-03-04,0.5179,0.5246,0.5089,0.5212,88356800,0.4141
1991-03-05,0.5268,0.5647,0.5268,0.5636,441448000,0.4478
1991-03-06,0.5714,0.5859,0.5614,0.5625,523958400,0.4469
1991-03-07,0.5670,0.6027,0.5647,0.6004,321753600,0.4771
1991-03-08,0.6049,0.6094,0.5804,0.5804,322201600,0.4611
1991-03-11,0.5759,0.5781,0.5558,0.5670,175369600,0.4505
1991-03-12,0.5625,0.5692,0.5580,0.5614,233676800,0.4460
1991-03-13,0.5603,0.5938,0.5603,0.5915,174552000,0.4700
1991-03-14,0.5960,0.6027,0.5759,0.5826,227068800,0.4629
1991-03-15,0.5871,0.5938,0.5826,0.5915,204836800,0.4700
1991-03-18,0.5871,0.6094,0.5871,0.6049,214009600,0.4806
1991-03-19,0.5938,0.6272,0.5871,0.6205,422195200,0.4930
1991-03-20,0.6183,0.6205,0.5971,0.6049,361704000,0.4806
1991-03-21,0.6094,0.6138,0.5692,0.5781,296800000,0.4593
1991-03-22,0.5714,0.5781,0.5558,0.5647,338128000,0.4487
1991-03-25,0.5670,0.5804,0.5647,0.5759,135856000,0.4576
1991-03-26,0.5781,0.6272,0.5781,0.6250,333625600,0.4966
1991-03-27,0.6250,0.6272,0.6116,0.6183,190220800,0.4913
1991-03-28,0.6183,0.6250,0.6049,0.6071,78702400,0.4824
1991-04-01,0.6071,0.6205,0.6027,0.6116,117924800,0.4859
1991-04-02,0.6161,0.6496,0.6116,0.6496,292924800,0.5161
1991-04-03,0.6473,0.6496,0.6250,0.6250,240128000,0.4966
1991-04-04,0.6250,0.6429,0.6205,0.6384,168436800,0.5072
1991-04-05,0.6406,0.6406,0.6138,0.6194,155411200,0.4922
1991-04-08,0.6183,0.6250,0.6138,0.6250,72475200,0.4966
1991-04-09,0.6228,0.6250,0.6094,0.6138,119448000,0.4877
1991-04-10,0.6116,0.6183,0.5960,0.5971,216406400,0.4744
1991-04-11,0.6049,0.6373,0.6027,0.6339,355588800,0.5037
1991-04-12,0.6384,0.6540,0.6228,0.6406,367718400,0.5090
1991-04-15,0.5513,0.5759,0.5357,0.5558,1700384000,0.4416
1991-04-16,0.5647,0.5759,0.5580,0.5737,620782400,0.4558
1991-04-17,0.5804,0.5804,0.5536,0.5647,322403200,0.4487
1991-04-18,0.5603,0.5625,0.5424,0.5446,247363200,0.4327
1991-04-19,0.5446,0.5491,0.5313,0.5324,287302400,0.4230
1991-04-22,0.5313,0.5536,0.5246,0.5491,257017600,0.4363
1991-04-23,0.5558,0.5625,0.5379,0.5491,237294400,0.4363
1991-04-24,0.5513,0.5536,0.5402,0.5424,105448000,0.4310
1991-04-25,0.5335,0.5335,0.5223,0.5223,315380800,0.4150
1991-04-26,0.5223,0.5268,0.5156,0.5234,125059200,0.4159
1991-04-29,0.5223,0.5379,0.5201,0.5201,206707200,0.4132
1991-04-30,0.5156,0.5201,0.4866,0.4911,711446400,0.3902
1991-05-01,0.4286,0.4375,0.4196,0.4219,1868372800,0.3352
1991-05-02,0.4263,0.4442,0.4241,0.4375,811126400,0.3476
1991-05-03,0.4375,0.4420,0.4308,0.4375,243712000,0.3476
1991-05-06,0.4330,0.4509,0.4308,0.4487,212329600,0.3565
1991-05-07,0.4554,0.4576,0.4509,0.4520,270480000,0.3591
1991-05-08,0.4531,0.4531,0.4397,0.4442,176780800,0.3529
1991-05-09,0.4464,0.4598,0.4442,0.4531,238212800,0.3600
1991-05-10,0.4598,0.4754,0.4531,0.4576,241729600,0.3636
1991-05-13,0.4665,0.4777,0.4598,0.4710,244944000,0.3742
1991-05-14,0.4710,0.4799,0.4688,0.4777,216944000,0.3795
1991-05-15,0.4598,0.4643,0.4375,0.4509,518347200,0.3583
1991-05-16,0.4554,0.4576,0.4330,0.4375,382132800,0.3476
1991-05-17,0.4353,0.4353,0.4152,0.4196,471060800,0.3334
1991-05-20,0.4219,0.4241,0.3929,0.3951,262169600,0.3147
1991-05-21,0.4040,0.4152,0.3996,0.4040,349798400,0.3218
1991-05-22,0.4085,0.4152,0.4063,0.4129,227270400,0.3289
1991-05-23,0.4152,0.4174,0.3996,0.4029,208656000,0.3209
1991-05-24,0.4063,0.4107,0.4018,0.4096,97126400,0.3263
1991-05-28,0.4107,0.4129,0.4040,0.4107,171438400,0.3272
1991-05-29,0.4129,0.4263,0.4096,0.4196,384003200,0.3343
1991-05-30,0.4196,0.4263,0.4152,0.4252,158345600,0.3387
1991-05-31,0.4241,0.4263,0.4129,0.4196,217862400,0.3343
1991-06-03,0.4196,0.4420,0.4174,0.4397,220068800,0.3503
1991-06-04,0.4420,0.4420,0.4330,0.4386,184284800,0.3494
1991-06-05,0.4397,0.4397,0.4263,0.4286,133291200,0.3414
1991-06-06,0.4308,0.4308,0.4152,0.4163,168504000,0.3316
1991-06-07,0.4129,0.4196,0.4074,0.4118,152745600,0.3281
1991-06-10,0.4107,0.4208,0.4085,0.4107,167440000,0.3272
1991-06-11,0.4018,0.4063,0.3951,0.3984,188563200,0.3174
1991-06-12,0.3929,0.3996,0.3683,0.3783,435635200,0.3014
1991-06-13,0.3795,0.3839,0.3728,0.3761,211366400,0.2996
1991-06-14,0.3817,0.3817,0.3638,0.3672,225288000,0.2925
1991-06-17,0.3661,0.3772,0.3661,0.3750,166600000,0.2987
1991-06-18,0.3772,0.3862,0.3705,0.3761,244686400,0.2996
1991-06-19,0.3728,0.3772,0.3683,0.3728,178942400,0.2969
1991-06-20,0.3683,0.3750,0.3638,0.3750,144043200,0.2987
1991-06-21,0.3750,0.3795,0.3728,0.3750,206012800,0.2987
1991-06-24,0.3728,0.3772,0.3683,0.3728,207984000,0.2969
1991-06-25,0.3750,0.3839,0.3728,0.3783,227920000,0.3014
1991-06-26,0.3817,0.3884,0.3772,0.3839,250443200,0.3058
1991-06-27,0.3795,0.3817,0.3728,0.3795,151200000,0.3023
1991-06-28,0.3772,0.3795,0.3594,0.3705,226643200,0.2952
1991-07-01,0.3772,0.3839,0.3728,0.3795,194824000,0.3023
1991-07-02,0.3772,0.3817,0.3728,0.3772,120142400,0.3005
1991-07-03,0.3772,0.3884,0.3728,0.3850,310374400,0.3067
1991-07-05,0.3839,0.4107,0.3817,0.4074,331553600,0.3245
1991-07-08,0.4040,0.4219,0.4018,0.4174,307081600,0.3325
1991-07-09,0.4219,0.4308,0.4152,0.4185,226441600,0.3334
1991-07-10,0.4241,0.4308,0.4174,0.4219,156576000,0.3361
1991-07-11,0.4196,0.4219,0.4107,0.4174,145913600,0.3325
1991-07-12,0.4219,0.4219,0.4129,0.4174,132753600,0.3325
1991-07-15,0.4174,0.4174,0.4063,0.4063,137984000,0.3236
1991-07-16,0.4063,0.4085,0.3884,0.3906,222992000,0.3112
1991-07-17,0.3884,0.3973,0.3772,0.3795,208936000,0.3023
1991-07-18,0.3929,0.4029,0.3839,0.4007,398316800,0.3192
1991-07-19,0.4040,0.4129,0.4018,0.4107,128419200,0.3272
1991-07-22,0.4085,0.4129,0.4063,0.4107,108673600,0.3272
1991-07-23,0.4129,0.4152,0.3973,0.4018,133056000,0.3201
1991-07-24,0.4040,0.4085,0.3973,0.4018,131454400,0.3201
1991-07-25,0.4040,0.4085,0.4018,0.4040,65800000,0.3218
1991-07-26,0.4085,0.4085,0.3996,0.4007,74233600,0.3192
1991-07-29,0.4040,0.4063,0.3973,0.4063,53300800,0.3236
1991-07-30,0.4063,0.4174,0.4063,0.4152,91862400,0.3307
1991-07-31,0.4152,0.4185,0.4018,0.4129,102804800,0.3289
1991-08-01,0.4107,0.4397,0.4085,0.4386,448425600,0.3494
1991-08-02,0.4442,0.4487,0.4375,0.4464,273011200,0.3556
1991-08-05,0.4442,0.4442,0.4308,0.4330,100766400,0.3449
1991-08-06,0.4353,0.4487,0.4263,0.4420,220427200,0.3521
1991-08-07,0.4420,0.4554,0.4408,0.4498,211612800,0.3583
1991-08-08,0.4531,0.4621,0.4464,0.4509,189448000,0.3592
1991-08-09,0.4509,0.4554,0.4442,0.4531,154403200,0.3609
1991-08-12,0.4531,0.4665,0.4509,0.4621,142531200,0.3681
1991-08-13,0.4643,0.4821,0.4643,0.4777,286585600,0.3805
1991-08-14,0.4888,0.4911,0.4810,0.4900,200715200,0.3903
1991-08-15,0.4911,0.4911,0.4732,0.4754,145544000,0.3787
1991-08-16,0.4710,0.4844,0.4665,0.4754,158804800,0.3787
1991-08-19,0.4420,0.4609,0.4330,0.4509,322481600,0.3600
1991-08-20,0.4598,0.4621,0.4509,0.4554,199427200,0.3635
1991-08-21,0.4688,0.4833,0.4643,0.4799,223372800,0.3831
1991-08-22,0.4821,0.4888,0.4799,0.4844,165648000,0.3867
1991-08-23,0.4821,0.4955,0.4710,0.4732,240419200,0.3778
1991-08-26,0.4732,0.4777,0.4688,0.4732,101595200,0.3778
1991-08-27,0.4732,0.4821,0.4710,0.4821,100352000,0.3849
1991-08-28,0.4821,0.4844,0.4743,0.4754,107587200,0.3796
1991-08-29,0.4754,0.4810,0.4688,0.4732,113355200,0.3778
1991-08-30,0.4732,0.4754,0.4665,0.4732,66136000,0.3778
1991-09-03,0.4710,0.4754,0.4643,0.4688,68376000,0.3742
1991-09-04,0.4710,0.4710,0.4587,0.4598,119784000,0.3671
1991-09-05,0.4598,0.4621,0.4531,0.4554,77884800,0.3635
1991-09-06,0.4554,0.4621,0.4509,0.4598,79273600,0.3671
1991-09-09,0.4621,0.4777,0.4598,0.4754,126481600,0.3796
1991-09-10,0.4710,0.4766,0.4442,0.4475,182840000,0.3573
1991-09-11,0.4531,0.4554,0.4420,0.4509,178001600,0.3600
1991-09-12,0.4576,0.4576,0.4442,0.4520,119212800,0.3609
1991-09-13,0.4464,0.4487,0.4330,0.4342,166734400,0.3466
1991-09-16,0.4397,0.4397,0.4152,0.4219,205777600,0.3368
1991-09-17,0.4196,0.4375,0.4174,0.4375,135408000,0.3493
1991-09-18,0.4353,0.4509,0.4330,0.4475,121352000,0.3573
1991-09-19,0.4487,0.4509,0.4420,0.4442,178337600,0.3546
1991-09-20,0.4442,0.4554,0.4420,0.4520,188148800,0.3609
1991-09-23,0.4464,0.4531,0.4397,0.4420,87662400,0.3529
1991-09-24,0.4420,0.4498,0.4308,0.4487,106097600,0.3582
1991-09-25,0.4487,0.4509,0.4397,0.4509,54465600,0.3600
1991-09-26,0.4487,0.4487,0.4375,0.4464,71220800,0.3564
1991-09-27,0.4464,0.4531,0.4353,0.4375,62809600,0.3493
1991-09-30,0.4397,0.4442,0.4375,0.4420,63201600,0.3529
1991-10-01,0.4397,0.4576,0.4375,0.4531,131376000,0.3618
1991-10-02,0.4621,0.4621,0.4420,0.4442,17987200,0.3546
1991-10-03,0.4464,0.4464,0.4241,0.4263,181003200,0.3404
1991-10-04,0.4286,0.4353,0.4241,0.4308,79374400,0.3439
1991-10-07,0.4286,0.4353,0.4241,0.4297,64702400,0.3431
1991-10-08,0.4297,0.4330,0.4152,0.4308,172256000,0.3439
1991-10-09,0.4308,0.4353,0.4263,0.4286,132742400,0.3422
1991-10-10,0.4353,0.4375,0.4174,0.4263,157214400,0.3404
1991-10-11,0.4297,0.4364,0.4152,0.4330,120052800,0.3457
1991-10-14,0.4375,0.4487,0.4353,0.4453,111876800,0.3555
1991-10-15,0.4509,0.4688,0.4464,0.4688,288209600,0.3742
1991-10-16,0.4688,0.4821,0.4665,0.4777,200872000,0.3814
1991-10-17,0.4732,0.4754,0.4598,0.4676,151614400,0.3733
1991-10-18,0.4922,0.4955,0.4866,0.4911,446958400,0.3921
1991-10-21,0.4933,0.4989,0.4844,0.4888,116692800,0.3903
1991-10-22,0.4955,0.5022,0.4866,0.4866,208208000,0.3885
1991-10-23,0.4911,0.4933,0.4710,0.4743,168828800,0.3787
1991-10-24,0.4732,0.4754,0.4598,0.4654,177900800,0.3716
1991-10-25,0.4621,0.4665,0.4531,0.4576,106971200,0.3653
1991-10-28,0.4598,0.4621,0.4531,0.4598,77862400,0.3671
1991-10-29,0.4598,0.4643,0.4531,0.4621,101236800,0.3689
1991-10-30,0.4643,0.4710,0.4420,0.4442,148243200,0.3546
1991-10-31,0.4531,0.4621,0.4464,0.4598,231806400,0.3671
1991-11-01,0.4576,0.4643,0.4509,0.4554,201264000,0.3635
1991-11-04,0.4531,0.4531,0.4330,0.4442,195294400,0.3546
1991-11-05,0.4442,0.4509,0.4353,0.4353,215600000,0.3475
1991-11-06,0.4375,0.4397,0.4241,0.4286,236790400,0.3422
1991-11-07,0.4330,0.4509,0.4308,0.4442,296732800,0.3546
1991-11-08,0.4576,0.4799,0.4554,0.4754,375827200,0.3796
1991-11-11,0.4777,0.4866,0.4754,0.4799,164942400,0.3831
1991-11-12,0.4844,0.4888,0.4799,0.4866,166689600,0.3885
1991-11-13,0.4821,0.4866,0.4777,0.4833,185920000,0.3858
1991-11-14,0.4844,0.4933,0.4821,0.4888,188003200,0.3903
1991-11-15,0.4866,0.4888,0.4442,0.4464,256950400,0.3564
1991-11-18,0.4464,0.4688,0.4464,0.4654,238739200,0.3725
1991-11-19,0.4621,0.4621,0.4442,0.4576,285488000,0.3662
1991-11-20,0.4576,0.4643,0.4487,0.4509,168100800,0.3608
1991-11-21,0.4509,0.4621,0.4509,0.4554,106814400,0.3644
1991-11-22,0.4554,0.4621,0.4487,0.4576,97843200,0.3662
1991-11-25,0.4554,0.4665,0.4554,0.4576,78433600,0.3662
1991-11-26,0.4598,0.4643,0.4464,0.4598,139272000,0.3680
1991-11-27,0.4576,0.4598,0.4509,0.4554,63235200,0.3644
1991-11-29,0.4509,0.4598,0.4509,0.4531,34092800,0.3626
1991-12-02,0.4531,0.4643,0.4464,0.4621,118899200,0.3698
1991-12-03,0.4643,0.4643,0.4487,0.4509,102860800,0.3608
1991-12-04,0.4531,0.4531,0.4464,0.4509,80550400,0.3608
1991-12-05,0.4509,0.4554,0.4397,0.4464,99198400,0.3573
1991-12-06,0.4420,0.4442,0.4330,0.4353,196985600,0.3483
1991-12-09,0.4375,0.4464,0.4353,0.4386,97832000,0.3510
1991-12-10,0.4375,0.4420,0.4330,0.4386,122617600,0.3510
1991-12-11,0.4397,0.4442,0.4330,0.4375,84560000,0.3501
1991-12-12,0.4408,0.4442,0.4375,0.4408,91750400,0.3528
1991-12-13,0.4442,0.4531,0.4442,0.4498,95121600,0.3600
1991-12-16,0.4498,0.4531,0.4464,0.4509,77190400,0.3608
1991-12-17,0.4509,0.4554,0.4487,0.4509,97843200,0.3608
1991-12-18,0.4487,0.4643,0.4464,0.4621,186603200,0.3698
1991-12-19,0.4576,0.4621,0.4531,0.4531,115326400,0.3626
1991-12-20,0.4576,0.4598,0.4487,0.4487,128184000,0.3591
1991-12-23,0.4509,0.4621,0.4464,0.4598,103163200,0.3680
1991-12-24,0.4643,0.4799,0.4621,0.4665,188563200,0.3733
1991-12-26,0.4710,0.4911,0.4665,0.4900,134500800,0.3921
1991-12-27,0.4888,0.4978,0.4866,0.4911,167742400,0.3930
1991-12-30,0.4911,0.5112,0.4911,0.5067,183646400,0.4055
1991-12-31,0.5123,0.5179,0.5000,0.5033,134030400,0.4028
1992-01-02,0.4978,0.5335,0.4955,0.5313,233632000,0.4252
1992-01-03,0.5357,0.5379,0.5201,0.5268,190254400,0.4216
1992-01-06,0.5246,0.5268,0.5156,0.5179,114240000,0.4144
1992-01-07,0.5134,0.5313,0.5134,0.5279,141467200,0.4225
1992-01-08,0.5223,0.5469,0.5223,0.5402,232747200,0.4323
1992-01-09,0.5402,0.5558,0.5379,0.5558,208510400,0.4448
1992-01-10,0.5491,0.5580,0.5446,0.5558,196224000,0.4448
1992-01-13,0.5558,0.5603,0.5491,0.5536,107856000,0.4430
1992-01-14,0.5558,0.5781,0.5558,0.5759,273806400,0.4609
1992-01-15,0.5759,0.5804,0.5625,0.5670,325740800,0.4537
1992-01-16,0.5692,0.5737,0.5580,0.5603,293529600,0.4484
1992-01-17,0.6049,0.6161,0.5781,0.5781,848355200,0.4627
1992-01-20,0.5759,0.5826,0.5714,0.5714,209664000,0.4573
1992-01-21,0.5737,0.5737,0.5446,0.5458,194084800,0.4368
1992-01-22,0.5491,0.5692,0.5469,0.5670,183680000,0.4537
1992-01-23,0.5737,0.5781,0.5625,0.5759,138353600,0.4609
1992-01-24,0.5759,0.5871,0.5714,0.5770,177609600,0.4618
1992-01-27,0.5781,0.5826,0.5737,0.5759,83451200,0.4609
1992-01-28,0.5781,0.5837,0.5625,0.5826,173723200,0.4662
1992-01-29,0.5781,0.5871,0.5647,0.5647,144558400,0.4519
1992-01-30,0.5670,0.5692,0.5603,0.5692,87113600,0.4555
1992-01-31,0.5714,0.5826,0.5670,0.5781,144558400,0.4627
1992-02-03,0.5781,0.5915,0.5759,0.5871,158132800,0.4698
1992-02-04,0.5871,0.5915,0.5804,0.5871,192931200,0.4698
1992-02-05,0.5915,0.5960,0.5815,0.5904,161504000,0.4725
1992-02-06,0.5871,0.5893,0.5714,0.5725,93139200,0.4582
1992-02-07,0.5737,0.5781,0.5603,0.5714,147537600,0.4573
1992-02-10,0.5714,0.5737,0.5625,0.5636,86441600,0.4511
1992-02-11,0.5625,0.5692,0.5558,0.5614,122012800,0.4493
1992-02-12,0.5692,0.5848,0.5625,0.5826,137961600,0.4662
1992-02-13,0.5826,0.5826,0.5692,0.5737,76014400,0.4591
1992-02-14,0.5692,0.5737,0.5647,0.5725,72587200,0.4591
1992-02-18,0.5737,0.5759,0.5603,0.5603,68353600,0.4492
1992-02-19,0.5603,0.5625,0.5513,0.5536,95670400,0.4438
1992-02-20,0.5580,0.5781,0.5558,0.5770,130860800,0.4626
1992-02-21,0.5781,0.5848,0.5759,0.5804,151580800,0.4653
1992-02-24,0.5915,0.5938,0.5871,0.5904,171404800,0.4734
1992-02-25,0.5915,0.6116,0.5826,0.6116,227214400,0.4904
1992-02-26,0.6094,0.6250,0.6094,0.6239,229084800,0.5002
1992-02-27,0.6250,0.6250,0.6071,0.6116,122169600,0.4904
1992-02-28,0.6116,0.6161,0.5982,0.6027,90395200,0.4832
1992-03-02,0.6049,0.6116,0.6004,0.6004,89252800,0.4814
1992-03-03,0.6049,0.6071,0.5915,0.5926,99276800,0.4752
1992-03-04,0.5915,0.5960,0.5781,0.5804,115371200,0.4653
1992-03-05,0.5759,0.5848,0.5625,0.5670,236723200,0.4546
1992-03-06,0.5670,0.5714,0.5625,0.5714,134288000,0.4582
1992-03-09,0.5692,0.5737,0.5670,0.5692,108942400,0.4564
1992-03-10,0.5714,0.5781,0.5692,0.5692,122696000,0.4564
1992-03-11,0.5692,0.5737,0.5625,0.5647,131656000,0.4528
1992-03-12,0.5647,0.5692,0.5491,0.5603,152902400,0.4492
1992-03-13,0.5647,0.5692,0.5536,0.5636,79184000,0.4519
1992-03-16,0.5603,0.5670,0.5513,0.5658,56291200,0.4537
1992-03-17,0.5670,0.5692,0.5603,0.5614,85097600,0.4501
1992-03-18,0.5647,0.5714,0.5625,0.5692,81032000,0.4564
1992-03-19,0.5692,0.5692,0.5603,0.5625,118518400,0.4510
1992-03-20,0.5625,0.5647,0.5625,0.5647,54163200,0.4528
1992-03-23,0.5625,0.5692,0.5625,0.5625,50075200,0.4510
1992-03-24,0.5670,0.5804,0.5647,0.5804,209417600,0.4653
1992-03-25,0.5804,0.5804,0.5737,0.5759,121553600,0.4617
1992-03-26,0.5781,0.5826,0.5692,0.5714,123020800,0.4582
1992-03-27,0.5703,0.5714,0.5402,0.5446,264532800,0.4367
1992-03-30,0.5469,0.5469,0.5156,0.5190,339035200,0.4161
1992-03-31,0.5201,0.5335,0.5179,0.5201,212632000,0.4170
1992-04-01,0.5112,0.5290,0.5112,0.5268,159656000,0.4224
1992-04-02,0.5268,0.5313,0.5212,0.5246,133974400,0.4206
1992-04-03,0.5246,0.5290,0.5223,0.5268,116457600,0.4224
1992-04-06,0.5268,0.5446,0.5268,0.5424,101987200,0.4349
1992-04-07,0.5446,0.5469,0.5112,0.5112,230216000,0.4098
1992-04-08,0.5089,0.5089,0.4888,0.4989,367024000,0.4000
1992-04-09,0.5000,0.5201,0.4933,0.5112,192136000,0.4098
1992-04-10,0.5112,0.5134,0.4911,0.4955,274064000,0.3973
1992-04-13,0.4955,0.5067,0.4933,0.5045,122830400,0.4045
1992-04-14,0.5156,0.5290,0.5112,0.5246,144401600,0.4206
1992-04-15,0.5179,0.5435,0.5134,0.5402,217358400,0.4331
1992-04-16,0.5379,0.5424,0.5223,0.5268,258686400,0.4224
1992-04-20,0.5268,0.5268,0.5000,0.5067,206046400,0.4063
1992-04-21,0.5089,0.5112,0.5000,0.5022,180364800,0.4027
1992-04-22,0.5022,0.5179,0.5022,0.5145,171528000,0.4125
1992-04-23,0.5134,0.5201,0.5000,0.5089,182817600,0.4081
1992-04-24,0.5089,0.5201,0.5000,0.5045,98280000,0.4045
1992-04-27,0.5000,0.5022,0.4911,0.4978,140268800,0.3991
1992-04-28,0.4933,0.4978,0.4732,0.4844,174126400,0.3884
1992-04-29,0.4844,0.5089,0.4844,0.5089,198900800,0.4081
1992-04-30,0.5112,0.5379,0.5045,0.5368,260265600,0.4304
1992-05-01,0.5357,0.5424,0.5201,0.5290,134377600,0.4242
1992-05-04,0.5313,0.5469,0.5290,0.5402,123233600,0.4331
1992-05-05,0.5402,0.5413,0.5313,0.5402,180084800,0.4331
1992-05-06,0.5424,0.5547,0.5402,0.5513,177990400,0.4421
1992-05-07,0.5491,0.5558,0.5402,0.5424,172356800,0.4349
1992-05-08,0.5491,0.5614,0.5446,0.5536,198699200,0.4438
1992-05-11,0.5536,0.5603,0.5491,0.5558,90899200,0.4456
1992-05-12,0.5558,0.5625,0.5513,0.5558,77044800,0.4456
1992-05-13,0.5580,0.5647,0.5558,0.5603,97473600,0.4492
1992-05-14,0.5603,0.5625,0.5379,0.5480,156923200,0.4394
1992-05-15,0.5446,0.5469,0.5402,0.5413,121307200,0.4340
1992-05-18,0.5491,0.5491,0.5357,0.5391,129091200,0.4322
1992-05-19,0.5424,0.5424,0.5268,0.5301,131678400,0.4251
1992-05-20,0.5335,0.5379,0.5290,0.5357,173208000,0.4295
1992-05-21,0.5379,0.5379,0.5246,0.5279,137692800,0.4233
1992-05-22,0.5268,0.5335,0.5268,0.5313,46468800,0.4259
1992-05-26,0.5313,0.5335,0.5246,0.5290,95614400,0.4242
1992-05-27,0.5290,0.5379,0.5268,0.5379,154089600,0.4313
1992-05-28,0.5357,0.5379,0.5268,0.5313,127243200,0.4259
1992-05-29,0.5335,0.5413,0.5313,0.5335,178248000,0.4277
1992-06-01,0.5112,0.5313,0.5000,0.5134,248046400,0.4125
1992-06-02,0.5134,0.5134,0.5022,0.5045,155680000,0.4053
1992-06-03,0.5045,0.5045,0.4821,0.4833,300574400,0.3883
1992-06-04,0.4844,0.4888,0.4777,0.4866,180152000,0.3909
1992-06-05,0.4888,0.4933,0.4844,0.4900,112728000,0.3936
1992-06-08,0.4911,0.4911,0.4821,0.4844,104339200,0.3891
1992-06-09,0.4844,0.4844,0.4777,0.4821,101281600,0.3874
1992-06-10,0.4821,0.4888,0.4777,0.4799,126604800,0.3856
1992-06-11,0.4799,0.4844,0.4777,0.4810,140515200,0.3865
1992-06-12,0.4866,0.4911,0.4844,0.4877,96510400,0.3918
1992-06-15,0.4821,0.4821,0.4688,0.4699,189190400,0.3775
1992-06-16,0.4621,0.4643,0.4353,0.4397,365355200,0.3533
1992-06-17,0.4375,0.4397,0.4196,0.4241,304248000,0.3407
1992-06-18,0.4241,0.4375,0.3996,0.4040,433720000,0.3246
1992-06-19,0.4107,0.4107,0.3906,0.3996,427436800,0.3210
1992-06-22,0.3929,0.3996,0.3817,0.3951,389939200,0.3174
1992-06-23,0.4018,0.4063,0.3973,0.4040,311550400,0.3246
1992-06-24,0.4063,0.4107,0.4040,0.4107,211064000,0.3300
1992-06-25,0.4152,0.4152,0.4040,0.4074,160608000,0.3273
1992-06-26,0.4085,0.4107,0.3973,0.4040,110364800,0.3246
1992-06-29,0.4085,0.4208,0.4040,0.4174,188428800,0.3353
1992-06-30,0.4174,0.4308,0.4152,0.4286,193345600,0.3443
1992-07-01,0.4286,0.4420,0.4263,0.4375,143528000,0.3515
1992-07-02,0.4375,0.4375,0.4085,0.4129,256648000,0.3318
1992-07-06,0.4152,0.4174,0.4063,0.4129,122001600,0.3318
1992-07-07,0.4129,0.4129,0.3884,0.3951,207088000,0.3174
1992-07-08,0.3929,0.4085,0.3929,0.4085,195955200,0.3282
1992-07-09,0.4107,0.4152,0.4085,0.4096,165793600,0.3291
1992-07-10,0.4107,0.4129,0.4007,0.4085,143796800,0.3282
1992-07-13,0.4085,0.4208,0.4040,0.4196,125563200,0.3371
1992-07-14,0.4196,0.4286,0.4196,0.4241,125988800,0.3407
1992-07-15,0.4241,0.4375,0.4219,0.4286,174462400,0.3443
1992-07-16,0.4263,0.4375,0.4219,0.4353,139798400,0.3497
1992-07-17,0.4018,0.4107,0.3984,0.4018,423640000,0.3228
1992-07-20,0.3996,0.4040,0.3929,0.3996,192124800,0.3210
1992-07-21,0.4063,0.4129,0.4018,0.4085,131947200,0.3282
1992-07-22,0.4040,0.4063,0.3929,0.3951,161974400,0.3174
1992-07-23,0.3973,0.3996,0.3906,0.3996,171516800,0.3210
1992-07-24,0.3973,0.4129,0.3929,0.4096,134971200,0.3291
1992-07-27,0.4085,0.4152,0.4040,0.4040,2396800,0.3246
1992-07-28,0.4063,0.4152,0.4040,0.4152,134243200,0.3336
1992-07-29,0.4163,0.4263,0.4152,0.4219,250768000,0.3389
1992-07-30,0.4219,0.4241,0.4174,0.4219,137894400,0.3389
1992-07-31,0.4219,0.4241,0.4174,0.4174,90708800,0.3353
1992-08-03,0.4174,0.4219,0.4063,0.4085,68544000,0.3282
1992-08-04,0.4018,0.4085,0.3996,0.4063,119716800,0.3264
1992-08-05,0.4063,0.4063,0.3973,0.3996,139260800,0.3210
1992-08-06,0.3951,0.3973,0.3817,0.3929,257969600,0.3156
1992-08-07,0.3750,0.3906,0.3705,0.3873,219161600,0.3111
1992-08-10,0.3862,0.3973,0.3839,0.3940,91448000,0.3165
1992-08-11,0.3973,0.3973,0.3839,0.3884,121307200,0.3120
1992-08-12,0.3906,0.3951,0.3862,0.3940,121385600,0.3165
1992-08-13,0.3973,0.4063,0.3951,0.3996,170990400,0.3210
1992-08-14,0.4018,0.4040,0.3973,0.3996,136102400,0.3210
1992-08-17,0.3951,0.3996,0.3906,0.3996,128710400,0.3219
1992-08-18,0.3973,0.4040,0.3973,0.3996,112313600,0.3219
1992-08-19,0.3984,0.4040,0.3973,0.3973,170542400,0.3201
1992-08-20,0.3996,0.4018,0.3951,0.3996,108908800,0.3219
1992-08-21,0.3996,0.4040,0.3929,0.3984,109468800,0.3210
1992-08-24,0.3951,0.3996,0.3862,0.3862,152174400,0.3111
1992-08-25,0.3862,0.3973,0.3862,0.3962,132361600,0.3192
1992-08-26,0.3951,0.3973,0.3862,0.3951,121060800,0.3183
1992-08-27,0.3996,0.4029,0.3951,0.3973,82745600,0.3201
1992-08-28,0.3951,0.4040,0.3929,0.4018,61241600,0.3237
1992-08-31,0.4018,0.4129,0.3996,0.4107,121116800,0.3309
1992-09-01,0.4129,0.4152,0.4085,0.4152,60289600,0.3345
1992-09-02,0.4152,0.4353,0.4152,0.4330,189896000,0.3488
1992-09-03,0.4375,0.4397,0.4263,0.4263,211859200,0.3434
1992-09-04,0.4308,0.4308,0.4174,0.4219,63235200,0.3398
1992-09-08,0.4174,0.4286,0.4152,0.4263,70000000,0.3434
1992-09-09,0.4286,0.4397,0.4263,0.4375,157203200,0.3524
1992-09-10,0.4286,0.4420,0.4241,0.4397,228177600,0.3542
1992-09-11,0.4375,0.4397,0.4241,0.4252,179883200,0.3425
1992-09-14,0.4375,0.4464,0.4330,0.4420,214681600,0.3560
1992-09-15,0.4397,0.4397,0.4263,0.4308,218523200,0.3470
1992-09-16,0.4263,0.4308,0.4152,0.4196,178718400,0.3380
1992-09-17,0.4219,0.4219,0.4051,0.4107,172435200,0.3309
1992-09-18,0.4085,0.4185,0.4040,0.4152,115606400,0.3345
1992-09-21,0.4174,0.4263,0.4129,0.4152,89678400,0.3345
1992-09-22,0.4174,0.4174,0.4040,0.4085,111540800,0.3291
1992-09-23,0.4107,0.4241,0.4063,0.4241,123972800,0.3416
1992-09-24,0.4219,0.4263,0.4129,0.4129,125652800,0.3327
1992-09-25,0.4129,0.4152,0.4040,0.4063,137468800,0.3273
1992-09-28,0.4018,0.4018,0.3906,0.3996,149520000,0.3219
1992-09-29,0.3973,0.4063,0.3929,0.4007,157270400,0.3228
1992-09-30,0.4018,0.4063,0.3973,0.4029,100049600,0.3246
1992-10-01,0.3996,0.4029,0.3951,0.3951,122729600,0.3183
1992-10-02,0.3973,0.3996,0.3839,0.3906,113545600,0.3147
1992-10-05,0.3862,0.3906,0.3705,0.3884,264958400,0.3129
1992-10-06,0.3906,0.4018,0.3817,0.3996,113444800,0.3219
1992-10-07,0.4018,0.4040,0.3884,0.3906,113310400,0.3147
1992-10-08,0.3929,0.3951,0.3839,0.3884,126974400,0.3129
1992-10-09,0.3884,0.3929,0.3839,0.3873,58744000,0.3120
1992-10-12,0.3862,0.3951,0.3862,0.3929,71635200,0.3165
1992-10-13,0.3996,0.4107,0.3929,0.4051,147179200,0.3264
1992-10-14,0.4040,0.4129,0.4018,0.4107,95726400,0.3309
1992-10-15,0.4085,0.4107,0.4040,0.4063,75420800,0.3273
1992-10-16,0.4174,0.4420,0.4152,0.4375,451348800,0.3524
1992-10-19,0.4375,0.4397,0.4330,0.4375,196044800,0.3524
1992-10-20,0.4375,0.4464,0.4330,0.4386,287246400,0.3533
1992-10-21,0.4397,0.4420,0.4286,0.4330,114251200,0.3488
1992-10-22,0.4330,0.4397,0.4308,0.4353,84470400,0.3506
1992-10-23,0.4397,0.4420,0.4308,0.4353,91425600,0.3506
1992-10-26,0.4353,0.4598,0.4330,0.4598,250689600,0.3704
1992-10-27,0.4598,0.4688,0.4554,0.4598,211960000,0.3704
1992-10-28,0.4576,0.4710,0.4531,0.4665,196593600,0.3758
1992-10-29,0.4665,0.4821,0.4598,0.4754,213897600,0.3830
1992-10-30,0.4777,0.4777,0.4643,0.4688,129830400,0.3776
1992-11-02,0.4688,0.4710,0.4621,0.4665,170094400,0.3758
1992-11-03,0.4688,0.4688,0.4598,0.4643,112750400,0.3740
1992-11-04,0.4643,0.4710,0.4643,0.4688,141960000,0.3776
1992-11-05,0.4688,0.4911,0.4688,0.4911,298054400,0.3956
1992-11-06,0.4888,0.5045,0.4888,0.4978,263972800,0.4010
1992-11-09,0.5000,0.5000,0.4888,0.4933,112929600,0.3974
1992-11-10,0.4911,0.5045,0.4888,0.5022,122225600,0.4046
1992-11-11,0.5045,0.5201,0.5022,0.5067,140425600,0.4082
1992-11-12,0.5089,0.5134,0.5033,0.5078,107598400,0.4091
1992-11-13,0.5089,0.5112,0.5000,0.5022,84750400,0.4046
1992-11-16,0.5022,0.5156,0.5000,0.5123,67547200,0.4127
1992-11-17,0.5112,0.5134,0.4900,0.4933,168806400,0.3974
1992-11-18,0.5000,0.5201,0.4955,0.5156,304808000,0.4154
1992-11-19,0.5156,0.5313,0.5156,0.5201,240542400,0.4190
1992-11-20,0.5223,0.5246,0.5089,0.5134,155489600,0.4136
1992-11-23,0.5045,0.5089,0.5022,0.5067,152723200,0.4082
1992-11-24,0.5089,0.5134,0.5045,0.5134,156822400,0.4136
1992-11-25,0.5089,0.5112,0.5000,0.5045,117342400,0.4064
1992-11-27,0.5045,0.5112,0.5022,0.5045,47196800,0.4064
1992-11-30,0.5022,0.5134,0.4967,0.5134,160507200,0.4144
1992-12-01,0.5112,0.5268,0.5067,0.5201,130144000,0.4199
1992-12-02,0.5201,0.5223,0.5089,0.5112,97776000,0.4126
1992-12-03,0.5045,0.5145,0.5011,0.5134,187588800,0.4144
1992-12-04,0.5112,0.5134,0.5045,0.5078,95782400,0.4099
1992-12-07,0.5067,0.5156,0.5067,0.5156,144222400,0.4163
1992-12-08,0.5156,0.5246,0.5156,0.5190,196638400,0.4190
1992-12-09,0.5156,0.5179,0.5112,0.5145,159409600,0.4153
1992-12-10,0.5112,0.5145,0.5045,0.5112,140190400,0.4126
1992-12-11,0.5112,0.5201,0.5112,0.5134,120187200,0.4144
1992-12-14,0.5134,0.5156,0.5067,0.5112,110510400,0.4126
1992-12-15,0.5067,0.5089,0.4955,0.5033,182537600,0.4063
1992-12-16,0.5022,0.5089,0.4866,0.4911,225926400,0.3964
1992-12-17,0.4933,0.5134,0.4933,0.5078,233867200,0.4099
1992-12-18,0.5134,0.5290,0.5112,0.5201,235457600,0.4199
1992-12-21,0.5201,0.5357,0.5179,0.5324,256065600,0.4298
1992-12-22,0.5335,0.5469,0.5335,0.5413,280168000,0.4370
1992-12-23,0.5379,0.5402,0.5290,0.5335,112336000,0.4307
1992-12-24,0.5357,0.5357,0.5268,0.5268,45964800,0.4253
1992-12-28,0.5290,0.5335,0.5290,0.5313,70448000,0.4289
1992-12-29,0.5313,0.5424,0.5313,0.5324,116278400,0.4298
1992-12-30,0.5335,0.5335,0.5246,0.5246,100587200,0.4235
1992-12-31,0.5246,0.5357,0.5246,0.5335,92232000,0.4307
1993-01-04,0.5313,0.5357,0.5156,0.5201,129136000,0.4199
1993-01-05,0.5179,0.5290,0.5112,0.5290,186256000,0.4271
1993-01-06,0.5424,0.5536,0.5402,0.5513,281400000,0.4451
1993-01-07,0.5513,0.5580,0.5413,0.5446,272137600,0.4397
1993-01-08,0.5424,0.5625,0.5335,0.5558,320936000,0.4487
1993-01-11,0.5536,0.5748,0.5513,0.5725,273728000,0.4622
1993-01-12,0.5603,0.5692,0.5491,0.5491,346158400,0.4433
1993-01-13,0.5491,0.5714,0.5469,0.5670,199640000,0.4577
1993-01-14,0.5714,0.5826,0.5692,0.5804,367808000,0.4685
1993-01-15,0.5446,0.5558,0.5357,0.5379,902630400,0.4343
1993-01-18,0.5313,0.5357,0.5179,0.5313,333636800,0.4289
1993-01-19,0.5335,0.5402,0.5290,0.5335,274041600,0.4307
1993-01-20,0.5335,0.5379,0.5313,0.5357,158737600,0.4325
1993-01-21,0.5335,0.5379,0.5246,0.5357,184419200,0.4325
1993-01-22,0.5379,0.5379,0.5268,0.5313,146944000,0.4289
1993-01-25,0.5290,0.5402,0.5290,0.5357,202272000,0.4325
1993-01-26,0.5402,0.5536,0.5402,0.5424,285622400,0.4379
1993-01-27,0.5446,0.5513,0.5246,0.5379,226620800,0.4343
1993-01-28,0.5357,0.5379,0.5290,0.5346,184038400,0.4316
1993-01-29,0.5379,0.5469,0.5268,0.5313,266100800,0.4289
1993-02-01,0.5290,0.5469,0.5290,0.5469,240553600,0.4415
1993-02-02,0.5424,0.5491,0.5379,0.5379,182336000,0.4343
1993-02-03,0.5446,0.5446,0.5223,0.5357,264185600,0.4325
1993-02-04,0.5357,0.5379,0.5268,0.5313,208152000,0.4289
1993-02-05,0.5290,0.5313,0.5022,0.5112,367617600,0.4126
1993-02-08,0.5089,0.5134,0.4955,0.5045,281075200,0.4072
1993-02-09,0.5089,0.5123,0.5045,0.5078,238660800,0.4099
1993-02-10,0.5089,0.5112,0.4911,0.4978,268284800,0.4018
1993-02-11,0.4978,0.5022,0.4911,0.4922,168268800,0.3973
1993-02-12,0.4911,0.4955,0.4799,0.4810,275396800,0.3892
1993-02-16,0.4777,0.4777,0.4598,0.4732,407736000,0.3828
1993-02-17,0.4754,0.4821,0.4643,0.4810,249580800,0.3892
1993-02-18,0.4911,0.4933,0.4777,0.4911,280123200,0.3973
1993-02-19,0.4933,0.4955,0.4888,0.4911,177800000,0.3973
1993-02-22,0.4911,0.5000,0.4888,0.4922,98761600,0.3982
1993-02-23,0.4911,0.4933,0.4821,0.4844,194073600,0.3919
1993-02-24,0.4654,0.4810,0.4654,0.4788,286563200,0.3874
1993-02-25,0.4754,0.4888,0.4754,0.4888,167227200,0.3955
1993-02-26,0.4844,0.4844,0.4665,0.4732,294884800,0.3828
1993-03-01,0.4732,0.4777,0.4710,0.4754,119302400,0.3847
1993-03-02,0.4732,0.4866,0.4732,0.4844,147694400,0.3919
1993-03-03,0.4821,0.4911,0.4754,0.4877,202697600,0.3946
1993-03-04,0.4866,0.4933,0.4777,0.4911,188339200,0.3973
1993-03-05,0.4888,0.4978,0.4888,0.4911,111619200,0.3973
1993-03-08,0.4911,0.5067,0.4911,0.5045,177004800,0.4081
1993-03-09,0.5045,0.5134,0.5045,0.5067,154828800,0.4099
1993-03-10,0.5067,0.5112,0.5000,0.5067,132496000,0.4099
1993-03-11,0.5089,0.5112,0.5022,0.5078,144614400,0.4108
1993-03-12,0.5067,0.5067,0.4955,0.5022,126694400,0.4063
1993-03-15,0.5000,0.5112,0.4944,0.5089,136035200,0.4117
1993-03-16,0.5112,0.5156,0.5045,0.5045,101281600,0.4081
1993-03-17,0.5045,0.5089,0.4911,0.4922,176220800,0.3982
1993-03-18,0.4911,0.4967,0.4866,0.4866,106187200,0.3937
1993-03-19,0.4911,0.4933,0.4777,0.4799,154100800,0.3883
1993-03-22,0.4777,0.4810,0.4710,0.4754,165200000,0.3847
1993-03-23,0.4754,0.4821,0.4699,0.4710,102536000,0.3810
1993-03-24,0.4710,0.4844,0.4688,0.4799,143068800,0.3883
1993-03-25,0.4799,0.4888,0.4777,0.4888,171046400,0.3955
1993-03-26,0.4888,0.4888,0.4688,0.4754,151760000,0.3847
1993-03-29,0.4665,0.4688,0.4531,0.4554,261710400,0.3684
1993-03-30,0.4565,0.4665,0.4487,0.4665,264051200,0.3774
1993-03-31,0.4688,0.4710,0.4576,0.4598,223036800,0.3720
1993-04-01,0.4576,0.4643,0.4554,0.4621,108203200,0.3738
1993-04-02,0.4509,0.4576,0.4420,0.4475,253792000,0.3621
1993-04-05,0.4464,0.4509,0.4420,0.4464,149172800,0.3612
1993-04-06,0.4464,0.4487,0.4353,0.4353,168369600,0.3521
1993-04-07,0.4375,0.4531,0.4330,0.4509,162848000,0.3648
1993-04-08,0.4464,0.4509,0.4375,0.4442,163430400,0.3594
1993-04-12,0.4420,0.4554,0.4420,0.4464,93049600,0.3612
1993-04-13,0.4509,0.4576,0.4308,0.4330,164483200,0.3503
1993-04-14,0.4308,0.4353,0.4252,0.4353,170060800,0.3521
1993-04-15,0.4308,0.4308,0.4174,0.4219,218702400,0.3413
1993-04-16,0.4308,0.4353,0.4230,0.4297,686795200,0.3476
1993-04-19,0.4330,0.4420,0.4308,0.4330,227864000,0.3503
1993-04-20,0.4353,0.4487,0.4308,0.4464,240049600,0.3612
1993-04-21,0.4487,0.4531,0.4397,0.4431,205273600,0.3585
1993-04-22,0.4397,0.4509,0.4375,0.4464,157673600,0.3612
1993-04-23,0.4442,0.4487,0.4353,0.4397,134142400,0.3558
1993-04-26,0.4397,0.4442,0.4330,0.4375,102804800,0.3540
1993-04-27,0.4353,0.4487,0.4353,0.4487,129673600,0.3630
1993-04-28,0.4442,0.4643,0.4442,0.4587,163240000,0.3711
1993-04-29,0.4598,0.4621,0.4475,0.4531,82443200,0.3666
1993-04-30,0.4531,0.4688,0.4531,0.4576,132339200,0.3702
1993-05-03,0.4576,0.4643,0.4554,0.4632,65184000,0.3747
1993-05-04,0.4665,0.4844,0.4643,0.4766,170822400,0.3856
1993-05-05,0.4732,0.4955,0.4732,0.4866,253064000,0.3937
1993-05-06,0.4866,0.4888,0.4777,0.4799,70459200,0.3883
1993-05-07,0.4777,0.4888,0.4777,0.4888,81894400,0.3955
1993-05-10,0.4911,0.4989,0.4911,0.4911,137928000,0.3973
1993-05-11,0.4911,0.4933,0.4821,0.4866,158379200,0.3937
1993-05-12,0.4844,0.4888,0.4732,0.4754,105224000,0.3847
1993-05-13,0.4777,0.4978,0.4777,0.4955,361726400,0.4009
1993-05-14,0.4933,0.5000,0.4911,0.4955,117409600,0.4009
1993-05-17,0.4955,0.5000,0.4911,0.4978,69641600,0.4027
1993-05-18,0.4955,0.5022,0.4911,0.4955,163475200,0.4009
1993-05-19,0.4888,0.5134,0.4866,0.5112,172771200,0.4135
1993-05-20,0.5112,0.5268,0.5112,0.5246,290528000,0.4244
1993-05-21,0.5246,0.5279,0.5067,0.5134,148198400,0.4154
1993-05-24,0.5067,0.5246,0.5067,0.5145,150315200,0.4163
1993-05-25,0.5067,0.5134,0.4978,0.5033,180723200,0.4072
1993-05-26,0.5000,0.5156,0.4944,0.5156,121564800,0.4172
1993-05-27,0.5156,0.5223,0.5112,0.5134,197288000,0.4154
1993-05-28,0.5089,0.5134,0.5022,0.5056,183948800,0.4099
1993-06-01,0.5045,0.5156,0.5045,0.5089,135072000,0.4126
1993-06-02,0.5067,0.5201,0.5000,0.5089,200480000,0.4126
1993-06-03,0.5089,0.5112,0.5000,0.5033,156856000,0.4081
1993-06-04,0.4978,0.5022,0.4866,0.4900,213684800,0.3972
1993-06-07,0.4866,0.4888,0.4498,0.4531,482305600,0.3674
1993-06-08,0.4353,0.4464,0.4286,0.4420,621096000,0.3583
1993-06-09,0.4018,0.4074,0.3929,0.3951,1178419200,0.3203
1993-06-10,0.3884,0.3996,0.3817,0.3973,553705600,0.3221
1993-06-11,0.4018,0.4040,0.3873,0.3906,242323200,0.3167
1993-06-14,0.3929,0.3996,0.3884,0.3984,249491200,0.3230
1993-06-15,0.4040,0.4040,0.3739,0.3750,448324800,0.3040
1993-06-16,0.3772,0.3862,0.3705,0.3772,353080000,0.3058
1993-06-17,0.3795,0.3795,0.3616,0.3683,409438400,0.2986
1993-06-18,0.3717,0.3761,0.3549,0.3661,311292800,0.2968
1993-06-21,0.3616,0.3616,0.3527,0.3538,273582400,0.2868
1993-06-22,0.3650,0.3750,0.3549,0.3694,336380800,0.2995
1993-06-23,0.3728,0.3728,0.3571,0.3616,180723200,0.2932
1993-06-24,0.3616,0.3728,0.3571,0.3728,222835200,0.3022
1993-06-25,0.3605,0.3638,0.3527,0.3571,257163200,0.2895
1993-06-28,0.3616,0.3616,0.3460,0.3583,353617600,0.2904
1993-06-29,0.3594,0.3594,0.3438,0.3482,294268800,0.2823
1993-06-30,0.3460,0.3549,0.3438,0.3527,200256000,0.2859
1993-07-01,0.3482,0.3549,0.3393,0.3393,218164800,0.2751
1993-07-02,0.3415,0.3460,0.3371,0.3438,191632000,0.2787
1993-07-06,0.3415,0.3482,0.3348,0.3371,155254400,0.2733
1993-07-07,0.3348,0.3382,0.3237,0.3259,227035200,0.2642
1993-07-08,0.3259,0.3348,0.3237,0.3259,138969600,0.2642
1993-07-09,0.3304,0.3326,0.3259,0.3281,156878400,0.2660
1993-07-12,0.3281,0.3404,0.3237,0.3393,173880000,0.2751
1993-07-13,0.3460,0.3460,0.3304,0.3326,158110400,0.2696
1993-07-14,0.3281,0.3348,0.3192,0.3326,246299200,0.2696
1993-07-15,0.3326,0.3371,0.3147,0.3192,338038400,0.2588
1993-07-16,0.2545,0.2645,0.2366,0.2455,2120596800,0.1991
1993-07-19,0.2500,0.2567,0.2277,0.2288,806232000,0.1855
1993-07-20,0.2344,0.2478,0.2299,0.2400,531910400,0.1945
1993-07-21,0.2321,0.2388,0.2277,0.2344,455907200,0.1900
1993-07-22,0.2321,0.2411,0.2299,0.2366,211176000,0.1918
1993-07-23,0.2411,0.2455,0.2321,0.2344,233777600,0.1900
1993-07-26,0.2388,0.2455,0.2321,0.2400,152824000,0.1945
1993-07-27,0.2388,0.2455,0.2344,0.2366,198609600,0.1918
1993-07-28,0.2344,0.2411,0.2344,0.2400,91795200,0.1945
1993-07-29,0.2411,0.2455,0.2388,0.2433,121374400,0.1973
1993-07-30,0.2455,0.2522,0.2411,0.2478,214446400,0.2009
1993-08-02,0.2522,0.2612,0.2500,0.2545,216305600,0.2063
1993-08-03,0.2589,0.2612,0.2567,0.2589,176478400,0.2099
1993-08-04,0.2612,0.2723,0.2589,0.2701,242995200,0.2190
1993-08-05,0.2746,0.2746,0.2589,0.2634,209372800,0.2135
1993-08-06,0.2612,0.2701,0.2612,0.2612,125921600,0.2117
1993-08-09,0.2612,0.2701,0.2589,0.2656,161414400,0.2153
1993-08-10,0.2634,0.2656,0.2522,0.2545,152779200,0.2063
1993-08-11,0.2545,0.2545,0.2411,0.2455,166969600,0.1991
1993-08-12,0.2455,0.2478,0.2321,0.2366,338172800,0.1918
1993-08-13,0.2366,0.2478,0.2344,0.2444,138812800,0.1982
1993-08-16,0.2455,0.2500,0.2433,0.2455,102446400,0.1999
1993-08-17,0.2478,0.2545,0.2433,0.2533,108180800,0.2063
1993-08-18,0.2589,0.2656,0.2522,0.2545,188720000,0.2072
1993-08-19,0.2567,0.2567,0.2455,0.2455,152129600,0.1999
1993-08-20,0.2478,0.2500,0.2411,0.2500,99937600,0.2036
1993-08-23,0.2500,0.2567,0.2455,0.2533,91179200,0.2063
1993-08-24,0.2522,0.2567,0.2478,0.2500,101259200,0.2036
1993-08-25,0.2500,0.2522,0.2388,0.2433,145768000,0.1981
1993-08-26,0.2433,0.2433,0.2366,0.2400,176142400,0.1954
1993-08-27,0.2411,0.2411,0.2344,0.2366,186569600,0.1927
1993-08-30,0.2366,0.2366,0.2310,0.2321,273739200,0.1890
1993-08-31,0.2366,0.2388,0.2321,0.2366,127870400,0.1927
1993-09-01,0.2366,0.2388,0.2299,0.2333,225568000,0.1899
1993-09-02,0.2321,0.2344,0.2254,0.2299,282262400,0.1872
1993-09-03,0.2321,0.2321,0.2254,0.2299,162937600,0.1872
1993-09-07,0.2321,0.2411,0.2299,0.2344,143539200,0.1908
1993-09-08,0.2344,0.2411,0.2321,0.2388,226632000,0.1945
1993-09-09,0.2388,0.2411,0.2321,0.2321,149531200,0.1890
1993-09-10,0.2344,0.2344,0.2266,0.2344,134489600,0.1908
1993-09-13,0.2344,0.2366,0.2210,0.2254,255785600,0.1836
1993-09-14,0.2165,0.2232,0.2143,0.2165,276640000,0.1763
1993-09-15,0.2188,0.2232,0.2098,0.2188,257723200,0.1781
1993-09-16,0.2165,0.2232,0.2165,0.2210,85960000,0.1799
1993-09-17,0.2176,0.2277,0.2165,0.2254,172032000,0.1836
1993-09-20,0.2254,0.2277,0.2210,0.2221,111036800,0.1809
1993-09-21,0.2210,0.2254,0.2132,0.2188,146496000,0.1781
1993-09-22,0.2165,0.2277,0.2165,0.2277,110488000,0.1854
1993-09-23,0.2277,0.2277,0.2188,0.2210,130950400,0.1799
1993-09-24,0.2232,0.2254,0.2188,0.2232,76574400,0.1818
1993-09-27,0.2232,0.2254,0.2165,0.2210,113176000,0.1799
1993-09-28,0.2210,0.2232,0.2165,0.2210,94550400,0.1799
1993-09-29,0.2165,0.2221,0.2121,0.2132,236745600,0.1736
1993-09-30,0.2143,0.2143,0.2054,0.2087,274904000,0.1699
1993-10-01,0.2031,0.2054,0.2009,0.2031,335988800,0.1654
1993-10-04,0.2020,0.2054,0.1964,0.2031,192841600,0.1654
1993-10-05,0.2054,0.2143,0.2054,0.2098,176310400,0.1709
1993-10-06,0.2121,0.2143,0.2087,0.2109,175280000,0.1718
1993-10-07,0.2098,0.2121,0.2031,0.2054,134904000,0.1672
1993-10-08,0.2076,0.2076,0.1987,0.2020,139406400,0.1645
1993-10-11,0.2031,0.2143,0.2031,0.2121,161145600,0.1727
1993-10-12,0.2143,0.2232,0.2121,0.2143,306342400,0.1745
1993-10-13,0.2165,0.2165,0.2098,0.2143,177004800,0.1745
1993-10-14,0.2143,0.2188,0.2098,0.2121,160686400,0.1727
1993-10-15,0.2478,0.2545,0.2388,0.2522,955248000,0.2054
1993-10-18,0.2500,0.2567,0.2478,0.2533,332998400,0.2063
1993-10-19,0.2522,0.2545,0.2433,0.2478,213572800,0.2018
1993-10-20,0.2500,0.2522,0.2433,0.2478,138409600,0.2018
1993-10-21,0.2455,0.2790,0.2433,0.2701,627110400,0.2199
1993-10-22,0.2723,0.2813,0.2656,0.2701,396076800,0.2199
1993-10-25,0.2701,0.2723,0.2645,0.2679,219128000,0.2181
1993-10-26,0.2656,0.2679,0.2589,0.2656,222476800,0.2163
1993-10-27,0.2679,0.2879,0.2656,0.2835,459065600,0.2308
1993-10-28,0.2835,0.2879,0.2768,0.2768,244462400,0.2254
1993-10-29,0.2768,0.2835,0.2723,0.2746,136864000,0.2236
1993-11-01,0.2746,0.2813,0.2701,0.2813,105974400,0.2290
1993-11-02,0.2790,0.2946,0.2768,0.2924,224246400,0.2381
1993-11-03,0.2946,0.2946,0.2768,0.2824,176960000,0.2299
1993-11-04,0.2813,0.2879,0.2746,0.2879,185371200,0.2345
1993-11-05,0.2846,0.2879,0.2746,0.2846,378033600,0.2317
1993-11-08,0.2857,0.2868,0.2723,0.2746,166992000,0.2236
1993-11-09,0.2768,0.2790,0.2656,0.2690,171248000,0.2190
1993-11-10,0.2701,0.2746,0.2679,0.2746,76977600,0.2236
1993-11-11,0.2746,0.2857,0.2723,0.2801,142430400,0.2281
1993-11-12,0.2813,0.2857,0.2723,0.2835,143662400,0.2308
1993-11-15,0.2813,0.2924,0.2813,0.2857,157102400,0.2327
1993-11-16,0.2857,0.3058,0.2835,0.3036,303083200,0.2472
1993-11-17,0.3036,0.3125,0.2924,0.2991,302624000,0.2436
1993-11-18,0.2991,0.3013,0.2946,0.2991,114408000,0.2436
1993-11-19,0.2946,0.2991,0.2902,0.2946,122964800,0.2408
1993-11-22,0.2924,0.2946,0.2879,0.2902,150606400,0.2371
1993-11-23,0.2902,0.2946,0.2790,0.2946,186166400,0.2408
1993-11-24,0.2924,0.2991,0.2913,0.2946,90440000,0.2408
1993-11-26,0.2924,0.2946,0.2879,0.2913,43444800,0.2381
1993-11-29,0.2879,0.2902,0.2813,0.2835,96712000,0.2317
1993-11-30,0.2835,0.2913,0.2813,0.2813,112660800,0.2298
1993-12-01,0.2857,0.2879,0.2790,0.2813,111216000,0.2298
1993-12-02,0.2835,0.2857,0.2768,0.2835,100654400,0.2317
1993-12-03,0.2835,0.2857,0.2768,0.2813,120467200,0.2298
1993-12-06,0.2813,0.2902,0.2790,0.2879,156979200,0.2353
1993-12-07,0.2857,0.2879,0.2813,0.2879,63851200,0.2353
1993-12-08,0.2857,0.2879,0.2813,0.2846,39592000,0.2326
1993-12-09,0.2835,0.2857,0.2656,0.2679,182761600,0.2189
1993-12-10,0.2701,0.2723,0.2478,0.2522,497257600,0.2061
1993-12-13,0.2522,0.2634,0.2478,0.2634,244328000,0.2152
1993-12-14,0.2612,0.2656,0.2589,0.2600,293664000,0.2125
1993-12-15,0.2589,0.2656,0.2589,0.2656,123883200,0.2171
1993-12-16,0.2634,0.2656,0.2589,0.2623,126369600,0.2143
1993-12-17,0.2634,0.2656,0.2600,0.2634,145152000,0.2152
1993-12-20,0.2612,0.2656,0.2522,0.2545,189033600,0.2080
1993-12-21,0.2545,0.2567,0.2433,0.2455,251126400,0.2007
1993-12-22,0.2433,0.2545,0.2411,0.2500,181372800,0.2043
1993-12-23,0.2433,0.2433,0.2366,0.2433,226956800,0.1988
1993-12-27,0.2478,0.2567,0.2433,0.2545,159936000,0.2080
1993-12-28,0.2567,0.2634,0.2545,0.2600,159499200,0.2125
1993-12-29,0.2612,0.2612,0.2545,0.2545,107352000,0.2080
1993-12-30,0.2545,0.2701,0.2545,0.2656,314552000,0.2171
1993-12-31,0.2656,0.2701,0.2612,0.2612,160966400,0.2134
1994-01-03,0.2634,0.2679,0.2589,0.2667,181529600,0.2180
1994-01-04,0.2701,0.2813,0.2679,0.2813,285174400,0.2298
1994-01-05,0.2835,0.3025,0.2835,0.3013,612136000,0.2463
1994-01-06,0.3013,0.3036,0.2902,0.2924,366508800,0.2390
1994-01-07,0.2857,0.2969,0.2790,0.2958,298793600,0.2417
1994-01-10,0.2946,0.3025,0.2924,0.3002,201588800,0.2453
1994-01-11,0.2991,0.3013,0.2835,0.2846,355398400,0.2326
1994-01-12,0.2879,0.2879,0.2723,0.2723,439118400,0.2225
1994-01-13,0.2679,0.2746,0.2656,0.2734,531596800,0.2235
1994-01-14,0.2746,0.2835,0.2723,0.2768,214513600,0.2262
1994-01-17,0.2768,0.2813,0.2679,0.2712,145712000,0.2216
1994-01-18,0.2701,0.2701,0.2589,0.2623,362801600,0.2143
1994-01-19,0.2612,0.2656,0.2567,0.2612,281590400,0.2134
1994-01-20,0.2634,0.2746,0.2634,0.2667,268083200,0.2180
1994-01-21,0.2969,0.2991,0.2879,0.2980,980134400,0.2435
1994-01-24,0.2969,0.3147,0.2969,0.3125,692148800,0.2554
1994-01-25,0.3103,0.3125,0.2969,0.3025,442332800,0.2472
1994-01-26,0.3013,0.3036,0.2969,0.2991,165804800,0.2444
1994-01-27,0.2991,0.3058,0.2946,0.3047,132249600,0.2490
1994-01-28,0.3058,0.3103,0.3013,0.3036,136438400,0.2481
1994-01-31,0.2991,0.3013,0.2924,0.2924,238380800,0.2390
1994-02-01,0.2946,0.2991,0.2879,0.2969,156721600,0.2426
1994-02-02,0.2969,0.2969,0.2902,0.2946,146451200,0.2408
1994-02-03,0.2946,0.3002,0.2902,0.2991,137995200,0.2444
1994-02-04,0.2991,0.3125,0.2969,0.2991,354009600,0.2444
1994-02-07,0.2991,0.3315,0.2991,0.3259,725446400,0.2673
1994-02-08,0.3214,0.3259,0.3147,0.3192,285387200,0.2618
1994-02-09,0.3192,0.3259,0.3147,0.3237,186984000,0.2655
1994-02-10,0.3237,0.3348,0.3214,0.3259,302030400,0.2673
1994-02-11,0.3237,0.3348,0.3237,0.3304,164248000,0.2709
1994-02-14,0.3304,0.3393,0.3281,0.3304,245548800,0.2709
1994-02-15,0.3281,0.3348,0.3237,0.3315,129774400,0.2719
1994-02-16,0.3348,0.3348,0.3281,0.3281,122024000,0.2691
1994-02-17,0.3326,0.3382,0.3237,0.3304,145152000,0.2709
1994-02-18,0.3259,0.3304,0.3237,0.3237,149072000,0.2655
1994-02-22,0.3237,0.3348,0.3192,0.3326,214569600,0.2728
1994-02-23,0.3326,0.3415,0.3304,0.3326,260534400,0.2728
1994-02-24,0.3304,0.3326,0.3237,0.3270,197859200,0.2682
1994-02-25,0.3304,0.3326,0.3170,0.3214,236824000,0.2636
1994-02-28,0.3237,0.3304,0.3214,0.3259,123827200,0.2673
1994-03-01,0.3281,0.3281,0.3192,0.3237,211870400,0.2655
1994-03-02,0.3147,0.3237,0.3103,0.3181,294145600,0.2609
1994-03-03,0.3192,0.3237,0.3170,0.3192,188473600,0.2618
1994-03-04,0.3214,0.3348,0.3192,0.3281,226844800,0.2691
1994-03-07,0.3304,0.3404,0.3281,0.3382,310396800,0.2774
1994-03-08,0.3393,0.3393,0.3281,0.3304,186054400,0.2709
1994-03-09,0.3270,0.3348,0.3214,0.3348,248539200,0.2746
1994-03-10,0.3326,0.3359,0.3281,0.3326,143763200,0.2728
1994-03-11,0.3304,0.3371,0.3281,0.3326,161840000,0.2728
1994-03-14,0.3438,0.3438,0.3371,0.3404,441705600,0.2792
1994-03-15,0.3415,0.3415,0.3326,0.3359,204545600,0.2755
1994-03-16,0.3348,0.3371,0.3259,0.3281,147168000,0.2691
1994-03-17,0.3281,0.3304,0.3237,0.3259,156228800,0.2673
1994-03-18,0.3281,0.3281,0.3192,0.3248,223675200,0.2664
1994-03-21,0.3248,0.3259,0.3147,0.3170,246512000,0.2600
1994-03-22,0.3147,0.3170,0.3080,0.3125,242827200,0.2563
1994-03-23,0.3147,0.3170,0.3058,0.3136,216686400,0.2572
1994-03-24,0.3136,0.3147,0.3036,0.3092,188092800,0.2536
1994-03-25,0.3103,0.3103,0.2924,0.2924,343638400,0.2398
1994-03-28,0.2946,0.3036,0.2924,0.2969,282576000,0.2435
1994-03-29,0.2969,0.3013,0.2879,0.2924,213516800,0.2398
1994-03-30,0.2902,0.2969,0.2835,0.2902,169825600,0.2380
1994-03-31,0.2902,0.2991,0.2813,0.2969,209059200,0.2435
1994-04-04,0.2879,0.2969,0.2835,0.2969,168302400,0.2435
1994-04-05,0.3013,0.3058,0.2991,0.2991,97899200,0.2453
1994-04-06,0.3036,0.3036,0.2924,0.2991,129091200,0.2453
1994-04-07,0.2991,0.3013,0.2924,0.2980,77369600,0.2444
1994-04-08,0.3013,0.3036,0.2969,0.2991,176848000,0.2453
1994-04-11,0.2991,0.2991,0.2902,0.2991,106825600,0.2453
1994-04-12,0.2980,0.2980,0.2835,0.2857,136830400,0.2343
1994-04-13,0.2879,0.2902,0.2790,0.2835,233139200,0.2325
1994-04-14,0.2723,0.2835,0.2679,0.2813,221995200,0.2307
1994-04-15,0.2790,0.2813,0.2679,0.2701,188350400,0.2215
1994-04-18,0.2723,0.2723,0.2612,0.2645,230294400,0.2169
1994-04-19,0.2656,0.2679,0.2545,0.2589,166252800,0.2124
1994-04-20,0.2612,0.2679,0.2500,0.2522,281848000,0.2069
1994-04-21,0.2545,0.2723,0.2411,0.2645,410536000,0.2169
1994-04-22,0.2790,0.2857,0.2545,0.2656,697827200,0.2179
1994-04-25,0.2656,0.2768,0.2634,0.2768,359240000,0.2270
1994-04-26,0.2813,0.2813,0.2768,0.2790,164225600,0.2288
1994-04-28,0.2768,0.2790,0.2656,0.2701,100475200,0.2215
1994-04-29,0.2679,0.2723,0.2656,0.2679,94785600,0.2197
1994-05-02,0.2679,0.2790,0.2679,0.2768,123222400,0.2270
1994-05-03,0.2768,0.2790,0.2634,0.2701,132899200,0.2215
1994-05-04,0.2768,0.2969,0.2723,0.2946,364156800,0.2417
1994-05-05,0.2969,0.3013,0.2879,0.2935,288332800,0.2407
1994-05-06,0.2879,0.2924,0.2790,0.2885,187779200,0.2366
1994-05-09,0.2879,0.2902,0.2746,0.2790,140470400,0.2288
1994-05-10,0.2835,0.2857,0.2768,0.2768,146843200,0.2270
1994-05-11,0.2768,0.2813,0.2656,0.2701,145521600,0.2215
1994-05-12,0.2723,0.2746,0.2634,0.2651,107105600,0.2174
1994-05-13,0.2656,0.2723,0.2612,0.2679,92612800,0.2197
1994-05-16,0.2679,0.2723,0.2634,0.2634,135385600,0.2160
1994-05-17,0.2656,0.2656,0.2567,0.2623,180107200,0.2151
1994-05-18,0.2656,0.2746,0.2612,0.2734,123860800,0.2243
1994-05-19,0.2746,0.2902,0.2723,0.2868,273582400,0.2352
1994-05-20,0.2835,0.2879,0.2768,0.2773,98145600,0.2275
1994-05-23,0.2768,0.2790,0.2679,0.2723,119952000,0.2233
1994-05-24,0.2768,0.2790,0.2701,0.2746,126448000,0.2252
1994-05-25,0.2701,0.2835,0.2679,0.2790,136113600,0.2288
1994-05-26,0.2813,0.2813,0.2701,0.2723,73035200,0.2233
1994-05-27,0.2701,0.2746,0.2634,0.2673,108684800,0.2201
1994-05-31,0.2634,0.2634,0.2545,0.2612,257398400,0.2150
1994-06-01,0.2545,0.2556,0.2489,0.2522,385761600,0.2077
1994-06-02,0.2533,0.2545,0.2422,0.2444,384921600,0.2013
1994-06-03,0.2422,0.2500,0.2388,0.2467,353684800,0.2031
1994-06-06,0.2455,0.2478,0.2411,0.2444,126033600,0.2013
1994-06-07,0.2433,0.2478,0.2433,0.2455,140246400,0.2022
1994-06-08,0.2455,0.2467,0.2321,0.2333,274164800,0.1921
1994-06-09,0.2288,0.2411,0.2277,0.2411,293529600,0.1985
1994-06-10,0.2422,0.2444,0.2355,0.2366,142732800,0.1948
1994-06-13,0.2355,0.2427,0.2355,0.2411,92904000,0.1985
1994-06-14,0.2433,0.2444,0.2377,0.2416,154358400,0.1990
1994-06-15,0.2411,0.2500,0.2400,0.2483,159476800,0.2045
1994-06-16,0.2478,0.2478,0.2333,0.2355,218220800,0.1939
1994-06-17,0.2321,0.2388,0.2310,0.2366,224492800,0.1948
1994-06-20,0.2344,0.2433,0.2321,0.2422,199897600,0.1994
1994-06-21,0.2400,0.2433,0.2299,0.2321,243275200,0.1911
1994-06-22,0.2344,0.2388,0.2321,0.2344,113859200,0.1930
1994-06-23,0.2344,0.2344,0.2221,0.2243,203896000,0.1847
1994-06-24,0.2243,0.2333,0.2210,0.2287,292857600,0.1883
1994-06-27,0.2254,0.2344,0.2199,0.2344,255953600,0.1930
1994-06-28,0.2344,0.2422,0.2288,0.2388,174227200,0.1967
1994-06-29,0.2388,0.2422,0.2310,0.2333,135564800,0.1921
1994-06-30,0.2344,0.2400,0.2344,0.2366,101729600,0.1948
1994-07-01,0.2355,0.2366,0.2266,0.2299,179278400,0.1893
1994-07-05,0.2288,0.2388,0.2288,0.2366,85848000,0.1948
1994-07-06,0.2344,0.2366,0.2321,0.2333,97384000,0.1921
1994-07-07,0.2310,0.2411,0.2277,0.2394,170150400,0.1971
1994-07-08,0.2366,0.2467,0.2366,0.2416,208230400,0.1990
1994-07-11,0.2422,0.2444,0.2377,0.2411,106422400,0.1985
1994-07-12,0.2411,0.2539,0.2355,0.2533,242312000,0.2086
1994-07-13,0.2545,0.2701,0.2545,0.2651,450262400,0.2183
1994-07-14,0.2645,0.2656,0.2522,0.2556,180667200,0.2104
1994-07-15,0.2521,0.2556,0.2455,0.2522,94964800,0.2077
1994-07-18,0.2511,0.2589,0.2500,0.2533,76428800,0.2086
1994-07-19,0.2556,0.2567,0.2444,0.2472,116368000,0.2036
1994-07-20,0.2444,0.2467,0.2355,0.2377,217369600,0.1957
1994-07-21,0.2377,0.2545,0.2366,0.2500,289475200,0.2058
1994-07-22,0.2824,0.2854,0.2679,0.2768,786576000,0.2279
1994-07-25,0.2779,0.2846,0.2746,0.2829,422654400,0.2330
1994-07-26,0.2835,0.2857,0.2779,0.2801,188809600,0.2307
1994-07-27,0.2790,0.2801,0.2734,0.2773,133784000,0.2284
1994-07-28,0.2768,0.2868,0.2757,0.2846,245313600,0.2343
1994-07-29,0.2846,0.3036,0.2846,0.3008,555766400,0.2477
1994-08-01,0.3002,0.3013,0.2924,0.2980,229275200,0.2454
1994-08-02,0.2991,0.3002,0.2891,0.2907,269561600,0.2394
1994-08-03,0.2924,0.2969,0.2868,0.2958,226844800,0.2435
1994-08-04,0.2958,0.3013,0.2958,0.2969,184755200,0.2444
1994-08-05,0.2935,0.2980,0.2935,0.2969,87012800,0.2444
1994-08-08,0.2958,0.3036,0.2946,0.3013,141276800,0.2481
1994-08-09,0.2991,0.3025,0.2958,0.3002,78601600,0.2472
1994-08-10,0.3002,0.3114,0.2969,0.3092,253568000,0.2546
1994-08-11,0.3058,0.3136,0.3025,0.3064,298088000,0.2523
1994-08-12,0.3069,0.3136,0.3025,0.3103,179648000,0.2555
1994-08-15,0.3103,0.3125,0.3058,0.3092,120075200,0.2554
1994-08-16,0.3069,0.3103,0.3036,0.3103,155736000,0.2564
1994-08-17,0.3114,0.3158,0.3092,0.3125,286182400,0.2582
1994-08-18,0.3103,0.3147,0.3080,0.3092,206259200,0.2554
1994-08-19,0.3103,0.3125,0.3058,0.3114,130547200,0.2573
1994-08-22,0.3103,0.3125,0.3092,0.3114,152420800,0.2573
1994-08-23,0.3114,0.3203,0.3103,0.3125,214446400,0.2582
1994-08-24,0.3103,0.3125,0.3069,0.3114,171584000,0.2573
1994-08-25,0.3058,0.3248,0.3058,0.3131,298793600,0.2587
1994-08-26,0.3147,0.3225,0.3147,0.3192,204198400,0.2637
1994-08-29,0.3192,0.3225,0.3147,0.3158,152107200,0.2610
1994-08-30,0.3147,0.3248,0.3136,0.3237,182078400,0.2674
1994-08-31,0.3214,0.3337,0.3192,0.3231,351836800,0.2670
1994-09-01,0.3158,0.3192,0.3092,0.3125,204288000,0.2582
1994-09-02,0.3147,0.3170,0.3125,0.3158,101304000,0.2610
1994-09-06,0.3147,0.3181,0.3125,0.3175,91425600,0.2624
1994-09-07,0.3181,0.3270,0.3158,0.3225,203896000,0.2665
1994-09-08,0.3214,0.3237,0.3181,0.3225,158838400,0.2665
1994-09-09,0.3192,0.3214,0.3158,0.3192,157236800,0.2637
1994-09-12,0.3181,0.3192,0.3158,0.3192,90540800,0.2637
1994-09-13,0.3192,0.3237,0.3181,0.3198,104227200,0.2642
1994-09-14,0.3181,0.3192,0.3125,0.3136,99086400,0.2591
1994-09-15,0.3136,0.3225,0.3136,0.3214,258955200,0.2656
1994-09-16,0.3203,0.3326,0.3170,0.3248,364145600,0.2683
1994-09-19,0.3248,0.3281,0.3170,0.3170,174350400,0.2619
1994-09-20,0.3136,0.3158,0.3069,0.3086,197254400,0.2550
1994-09-21,0.3080,0.3092,0.3013,0.3047,234841600,0.2517
1994-09-22,0.3058,0.3058,0.3002,0.3025,146238400,0.2499
1994-09-23,0.3025,0.3080,0.3025,0.3030,132876800,0.2504
1994-09-26,0.3025,0.3080,0.3002,0.3030,141702400,0.2504
1994-09-27,0.3013,0.3047,0.2980,0.3025,109088000,0.2499
1994-09-28,0.3036,0.3069,0.3002,0.3025,81267200,0.2499
1994-09-29,0.3013,0.3069,0.2980,0.3047,109379200,0.2517
1994-09-30,0.3047,0.3080,0.3002,0.3008,71702400,0.2485
1994-10-03,0.3002,0.3013,0.2902,0.2958,129595200,0.2444
1994-10-04,0.2969,0.3036,0.2946,0.3013,162388800,0.2490
1994-10-05,0.3002,0.3404,0.2980,0.3382,709800000,0.2794
1994-10-06,0.3337,0.3347,0.3214,0.3237,526915200,0.2674
1994-10-07,0.3225,0.3309,0.3170,0.3304,364392000,0.2730
1994-10-10,0.3315,0.3538,0.3304,0.3471,523409600,0.2868
1994-10-11,0.3694,0.3739,0.3516,0.3538,842307200,0.2923
1994-10-12,0.3538,0.3806,0.3493,0.3761,597318400,0.3108
1994-10-13,0.3806,0.3828,0.3627,0.3672,525302400,0.3034
1994-10-14,0.3705,0.3750,0.3650,0.3672,176052800,0.3034
1994-10-17,0.3650,0.3705,0.3471,0.3549,303990400,0.2932
1994-10-18,0.3627,0.3717,0.3616,0.3683,468686400,0.3043
1994-10-19,0.3661,0.3761,0.3661,0.3683,351086400,0.3043
1994-10-20,0.3683,0.3733,0.3616,0.3661,218142400,0.3025
1994-10-21,0.3638,0.3817,0.3638,0.3806,322705600,0.3145
1994-10-24,0.3817,0.3850,0.3739,0.3772,204500800,0.3117
1994-10-25,0.3717,0.3806,0.3705,0.3806,301481600,0.3145
1994-10-26,0.3806,0.3863,0.3806,0.3862,196772800,0.3191
1994-10-27,0.3862,0.3906,0.3795,0.3817,159409600,0.3154
1994-10-28,0.3783,0.3828,0.3728,0.3761,273324800,0.3108
1994-10-31,0.3750,0.3873,0.3705,0.3856,355902400,0.3186
1994-11-01,0.3828,0.3883,0.3783,0.3850,218097600,0.3181
1994-11-02,0.3850,0.3862,0.3694,0.3694,218747200,0.3052
1994-11-03,0.3728,0.3750,0.3661,0.3705,110521600,0.3062
1994-11-04,0.3705,0.3717,0.3571,0.3605,192046400,0.2979
1994-11-07,0.3605,0.3683,0.3583,0.3638,113041600,0.3006
1994-11-08,0.3627,0.3806,0.3594,0.3772,348969600,0.3117
1994-11-09,0.3817,0.3839,0.3661,0.3717,406336000,0.3071
1994-11-10,0.3728,0.3739,0.3661,0.3689,152980800,0.3048
1994-11-11,0.3683,0.3705,0.3661,0.3672,62272000,0.3034
1994-11-14,0.3683,0.3817,0.3683,0.3795,139630400,0.3135
1994-11-15,0.3795,0.3839,0.3683,0.3694,167619200,0.3052
1994-11-16,0.3638,0.3711,0.3627,0.3655,187398400,0.3020
1994-11-17,0.3650,0.3661,0.3560,0.3571,150438400,0.2951
1994-11-18,0.3571,0.3616,0.3538,0.3571,147033600,0.2960
1994-11-21,0.3571,0.3594,0.3393,0.3404,202596800,0.2821
1994-11-22,0.3371,0.3493,0.3326,0.3337,224336000,0.2766
1994-11-23,0.3304,0.3382,0.3248,0.3292,327812800,0.2729
1994-11-25,0.3292,0.3371,0.3281,0.3371,84224000,0.2793
1994-11-28,0.3359,0.3415,0.3331,0.3376,138678400,0.2798
1994-11-29,0.3393,0.3438,0.3371,0.3415,144132800,0.2830
1994-11-30,0.3426,0.3516,0.3304,0.3326,312032000,0.2756
1994-12-01,0.3304,0.3359,0.3214,0.3231,309321600,0.2678
1994-12-02,0.3259,0.3281,0.3181,0.3265,172256000,0.2705
1994-12-05,0.3259,0.3337,0.3225,0.3320,180275200,0.2752
1994-12-06,0.3304,0.3426,0.3292,0.3354,238089600,0.2779
1994-12-07,0.3348,0.3376,0.3220,0.3270,137300800,0.2710
1994-12-08,0.3292,0.3304,0.3192,0.3203,169859200,0.2655
1994-12-09,0.3203,0.3248,0.3103,0.3237,260724800,0.2682
1994-12-12,0.3248,0.3281,0.3170,0.3259,224078400,0.2701
1994-12-13,0.3270,0.3298,0.3237,0.3248,119201600,0.2692
1994-12-14,0.3259,0.3404,0.3259,0.3382,311427200,0.2803
1994-12-15,0.3393,0.3426,0.3292,0.3315,227595200,0.2747
1994-12-16,0.3326,0.3371,0.3281,0.3326,179782400,0.2756
1994-12-19,0.3326,0.3516,0.3326,0.3493,332819200,0.2895
1994-12-20,0.3493,0.3504,0.3426,0.3438,175145600,0.2849
1994-12-21,0.3382,0.3438,0.3348,0.3426,157438400,0.2840
1994-12-22,0.3438,0.3471,0.3415,0.3449,133078400,0.2858
1994-12-23,0.3438,0.3516,0.3438,0.3471,93889600,0.2877
1994-12-27,0.3504,0.3549,0.3471,0.3493,81916800,0.2895
1994-12-28,0.3493,0.3504,0.3415,0.3493,89163200,0.2895
1994-12-29,0.3504,0.3560,0.3493,0.3527,121340800,0.2923
1994-12-30,0.3516,0.3560,0.3460,0.3482,73091200,0.2886
1995-01-03,0.3471,0.3471,0.3382,0.3426,103868800,0.2840
1995-01-04,0.3449,0.3538,0.3449,0.3516,158681600,0.2914
1995-01-05,0.3504,0.3516,0.3460,0.3471,73640000,0.2877
1995-01-06,0.3717,0.3850,0.3672,0.3750,1076622400,0.3108
1995-01-09,0.3717,0.3739,0.3661,0.3679,274086400,0.3049
1995-01-10,0.3683,0.3929,0.3683,0.3901,614790400,0.3233
1995-01-11,0.3906,0.4291,0.3811,0.4174,873824000,0.3459
1995-01-12,0.4118,0.4141,0.3996,0.4051,551779200,0.3357
1995-01-13,0.4118,0.4118,0.3962,0.4007,351377600,0.3320
1995-01-16,0.4007,0.4040,0.3951,0.3973,188977600,0.3293
1995-01-17,0.3973,0.4063,0.3940,0.4018,330108800,0.3330
1995-01-18,0.4018,0.4074,0.3996,0.4074,127657600,0.3376
1995-01-19,0.4063,0.4107,0.4018,0.4096,314294400,0.3394
1995-01-20,0.4196,0.4196,0.3795,0.3806,1000361600,0.3154
1995-01-23,0.3739,0.3806,0.3661,0.3772,398540800,0.3126
1995-01-24,0.3772,0.3783,0.3694,0.3717,218097600,0.3080
1995-01-25,0.3527,0.3750,0.3527,0.3659,517070400,0.3033
1995-01-26,0.3650,0.3705,0.3504,0.3527,246388800,0.2923
1995-01-27,0.3560,0.3605,0.3482,0.3560,298569600,0.2951
1995-01-30,0.3583,0.3616,0.3560,0.3583,230585600,0.2969
1995-01-31,0.3616,0.3650,0.3571,0.3605,212777600,0.2988
1995-02-01,0.3638,0.3638,0.3560,0.3583,158368000,0.2969
1995-02-02,0.3583,0.3739,0.3583,0.3717,203582400,0.3080
1995-02-03,0.3750,0.3761,0.3605,0.3616,319211200,0.2997
1995-02-06,0.3638,0.3638,0.3527,0.3616,243028800,0.2997
1995-02-07,0.3605,0.3661,0.3571,0.3644,201600000,0.3020
1995-02-08,0.3661,0.3783,0.3650,0.3778,402864000,0.3131
1995-02-09,0.3761,0.3917,0.3761,0.3895,475395200,0.3228
1995-02-10,0.3895,0.3945,0.3873,0.3906,350963200,0.3237
1995-02-13,0.3884,0.3973,0.3862,0.3906,283371200,0.3246
1995-02-14,0.3906,0.3940,0.3806,0.3834,165614400,0.3186
1995-02-15,0.3862,0.3884,0.3795,0.3800,184475200,0.3158
1995-02-16,0.3850,0.3862,0.3806,0.3856,218780800,0.3204
1995-02-17,0.3828,0.3839,0.3795,0.3795,121788800,0.3153
1995-02-21,0.3806,0.3817,0.3650,0.3661,301582400,0.3042
1995-02-22,0.3627,0.3661,0.3583,0.3644,293417600,0.3028
1995-02-23,0.3672,0.3739,0.3571,0.3588,314708800,0.2982
1995-02-24,0.3583,0.3605,0.3438,0.3482,568814400,0.2894
1995-02-27,0.3415,0.3482,0.3403,0.3415,268811200,0.2838
1995-02-28,0.3438,0.3560,0.3393,0.3527,222969600,0.2931
1995-03-01,0.3549,0.3583,0.3520,0.3571,224448000,0.2968
1995-03-02,0.3583,0.3638,0.3549,0.3571,268744000,0.2968
1995-03-03,0.3549,0.3633,0.3527,0.3594,145768000,0.2986
1995-03-06,0.3549,0.3571,0.3527,0.3549,132720000,0.2949
1995-03-07,0.3560,0.3560,0.3415,0.3421,150785600,0.2843
1995-03-08,0.3460,0.3583,0.3371,0.3532,364873600,0.2935
1995-03-09,0.3560,0.3605,0.3516,0.3549,196683200,0.2949
1995-03-10,0.3538,0.3605,0.3516,0.3527,137412800,0.2931
1995-03-13,0.3538,0.3538,0.3393,0.3404,325752000,0.2829
1995-03-14,0.3415,0.3415,0.3080,0.3125,727865600,0.2597
1995-03-15,0.3170,0.3237,0.3114,0.3125,730968000,0.2597
1995-03-16,0.3147,0.3214,0.3125,0.3147,316736000,0.2615
1995-03-17,0.3170,0.3170,0.3114,0.3136,215644800,0.2606
1995-03-20,0.3136,0.3181,0.3125,0.3147,189884800,0.2615
1995-03-21,0.3170,0.3281,0.3147,0.3237,305368000,0.2690
1995-03-22,0.3237,0.3527,0.3237,0.3398,479147200,0.2824
1995-03-23,0.3382,0.3393,0.3302,0.3315,170094400,0.2755
1995-03-24,0.3337,0.3382,0.3326,0.3371,128116800,0.2801
1995-03-27,0.3359,0.3359,0.3270,0.3320,142800000,0.2759
1995-03-28,0.3237,0.3245,0.3047,0.3069,689796800,0.2551
1995-03-29,0.3036,0.3114,0.3025,0.3069,496876800,0.2551
1995-03-30,0.3092,0.3170,0.3080,0.3158,273414400,0.2625
1995-03-31,0.3136,0.3181,0.3103,0.3147,183243200,0.2615
1995-04-03,0.3170,0.3192,0.3136,0.3170,154302400,0.2634
1995-04-04,0.3192,0.3203,0.3002,0.3025,428198400,0.2513
1995-04-05,0.3047,0.3103,0.3013,0.3103,264857600,0.2578
1995-04-06,0.3326,0.3393,0.3172,0.3281,722825600,0.2727
1995-04-07,0.3304,0.3315,0.3237,0.3281,295724800,0.2727
1995-04-10,0.3292,0.3304,0.3225,0.3270,117801600,0.2717
1995-04-11,0.3281,0.3382,0.3270,0.3371,214513600,0.2801
1995-04-12,0.3415,0.3538,0.3337,0.3482,474712000,0.2894
1995-04-13,0.3504,0.3504,0.3382,0.3415,174361600,0.2838
1995-04-17,0.3404,0.3516,0.3382,0.3426,208812800,0.2847
1995-04-18,0.3438,0.3449,0.3348,0.3348,231134400,0.2782
1995-04-19,0.3348,0.3348,0.3181,0.3248,279428800,0.2699
1995-04-20,0.3315,0.3438,0.3270,0.3359,329504000,0.2792
1995-04-21,0.3326,0.3527,0.3315,0.3493,666624000,0.2903
1995-04-24,0.3482,0.3538,0.3438,0.3482,272238400,0.2894
1995-04-25,0.3493,0.3516,0.3326,0.3371,273638400,0.2801
1995-04-26,0.3359,0.3460,0.3337,0.3415,230440000,0.2838
1995-04-27,0.3438,0.3438,0.3371,0.3382,139865600,0.2810
1995-04-28,0.3393,0.3426,0.3348,0.3415,195316800,0.2838
1995-05-01,0.3415,0.3460,0.3393,0.3415,177956800,0.2838
1995-05-02,0.3415,0.3426,0.3348,0.3404,120008000,0.2829
1995-05-03,0.3415,0.3449,0.3393,0.3404,168784000,0.2829
1995-05-04,0.3415,0.3560,0.3393,0.3438,303643200,0.2857
1995-05-05,0.3460,0.3493,0.3404,0.3471,208006400,0.2884
1995-05-08,0.3560,0.3661,0.3549,0.3616,386971200,0.3005
1995-05-09,0.3627,0.3694,0.3571,0.3683,322929600,0.3061
1995-05-10,0.3705,0.3739,0.3638,0.3700,275072000,0.3075
1995-05-11,0.3717,0.3717,0.3605,0.3661,523622400,0.3042
1995-05-12,0.3650,0.3901,0.3616,0.3895,647953600,0.3237
1995-05-15,0.3850,0.3906,0.3795,0.3895,393355200,0.3237
1995-05-16,0.3850,0.3962,0.3795,0.3906,332516800,0.3246
1995-05-17,0.3906,0.3962,0.3884,0.3929,263144000,0.3265
1995-05-18,0.3940,0.3940,0.3862,0.3873,371571200,0.3218
1995-05-19,0.3828,0.3906,0.3806,0.3817,322593600,0.3172
1995-05-22,0.3795,0.3940,0.3772,0.3940,371884800,0.3274
1995-05-23,0.3940,0.3962,0.3884,0.3917,276662400,0.3255
1995-05-24,0.3906,0.3951,0.3828,0.3884,264667200,0.3228
1995-05-25,0.3862,0.3929,0.3839,0.3873,182862400,0.3218
1995-05-26,0.3839,0.3850,0.3772,0.3811,114553600,0.3176
1995-05-30,0.3806,0.3828,0.3705,0.3750,196380800,0.3125
1995-05-31,0.3761,0.3761,0.3661,0.3711,159532800,0.3092
1995-06-01,0.3739,0.3795,0.3728,0.3767,186726400,0.3139
1995-06-02,0.3739,0.3783,0.3705,0.3761,105694400,0.3134
1995-06-05,0.3783,0.3884,0.3761,0.3884,254654400,0.3237
1995-06-06,0.3895,0.3962,0.3884,0.3929,315268800,0.3274
1995-06-07,0.3940,0.3940,0.3850,0.3850,124521600,0.3209
1995-06-08,0.3873,0.3873,0.3761,0.3834,136136000,0.3195
1995-06-09,0.3895,0.3906,0.3850,0.3884,186625600,0.3237
1995-06-12,0.3929,0.3973,0.3917,0.3944,212116800,0.3287
1995-06-13,0.3973,0.3984,0.3917,0.3929,125944000,0.3274
1995-06-14,0.3917,0.3917,0.3873,0.3895,118048000,0.3246
1995-06-15,0.3895,0.3906,0.3873,0.3895,92758400,0.3246
1995-06-16,0.3917,0.3929,0.3884,0.3917,89208000,0.3264
1995-06-19,0.3917,0.4040,0.3884,0.3962,469537600,0.3302
1995-06-20,0.4107,0.4263,0.4107,0.4230,738528000,0.3525
1995-06-21,0.4252,0.4475,0.4174,0.4408,626012800,0.3674
1995-06-22,0.4375,0.4431,0.4342,0.4386,473916800,0.3655
1995-06-23,0.4353,0.4375,0.4263,0.4353,231963200,0.3627
1995-06-26,0.4308,0.4330,0.4252,0.4297,152779200,0.3581
1995-06-27,0.4230,0.4308,0.4141,0.4141,217100800,0.3450
1995-06-28,0.4107,0.4241,0.4051,0.4163,266358400,0.3469
1995-06-29,0.4141,0.4297,0.4107,0.4219,232556800,0.3516
1995-06-30,0.4219,0.4275,0.4118,0.4146,165491200,0.3455
1995-07-03,0.4152,0.4208,0.4129,0.4191,39390400,0.3492
1995-07-05,0.4185,0.4275,0.4152,0.4152,177060800,0.3460
1995-07-06,0.4152,0.4196,0.4085,0.4196,184094400,0.3497
1995-07-07,0.4185,0.4397,0.4174,0.4342,387116800,0.3618
1995-07-10,0.4342,0.4453,0.4297,0.4342,297931200,0.3618
1995-07-11,0.4263,0.4342,0.4202,0.4208,214692800,0.3506
1995-07-12,0.4219,0.4286,0.4118,0.4196,283808000,0.3497
1995-07-13,0.4230,0.4353,0.4208,0.4252,352329600,0.3543
1995-07-14,0.4230,0.4375,0.4196,0.4353,277928000,0.3627
1995-07-17,0.4364,0.4442,0.4342,0.4375,226161600,0.3646
1995-07-18,0.4375,0.4425,0.4263,0.4297,254632000,0.3581
1995-07-19,0.4196,0.4286,0.4018,0.4063,521035200,0.3385
1995-07-20,0.4107,0.4230,0.4018,0.4202,331273600,0.3502
1995-07-21,0.3839,0.4007,0.3839,0.3906,757881600,0.3255
1995-07-24,0.3929,0.4063,0.3906,0.4051,214625600,0.3376
1995-07-25,0.4107,0.4141,0.4074,0.4085,263524800,0.3404
1995-07-26,0.4129,0.4129,0.4051,0.4051,171449600,0.3376
1995-07-27,0.4063,0.4241,0.4063,0.4180,325180800,0.3483
1995-07-28,0.4174,0.4219,0.4018,0.4063,260937600,0.3385
1995-07-31,0.4063,0.4074,0.3996,0.4018,158524800,0.3348
1995-08-01,0.4007,0.4007,0.3884,0.3884,210918400,0.3237
1995-08-02,0.3917,0.4018,0.3906,0.3962,275128000,0.3302
1995-08-03,0.3940,0.4074,0.3917,0.4018,213931200,0.3348
1995-08-04,0.4018,0.4029,0.3906,0.3951,192315200,0.3292
1995-08-07,0.3940,0.3984,0.3850,0.3873,193760000,0.3227
1995-08-08,0.3895,0.3906,0.3783,0.3795,234595200,0.3162
1995-08-09,0.3806,0.3906,0.3795,0.3850,369017600,0.3209
1995-08-10,0.3850,0.3862,0.3806,0.3817,164024000,0.3181
1995-08-11,0.3828,0.3850,0.3739,0.3845,206931200,0.3204
1995-08-14,0.3839,0.3906,0.3828,0.3873,167406400,0.3227
1995-08-15,0.3917,0.3940,0.3850,0.3934,317867200,0.3278
1995-08-16,0.3929,0.3973,0.3895,0.3973,292633600,0.3320
1995-08-17,0.3984,0.4063,0.3940,0.3984,246892800,0.3329
1995-08-18,0.4007,0.4029,0.3906,0.4007,241158400,0.3348
1995-08-21,0.4007,0.4051,0.3940,0.3940,271779200,0.3292
1995-08-22,0.3962,0.4029,0.3940,0.3996,217044800,0.3339
1995-08-23,0.4007,0.4096,0.3984,0.4063,253803200,0.3395
1995-08-24,0.4074,0.4129,0.4063,0.4085,287929600,0.3413
1995-08-25,0.4096,0.4096,0.3984,0.3996,134344000,0.3339
1995-08-28,0.4007,0.4018,0.3839,0.3839,243040000,0.3208
1995-08-29,0.3839,0.3862,0.3795,0.3850,317060800,0.3217
1995-08-30,0.3862,0.3906,0.3850,0.3873,153473600,0.3236
1995-08-31,0.3873,0.3884,0.3839,0.3839,87864000,0.3208
1995-09-01,0.3839,0.3884,0.3828,0.3834,98380800,0.3203
1995-09-05,0.3884,0.3884,0.3817,0.3884,179972800,0.3245
1995-09-06,0.3917,0.3944,0.3884,0.3906,200760000,0.3264
1995-09-07,0.3929,0.4046,0.3906,0.3996,262326400,0.3339
1995-09-08,0.3996,0.4007,0.3973,0.3996,174776000,0.3339
1995-09-11,0.4007,0.4063,0.3951,0.3951,172491200,0.3301
1995-09-12,0.3973,0.4007,0.3806,0.3834,326256000,0.3203
1995-09-13,0.3828,0.3873,0.3750,0.3783,322750400,0.3161
1995-09-14,0.3694,0.3717,0.3549,0.3571,550558400,0.2984
1995-09-15,0.3337,0.3560,0.3170,0.3203,1211963200,0.2676
1995-09-18,0.3248,0.3287,0.3203,0.3276,621488000,0.2737
1995-09-19,0.3281,0.3315,0.3225,0.3281,490022400,0.2742
1995-09-20,0.3326,0.3337,0.3259,0.3270,321809600,0.2732
1995-09-21,0.3259,0.3348,0.3248,0.3304,347334400,0.2760
1995-09-22,0.3292,0.3326,0.3248,0.3309,398641600,0.2765
1995-09-25,0.3415,0.3417,0.3337,0.3350,315212800,0.2799
1995-09-26,0.3371,0.3382,0.3315,0.3337,250902400,0.2788
1995-09-27,0.3348,0.3348,0.3103,0.3237,451236800,0.2704
1995-09-28,0.3259,0.3382,0.3259,0.3371,331184000,0.2816
1995-09-29,0.3393,0.3415,0.3292,0.3326,283416000,0.2779
1995-10-02,0.3371,0.3438,0.3348,0.3359,392000000,0.2807
1995-10-03,0.3404,0.3438,0.3315,0.3359,289822400,0.2807
1995-10-04,0.3270,0.3304,0.3214,0.3248,266772800,0.2714
1995-10-05,0.3237,0.3270,0.3203,0.3259,244070400,0.2723
1995-10-06,0.3281,0.3304,0.3181,0.3186,309041600,0.2663
1995-10-09,0.3158,0.3192,0.3069,0.3108,372568000,0.2597
1995-10-10,0.3069,0.3125,0.3002,0.3097,400265600,0.2588
1995-10-11,0.3147,0.3181,0.3047,0.3114,332875200,0.2602
1995-10-12,0.3125,0.3158,0.3103,0.3153,162052800,0.2635
1995-10-13,0.3192,0.3292,0.3170,0.3214,235188800,0.2686
1995-10-16,0.3237,0.3304,0.3203,0.3225,182067200,0.2695
1995-10-17,0.3259,0.3292,0.3203,0.3270,178617600,0.2732
1995-10-18,0.3304,0.3532,0.3281,0.3337,512400000,0.2788
1995-10-19,0.3203,0.3225,0.3103,0.3103,944899200,0.2593
1995-10-20,0.3147,0.3147,0.3092,0.3136,386332800,0.2621
1995-10-23,0.3136,0.3136,0.3103,0.3136,197803200,0.2621
1995-10-24,0.3170,0.3170,0.3114,0.3136,213494400,0.2621
1995-10-25,0.3147,0.3158,0.3103,0.3103,133302400,0.2593
1995-10-26,0.3114,0.3125,0.3080,0.3114,125865600,0.2602
1995-10-27,0.3114,0.3114,0.3047,0.3103,154212800,0.2593
1995-10-30,0.3114,0.3147,0.3092,0.3147,175638400,0.2630
1995-10-31,0.3147,0.3270,0.3136,0.3242,289217600,0.2709
1995-11-01,0.3270,0.3315,0.3170,0.3270,193233600,0.2732
1995-11-02,0.3292,0.3292,0.3237,0.3270,152756800,0.2732
1995-11-03,0.3281,0.3292,0.3203,0.3259,179435200,0.2723
1995-11-06,0.3259,0.3460,0.3248,0.3404,311774400,0.2844
1995-11-07,0.3371,0.3616,0.3348,0.3538,736388800,0.2956
1995-11-08,0.3549,0.3661,0.3460,0.3471,358825600,0.2900
1995-11-09,0.3549,0.3571,0.3471,0.3516,260108800,0.2938
1995-11-10,0.3516,0.3594,0.3471,0.3549,223115200,0.2966
1995-11-13,0.3594,0.3683,0.3571,0.3650,317374400,0.3050
1995-11-14,0.3661,0.3795,0.3661,0.3705,407276800,0.3096
1995-11-15,0.3750,0.3750,0.3583,0.3661,248136000,0.3059
1995-11-16,0.3650,0.3705,0.3527,0.3566,226228800,0.2980
1995-11-17,0.3571,0.3605,0.3549,0.3583,128531200,0.2994
1995-11-20,0.3594,0.3594,0.3438,0.3449,148456000,0.2882
1995-11-21,0.3460,0.3460,0.3382,0.3449,191609600,0.2891
1995-11-22,0.3449,0.3504,0.3438,0.3449,98806400,0.2891
1995-11-24,0.3471,0.3605,0.3460,0.3588,109950400,0.3008
1995-11-27,0.3627,0.3627,0.3516,0.3516,115875200,0.2947
1995-11-28,0.3516,0.3583,0.3504,0.3571,176288000,0.2994
1995-11-29,0.3583,0.3583,0.3482,0.3504,105268800,0.2937
1995-11-30,0.3471,0.3482,0.3393,0.3404,174854400,0.2853
1995-12-01,0.3393,0.3415,0.3315,0.3359,204209600,0.2816
1995-12-04,0.3583,0.3583,0.3482,0.3527,480681600,0.2956
1995-12-05,0.3438,0.3560,0.3415,0.3527,363596800,0.2956
1995-12-06,0.3549,0.3560,0.3426,0.3460,201107200,0.2900
1995-12-07,0.3460,0.3460,0.3382,0.3443,141926400,0.2886
1995-12-08,0.3460,0.3516,0.3382,0.3516,141355200,0.2947
1995-12-11,0.3527,0.3538,0.3426,0.3449,111652800,0.2891
1995-12-12,0.3449,0.3449,0.3393,0.3393,177553600,0.2844
1995-12-13,0.3415,0.3482,0.3281,0.3426,684902400,0.2872
1995-12-14,0.3471,0.3516,0.3393,0.3415,333502400,0.2863
1995-12-15,0.3170,0.3270,0.3069,0.3147,726880000,0.2638
1995-12-18,0.3136,0.3147,0.2846,0.2879,666534400,0.2414
1995-12-19,0.2924,0.2969,0.2879,0.2924,430864000,0.2451
1995-12-20,0.2991,0.3002,0.2902,0.2913,365736000,0.2442
1995-12-21,0.2924,0.2924,0.2824,0.2902,332875200,0.2432
1995-12-22,0.2913,0.2935,0.2868,0.2879,234662400,0.2414
1995-12-26,0.2902,0.2902,0.2835,0.2863,139507200,0.2400
1995-12-27,0.2868,0.2980,0.2846,0.2891,268564800,0.2423
1995-12-28,0.2868,0.2924,0.2846,0.2857,249995200,0.2395
1995-12-29,0.2857,0.2891,0.2824,0.2846,304136000,0.2385
1996-01-02,0.2879,0.2879,0.2835,0.2868,139294400,0.2404
1996-01-03,0.2857,0.2935,0.2846,0.2868,429833600,0.2404
1996-01-04,0.2891,0.2891,0.2801,0.2818,300182400,0.2362
1996-01-05,0.2824,0.3058,0.2801,0.3058,445928000,0.2563
1996-01-08,0.3080,0.3170,0.3036,0.3092,121340800,0.2591
1996-01-09,0.3092,0.3092,0.2924,0.2924,251216000,0.2451
1996-01-10,0.2902,0.3103,0.2879,0.3058,365433600,0.2563
1996-01-11,0.2913,0.3125,0.2891,0.3125,756739200,0.2619
1996-01-12,0.3103,0.3103,0.2969,0.3025,401856000,0.2535
1996-01-15,0.3013,0.3080,0.2980,0.3047,363081600,0.2554
1996-01-16,0.3069,0.3103,0.3002,0.3086,352912000,0.2587
1996-01-17,0.3069,0.3069,0.3013,0.3036,236409600,0.2545
1996-01-18,0.2935,0.2980,0.2712,0.2852,698387200,0.2390
1996-01-19,0.2768,0.2835,0.2623,0.2667,829225600,0.2236
1996-01-22,0.2656,0.2768,0.2612,0.2723,499744000,0.2283
1996-01-23,0.3013,0.3036,0.2768,0.2824,988288000,0.2367
1996-01-24,0.2868,0.2879,0.2835,0.2879,655894400,0.2414
1996-01-25,0.2835,0.2857,0.2690,0.2701,445200000,0.2264
1996-01-26,0.2712,0.2790,0.2556,0.2734,735750400,0.2292
1996-01-29,0.2589,0.2656,0.2567,0.2600,332595200,0.2180
1996-01-30,0.2411,0.2511,0.2398,0.2439,622843200,0.2044
1996-01-31,0.2478,0.2500,0.2444,0.2467,328059200,0.2067
1996-02-01,0.2455,0.2533,0.2455,0.2533,333043200,0.2124
1996-02-02,0.2578,0.2645,0.2567,0.2612,555979200,0.2189
1996-02-05,0.2651,0.2656,0.2589,0.2612,318729600,0.2189
1996-02-06,0.2612,0.2679,0.2612,0.2645,226217600,0.2217
1996-02-07,0.2656,0.2656,0.2478,0.2522,360326400,0.2114
1996-02-08,0.2455,0.2511,0.2455,0.2489,263166400,0.2086
1996-02-09,0.2489,0.2545,0.2467,0.2478,205688000,0.2077
1996-02-12,0.2511,0.2545,0.2500,0.2533,194275200,0.2124
1996-02-13,0.2500,0.2578,0.2489,0.2511,228502400,0.2105
1996-02-14,0.2522,0.2522,0.2450,0.2467,163184000,0.2067
1996-02-15,0.2467,0.2511,0.2444,0.2500,122080000,0.2095
1996-02-16,0.2511,0.2533,0.2455,0.2455,156441600,0.2058
1996-02-20,0.2500,0.2634,0.2500,0.2589,376913600,0.2170
1996-02-21,0.2623,0.2656,0.2600,0.2645,221838400,0.2217
1996-02-22,0.2679,0.2690,0.2645,0.2667,184184000,0.2236
1996-02-23,0.2667,0.2701,0.2645,0.2667,173286400,0.2236
1996-02-26,0.2679,0.2690,0.2634,0.2634,118283200,0.2208
1996-02-27,0.2667,0.2667,0.2545,0.2556,149161600,0.2142
1996-02-28,0.2578,0.2578,0.2467,0.2478,187913600,0.2077
1996-02-29,0.2455,0.2478,0.2433,0.2455,112884800,0.2058
1996-03-01,0.2467,0.2467,0.2377,0.2400,231134400,0.2011
1996-03-04,0.2433,0.2444,0.2344,0.2344,187555200,0.1965
1996-03-05,0.2366,0.2388,0.2344,0.2377,118440000,0.1993
1996-03-06,0.2388,0.2400,0.2333,0.2338,99052800,0.1960
1996-03-07,0.2344,0.2355,0.2266,0.2305,260064000,0.1932
1996-03-08,0.2299,0.2344,0.2232,0.2321,149004800,0.1946
1996-03-11,0.2344,0.2355,0.2299,0.2310,127008000,0.1936
1996-03-12,0.2321,0.2355,0.2288,0.2305,96152000,0.1932
1996-03-13,0.2310,0.2333,0.2288,0.2299,99680000,0.1927
1996-03-14,0.2310,0.2310,0.2277,0.2288,93363200,0.1918
1996-03-15,0.2321,0.2321,0.2277,0.2310,101382400,0.1936
1996-03-18,0.2316,0.2333,0.2299,0.2333,109132800,0.1955
1996-03-19,0.2355,0.2366,0.2288,0.2299,124364800,0.1927
1996-03-20,0.2299,0.2299,0.2243,0.2254,115987200,0.1890
1996-03-21,0.2277,0.2277,0.2232,0.2243,109984000,0.1880
1996-03-22,0.2254,0.2266,0.2221,0.2266,107564800,0.1899
1996-03-25,0.2277,0.2299,0.2143,0.2143,164371200,0.1796
1996-03-26,0.2143,0.2188,0.2109,0.2132,160798400,0.1787
1996-03-27,0.2076,0.2254,0.2054,0.2254,429296000,0.1890
1996-03-28,0.2210,0.2288,0.2154,0.2160,295892800,0.1810
1996-03-29,0.2165,0.2210,0.2121,0.2193,166521600,0.1838
1996-04-01,0.2243,0.2310,0.2189,0.2277,158636800,0.1908
1996-04-02,0.2288,0.2288,0.2221,0.2232,101438400,0.1871
1996-04-03,0.2243,0.2243,0.2172,0.2193,72240000,0.1838
1996-04-04,0.2199,0.2199,0.2143,0.2154,86049600,0.1805
1996-04-08,0.2132,0.2188,0.2121,0.2176,168828800,0.1824
1996-04-09,0.2221,0.2366,0.2176,0.2321,235076800,0.1946
1996-04-10,0.2333,0.2366,0.2310,0.2321,174764800,0.1946
1996-04-11,0.2333,0.2344,0.2277,0.2299,98268800,0.1927
1996-04-12,0.2310,0.2310,0.2266,0.2277,81435200,0.1908
1996-04-15,0.2277,0.2299,0.2232,0.2299,154078400,0.1927
1996-04-16,0.2310,0.2321,0.2288,0.2310,101416000,0.1936
1996-04-17,0.2310,0.2321,0.2243,0.2254,85411200,0.1890
1996-04-18,0.2266,0.2267,0.2165,0.2210,217246400,0.1852
1996-04-19,0.2199,0.2243,0.2199,0.2238,101796800,0.1876
1996-04-22,0.2254,0.2277,0.2221,0.2243,111115200,0.1880
1996-04-23,0.2243,0.2254,0.2199,0.2210,169948800,0.1852
1996-04-24,0.2199,0.2210,0.2160,0.2165,128340800,0.1815
1996-04-25,0.2176,0.2221,0.2154,0.2221,174406400,0.1862
1996-04-26,0.2232,0.2243,0.2199,0.2210,188865600,0.1852
1996-04-29,0.2232,0.2232,0.2188,0.2210,121049600,0.1852
1996-04-30,0.2221,0.2221,0.2154,0.2176,136662400,0.1824
1996-05-01,0.2176,0.2210,0.2154,0.2176,112705600,0.1824
1996-05-02,0.2188,0.2188,0.2098,0.2121,188305600,0.1777
1996-05-03,0.2154,0.2154,0.2098,0.2132,108460800,0.1787
1996-05-06,0.2221,0.2310,0.2210,0.2288,289486400,0.1918
1996-05-07,0.2355,0.2444,0.2344,0.2400,353539200,0.2011
1996-05-08,0.2433,0.2433,0.2288,0.2388,186793600,0.2002
1996-05-09,0.2355,0.2366,0.2299,0.2333,98078400,0.1955
1996-05-10,0.2344,0.2444,0.2321,0.2433,110588800,0.2039
1996-05-13,0.2422,0.2467,0.2377,0.2416,187017600,0.2025
1996-05-14,0.2478,0.2500,0.2455,0.2455,197624000,0.2058
1996-05-15,0.2489,0.2578,0.2478,0.2545,292364800,0.2133
1996-05-16,0.2522,0.2556,0.2489,0.2533,130076800,0.2124
1996-05-17,0.2533,0.2533,0.2455,0.2467,123300800,0.2067
1996-05-20,0.2489,0.2511,0.2467,0.2494,84515200,0.2091
1996-05-21,0.2500,0.2511,0.2422,0.2422,114385600,0.2030
1996-05-22,0.2444,0.2444,0.2299,0.2327,201880000,0.1950
1996-05-23,0.2333,0.2377,0.2299,0.2344,124051200,0.1965
1996-05-24,0.2344,0.2400,0.2333,0.2388,113243200,0.2002
1996-05-28,0.2388,0.2433,0.2355,0.2355,101852800,0.1974
1996-05-29,0.2344,0.2344,0.2210,0.2221,219520000,0.1862
1996-05-30,0.2221,0.2299,0.2210,0.2277,103465600,0.1908
1996-05-31,0.2288,0.2377,0.2277,0.2333,162646400,0.1955
1996-06-03,0.2310,0.2321,0.2210,0.2210,125462400,0.1852
1996-06-04,0.2143,0.2176,0.2132,0.2160,762238400,0.1810
1996-06-05,0.2266,0.2277,0.2165,0.2243,510104000,0.1880
1996-06-06,0.2232,0.2254,0.2154,0.2165,362096000,0.1815
1996-06-07,0.2143,0.2176,0.2098,0.2176,267769600,0.1824
1996-06-10,0.2176,0.2188,0.2143,0.2154,106366400,0.1805
1996-06-11,0.2165,0.2165,0.2143,0.2143,153059200,0.1796
1996-06-12,0.2188,0.2188,0.2143,0.2165,151916800,0.1815
1996-06-13,0.2176,0.2225,0.2143,0.2199,191419200,0.1843
1996-06-14,0.2210,0.2210,0.2132,0.2137,144961600,0.1791
1996-06-17,0.2154,0.2154,0.2109,0.2109,112929600,0.1768
1996-06-18,0.2109,0.2121,0.2020,0.2031,223227200,0.1703
1996-06-19,0.2065,0.2087,0.2020,0.2065,134467200,0.1731
1996-06-20,0.2087,0.2087,0.2009,0.2031,147089600,0.1703
1996-06-21,0.2042,0.2042,0.1998,0.2020,161851200,0.1693
1996-06-24,0.2020,0.2020,0.1975,0.1987,122763200,0.1665
1996-06-25,0.1975,0.1987,0.1819,0.1842,246960000,0.1544
1996-06-26,0.1842,0.1853,0.1752,0.1775,404331200,0.1487
1996-06-27,0.1786,0.1875,0.1763,0.1842,229241600,0.1544
1996-06-28,0.1864,0.1875,0.1842,0.1875,115684800,0.1572
1996-07-01,0.1886,0.1920,0.1875,0.1920,131980800,0.1609
1996-07-02,0.1908,0.1920,0.1875,0.1875,89006400,0.1572
1996-07-03,0.1819,0.1819,0.1730,0.1730,288612800,0.1450
1996-07-05,0.1730,0.1763,0.1719,0.1741,106153600,0.1459
1996-07-08,0.1752,0.1775,0.1696,0.1708,188910400,0.1431
1996-07-09,0.1741,0.1752,0.1696,0.1696,187824000,0.1422
1996-07-10,0.1708,0.1741,0.1674,0.1674,169388800,0.1403
1996-07-11,0.1674,0.1685,0.1551,0.1596,291155200,0.1338
1996-07-12,0.1641,0.1641,0.1540,0.1613,268990400,0.1352
1996-07-15,0.1618,0.1618,0.1529,0.1535,133224000,0.1286
1996-07-16,0.1551,0.1551,0.1429,0.1507,289217600,0.1263
1996-07-17,0.1551,0.1563,0.1484,0.1507,233598400,0.1263
1996-07-18,0.1920,0.1942,0.1818,0.1864,897052800,0.1562
1996-07-19,0.1864,0.1875,0.1853,0.1853,265977600,0.1553
1996-07-22,0.1864,0.1864,0.1786,0.1808,152208000,0.1515
1996-07-23,0.1830,0.1842,0.1808,0.1830,130121600,0.1534
1996-07-24,0.1786,0.1875,0.1775,0.1858,264073600,0.1558
1996-07-25,0.1886,0.1908,0.1853,0.1875,114430400,0.1572
1996-07-26,0.1920,0.1964,0.1886,0.1964,123681600,0.1646
1996-07-29,0.1964,0.2009,0.1942,0.1987,195697600,0.1665
1996-07-30,0.2020,0.2031,0.1897,0.1908,189403200,0.1600
1996-07-31,0.1897,0.1964,0.1897,0.1964,92780800,0.1646
1996-08-01,0.1964,0.1964,0.1886,0.1897,110163200,0.1590
1996-08-02,0.1931,0.1964,0.1897,0.1931,127948800,0.1618
1996-08-05,0.1931,0.1953,0.1864,0.1875,101012800,0.1572
1996-08-06,0.1875,0.1920,0.1853,0.1920,93587200,0.1609
1996-08-07,0.1942,0.2020,0.1931,0.1998,248460800,0.1675
1996-08-08,0.1998,0.1998,0.1953,0.1975,101516800,0.1656
1996-08-09,0.1987,0.2087,0.1975,0.2065,230787200,0.1731
1996-08-12,0.2087,0.2109,0.1998,0.2054,151345600,0.1721
1996-08-13,0.2042,0.2065,0.1998,0.2009,103510400,0.1684
1996-08-14,0.2020,0.2054,0.2020,0.2031,71859200,0.1703
1996-08-15,0.2020,0.2031,0.1987,0.1987,107620800,0.1665
1996-08-16,0.2020,0.2020,0.1975,0.2009,141758400,0.1684
1996-08-19,0.1998,0.2109,0.1998,0.2109,226318400,0.1768
1996-08-20,0.2132,0.2132,0.2087,0.2098,211758400,0.1759
1996-08-21,0.2098,0.2109,0.2042,0.2054,113344000,0.1721
1996-08-22,0.2054,0.2076,0.2042,0.2076,87684800,0.1740
1996-08-23,0.2054,0.2143,0.2054,0.2132,203459200,0.1787
1996-08-26,0.2132,0.2154,0.2098,0.2154,89678400,0.1805
1996-08-27,0.2154,0.2232,0.2143,0.2220,289307200,0.1860
1996-08-28,0.2221,0.2232,0.2188,0.2221,163598400,0.1862
1996-08-29,0.2221,0.2221,0.2176,0.2188,106926400,0.1834
1996-08-30,0.2210,0.2210,0.2165,0.2165,105728000,0.1815
1996-09-03,0.2154,0.2176,0.2132,0.2154,68297600,0.1805
1996-09-04,0.2132,0.2199,0.2132,0.2154,101449600,0.1805
1996-09-05,0.2098,0.2121,0.2042,0.2042,279585600,0.1712
1996-09-06,0.2065,0.2076,0.2020,0.2054,240833600,0.1721
1996-09-09,0.2020,0.2031,0.1953,0.1964,148243200,0.1646
1996-09-10,0.1975,0.1975,0.1920,0.1920,155713600,0.1609
1996-09-11,0.1920,0.1942,0.1875,0.1886,147201600,0.1581
1996-09-12,0.1875,0.1886,0.1808,0.1819,260915200,0.1525
1996-09-13,0.1819,0.1897,0.1819,0.1875,166611200,0.1572
1996-09-16,0.1920,0.2054,0.1908,0.1998,244652800,0.1675
1996-09-17,0.2042,0.2065,0.2009,0.2054,209171200,0.1721
1996-09-18,0.2054,0.2154,0.2042,0.2098,353360000,0.1759
1996-09-19,0.2109,0.2109,0.2087,0.2087,119470400,0.1749
1996-09-20,0.2087,0.2098,0.2031,0.2042,149150400,0.1712
1996-09-23,0.2042,0.2042,0.1998,0.1998,45763200,0.1675
1996-09-24,0.1998,0.2042,0.1998,0.2009,143785600,0.1684
1996-09-25,0.2009,0.2020,0.1964,0.1998,109043200,0.1675
1996-09-26,0.1998,0.2009,0.1987,0.1998,103286400,0.1675
1996-09-27,0.1987,0.1998,0.1975,0.1992,81569600,0.1670
1996-09-30,0.1975,0.1998,0.1975,0.1981,85444800,0.1660
1996-10-01,0.1964,0.2210,0.1964,0.2199,539246400,0.1843
1996-10-02,0.2109,0.2199,0.2065,0.2109,276819200,0.1768
1996-10-03,0.2109,0.2121,0.1998,0.1998,227718400,0.1675
1996-10-04,0.2042,0.2065,0.1975,0.2037,133459200,0.1707
1996-10-07,0.2054,0.2087,0.2042,0.2065,95715200,0.1731
1996-10-08,0.2098,0.2165,0.2076,0.2076,190433600,0.1740
1996-10-09,0.2087,0.2109,0.2042,0.2054,85209600,0.1721
1996-10-10,0.2132,0.2188,0.2121,0.2160,276696000,0.1810
1996-10-11,0.2176,0.2199,0.2143,0.2165,120691200,0.1815
1996-10-14,0.2188,0.2266,0.2165,0.2254,269684800,0.1890
1996-10-15,0.2299,0.2310,0.2232,0.2254,363059200,0.1890
1996-10-16,0.2254,0.2333,0.2199,0.2299,334745600,0.1927
1996-10-17,0.2455,0.2478,0.2355,0.2355,1026625600,0.1974
1996-10-18,0.2366,0.2377,0.2321,0.2372,382659200,0.1988
1996-10-21,0.2366,0.2377,0.2277,0.2288,187611200,0.1918
1996-10-22,0.2288,0.2288,0.2165,0.2221,213718400,0.1862
1996-10-23,0.2210,0.2254,0.2176,0.2210,160059200,0.1852
1996-10-24,0.2232,0.2232,0.2188,0.2210,84369600,0.1852
1996-10-25,0.2221,0.2232,0.2188,0.2188,77560000,0.1834
1996-10-28,0.2243,0.2243,0.2188,0.2188,119996800,0.1834
1996-10-29,0.2199,0.2210,0.2065,0.2076,199628800,0.1740
1996-10-30,0.2098,0.2143,0.2042,0.2042,257051200,0.1712
1996-10-31,0.2076,0.2087,0.1987,0.2054,194219200,0.1721
1996-11-01,0.2087,0.2165,0.2065,0.2165,211332800,0.1815
1996-11-04,0.2176,0.2188,0.2121,0.2176,91268800,0.1824
1996-11-05,0.2188,0.2310,0.2188,0.2277,378112000,0.1908
1996-11-06,0.2288,0.2299,0.2221,0.2277,180308800,0.1908
1996-11-07,0.2266,0.2321,0.2254,0.2310,155075200,0.1936
1996-11-08,0.2310,0.2344,0.2299,0.2344,188708800,0.1965
1996-11-11,0.2355,0.2355,0.2310,0.2321,92534400,0.1946
1996-11-12,0.2333,0.2344,0.2243,0.2254,142956800,0.1890
1996-11-13,0.2266,0.2310,0.2232,0.2282,83608000,0.1913
1996-11-14,0.2277,0.2299,0.2266,0.2288,48529600,0.1918
1996-11-15,0.2310,0.2321,0.2232,0.2232,130715200,0.1871
1996-11-18,0.2232,0.2243,0.2188,0.2210,152835200,0.1852
1996-11-19,0.2221,0.2243,0.2199,0.2221,124432000,0.1862
1996-11-20,0.2221,0.2266,0.2221,0.2232,103096000,0.1871
1996-11-21,0.2221,0.2232,0.2176,0.2188,70604800,0.1834
1996-11-22,0.2188,0.2254,0.2188,0.2254,103980800,0.1890
1996-11-25,0.2266,0.2277,0.2232,0.2232,78948800,0.1871
1996-11-26,0.2221,0.2232,0.2143,0.2165,112985600,0.1815
1996-11-27,0.2154,0.2199,0.2154,0.2188,89040000,0.1834
1996-11-29,0.2188,0.2199,0.2143,0.2154,42291200,0.1805
1996-12-02,0.2154,0.2243,0.2132,0.2243,174977600,0.1880
1996-12-03,0.2254,0.2277,0.2232,0.2243,275531200,0.1880
1996-12-04,0.2243,0.2266,0.2221,0.2232,190825600,0.1871
1996-12-05,0.2232,0.2254,0.2232,0.2232,142139200,0.1871
1996-12-06,0.2176,0.2266,0.2143,0.2243,229387200,0.1880
1996-12-09,0.2254,0.2266,0.2215,0.2232,158648000,0.1871
1996-12-10,0.2221,0.2232,0.2165,0.2188,184284800,0.1834
1996-12-11,0.2121,0.2165,0.2121,0.2143,163363200,0.1796
1996-12-12,0.2154,0.2165,0.2132,0.2132,87001600,0.1787
1996-12-13,0.2121,0.2132,0.2076,0.2076,89096000,0.1740
1996-12-16,0.2098,0.2098,0.2009,0.2020,149240000,0.1693
1996-12-17,0.1998,0.2009,0.1987,0.2009,157248000,0.1684
1996-12-18,0.2031,0.2065,0.2020,0.2065,205072000,0.1731
1996-12-19,0.2054,0.2076,0.1987,0.1987,136886400,0.1665
1996-12-20,0.2009,0.2109,0.1908,0.2098,546436800,0.1759
1996-12-23,0.2143,0.2165,0.2076,0.2076,332304000,0.1740
1996-12-24,0.2076,0.2087,0.2042,0.2065,57612800,0.1731
1996-12-26,0.2076,0.2076,0.2042,0.2054,84884800,0.1721
1996-12-27,0.2042,0.2121,0.2042,0.2065,136998400,0.1731
1996-12-30,0.2065,0.2076,0.1942,0.1942,261800000,0.1628
1996-12-31,0.1908,0.1920,0.1853,0.1864,383745600,0.1562
1997-01-02,0.1886,0.1897,0.1853,0.1875,143113600,0.1572
1997-01-03,0.1886,0.1987,0.1875,0.1942,119716800,0.1628
1997-01-06,0.1574,0.1638,0.1540,0.1596,1882832000,0.1338
1997-01-07,0.1618,0.1629,0.1563,0.1563,976931200,0.1310
1997-01-08,0.1629,0.1641,0.1551,0.1574,1100131200,0.1319
1997-01-09,0.1585,0.1596,0.1563,0.1585,446656000,0.1328
1997-01-10,0.1574,0.1629,0.1574,0.1629,353718400,0.1366
1997-01-13,0.1652,0.1652,0.1618,0.1618,305748800,0.1356
1997-01-14,0.1641,0.1641,0.1585,0.1596,255774400,0.1338
1997-01-15,0.1607,0.1607,0.1529,0.1540,433092800,0.1291
1997-01-16,0.1529,0.1529,0.1484,0.1496,671305600,0.1254
1997-01-17,0.1496,0.1529,0.1484,0.1496,325147200,0.1254
1997-01-20,0.1507,0.1529,0.1496,0.1512,291625600,0.1268
1997-01-21,0.1518,0.1540,0.1507,0.1540,284827200,0.1291
1997-01-22,0.1551,0.1563,0.1518,0.1535,205620800,0.1286
1997-01-23,0.1540,0.1551,0.1529,0.1540,172345600,0.1291
1997-01-24,0.1540,0.1540,0.1507,0.1507,188283200,0.1263
1997-01-27,0.1529,0.1540,0.1484,0.1484,214043200,0.1244
1997-01-28,0.1518,0.1518,0.1473,0.1484,210560000,0.1244
1997-01-29,0.1484,0.1496,0.1473,0.1484,151704000,0.1244
1997-01-30,0.1496,0.1496,0.1473,0.1496,139932800,0.1254
1997-01-31,0.1484,0.1484,0.1473,0.1484,199628800,0.1244
1997-02-03,0.1507,0.1518,0.1451,0.1456,368110400,0.1221
1997-02-04,0.1451,0.1462,0.1350,0.1373,712644800,0.1151
1997-02-05,0.1362,0.1395,0.1362,0.1362,394486400,0.1141
1997-02-06,0.1362,0.1440,0.1362,0.1429,399504000,0.1197
1997-02-07,0.1473,0.1473,0.1406,0.1412,235267200,0.1183
1997-02-10,0.1440,0.1440,0.1395,0.1395,185404800,0.1169
1997-02-11,0.1417,0.1429,0.1384,0.1401,140078400,0.1174
1997-02-12,0.1406,0.1417,0.1384,0.1406,176265600,0.1179
1997-02-13,0.1406,0.1440,0.1384,0.1440,195832000,0.1207
1997-02-14,0.1451,0.1462,0.1429,0.1456,237249600,0.1221
1997-02-18,0.1484,0.1596,0.1451,0.1596,368278400,0.1338
1997-02-19,0.1596,0.1596,0.1529,0.1574,241292800,0.1319
1997-02-20,0.1574,0.1574,0.1518,0.1518,124947200,0.1272
1997-02-21,0.1507,0.1518,0.1429,0.1462,211086400,0.1225
1997-02-24,0.1451,0.1507,0.1451,0.1484,117588800,0.1244
1997-02-25,0.1518,0.1551,0.1507,0.1507,138084800,0.1263
1997-02-26,0.1518,0.1529,0.1496,0.1529,103174400,0.1282
1997-02-27,0.1518,0.1529,0.1496,0.1518,102995200,0.1272
1997-02-28,0.1507,0.1507,0.1451,0.1451,121878400,0.1216
1997-03-03,0.1473,0.1473,0.1429,0.1440,130457600,0.1207
1997-03-04,0.1451,0.1473,0.1429,0.1473,103196800,0.1235
1997-03-05,0.1484,0.1518,0.1473,0.1518,96163200,0.1272
1997-03-06,0.1518,0.1518,0.1473,0.1484,116289600,0.1244
1997-03-07,0.1496,0.1496,0.1462,0.1473,70616000,0.1235
1997-03-10,0.1484,0.1496,0.1468,0.1484,99187200,0.1244
1997-03-11,0.1484,0.1484,0.1429,0.1462,98504000,0.1225
1997-03-12,0.1451,0.1496,0.1440,0.1451,70996800,0.1216
1997-03-13,0.1462,0.1462,0.1440,0.1462,105089600,0.1225
1997-03-14,0.1462,0.1496,0.1451,0.1479,230417600,0.1240
1997-03-17,0.1451,0.1473,0.1429,0.1473,192752000,0.1235
1997-03-18,0.1462,0.1473,0.1440,0.1451,127075200,0.1216
1997-03-19,0.1462,0.1462,0.1417,0.1440,208230400,0.1207
1997-03-20,0.1429,0.1563,0.1417,0.1540,317038400,0.1291
1997-03-21,0.1563,0.1563,0.1462,0.1484,136460800,0.1244
1997-03-24,0.1473,0.1484,0.1451,0.1473,71220800,0.1235
1997-03-25,0.1484,0.1484,0.1436,0.1473,112560000,0.1235
1997-03-26,0.1462,0.1507,0.1451,0.1496,106836800,0.1254
1997-03-27,0.1563,0.1719,0.1540,0.1663,1138905600,0.1394
1997-03-31,0.1663,0.1730,0.1540,0.1629,970244800,0.1366
1997-04-01,0.1574,0.1590,0.1551,0.1563,220259200,0.1310
1997-04-02,0.1596,0.1613,0.1574,0.1607,222432000,0.1347
1997-04-03,0.1652,0.1708,0.1629,0.1685,548856000,0.1413
1997-04-04,0.1708,0.1752,0.1696,0.1719,475249600,0.1441
1997-04-07,0.1763,0.1775,0.1719,0.1741,255259200,0.1459
1997-04-08,0.1752,0.1752,0.1663,0.1708,193827200,0.1431
1997-04-09,0.1719,0.1719,0.1685,0.1696,244988800,0.1422
1997-04-10,0.1696,0.1708,0.1652,0.1685,116984000,0.1413
1997-04-11,0.1685,0.1685,0.1618,0.1629,79564800,0.1366
1997-04-14,0.1641,0.1685,0.1607,0.1674,112358400,0.1403
1997-04-15,0.1708,0.1719,0.1618,0.1646,136046400,0.1380
1997-04-16,0.1663,0.1696,0.1641,0.1657,86217600,0.1389
1997-04-17,0.1629,0.1708,0.1618,0.1696,219464000,0.1422
1997-04-18,0.1708,0.1708,0.1641,0.1641,141444800,0.1375
1997-04-21,0.1663,0.1663,0.1607,0.1607,89152000,0.1347
1997-04-22,0.1618,0.1652,0.1596,0.1652,94651200,0.1385
1997-04-23,0.1641,0.1652,0.1618,0.1618,54488000,0.1356
1997-04-24,0.1652,0.1652,0.1585,0.1596,74939200,0.1338
1997-04-25,0.1574,0.1596,0.1551,0.1563,87382400,0.1310
1997-04-28,0.1585,0.1596,0.1563,0.1574,46771200,0.1319
1997-04-29,0.1607,0.1607,0.1563,0.1579,51755200,0.1324
1997-04-30,0.1518,0.1540,0.1496,0.1518,257633600,0.1272
1997-05-01,0.1507,0.1529,0.1496,0.1518,72340800,0.1272
1997-05-02,0.1518,0.1529,0.1496,0.1518,101987200,0.1272
1997-05-05,0.1518,0.1529,0.1496,0.1518,98492800,0.1272
1997-05-06,0.1518,0.1529,0.1496,0.1507,83148800,0.1263
1997-05-07,0.1507,0.1518,0.1462,0.1473,114217600,0.1235
1997-05-08,0.1484,0.1529,0.1473,0.1518,82936000,0.1272
1997-05-09,0.1518,0.1563,0.1518,0.1523,188372800,0.1277
1997-05-12,0.1540,0.1574,0.1518,0.1568,164976000,0.1314
1997-05-13,0.1563,0.1596,0.1518,0.1568,197019200,0.1314
1997-05-14,0.1596,0.1607,0.1563,0.1579,135643200,0.1324
1997-05-15,0.1585,0.1607,0.1563,0.1585,99008000,0.1328
1997-05-16,0.1563,0.1574,0.1540,0.1540,93296000,0.1291
1997-05-19,0.1563,0.1574,0.1518,0.1518,52259200,0.1272
1997-05-20,0.1518,0.1557,0.1496,0.1540,84828800,0.1291
1997-05-21,0.1529,0.1529,0.1473,0.1507,122248000,0.1263
1997-05-22,0.1496,0.1507,0.1473,0.1484,76764800,0.1244
1997-05-23,0.1484,0.1518,0.1484,0.1507,67032000,0.1263
1997-05-27,0.1496,0.1551,0.1496,0.1540,82084800,0.1291
1997-05-28,0.1551,0.1563,0.1518,0.1518,87539200,0.1272
1997-05-29,0.1529,0.1529,0.1484,0.1484,111182400,0.1244
1997-05-30,0.1473,0.1518,0.1462,0.1484,177329600,0.1244
1997-06-02,0.1518,0.1518,0.1496,0.1512,41585600,0.1268
1997-06-03,0.1496,0.1512,0.1484,0.1490,65240000,0.1249
1997-06-04,0.1484,0.1496,0.1473,0.1484,80404800,0.1244
1997-06-05,0.1484,0.1529,0.1479,0.1490,64612800,0.1249
1997-06-06,0.1484,0.1496,0.1473,0.1496,52875200,0.1254
1997-06-09,0.1490,0.1512,0.1484,0.1484,74804800,0.1244
1997-06-10,0.1496,0.1496,0.1434,0.1451,139048000,0.1216
1997-06-11,0.1456,0.1468,0.1451,0.1456,105403200,0.1221
1997-06-12,0.1462,0.1462,0.1429,0.1434,78691200,0.1202
1997-06-13,0.1434,0.1440,0.1406,0.1412,132070400,0.1183
1997-06-16,0.1417,0.1417,0.1373,0.1384,134008000,0.1160
1997-06-17,0.1390,0.1473,0.1384,0.1459,142251200,0.1223
1997-06-18,0.1440,0.1451,0.1406,0.1423,109648000,0.1193
1997-06-19,0.1429,0.1429,0.1401,0.1406,121027200,0.1179
1997-06-20,0.1401,0.1406,0.1384,0.1390,110185600,0.1165
1997-06-23,0.1384,0.1395,0.1373,0.1373,99545600,0.1151
1997-06-24,0.1378,0.1390,0.1362,0.1367,111148800,0.1146
1997-06-25,0.1367,0.1373,0.1339,0.1350,198632000,0.1132
1997-06-26,0.1350,0.1350,0.1306,0.1311,381987200,0.1099
1997-06-27,0.1311,0.1323,0.1306,0.1311,157953600,0.1099
1997-06-30,0.1317,0.1317,0.1250,0.1272,171180800,0.1066
1997-07-01,0.1244,0.1250,0.1172,0.1177,450676800,0.0987
1997-07-02,0.1183,0.1194,0.1161,0.1166,249961600,0.0978
1997-07-03,0.1172,0.1239,0.1161,0.1222,186782400,0.1024
1997-07-07,0.1244,0.1272,0.1228,0.1233,191475200,0.1034
1997-07-08,0.1239,0.1250,0.1222,0.1228,95692800,0.1029
1997-07-09,0.1233,0.1239,0.1217,0.1222,142016000,0.1024
1997-07-10,0.1150,0.1194,0.1138,0.1183,492508800,0.0992
1997-07-11,0.1194,0.1384,0.1189,0.1356,734944000,0.1137
1997-07-14,0.1362,0.1395,0.1328,0.1395,411006400,0.1169
1997-07-15,0.1406,0.1429,0.1395,0.1423,418353600,0.1193
1997-07-16,0.1412,0.1473,0.1395,0.1468,446252800,0.1230
1997-07-17,0.1518,0.1618,0.1468,0.1563,746267200,0.1310
1997-07-18,0.1596,0.1602,0.1523,0.1549,317564800,0.1298
1997-07-21,0.1568,0.1579,0.1429,0.1443,354916800,0.1209
1997-07-22,0.1462,0.1490,0.1456,0.1479,231336000,0.1240
1997-07-23,0.1496,0.1507,0.1429,0.1440,141288000,0.1207
1997-07-24,0.1440,0.1440,0.1395,0.1412,133492800,0.1183
1997-07-25,0.1417,0.1479,0.1406,0.1451,217963200,0.1216
1997-07-28,0.1468,0.1473,0.1451,0.1468,110510400,0.1230
1997-07-29,0.1468,0.1484,0.1462,0.1473,71243200,0.1235
1997-07-30,0.1512,0.1579,0.1496,0.1551,374304000,0.1300
1997-07-31,0.1551,0.1585,0.1540,0.1563,263816000,0.1310
1997-08-01,0.1574,0.1713,0.1568,0.1713,481913600,0.1436
1997-08-04,0.1713,0.1769,0.1713,0.1763,611318400,0.1478
1997-08-05,0.1780,0.1786,0.1740,0.1763,247128000,0.1478
1997-08-06,0.2254,0.2478,0.2232,0.2349,4190480000,0.1969
1997-08-07,0.2567,0.2640,0.2533,0.2606,3755438400,0.2184
1997-08-08,0.2483,0.2533,0.2333,0.2394,1814164800,0.2007
1997-08-11,0.2349,0.2360,0.2098,0.2193,1550998400,0.1838
1997-08-12,0.2148,0.2165,0.1953,0.1970,1048398400,0.1651
1997-08-13,0.1987,0.2132,0.1825,0.2109,1201424000,0.1768
1997-08-14,0.2109,0.2165,0.2026,0.2054,434448000,0.1721
1997-08-15,0.2065,0.2093,0.2037,0.2076,260960000,0.1740
1997-08-18,0.2081,0.2121,0.2031,0.2109,217840000,0.1768
1997-08-19,0.2115,0.2188,0.2081,0.2182,289161600,0.1829
1997-08-20,0.2182,0.2243,0.2160,0.2199,324307200,0.1843
1997-08-21,0.2188,0.2204,0.2132,0.2143,259280000,0.1796
1997-08-22,0.2093,0.2143,0.2087,0.2109,227628800,0.1768
1997-08-25,0.2109,0.2115,0.2048,0.2059,138633600,0.1726
1997-08-26,0.2020,0.2054,0.1975,0.1987,226206400,0.1665
1997-08-27,0.1998,0.2031,0.1953,0.2026,190635200,0.1698
1997-08-28,0.1975,0.2009,0.1964,0.1964,95670400,0.1646
1997-08-29,0.1948,0.1964,0.1920,0.1942,109670400,0.1628
1997-09-02,0.1964,0.2015,0.1959,0.1998,186043200,0.1675
1997-09-03,0.1998,0.2076,0.1992,0.2009,284132800,0.1684
1997-09-04,0.2015,0.2042,0.1987,0.2009,122539200,0.1684
1997-09-05,0.2020,0.2042,0.1964,0.1981,136707200,0.1660
1997-09-08,0.1987,0.1987,0.1914,0.1920,175156800,0.1609
1997-09-09,0.1903,0.1953,0.1897,0.1948,159028800,0.1632
1997-09-10,0.1942,0.2065,0.1936,0.2048,274064000,0.1717
1997-09-11,0.2042,0.2054,0.1970,0.1998,209876800,0.1675
1997-09-12,0.1981,0.1987,0.1914,0.1970,113680000,0.1651
1997-09-15,0.1953,0.1975,0.1920,0.1920,96913600,0.1609
1997-09-16,0.1970,0.1977,0.1942,0.1959,134220800,0.1642
1997-09-17,0.1964,0.1964,0.1936,0.1948,86766400,0.1632
1997-09-18,0.1920,0.2009,0.1920,0.1992,169164800,0.1670
1997-09-19,0.1981,0.1981,0.1942,0.1959,94931200,0.1642
1997-09-22,0.1975,0.2059,0.1964,0.2037,200368000,0.1707
1997-09-23,0.1987,0.1987,0.1936,0.1942,200536000,0.1628
1997-09-24,0.1936,0.1942,0.1908,0.1920,222432000,0.1609
1997-09-25,0.1903,0.1942,0.1875,0.1886,223384000,0.1581
1997-09-26,0.1920,0.1959,0.1886,0.1903,208320000,0.1595
1997-09-29,0.1936,0.1987,0.1925,0.1970,167238400,0.1651
1997-09-30,0.1964,0.1992,0.1936,0.1936,140571200,0.1623
1997-10-01,0.1936,0.1942,0.1908,0.1922,130468800,0.1611
1997-10-02,0.1914,0.1964,0.1908,0.1959,135408000,0.1642
1997-10-03,0.1964,0.1987,0.1936,0.1975,162232000,0.1656
1997-10-06,0.1981,0.1987,0.1936,0.1959,93296000,0.1642
1997-10-07,0.1953,0.1964,0.1948,0.1948,109289600,0.1632
1997-10-08,0.1942,0.1948,0.1903,0.1920,108841600,0.1609
1997-10-09,0.1897,0.2009,0.1892,0.1942,187331200,0.1628
1997-10-10,0.1920,0.2031,0.1920,0.2026,270401600,0.1698
1997-10-13,0.2031,0.2042,0.1981,0.2026,158625600,0.1698
1997-10-14,0.2026,0.2031,0.1981,0.2026,165816000,0.1698
1997-10-15,0.1975,0.2210,0.1975,0.2126,810868800,0.1782
1997-10-16,0.1886,0.1970,0.1864,0.1920,739188800,0.1609
1997-10-17,0.1886,0.1886,0.1775,0.1797,438670400,0.1506
1997-10-20,0.1797,0.1802,0.1663,0.1669,411835200,0.1399
1997-10-21,0.1685,0.1724,0.1669,0.1702,475272000,0.1427
1997-10-22,0.1702,0.1719,0.1652,0.1657,151177600,0.1389
1997-10-23,0.1607,0.1624,0.1585,0.1585,186782400,0.1328
1997-10-24,0.1618,0.1641,0.1473,0.1479,388236800,0.1240
1997-10-27,0.1496,0.1618,0.1496,0.1496,329358400,0.1254
1997-10-28,0.1429,0.1652,0.1417,0.1618,343313600,0.1356
1997-10-29,0.1646,0.1652,0.1540,0.1563,177587200,0.1310
1997-10-30,0.1523,0.1568,0.1473,0.1473,188955200,0.1235
1997-10-31,0.1551,0.1551,0.1484,0.1521,267086400,0.1275
1997-11-03,0.1568,0.1585,0.1523,0.1551,126011200,0.1300
1997-11-04,0.1585,0.1618,0.1563,0.1602,168593600,0.1342
1997-11-05,0.1629,0.1663,0.1613,0.1641,387116800,0.1375
1997-11-06,0.1685,0.1741,0.1685,0.1696,617086400,0.1422
1997-11-07,0.1685,0.1786,0.1674,0.1763,795614400,0.1478
1997-11-10,0.1875,0.1920,0.1652,0.1669,1398241600,0.1399
1997-11-11,0.1696,0.1696,0.1618,0.1641,332483200,0.1375
1997-11-12,0.1613,0.1652,0.1568,0.1574,208062400,0.1319
1997-11-13,0.1607,0.1613,0.1563,0.1607,257521600,0.1347
1997-11-14,0.1629,0.1652,0.1607,0.1646,135038400,0.1380
1997-11-17,0.1685,0.1691,0.1636,0.1652,205027200,0.1385
1997-11-18,0.1652,0.1652,0.1613,0.1613,146641600,0.1352
1997-11-19,0.1596,0.1635,0.1596,0.1629,79587200,0.1366
1997-11-20,0.1624,0.1663,0.1618,0.1652,128172800,0.1385
1997-11-21,0.1663,0.1669,0.1607,0.1624,97776000,0.1361
1997-11-24,0.1568,0.1607,0.1563,0.1574,157348800,0.1319
1997-11-25,0.1579,0.1596,0.1507,0.1551,205430400,0.1300
1997-11-26,0.1551,0.1579,0.1540,0.1563,60412800,0.1310
1997-11-28,0.1574,0.1596,0.1557,0.1585,41316800,0.1328
1997-12-01,0.1579,0.1602,0.1540,0.1585,87236800,0.1328
1997-12-02,0.1551,0.1563,0.1417,0.1417,396816000,0.1188
1997-12-03,0.1434,0.1440,0.1401,0.1406,343056000,0.1179
1997-12-04,0.1429,0.1429,0.1395,0.1395,199640000,0.1169
1997-12-05,0.1390,0.1429,0.1390,0.1412,221468800,0.1183
1997-12-08,0.1390,0.1406,0.1373,0.1390,133582400,0.1165
1997-12-09,0.1384,0.1401,0.1339,0.1362,243051200,0.1141
1997-12-10,0.1345,0.1345,0.1295,0.1317,194880000,0.1104
1997-12-11,0.1289,0.1300,0.1239,0.1300,256939200,0.1090
1997-12-12,0.1317,0.1328,0.1250,0.1261,160563200,0.1057
1997-12-15,0.1261,0.1272,0.1228,0.1244,165894400,0.1043
1997-12-16,0.1250,0.1283,0.1250,0.1278,185628800,0.1071
1997-12-17,0.1278,0.1300,0.1244,0.1244,265294400,0.1043
1997-12-18,0.1250,0.1250,0.1228,0.1233,202048000,0.1034
1997-12-19,0.1211,0.1239,0.1183,0.1222,190612800,0.1024
1997-12-22,0.1239,0.1250,0.1177,0.1189,159476800,0.0996
1997-12-23,0.1172,0.1189,0.1155,0.1155,458830400,0.0968
1997-12-24,0.1161,0.1183,0.1161,0.1172,97832000,0.0982
1997-12-26,0.1166,0.1194,0.1161,0.1189,107878400,0.0996
1997-12-29,0.1189,0.1200,0.1150,0.1172,278196800,0.0982
1997-12-30,0.1161,0.1200,0.1138,0.1177,342507200,0.0987
1997-12-31,0.1172,0.1217,0.1155,0.1172,406358400,0.0982
1998-01-02,0.1217,0.1451,0.1205,0.1451,718110400,0.1216
1998-01-05,0.1473,0.1479,0.1356,0.1417,651873600,0.1188
1998-01-06,0.1423,0.1786,0.1317,0.1691,1812473600,0.1417
1998-01-07,0.1680,0.1696,0.1546,0.1563,1041622400,0.1310
1998-01-08,0.1557,0.1663,0.1512,0.1624,774020800,0.1361
1998-01-09,0.1618,0.1730,0.1563,0.1624,886547200,0.1361
1998-01-12,0.1557,0.1663,0.1529,0.1629,516398400,0.1366
1998-01-13,0.1663,0.1752,0.1652,0.1741,636854400,0.1459
1998-01-14,0.1775,0.1780,0.1719,0.1763,589265600,0.1478
1998-01-15,0.1713,0.1763,0.1663,0.1713,559272000,0.1436
1998-01-16,0.1735,0.1735,0.1669,0.1680,246355200,0.1408
1998-01-20,0.1702,0.1724,0.1663,0.1702,241561600,0.1427
1998-01-21,0.1674,0.1702,0.1657,0.1688,190209600,0.1415
1998-01-22,0.1669,0.1763,0.1663,0.1719,329728000,0.1441
1998-01-23,0.1730,0.1758,0.1719,0.1741,233161600,0.1459
1998-01-26,0.1735,0.1747,0.1680,0.1735,146440000,0.1455
1998-01-27,0.1713,0.1758,0.1696,0.1708,112235200,0.1431
1998-01-28,0.1713,0.1730,0.1663,0.1713,151121600,0.1436
1998-01-29,0.1691,0.1708,0.1652,0.1652,211881600,0.1385
1998-01-30,0.1635,0.1685,0.1629,0.1635,162444800,0.1370
1998-02-02,0.1652,0.1652,0.1551,0.1579,636742400,0.1324
1998-02-03,0.1579,0.1663,0.1579,0.1635,402617600,0.1370
1998-02-04,0.1613,0.1652,0.1607,0.1629,170195200,0.1366
1998-02-05,0.1629,0.1652,0.1607,0.1635,238268800,0.1370
1998-02-06,0.1641,0.1669,0.1629,0.1652,202339200,0.1385
1998-02-09,0.1641,0.1741,0.1641,0.1713,494670400,0.1436
1998-02-10,0.1708,0.1747,0.1702,0.1735,422016000,0.1455
1998-02-11,0.1741,0.1741,0.1685,0.1696,211668800,0.1422
1998-02-12,0.1708,0.1735,0.1702,0.1730,203750400,0.1450
1998-02-13,0.1713,0.1775,0.1696,0.1741,207995200,0.1459
1998-02-17,0.1741,0.1763,0.1741,0.1752,182750400,0.1469
1998-02-18,0.1747,0.1853,0.1747,0.1836,494592000,0.1539
1998-02-19,0.1864,0.1869,0.1786,0.1825,399660800,0.1530
1998-02-20,0.1830,0.1836,0.1769,0.1786,325416000,0.1497
1998-02-23,0.1797,0.1931,0.1786,0.1897,477489600,0.1590
1998-02-24,0.1903,0.1908,0.1853,0.1903,456590400,0.1595
1998-02-25,0.1903,0.2031,0.1869,0.1992,712667200,0.1670
1998-02-26,0.1992,0.2104,0.1953,0.2098,595134400,0.1759
1998-02-27,0.2081,0.2132,0.2015,0.2109,519601600,0.1768
1998-03-02,0.2104,0.2104,0.1987,0.2031,400444800,0.1703
1998-03-03,0.1953,0.2070,0.1931,0.2065,334073600,0.1731
1998-03-04,0.2042,0.2210,0.2042,0.2182,817824000,0.1829
1998-03-05,0.2076,0.2165,0.2065,0.2148,675124800,0.1801
1998-03-06,0.2132,0.2188,0.2087,0.2182,666467200,0.1829
1998-03-09,0.2121,0.2171,0.2009,0.2031,574929600,0.1703
1998-03-10,0.2054,0.2188,0.2048,0.2148,712902400,0.1801
1998-03-11,0.2243,0.2338,0.2193,0.2333,1214337600,0.1955
1998-03-12,0.2333,0.2411,0.2282,0.2411,744363200,0.2021
1998-03-13,0.2433,0.2433,0.2344,0.2422,566160000,0.2030
1998-03-16,0.2422,0.2433,0.2338,0.2383,402360000,0.1997
1998-03-17,0.2366,0.2383,0.2310,0.2352,410256000,0.1972
1998-03-18,0.2321,0.2405,0.2321,0.2405,276998400,0.2016
1998-03-19,0.2400,0.2405,0.2372,0.2388,160059200,0.2002
1998-03-20,0.2383,0.2400,0.2321,0.2355,215476800,0.1974
1998-03-23,0.2316,0.2344,0.2199,0.2333,414736000,0.1955
1998-03-24,0.2355,0.2500,0.2344,0.2500,675931200,0.2095
1998-03-25,0.2467,0.2478,0.2355,0.2425,387374400,0.2032
1998-03-26,0.2388,0.2411,0.2360,0.2372,202966400,0.1988
1998-03-27,0.2377,0.2439,0.2355,0.2405,255595200,0.2016
1998-03-30,0.2388,0.2455,0.2388,0.2450,250700800,0.2053
1998-03-31,0.2450,0.2483,0.2433,0.2455,266896000,0.2058
1998-04-01,0.2450,0.2483,0.2416,0.2455,186883200,0.2058
1998-04-02,0.2439,0.2450,0.2405,0.2439,194308800,0.2044
1998-04-03,0.2422,0.2433,0.2394,0.2416,203067200,0.2025
1998-04-06,0.2411,0.2411,0.2338,0.2344,347592000,0.1965
1998-04-07,0.2305,0.2321,0.2221,0.2277,292700800,0.1908
1998-04-08,0.2254,0.2266,0.2204,0.2232,225198400,0.1871
1998-04-09,0.2238,0.2310,0.2232,0.2288,170307200,0.1918
1998-04-13,0.2288,0.2383,0.2232,0.2360,288299200,0.1979
1998-04-14,0.2355,0.2433,0.2355,0.2405,327846400,0.2016
1998-04-15,0.2427,0.2455,0.2377,0.2450,557513600,0.2053
1998-04-16,0.2612,0.2645,0.2517,0.2556,1837953600,0.2142
1998-04-17,0.2550,0.2556,0.2472,0.2494,592166400,0.2091
1998-04-20,0.2467,0.2634,0.2461,0.2589,517776000,0.2170
1998-04-21,0.2595,0.2600,0.2545,0.2589,348028800,0.2170
1998-04-22,0.2567,0.2589,0.2455,0.2455,284950400,0.2058
1998-04-23,0.2450,0.2589,0.2427,0.2472,475294400,0.2072
1998-04-24,0.2478,0.2522,0.2455,0.2494,215544000,0.2091
1998-04-27,0.2388,0.2478,0.2388,0.2478,409796800,0.2077
1998-04-28,0.2489,0.2500,0.2344,0.2405,237171200,0.2016
1998-04-29,0.2405,0.2450,0.2388,0.2411,189537600,0.2021
1998-04-30,0.2444,0.2467,0.2416,0.2444,179950400,0.2049
1998-05-01,0.2455,0.2522,0.2400,0.2500,184072000,0.2095
1998-05-04,0.2578,0.2634,0.2578,0.2595,571144000,0.2175
1998-05-05,0.2612,0.2667,0.2600,0.2651,419283200,0.2222
1998-05-06,0.2667,0.2718,0.2612,0.2706,897008000,0.2269
1998-05-07,0.2729,0.2734,0.2667,0.2695,552899200,0.2259
1998-05-08,0.2684,0.2723,0.2673,0.2718,270816000,0.2278
1998-05-11,0.2757,0.2824,0.2746,0.2762,665022400,0.2315
1998-05-12,0.2729,0.2746,0.2673,0.2690,257812800,0.2255
1998-05-13,0.2684,0.2751,0.2645,0.2718,314417600,0.2278
1998-05-14,0.2712,0.2718,0.2656,0.2684,162680000,0.2250
1998-05-15,0.2684,0.2712,0.2612,0.2640,272585600,0.2212
1998-05-18,0.2623,0.2640,0.2533,0.2545,232388800,0.2133
1998-05-19,0.2584,0.2628,0.2573,0.2623,218265600,0.2198
1998-05-20,0.2645,0.2667,0.2567,0.2640,190176000,0.2212
1998-05-21,0.2640,0.2651,0.2556,0.2578,130995200,0.2161
1998-05-22,0.2567,0.2567,0.2439,0.2489,266593600,0.2086
1998-05-26,0.2506,0.2522,0.2377,0.2383,311774400,0.1997
1998-05-27,0.2294,0.2394,0.2288,0.2388,370193600,0.2002
1998-05-28,0.2388,0.2489,0.2388,0.2450,298491200,0.2053
1998-05-29,0.2455,0.2461,0.2360,0.2377,216720000,0.1993
1998-06-01,0.2366,0.2467,0.2288,0.2344,319692800,0.1965
1998-06-02,0.2360,0.2439,0.2321,0.2400,179300800,0.2011
1998-06-03,0.2422,0.2433,0.2338,0.2349,145140800,0.1969
1998-06-04,0.2377,0.2400,0.2305,0.2394,156139200,0.2007
1998-06-05,0.2400,0.2433,0.2355,0.2400,123323200,0.2011
1998-06-08,0.2411,0.2472,0.2394,0.2433,126627200,0.2039
1998-06-09,0.2444,0.2545,0.2444,0.2522,275744000,0.2114
1998-06-10,0.2500,0.2589,0.2467,0.2506,229230400,0.2100
1998-06-11,0.2517,0.2556,0.2483,0.2483,180118400,0.2081
1998-06-12,0.2467,0.2522,0.2444,0.2511,223854400,0.2105
1998-06-15,0.2433,0.2522,0.2433,0.2455,136662400,0.2058
1998-06-16,0.2472,0.2511,0.2439,0.2500,129684800,0.2095
1998-06-17,0.2500,0.2550,0.2494,0.2511,187174400,0.2105
1998-06-18,0.2478,0.2506,0.2427,0.2439,119996800,0.2044
1998-06-19,0.2444,0.2450,0.2388,0.2416,137558400,0.2025
1998-06-22,0.2411,0.2461,0.2388,0.2444,134568000,0.2049
1998-06-23,0.2450,0.2511,0.2433,0.2483,231056000,0.2081
1998-06-24,0.2478,0.2556,0.2439,0.2522,273795200,0.2114
1998-06-25,0.2550,0.2573,0.2528,0.2550,191811200,0.2138
1998-06-26,0.2545,0.2556,0.2478,0.2517,111115200,0.2110
1998-06-29,0.2522,0.2573,0.2506,0.2561,166185600,0.2147
1998-06-30,0.2556,0.2573,0.2511,0.2561,131062400,0.2147
1998-07-01,0.2578,0.2679,0.2545,0.2673,314115200,0.2240
1998-07-02,0.2651,0.2684,0.2589,0.2589,298110400,0.2170
1998-07-06,0.2634,0.2712,0.2600,0.2712,270950400,0.2273
1998-07-07,0.2712,0.2757,0.2679,0.2723,241472000,0.2283
1998-07-08,0.2746,0.2941,0.2740,0.2907,932814400,0.2437
1998-07-09,0.2941,0.3002,0.2807,0.2829,566608000,0.2371
1998-07-10,0.2874,0.2913,0.2835,0.2863,302523200,0.2400
1998-07-13,0.2852,0.3047,0.2846,0.3030,715388800,0.2540
1998-07-14,0.3030,0.3036,0.2958,0.2985,548531200,0.2502
1998-07-15,0.3008,0.3097,0.2991,0.3075,594966400,0.2577
1998-07-16,0.3382,0.3404,0.3192,0.3348,2561350400,0.2806
1998-07-17,0.3326,0.3326,0.3231,0.3292,629552000,0.2760
1998-07-20,0.3265,0.3270,0.3170,0.3237,383891200,0.2713
1998-07-21,0.3225,0.3304,0.3175,0.3181,329504000,0.2666
1998-07-22,0.3119,0.3181,0.3058,0.3125,280728000,0.2619
1998-07-23,0.3108,0.3181,0.3103,0.3119,253131200,0.2615
1998-07-24,0.3158,0.3170,0.3019,0.3097,271286400,0.2596
1998-07-27,0.3058,0.3114,0.2969,0.3075,214233600,0.2577
1998-07-28,0.3041,0.3092,0.2946,0.3002,225377600,0.2516
1998-07-29,0.3013,0.3203,0.3008,0.3136,447720000,0.2629
1998-07-30,0.3198,0.3281,0.3170,0.3259,362297600,0.2732
1998-07-31,0.3270,0.3281,0.3080,0.3092,183108800,0.2591
1998-08-03,0.3058,0.3175,0.2969,0.3136,301761600,0.2629
1998-08-04,0.3170,0.3214,0.3036,0.3052,293921600,0.2559
1998-08-05,0.3013,0.3214,0.2991,0.3214,454081600,0.2694
1998-08-06,0.3131,0.3292,0.3114,0.3292,438614400,0.2760
1998-08-07,0.3320,0.3337,0.3214,0.3259,298020800,0.2732
1998-08-10,0.3242,0.3398,0.3237,0.3387,488600000,0.2839
1998-08-11,0.3371,0.3661,0.3337,0.3482,1759475200,0.2919
1998-08-12,0.3549,0.3655,0.3525,0.3577,689774400,0.2998
1998-08-13,0.3566,0.3638,0.3516,0.3521,390779200,0.2951
1998-08-14,0.3633,0.3638,0.3527,0.3616,450777600,0.3031
1998-08-17,0.3661,0.3823,0.3560,0.3744,930876800,0.3139
1998-08-18,0.3789,0.3873,0.3772,0.3800,605953600,0.3185
1998-08-19,0.3884,0.3906,0.3661,0.3661,485990400,0.3068
1998-08-20,0.3661,0.3672,0.3594,0.3627,391921600,0.3040
1998-08-21,0.3571,0.3890,0.3482,0.3839,813377600,0.3218
1998-08-24,0.3878,0.3884,0.3583,0.3677,610176000,0.3082
1998-08-25,0.3783,0.3783,0.3599,0.3644,495566400,0.3054
1998-08-26,0.3560,0.3672,0.3527,0.3605,406481600,0.3022
1998-08-27,0.3504,0.3504,0.3181,0.3348,1114243200,0.2806
1998-08-28,0.3315,0.3438,0.3047,0.3052,932254400,0.2559
1998-08-31,0.3103,0.3114,0.2768,0.2785,868224000,0.2334
1998-09-01,0.2801,0.3158,0.2734,0.3047,869075200,0.2554
1998-09-02,0.3170,0.3337,0.3147,0.3175,843001600,0.2661
1998-09-03,0.3125,0.3136,0.3036,0.3092,409752000,0.2591
1998-09-04,0.3170,0.3253,0.3013,0.3136,377272000,0.2629
1998-09-08,0.3393,0.3415,0.3281,0.3415,402796800,0.2863
1998-09-09,0.3398,0.3404,0.3304,0.3337,354692800,0.2797
1998-09-10,0.3237,0.3415,0.3192,0.3404,526881600,0.2853
1998-09-11,0.3438,0.3538,0.3292,0.3359,352284800,0.2816
1998-09-14,0.3415,0.3465,0.3315,0.3320,247072000,0.2783
1998-09-15,0.3281,0.3443,0.3259,0.3410,433652800,0.2858
1998-09-16,0.3449,0.3460,0.3304,0.3331,258876800,0.2792
1998-09-17,0.3220,0.3315,0.3203,0.3214,269292800,0.2694
1998-09-18,0.3220,0.3281,0.3175,0.3281,305076800,0.2750
1998-09-21,0.3186,0.3298,0.3153,0.3298,295870400,0.2764
1998-09-22,0.3315,0.3359,0.3248,0.3304,257936000,0.2769
1998-09-23,0.3326,0.3426,0.3265,0.3421,287918400,0.2867
1998-09-24,0.3382,0.3532,0.3371,0.3438,482843200,0.2881
1998-09-25,0.3410,0.3499,0.3359,0.3460,228289600,0.2900
1998-09-28,0.3549,0.3588,0.3393,0.3488,405417600,0.2923
1998-09-29,0.3488,0.3571,0.3404,0.3527,305132800,0.2956
1998-09-30,0.3460,0.3504,0.3393,0.3404,167182400,0.2853
1998-10-01,0.3281,0.3393,0.3158,0.3186,370216000,0.2671
1998-10-02,0.3170,0.3237,0.3047,0.3131,475574400,0.2624
1998-10-05,0.3036,0.3086,0.2813,0.2874,551880000,0.2409
1998-10-06,0.3008,0.3064,0.2902,0.2907,399862400,0.2437
1998-10-07,0.2891,0.2974,0.2846,0.2852,473356800,0.2390
1998-10-08,0.2768,0.2785,0.2545,0.2751,689214400,0.2306
1998-10-09,0.2835,0.3147,0.2746,0.3136,668236800,0.2629
1998-10-12,0.3348,0.3432,0.3265,0.3343,622899200,0.2802
1998-10-13,0.3398,0.3499,0.3214,0.3460,941628800,0.2900
1998-10-14,0.3549,0.3689,0.3287,0.3337,2280017600,0.2797
1998-10-15,0.3237,0.3326,0.3170,0.3270,840672000,0.2741
1998-10-16,0.3315,0.3398,0.3259,0.3276,615563200,0.2746
1998-10-19,0.3276,0.3398,0.3203,0.3348,475776000,0.2806
1998-10-20,0.3387,0.3410,0.3214,0.3220,382088000,0.2699
1998-10-21,0.3281,0.3343,0.3192,0.3315,430617600,0.2778
1998-10-22,0.3292,0.3359,0.3237,0.3281,317374400,0.2750
1998-10-23,0.3281,0.3292,0.3136,0.3170,355980800,0.2657
1998-10-26,0.3220,0.3371,0.3170,0.3343,475843200,0.2802
1998-10-27,0.3393,0.3477,0.3131,0.3147,538193600,0.2638
1998-10-28,0.3147,0.3304,0.3136,0.3287,363708800,0.2755
1998-10-29,0.3253,0.3343,0.3198,0.3253,344579200,0.2727
1998-10-30,0.3287,0.3348,0.3237,0.3315,317643200,0.2778
1998-11-02,0.3348,0.3371,0.3326,0.3359,253769600,0.2816
1998-11-03,0.3337,0.3415,0.3331,0.3376,370451200,0.2830
1998-11-04,0.3443,0.3493,0.3404,0.3454,627883200,0.2895
1998-11-05,0.3426,0.3516,0.3398,0.3410,607118400,0.2858
1998-11-06,0.3382,0.3415,0.3326,0.3398,797339200,0.2849
1998-11-09,0.3365,0.3404,0.3170,0.3270,660788800,0.2741
1998-11-10,0.3231,0.3237,0.3125,0.3136,883982400,0.2629
1998-11-11,0.3192,0.3198,0.2924,0.2997,948505600,0.2512
1998-11-12,0.2958,0.3075,0.2935,0.3036,595100800,0.2545
1998-11-13,0.3119,0.3220,0.3097,0.3186,791817600,0.2671
1998-11-16,0.3209,0.3281,0.3164,0.3214,384529600,0.2694
1998-11-17,0.3192,0.3198,0.3103,0.3108,210728000,0.2605
1998-11-18,0.3142,0.3214,0.3114,0.3164,329660800,0.2652
1998-11-19,0.3170,0.3320,0.3164,0.3192,346528000,0.2675
1998-11-20,0.3253,0.3281,0.3103,0.3153,399224000,0.2643
1998-11-23,0.3175,0.3287,0.3142,0.3237,577953600,0.2713
1998-11-24,0.3225,0.3281,0.3192,0.3209,319748800,0.2690
1998-11-25,0.3203,0.3220,0.3119,0.3136,303800000,0.2629
1998-11-27,0.3131,0.3136,0.3103,0.3131,153104000,0.2624
1998-11-30,0.3086,0.3108,0.2835,0.2852,561489600,0.2390
1998-12-01,0.2857,0.3108,0.2824,0.3047,865737600,0.2554
1998-12-02,0.3047,0.3292,0.2991,0.3214,962483200,0.2694
1998-12-03,0.3242,0.3259,0.3002,0.3008,626046400,0.2521
1998-12-04,0.3064,0.3075,0.2857,0.2924,721369600,0.2451
1998-12-07,0.2980,0.3013,0.2924,0.3013,566596800,0.2526
1998-12-08,0.3030,0.3030,0.2857,0.2863,680108800,0.2400
1998-12-09,0.2919,0.2935,0.2824,0.2857,592916800,0.2395
1998-12-10,0.2919,0.2941,0.2846,0.2857,391249600,0.2395
1998-12-11,0.2879,0.3036,0.2857,0.3013,689998400,0.2526
1998-12-14,0.2935,0.2974,0.2879,0.2902,501446400,0.2432
1998-12-15,0.2924,0.3002,0.2924,0.2997,264712000,0.2512
1998-12-16,0.3013,0.3052,0.2913,0.2930,374348800,0.2456
1998-12-17,0.2941,0.3013,0.2924,0.2985,330612800,0.2502
1998-12-18,0.2980,0.3158,0.2969,0.3142,791492800,0.2633
1998-12-21,0.3158,0.3181,0.3058,0.3131,357448000,0.2624
1998-12-22,0.3248,0.3404,0.3214,0.3393,1150800000,0.2844
1998-12-23,0.3449,0.3616,0.3426,0.3555,1235035200,0.2980
1998-12-24,0.3560,0.3571,0.3499,0.3504,199987200,0.2937
1998-12-28,0.3482,0.3672,0.3482,0.3650,725312000,0.3059
1998-12-29,0.3672,0.3705,0.3594,0.3644,387352000,0.3054
1998-12-30,0.3583,0.3672,0.3571,0.3577,237361600,0.2998
1998-12-31,0.3616,0.3694,0.3527,0.3655,271689600,0.3064
1999-01-04,0.3761,0.3772,0.3571,0.3683,952884800,0.3087
1999-01-05,0.3744,0.3923,0.3705,0.3867,1410113600,0.3241
1999-01-06,0.3940,0.3940,0.3661,0.3728,1348569600,0.3125
1999-01-07,0.3772,0.4023,0.3761,0.4018,1429019200,0.3368
1999-01-08,0.4157,0.4185,0.3929,0.4018,678832000,0.3368
1999-01-11,0.4085,0.4113,0.4007,0.4096,560974400,0.3433
1999-01-12,0.4135,0.4163,0.3940,0.4118,820736000,0.3452
1999-01-13,0.3828,0.4224,0.3772,0.4152,1047816000,0.3480
1999-01-14,0.4063,0.4107,0.3666,0.3694,1723859200,0.3096
1999-01-15,0.3733,0.3761,0.3571,0.3689,1006006400,0.3092
1999-01-19,0.3744,0.3778,0.3605,0.3650,534889600,0.3059
1999-01-20,0.3666,0.3750,0.3616,0.3622,778120000,0.3036
1999-01-21,0.3610,0.3622,0.3348,0.3465,600488000,0.2905
1999-01-22,0.3365,0.3527,0.3309,0.3460,345766400,0.2900
1999-01-25,0.3504,0.3532,0.3465,0.3516,385336000,0.2947
1999-01-26,0.3566,0.3650,0.3538,0.3616,560044800,0.3031
1999-01-27,0.3661,0.3694,0.3566,0.3583,364952000,0.3003
1999-01-28,0.3650,0.3683,0.3599,0.3650,336280000,0.3059
1999-01-29,0.3677,0.3711,0.3571,0.3677,242715200,0.3082
1999-02-01,0.3722,0.3744,0.3599,0.3655,278913600,0.3064
1999-02-02,0.3605,0.3638,0.3482,0.3499,307160000,0.2933
1999-02-03,0.3482,0.3622,0.3460,0.3588,338744000,0.3008
1999-02-04,0.3588,0.3594,0.3371,0.3382,463780800,0.2835
1999-02-05,0.3415,0.3426,0.3170,0.3242,777201600,0.2718
1999-02-08,0.3276,0.3387,0.3237,0.3371,468227200,0.2825
1999-02-09,0.3387,0.3488,0.3309,0.3320,701153600,0.2783
1999-02-10,0.3292,0.3454,0.3214,0.3421,563628800,0.2867
1999-02-11,0.3460,0.3549,0.3443,0.3538,565196800,0.2965
1999-02-12,0.3493,0.3493,0.3304,0.3365,428904000,0.2820
1999-02-16,0.3471,0.3471,0.3382,0.3421,300227200,0.2867
1999-02-17,0.3404,0.3454,0.3298,0.3304,296060800,0.2769
1999-02-18,0.3354,0.3382,0.3175,0.3214,500169600,0.2694
1999-02-19,0.3237,0.3365,0.3231,0.3320,361692800,0.2783
1999-02-22,0.3337,0.3471,0.3326,0.3432,298670400,0.2877
1999-02-23,0.3443,0.3532,0.3387,0.3432,322179200,0.2877
1999-02-24,0.3465,0.3482,0.3337,0.3343,212755200,0.2802
1999-02-25,0.3331,0.3365,0.3259,0.3298,264600000,0.2764
1999-02-26,0.3259,0.3304,0.3080,0.3108,667251200,0.2605
1999-03-01,0.3108,0.3108,0.3002,0.3013,487827200,0.2526
1999-03-02,0.3047,0.3153,0.3013,0.3092,683054400,0.2591
1999-03-03,0.3103,0.3136,0.2991,0.3052,293350400,0.2559
1999-03-04,0.3080,0.3080,0.2891,0.2985,367270400,0.2502
1999-03-05,0.3064,0.3064,0.2891,0.2963,468036800,0.2484
1999-03-08,0.2969,0.3097,0.2963,0.3069,550670400,0.2573
1999-03-09,0.3064,0.3069,0.2991,0.3047,319692800,0.2554
1999-03-10,0.3052,0.3052,0.2896,0.2907,546280000,0.2437
1999-03-11,0.2879,0.3025,0.2857,0.2874,473659200,0.2409
1999-03-12,0.2885,0.2991,0.2885,0.2963,271398400,0.2484
1999-03-15,0.2974,0.3125,0.2969,0.3041,352161600,0.2549
1999-03-16,0.3125,0.3175,0.3119,0.3170,399828800,0.2657
1999-03-17,0.3209,0.3220,0.3030,0.3041,366318400,0.2549
1999-03-18,0.3069,0.3181,0.3058,0.3170,227080000,0.2657
1999-03-19,0.3209,0.3214,0.2935,0.2991,536502400,0.2507
1999-03-22,0.3036,0.3142,0.2941,0.3131,593611200,0.2624
1999-03-23,0.3075,0.3075,0.2924,0.2946,415553600,0.2470
1999-03-24,0.2969,0.3013,0.2902,0.3008,400153600,0.2521
1999-03-25,0.3069,0.3114,0.2980,0.3019,399963200,0.2530
1999-03-26,0.3013,0.3019,0.2946,0.2969,253836800,0.2488
1999-03-29,0.2991,0.3164,0.2985,0.3158,568870400,0.2647
1999-03-30,0.3125,0.3248,0.3125,0.3203,554523200,0.2685
1999-03-31,0.3248,0.3315,0.3203,0.3209,422352000,0.2690
1999-04-01,0.3220,0.3276,0.3192,0.3220,262057600,0.2699
1999-04-05,0.3214,0.3382,0.3214,0.3309,460936000,0.2774
1999-04-06,0.3287,0.3421,0.3287,0.3393,628588800,0.2844
1999-04-07,0.3398,0.3415,0.3248,0.3315,411812800,0.2778
1999-04-08,0.3292,0.3309,0.3214,0.3292,296408000,0.2760
1999-04-09,0.3237,0.3326,0.3209,0.3281,268542400,0.2750
1999-04-12,0.3125,0.3292,0.3114,0.3237,395819200,0.2713
1999-04-13,0.3242,0.3287,0.3080,0.3092,412384000,0.2591
1999-04-14,0.3147,0.3309,0.3125,0.3172,681027200,0.2659
1999-04-15,0.3158,0.3231,0.3064,0.3192,1734476800,0.2675
1999-04-16,0.3203,0.3220,0.3147,0.3164,502219200,0.2652
1999-04-19,0.3186,0.3214,0.2991,0.3025,921816000,0.2535
1999-04-20,0.3025,0.3103,0.2991,0.3041,523857600,0.2549
1999-04-21,0.3036,0.3069,0.2991,0.3069,351400000,0.2573
1999-04-22,0.3131,0.3270,0.3131,0.3248,740174400,0.2722
1999-04-23,0.3237,0.3521,0.3237,0.3499,1046841600,0.2933
1999-04-26,0.3527,0.3683,0.3504,0.3655,927931200,0.3064
1999-04-27,0.3839,0.4090,0.3839,0.4085,2106048000,0.3424
1999-04-28,0.3984,0.4079,0.3895,0.3934,954990400,0.3298
1999-04-29,0.3862,0.3962,0.3730,0.3839,789308800,0.3218
1999-04-30,0.3929,0.4208,0.3929,0.4107,1472329600,0.3443
1999-05-03,0.4113,0.4464,0.4085,0.4425,1470436800,0.3709
1999-05-04,0.4308,0.4342,0.4124,0.4152,811238400,0.3480
1999-05-05,0.4135,0.4196,0.3984,0.4196,579297600,0.3517
1999-05-06,0.4157,0.4185,0.3929,0.3973,433148800,0.3330
1999-05-07,0.3984,0.4096,0.3817,0.4096,434716800,0.3433
1999-05-10,0.4174,0.4191,0.3984,0.4040,392996800,0.3386
1999-05-11,0.4007,0.4124,0.3890,0.3996,458595200,0.3349
1999-05-12,0.4007,0.4152,0.3940,0.4152,395124800,0.3480
1999-05-13,0.4146,0.4180,0.4063,0.4124,295523200,0.3457
1999-05-14,0.4029,0.4090,0.3962,0.3962,226632000,0.3321
1999-05-17,0.3906,0.3990,0.3839,0.3962,210761600,0.3321
1999-05-18,0.4001,0.4107,0.3962,0.4040,418376000,0.3386
1999-05-19,0.4063,0.4085,0.3884,0.4035,298278400,0.3382
1999-05-20,0.4057,0.4085,0.3795,0.3795,417715200,0.3181
1999-05-21,0.3839,0.3956,0.3800,0.3923,463187200,0.3288
1999-05-24,0.3895,0.3956,0.3739,0.3744,260926400,0.3139
1999-05-25,0.3711,0.3789,0.3655,0.3705,366508800,0.3106
1999-05-26,0.3728,0.3962,0.3683,0.3934,437550400,0.3298
1999-05-27,0.3856,0.3906,0.3811,0.3884,336761600,0.3255
1999-05-28,0.3867,0.3956,0.3850,0.3934,201129600,0.3298
1999-06-01,0.4018,0.4046,0.3962,0.4001,461025600,0.3354
1999-06-02,0.3973,0.4280,0.3929,0.4157,521057600,0.3485
1999-06-03,0.4185,0.4286,0.4180,0.4235,488510400,0.3550
1999-06-04,0.4252,0.4302,0.4219,0.4297,368681600,0.3602
1999-06-07,0.4297,0.4375,0.4241,0.4369,418286400,0.3662
1999-06-08,0.4353,0.4358,0.4247,0.4258,313656000,0.3569
1999-06-09,0.4235,0.4330,0.4235,0.4325,353785600,0.3625
1999-06-10,0.4275,0.4308,0.4224,0.4297,317049600,0.3602
1999-06-11,0.4297,0.4330,0.4129,0.4146,185046400,0.3475
1999-06-14,0.4152,0.4163,0.4029,0.4057,157080000,0.3400
1999-06-15,0.4035,0.4174,0.4029,0.4113,130390400,0.3447
1999-06-16,0.4141,0.4291,0.4141,0.4280,225019200,0.3588
1999-06-17,0.4252,0.4286,0.4085,0.4141,224403200,0.3471
1999-06-18,0.4051,0.4219,0.4035,0.4208,208062400,0.3527
1999-06-21,0.4196,0.4219,0.4107,0.4152,135150400,0.3480
1999-06-22,0.4135,0.4191,0.4051,0.4051,151076800,0.3396
1999-06-23,0.4023,0.4026,0.3890,0.3901,531496000,0.3270
1999-06-24,0.3895,0.3895,0.3772,0.3778,433361600,0.3167
1999-06-25,0.3795,0.3811,0.3756,0.3767,294134400,0.3157
1999-06-28,0.3789,0.3834,0.3783,0.3800,277692800,0.3185
1999-06-29,0.3814,0.4068,0.3806,0.4051,380385600,0.3396
1999-06-30,0.4079,0.4191,0.4012,0.4135,343268800,0.3466
1999-07-01,0.4135,0.4157,0.4040,0.4046,149217600,0.3391
1999-07-02,0.4065,0.4185,0.4035,0.4135,123681600,0.3466
1999-07-06,0.4102,0.4252,0.4090,0.4230,453812800,0.3545
1999-07-07,0.4230,0.4531,0.4196,0.4453,1099156800,0.3733
1999-07-08,0.4565,0.4916,0.4542,0.4866,1625041600,0.4079
1999-07-09,0.4866,0.4967,0.4732,0.4967,608697600,0.4163
1999-07-12,0.4955,0.4967,0.4838,0.4866,303912000,0.4079
1999-07-13,0.4777,0.4838,0.4721,0.4794,283259200,0.4018
1999-07-14,0.4866,0.5056,0.4866,0.4994,624556800,0.4186
1999-07-15,0.4989,0.4994,0.4581,0.4754,1691804800,0.3985
1999-07-16,0.4788,0.4866,0.4732,0.4738,411499200,0.3971
1999-07-19,0.4816,0.4983,0.4671,0.4860,561299200,0.4074
1999-07-20,0.4872,0.4955,0.4710,0.4721,442075200,0.3957
1999-07-21,0.4827,0.4950,0.4721,0.4827,718166400,0.4046
1999-07-22,0.4788,0.4810,0.4565,0.4676,406728000,0.3920
1999-07-23,0.4715,0.4799,0.4704,0.4760,229051200,0.3990
1999-07-26,0.4721,0.4732,0.4542,0.4548,351187200,0.3812
1999-07-27,0.4699,0.4816,0.4688,0.4794,395908800,0.4018
1999-07-28,0.4810,0.4944,0.4732,0.4855,328910400,0.4069
1999-07-29,0.4766,0.4933,0.4743,0.4810,275475200,0.4032
1999-07-30,0.4866,0.5011,0.4866,0.4972,383140800,0.4168
1999-08-02,0.4967,0.5179,0.4955,0.4978,362443200,0.4172
1999-08-03,0.5067,0.5128,0.4788,0.4933,368379200,0.4135
1999-08-04,0.4927,0.4989,0.4754,0.4805,371425600,0.4027
1999-08-05,0.4777,0.4900,0.4654,0.4888,322537600,0.4097
1999-08-06,0.4827,0.4939,0.4777,0.4833,435556800,0.4051
1999-08-09,0.4852,0.4927,0.4844,0.4860,233284800,0.4074
1999-08-10,0.4821,0.5000,0.4788,0.4944,416225600,0.4144
1999-08-11,0.5000,0.5335,0.4994,0.5329,850337600,0.4467
1999-08-12,0.5273,0.5480,0.5234,0.5357,666108800,0.4490
1999-08-13,0.5413,0.5536,0.5346,0.5363,298435200,0.4495
1999-08-16,0.5340,0.5419,0.5313,0.5402,276931200,0.4528
1999-08-17,0.5385,0.5391,0.5262,0.5385,320936000,0.4514
1999-08-18,0.5363,0.5536,0.5324,0.5368,468574400,0.4500
1999-08-19,0.5340,0.5402,0.5229,0.5246,550020800,0.4397
1999-08-20,0.5290,0.5301,0.5195,0.5285,327947200,0.4430
1999-08-23,0.5301,0.5480,0.5296,0.5424,355566400,0.4546
1999-08-24,0.5391,0.5424,0.5352,0.5391,502264000,0.4518
1999-08-25,0.5419,0.5491,0.5368,0.5480,295164800,0.4593
1999-08-26,0.5458,0.5636,0.5458,0.5547,404488000,0.4649
1999-08-27,0.5603,0.5804,0.5597,0.5781,446835200,0.4846
1999-08-30,0.5804,0.5804,0.5536,0.5541,336593600,0.4645
1999-08-31,0.5589,0.5882,0.5541,0.5826,634547200,0.4883
1999-09-01,0.5982,0.6144,0.5893,0.6127,788625600,0.5136
1999-09-02,0.6038,0.6378,0.5971,0.6300,895148800,0.5281
1999-09-03,0.6423,0.6719,0.6295,0.6563,1635267200,0.5501
1999-09-07,0.6585,0.6959,0.6563,0.6819,984793600,0.5716
1999-09-08,0.6802,0.6936,0.6652,0.6652,762204800,0.5575
1999-09-09,0.6741,0.6780,0.6596,0.6747,534083200,0.5655
1999-09-10,0.6786,0.6936,0.6669,0.6914,458763200,0.5795
1999-09-13,0.6881,0.6881,0.6680,0.6696,252000000,0.5613
1999-09-14,0.6671,0.7009,0.6669,0.6948,388292800,0.5823
1999-09-15,0.7042,0.7065,0.6719,0.6730,359576000,0.5641
1999-09-16,0.6791,0.6970,0.6596,0.6858,441884800,0.5749
1999-09-17,0.6903,0.6942,0.6808,0.6869,277278400,0.5758
1999-09-20,0.6875,0.7154,0.6864,0.7059,456668800,0.5917
1999-09-21,0.6535,0.6540,0.6161,0.6183,3357558400,0.5183
1999-09-22,0.6228,0.6395,0.6162,0.6278,1123169600,0.5262
1999-09-23,0.6350,0.6362,0.5625,0.5653,1143755200,0.4738
1999-09-24,0.5658,0.5984,0.5625,0.5798,1179875200,0.4860
1999-09-27,0.5926,0.5960,0.5463,0.5474,948192000,0.4589
1999-09-28,0.5491,0.5536,0.5128,0.5324,1414963200,0.4462
1999-09-29,0.5379,0.5469,0.5179,0.5273,657283200,0.4420
1999-09-30,0.5318,0.5731,0.5290,0.5653,908084800,0.4738
1999-10-01,0.5547,0.5575,0.5313,0.5511,614790400,0.4619
1999-10-04,0.5569,0.5792,0.5569,0.5765,459356800,0.4832
1999-10-05,0.5859,0.6083,0.5781,0.6066,814206400,0.5084
1999-10-06,0.6194,0.6217,0.5982,0.5999,804272000,0.5028
1999-10-07,0.6110,0.6127,0.5792,0.5926,605886400,0.4967
1999-10-08,0.5910,0.5921,0.5670,0.5854,382804800,0.4907
1999-10-11,0.5893,0.6094,0.5893,0.5954,263121600,0.4991
1999-10-12,0.6060,0.6217,0.5982,0.6044,563752000,0.5066
1999-10-13,0.5949,0.6205,0.5692,0.5717,636731200,0.4792
1999-10-14,0.6183,0.6546,0.6161,0.6535,1898803200,0.5477
1999-10-15,0.6350,0.6769,0.6267,0.6657,1173177600,0.5580
1999-10-18,0.6596,0.6629,0.6350,0.6540,776406400,0.5482
1999-10-19,0.6395,0.6696,0.6110,0.6116,1022582400,0.5126
1999-10-20,0.6250,0.6719,0.6250,0.6708,1081404800,0.5622
1999-10-21,0.6479,0.6881,0.6462,0.6797,793452800,0.5697
1999-10-22,0.6886,0.6897,0.6551,0.6602,419507200,0.5533
1999-10-25,0.6629,0.6797,0.6585,0.6652,326592000,0.5575
1999-10-26,0.6691,0.6741,0.6546,0.6702,361435200,0.5618
1999-10-27,0.6641,0.6842,0.6557,0.6819,443072000,0.5716
1999-10-28,0.6881,0.7054,0.6791,0.6953,504089600,0.5828
1999-10-29,0.7037,0.7238,0.7037,0.7154,523051200,0.5996
1999-11-01,0.7143,0.7204,0.6908,0.6931,278577600,0.5809
1999-11-02,0.6964,0.7294,0.6903,0.7165,399235200,0.6006
1999-11-03,0.7288,0.7433,0.7232,0.7277,328462400,0.6099
1999-11-04,0.7327,0.7623,0.7199,0.7467,379086400,0.6258
1999-11-05,0.7556,0.7891,0.7500,0.7885,416808000,0.6609
1999-11-08,0.7835,0.8726,0.7746,0.8605,950924800,0.7213
1999-11-09,0.8426,0.8438,0.7857,0.8002,809177600,0.6707
1999-11-10,0.7879,0.8326,0.7868,0.8164,577897600,0.6843
1999-11-11,0.8178,0.8270,0.8025,0.8237,269875200,0.6904
1999-11-12,0.8209,0.8214,0.7801,0.8092,279059200,0.6782
1999-11-15,0.8002,0.8292,0.7902,0.7985,259907200,0.6693
1999-11-16,0.8036,0.8192,0.7902,0.8142,233856000,0.6824
1999-11-17,0.8097,0.8460,0.8036,0.8058,364571200,0.6754
1999-11-18,0.8131,0.8136,0.7896,0.8002,364784000,0.6707
1999-11-19,0.7991,0.8292,0.7863,0.8253,312513600,0.6918
1999-11-22,0.8192,0.8192,0.7969,0.8092,202361600,0.6782
1999-11-23,0.8192,0.8504,0.7902,0.8287,543312000,0.6946
1999-11-24,0.8304,0.8482,0.8186,0.8454,215107200,0.7086
1999-11-26,0.8460,0.8527,0.8404,0.8488,132070400,0.7114
1999-11-29,0.8415,0.8906,0.8326,0.8443,464161600,0.7077
1999-11-30,0.8761,0.9263,0.8694,0.8739,843180800,0.7325
1999-12-01,0.9018,0.9330,0.8934,0.9202,618564800,0.7713
1999-12-02,0.9208,0.9877,0.9085,0.9838,567358400,0.8246
1999-12-03,1.0017,1.0318,0.9989,1.0268,647920000,0.8606
1999-12-06,1.0229,1.0474,0.9950,1.0357,466782400,0.8681
1999-12-07,1.0407,1.0536,1.0179,1.0519,445020800,0.8817
1999-12-08,1.0379,1.0525,0.9777,0.9827,412350400,0.8237
1999-12-09,0.9911,0.9911,0.9007,0.9397,855198400,0.7877
1999-12-10,0.9403,0.9754,0.8839,0.9196,637761600,0.7708
1999-12-13,0.9142,0.9152,0.8834,0.8839,529961600,0.7409
1999-12-14,0.8783,0.8906,0.8460,0.8471,435870400,0.7100
1999-12-15,0.8326,0.8683,0.8131,0.8661,622977600,0.7259
1999-12-16,0.8750,0.8783,0.8393,0.8778,463825600,0.7358
1999-12-17,0.9007,0.9107,0.8795,0.8929,495006400,0.7484
1999-12-20,0.8890,0.8895,0.8627,0.8750,283987200,0.7334
1999-12-21,0.8767,0.9202,0.8744,0.9152,307596800,0.7671
1999-12-22,0.9185,0.9336,0.8817,0.8923,327073600,0.7479
1999-12-23,0.9090,0.9308,0.9023,0.9241,229532800,0.7746
1999-12-27,0.9319,0.9325,0.8862,0.8867,168392000,0.7432
1999-12-28,0.8850,0.8895,0.8482,0.8767,247576000,0.7348
1999-12-29,0.8644,0.9124,0.8527,0.8990,284502400,0.7535
1999-12-30,0.9124,0.9297,0.8895,0.8956,207144000,0.7507
1999-12-31,0.9012,0.9185,0.8884,0.9180,163811200,0.7694
2000-01-03,0.9364,1.0045,0.9079,0.9994,535796800,0.8377
2000-01-04,0.9665,0.9877,0.9035,0.9152,512377600,0.7671
2000-01-05,0.9263,0.9872,0.9196,0.9286,778321600,0.7783
2000-01-06,0.9475,0.9554,0.8482,0.8482,767972800,0.7110
2000-01-07,0.8616,0.9018,0.8527,0.8884,460734400,0.7446
2000-01-10,0.9107,0.9129,0.8460,0.8728,505064000,0.7315
2000-01-11,0.8566,0.8873,0.8080,0.8281,441548800,0.6941
2000-01-12,0.8482,0.8527,0.7723,0.7785,976068800,0.6525
2000-01-13,0.8436,0.8817,0.8259,0.8638,1032684800,0.7241
2000-01-14,0.8929,0.9129,0.8873,0.8968,390376000,0.7517
2000-01-18,0.9018,0.9464,0.8968,0.9280,459177600,0.7779
2000-01-19,0.9431,0.9710,0.9230,0.9515,597643200,0.7975
2000-01-20,1.0313,1.0848,1.0134,1.0134,1831132800,0.8494
2000-01-21,1.0201,1.0201,0.9838,0.9939,495924800,0.8330
2000-01-24,0.9682,1.0067,0.9386,0.9487,440876800,0.7952
2000-01-25,0.9375,1.0100,0.9141,1.0022,497145600,0.8401
2000-01-26,0.9821,1.0195,0.9799,0.9838,367158400,0.8246
2000-01-27,0.9715,1.0089,0.9554,0.9821,340144000,0.8232
2000-01-28,0.9660,0.9900,0.8984,0.9074,423348800,0.7605
2000-01-31,0.9018,0.9275,0.8438,0.9263,701680000,0.7764
2000-02-01,0.9286,0.9375,0.8929,0.8951,318035200,0.7503
2000-02-02,0.8996,0.9118,0.8661,0.8823,464195200,0.7395
2000-02-03,0.8956,0.9308,0.8951,0.9224,475193600,0.7732
2000-02-04,0.9280,0.9821,0.9252,0.9643,425320000,0.8083
2000-02-07,0.9643,1.0201,0.9459,1.0184,441067200,0.8536
2000-02-08,1.0179,1.0368,0.9933,1.0257,408643200,0.8597
2000-02-09,1.0190,1.0458,1.0039,1.0056,299364800,0.8429
2000-02-10,1.0078,1.0167,0.9821,1.0134,302982400,0.8494
2000-02-11,1.0145,1.0190,0.9665,0.9710,212251200,0.8139
2000-02-14,0.9760,1.0346,0.9699,1.0340,367539200,0.8667
2000-02-15,1.0290,1.0709,1.0285,1.0625,485744000,0.8906
2000-02-16,1.0513,1.0547,1.0011,1.0190,378246400,0.8541
2000-02-17,1.0285,1.0313,1.0100,1.0257,289497600,0.8597
2000-02-18,1.0234,1.0301,0.9900,0.9933,233441600,0.8326
2000-02-22,0.9833,1.0441,0.9526,1.0162,422296000,0.8518
2000-02-23,1.0110,1.0625,0.9911,1.0379,473099200,0.8700
2000-02-24,1.0474,1.0636,0.9978,1.0286,376432000,0.8622
2000-02-25,1.0251,1.0446,0.9833,0.9855,249144000,0.8260
2000-02-28,0.9833,1.0268,0.9676,1.0112,328328000,0.8475
2000-02-29,1.0140,1.0469,1.0050,1.0234,368961600,0.8578
2000-03-01,1.0586,1.1791,1.0580,1.1635,1077003200,0.9752
2000-03-02,1.1339,1.1423,1.0776,1.0893,311259200,0.9130
2000-03-03,1.1150,1.1450,1.0714,1.1429,323366400,0.9579
2000-03-06,1.1250,1.1529,1.1161,1.1222,210560000,0.9406
2000-03-07,1.1289,1.1378,1.0815,1.0971,273011200,0.9196
2000-03-08,1.0971,1.1066,1.0586,1.0893,271230400,0.9130
2000-03-09,1.0792,1.1161,1.0558,1.0915,276718400,0.9149
2000-03-10,1.0865,1.1423,1.0804,1.1228,248606400,0.9411
2000-03-13,1.0904,1.1295,1.0670,1.0831,303956800,0.9079
2000-03-14,1.0823,1.1094,1.0179,1.0201,428579200,0.8550
2000-03-15,1.0324,1.0737,1.0190,1.0379,443609600,0.8700
2000-03-16,1.0474,1.0893,1.0223,1.0854,378100800,0.9098
2000-03-17,1.0725,1.1161,1.0681,1.1161,305043200,0.9355
2000-03-20,1.1027,1.1272,1.0926,1.0982,204489600,0.9205
2000-03-21,1.0943,1.2210,1.0859,1.2048,524328000,1.0099
2000-03-22,1.1855,1.2891,1.1747,1.2874,567996800,1.0791
2000-03-23,1.2679,1.3426,1.2500,1.2617,562564800,1.0576
2000-03-24,1.2718,1.2852,1.2098,1.2383,446913600,1.0379
2000-03-27,1.2288,1.2924,1.2221,1.2461,279182400,1.0445
2000-03-28,1.2254,1.2679,1.2243,1.2422,202966400,1.0412
2000-03-29,1.2444,1.2450,1.1949,1.2137,239836800,1.0173
2000-03-30,1.1925,1.2294,1.1200,1.1228,414400000,0.9411
2000-03-31,1.1378,1.2254,1.1250,1.2126,404633600,1.0164
2000-04-03,1.2098,1.2455,1.1557,1.1903,328563200,0.9977
2000-04-04,1.1842,1.1875,1.0424,1.1367,660329600,0.9528
2000-04-05,1.1292,1.1864,1.1071,1.1641,457665600,0.9757
2000-04-06,1.1663,1.2009,1.1004,1.1177,259627200,0.9369
2000-04-07,1.1362,1.1775,1.1205,1.1763,242435200,0.9860
2000-04-10,1.1758,1.1853,1.1138,1.1161,212262400,0.9355
2000-04-11,1.1027,1.1150,1.0541,1.0664,541822400,0.8939
2000-04-12,1.0625,1.0625,0.9364,0.9754,941136000,0.8176
2000-04-13,0.9955,1.0714,0.9688,1.0162,529827200,0.8518
2000-04-14,0.9760,1.0536,0.9732,0.9989,667620800,0.8373
2000-04-17,0.9777,1.1066,0.9738,1.1060,409561600,0.9271
2000-04-18,1.1027,1.1328,1.0658,1.1328,390924800,0.9495
2000-04-19,1.1267,1.1629,1.0692,1.0815,520150400,0.9065
2000-04-20,1.1044,1.1138,1.0452,1.0614,722120000,0.8896
2000-04-24,1.0268,1.0759,1.0246,1.0759,443620800,0.9018
2000-04-25,1.0904,1.1496,1.0898,1.1456,391641600,0.9603
2000-04-26,1.1306,1.1429,1.0714,1.0831,366912000,0.9079
2000-04-27,1.0463,1.1339,1.0409,1.1317,326603200,0.9486
2000-04-28,1.1350,1.1384,1.0831,1.1077,249580800,0.9285
2000-05-01,1.1150,1.1172,1.0882,1.1099,226195200,0.9303
2000-05-02,1.1004,1.1272,1.0491,1.0525,236432000,0.8822
2000-05-03,1.0619,1.0826,0.9967,1.0273,489798400,0.8611
2000-05-04,1.0279,1.0290,0.9872,0.9883,399515200,0.8284
2000-05-05,0.9894,1.0246,0.9886,1.0100,284076800,0.8466
2000-05-08,1.0008,1.0151,0.9821,0.9833,184900800,0.8242
2000-05-09,0.9849,0.9933,0.9364,0.9414,327140800,0.7891
2000-05-10,0.9291,0.9375,0.8817,0.8867,535091200,0.7432
2000-05-11,0.9051,0.9308,0.8839,0.9180,499744000,0.7694
2000-05-12,0.9464,0.9866,0.9354,0.9609,306913600,0.8055
2000-05-15,0.9648,0.9648,0.8940,0.9018,678932800,0.7559
2000-05-16,0.9332,0.9738,0.9174,0.9436,440451200,0.7909
2000-05-17,0.9252,0.9258,0.8962,0.9051,398092800,0.7587
2000-05-18,0.9196,0.9369,0.8984,0.8996,373777600,0.7540
2000-05-19,0.8862,0.8862,0.8337,0.8393,740667200,0.7035
2000-05-22,0.8371,0.8371,0.7679,0.8030,755507200,0.6731
2000-05-23,0.8080,0.8337,0.7645,0.7662,517585600,0.6422
2000-05-24,0.7695,0.8013,0.7411,0.7829,678462400,0.6562
2000-05-25,0.7902,0.8273,0.7679,0.7792,406750400,0.6531
2000-05-26,0.7857,0.8025,0.7612,0.7712,181148800,0.6464
2000-05-30,0.7824,0.7868,0.7299,0.7818,713059200,0.6553
2000-05-31,0.7757,0.8147,0.7483,0.7500,433507200,0.6286
2000-06-01,0.7299,0.7997,0.7176,0.7958,903840000,0.6670
2000-06-02,0.8371,0.8906,0.7946,0.8265,792848000,0.6927
2000-06-05,0.8331,0.8504,0.8008,0.8153,323668800,0.6834
2000-06-06,0.8212,0.8638,0.8064,0.8292,525481600,0.6951
2000-06-07,0.8359,0.8661,0.8181,0.8622,337019200,0.7227
2000-06-08,0.8717,0.8795,0.8315,0.8465,238526400,0.7096
2000-06-09,0.8638,0.8744,0.8426,0.8549,252358400,0.7166
2000-06-12,0.8605,0.8610,0.8114,0.8142,290337600,0.6824
2000-06-13,0.8142,0.8454,0.7874,0.8438,351456000,0.7072
2000-06-14,0.8454,0.8594,0.8047,0.8075,277446400,0.6768
2000-06-15,0.8147,0.8337,0.7946,0.8248,248572800,0.6913
2000-06-16,0.8348,0.8371,0.7952,0.8142,303564800,0.6824
2000-06-19,0.8086,0.8739,0.8019,0.8627,394004800,0.7231
2000-06-20,0.8795,0.9280,0.8783,0.9040,501390400,0.7577
2000-06-21,0.9018,1.0167,0.8984,0.9933,490000000,0.8326
2000-06-22,0.9955,1.0290,0.9565,0.9598,467712000,0.8045
2000-06-23,0.9604,0.9754,0.9074,0.9230,204965600,0.7736
2000-06-26,0.9375,0.9777,0.9308,0.9665,185354400,0.8101
2000-06-27,0.9604,0.9911,0.9219,0.9241,203470400,0.7746
2000-06-28,0.9520,0.9888,0.9196,0.9721,286428800,0.8148
2000-06-29,0.9475,0.9632,0.9118,0.9152,203660800,0.7671
2000-06-30,0.9431,0.9810,0.9230,0.9353,323097600,0.7839
2000-07-03,0.9308,0.9699,0.9308,0.9520,70828800,0.7980
2000-07-05,0.9509,0.9855,0.9063,0.9219,265216000,0.7727
2000-07-06,0.9375,0.9453,0.8862,0.9252,309545600,0.7755
2000-07-07,0.9392,0.9788,0.9308,0.9721,263603200,0.8148
2000-07-10,0.9660,1.0402,0.9598,1.0201,397796000,0.8550
2000-07-11,1.0179,1.0580,0.9900,1.0167,357896000,0.8522
2000-07-12,1.0379,1.0525,1.0067,1.0513,225433600,0.8812
2000-07-13,1.0446,1.0826,0.9777,1.0089,445659200,0.8457
2000-07-14,1.0201,1.0536,1.0156,1.0301,190276800,0.8635
2000-07-17,1.0402,1.0502,1.0201,1.0413,260002400,0.8728
2000-07-18,1.0446,1.0513,1.0156,1.0223,318404800,0.8569
2000-07-19,0.9855,1.0145,0.9241,0.9408,457872800,0.7886
2000-07-20,0.9821,1.0190,0.9665,0.9844,465572800,0.8251
2000-07-21,0.9707,0.9933,0.9453,0.9565,196235200,0.8017
2000-07-24,0.9386,0.9442,0.8482,0.8694,412171200,0.7287
2000-07-25,0.8984,0.9040,0.8761,0.8940,211607200,0.7493
2000-07-26,0.8901,0.9152,0.8795,0.8940,210470400,0.7493
2000-07-27,0.8929,0.9509,0.8906,0.9286,294985600,0.7783
2000-07-28,0.9336,0.9375,0.8371,0.8627,237893600,0.7231
2000-07-31,0.8778,0.9219,0.8705,0.9074,155299200,0.7605
2000-08-01,0.8984,0.9135,0.8795,0.8806,137284000,0.7381
2000-08-02,0.8750,0.8917,0.8426,0.8438,162355200,0.7072
2000-08-03,0.8136,0.8583,0.7902,0.8571,339897600,0.7185
2000-08-04,0.8834,0.9152,0.8270,0.8460,263121600,0.7091
2000-08-07,0.8549,0.8761,0.8426,0.8560,187348000,0.7175
2000-08-08,0.8560,0.8571,0.8270,0.8348,176674400,0.6997
2000-08-09,0.8594,0.8650,0.8438,0.8482,379640800,0.7110
2000-08-10,0.8571,0.8650,0.8460,0.8493,251714400,0.7119
2000-08-11,0.8365,0.8571,0.8136,0.8516,238056000,0.7138
2000-08-14,0.8499,0.8516,0.8270,0.8404,156660000,0.7044
2000-08-15,0.8438,0.8560,0.8304,0.8337,114200800,0.6988
2000-08-16,0.8371,0.8750,0.8359,0.8661,143673600,0.7259
2000-08-17,0.8638,0.9364,0.8627,0.9185,270900000,0.7699
2000-08-18,0.9174,0.9252,0.8906,0.8929,190176000,0.7484
2000-08-21,0.8973,0.9208,0.8862,0.9018,134467200,0.7559
2000-08-22,0.9040,0.9431,0.8996,0.9230,276802400,0.7736
2000-08-23,0.9191,0.9777,0.9118,0.9699,236863200,0.8129
2000-08-24,0.9763,1.0112,0.9531,1.0020,310766400,0.8398
2000-08-25,1.0089,1.0268,1.0067,1.0145,334460000,0.8504
2000-08-28,1.0223,1.0536,1.0190,1.0368,359004800,0.8691
2000-08-29,1.0335,1.0614,1.0301,1.0569,267030400,0.8859
2000-08-30,1.0536,1.0714,1.0483,1.0625,285392800,0.8906
2000-08-31,1.0530,1.0982,1.0525,1.0882,419596800,0.9121
2000-09-01,1.0949,1.1362,1.0915,1.1328,256872000,0.9495
2000-09-05,1.1189,1.1451,1.1116,1.1150,298642400,0.9345
2000-09-06,1.0960,1.1138,1.0313,1.0435,355404000,0.8747
2000-09-07,1.0558,1.1172,1.0402,1.1071,217464800,0.9280
2000-09-08,1.1004,1.1004,1.0446,1.0513,195518400,0.8812
2000-09-11,1.0480,1.0781,1.0379,1.0435,187381600,0.8747
2000-09-12,1.0240,1.0725,1.0179,1.0313,187997600,0.8644
2000-09-13,1.0134,1.0625,1.0134,1.0357,305984000,0.8681
2000-09-14,1.0458,1.0647,1.0145,1.0153,426552000,0.8511
2000-09-15,1.0313,1.0391,0.9688,0.9863,394514400,0.8267
2000-09-18,0.9866,1.0848,0.9833,1.0831,424536000,0.9079
2000-09-19,1.0670,1.0804,1.0458,1.0703,271510400,0.8971
2000-09-20,1.0608,1.0971,1.0458,1.0901,227388000,0.9137
2000-09-21,1.0446,1.0647,0.9866,1.0123,510490400,0.8485
2000-09-22,0.8984,0.9364,0.8929,0.9319,726700800,0.7811
2000-09-25,0.9420,0.9911,0.9297,0.9554,435551200,0.8008
2000-09-26,0.9520,0.9777,0.9174,0.9185,290936800,0.7699
2000-09-27,0.9241,0.9420,0.8616,0.8739,402259200,0.7325
2000-09-28,0.8806,0.9609,0.8594,0.9554,979585600,0.8008
2000-09-29,0.5033,0.5179,0.4531,0.4598,7421640800,0.3854
2000-10-02,0.4766,0.4777,0.4196,0.4330,2424788800,0.3630
2000-10-03,0.4453,0.4464,0.3962,0.3984,2038120000,0.3340
2000-10-04,0.3996,0.4241,0.3906,0.4219,1466024000,0.3536
2000-10-05,0.4196,0.4375,0.3929,0.3940,873006400,0.3302
2000-10-06,0.4051,0.4096,0.3750,0.3962,612656800,0.3321
2000-10-09,0.4040,0.4085,0.3772,0.3884,597564800,0.3255
2000-10-10,0.3862,0.4007,0.3661,0.3728,691101600,0.3125
2000-10-11,0.3594,0.3750,0.3415,0.3504,1198422400,0.2937
2000-10-12,0.3627,0.3717,0.3482,0.3571,1191064000,0.2994
2000-10-13,0.3616,0.3951,0.3571,0.3940,1247752800,0.3302
2000-10-16,0.3984,0.4152,0.3817,0.3839,820176000,0.3218
2000-10-17,0.3873,0.3917,0.3516,0.3594,601720000,0.3012
2000-10-18,0.3471,0.3761,0.3348,0.3594,834265600,0.3012
2000-10-19,0.3421,0.3538,0.3270,0.3382,1506724800,0.2835
2000-10-20,0.3404,0.3638,0.3382,0.3482,791263200,0.2919
2000-10-23,0.3619,0.3672,0.3471,0.3638,551292000,0.3050
2000-10-24,0.3694,0.3728,0.3359,0.3371,804451200,0.2825
2000-10-25,0.3404,0.3426,0.3292,0.3304,663969600,0.2769
2000-10-26,0.3359,0.3371,0.3125,0.3304,721851200,0.2769
2000-10-27,0.3371,0.3426,0.3192,0.3315,744503200,0.2778
2000-10-30,0.3415,0.3560,0.3348,0.3449,639189600,0.2891
2000-10-31,0.3527,0.3616,0.3438,0.3493,885880800,0.2928
2000-11-01,0.3471,0.3728,0.3471,0.3661,575366400,0.3068
2000-11-02,0.3772,0.4007,0.3761,0.3984,590693600,0.3340
2000-11-03,0.4107,0.4107,0.3917,0.3973,515821600,0.3330
2000-11-06,0.4007,0.4040,0.3728,0.3828,393478400,0.3209
2000-11-07,0.3839,0.3895,0.3717,0.3806,301963200,0.3190
2000-11-08,0.3817,0.3828,0.3538,0.3583,422088800,0.3003
2000-11-09,0.3549,0.3661,0.3404,0.3605,476834400,0.3022
2000-11-10,0.3457,0.3549,0.3404,0.3404,422251200,0.2853
2000-11-13,0.3348,0.3571,0.3259,0.3460,431816000,0.2900
2000-11-14,0.3560,0.3661,0.3493,0.3616,409001600,0.3031
2000-11-15,0.3577,0.3605,0.3438,0.3549,282357600,0.2975
2000-11-16,0.3482,0.3538,0.3371,0.3393,239372000,0.2844
2000-11-17,0.3426,0.3438,0.3259,0.3304,446180000,0.2769
2000-11-20,0.3320,0.3482,0.3259,0.3382,408066400,0.2835
2000-11-21,0.3426,0.3482,0.3348,0.3359,301952000,0.2816
2000-11-22,0.3359,0.3415,0.3281,0.3304,280532000,0.2769
2000-11-24,0.3368,0.3482,0.3359,0.3449,160932800,0.2891
2000-11-27,0.3549,0.3560,0.3304,0.3337,258792800,0.2797
2000-11-28,0.3337,0.3393,0.3203,0.3220,269124800,0.2699
2000-11-29,0.3231,0.3270,0.3080,0.3136,492150400,0.2629
2000-11-30,0.2980,0.3036,0.2879,0.2946,809597600,0.2470
2000-12-01,0.3036,0.3125,0.3002,0.3047,385705600,0.2554
2000-12-04,0.3069,0.3069,0.2935,0.2980,371520800,0.2498
2000-12-05,0.3025,0.3114,0.2924,0.3036,613978400,0.2545
2000-12-06,0.2612,0.2679,0.2500,0.2556,1374464000,0.2142
2000-12-07,0.2578,0.2656,0.2500,0.2556,408917600,0.2142
2000-12-08,0.2645,0.2734,0.2578,0.2690,435624000,0.2255
2000-12-11,0.2712,0.2746,0.2656,0.2712,332511200,0.2273
2000-12-12,0.2723,0.2857,0.2679,0.2746,386260000,0.2301
2000-12-13,0.2779,0.2779,0.2656,0.2679,344887200,0.2245
2000-12-14,0.2684,0.2723,0.2578,0.2578,263317600,0.2161
2000-12-15,0.2600,0.2623,0.2500,0.2511,513945600,0.2105
2000-12-18,0.2600,0.2612,0.2489,0.2545,325808000,0.2133
2000-12-19,0.2567,0.2723,0.2500,0.2500,374007200,0.2095
2000-12-20,0.2461,0.2612,0.2433,0.2567,565331200,0.2152
2000-12-21,0.2545,0.2679,0.2478,0.2511,366844800,0.2105
2000-12-22,0.2522,0.2679,0.2522,0.2679,318052000,0.2245
2000-12-26,0.2656,0.2679,0.2545,0.2623,216815200,0.2198
2000-12-27,0.2561,0.2645,0.2533,0.2645,325466400,0.2217
2000-12-28,0.2567,0.2667,0.2556,0.2645,305177600,0.2217
2000-12-29,0.2623,0.2679,0.2589,0.2656,630336000,0.2226
2001-01-02,0.2656,0.2723,0.2600,0.2656,452312000,0.2226
2001-01-03,0.2589,0.2980,0.2578,0.2924,817073600,0.2451
2001-01-04,0.3239,0.3304,0.3002,0.3047,739396000,0.2554
2001-01-05,0.3025,0.3103,0.2868,0.2924,412356000,0.2451
2001-01-08,0.3025,0.3033,0.2846,0.2958,373699200,0.2479
2001-01-09,0.3002,0.3150,0.2958,0.3069,588929600,0.2573
2001-01-10,0.2980,0.3036,0.2868,0.2958,580781600,0.2479
2001-01-11,0.2902,0.3304,0.2902,0.3214,803734400,0.2694
2001-01-12,0.3192,0.3214,0.3047,0.3069,423376800,0.2573
2001-01-16,0.3114,0.3259,0.3036,0.3058,306118400,0.2563
2001-01-17,0.3136,0.3136,0.2946,0.3002,840873600,0.2516
2001-01-18,0.3181,0.3348,0.3147,0.3337,1227010400,0.2797
2001-01-19,0.3471,0.3493,0.3337,0.3482,776664000,0.2919
2001-01-22,0.3404,0.3504,0.3292,0.3438,519327200,0.2881
2001-01-23,0.3449,0.3739,0.3404,0.3661,879530400,0.3068
2001-01-24,0.3683,0.3694,0.3493,0.3661,717091200,0.3068
2001-01-25,0.3672,0.3672,0.3527,0.3560,489708800,0.2984
2001-01-26,0.3482,0.3538,0.3404,0.3493,482820800,0.2928
2001-01-29,0.3493,0.3884,0.3493,0.3873,855528800,0.3246
2001-01-30,0.3850,0.3929,0.3728,0.3884,692423200,0.3255
2001-01-31,0.3839,0.4018,0.3828,0.3862,730704800,0.3237
2001-02-01,0.3694,0.3839,0.3661,0.3772,369695200,0.3162
2001-02-02,0.3772,0.3917,0.3661,0.3683,427341600,0.3087
2001-02-05,0.3661,0.3672,0.3527,0.3605,286115200,0.3022
2001-02-06,0.3599,0.3820,0.3571,0.3772,462711200,0.3162
2001-02-07,0.3689,0.3728,0.3538,0.3705,393887200,0.3106
2001-02-08,0.3672,0.3761,0.3605,0.3705,604128000,0.3106
2001-02-09,0.3661,0.3717,0.3337,0.3415,590083200,0.2863
2001-02-12,0.3404,0.3571,0.3359,0.3516,274120000,0.2947
2001-02-13,0.3560,0.3650,0.3393,0.3415,237070400,0.2863
2001-02-14,0.3426,0.3504,0.3304,0.3482,309120000,0.2919
2001-02-15,0.3516,0.3672,0.3516,0.3583,311416000,0.3003
2001-02-16,0.3393,0.3482,0.3348,0.3393,263911200,0.2844
2001-02-20,0.3426,0.3471,0.3248,0.3270,314893600,0.2741
2001-02-21,0.3259,0.3560,0.3259,0.3371,390258400,0.2825
2001-02-22,0.3404,0.3460,0.3214,0.3359,431961600,0.2816
2001-02-23,0.3326,0.3371,0.3259,0.3359,293865600,0.2816
2001-02-26,0.3404,0.3516,0.3315,0.3482,206438400,0.2919
2001-02-27,0.3443,0.3471,0.3337,0.3460,348516000,0.2900
2001-02-28,0.3460,0.3471,0.3237,0.3259,508233600,0.2732
2001-03-01,0.3181,0.3348,0.3069,0.3348,330461600,0.2806
2001-03-02,0.3270,0.3650,0.3259,0.3438,406201600,0.2881
2001-03-05,0.3460,0.3661,0.3438,0.3638,324172800,0.3050
2001-03-06,0.3700,0.3940,0.3694,0.3839,731802400,0.3218
2001-03-07,0.3806,0.3862,0.3705,0.3795,419540800,0.3181
2001-03-08,0.3694,0.3772,0.3650,0.3717,204859200,0.3115
2001-03-09,0.3683,0.3694,0.3571,0.3616,299135200,0.3031
2001-03-12,0.3516,0.3549,0.3237,0.3326,391020000,0.2788
2001-03-13,0.3371,0.3493,0.3248,0.3493,443329600,0.2928
2001-03-14,0.3304,0.3661,0.3292,0.3650,477775200,0.3059
2001-03-15,0.3728,0.3817,0.3516,0.3516,529317600,0.2947
2001-03-16,0.3393,0.3627,0.3371,0.3504,470316000,0.2937
2001-03-19,0.3527,0.3683,0.3482,0.3672,356008800,0.3078
2001-03-20,0.3700,0.3739,0.3516,0.3516,499206400,0.2947
2001-03-21,0.3532,0.3728,0.3460,0.3594,371375200,0.3012
2001-03-22,0.3638,0.3884,0.3605,0.3862,723301600,0.3237
2001-03-23,0.3940,0.4208,0.3929,0.4107,944888000,0.3443
2001-03-26,0.4130,0.4241,0.3773,0.3889,734451200,0.3260
2001-03-27,0.3918,0.4116,0.3911,0.4084,543821600,0.3423
2001-03-28,0.3943,0.4018,0.3839,0.3959,584662400,0.3318
2001-03-29,0.3887,0.4187,0.3839,0.4023,613065600,0.3372
2001-03-30,0.4027,0.4057,0.3811,0.3941,400349600,0.3303
2001-04-02,0.3945,0.4046,0.3821,0.3855,340911200,0.3232
2001-04-03,0.3814,0.3821,0.3595,0.3614,368687200,0.3029
2001-04-04,0.3529,0.3616,0.3348,0.3482,685484800,0.2919
2001-04-05,0.3679,0.4018,0.3571,0.3727,446762400,0.3124
2001-04-06,0.3714,0.3757,0.3554,0.3677,324889600,0.3082
2001-04-09,0.3695,0.3811,0.3582,0.3668,266582400,0.3074
2001-04-10,0.3732,0.4054,0.3711,0.3936,457374400,0.3299
2001-04-11,0.4104,0.4107,0.3800,0.3893,334096000,0.3263
2001-04-12,0.3825,0.4111,0.3777,0.4004,298933600,0.3356
2001-04-16,0.3945,0.4000,0.3725,0.3829,285224800,0.3209
2001-04-17,0.3786,0.3787,0.3500,0.3643,685199200,0.3053
2001-04-18,0.3852,0.4300,0.3764,0.4070,1100842400,0.3411
2001-04-19,0.4563,0.4598,0.4214,0.4593,1873670400,0.3850
2001-04-20,0.4452,0.4577,0.4393,0.4471,693403200,0.3748
2001-04-23,0.4346,0.4464,0.4286,0.4330,541525600,0.3630
2001-04-24,0.4345,0.4420,0.4198,0.4291,377137600,0.3597
2001-04-25,0.4323,0.4439,0.4209,0.4414,330780800,0.3700
2001-04-26,0.4495,0.4661,0.4407,0.4409,799696800,0.3696
2001-04-27,0.4500,0.4695,0.4420,0.4679,453012000,0.3922
2001-04-30,0.4768,0.4843,0.4441,0.4552,494776800,0.3815
2001-05-01,0.4538,0.4732,0.4500,0.4630,427252000,0.3881
2001-05-02,0.4704,0.4768,0.4600,0.4748,368524800,0.3980
2001-05-03,0.4638,0.4688,0.4416,0.4457,301543200,0.3736
2001-05-04,0.4329,0.4616,0.4279,0.4598,281052800,0.3854
2001-05-07,0.4575,0.4600,0.4436,0.4457,276550400,0.3736
2001-05-08,0.4527,0.4545,0.4277,0.4387,315436800,0.3678
2001-05-09,0.4311,0.4384,0.4227,0.4282,324889600,0.3589
2001-05-10,0.4323,0.4375,0.4098,0.4107,288976800,0.3443
2001-05-11,0.4109,0.4195,0.4064,0.4080,203044800,0.3420
2001-05-14,0.4087,0.4229,0.4063,0.4159,309220800,0.3486
2001-05-15,0.4173,0.4554,0.4114,0.4139,237025600,0.3470
2001-05-16,0.4154,0.4375,0.4080,0.4304,322330400,0.3607
2001-05-17,0.4327,0.4345,0.4152,0.4205,332119200,0.3525
2001-05-18,0.4171,0.4221,0.4129,0.4202,159051200,0.3522
2001-05-21,0.4220,0.4270,0.4116,0.4207,460997600,0.3526
2001-05-22,0.4286,0.4309,0.4179,0.4196,412916000,0.3517
2001-05-23,0.4241,0.4241,0.4082,0.4148,281041600,0.3477
2001-05-24,0.4159,0.4161,0.4039,0.4143,271756800,0.3473
2001-05-25,0.4143,0.4159,0.4018,0.4064,158743200,0.3407
2001-05-29,0.3986,0.4018,0.3716,0.3834,515989600,0.3214
2001-05-30,0.3707,0.3707,0.3446,0.3532,777078400,0.2961
2001-05-31,0.3536,0.3614,0.3480,0.3562,442892800,0.2986
2001-06-01,0.3595,0.3766,0.3568,0.3730,456075200,0.3127
2001-06-04,0.3764,0.3770,0.3654,0.3689,281920800,0.3092
2001-06-05,0.3714,0.3768,0.3634,0.3739,471794400,0.3134
2001-06-06,0.3738,0.3738,0.3630,0.3702,223176800,0.3103
2001-06-07,0.3698,0.3875,0.3652,0.3868,325180800,0.3242
2001-06-08,0.3866,0.3866,0.3698,0.3807,342624800,0.3191
2001-06-11,0.3759,0.3762,0.3562,0.3579,294000000,0.3000
2001-06-12,0.3530,0.3695,0.3529,0.3627,303794400,0.3040
2001-06-13,0.3825,0.3880,0.3582,0.3655,511487200,0.3064
2001-06-14,0.3579,0.3652,0.3530,0.3550,297348800,0.2976
2001-06-15,0.3589,0.3705,0.3455,0.3650,454624800,0.3059
2001-06-18,0.3645,0.3723,0.3571,0.3630,345912000,0.3043
2001-06-19,0.3723,0.3821,0.3573,0.3605,321087200,0.3022
2001-06-20,0.3571,0.3902,0.3568,0.3870,431620000,0.3244
2001-06-21,0.3848,0.4107,0.3768,0.4016,341331200,0.3366
2001-06-22,0.4014,0.4107,0.3886,0.3975,286025600,0.3332
2001-06-25,0.4018,0.4286,0.4009,0.4284,439549600,0.3591
2001-06-26,0.4168,0.4245,0.4109,0.4241,272781600,0.3555
2001-06-27,0.4255,0.4286,0.4018,0.4168,374130400,0.3493
2001-06-28,0.4116,0.4270,0.4096,0.4204,348409600,0.3523
2001-06-29,0.4225,0.4482,0.4143,0.4152,515390400,0.3480
2001-07-02,0.4221,0.4327,0.4132,0.4268,230048000,0.3577
2001-07-03,0.4198,0.4318,0.4196,0.4257,112543200,0.3568
2001-07-05,0.4214,0.4245,0.4109,0.4141,152292000,0.3471
2001-07-06,0.4064,0.4100,0.3879,0.3934,302920800,0.3297
2001-07-09,0.3945,0.4107,0.3871,0.4054,337467200,0.3398
2001-07-10,0.4098,0.4120,0.3721,0.3775,395270400,0.3164
2001-07-11,0.3755,0.4027,0.3750,0.4025,470506400,0.3374
2001-07-12,0.4161,0.4430,0.4161,0.4350,614801600,0.3646
2001-07-13,0.4309,0.4466,0.4257,0.4437,454742400,0.3719
2001-07-16,0.4443,0.4482,0.4270,0.4279,278667200,0.3586
2001-07-17,0.4282,0.4504,0.4109,0.4482,647830400,0.3757
2001-07-18,0.3889,0.4068,0.3646,0.3713,1137012800,0.3112
2001-07-19,0.3791,0.3825,0.3527,0.3564,861140000,0.2988
2001-07-20,0.3518,0.3582,0.3480,0.3568,444584000,0.2991
2001-07-23,0.3587,0.3661,0.3484,0.3489,241360000,0.2925
2001-07-24,0.3462,0.3557,0.3345,0.3409,348376000,0.2857
2001-07-25,0.3414,0.3446,0.3209,0.3298,443878400,0.2765
2001-07-26,0.3300,0.3357,0.3187,0.3320,369140800,0.2782
2001-07-27,0.3348,0.3438,0.3304,0.3386,334135200,0.2838
2001-07-30,0.3414,0.3457,0.3305,0.3380,243359200,0.2833
2001-07-31,0.3441,0.3468,0.3305,0.3355,235026400,0.2812
2001-08-01,0.3395,0.3532,0.3384,0.3404,304136000,0.2853
2001-08-02,0.3509,0.3548,0.3439,0.3539,252089600,0.2967
2001-08-03,0.3552,0.3554,0.3393,0.3482,186054400,0.2919
2001-08-06,0.3400,0.3511,0.3393,0.3416,99652000,0.2863
2001-08-07,0.3452,0.3512,0.3389,0.3438,168548800,0.2881
2001-08-08,0.3439,0.3518,0.3311,0.3375,276169600,0.2829
2001-08-09,0.3386,0.3420,0.3343,0.3402,200664800,0.2851
2001-08-10,0.3400,0.3450,0.3320,0.3396,186961600,0.2847
2001-08-13,0.3411,0.3452,0.3350,0.3409,147996800,0.2857
2001-08-14,0.3429,0.3457,0.3334,0.3345,228950400,0.2803
2001-08-15,0.3350,0.3382,0.3250,0.3293,289279200,0.2760
2001-08-16,0.3262,0.3348,0.3209,0.3330,288092000,0.2791
2001-08-17,0.3214,0.3295,0.3212,0.3227,208426400,0.2705
2001-08-20,0.3239,0.3255,0.3180,0.3236,252302400,0.2712
2001-08-21,0.3239,0.3239,0.3161,0.3200,185701600,0.2682
2001-08-22,0.3204,0.3259,0.3145,0.3252,173975200,0.2726
2001-08-23,0.3250,0.3275,0.3139,0.3180,217078400,0.2666
2001-08-24,0.3214,0.3325,0.3152,0.3316,290332000,0.2780
2001-08-27,0.3321,0.3446,0.3243,0.3379,175644000,0.2832
2001-08-28,0.3375,0.3418,0.3286,0.3286,171735200,0.2754
2001-08-29,0.3293,0.3363,0.3184,0.3184,239971200,0.2669
2001-08-30,0.3168,0.3246,0.3086,0.3184,368692800,0.2669
2001-08-31,0.3166,0.3321,0.3152,0.3313,216904800,0.2777
2001-09-04,0.3304,0.3407,0.3246,0.3259,348213600,0.2732
2001-09-05,0.3257,0.3384,0.3236,0.3313,360057600,0.2777
2001-09-06,0.3286,0.3380,0.3152,0.3164,282368800,0.2652
2001-09-07,0.3125,0.3232,0.3071,0.3086,241830400,0.2586
2001-09-10,0.3036,0.3125,0.3021,0.3102,308845600,0.2600
2001-09-17,0.2857,0.3048,0.2809,0.3034,458007200,0.2543
2001-09-18,0.3018,0.3164,0.2887,0.2907,327101600,0.2437
2001-09-19,0.2946,0.3054,0.2786,0.3039,373318400,0.2548
2001-09-20,0.2909,0.3027,0.2768,0.2800,411174400,0.2347
2001-09-21,0.2643,0.2902,0.2621,0.2809,570516800,0.2354
2001-09-24,0.2877,0.3007,0.2848,0.2937,294537600,0.2462
2001-09-25,0.2882,0.2896,0.2741,0.2775,374404800,0.2326
2001-09-26,0.2823,0.2837,0.2666,0.2705,493796800,0.2268
2001-09-27,0.2723,0.2813,0.2714,0.2770,322240800,0.2321
2001-09-28,0.2805,0.2841,0.2748,0.2770,365108800,0.2321
2001-10-01,0.2766,0.2855,0.2720,0.2775,208208000,0.2326
2001-10-02,0.2755,0.2827,0.2657,0.2688,235883200,0.2253
2001-10-03,0.2670,0.2743,0.2648,0.2675,683043200,0.2242
2001-10-04,0.2741,0.2902,0.2677,0.2836,401122400,0.2377
2001-10-05,0.2750,0.2884,0.2677,0.2882,342686400,0.2416
2001-10-08,0.2780,0.2920,0.2768,0.2893,207984000,0.2425
2001-10-09,0.2866,0.2893,0.2791,0.2857,174025600,0.2395
2001-10-10,0.2875,0.3009,0.2848,0.3004,307759200,0.2518
2001-10-11,0.3021,0.3168,0.3009,0.3168,334163200,0.2655
2001-10-12,0.3091,0.3229,0.3011,0.3216,287812000,0.2696
2001-10-15,0.3205,0.3282,0.3205,0.3212,318752000,0.2693
2001-10-16,0.3230,0.3250,0.3173,0.3216,202949600,0.2696
2001-10-17,0.3275,0.3288,0.3029,0.3034,285538400,0.2543
2001-10-18,0.3088,0.3255,0.3088,0.3214,612572800,0.2694
2001-10-19,0.3204,0.3286,0.3193,0.3268,166790400,0.2739
2001-10-22,0.3252,0.3405,0.3230,0.3396,391938400,0.2847
2001-10-23,0.3414,0.3468,0.3191,0.3239,684980800,0.2715
2001-10-24,0.3225,0.3409,0.3170,0.3384,374427200,0.2836
2001-10-25,0.3293,0.3438,0.3243,0.3427,254951200,0.2872
2001-10-26,0.3368,0.3438,0.3325,0.3334,278964000,0.2794
2001-10-29,0.3316,0.3334,0.3143,0.3148,239181600,0.2639
2001-10-30,0.3104,0.3214,0.3046,0.3143,276763200,0.2634
2001-10-31,0.3166,0.3286,0.3114,0.3136,273750400,0.2628
2001-11-01,0.3152,0.3354,0.3080,0.3320,312995200,0.2782
2001-11-02,0.3307,0.3368,0.3243,0.3316,197204000,0.2780
2001-11-05,0.3364,0.3438,0.3323,0.3405,235793600,0.2854
2001-11-06,0.3386,0.3504,0.3309,0.3495,316019200,0.2929
2001-11-07,0.3475,0.3595,0.3452,0.3498,382989600,0.2932
2001-11-08,0.3505,0.3552,0.3316,0.3341,342143200,0.2800
2001-11-09,0.3321,0.3438,0.3313,0.3341,134293600,0.2800
2001-11-12,0.3332,0.3423,0.3207,0.3348,201499200,0.2806
2001-11-13,0.3407,0.3462,0.3341,0.3459,224672000,0.2899
2001-11-14,0.3498,0.3554,0.3420,0.3502,221149600,0.2935
2001-11-15,0.3473,0.3554,0.3434,0.3473,213029600,0.2911
2001-11-16,0.3441,0.3445,0.3286,0.3388,230664000,0.2839
2001-11-19,0.3393,0.3580,0.3386,0.3571,332589600,0.2994
2001-11-20,0.3539,0.3607,0.3482,0.3487,276584000,0.2923
2001-11-21,0.3502,0.3536,0.3439,0.3514,201583200,0.2946
2001-11-23,0.3520,0.3562,0.3495,0.3543,60004000,0.2970
2001-11-26,0.3561,0.3848,0.3550,0.3816,460689600,0.3199
2001-11-27,0.3786,0.3843,0.3661,0.3750,268553600,0.3143
2001-11-28,0.3723,0.3787,0.3645,0.3666,250611200,0.3073
2001-11-29,0.3679,0.3696,0.3605,0.3646,202764800,0.3056
2001-11-30,0.3655,0.3829,0.3616,0.3804,303912000,0.3188
2001-12-03,0.3761,0.3800,0.3679,0.3759,181165600,0.3151
2001-12-04,0.3759,0.4029,0.3700,0.4000,380419200,0.3353
2001-12-05,0.3993,0.4291,0.3959,0.4243,568579200,0.3556
2001-12-06,0.4193,0.4196,0.3954,0.4068,338934400,0.3410
2001-12-07,0.4011,0.4055,0.3929,0.4025,203515200,0.3374
2001-12-10,0.3980,0.4105,0.3970,0.4025,170010400,0.3374
2001-12-11,0.4048,0.4080,0.3866,0.3889,205475200,0.3260
2001-12-12,0.3905,0.3914,0.3795,0.3837,192460800,0.3217
2001-12-13,0.3837,0.3848,0.3661,0.3750,197842400,0.3143
2001-12-14,0.3702,0.3720,0.3587,0.3641,189884800,0.3052
2001-12-17,0.3643,0.3750,0.3605,0.3682,173712000,0.3086
2001-12-18,0.3730,0.3809,0.3611,0.3752,235239200,0.3145
2001-12-19,0.3675,0.3871,0.3655,0.3861,289956800,0.3236
2001-12-20,0.3821,0.3834,0.3682,0.3691,220864000,0.3094
2001-12-21,0.3752,0.3846,0.3714,0.3750,256334400,0.3143
2001-12-24,0.3732,0.3830,0.3732,0.3814,50629600,0.3197
2001-12-26,0.3812,0.3982,0.3775,0.3837,146400800,0.3217
2001-12-27,0.3854,0.3973,0.3854,0.3941,191508800,0.3303
2001-12-28,0.3923,0.4107,0.3921,0.4005,299124000,0.3357
2001-12-31,0.4020,0.4046,0.3898,0.3911,137782400,0.3278
2002-01-02,0.3938,0.4161,0.3921,0.4161,529496800,0.3487
2002-01-03,0.4107,0.4241,0.4066,0.4211,612007200,0.3529
2002-01-04,0.4168,0.4277,0.4105,0.4230,409976000,0.3546
2002-01-07,0.4236,0.4286,0.4063,0.4089,444584000,0.3428
2002-01-08,0.4063,0.4116,0.4011,0.4038,450038400,0.3384
2002-01-09,0.4071,0.4095,0.3800,0.3866,327835200,0.3241
2002-01-10,0.3789,0.3832,0.3616,0.3791,452737600,0.3178
2002-01-11,0.3820,0.3900,0.3679,0.3759,348801600,0.3151
2002-01-14,0.3752,0.3821,0.3732,0.3777,415996000,0.3166
2002-01-15,0.3807,0.3886,0.3787,0.3875,290320800,0.3248
2002-01-16,0.3823,0.3823,0.3661,0.3711,566893600,0.3110
2002-01-17,0.3921,0.4061,0.3905,0.4014,660576000,0.3365
2002-01-18,0.3929,0.4036,0.3921,0.3959,338811200,0.3318
2002-01-22,0.3977,0.3995,0.3896,0.3896,327314400,0.3266
2002-01-23,0.3893,0.4114,0.3855,0.4111,443279200,0.3446
2002-01-24,0.4091,0.4198,0.4089,0.4145,344002400,0.3474
2002-01-25,0.4087,0.4182,0.4046,0.4152,185914400,0.3480
2002-01-28,0.4179,0.4205,0.4057,0.4155,186446400,0.3483
2002-01-29,0.4146,0.4204,0.4080,0.4120,240324000,0.3453
2002-01-30,0.4120,0.4311,0.4096,0.4302,471576000,0.3606
2002-01-31,0.4314,0.4416,0.4305,0.4414,468445600,0.3700
2002-02-01,0.4346,0.4457,0.4346,0.4359,398305600,0.3654
2002-02-04,0.4343,0.4557,0.4321,0.4527,522373600,0.3794
2002-02-05,0.4480,0.4639,0.4479,0.4545,456887200,0.3809
2002-02-06,0.4571,0.4639,0.4313,0.4405,597576000,0.3693
2002-02-07,0.4402,0.4516,0.4300,0.4339,347832800,0.3637
2002-02-08,0.4357,0.4400,0.4173,0.4291,355331200,0.3597
2002-02-11,0.4273,0.4464,0.4239,0.4461,398602400,0.3739
2002-02-12,0.4404,0.4471,0.4366,0.4412,224280000,0.3699
2002-02-13,0.4416,0.4507,0.4402,0.4466,312872000,0.3743
2002-02-14,0.4473,0.4505,0.4354,0.4393,260170400,0.3682
2002-02-15,0.4380,0.4461,0.4259,0.4268,260187200,0.3577
2002-02-19,0.4243,0.4263,0.4014,0.4039,390258400,0.3386
2002-02-20,0.4066,0.4143,0.3991,0.4130,285443200,0.3462
2002-02-21,0.4093,0.4107,0.3830,0.3839,446751200,0.3218
2002-02-22,0.3868,0.4098,0.3839,0.4061,406476000,0.3404
2002-02-25,0.4080,0.4414,0.3993,0.4252,426848800,0.3564
2002-02-26,0.4270,0.4352,0.4152,0.4227,260131200,0.3543
2002-02-27,0.4275,0.4330,0.3739,0.3921,1030159200,0.3287
2002-02-28,0.3955,0.4034,0.3812,0.3875,456937600,0.3248
2002-03-01,0.3916,0.4196,0.3896,0.4187,348992000,0.3510
2002-03-04,0.4154,0.4389,0.4064,0.4338,348258400,0.3636
2002-03-05,0.4313,0.4363,0.4179,0.4202,274702400,0.3522
2002-03-06,0.4193,0.4346,0.4095,0.4298,226206400,0.3603
2002-03-07,0.4296,0.4380,0.4216,0.4354,258249600,0.3649
2002-03-08,0.4418,0.4480,0.4339,0.4404,269774400,0.3691
2002-03-11,0.4393,0.4489,0.4304,0.4475,262785600,0.3751
2002-03-12,0.4377,0.4418,0.4304,0.4414,254055200,0.3700
2002-03-13,0.4352,0.4437,0.4313,0.4373,200765600,0.3666
2002-03-14,0.4339,0.4393,0.4263,0.4363,217296800,0.3657
2002-03-15,0.4368,0.4457,0.4330,0.4455,240900800,0.3734
2002-03-18,0.4455,0.4473,0.4343,0.4418,304556000,0.3703
2002-03-19,0.4409,0.4518,0.4339,0.4437,242345600,0.3719
2002-03-20,0.4404,0.4489,0.4375,0.4450,294319200,0.3730
2002-03-21,0.4261,0.4339,0.4154,0.4334,616352800,0.3633
2002-03-22,0.4325,0.4386,0.4263,0.4302,202193600,0.3606
2002-03-25,0.4298,0.4302,0.4150,0.4170,262830400,0.3495
2002-03-26,0.4143,0.4221,0.4107,0.4189,257840800,0.3511
2002-03-27,0.4170,0.4236,0.4154,0.4191,127702400,0.3513
2002-03-28,0.4232,0.4264,0.4189,0.4227,108455200,0.3543
2002-04-01,0.4175,0.4411,0.4157,0.4368,199046400,0.3661
2002-04-02,0.4286,0.4339,0.4263,0.4298,203795200,0.3603
2002-04-03,0.4295,0.4373,0.4214,0.4241,214530400,0.3555
2002-04-04,0.4227,0.4473,0.4227,0.4446,338497600,0.3727
2002-04-05,0.4455,0.4498,0.4304,0.4418,278348000,0.3703
2002-04-08,0.4314,0.4407,0.4246,0.4386,261514400,0.3676
2002-04-09,0.4391,0.4464,0.4288,0.4304,191531200,0.3607
2002-04-10,0.4323,0.4455,0.4288,0.4404,224980000,0.3691
2002-04-11,0.4470,0.4500,0.4420,0.4439,407254400,0.3721
2002-04-12,0.4466,0.4495,0.4387,0.4475,320241600,0.3751
2002-04-15,0.4475,0.4491,0.4429,0.4464,299370400,0.3742
2002-04-16,0.4491,0.4641,0.4486,0.4596,614577600,0.3853
2002-04-17,0.4630,0.4673,0.4532,0.4663,396250400,0.3908
2002-04-18,0.4554,0.4557,0.4443,0.4538,401710400,0.3803
2002-04-19,0.4552,0.4552,0.4452,0.4461,375407200,0.3739
2002-04-22,0.4436,0.4452,0.4327,0.4380,269427200,0.3672
2002-04-23,0.4382,0.4425,0.4302,0.4330,233469600,0.3630
2002-04-24,0.4339,0.4375,0.4229,0.4245,140448000,0.3558
2002-04-25,0.4207,0.4346,0.4205,0.4307,194202400,0.3610
2002-04-26,0.4336,0.4352,0.4107,0.4109,304981600,0.3444
2002-04-29,0.4136,0.4296,0.4123,0.4279,272288800,0.3586
2002-04-30,0.4266,0.4354,0.4241,0.4334,280963200,0.3633
2002-05-01,0.4338,0.4338,0.4171,0.4282,214704000,0.3589
2002-05-02,0.4252,0.4346,0.4214,0.4230,239344000,0.3546
2002-05-03,0.4209,0.4289,0.4184,0.4198,230781600,0.3519
2002-05-06,0.4170,0.4196,0.4011,0.4045,249664800,0.3390
2002-05-07,0.4096,0.4098,0.3954,0.4013,242748800,0.3363
2002-05-08,0.4143,0.4379,0.4114,0.4352,436682400,0.3648
2002-05-09,0.4330,0.4348,0.4250,0.4320,224616000,0.3621
2002-05-10,0.4338,0.4338,0.4104,0.4164,235396000,0.3490
2002-05-13,0.4200,0.4302,0.4096,0.4275,265608000,0.3583
2002-05-14,0.4366,0.4586,0.4325,0.4573,526506400,0.3833
2002-05-15,0.4530,0.4639,0.4436,0.4514,335826400,0.3784
2002-05-16,0.4475,0.4545,0.4420,0.4502,227052000,0.3773
2002-05-17,0.4552,0.4604,0.4395,0.4466,236493600,0.3743
2002-05-20,0.4387,0.4452,0.4380,0.4418,269914400,0.3703
2002-05-21,0.4434,0.4464,0.4179,0.4189,280991200,0.3511
2002-05-22,0.4173,0.4352,0.4164,0.4343,290875200,0.3640
2002-05-23,0.4366,0.4507,0.4298,0.4496,369398400,0.3769
2002-05-24,0.4462,0.4462,0.4279,0.4313,166174400,0.3615
2002-05-28,0.4230,0.4321,0.4184,0.4282,149716000,0.3589
2002-05-29,0.4271,0.4364,0.4187,0.4282,221793600,0.3589
2002-05-30,0.4245,0.4354,0.4198,0.4321,196375200,0.3622
2002-05-31,0.4302,0.4330,0.4157,0.4161,365495200,0.3487
2002-06-03,0.4177,0.4187,0.4032,0.4091,235110400,0.3429
2002-06-04,0.4086,0.4114,0.3961,0.4068,347821600,0.3410
2002-06-05,0.4077,0.4077,0.3991,0.4057,277082400,0.3401
2002-06-06,0.4100,0.4148,0.3936,0.3957,259996800,0.3317
2002-06-07,0.3886,0.3918,0.3738,0.3821,612376800,0.3203
2002-06-10,0.3836,0.3900,0.3811,0.3836,277575200,0.3215
2002-06-11,0.3864,0.3875,0.3645,0.3654,349496000,0.3062
2002-06-12,0.3645,0.3705,0.3561,0.3587,528718400,0.3007
2002-06-13,0.3575,0.3580,0.3461,0.3489,352083200,0.2925
2002-06-14,0.3436,0.3636,0.3234,0.3589,424900000,0.3009
2002-06-17,0.3614,0.3684,0.3545,0.3668,324609600,0.3074
2002-06-18,0.3646,0.3677,0.3568,0.3598,353360000,0.3016
2002-06-19,0.3102,0.3143,0.3014,0.3057,1709467200,0.2562
2002-06-20,0.3066,0.3143,0.3009,0.3055,396636800,0.2561
2002-06-21,0.3030,0.3123,0.2998,0.3009,445177600,0.2522
2002-06-24,0.2995,0.3166,0.2982,0.3084,431933600,0.2585
2002-06-25,0.3107,0.3157,0.3011,0.3061,301201600,0.2565
2002-06-26,0.3000,0.3088,0.2854,0.2955,558952800,0.2477
2002-06-27,0.2998,0.3084,0.2932,0.3046,251658400,0.2553
2002-06-28,0.3054,0.3182,0.3036,0.3164,269858400,0.2652
2002-07-01,0.3162,0.3193,0.3045,0.3046,222689600,0.2553
2002-07-02,0.3041,0.3064,0.3005,0.3025,305188800,0.2536
2002-07-03,0.3002,0.3157,0.2991,0.3134,199029600,0.2627
2002-07-05,0.3162,0.3348,0.3162,0.3346,161649600,0.2805
2002-07-08,0.3307,0.3323,0.3157,0.3216,211204000,0.2696
2002-07-09,0.3230,0.3266,0.3118,0.3130,226749600,0.2624
2002-07-10,0.3162,0.3245,0.3080,0.3093,206880800,0.2592
2002-07-11,0.3082,0.3277,0.3030,0.3268,373676800,0.2739
2002-07-12,0.3313,0.3355,0.3082,0.3127,443492000,0.2621
2002-07-15,0.3113,0.3321,0.3002,0.3255,295993600,0.2729
2002-07-16,0.3241,0.3316,0.3145,0.3189,446768000,0.2673
2002-07-17,0.2880,0.2893,0.2713,0.2791,1215485600,0.2339
2002-07-18,0.2768,0.2779,0.2634,0.2677,559462400,0.2244
2002-07-19,0.2625,0.2709,0.2595,0.2671,385207200,0.2239
2002-07-22,0.2634,0.2713,0.2609,0.2664,430897600,0.2233
2002-07-23,0.2661,0.2702,0.2579,0.2584,399890400,0.2166
2002-07-24,0.2559,0.2718,0.2545,0.2714,406593600,0.2275
2002-07-25,0.2666,0.2670,0.2502,0.2564,479354400,0.2149
2002-07-26,0.2582,0.2595,0.2464,0.2561,207704000,0.2146
2002-07-29,0.2586,0.2696,0.2566,0.2682,274960000,0.2248
2002-07-30,0.2652,0.2770,0.2600,0.2755,354838400,0.2310
2002-07-31,0.2750,0.2754,0.2661,0.2725,310699200,0.2284
2002-08-01,0.2698,0.2754,0.2630,0.2643,228956000,0.2215
2002-08-02,0.2632,0.2679,0.2545,0.2580,179060000,0.2163
2002-08-05,0.2591,0.2625,0.2495,0.2498,204024800,0.2094
2002-08-06,0.2537,0.2720,0.2514,0.2632,272053600,0.2206
2002-08-07,0.2695,0.2743,0.2562,0.2684,333474400,0.2250
2002-08-08,0.2637,0.2746,0.2637,0.2732,227348800,0.2290
2002-08-09,0.2723,0.2723,0.2634,0.2679,205716000,0.2245
2002-08-12,0.2661,0.2682,0.2623,0.2677,179765600,0.2244
2002-08-13,0.2661,0.2716,0.2598,0.2605,269869600,0.2184
2002-08-14,0.2620,0.2741,0.2596,0.2709,399084000,0.2271
2002-08-15,0.2723,0.2813,0.2680,0.2788,322078400,0.2336
2002-08-16,0.2759,0.2875,0.2729,0.2823,245224000,0.2366
2002-08-19,0.2818,0.2902,0.2807,0.2854,216557600,0.2392
2002-08-20,0.2852,0.2873,0.2773,0.2841,186625600,0.2381
2002-08-21,0.2859,0.2900,0.2759,0.2879,202428800,0.2413
2002-08-22,0.2893,0.2902,0.2796,0.2852,258311200,0.2390
2002-08-23,0.2839,0.2845,0.2759,0.2809,163245600,0.2354
2002-08-26,0.2848,0.2848,0.2707,0.2773,189968800,0.2324
2002-08-27,0.2805,0.2811,0.2627,0.2652,262231200,0.2223
2002-08-28,0.2643,0.2700,0.2616,0.2625,247973600,0.2200
2002-08-29,0.2616,0.2693,0.2591,0.2625,164169600,0.2200
2002-08-30,0.2630,0.2704,0.2604,0.2634,193519200,0.2208
2002-09-03,0.2587,0.2598,0.2509,0.2509,276936800,0.2103
2002-09-04,0.2536,0.2639,0.2530,0.2586,420660800,0.2167
2002-09-05,0.2539,0.2564,0.2509,0.2532,226178400,0.2122
2002-09-06,0.2591,0.2616,0.2541,0.2568,181591200,0.2152
2002-09-09,0.2550,0.2595,0.2527,0.2566,158244800,0.2151
2002-09-10,0.2573,0.2587,0.2521,0.2559,249468800,0.2145
2002-09-11,0.2561,0.2607,0.2527,0.2552,202412000,0.2139
2002-09-12,0.2536,0.2591,0.2521,0.2525,269830400,0.2116
2002-09-13,0.2523,0.2561,0.2509,0.2530,282951200,0.2121
2002-09-16,0.2525,0.2609,0.2521,0.2589,286641600,0.2170
2002-09-17,0.2602,0.2684,0.2602,0.2643,427996800,0.2215
2002-09-18,0.2623,0.2695,0.2593,0.2682,328641600,0.2248
2002-09-19,0.2634,0.2643,0.2586,0.2604,205945600,0.2182
2002-09-20,0.2611,0.2668,0.2593,0.2655,352788800,0.2226
2002-09-23,0.2636,0.2671,0.2580,0.2652,263709600,0.2223
2002-09-24,0.2571,0.2646,0.2571,0.2614,250661600,0.2191
2002-09-25,0.2623,0.2709,0.2616,0.2666,254682400,0.2235
2002-09-26,0.2696,0.2713,0.2598,0.2625,208644800,0.2200
2002-09-27,0.2587,0.2652,0.2586,0.2629,206152800,0.2203
2002-09-30,0.2571,0.2602,0.2525,0.2589,237697600,0.2170
2002-10-01,0.2605,0.2607,0.2500,0.2591,342423200,0.2172
2002-10-02,0.2559,0.2612,0.2518,0.2530,229348000,0.2121
2002-10-03,0.2532,0.2607,0.2511,0.2554,217896000,0.2140
2002-10-04,0.2564,0.2571,0.2498,0.2505,190825600,0.2100
2002-10-07,0.2495,0.2537,0.2457,0.2459,244697600,0.2061
2002-10-08,0.2482,0.2493,0.2386,0.2443,453644800,0.2048
2002-10-09,0.2418,0.2473,0.2395,0.2427,356686400,0.2034
2002-10-10,0.2434,0.2539,0.2425,0.2520,321574400,0.2112
2002-10-11,0.2545,0.2639,0.2518,0.2591,294677600,0.2172
2002-10-14,0.2598,0.2675,0.2579,0.2637,194404000,0.2211
2002-10-15,0.2718,0.2723,0.2639,0.2707,405518400,0.2269
2002-10-16,0.2654,0.2702,0.2482,0.2600,307624800,0.2179
2002-10-17,0.2537,0.2568,0.2496,0.2520,469296800,0.2112
2002-10-18,0.2500,0.2562,0.2488,0.2561,288299200,0.2146
2002-10-21,0.2546,0.2612,0.2500,0.2600,238520800,0.2179
2002-10-22,0.2584,0.2657,0.2546,0.2625,218148000,0.2200
2002-10-23,0.2612,0.2675,0.2589,0.2657,209036800,0.2227
2002-10-24,0.2682,0.2716,0.2598,0.2623,174748000,0.2199
2002-10-25,0.2623,0.2759,0.2605,0.2754,279070400,0.2308
2002-10-28,0.2777,0.2848,0.2723,0.2788,349300000,0.2336
2002-10-29,0.2780,0.2836,0.2671,0.2757,259179200,0.2311
2002-10-30,0.2766,0.2923,0.2764,0.2854,270676000,0.2392
2002-10-31,0.2855,0.2936,0.2843,0.2870,295836800,0.2405
2002-11-01,0.2846,0.2946,0.2837,0.2921,189828800,0.2449
2002-11-04,0.2946,0.3104,0.2920,0.3016,376818400,0.2528
2002-11-05,0.2991,0.3029,0.2920,0.3018,210694400,0.2530
2002-11-06,0.3050,0.3093,0.2982,0.3075,216389600,0.2577
2002-11-07,0.3025,0.3054,0.2823,0.2857,336179200,0.2395
2002-11-08,0.2859,0.2893,0.2771,0.2829,190064000,0.2371
2002-11-11,0.2811,0.2837,0.2700,0.2707,152975200,0.2269
2002-11-12,0.2736,0.2864,0.2729,0.2793,223792800,0.2341
2002-11-13,0.2768,0.2870,0.2729,0.2784,231739200,0.2333
2002-11-14,0.2839,0.2930,0.2818,0.2911,141713600,0.2440
2002-11-15,0.2898,0.2900,0.2814,0.2848,160994400,0.2387
2002-11-18,0.2891,0.2893,0.2771,0.2795,164578400,0.2342
2002-11-19,0.2777,0.2813,0.2680,0.2727,210952000,0.2286
2002-11-20,0.2732,0.2804,0.2723,0.2773,208740000,0.2324
2002-11-21,0.2839,0.2936,0.2813,0.2920,418482400,0.2447
2002-11-22,0.2873,0.2911,0.2839,0.2859,227858400,0.2396
2002-11-25,0.2862,0.2882,0.2805,0.2852,199427200,0.2390
2002-11-26,0.2830,0.2839,0.2727,0.2752,240262400,0.2307
2002-11-27,0.2786,0.2832,0.2759,0.2807,286798400,0.2353
2002-11-29,0.2820,0.2836,0.2752,0.2768,143432800,0.2320
2002-12-02,0.2839,0.2875,0.2680,0.2711,398742400,0.2272
2002-12-03,0.2714,0.2739,0.2696,0.2707,227869600,0.2269
2002-12-04,0.2711,0.2713,0.2589,0.2673,325757600,0.2241
2002-12-05,0.2684,0.2693,0.2595,0.2612,243398400,0.2190
2002-12-06,0.2616,0.2713,0.2593,0.2670,245358400,0.2238
2002-12-09,0.2668,0.2670,0.2620,0.2634,236084800,0.2208
2002-12-10,0.2634,0.2759,0.2630,0.2729,308610400,0.2287
2002-12-11,0.2732,0.2766,0.2693,0.2766,253500800,0.2318
2002-12-12,0.2770,0.2777,0.2680,0.2713,149340800,0.2274
2002-12-13,0.2704,0.2705,0.2616,0.2641,164780000,0.2214
2002-12-16,0.2645,0.2696,0.2609,0.2652,251624800,0.2223
2002-12-17,0.2652,0.2713,0.2618,0.2693,222661600,0.2257
2002-12-18,0.2643,0.2654,0.2589,0.2602,150701600,0.2181
2002-12-19,0.2595,0.2664,0.2518,0.2536,347519200,0.2125
2002-12-20,0.2552,0.2600,0.2461,0.2525,318096800,0.2116
2002-12-23,0.2529,0.2598,0.2521,0.2587,125826400,0.2169
2002-12-24,0.2579,0.2584,0.2554,0.2564,39340000,0.2149
2002-12-26,0.2575,0.2645,0.2550,0.2571,85422400,0.2155
2002-12-27,0.2555,0.2568,0.2502,0.2511,80035200,0.2104
2002-12-30,0.2514,0.2527,0.2471,0.2512,155041600,0.2106
2002-12-31,0.2500,0.2564,0.2491,0.2559,200726400,0.2145
2003-01-02,0.2564,0.2664,0.2562,0.2643,181428800,0.2215
2003-01-03,0.2643,0.2666,0.2605,0.2661,147453600,0.2230
2003-01-06,0.2684,0.2746,0.2657,0.2661,390532800,0.2230
2003-01-07,0.2641,0.2679,0.2584,0.2652,342344800,0.2223
2003-01-08,0.2604,0.2627,0.2579,0.2598,229644800,0.2178
2003-01-09,0.2611,0.2664,0.2589,0.2621,215252800,0.2197
2003-01-10,0.2604,0.2646,0.2587,0.2629,175100800,0.2203
2003-01-13,0.2661,0.2661,0.2564,0.2612,178942400,0.2190
2003-01-14,0.2623,0.2646,0.2587,0.2609,186860800,0.2187
2003-01-15,0.2605,0.2625,0.2546,0.2577,371128800,0.2160
2003-01-16,0.2537,0.2636,0.2537,0.2611,559070400,0.2188
2003-01-17,0.2600,0.2600,0.2514,0.2518,266761600,0.2110
2003-01-21,0.2537,0.2573,0.2500,0.2504,253456000,0.2098
2003-01-22,0.2496,0.2527,0.2464,0.2479,215140800,0.2078
2003-01-23,0.2509,0.2564,0.2491,0.2530,228256000,0.2121
2003-01-24,0.2543,0.2543,0.2421,0.2464,305468800,0.2066
2003-01-27,0.2443,0.2589,0.2438,0.2523,391406400,0.2115
2003-01-28,0.2543,0.2623,0.2529,0.2604,286255200,0.2182
2003-01-29,0.2598,0.2696,0.2554,0.2666,373044000,0.2235
2003-01-30,0.2675,0.2691,0.2552,0.2557,407058400,0.2143
2003-01-31,0.2534,0.2598,0.2509,0.2564,341224800,0.2149
2003-02-03,0.2573,0.2663,0.2562,0.2618,264784800,0.2194
2003-02-04,0.2580,0.2616,0.2555,0.2607,317413600,0.2185
2003-02-05,0.2627,0.2666,0.2579,0.2580,221614400,0.2163
2003-02-06,0.2564,0.2605,0.2539,0.2577,179149600,0.2160
2003-02-07,0.2598,0.2607,0.2512,0.2527,269701600,0.2118
2003-02-10,0.2546,0.2602,0.2511,0.2562,167888000,0.2148
2003-02-11,0.2589,0.2612,0.2536,0.2562,164780000,0.2148
2003-02-12,0.2548,0.2607,0.2548,0.2570,228687200,0.2154
2003-02-13,0.2573,0.2614,0.2543,0.2596,208493600,0.2176
2003-02-14,0.2609,0.2629,0.2562,0.2620,243297600,0.2196
2003-02-18,0.2634,0.2732,0.2629,0.2727,290897600,0.2286
2003-02-19,0.2691,0.2705,0.2621,0.2652,240368800,0.2223
2003-02-20,0.2652,0.2671,0.2627,0.2637,224352800,0.2211
2003-02-21,0.2646,0.2689,0.2616,0.2679,157444000,0.2245
2003-02-24,0.2654,0.2684,0.2464,0.2632,180252800,0.2206
2003-02-25,0.2621,0.2693,0.2604,0.2682,188641600,0.2248
2003-02-26,0.2677,0.2682,0.2586,0.2589,217095200,0.2170
2003-02-27,0.2602,0.2679,0.2591,0.2654,154341600,0.2224
2003-02-28,0.2654,0.2695,0.2637,0.2680,195098400,0.2247
2003-03-03,0.2680,0.2707,0.2598,0.2616,203761600,0.2193
2003-03-04,0.2632,0.2645,0.2579,0.2600,126414400,0.2179
2003-03-05,0.2609,0.2643,0.2593,0.2611,126683200,0.2188
2003-03-06,0.2604,0.2607,0.2571,0.2600,99859200,0.2179
2003-03-07,0.2584,0.2627,0.2555,0.2595,200984000,0.2175
2003-03-10,0.2591,0.2620,0.2554,0.2566,134573600,0.2151
2003-03-11,0.2564,0.2587,0.2521,0.2541,161190400,0.2130
2003-03-12,0.2530,0.2570,0.2511,0.2539,222560800,0.2128
2003-03-13,0.2584,0.2643,0.2530,0.2629,335445600,0.2203
2003-03-14,0.2621,0.2680,0.2614,0.2639,153098400,0.2212
2003-03-17,0.2659,0.2691,0.2627,0.2680,399912800,0.2247
2003-03-18,0.2679,0.2695,0.2646,0.2679,229980800,0.2245
2003-03-19,0.2691,0.2705,0.2641,0.2670,141316000,0.2238
2003-03-20,0.2666,0.2677,0.2607,0.2663,163178400,0.2232
2003-03-21,0.2695,0.2705,0.2646,0.2679,297948000,0.2245
2003-03-24,0.2620,0.2643,0.2562,0.2566,161100800,0.2151
2003-03-25,0.2573,0.2648,0.2566,0.2598,167697600,0.2178
2003-03-26,0.2598,0.2600,0.2554,0.2573,178343200,0.2157
2003-03-27,0.2557,0.2625,0.2557,0.2587,122393600,0.2169
2003-03-28,0.2571,0.2611,0.2566,0.2602,145303200,0.2181
2003-03-31,0.2559,0.2595,0.2507,0.2525,256659200,0.2116
2003-04-01,0.2536,0.2555,0.2512,0.2529,154341600,0.2119
2003-04-02,0.2564,0.2623,0.2548,0.2607,171371200,0.2185
2003-04-03,0.2600,0.2625,0.2562,0.2582,145712000,0.2164
2003-04-04,0.2593,0.2620,0.2570,0.2573,146020000,0.2157
2003-04-07,0.2652,0.2670,0.2573,0.2587,196862400,0.2169
2003-04-08,0.2591,0.2616,0.2564,0.2580,128934400,0.2163
2003-04-09,0.2593,0.2611,0.2525,0.2534,146725600,0.2124
2003-04-10,0.2536,0.2570,0.2536,0.2566,107100000,0.2151
2003-04-11,0.2509,0.2579,0.2309,0.2357,1392708800,0.1976
2003-04-14,0.2448,0.2455,0.2411,0.2425,502958400,0.2033
2003-04-15,0.2427,0.2429,0.2375,0.2391,303968000,0.2004
2003-04-16,0.2320,0.2441,0.2307,0.2364,1016176000,0.1982
2003-04-17,0.2357,0.2366,0.2271,0.2343,616257600,0.1964
2003-04-21,0.2345,0.2355,0.2318,0.2346,152320000,0.1967
2003-04-22,0.2354,0.2432,0.2338,0.2412,300568800,0.2022
2003-04-23,0.2416,0.2434,0.2386,0.2425,209680800,0.2033
2003-04-24,0.2414,0.2430,0.2321,0.2400,325108000,0.2012
2003-04-25,0.2404,0.2425,0.2362,0.2384,205318400,0.1998
2003-04-28,0.2407,0.2493,0.2398,0.2475,636798400,0.2075
2003-04-29,0.2496,0.2529,0.2425,0.2511,458236800,0.2104
2003-04-30,0.2488,0.2562,0.2473,0.2539,458175200,0.2128
2003-05-01,0.2545,0.2570,0.2500,0.2564,342759200,0.2149
2003-05-02,0.2582,0.2605,0.2561,0.2580,321182400,0.2163
2003-05-05,0.2637,0.3014,0.2634,0.2873,1555708000,0.2408
2003-05-06,0.2879,0.3196,0.2875,0.3125,1514492000,0.2619
2003-05-07,0.3095,0.3257,0.3055,0.3152,1054379200,0.2642
2003-05-08,0.3161,0.3227,0.3088,0.3214,687736000,0.2694
2003-05-09,0.3273,0.3286,0.3193,0.3268,588386400,0.2739
2003-05-12,0.3241,0.3346,0.3237,0.3314,419372800,0.2778
2003-05-13,0.3291,0.3388,0.3205,0.3334,446796000,0.2794
2003-05-14,0.3363,0.3364,0.3291,0.3313,355488000,0.2777
2003-05-15,0.3321,0.3366,0.3298,0.3345,284995200,0.2803
2003-05-16,0.3320,0.3395,0.3264,0.3357,341628000,0.2814
2003-05-19,0.3309,0.3330,0.3225,0.3232,445888800,0.2709
2003-05-20,0.3232,0.3243,0.3143,0.3177,416220000,0.2663
2003-05-21,0.3177,0.3230,0.3155,0.3187,305009600,0.2672
2003-05-22,0.3195,0.3286,0.3168,0.3257,178460800,0.2730
2003-05-23,0.3252,0.3296,0.3207,0.3271,206718400,0.2742
2003-05-27,0.3207,0.3375,0.3198,0.3371,290130400,0.2826
2003-05-28,0.3304,0.3332,0.3241,0.3264,339679200,0.2736
2003-05-29,0.3266,0.3304,0.3196,0.3232,333765600,0.2709
2003-05-30,0.3236,0.3246,0.3130,0.3205,382748800,0.2687
2003-06-02,0.3232,0.3266,0.3084,0.3116,418588800,0.2612
2003-06-03,0.3114,0.3155,0.3039,0.3091,360858400,0.2591
2003-06-04,0.3089,0.3177,0.3061,0.3143,271202400,0.2634
2003-06-05,0.3116,0.3168,0.3095,0.3150,205497600,0.2640
2003-06-06,0.3168,0.3221,0.3061,0.3063,241388000,0.2567
2003-06-09,0.3025,0.3043,0.2970,0.2998,259952000,0.2513
2003-06-10,0.3016,0.3088,0.2991,0.3068,176646400,0.2571
2003-06-11,0.3063,0.3127,0.3002,0.3116,225114400,0.2612
2003-06-12,0.3134,0.3193,0.3116,0.3173,252588000,0.2660
2003-06-13,0.3170,0.3205,0.3059,0.3111,191245600,0.2607
2003-06-16,0.3143,0.3262,0.3116,0.3262,238526400,0.2735
2003-06-17,0.3288,0.3304,0.3212,0.3248,177464000,0.2723
2003-06-18,0.3295,0.3479,0.3270,0.3414,454983200,0.2862
2003-06-19,0.3457,0.3502,0.3352,0.3418,381528000,0.2865
2003-06-20,0.3455,0.3496,0.3375,0.3429,356546400,0.2874
2003-06-23,0.3446,0.3516,0.3348,0.3404,307361600,0.2853
2003-06-24,0.3477,0.3512,0.3343,0.3354,514382400,0.2811
2003-06-25,0.3368,0.3464,0.3341,0.3409,329812000,0.2857
2003-06-26,0.3339,0.3450,0.3339,0.3445,161705600,0.2887
2003-06-27,0.3446,0.3448,0.3300,0.3345,365792000,0.2803
2003-06-30,0.3336,0.3430,0.3320,0.3404,222152000,0.2853
2003-07-01,0.3370,0.3425,0.3305,0.3409,180992000,0.2857
2003-07-02,0.3398,0.3464,0.3396,0.3441,325298400,0.2884
2003-07-03,0.3393,0.3491,0.3389,0.3416,137771200,0.2863
2003-07-07,0.3441,0.3604,0.3416,0.3548,286272000,0.2974
2003-07-08,0.3486,0.3661,0.3480,0.3643,256737600,0.3053
2003-07-09,0.3609,0.3652,0.3552,0.3552,213645600,0.2977
2003-07-10,0.3550,0.3561,0.3459,0.3496,170934400,0.2931
2003-07-11,0.3511,0.3571,0.3487,0.3545,136858400,0.2971
2003-07-14,0.3573,0.3643,0.3548,0.3554,188406400,0.2979
2003-07-15,0.3575,0.3614,0.3470,0.3502,206645600,0.2935
2003-07-16,0.3566,0.3571,0.3461,0.3548,250930400,0.2974
2003-07-17,0.3605,0.3741,0.3595,0.3732,751212000,0.3128
2003-07-18,0.3732,0.3782,0.3643,0.3725,298838400,0.3122
2003-07-21,0.3695,0.3714,0.3625,0.3680,183808800,0.3085
2003-07-22,0.3727,0.3743,0.3661,0.3714,198424800,0.3113
2003-07-23,0.3741,0.3743,0.3654,0.3713,143035200,0.3112
2003-07-24,0.3757,0.3839,0.3639,0.3663,229236000,0.3070
2003-07-25,0.3645,0.3852,0.3643,0.3846,216686400,0.3224
2003-07-28,0.3839,0.3839,0.3725,0.3748,170357600,0.3142
2003-07-29,0.3748,0.3764,0.3664,0.3700,197120000,0.3101
2003-07-30,0.3709,0.3732,0.3602,0.3621,173594400,0.3035
2003-07-31,0.3704,0.3812,0.3673,0.3764,301464800,0.3155
2003-08-01,0.3750,0.3798,0.3686,0.3702,149604000,0.3103
2003-08-04,0.3666,0.3839,0.3621,0.3787,230115200,0.3175
2003-08-05,0.3812,0.3821,0.3589,0.3639,249440800,0.3050
2003-08-06,0.3582,0.3602,0.3482,0.3505,245464800,0.2938
2003-08-07,0.3523,0.3587,0.3468,0.3559,174378400,0.2983
2003-08-08,0.3591,0.3595,0.3500,0.3507,137659200,0.2940
2003-08-11,0.3539,0.3559,0.3484,0.3511,137228000,0.2943
2003-08-12,0.3529,0.3536,0.3475,0.3518,164438400,0.2949
2003-08-13,0.3546,0.3632,0.3496,0.3604,284099200,0.3020
2003-08-14,0.3609,0.3630,0.3561,0.3566,192780000,0.2989
2003-08-15,0.3575,0.3584,0.3511,0.3520,125865600,0.2950
2003-08-18,0.3546,0.3645,0.3521,0.3632,192774400,0.3044
2003-08-19,0.3638,0.3652,0.3571,0.3629,133688800,0.3041
2003-08-20,0.3604,0.3798,0.3596,0.3752,273212800,0.3145
2003-08-21,0.3755,0.3877,0.3741,0.3871,255326400,0.3245
2003-08-22,0.3895,0.3929,0.3686,0.3729,250264000,0.3125
2003-08-25,0.3711,0.3734,0.3659,0.3725,137782400,0.3122
2003-08-26,0.3705,0.3762,0.3634,0.3759,164959200,0.3151
2003-08-27,0.3734,0.3836,0.3689,0.3836,225702400,0.3215
2003-08-28,0.3809,0.3968,0.3809,0.3963,319625600,0.3321
2003-08-29,0.3964,0.4080,0.3938,0.4038,263155200,0.3384
2003-09-02,0.4046,0.4089,0.4000,0.4080,242132800,0.3420
2003-09-03,0.4071,0.4164,0.4064,0.4098,268828000,0.3435
2003-09-04,0.4136,0.4152,0.4066,0.4077,199780000,0.3417
2003-09-05,0.4059,0.4134,0.4002,0.4018,240133600,0.3368
2003-09-08,0.4014,0.4070,0.4013,0.4061,167244000,0.3404
2003-09-09,0.4023,0.4048,0.3950,0.3995,180370400,0.3348
2003-09-10,0.3973,0.4038,0.3948,0.3961,224890400,0.3320
2003-09-11,0.3973,0.4070,0.3946,0.4029,213684800,0.3377
2003-09-12,0.4020,0.4132,0.3984,0.4125,179989600,0.3458
2003-09-15,0.4073,0.4089,0.3950,0.3966,226844800,0.3324
2003-09-16,0.3966,0.4052,0.3964,0.3993,269007200,0.3347
2003-09-17,0.3995,0.3996,0.3902,0.3950,289396800,0.3311
2003-09-18,0.3946,0.4105,0.3920,0.4086,252907200,0.3425
2003-09-19,0.4086,0.4116,0.4005,0.4032,205956800,0.3380
2003-09-22,0.3961,0.4018,0.3914,0.3943,179821600,0.3305
2003-09-23,0.3932,0.4011,0.3907,0.4005,132451200,0.3357
2003-09-24,0.3966,0.3984,0.3764,0.3807,301285600,0.3191
2003-09-25,0.3811,0.3816,0.3616,0.3648,574380800,0.3058
2003-09-26,0.3625,0.3875,0.3598,0.3695,347250400,0.3097
2003-09-29,0.3837,0.3870,0.3688,0.3804,365702400,0.3188
2003-09-30,0.3766,0.3789,0.3650,0.3700,285426400,0.3101
2003-10-01,0.3698,0.3768,0.3605,0.3713,236112800,0.3112
2003-10-02,0.3714,0.3714,0.3621,0.3673,204058400,0.3079
2003-10-03,0.3748,0.3904,0.3729,0.3873,299600000,0.3246
2003-10-06,0.3870,0.3988,0.3854,0.3980,268329600,0.3336
2003-10-07,0.3938,0.4180,0.3913,0.4146,418174400,0.3476
2003-10-08,0.4152,0.4204,0.4059,0.4118,428668800,0.3452
2003-10-09,0.4161,0.4227,0.4070,0.4187,347748800,0.3510
2003-10-10,0.4196,0.4252,0.4173,0.4229,174837600,0.3544
2003-10-13,0.4238,0.4359,0.4236,0.4348,279865600,0.3645
2003-10-14,0.4343,0.4418,0.4320,0.4384,275419200,0.3675
2003-10-15,0.4437,0.4466,0.4389,0.4432,610103200,0.3715
2003-10-16,0.4250,0.4257,0.4002,0.4152,975682400,0.3480
2003-10-17,0.4175,0.4195,0.4005,0.4063,359811200,0.3405
2003-10-20,0.4036,0.4168,0.3996,0.4146,279132000,0.3476
2003-10-21,0.4162,0.4179,0.4063,0.4139,176461600,0.3470
2003-10-22,0.4096,0.4143,0.4050,0.4064,161599200,0.3407
2003-10-23,0.4059,0.4134,0.4034,0.4105,165211200,0.3441
2003-10-24,0.4029,0.4080,0.3970,0.4036,219856000,0.3383
2003-10-27,0.4063,0.4087,0.4016,0.4036,162013600,0.3383
2003-10-28,0.4029,0.4245,0.4000,0.4236,251714400,0.3550
2003-10-29,0.4198,0.4268,0.4168,0.4230,267080800,0.3546
2003-10-30,0.4284,0.4286,0.4084,0.4123,260556800,0.3456
2003-10-31,0.4161,0.4170,0.4068,0.4087,218153600,0.3426
2003-11-03,0.4077,0.4161,0.4068,0.4134,302842400,0.3465
2003-11-04,0.4120,0.4125,0.4034,0.4091,249233600,0.3429
2003-11-05,0.4075,0.4130,0.4013,0.4112,322470400,0.3447
2003-11-06,0.4091,0.4134,0.4045,0.4129,397073600,0.3461
2003-11-07,0.4141,0.4150,0.4009,0.4018,210145600,0.3368
2003-11-10,0.4009,0.4045,0.3900,0.3911,234276000,0.3278
2003-11-11,0.3911,0.3932,0.3836,0.3846,215073600,0.3224
2003-11-12,0.3836,0.4057,0.3836,0.3988,300003200,0.3342
2003-11-13,0.3941,0.4029,0.3914,0.4004,212772000,0.3356
2003-11-14,0.4014,0.4038,0.3800,0.3832,237048000,0.3212
2003-11-17,0.3812,0.3816,0.3741,0.3773,228256000,0.3163
2003-11-18,0.3787,0.3811,0.3634,0.3645,267192800,0.3055
2003-11-19,0.3671,0.3688,0.3618,0.3646,344584800,0.3056
2003-11-20,0.3589,0.3764,0.3589,0.3639,239590400,0.3050
2003-11-21,0.3632,0.3675,0.3545,0.3621,241836000,0.3035
2003-11-24,0.3661,0.3798,0.3652,0.3777,381824800,0.3166
2003-11-25,0.3791,0.3795,0.3680,0.3693,268654400,0.3095
2003-11-26,0.3730,0.3777,0.3616,0.3700,245128800,0.3101
2003-11-28,0.3711,0.3762,0.3664,0.3734,76098400,0.3130
2003-12-01,0.3757,0.3902,0.3750,0.3877,361536000,0.3249
2003-12-02,0.3857,0.3911,0.3823,0.3846,205296000,0.3224
2003-12-03,0.3846,0.3900,0.3743,0.3755,191296000,0.3148
2003-12-04,0.3739,0.3780,0.3709,0.3777,177940000,0.3166
2003-12-05,0.3732,0.3777,0.3702,0.3723,186177600,0.3121
2003-12-08,0.3711,0.3764,0.3645,0.3759,148237600,0.3151
2003-12-09,0.3780,0.3795,0.3643,0.3652,135144800,0.3061
2003-12-10,0.3652,0.3680,0.3564,0.3639,271336800,0.3050
2003-12-11,0.3616,0.3811,0.3609,0.3787,183136800,0.3175
2003-12-12,0.3807,0.3807,0.3696,0.3730,192673600,0.3127
2003-12-15,0.3837,0.3837,0.3584,0.3602,388908800,0.3019
2003-12-16,0.3605,0.3659,0.3573,0.3593,373956800,0.3012
2003-12-17,0.3586,0.3595,0.3534,0.3550,274260000,0.2976
2003-12-18,0.3554,0.3604,0.3554,0.3579,330915200,0.3000
2003-12-19,0.3605,0.3646,0.3504,0.3518,453560800,0.2949
2003-12-22,0.3509,0.3552,0.3438,0.3545,377064800,0.2971
2003-12-23,0.3557,0.3562,0.3500,0.3537,308498400,0.2965
2003-12-24,0.3521,0.3677,0.3509,0.3645,177475200,0.3055
2003-12-26,0.3634,0.3734,0.3632,0.3711,103695200,0.3110
2003-12-29,0.3734,0.3779,0.3725,0.3777,233458400,0.3166
2003-12-30,0.3782,0.3839,0.3777,0.3800,204853600,0.3185
2003-12-31,0.3812,0.3845,0.3782,0.3816,174451200,0.3199
2004-01-02,0.3848,0.3884,0.3782,0.3800,144642400,0.3185
2004-01-05,0.3825,0.3998,0.3825,0.3959,395018400,0.3318
2004-01-06,0.3973,0.4004,0.3877,0.3945,509348000,0.3306
2004-01-07,0.3946,0.4077,0.3916,0.4034,586874400,0.3381
2004-01-08,0.4079,0.4238,0.4045,0.4171,460303200,0.3496
2004-01-09,0.4148,0.4309,0.4070,0.4107,427459200,0.3443
2004-01-12,0.4152,0.4286,0.4125,0.4238,487547200,0.3552
2004-01-13,0.4411,0.4436,0.4261,0.4307,679016800,0.3610
2004-01-14,0.4357,0.4382,0.4246,0.4321,620043200,0.3622
2004-01-15,0.4091,0.4179,0.4018,0.4080,1018208800,0.3420
2004-01-16,0.4087,0.4114,0.4038,0.4057,372820000,0.3401
2004-01-20,0.4048,0.4071,0.3973,0.4059,315946400,0.3402
2004-01-21,0.4054,0.4102,0.4005,0.4038,226660000,0.3384
2004-01-22,0.4029,0.4077,0.3961,0.3961,205004800,0.3320
2004-01-23,0.4004,0.4061,0.3973,0.4029,227169600,0.3377
2004-01-26,0.4011,0.4118,0.4005,0.4109,271269600,0.3444
2004-01-27,0.4114,0.4152,0.4071,0.4120,307070400,0.3453
2004-01-28,0.4079,0.4175,0.4002,0.4021,275402400,0.3371
2004-01-29,0.4041,0.4071,0.3963,0.4050,212699200,0.3395
2004-01-30,0.4045,0.4084,0.4004,0.4029,185298400,0.3377
2004-02-02,0.4011,0.4073,0.3943,0.3986,287431200,0.3341
2004-02-03,0.3982,0.4000,0.3929,0.3975,180812800,0.3332
2004-02-04,0.3929,0.3945,0.3875,0.3891,305552800,0.3261
2004-02-05,0.3896,0.4091,0.3895,0.4004,352844800,0.3356
2004-02-06,0.4009,0.4087,0.4000,0.4055,193340000,0.3399
2004-02-09,0.4039,0.4082,0.4018,0.4048,188260800,0.3393
2004-02-10,0.4039,0.4129,0.4007,0.4104,255343200,0.3440
2004-02-11,0.4123,0.4263,0.4116,0.4250,348544000,0.3562
2004-02-12,0.4216,0.4284,0.4214,0.4238,183988000,0.3552
2004-02-13,0.4259,0.4304,0.4077,0.4107,315980000,0.3443
2004-02-17,0.4125,0.4195,0.4125,0.4136,170956800,0.3467
2004-02-18,0.4139,0.4186,0.4116,0.4154,141635200,0.3481
2004-02-19,0.4166,0.4221,0.4002,0.4013,323080800,0.3363
2004-02-20,0.4018,0.4020,0.3966,0.4000,277603200,0.3353
2004-02-23,0.3989,0.4011,0.3909,0.3963,194079200,0.3321
2004-02-24,0.3954,0.4061,0.3929,0.3993,259056000,0.3347
2004-02-25,0.3979,0.4089,0.3966,0.4073,276276000,0.3414
2004-02-26,0.4086,0.4139,0.4071,0.4114,198408000,0.3449
2004-02-27,0.4100,0.4289,0.4098,0.4271,468837600,0.3580
2004-03-01,0.4304,0.4339,0.4263,0.4289,321680800,0.3595
2004-03-02,0.4286,0.4304,0.4245,0.4252,256687200,0.3564
2004-03-03,0.4214,0.4320,0.4214,0.4271,225131200,0.3580
2004-03-04,0.4273,0.4504,0.4270,0.4493,660223200,0.3766
2004-03-05,0.4455,0.4909,0.4446,0.4775,1540599200,0.4002
2004-03-08,0.4754,0.4784,0.4607,0.4643,522872000,0.3892
2004-03-09,0.4625,0.4863,0.4598,0.4839,618363200,0.4056
2004-03-10,0.4829,0.5025,0.4811,0.4943,1006964000,0.4143
2004-03-11,0.4870,0.5007,0.4837,0.4848,595851200,0.4064
2004-03-12,0.4879,0.4961,0.4852,0.4921,329224000,0.4125
2004-03-15,0.4827,0.4884,0.4689,0.4723,481717600,0.3959
2004-03-16,0.4741,0.4752,0.4534,0.4611,605432800,0.3865
2004-03-17,0.4636,0.4711,0.4604,0.4677,411432000,0.3920
2004-03-18,0.4632,0.4654,0.4570,0.4584,321081600,0.3842
2004-03-19,0.4564,0.4811,0.4561,0.4618,408576000,0.3871
2004-03-22,0.4530,0.4673,0.4509,0.4618,419031200,0.3871
2004-03-23,0.4621,0.4643,0.4504,0.4516,385515200,0.3785
2004-03-24,0.4512,0.4598,0.4512,0.4554,428215200,0.3817
2004-03-25,0.4668,0.4805,0.4623,0.4798,566445600,0.4022
2004-03-26,0.4821,0.4886,0.4805,0.4829,419893600,0.4047
2004-03-29,0.4888,0.4998,0.4857,0.4984,350728000,0.4177
2004-03-30,0.4954,0.4991,0.4882,0.4986,359676800,0.4179
2004-03-31,0.4986,0.4996,0.4812,0.4829,390773600,0.4047
2004-04-01,0.4802,0.4870,0.4754,0.4841,318332000,0.4058
2004-04-02,0.4955,0.4988,0.4863,0.4911,274478400,0.4116
2004-04-05,0.4907,0.5066,0.4900,0.5057,385672000,0.4239
2004-04-06,0.4948,0.5027,0.4898,0.4970,257992000,0.4166
2004-04-07,0.4930,0.4946,0.4807,0.4877,255119200,0.4088
2004-04-08,0.4979,0.5000,0.4857,0.4916,240917600,0.4121
2004-04-12,0.4911,0.5018,0.4909,0.5007,230540800,0.4197
2004-04-13,0.4996,0.5005,0.4793,0.4809,436396800,0.4031
2004-04-14,0.4775,0.4834,0.4698,0.4757,639732800,0.3987
2004-04-15,0.5146,0.5282,0.5029,0.5232,1761446400,0.4386
2004-04-16,0.5205,0.5234,0.5089,0.5211,402931200,0.4368
2004-04-19,0.5021,0.5134,0.4970,0.5063,712353600,0.4243
2004-04-20,0.5038,0.5073,0.4921,0.4952,354519200,0.4151
2004-04-21,0.4929,0.5021,0.4888,0.4952,325875200,0.4151
2004-04-22,0.4921,0.5032,0.4841,0.4961,344584800,0.4158
2004-04-23,0.4946,0.5000,0.4830,0.4946,315828800,0.4146
2004-04-26,0.4925,0.4936,0.4821,0.4845,231128800,0.4061
2004-04-27,0.4864,0.4900,0.4766,0.4811,283864000,0.4032
2004-04-28,0.4789,0.4823,0.4704,0.4723,231168000,0.3959
2004-04-29,0.4723,0.4821,0.4639,0.4780,460790400,0.4007
2004-04-30,0.4770,0.4814,0.4552,0.4604,466502400,0.3859
2004-05-03,0.4643,0.4702,0.4596,0.4655,297634400,0.3902
2004-05-04,0.4638,0.4741,0.4554,0.4668,279983200,0.3913
2004-05-05,0.4679,0.4777,0.4636,0.4759,238106400,0.3989
2004-05-06,0.4714,0.4777,0.4625,0.4746,263558400,0.3978
2004-05-07,0.4741,0.4923,0.4741,0.4762,419036800,0.3992
2004-05-10,0.4691,0.4750,0.4632,0.4693,249978400,0.3934
2004-05-11,0.4714,0.4855,0.4714,0.4846,305172000,0.4062
2004-05-12,0.4784,0.4882,0.4686,0.4875,245420000,0.4086
2004-05-13,0.4839,0.4950,0.4804,0.4855,229852000,0.4070
2004-05-14,0.4866,0.4879,0.4723,0.4832,257801600,0.4050
2004-05-17,0.4768,0.4832,0.4707,0.4757,300445600,0.3987
2004-05-18,0.4816,0.4873,0.4786,0.4832,206063200,0.4050
2004-05-19,0.4893,0.4911,0.4718,0.4727,375592000,0.3962
2004-05-20,0.4755,0.4821,0.4727,0.4770,196296800,0.3998
2004-05-21,0.4804,0.4857,0.4773,0.4841,179894400,0.4058
2004-05-24,0.4873,0.4982,0.4841,0.4882,235603200,0.4092
2004-05-25,0.4911,0.5091,0.4873,0.5073,319978400,0.4252
2004-05-26,0.5059,0.5139,0.5000,0.5091,322168000,0.4267
2004-05-27,0.5082,0.5107,0.4968,0.5030,235972800,0.4216
2004-05-28,0.5014,0.5048,0.4964,0.5011,145717600,0.4200
2004-06-01,0.4963,0.5036,0.4930,0.5011,182134400,0.4200
2004-06-02,0.5005,0.5209,0.4964,0.5164,318712800,0.4329
2004-06-03,0.5129,0.5177,0.5052,0.5071,250930400,0.4251
2004-06-04,0.5100,0.5223,0.5091,0.5139,399112000,0.4308
2004-06-07,0.5186,0.5354,0.5145,0.5323,295876000,0.4462
2004-06-08,0.5355,0.5436,0.5327,0.5420,415620800,0.4543
2004-06-09,0.5373,0.5484,0.5357,0.5393,349204800,0.4520
2004-06-10,0.5393,0.5530,0.5393,0.5489,257577600,0.4601
2004-06-14,0.5473,0.5479,0.5268,0.5379,243986400,0.4508
2004-06-15,0.5454,0.5561,0.5404,0.5480,444634400,0.4594
2004-06-16,0.5475,0.5950,0.5452,0.5846,909641600,0.4900
2004-06-17,0.5814,0.5916,0.5752,0.5859,551320000,0.4911
2004-06-18,0.5832,0.5966,0.5791,0.5877,406252000,0.4926
2004-06-21,0.5914,0.5982,0.5736,0.5773,390213600,0.4839
2004-06-22,0.5768,0.5909,0.5766,0.5893,360511200,0.4939
2004-06-23,0.5893,0.6041,0.5873,0.6018,390868800,0.5044
2004-06-24,0.5984,0.6018,0.5889,0.5925,252515200,0.4966
2004-06-25,0.5905,0.6018,0.5893,0.6018,323428000,0.5044
2004-06-28,0.6104,0.6105,0.5752,0.5802,521096800,0.4863
2004-06-29,0.5727,0.5891,0.5609,0.5804,590553600,0.4865
2004-06-30,0.5814,0.5888,0.5695,0.5811,373044000,0.4870
2004-07-01,0.5732,0.5800,0.5696,0.5768,341941600,0.4835
2004-07-02,0.5443,0.5568,0.5309,0.5550,910683200,0.4652
2004-07-06,0.5584,0.5611,0.5500,0.5527,348980800,0.4633
2004-07-07,0.5509,0.5600,0.5380,0.5427,397992000,0.4549
2004-07-08,0.5380,0.5479,0.5348,0.5382,233380000,0.4511
2004-07-09,0.5405,0.5446,0.5362,0.5362,208863200,0.4495
2004-07-12,0.5361,0.5364,0.5166,0.5204,511621600,0.4362
2004-07-13,0.5223,0.5286,0.5182,0.5218,316176000,0.4374
2004-07-14,0.5154,0.5352,0.5132,0.5282,835800000,0.4427
2004-07-15,0.5832,0.6005,0.5734,0.5880,1767724000,0.4929
2004-07-16,0.5857,0.5879,0.5736,0.5750,488381600,0.4820
2004-07-19,0.5716,0.5754,0.5654,0.5709,533170400,0.4785
2004-07-20,0.5705,0.5750,0.5634,0.5750,323747200,0.4820
2004-07-21,0.5789,0.5841,0.5596,0.5646,301257600,0.4733
2004-07-22,0.5580,0.5666,0.5546,0.5657,334118400,0.4742
2004-07-23,0.5630,0.5670,0.5443,0.5482,273571200,0.4595
2004-07-26,0.5509,0.5616,0.5496,0.5582,393932000,0.4679
2004-07-27,0.5679,0.5848,0.5638,0.5791,425006400,0.4854
2004-07-28,0.5770,0.5788,0.5564,0.5763,285051200,0.4830
2004-07-29,0.5798,0.5861,0.5738,0.5829,222157600,0.4885
2004-07-30,0.5830,0.5893,0.5714,0.5775,243023200,0.4841
2004-08-02,0.5568,0.5750,0.5559,0.5639,365092000,0.4727
2004-08-03,0.5616,0.5664,0.5562,0.5587,211629600,0.4683
2004-08-04,0.5570,0.5736,0.5566,0.5677,276488800,0.4758
2004-08-05,0.5680,0.5768,0.5580,0.5605,244501600,0.4698
2004-08-06,0.5518,0.5554,0.5304,0.5318,492290400,0.4457
2004-08-09,0.5330,0.5437,0.5323,0.5411,290847200,0.4535
2004-08-10,0.5427,0.5632,0.5420,0.5629,351036000,0.4718
2004-08-11,0.5554,0.5559,0.5404,0.5537,322392000,0.4641
2004-08-12,0.5437,0.5509,0.5407,0.5423,226200800,0.4546
2004-08-13,0.5464,0.5586,0.5429,0.5507,328048000,0.4616
2004-08-16,0.5536,0.5664,0.5471,0.5496,435674400,0.4607
2004-08-17,0.5461,0.5559,0.5420,0.5512,323019200,0.4621
2004-08-18,0.5448,0.5688,0.5445,0.5668,364655200,0.4751
2004-08-19,0.5627,0.5689,0.5421,0.5484,388920000,0.4597
2004-08-20,0.5484,0.5534,0.5445,0.5500,316780800,0.4610
2004-08-23,0.5511,0.5584,0.5464,0.5550,254660000,0.4652
2004-08-24,0.5582,0.5705,0.5570,0.5705,374136000,0.4782
2004-08-25,0.5691,0.5920,0.5666,0.5902,505618400,0.4947
2004-08-26,0.5900,0.6282,0.5846,0.6189,955858400,0.5188
2004-08-27,0.6193,0.6207,0.6071,0.6134,388813600,0.5141
2004-08-30,0.6071,0.6200,0.6064,0.6093,218142400,0.5107
2004-08-31,0.6084,0.6241,0.6071,0.6159,376560800,0.5162
2004-09-01,0.6125,0.6427,0.6105,0.6404,515726400,0.5367
2004-09-02,0.6339,0.6395,0.6220,0.6368,406324800,0.5337
2004-09-03,0.6252,0.6414,0.6252,0.6291,293468000,0.5273
2004-09-07,0.6321,0.6463,0.6291,0.6386,301957600,0.5352
2004-09-08,0.6375,0.6530,0.6371,0.6491,343526400,0.5441
2004-09-09,0.6446,0.6482,0.6300,0.6375,461339200,0.5343
2004-09-10,0.6368,0.6470,0.6332,0.6405,328014400,0.5369
2004-09-13,0.6407,0.6441,0.6307,0.6355,281976800,0.5327
2004-09-14,0.6293,0.6348,0.6211,0.6338,254822400,0.5312
2004-09-15,0.6314,0.6336,0.6214,0.6286,232668800,0.5269
2004-09-16,0.6286,0.6564,0.6264,0.6491,501916800,0.5441
2004-09-17,0.6527,0.6675,0.6500,0.6632,502308800,0.5559
2004-09-20,0.6586,0.6782,0.6584,0.6734,245000000,0.5644
2004-09-21,0.6741,0.6941,0.6689,0.6787,386652000,0.5689
2004-09-22,0.6804,0.6811,0.6573,0.6593,401688000,0.5526
2004-09-23,0.6614,0.6696,0.6595,0.6655,397404000,0.5578
2004-09-24,0.6687,0.6786,0.6634,0.6659,369488000,0.5581
2004-09-27,0.6598,0.6782,0.6577,0.6702,397516000,0.5617
2004-09-28,0.6689,0.6837,0.6687,0.6793,353186400,0.5694
2004-09-29,0.6773,0.6939,0.6754,0.6907,273509600,0.5790
2004-09-30,0.6964,0.7013,0.6866,0.6920,425012000,0.5800
2004-10-01,0.6986,0.6998,0.6889,0.6905,465404800,0.5788
2004-10-04,0.6996,0.6996,0.6920,0.6927,574084000,0.5806
2004-10-05,0.6886,0.7084,0.6857,0.7030,406162400,0.5893
2004-10-06,0.7054,0.7279,0.7048,0.7257,446303200,0.6083
2004-10-07,0.7239,0.7309,0.7046,0.7075,426148800,0.5930
2004-10-08,0.7064,0.7102,0.6936,0.6975,359228800,0.5846
2004-10-11,0.6929,0.6975,0.6821,0.6891,323870400,0.5776
2004-10-12,0.6875,0.6889,0.6723,0.6837,460191200,0.5731
2004-10-13,0.6941,0.7100,0.6918,0.7098,1163008000,0.5950
2004-10-14,0.7713,0.8170,0.7598,0.8032,2768427200,0.6732
2004-10-15,0.8014,0.8145,0.7891,0.8125,1031128000,0.6810
2004-10-18,0.7982,0.8527,0.7982,0.8527,1200752000,0.7147
2004-10-19,0.8589,0.8634,0.8448,0.8468,801992800,0.7098
2004-10-20,0.8425,0.8500,0.8330,0.8477,605108000,0.7105
2004-10-21,0.8479,0.8595,0.8457,0.8561,724505600,0.7176
2004-10-22,0.8489,0.8512,0.8396,0.8466,483067200,0.7096
2004-10-25,0.8429,0.8543,0.8405,0.8491,392644000,0.7117
2004-10-26,0.8473,0.8580,0.8388,0.8566,594361600,0.7180
2004-10-27,0.8662,0.9039,0.8602,0.8982,1193494400,0.7529
2004-10-28,0.8925,0.9325,0.8839,0.9320,864264800,0.7812
2004-10-29,0.9257,0.9500,0.9250,0.9357,810219200,0.7843
2004-11-01,0.9375,0.9511,0.9293,0.9366,602050400,0.7851
2004-11-02,0.9357,0.9657,0.9357,0.9554,729988000,0.8008
2004-11-03,0.9709,1.0020,0.9641,0.9877,1204173600,0.8279
2004-11-04,0.9827,0.9920,0.9709,0.9723,928625600,0.8150
2004-11-05,0.9796,0.9821,0.9293,0.9771,1205047200,0.8190
2004-11-08,0.9691,0.9902,0.9618,0.9711,526920800,0.8139
2004-11-09,0.9684,0.9741,0.9532,0.9652,475764800,0.8090
2004-11-10,0.9634,0.9891,0.9627,0.9777,508676000,0.8195
2004-11-11,0.9812,0.9898,0.9684,0.9875,407299200,0.8277
2004-11-12,0.9823,0.9945,0.9793,0.9911,395701600,0.8307
2004-11-15,0.9857,0.9904,0.9704,0.9864,376045600,0.8268
2004-11-16,0.9850,0.9857,0.9729,0.9811,295103200,0.8223
2004-11-17,0.9855,0.9902,0.9682,0.9804,397751200,0.8217
2004-11-18,0.9696,0.9902,0.9695,0.9891,459149600,0.8291
2004-11-19,0.9909,1.0163,0.9732,0.9852,765279200,0.8258
2004-11-22,1.1036,1.1429,1.0339,1.0955,2568210400,0.9183
2004-11-23,1.1125,1.1152,1.0902,1.0941,911450400,0.9171
2004-11-24,1.1016,1.1643,1.0991,1.1437,1390788000,0.9587
2004-11-26,1.1670,1.1743,1.1489,1.1527,550144000,0.9662
2004-11-29,1.2313,1.2423,1.2038,1.2221,1712916800,1.0244
2004-11-30,1.2284,1.2284,1.1973,1.1973,1028518400,1.0036
2004-12-01,1.2105,1.2134,1.1834,1.2105,800553600,1.0147
2004-12-02,1.1809,1.1946,1.1546,1.1645,987442400,0.9760
2004-12-03,1.1523,1.1607,1.1027,1.1193,1238848800,0.9382
2004-12-06,1.1473,1.1829,1.1241,1.1746,1247920800,0.9846
2004-12-07,1.1773,1.1916,1.1171,1.1230,1056899200,0.9413
2004-12-08,1.1264,1.1505,1.1080,1.1300,691902400,0.9472
2004-12-09,1.1216,1.1500,1.1084,1.1427,741501600,0.9578
2004-12-10,1.1612,1.1795,1.1554,1.1634,775773600,0.9751
2004-12-13,1.1718,1.1768,1.1536,1.1591,395040800,0.9716
2004-12-14,1.1679,1.1764,1.1611,1.1659,415721600,0.9772
2004-12-15,1.1650,1.1689,1.1546,1.1654,398361600,0.9768
2004-12-16,1.1812,1.2054,1.1795,1.1893,1126115200,0.9968
2004-12-17,1.1936,1.1971,1.1589,1.1605,783496000,0.9728
2004-12-20,1.1691,1.1786,1.1029,1.1200,1168126400,0.9388
2004-12-21,1.1350,1.1387,1.1000,1.1373,1064414400,0.9533
2004-12-22,1.1368,1.1493,1.1321,1.1384,565829600,0.9542
2004-12-23,1.1384,1.1473,1.1357,1.1430,245929600,0.9581
2004-12-27,1.1571,1.1634,1.1229,1.1279,559490400,0.9454
2004-12-28,1.1304,1.1473,1.1080,1.1461,611755200,0.9606
2004-12-29,1.1395,1.1604,1.1352,1.1507,449562400,0.9645
2004-12-30,1.1573,1.1612,1.1468,1.1571,345340800,0.9699
2004-12-31,1.1588,1.1607,1.1434,1.1500,278588800,0.9639
2005-01-03,1.1568,1.1627,1.1179,1.1302,691992000,0.9473
2005-01-04,1.1391,1.1691,1.1245,1.1418,1096810400,0.9570
2005-01-05,1.1511,1.1652,1.1437,1.1518,680433600,0.9654
2005-01-06,1.1548,1.1591,1.1309,1.1527,705555200,0.9662
2005-01-07,1.1607,1.2434,1.1563,1.2366,2227450400,1.0365
2005-01-10,1.2470,1.2625,1.2121,1.2314,1725309600,1.0322
2005-01-11,1.2188,1.2348,1.1454,1.1529,2611627200,0.9663
2005-01-12,1.1688,1.1768,1.1304,1.1689,1919702400,0.9798
2005-01-13,1.3162,1.3289,1.2452,1.2464,3164716800,1.0447
2005-01-14,1.2545,1.2807,1.2355,1.2536,1770742400,1.0507
2005-01-18,1.2473,1.2625,1.2098,1.2616,1006460000,1.0575
2005-01-19,1.2587,1.2761,1.2455,1.2479,751895200,1.0459
2005-01-20,1.2437,1.2727,1.2405,1.2582,914922400,1.0546
2005-01-21,1.2734,1.2786,1.2500,1.2587,911332800,1.0551
2005-01-24,1.2675,1.2818,1.2598,1.2636,841629600,1.0591
2005-01-25,1.2745,1.3007,1.2668,1.2866,969231200,1.0784
2005-01-26,1.2975,1.2991,1.2718,1.2902,739496800,1.0814
2005-01-27,1.2886,1.3021,1.2777,1.2971,496227200,1.0873
2005-01-28,1.2968,1.3211,1.2936,1.3211,801612000,1.1073
2005-01-31,1.3318,1.3909,1.3305,1.3732,1681097600,1.1510
2005-02-01,1.3759,1.3887,1.3675,1.3845,678395200,1.1604
2005-02-02,1.3920,1.4270,1.3873,1.4220,1020062400,1.1919
2005-02-03,1.4125,1.4184,1.3809,1.3895,731651200,1.1646
2005-02-04,1.3905,1.4095,1.3845,1.4079,563556000,1.1801
2005-02-07,1.4095,1.4170,1.3839,1.4096,524456800,1.1816
2005-02-08,1.4120,1.4532,1.4070,1.4446,890019200,1.2109
2005-02-09,1.4471,1.4641,1.3946,1.4061,1191456000,1.1786
2005-02-10,1.4057,1.4157,1.3689,1.3993,1093019200,1.1729
2005-02-11,1.4261,1.4600,1.4096,1.4502,1201054400,1.2155
2005-02-14,1.4773,1.5141,1.4652,1.5113,1271463200,1.2667
2005-02-15,1.5475,1.5907,1.5357,1.5788,2312217600,1.3233
2005-02-16,1.5741,1.6107,1.5598,1.6095,1639243200,1.3490
2005-02-17,1.6187,1.6229,1.5616,1.5680,1518473600,1.3143
2005-02-18,1.5668,1.5689,1.5402,1.5502,1163254400,1.2993
2005-02-22,1.5411,1.5768,1.5230,1.5230,1219293600,1.2766
2005-02-23,1.5486,1.5795,1.5277,1.5755,1345181600,1.3206
2005-02-24,1.5800,1.5948,1.5666,1.5880,1519028000,1.3311
2005-02-25,1.6004,1.6055,1.5748,1.5891,915510400,1.3320
2005-02-28,1.5957,1.6121,1.5700,1.6021,651610400,1.3429
2005-03-01,1.6068,1.6111,1.5771,1.5893,468188000,1.3321
2005-03-02,1.5804,1.6032,1.5743,1.5757,458161200,1.3208
2005-03-03,1.5846,1.5861,1.4721,1.4925,1411653600,1.2510
2005-03-04,1.5271,1.5361,1.4946,1.5289,756618800,1.2815
2005-03-07,1.5286,1.5446,1.5125,1.5268,450632000,1.2797
2005-03-08,1.4964,1.5057,1.4321,1.4475,1021451200,1.2133
2005-03-09,1.4157,1.4386,1.3868,1.4054,1322465200,1.1780
2005-03-10,1.4118,1.4379,1.3964,1.4225,777109200,1.1923
2005-03-11,1.4361,1.4496,1.4214,1.4382,632830800,1.2055
2005-03-14,1.4471,1.4568,1.4114,1.4400,605385200,1.2070
2005-03-15,1.4514,1.4693,1.4375,1.4629,508608800,1.2262
2005-03-16,1.4718,1.5111,1.4564,1.4707,697813200,1.2327
2005-03-17,1.4832,1.5314,1.4757,1.5089,801920000,1.2648
2005-03-18,1.5475,1.5514,1.5179,1.5343,940150400,1.2860
2005-03-21,1.5461,1.5704,1.5307,1.5607,541128000,1.3082
2005-03-22,1.5611,1.5700,1.5243,1.5296,551415200,1.2821
2005-03-23,1.5161,1.5500,1.5007,1.5196,609823200,1.2738
2005-03-24,1.5325,1.5357,1.5179,1.5179,352704800,1.2723
2005-03-28,1.5268,1.5343,1.5168,1.5189,275410800,1.2732
2005-03-29,1.5200,1.5296,1.4821,1.4911,461356000,1.2498
2005-03-30,1.5025,1.5286,1.4936,1.5286,394959600,1.2812
2005-03-31,1.5161,1.5186,1.4854,1.4882,636134800,1.2474
2005-04-01,1.5032,1.5064,1.4489,1.4604,641284000,1.2241
2005-04-04,1.4639,1.4754,1.4343,1.4675,580014400,1.2300
2005-04-05,1.4721,1.5086,1.4675,1.4961,556239600,1.2540
2005-04-06,1.5143,1.5289,1.5054,1.5118,414825600,1.2672
2005-04-07,1.5118,1.5625,1.5089,1.5557,506987600,1.3040
2005-04-08,1.5607,1.5875,1.5550,1.5621,649950000,1.3094
2005-04-11,1.5768,1.5804,1.4968,1.4971,821662800,1.2549
2005-04-12,1.5175,1.5425,1.5004,1.5236,981061200,1.2770
2005-04-13,1.5339,1.5354,1.4425,1.4657,1371946800,1.2286
2005-04-14,1.3861,1.4129,1.3157,1.3307,2753192400,1.1154
2005-04-15,1.3079,1.3304,1.2600,1.2625,1728087200,1.0582
2005-04-18,1.2500,1.2964,1.2143,1.2721,1327177600,1.0663
2005-04-19,1.3071,1.3371,1.2811,1.3246,1081642800,1.1103
2005-04-20,1.3450,1.3479,1.2657,1.2682,945131600,1.0630
2005-04-21,1.3000,1.3289,1.2821,1.3279,759592400,1.1130
2005-04-22,1.3157,1.3214,1.2464,1.2679,839129200,1.0627
2005-04-25,1.3032,1.3221,1.2896,1.3207,746460400,1.1070
2005-04-26,1.3136,1.3396,1.2900,1.2925,810507600,1.0834
2005-04-27,1.2818,1.2986,1.2682,1.2839,613888800,1.0762
2005-04-28,1.2961,1.2979,1.2586,1.2693,575106000,1.0639
2005-04-29,1.2911,1.2939,1.2579,1.2879,671630400,1.0795
2005-05-02,1.2932,1.3089,1.2864,1.3011,465920000,1.0905
2005-05-03,1.3000,1.3121,1.2868,1.2932,496739600,1.0840
2005-05-04,1.2896,1.3286,1.2893,1.3268,448176400,1.1121
2005-05-05,1.3304,1.3311,1.3025,1.3100,387366000,1.0980
2005-05-06,1.3175,1.3332,1.3139,1.3300,326247600,1.1148
2005-05-09,1.3314,1.3375,1.3125,1.3204,355695200,1.1067
2005-05-10,1.3125,1.3304,1.2975,1.3007,440263600,1.0902
2005-05-11,1.2571,1.2739,1.1825,1.2718,2041981200,1.0660
2005-05-12,1.2650,1.2711,1.2143,1.2189,970242000,1.0217
2005-05-13,1.2214,1.2582,1.2168,1.2418,702713200,1.0409
2005-05-16,1.2343,1.2750,1.2332,1.2696,474294800,1.0642
2005-05-17,1.2550,1.2664,1.2336,1.2629,588344400,1.0585
2005-05-18,1.2661,1.3414,1.2496,1.2800,636722800,1.0729
2005-05-19,1.2779,1.3457,1.2779,1.3411,793161600,1.1241
2005-05-20,1.3304,1.3446,1.3282,1.3411,452650800,1.1241
2005-05-23,1.3518,1.4250,1.3518,1.4200,1042574400,1.1902
2005-05-24,1.4089,1.4282,1.3939,1.4179,593460000,1.1884
2005-05-25,1.4107,1.4268,1.4043,1.4207,396006800,1.1908
2005-05-26,1.4264,1.4621,1.4264,1.4550,525520800,1.2196
2005-05-27,1.4514,1.4568,1.4289,1.4486,316008000,1.2142
2005-05-31,1.4521,1.4550,1.4136,1.4200,404205200,1.1902
2005-06-01,1.4246,1.4557,1.4236,1.4393,453812800,1.2064
2005-06-02,1.4304,1.4400,1.4143,1.4300,373973600,1.1986
2005-06-03,1.3629,1.3779,1.3489,1.3657,956869200,1.1447
2005-06-06,1.3689,1.3796,1.3414,1.3543,811966400,1.1352
2005-06-07,1.3429,1.3475,1.3018,1.3050,745264800,1.0938
2005-06-08,1.3082,1.3304,1.3061,1.3186,404006400,1.1052
2005-06-09,1.3214,1.3550,1.3150,1.3446,390255600,1.1271
2005-06-10,1.3357,1.3357,1.2686,1.2789,678932800,1.0720
2005-06-13,1.2818,1.3075,1.2793,1.2821,435772400,1.0747
2005-06-14,1.2829,1.2911,1.2768,1.2857,347846800,1.0777
2005-06-15,1.3168,1.3321,1.2964,1.3261,563343200,1.1115
2005-06-16,1.3282,1.3600,1.3150,1.3564,547674400,1.1369
2005-06-17,1.3739,1.3764,1.3511,1.3682,596125600,1.1468
2005-06-20,1.3518,1.3604,1.3375,1.3432,323716400,1.1259
2005-06-21,1.3471,1.3639,1.3350,1.3521,370526800,1.1334
2005-06-22,1.3664,1.3786,1.3621,1.3768,424925200,1.1540
2005-06-23,1.3868,1.4207,1.3804,1.3889,674254000,1.1642
2005-06-24,1.3961,1.3971,1.3457,1.3486,410709600,1.1304
2005-06-27,1.3157,1.3607,1.3100,1.3250,600171600,1.1106
2005-06-28,1.3389,1.3425,1.3275,1.3325,350299600,1.1169
2005-06-29,1.3296,1.3318,1.2900,1.2989,448358400,1.0888
2005-06-30,1.3075,1.3271,1.2968,1.3146,418390000,1.1019
2005-07-01,1.3154,1.3204,1.2961,1.3036,250000800,1.0926
2005-07-05,1.3054,1.3625,1.3036,1.3564,454269200,1.1369
2005-07-06,1.3468,1.3629,1.3286,1.3354,394626400,1.1193
2005-07-07,1.3146,1.3486,1.3143,1.3439,383723200,1.1265
2005-07-08,1.3525,1.3671,1.3382,1.3661,290735200,1.1450
2005-07-11,1.3704,1.3804,1.3493,1.3607,388788400,1.1405
2005-07-12,1.3654,1.3714,1.3539,1.3657,387038400,1.1447
2005-07-13,1.3675,1.3750,1.3536,1.3696,684835200,1.1480
2005-07-14,1.4568,1.5004,1.4368,1.4554,2096060400,1.2199
2005-07-15,1.4632,1.4846,1.4450,1.4839,687682800,1.2438
2005-07-18,1.4789,1.5036,1.4775,1.4818,586297600,1.2420
2005-07-19,1.4829,1.5439,1.4668,1.5425,671062000,1.2929
2005-07-20,1.5307,1.5643,1.5232,1.5582,453395600,1.3061
2005-07-21,1.5607,1.5729,1.5321,1.5461,404264000,1.2959
2005-07-22,1.5514,1.5714,1.5496,1.5714,301106400,1.3172
2005-07-25,1.5711,1.5814,1.5618,1.5646,294627200,1.3115
2005-07-26,1.5718,1.5754,1.5486,1.5582,268592800,1.3061
2005-07-27,1.5654,1.5739,1.5239,1.5711,283749200,1.3169
2005-07-28,1.5661,1.5714,1.5464,1.5643,251311200,1.3112
2005-07-29,1.5557,1.5850,1.5093,1.5232,562080400,1.2767
2005-08-01,1.5204,1.5386,1.5029,1.5268,314249600,1.2797
2005-08-02,1.5318,1.5536,1.5218,1.5425,296875600,1.2929
2005-08-03,1.5425,1.5468,1.5275,1.5436,258322400,1.2938
2005-08-04,1.5318,1.5357,1.5104,1.5254,269304000,1.2785
2005-08-05,1.5175,1.5486,1.5007,1.5354,241931200,1.2869
2005-08-08,1.5357,1.5446,1.5218,1.5232,176383200,1.2767
2005-08-09,1.5332,1.5675,1.5325,1.5650,380839200,1.3118
2005-08-10,1.5714,1.5854,1.5468,1.5493,360945200,1.2986
2005-08-11,1.5496,1.5757,1.5446,1.5714,271983600,1.3172
2005-08-12,1.5521,1.6507,1.5486,1.6464,916036800,1.3800
2005-08-15,1.6600,1.7261,1.6589,1.7029,1086727600,1.4273
2005-08-16,1.6925,1.6964,1.6504,1.6518,537622400,1.3845
2005-08-17,1.6571,1.6943,1.6561,1.6839,499724400,1.4115
2005-08-18,1.6754,1.6786,1.6339,1.6536,442559600,1.3860
2005-08-19,1.6529,1.6679,1.6346,1.6368,376569200,1.3719
2005-08-22,1.6482,1.6696,1.6164,1.6382,387732800,1.3731
2005-08-23,1.6375,1.6464,1.6186,1.6336,295604400,1.3692
2005-08-24,1.6286,1.6829,1.6282,1.6346,572070800,1.3701
2005-08-25,1.6471,1.6604,1.6361,1.6450,276253600,1.3788
2005-08-26,1.6471,1.6550,1.6200,1.6336,261058000,1.3692
2005-08-29,1.6168,1.6439,1.6164,1.6371,256295200,1.3722
2005-08-30,1.6425,1.6711,1.6400,1.6632,518761600,1.3941
2005-08-31,1.6736,1.6796,1.6525,1.6746,402956400,1.4037
2005-09-01,1.6786,1.6846,1.6461,1.6521,356367200,1.3848
2005-09-02,1.6536,1.6714,1.6471,1.6507,222378800,1.3836
2005-09-06,1.6679,1.7457,1.6625,1.7429,818619200,1.4608
2005-09-07,1.7518,1.7643,1.7114,1.7386,963074000,1.4573
2005-09-08,1.7625,1.7900,1.7550,1.7779,702640400,1.4902
2005-09-09,1.7882,1.8339,1.7782,1.8325,615641600,1.5360
2005-09-12,1.8250,1.8439,1.8064,1.8357,452796400,1.5387
2005-09-13,1.8221,1.8318,1.7971,1.8150,492884000,1.5213
2005-09-14,1.8236,1.8282,1.7664,1.7718,474426400,1.4851
2005-09-15,1.7857,1.7921,1.7618,1.7811,415156000,1.4929
2005-09-16,1.7939,1.8289,1.7839,1.8289,591004400,1.5330
2005-09-19,1.8232,1.8889,1.8232,1.8800,783731200,1.5758
2005-09-20,1.8925,1.9218,1.8900,1.8996,819828800,1.5923
2005-09-21,1.8914,1.8946,1.8521,1.8611,434747600,1.5599
2005-09-22,1.8529,1.8739,1.8329,1.8536,463727600,1.5536
2005-09-23,1.8607,1.9107,1.8514,1.9000,558457200,1.5926
2005-09-26,1.9296,1.9486,1.9043,1.9229,546562800,1.6117
2005-09-27,1.9257,1.9371,1.9082,1.9086,341703600,1.5997
2005-09-28,1.8954,1.8968,1.8068,1.8243,1125544000,1.5291
2005-09-29,1.8296,1.8782,1.8146,1.8693,636846000,1.5668
2005-09-30,1.8689,1.9161,1.8529,1.9146,531633200,1.6048
2005-10-03,1.9343,1.9479,1.9171,1.9443,507553200,1.6297
2005-10-04,1.9625,1.9768,1.9157,1.9196,539459200,1.6090
2005-10-05,1.9404,1.9414,1.8839,1.8850,610769600,1.5800
2005-10-06,1.9000,1.9104,1.8168,1.8464,757537200,1.5477
2005-10-07,1.8471,1.8546,1.8054,1.8321,677882800,1.5357
2005-10-10,1.8486,1.8539,1.7957,1.7989,507505600,1.5078
2005-10-11,1.8296,1.8525,1.8000,1.8425,1225884800,1.5444
2005-10-12,1.7375,1.7964,1.7096,1.7589,2697486400,1.4743
2005-10-13,1.7657,1.9268,1.7596,1.9193,1865575600,1.6087
2005-10-14,1.9296,1.9411,1.8854,1.9286,1035552000,1.6165
2005-10-17,1.9279,1.9368,1.8814,1.9086,616834400,1.5997
2005-10-18,1.9018,1.9268,1.8643,1.8646,609588000,1.5629
2005-10-19,1.8596,1.9629,1.8289,1.9621,1008683200,1.6447
2005-10-20,1.9454,2.0179,1.9411,2.0050,1357762000,1.6806
2005-10-21,2.0300,2.0350,1.9771,1.9879,796726000,1.6662
2005-10-24,1.9732,2.0282,1.9675,2.0282,609753200,1.7000
2005-10-25,2.0143,2.0304,1.9889,2.0036,465127600,1.6794
2005-10-26,2.0100,2.0557,1.9971,2.0368,631593200,1.7072
2005-10-27,2.0354,2.0361,1.9789,1.9789,411541200,1.6587
2005-10-28,2.0014,2.0154,1.9346,1.9454,769787200,1.6306
2005-10-31,1.9714,2.0707,1.9554,2.0568,940844800,1.7240
2005-11-01,2.0443,2.0764,2.0311,2.0536,749686000,1.7213
2005-11-02,2.0614,2.1429,2.0571,2.1411,857060400,1.7946
2005-11-03,2.1521,2.2257,2.1454,2.2089,884382800,1.8515
2005-11-04,2.1554,2.1871,2.1293,2.1839,878035200,1.8306
2005-11-07,2.1732,2.2025,2.1479,2.1511,638831200,1.8030
2005-11-08,2.1411,2.1564,2.1107,2.1393,473765600,1.7931
2005-11-09,2.1429,2.1861,2.1429,2.1468,552930000,1.7994
2005-11-10,2.1657,2.1857,2.1075,2.1850,665344400,1.8314
2005-11-11,2.1979,2.2182,2.1907,2.1979,425448800,1.8422
2005-11-14,2.1979,2.2136,2.1754,2.1946,369933200,1.8395
2005-11-15,2.2000,2.2529,2.1950,2.2243,536841200,1.8644
2005-11-16,2.2554,2.3236,2.2532,2.3196,784515200,1.9443
2005-11-17,2.3425,2.3529,2.2946,2.3043,676205600,1.9314
2005-11-18,2.3325,2.3368,2.2989,2.3057,524960800,1.9326
2005-11-21,2.3150,2.3282,2.2757,2.3200,511711200,1.9446
2005-11-22,2.3157,2.3843,2.3043,2.3757,540282400,1.9913
2005-11-23,2.3886,2.4279,2.3818,2.3968,485853200,2.0090
2005-11-25,2.4164,2.4836,2.4107,2.4764,395012800,2.0757
2005-11-28,2.5257,2.5382,2.4668,2.4879,1018519600,2.0853
2005-11-29,2.4996,2.5107,2.4054,2.4321,891433200,2.0386
2005-11-30,2.4439,2.4589,2.4114,2.4221,595674800,2.0302
2005-12-01,2.4625,2.5618,2.4575,2.5571,812893200,2.1434
2005-12-02,2.5811,2.5979,2.5250,2.5939,895762000,2.1742
2005-12-05,2.5696,2.5904,2.5532,2.5650,583671200,2.1500
2005-12-06,2.6404,2.6725,2.6196,2.6446,857029600,2.2167
2005-12-07,2.6511,2.6593,2.6114,2.6411,679464800,2.2137
2005-12-08,2.6143,2.6489,2.5929,2.6457,790479200,2.2176
2005-12-09,2.6504,2.6639,2.6196,2.6546,555402400,2.2251
2005-12-12,2.6739,2.6911,2.6629,2.6754,524994400,2.2425
2005-12-13,2.6732,2.6950,2.6504,2.6779,493816400,2.2446
2005-12-14,2.5904,2.6179,2.5096,2.5718,1450716400,2.1557
2005-12-15,2.5957,2.6021,2.5482,2.5779,561162000,2.1607
2005-12-16,2.5764,2.5821,2.5379,2.5396,671171200,2.1287
2005-12-19,2.5396,2.5929,2.5371,2.5493,529295200,2.1368
2005-12-20,2.5582,2.5850,2.5400,2.5754,479108000,2.1586
2005-12-21,2.5929,2.6289,2.5907,2.6250,475736800,2.2003
2005-12-22,2.6396,2.6604,2.6286,2.6436,370610800,2.2158
2005-12-23,2.6489,2.6521,2.6179,2.6196,229857600,2.1958
2005-12-27,2.6429,2.6850,2.6411,2.6511,590590000,2.2221
2005-12-28,2.6596,2.6700,2.6186,2.6275,398115200,2.2023
2005-12-29,2.6350,2.6364,2.5507,2.5518,490025200,2.1389
2005-12-30,2.5325,2.5868,2.5121,2.5675,624262800,2.1521
2006-01-03,2.5850,2.6696,2.5804,2.6696,807234400,2.2377
2006-01-04,2.6832,2.7136,2.6607,2.6775,619603600,2.2443
2006-01-05,2.6725,2.6750,2.6339,2.6564,449422400,2.2266
2006-01-06,2.6875,2.7393,2.6625,2.7250,704457600,2.2841
2006-01-09,2.7404,2.7571,2.7050,2.7161,675040800,2.2766
2006-01-10,2.7232,2.9246,2.7082,2.8879,2279869200,2.4206
2006-01-11,2.9943,3.0286,2.9496,2.9964,1493794400,2.5116
2006-01-12,3.0346,3.0857,2.9864,3.0104,1280809600,2.5233
2006-01-13,3.0354,3.0718,3.0214,3.0568,776305600,2.5622
2006-01-17,3.0607,3.0850,2.9954,3.0254,835623600,2.5358
2006-01-18,2.9671,3.0018,2.9232,2.9461,1200637200,2.4694
2006-01-19,2.9018,2.9164,2.8121,2.8229,1695848000,2.3661
2006-01-20,2.8314,2.8586,2.7082,2.7175,1134758800,2.2778
2006-01-23,2.7179,2.8414,2.7143,2.7739,1059730000,2.3251
2006-01-24,2.8129,2.8364,2.7061,2.7157,1142254400,2.2763
2006-01-25,2.7639,2.7679,2.6161,2.6500,1275786400,2.2212
2006-01-26,2.6618,2.6939,2.5689,2.5832,1181387200,2.1652
2006-01-27,2.6054,2.6286,2.5393,2.5725,953864800,2.1562
2006-01-30,2.5418,2.7357,2.5311,2.6786,1398401200,2.2452
2006-01-31,2.6964,2.7264,2.6339,2.6968,913542000,2.2604
2006-02-01,2.6768,2.7307,2.6657,2.6936,521186400,2.2577
2006-02-02,2.6821,2.6914,2.5732,2.5750,707322000,2.1583
2006-02-03,2.5800,2.5996,2.5371,2.5661,692123600,2.1509
2006-02-06,2.5721,2.5896,2.3836,2.4036,1651767600,2.0147
2006-02-07,2.4382,2.4814,2.3814,2.4143,1388830800,2.0236
2006-02-08,2.4461,2.4671,2.3571,2.4575,953114400,2.0599
2006-02-09,2.4679,2.4725,2.3046,2.3196,1149764000,1.9443
2006-02-10,2.3279,2.4168,2.2464,2.4039,1760477600,2.0150
2006-02-13,2.3796,2.3839,2.3086,2.3111,883498000,1.9371
2006-02-14,2.3250,2.4321,2.3214,2.4157,1160938800,2.0248
2006-02-15,2.3986,2.4864,2.3839,2.4721,1159771200,2.0721
2006-02-16,2.4968,2.5361,2.4814,2.5204,948175200,2.1125
2006-02-17,2.5107,2.5318,2.4861,2.5104,575999200,2.1042
2006-02-21,2.5211,2.5286,2.4529,2.4671,779606800,2.0679
2006-02-22,2.4643,2.5596,2.4286,2.5471,978238800,2.1350
2006-02-23,2.5639,2.6071,2.5511,2.5625,856917600,2.1479
2006-02-24,2.5764,2.6032,2.5429,2.5521,534744000,2.1392
2006-02-27,2.5711,2.5757,2.5232,2.5354,791240800,2.1251
2006-02-28,2.5564,2.5857,2.4321,2.4461,1266980400,2.0503
2006-03-01,2.4586,2.4818,2.4293,2.4679,763817600,2.0685
2006-03-02,2.4639,2.4996,2.4525,2.4861,625273600,2.0838
2006-03-03,2.4786,2.4968,2.4118,2.4186,737668400,2.0272
2006-03-06,2.4175,2.4186,2.3193,2.3386,912665600,1.9602
2006-03-07,2.3486,2.3893,2.3243,2.3682,872877600,1.9850
2006-03-08,2.3675,2.4000,2.3339,2.3450,653251200,1.9656
2006-03-09,2.3564,2.3739,2.2789,2.2832,799304800,1.9138
2006-03-10,2.2875,2.3032,2.2304,2.2568,1043142800,1.8916
2006-03-13,2.3232,2.3671,2.3139,2.3457,861187600,1.9662
2006-03-14,2.3489,2.4043,2.3393,2.4043,642020400,2.0153
2006-03-15,2.4182,2.4300,2.3400,2.3654,891996000,1.9826
2006-03-16,2.3875,2.3893,2.2964,2.2968,749638400,1.9251
2006-03-17,2.3125,2.3407,2.2896,2.3093,812042000,1.9356
2006-03-20,2.3293,2.3379,2.2811,2.2854,605441200,1.9156
2006-03-21,2.2075,2.2979,2.1925,2.2075,1345366400,1.8503
2006-03-22,2.2200,2.2589,2.1882,2.2025,1345895600,1.8461
2006-03-23,2.2079,2.2107,2.1289,2.1486,1427826400,1.8009
2006-03-24,2.1518,2.1764,2.1082,2.1414,1071980000,1.7949
2006-03-27,2.1554,2.1921,2.1214,2.1254,1108072000,1.7815
2006-03-28,2.1296,2.1479,2.0804,2.0968,1370322800,1.7575
2006-03-29,2.1118,2.2329,2.0596,2.2261,2346834000,1.8659
2006-03-30,2.2436,2.2607,2.1975,2.2411,1390650800,1.8784
2006-03-31,2.2589,2.2718,2.2229,2.2400,815357200,1.8775
2006-04-03,2.2739,2.2900,2.2361,2.2375,815791200,1.8755
2006-04-04,2.2179,2.2221,2.1804,2.1846,931924000,1.8312
2006-04-05,2.3111,2.4004,2.2911,2.4004,2233408800,2.0120
2006-04-06,2.4393,2.5732,2.4357,2.5443,2663768800,2.1326
2006-04-07,2.5332,2.5432,2.4454,2.4925,1545238800,2.0892
2006-04-10,2.5104,2.5332,2.4446,2.4525,903515200,2.0557
2006-04-11,2.4639,2.4750,2.3954,2.4282,939316000,2.0353
2006-04-12,2.4289,2.4346,2.3679,2.3825,739894400,1.9970
2006-04-13,2.3693,2.4086,2.3504,2.3739,734678000,1.9898
2006-04-17,2.3754,2.3871,2.2982,2.3146,721938000,1.9401
2006-04-18,2.3229,2.3739,2.3139,2.3650,794844400,1.9823
2006-04-19,2.3864,2.3929,2.3382,2.3446,1086033200,1.9653
2006-04-20,2.4825,2.5000,2.3643,2.4154,1666982800,2.0245
2006-04-21,2.4354,2.4514,2.3739,2.3943,788986800,2.0069
2006-04-24,2.3875,2.3900,2.3393,2.3482,707028000,1.9683
2006-04-25,2.3557,2.3782,2.3414,2.3632,529062800,1.9808
2006-04-26,2.3804,2.4386,2.3714,2.4339,710886400,2.0401
2006-04-27,2.4189,2.4950,2.4054,2.4771,845947200,2.0763
2006-04-28,2.4779,2.5464,2.4714,2.5139,760037600,2.1072
2006-05-01,2.5275,2.5550,2.4700,2.4857,750380400,2.0835
2006-05-02,2.5054,2.5707,2.5039,2.5579,771663200,2.1440
2006-05-03,2.5654,2.5696,2.5064,2.5407,686991200,2.1296
2006-05-04,2.5436,2.6032,2.5164,2.5404,860420400,2.1293
2006-05-05,2.5664,2.5804,2.5411,2.5675,563911600,2.1521
2006-05-08,2.6068,2.6357,2.5614,2.5675,594851600,2.1521
2006-05-09,2.5650,2.5914,2.5221,2.5368,531666800,2.1263
2006-05-10,2.5461,2.5475,2.4861,2.5214,459888800,2.1134
2006-05-11,2.5282,2.5300,2.4125,2.4339,812688800,2.0401
2006-05-12,2.4232,2.4532,2.3879,2.4179,641774000,2.0266
2006-05-15,2.4061,2.4421,2.3971,2.4211,529177600,2.0293
2006-05-16,2.4321,2.4375,2.3125,2.3207,936740000,1.9452
2006-05-17,2.3111,2.3464,2.2882,2.3307,754194000,1.9536
2006-05-18,2.3457,2.3664,2.2543,2.2564,658442400,1.8913
2006-05-19,2.2593,2.3171,2.2436,2.3039,985866000,1.9311
2006-05-22,2.2811,2.2854,2.2418,2.2636,718975600,1.8973
2006-05-23,2.3164,2.3282,2.2500,2.2554,694414000,1.8904
2006-05-24,2.2496,2.2732,2.1986,2.2621,916031200,1.8961
2006-05-25,2.2950,2.3018,2.2604,2.2975,463372000,1.9257
2006-05-26,2.2968,2.3057,2.2550,2.2696,432950000,1.9024
2006-05-30,2.2604,2.2607,2.1864,2.1864,563402000,1.8326
2006-05-31,2.2057,2.2068,2.0961,2.1346,1280977600,1.7892
2006-06-01,2.1375,2.2243,2.1257,2.2204,942508000,1.8611
2006-06-02,2.2496,2.2536,2.1743,2.2021,685787200,1.8458
2006-06-05,2.1839,2.1839,2.1418,2.1429,605785600,1.7961
2006-06-06,2.1507,2.1654,2.1039,2.1329,726037200,1.7877
2006-06-07,2.1464,2.1571,2.0839,2.0914,750506400,1.7530
2006-06-08,2.0871,2.1761,2.0411,2.1700,1397482800,1.8189
2006-06-09,2.1850,2.1986,2.1107,2.1157,775838000,1.7734
2006-06-12,2.1214,2.1332,2.0343,2.0357,717785600,1.7063
2006-06-13,2.0575,2.1107,2.0486,2.0832,1080643200,1.7461
2006-06-14,2.0814,2.0993,2.0246,2.0575,878136000,1.7246
2006-06-15,2.0464,2.1336,2.0268,2.1207,1190383600,1.7776
2006-06-16,2.1057,2.1139,2.0543,2.0557,838101600,1.7231
2006-06-19,2.0654,2.0779,2.0357,2.0429,704575200,1.7123
2006-06-20,2.0575,2.0839,2.0461,2.0525,672974400,1.7204
2006-06-21,2.0621,2.0968,2.0464,2.0664,863296000,1.7321
2006-06-22,2.0786,2.1339,2.0739,2.1279,965633200,1.7836
2006-06-23,2.1329,2.1489,2.0975,2.1011,660203600,1.7611
2006-06-26,2.1132,2.1143,2.0846,2.1068,466536000,1.7659
2006-06-27,2.1104,2.1150,2.0500,2.0511,550611600,1.7192
2006-06-28,2.0461,2.0464,1.9789,2.0007,850704400,1.6770
2006-06-29,2.0271,2.1104,2.0139,2.1061,873398400,1.7653
2006-06-30,2.0568,2.0625,2.0179,2.0454,739695600,1.7144
2006-07-03,2.0543,2.0779,2.0479,2.0696,194770800,1.7348
2006-07-05,2.0411,2.0571,2.0200,2.0357,518240800,1.7063
2006-07-06,2.0389,2.0500,1.9861,1.9918,633208800,1.6695
2006-07-07,1.9814,2.0196,1.9525,1.9786,799360800,1.6584
2006-07-10,1.9893,2.0175,1.9464,1.9643,529345600,1.6464
2006-07-11,1.9682,1.9996,1.9475,1.9875,825022800,1.6659
2006-07-12,1.9704,1.9729,1.8900,1.8914,927329200,1.5854
2006-07-13,1.8582,1.9329,1.8361,1.8661,1249906000,1.5641
2006-07-14,1.8750,1.8889,1.7914,1.8096,993036800,1.5168
2006-07-17,1.8475,1.8968,1.8446,1.8704,1024542400,1.5677
2006-07-18,1.8986,1.9232,1.8518,1.8893,1000448400,1.5836
2006-07-19,1.8914,1.9671,1.8700,1.9321,1390743200,1.6195
2006-07-20,2.1771,2.1996,2.1329,2.1607,1972146400,1.8111
2006-07-21,2.1364,2.1839,2.1300,2.1686,891892400,1.8177
2006-07-24,2.1879,2.2179,2.1582,2.1936,722856400,1.8386
2006-07-25,2.2064,2.2175,2.1707,2.2118,589069600,1.8539
2006-07-26,2.2143,2.3086,2.2029,2.2811,898427600,1.9120
2006-07-27,2.3036,2.3221,2.2450,2.2643,735044800,1.8979
2006-07-28,2.2836,2.3457,2.2679,2.3425,691507600,1.9635
2006-07-31,2.3868,2.4511,2.3671,2.4271,892841600,2.0344
2006-08-01,2.4007,2.4261,2.3550,2.3993,711765600,2.0111
2006-08-02,2.4161,2.4529,2.4111,2.4343,550768400,2.0404
2006-08-03,2.4254,2.5000,2.4218,2.4854,841044400,2.0832
2006-08-04,2.3946,2.4504,2.3200,2.4393,1852866400,2.0446
2006-08-07,2.4186,2.4857,2.3682,2.4004,1245512800,2.0120
2006-08-08,2.3961,2.3968,2.3039,2.3136,997864000,1.9392
2006-08-09,2.3368,2.3429,2.2643,2.2711,955838800,1.9036
2006-08-10,2.2589,2.3146,2.2393,2.2882,697760000,1.9180
2006-08-11,2.2582,2.2904,2.2350,2.2732,777529200,1.9054
2006-08-14,2.2875,2.3293,2.2714,2.2836,717620400,1.9141
2006-08-15,2.3336,2.3750,2.3143,2.3732,861352800,1.9892
2006-08-16,2.3964,2.4311,2.3689,2.4279,781284000,2.0350
2006-08-17,2.4286,2.4521,2.3993,2.4139,581148400,2.0233
2006-08-18,2.4182,2.4429,2.4021,2.4254,536354000,2.0329
2006-08-21,2.4036,2.4039,2.3625,2.3771,526226400,1.9925
2006-08-22,2.3814,2.4400,2.3750,2.4150,576968000,2.0242
2006-08-23,2.4286,2.4518,2.3907,2.4039,536258800,2.0150
2006-08-24,2.4246,2.4354,2.3668,2.4218,655191600,2.0299
2006-08-25,2.4050,2.4661,2.4039,2.4554,543958800,2.0581
2006-08-28,2.4464,2.4504,2.3814,2.3921,738161200,2.0051
2006-08-29,2.3925,2.4021,2.3257,2.3743,947332400,1.9901
2006-08-30,2.4050,2.4221,2.3814,2.3914,680142400,2.0045
2006-08-31,2.4029,2.4393,2.3807,2.4232,574697200,2.0311
2006-09-01,2.4457,2.4518,2.4221,2.4421,408494800,2.0470
2006-09-05,2.4632,2.5536,2.4482,2.5529,1012457600,2.1398
2006-09-06,2.5386,2.5604,2.4893,2.5011,974103200,2.0964
2006-09-07,2.5214,2.6243,2.5089,2.6000,1267957600,2.1793
2006-09-08,2.6204,2.6275,2.5682,2.5900,895921600,2.1709
2006-09-11,2.5868,2.6332,2.5507,2.5893,949124400,2.1703
2006-09-12,2.6004,2.6232,2.5518,2.5939,1684687200,2.1742
2006-09-13,2.6018,2.6543,2.5821,2.6500,1146138000,2.2212
2006-09-14,2.6329,2.6668,2.6236,2.6489,801729600,2.2203
2006-09-15,2.6643,2.6779,2.6175,2.6464,981853600,2.2182
2006-09-18,2.6357,2.6736,2.6179,2.6389,705278000,2.2119
2006-09-19,2.6464,2.6557,2.6000,2.6346,710049200,2.2083
2006-09-20,2.6564,2.7029,2.6507,2.6879,822791200,2.2529
2006-09-21,2.6875,2.7164,2.6436,2.6661,794124800,2.2347
2006-09-22,2.6536,2.6550,2.5921,2.6071,665112000,2.1853
2006-09-25,2.6361,2.7093,2.6329,2.7054,858992400,2.2676
2006-09-26,2.7207,2.7779,2.7179,2.7718,1102948000,2.3233
2006-09-27,2.7561,2.7668,2.7079,2.7289,810373200,2.2874
2006-09-28,2.7507,2.7671,2.7125,2.7504,723609600,2.3053
2006-09-29,2.7539,2.7686,2.7386,2.7493,405812400,2.3044
2006-10-02,2.6821,2.7096,2.6536,2.6736,712639200,2.2410
2006-10-03,2.6589,2.6768,2.6139,2.6457,790708800,2.2176
2006-10-04,2.6464,2.6950,2.6129,2.6921,829082800,2.2565
2006-10-05,2.6618,2.7200,2.6475,2.6725,683883200,2.2401
2006-10-06,2.6579,2.6800,2.6361,2.6507,466958800,2.2218
2006-10-09,2.6357,2.6814,2.6261,2.6654,438222400,2.2341
2006-10-10,2.6621,2.6636,2.6100,2.6361,531588400,2.2095
2006-10-11,2.6221,2.6421,2.5929,2.6154,571855200,2.1922
2006-10-12,2.6289,2.6925,2.6286,2.6879,592855200,2.2529
2006-10-13,2.7011,2.7457,2.6693,2.6793,684196800,2.2458
2006-10-16,2.6854,2.7100,2.6711,2.6929,508692800,2.2571
2006-10-17,2.6800,2.6882,2.6443,2.6532,480925200,2.2239
2006-10-18,2.6696,2.6918,2.6396,2.6618,1133907600,2.2311
2006-10-19,2.8307,2.8554,2.7914,2.8211,1512977200,2.3646
2006-10-20,2.8204,2.8568,2.8096,2.8554,639413600,2.3933
2006-10-23,2.8568,2.9250,2.8482,2.9093,832507200,2.4385
2006-10-24,2.9004,2.9171,2.8643,2.8946,463212400,2.4263
2006-10-25,2.9054,2.9286,2.8932,2.9171,485214800,2.4451
2006-10-26,2.9250,2.9500,2.8975,2.9354,432756800,2.4604
2006-10-27,2.9196,2.9446,2.8575,2.8718,594966400,2.4071
2006-10-30,2.8568,2.8893,2.8393,2.8721,499917600,2.4074
2006-10-31,2.9089,2.9171,2.8654,2.8957,501474400,2.4272
2006-11-01,2.8964,2.9064,2.7986,2.8271,611192400,2.3697
2006-11-02,2.8186,2.8329,2.8036,2.8207,465483200,2.3643
2006-11-03,2.8343,2.8404,2.7782,2.7961,431888800,2.3436
2006-11-06,2.8196,2.8593,2.8011,2.8468,434576800,2.3862
2006-11-07,2.8732,2.8929,2.8618,2.8754,525932400,2.4101
2006-11-08,2.8579,2.9532,2.8532,2.9446,690916800,2.4682
2006-11-09,2.9607,3.0246,2.9329,2.9764,923053600,2.4948
2006-11-10,2.9839,2.9857,2.9464,2.9686,373864400,2.4882
2006-11-13,2.9721,3.0161,2.9514,3.0125,450674000,2.5251
2006-11-14,3.0286,3.0357,2.9964,3.0357,588954800,2.5445
2006-11-15,3.0375,3.0679,3.0000,3.0018,655323200,2.5161
2006-11-16,3.0311,3.0821,3.0221,3.0575,693940800,2.5628
2006-11-17,3.0407,3.0693,3.0357,3.0661,466424000,2.5700
2006-11-20,3.0500,3.1071,3.0429,3.0882,570794000,2.5885
2006-11-21,3.1221,3.1643,3.1111,3.1643,622666800,2.6523
2006-11-22,3.1782,3.2411,3.1375,3.2254,671941200,2.7035
2006-11-24,3.1975,3.3243,3.1964,3.2725,518677600,2.7430
2006-11-27,3.3039,3.3271,3.1964,3.1979,1074836000,2.6804
2006-11-28,3.2271,3.2846,3.2111,3.2789,1036173600,2.7484
2006-11-29,3.3214,3.3268,3.2232,3.2786,1157083200,2.7481
2006-11-30,3.2932,3.3100,3.2521,3.2736,870486400,2.7439
2006-12-01,3.2786,3.2975,3.2179,3.2614,795079600,2.7337
2006-12-04,3.2814,3.2875,3.2321,3.2543,709536800,2.7277
2006-12-05,3.2732,3.2975,3.2454,3.2596,662838400,2.7322
2006-12-06,3.2371,3.2639,3.2025,3.2082,638184400,2.6891
2006-12-07,3.2154,3.2321,3.1036,3.1086,1004827600,2.6056
2006-12-08,3.1154,3.1925,3.1071,3.1521,784277200,2.6421
2006-12-11,3.1750,3.1893,3.1446,3.1696,499780400,2.6568
2006-12-12,3.1646,3.1729,3.0546,3.0764,1026620000,2.5786
2006-12-13,3.1411,3.1811,3.1125,3.1804,857052000,2.6657
2006-12-14,3.1804,3.2143,3.1521,3.1625,832330800,2.6508
2006-12-15,3.1793,3.1864,3.1189,3.1329,739939200,2.6259
2006-12-18,3.1296,3.1429,3.0211,3.0525,721576800,2.5586
2006-12-19,3.0261,3.0957,2.9864,3.0825,911405600,2.5837
2006-12-20,3.0882,3.0954,3.0264,3.0271,567691600,2.5373
2006-12-21,3.0250,3.0529,2.9357,2.9607,903599200,2.4816
2006-12-22,2.9807,3.0014,2.9143,2.9357,613303600,2.4607
2006-12-26,2.9339,2.9489,2.8889,2.9111,490688800,2.4400
2006-12-27,2.7911,2.9286,2.7418,2.9114,1935754800,2.4403
2006-12-28,2.8650,2.9018,2.8446,2.8882,1119876800,2.4209
2006-12-29,2.9982,3.0500,2.9771,3.0300,1076429200,2.5397
2007-01-03,3.0818,3.0921,2.9250,2.9929,1238319600,2.5086
2007-01-04,3.0018,3.0696,2.9936,3.0593,847260400,2.5643
2007-01-05,3.0632,3.0786,3.0143,3.0375,834741600,2.5460
2007-01-08,3.0700,3.0904,3.0457,3.0525,797106800,2.5586
2007-01-09,3.0875,3.3207,3.0411,3.3061,3349298400,2.7711
2007-01-10,3.3839,3.4929,3.3375,3.4643,2952880000,2.9037
2007-01-11,3.4264,3.4564,3.3964,3.4214,1440252800,2.8678
2007-01-12,3.3782,3.3950,3.3296,3.3793,1312690400,2.8325
2007-01-16,3.4171,3.4732,3.4089,3.4679,1244076400,2.9067
2007-01-17,3.4843,3.4857,3.3864,3.3911,1646260000,2.8424
2007-01-18,3.2893,3.2896,3.1804,3.1811,2364605600,2.6663
2007-01-19,3.1654,3.2018,3.1471,3.1607,1364473600,2.6493
2007-01-22,3.1836,3.1843,3.0589,3.0996,1454026000,2.5981
2007-01-23,3.0618,3.1254,3.0539,3.0607,1207424400,2.5655
2007-01-24,3.0957,3.1125,3.0743,3.0964,927813600,2.5954
2007-01-25,3.1111,3.1607,3.0725,3.0804,905973600,2.5819
2007-01-26,3.1111,3.1204,3.0354,3.0493,986874000,2.5559
2007-01-29,3.0821,3.0946,3.0546,3.0693,901664400,2.5727
2007-01-30,3.0868,3.0889,3.0446,3.0554,577970400,2.5610
2007-01-31,3.0307,3.0714,3.0125,3.0618,856069200,2.5664
2007-02-01,3.0796,3.0811,3.0264,3.0264,664342000,2.5367
2007-02-02,3.0043,3.0446,2.9893,3.0268,621530000,2.5370
2007-02-05,3.0107,3.0439,2.9979,2.9979,578852400,2.5128
2007-02-06,3.0161,3.0168,2.9593,3.0054,864393600,2.5191
2007-02-07,3.0171,3.0850,2.9839,3.0768,1066825200,2.5789
2007-02-08,3.0511,3.0896,3.0504,3.0779,679030800,2.5798
2007-02-09,3.0671,3.0786,2.9718,2.9739,860540800,2.4927
2007-02-12,3.0154,3.0421,2.9868,3.0314,724071600,2.5409
2007-02-13,3.0414,3.0461,3.0107,3.0250,580986000,2.5355
2007-02-14,3.0225,3.0586,3.0204,3.0464,507981600,2.5535
2007-02-15,3.0514,3.0579,3.0279,3.0432,363661200,2.5508
2007-02-16,3.0446,3.0504,3.0236,3.0296,399868000,2.5394
2007-02-20,3.0232,3.0771,3.0057,3.0679,617702400,2.5715
2007-02-21,3.0707,3.1961,3.0700,3.1857,1155313600,2.6702
2007-02-22,3.2429,3.2432,3.1618,3.1968,838224800,2.6795
2007-02-23,3.1843,3.2264,3.1732,3.1811,517893600,2.6663
2007-02-26,3.2086,3.2143,3.1289,3.1611,615848800,2.6496
2007-02-27,3.0821,3.1100,2.9789,2.9975,1145813200,2.5125
2007-02-28,2.9643,3.0571,2.9643,3.0218,919475200,2.5328
2007-03-01,3.0011,3.1539,2.9911,3.1093,1415528800,2.6062
2007-03-02,3.0989,3.1264,3.0432,3.0504,860000400,2.5568
2007-03-05,3.0675,3.1661,3.0629,3.0829,838899600,2.5840
2007-03-06,3.1357,3.1539,3.1214,3.1496,723186800,2.6400
2007-03-07,3.1446,3.1775,3.1232,3.1329,626284400,2.6259
2007-03-08,3.1639,3.1686,3.1236,3.1429,511011200,2.6343
2007-03-09,3.1714,3.1732,3.1214,3.1418,451836000,2.6334
2007-03-12,3.1454,3.2139,3.1425,3.2096,729408400,2.6903
2007-03-13,3.1932,3.2357,3.1571,3.1571,867890800,2.6463
2007-03-14,3.1643,3.2143,3.1400,3.2143,796586000,2.6942
2007-03-15,3.2129,3.2271,3.1896,3.1989,559498800,2.6813
2007-03-16,3.1979,3.2139,3.1900,3.1996,571704000,2.6819
2007-03-19,3.2229,3.2696,3.1996,3.2546,712961200,2.7280
2007-03-20,3.2625,3.2800,3.2521,3.2671,488916400,2.7385
2007-03-21,3.2854,3.3571,3.2732,3.3525,686896000,2.8100
2007-03-22,3.3475,3.3700,3.3214,3.3557,561492400,2.8127
2007-03-23,3.3339,3.3596,3.3321,3.3400,450884000,2.7996
2007-03-26,3.3568,3.4250,3.3321,3.4232,864987200,2.8693
2007-03-27,3.4182,3.4582,3.3929,3.4093,932052800,2.8576
2007-03-28,3.3886,3.4071,3.3268,3.3300,942337200,2.7912
2007-03-29,3.3639,3.3639,3.2939,3.3482,725723600,2.8064
2007-03-30,3.3671,3.3814,3.3125,3.3182,600558000,2.7813
2007-04-02,3.3621,3.3661,3.3221,3.3446,501992400,2.8035
2007-04-03,3.3621,3.4011,3.3486,3.3750,583934400,2.8289
2007-04-04,3.3907,3.3979,3.3618,3.3668,476784000,2.8220
2007-04-05,3.3614,3.3814,3.3400,3.3814,355516000,2.8343
2007-04-09,3.4004,3.4036,3.3229,3.3446,413341600,2.8035
2007-04-10,3.3454,3.3664,3.3361,3.3661,352466800,2.8214
2007-04-11,3.3536,3.3554,3.2975,3.3068,549018400,2.7717
2007-04-12,3.2871,3.2968,3.2400,3.2925,656675600,2.7597
2007-04-13,3.2464,3.2643,3.2164,3.2229,719941600,2.7014
2007-04-16,3.2346,3.2679,3.2232,3.2654,609033600,2.7370
2007-04-17,3.2857,3.2964,3.2036,3.2268,751920400,2.7047
2007-04-18,3.2200,3.2446,3.2000,3.2286,464044000,2.7062
2007-04-19,3.2211,3.2589,3.2082,3.2239,425913600,2.7023
2007-04-20,3.2461,3.2564,3.2339,3.2489,522779600,2.7232
2007-04-23,3.2711,3.3500,3.2650,3.3396,780290000,2.7993
2007-04-24,3.3557,3.4425,3.2607,3.3300,1055252800,2.7912
2007-04-25,3.3654,3.4071,3.3500,3.4054,1187144000,2.8543
2007-04-26,3.6279,3.6607,3.5107,3.5300,1737778000,2.9588
2007-04-27,3.5064,3.5696,3.4889,3.5686,699403600,2.9911
2007-04-30,3.5746,3.6071,3.5596,3.5643,616509600,2.9876
2007-05-01,3.5568,3.5839,3.5196,3.5525,532523600,2.9777
2007-05-02,3.5589,3.5907,3.5525,3.5854,505145200,3.0052
2007-05-03,3.5975,3.6232,3.5718,3.5857,576077600,3.0055
2007-05-04,3.6000,3.6286,3.5893,3.6004,381987200,3.0178
2007-05-07,3.6100,3.7268,3.6075,3.7114,861557200,3.1109
2007-05-08,3.6954,3.7554,3.6936,3.7521,783997200,3.1450
2007-05-09,3.7468,3.8200,3.7461,3.8171,717757600,3.1995
2007-05-10,3.8082,3.8871,3.7829,3.8336,1197257600,3.2133
2007-05-11,3.8479,3.8975,3.8136,3.8836,653696400,3.2552
2007-05-14,3.9150,3.9286,3.8661,3.9057,651946400,3.2737
2007-05-15,3.9132,3.9357,3.8029,3.8400,954514400,3.2187
2007-05-16,3.8761,3.8868,3.6936,3.8336,1126767600,3.2133
2007-05-17,3.8268,3.9239,3.8268,3.9086,735291200,3.2761
2007-05-18,3.9368,3.9514,3.9204,3.9293,621345200,3.2935
2007-05-21,3.9396,4.0161,3.9304,3.9993,639892400,3.3522
2007-05-22,4.0175,4.0625,4.0004,4.0550,572409600,3.3989
2007-05-23,4.0721,4.1071,4.0211,4.0318,911374800,3.3794
2007-05-24,4.0289,4.0879,3.9418,3.9532,887362000,3.3136
2007-05-25,4.0000,4.0636,3.9821,4.0579,632959600,3.4013
2007-05-29,4.0875,4.1021,4.0246,4.0839,645694000,3.4231
2007-05-30,4.0821,4.2457,4.0546,4.2418,1478444800,3.5554
2007-05-31,4.2882,4.3632,4.2693,4.3282,1297066400,3.6279
2007-06-01,4.3250,4.3282,4.2246,4.2286,885262000,3.5444
2007-06-04,4.2368,4.3475,4.2107,4.3332,886673200,3.6321
2007-06-05,4.3361,4.3818,4.3036,4.3811,920785600,3.6722
2007-06-06,4.3679,4.4304,4.3554,4.4157,1112241200,3.7012
2007-06-07,4.4639,4.5575,4.3996,4.4311,1915079600,3.7141
2007-06-08,4.4936,4.4939,4.3675,4.4461,1241682400,3.7267
2007-06-11,4.5000,4.5054,4.2693,4.2925,1874258400,3.5979
2007-06-12,4.2625,4.3468,4.2254,4.2993,1426566400,3.6036
2007-06-13,4.3268,4.3282,4.1214,4.1964,1721353200,3.5174
2007-06-14,4.1857,4.2661,4.1579,4.2411,973266000,3.5548
2007-06-15,4.3079,4.3096,4.2807,4.3036,811218800,3.6072
2007-06-18,4.4029,4.4707,4.3764,4.4675,910604800,3.7446
2007-06-19,4.4532,4.4646,4.3896,4.4164,943026000,3.7018
2007-06-20,4.4239,4.4521,4.3393,4.3411,897512000,3.6387
2007-06-21,4.3464,4.4389,4.3114,4.4250,867045200,3.7090
2007-06-22,4.4232,4.4446,4.3707,4.3929,631876000,3.6821
2007-06-25,4.4354,4.4675,4.3236,4.3693,965403600,3.6623
2007-06-26,4.4279,4.4286,4.2400,4.2732,1345005200,3.5818
2007-06-27,4.3075,4.3586,4.2593,4.3532,974696800,3.6488
2007-06-28,4.3700,4.3746,4.2857,4.3057,838143600,3.6090
2007-06-29,4.3561,4.4286,4.3246,4.3586,1137841600,3.6533
2007-07-02,4.3232,4.3604,4.2607,4.3307,994862400,3.6300
2007-07-03,4.3571,4.5500,4.3393,4.5418,1162481600,3.8069
2007-07-05,4.6000,4.7489,4.5961,4.7411,1453051600,3.9739
2007-07-06,4.7546,4.7621,4.6571,4.7250,874694800,3.9605
2007-07-09,4.7279,4.7464,4.6136,4.6546,995820000,3.9015
2007-07-10,4.6029,4.8036,4.6004,4.7268,1255007600,3.9620
2007-07-11,4.7168,4.7750,4.6896,4.7282,821772000,3.9632
2007-07-12,4.7804,4.7943,4.7282,4.7882,704608800,4.0134
2007-07-13,4.8225,4.9232,4.8043,4.9189,907606000,4.1230
2007-07-16,4.9425,4.9993,4.9107,4.9321,936112800,4.1341
2007-07-17,4.9393,4.9857,4.9107,4.9611,709959600,4.1583
2007-07-18,4.9354,4.9443,4.8586,4.9329,756856800,4.1347
2007-07-19,5.0107,5.0289,4.9875,5.0000,732891600,4.1910
2007-07-20,5.0589,5.1493,5.0000,5.1339,1167773600,4.3032
2007-07-23,5.1182,5.1864,5.0332,5.1321,1036490000,4.3017
2007-07-24,4.9600,5.0357,4.7911,4.8175,1795292800,4.0380
2007-07-25,4.9054,4.9414,4.8214,4.9021,1496182800,4.1089
2007-07-26,5.2111,5.3036,4.8914,5.2143,2186629200,4.3706
2007-07-27,5.2211,5.3186,5.1350,5.1375,1161098400,4.3062
2007-07-30,5.1546,5.1946,4.9846,5.0511,1106988400,4.2338
2007-07-31,5.1061,5.1243,4.6971,4.7057,1762392800,3.9443
2007-08-01,4.7729,4.8350,4.5632,4.8214,1750156800,4.0413
2007-08-02,4.8804,4.8914,4.7911,4.8746,852644800,4.0859
2007-08-03,4.8307,4.8554,4.6964,4.7089,679187600,3.9470
2007-08-06,4.7464,4.8311,4.5821,4.8304,925170400,4.0488
2007-08-07,4.8193,4.9014,4.7368,4.8225,949936400,4.0422
2007-08-08,4.8843,4.8879,4.7143,4.7861,808096800,4.0116
2007-08-09,4.6825,4.7500,4.4675,4.5139,1125395600,3.7835
2007-08-10,4.3971,4.5625,4.2964,4.4643,1410749200,3.7419
2007-08-13,4.5829,4.6196,4.5179,4.5639,752911600,3.8254
2007-08-14,4.5818,4.5821,4.4182,4.4296,739006800,3.7129
2007-08-15,4.3836,4.4593,4.2732,4.2821,992852000,3.5893
2007-08-16,4.1789,4.2321,3.9864,4.1804,1866690000,3.5039
2007-08-17,4.3575,4.4107,4.2793,4.3593,1195062400,3.6539
2007-08-20,4.4271,4.4464,4.3036,4.3650,803317200,3.6587
2007-08-21,4.3646,4.6057,4.3214,4.5561,1303047200,3.8189
2007-08-22,4.6864,4.7411,4.6546,4.7325,1061765600,3.9667
2007-08-23,4.7532,4.7621,4.6343,4.6811,866838000,3.9236
2007-08-24,4.6618,4.8346,4.6361,4.8321,911834000,4.0503
2007-08-27,4.7639,4.8093,4.7179,4.7232,707439600,3.9590
2007-08-28,4.6782,4.7289,4.5225,4.5293,1179365600,3.7964
2007-08-29,4.6386,4.7921,4.6264,4.7886,1166860800,4.0137
2007-08-30,4.7382,4.9375,4.7250,4.8661,1435582400,4.0787
2007-08-31,4.9818,4.9875,4.9075,4.9457,876887200,4.1455
2007-09-04,4.9979,5.2046,4.9943,5.1486,1316842800,4.3155
2007-09-05,5.1775,5.2086,4.8607,4.8843,2328222400,4.0940
2007-09-06,4.8414,4.9132,4.7396,4.8218,1901261600,4.0416
2007-09-07,4.7146,4.7250,4.6429,4.7061,1430576000,3.9446
2007-09-10,4.8925,4.9300,4.7839,4.8825,1487838800,4.0925
2007-09-11,4.9250,4.9393,4.7768,4.8389,971885600,4.0560
2007-09-12,4.8568,4.9786,4.8482,4.8875,1022770000,4.0967
2007-09-13,4.9582,4.9643,4.8804,4.9000,656163200,4.1071
2007-09-14,4.8775,4.9636,4.8643,4.9575,607320000,4.1553
2007-09-17,4.9639,5.0211,4.9143,4.9432,793371600,4.1434
2007-09-18,4.9664,5.1018,4.9225,5.0329,1064089600,4.2185
2007-09-19,5.1079,5.1129,4.9786,5.0275,1026880400,4.2140
2007-09-20,5.0054,5.0639,4.9757,5.0111,691840800,4.2002
2007-09-21,5.0407,5.1661,5.0111,5.1482,1138880400,4.3152
2007-09-24,5.2404,5.3518,5.2375,5.2957,1052161600,4.4388
2007-09-25,5.2443,5.4721,5.2436,5.4707,1192550800,4.5855
2007-09-26,5.5168,5.5357,5.4018,5.4561,975268000,4.5732
2007-09-27,5.4918,5.5186,5.4400,5.5179,658198800,4.6250
2007-09-28,5.4800,5.5214,5.4554,5.4811,615101200,4.5942
2007-10-01,5.5225,5.6218,5.4618,5.5836,837068400,4.6801
2007-10-02,5.5911,5.6639,5.5675,5.6589,792069600,4.7433
2007-10-03,5.6350,5.6850,5.6075,5.6400,692518400,4.7274
2007-10-04,5.6429,5.6457,5.4821,5.5800,656958400,4.6771
2007-10-05,5.6561,5.7707,5.6321,5.7661,943471200,4.8331
2007-10-08,5.8389,5.9968,5.8204,5.9968,835928800,5.0265
2007-10-09,6.0786,6.1111,5.9529,5.9950,1104286400,5.0250
2007-10-10,5.9839,5.9957,5.9143,5.9568,667590000,4.9929
2007-10-11,6.0532,6.1386,5.4718,5.7939,1643992000,4.8564
2007-10-12,5.8218,5.9743,5.7786,5.9732,988176000,5.0067
2007-10-15,5.9993,6.0561,5.8393,5.9636,1077930000,4.9986
2007-10-16,5.9121,6.0779,5.8982,6.0564,1067830400,5.0764
2007-10-17,6.1675,6.1800,6.0421,6.1696,1127613200,5.1713
2007-10-18,6.1250,6.2211,6.1089,6.1964,823676000,5.1938
2007-10-19,6.2229,6.2368,6.0714,6.0864,1291780000,5.1016
2007-10-22,6.0839,6.2464,6.0700,6.2271,1649499600,5.2195
2007-10-23,6.7343,6.7357,6.5271,6.6486,1795164000,5.5728
2007-10-24,6.6361,6.6861,6.4014,6.6404,1288481600,5.5659
2007-10-25,6.6025,6.6393,6.4879,6.5279,973602000,5.4716
2007-10-26,6.6175,6.6204,6.5314,6.5964,706876800,5.5291
2007-10-29,6.6232,6.6639,6.5964,6.6104,540554000,5.5407
2007-10-30,6.6493,6.7632,6.5975,6.6786,939414000,5.5979
2007-10-31,6.7011,6.7900,6.6054,6.7839,833310800,5.6862
2007-11-01,6.7357,6.7893,6.4286,6.6943,805036400,5.6111
2007-11-02,6.7575,6.7657,6.5532,6.7096,1002114400,5.6240
2007-11-05,6.6175,6.7486,6.5800,6.6493,804176800,5.5734
2007-11-06,6.6804,6.8571,6.6168,6.8496,954727200,5.7413
2007-11-07,6.8075,6.8814,6.6475,6.6536,994327600,5.5770
2007-11-08,6.6668,6.6750,5.9918,6.2668,1890378000,5.2528
2007-11-09,6.1125,6.2543,5.9004,5.9061,1526380800,4.9504
2007-11-12,5.9029,5.9893,5.3796,5.4914,1769065200,4.6029
2007-11-13,5.7446,6.1064,5.4914,6.0700,1739446800,5.0878
2007-11-14,6.3271,6.3418,5.8479,5.9325,1449168000,4.9726
2007-11-15,5.9425,6.0568,5.7250,5.8679,1487410400,4.9184
2007-11-16,5.9036,5.9650,5.6904,5.9425,1383494000,4.9810
2007-11-19,5.9321,6.0071,5.7893,5.8554,1154428800,4.9079
2007-11-20,5.9168,6.1354,5.8404,6.0304,1543642800,5.0546
2007-11-21,5.9229,6.1554,5.8811,6.0164,1217809600,5.0429
2007-11-23,6.1429,6.1446,6.0625,6.1264,465757600,5.1351
2007-11-26,6.1996,6.3311,6.1554,6.1621,1305754800,5.1651
2007-11-27,6.2579,6.2782,6.0718,6.2432,1317030400,5.2330
2007-11-28,6.3150,6.4500,6.2625,6.4364,1150912000,5.3950
2007-11-29,6.4082,6.6132,6.3982,6.5818,1050926800,5.5168
2007-11-30,6.6907,6.7036,6.4179,6.5079,1187802000,5.4548
2007-12-03,6.4950,6.5764,6.3464,6.3879,961469600,5.3543
2007-12-04,6.3268,6.4607,6.3211,6.4218,773799600,5.3827
2007-12-05,6.5318,6.6429,6.5146,6.6250,892402000,5.5530
2007-12-06,6.6496,6.7893,6.6471,6.7839,899810800,5.6862
2007-12-07,6.8050,6.9639,6.7157,6.9393,1066066400,5.8165
2007-12-10,6.9139,6.9879,6.8818,6.9361,722377600,5.8138
2007-12-11,6.9554,7.0296,6.6925,6.7336,1110925200,5.6440
2007-12-12,6.9086,6.9457,6.6343,6.8164,1225660800,5.7135
2007-12-13,6.7925,6.8614,6.7079,6.8511,864617600,5.7425
2007-12-14,6.7989,6.9000,6.7693,6.7996,674312800,5.6994
2007-12-17,6.8114,6.8804,6.5350,6.5857,1024693600,5.5201
2007-12-18,6.6614,6.6904,6.3786,6.5350,1222603200,5.4776
2007-12-19,6.5350,6.5943,6.4607,6.5400,827478400,5.4818
2007-12-20,6.6225,6.7082,6.5475,6.6861,774057200,5.6042
2007-12-21,6.7900,6.9254,6.7818,6.9254,993960800,5.8048
2007-12-24,6.9654,7.1189,6.9568,7.1000,480202800,5.9512
2007-12-26,7.1075,7.1771,7.0293,7.1054,703732400,5.9557
2007-12-27,7.1054,7.2486,7.0643,7.0918,795527600,5.9443
2007-12-28,7.1639,7.1986,7.0314,7.1368,699647200,5.9820
2007-12-31,7.1250,7.1607,7.0625,7.0743,539333200,5.9296
2008-01-02,7.1168,7.1521,6.8768,6.9586,1079178800,5.8326
2008-01-03,6.9789,7.0496,6.8818,6.9618,842066400,5.8353
2008-01-04,6.8375,6.8929,6.3889,6.4304,1455832000,5.3899
2008-01-07,6.4732,6.5571,6.0796,6.3443,2072193200,5.3177
2008-01-08,6.4336,6.5164,6.1000,6.1161,1523816000,5.1264
2008-01-09,6.1179,6.4107,6.0107,6.4071,1813882000,5.3704
2008-01-10,6.3421,6.4643,6.2646,6.3579,1482975200,5.3291
2008-01-11,6.2857,6.3518,6.0714,6.1675,1232285600,5.1695
2008-01-14,6.3400,6.4079,6.2561,6.3850,1100450400,5.3519
2008-01-15,6.3471,6.4007,5.8807,6.0371,2343278000,5.0603
2008-01-16,5.9011,6.0361,5.5964,5.7014,2213845200,4.7789
2008-01-17,5.7682,5.9057,5.6579,5.7461,1757859600,4.8163
2008-01-18,5.7754,5.9196,5.7004,5.7629,1724343600,4.8304
2008-01-22,5.2879,5.7136,5.2143,5.5586,2434754000,4.6591
2008-01-23,4.8639,5.0000,4.5050,4.9668,3372969600,4.1631
2008-01-24,4.9996,5.0250,4.7146,4.8429,2005866800,4.0592
2008-01-25,4.9639,4.9675,4.6289,4.6432,1554739200,3.8919
2008-01-28,4.5771,4.7571,4.5161,4.6432,1474844000,3.8919
2008-01-29,4.6839,4.7425,4.6089,4.6979,1099982800,3.9377
2008-01-30,4.6918,4.8375,4.6429,4.7207,1243051600,3.9569
2008-01-31,4.6232,4.8804,4.6214,4.8343,1345674400,4.0521
2008-02-01,4.8657,4.8782,4.7207,4.7768,1010744000,4.0039
2008-02-04,4.7932,4.8536,4.6936,4.7018,899234000,3.9410
2008-02-05,4.6582,4.7857,4.6036,4.6200,1141042000,3.8724
2008-02-06,4.6725,4.7114,4.3489,4.3571,1573272400,3.6521
2008-02-07,4.2846,4.4564,4.1882,4.3300,2083331600,3.6294
2008-02-08,4.3600,4.4893,4.3429,4.4814,1355972800,3.7563
2008-02-11,4.5718,4.6421,4.5429,4.6232,1201432400,3.8751
2008-02-12,4.6679,4.6786,4.4150,4.4593,1225980000,3.7377
2008-02-13,4.5243,4.6350,4.4868,4.6214,968534000,3.8736
2008-02-14,4.6214,4.6714,4.5361,4.5521,954097200,3.8156
2008-02-15,4.5096,4.5386,4.4307,4.4511,901300400,3.7309
2008-02-19,4.4996,4.5268,4.3371,4.3636,1005046000,3.6575
2008-02-20,4.3643,4.4500,4.3457,4.4221,967439200,3.7066
2008-02-21,4.5018,4.5168,4.3164,4.3407,938114800,3.6384
2008-02-22,4.3743,4.3754,4.1382,4.2664,1529878000,3.5761
2008-02-25,4.2354,4.2918,4.1664,4.2764,1256774400,3.5845
2008-02-26,4.2014,4.3246,4.1229,4.2554,1504888000,3.5668
2008-02-27,4.2225,4.3946,4.2175,4.3914,1475138000,3.6809
2008-02-28,4.5429,4.7214,4.4918,4.6396,1618254400,3.8889
2008-02-29,4.6175,4.6504,4.4571,4.4650,1255480800,3.7425
2008-03-03,4.4443,4.4993,4.2143,4.3475,1593043200,3.6440
2008-03-04,4.3568,4.4600,4.3000,4.4507,1785383600,3.7306
2008-03-05,4.4136,4.4693,4.3661,4.4461,1221836000,3.7267
2008-03-06,4.4504,4.5536,4.3146,4.3189,1473698800,3.6201
2008-03-07,4.3004,4.3921,4.2518,4.3661,1230462800,3.6596
2008-03-10,4.3564,4.4093,4.2632,4.2746,999588800,3.5830
2008-03-11,4.4321,4.5529,4.3571,4.5482,1163943200,3.8123
2008-03-12,4.5371,4.5957,4.4704,4.5011,1059629200,3.7728
2008-03-13,4.4321,4.6250,4.3929,4.5693,1262102800,3.8299
2008-03-14,4.6386,4.6536,4.4357,4.5218,1156640800,3.7901
2008-03-17,4.3768,4.5925,4.3768,4.5261,1072598800,3.7937
2008-03-18,4.6136,4.7500,4.5954,4.7436,1205120000,3.9760
2008-03-19,4.7543,4.7961,4.6311,4.6311,1010536800,3.8817
2008-03-20,4.6829,4.7604,4.6136,4.7596,908787600,3.9895
2008-03-24,4.7861,5.0304,4.7729,4.9832,1066920400,4.1769
2008-03-25,4.9986,5.1107,4.9046,5.0350,1052391200,4.2203
2008-03-26,5.0311,5.2050,5.0229,5.1807,1182084400,4.3424
2008-03-27,5.1768,5.1896,4.9996,5.0089,999829600,4.1984
2008-03-28,5.0643,5.1661,5.0571,5.1075,714610400,4.2811
2008-03-31,5.1168,5.2039,5.0900,5.1250,768065200,4.2957
2008-04-01,5.2250,5.3450,5.1289,5.3404,1032567200,4.4762
2008-04-02,5.3136,5.4000,5.2089,5.2675,1044968400,4.4152
2008-04-03,5.2521,5.4868,5.2500,5.4146,1051568000,4.5385
2008-04-04,5.4354,5.5254,5.3839,5.4671,854417200,4.5825
2008-04-07,5.5761,5.7032,5.5396,5.5675,1158326400,4.6666
2008-04-08,5.4839,5.5875,5.4400,5.4586,1014294400,4.5753
2008-04-09,5.4754,5.4961,5.3736,5.4086,873398400,4.5334
2008-04-10,5.3975,5.5507,5.3786,5.5196,955763200,4.6265
2008-04-11,5.4543,5.4750,5.2286,5.2550,1210076000,4.4047
2008-04-14,5.2418,5.3304,5.1621,5.2779,845087600,4.4239
2008-04-15,5.3357,5.3471,5.2043,5.2993,698037200,4.4418
2008-04-16,5.4186,5.5036,5.3793,5.4893,795774000,4.6011
2008-04-17,5.5061,5.5714,5.4768,5.5175,704267200,4.6247
2008-04-18,5.6829,5.7950,5.6564,5.7514,1026765600,4.8208
2008-04-21,5.7932,6.0179,5.7771,6.0057,1039152800,5.0339
2008-04-22,5.9786,6.0000,5.6461,5.7214,1439572400,4.7957
2008-04-23,5.8589,5.8871,5.7529,5.8175,1504190800,4.8762
2008-04-24,5.9050,6.0707,5.6854,6.0336,1696066400,5.0573
2008-04-25,6.0964,6.1107,5.9436,6.0618,992474000,5.0809
2008-04-28,6.0625,6.2054,6.0404,6.1514,787214400,5.1561
2008-04-29,6.1111,6.2736,6.0804,6.2518,923476400,5.2402
2008-04-30,6.2925,6.4286,6.1757,6.2125,1139524400,5.2073
2008-05-01,6.2486,6.4286,6.2450,6.4286,903576800,5.3884
2008-05-02,6.4354,6.4971,6.3768,6.4621,1006082000,5.4165
2008-05-05,6.4971,6.6182,6.4661,6.5975,854557200,5.5300
2008-05-06,6.5950,6.6829,6.5064,6.6664,918870400,5.5877
2008-05-07,6.6446,6.7214,6.4479,6.5211,1157133600,5.4659
2008-05-08,6.5632,6.6607,6.5382,6.6093,899085600,5.5398
2008-05-09,6.5414,6.5804,6.4775,6.5518,673072400,5.4917
2008-05-12,6.6146,6.7454,6.5304,6.7200,818563200,5.6327
2008-05-13,6.7361,6.8375,6.7093,6.7843,823236400,5.6865
2008-05-14,6.8296,6.8657,6.6275,6.6521,916823600,5.5758
2008-05-15,6.6718,6.7821,6.5786,6.7761,873208000,5.6796
2008-05-16,6.7896,6.7964,6.6786,6.7007,765769200,5.6165
2008-05-19,6.7093,6.7389,6.4750,6.5571,945820400,5.4961
2008-05-20,6.4936,6.6486,6.4329,6.6393,969850000,5.5650
2008-05-21,6.6311,6.7125,6.2946,6.3639,1157657200,5.3342
2008-05-22,6.4021,6.4761,6.1429,6.3232,1206735600,5.3001
2008-05-23,6.4561,6.4996,6.3500,6.4704,906917200,5.4234
2008-05-27,6.5268,6.6582,6.4943,6.6582,789905200,5.5809
2008-05-28,6.6932,6.7125,6.5614,6.6789,743979600,5.5982
2008-05-29,6.6700,6.7214,6.6250,6.6675,647186400,5.5886
2008-05-30,6.6946,6.7693,6.6921,6.7411,610184400,5.6503
2008-06-02,6.7357,6.7732,6.5904,6.6464,679840000,5.5710
2008-06-03,6.6736,6.7214,6.5121,6.6204,750520400,5.5491
2008-06-04,6.5721,6.6818,6.5439,6.6139,726983600,5.5437
2008-06-05,6.6550,6.7800,6.6321,6.7654,755445600,5.6707
2008-06-06,6.7143,6.7839,6.6268,6.6300,966422800,5.5572
2008-06-09,6.5996,6.6050,6.2768,6.4861,1888392800,5.4366
2008-06-10,6.4468,6.6707,6.3936,6.6300,1140941200,5.5572
2008-06-11,6.5836,6.6429,6.4139,6.4575,961550800,5.4126
2008-06-12,6.4818,6.5214,6.1143,6.1879,1308333600,5.1866
2008-06-13,6.1300,6.2200,5.9039,6.1561,1345957200,5.1600
2008-06-16,6.1179,6.3536,6.0382,6.3157,1051730400,5.2938
2008-06-17,6.3607,6.4996,6.3361,6.4796,899656800,5.4312
2008-06-18,6.4686,6.5071,6.3339,6.3839,811468000,5.3510
2008-06-19,6.3768,6.5121,6.3143,6.4607,791949200,5.4153
2008-06-20,6.4054,6.4643,6.2500,6.2596,888367200,5.2468
2008-06-23,6.2407,6.2814,6.1271,6.1843,645780800,5.1836
2008-06-24,6.1561,6.2779,6.1296,6.1875,621947200,5.1863
2008-06-25,6.2361,6.3868,6.2100,6.3354,644450800,5.3102
2008-06-26,6.2168,6.2443,6.0004,6.0093,869610000,5.0369
2008-06-27,5.9468,6.0918,5.8625,6.0746,1042249600,5.0917
2008-06-30,6.0782,6.1429,5.9507,5.9800,684196800,5.0124
2008-07-01,5.8654,6.2400,5.8571,6.2386,1111280800,5.2291
2008-07-02,6.2571,6.3375,6.0064,6.0064,837519200,5.0345
2008-07-03,6.0568,6.1489,5.9196,6.0757,523362000,5.0926
2008-07-07,6.1843,6.3261,6.1393,6.2557,820391600,5.2435
2008-07-08,6.2643,6.4179,6.1693,6.4125,888350400,5.3749
2008-07-09,6.4357,6.4611,6.2193,6.2232,895776000,5.2162
2008-07-10,6.2471,6.3336,6.1204,6.3082,840688800,5.2875
2008-07-11,6.2668,6.3254,6.1071,6.1636,930011600,5.1663
2008-07-14,6.4014,6.4036,6.1814,6.2100,886054400,5.2052
2008-07-15,6.1600,6.2050,5.9425,6.0586,1040043200,5.0782
2008-07-16,6.0786,6.1761,6.0214,6.1718,747790400,5.1731
2008-07-17,6.2179,6.2493,6.1211,6.1361,757526000,5.1432
2008-07-18,6.0186,6.0589,5.8929,5.8982,868414400,4.9438
2008-07-21,5.9607,5.9821,5.7543,5.9389,1360469600,4.9780
2008-07-22,5.3214,5.8129,5.2332,5.7864,1879592400,4.8501
2008-07-23,5.8925,6.0132,5.7700,5.9379,1061768400,4.9771
2008-07-24,5.8686,5.9021,5.6589,5.6796,839619200,4.7606
2008-07-25,5.7286,5.8214,5.6661,5.7900,633637200,4.8531
2008-07-28,5.7979,5.8025,5.5007,5.5143,780712800,4.6220
2008-07-29,5.5504,5.6946,5.4875,5.6100,684070800,4.7023
2008-07-30,5.6350,5.7318,5.5743,5.7100,725183200,4.7861
2008-07-31,5.6264,5.7929,5.6064,5.6768,637498400,4.7582
2008-08-01,5.7107,5.7139,5.5625,5.5950,544639200,4.6897
2008-08-04,5.5929,5.6393,5.4611,5.4725,592527600,4.5870
2008-08-05,5.5507,5.7429,5.5293,5.7371,688371600,4.8088
2008-08-06,5.7132,5.9786,5.6429,5.8639,791408800,4.9151
2008-08-07,5.8111,5.9339,5.7679,5.8418,672372400,4.8965
2008-08-08,5.8521,6.0589,5.8482,6.0554,713997200,5.0756
2008-08-11,6.0739,6.3036,6.0596,6.1986,891304400,5.1956
2008-08-12,6.1971,6.4032,6.1968,6.3118,836278800,5.2905
2008-08-13,6.3564,6.4286,6.2821,6.4036,842346400,5.3674
2008-08-14,6.3689,6.4446,6.3514,6.4043,711300800,5.3680
2008-08-15,6.3943,6.4196,6.2518,6.2764,708251600,5.2609
2008-08-18,6.2704,6.3504,6.2079,6.2639,552014400,5.2504
2008-08-19,6.2336,6.3239,6.1361,6.1975,616204400,5.1947
2008-08-20,6.2418,6.3193,6.2004,6.2800,506951200,5.2638
2008-08-21,6.2311,6.2661,6.1389,6.2246,539744800,5.2174
2008-08-22,6.2793,6.3393,6.2704,6.3139,439611200,5.2923
2008-08-25,6.2911,6.2939,6.1307,6.1625,484425200,5.1654
2008-08-26,6.1700,6.2457,6.1646,6.2014,445550000,5.1980
2008-08-27,6.1896,6.2771,6.1496,6.2382,477780800,5.2288
2008-08-28,6.2600,6.2946,6.1696,6.2050,431384800,5.2010
2008-08-29,6.1771,6.1964,6.0371,6.0546,599289600,5.0750
2008-09-02,6.1571,6.1964,5.8929,5.9354,780763200,4.9750
2008-09-03,5.9586,6.0243,5.8571,5.9629,734834800,4.9980
2008-09-04,5.9236,5.9968,5.7432,5.7579,743386000,4.8262
2008-09-05,5.6639,5.8000,5.6304,5.7207,786884000,4.7951
2008-09-08,5.8775,5.8889,5.4093,5.6400,1045979200,4.7274
2008-09-09,5.6021,5.7129,5.3496,5.4171,1245025600,4.5406
2008-09-10,5.4400,5.5354,5.3143,5.4146,973142800,4.5385
2008-09-11,5.2921,5.4639,5.2143,5.4518,971135200,4.5696
2008-09-12,5.3896,5.3896,5.2321,5.3193,793027200,4.4586
2008-09-15,5.0725,5.2746,5.0129,5.0129,920634400,4.2017
2008-09-16,4.7807,5.0893,4.7196,4.9957,1199836400,4.1874
2008-09-17,4.9461,4.9468,4.5654,4.5654,1200455200,3.8266
2008-09-18,4.6632,4.8368,4.3100,4.7889,1676253600,4.0140
2008-09-19,5.0929,5.1500,4.8682,5.0325,1430875600,4.2182
2008-09-22,4.9979,5.0089,4.6664,4.6804,856713200,3.9230
2008-09-23,4.7089,4.8500,4.5236,4.5300,1280364400,3.7970
2008-09-24,4.5454,4.6768,4.4696,4.5968,1047015200,3.8530
2008-09-25,4.6357,4.8139,4.5900,4.7118,1006045600,3.9494
2008-09-26,4.4611,4.6357,4.3929,4.5800,1126451200,3.8389
2008-09-29,4.2721,4.2743,3.5925,3.7593,2622057200,3.1510
2008-09-30,3.8661,4.1071,3.7964,4.0593,1626682400,3.4025
2008-10-01,3.9971,4.0129,3.8354,3.8971,1296484000,3.2666
2008-10-02,3.8575,3.8854,3.5714,3.5750,1609364400,2.9965
2008-10-03,3.7143,3.8036,3.3804,3.4668,2294398400,2.9058
2008-10-06,3.2843,3.5279,3.1264,3.5050,2107417200,2.9379
2008-10-07,3.5886,3.6250,3.1768,3.1843,1878772000,2.6690
2008-10-08,3.0682,3.4404,3.0600,3.2068,2207741200,2.6879
2008-10-09,3.3339,3.4214,3.0929,3.1693,1617383600,2.6565
2008-10-10,3.0607,3.5714,3.0357,3.4571,2219299600,2.8977
2008-10-13,3.7339,3.9475,3.6079,3.9379,1539076000,3.3007
2008-10-14,4.1521,4.1571,3.6836,3.7171,1980994400,3.1157
2008-10-15,3.7086,3.8214,3.4961,3.4982,1584175600,2.9322
2008-10-16,3.5632,3.6939,3.2764,3.6389,1980521200,3.0501
2008-10-17,3.5571,3.6443,3.0675,3.4786,1762227600,2.9157
2008-10-20,3.5636,3.5725,3.3443,3.5157,1549170000,2.9468
2008-10-21,3.4625,3.4964,3.2557,3.2675,2193660000,2.7388
2008-10-22,3.4775,3.6161,3.3189,3.4596,2248808800,2.8998
2008-10-23,3.4468,3.5446,3.2821,3.5082,1675430400,2.9406
2008-10-24,3.2261,3.4964,3.2182,3.4421,1590058400,2.8852
2008-10-27,3.3954,3.4868,3.2807,3.2889,1208771200,2.7568
2008-10-28,3.4082,3.5893,3.2989,3.5682,1634133200,2.9908
2008-10-29,3.6021,3.9121,3.5693,3.7339,1950978400,3.1297
2008-10-30,3.8654,4.0068,3.8432,3.9657,1638089600,3.3240
2008-10-31,3.8357,3.9564,3.7550,3.8425,1659756000,3.2208
2008-11-03,3.7832,3.8964,3.7450,3.8200,1057938000,3.2019
2008-11-04,3.9282,3.9925,3.8096,3.9639,1398681200,3.3225
2008-11-05,3.8896,3.9186,3.6782,3.6893,1256455200,3.0923
2008-11-06,3.6089,3.6707,3.5000,3.5393,1319074400,2.9666
2008-11-07,3.5443,3.5661,3.4186,3.5086,1095253600,2.9409
2008-11-10,3.5775,3.5857,3.3750,3.4243,1123822000,2.8702
2008-11-11,3.3861,3.4704,3.2950,3.3846,1224538000,2.8370
2008-11-12,3.3011,3.3300,3.2146,3.2186,1178976400,2.6978
2008-11-13,3.2096,3.4443,3.0721,3.4443,1854087200,2.8870
2008-11-14,3.3486,3.3568,3.2143,3.2229,1405266800,2.7014
2008-11-17,3.1600,3.2339,3.1164,3.1479,1162526400,2.6385
2008-11-18,3.2014,3.2496,3.1021,3.2111,1209695200,2.6915
2008-11-19,3.1943,3.2707,3.0789,3.0818,1171900800,2.5831
2008-11-20,3.0443,3.0875,2.8571,2.8746,1716814400,2.4095
2008-11-21,2.9261,3.0043,2.8264,2.9493,1569271200,2.4721
2008-11-24,3.0432,3.3854,3.0300,3.3196,1442257600,2.7825
2008-11-25,3.3796,3.3825,3.1486,3.2429,1235292800,2.7181
2008-11-26,3.2114,3.4018,3.2089,3.3929,899836000,2.8439
2008-11-28,3.3821,3.3843,3.2807,3.3096,297774400,2.7741
2008-12-01,3.2607,3.2954,3.1757,3.1761,923767600,2.6622
2008-12-02,3.2154,3.3089,3.0893,3.3025,1148722400,2.7681
2008-12-03,3.1929,3.4368,3.1714,3.4250,1338680000,2.8708
2008-12-04,3.3725,3.4004,3.1807,3.2646,1091370000,2.7364
2008-12-05,3.2268,3.3746,3.1736,3.3571,1043795200,2.8139
2008-12-08,3.4743,3.6000,3.4214,3.5614,1185142000,2.9852
2008-12-09,3.5014,3.7000,3.4718,3.5736,1203496000,2.9953
2008-12-10,3.4954,3.5532,3.4464,3.5075,938047600,2.9400
2008-12-11,3.4768,3.6157,3.3868,3.3929,1040617200,2.8439
2008-12-12,3.3143,3.5357,3.3046,3.5096,1041174400,2.9418
2008-12-15,3.4282,3.4361,3.3214,3.3839,891758000,2.8364
2008-12-16,3.3564,3.4457,3.3125,3.4082,1093506400,2.8567
2008-12-17,3.2511,3.2536,3.1436,3.1843,1293860400,2.6690
2008-12-18,3.1896,3.2439,3.1586,3.1939,857416000,2.6771
2008-12-19,3.2121,3.2479,3.1714,3.2143,801920000,2.6942
2008-12-22,3.2150,3.2154,3.0246,3.0621,844740400,2.5667
2008-12-23,3.1025,3.1382,3.0679,3.0850,635031600,2.5858
2008-12-24,3.0764,3.0804,3.0196,3.0371,271334000,2.5457
2008-12-26,3.0943,3.1221,3.0443,3.0646,308324800,2.5688
2008-12-29,3.0900,3.1293,3.0382,3.0932,686000000,2.5927
2008-12-30,3.1221,3.1446,3.0257,3.0818,967601600,2.5831
2008-12-31,3.0704,3.1336,3.0479,3.0482,607541200,2.5550
2009-01-02,3.0671,3.2514,3.0414,3.2411,746015200,2.7166
2009-01-05,3.3275,3.4350,3.3111,3.3779,1181608400,2.8313
2009-01-06,3.4268,3.4704,3.2996,3.3221,1289310400,2.7846
2009-01-07,3.2789,3.3036,3.2236,3.2504,753048800,2.7244
2009-01-08,3.2296,3.3268,3.2157,3.3107,673500800,2.7750
2009-01-09,3.3289,3.3350,3.2193,3.2350,546845600,2.7115
2009-01-12,3.2307,3.2496,3.1268,3.1664,617716400,2.6541
2009-01-13,3.1514,3.2050,3.0839,3.1325,798397600,2.6256
2009-01-14,3.0800,3.1161,3.0257,3.0475,1021664000,2.5544
2009-01-15,2.8775,3.0043,2.8589,2.9779,1831634000,2.4960
2009-01-16,3.0107,3.0136,2.8714,2.9404,1047625600,2.4646
2009-01-20,2.9261,2.9286,2.7929,2.7929,919914800,2.3410
2009-01-21,2.8354,2.9600,2.8325,2.9582,1089270000,2.4796
2009-01-22,3.1443,3.2143,3.0650,3.1557,1409528400,2.6451
2009-01-23,3.1007,3.2096,3.0893,3.1557,763770000,2.6451
2009-01-26,3.1736,3.2489,3.1536,3.2014,692238400,2.6834
2009-01-27,3.2211,3.2696,3.2050,3.2404,618038400,2.7160
2009-01-28,3.2900,3.3929,3.2679,3.3643,861406000,2.8199
2009-01-29,3.3246,3.3693,3.3071,3.3214,592729200,2.7840
2009-01-30,3.3071,3.3436,3.2146,3.2189,651478800,2.6981
2009-02-02,3.1821,3.2857,3.1750,3.2682,558247200,2.7394
2009-02-03,3.2829,3.3350,3.2243,3.3207,599309200,2.7834
2009-02-04,3.3293,3.4375,3.3250,3.3411,808421600,2.8005
2009-02-05,3.3132,3.4732,3.3079,3.4450,749246400,2.8876
2009-02-06,3.4650,3.5714,3.4643,3.5614,687209600,2.9852
2009-02-09,3.5714,3.6786,3.5536,3.6611,715010800,3.0687
2009-02-10,3.6189,3.6611,3.4664,3.4939,849060800,2.9286
2009-02-11,3.4418,3.5111,3.4204,3.4579,674973600,2.8983
2009-02-12,3.4225,3.5625,3.4225,3.5454,817188400,2.9717
2009-02-13,3.5354,3.5693,3.5043,3.5414,608977600,2.9684
2009-02-17,3.4596,3.4657,3.3671,3.3761,678238400,2.8298
2009-02-18,3.3946,3.4232,3.3114,3.3704,684779200,2.8250
2009-02-19,3.3346,3.3661,3.2182,3.2371,922804400,2.7133
2009-02-20,3.1929,3.3000,3.1786,3.2571,750316000,2.7301
2009-02-23,3.2732,3.2857,3.0896,3.1054,786982000,2.6029
2009-02-24,3.1232,3.2461,3.1071,3.2232,807105600,2.7017
2009-02-25,3.2093,3.3186,3.1875,3.2557,833053200,2.7289
2009-02-26,3.2857,3.3186,3.1771,3.1854,629868400,2.6699
2009-02-27,3.1404,3.2607,3.1311,3.1896,706658400,2.6735
2009-03-02,3.1471,3.2571,3.1311,3.1407,770929600,2.6325
2009-03-03,3.1761,3.2407,3.1386,3.1561,724340400,2.6454
2009-03-04,3.2207,3.3132,3.1946,3.2561,741403600,2.7292
2009-03-05,3.2307,3.2811,3.1589,3.1729,706899200,2.6595
2009-03-06,3.1550,3.1571,2.9404,3.0464,1011147200,2.5535
2009-03-09,3.0064,3.1286,2.9489,2.9682,698297600,2.4879
2009-03-10,3.0311,3.1846,3.0129,3.1654,844258800,2.6532
2009-03-11,3.2075,3.3596,3.1993,3.3100,846372800,2.7744
2009-03-12,3.3179,3.4493,3.2857,3.4411,768457200,2.8843
2009-03-13,3.4393,3.4714,3.3932,3.4261,601168400,2.8717
2009-03-16,3.4475,3.4782,3.3636,3.4079,797244000,2.8564
2009-03-17,3.4014,3.5604,3.3954,3.5593,786646000,2.9834
2009-03-18,3.5682,3.6957,3.5614,3.6257,796037200,3.0390
2009-03-19,3.6375,3.6857,3.5804,3.6293,500180800,3.0420
2009-03-20,3.6461,3.6825,3.5918,3.6282,695587200,3.0411
2009-03-23,3.6682,3.8629,3.6339,3.8450,666397200,3.2228
2009-03-24,3.7986,3.9086,3.7639,3.8036,640612000,3.1881
2009-03-25,3.8421,3.8700,3.7093,3.8032,646618000,3.1878
2009-03-26,3.8511,3.9279,3.8421,3.9239,616252000,3.2890
2009-03-27,3.8654,3.8761,3.8000,3.8161,492872800,3.1986
2009-03-30,3.7325,3.7504,3.6646,3.7318,502796000,3.1280
2009-03-31,3.7661,3.8375,3.7500,3.7543,570080000,3.1468
2009-04-01,3.7175,3.8929,3.7104,3.8818,589372000,3.2537
2009-04-02,3.9336,4.0982,3.9207,4.0254,812366800,3.3740
2009-04-03,4.0782,4.1475,4.0543,4.1425,636241200,3.4722
2009-04-06,4.1050,4.2411,4.0457,4.2304,658064400,3.5459
2009-04-07,4.1618,4.1668,4.0782,4.1071,536580800,3.4426
2009-04-08,4.1225,4.1711,4.0921,4.1543,455630000,3.4821
2009-04-09,4.2293,4.2857,4.2129,4.2704,530756800,3.5794
2009-04-13,4.2861,4.3207,4.2500,4.2936,389236400,3.5988
2009-04-14,4.2704,4.2918,4.1875,4.2254,454622000,3.5417
2009-04-15,4.1857,4.2232,4.1343,4.2014,412882400,3.5216
2009-04-16,4.2568,4.3982,4.2425,4.3375,593446000,3.6357
2009-04-17,4.3279,4.4375,4.2946,4.4079,497495600,3.6946
2009-04-20,4.3475,4.3925,4.2557,4.3036,466466000,3.6072
2009-04-21,4.2461,4.3621,4.2357,4.3486,470685600,3.6449
2009-04-22,4.3796,4.4768,4.3286,4.3396,938767200,3.6375
2009-04-23,4.5221,4.5429,4.4111,4.4786,945156800,3.7539
2009-04-24,4.4514,4.4693,4.3918,4.4250,540764000,3.7090
2009-04-27,4.3893,4.4643,4.3807,4.4546,480690000,3.7338
2009-04-28,4.4054,4.5075,4.4021,4.4250,455856800,3.7090
2009-04-29,4.4589,4.5304,4.4225,4.4693,458110800,3.7461
2009-04-30,4.5079,4.5357,4.4614,4.4939,498489600,3.7668
2009-05-01,4.4929,4.5696,4.4929,4.5443,397516000,3.8090
2009-05-04,4.5800,4.7232,4.5600,4.7168,609358400,3.9536
2009-05-05,4.7054,4.7450,4.6829,4.7396,398255200,3.9727
2009-05-06,4.7618,4.7679,4.6507,4.7321,473538800,3.9664
2009-05-07,4.7261,4.7282,4.5679,4.6093,531776000,3.8635
2009-05-08,4.6086,4.6868,4.5093,4.6139,467964000,3.8674
2009-05-11,4.5489,4.6771,4.5400,4.6275,404658800,3.8787
2009-05-12,4.6271,4.6325,4.4018,4.4436,609481600,3.7246
2009-05-13,4.4004,4.4293,4.2636,4.2675,595971600,3.5770
2009-05-14,4.2779,4.4118,4.2750,4.3911,447826400,3.6806
2009-05-15,4.3686,4.4507,4.3432,4.3721,367567200,3.6647
2009-05-18,4.4189,4.5250,4.3418,4.5232,458841600,3.7913
2009-05-19,4.5293,4.6182,4.4907,4.5518,372422400,3.8153
2009-05-20,4.5582,4.6146,4.4750,4.4954,388584000,3.7680
2009-05-21,4.4696,4.5279,4.3889,4.4350,407946000,3.7174
2009-05-22,4.4304,4.4350,4.3482,4.3750,297998400,3.6671
2009-05-26,4.4557,4.6725,4.4482,4.6707,636927200,3.9150
2009-05-27,4.7064,4.8207,4.6754,4.7518,646422000,3.9829
2009-05-28,4.7661,4.8354,4.7154,4.8239,487552800,4.0434
2009-05-29,4.8354,4.8536,4.7804,4.8504,456534400,4.0655
2009-06-01,4.8739,4.9996,4.8571,4.9768,452499600,4.1715
2009-06-02,4.9639,5.0479,4.9411,4.9818,456223600,4.1757
2009-06-03,5.0000,5.0396,4.9668,5.0339,565199600,4.2194
2009-06-04,5.0046,5.1493,5.0014,5.1336,550634000,4.3029
2009-06-05,5.1896,5.2286,5.1146,5.1668,632716000,4.3308
2009-06-08,5.1364,5.1511,4.9796,5.1375,931652400,4.3062
2009-06-09,5.1361,5.1629,5.0196,5.0971,676964400,4.2724
2009-06-10,5.0814,5.0839,4.9393,5.0089,688623600,4.1984
2009-06-11,4.9839,5.0557,4.9482,4.9982,524823600,4.1895
2009-06-12,4.9575,4.9679,4.8586,4.8918,563085600,4.1003
2009-06-15,4.8575,4.8904,4.8175,4.8604,539750400,4.0739
2009-06-16,4.8807,4.9454,4.8607,4.8696,514805200,4.0817
2009-06-17,4.8811,4.9089,4.8046,4.8421,571412800,4.0586
2009-06-18,4.8611,4.9286,4.8425,4.8529,427680400,4.0676
2009-06-19,4.9311,4.9821,4.8893,4.9814,721856800,4.1754
2009-06-22,5.0239,5.0557,4.8689,4.9061,634914000,4.1122
2009-06-23,4.8714,4.8911,4.7457,4.7861,706532400,4.0116
2009-06-24,4.8364,4.9107,4.8164,4.8650,485525600,4.0778
2009-06-25,4.8482,5.0071,4.8289,4.9950,589447600,4.1868
2009-06-26,4.9925,5.1271,4.9907,5.0871,439384400,4.2640
2009-06-29,5.1236,5.1411,5.0550,5.0704,567616000,4.2499
2009-06-30,5.0921,5.1357,5.0643,5.0868,434224000,4.2637
2009-07-01,5.1250,5.1664,5.0900,5.1011,414178800,4.2757
2009-07-02,5.0446,5.1011,4.9925,5.0007,370479200,4.1916
2009-07-06,4.9536,4.9639,4.8661,4.9504,498688400,4.1494
2009-07-07,4.9457,4.9886,4.8279,4.8357,461596800,4.0533
2009-07-08,4.8543,4.9300,4.8007,4.9007,575929200,4.1077
2009-07-09,4.9200,4.9282,4.8546,4.8700,343025200,4.0820
2009-07-10,4.8693,4.9632,4.8686,4.9471,445275600,4.1467
2009-07-13,4.9836,5.0836,4.9118,5.0836,483501200,4.2610
2009-07-14,5.0725,5.1136,5.0414,5.0811,347247600,4.2589
2009-07-15,5.1800,5.2500,5.1543,5.2457,485587200,4.3969
2009-07-16,5.2057,5.2864,5.1989,5.2686,393570800,4.4161
2009-07-17,5.3243,5.4293,5.3082,5.4196,602154000,4.5427
2009-07-20,5.4739,5.5371,5.3889,5.4611,735526400,4.5774
2009-07-21,5.4746,5.4796,5.3482,5.4111,874781600,4.5355
2009-07-22,5.6354,5.6689,5.5754,5.5979,874104000,4.6921
2009-07-23,5.5939,5.6586,5.5557,5.6364,526962800,4.7244
2009-07-24,5.6054,5.7143,5.5893,5.7139,438362400,4.7894
2009-07-27,5.7204,5.7457,5.6164,5.7179,433311200,4.7927
2009-07-28,5.6743,5.7179,5.6286,5.7143,363554800,4.7897
2009-07-29,5.6750,5.7304,5.6518,5.7154,382158000,4.7906
2009-07-30,5.7750,5.8829,5.7679,5.8139,469604800,4.8732
2009-07-31,5.8211,5.8929,5.8182,5.8354,422536800,4.8911
2009-08-03,5.9004,5.9514,5.8882,5.9439,394240000,4.9822
2009-08-04,5.8904,5.9132,5.8646,5.9125,395810800,4.9558
2009-08-05,5.9196,5.9782,5.8646,5.8968,423183600,4.9426
2009-08-06,5.9136,5.9468,5.8246,5.8539,341616800,4.9067
2009-08-07,5.9104,5.9500,5.8857,5.9111,387354800,4.9546
2009-08-10,5.9164,5.9500,5.8450,5.8829,300294400,4.9310
2009-08-11,5.8461,5.8707,5.7814,5.8154,355342400,4.8744
2009-08-12,5.8054,5.9539,5.8021,5.9039,445071200,4.9486
2009-08-13,5.9518,6.0239,5.9464,6.0150,439980800,5.0417
2009-08-14,5.9979,6.0082,5.9118,5.9564,305816000,4.9926
2009-08-17,5.8411,5.8425,5.6936,5.6996,524381200,4.7774
2009-08-18,5.7725,5.8657,5.7646,5.8571,431152400,4.9094
2009-08-19,5.8125,5.9036,5.8018,5.8786,413271600,4.9274
2009-08-20,5.8921,5.9543,5.8789,5.9404,342031200,4.9792
2009-08-21,5.9875,6.0489,5.9571,6.0436,416074400,5.0657
2009-08-24,6.0757,6.0968,6.0096,6.0379,406929600,5.0609
2009-08-25,6.0521,6.1050,6.0404,6.0500,324354800,5.0711
2009-08-26,6.0329,6.0554,5.9557,5.9789,303998800,5.0115
2009-08-27,6.0268,6.0561,5.8868,6.0518,449181600,5.0726
2009-08-28,6.1525,6.1604,6.0189,6.0732,453700800,5.0905
2009-08-31,6.0057,6.0304,5.9464,6.0075,311337600,5.0354
2009-09-01,5.9996,6.0714,5.8907,5.9036,469028000,4.9483
2009-09-02,5.8793,5.9861,5.8611,5.8993,364249200,4.9447
2009-09-03,5.9443,5.9679,5.8929,5.9482,293955200,4.9857
2009-09-04,5.9743,6.0964,5.9675,6.0825,374628800,5.0983
2009-09-08,6.1779,6.1836,6.1429,6.1761,315047600,5.1767
2009-09-09,6.1707,6.2311,6.0607,6.1121,811087200,5.1231
2009-09-10,6.1450,6.1875,6.1004,6.1629,491134000,5.1657
2009-09-11,6.1754,6.1850,6.1025,6.1486,348961200,5.1537
2009-09-14,6.1011,6.2107,6.0804,6.2043,322011200,5.2004
2009-09-15,6.2157,6.2732,6.1996,6.2557,426470800,5.2435
2009-09-16,6.3568,6.5268,6.3529,6.4954,754023200,5.4444
2009-09-17,6.4993,6.6711,6.4989,6.5911,810572000,5.5246
2009-09-18,6.6368,6.6625,6.5986,6.6079,601582800,5.5387
2009-09-21,6.5818,6.6129,6.4864,6.5721,437715600,5.5087
2009-09-22,6.6139,6.6207,6.5304,6.5886,356753600,5.5225
2009-09-23,6.6214,6.7464,6.6082,6.6250,593563600,5.5530
2009-09-24,6.6857,6.7036,6.5275,6.5650,550880400,5.5027
2009-09-25,6.5004,6.6250,6.4800,6.5132,445239200,5.4593
2009-09-28,6.5668,6.6671,6.5475,6.6482,337444800,5.5725
2009-09-29,6.6689,6.6929,6.5825,6.6207,345385600,5.5494
2009-09-30,6.6475,6.6589,6.5218,6.6196,539585200,5.5485
2009-10-01,6.6196,6.6507,6.4536,6.4593,524711600,5.4141
2009-10-02,6.4789,6.6407,6.4768,6.6036,553308000,5.5351
2009-10-05,6.6500,6.6736,6.5811,6.6436,423133200,5.5686
2009-10-06,6.7050,6.7861,6.6893,6.7861,605085600,5.6880
2009-10-07,6.7771,6.8054,6.7511,6.7946,465668000,5.6952
2009-10-08,6.8093,6.8375,6.7461,6.7596,438211200,5.6659
2009-10-09,6.7489,6.8107,6.7364,6.8025,293272000,5.7018
2009-10-12,6.8221,6.8396,6.7729,6.8146,288024800,5.7120
2009-10-13,6.8082,6.8275,6.7750,6.7864,348020400,5.6883
2009-10-14,6.8661,6.8686,6.7939,6.8318,375510800,5.7263
2009-10-15,6.7725,6.8186,6.7689,6.8057,373556400,5.7045
2009-10-16,6.7625,6.7986,6.7086,6.7161,431426800,5.6294
2009-10-19,6.7089,6.7857,6.6268,6.7807,942230800,5.6835
2009-10-20,7.1643,7.2054,7.0661,7.0986,1141039200,5.9500
2009-10-21,7.1257,7.4539,7.1154,7.3186,1193726800,6.1344
2009-10-22,7.3107,7.4232,7.2325,7.3286,791392000,6.1427
2009-10-23,7.3464,7.3500,7.2582,7.2836,420786800,6.1050
2009-10-26,7.2739,7.3839,7.1464,7.2314,484338400,6.0613
2009-10-27,7.2021,7.2432,7.0161,7.0489,756551600,5.9084
2009-10-28,7.0611,7.0721,6.8250,6.8714,818386800,5.7596
2009-10-29,6.9643,7.0289,6.8621,7.0125,570270400,5.8778
2009-10-30,7.0021,7.0286,6.7204,6.7321,717525200,5.6428
2009-11-02,6.7786,6.8886,6.6275,6.7611,678983200,5.6671
2009-11-03,6.7089,6.7686,6.6400,6.7411,522541600,5.6503
2009-11-04,6.8118,6.9232,6.7939,6.8146,487530400,5.7120
2009-11-05,6.8714,6.9643,6.8507,6.9296,384801200,5.8084
2009-11-06,6.8754,6.9711,6.8714,6.9407,295097600,5.8177
2009-11-09,7.0336,7.2107,7.0093,7.1950,528855600,6.0308
2009-11-10,7.1793,7.3207,7.1789,7.2493,401195200,6.0763
2009-11-11,7.3057,7.3214,7.2082,7.2589,443870000,6.0844
2009-11-12,7.2550,7.3168,7.1939,7.2139,363731200,6.0467
2009-11-13,7.2454,7.3154,7.2168,7.3018,343240800,6.1203
2009-11-16,7.3386,7.4286,7.3218,7.3796,485206400,6.1856
2009-11-17,7.3600,7.4086,7.3214,7.3929,396513600,6.1966
2009-11-18,7.3764,7.3929,7.2857,7.3557,374320800,6.1655
2009-11-19,7.3075,7.3075,7.1357,7.1611,542326400,6.0024
2009-11-20,7.1125,7.1568,7.0629,7.1400,406666400,5.9847
2009-11-23,7.2500,7.3571,7.2482,7.3529,474896800,6.1631
2009-11-24,7.3332,7.3529,7.2464,7.3014,318438400,6.1200
2009-11-25,7.3357,7.3446,7.2771,7.2925,286454000,6.1125
2009-11-27,7.1150,7.2486,7.0846,7.1639,295257200,6.0047
2009-11-30,7.1825,7.2029,7.0989,7.1396,424858000,5.9844
2009-12-01,7.2229,7.2418,7.0296,7.0346,465763200,5.8964
2009-12-02,7.1057,7.1936,6.9911,7.0082,715260000,5.8742
2009-12-03,7.0507,7.1064,7.0096,7.0171,448719600,5.8817
2009-12-04,7.1321,7.1386,6.7957,6.9043,826884800,5.7871
2009-12-07,6.9043,6.9204,6.7386,6.7482,714758800,5.6563
2009-12-08,6.7629,6.8696,6.7393,6.7811,690398800,5.6838
2009-12-09,6.8314,7.0771,6.7968,7.0643,684782000,5.9212
2009-12-10,7.1250,7.1321,7.0043,7.0154,489669600,5.8802
2009-12-11,7.0636,7.0714,6.9082,6.9525,429774800,5.8275
2009-12-14,6.9775,7.0511,6.8771,7.0350,495790400,5.8967
2009-12-15,6.9939,7.0539,6.9025,6.9346,419459600,5.8126
2009-12-16,6.9679,7.0179,6.9482,6.9654,352984800,5.8383
2009-12-17,6.9379,6.9643,6.8214,6.8521,388838800,5.7434
2009-12-18,6.8989,6.9821,6.8786,6.9796,608770400,5.8503
2009-12-21,7.0018,7.1339,6.9882,7.0796,611906400,5.9341
2009-12-22,7.1229,7.1732,7.0950,7.1557,349515600,5.9979
2009-12-23,7.1857,7.2279,7.1718,7.2179,345525600,6.0499
2009-12-24,7.2696,7.4768,7.2625,7.4657,500889200,6.2577
2009-12-28,7.5614,7.6411,7.4861,7.5575,644565600,6.3346
2009-12-29,7.5939,7.5971,7.4546,7.4679,445205600,6.2595
2009-12-30,7.4582,7.5714,7.4396,7.5586,412084400,6.3355
2009-12-31,7.6118,7.6196,7.5200,7.5261,352410800,6.3083
2010-01-04,7.6225,7.6607,7.5850,7.6432,493729600,6.4065
2010-01-05,7.6643,7.6996,7.6161,7.6564,601904800,6.4176
2010-01-06,7.6564,7.6868,7.5268,7.5346,552160000,6.3155
2010-01-07,7.5625,7.5714,7.4661,7.5207,477131200,6.3038
2010-01-08,7.5107,7.5714,7.4664,7.5707,447610800,6.3457
2010-01-11,7.6000,7.6071,7.4446,7.5039,462229600,6.2897
2010-01-12,7.4711,7.4918,7.3721,7.4186,594459600,6.2182
2010-01-13,7.4239,7.5332,7.2893,7.5232,605892000,6.3059
2010-01-14,7.5039,7.5164,7.4650,7.4796,432894000,6.2694
2010-01-15,7.5332,7.5571,7.3525,7.3546,594067600,6.1646
2010-01-19,7.4404,7.6854,7.4014,7.6800,730007600,6.4373
2010-01-20,7.6754,7.6982,7.4821,7.5618,612152800,6.3382
2010-01-21,7.5743,7.6182,7.4004,7.4311,608154400,6.2287
2010-01-22,7.3850,7.4107,7.0414,7.0625,881767600,5.9197
2010-01-25,7.2325,7.3107,7.1496,7.2525,1065699600,6.0790
2010-01-26,7.3554,7.6325,7.2350,7.3550,1867110000,6.1649
2010-01-27,7.3875,7.5207,7.1261,7.4243,1722568400,6.2230
2010-01-28,7.3189,7.3393,7.0964,7.1175,1173502400,5.9658
2010-01-29,7.1814,7.2214,6.7946,6.8593,1245952400,5.7494
2010-02-01,6.8704,7.0000,6.8321,6.9546,749876400,5.8293
2010-02-02,6.9968,7.0114,6.9064,6.9950,698342400,5.8632
2010-02-03,6.9704,7.1500,6.9436,7.1154,615328000,5.9640
2010-02-04,7.0261,7.0846,6.8418,6.8589,757652000,5.7491
2010-02-05,6.8796,7.0000,6.8161,6.9807,850306800,5.8512
2010-02-08,6.9889,7.0671,6.9286,6.9329,478270800,5.8111
2010-02-09,7.0150,7.0536,6.9554,7.0068,632886800,5.8730
2010-02-10,6.9961,7.0214,6.9379,6.9686,370361600,5.8410
2010-02-11,6.9600,7.1339,6.9307,7.0954,550345600,5.9473
2010-02-12,7.0754,7.2014,6.9821,7.1564,655468800,5.9985
2010-02-16,7.2121,7.2746,7.1971,7.2643,543737600,6.0889
2010-02-17,7.2925,7.2968,7.1736,7.2339,436396800,6.0634
2010-02-18,7.2011,7.2818,7.1757,7.2475,422825200,6.0748
2010-02-19,7.2093,7.2571,7.1825,7.2025,415469600,6.0371
2010-02-22,7.2264,7.2321,7.1139,7.1579,390563600,5.9997
2010-02-23,7.1429,7.1904,6.9896,7.0379,575094800,5.8991
2010-02-24,7.0796,7.1943,7.0657,7.1664,460566400,6.0068
2010-02-25,7.0493,7.2450,7.0318,7.2143,665126000,6.0470
2010-02-26,7.2279,7.3275,7.2143,7.3079,507460800,6.1254
2010-03-01,7.3482,7.4821,7.3375,7.4639,550093600,6.2562
2010-03-02,7.4975,7.5296,7.4193,7.4589,566546400,6.2520
2010-03-03,7.4621,7.4954,7.4264,7.4761,372052800,6.2664
2010-03-04,7.4743,7.5329,7.4511,7.5254,366041200,6.3077
2010-03-05,7.6764,7.8464,7.6654,7.8196,899620400,6.5544
2010-03-08,7.8575,7.8604,7.7946,7.8243,429889600,6.5583
2010-03-09,7.7968,8.0357,7.7818,7.9650,920259200,6.6762
2010-03-10,7.9939,8.0529,7.9714,8.0300,596218000,6.7307
2010-03-11,7.9968,8.0536,7.9757,8.0536,405700400,6.7504
2010-03-12,8.1204,8.1332,8.0625,8.0929,416323600,6.7834
2010-03-15,8.0493,8.0536,7.8661,7.9943,493502800,6.7007
2010-03-16,8.0064,8.0350,7.9468,8.0161,446908000,6.7190
2010-03-17,8.0321,8.0875,7.9739,8.0043,450956800,6.7091
2010-03-18,8.0036,8.0357,7.9504,8.0232,342109600,6.7250
2010-03-19,8.0282,8.0443,7.9011,7.9375,559445600,6.6531
2010-03-22,7.8739,8.0714,7.8625,8.0268,456419600,6.7280
2010-03-23,8.0586,8.1707,8.0036,8.1557,602431200,6.8361
2010-03-24,8.1300,8.2214,8.1254,8.1918,597780400,6.8663
2010-03-25,8.2471,8.2489,8.0804,8.0946,542284400,6.7849
2010-03-26,8.1768,8.2839,8.1625,8.2464,640875200,6.9121
2010-03-29,8.3214,8.3525,8.2721,8.2996,540744400,6.9567
2010-03-30,8.4500,8.4814,8.3661,8.4232,527310000,7.0603
2010-03-31,8.4104,8.4504,8.3736,8.3929,430659600,7.0348
2010-04-01,8.4789,8.5261,8.3125,8.4275,603145200,7.0639
2010-04-05,8.3921,8.5182,8.3846,8.5175,684507600,7.1393
2010-04-06,8.5071,8.5800,8.4643,8.5550,447017200,7.1707
2010-04-07,8.5554,8.6400,8.5236,8.5929,628502000,7.2025
2010-04-08,8.5871,8.6264,8.5014,8.5696,572989200,7.1830
2010-04-09,8.6225,8.6389,8.5879,8.6354,334182800,7.2381
2010-04-12,8.6500,8.6811,8.6361,8.6532,333026400,7.2531
2010-04-13,8.6379,8.6714,8.6111,8.6582,306210800,7.2572
2010-04-14,8.7600,8.7789,8.7168,8.7746,404076400,7.3548
2010-04-15,8.7779,8.8939,8.7682,8.8900,376784800,7.4515
2010-04-16,8.8775,8.9693,8.7339,8.8357,750545600,7.4060
2010-04-19,8.8225,8.8532,8.6346,8.8239,566924400,7.3961
2010-04-20,8.8764,8.9018,8.6771,8.7354,738326400,7.3219
2010-04-21,9.2429,9.2946,9.1332,9.2579,982391200,7.7599
2010-04-22,9.2229,9.5268,9.1500,9.5168,793424800,7.9769
2010-04-23,9.5711,9.7207,9.5357,9.6725,796955600,8.1074
2010-04-26,9.7100,9.7307,9.5782,9.6250,479068800,8.0676
2010-04-27,9.5454,9.5657,9.3043,9.3586,709343600,7.8443
2010-04-28,9.4018,9.4286,9.1575,9.3429,758402400,7.8311
2010-04-29,9.3936,9.6429,9.3575,9.5943,558840800,8.0419
2010-04-30,9.6182,9.6632,9.3214,9.3246,542463600,7.8158
2010-05-03,9.4229,9.5671,9.3886,9.5125,454342000,7.9733
2010-05-04,9.3889,9.4032,9.1696,9.2386,723819600,7.7437
2010-05-05,9.0368,9.2193,8.8832,9.1425,883103200,7.6632
2010-05-06,9.0654,9.2232,7.1161,8.7946,1285860800,7.3716
2010-05-07,8.7039,8.8061,8.0432,8.4236,1676018400,7.0606
2010-05-10,8.9375,9.0946,8.8761,9.0711,984306400,7.6033
2010-05-11,8.9943,9.2818,8.9464,9.1614,848906800,7.6790
2010-05-12,9.2586,9.3975,9.2393,9.3604,654379600,7.8458
2010-05-13,9.4007,9.4643,9.1571,9.2271,599712400,7.7341
2010-05-14,9.1129,9.1600,8.9107,9.0650,759362800,7.5982
2010-05-17,9.0964,9.1493,8.8468,9.0793,762834800,7.6102
2010-05-18,9.1779,9.2339,8.9379,9.0129,782678400,7.5545
2010-05-19,8.9107,9.0329,8.7446,8.8693,1025726800,7.4342
2010-05-20,8.6386,8.7089,8.4361,8.4914,1282915200,7.1174
2010-05-21,8.3150,8.7321,8.2625,8.6543,1223891200,7.2540
2010-05-24,8.8314,8.9607,8.7950,8.8129,754238800,7.3869
2010-05-25,8.5482,8.8129,8.4700,8.7579,1048006400,7.3408
2010-05-26,8.9314,9.0046,8.7054,8.7182,850654000,7.3075
2010-05-27,8.9500,9.0675,8.8968,9.0482,666282400,7.5841
2010-05-28,9.2639,9.2643,9.0482,9.1743,815614800,7.6898
2010-06-01,9.2746,9.4979,9.2486,9.3154,876472800,7.8081
2010-06-02,9.4479,9.4571,9.2975,9.4268,688548000,7.9015
2010-06-03,9.4707,9.4839,9.3004,9.3971,650106800,7.8766
2010-06-04,9.2218,9.3536,9.0939,9.1414,758304400,7.6623
2010-06-07,9.2246,9.2554,8.9482,8.9621,886942000,7.5120
2010-06-08,9.0443,9.0643,8.7732,8.9046,1000770400,7.4638
2010-06-09,8.9811,8.9964,8.6604,8.6857,854630000,7.2803
2010-06-10,8.7443,8.9636,8.6500,8.9468,776356000,7.4991
2010-06-11,8.8654,9.0664,8.8346,9.0539,545759200,7.5889
2010-06-14,9.1414,9.2554,9.0718,9.0814,602960400,7.6120
2010-06-15,9.1300,9.2804,9.1250,9.2746,585074000,7.7739
2010-06-16,9.3250,9.5625,9.3082,9.5446,783678000,8.0002
2010-06-17,9.6643,9.7464,9.6250,9.7096,872855200,8.1385
2010-06-18,9.7232,9.8214,9.6936,9.7882,784621600,8.2044
2010-06-21,9.9175,9.9646,9.5975,9.6489,776490400,8.0877
2010-06-22,9.7200,9.8561,9.6964,9.7804,717262000,8.1978
2010-06-23,9.8064,9.8093,9.5679,9.6775,768457200,8.1116
2010-06-24,9.6786,9.7571,9.5750,9.6071,714277200,8.0526
2010-06-25,9.6450,9.6525,9.4932,9.5250,549942400,7.9838
2010-06-28,9.5332,9.6339,9.4471,9.5821,584948000,8.0317
2010-06-29,9.4329,9.4425,9.0821,9.1489,1133344800,7.6686
2010-06-30,9.1682,9.2132,8.9289,8.9832,739452000,7.5297
2010-07-01,9.0821,9.1000,8.6864,8.8743,1022896000,7.4384
2010-07-02,8.9461,8.9618,8.6857,8.8193,693842800,7.3923
2010-07-06,8.9643,9.0286,8.7914,8.8796,615235600,7.4428
2010-07-07,8.9461,9.2418,8.9196,9.2382,654556000,7.7434
2010-07-08,9.3743,9.3893,9.1032,9.2175,738144400,7.7260
2010-07-09,9.1746,9.2821,9.1129,9.2721,433322400,7.7718
2010-07-12,9.2332,9.3518,9.1021,9.1889,562878400,7.7021
2010-07-13,9.1543,9.1571,8.8011,8.9929,1190924000,7.5377
2010-07-14,8.9064,9.1357,8.8929,9.0261,812047600,7.5656
2010-07-15,8.8654,9.1775,8.8321,8.9804,824866000,7.5273
2010-07-16,9.0421,9.1061,8.8718,8.9250,1039858400,7.4809
2010-07-19,8.9243,8.9243,8.5571,8.7707,1024478000,7.3515
2010-07-20,8.6750,9.0321,8.5718,8.9961,1074950800,7.5404
2010-07-21,9.4675,9.4696,9.0714,9.0800,1185671200,7.6108
2010-07-22,9.2029,9.2857,9.1182,9.2507,645318800,7.7539
2010-07-23,9.1818,9.2993,9.1529,9.2836,533388800,7.7814
2010-07-26,9.2857,9.2893,9.2039,9.2600,420551600,7.7617
2010-07-27,9.3168,9.4571,9.2964,9.4314,584771600,7.9053
2010-07-28,9.4168,9.4996,9.2946,9.3200,519985200,7.8119
2010-07-29,9.3111,9.3804,9.1464,9.2182,643806800,7.7266
2010-07-30,9.1389,9.2750,9.1036,9.1875,448210000,7.7009
2010-08-02,9.3014,9.3782,9.2721,9.3518,428055600,7.8386
2010-08-03,9.3218,9.4021,9.2650,9.3546,417653600,7.8410
2010-08-04,9.3871,9.4386,9.2968,9.3921,420375200,7.8724
2010-08-05,9.3475,9.3993,9.3054,9.3464,289097200,7.8341
2010-08-06,9.2779,9.3389,9.2011,9.2889,444897600,7.7859
2010-08-09,9.3386,9.3625,9.2704,9.3482,303128000,7.8356
2010-08-10,9.2804,9.3018,9.1982,9.2646,451920000,7.7656
2010-08-11,9.1214,9.1318,8.9218,8.9354,620054400,7.4895
2010-08-12,8.8104,9.0393,8.7900,8.9925,534920400,7.5374
2010-08-13,8.9875,8.9957,8.8961,8.8964,354869200,7.4569
2010-08-16,8.8421,8.9289,8.8079,8.8443,318430000,7.4132
2010-08-17,8.9314,9.0939,8.9000,8.9989,422640400,7.5428
2010-08-18,9.0129,9.0954,8.9850,9.0382,339696000,7.5758
2010-08-19,9.0300,9.0529,8.8814,8.9243,426706000,7.4803
2010-08-20,8.9068,9.0686,8.8929,8.9157,384230000,7.4731
2010-08-23,8.9925,9.0000,8.7589,8.7786,414041600,7.3581
2010-08-24,8.6668,8.6786,8.5232,8.5689,602565600,7.1824
2010-08-25,8.5014,8.7139,8.4714,8.6746,596867600,7.2710
2010-08-26,8.7661,8.7768,8.5814,8.5814,466505200,7.1929
2010-08-27,8.6339,8.6646,8.4129,8.6293,548391200,7.2330
2010-08-30,8.5986,8.7768,8.5957,8.6607,383289200,7.2593
2010-08-31,8.6375,8.7343,8.5839,8.6821,420786800,7.2773
2010-09-01,8.8382,8.9807,8.7957,8.9404,697037600,7.4937
2010-09-02,8.9736,9.0061,8.8775,9.0061,415427600,7.5488
2010-09-03,9.1104,9.2421,9.0893,9.2418,520788800,7.7464
2010-09-07,9.1657,9.2689,9.1518,9.2075,342557600,7.7177
2010-09-08,9.2779,9.4425,9.2536,9.3900,526551200,7.8706
2010-09-09,9.4657,9.5186,9.3900,9.3954,438575200,7.8751
2010-09-10,9.3996,9.4464,9.3357,9.4075,387542400,7.8853
2010-09-13,9.4936,9.5814,9.4914,9.5371,388780000,7.9940
2010-09-14,9.5075,9.6132,9.4829,9.5736,408150400,8.0245
2010-09-15,9.5775,9.6564,9.5657,9.6507,429368800,8.0892
2010-09-16,9.6514,9.8811,9.6250,9.8775,652103200,8.2792
2010-09-17,9.9175,9.9271,9.7743,9.8346,634477200,8.2433
2010-09-20,9.8600,10.1350,9.8518,10.1154,658677600,8.4786
2010-09-21,10.1379,10.2625,10.0996,10.1346,668074400,8.4948
2010-09-22,10.0968,10.2850,10.0861,10.2768,585289600,8.6139
2010-09-23,10.2261,10.4557,10.2143,10.3186,786116800,8.6489
2010-09-24,10.4321,10.4832,10.3768,10.4400,649488000,8.7507
2010-09-27,10.4993,10.5261,10.3932,10.3986,482834800,8.7160
2010-09-28,10.4204,10.4204,9.8214,10.2450,1035042400,8.5873
2010-09-29,10.2582,10.3504,10.2143,10.2632,469644000,8.6025
2010-09-30,10.3214,10.3571,10.0446,10.1339,673391600,8.4942
2010-10-01,10.2196,10.2350,10.0482,10.0900,448142800,8.4574
2010-10-04,10.0571,10.1036,9.9204,9.9514,435302000,8.3412
2010-10-05,10.0714,10.3375,10.0650,10.3193,501967200,8.6495
2010-10-06,10.3425,10.4282,10.1879,10.3282,670868800,8.6570
2010-10-07,10.3693,10.3743,10.2468,10.3293,408399600,8.6579
2010-10-08,10.4182,10.5179,10.3571,10.5025,658403200,8.8031
2010-10-11,10.5264,10.6157,10.5214,10.5486,427753200,8.8417
2010-10-12,10.5504,10.6964,10.4461,10.6621,558544000,8.9369
2010-10-13,10.7214,10.7843,10.7071,10.7193,630092400,8.9848
2010-10-14,10.7746,10.8025,10.7286,10.7968,435296400,9.0498
2010-10-15,10.9800,11.2500,10.8896,11.2407,922194000,9.4219
2010-10-18,11.3739,11.3929,11.2246,11.3571,1093010800,9.5195
2010-10-19,10.8357,11.2061,10.7150,11.0532,1232784000,9.2647
2010-10-20,11.0357,11.2232,10.9596,11.0904,721624400,9.2958
2010-10-21,11.1557,11.2407,10.9571,11.0543,551460000,9.2656
2010-10-22,11.0382,11.0729,10.9393,10.9811,372778000,9.2042
2010-10-25,11.0389,11.1286,11.0157,11.0300,392462000,9.2453
2010-10-26,10.9596,11.0621,10.9161,11.0018,392929600,9.2216
2010-10-27,10.9875,11.0679,10.9143,10.9939,399002800,9.2150
2010-10-28,10.9982,11.0000,10.7464,10.9014,551051200,9.1375
2010-10-29,10.8654,10.9243,10.7454,10.7493,430511200,9.0100
2010-11-01,10.7936,10.9143,10.7929,10.8636,423889200,9.1058
2010-11-02,10.9643,11.0782,10.9643,11.0486,433930000,9.2608
2010-11-03,11.1204,11.1743,11.0189,11.1714,508348400,9.3638
2010-11-04,11.2661,11.4350,11.2511,11.3668,642488000,9.5276
2010-11-05,11.3568,11.4132,11.3125,11.3261,361253200,9.4934
2010-11-08,11.3286,11.4204,11.3129,11.3793,281758400,9.5380
2010-11-09,11.4661,11.4750,11.2321,11.2886,383544000,9.4620
2010-11-10,11.3086,11.3846,11.1982,11.3582,384227200,9.5204
2010-11-11,11.2500,11.3714,11.2232,11.3089,361284000,9.4791
2010-11-12,11.2857,11.3036,10.8439,11.0011,795846800,9.2210
2010-11-15,11.0164,11.0907,10.9382,10.9657,403606000,9.1914
2010-11-16,10.9186,10.9857,10.6900,10.7711,657650000,9.0282
2010-11-17,10.7571,10.8568,10.6343,10.7321,479449600,8.9956
2010-11-18,10.9000,11.0596,10.8818,11.0154,494491200,9.2330
2010-11-19,10.9989,11.0143,10.9014,10.9546,384843200,9.1821
2010-11-22,10.9529,11.1914,10.9239,11.1914,393075200,9.3806
2010-11-23,11.0875,11.1339,10.9486,11.0261,519447600,9.2420
2010-11-24,11.1429,11.2643,11.1339,11.2429,413725200,9.4237
2010-11-26,11.2050,11.3464,11.1764,11.2500,237585600,9.4297
2010-11-29,11.2679,11.3386,11.1207,11.3168,445785200,9.4856
2010-11-30,11.1979,11.2271,11.1025,11.1125,501858000,9.3144
2010-12-01,11.2596,11.3482,11.2500,11.3000,461750800,9.4716
2010-12-02,11.3404,11.3929,11.2461,11.3625,462837200,9.5240
2010-12-03,11.3218,11.3804,11.2979,11.3371,342092800,9.5027
2010-12-06,11.3800,11.5118,11.3721,11.4339,448481600,9.5838
2010-12-07,11.5643,11.5711,11.3614,11.3646,391454000,9.5258
2010-12-08,11.4154,11.4650,11.3254,11.4646,321935600,9.6096
2010-12-09,11.5046,11.5179,11.3936,11.4200,294151200,9.5722
2010-12-10,11.4161,11.4661,11.3786,11.4486,262511200,9.5961
2010-12-13,11.5846,11.6093,11.4643,11.4882,439815600,9.6293
2010-12-14,11.4904,11.5193,11.3929,11.4389,351008000,9.5880
2010-12-15,11.4286,11.5357,11.3996,11.4414,417312000,9.5901
2010-12-16,11.4675,11.5218,11.4321,11.4732,322030800,9.6168
2010-12-17,11.4868,11.4925,11.4368,11.4504,386929200,9.5976
2010-12-20,11.4857,11.5446,11.3654,11.5075,385610400,9.6455
2010-12-21,11.5357,11.5854,11.5018,11.5786,256354000,9.7051
2010-12-22,11.5843,11.6329,11.5554,11.6129,265921600,9.7338
2010-12-23,11.6071,11.6125,11.5418,11.5571,223157200,9.6871
2010-12-27,11.5304,11.6229,11.4829,11.5957,249816000,9.7194
2010-12-28,11.6396,11.6664,11.6093,11.6239,175924000,9.7431
2010-12-29,11.6507,11.6589,11.6107,11.6175,163139200,9.7377
2010-12-30,11.6243,11.6254,11.5375,11.5593,157494400,9.6889
2010-12-31,11.5339,11.5529,11.4754,11.5200,193508000,9.6560
2011-01-03,11.6300,11.7950,11.6014,11.7704,445138400,9.8658
2011-01-04,11.8729,11.8750,11.7196,11.8318,309080800,9.9173
2011-01-05,11.7696,11.9407,11.7679,11.9286,255519600,9.9984
2011-01-06,11.9543,11.9732,11.8893,11.9189,300428800,9.9904
2011-01-07,11.9282,12.0125,11.8536,12.0043,311931200,10.0619
2011-01-10,12.1011,12.2582,12.0418,12.2304,448560000,10.2514
2011-01-11,12.3171,12.3200,12.1239,12.2014,444108000,10.2271
2011-01-12,12.2589,12.3011,12.2143,12.3007,302590400,10.3104
2011-01-13,12.3271,12.3800,12.2804,12.3457,296780400,10.3481
2011-01-14,12.3532,12.4457,12.3014,12.4457,308840000,10.4319
2011-01-18,11.7686,12.3129,11.6429,12.1661,1880998000,10.1975
2011-01-19,12.4411,12.4500,12.0314,12.1014,1135612800,10.1433
2011-01-20,12.0154,12.0821,11.7900,11.8814,764789200,9.9589
2011-01-21,11.9204,11.9600,11.6654,11.6686,754401200,9.7805
2011-01-24,11.6739,12.0518,11.6686,12.0518,574683200,10.1017
2011-01-25,12.0118,12.1943,11.9489,12.1929,546868000,10.2200
2011-01-26,12.2486,12.3429,12.1964,12.2804,506875600,10.2933
2011-01-27,12.2779,12.3104,12.2439,12.2575,285026000,10.2741
2011-01-28,12.2918,12.3000,11.9118,12.0036,592057200,10.0613
2011-01-31,11.9929,12.1443,11.9393,12.1186,377246800,10.1577
2011-02-01,12.1893,12.3446,12.1779,12.3225,426633200,10.3286
2011-02-02,12.3018,12.3304,12.2696,12.2971,258955200,10.3074
2011-02-03,12.2786,12.2943,12.0911,12.2657,393797600,10.2810
2011-02-04,12.2729,12.3821,12.2682,12.3750,321840400,10.3726
2011-02-07,12.4246,12.6161,12.4157,12.5671,485021600,10.5337
2011-02-08,12.6314,12.6971,12.5768,12.6857,381040800,10.6331
2011-02-09,12.6854,12.8214,12.6739,12.7914,482745200,10.7217
2011-02-10,12.7639,12.8571,12.4286,12.6621,928550000,10.6133
2011-02-11,12.6696,12.7786,12.6264,12.7446,367572800,10.6825
2011-02-14,12.7425,12.8386,12.7396,12.8279,310416400,10.7522
2011-02-15,12.8282,12.8561,12.7696,12.8536,284174800,10.7738
2011-02-16,12.8857,13.0321,12.8750,12.9689,481157600,10.8705
2011-02-17,12.7589,12.8668,12.7329,12.7964,530583200,10.7259
2011-02-18,12.8111,12.8393,12.4829,12.5200,816057200,10.4942
2011-02-22,12.2196,12.3357,12.0614,12.0932,872555600,10.1364
2011-02-23,12.0989,12.3086,12.0932,12.2364,671854400,10.2565
2011-02-24,12.2864,12.3268,12.0846,12.2457,499900800,10.2643
2011-02-25,12.3307,12.4439,12.3143,12.4343,380018800,10.4223
2011-02-28,12.5443,12.6804,12.5400,12.6146,403074000,10.5735
2011-03-01,12.6954,12.7043,12.4171,12.4754,456136800,10.4567
2011-03-02,12.4986,12.6554,12.4429,12.5757,602590800,10.5409
2011-03-03,12.7568,12.8496,12.7114,12.8414,500788400,10.7636
2011-03-04,12.8596,12.8675,12.7768,12.8571,453266800,10.7768
2011-03-07,12.9071,12.9168,12.5468,12.6914,546123200,10.6379
2011-03-08,12.6754,12.7643,12.5804,12.7057,356316800,10.6498
2011-03-09,12.6675,12.6700,12.5214,12.5882,453306000,10.5513
2011-03-10,12.4686,12.4918,12.3179,12.3811,507539200,10.3777
2011-03-11,12.3332,12.5829,12.3214,12.5711,471080400,10.5370
2011-03-14,12.6136,12.7314,12.5468,12.6271,435957200,10.5840
2011-03-15,12.2179,12.4229,12.1464,12.3368,721081200,10.3406
2011-03-16,12.2143,12.2500,11.6521,11.7861,1162011200,9.8790
2011-03-17,12.0296,12.1289,11.8093,11.9514,659422400,10.0176
2011-03-18,12.0404,12.0786,11.7857,11.8096,753214000,9.8987
2011-03-21,11.9996,12.1336,11.9736,12.1179,409402000,10.1571
2011-03-22,12.2343,12.2364,12.1121,12.1857,325922800,10.2140
2011-03-23,12.1171,12.1507,11.9982,12.1139,372996400,10.1538
2011-03-24,12.2089,12.3571,12.1021,12.3204,404712000,10.3268
2011-03-25,12.4311,12.5736,12.3936,12.5550,448910000,10.5235
2011-03-28,12.6125,12.6543,12.5157,12.5157,309355200,10.4906
2011-03-29,12.4164,12.5343,12.3593,12.5343,352900800,10.5061
2011-03-30,12.5229,12.5314,12.4086,12.4511,329406000,10.4364
2011-03-31,12.3700,12.4929,12.3593,12.4468,274019200,10.4328
2011-04-01,12.5396,12.5568,12.2607,12.3057,418661600,10.3146
2011-04-04,12.2968,12.3071,12.0857,12.1854,460084800,10.2137
2011-04-05,12.0354,12.2232,12.0000,12.1032,482731200,10.1448
2011-04-06,12.1864,12.2821,12.0407,12.0729,402539200,10.1194
2011-04-07,12.0750,12.1582,12.0011,12.0743,373447200,10.1206
2011-04-08,12.1400,12.1482,11.9268,11.9664,377535200,10.0302
2011-04-11,11.9307,11.9882,11.7864,11.8143,398946800,9.9026
2011-04-12,11.8032,11.9189,11.7929,11.8714,425639200,9.9505
2011-04-13,11.9650,12.0050,11.8757,12.0046,346220000,10.0622
2011-04-14,11.9571,12.0000,11.8593,11.8721,301800800,9.9511
2011-04-15,11.9036,11.9157,11.6714,11.6950,453605600,9.8027
2011-04-18,11.6464,11.8654,11.4343,11.8518,609898800,9.9341
2011-04-19,11.8964,12.0707,11.8468,12.0664,419378400,10.1140
2011-04-20,12.2682,12.3482,12.1964,12.2289,700666400,10.2502
2011-04-21,12.6786,12.6832,12.4471,12.5250,753810400,10.4984
2011-04-25,12.5121,12.6339,12.5107,12.6075,266546000,10.5675
2011-04-26,12.6293,12.6782,12.4768,12.5150,338800000,10.4900
2011-04-27,12.5800,12.5839,12.3964,12.5054,356213200,10.4819
2011-04-28,12.3639,12.4911,12.3400,12.3839,360959200,10.3801
2011-04-29,12.3850,12.6411,12.3811,12.5046,1006345200,10.4813
2011-05-02,12.4907,12.5168,12.3393,12.3671,442713600,10.3660
2011-05-03,12.4282,12.4961,12.3436,12.4357,313348000,10.4235
2011-05-04,12.4379,12.5654,12.3886,12.4846,389250400,10.4645
2011-05-05,12.4429,12.5339,12.3589,12.3839,335969200,10.3801
2011-05-06,12.4889,12.5000,12.3646,12.3807,280134400,10.3774
2011-05-09,12.4236,12.4714,12.3761,12.4143,204747200,10.4056
2011-05-10,12.4604,12.4889,12.3807,12.4804,282091600,10.4609
2011-05-11,12.4650,12.5000,12.3300,12.4011,336000000,10.3945
2011-05-12,12.3614,12.3971,12.2239,12.3775,322000000,10.3747
2011-05-13,12.3450,12.3661,12.1554,12.1607,326116000,10.1930
2011-05-16,12.1143,12.1864,11.8786,11.9036,449775200,9.9775
2011-05-17,11.8571,12.0050,11.8118,12.0050,452334400,10.0625
2011-05-18,12.0168,12.1804,12.0000,12.1382,334776400,10.1742
2011-05-19,12.2171,12.2289,12.0954,12.1618,261170000,10.1939
2011-05-20,12.1271,12.1768,11.9650,11.9721,337968400,10.0350
2011-05-23,11.7846,11.9993,11.7650,11.9429,383600000,10.0104
2011-05-24,11.9821,11.9964,11.8336,11.8639,321927200,9.9442
2011-05-25,11.9082,12.0914,11.8875,12.0279,294224000,10.0817
2011-05-26,11.9989,12.0318,11.9439,11.9643,222560800,10.0284
2011-05-27,11.9571,12.0582,11.9396,12.0504,203599200,10.1005
2011-05-31,12.1821,12.4225,12.1786,12.4225,417754400,10.4124
2011-06-01,12.4596,12.5761,12.3089,12.3396,554682800,10.3430
2011-06-02,12.3750,12.4279,12.2964,12.3607,338783200,10.3607
2011-06-03,12.2564,12.3332,12.2146,12.2657,313250000,10.2810
2011-06-06,12.3464,12.3946,12.0646,12.0729,461941200,10.1194
2011-06-07,12.0775,12.0793,11.8536,11.8586,529785200,9.9398
2011-06-08,11.8493,11.9571,11.8089,11.8657,333723600,9.9457
2011-06-09,11.9018,11.9168,11.8125,11.8389,275088800,9.9233
2011-06-10,11.8054,11.8450,11.6254,11.6393,433955200,9.7560
2011-06-13,11.6857,11.7254,11.6096,11.6643,329473200,9.7769
2011-06-14,11.7857,11.9018,11.7611,11.8729,334569200,9.9517
2011-06-15,11.7768,11.7964,11.6029,11.6696,399196000,9.7814
2011-06-16,11.6750,11.7386,11.3689,11.6129,510591200,9.7338
2011-06-17,11.7496,11.7589,11.4057,11.4379,615020000,9.5871
2011-06-20,11.3343,11.3464,11.0893,11.2614,640645600,9.4392
2011-06-21,11.3100,11.6357,11.2571,11.6179,493382400,9.7380
2011-06-22,11.6129,11.7464,11.5136,11.5218,390583200,9.6575
2011-06-23,11.3907,11.8461,11.3614,11.8296,559759200,9.9155
2011-06-24,11.8346,11.8982,11.6104,11.6554,439807200,9.7694
2011-06-27,11.6996,11.9250,11.6875,11.8586,339813600,9.9398
2011-06-28,11.9161,12.0250,11.9086,11.9736,294299600,10.0361
2011-06-29,12.0014,12.0132,11.8529,11.9300,352545200,9.9996
2011-06-30,11.9536,12.0046,11.8871,11.9882,322954800,10.0484
2011-07-01,11.9982,12.2679,11.9357,12.2593,435313200,10.2756
2011-07-05,12.2500,12.4939,12.2321,12.4796,355054000,10.4603
2011-07-06,12.4625,12.6464,12.3825,12.5629,444626000,10.5301
2011-07-07,12.6668,12.7857,12.6429,12.7571,399663600,10.6929
2011-07-08,12.6193,12.8571,12.5786,12.8468,489633200,10.7681
2011-07-11,12.7264,12.8489,12.6007,12.6429,442674400,10.5971
2011-07-12,12.6261,12.7743,12.4507,12.6339,451609200,10.5897
2011-07-13,12.7975,12.8571,12.7279,12.7864,391638800,10.7175
2011-07-14,12.8932,12.9146,12.7264,12.7775,430533600,10.7100
2011-07-15,12.8989,13.0357,12.8275,13.0329,484467200,10.9240
2011-07-18,13.0511,13.3804,13.0457,13.3500,572653200,11.1899
2011-07-19,13.5000,13.5232,13.3329,13.4589,819145600,11.2812
2011-07-20,14.1471,14.1525,13.7857,13.8179,941340400,11.5820
2011-07-21,13.8196,13.9307,13.7107,13.8318,526534400,11.5937
2011-07-22,13.8686,14.1089,13.8482,14.0464,516728800,11.7736
2011-07-25,13.9411,14.2857,13.9150,14.2321,589806000,11.9293
2011-07-26,14.2857,14.4464,14.2743,14.4075,476582400,12.0763
2011-07-27,14.3068,14.3800,14.0054,14.0211,659324400,11.7523
2011-07-28,13.9864,14.1782,13.8618,13.9936,594034000,11.7293
2011-07-29,13.8443,14.1125,13.7143,13.9457,632584400,11.6892
2011-08-01,14.2064,14.2679,14.0132,14.1696,612836000,11.8769
2011-08-02,14.2018,14.2107,13.8696,13.8896,639539600,11.6422
2011-08-03,13.9636,14.0554,13.6514,14.0204,732508000,11.7518
2011-08-04,13.9075,13.9757,13.4768,13.4775,871407600,11.2967
2011-08-05,13.5871,13.6964,12.9489,13.3436,1204590800,11.1845
2011-08-08,12.9175,13.1346,12.6079,12.6146,1143833600,10.5735
2011-08-09,12.9036,13.3789,12.6786,13.3575,1082583600,11.1961
2011-08-10,13.2554,13.3804,12.9464,12.9889,878656800,10.8872
2011-08-11,13.2329,13.4089,13.0257,13.3464,741969200,11.1869
2011-08-12,13.5025,13.5586,13.3654,13.4639,528976000,11.2854
2011-08-15,13.5582,13.7489,13.5032,13.6932,460544000,11.4775
2011-08-16,13.6257,13.6918,13.4307,13.5886,498750000,11.3898
2011-08-17,13.6539,13.7329,13.5000,13.5871,442061200,11.3886
2011-08-18,13.2443,13.3089,12.9061,13.0732,851435200,10.9579
2011-08-19,12.9346,13.1071,12.7143,12.7154,775888400,10.6579
2011-08-22,13.0182,13.0314,12.6818,12.7300,535315200,10.6702
2011-08-23,12.8679,13.3443,12.7500,13.3429,656835200,11.1839
2011-08-24,13.3382,13.5343,13.2357,13.4350,626267600,11.2611
2011-08-25,13.0386,13.4089,13.0357,13.3471,871346000,11.1875
2011-08-26,13.2561,13.7071,13.2429,13.6993,641477200,11.4826
2011-08-29,13.8636,13.9821,13.8571,13.9275,405269200,11.6739
2011-08-30,13.8661,13.9943,13.7932,13.9282,417922400,11.6745
2011-08-31,13.9489,14.0029,13.6379,13.7439,522586400,11.5201
2011-09-01,13.7793,13.8336,13.5971,13.6082,343725200,11.4063
2011-09-02,13.3836,13.5000,13.2796,13.3589,438939200,11.1973
2011-09-06,13.1204,13.5832,13.0886,13.5621,509698000,11.3677
2011-09-07,13.7700,13.7714,13.6429,13.7118,350576800,11.4931
2011-09-08,13.6571,13.8789,13.6539,13.7193,416158400,11.4994
2011-09-09,13.7118,13.7857,13.3936,13.4814,564813200,11.3000
2011-09-12,13.3214,13.6029,13.2821,13.5693,467832400,11.3737
2011-09-13,13.6479,13.7932,13.5804,13.7364,440560400,11.5138
2011-09-14,13.8221,14.0075,13.7771,13.9036,534724400,11.6539
2011-09-15,13.9796,14.0593,13.9250,14.0343,417818800,11.7634
2011-09-16,14.1264,14.3036,14.1082,14.3036,698513200,11.9891
2011-09-19,14.1786,14.7582,14.1143,14.7011,823860800,12.3223
2011-09-20,14.8304,15.1021,14.6854,14.7661,775754000,12.3768
2011-09-21,14.9871,15.0568,14.7143,14.7193,605976000,12.3376
2011-09-22,14.3225,14.6364,14.1679,14.3507,968480800,12.0287
2011-09-23,14.2957,14.5264,14.2804,14.4393,546277200,12.1029
2011-09-26,14.2807,14.4279,13.9750,14.3989,812876400,12.0691
2011-09-27,14.5975,14.6161,14.2164,14.2593,632497600,11.9520
2011-09-28,14.2925,14.4193,14.1611,14.1789,429637600,11.8847
2011-09-29,14.3543,14.3646,13.7932,13.9489,651086800,11.6919
2011-09-30,13.8257,13.8889,13.6136,13.6186,547640800,11.4150
2011-10-03,13.5846,13.6657,13.3275,13.3786,669099200,11.2138
2011-10-04,13.3775,13.6357,12.6514,13.3036,1233677200,11.1509
2011-10-05,13.1379,13.5650,12.8679,13.5089,786469600,11.3231
2011-10-06,13.3332,13.7421,13.2786,13.4775,812582400,11.2967
2011-10-07,13.4207,13.4907,13.1604,13.2071,535458000,11.0701
2011-10-10,13.5389,13.8861,13.5075,13.8861,442514800,11.6392
2011-10-11,14.0204,14.3993,13.9821,14.2961,605687600,11.9829
2011-10-12,14.5479,14.6161,14.2907,14.3639,622286000,12.0397
2011-10-13,14.4636,14.5868,14.3875,14.5868,426185200,12.2265
2011-10-14,14.8868,15.0714,14.8311,15.0714,573367200,12.6327
2011-10-17,15.0621,15.2393,14.8550,14.9996,686044800,12.5726
2011-10-18,15.0629,15.1718,14.8568,15.0800,881602400,12.6399
2011-10-19,14.3339,14.5864,14.2071,14.2364,1104059600,11.9329
2011-10-20,14.2857,14.2982,14.0789,14.1182,549270400,11.8338
2011-10-21,14.2179,14.2550,13.9554,14.0311,621244400,11.7607
2011-10-24,14.1493,14.5179,14.1214,14.4918,502138000,12.1469
2011-10-25,14.4654,14.5196,14.1921,14.2061,430427200,11.9074
2011-10-26,14.3486,14.3768,14.0411,14.3071,456304800,11.9921
2011-10-27,14.5557,14.6071,14.3532,14.4532,494664800,12.1146
2011-10-28,14.3929,14.5125,14.3754,14.4625,322842800,12.1224
2011-10-31,14.3721,14.6189,14.3232,14.4564,385501200,12.1173
2011-11-01,14.1932,14.2679,14.0436,14.1611,531790000,11.8697
2011-11-02,14.2889,14.3014,14.1111,14.1932,327350800,11.8966
2011-11-03,14.2525,14.4071,14.1200,14.3954,441386400,12.0661
2011-11-04,14.3582,14.4086,14.2557,14.2943,302229200,11.9814
2011-11-07,14.2825,14.2857,14.1475,14.2761,270275600,11.9661
2011-11-08,14.3646,14.5714,14.3414,14.5082,400442000,12.1607
2011-11-09,14.1775,14.3175,14.0796,14.1171,558684000,11.8329
2011-11-10,14.1796,14.1861,13.6482,13.7579,744752400,11.5317
2011-11-11,13.8075,13.8821,13.5807,13.7364,653786000,11.5138
2011-11-14,13.6971,13.7589,13.5071,13.5450,432905200,11.3533
2011-11-15,13.6000,13.9107,13.5518,13.8868,430810800,11.6398
2011-11-16,13.9018,13.9693,13.7257,13.7418,349210400,11.5183
2011-11-17,13.7136,13.7350,13.4107,13.4789,479900400,11.2979
2011-11-18,13.5329,13.5711,13.3886,13.3907,371938000,11.2240
2011-11-21,13.2286,13.2743,13.0682,13.1789,447980400,11.0465
2011-11-22,13.2507,13.4975,13.2479,13.4468,409021200,11.2710
2011-11-23,13.3754,13.4229,13.1029,13.1068,428271200,10.9860
2011-11-25,13.1579,13.2554,12.9757,12.9846,254760800,10.8836
2011-11-28,13.2982,13.4543,13.2261,13.4329,346413200,11.2593
2011-11-29,13.4229,13.5296,13.2214,13.3286,375855200,11.1719
2011-11-30,13.6175,13.6529,13.5107,13.6500,405938400,11.4413
2011-12-01,13.6621,13.8929,13.5982,13.8546,387181200,11.6129
2011-12-02,13.9225,14.0582,13.8779,13.9179,379055600,11.6658
2011-12-05,14.0532,14.1575,13.9425,14.0361,357210000,11.7649
2011-12-06,14.0182,14.0939,13.9064,13.9625,283598000,11.7033
2011-12-07,13.9261,13.9621,13.8129,13.8961,304746400,11.6476
2011-12-08,13.9804,14.1250,13.9368,13.9521,376356400,11.6946
2011-12-09,14.0304,14.0729,13.9654,14.0579,296993200,11.7832
2011-12-12,13.9886,14.0679,13.9089,13.9943,301067200,11.7299
2011-12-13,14.0357,14.1214,13.8250,13.8861,338928800,11.6392
2011-12-14,13.8107,13.8350,13.4886,13.5782,406887600,11.3811
2011-12-15,13.6904,13.7050,13.5111,13.5336,256200000,11.3437
2011-12-16,13.5843,13.7196,13.5561,13.6079,421478400,11.4060
2011-12-19,13.6596,13.7446,13.5886,13.6504,235530400,11.4416
2011-12-20,13.8486,14.1464,13.8307,14.1411,337215200,11.8529
2011-12-21,14.1675,14.1893,14.0004,14.1589,262948000,11.8679
2011-12-22,14.1786,14.2546,14.1464,14.2339,202358800,11.9308
2011-12-23,14.2746,14.4139,14.2675,14.4046,269399200,12.0739
2011-12-27,14.3964,14.6104,14.3936,14.5189,265076000,12.1696
2011-12-28,14.5318,14.5804,14.3336,14.3800,228662000,12.0532
2011-12-29,14.4071,14.4875,14.3039,14.4686,215978000,12.1274
2011-12-30,14.4111,14.5100,14.4104,14.4643,179662000,12.1238
2012-01-03,14.6214,14.7321,14.6071,14.6868,302220800,12.3103
2012-01-04,14.6429,14.8100,14.6171,14.7657,260022000,12.3765
2012-01-05,14.8196,14.9482,14.7382,14.9296,271269600,12.5139
2012-01-06,14.9918,15.0982,14.9721,15.0857,318292800,12.6447
2012-01-09,15.1964,15.2768,15.0482,15.0618,394024400,12.6247
2012-01-10,15.2111,15.2143,15.0536,15.1157,258196400,12.6699
2012-01-11,15.0957,15.1018,14.9754,15.0911,215084800,12.6492
2012-01-12,15.0814,15.1036,14.9554,15.0496,212587200,12.6145
2012-01-13,14.9893,15.0161,14.9521,14.9932,226021600,12.5672
2012-01-17,15.1500,15.2139,15.1057,15.1679,242897200,12.7136
2012-01-18,15.2486,15.3382,15.2250,15.3254,276791200,12.8456
2012-01-19,15.3625,15.4061,15.2325,15.2768,261738400,12.8049
2012-01-20,15.2675,15.2679,14.9911,15.0107,413974400,12.5819
2012-01-23,15.0954,15.3018,15.0821,15.2646,306062400,12.7947
2012-01-24,15.1821,15.1821,14.9839,15.0146,547638000,12.5852
2012-01-25,16.2300,16.2304,15.8475,15.9521,958314000,13.3710
2012-01-26,16.0129,16.0282,15.8264,15.8796,323985200,13.3102
2012-01-27,15.8693,16.0171,15.8489,15.9743,299709200,13.3895
2012-01-30,15.9182,16.2107,15.9068,16.1789,379341200,13.5610
2012-01-31,16.2711,16.3657,16.1811,16.3029,391683600,13.6649
2012-02-01,16.3718,16.3925,16.2696,16.2925,270046000,13.6562
2012-02-02,16.2821,16.3275,16.2136,16.2543,186796400,13.6242
2012-02-03,16.3321,16.4286,16.2700,16.4171,286599600,13.7607
2012-02-06,16.3707,16.6064,16.3643,16.5704,249412800,13.8891
2012-02-07,16.6161,16.7768,16.5921,16.7439,316223600,14.0346
2012-02-08,16.8036,17.0282,16.7750,17.0243,407890000,14.2696
2012-02-09,17.1700,17.7411,17.1629,17.6132,884214800,14.7633
2012-02-10,17.5343,17.7721,17.4482,17.6221,631302000,14.7707
2012-02-13,17.8404,17.9939,17.7532,17.9500,517216000,15.0455
2012-02-14,18.0236,18.1986,17.9286,18.1950,460398400,15.2509
2012-02-15,18.3664,18.7961,17.7461,17.7739,1506120000,14.8980
2012-02-16,17.5536,18.0318,17.3796,17.9361,944552000,15.0339
2012-02-17,17.9682,18.1346,17.8679,17.9329,535805200,15.0312
2012-02-21,18.1029,18.3875,18.0043,18.3875,605595200,15.4123
2012-02-22,18.3243,18.4104,18.1811,18.3229,483302400,15.3581
2012-02-23,18.3957,18.4939,18.1964,18.4425,568027600,15.4584
2012-02-24,18.5596,18.6750,18.5229,18.6575,415072000,15.6386
2012-02-27,18.6182,18.8750,18.4386,18.7771,547582000,15.7388
2012-02-28,18.8557,19.1218,18.7804,19.1218,600387200,16.0277
2012-02-29,19.3414,19.5575,19.1321,19.3729,952011200,16.2382
2012-03-01,19.5775,19.5789,19.2418,19.4454,683270000,16.2989
2012-03-02,19.4371,19.5286,19.3757,19.4707,431712400,16.3202
2012-03-05,19.4793,19.5529,18.7857,19.0414,809124400,15.9604
2012-03-06,18.7021,19.0604,18.4364,18.9379,810238800,15.8736
2012-03-07,19.1714,19.2064,18.6893,18.9532,798520800,15.8864
2012-03-08,19.0961,19.3925,19.0043,19.3568,516457200,16.2247
2012-03-09,19.4361,19.5621,19.3968,19.4704,418919200,16.3199
2012-03-12,19.6064,19.7143,19.5357,19.7143,407282400,16.5244
2012-03-13,19.9121,20.2921,19.8482,20.2893,690855200,17.0063
2012-03-14,20.6446,21.2400,20.5500,21.0564,1418844000,17.6493
2012-03-15,21.4146,21.4289,20.6625,20.9129,1159718000,17.5290
2012-03-16,20.8829,21.0429,20.6429,20.9132,825487600,17.5293
2012-03-19,21.3704,21.4918,21.0375,21.4679,901236000,17.9942
2012-03-20,21.4111,21.6750,21.1243,21.6414,816662000,18.1397
2012-03-21,21.5264,21.7732,21.4789,21.5179,644042000,18.0361
2012-03-22,21.3493,21.5893,21.2689,21.4050,623870800,17.9415
2012-03-23,21.4461,21.4929,21.2286,21.2875,430488800,17.8430
2012-03-26,21.4211,21.6839,21.2593,21.6779,595742000,18.1702
2012-03-27,21.6493,22.0100,21.6450,21.9457,607129600,18.3947
2012-03-28,22.0850,22.1946,21.7968,22.0579,655460400,18.4887
2012-03-29,21.8850,22.0200,21.6868,21.7807,608238400,18.2564
2012-03-30,21.7418,21.8057,21.3550,21.4125,731038000,17.9478
2012-04-02,21.4939,22.0989,21.4421,22.0939,598351600,18.5190
2012-04-03,22.4036,22.5789,22.2325,22.4757,834559600,18.8390
2012-04-04,22.2982,22.3521,22.0357,22.2968,572980800,18.6890
2012-04-05,22.3921,22.6664,22.2643,22.6314,641298000,18.9695
2012-04-09,22.3618,22.8514,22.3321,22.7225,597536800,19.0458
2012-04-10,22.8546,23.0000,22.3571,22.4443,889725200,18.8126
2012-04-11,22.7214,22.7454,22.2621,22.3643,696614800,18.7456
2012-04-12,22.3214,22.5475,22.1607,22.2418,614336800,18.6429
2012-04-13,22.2896,22.3107,21.5539,21.6154,859644800,18.1178
2012-04-16,21.7879,21.7957,20.6518,20.7189,1050786800,17.3664
2012-04-17,20.6764,21.7857,20.4254,21.7750,1025528000,18.2516
2012-04-18,21.9186,22.1518,21.5254,21.7264,954531200,18.2109
2012-04-19,21.4364,21.5975,20.8757,20.9800,834719200,17.5853
2012-04-20,21.1207,21.2364,20.3721,20.4636,1030985200,17.1524
2012-04-23,20.3789,20.5954,19.8793,20.4179,966529200,17.1141
2012-04-24,20.0932,20.2746,19.8214,20.0100,1076149200,16.7722
2012-04-25,21.9871,22.0714,21.6429,21.7857,905777600,18.2606
2012-04-26,21.9382,21.9532,21.5046,21.7036,536068400,18.1918
2012-04-27,21.6096,21.6493,21.4464,21.5357,406722400,18.0511
2012-04-30,21.3500,21.3714,20.8214,20.8564,506144800,17.4817
2012-05-01,20.8893,21.3129,20.7582,20.7904,610999200,17.4263
2012-05-02,20.7229,20.9786,20.6736,20.9279,427389200,17.5416
2012-05-03,21.0893,21.1214,20.7250,20.7793,390549600,17.4170
2012-05-04,20.6100,20.6557,20.1846,20.1875,529992400,16.9210
2012-05-07,20.0536,20.4561,20.0439,20.3386,460118400,17.0476
2012-05-08,20.3421,20.4107,19.9546,20.2921,497252000,17.0087
2012-05-09,20.1321,20.4993,20.0304,20.3279,480704000,17.0386
2012-05-10,20.5207,20.5671,20.3014,20.3757,333200000,17.0788
2012-05-11,20.1786,20.5168,20.1554,20.2396,399546000,16.9647
2012-05-14,20.0918,20.2682,19.9143,19.9364,352626400,16.7106
2012-05-15,20.0518,20.1150,19.7054,19.7561,476336000,16.5594
2012-05-16,19.7875,19.8889,19.3229,19.5029,560896000,16.3471
2012-05-17,19.4754,19.5536,18.9329,18.9329,717220000,15.8694
2012-05-18,19.0700,19.4075,18.6493,18.9421,732292400,15.8772
2012-05-21,19.0893,20.0550,19.0732,20.0457,631106000,16.8022
2012-05-22,20.3411,20.4957,19.7350,19.8918,694870400,16.6731
2012-05-23,19.9107,20.4571,19.7582,20.3771,584897600,17.0800
2012-05-24,20.5668,20.5893,20.0439,20.1900,496230000,16.9231
2012-05-25,20.1639,20.2089,19.9454,20.0818,328507200,16.8324
2012-05-29,20.3893,20.5000,20.1896,20.4382,380508800,17.1311
2012-05-30,20.3286,20.7139,20.2343,20.6846,529429600,17.3377
2012-05-31,20.7407,20.7679,20.4093,20.6332,491674400,17.2946
2012-06-01,20.3271,20.4518,20.0186,20.0354,520987600,16.7935
2012-06-04,20.0536,20.2679,19.5893,20.1532,556995600,16.8923
2012-06-05,20.0454,20.2311,19.9404,20.1011,388214400,16.8486
2012-06-06,20.2775,20.4946,20.1964,20.4093,401455600,17.1069
2012-06-07,20.6175,20.6186,20.3750,20.4186,379766800,17.1147
2012-06-08,20.4143,20.7350,20.3214,20.7257,347516400,17.3721
2012-06-11,20.9900,21.0179,20.3796,20.3989,591264800,17.0982
2012-06-12,20.5164,20.5936,20.2393,20.5771,435380400,17.2476
2012-06-13,20.5186,20.6600,20.3707,20.4343,293580000,17.1279
2012-06-14,20.4014,20.4821,20.2593,20.4118,345573200,17.1090
2012-06-15,20.3929,20.5221,20.3411,20.5046,335255200,17.1868
2012-06-18,20.3914,20.9961,20.3704,20.9207,440412000,17.5356
2012-06-19,20.8357,21.0714,20.8250,20.9789,361404400,17.5844
2012-06-20,21.0075,21.0446,20.7429,20.9193,358943200,17.5344
2012-06-21,20.9086,21.0079,20.6229,20.6311,326351200,17.2928
2012-06-22,20.6800,20.7925,20.5507,20.7893,284471600,17.4254
2012-06-25,20.6179,20.7071,20.3704,20.3846,304382400,17.0862
2012-06-26,20.4046,20.5175,20.2618,20.4296,276536400,17.1240
2012-06-27,20.5357,20.5979,20.4257,20.5179,202997200,17.1979
2012-06-28,20.4168,20.5000,20.2004,20.3232,282836400,17.0347
2012-06-29,20.6429,20.8571,20.5089,20.8571,421500800,17.4823
2012-07-02,20.8832,21.1954,20.8429,21.1614,400092000,17.7373
2012-07-03,21.2457,21.4286,21.2143,21.4075,241712800,17.9436
2012-07-05,21.4486,21.9407,21.4161,21.7836,484383200,18.2588
2012-07-06,21.6818,21.7300,21.4850,21.6386,418930400,18.1373
2012-07-09,21.6179,21.9250,21.5754,21.9246,379405600,18.3771
2012-07-10,22.0704,22.1382,21.6182,21.7218,511957600,18.2070
2012-07-11,21.6471,21.7021,21.3293,21.5868,469322000,18.0939
2012-07-12,21.4371,21.5525,21.1671,21.3893,428041600,17.9283
2012-07-13,21.5339,21.6854,21.4286,21.6061,311427200,18.1100
2012-07-16,21.6114,21.8436,21.6079,21.6754,301260400,18.1681
2012-07-17,21.8139,21.8393,21.5411,21.6764,293624800,18.1690
2012-07-18,21.6639,21.7264,21.5557,21.6521,252700000,18.1487
2012-07-19,21.8314,21.9768,21.6429,21.9400,436861600,18.3899
2012-07-20,21.8939,21.9443,21.5607,21.5821,397471200,18.0900
2012-07-23,21.2286,21.6393,20.9896,21.5654,487975600,18.0759
2012-07-24,21.6921,21.7743,21.3754,21.4614,565132400,17.9888
2012-07-25,20.5164,20.7429,20.3571,20.5346,877312800,17.2120
2012-07-26,20.7057,20.7286,20.3700,20.5314,406632800,17.2093
2012-07-27,20.5361,20.9225,20.4139,20.8986,403936400,17.5170
2012-07-30,21.1043,21.4086,20.9936,21.2511,379142400,17.8125
2012-07-31,21.5439,21.8464,21.5257,21.8129,462327600,18.2834
2012-08-01,21.9968,22.0143,21.5357,21.6718,384501600,18.1651
2012-08-02,21.5300,21.8104,21.4375,21.7068,332158400,18.1945
2012-08-03,21.9154,22.0707,21.8414,21.9893,344920800,18.4312
2012-08-06,22.0461,22.3168,21.9736,22.2339,302103200,18.6363
2012-08-07,22.2418,22.3214,22.0729,22.1754,290446800,18.5872
2012-08-08,22.1211,22.2814,22.0393,22.1379,244706000,18.5558
2012-08-09,22.0661,22.2046,22.0643,22.1689,221642400,18.6616
2012-08-10,22.0968,22.2057,22.0964,22.2036,194938800,18.6908
2012-08-13,22.2639,22.5000,22.2589,22.5000,278832400,18.9403
2012-08-14,22.5668,22.8075,22.5075,22.5604,340169200,18.9911
2012-08-15,22.5464,22.6429,22.4196,22.5296,257342400,18.9652
2012-08-16,22.5432,22.7414,22.5179,22.7264,254534000,19.1309
2012-08-17,22.8571,23.1496,22.8146,23.1468,442761200,19.4847
2012-08-20,23.2146,23.7554,23.2107,23.7554,613384800,19.9970
2012-08-21,23.9579,24.1029,23.2261,23.4307,812719600,19.7238
2012-08-22,23.3721,23.8929,23.1468,23.8882,565322800,20.1089
2012-08-23,23.7896,23.9250,23.6125,23.6654,420128800,19.9213
2012-08-24,23.5539,23.9100,23.4125,23.6864,437340400,19.9390
2012-08-27,24.2854,24.3168,24.0550,24.1314,427008400,20.3136
2012-08-28,24.1064,24.1464,23.9525,24.1000,267416800,20.2872
2012-08-29,24.1161,24.2025,24.0214,24.0525,202806800,20.2472
2012-08-30,23.9514,23.9839,23.6732,23.7096,302699600,19.9586
2012-08-31,23.8304,23.8786,23.4732,23.7586,338321200,19.9997
2012-09-04,23.7771,24.1121,23.7321,24.1061,367892000,20.2923
2012-09-05,24.1275,24.1554,23.9143,23.9368,336375200,20.1498
2012-09-06,24.0418,24.2246,23.9571,24.1525,391196400,20.3313
2012-09-07,24.2161,24.3743,24.1346,24.3014,329666400,20.4567
2012-09-10,24.3018,24.4032,23.6464,23.6693,487998000,19.9246
2012-09-11,23.7539,23.9321,23.4464,23.5925,503983200,19.8599
2012-09-12,23.8161,23.9250,23.4286,23.9211,712233200,20.1365
2012-09-13,24.1918,24.4821,24.0989,24.3921,598360000,20.5331
2012-09-14,24.6414,24.8921,24.5675,24.6886,600474000,20.7826
2012-09-17,24.9768,24.9929,24.8075,24.9921,398031200,21.0382
2012-09-18,24.9957,25.0832,24.8721,25.0682,373503200,21.1022
2012-09-19,25.0093,25.1425,24.9846,25.0750,326874800,21.1079
2012-09-20,24.9700,25.0021,24.7721,24.9536,336568400,21.0057
2012-09-21,25.0861,25.1811,24.9771,25.0032,571589200,21.0475
2012-09-24,24.5307,24.8257,24.3929,24.6711,639766400,20.7679
2012-09-25,24.5807,24.7421,24.0357,24.0550,518789600,20.2493
2012-09-26,23.8836,24.0246,23.6143,23.7564,576503200,19.9979
2012-09-27,23.7246,24.3632,23.5839,24.3329,594090000,20.4832
2012-09-28,24.2411,24.3254,23.8125,23.8250,535110800,20.0557
2012-10-01,23.9700,24.1696,23.4464,23.5496,543594800,19.8239
2012-10-02,23.6361,23.7982,23.2375,23.6182,627992400,19.8816
2012-10-03,23.7450,23.9950,23.6654,23.9804,424281200,20.1864
2012-10-04,23.9732,24.0804,23.7696,23.8143,370725600,20.0466
2012-10-05,23.7571,23.7857,23.2600,23.3068,594006000,19.6194
2012-10-08,23.1029,23.1271,22.7182,22.7918,637994000,19.1859
2012-10-09,22.8089,22.8746,22.2696,22.7089,838597200,19.1162
2012-10-10,22.8479,23.0350,22.7500,22.8896,510356000,19.2683
2012-10-11,23.0893,23.1143,22.4321,22.4321,546081200,18.8832
2012-10-12,22.4843,22.6921,22.3321,22.4896,460014800,18.9316
2012-10-15,22.5839,22.6832,22.2804,22.6700,432502000,19.0834
2012-10-16,22.6918,23.2250,22.5357,23.2068,549771600,19.5353
2012-10-17,23.1739,23.3139,23.0000,23.0218,389037600,19.3795
2012-10-18,22.8425,22.9307,22.5000,22.5943,476624400,19.0197
2012-10-19,22.5375,22.5632,21.7721,21.7800,744086000,18.3342
2012-10-22,21.8721,22.6921,21.8129,22.6439,546730800,19.0614
2012-10-23,22.5357,22.6393,21.8464,21.9057,707145600,18.4400
2012-10-24,22.1943,22.3768,21.8086,22.0296,558527200,18.5443
2012-10-25,22.1429,22.2143,21.6268,21.7693,656325600,18.3252
2012-10-26,21.7654,21.9286,21.1071,21.5714,1018432800,18.1586
2012-10-31,21.2457,21.4986,20.9893,21.2614,510003200,17.8977
2012-11-01,21.3650,21.5357,21.2204,21.3050,361298000,17.9344
2012-11-02,21.2818,21.3196,20.5268,20.6000,599373600,17.3409
2012-11-05,20.8400,20.9918,20.6286,20.8793,529135600,17.5760
2012-11-06,21.0796,21.0979,20.7175,20.8161,374917200,17.5228
2012-11-07,20.4943,20.5193,19.8482,19.9286,793648800,16.8523
2012-11-08,20.0225,20.0796,19.1175,19.2054,1056146000,16.2407
2012-11-09,19.3007,19.8171,19.0614,19.5379,929913600,16.5219
2012-11-12,19.7911,19.8036,19.2375,19.3868,515802000,16.3942
2012-11-13,19.2468,19.6600,19.1557,19.3893,532949200,16.3963
2012-11-14,19.4821,19.5518,19.1493,19.1743,477170400,16.2145
2012-11-15,19.1975,19.2679,18.6650,18.7721,789910800,15.8744
2012-11-16,18.7571,18.9286,18.0625,18.8457,1266893600,15.9366
2012-11-19,19.3111,20.2679,19.2814,20.2046,823317600,17.0858
2012-11-20,20.4254,20.4268,19.8064,20.0325,642754000,16.9402
2012-11-21,20.1518,20.2632,19.8786,20.0607,373002000,16.9641
2012-11-23,20.2561,20.4286,20.0929,20.4107,272826400,17.2600
2012-11-26,20.5679,21.0714,20.4896,21.0546,630579600,17.8046
2012-11-27,21.0554,21.0864,20.7179,20.8850,533330000,17.6611
2012-11-28,20.6168,20.9214,20.4379,20.8193,520864400,17.6055
2012-11-29,21.0793,21.2232,20.9018,21.0486,514698800,17.7994
2012-11-30,20.9568,21.0143,20.8100,20.9029,391319600,17.6762
2012-12-03,21.2018,21.2354,20.9107,20.9354,364280000,17.7037
2012-12-04,20.7786,20.7786,20.4332,20.5661,557068400,17.3914
2012-12-05,20.3182,20.3304,19.2418,19.2425,1044638000,16.2721
2012-12-06,18.8907,19.7611,18.5225,19.5443,1177212400,16.5273
2012-12-07,19.7643,19.8286,18.9286,19.0446,787040800,16.1048
2012-12-10,18.7500,19.2325,18.6279,18.9221,630484400,16.0012
2012-12-11,19.2775,19.6271,19.1918,19.3354,592345600,16.3507
2012-12-12,19.5632,19.5714,19.1525,19.2500,487144000,16.2785
2012-12-13,18.9696,19.2014,18.7786,18.9175,625259600,15.9973
2012-12-14,18.3839,18.5046,18.0564,18.2068,1009579200,15.3963
2012-12-17,18.1761,18.5714,17.9011,18.5296,757607200,15.6693
2012-12-18,18.7500,19.1036,18.5804,19.0679,625685200,16.1245
2012-12-19,18.9811,19.0607,18.7679,18.7968,449369200,15.8952
2012-12-20,18.9286,18.9357,18.5314,18.6332,481689600,15.7569
2012-12-21,18.3025,18.5596,18.2229,18.5475,596268400,15.6844
2012-12-24,18.5839,18.7232,18.5254,18.5775,175753200,15.7098
2012-12-26,18.5357,18.5521,18.2543,18.3214,302436400,15.4932
2012-12-27,18.3407,18.4375,18.0236,18.3950,455120400,15.5555
2012-12-28,18.2246,18.3743,18.1471,18.1996,354278400,15.3903
2012-12-31,18.2332,19.1214,18.1786,19.0061,659492400,16.0722
2013-01-02,19.7793,19.8214,19.3439,19.6082,560518000,16.5814
2013-01-03,19.5671,19.6311,19.3214,19.3607,352965200,16.3721
2013-01-04,19.1775,19.2368,18.7796,18.8214,594333600,15.9161
2013-01-07,18.6429,18.9036,18.4000,18.7107,484156400,15.8225
2013-01-08,18.9004,18.9961,18.6161,18.7611,458707200,15.8650
2013-01-09,18.6607,18.7504,18.4282,18.4679,407604400,15.6171
2013-01-10,18.8768,18.8829,18.4114,18.6968,601146000,15.8107
2013-01-11,18.6071,18.7614,18.5364,18.5821,350506800,15.7137
2013-01-14,17.9529,18.1250,17.8039,17.9196,734207600,15.1535
2013-01-15,17.7964,17.8211,17.2636,17.3543,876772400,14.6754
2013-01-16,17.6657,18.1943,17.5893,18.0746,690804800,15.2846
2013-01-17,18.2254,18.2411,17.9296,17.9529,453678400,15.1816
2013-01-18,17.8043,17.9364,17.7286,17.8571,472922800,15.1006
2013-01-22,18.0200,18.1386,17.7368,18.0275,461546400,15.2447
2013-01-23,18.1718,18.3925,18.0275,18.3575,861509600,15.5238
2013-01-24,16.4286,16.6332,16.0804,16.0893,1460852400,13.6057
2013-01-25,16.1318,16.2939,15.5357,15.7100,1208026400,13.2849
2013-01-28,15.6368,16.1861,15.5664,16.0654,785517600,13.5854
2013-01-29,16.3750,16.4357,16.1471,16.3668,571158000,13.8403
2013-01-30,16.3214,16.5214,16.2321,16.3154,417155200,13.7968
2013-01-31,16.3207,16.4029,16.2493,16.2675,319334400,13.7564
2013-02-01,16.3968,16.4100,16.0125,16.2007,539484400,13.6999
2013-02-04,16.2111,16.2836,15.7857,15.7971,477117200,13.3586
2013-02-05,15.8589,16.4193,15.7936,16.3514,573347600,13.8274
2013-02-06,16.3025,16.6607,16.1636,16.3339,593706400,13.8125
2013-02-07,16.5446,16.7857,16.2186,16.7221,704580800,14.2232
2013-02-08,16.9286,17.1004,16.7232,16.9636,633158400,14.4286
2013-02-11,17.0179,17.3193,16.9018,17.1404,517490400,14.5790
2013-02-12,17.1254,17.2279,16.7050,16.7107,609053200,14.2135
2013-02-13,16.6861,16.9157,16.5436,16.6789,475207600,14.1865
2013-02-14,16.5900,16.8443,16.5721,16.6639,355275200,14.1737
2013-02-15,16.7446,16.7914,16.4257,16.4343,391745200,13.9784
2013-02-19,16.4679,16.5261,16.2089,16.4282,435783600,13.9732
2013-02-20,16.3461,16.3461,16.0286,16.0304,476302400,13.6348
2013-02-21,15.9286,16.0418,15.8150,15.9307,447182400,13.5501
2013-02-22,16.0446,16.1286,15.9500,16.1004,330654800,13.6944
2013-02-25,16.2089,16.2543,15.8061,15.8143,372579200,13.4511
2013-02-26,15.8507,16.1264,15.6307,16.0346,501499600,13.6385
2013-02-27,16.0154,16.1586,15.7375,15.8775,587350400,13.5048
2013-02-28,15.8589,15.9954,15.7643,15.7643,322515200,13.4085
2013-03-01,15.6429,15.6493,15.3564,15.3739,552448400,13.0765
2013-03-04,15.2786,15.2929,14.9643,15.0018,582755600,12.7600
2013-03-05,15.0529,15.5425,15.0268,15.3979,638433600,13.0969
2013-03-06,15.5182,15.5446,15.1582,15.2021,460250000,12.9304
2013-03-07,15.1607,15.4289,15.0379,15.3779,468473600,13.0799
2013-03-08,15.3500,15.5511,15.3075,15.4186,391482000,13.1145
2013-03-11,15.3482,15.6789,15.1836,15.6382,474236000,13.3013
2013-03-12,15.5571,15.6743,15.2704,15.3011,465911600,13.0145
2013-03-13,15.3018,15.5179,15.1914,15.2982,405549200,13.0121
2013-03-14,15.4582,15.5229,15.3732,15.4464,303875600,13.1382
2013-03-15,15.6404,15.8654,15.6161,15.8450,643960800,13.4772
2013-03-18,15.7661,16.3379,15.7571,16.2757,606197200,13.8435
2013-03-19,16.4107,16.4632,16.0179,16.2318,526775200,13.8062
2013-03-20,16.3364,16.3439,16.0568,16.1457,308660800,13.7330
2013-03-21,16.0793,16.3564,16.0750,16.1689,383255600,13.7527
2013-03-22,16.2350,16.5036,16.1825,16.4968,395105200,14.0316
2013-03-25,16.5961,16.7839,16.4921,16.5564,501135600,14.0823
2013-03-26,16.6229,16.6371,16.4475,16.4693,294294000,14.0082
2013-03-27,16.3021,16.3143,16.0975,16.1457,331237200,13.7330
2013-03-28,16.0650,16.1364,15.7721,15.8093,442839600,13.4468
2013-04-01,15.7821,15.8464,15.2764,15.3182,389732000,13.0291
2013-04-02,15.2714,15.6479,15.2286,15.3496,529519200,13.0558
2013-04-03,15.4061,15.6171,15.3682,15.4282,363216000,13.1227
2013-04-04,15.4914,15.5357,15.1875,15.2757,358447600,12.9930
2013-04-05,15.1607,15.1768,14.9886,15.1143,383695200,12.8557
2013-04-08,15.1732,15.2679,15.0889,15.2218,300829200,12.9471
2013-04-09,15.2271,15.3036,15.0982,15.2493,306614000,12.9705
2013-04-10,15.2893,15.6093,15.2146,15.5604,375928000,13.2351
2013-04-11,15.4900,15.6425,15.4000,15.5118,328364400,13.1938
2013-04-12,15.5054,15.5054,15.3246,15.3500,238613200,13.0562
2013-04-15,15.2500,15.2818,14.9839,14.9946,317520000,12.7539
2013-04-16,15.0561,15.2361,15.0204,15.2229,305771200,12.9480
2013-04-17,15.0096,15.0214,14.2182,14.3857,945056000,12.2360
2013-04-18,14.4639,14.4925,13.9193,14.0018,666299200,11.9094
2013-04-19,13.8561,14.2714,13.7536,13.9475,609274400,11.8632
2013-04-22,14.0229,14.3643,13.9739,14.2382,429920400,12.1105
2013-04-23,14.4282,14.5850,14.2432,14.5046,664238400,12.3371
2013-04-24,14.0550,14.8304,14.0179,14.4807,969651200,12.3168
2013-04-25,14.6868,14.7836,14.5357,14.5850,384837600,12.4055
2013-04-26,14.6361,14.9561,14.5804,14.9000,764097600,12.6734
2013-04-29,15.0161,15.4864,15.0000,15.3614,640326400,13.0659
2013-04-30,15.5393,15.9018,15.4311,15.8136,691538400,13.4505
2013-05-01,15.8736,15.8904,15.5139,15.6889,506909200,13.3444
2013-05-02,15.7779,16.0211,15.7368,15.9114,421828400,13.5337
2013-05-03,16.1182,16.1868,16.0411,16.0707,361300800,13.6692
2013-05-06,16.2754,16.5071,16.2254,16.4539,496641600,13.9951
2013-05-07,16.6061,16.6339,16.2036,16.3807,483753200,13.9328
2013-05-08,16.3943,16.6204,16.2789,16.5657,472598000,14.0902
2013-05-09,16.4218,16.5357,16.2707,16.3132,398487600,13.9673
2013-05-10,16.3561,16.4182,16.0886,16.1775,334852000,13.8511
2013-05-13,16.1254,16.3536,16.1250,16.2407,316948800,13.9052
2013-05-14,16.2089,16.2571,15.7911,15.8521,447118000,13.5725
2013-05-15,15.6843,15.7500,15.0843,15.3161,741613600,13.1135
2013-05-16,15.1157,15.6375,14.9607,15.5207,603204000,13.2887
2013-05-17,15.6804,15.7175,15.3932,15.4736,427904400,13.2484
2013-05-20,15.4254,15.9214,15.3607,15.8189,451578400,13.5441
2013-05-21,15.6482,15.9100,15.5071,15.7021,456022000,13.4441
2013-05-22,15.8589,16.0125,15.6507,15.7625,443038400,13.4958
2013-05-23,15.5696,15.9343,15.5639,15.7907,353021200,13.5199
2013-05-24,15.7446,15.9164,15.7271,15.8982,276166800,13.6120
2013-05-28,16.0679,16.1111,15.7446,15.7657,386145200,13.4985
2013-05-29,15.7143,15.9821,15.6929,15.8911,330576400,13.6058
2013-05-30,15.9161,16.2321,15.8754,16.1279,353519600,13.8086
2013-05-31,16.1607,16.3250,16.0536,16.0618,384302800,13.7520
2013-06-03,16.0975,16.1557,15.8029,16.0971,372352400,13.7823
2013-06-04,16.1864,16.2296,15.9782,16.0468,292728800,13.7392
2013-06-05,15.9161,16.0971,15.8468,15.8968,290589600,13.6107
2013-06-06,15.9096,15.9643,15.5018,15.6593,416934000,13.4074
2013-06-07,15.5893,15.8300,15.4561,15.7789,404535600,13.5098
2013-06-10,15.8832,16.0386,15.6000,15.6746,450153200,13.4205
2013-06-11,15.5621,15.8129,15.4757,15.6286,286112400,13.3811
2013-06-12,15.6964,15.7589,15.4107,15.4354,265227200,13.2157
2013-06-13,15.4464,15.6121,15.3125,15.5700,285832400,13.3309
2013-06-14,15.5500,15.5818,15.3036,15.3589,271866000,13.1502
2013-06-17,15.4086,15.5607,15.3700,15.4286,259414400,13.2098
2013-06-18,15.4129,15.5321,15.3646,15.4204,195025600,13.2028
2013-06-19,15.4071,15.4164,15.1071,15.1071,310940000,12.9346
2013-06-20,14.9750,15.2136,14.8275,14.8871,357310800,12.7463
2013-06-21,14.9461,15.0000,14.5750,14.7679,481118400,12.6441
2013-06-24,14.5500,14.5950,14.2161,14.3764,480746000,12.3090
2013-06-25,14.4893,14.5639,14.2439,14.3796,314162800,12.3118
2013-06-26,14.4250,14.4568,14.1307,14.2168,367724000,12.1723
2013-06-27,14.2589,14.3354,14.0550,14.0636,337246000,12.0411
2013-06-28,13.9771,14.2954,13.8882,14.1618,578516400,12.1252
2013-07-01,14.3818,14.7239,14.3293,14.6150,391053600,12.5133
2013-07-02,14.6414,15.0582,14.6239,14.9461,469865200,12.7967
2013-07-03,15.0307,15.1064,14.9089,15.0286,240928800,12.8674
2013-07-05,15.0139,15.1175,14.8339,14.9079,274024800,12.7640
2013-07-08,15.0039,15.0357,14.6661,14.8232,298138400,12.6915
2013-07-09,14.7714,15.1250,14.6564,15.0839,352584400,12.9148
2013-07-10,14.9857,15.1714,14.9375,15.0261,281405600,12.8652
2013-07-11,15.1054,15.2946,15.0418,15.2604,326292400,13.0658
2013-07-12,15.2732,15.3496,15.1218,15.2325,279563200,13.0420
2013-07-15,15.1789,15.4093,15.1714,15.2657,241917200,13.0704
2013-07-16,15.2329,15.3825,15.1489,15.3643,216538000,13.1548
2013-07-17,15.3464,15.4364,15.2936,15.3682,198990400,13.1582
2013-07-18,15.4779,15.5311,15.3789,15.4200,218878800,13.2025
2013-07-19,15.4679,15.4993,15.1554,15.1768,268721600,12.9943
2013-07-22,15.3379,15.3482,15.1954,15.2254,207796400,13.0359
2013-07-23,15.2143,15.2486,14.9539,14.9639,369395600,12.8120
2013-07-24,15.6761,15.8782,15.5450,15.7325,591936800,13.4701
2013-07-25,15.7393,15.7643,15.5646,15.6607,229493600,13.4086
2013-07-26,15.5464,15.7514,15.5121,15.7496,200152400,13.4847
2013-07-29,15.7429,16.0711,15.7214,15.9925,248057600,13.6927
2013-07-30,16.0700,16.3268,16.0439,16.1900,309422400,13.8618
2013-07-31,16.2496,16.3336,16.0511,16.1618,322957600,13.8376
2013-08-01,16.2768,16.3143,16.1879,16.3100,206250800,13.9645
2013-08-02,16.3575,16.5304,16.3093,16.5193,274783600,14.1437
2013-08-05,16.5961,16.8096,16.5054,16.7661,318855600,14.3550
2013-08-06,16.7150,16.8532,16.5061,16.6161,334857600,14.2266
2013-08-07,16.5643,16.6786,16.4918,16.6064,298858000,14.2183
2013-08-08,16.5664,16.5750,16.3554,16.4646,255777200,14.1900
2013-08-09,16.3800,16.4450,16.2018,16.2304,266865200,13.9881
2013-08-12,16.3164,16.7375,16.3082,16.6914,364434000,14.3855
2013-08-13,16.8193,17.6664,16.7161,17.4846,881941200,15.0691
2013-08-14,17.7814,18.0089,17.6214,17.8036,756372400,15.3440
2013-08-15,17.7293,17.9429,17.4671,17.7825,490294000,15.3258
2013-08-16,17.8625,17.9621,17.8164,17.9404,362306000,15.4618
2013-08-19,18.0121,18.3479,18.0000,18.1336,510518400,15.6284
2013-08-20,18.2039,18.2346,17.8864,17.8954,358688400,15.4231
2013-08-21,17.9854,18.1125,17.9000,17.9414,335879600,15.4628
2013-08-22,18.0350,18.0568,17.7929,17.9629,244207600,15.4812
2013-08-23,17.9739,17.9768,17.8339,17.8936,222731600,15.4215
2013-08-26,17.8839,18.2214,17.8750,17.9632,330965600,15.4815
2013-08-27,17.7857,17.9468,17.3679,17.4496,424188800,15.0389
2013-08-28,17.3571,17.7071,17.3571,17.5321,307608000,15.1100
2013-08-29,17.5589,17.7321,17.5404,17.5607,239657600,15.1347
2013-08-30,17.5714,17.6054,17.3750,17.4007,272297200,14.9968
2013-09-03,17.6107,17.8786,17.4054,17.4493,331928800,15.0386
2013-09-04,17.8414,17.9371,17.7243,17.8104,345032800,15.3498
2013-09-05,17.8661,17.8814,17.6300,17.6882,236367600,15.2445
2013-09-06,17.8014,17.8350,17.4982,17.7936,359525600,15.3353
2013-09-09,18.0357,18.1400,17.9814,18.0775,340687200,15.5800
2013-09-10,18.0786,18.1232,17.4821,17.6657,743195600,15.2251
2013-09-11,16.6789,16.9175,16.6004,16.7039,898696400,14.3962
2013-09-12,16.7321,16.9786,16.6432,16.8818,404051200,14.5495
2013-09-13,16.7621,16.8511,16.5964,16.6036,298835600,14.3097
2013-09-16,16.4643,16.4861,15.9721,16.0757,543706800,13.8548
2013-09-17,15.9986,16.4182,15.9821,16.2614,399380800,14.0149
2013-09-18,16.5421,16.6554,16.4521,16.5957,456862000,14.3030
2013-09-19,16.8107,16.9939,16.7589,16.8679,404541200,14.5375
2013-09-20,17.0714,17.0911,16.6429,16.6932,699302800,14.3870
2013-09-23,17.7179,17.7468,17.2357,17.5229,762106800,15.1020
2013-09-24,17.6743,17.6954,17.4221,17.4679,364344400,15.0546
2013-09-25,17.4714,17.4871,17.1939,17.1975,316957200,14.8216
2013-09-26,17.3571,17.4486,17.2821,17.3650,237221600,14.9660
2013-09-27,17.2779,17.3096,17.1686,17.2411,228040400,14.8592
2013-09-30,17.0446,17.2021,16.9432,17.0268,260156400,14.6745
2013-10-01,17.0875,17.4693,17.0850,17.4271,353883600,15.0195
2013-10-02,17.3439,17.5643,17.2768,17.4843,289184000,15.0688
2013-10-03,17.5182,17.5839,17.1693,17.2646,322753200,14.8795
2013-10-04,17.2807,17.3071,17.0929,17.2511,258868400,14.8678
2013-10-07,17.3771,17.5946,17.3339,17.4196,312292400,15.0131
2013-10-08,17.4979,17.5229,17.1621,17.1764,290917200,14.8035
2013-10-09,17.3086,17.4211,17.0814,17.3782,301725200,14.9774
2013-10-10,17.5471,17.5850,17.3943,17.4871,278602800,15.0712
2013-10-11,17.3925,17.6371,17.3271,17.6004,267738800,15.1688
2013-10-14,17.4939,17.7707,17.4768,17.7157,261898000,15.2682
2013-10-15,17.7682,17.9286,17.6971,17.8100,320073600,15.3495
2013-10-16,17.8854,17.9475,17.8296,17.8968,251101200,15.4243
2013-10-17,17.8564,18.0279,17.8457,18.0179,253593200,15.5286
2013-10-18,18.0711,18.1879,18.0611,18.1746,290542000,15.6638
2013-10-21,18.2775,18.7250,18.2686,18.6200,398106800,16.0476
2013-10-22,18.8004,18.8732,18.1439,18.5668,534063600,16.0017
2013-10-23,18.5357,18.7739,18.5357,18.7486,313723200,16.1584
2013-10-24,18.7500,19.0168,18.6589,18.9968,384764800,16.3723
2013-10-25,18.9757,19.0439,18.7539,18.7843,337792000,16.1892
2013-10-28,18.8943,18.9643,18.6861,18.9243,550440800,16.3098
2013-10-29,19.1525,19.2589,18.3764,18.4529,635807200,15.9035
2013-10-30,18.5575,18.8400,18.4650,18.7464,354163600,16.1566
2013-10-31,18.7500,18.8389,18.6168,18.6679,275696400,16.0888
2013-11-01,18.7150,18.7429,18.4229,18.5725,274890000,16.0067
2013-11-04,18.6107,18.8150,18.5289,18.8125,244627600,16.2135
2013-11-05,18.7350,18.8889,18.6786,18.7661,265213200,16.1735
2013-11-06,18.7196,18.7450,18.5071,18.6043,223375600,16.1277
2013-11-07,18.5564,18.6854,18.2993,18.3032,262620400,15.8667
2013-11-08,18.3779,18.6118,18.3068,18.5914,279316800,16.1165
2013-11-11,18.5711,18.6311,18.3718,18.5375,227452400,16.0698
2013-11-12,18.4882,18.7114,18.4643,18.5718,204276800,16.0995
2013-11-13,18.5000,18.6518,18.4629,18.5939,197220800,16.1187
2013-11-14,18.6718,18.9029,18.6382,18.8629,282419200,16.3518
2013-11-15,18.8064,18.8961,18.7318,18.7496,317920400,16.2537
2013-11-18,18.7496,18.8282,18.5071,18.5225,244944000,16.0568
2013-11-19,18.5368,18.6921,18.4989,18.5554,208938800,16.0853
2013-11-20,18.5439,18.5864,18.3689,18.3929,193916800,15.9444
2013-11-21,18.4857,18.6146,18.3454,18.6121,262026800,16.1345
2013-11-22,18.5543,18.6486,18.5189,18.5643,223725600,16.0930
2013-11-25,18.6079,18.7811,18.6071,18.7050,229311600,16.2150
2013-11-26,18.7186,19.1479,18.7143,19.0500,401382800,16.5140
2013-11-27,19.1539,19.5000,19.0500,19.4986,363448400,16.9029
2013-11-29,19.6243,19.9404,19.5646,19.8596,318127600,17.2159
2013-12-02,19.9286,20.1546,19.6721,19.6868,472544800,17.0661
2013-12-03,19.9393,20.2279,19.9171,20.2257,450968000,17.5333
2013-12-04,20.1964,20.3282,20.0293,20.1786,377809600,17.4924
2013-12-05,20.4518,20.5407,20.2289,20.2821,447580000,17.5822
2013-12-06,20.2068,20.2411,19.9846,20.0007,344352400,17.3382
2013-12-09,20.0321,20.3421,20.0321,20.2296,320493600,17.5367
2013-12-10,20.1279,20.2814,20.0429,20.1982,278269600,17.5094
2013-12-11,20.2500,20.3918,19.9889,20.0486,359718800,17.3797
2013-12-12,20.0764,20.1907,20.0011,20.0193,262290000,17.3543
2013-12-13,20.1018,20.1029,19.7739,19.8011,332822000,17.1651
2013-12-16,19.8221,20.0943,19.8218,19.9107,282592800,17.2602
2013-12-17,19.8504,19.9800,19.7636,19.8211,229902400,17.1825
2013-12-18,19.6321,19.6946,19.2429,19.6704,565863200,17.0518
2013-12-19,19.6250,19.6429,19.4189,19.4450,320308800,16.8565
2013-12-20,19.4796,19.7004,19.4579,19.6079,436413600,16.9976
2013-12-23,20.2857,20.3829,20.0986,20.3604,501306400,17.6500
2013-12-24,20.3532,20.4243,20.2154,20.2739,167554800,17.5750
2013-12-26,20.2893,20.3393,20.1207,20.1393,204008000,17.4583
2013-12-27,20.1364,20.1575,19.9821,20.0032,225884400,17.3404
2013-12-30,19.9093,20.0032,19.7257,19.8043,253629600,17.1679
2013-12-31,19.7918,20.0457,19.7857,20.0364,223084400,17.3692
2014-01-02,19.8457,19.8939,19.7150,19.7546,234684800,17.1249
2014-01-03,19.7450,19.7750,19.3011,19.3207,392467600,16.7487
2014-01-06,19.1946,19.5286,19.0571,19.4261,412610800,16.8401
2014-01-07,19.4400,19.4986,19.2114,19.2871,317209200,16.7196
2014-01-08,19.2432,19.4843,19.2389,19.4093,258529600,16.8255
2014-01-09,19.5286,19.5307,19.1196,19.1614,279148800,16.6106
2014-01-10,19.2796,19.3143,18.9682,19.0336,304976000,16.4998
2014-01-13,18.9254,19.3750,18.9243,19.1332,378492800,16.5862
2014-01-14,19.2221,19.5261,19.2021,19.5139,332561600,16.9162
2014-01-15,19.7686,20.0071,19.7021,19.9057,391638800,17.2558
2014-01-16,19.8179,19.8875,19.7029,19.7946,229278000,17.1596
2014-01-17,19.6957,19.7168,19.2821,19.3096,426739600,16.7391
2014-01-21,19.3211,19.6454,19.3007,19.6096,328526800,16.9992
2014-01-22,19.6754,19.9032,19.5646,19.6968,379985200,17.0747
2014-01-23,19.6407,19.8750,19.4575,19.8636,403239200,17.2193
2014-01-24,19.7857,19.8436,19.4554,19.5025,429354800,16.9063
2014-01-27,19.6454,19.8143,19.4911,19.6607,554878800,17.0435
2014-01-28,18.1700,18.3929,17.9311,18.0893,1065523200,15.6812
2014-01-29,17.9982,18.1204,17.8079,17.8839,502810000,15.5032
2014-01-30,17.9479,18.0893,17.7393,17.8493,678501600,15.4732
2014-01-31,17.6850,17.9118,17.6268,17.8786,464797200,15.4986
2014-02-03,17.9504,18.1332,17.8321,17.9118,401464000,15.5274
2014-02-04,18.0661,18.1950,17.9557,18.1711,376681200,15.7521
2014-02-05,18.0914,18.4029,18.0804,18.3068,328344800,15.8698
2014-02-06,18.2164,18.3393,18.1361,18.3039,257765200,15.9623
2014-02-07,18.6207,18.6761,18.4779,18.5600,370280400,16.1856
2014-02-10,18.5236,18.9996,18.5000,18.8925,345559200,16.4755
2014-02-11,18.9504,19.2054,18.9107,19.1414,282256800,16.6926
2014-02-12,19.1768,19.2700,19.0443,19.1400,308100800,16.6914
2014-02-13,19.0950,19.4589,19.0786,19.4439,307398000,16.9564
2014-02-14,19.3739,19.4993,19.3289,19.4282,272924400,16.9427
2014-02-18,19.5000,19.6854,19.4861,19.4996,260251600,17.0050
2014-02-19,19.4554,19.5318,19.0839,19.1918,313768000,16.7365
2014-02-20,19.0354,19.1786,18.8929,18.9696,305858000,16.5428
2014-02-21,19.0282,19.0918,18.7357,18.7589,278784800,16.3591
2014-02-24,18.6839,18.9257,18.6579,18.8411,288909600,16.4307
2014-02-25,18.9064,18.9132,18.6071,18.6450,231952000,16.2597
2014-02-26,18.7004,18.7500,18.4143,18.4768,276217200,16.1130
2014-02-27,18.4693,18.8850,18.4304,18.8454,301882000,16.4344
2014-02-28,18.8957,19.0268,18.6471,18.7943,371968800,16.3899
2014-03-03,18.6936,18.9518,18.6718,18.8486,238781200,16.4372
2014-03-04,18.9643,19.0229,18.8489,18.9729,259140000,16.5456
2014-03-05,18.9614,19.0982,18.8975,19.0129,200062800,16.5805
2014-03-06,19.0282,19.0871,18.8607,18.9554,185488800,16.5304
2014-03-07,18.9675,18.9993,18.7875,18.9443,220729600,16.5207
2014-03-10,18.8700,19.0475,18.8693,18.9614,178584000,16.5357
2014-03-11,19.1232,19.2407,19.0211,19.1461,279224400,16.6967
2014-03-12,19.0896,19.1911,19.0000,19.1646,199326400,16.7129
2014-03-13,19.1943,19.2736,18.8986,18.9518,257742800,16.5272
2014-03-14,18.8854,18.9604,18.6786,18.7389,237199200,16.3416
2014-03-17,18.8464,18.9275,18.7804,18.8121,199544800,16.4055
2014-03-18,18.7821,18.9989,18.7571,18.9786,209647200,16.5506
2014-03-19,19.0093,19.1514,18.8929,18.9736,224756000,16.5462
2014-03-20,18.9246,19.0239,18.8339,18.8821,208398400,16.4665
2014-03-21,18.9975,19.0625,18.7975,19.0311,374046400,16.5964
2014-03-24,19.2293,19.3036,19.1093,19.2568,355700800,16.7932
2014-03-25,19.3393,19.4911,19.2711,19.4639,282293200,16.9739
2014-03-26,19.5186,19.6071,19.2450,19.2779,299768000,16.8116
2014-03-27,19.2864,19.3393,19.1114,19.1950,222031600,16.7393
2014-03-28,19.2257,19.2479,19.0804,19.1736,200564000,16.7207
2014-03-31,19.2582,19.3146,19.1404,19.1693,168669200,16.7169
2014-04-01,19.2057,19.3525,19.1704,19.3446,200760000,16.8698
2014-04-02,19.3707,19.4100,19.2950,19.3768,180420800,16.8979
2014-04-03,19.3354,19.3750,19.2014,19.2425,162344000,16.7808
2014-04-04,19.2789,19.2857,18.9493,18.9936,275251200,16.5637
2014-04-07,18.8579,18.9607,18.6389,18.6954,289850400,16.3036
2014-04-08,18.7568,18.7900,18.5250,18.6943,243888400,16.3027
2014-04-09,18.6657,18.9461,18.6436,18.9400,206169600,16.5170
2014-04-10,18.9529,19.0086,18.6846,18.6957,239652000,16.3039
2014-04-11,18.5357,18.6725,18.4693,18.5575,271717600,16.1834
2014-04-14,18.6393,18.6486,18.4718,18.6314,205674000,16.2479
2014-04-15,18.5811,18.6300,18.2618,18.4986,266490000,16.1320
2014-04-16,18.5018,18.6104,18.3621,18.5361,214765600,16.1647
2014-04-17,18.5714,18.8486,18.5429,18.7479,284334400,16.3494
2014-04-21,18.7621,19.0050,18.7129,18.9704,182548800,16.5434
2014-04-22,18.8682,18.9939,18.8036,18.9893,202563200,16.5599
2014-04-23,18.8950,18.9689,18.7304,18.7411,394940000,16.3435
2014-04-24,20.2932,20.3571,20.0261,20.2775,759911600,17.6834
2014-04-25,20.1618,20.4282,20.1414,20.4264,390275200,17.8132
2014-04-28,20.4571,21.2768,20.4482,21.2175,669485600,18.5031
2014-04-29,21.2050,21.2850,21.0539,21.1546,337377600,18.4483
2014-04-30,21.1657,21.4082,21.0643,21.0746,456640800,18.3785
2014-05-01,21.1429,21.2429,20.9414,21.1243,244048000,18.4218
2014-05-02,21.1550,21.2214,21.0611,21.1636,191514400,18.4561
2014-05-05,21.0764,21.4643,21.0714,21.4629,287067200,18.7171
2014-05-06,21.4929,21.5861,21.2289,21.2289,374564400,18.5131
2014-05-07,21.2589,21.3318,20.9904,21.1546,282864400,18.4483
2014-05-08,21.0089,21.2289,20.9429,20.9996,230297200,18.4154
2014-05-09,20.8764,20.9375,20.7261,20.9121,291597600,18.3387
2014-05-12,20.9818,21.2021,20.9786,21.1725,213208800,18.5670
2014-05-13,21.1429,21.2336,21.0964,21.2057,159737200,18.5961
2014-05-14,21.1582,21.3357,21.1336,21.2096,166404000,18.5996
2014-05-15,21.2393,21.3071,21.0014,21.0293,230846000,18.4414
2014-05-16,21.0225,21.3404,20.9071,21.3396,276256400,18.7136
2014-05-19,21.3518,21.6904,21.3332,21.5925,317755200,18.9353
2014-05-20,21.5896,21.6571,21.4546,21.5968,234836000,18.9391
2014-05-21,21.5654,21.6679,21.5021,21.6539,196859600,18.9892
2014-05-22,21.6643,21.7804,21.5750,21.6882,200760000,19.0192
2014-05-23,21.6875,21.9546,21.6596,21.9332,232209600,19.2341
2014-05-27,21.9957,22.3521,21.9868,22.3439,348866000,19.5943
2014-05-28,22.3579,22.4939,22.2779,22.2861,315481600,19.5435
2014-05-29,22.4232,22.7454,22.4204,22.6921,376474000,19.8996
2014-05-30,22.7850,23.0061,22.4607,22.6071,564020800,19.8251
2014-06-02,22.6414,22.6725,22.2321,22.4518,369350800,19.6888
2014-06-03,22.4450,22.8121,22.4375,22.7693,292709200,19.9673
2014-06-04,22.7657,23.1389,22.7182,23.0293,335482000,20.1953
2014-06-05,23.0786,23.1918,22.9504,23.1196,303805600,20.2745
2014-06-06,23.2107,23.2593,23.0168,23.0561,349938400,20.2188
2014-06-09,23.1750,23.4700,22.9375,23.4250,301660000,20.5423
2014-06-10,23.6825,23.7625,23.3925,23.5625,251108000,20.6629
2014-06-11,23.5325,23.6900,23.3675,23.4650,182724000,20.5774
2014-06-12,23.5100,23.5300,22.9750,23.0725,218996000,20.2332
2014-06-13,23.0500,23.1100,22.7200,22.8200,218100000,20.0117
2014-06-16,22.8775,23.1875,22.8625,23.0500,142244000,20.2134
2014-06-17,23.0775,23.1750,22.9500,23.0200,118904000,20.1871
2014-06-18,23.0675,23.0725,22.8375,23.0450,134056000,20.2091
2014-06-19,23.0725,23.0750,22.8350,22.9650,142112000,20.1389
2014-06-20,22.9625,23.1375,22.7250,22.7275,403592000,19.9306
2014-06-23,22.8300,22.9050,22.6500,22.7075,174776000,19.9131
2014-06-24,22.6875,22.9350,22.5475,22.5700,156144000,19.7925
2014-06-25,22.5525,22.6750,22.4125,22.5900,147476000,19.8100
2014-06-26,22.5925,22.7625,22.4500,22.7250,130516000,19.9284
2014-06-27,22.7050,23.0000,22.6925,22.9950,256116000,20.1652
2014-06-30,23.0250,23.4325,23.0225,23.2325,197929200,20.3735
2014-07-01,23.3800,23.5175,23.2825,23.3800,152892000,20.5028
2014-07-02,23.4675,23.5150,23.2725,23.3700,113860000,20.4941
2014-07-03,23.4175,23.5250,23.3000,23.5075,91567200,20.6146
2014-07-07,23.5350,23.9975,23.5250,23.9925,225872000,21.0400
2014-07-08,24.0675,24.2000,23.4800,23.8375,260888000,20.9040
2014-07-09,23.8600,23.9875,23.6900,23.8475,145744000,20.9128
2014-07-10,23.4400,23.8875,23.3800,23.7600,158744000,20.8361
2014-07-11,23.8400,23.9725,23.7150,23.8050,136072000,20.8755
2014-07-14,23.9650,24.2225,23.9125,24.1125,171240000,21.1452
2014-07-15,24.2000,24.2125,23.7575,23.8300,181911600,20.8975
2014-07-16,24.2425,24.2750,23.6850,23.6950,213585200,20.7791
2014-07-17,23.7575,23.8200,23.1425,23.2725,229192000,20.4086
2014-07-18,23.4050,23.6850,23.2550,23.6075,199952000,20.7023
2014-07-21,23.7475,23.7500,23.4300,23.4850,156316000,20.5949
2014-07-22,23.6700,23.7225,23.5300,23.6800,220788000,20.7659
2014-07-23,23.8550,24.4700,23.7925,24.2975,371672000,21.3074
2014-07-24,24.2600,24.3300,24.1050,24.2575,182916000,21.2723
2014-07-25,24.2125,24.4600,24.1600,24.4175,173876000,21.4127
2014-07-28,24.4550,24.8100,24.3875,24.7550,221272000,21.7086
2014-07-29,24.8325,24.8600,24.5625,24.5950,172572000,21.5683
2014-07-30,24.6100,24.6750,24.4175,24.5375,132040000,21.5179
2014-07-31,24.2900,24.3625,23.8325,23.9000,227372000,20.9588
2014-08-01,23.7250,24.1550,23.7025,24.0325,194044000,21.0750
2014-08-04,24.0925,24.1450,23.7925,23.8975,159832000,20.9566
2014-08-05,23.8400,23.9200,23.5900,23.7800,223732000,20.8536
2014-08-06,23.6875,23.8700,23.6775,23.7400,154232000,20.8185
2014-08-07,23.7325,23.9875,23.5250,23.6200,186844000,20.8163
2014-08-08,23.5650,23.7050,23.3200,23.6850,167460000,20.8736
2014-08-11,23.8175,24.0200,23.7100,23.9975,146340000,21.1490
2014-08-12,24.0100,24.2200,23.9025,23.9925,135180000,21.1446
2014-08-13,24.0375,24.3100,24.0100,24.3100,127664000,21.4244
2014-08-14,24.3325,24.3925,24.2000,24.3750,112464000,21.4817
2014-08-15,24.4750,24.5475,24.2150,24.4950,195804000,21.5875
2014-08-18,24.6225,24.8425,24.4950,24.7900,190288000,21.8474
2014-08-19,24.8525,25.1700,24.8300,25.1325,277596000,22.1493
2014-08-20,25.1100,25.2725,24.9875,25.1425,210796000,22.1581
2014-08-21,25.1425,25.2350,25.0275,25.1450,133912000,22.1603
2014-08-22,25.0725,25.3675,25.0475,25.3300,176736000,22.3233
2014-08-25,25.4475,25.5425,25.3200,25.3850,161080000,22.3718
2014-08-26,25.3550,25.3750,25.2150,25.2225,132608000,22.2286
2014-08-27,25.2550,25.6425,25.1750,25.5325,209476000,22.5018
2014-08-28,25.3975,25.6950,25.3900,25.5625,273840000,22.5283
2014-08-29,25.7150,25.7250,25.5500,25.6250,178380000,22.5833
2014-09-02,25.7650,25.9350,25.6800,25.8250,214256000,22.7596
2014-09-03,25.7750,25.8000,24.6450,24.7350,501684000,21.7990
2014-09-04,24.7125,25.0225,24.4475,24.5300,342872000,21.6183
2014-09-05,24.7000,24.8475,24.5775,24.7425,233828000,21.8056
2014-09-08,24.8250,24.8275,24.5125,24.5900,185426800,21.6712
2014-09-09,24.7700,25.7700,24.0350,24.4975,759385200,21.5897
2014-09-10,24.5025,25.2775,24.4400,25.2500,403478400,22.2528
2014-09-11,25.1025,25.3600,24.9050,25.3575,249412400,22.3476
2014-09-12,25.3025,25.5475,25.2700,25.4150,250504400,22.3983
2014-09-15,25.7025,25.7625,25.3600,25.4075,245266000,22.3916
2014-09-16,24.9500,25.3150,24.7225,25.2150,267632400,22.2220
2014-09-17,25.3175,25.4500,25.1475,25.3950,243706000,22.3806
2014-09-18,25.4825,25.5875,25.3900,25.4475,149197600,22.4269
2014-09-19,25.5725,25.5875,25.1250,25.2400,283609600,22.2440
2014-09-22,25.4500,25.5350,25.1450,25.2650,211153600,22.2661
2014-09-23,25.1500,25.7350,25.1350,25.6600,253608800,22.6142
2014-09-24,25.5400,25.7125,25.3000,25.4375,240687200,22.4181
2014-09-25,25.1275,25.1775,24.4300,24.4675,400368000,21.5632
2014-09-26,24.6325,25.1875,24.6000,25.1875,249482000,22.1978
2014-09-29,24.6625,25.1100,24.6575,25.0275,199065200,22.0568
2014-09-30,25.2025,25.3850,25.1325,25.1875,221056400,22.1978
2014-10-01,25.1475,25.1725,24.6750,24.7950,205965200,21.8518
2014-10-02,24.8175,25.0550,24.5100,24.9750,191031200,22.0105
2014-10-03,24.8600,25.0525,24.7600,24.9050,173878400,21.9488
2014-10-06,24.9875,25.1625,24.8550,24.9050,148204800,21.9488
2014-10-07,24.8575,25.0300,24.6825,24.6875,168376800,21.7571
2014-10-08,24.6900,25.2775,24.5775,25.2000,229618800,22.2088
2014-10-09,25.3850,25.5950,25.1525,25.2550,309506000,22.2572
2014-10-10,25.1725,25.5075,25.0750,25.1825,265326400,22.1934
2014-10-13,25.3325,25.4450,24.9525,24.9525,214333600,21.9907
2014-10-14,25.0975,25.1300,24.6425,24.6875,254754400,21.7571
2014-10-15,24.4925,24.7875,23.7950,24.3850,403734400,21.4905
2014-10-16,23.8875,24.4300,23.8525,24.0650,288618000,21.2085
2014-10-17,24.3750,24.7500,24.2025,24.4175,272718800,21.5192
2014-10-20,24.5800,24.9900,24.5550,24.9400,310069200,21.9796
2014-10-21,25.7550,25.7550,25.3175,25.6175,378495600,22.5767
2014-10-22,25.7100,26.0275,25.6500,25.7475,273052400,22.6913
2014-10-23,26.0200,26.2625,25.9075,26.2075,284298800,23.0967
2014-10-24,26.2950,26.3725,26.1325,26.3050,188215600,23.1826
2014-10-27,26.2125,26.3700,26.1750,26.2775,136750800,23.1584
2014-10-28,26.3500,26.6850,26.3375,26.6850,192243600,23.5175
2014-10-29,26.6625,26.8425,26.5900,26.8350,210751600,23.6497
2014-10-30,26.7400,26.8375,26.4750,26.7450,162619200,23.5704
2014-10-31,27.0025,27.0100,26.8025,27.0000,178557200,23.7951
2014-11-03,27.0550,27.5750,27.0025,27.3500,209130400,24.1036
2014-11-04,27.3400,27.3725,26.9300,27.1500,166297600,23.9273
2014-11-05,27.2750,27.3250,27.0325,27.2150,149743600,23.9846
2014-11-06,27.1500,27.1975,26.9500,27.1750,139874000,24.0532
2014-11-07,27.1875,27.3300,27.1375,27.2525,134766000,24.1218
2014-11-10,27.2550,27.3325,27.1675,27.2075,108782000,24.0820
2014-11-11,27.1750,27.4375,27.1000,27.4250,109769200,24.2745
2014-11-12,27.3450,27.8575,27.3425,27.8125,187769600,24.6175
2014-11-13,27.9500,28.3625,27.9000,28.2050,238091600,24.9649
2014-11-14,28.2875,28.5475,27.8025,28.5450,176254400,25.2658
2014-11-17,28.5675,29.3200,28.3250,28.4975,186986800,25.2238
2014-11-18,28.4850,28.9225,28.4725,28.8675,176896000,25.5513
2014-11-19,28.8600,28.9350,28.4500,28.6675,167476800,25.3742
2014-11-20,28.7275,29.2150,28.7125,29.0775,173582000,25.7371
2014-11-21,29.3775,29.3925,29.0075,29.1175,228717200,25.7726
2014-11-24,29.2125,29.6925,29.1550,29.6575,189803200,26.2505
2014-11-25,29.7675,29.9375,29.3625,29.4000,275361600,26.0226
2014-11-26,29.4850,29.7750,29.4575,29.7500,163073200,26.3324
2014-11-28,29.8175,29.8500,29.5125,29.7325,99257600,26.3169
2014-12-01,29.7025,29.8125,27.8175,28.7675,335256000,25.4628
2014-12-02,28.3750,28.9375,28.1875,28.6575,237395600,25.3654
2014-12-03,28.9375,29.0875,28.7775,28.9825,172253600,25.6531
2014-12-04,28.9425,29.3000,28.8225,28.8725,168178000,25.5557
2014-12-05,28.9975,29.0200,28.6600,28.7500,153275600,25.4473
2014-12-08,28.5250,28.6625,27.9050,28.1000,230659600,24.8719
2014-12-09,27.5475,28.5750,27.3375,28.5300,240832000,25.2525
2014-12-10,28.6025,28.7125,27.8850,27.9875,178261200,24.7724
2014-12-11,28.0650,28.4500,27.8350,27.9050,165606800,24.6993
2014-12-12,27.6150,27.9675,27.3950,27.4325,224112400,24.2811
2014-12-15,27.6750,27.9000,26.5875,27.0575,268872400,23.9492
2014-12-16,26.5925,27.5400,26.5650,26.6875,243162800,23.6217
2014-12-17,26.7800,27.4600,26.7050,27.3525,213647200,24.2103
2014-12-18,27.9675,28.1625,27.6650,28.1625,236024800,24.9273
2014-12-19,28.0650,28.3100,27.9150,27.9450,353719200,24.7347
2014-12-22,28.0400,28.3725,27.9925,28.2350,180670000,24.9914
2014-12-23,28.3075,28.3325,28.1150,28.1350,104113600,24.9029
2014-12-24,28.1450,28.1775,28.0025,28.0025,57918400,24.7856
2014-12-26,28.0250,28.6300,28.0025,28.4975,134884000,25.2238
2014-12-29,28.4475,28.6925,28.4250,28.4775,110395600,25.2061
2014-12-30,28.4100,28.4800,28.0275,28.1300,119526000,24.8985
2014-12-31,28.2050,28.2825,27.5525,27.5950,165613600,24.4249
2015-01-02,27.8475,27.8600,26.8375,27.3325,212818400,24.1926
2015-01-05,27.0725,27.1625,26.3525,26.5625,257142000,23.5111
2015-01-06,26.6350,26.8575,26.1575,26.5650,263188400,23.5133
2015-01-07,26.8000,27.0500,26.6750,26.9375,160423600,23.8430
2015-01-08,27.3075,28.0375,27.1750,27.9725,237458000,24.7591
2015-01-09,28.1675,28.3125,27.5525,28.0025,214798000,24.7856
2015-01-12,28.1500,28.1575,27.2000,27.3125,198603200,24.1749
2015-01-13,27.8575,28.2000,27.2275,27.5550,268367600,24.3895
2015-01-14,27.2600,27.6225,27.1250,27.4500,195826400,24.2966
2015-01-15,27.5000,27.5150,26.6650,26.7050,240056000,23.6372
2015-01-16,26.7575,26.8950,26.3000,26.4975,314053200,23.4535
2015-01-20,26.9600,27.2425,26.6250,27.1800,199599600,24.0576
2015-01-21,27.2375,27.7650,27.0675,27.3875,194303600,24.2413
2015-01-22,27.5650,28.1175,27.4300,28.1000,215185600,24.8719
2015-01-23,28.0750,28.4375,27.8825,28.2450,185859200,25.0003
2015-01-26,28.4350,28.5900,28.2000,28.2750,222460000,25.0268
2015-01-27,28.1050,28.1200,27.2575,27.2850,382274800,24.1506
2015-01-28,29.4075,29.5300,28.8275,28.8275,585908400,25.5159
2015-01-29,29.0800,29.7975,28.8900,29.7250,337745600,26.3103
2015-01-30,29.6000,30.0000,29.2125,29.2900,334982000,25.9252
2015-02-02,29.5125,29.7925,29.0200,29.6575,250956400,26.2505
2015-02-03,29.6250,29.7725,29.4025,29.6625,207662800,26.2549
2015-02-04,29.6250,30.1275,29.5775,29.8900,280598800,26.4563
2015-02-05,30.0050,30.0575,29.8125,29.9850,168984800,26.6451
2015-02-06,30.0050,30.0625,29.6125,29.7325,174826400,26.4208
2015-02-09,29.6375,29.9600,29.6075,29.9300,155559200,26.5963
2015-02-10,30.0425,30.5375,30.0400,30.5050,248034000,27.1072
2015-02-11,30.6925,31.2300,30.6250,31.2200,294247200,27.7426
2015-02-12,31.5150,31.8700,31.3925,31.6150,297898000,28.0936
2015-02-13,31.8200,31.8200,31.4125,31.7700,217088800,28.2313
2015-02-17,31.8725,32.2200,31.7300,31.9575,252609600,28.3979
2015-02-18,31.9075,32.1950,31.8625,32.1800,179566800,28.5956
2015-02-19,32.1200,32.2575,32.0825,32.1125,149449600,28.5357
2015-02-20,32.1550,32.3750,32.0125,32.3750,195793600,28.7689
2015-02-23,32.5050,33.2500,32.4150,33.2500,283896400,29.5465
2015-02-24,33.2350,33.4000,32.7925,33.0425,276912400,29.3621
2015-02-25,32.8900,32.9000,32.0375,32.1975,298846800,28.6112
2015-02-26,32.1975,32.7175,31.6525,32.6050,365150000,28.9733
2015-02-27,32.5000,32.6425,32.0600,32.1150,248059200,28.5379
2015-03-02,32.3125,32.5700,32.0750,32.2725,192386800,28.6778
2015-03-03,32.2400,32.3800,32.0225,32.3400,151265200,28.7378
2015-03-04,32.2750,32.3900,32.0800,32.1350,126665200,28.5557
2015-03-05,32.1450,32.1875,31.4400,31.6025,226068400,28.0825
2015-03-06,32.1000,32.3425,31.5650,31.6500,291368400,28.1247
2015-03-09,31.9900,32.3925,31.2650,31.7850,354114000,28.2446
2015-03-10,31.6025,31.8050,30.9500,31.1275,275426400,27.6604
2015-03-11,31.1875,31.1925,30.5275,30.5600,275756000,27.1561
2015-03-12,30.5775,31.2250,30.4075,31.1125,193450800,27.6471
2015-03-13,31.1000,31.3500,30.6450,30.8975,207309200,27.4560
2015-03-16,30.9700,31.2375,30.7175,31.2375,143497200,27.7581
2015-03-17,31.4750,31.8300,31.4125,31.7600,204092400,28.2224
2015-03-18,31.7500,32.2900,31.5925,32.1175,261083600,28.5401
2015-03-19,32.1875,32.3125,31.8500,31.8750,183238000,28.3246
2015-03-20,32.0625,32.1000,31.2900,31.4750,274780400,27.9692
2015-03-23,31.7800,31.9625,31.6300,31.8025,150838800,28.2602
2015-03-24,31.8075,32.0100,31.6400,31.6725,131369200,28.1447
2015-03-25,31.6350,31.7050,30.8450,30.8450,206620800,27.4093
2015-03-26,30.6900,31.2200,30.6500,31.0600,190291600,27.6004
2015-03-27,31.1425,31.1750,30.7275,30.8125,158184800,27.3805
2015-03-30,31.0125,31.6000,31.0000,31.5925,188398800,28.0736
2015-03-31,31.5225,31.6225,31.0900,31.1075,168362400,27.6426
2015-04-01,31.2050,31.2800,30.7750,31.0625,162485600,27.6026
2015-04-02,31.2575,31.3900,31.0475,31.3300,128880400,27.8403
2015-04-06,31.1175,31.8775,31.0825,31.8375,148776000,28.2913
2015-04-07,31.9100,32.0300,31.4950,31.5025,140049200,27.9936
2015-04-08,31.4625,31.6000,31.2425,31.4000,149316800,27.9025
2015-04-09,31.4625,31.6450,31.1650,31.6400,129936000,28.1158
2015-04-10,31.4875,31.8025,31.3150,31.7750,160752000,28.2358
2015-04-13,32.0925,32.1425,31.6525,31.7125,145460400,28.1802
2015-04-14,31.7500,31.8225,31.4775,31.5750,102098400,28.0580
2015-04-15,31.6025,31.7825,31.5025,31.6950,115881600,28.1647
2015-04-16,31.5700,31.7750,31.5275,31.5425,113476000,28.0291
2015-04-17,31.3875,31.5350,31.1150,31.1875,207828000,27.7137
2015-04-20,31.3925,32.0300,31.2925,31.9000,188217200,28.3468
2015-04-21,32.0250,32.0500,31.6675,31.7275,129740400,28.1936
2015-04-22,31.7475,32.2175,31.5800,32.1550,150618000,28.5734
2015-04-23,32.0750,32.6050,32.0350,32.4175,183083600,28.8067
2015-04-24,32.6225,32.6575,32.3075,32.5700,178103600,28.9422
2015-04-27,33.0775,33.2825,32.7875,33.1625,387816800,29.4687
2015-04-28,33.6150,33.6350,32.3925,32.6400,475696000,29.0044
2015-04-29,32.5400,32.8975,32.0750,32.1600,253544400,28.5779
2015-04-30,32.1600,32.1600,31.1450,31.2875,332781600,27.8026
2015-05-01,31.5250,32.5325,31.3250,32.2375,234050400,28.6467
2015-05-04,32.3750,32.6425,32.0650,32.1750,203953200,28.5912
2015-05-05,32.0375,32.1125,31.4450,31.4500,197085600,27.9470
2015-05-06,31.6400,31.6875,30.8400,31.2525,288564000,27.7715
2015-05-07,31.1925,31.5200,31.0050,31.3150,175763600,27.9432
2015-05-08,31.6700,31.9050,31.5275,31.9050,222201600,28.4697
2015-05-11,31.8475,31.8900,31.4075,31.5800,168143200,28.1797
2015-05-12,31.4000,31.7200,31.2050,31.4675,192640000,28.0793
2015-05-13,31.5375,31.7975,31.4675,31.5025,138776800,28.1105
2015-05-14,31.8525,32.2375,31.7900,32.2375,180814000,28.7664
2015-05-15,32.2675,32.3725,32.0525,32.1925,152832000,28.7262
2015-05-18,32.0950,32.6800,32.0900,32.5475,203531600,29.0430
2015-05-19,32.6725,32.7200,32.4100,32.5175,178532800,29.0163
2015-05-20,32.5000,32.7450,32.3350,32.5150,145819600,29.0140
2015-05-21,32.5175,32.9075,32.4575,32.8475,158921600,29.3107
2015-05-22,32.9000,33.2425,32.8500,33.1350,182384000,29.5673
2015-05-26,33.1500,33.2275,32.2800,32.4050,282790400,28.9159
2015-05-27,32.5850,33.0650,32.5125,33.0100,183332800,29.4557
2015-05-28,32.9650,32.9875,32.7750,32.9450,122933200,29.3977
2015-05-29,32.8075,32.8625,32.4750,32.5700,203538000,29.0631
2015-06-01,32.5700,32.8475,32.5125,32.6350,128451200,29.1211
2015-06-02,32.4650,32.6650,32.3300,32.4900,134670400,28.9917
2015-06-03,32.6650,32.7350,32.4750,32.5300,123934000,29.0274
2015-06-04,32.3950,32.6450,32.2275,32.3400,153800400,28.8579
2015-06-05,32.3750,32.4225,32.0900,32.1625,142507200,28.6995
2015-06-08,32.2250,32.3025,31.7075,31.9500,210699200,28.5099
2015-06-09,31.6750,32.0200,31.4050,31.8550,224301600,28.4251
2015-06-10,31.9800,32.3350,31.9625,32.2200,156349200,28.7508
2015-06-11,32.2950,32.5450,32.1200,32.1475,141563600,28.6861
2015-06-12,32.0475,32.0825,31.7775,31.7925,147544800,28.3693
2015-06-15,31.5250,31.8100,31.4275,31.7300,175955600,28.3136
2015-06-16,31.7575,31.9625,31.5925,31.9000,125976400,28.4652
2015-06-17,31.9300,31.9700,31.6850,31.8250,131672400,28.3983
2015-06-18,31.8075,32.0775,31.8050,31.9700,141628800,28.5277
2015-06-19,31.9275,31.9550,31.6000,31.6500,218867600,28.2422
2015-06-22,31.8725,32.0150,31.7700,31.9025,136157200,28.4675
2015-06-23,31.8700,31.9025,31.7200,31.7575,121075600,28.3381
2015-06-24,31.8025,32.4500,31.7800,32.0275,221123600,28.5790
2015-06-25,32.2150,32.3000,31.8750,31.8750,127752400,28.4429
2015-06-26,31.9175,31.9975,31.6275,31.6875,176267200,28.2756
2015-06-29,31.3650,31.6175,31.1200,31.1325,196645600,27.7804
2015-06-30,31.3925,31.5300,31.2150,31.3575,177482800,27.9812
2015-07-01,31.7250,31.7350,31.4975,31.6500,120955200,28.2422
2015-07-02,31.6075,31.6725,31.4425,31.6100,108844000,28.2065
2015-07-06,31.2350,31.5575,31.2125,31.5000,112241600,28.1083
2015-07-07,31.4725,31.5375,30.9425,31.4225,187787200,28.0392
2015-07-08,31.1200,31.1600,30.6350,30.6425,243046400,27.3431
2015-07-09,30.9625,31.0150,29.8050,30.0175,314380000,26.7854
2015-07-10,30.4850,30.9625,30.3025,30.8200,245418000,27.5015
2015-07-13,31.2575,31.4400,31.0800,31.4150,165762000,28.0325
2015-07-14,31.5100,31.5925,31.2600,31.4025,127072400,28.0213
2015-07-15,31.4300,31.7875,31.3950,31.7050,134596800,28.2912
2015-07-16,31.9350,32.1425,31.8375,32.1275,144889600,28.6682
2015-07-17,32.2700,32.4050,32.0775,32.4050,184658800,28.9159
2015-07-20,32.7425,33.2425,32.6750,33.0175,235600800,29.4624
2015-07-21,33.2125,33.2300,32.5800,32.6875,307025600,29.1679
2015-07-22,30.4975,31.3750,30.4975,31.3050,461802400,27.9343
2015-07-23,31.5500,31.7725,31.2650,31.2900,203998000,27.9209
2015-07-24,31.3300,31.4350,30.9750,31.1250,168649200,27.7737
2015-07-27,30.7725,30.9025,30.5300,30.6925,177822000,27.3878
2015-07-28,30.8450,30.9775,30.6375,30.8450,134472400,27.5238
2015-07-29,30.7875,30.8750,30.5675,30.7475,148046800,27.4368
2015-07-30,30.5800,30.6425,30.4275,30.5925,134513200,27.2985
2015-07-31,30.6500,30.6600,30.2275,30.3250,171540000,27.0598
2015-08-03,30.3750,30.6425,29.3800,29.6100,279904000,26.4218
2015-08-04,29.3550,29.4250,28.3125,28.6600,496554400,25.5741
2015-08-05,28.2375,29.3600,28.0250,28.8500,397250400,25.7436
2015-08-06,28.9925,29.1250,28.5300,28.7825,211612000,25.7997
2015-08-07,28.6450,29.0625,28.6250,28.8800,154681600,25.8871
2015-08-10,29.1325,29.9975,29.1325,29.9300,219806400,26.8283
2015-08-11,29.4525,29.5450,28.3325,28.3725,388331200,25.4322
2015-08-12,28.1325,28.8550,27.4075,28.8100,404870000,25.8243
2015-08-13,29.0100,29.1000,28.6350,28.7875,194143200,25.8041
2015-08-14,28.5800,29.0775,28.5025,28.9900,171718000,25.9857
2015-08-17,29.0100,29.4125,28.8750,29.2900,163538800,26.2546
2015-08-18,29.1075,29.3600,29.0025,29.1250,138242800,26.1067
2015-08-19,29.0250,29.1300,28.6700,28.7525,193146000,25.7728
2015-08-20,28.5200,28.5875,27.9075,28.1625,274006400,25.2439
2015-08-21,27.6075,27.9750,26.4125,26.4400,513102000,23.6999
2015-08-24,23.7175,27.2000,23.0000,25.7800,648825200,23.1083
2015-08-25,27.7775,27.7775,25.8750,25.9350,414406400,23.2473
2015-08-26,26.7725,27.4725,26.2625,27.4225,387098400,24.5806
2015-08-27,28.0575,28.3100,27.5050,28.2300,338464400,25.3044
2015-08-28,28.0425,28.3275,27.8850,28.3225,212657600,25.3873
2015-08-31,28.0075,28.6325,28.0000,28.1900,224917200,25.2686
2015-09-01,27.5375,27.9700,26.8400,26.9300,307383600,24.1391
2015-09-02,27.5575,28.0850,27.2825,28.0850,247555200,25.1744
2015-09-03,28.1225,28.1950,27.5100,27.5925,212935600,24.7330
2015-09-04,27.2425,27.6125,27.1275,27.3175,199985200,24.4865
2015-09-08,27.9375,28.1400,27.5800,28.0775,219374400,25.1677
2015-09-09,28.4400,28.5050,27.4425,27.5375,340043200,24.6837
2015-09-10,27.5675,28.3200,27.4750,28.1425,251571200,25.2260
2015-09-11,27.9475,28.5525,27.9400,28.5525,199662000,25.5935
2015-09-14,29.1450,29.2225,28.7150,28.8275,233453600,25.8400
2015-09-15,28.9825,29.1325,28.6050,29.0700,173364800,26.0574
2015-09-16,29.0625,29.1350,28.8600,29.1025,148694000,26.0865
2015-09-17,28.9150,29.1225,28.4300,28.4800,256450400,25.5285
2015-09-18,28.0525,28.5750,27.9675,28.3625,297141200,25.4232
2015-09-21,28.4175,28.8425,28.4150,28.8025,200888000,25.8176
2015-09-22,28.3450,28.5450,28.1300,28.3500,201384800,25.4120
2015-09-23,28.4075,28.6800,28.3250,28.5800,143026800,25.6181
2015-09-24,28.3125,28.8750,28.0925,28.7500,200878000,25.7705
2015-09-25,29.1100,29.1725,28.5050,28.6775,224607600,25.7056
2015-09-28,28.4625,28.6425,28.1100,28.1100,208436000,25.1969
2015-09-29,28.2075,28.3775,26.9650,27.2650,293461600,24.4394
2015-09-30,27.5425,27.8850,27.1825,27.5750,265892000,24.7173
2015-10-01,27.2675,27.4050,26.8275,27.3950,255716400,24.5560
2015-10-02,27.0025,27.7525,26.8875,27.5950,232079200,24.7352
2015-10-05,27.4700,27.8425,27.2675,27.6950,208258800,24.8249
2015-10-06,27.6575,27.9350,27.4425,27.8275,192787200,24.9436
2015-10-07,27.9350,27.9425,27.3525,27.6950,187062400,24.8249
2015-10-08,27.5475,27.5475,27.0525,27.3750,247918400,24.5380
2015-10-09,27.5000,28.0700,27.3725,28.0300,211064400,25.1251
2015-10-12,28.1825,28.1875,27.8600,27.9000,121868800,25.0086
2015-10-13,27.7050,28.1125,27.6700,27.9475,132197200,25.0512
2015-10-14,27.8225,27.8800,27.3900,27.5525,177849600,24.6971
2015-10-15,27.7325,28.0250,27.6225,27.9650,150694000,25.0669
2015-10-16,27.9450,28.0000,27.6325,27.7600,156930400,24.8831
2015-10-19,27.7000,27.9375,27.5275,27.9325,119036800,25.0378
2015-10-20,27.8350,28.5425,27.7050,28.4425,195871200,25.4949
2015-10-21,28.5000,28.8950,28.4250,28.4400,167180800,25.4927
2015-10-22,28.5825,28.8750,28.5250,28.8750,166616400,25.8826
2015-10-23,29.1750,29.8075,29.0825,29.7700,237467600,26.6848
2015-10-26,29.5200,29.5325,28.7300,28.8200,265335200,25.8333
2015-10-27,28.8500,29.1350,28.4975,28.6375,279537600,25.6697
2015-10-28,29.2325,29.8250,29.0150,29.8175,342205600,26.7274
2015-10-29,29.6750,30.1725,29.5675,30.1325,204909200,27.0098
2015-10-30,30.2475,30.3050,29.8625,29.8750,197461200,26.7789
2015-11-02,30.2000,30.3400,29.9025,30.2950,128813200,27.1554
2015-11-03,30.1975,30.8725,30.1750,30.6425,182076000,27.4669
2015-11-04,30.7825,30.9550,30.4050,30.5000,179544400,27.3392
2015-11-05,30.4625,30.6725,30.0450,30.2300,158210800,27.2131
2015-11-06,30.2775,30.4525,30.1550,30.2650,132169200,27.2447
2015-11-09,30.2400,30.4525,30.0125,30.1425,135485600,27.1344
2015-11-10,29.2250,29.5175,29.0150,29.1925,236511600,26.2792
2015-11-11,29.0925,29.3550,28.8025,29.0275,180872000,26.1307
2015-11-12,29.0650,29.2050,28.9125,28.9300,130102400,26.0429
2015-11-13,28.8000,28.8925,28.0675,28.0850,183249600,25.2822
2015-11-16,27.8450,28.5600,27.7500,28.5450,152426800,25.6963
2015-11-17,28.7300,28.7625,28.3300,28.4225,110467600,25.5860
2015-11-18,28.9400,29.3725,28.8750,29.3225,186698800,26.3962
2015-11-19,29.4100,29.9375,29.1900,29.6950,173183200,26.7315
2015-11-20,29.8000,29.9800,29.7125,29.8250,137148400,26.8486
2015-11-23,29.8175,29.9325,29.3350,29.4375,129930000,26.4997
2015-11-24,29.3325,29.8375,29.2800,29.7200,171212800,26.7540
2015-11-25,29.8025,29.8075,29.4800,29.5075,85553200,26.5628
2015-11-27,29.5725,29.6025,29.4000,29.4525,52185600,26.5132
2015-11-30,29.4975,29.8525,29.4375,29.5750,156721200,26.6235
2015-12-01,29.6875,29.7025,29.2150,29.3350,139409600,26.4075
2015-12-02,29.3350,29.5275,29.0200,29.0700,133546400,26.1689
2015-12-03,29.1375,29.1975,28.5550,28.8000,166278000,25.9258
2015-12-04,28.8225,29.8125,28.7775,29.7575,231108000,26.7878
2015-12-07,29.7450,29.9650,29.4525,29.5700,128336800,26.6190
2015-12-08,29.3800,29.6500,29.2150,29.5575,137238000,26.6078
2015-12-09,29.4100,29.4225,28.7700,28.9050,185445600,26.0204
2015-12-10,29.0100,29.2350,28.8775,29.0425,116850800,26.1441
2015-12-11,28.7975,28.8475,28.2125,28.2950,187544800,25.4713
2015-12-14,28.0450,28.1700,27.4475,28.1200,257274800,25.3137
2015-12-15,27.9850,28.2000,27.5875,27.6225,213292400,24.8659
2015-12-16,27.7675,27.9975,27.2000,27.8350,224954000,25.0572
2015-12-17,28.0050,28.0625,27.2450,27.2450,179091200,24.5260
2015-12-18,27.2275,27.3800,26.4525,26.5075,385813200,23.8621
2015-12-21,26.8200,26.8425,26.3925,26.8325,190362400,24.1547
2015-12-22,26.8500,26.9300,26.6125,26.8075,131157600,24.1322
2015-12-23,26.8175,27.2125,26.8000,27.1525,130629600,24.4428
2015-12-24,27.2500,27.2500,26.9875,27.0075,54281600,24.3122
2015-12-28,26.8975,26.9225,26.5450,26.7050,106816800,24.0399
2015-12-29,26.7400,27.3575,26.7150,27.1850,123724800,24.4720
2015-12-30,27.1450,27.1750,26.7950,26.8300,100855200,24.1525
2015-12-31,26.7525,26.7575,26.2050,26.3150,163649200,23.6888
2016-01-04,25.6525,26.3425,25.5000,26.3375,270597600,23.7091
2016-01-05,26.4375,26.4625,25.6025,25.6775,223164000,23.1150
2016-01-06,25.1400,25.5925,24.9675,25.1750,273829600,22.6626
2016-01-07,24.6700,25.0325,24.1075,24.1125,324377600,21.7062
2016-01-08,24.6375,24.7775,24.1900,24.2400,283192000,21.8209
2016-01-11,24.7425,24.7650,24.3350,24.6325,198957600,22.1743
2016-01-12,25.1375,25.1725,24.7100,24.9900,196616800,22.4961
2016-01-13,25.0800,25.2975,24.3250,24.3475,249758400,21.9177
2016-01-14,24.4900,25.1200,23.9350,24.8800,252680400,22.3971
2016-01-15,24.0500,24.4275,23.8400,24.2825,319335600,21.8592
2016-01-19,24.6025,24.6625,23.8750,24.1650,212350800,21.7534
2016-01-20,23.7750,24.5475,23.3550,24.1975,289337600,21.7827
2016-01-21,24.2650,24.4700,23.7350,24.0750,208646000,21.6724
2016-01-22,24.6575,25.3650,24.5925,25.3550,263202000,22.8247
2016-01-25,25.3800,25.3825,24.8025,24.8600,207178000,22.3791
2016-01-26,24.9825,25.2200,24.5175,24.9975,300308000,22.5028
2016-01-27,24.0100,24.1575,23.3350,23.3550,533478800,21.0242
2016-01-28,23.4475,23.6300,23.0975,23.5225,222715200,21.1750
2016-01-29,23.6975,24.3350,23.5875,24.3350,257666000,21.9064
2016-02-01,24.1175,24.1775,23.8500,24.1075,163774000,21.7016
2016-02-02,23.8550,24.0100,23.5700,23.6200,149428800,21.2628
2016-02-03,23.7500,24.2100,23.5200,24.0875,183857200,21.6836
2016-02-04,23.9650,24.3325,23.7975,24.1500,185886800,21.8579
2016-02-05,24.1300,24.2300,23.4225,23.5050,185672400,21.2741
2016-02-08,23.2825,23.9250,23.2600,23.7525,216085600,21.4981
2016-02-09,23.5725,23.9850,23.4825,23.7475,177324800,21.4936
2016-02-10,23.9800,24.0875,23.5250,23.5675,169374400,21.3307
2016-02-11,23.4475,23.6800,23.1475,23.4250,200298800,21.2017
2016-02-12,23.5475,23.6250,23.2525,23.4975,161405600,21.2673
2016-02-16,23.7550,24.2125,23.6525,24.1600,196231600,21.8669
2016-02-17,24.1675,24.5525,24.0375,24.5300,179452800,22.2018
2016-02-18,24.7100,24.7225,24.0225,24.0650,156084000,21.7810
2016-02-19,24.0000,24.1900,23.9500,24.0100,141496800,21.7312
2016-02-22,24.0775,24.2250,23.9800,24.2200,137123200,21.9212
2016-02-23,24.1000,24.1250,23.6375,23.6725,127770400,21.4257
2016-02-24,23.4950,24.0950,23.3300,24.0250,145022800,21.7447
2016-02-25,24.0125,24.1900,23.8125,24.1900,110330800,21.8941
2016-02-26,24.3000,24.5050,24.1450,24.2275,115964400,21.9280
2016-02-29,24.2150,24.5575,24.1625,24.1725,140865200,21.8782
2016-03-01,24.4125,25.1925,24.3550,25.1325,201628400,22.7471
2016-03-02,25.1275,25.2225,24.9100,25.1875,132678400,22.7969
2016-03-03,25.1450,25.4275,25.1125,25.3750,147822800,22.9666
2016-03-04,25.5925,25.9375,25.3425,25.7525,184220400,23.3083
2016-03-07,25.5975,25.7075,25.2400,25.4675,143315600,23.0503
2016-03-08,25.1950,25.4400,25.1000,25.2575,126247600,22.8603
2016-03-09,25.3275,25.3950,25.0675,25.2800,108806800,22.8806
2016-03-10,25.3525,25.5600,25.0375,25.2925,134054400,22.8919
2016-03-11,25.5600,25.5700,25.3750,25.5650,109632800,23.1386
2016-03-14,25.4775,25.7275,25.4450,25.6300,100304400,23.1974
2016-03-15,25.9900,26.2950,25.9625,26.1450,160270800,23.6635
2016-03-16,26.1525,26.5775,26.1475,26.4925,153214000,23.9780
2016-03-17,26.3800,26.6175,26.2400,26.4500,137682800,23.9396
2016-03-18,26.5850,26.6250,26.2975,26.4800,176820800,23.9667
2016-03-21,26.4825,26.9125,26.2850,26.4775,142010800,23.9645
2016-03-22,26.3125,26.8225,26.3025,26.6800,129777600,24.1477
2016-03-23,26.6200,26.7675,26.4750,26.5325,102814000,24.0142
2016-03-24,26.3675,26.5625,26.2225,26.4175,104532000,23.9102
2016-03-28,26.5000,26.5475,26.2650,26.2975,77645600,23.8016
2016-03-29,26.2225,26.9475,26.2200,26.9200,124760400,24.3650
2016-03-30,27.1625,27.6050,27.1500,27.3900,182404400,24.7904
2016-03-31,27.4300,27.4750,27.2200,27.2475,103553600,24.6614
2016-04-01,27.1950,27.5000,27.0500,27.4975,103496000,24.8877
2016-04-04,27.6050,28.0475,27.5675,27.7800,149424800,25.1433
2016-04-05,27.3775,27.6825,27.3550,27.4525,106314800,24.8469
2016-04-06,27.5575,27.7450,27.3000,27.7400,105616400,25.1071
2016-04-07,27.4875,27.6050,27.0300,27.1350,127207600,24.5596
2016-04-08,27.2275,27.4425,27.0425,27.1650,94326800,24.5867
2016-04-11,27.2425,27.6525,27.2075,27.2550,117630000,24.6682
2016-04-12,27.3350,27.6250,27.1650,27.6100,108929200,24.9895
2016-04-13,27.7000,28.0850,27.7000,28.0100,133029200,25.3515
2016-04-14,27.9050,28.0975,27.8325,28.0250,101895600,25.3651
2016-04-15,28.0275,28.0750,27.4325,27.4625,187756000,24.8560
2016-04-18,27.2225,27.2375,26.7350,26.8700,243286000,24.3197
2016-04-19,26.9700,27.0000,26.5575,26.7275,129539600,24.1907
2016-04-20,26.6600,27.0225,26.5150,26.7825,122444000,24.2405
2016-04-21,26.7325,26.7325,26.3800,26.4925,126210000,23.9780
2016-04-22,26.2525,26.6200,26.1550,26.4200,134732400,23.9124
2016-04-25,26.2500,26.4125,26.1275,26.2700,112126400,23.7767
2016-04-26,25.9775,26.3250,25.9775,26.0875,224064800,23.6115
2016-04-27,24.0000,24.6775,23.9200,24.4550,458408400,22.1339
2016-04-28,24.4025,24.4700,23.5625,23.7075,328970800,21.4574
2016-04-29,23.4975,23.6800,23.1275,23.4350,274126000,21.2107
2016-05-02,23.4925,23.5200,23.1000,23.4100,192640400,21.1881
2016-05-03,23.5500,23.9350,23.4200,23.7950,227325200,21.5366
2016-05-04,23.8000,23.9750,23.4550,23.5475,164102000,21.3126
2016-05-05,23.5000,23.5175,23.1700,23.3100,143562000,21.2261
2016-05-06,23.3425,23.3625,22.9625,23.1800,174799600,21.1077
2016-05-09,23.2500,23.4425,23.1475,23.1975,131745600,21.1236
2016-05-10,23.3325,23.3925,23.0275,23.3550,134747200,21.2670
2016-05-11,23.3700,23.3925,23.1150,23.1275,114876400,21.0599
2016-05-12,23.1800,23.1950,22.3675,22.5850,305258800,20.5659
2016-05-13,22.5000,22.9175,22.5000,22.6300,177571200,20.6068
2016-05-16,23.0975,23.5975,22.9125,23.4700,245039200,21.3717
2016-05-17,23.6375,23.6750,23.2525,23.3725,187667600,21.2830
2016-05-18,23.5400,23.8025,23.4725,23.6400,168249600,21.5266
2016-05-19,23.6600,23.6600,23.3925,23.5500,121768400,21.4446
2016-05-20,23.6600,23.8575,23.6300,23.8050,128104000,21.6768
2016-05-23,23.9675,24.2975,23.9175,24.1075,152074400,21.9523
2016-05-24,24.3050,24.5225,24.2100,24.4750,140560800,22.2869
2016-05-25,24.6675,24.9350,24.5275,24.9050,152675200,22.6785
2016-05-26,24.9200,25.1825,24.6600,25.1025,225324800,22.8583
2016-05-27,24.8600,25.1175,24.8125,25.0875,145364800,22.8446
2016-05-31,24.9000,25.1000,24.7050,24.9650,169228800,22.7331
2016-06-01,24.7550,24.8850,24.5825,24.6150,116693200,22.4144
2016-06-02,24.4000,24.4600,24.1575,24.4300,160766400,22.2459
2016-06-03,24.4475,24.5675,24.3625,24.4800,114019600,22.2914
2016-06-06,24.4975,25.4725,24.3875,24.6575,93170000,22.4531
2016-06-07,24.8125,24.9675,24.7400,24.7575,89638000,22.5441
2016-06-08,24.7550,24.8900,24.6700,24.7350,83392400,22.5237
2016-06-09,24.6250,24.9975,24.6150,24.9125,106405600,22.6853
2016-06-10,24.6325,24.8375,24.6200,24.7075,126851600,22.4986
2016-06-13,24.6725,24.7800,24.2750,24.3350,152082000,22.1594
2016-06-14,24.3300,24.6200,24.1875,24.3650,127727600,22.1867
2016-06-15,24.4550,24.6025,24.2575,24.2850,117780800,22.1139
2016-06-16,24.1125,24.4375,24.0175,24.3875,125307200,22.2072
2016-06-17,24.1550,24.1625,23.8250,23.8325,244032800,21.7018
2016-06-20,24.0000,24.1425,23.7575,23.7750,137647600,21.6495
2016-06-21,23.7350,24.0875,23.6700,23.9775,142185600,21.8339
2016-06-22,24.0625,24.2225,23.8375,23.8875,116876400,21.7519
2016-06-23,23.9850,24.0725,23.8125,24.0250,128960800,21.8771
2016-06-24,23.2275,23.6650,23.1625,23.3500,301245600,21.2625
2016-06-27,23.2500,23.2625,22.8750,23.0100,181958400,20.9529
2016-06-28,23.2250,23.4150,23.0350,23.3975,161779600,21.3057
2016-06-29,23.4925,23.6375,23.4075,23.6000,146124000,21.4901
2016-06-30,23.6100,23.9425,23.5750,23.9000,143345600,21.7633
2016-07-01,23.8725,24.1175,23.8325,23.9725,104106000,21.8293
2016-07-05,23.8475,23.8500,23.6150,23.7475,110820800,21.6244
2016-07-06,23.6500,23.9150,23.5925,23.8825,123796400,21.7474
2016-07-07,23.9250,24.1250,23.9050,23.9850,100558400,21.8407
2016-07-08,24.1225,24.2225,24.0125,24.1700,115648400,22.0092
2016-07-11,24.1875,24.4125,24.1825,24.2450,95179600,22.0775
2016-07-12,24.2925,24.4250,24.2800,24.3550,96670000,22.1776
2016-07-13,24.3525,24.4175,24.2100,24.2175,103568800,22.0524
2016-07-14,24.3475,24.7475,24.3300,24.6975,155676000,22.4895
2016-07-15,24.7300,24.8250,24.6250,24.6950,120548000,22.4872
2016-07-18,24.6750,25.0325,24.6500,24.9575,145975600,22.7263
2016-07-19,24.8900,25.0000,24.8350,24.9675,95119600,22.7354
2016-07-20,25.0000,25.1150,24.9350,24.9900,105104000,22.7559
2016-07-21,24.9575,25.2500,24.7825,24.8575,130808000,22.6352
2016-07-22,24.8150,24.8250,24.5775,24.6650,113254800,22.4599
2016-07-25,24.5625,24.7100,24.2300,24.3350,161531600,22.1594
2016-07-26,24.2050,24.4925,24.1050,24.1675,224959200,22.0069
2016-07-27,26.0675,26.0875,25.6875,25.7375,369379200,23.4365
2016-07-28,25.7075,26.1125,25.7050,26.0850,159479200,23.7530
2016-07-29,26.0475,26.1375,25.9200,26.0525,110934800,23.7234
2016-08-01,26.1025,26.5375,26.1025,26.5125,152671600,24.1422
2016-08-02,26.5125,26.5175,26.0000,26.1200,135266400,23.7848
2016-08-03,26.2025,26.4600,26.1925,26.4475,120810400,24.0831
2016-08-04,26.3950,26.5000,26.3200,26.4675,109634800,24.2318
2016-08-05,26.5675,26.9125,26.5450,26.8700,162213600,24.6003
2016-08-08,26.8800,27.0925,26.7900,27.0925,112148800,24.8040
2016-08-09,27.0575,27.2350,27.0025,27.2025,105260800,24.9047
2016-08-10,27.1775,27.2250,26.9400,27.0000,96034000,24.7193
2016-08-11,27.1300,27.2325,26.9625,26.9825,109938000,24.7033
2016-08-12,26.9450,27.1100,26.9450,27.0450,74641600,24.7605
2016-08-15,27.0350,27.3850,27.0200,27.3700,103472800,25.0581
2016-08-16,27.4075,27.5575,27.3025,27.3450,135177600,25.0352
2016-08-17,27.2750,27.3425,27.0850,27.3050,101424000,24.9986
2016-08-18,27.3075,27.4000,27.2550,27.2700,87938800,24.9665
2016-08-19,27.1925,27.4225,27.0900,27.3400,101472400,25.0306
2016-08-22,27.2150,27.2750,26.9625,27.1275,103280800,24.8361
2016-08-23,27.1475,27.3300,27.1325,27.2125,85030800,24.9139
2016-08-24,27.1425,27.1875,26.9200,27.0075,94700400,24.7262
2016-08-25,26.8475,26.9700,26.6700,26.8925,100344800,24.6209
2016-08-26,26.8525,26.9875,26.5775,26.7350,111065200,24.4767
2016-08-29,26.6550,26.8600,26.5725,26.7050,99881200,24.4493
2016-08-30,26.4500,26.6250,26.3750,26.5000,99455600,24.2616
2016-08-31,26.4150,26.6425,26.4100,26.5250,118649600,24.2845
2016-09-01,26.5350,26.7000,26.4050,26.6825,106806000,24.4287
2016-09-02,26.9250,27.0000,26.7050,26.9325,107210000,24.6575
2016-09-06,26.9750,27.0750,26.8775,26.9250,107521600,24.6507
2016-09-07,26.9575,27.1900,26.7675,27.0900,169457200,24.8018
2016-09-08,26.8125,26.8175,26.3100,26.3800,212008000,24.1517
2016-09-09,26.1600,26.4300,25.7825,25.7825,186228000,23.6047
2016-09-12,25.6625,26.4300,25.6325,26.3600,181171200,24.1334
2016-09-13,26.8775,27.1975,26.8100,26.9875,248704800,24.7079
2016-09-14,27.1825,28.2575,27.1500,27.9425,443554800,25.5822
2016-09-15,28.4650,28.9325,28.3725,28.8925,359934400,26.4520
2016-09-16,28.7800,29.0325,28.5100,28.7300,319547600,26.3032
2016-09-19,28.7975,29.0450,28.3125,28.3950,188092000,25.9965
2016-09-20,28.2625,28.5300,28.1275,28.3925,138057200,25.9942
2016-09-21,28.4625,28.4975,28.1100,28.3875,144012800,25.9896
2016-09-22,28.5875,28.7350,28.5000,28.6550,124296000,26.2346
2016-09-23,28.6050,28.6975,27.8875,28.1775,209924800,25.7974
2016-09-26,27.9100,28.3475,27.8875,28.2200,119477600,25.8363
2016-09-27,28.2500,28.2950,28.0850,28.2725,98429600,25.8844
2016-09-28,28.4225,28.6600,28.3575,28.4875,118564400,26.0812
2016-09-29,28.2900,28.4500,27.9500,28.0450,143548000,25.6761
2016-09-30,28.1150,28.3425,27.9500,28.2625,145516400,25.8752
2016-10-03,28.1775,28.2625,28.0700,28.1300,86807200,25.7539
2016-10-04,28.2650,28.5775,28.1575,28.2500,118947200,25.8638
2016-10-05,28.3500,28.4150,28.1725,28.2625,85812400,25.8752
2016-10-06,28.4250,28.5850,28.2825,28.4725,115117200,26.0675
2016-10-07,28.5775,28.6400,28.3775,28.5150,97433600,26.1064
2016-10-10,28.7550,29.1875,28.6800,29.0125,144944000,26.5619
2016-10-11,29.4250,29.6725,29.0500,29.0750,256164000,26.6191
2016-10-12,29.3375,29.4950,29.1875,29.3350,150347200,26.8571
2016-10-13,29.1975,29.3600,28.9300,29.2450,140769600,26.7747
2016-10-14,29.4700,29.5425,29.2825,29.4075,142608800,26.9235
2016-10-17,29.3325,29.4600,29.1950,29.3875,94499600,26.9052
2016-10-18,29.5450,29.5525,29.3625,29.3675,98214000,26.8869
2016-10-19,29.3125,29.4400,28.4500,29.2800,80138400,26.8068
2016-10-20,29.2150,29.3450,29.0825,29.2650,96503200,26.7930
2016-10-21,29.2025,29.2275,29.0700,29.1500,92770800,26.6877
2016-10-24,29.2750,29.4350,29.2500,29.4125,94154800,26.9281
2016-10-25,29.4875,29.5900,29.3275,29.5625,192516000,27.0654
2016-10-26,28.5775,28.9250,28.3275,28.8975,264536800,26.4566
2016-10-27,28.8475,28.9650,28.5250,28.6200,138248000,26.2025
2016-10-28,28.4675,28.8025,28.3625,28.4300,151446800,26.0286
2016-10-31,28.4125,28.5575,28.3000,28.3850,105677600,25.9874
2016-11-01,28.3650,28.4425,27.6325,27.8725,175303200,25.5181
2016-11-02,27.8500,28.0875,27.8075,27.8975,113326800,25.5410
2016-11-03,27.7450,27.8650,27.3875,27.4575,107730400,25.2673
2016-11-04,27.1325,27.5625,27.0275,27.2100,123348000,25.0395
2016-11-07,27.5200,27.6275,27.3650,27.6025,130240000,25.4007
2016-11-08,27.5775,27.9300,27.4250,27.7650,97016800,25.5502
2016-11-09,27.4700,27.8300,27.0125,27.7200,236705600,25.5088
2016-11-10,27.7725,27.7725,26.4575,26.9475,228538000,24.7980
2016-11-11,26.7800,27.2175,26.6375,27.1075,136575600,24.9452
2016-11-14,26.9275,26.9525,26.0200,26.4275,204702000,24.3194
2016-11-15,26.6425,26.9200,26.5400,26.7775,129058000,24.6415
2016-11-16,26.6750,27.5575,26.6500,27.4975,235362000,25.3041
2016-11-17,27.4525,27.5875,27.2075,27.4875,110528000,25.2949
2016-11-18,27.4300,27.6350,27.4150,27.5150,113715600,25.3202
2016-11-21,27.5300,27.9975,27.5025,27.9325,117058400,25.7044
2016-11-22,27.9875,28.1050,27.8500,27.9500,103862000,25.7205
2016-11-23,27.8400,27.8775,27.5825,27.8075,109705600,25.5894
2016-11-25,27.7825,27.9675,27.7375,27.9475,45903600,25.7182
2016-11-28,27.8575,28.1175,27.8475,27.8925,108776000,25.6676
2016-11-29,27.6950,28.0075,27.5175,27.8650,114115200,25.6423
2016-11-30,27.9000,28.0500,27.5675,27.6300,144649200,25.4260
2016-12-01,27.5925,27.7350,27.2575,27.3725,148347600,25.1890
2016-12-02,27.2925,27.5225,27.2125,27.4750,106112000,25.2834
2016-12-05,27.5000,27.5075,27.0625,27.2775,137298000,25.1016
2016-12-06,27.3750,27.5900,27.2975,27.4875,104782000,25.2949
2016-12-07,27.3150,27.7975,27.2900,27.7575,119994800,25.5433
2016-12-08,27.7150,28.1075,27.6500,28.0300,108273200,25.7941
2016-12-09,28.0775,28.6750,28.0775,28.4875,137610400,26.2151
2016-12-12,28.3225,28.7500,28.1225,28.3250,105497600,26.0656
2016-12-13,28.4600,28.9800,28.4375,28.7975,174935200,26.5004
2016-12-14,28.7600,29.0500,28.7450,28.7975,136127200,26.5004
2016-12-15,28.8450,29.1825,28.8075,28.9550,186098000,26.6453
2016-12-16,29.1175,29.1250,28.9125,28.9925,177404400,26.6798
2016-12-19,28.9500,29.3450,28.9375,29.1600,111117600,26.8340
2016-12-20,29.1850,29.3750,29.1700,29.2375,85700000,26.9053
2016-12-21,29.2000,29.3500,29.1950,29.2650,95132800,26.9306
2016-12-22,29.0875,29.1275,28.9100,29.0725,104343600,26.7534
2016-12-23,28.8975,29.1300,28.8975,29.1300,56998000,26.8064
2016-12-27,29.1300,29.4500,29.1225,29.3150,73187600,26.9766
2016-12-28,29.3800,29.5050,29.0500,29.1900,83623600,26.8616
2016-12-29,29.1125,29.2775,29.1000,29.1825,60158000,26.8547
2016-12-30,29.1625,29.3000,28.8575,28.9550,122345200,26.6453
2017-01-03,28.9500,29.0825,28.6900,29.0375,115127600,26.7212
2017-01-04,28.9625,29.1275,28.9375,29.0050,84472400,26.6913
2017-01-05,28.9800,29.2150,28.9525,29.1525,88774400,26.8271
2017-01-06,29.1950,29.5400,29.1175,29.4775,127007600,27.1261
2017-01-09,29.4875,29.8575,29.4850,29.7475,134247600,27.3746
2017-01-10,29.6925,29.8450,29.5750,29.7775,97848400,27.4022
2017-01-11,29.6850,29.9825,29.6500,29.9375,110354400,27.5494
2017-01-12,29.7250,29.8250,29.5525,29.8125,108344800,27.4344
2017-01-13,29.7775,29.9050,29.7025,29.7600,104447600,27.3861
2017-01-17,29.5850,30.0600,29.5550,30.0000,137759200,27.6070
2017-01-18,30.0000,30.1250,29.9275,29.9975,94852000,27.6047
2017-01-19,29.8500,30.0225,29.8425,29.9450,102389200,27.5563
2017-01-20,30.1125,30.1125,29.9325,30.0000,130391600,27.6070
2017-01-23,30.0000,30.2025,29.9425,30.0200,88200800,27.6254
2017-01-24,29.8875,30.0250,29.8750,29.9925,92844000,27.6001
2017-01-25,30.1050,30.5250,30.0700,30.4700,129510400,28.0395
2017-01-26,30.4175,30.6100,30.4000,30.4850,105350400,28.0533
2017-01-27,30.5350,30.5875,30.4000,30.4875,82251600,28.0556
2017-01-30,30.2325,30.4075,30.1650,30.4075,121510000,27.9820
2017-01-31,30.2875,30.3475,30.1550,30.3375,196804000,27.9175
2017-02-01,31.7575,32.6225,31.7525,32.1875,447940000,29.6200
2017-02-02,31.9950,32.3475,31.9450,32.1325,134841600,29.5694
2017-02-03,32.0775,32.2975,32.0400,32.2700,98029200,29.6959
2017-02-06,32.2825,32.6250,32.2250,32.5725,107383600,29.9742
2017-02-07,32.6350,33.0225,32.6125,32.8825,152735200,30.2595
2017-02-08,32.8375,33.0550,32.8050,33.0100,92016400,30.3769
2017-02-09,32.9125,33.1125,32.7800,33.1050,113399600,30.5964
2017-02-10,33.1150,33.2350,33.0125,33.0300,80262000,30.5270
2017-02-13,33.2700,33.4550,33.1875,33.3225,92141600,30.7974
2017-02-14,33.3675,33.7725,33.3125,33.7550,132904800,31.1971
2017-02-15,33.8800,34.0675,33.6550,33.8775,142492400,31.3103
2017-02-16,33.9175,33.9750,33.7100,33.8375,90338400,31.2734
2017-02-17,33.7750,33.9575,33.7750,33.9300,88792800,31.3589
2017-02-21,34.0575,34.1875,33.9950,34.1750,98028800,31.5853
2017-02-22,34.1075,34.2800,34.0275,34.2775,83347600,31.6800
2017-02-23,34.3450,34.3700,34.0750,34.1325,83152800,31.5460
2017-02-24,33.9775,34.1650,33.8200,34.1650,87106400,31.5760
2017-02-27,34.2850,34.3600,34.0700,34.2325,81029600,31.6384
2017-02-28,34.2700,34.3600,34.1750,34.2475,93931600,31.6523
2017-03-01,34.4725,35.0375,34.4000,34.9475,145658400,32.2992
2017-03-02,35.0000,35.0700,34.6900,34.7400,104844000,32.1075
2017-03-03,34.6950,34.9575,34.6475,34.9450,84432400,32.2969
2017-03-06,34.8425,34.9425,34.6500,34.8350,87000000,32.1953
2017-03-07,34.7650,34.9950,34.6975,34.8800,69785200,32.2369
2017-03-08,34.7375,34.9500,34.7050,34.7500,74828800,32.1167
2017-03-09,34.6850,34.6975,34.2625,34.6700,88623600,32.0428
2017-03-10,34.8125,34.8400,34.6600,34.7850,78451200,32.1491
2017-03-13,34.7125,34.8575,34.7050,34.8000,69686800,32.1629
2017-03-14,34.8250,34.9125,34.7100,34.7475,61236400,32.1144
2017-03-15,34.8525,35.1875,34.7575,35.1150,102767200,32.4540
2017-03-16,35.1800,35.2550,35.0650,35.1725,76928000,32.5072
2017-03-17,35.2500,35.2500,34.9725,34.9975,175540000,32.3455
2017-03-20,35.1000,35.3750,35.0575,35.3650,86168000,32.6851
2017-03-21,35.5275,35.7000,34.9325,34.9600,158119600,32.3108
2017-03-22,34.9625,35.4000,34.9400,35.3550,103440800,32.6759
2017-03-23,35.3150,35.3950,35.1525,35.2300,81385200,32.5603
2017-03-24,35.3750,35.4350,35.0875,35.1600,89582400,32.4956
2017-03-27,34.8475,35.3050,34.6550,35.2200,94300400,32.5511
2017-03-28,35.2275,36.0100,35.1550,35.9500,133499200,33.2258
2017-03-29,35.9200,36.1225,35.7975,36.0300,116760000,33.2997
2017-03-30,36.0475,36.1250,35.8750,35.9825,84829200,33.2558
2017-03-31,35.9300,36.0675,35.7525,35.9150,78646800,33.1934
2017-04-03,35.9275,36.0300,35.7625,35.9250,79942800,33.2027
2017-04-04,35.8125,36.2225,35.7925,36.1925,79565600,33.4499
2017-04-05,36.0550,36.3650,35.9525,36.0050,110871600,33.2766
2017-04-06,36.0725,36.1300,35.8625,35.9150,84596000,33.1934
2017-04-07,35.9325,36.0450,35.8175,35.8350,66688800,33.1195
2017-04-10,35.9000,35.9700,35.7250,35.7925,75733600,33.0802
2017-04-11,35.7350,35.8375,35.0150,35.4075,121517600,32.7244
2017-04-12,35.4000,35.5375,35.2525,35.4500,81400000,32.7637
2017-04-13,35.4775,35.5950,35.2625,35.2625,71291600,32.5904
2017-04-17,35.3700,35.4700,35.2175,35.4575,66328400,32.7706
2017-04-18,35.3525,35.5100,35.2775,35.3000,58790000,32.6250
2017-04-19,35.4700,35.5000,35.1125,35.1700,69313600,32.5049
2017-04-20,35.3050,35.7300,35.2900,35.6100,93278400,32.9115
2017-04-21,35.6100,35.6700,35.4625,35.5675,69283600,32.8723
2017-04-24,35.8750,35.9875,35.7950,35.9100,68537200,33.1888
2017-04-25,35.9775,36.2250,35.9675,36.1325,75486000,33.3944
2017-04-26,36.1175,36.1500,35.8450,35.9200,80164800,33.1980
2017-04-27,35.9800,36.0400,35.8275,35.9475,56985200,33.2235
2017-04-28,36.0225,36.0750,35.8175,35.9125,83441600,33.1911
2017-05-01,36.2750,36.8000,36.2400,36.6450,134411600,33.8681
2017-05-02,36.8850,37.0225,36.7100,36.8775,181408800,34.0830
2017-05-03,36.3975,36.8725,36.0675,36.7650,182788000,33.9790
2017-05-04,36.6300,36.7850,36.4525,36.6325,93487600,33.8565
2017-05-05,36.6900,37.2450,36.6900,37.2400,109310800,34.4180
2017-05-08,37.2575,38.4250,37.2575,38.2525,195009600,35.3538
2017-05-09,38.4675,38.7200,38.3625,38.4975,156521600,35.5802
2017-05-10,38.4075,38.4850,38.0275,38.3150,103222800,35.4116
2017-05-11,38.1125,38.5175,38.0775,38.4875,109020400,35.7178
2017-05-12,38.6750,39.1050,38.6675,39.0250,130108000,36.2166
2017-05-15,39.0025,39.1625,38.7625,38.9250,104038800,36.1238
2017-05-16,38.9850,39.0150,38.6800,38.8675,80194000,36.0705
2017-05-17,38.4000,38.6425,37.4275,37.5625,203070800,34.8594
2017-05-18,37.8175,38.3350,37.7825,38.1350,134272800,35.3907
2017-05-19,38.3450,38.4950,38.1575,38.2650,107843200,35.5113
2017-05-22,38.5000,38.6450,38.2275,38.4975,91865600,35.7271
2017-05-23,38.7250,38.7250,38.3275,38.4500,79675600,35.6830
2017-05-24,38.4600,38.5425,38.1675,38.3350,76712000,35.5763
2017-05-25,38.4325,38.5875,38.2575,38.4675,76942400,35.6992
2017-05-26,38.5000,38.5600,38.3275,38.4025,87710400,35.6389
2017-05-30,38.3550,38.6075,38.3325,38.4175,80507600,35.6529
2017-05-31,38.4925,38.5425,38.0950,38.1900,97804800,35.4417
2017-06-01,38.2925,38.3325,38.0550,38.2950,65616400,35.5392
2017-06-02,38.3950,38.8625,38.2225,38.8625,111082800,36.0658
2017-06-05,38.5850,38.6125,38.3650,38.4825,101326800,35.7132
2017-06-06,38.4750,38.9525,38.4450,38.6125,106499600,35.8338
2017-06-07,38.7550,38.9950,38.6200,38.8425,84278400,36.0473
2017-06-08,38.8125,38.8850,38.6000,38.7475,85003200,35.9591
2017-06-09,38.7975,38.7975,36.5050,37.2450,259530800,34.5647
2017-06-12,36.4350,36.5225,35.6275,36.3550,289229200,33.7388
2017-06-13,36.7900,36.8625,36.2875,36.6475,136661600,34.0102
2017-06-14,36.8750,36.8750,35.9600,36.2900,126124800,33.6785
2017-06-15,35.8300,36.1200,35.5525,36.0725,128661600,33.4766
2017-06-16,35.9450,36.1250,35.5500,35.5675,201444400,33.0079
2017-06-19,35.9150,36.6850,35.9150,36.5850,130165600,33.9522
2017-06-20,36.7175,36.7175,36.2350,36.2525,99600400,33.6436
2017-06-21,36.3800,36.5175,36.1525,36.4675,85063200,33.8432
2017-06-22,36.4425,36.6750,36.2800,36.4075,76425200,33.7875
2017-06-23,36.2825,36.7900,36.2775,36.5700,141757600,33.9383
2017-06-26,36.7925,37.0700,36.3450,36.4550,102769600,33.8316
2017-06-27,36.2525,36.5400,35.9050,35.9325,99047600,33.3467
2017-06-28,36.1225,36.5275,35.7900,36.4575,88329600,33.8339
2017-06-29,36.1775,36.2825,35.5700,35.9200,125997600,33.3351
2017-06-30,36.1125,36.2400,35.9450,36.0050,92096400,33.4140
2017-07-03,36.2200,36.3250,35.7750,35.8750,57111200,33.2933
2017-07-05,35.9225,36.1975,35.6800,36.0225,86278400,33.4302
2017-07-06,35.7550,35.8750,35.6025,35.6825,96515200,33.1147
2017-07-07,35.7250,36.1875,35.7250,36.0450,76806800,33.4511
2017-07-10,36.0275,36.4875,35.8425,36.2650,84362400,33.6553
2017-07-11,36.1825,36.4625,36.0950,36.3825,79127200,33.7643
2017-07-12,36.4675,36.5450,36.2050,36.4350,99538000,33.8130
2017-07-13,36.3750,37.1225,36.3600,36.9425,100797600,34.2840
2017-07-14,36.9925,37.3325,36.8325,37.2600,80528400,34.5786
2017-07-17,37.2050,37.7250,37.1425,37.3900,95174000,34.6993
2017-07-18,37.3000,37.5325,37.1675,37.5200,71475200,34.8199
2017-07-19,37.6200,37.8550,37.4875,37.7550,83692000,35.0380
2017-07-20,37.8750,37.9350,37.5475,37.5850,68974800,34.8803
2017-07-21,37.4975,37.6100,37.2200,37.5675,105010400,34.8640
2017-07-24,37.6450,38.1100,37.4750,38.0225,85972800,35.2863
2017-07-25,37.9500,38.4600,37.9500,38.1850,75415600,35.4371
2017-07-26,38.3375,38.4825,38.2650,38.3650,63124000,35.6041
2017-07-27,38.4375,38.4975,36.8250,37.6400,129905200,34.9313
2017-07-28,37.4725,37.5575,37.2975,37.3750,68854800,34.6854
2017-07-31,37.4750,37.5825,37.0325,37.1825,79383600,34.5067
2017-08-01,37.2750,37.5550,37.1025,37.5125,141474400,34.8130
2017-08-02,39.8200,39.9375,39.0400,39.2850,279747200,36.4579
2017-08-03,39.2625,39.3025,38.7550,38.8925,108389200,36.0937
2017-08-04,39.0175,39.3500,38.9225,39.0975,82239600,36.2839
2017-08-07,39.2650,39.7300,39.1675,39.7025,87481200,36.8454
2017-08-08,39.6500,40.4575,39.5675,40.0200,144823600,37.1400
2017-08-09,39.8150,40.3175,39.7775,40.2650,104526000,37.3674
2017-08-10,39.9750,40.0000,38.6575,38.8300,163217200,36.1772
2017-08-11,39.1500,39.6425,39.0175,39.3700,105028400,36.6803
2017-08-14,39.8300,40.0525,39.6875,39.9625,88490800,37.2323
2017-08-15,40.1650,40.5500,40.0350,40.4000,117862000,37.6399
2017-08-16,40.4850,40.6275,40.0375,40.2375,110686400,37.4885
2017-08-17,40.1300,40.1775,39.4600,39.4650,111762400,36.7688
2017-08-18,39.4650,39.8750,39.1800,39.3750,109712400,36.6849
2017-08-21,39.3750,39.4725,38.7775,39.3025,105474000,36.6174
2017-08-22,39.5575,40.0000,39.5050,39.9450,86418400,37.2160
2017-08-23,39.7675,40.1175,39.7200,39.9950,77596400,37.2626
2017-08-24,40.1075,40.1850,39.6375,39.8175,79275600,37.0972
2017-08-25,39.9125,40.1400,39.8175,39.9650,101920400,37.2346
2017-08-28,40.0350,40.5000,39.9825,40.3675,103864000,37.6096
2017-08-29,40.0250,40.7800,40.0000,40.7275,118067600,37.9450
2017-08-30,40.9500,40.9725,40.6525,40.8375,109078400,38.0475
2017-08-31,40.9100,41.1300,40.8700,41.0000,107140400,38.1989
2017-09-01,41.2000,41.2350,40.9075,41.0125,66364400,38.2106
2017-09-05,40.9375,41.0625,40.1400,40.5200,117874000,37.7517
2017-09-06,40.6775,40.7475,40.1300,40.4775,86606800,37.7121
2017-09-07,40.5225,40.5600,40.0900,40.3150,87714000,37.5607
2017-09-08,40.2150,40.2875,39.6325,39.6575,114446000,36.9481
2017-09-11,40.1250,40.5125,39.9725,40.3750,126323200,37.6166
2017-09-12,40.6525,40.9900,39.6925,40.2150,286856000,37.4675
2017-09-13,39.9675,39.9900,39.4775,39.9125,179629600,37.1857
2017-09-14,39.7475,39.8500,39.5225,39.5700,95042800,36.8666
2017-09-15,39.6175,40.2425,39.5000,39.9700,196458400,37.2393
2017-09-18,40.0275,40.1250,39.5000,39.6675,113077600,36.9574
2017-09-19,39.8775,39.9425,39.6100,39.6825,83242400,36.9714
2017-09-20,39.4750,39.5650,38.4575,39.0175,211805600,36.3519
2017-09-21,38.9500,38.9500,38.1875,38.3475,150046800,35.7276
2017-09-22,37.8850,38.0675,37.6400,37.9725,186581600,35.3783
2017-09-25,37.4975,37.9575,37.2900,37.6375,177549200,35.0661
2017-09-26,37.9450,38.4800,37.9225,38.2850,146640000,35.6694
2017-09-27,38.4500,38.6800,38.3850,38.5575,102016800,35.9233
2017-09-28,38.4725,38.5700,38.1750,38.3200,88022000,35.7020
2017-09-29,38.3025,38.5325,38.0000,38.5300,105199200,35.8977
2017-10-02,38.5650,38.6125,38.1800,38.4525,74795200,35.8255
2017-10-03,38.5025,38.7725,38.4775,38.6200,64921200,35.9815
2017-10-04,38.4075,38.4650,38.1150,38.3700,80655200,35.7486
2017-10-05,38.5450,38.8600,38.5125,38.8475,85135200,36.1935
2017-10-06,38.7425,38.8725,38.6400,38.8250,69630400,36.1725
2017-10-09,38.9525,39.1825,38.8725,38.9600,65051600,36.2983
2017-10-10,39.0150,39.5000,38.7750,38.9750,62468000,36.3123
2017-10-11,38.9925,39.2450,38.9375,39.1375,67622400,36.4637
2017-10-12,39.0875,39.3425,38.9325,39.0000,64500400,36.3356
2017-10-13,39.1825,39.3200,39.1025,39.2475,65576800,36.5662
2017-10-16,39.4750,40.0000,39.4125,39.9700,96486000,37.2393
2017-10-17,39.9450,40.2175,39.8075,40.1175,75989200,37.3767
2017-10-18,40.1050,40.1775,39.9000,39.9400,65496800,37.2113
2017-10-19,39.1875,39.2700,38.7550,38.9950,170336800,36.3309
2017-10-20,39.1525,39.4375,38.9900,39.0625,95896400,36.3938
2017-10-23,39.2225,39.4225,38.8750,39.0425,87937200,36.3752
2017-10-24,39.0725,39.3550,39.0500,39.2750,71028800,36.5918
2017-10-25,39.2275,39.3875,38.8175,39.1025,84828400,36.4311
2017-10-26,39.3075,39.4575,39.1950,39.3525,68002000,36.6640
2017-10-27,39.8225,40.9000,39.6750,40.7625,177816800,37.9776
2017-10-30,40.9725,42.0175,40.9300,41.6800,178803200,38.8325
2017-10-31,41.9750,42.4125,41.7350,42.2600,144187200,39.3728
2017-11-01,42.4675,42.4850,41.4025,41.7225,134551200,38.8721
2017-11-02,41.6500,42.1250,41.3200,42.0275,165573600,39.1562
2017-11-03,43.5000,43.5650,42.7800,43.1250,237594400,40.1787
2017-11-06,43.0925,43.7475,42.9300,43.5625,140105200,40.5863
2017-11-07,43.4775,43.8125,43.4000,43.7025,97446000,40.7168
2017-11-08,43.6650,44.0600,43.5825,44.0600,97638000,41.0499
2017-11-09,43.7775,44.0250,43.2850,43.9700,117930400,40.9660
2017-11-10,43.7775,43.8450,43.5675,43.6675,100582000,40.8304
2017-11-13,43.3750,43.6250,43.3500,43.4925,67928400,40.6668
2017-11-14,43.2600,43.3700,42.7950,42.8350,99130000,40.0520
2017-11-15,42.4925,42.5800,42.0950,42.2700,116632400,39.5237
2017-11-16,42.7950,42.9675,42.5750,42.7750,94550000,39.9959
2017-11-17,42.7600,42.8475,42.4100,42.5375,87598000,39.7739
2017-11-20,42.5725,42.6400,42.3900,42.4950,65049600,39.7341
2017-11-21,42.6950,43.4250,42.6950,43.2850,100525200,40.4728
2017-11-22,43.3400,43.7500,43.2625,43.7400,102355600,40.8982
2017-11-24,43.7750,43.8750,43.6625,43.7425,56106800,40.9006
2017-11-27,43.7625,43.7700,43.3350,43.5225,82867200,40.6949
2017-11-28,43.5750,43.7175,42.9650,43.2675,105715200,40.4564
2017-11-29,43.1575,43.2300,41.7900,42.3700,166665600,39.6172
2017-11-30,42.6075,43.0350,42.1100,42.9625,166108800,40.1712
2017-12-01,42.4875,42.9175,42.1250,42.7625,159037200,39.9842
2017-12-04,43.1200,43.1550,42.4075,42.4500,130169600,39.6920
2017-12-05,42.2650,42.8800,42.1000,42.4100,109400800,39.6546
2017-12-06,41.8750,42.5500,41.6150,42.2525,114240000,39.5074
2017-12-07,42.2575,42.6100,42.2275,42.3300,102693200,39.5798
2017-12-08,42.6225,42.7500,42.2050,42.3425,93420800,39.5915
2017-12-11,42.3000,43.2225,42.1975,43.1675,141095200,40.3629
2017-12-12,43.0375,43.0975,42.8650,42.9250,77636800,40.1362
2017-12-13,43.1250,43.3850,43.0000,43.0675,95273600,40.2694
2017-12-14,43.1000,43.2825,42.9125,43.0550,81906000,40.2577
2017-12-15,43.4075,43.5425,43.1150,43.4925,160677200,40.6668
2017-12-18,43.7200,44.3000,43.7150,44.1050,117684400,41.2395
2017-12-19,43.7575,43.8475,43.5225,43.6350,109745600,40.8001
2017-12-20,43.7175,43.8550,43.3125,43.5875,93902400,40.7556
2017-12-21,43.5425,44.0050,43.5250,43.7525,83799600,40.9099
2017-12-22,43.6700,43.8550,43.6250,43.7525,65397600,40.9099
2017-12-26,42.7000,42.8675,42.4200,42.6425,132742000,39.8720
2017-12-27,42.5250,42.6950,42.4275,42.6500,85992800,39.8790
2017-12-28,42.7500,42.9625,42.6200,42.7700,65920800,39.9912
2017-12-29,42.6300,42.6475,42.3050,42.3075,103999600,39.5588
2018-01-02,42.5400,43.0750,42.3150,43.0650,102223600,40.2671
2018-01-03,43.1325,43.6375,42.9900,43.0575,118071600,40.2601
2018-01-04,43.1350,43.3675,43.0200,43.2575,89738400,40.4471
2018-01-05,43.3600,43.8425,43.2625,43.7500,94640000,40.9076
2018-01-08,43.5875,43.9025,43.4825,43.5875,82271200,40.7556
2018-01-09,43.6375,43.7650,43.3525,43.5825,86336000,40.7510
2018-01-10,43.2900,43.5750,43.2500,43.5725,95839600,40.7416
2018-01-11,43.6475,43.8725,43.6225,43.8200,74670800,40.9730
2018-01-12,44.0450,44.3400,43.9125,44.2725,101672400,41.3961
2018-01-16,44.4750,44.8475,44.0350,44.0475,118263600,41.1857
2018-01-17,44.0375,44.8125,43.7675,44.7750,137547200,41.8660
2018-01-18,44.8425,45.0250,44.5625,44.8150,124773600,41.9034
2018-01-19,44.6525,44.8950,44.3525,44.6150,129700400,41.7164
2018-01-22,44.3250,44.4450,44.1500,44.2500,108434400,41.3751
2018-01-23,44.3250,44.8600,44.2050,44.2600,130756400,41.3844
2018-01-24,44.3125,44.3250,43.3000,43.5550,204420400,40.7252
2018-01-25,43.6275,43.7375,42.6325,42.7775,166116000,39.9983
2018-01-26,43.0000,43.0000,42.5150,42.8775,156572000,40.0918
2018-01-29,42.5400,42.5400,41.7675,41.9900,202561600,39.2619
2018-01-30,41.3825,41.8425,41.1750,41.7425,184192800,39.0305
2018-01-31,41.7175,42.1100,41.6250,41.8575,129915600,39.1380
2018-02-01,41.7925,42.1550,41.6900,41.9450,188923200,39.2198
2018-02-02,41.5000,41.7000,40.0250,40.1250,346375200,37.5181
2018-02-05,39.7750,40.9700,39.0000,39.1225,290954000,36.5807
2018-02-06,38.7075,40.9300,38.5000,40.7575,272975200,38.1095
2018-02-07,40.7725,40.8500,39.7675,39.8850,206434400,37.2937
2018-02-08,40.0725,40.2500,38.7575,38.7875,217562000,36.2675
2018-02-09,39.2675,39.4725,37.5600,39.1025,282690400,36.7111
2018-02-12,39.6250,40.9725,39.3775,40.6775,243278000,38.1898
2018-02-13,40.4875,41.1875,40.4125,41.0850,130196800,38.5723
2018-02-14,40.7600,41.8850,40.7200,41.8425,162579600,39.2835
2018-02-15,42.4475,43.2725,42.2500,43.2475,204588800,40.6026
2018-02-16,43.0900,43.7050,42.9425,43.1075,160704400,40.4711
2018-02-20,43.0125,43.5650,42.8550,42.9625,135722000,40.3350
2018-02-21,43.2075,43.5300,42.7525,42.7675,149886400,40.1519
2018-02-22,42.9500,43.4875,42.9275,43.1250,123967600,40.4876
2018-02-23,43.4175,43.9125,43.3850,43.8750,135249600,41.1917
2018-02-26,44.0875,44.8475,44.0525,44.7425,152648800,42.0062
2018-02-27,44.7750,45.1200,44.5400,44.5975,155712400,41.8700
2018-02-28,44.8150,45.1550,44.5125,44.5300,151128400,41.8067
2018-03-01,44.6350,44.9450,43.1650,43.7500,195208000,41.0744
2018-03-02,43.2000,44.0750,43.1125,44.0525,153816000,41.3584
2018-03-05,43.8025,44.4350,43.6300,44.2050,113605600,41.5015
2018-03-06,44.4775,44.5625,44.0325,44.1675,95154000,41.4663
2018-03-07,43.7350,43.9625,43.5675,43.7575,126814000,41.0814
2018-03-08,43.8700,44.2800,43.7675,44.2350,95096400,41.5297
2018-03-09,44.4900,45.0000,44.3475,44.9950,128740800,42.2432
2018-03-12,45.0725,45.5975,45.0525,45.4300,128828400,42.6516
2018-03-13,45.6475,45.8750,44.8100,44.9925,126774000,42.2409
2018-03-14,45.0800,45.1300,44.4525,44.6100,117473600,41.8818
2018-03-15,44.6250,45.0600,44.5175,44.6625,90975200,41.9311
2018-03-16,44.6625,44.7800,44.4050,44.5050,157618800,41.7832
2018-03-19,44.3300,44.3675,43.4150,43.8250,133787200,41.1448
2018-03-20,43.8100,44.2000,43.7350,43.8100,78597600,41.1307
2018-03-21,43.7600,43.7725,42.8150,42.8175,148219600,40.1989
2018-03-22,42.5000,43.1700,42.1500,42.2125,165963200,39.6309
2018-03-23,42.0975,42.4800,41.2350,41.2350,164115200,38.7132
2018-03-26,42.0175,43.2750,41.6100,43.1925,150164800,40.5510
2018-03-27,43.4200,43.7875,41.7300,42.0850,163690400,39.5112
2018-03-28,41.8125,42.5050,41.2975,41.6200,166674000,39.0746
2018-03-29,41.9525,42.9375,41.7250,41.9450,153594000,39.3798
2018-04-02,41.6600,42.2350,41.1175,41.6700,150347200,39.1216
2018-04-03,41.9100,42.1875,41.2200,42.0975,121112000,39.5229
2018-04-04,41.2200,43.0025,41.1925,42.9025,138422000,40.2787
2018-04-05,43.1450,43.5575,43.0200,43.2000,107732800,40.5580
2018-04-06,42.7425,43.1200,42.0500,42.0950,140021200,39.5206
2018-04-09,42.4700,43.2725,42.4625,42.5125,116070800,39.9125
2018-04-10,43.2500,43.5000,42.8825,43.3125,113634400,40.6636
2018-04-11,43.0575,43.4800,42.9250,43.1100,89726400,40.4735
2018-04-12,43.3525,43.7500,43.2600,43.5350,91557200,40.8725
2018-04-13,43.6950,43.9600,43.4625,43.6825,100497200,41.0110
2018-04-16,43.7575,44.0475,43.7075,43.9550,86313600,41.2668
2018-04-17,44.1225,44.7350,44.1025,44.5600,106421600,41.8348
2018-04-18,44.4525,44.7050,44.2200,44.4600,83018000,41.7409
2018-04-19,43.4400,43.8475,43.1650,43.2000,139235200,40.5580
2018-04-20,42.6500,42.8050,41.3575,41.4300,261964400,38.8962
2018-04-23,41.7075,41.7300,41.0225,41.3100,146062000,38.7836
2018-04-24,41.4175,41.5825,40.3050,40.7350,134768000,38.2438
2018-04-25,40.6550,41.3550,40.6025,40.9125,113528400,38.4104
2018-04-26,41.0300,41.4325,40.8425,41.0550,111852000,38.5442
2018-04-27,41.0000,41.0825,40.1575,40.5800,142623200,38.0982
2018-04-30,40.5325,41.8150,40.4600,41.3150,169709600,38.7883
2018-05-01,41.6025,42.3000,41.3175,42.2750,214277600,39.6896
2018-05-02,43.8075,44.4375,43.4500,44.1425,266157600,41.4429
2018-05-03,43.9700,44.3750,43.6100,44.2225,136272800,41.5180
2018-05-04,44.5625,46.0625,44.5425,45.9575,224805200,43.1468
2018-05-07,46.2950,46.9175,46.1875,46.2900,169805600,43.4590
2018-05-08,46.2475,46.5550,45.9175,46.5125,113611200,43.6679
2018-05-09,46.6375,46.8500,46.3050,46.8400,92844800,43.9754
2018-05-10,46.9350,47.5925,46.9125,47.5100,111957200,44.6044
2018-05-11,47.3725,47.5150,46.8625,47.1475,104848800,44.4348
2018-05-14,47.2525,47.3825,46.9650,47.0375,83115200,44.3311
2018-05-15,46.6950,46.7675,46.2750,46.6100,94780800,43.9282
2018-05-16,46.5175,47.1150,46.5000,47.0450,76732400,44.3382
2018-05-17,47.0000,47.2275,46.5900,46.7475,69176000,44.0578
2018-05-18,46.7975,46.9525,46.5325,46.5775,73190800,43.8976
2018-05-21,47.0000,47.3175,46.7275,46.9075,73603200,44.2086
2018-05-22,47.0950,47.2200,46.6950,46.7900,60962800,44.0979
2018-05-23,46.5875,47.1250,46.4400,47.0900,80233600,44.3806
2018-05-24,47.1925,47.2100,46.5525,47.0375,92936000,44.3311
2018-05-25,47.0575,47.4125,46.9125,47.1450,69844000,44.4324
2018-05-29,46.9000,47.1875,46.7175,46.9750,90056400,44.2722
2018-05-30,46.9300,47.0000,46.6950,46.8750,74762000,44.1779
2018-05-31,46.8050,47.0575,46.5350,46.7175,109931200,44.0295
2018-06-01,46.9975,47.5650,46.9375,47.5600,93770000,44.8235
2018-06-04,47.9100,48.3550,47.8375,47.9575,105064800,45.1981
2018-06-05,48.2675,48.4850,48.0900,48.3275,86264000,45.5469
2018-06-06,48.4075,48.5200,47.9800,48.4950,83734400,45.7047
2018-06-07,48.5350,48.5500,48.0850,48.3650,85388800,45.5822
2018-06-08,47.7925,48.0000,47.4425,47.9250,106627200,45.1675
2018-06-11,47.8375,47.9925,47.5525,47.8075,73234000,45.0568
2018-06-12,47.8475,48.1525,47.7875,48.0700,67644400,45.3042
2018-06-13,48.1050,48.2200,47.6100,47.6750,86553600,44.9319
2018-06-14,47.8875,47.8925,47.5550,47.7000,86440400,44.9555
2018-06-15,47.5075,47.5400,47.0650,47.2100,246876800,44.4937
2018-06-18,46.9700,47.3050,46.8000,47.1850,73939600,44.4701
2018-06-19,46.2850,46.5825,45.8625,46.4225,134314000,43.7515
2018-06-20,46.5875,46.8000,46.4325,46.6250,82514800,43.9423
2018-06-21,46.8125,47.0875,46.2350,46.3650,102847600,43.6973
2018-06-22,46.5300,46.5375,46.1750,46.2300,108801600,43.5700
2018-06-25,45.8500,46.2300,45.1825,45.5425,126652400,42.9221
2018-06-26,45.7475,46.6325,45.6350,46.1075,98276800,43.4546
2018-06-27,46.3075,46.8200,46.0075,46.0400,101141200,43.3910
2018-06-28,46.0250,46.5525,45.9500,46.3750,69460800,43.7067
2018-06-29,46.5725,46.7975,45.7275,46.2775,90950800,43.6148
2018-07-02,45.9550,46.8250,45.8550,46.7950,70925200,44.1025
2018-07-03,46.9475,46.9875,45.8850,45.9800,55819200,43.3344
2018-07-05,46.3150,46.6025,46.0700,46.3500,66416800,43.6831
2018-07-06,46.3550,47.1075,46.3000,46.9925,69940800,44.2887
2018-07-09,47.3750,47.6700,47.3250,47.6450,79026400,44.9036
2018-07-10,47.6775,47.8200,47.5450,47.5875,63756400,44.8494
2018-07-11,47.1250,47.4450,46.9025,46.9700,75326000,44.2675
2018-07-12,47.3825,47.8525,47.3275,47.7575,72164400,45.0097
2018-07-13,47.7700,47.9600,47.7250,47.8325,50055600,45.0804
2018-07-16,47.8800,48.1625,47.6050,47.7275,60172400,44.9814
2018-07-17,47.4375,47.9675,47.3000,47.8625,62138000,45.1086
2018-07-18,47.9450,47.9500,47.4825,47.6000,65573600,44.8612
2018-07-19,47.4225,48.1375,47.4225,47.9700,81147200,45.2099
2018-07-20,47.9450,48.1075,47.5425,47.8600,82704800,45.1063
2018-07-23,47.6700,47.9900,47.3900,47.9025,63957600,45.1463
2018-07-24,48.1125,48.4150,48.0125,48.2500,74791600,45.4738
2018-07-25,48.2650,48.7125,48.1075,48.7050,66839600,45.9026
2018-07-26,48.6525,48.9900,48.4025,48.5525,76304000,45.7589
2018-07-27,48.7475,48.7975,47.5250,47.7450,96096000,44.9979
2018-07-30,47.9750,48.0500,47.2675,47.4775,84118000,44.7458
2018-07-31,47.5750,48.0350,47.3350,47.5725,157492000,44.8353
2018-08-01,49.7825,50.4400,49.3275,50.3750,271742800,47.4766
2018-08-02,50.1450,52.0950,50.0875,51.8475,249616000,48.8643
2018-08-03,51.7575,52.1850,51.3700,51.9975,133789600,49.0057
2018-08-06,52.0000,52.3125,51.7675,52.2675,101701600,49.2602
2018-08-07,52.3300,52.3750,51.6900,51.7775,102349600,48.7984
2018-08-08,51.5125,51.9525,51.1300,51.8125,90102000,48.8313
2018-08-09,52.3825,52.4450,51.8000,52.2200,93970400,49.2154
2018-08-10,51.8400,52.2750,51.6675,51.8825,98444800,49.0688
2018-08-13,52.3275,52.7375,51.9250,52.2175,103563600,49.3857
2018-08-14,52.5400,52.6400,52.0650,52.4375,82992000,49.5937
2018-08-15,52.3050,52.6850,52.0825,52.5600,115230400,49.7096
2018-08-16,52.9375,53.4525,52.8675,53.3300,114001600,50.4378
2018-08-17,53.3600,54.4875,53.2900,54.3950,141708000,51.4450
2018-08-20,54.5250,54.7950,53.7775,53.8650,121150800,50.9438
2018-08-21,54.2000,54.2975,53.5075,53.7600,104639200,50.8445
2018-08-22,53.5250,54.0900,53.4600,53.7625,76072400,50.8469
2018-08-23,53.6625,54.2625,53.6500,53.8725,75532800,50.9509
2018-08-24,54.1500,54.2250,53.7775,54.0400,73905600,51.1093
2018-08-27,54.2875,54.6850,54.0825,54.4850,82100400,51.5302
2018-08-28,54.7525,55.1350,54.7300,54.9250,91107200,51.9463
2018-08-29,55.0375,55.8725,54.8525,55.7450,109019200,52.7218
2018-08-30,55.8125,57.0650,55.6000,56.2575,195175200,53.2066
2018-08-31,56.6275,57.2175,56.5000,56.9075,173360400,53.8213
2018-09-04,57.1025,57.2950,56.6575,57.0900,109560400,53.9939
2018-09-05,57.2475,57.4175,56.2750,56.7175,133332000,53.6416
2018-09-06,56.5575,56.8375,55.3250,55.7750,137160000,52.7502
2018-09-07,55.4625,56.3425,55.1775,55.3250,150479200,52.3246
2018-09-10,55.2375,55.4625,54.1175,54.5825,158066000,51.6224
2018-09-11,54.5025,56.0750,54.1400,55.9625,142996000,52.9275
2018-09-12,56.2350,56.2500,54.9600,55.2675,197114800,52.2702
2018-09-13,55.8800,57.0875,55.6425,56.6025,166825600,53.5328
2018-09-14,56.4375,56.7100,55.6300,55.9600,127997200,52.9252
2018-09-17,55.5375,55.7375,54.3175,54.4700,148780400,51.5160
2018-09-18,54.4475,55.4625,54.2800,54.5600,126286800,51.6011
2018-09-19,54.6250,54.9050,53.8250,54.5925,108495200,51.6318
2018-09-20,55.0600,55.5700,54.7875,55.0075,106435200,52.0243
2018-09-21,55.1950,55.3400,54.3225,54.4150,384986800,51.4640
2018-09-24,54.2050,55.3150,54.1575,55.1975,110773600,52.2040
2018-09-25,54.9375,55.7050,54.9250,55.5475,98217600,52.5351
2018-09-26,55.2500,55.9375,54.9400,55.1050,95938800,52.1166
2018-09-27,55.9550,56.6100,55.8850,56.2375,120724800,53.1876
2018-09-28,56.1975,56.4600,56.0050,56.4350,91717600,53.3744
2018-10-01,56.9875,57.3550,56.5875,56.8150,94403200,53.7338
2018-10-02,56.8125,57.5000,56.6575,57.3200,99152800,54.2114
2018-10-03,57.5125,58.3675,57.4450,58.0175,114619200,54.8711
2018-10-04,57.6950,58.0875,56.6825,56.9975,128168000,53.9064
2018-10-05,56.9900,57.1025,55.1450,56.0725,134322000,53.0316
2018-10-08,55.5525,56.2000,55.0500,55.9425,118655600,52.9086
2018-10-09,55.9100,56.8175,55.5625,56.7175,107564000,53.6416
2018-10-10,56.3650,56.5875,54.0125,54.0900,167962400,51.1566
2018-10-11,53.6300,54.8750,53.0800,53.6125,212497600,50.7050
2018-10-12,55.1050,55.7200,54.2100,55.5275,161351600,52.5161
2018-10-15,55.2900,55.4575,54.3175,54.3400,123164000,51.3930
2018-10-16,54.7325,55.7475,54.1900,55.5375,116736000,52.5256
2018-10-17,55.5750,55.6600,54.8350,55.2975,91541600,52.2986
2018-10-18,54.4650,54.9350,53.2500,54.0050,130325200,51.0762
2018-10-19,54.5150,55.3150,54.3575,54.8275,132314800,51.8541
2018-10-22,54.9475,55.8400,54.7350,55.1625,115168400,52.1709
2018-10-23,53.9575,55.8125,53.6750,55.6825,155071200,52.6627
2018-10-24,55.6500,56.0575,53.6350,53.7725,163702000,50.8563
2018-10-25,54.4275,55.3450,54.1875,54.9500,119423200,51.9700
2018-10-26,53.9750,55.0475,53.1675,54.0750,189033600,51.1424
2018-10-29,54.7975,54.9225,51.5225,53.0600,183742000,50.1825
2018-10-30,52.7875,53.7950,52.3175,53.3250,146640000,50.4331
2018-10-31,54.2200,55.1125,54.1550,54.7150,153435600,51.7477
2018-11-01,54.7625,55.5900,54.2025,55.5550,233292800,52.5421
2018-11-02,52.3875,53.4125,51.3575,51.8700,365314800,49.0570
2018-11-05,51.0750,51.0975,49.5425,50.3975,264654800,47.6643
2018-11-06,50.4800,51.1800,50.4225,50.9425,127531600,48.1798
2018-11-07,51.4925,52.5150,51.0325,52.4875,133697600,49.6410
2018-11-08,52.4950,52.5300,51.6875,52.1225,101450400,49.4678
2018-11-09,51.3875,51.5025,50.5625,51.1175,137463200,48.5140
2018-11-12,49.7500,49.9625,48.4475,48.5425,204542000,46.0701
2018-11-13,47.9075,49.2950,47.8625,48.0575,187531600,45.6098
2018-11-14,48.4750,48.6200,46.4825,46.7000,243204000,44.3215
2018-11-15,47.0975,47.9925,46.7250,47.8525,185915200,45.4153
2018-11-16,47.6250,48.7425,47.3650,48.3825,147713200,45.9183
2018-11-19,47.5000,47.6750,46.2475,46.4650,167701200,44.0984
2018-11-20,44.5925,45.3675,43.8775,44.2450,271300800,41.9915
2018-11-21,44.9325,45.0675,44.1375,44.1950,124496800,41.9441
2018-11-23,43.7350,44.1500,43.0250,43.0725,94496000,40.8787
2018-11-26,43.5600,43.7375,42.5650,43.6550,179994000,41.4316
2018-11-27,42.8775,43.6925,42.7200,43.5600,165549600,41.3414
2018-11-28,44.1825,45.3225,43.7325,45.2350,184250000,42.9311
2018-11-29,45.6650,45.7000,44.4250,44.8875,167080000,42.6013
2018-11-30,45.0725,45.0825,44.2575,44.6450,158126000,42.3711
2018-12-03,46.1150,46.2350,45.3025,46.2050,163210000,43.8517
2018-12-04,45.2375,45.5975,44.0675,44.1725,165377200,41.9227
2018-12-06,42.9400,43.6950,42.6050,43.6800,172393600,41.4553
2018-12-07,43.3725,43.6225,42.0750,42.1225,169126400,39.9771
2018-12-10,41.2500,42.5225,40.8325,42.4000,248104000,40.2405
2018-12-11,42.9150,42.9475,41.7500,42.1575,189126800,40.0103
2018-12-12,42.6000,42.9800,42.2550,42.2750,142510800,40.1219
2018-12-13,42.6225,43.1425,42.3875,42.7375,127594400,40.5608
2018-12-14,42.2500,42.2700,41.3200,41.3700,162814800,39.2629
2018-12-17,41.3625,42.0875,40.6825,40.9850,177151600,38.8976
2018-12-18,41.3450,41.8825,41.0975,41.5175,135366000,39.4029
2018-12-19,41.5000,41.8625,39.7725,40.2225,196189200,38.1739
2018-12-20,40.1000,40.5275,38.8250,39.2075,259092000,37.2106
2018-12-21,39.2150,39.5400,37.4075,37.6825,382978400,35.7632
2018-12-24,37.0375,37.8875,36.6475,36.7075,148676800,34.8379
2018-12-26,37.0750,39.3075,36.6800,39.2925,234330000,37.2913
2018-12-27,38.9600,39.1925,37.5175,39.0375,212468400,37.0492
2018-12-28,39.3750,39.6300,38.6375,39.0575,169165600,37.0682
2018-12-31,39.6325,39.8400,39.1200,39.4350,140014000,37.4265
2019-01-02,38.7225,39.7125,38.5575,39.4800,148158800,37.4692
2019-01-03,35.9950,36.4300,35.5000,35.5475,365248800,33.7370
2019-01-04,36.1325,37.1375,35.9500,37.0650,234428400,35.1772
2019-01-07,37.1750,37.2075,36.4750,36.9825,219111200,35.0989
2019-01-08,37.3900,37.9550,37.1300,37.6875,164101200,35.7680
2019-01-09,37.8225,38.6325,37.4075,38.3275,180396400,36.3754
2019-01-10,38.1250,38.4925,37.7150,38.4500,143122800,36.4917
2019-01-11,38.2200,38.4250,37.8775,38.0725,108092800,36.1334
2019-01-14,37.7125,37.8175,37.3050,37.5000,129756800,35.5900
2019-01-15,37.5675,38.3475,37.5125,38.2675,114843600,36.3185
2019-01-16,38.2700,38.9700,38.2500,38.7350,122278800,36.7621
2019-01-17,38.5500,39.4150,38.3150,38.9650,119284800,36.9804
2019-01-18,39.3750,39.4700,38.9950,39.2050,135004000,37.2082
2019-01-22,39.1025,39.1825,38.1550,38.3250,121576000,36.3730
2019-01-23,38.5375,38.7850,37.9250,38.4800,92522400,36.5201
2019-01-24,38.5275,38.6200,37.9350,38.1750,101766000,36.2307
2019-01-25,38.8700,39.5325,38.5800,39.4400,134142000,37.4312
2019-01-28,38.9475,39.0825,38.4150,39.0750,104768400,37.0848
2019-01-29,39.0625,39.5325,38.5275,38.6700,166348800,36.7005
2019-01-30,40.8125,41.5375,40.0575,41.3125,244439200,39.2084
2019-01-31,41.5275,42.2500,41.1400,41.6100,162958400,39.4907
2019-02-01,41.7400,42.2450,41.4825,41.6300,130672400,39.5097
2019-02-04,41.8525,42.9150,41.8200,42.8125,125982000,40.6320
2019-02-05,43.2150,43.7700,43.0875,43.5450,144406400,41.3272
2019-02-06,43.6625,43.8925,43.2125,43.5600,112958400,41.3414
2019-02-07,43.1000,43.4850,42.5850,42.7350,126966800,40.5584
2019-02-08,42.2475,42.6650,42.1050,42.6025,95280000,40.6061
2019-02-11,42.7625,42.8025,42.3125,42.3575,83973600,40.3725
2019-02-12,42.5250,42.7500,42.4250,42.7225,89134000,40.7205
2019-02-13,42.8475,43.1200,42.4800,42.5450,89960800,40.5513
2019-02-14,42.4275,42.8150,42.3450,42.7000,87342800,40.6990
2019-02-15,42.8125,42.9250,42.4375,42.6050,98507200,40.6085
2019-02-19,42.4275,42.8600,42.3725,42.7325,75891200,40.7300
2019-02-20,42.7975,43.3300,42.7475,43.0075,104457600,40.9921
2019-02-21,42.9500,43.0925,42.5750,42.7650,68998800,40.7610
2019-02-22,42.8950,43.2500,42.8450,43.2425,75652800,41.2161
2019-02-25,43.5400,43.9675,43.4875,43.5575,87493600,41.5163
2019-02-26,43.4275,43.8250,43.2925,43.5825,68280800,41.5402
2019-02-27,43.3025,43.7500,43.1825,43.7175,111341600,41.6688
2019-02-28,43.5800,43.7275,43.2300,43.2875,112861600,41.2590
2019-03-01,43.5700,43.7875,43.2225,43.7425,103544800,41.6927
2019-03-04,43.9225,44.4375,43.4925,43.9625,109744800,41.9024
2019-03-05,43.9850,44.0000,43.6350,43.8825,78949600,41.8261
2019-03-06,43.6675,43.8725,43.4850,43.6300,83241600,41.5854
2019-03-07,43.4675,43.6100,43.0050,43.1250,99185600,41.1041
2019-03-08,42.5800,43.2675,42.3750,43.2275,95997600,41.2018
2019-03-11,43.8725,44.7800,43.8375,44.7250,128044000,42.6291
2019-03-12,45.0000,45.6675,44.8425,45.2275,129870400,43.1081
2019-03-13,45.5625,45.8250,45.2300,45.4275,124130000,43.2987
2019-03-14,45.9750,46.0250,45.6400,45.9325,94318000,43.7800
2019-03-15,46.2125,46.8325,45.9350,46.5300,156171600,44.3495
2019-03-18,46.4500,47.0975,46.4475,47.0050,104879200,44.8023
2019-03-19,47.0875,47.2475,46.4800,46.6325,126585600,44.4472
2019-03-20,46.5575,47.3725,46.1825,47.0400,124140800,44.8356
2019-03-21,47.5050,49.0825,47.4525,48.7725,204136800,46.4869
2019-03-22,48.8350,49.4225,47.6950,47.7625,169630800,45.5243
2019-03-25,47.8775,47.9950,46.6500,47.1850,175381200,44.9738
2019-03-26,47.9150,48.2200,46.1450,46.6975,199202000,44.5092
2019-03-27,47.1875,47.4400,46.6375,47.1175,119393600,44.9095
2019-03-28,47.2375,47.3900,46.8825,47.1800,83121600,44.9691
2019-03-29,47.4575,47.5200,47.1350,47.4875,94256000,45.2622
2019-04-01,47.9100,47.9200,47.0950,47.8100,111448000,45.5695
2019-04-02,47.7725,48.6150,47.7625,48.5050,91062800,46.2320
2019-04-03,48.3125,49.1250,48.2875,48.8375,93087200,46.5489
2019-04-04,48.6975,49.0925,48.2850,48.9225,76457200,46.6299
2019-04-05,49.1125,49.2750,48.9825,49.2500,74106400,46.9421
2019-04-08,49.1050,50.0575,49.0850,50.0250,103526800,47.6807
2019-04-09,50.0800,50.7125,49.8075,49.8750,143072800,47.5378
2019-04-10,49.6700,50.1850,49.5450,50.1550,86781200,47.8047
2019-04-11,50.2125,50.2500,49.6100,49.7375,83603200,47.4067
2019-04-12,49.8000,50.0350,49.0525,49.7175,111042800,47.3876
2019-04-15,49.6450,49.9625,49.5025,49.8075,70146400,47.4734
2019-04-16,49.8650,50.3425,49.6400,49.8125,102785600,47.4782
2019-04-17,49.8850,50.8450,49.6525,50.7825,115627200,48.4028
2019-04-18,50.7800,51.0375,50.6300,50.9650,96783200,48.5767
2019-04-22,50.7075,51.2350,50.5850,51.1325,77758000,48.7363
2019-04-23,51.1075,51.9375,50.9750,51.8700,93292000,49.4393
2019-04-24,51.8400,52.1200,51.7625,51.7900,70162400,49.3630
2019-04-25,51.7075,51.9400,51.2800,51.3200,74172800,48.9151
2019-04-26,51.2250,51.2500,50.5300,51.0750,74596400,48.6815
2019-04-29,51.1000,51.4925,50.9650,51.1525,88818800,48.7554
2019-04-30,50.7650,50.8500,49.7775,50.1675,186139600,47.8166
2019-05-01,52.4700,53.8275,52.3075,52.6300,259309200,50.1637
2019-05-02,52.4600,53.1625,52.0325,52.2875,127985200,49.8372
2019-05-03,52.7225,52.9600,52.5575,52.9375,83569600,50.4568
2019-05-06,51.0725,52.2100,50.8750,52.1200,129772400,49.6776
2019-05-07,51.4700,51.8550,50.2075,50.7150,155054800,48.3384
2019-05-08,50.4750,51.3350,50.4375,50.7250,105358000,48.3480
2019-05-09,50.1000,50.4200,49.1650,50.1800,139634400,47.8285
2019-05-10,49.3550,49.7125,48.1925,49.2950,164834800,47.1659
2019-05-13,46.9275,47.3700,45.7125,46.4300,229722400,44.4246
2019-05-14,46.6025,47.4250,46.3525,47.1650,146118800,45.1279
2019-05-15,46.5675,47.9375,46.5050,47.7300,106178800,45.6685
2019-05-16,47.4775,48.1175,47.2100,47.5200,132125600,45.4676
2019-05-17,46.7325,47.7250,46.6900,47.2500,131516400,45.2092
2019-05-20,45.8800,46.0875,45.0700,45.7725,154449200,43.7955
2019-05-21,46.3050,47.0000,46.1750,46.6500,113459200,44.6351
2019-05-22,46.1650,46.4275,45.6375,45.6950,118994400,43.7214
2019-05-23,44.9500,45.1350,44.4525,44.9150,146118800,42.9751
2019-05-24,45.0500,45.5350,44.6550,44.7425,94858800,42.8100
2019-05-28,44.7300,45.1475,44.4775,44.5575,111792800,42.6330
2019-05-29,44.1050,44.8375,44.0000,44.3450,113924800,42.4297
2019-05-30,44.4875,44.8075,44.1675,44.5750,84873600,42.6498
2019-05-31,44.0575,44.4975,43.7475,43.7675,108174400,41.8771
2019-06-03,43.9000,44.4800,42.5675,43.3250,161584400,41.4537
2019-06-04,43.8600,44.9575,43.6300,44.9100,123872000,42.9703
2019-06-05,46.0700,46.2475,45.2850,45.6350,119093600,43.6640
2019-06-06,45.7700,46.3675,45.5375,46.3050,90105200,44.3050
2019-06-07,46.6275,47.9800,46.4425,47.5375,122737600,45.4843
2019-06-10,47.9525,48.8425,47.9050,48.1450,104883600,46.0656
2019-06-11,48.7150,49.0000,48.4000,48.7025,107731600,46.5990
2019-06-12,48.4875,48.9925,48.3475,48.5475,73012800,46.4507
2019-06-13,48.6750,49.1975,48.4000,48.5375,86698400,46.4411
2019-06-14,47.8875,48.3975,47.5750,48.1850,75046000,46.1038
2019-06-17,48.2250,48.7400,48.0425,48.4725,58676400,46.3789
2019-06-18,49.0125,50.0725,48.8025,49.6125,106204000,47.4697
2019-06-19,49.9200,49.9700,49.3275,49.4675,84496800,47.3309
2019-06-20,50.0925,50.1525,49.5075,49.8650,86056000,47.7113
2019-06-21,49.7000,50.2125,49.5375,49.6950,191202400,47.5486
2019-06-24,49.6350,50.0400,49.5425,49.6450,72881600,47.5008
2019-06-25,49.6075,49.8150,48.8225,48.8925,84281200,46.7808
2019-06-26,49.4425,50.2475,49.3375,49.9500,104270000,47.7926
2019-06-27,50.0725,50.3925,49.8925,49.9350,83598800,47.7783
2019-06-28,49.6700,49.8750,49.2625,49.4800,124442400,47.3429
2019-07-01,50.7925,51.1225,50.1625,50.3875,109012000,48.2112
2019-07-02,50.3525,50.7825,50.3400,50.6825,67740800,48.4935
2019-07-03,50.8200,51.1100,50.6725,51.1025,45448000,48.8953
2019-07-05,50.8375,51.2700,50.7250,51.0575,69062000,48.8523
2019-07-08,50.2025,50.3500,49.6025,50.0050,101354400,47.8452
2019-07-09,49.8000,50.3775,49.7025,50.3100,82312000,48.1371
2019-07-10,50.4625,50.9325,50.3900,50.8075,71588400,48.6131
2019-07-11,50.8275,51.0975,50.4275,50.4375,80767200,48.2591
2019-07-12,50.6125,51.0000,50.5500,50.8250,70380800,48.6298
2019-07-15,51.0225,51.4675,51.0000,51.3025,67789600,49.0867
2019-07-16,51.1475,51.5275,50.8750,51.1250,67467200,48.9169
2019-07-17,51.0125,51.2725,50.8175,50.8375,56430000,48.6418
2019-07-18,51.0000,51.4700,50.9250,51.4150,74162400,49.1943
2019-07-19,51.4475,51.6250,50.5900,50.6475,83717200,48.4600
2019-07-22,50.9125,51.8075,50.9025,51.8050,89111600,49.5675
2019-07-23,52.1150,52.2275,51.8225,52.2100,73420800,49.9550
2019-07-24,51.9175,52.2875,51.7925,52.1675,59966400,49.9143
2019-07-25,52.2225,52.3100,51.6825,51.7550,55638400,49.5196
2019-07-26,51.8700,52.4325,51.7850,51.9350,70475600,49.6919
2019-07-29,52.1150,52.6600,52.1100,52.4200,86693600,50.1559
2019-07-30,52.1900,52.5400,51.8275,52.1950,135742800,49.9406
2019-07-31,54.1050,55.3425,52.8250,53.2600,277125600,50.9596
2019-08-01,53.4750,54.5075,51.6850,52.1075,216071600,49.8569
2019-08-02,51.3825,51.6075,50.4075,51.0050,163448400,48.8020
2019-08-05,49.4975,49.6625,48.1450,48.3350,209572000,46.2473
2019-08-06,49.0775,49.5175,48.5100,49.2500,143299200,47.1228
2019-08-07,48.8525,49.8900,48.4550,49.7600,133457600,47.6108
2019-08-08,50.0500,50.8825,49.8475,50.8575,108038000,48.6609
2019-08-09,50.3250,50.6900,49.8225,50.2475,98478800,48.2599
2019-08-12,49.9050,50.5125,49.7875,50.1200,89927600,48.1375
2019-08-13,50.2550,53.0350,50.1200,52.2425,188874000,50.1760
2019-08-14,50.7900,51.6100,50.6475,50.6875,146189600,48.6825
2019-08-15,50.8650,51.2850,49.9175,50.4350,108909600,48.4400
2019-08-16,51.0700,51.7900,50.9600,51.6250,110481600,49.5829
2019-08-19,52.6550,53.1825,52.5075,52.5875,97654400,50.5074
2019-08-20,52.7200,53.3375,52.5800,52.5900,107537200,50.5098
2019-08-21,53.2475,53.4125,52.9000,53.1600,86141600,51.0572
2019-08-22,53.2975,53.6100,52.6875,53.1150,89014800,51.0140
2019-08-23,52.3575,53.0125,50.2500,50.6600,187272000,48.6561
2019-08-26,51.4650,51.7975,51.2650,51.6225,104174400,49.5805
2019-08-27,51.9650,52.1375,50.8825,51.0400,103493200,49.0211
2019-08-28,51.0250,51.4300,50.8300,51.3825,63755200,49.3500
2019-08-29,52.1250,52.3300,51.6650,52.2525,83962000,50.1856
2019-08-30,52.5400,52.6125,51.8000,52.1850,84573600,50.1208
2019-09-03,51.6075,51.7450,51.0550,51.4250,80092000,49.3908
2019-09-04,52.0975,52.3700,51.8300,52.2975,76752400,50.2288
2019-09-05,53.0000,53.4925,52.8775,53.3200,95654800,51.2109
2019-09-06,53.5125,53.6050,53.1275,53.3150,77449200,51.2061
2019-09-09,53.7100,54.1100,52.7675,53.5425,109237600,51.4246
2019-09-10,53.4650,54.1950,52.9275,54.1750,127111600,52.0321
2019-09-11,54.5175,55.9275,54.4325,55.8975,177158400,53.6864
2019-09-12,56.2000,56.6050,55.7150,55.7725,128906800,53.5664
2019-09-13,55.0000,55.1975,54.2550,54.6875,159053200,52.5243
2019-09-16,54.4325,55.0325,54.3900,54.9750,84632400,52.8004
2019-09-17,54.9900,55.2050,54.7800,55.1750,73274800,52.9925
2019-09-18,55.2650,55.7125,54.8600,55.6925,101360000,53.4896
2019-09-19,55.5025,55.9400,55.0925,55.2400,88242400,53.0550
2019-09-20,55.3450,55.6400,54.3675,54.4325,221652400,52.2794
2019-09-23,54.7375,54.9600,54.4125,54.6800,76662000,52.5171
2019-09-24,55.2575,55.6225,54.2975,54.4200,124763200,52.2674
2019-09-25,54.6375,55.3750,54.2850,55.2575,87613600,53.0718
2019-09-26,55.0000,55.2350,54.7075,54.9725,75334000,52.7980
2019-09-27,55.1350,55.2400,54.3200,54.7050,101408000,52.5411
2019-09-30,55.2250,56.1450,55.1975,55.9925,103909600,53.7777
2019-10-01,56.2675,57.0550,56.0500,56.1475,139223200,53.9265
2019-10-02,55.7650,55.8950,54.4825,54.7400,138449200,52.5747
2019-10-03,54.6075,55.2400,53.7825,55.2050,114426000,53.0213
2019-10-04,56.4100,56.8725,55.9725,56.7525,138478800,54.5076
2019-10-07,56.5675,57.4825,56.4600,56.7650,122306000,54.5196
2019-10-08,56.4550,57.0150,56.0825,56.1000,111820000,53.8809
2019-10-09,56.7575,56.9475,56.4100,56.7575,74770400,54.5124
2019-10-10,56.9825,57.6100,56.8250,57.5225,113013600,55.2472
2019-10-11,58.2375,59.4100,58.0775,59.0525,166795600,56.7166
2019-10-14,58.7250,59.5325,58.6675,58.9675,96427600,56.6350
2019-10-15,59.0975,59.4125,58.7200,58.8300,87360000,56.5029
2019-10-16,58.3425,58.8100,58.3000,58.5925,73903200,56.2748
2019-10-17,58.7725,59.0375,58.3800,58.8200,67585200,56.4933
2019-10-18,58.6475,59.3950,58.5725,59.1025,97433600,56.7647
2019-10-21,59.3800,60.2475,59.3300,60.1275,87247200,57.7491
2019-10-22,60.2900,60.5500,59.9050,59.9900,82293600,57.6171
2019-10-23,60.5250,60.8100,60.3050,60.7950,75828800,58.3902
2019-10-24,61.1275,61.2000,60.4525,60.8950,69275200,58.4862
2019-10-25,60.7900,61.6825,60.7200,61.6450,73477200,59.2066
2019-10-28,61.8550,62.3125,61.6800,62.2625,96572800,59.7997
2019-10-29,62.2425,62.4375,60.6425,60.8225,142839600,58.4166
2019-10-30,61.1900,61.3250,60.3025,60.8150,124522000,58.4094
2019-10-31,61.8100,62.2925,59.3150,62.1900,139162000,59.7300
2019-11-01,62.3850,63.9825,62.2900,63.9550,151125200,61.4252
2019-11-04,64.3325,64.4625,63.8450,64.3750,103272000,61.8286
2019-11-05,64.2625,64.5475,64.0800,64.2825,79897600,61.7398
2019-11-06,64.1925,64.3725,63.8425,64.3100,75864400,61.7662
2019-11-07,64.6850,65.0875,64.5275,64.8575,94940400,62.4790
2019-11-08,64.6725,65.1100,64.2125,65.0350,69986400,62.6500
2019-11-11,64.5750,65.6175,64.5700,65.5500,81821200,63.1461
2019-11-12,65.3875,65.6975,65.2300,65.4900,87388800,63.0883
2019-11-13,65.2825,66.1950,65.2675,66.1175,102734400,63.6928
2019-11-14,65.9375,66.2200,65.5250,65.6600,89182800,63.2521
2019-11-15,65.9200,66.4450,65.7525,66.4400,100206400,64.0035
2019-11-18,66.4500,66.8575,66.0575,66.7750,86703200,64.3262
2019-11-19,66.9750,67.0000,66.3475,66.5725,76167200,64.1311
2019-11-20,66.3850,66.5200,65.1000,65.7975,106234400,63.3846
2019-11-21,65.9225,66.0025,65.2950,65.5025,121395200,63.1004
2019-11-22,65.6475,65.7950,65.2100,65.4450,65325200,63.0450
2019-11-25,65.6775,66.6100,65.6300,66.5925,84020400,64.1504
2019-11-26,66.7350,66.7900,65.6250,66.0725,105207600,63.6495
2019-11-27,66.3950,66.9950,66.3275,66.9600,65235600,64.5044
2019-11-29,66.6500,67.0000,66.4750,66.8125,46617600,64.3623
2019-12-02,66.8175,67.0625,65.8625,66.0400,94487200,63.6182
2019-12-03,64.5775,64.8825,64.0725,64.8625,114430400,62.4838
2019-12-04,65.2675,65.8275,65.1700,65.4350,67181600,63.0353
2019-12-05,65.9475,66.4725,65.6825,66.3950,74424400,63.9602
2019-12-06,66.8700,67.7500,66.8250,67.6775,106075600,65.1956
2019-12-09,67.5000,67.7000,66.2275,66.7300,128042400,64.2829
2019-12-10,67.1500,67.5175,66.4650,67.1200,90420400,64.6585
2019-12-11,67.2025,67.7750,67.1250,67.6925,78756800,65.2101
2019-12-12,66.9450,68.1400,66.8300,67.8650,137310400,65.3762
2019-12-13,67.8650,68.8250,67.7325,68.7875,133587600,66.2649
2019-12-16,69.2500,70.1975,69.2450,69.9650,128186000,67.3992
2019-12-17,69.8925,70.4425,69.7000,70.1025,114158400,67.5317
2019-12-18,69.9500,70.4750,69.7800,69.9350,116028400,67.3703
2019-12-19,69.8750,70.2950,69.7375,70.0050,98369200,67.4378
2019-12-20,70.5575,70.6625,69.6400,69.8600,275978000,67.2981
2019-12-23,70.1325,71.0625,70.0925,71.0000,98572000,68.3963
2019-12-24,71.1725,71.2225,70.7300,71.0675,48478800,68.4613
2019-12-26,71.2050,72.4950,71.1750,72.4775,93121200,69.8196
2019-12-27,72.7800,73.4925,72.0300,72.4500,146266000,69.7931
2019-12-30,72.3650,73.1725,71.3050,72.8800,144114400,70.2073
2019-12-31,72.4825,73.4200,72.3800,73.4125,100805600,70.7203
2020-01-02,74.0600,75.1500,73.7975,75.0875,135480400,72.3339
2020-01-03,74.2875,75.1450,74.1250,74.3575,146322800,71.6307
2020-01-06,73.4475,74.9900,73.1875,74.9500,118387200,72.2014
2020-01-07,74.9600,75.2250,74.3700,74.5975,108872000,71.8618
2020-01-08,74.2900,76.1100,74.2900,75.7975,132079200,73.0178
2020-01-09,76.8100,77.6075,76.5500,77.4075,170108400,74.5688
2020-01-10,77.6500,78.1675,77.0625,77.5825,140644800,74.7374
2020-01-13,77.9100,79.2675,77.7875,79.2400,121532000,76.3341
2020-01-14,79.1750,79.3925,78.0425,78.1700,161954400,75.3033
2020-01-15,77.9625,78.8750,77.3875,77.8350,121923600,74.9806
2020-01-16,78.3975,78.9250,78.0225,78.8100,108829200,75.9199
2020-01-17,79.0675,79.6850,78.7500,79.6825,137816400,76.7604
2020-01-21,79.2975,79.7550,79.0000,79.1425,110843200,76.2402
2020-01-22,79.6450,79.9975,79.3275,79.4250,101832400,76.5123
2020-01-23,79.4800,79.8900,78.9125,79.8075,104472000,76.8808
2020-01-24,80.0625,80.8325,79.3800,79.5775,146537600,76.6592
2020-01-27,77.5150,77.9425,76.2200,77.2375,161940000,74.4050
2020-01-28,78.1500,79.6000,78.0475,79.4225,162234000,76.5099
2020-01-29,81.1125,81.9625,80.3450,81.0850,216229200,78.1114
2020-01-30,80.1350,81.0225,79.6875,80.9675,126743200,77.9982
2020-01-31,80.2325,80.6700,77.0725,77.3775,199588400,74.5399
2020-02-03,76.0750,78.3725,75.5550,77.1650,173788400,74.3352
2020-02-04,78.8275,79.9100,78.4075,79.7125,136616400,76.7893
2020-02-05,80.8800,81.1900,79.7375,80.3625,118826800,77.4154
2020-02-06,80.6425,81.3050,80.0650,81.3025,105425600,78.3209
2020-02-07,80.5925,80.8500,79.5000,80.0075,117684000,77.2564
2020-02-10,78.5450,80.3875,78.4625,80.3875,109348800,77.6233
2020-02-11,80.9000,80.9750,79.6775,79.9025,94323200,77.1550
2020-02-12,80.3675,81.8050,80.3675,81.8000,113730400,78.9872
2020-02-13,81.0475,81.5550,80.8375,81.2175,94747600,78.4248
2020-02-14,81.1850,81.4950,80.7125,81.2375,80113600,78.4441
2020-02-18,78.8400,79.9375,78.6525,79.7500,152531200,77.0077
2020-02-19,80.0000,81.1425,80.0000,80.9050,93984000,78.1230
2020-02-20,80.6575,81.1625,79.5525,80.0750,100566000,77.3215
2020-02-21,79.6550,80.1125,77.6250,78.2625,129554000,75.5714
2020-02-24,74.3150,76.0450,72.3075,74.5450,222195200,71.9817
2020-02-25,75.2375,75.6325,71.5325,72.0200,230673600,69.5435
2020-02-26,71.6325,74.4700,71.6250,73.1625,198054800,70.6467
2020-02-27,70.2750,71.5000,68.2400,68.3800,320605600,66.0287
2020-02-28,64.3150,69.6025,64.0925,68.3400,426510000,65.9901
2020-03-02,70.5700,75.3600,69.4300,74.7025,341397200,72.1338
2020-03-03,75.9175,76.0000,71.4500,72.3300,319475600,69.8429
2020-03-04,74.1100,75.8500,73.2825,75.6850,219178400,73.0825
2020-03-05,73.8800,74.8875,72.8525,73.2300,187572800,70.7119
2020-03-06,70.5000,72.7050,70.3075,72.2575,226176800,69.7728
2020-03-09,65.9375,69.5225,65.7500,66.5425,286744800,64.2544
2020-03-10,69.2850,71.6100,67.3425,71.3350,285290000,68.8821
2020-03-11,69.3475,70.3050,67.9650,68.8575,255598800,66.4898
2020-03-12,63.9850,67.5000,62.0000,62.0575,418474000,59.9236
2020-03-13,66.2225,69.9800,63.2375,69.4925,370732000,67.1029
2020-03-16,60.4875,64.7700,60.0000,60.5525,322423600,58.4703
2020-03-17,61.8775,64.4025,59.6000,63.2150,324056000,61.0413
2020-03-18,59.9425,62.5000,59.2800,61.6675,300233600,59.5470
2020-03-19,61.8475,63.2100,60.6525,61.1950,271857200,59.0908
2020-03-20,61.7950,62.9575,57.0000,57.3100,401693200,55.3393
2020-03-23,57.0200,57.1250,53.1525,56.0925,336752800,54.1637
2020-03-24,59.0900,61.9225,58.5750,61.7200,287531200,59.5977
2020-03-25,62.6875,64.5625,61.0750,61.3800,303602000,59.2694
2020-03-26,61.6300,64.6700,61.5900,64.6100,252087200,62.3883
2020-03-27,63.1875,63.9675,61.7625,61.9350,204216800,59.8053
2020-03-30,62.6850,63.8800,62.3500,63.7025,167976400,61.5120
2020-03-31,63.9000,65.6225,63.0000,63.5725,197002000,61.3865
2020-04-01,61.6250,62.1800,59.7825,60.2275,176218400,58.1565
2020-04-02,60.0850,61.2875,59.2250,61.2325,165934000,59.1270
2020-04-03,60.7000,61.4250,59.7425,60.3525,129880000,58.2772
2020-04-06,62.7250,65.7775,62.3450,65.6175,201820400,63.3612
2020-04-07,67.7000,67.9250,64.7500,64.8575,202887200,62.6273
2020-04-08,65.6850,66.8425,65.3075,66.5175,168895200,64.2302
2020-04-09,67.1750,67.5175,66.1750,66.9975,161834800,64.6937
2020-04-13,67.0775,68.4250,66.4575,68.3125,131022800,65.9635
2020-04-14,70.0000,72.0625,69.5125,71.7625,194994800,69.2949
2020-04-15,70.6000,71.5825,70.1575,71.1075,131154400,68.6624
2020-04-16,71.8450,72.0500,70.5875,71.6725,157125200,69.2080
2020-04-17,71.1725,71.7375,69.2150,70.7000,215250000,68.2689
2020-04-20,69.4875,70.4200,69.2125,69.2325,130015200,66.8519
2020-04-21,69.0700,69.3125,66.3575,67.0925,180991600,64.7855
2020-04-22,68.4025,69.4750,68.0500,69.0250,116862400,66.6515
2020-04-23,68.9675,70.4375,68.7175,68.7575,124814400,66.3932
2020-04-24,69.3000,70.7525,69.2500,70.7425,126161200,68.3099
2020-04-27,70.4500,71.1350,69.9875,70.7925,117087600,68.3582
2020-04-28,71.2700,71.4575,69.5500,69.6450,112004800,67.2502
2020-04-29,71.1825,72.4175,70.9725,71.9325,137280800,69.4590
2020-04-30,72.4900,73.6325,72.0875,73.4500,183064000,70.9243
2020-05-01,71.5625,74.7500,71.4625,72.2675,240616800,69.7825
2020-05-04,72.2925,73.4225,71.5800,73.2900,133568000,70.7698
2020-05-05,73.7650,75.2500,73.6150,74.3900,147751200,71.8320
2020-05-06,75.1150,75.8100,74.7175,75.1575,142333600,72.5731
2020-05-07,75.8050,76.2925,75.4925,75.9350,115215200,73.3239
2020-05-08,76.4100,77.5875,76.0725,77.5325,133838400,75.0691
2020-05-11,77.0250,79.2625,76.8100,78.7525,145946400,76.2504
2020-05-12,79.4575,79.9225,77.7275,77.8525,162301200,75.3790
2020-05-13,78.0375,78.9875,75.8025,76.9125,200622400,74.4688
2020-05-14,76.1275,77.4475,75.3825,77.3850,158929200,74.9263
2020-05-15,75.0875,76.9750,75.0525,76.9275,166348400,74.4834
2020-05-18,78.2925,79.1250,77.5800,78.7400,135178400,76.2383
2020-05-19,78.7575,79.6300,78.2525,78.2850,101729600,75.7977
2020-05-20,79.1700,79.8800,79.1300,79.8075,111504800,77.2719
2020-05-21,79.6650,80.2225,78.9675,79.2125,102688800,76.6958
2020-05-22,78.9425,79.8075,78.8375,79.7225,81803200,77.1896
2020-05-26,80.8750,81.0600,79.1250,79.1825,125522000,76.6667
2020-05-27,79.0350,79.6775,78.2725,79.5275,112945200,77.0007
2020-05-28,79.1925,80.8600,78.9075,79.5625,133560800,77.0346
2020-05-29,79.8125,80.2875,79.1175,79.4850,153532400,76.9596
2020-06-01,79.4375,80.5875,79.3025,80.4625,80791200,77.9060
2020-06-02,80.1875,80.8600,79.7325,80.8350,87642800,78.2667
2020-06-03,81.1650,81.5500,80.5750,81.2800,104491200,78.6976
2020-06-04,81.0975,81.4050,80.1950,80.5800,87560400,78.0198
2020-06-05,80.8375,82.9375,80.8075,82.8750,137250400,80.2419
2020-06-08,82.5625,83.4000,81.8300,83.3650,95654400,80.7163
2020-06-09,83.0350,86.4025,83.0025,85.9975,147712400,83.2652
2020-06-10,86.9750,88.6925,86.5225,88.2100,166651600,85.4074
2020-06-11,87.3275,87.7650,83.8700,83.9750,201662400,81.3069
2020-06-12,86.1800,86.9500,83.5550,84.7000,200146000,82.0089
2020-06-15,83.3125,86.4200,83.1450,85.7475,138808800,83.0231
2020-06-16,87.8650,88.3000,86.1800,88.0200,165428800,85.2234
2020-06-17,88.7875,88.8500,87.7725,87.8975,114406400,85.1048
2020-06-18,87.8525,88.3625,87.3050,87.9325,96820400,85.1387
2020-06-19,88.6600,89.1400,86.2875,87.4300,264476000,84.6522
2020-06-22,87.8350,89.8650,87.7875,89.7175,135445200,86.8670
2020-06-23,91.0000,93.0950,90.5675,91.6325,212155600,88.7212
2020-06-24,91.2500,92.1975,89.6300,90.0150,192623200,87.1550
2020-06-25,90.1750,91.2500,89.3925,91.2100,137522400,88.3121
2020-06-26,91.1025,91.3300,88.2550,88.4075,205256800,85.5986
2020-06-29,88.3125,90.5425,87.8200,90.4450,130646000,87.5714
2020-06-30,90.0200,91.4950,90.0000,91.2000,140223200,88.3024
2020-07-01,91.2800,91.8400,90.9775,91.0275,110737200,88.1354
2020-07-02,91.9625,92.6175,90.9100,91.0275,114041600,88.1354
2020-07-06,92.5000,93.9450,92.4675,93.4625,118655600,90.4930
2020-07-07,93.8525,94.6550,93.0575,93.1725,112424400,90.2122
2020-07-08,94.1800,95.3750,94.0900,95.3425,117092000,92.3133
2020-07-09,96.2625,96.3175,94.6725,95.7525,125642800,92.7103
2020-07-10,95.3350,95.9800,94.7050,95.9200,90257200,92.8724
2020-07-13,97.2650,99.9550,95.2575,95.4775,191649200,92.4440
2020-07-14,94.8400,97.2550,93.8775,97.0575,170989200,93.9738
2020-07-15,98.9900,99.2475,96.4900,97.7250,153198000,94.6201
2020-07-16,96.5625,97.4050,95.9050,96.5225,110577600,93.4558
2020-07-17,96.9875,97.1475,95.8400,96.3275,92186800,93.2670
2020-07-20,96.4175,98.5000,96.0625,98.3575,90318000,95.2325
2020-07-21,99.1725,99.2500,96.7425,97.0000,103433200,93.9181
2020-07-22,96.6925,97.9750,96.6025,97.2725,89001600,94.1820
2020-07-23,96.9975,97.0775,92.0100,92.8450,197004400,89.8951
2020-07-24,90.9875,92.9700,89.1450,92.6150,185438800,89.6724
2020-07-27,93.7100,94.9050,93.4800,94.8100,121214000,91.7977
2020-07-28,94.3675,94.5500,93.2475,93.2525,103625600,90.2897
2020-07-29,93.7500,95.2300,93.7125,95.0400,90329200,92.0204
2020-07-30,94.1875,96.2975,93.7675,96.1900,158130000,93.1338
2020-07-31,102.8850,106.4150,100.8250,106.2600,374336800,102.8839
2020-08-03,108.2000,111.6375,107.8925,108.9375,308151200,105.4763
2020-08-04,109.1325,110.7900,108.3875,109.6650,173071600,106.1807
2020-08-05,109.3775,110.3925,108.8975,110.0625,121776800,106.5656
2020-08-06,110.4050,114.4125,109.7975,113.9025,202428800,110.2836
2020-08-07,113.2050,113.6750,110.2925,111.1125,198045600,107.7762
2020-08-10,112.6000,113.7750,110.0000,112.7275,212403600,109.3427
2020-08-11,111.9700,112.4825,109.1075,109.3750,187902400,106.0909
2020-08-12,110.4975,113.2750,110.2975,113.0100,165598000,109.6167
2020-08-13,114.4300,116.0425,113.9275,115.0100,210082000,111.5567
2020-08-14,114.8300,115.0000,113.0450,114.9075,165565200,111.4572
2020-08-17,116.0625,116.0875,113.9625,114.6075,119561600,111.1663
2020-08-18,114.3525,116.0000,114.0075,115.5625,105633600,112.0926
2020-08-19,115.9825,117.1625,115.6100,115.7075,145538000,112.2332
2020-08-20,115.7500,118.3925,115.7325,118.2750,126907200,114.7236
2020-08-21,119.2625,124.8675,119.2500,124.3700,338054800,120.6356
2020-08-24,128.6975,128.7850,123.9375,125.8575,345937600,122.0784
2020-08-25,124.6975,125.1800,123.0525,124.8250,211495600,121.0770
2020-08-26,126.1800,126.9925,125.0825,126.5225,163022400,122.7235
2020-08-27,127.1425,127.4850,123.8325,125.0100,155552400,121.2564
2020-08-28,126.0125,126.4425,124.5775,124.8075,187630000,121.0600
2020-08-31,127.5800,131.0000,126.0000,129.0400,225702700,125.1654
2020-09-01,132.7600,134.8000,130.5300,134.1800,151948100,130.1510
2020-09-02,137.5900,137.9800,127.0000,131.4000,200119000,127.4545
2020-09-03,126.9100,128.8400,120.5000,120.8800,257599600,117.2504
2020-09-04,120.0700,123.7000,110.8900,120.9600,332607200,117.3280
2020-09-08,113.9500,118.9900,112.6800,112.8200,231366600,109.4324
2020-09-09,117.2600,119.1400,115.2600,117.3200,176940500,113.7973
2020-09-10,120.3600,120.5000,112.5000,113.4900,182274400,110.0823
2020-09-11,114.5700,115.2300,110.0000,112.0000,180860300,108.6370
2020-09-14,114.7200,115.9300,112.8000,115.3600,140150100,111.8962
2020-09-15,118.3300,118.8300,113.6100,115.5400,184642000,112.0708
2020-09-16,115.2300,116.0000,112.0400,112.1300,154679000,108.7631
2020-09-17,109.7200,112.2000,108.7100,110.3400,178011000,107.0269
2020-09-18,110.4000,110.8800,106.0900,106.8400,287104900,103.6320
2020-09-21,104.5400,110.1900,103.1000,110.0800,195713800,106.7747
2020-09-22,112.6800,112.8600,109.1600,111.8100,183055400,108.4528
2020-09-23,111.6200,112.1100,106.7700,107.1200,150718700,103.9036
2020-09-24,105.1700,110.2500,105.0000,108.2200,167743300,104.9706
2020-09-25,108.4300,112.4400,107.6700,112.2800,149981400,108.9087
2020-09-28,115.0100,115.3200,112.7800,114.9600,137672400,111.5082
2020-09-29,114.5500,115.3100,113.5700,114.0900,99382200,110.6643
2020-09-30,113.7900,117.2600,113.6200,115.8100,142675200,112.3326
2020-10-01,117.6400,117.7200,115.8300,116.7900,116120400,113.2832
2020-10-02,112.8900,115.3700,112.2200,113.0200,144712000,109.6264
2020-10-05,113.9100,116.6500,113.5500,116.5000,106243800,113.0019
2020-10-06,115.7000,116.1200,112.2500,113.1600,161498200,109.7622
2020-10-07,114.6200,115.5500,114.1300,115.0800,96849000,111.6246
2020-10-08,116.2500,116.4000,114.5900,114.9700,83477200,111.5179
2020-10-09,115.2800,117.0000,114.9200,116.9700,100506900,113.4578
2020-10-12,120.0600,125.1800,119.2800,124.4000,240226800,120.6647
2020-10-13,125.2700,125.3900,119.6500,121.1000,262330500,117.4638
2020-10-14,121.0000,123.0300,119.6200,121.1900,150712000,117.5511
2020-10-15,118.7200,121.2000,118.1500,120.7100,112559200,117.0855
2020-10-16,121.2800,121.5500,118.8100,119.0200,115393800,115.4463
2020-10-19,119.9600,120.4200,115.6600,115.9800,120639300,112.4976
2020-10-20,116.2000,118.9800,115.6300,117.5100,124423700,113.9816
2020-10-21,116.6700,118.7100,116.4500,116.8700,89946000,113.3608
2020-10-22,117.4500,118.0400,114.5900,115.7500,101988000,112.2745
2020-10-23,116.3900,116.5500,114.2800,115.0400,82572600,111.5858
2020-10-26,114.0100,116.5500,112.8800,115.0500,111850700,111.5955
2020-10-27,115.4900,117.2800,114.5400,116.6000,92276800,113.0989
2020-10-28,115.0500,115.4300,111.1000,111.2000,143937800,107.8611
2020-10-29,112.3700,116.9300,112.2000,115.3200,146129200,111.8574
2020-10-30,111.0600,111.9900,107.7200,108.8600,190272600,105.5913
2020-11-02,109.1100,110.6800,107.3200,108.7700,122866900,105.5040
2020-11-03,109.6600,111.4900,108.7300,110.4400,107624400,107.1239
2020-11-04,114.1400,115.5900,112.3500,114.9500,138235500,111.4985
2020-11-05,117.9500,119.6200,116.8700,119.0300,126387100,115.4559
2020-11-06,118.3200,119.2000,116.1300,118.6900,114457900,115.3248
2020-11-09,120.5000,121.9900,116.0500,116.3200,154515300,113.0220
2020-11-10,115.5500,117.5900,114.1300,115.9700,138023400,112.6819
2020-11-11,117.1900,119.6300,116.4400,119.4900,112295000,116.1021
2020-11-12,119.6200,120.5300,118.5700,119.2100,103162300,115.8300
2020-11-13,119.4400,119.6700,117.8700,119.2600,81581900,115.8787
2020-11-16,118.9200,120.9900,118.1500,120.3000,91183000,116.8891
2020-11-17,119.5500,120.6700,118.9600,119.3900,74271000,116.0050
2020-11-18,118.6100,119.8200,118.0000,118.0300,76322100,114.6835
2020-11-19,117.5900,119.0600,116.8100,118.6400,74113000,115.2762
2020-11-20,118.6400,118.7700,117.2900,117.3400,73604300,114.0131
2020-11-23,117.1800,117.6200,113.7500,113.8500,127959300,110.6220
2020-11-24,113.9100,115.8500,112.5900,115.1700,113874200,111.9046
2020-11-25,115.5500,116.7500,115.1700,116.0300,76499200,112.7402
2020-11-27,116.5700,117.4900,116.2200,116.5900,46691300,113.2843
2020-11-30,116.9700,120.9700,116.8100,119.0500,169410200,115.6746
2020-12-01,121.0100,123.4700,120.0100,122.7200,127728200,119.2405
2020-12-02,122.0200,123.3700,120.8900,123.0800,89004200,119.5903
2020-12-03,123.5200,123.7800,122.2100,122.9400,78967600,119.4543
2020-12-04,122.6000,122.8600,121.5200,122.2500,78260400,118.7839
2020-12-07,122.3100,124.5700,122.2500,123.7500,86712000,120.2413
2020-12-08,124.3700,124.9800,123.0900,124.3800,82225500,120.8535
2020-12-09,124.5300,125.9500,121.0000,121.7800,115089200,118.3272
2020-12-10,120.5000,123.8700,120.1500,123.2400,81312200,119.7458
2020-12-11,122.4300,122.7600,120.5500,122.4100,86939800,118.9393
2020-12-14,122.6000,123.3500,121.5400,121.7800,79184500,118.3272
2020-12-15,124.3400,127.9000,124.1300,127.8800,157243700,124.2542
2020-12-16,127.4100,128.3700,126.5600,127.8100,98208600,124.1862
2020-12-17,128.9000,129.5800,128.0400,128.7000,94359800,125.0510
2020-12-18,128.9600,129.1000,126.1200,126.6600,192541500,123.0688
2020-12-21,125.0200,128.3100,123.4500,128.2300,121251600,124.5943
2020-12-22,131.6100,134.4100,129.6500,131.8800,168904800,128.1408
2020-12-23,132.1600,132.4300,130.7800,130.9600,88223700,127.2469
2020-12-24,131.3200,133.4600,131.1000,131.9700,54930100,128.2283
2020-12-28,133.9900,137.3400,133.5100,136.6900,124486200,132.8144
2020-12-29,138.0500,138.7900,134.3400,134.8700,121047300,131.0460
2020-12-30,135.5800,135.9900,133.4000,133.7200,96452100,129.9287
2020-12-31,134.0800,134.7400,131.7200,132.6900,99116600,128.9279
2021-01-04,133.5200,133.6100,126.7600,129.4100,143301900,125.7408
2021-01-05,128.8900,131.7400,128.4300,131.0100,97664900,127.2955
2021-01-06,127.7200,131.0500,126.3800,126.6000,155088000,123.0105
2021-01-07,128.3600,131.6300,127.8600,130.9200,109578200,127.2080
2021-01-08,132.4300,132.6300,130.2300,132.0500,105158200,128.3060
2021-01-11,129.1900,130.1700,128.5000,128.9800,100384500,125.3230
2021-01-12,128.5000,129.6900,126.8600,128.8000,91951100,125.1481
2021-01-13,128.7600,131.4500,128.4900,130.8900,88636800,127.1789
2021-01-14,130.8000,131.0000,128.7600,128.9100,90221800,125.2550
2021-01-15,128.7800,130.2200,127.0000,127.1400,111598500,123.5352
2021-01-19,127.7800,128.7100,126.9400,127.8300,90757300,124.2056
2021-01-20,128.6600,132.4900,128.5500,132.0300,104319500,128.2866
2021-01-21,133.8000,139.6700,133.5900,136.8700,120150900,132.9893
2021-01-22,136.2800,139.8500,135.0200,139.0700,114459400,135.1270
2021-01-25,143.0700,145.0900,136.5400,142.9200,157611700,138.8678
2021-01-26,143.6000,144.3000,141.3700,143.1600,98390600,139.1010
2021-01-27,143.4300,144.3000,140.4100,142.0600,140843800,138.0322
2021-01-28,139.5200,141.9900,136.7000,137.0900,142621100,133.2031
2021-01-29,135.8300,136.7400,130.2100,131.9600,177523800,128.2185
2021-02-01,133.7500,135.3800,130.9300,134.1400,106239800,130.3368
2021-02-02,135.7300,136.3100,134.6100,134.9900,83305400,131.1626
2021-02-03,135.7600,135.7700,133.6100,133.9400,89880900,130.1424
2021-02-04,136.3000,137.4000,134.5900,137.3900,84183100,133.4946
2021-02-05,137.3500,137.4200,135.8600,136.7600,75693800,133.0810
2021-02-08,136.0300,136.9600,134.9200,136.9100,71297200,133.2270
2021-02-09,136.6200,137.8800,135.8500,136.0100,76774200,132.3512
2021-02-10,136.4800,136.9900,134.4000,135.3900,73046600,131.7479
2021-02-11,135.9000,136.3900,133.7700,135.1300,64280000,131.4949
2021-02-12,134.3500,135.5300,133.6900,135.3700,60145100,131.7284
2021-02-16,135.4900,136.0100,132.7900,133.1900,80576300,129.6070
2021-02-17,131.2500,132.2200,129.4700,130.8400,97918500,127.3203
2021-02-18,129.2000,130.0000,127.4100,129.7100,96856700,126.2207
2021-02-19,130.2400,130.7100,128.8000,129.8700,87668800,126.3764
2021-02-22,128.0100,129.7200,125.6000,126.0000,103916400,122.6105
2021-02-23,123.7600,126.7100,118.3900,125.8600,158273000,122.4743
2021-02-24,124.9400,125.5600,122.2300,125.3500,111039900,121.9780
2021-02-25,124.6800,126.4600,120.5400,120.9900,148199500,117.7352
2021-02-26,122.5900,124.8500,121.2000,121.2600,164560400,117.9980
2021-03-01,123.7500,127.9300,122.7900,127.7900,116307900,124.3523
2021-03-02,128.4100,128.7200,125.0100,125.1200,102260900,121.7542
2021-03-03,124.8100,125.7100,121.8400,122.0600,112966300,118.7765
2021-03-04,121.7500,123.6000,118.6200,120.1300,178155000,116.8984
2021-03-05,120.9800,121.9400,117.5700,121.4200,153766600,118.1537
2021-03-08,120.9300,121.0000,116.2100,116.3600,154376600,113.2298
2021-03-09,119.0300,122.0600,118.7900,121.0900,129525800,117.8326
2021-03-10,121.6900,122.1700,119.4500,119.9800,111943300,116.7524
2021-03-11,122.5400,123.2100,121.2600,121.9600,103026500,118.6792
2021-03-12,120.4000,121.1700,119.1600,121.0300,88105100,117.7742
2021-03-15,121.4100,124.0000,120.4200,123.9900,92403800,120.6545
2021-03-16,125.7000,127.2200,124.7200,125.5700,115227900,122.1920
2021-03-17,124.0500,125.8600,122.3400,124.7600,111932600,121.4038
2021-03-18,122.8800,123.1800,120.3200,120.5300,121229700,117.2876
2021-03-19,119.9000,121.4300,119.6800,119.9900,185549500,116.7621
2021-03-22,120.3300,123.8700,120.2600,123.3900,111912300,120.0707
2021-03-23,123.3300,124.2400,122.1400,122.5400,95467100,119.2436
2021-03-24,122.8200,122.9000,120.0700,120.0900,88530500,116.8595
2021-03-25,119.5400,121.6600,119.0000,120.5900,98844700,117.3460
2021-03-26,120.3500,121.4800,118.9200,121.2100,94071200,117.9493
2021-03-29,121.6500,122.5800,120.7300,121.3900,80819200,118.1245
2021-03-30,120.1100,120.4000,118.8600,119.9000,85671900,116.6746
2021-03-31,121.6500,123.5200,121.1500,122.1500,118323800,118.8641
2021-04-01,123.6600,124.1800,122.4900,123.0000,75089100,119.6912
2021-04-05,123.8700,126.1600,123.0700,125.9000,88651200,122.5132
2021-04-06,126.5000,127.1300,125.6500,126.2100,80171300,122.8148
2021-04-07,125.8300,127.9200,125.1400,127.9000,83466700,124.4594
2021-04-08,128.9500,130.3900,128.5200,130.3600,88844600,126.8532
2021-04-09,129.8000,133.0400,129.4700,133.0000,106686700,129.4221
2021-04-12,132.5200,132.8500,130.6300,131.2400,91420000,127.7095
2021-04-13,132.4400,134.6600,131.9300,134.4300,91266500,130.8137
2021-04-14,134.9400,135.0000,131.6600,132.0300,87222800,128.4783
2021-04-15,133.8200,135.0000,133.6400,134.5000,89347100,130.8818
2021-04-16,134.3000,134.6700,133.2800,134.1600,84922400,130.5510
2021-04-19,133.5100,135.4700,133.3400,134.8400,94264200,131.2127
2021-04-20,135.0200,135.5300,131.8100,133.1100,94812300,129.5292
2021-04-21,132.3600,133.7500,131.3000,133.5000,68847100,129.9087
2021-04-22,133.0400,134.1500,131.4100,131.9400,84566500,128.3907
2021-04-23,132.1600,135.1200,132.1600,134.3200,78657500,130.7067
2021-04-26,134.8300,135.0600,133.5600,134.7200,66905100,131.0959
2021-04-27,135.0100,135.4100,134.1100,134.3900,66015800,130.7748
2021-04-28,134.3100,135.0200,133.0800,133.5800,107760100,129.9866
2021-04-29,136.4700,137.0700,132.4500,133.4800,151101000,129.8893
2021-04-30,131.7800,133.5600,131.0700,131.4600,109839500,127.9236
2021-05-03,132.0400,134.0700,131.8300,132.5400,75135100,128.9745
2021-05-04,131.1900,131.4900,126.7000,127.8500,137564700,124.4107
2021-05-05,129.2000,130.4500,127.9700,128.1000,84000900,124.6540
2021-05-06,127.8900,129.7500,127.1300,129.7400,78128300,126.2498
2021-05-07,130.8500,131.2600,129.4800,130.2100,78973300,126.9225
2021-05-10,129.4100,129.5400,126.8100,126.8500,88071200,123.6473
2021-05-11,123.5000,126.2700,122.7700,125.9100,126142800,122.7310
2021-05-12,123.4000,124.6400,122.2500,122.7700,112172300,119.6703
2021-05-13,124.5800,126.1500,124.2600,124.9700,105861300,121.8148
2021-05-14,126.2500,127.8900,125.8500,127.4500,81918000,124.2321
2021-05-17,126.8200,126.9300,125.1700,126.2700,74244600,123.0819
2021-05-18,126.5600,126.9900,124.7800,124.8500,63342900,121.6978
2021-05-19,123.1600,124.9200,122.8600,124.6900,92612000,121.5418
2021-05-20,125.2300,127.7200,125.1000,127.3100,76857100,124.0957
2021-05-21,127.8200,128.0000,125.2100,125.4300,79295400,122.2631
2021-05-24,126.0100,127.9400,125.9400,127.1000,63092900,123.8910
2021-05-25,127.8200,128.3200,126.3200,126.9000,72009500,123.6960
2021-05-26,126.9600,127.3900,126.4200,126.8500,56575900,123.6473
2021-05-27,126.4400,127.6400,125.0800,125.2800,94625600,122.1169
2021-05-28,125.5700,125.8000,124.5500,124.6100,71311100,121.4638
2021-06-01,125.0800,125.3500,123.9400,124.2800,67637100,121.1422
2021-06-02,124.2800,125.2400,124.0500,125.0600,59278900,121.9025
2021-06-03,124.6800,124.8500,123.1300,123.5400,76229200,120.4209
2021-06-04,124.0700,126.1600,123.8500,125.8900,75169300,122.7115
2021-06-07,126.1700,126.3200,124.8300,125.9000,71057600,122.7213
2021-06-08,126.6000,128.4600,126.2100,126.7400,74403800,123.5400
2021-06-09,127.2100,127.7500,126.5200,127.1300,56877900,123.9202
2021-06-10,127.0200,128.1900,125.9400,126.1100,71186400,122.9260
2021-06-11,126.5300,127.4400,126.1000,127.3500,53522400,124.1346
2021-06-14,127.8200,130.5400,127.0700,130.4800,96906500,127.1856
2021-06-15,129.9400,130.6000,129.3900,129.6400,62746300,126.3668
2021-06-16,130.3700,130.8900,128.4600,130.1500,91815000,126.8640
2021-06-17,129.8000,132.5500,129.6500,131.7900,96721700,128.4626
2021-06-18,130.7100,131.5100,130.2400,130.4600,108953300,127.1661
2021-06-21,130.3000,132.4100,129.2100,132.3000,79663300,128.9597
2021-06-22,132.1300,134.0800,131.6200,133.9800,74783600,130.5973
2021-06-23,133.7700,134.3200,133.2300,133.7000,60214200,130.3243
2021-06-24,134.4500,134.6400,132.9300,133.4100,68711000,130.0417
2021-06-25,133.4600,133.8900,132.8100,133.1100,70783700,129.7492
2021-06-28,133.4100,135.2500,133.3500,134.7800,62111300,131.3771
2021-06-29,134.8000,136.4900,134.3500,136.3300,64556100,132.8879
2021-06-30,136.1700,137.4100,135.8700,136.9600,63261400,133.5020
2021-07-01,136.6000,137.3300,135.7600,137.2700,52485800,133.8042
2021-07-02,137.9000,140.0000,137.7500,139.9600,78852600,136.4263
2021-07-06,140.0700,143.1500,140.0700,142.0200,108181800,138.4342
2021-07-07,143.5400,144.8900,142.6600,144.5700,104911600,140.9199
2021-07-08,141.5800,144.0600,140.6700,143.2400,105575500,139.6234
2021-07-09,142.7500,145.6500,142.6500,145.1100,99890800,141.4462
2021-07-12,146.2100,146.3200,144.0000,144.5000,76299700,140.8516
2021-07-13,144.0300,147.4600,143.6300,145.6400,100827100,141.9629
2021-07-14,148.1000,149.5700,147.6800,149.1500,127050800,145.3842
2021-07-15,149.2400,150.0000,147.0900,148.4800,106820300,144.7312
2021-07-16,148.4600,149.7600,145.8800,146.3900,93251400,142.6939
2021-07-19,143.7500,144.0700,141.6700,142.4500,121434600,138.8534
2021-07-20,143.4600,147.1000,142.9600,146.1500,96350000,142.4600
2021-07-21,145.5300,146.1300,144.6300,145.4000,74993500,141.7289
2021-07-22,145.9400,148.2000,145.8100,146.8000,77338200,143.0936
2021-07-23,147.5500,148.7200,146.9200,148.5600,71447400,144.8091
2021-07-26,148.2700,149.8300,147.7000,148.9900,72434100,145.2283
2021-07-27,149.1200,149.2100,145.5500,146.7700,104818600,143.0644
2021-07-28,144.8100,146.9700,142.5400,144.9800,118931200,141.3195
2021-07-29,144.6900,146.5500,144.5800,145.6400,56699500,141.9629
2021-07-30,144.3800,146.3300,144.1100,145.8600,70440600,142.1773
2021-08-02,146.3600,146.9500,145.2500,145.5200,62880000,141.8459
2021-08-03,145.8100,148.0400,145.1800,147.3600,64786600,143.6394
2021-08-04,147.2700,147.7900,146.2800,146.9500,56368300,143.2398
2021-08-05,146.9800,147.8400,146.1700,147.0600,46397700,143.3470
2021-08-06,146.3500,147.1100,145.6300,146.1400,54126800,142.6637
2021-08-09,146.2000,146.7000,145.5200,146.0900,48908700,142.6148
2021-08-10,146.4400,147.7100,145.3000,145.6000,69023100,142.1365
2021-08-11,146.0500,146.7200,145.5300,145.8600,48493500,142.3904
2021-08-12,146.1900,149.0500,145.8400,148.8900,72282600,145.3483
2021-08-13,148.9700,149.4400,148.2700,149.1000,59375000,145.5533
2021-08-16,148.5400,151.1900,146.4700,151.1200,103296000,147.5252
2021-08-17,150.2300,151.6800,149.0900,150.1900,92229700,146.6173
2021-08-18,149.8000,150.7200,146.1500,146.3600,86326000,142.8785
2021-08-19,145.0300,148.0000,144.5000,146.7000,86960300,143.2104
2021-08-20,147.4400,148.5000,146.7800,148.1900,60549600,144.6649
2021-08-23,148.3100,150.1900,147.8900,149.7100,60131800,146.1488
2021-08-24,149.4500,150.8600,149.1500,149.6200,48606400,146.0609
2021-08-25,149.8100,150.3200,147.8000,148.3600,58991300,144.8309
2021-08-26,148.3500,149.1200,147.5100,147.5400,48597200,144.0304
2021-08-27,147.4800,148.7500,146.8300,148.6000,55802400,145.0651
2021-08-30,149.0000,153.4900,148.6100,153.1200,90956700,149.4776
2021-08-31,152.6600,152.8000,151.2900,151.8300,86453100,148.2183
2021-09-01,152.8300,154.9800,152.3400,152.5100,80313700,148.8821
2021-09-02,153.8700,154.7200,152.4000,153.6500,71115500,149.9950
2021-09-03,153.7600,154.6300,153.0900,154.3000,57808700,150.6296
2021-09-07,154.9700,157.2600,154.3900,156.6900,82278300,152.9628
2021-09-08,156.9800,157.0400,153.9800,155.1100,74420200,151.4203
2021-09-09,155.4900,156.1100,153.9500,154.0700,57305700,150.4051
2021-09-10,155.0000,155.4800,148.7000,148.9700,140893200,145.4263
2021-09-13,150.6300,151.4200,148.7500,149.5500,102404300,145.9926
2021-09-14,150.3500,151.0700,146.9100,148.1200,109296300,144.5966
2021-09-15,148.5600,149.4400,146.3700,149.0300,83281300,145.4849
2021-09-16,148.4400,148.9700,147.2200,148.7900,68034100,145.2506
2021-09-17,148.8200,148.8200,145.7600,146.0600,129868800,142.5856
2021-09-20,143.8000,144.8400,141.2700,142.9400,123478900,139.5398
2021-09-21,143.9300,144.6000,142.7800,143.4300,75834000,140.0182
2021-09-22,144.4500,146.4300,143.7000,145.8500,76404300,142.3806
2021-09-23,146.6500,147.0800,145.6400,146.8300,64838200,143.3372
2021-09-24,145.6600,147.4700,145.5600,146.9200,53477900,143.4251
2021-09-27,145.4700,145.9600,143.8200,145.3700,74150700,141.9120
2021-09-28,143.2500,144.7500,141.6900,141.9100,108972300,138.5343
2021-09-29,142.4700,144.4500,142.0300,142.8300,74602000,139.4324
2021-09-30,143.6600,144.3800,141.2800,141.5000,89056700,138.1341
2021-10-01,141.9000,142.9200,139.1100,142.6500,94639600,139.2567
2021-10-04,141.7600,142.2100,138.2700,139.1400,98322000,135.8302
2021-10-05,139.4900,142.2400,139.3600,141.1100,80861100,137.7533
2021-10-06,139.4700,142.1500,138.3700,142.0000,83221100,138.6222
2021-10-07,143.0600,144.2200,142.7200,143.2900,61732700,139.8815
2021-10-08,144.0300,144.1800,142.5600,142.9000,58773200,139.5007
2021-10-11,142.2700,144.8100,141.8100,142.8100,64452200,139.4129
2021-10-12,143.2300,143.2500,141.0400,141.5100,73035900,138.1438
2021-10-13,141.2400,141.4000,139.2000,140.9100,78762700,137.5581
2021-10-14,142.1100,143.8800,141.5100,143.7600,69907100,140.3403
2021-10-15,143.7700,144.9000,143.5100,144.8400,67940300,141.3946
2021-10-18,143.4500,146.8400,143.1600,146.5500,85589200,143.0639
2021-10-19,147.0100,149.1700,146.5500,148.7600,76378900,145.2214
2021-10-20,148.7000,149.7500,148.1200,149.2600,58418800,145.7094
2021-10-21,148.8100,149.6400,147.8700,149.4800,61421000,145.9242
2021-10-22,149.6900,150.1800,148.6400,148.6900,58883400,145.1530
2021-10-25,148.6800,149.3700,147.6200,148.6400,50720600,145.1042
2021-10-26,149.3300,150.8400,149.0100,149.3200,60893400,145.7680
2021-10-27,149.3600,149.7300,148.4900,148.8500,56094900,145.3092
2021-10-28,149.8200,153.1700,149.7200,152.5700,100077900,148.9407
2021-10-29,147.2200,149.9400,146.4100,149.8000,124953200,146.2366
2021-11-01,148.9900,149.7000,147.8000,148.9600,74588300,145.4166
2021-11-02,148.6600,151.5700,148.6500,150.0200,69122000,146.4514
2021-11-03,150.3900,151.9700,149.8200,151.4900,54511500,147.8864
2021-11-04,151.5800,152.4300,150.6400,150.9600,60394600,147.3691
2021-11-05,151.8900,152.2000,150.0600,151.2800,65463900,147.8970
2021-11-08,151.4100,151.5700,150.1600,150.4400,55020900,147.0757
2021-11-09,150.2000,151.4300,150.0600,150.8100,56787900,147.4375
2021-11-10,150.0200,150.1300,147.8500,147.9200,65187100,144.6120
2021-11-11,148.9600,149.4300,147.6800,147.8700,41000000,144.5632
2021-11-12,148.4300,150.4000,147.4800,149.9900,63804000,146.6358
2021-11-15,150.3700,151.8800,149.4300,150.0000,59222800,146.6456
2021-11-16,149.9400,151.4900,149.3400,151.0000,59256200,147.6232
2021-11-17,151.0000,155.0000,150.9900,153.4900,88807000,150.0575
2021-11-18,153.7100,158.6700,153.0500,157.8700,137827700,154.3395
2021-11-19,157.6500,161.0200,156.5300,160.5500,117305600,156.9597
2021-11-22,161.6800,165.7000,161.0000,161.0200,117467900,157.4191
2021-11-23,161.1200,161.8000,159.0600,161.4100,96041900,157.8004
2021-11-24,160.7500,162.1400,159.6400,161.9400,69463600,158.3185
2021-11-26,159.5700,160.4500,156.3600,156.8100,76959800,153.3033
2021-11-29,159.3700,161.1900,158.7900,160.2400,88748200,156.6566
2021-11-30,159.9900,165.5200,159.9200,165.3000,174048100,161.6034
2021-12-01,167.4800,170.3000,164.5300,164.7700,152052500,161.0853
2021-12-02,158.7400,164.2000,157.8000,163.7600,136739200,160.0979
2021-12-03,164.0200,164.9600,159.7200,161.8400,118023100,158.2208
2021-12-06,164.2900,167.8800,164.2800,165.3200,107497000,161.6230
2021-12-07,169.0800,171.5800,168.3400,171.1800,120405400,167.3519
2021-12-08,172.1300,175.9600,170.7000,175.0800,116998900,171.1647
2021-12-09,174.9100,176.7500,173.9200,174.5600,108923700,170.6563
2021-12-10,175.2100,179.6300,174.6900,179.4500,115402700,175.4370
2021-12-13,181.1200,182.1300,175.5300,175.7400,153237000,171.8099
2021-12-14,175.2500,177.7400,172.2100,174.3300,139380400,170.4315
2021-12-15,175.1100,179.5000,172.3100,179.3000,131063300,175.2903
2021-12-16,179.2800,181.1400,170.7500,172.2600,150185800,168.4077
2021-12-17,169.9300,173.4700,169.6900,171.1400,195432700,167.3128
2021-12-20,168.2800,170.5800,167.4600,169.7500,107499100,165.9539
2021-12-21,171.5600,173.2000,169.1200,172.9900,91185900,169.1215
2021-12-22,173.0400,175.8600,172.1500,175.6400,92135300,171.7122
2021-12-23,175.8500,176.8500,175.2700,176.2800,68356600,172.3379
2021-12-27,177.0900,180.4200,177.0700,180.3300,74919600,176.2973
2021-12-28,180.1600,181.3300,178.5300,179.2900,79144300,175.2806
2021-12-29,179.3300,180.6300,178.1400,179.3800,62348900,175.3685
2021-12-30,179.4700,180.5700,178.0900,178.2000,59773000,174.2149
2021-12-31,178.0900,179.2300,177.2600,177.5700,64062300,173.5990
2022-01-03,177.8300,182.8800,177.7100,182.0100,104487900,177.9397
2022-01-04,182.6300,182.9400,179.1200,179.7000,99310400,175.6814
2022-01-05,179.6100,180.1700,174.6400,174.9200,94537600,171.0083
2022-01-06,172.7000,175.3000,171.6400,172.0000,96904000,168.1536
2022-01-07,172.8900,174.1400,171.0300,172.1700,86709100,168.3198
2022-01-10,169.0800,172.5000,168.1700,172.1900,106765600,168.3393
2022-01-11,172.3200,175.1800,170.8200,175.0800,76138300,171.1647
2022-01-12,176.1200,177.1800,174.8200,175.5300,74805200,171.6047
2022-01-13,175.7800,176.6200,171.7900,172.1900,84505800,168.3393
2022-01-14,171.3400,173.7800,171.0900,173.0700,80440800,169.1997
2022-01-18,171.5100,172.5400,169.4100,169.8000,90956700,166.0028
2022-01-19,170.0000,171.0800,165.9400,166.2300,94815000,162.5126
2022-01-20,166.9800,169.6800,164.1800,164.5100,91420500,160.8311
2022-01-21,164.4200,166.3300,162.3000,162.4100,122848900,158.7780
2022-01-24,160.0200,162.3000,154.7000,161.6200,162294600,158.0057
2022-01-25,158.9800,162.7600,157.0200,159.7800,115798400,156.2068
2022-01-26,163.5000,164.3900,157.8200,159.6900,108275300,156.1189
2022-01-27,162.4500,163.8400,158.2800,159.2200,121954600,155.6594
2022-01-28,165.7100,170.3500,162.8000,170.3300,179935700,166.5209
2022-01-31,170.1600,175.0000,169.5100,174.7800,115541600,170.8714
2022-02-01,174.0100,174.8400,172.3100,174.6100,86213900,170.7052
2022-02-02,174.7500,175.8800,173.3300,175.8400,84914300,171.9077
2022-02-03,174.4800,176.2400,172.1200,172.9000,89418100,169.0334
2022-02-04,171.6800,174.1000,170.6800,172.3900,82465400,168.7496
2022-02-07,172.8600,173.9500,170.9500,171.6600,77251200,168.0350
2022-02-08,171.7300,175.3500,171.4300,174.8300,74829200,171.1381
2022-02-09,176.0500,176.6500,174.9000,176.2800,71285000,172.5574
2022-02-10,174.1400,175.4800,171.5500,172.1200,90865900,168.4853
2022-02-11,172.3300,173.0800,168.0400,168.6400,98670700,165.0788
2022-02-14,167.3700,169.5800,166.5600,168.8800,86185500,165.3137
2022-02-15,170.9700,172.9500,170.2500,172.7900,62527400,169.1411
2022-02-16,171.8500,173.3400,170.0500,172.5500,61177400,168.9062
2022-02-17,171.0300,171.9100,168.4700,168.8800,69589300,165.3137
2022-02-18,169.8200,170.5400,166.1900,167.3000,82772700,163.7670
2022-02-22,164.9800,166.6900,162.1500,164.3200,91162800,160.8500
2022-02-23,165.5400,166.1500,159.7500,160.0700,90009200,156.6897
2022-02-24,152.5800,162.8500,152.0000,162.7400,141147500,159.3034
2022-02-25,163.8400,165.1200,160.8700,164.8500,91974200,161.3688
2022-02-28,163.0600,165.4200,162.4300,165.1200,95056600,161.6331
2022-03-01,164.7000,166.6000,161.9700,163.2000,83474400,159.7536
2022-03-02,164.3900,167.3600,162.9500,166.5600,79724800,163.0427
2022-03-03,168.4700,168.9100,165.5500,166.2300,76678400,162.7197
2022-03-04,164.4900,165.5500,162.1000,163.1700,83737200,159.7243
2022-03-07,163.3600,165.0200,159.0400,159.3000,96418800,155.9360
2022-03-08,158.8200,162.8800,155.8000,157.4400,131148300,154.1153
2022-03-09,161.4800,163.4100,159.4100,162.9500,91454900,159.5089
2022-03-10,160.2000,160.3900,155.9800,158.5200,105342000,155.1725
2022-03-11,158.9300,159.2800,154.5000,154.7300,96970100,151.4625
2022-03-14,151.4500,154.1200,150.1000,150.6200,108732100,147.4393
2022-03-15,150.9000,155.5700,150.3800,155.0900,92964300,151.8149
2022-03-16,157.0500,160.0000,154.4600,159.5900,102300200,156.2198
2022-03-17,158.6100,161.0000,157.6300,160.6200,75615400,157.2281
2022-03-18,160.5100,164.4800,159.7600,163.9800,123511700,160.5172
2022-03-21,163.5100,166.3500,163.0100,165.3800,95811400,161.8876
2022-03-22,165.5100,169.4200,164.9100,168.8200,81532000,165.2550
2022-03-23,167.9900,172.6400,167.6500,170.2100,98062700,166.6156
2022-03-24,171.0600,174.1400,170.2100,174.0700,90131400,170.3941
2022-03-25,173.8800,175.2800,172.7500,174.7200,80546200,171.0304
2022-03-28,172.1700,175.7300,172.0000,175.6000,90371900,171.8918
2022-03-29,176.6900,179.0100,176.3400,178.9600,100589400,175.1808
2022-03-30,178.5500,179.6100,176.7000,177.7700,92633200,174.0160
2022-03-31,177.8400,178.0300,174.4000,174.6100,103049300,170.9227
2022-04-01,174.0300,174.8800,171.9400,174.3100,78751300,170.6290
2022-04-04,174.5700,178.4900,174.4400,178.4400,76468400,174.6718
2022-04-05,177.5000,178.3000,174.4200,175.0600,73401800,171.3632
2022-04-06,172.3600,173.6300,170.1300,171.8300,89058800,168.2014
2022-04-07,171.1600,173.3600,169.8500,172.1400,77594700,168.5048
2022-04-08,171.7800,171.7800,169.2000,170.0900,76575500,166.4981
2022-04-11,168.7100,169.0300,165.5000,165.7500,72246700,162.2498
2022-04-12,168.0200,169.8700,166.6400,167.6600,79265200,164.1195
2022-04-13,167.3900,171.0400,166.7700,170.4000,70618900,166.8016
2022-04-14,170.6200,171.2700,165.0400,165.2900,75329400,161.7995
2022-04-18,163.9200,166.6000,163.5700,165.0700,69023900,161.5842
2022-04-19,165.0200,167.8200,163.9100,167.4000,67723800,163.8650
2022-04-20,168.7600,168.8800,166.1000,167.2300,67929800,163.6985
2022-04-21,168.9100,171.5300,165.9100,166.4200,87227800,162.9056
2022-04-22,166.4600,167.8700,161.5000,161.7900,84882400,158.3734
2022-04-25,161.1200,163.1700,158.4600,162.8800,96046400,159.4404
2022-04-26,162.2500,162.3400,156.7200,156.8000,95623200,153.4888
2022-04-27,155.9100,159.7900,155.3800,156.5700,88063200,153.2636
2022-04-28,159.2500,164.5200,158.9300,163.6400,130216800,160.1844
2022-04-29,161.8400,166.2000,157.2500,157.6500,131747600,154.3208
2022-05-02,156.7100,158.2300,153.2700,157.9600,123055300,154.6243
2022-05-03,158.1500,160.7100,156.3200,159.4800,88966500,156.1122
2022-05-04,159.6700,166.4800,159.2600,166.0200,108256500,162.5141
2022-05-05,163.8500,164.0800,154.9500,156.7700,130525300,153.4594
2022-05-06,156.0100,159.4400,154.1800,157.2800,116124600,154.1849
2022-05-09,154.9300,155.8300,151.4900,152.0600,131577900,149.0676
2022-05-10,155.5200,156.7400,152.9300,154.5100,115366700,151.4693
2022-05-11,153.5000,155.4500,145.8100,146.5000,142689800,143.6170
2022-05-12,142.7700,146.2000,138.8000,142.5600,182602000,139.7545
2022-05-13,144.5900,148.1000,143.1100,147.1100,113990900,144.2150
2022-05-16,145.5500,147.5200,144.1800,145.5400,86643800,142.6759
2022-05-17,148.8600,149.7700,146.6800,149.2400,78336300,146.3031
2022-05-18,146.8500,147.3600,139.9000,140.8200,109742900,138.0488
2022-05-19,139.8800,141.6600,136.6000,137.3500,136095600,134.6471
2022-05-20,139.0900,140.7000,132.6100,137.5900,137426100,134.8823
2022-05-23,137.7900,143.2600,137.6500,143.1100,117726300,140.2937
2022-05-24,140.8100,141.9700,137.3300,140.3600,104132700,137.5979
2022-05-25,138.4300,141.7900,138.3400,140.5200,92482700,137.7547
2022-05-26,137.3900,144.3400,137.1400,143.7800,90601500,140.9506
2022-05-27,145.3900,149.6800,145.2600,149.6400,90978500,146.6952
2022-05-31,149.0700,150.6600,146.8400,148.8400,103718400,145.9110
2022-06-01,149.9000,151.7400,147.6800,148.7100,74286600,145.7835
2022-06-02,147.8300,151.2700,146.8600,151.2100,72348100,148.2343
2022-06-03,146.9000,147.9700,144.4600,145.3800,88570300,142.5190
2022-06-06,147.0300,148.5700,144.9000,146.1400,71598400,143.2641
2022-06-07,144.3500,149.0000,144.1000,148.7100,67808200,145.7835
2022-06-08,148.5800,149.8700,147.4600,147.9600,53950200,145.0483
2022-06-09,147.0800,147.9500,142.5300,142.6400,69473000,139.8330
2022-06-10,140.2800,140.7600,137.0600,137.1300,91437900,134.4315
2022-06-13,132.8700,135.2000,131.4400,131.8800,122207100,129.2847
2022-06-14,133.1300,133.8900,131.4800,132.7600,84784300,130.1474
2022-06-15,134.2900,137.3400,132.1600,135.4300,91533000,132.7648
2022-06-16,132.0800,132.3900,129.0400,130.0600,108123900,127.5005
2022-06-17,130.0700,133.0800,129.8100,131.5600,134520300,128.9710
2022-06-21,133.4200,137.0600,133.3200,135.8700,81000500,133.1962
2022-06-22,134.7900,137.7600,133.9100,135.3500,73409200,132.6864
2022-06-23,136.8200,138.5900,135.6300,138.2700,72433800,135.5490
2022-06-24,139.9000,141.9100,139.7700,141.6600,89116800,138.8723
2022-06-27,142.7000,143.4900,140.9700,141.6600,70207900,138.8723
2022-06-28,142.1300,143.4200,137.3200,137.4400,67083400,134.7353
2022-06-29,137.4600,140.6700,136.6700,139.2300,66242400,136.4901
2022-06-30,137.2500,138.3700,133.7700,136.7200,98964500,134.0295
2022-07-01,136.0400,139.0400,135.6600,138.9300,71051600,136.1960
2022-07-05,137.7700,141.6100,136.9300,141.5600,73353800,138.7742
2022-07-06,141.3500,144.1200,141.0800,142.9200,74064300,140.1075
2022-07-07,143.2900,146.5500,143.2800,146.3500,66253700,143.4700
2022-07-08,145.2600,147.5500,145.0000,147.0400,64547800,144.1464
2022-07-11,145.6700,146.6400,143.7800,144.8700,63141600,142.0191
2022-07-12,145.7600,148.4500,145.0500,145.8600,77588800,142.9896
2022-07-13,142.9900,146.4500,142.1200,145.4900,71185600,142.6269
2022-07-14,144.0800,148.9500,143.2500,148.4700,78140700,145.5483
2022-07-15,149.7800,150.8600,148.2000,150.1700,76259900,147.2148
2022-07-18,150.7400,151.5700,146.7000,147.0700,81420900,144.1758
2022-07-19,147.9200,151.2300,146.9100,151.0000,82982400,148.0285
2022-07-20,151.1200,153.7200,150.3700,153.0400,64823400,150.0283
2022-07-21,154.5000,155.5700,151.9400,155.3500,65086600,152.2928
2022-07-22,155.3900,156.2800,153.4100,154.0900,66675400,151.0576
2022-07-25,154.0100,155.0400,152.2800,152.9500,53623900,149.9401
2022-07-26,152.2600,153.0900,150.8000,151.6000,55138700,148.6166
2022-07-27,152.5800,157.3300,152.1600,156.7900,78620700,153.7045
2022-07-28,156.9800,157.6400,154.4100,157.3500,81378700,154.2535
2022-07-29,161.2400,163.6300,159.5000,162.5100,101786900,159.3119
2022-08-01,161.0100,163.5900,160.8900,161.5100,67829400,158.3316
2022-08-02,160.1000,162.4100,159.6300,160.0100,59907000,156.8611
2022-08-03,160.8400,166.5900,160.7500,166.1300,82507500,162.8607
2022-08-04,166.0100,167.1900,164.4300,165.8100,55474100,162.5470
2022-08-05,163.2100,165.8500,163.0000,165.3500,56697000,162.3212
2022-08-08,166.3700,167.8100,164.2000,164.8700,60276900,161.8500
2022-08-09,164.0200,165.8200,163.2500,164.9200,63135500,161.8991
2022-08-10,167.6800,169.3400,166.9000,169.2400,70170500,166.1399
2022-08-11,170.0600,170.9900,168.1900,168.4900,57149200,165.4037
2022-08-12,169.8200,172.1700,169.4000,172.1000,68039400,168.9476
2022-08-15,171.5200,173.3900,171.3500,173.1900,54091700,170.0176
2022-08-16,172.7800,173.7100,171.6600,173.0300,56377100,169.8605
2022-08-17,172.7700,176.1500,172.5700,174.5500,79542000,171.3527
2022-08-18,173.7500,174.9000,173.1200,174.1500,62290100,170.9600
2022-08-19,173.0300,173.7400,171.3100,171.5200,70346300,168.3782
2022-08-22,169.6900,169.8600,167.1400,167.5700,69026800,164.5006
2022-08-23,167.0800,168.7100,166.6500,167.2300,54147100,164.1668
2022-08-24,167.3200,168.1100,166.2500,167.5300,53841500,164.4613
2022-08-25,168.7800,170.1400,168.3500,170.0300,51218200,166.9155
2022-08-26,170.5700,171.0500,163.5600,163.6200,78961000,160.6229
2022-08-29,161.1500,162.9000,159.8200,161.3800,73314000,158.4240
2022-08-30,162.1300,162.5600,157.7200,158.9100,77906200,155.9992
2022-08-31,160.3100,160.5800,157.1400,157.2200,87991100,154.3401
2022-09-01,156.6400,158.4200,154.6700,157.9600,74229900,155.0666
2022-09-02,159.7500,160.3600,154.9700,155.8100,76957800,152.9560
2022-09-06,156.4700,157.0900,153.6900,154.5300,73714800,151.6994
2022-09-07,154.8200,156.6700,153.6100,155.9600,87449600,153.1032
2022-09-08,154.6400,156.3600,152.6800,154.4600,84923800,151.6307
2022-09-09,155.4700,157.8200,154.7500,157.3700,68028800,154.4874
2022-09-12,159.5900,164.2600,159.3000,163.4300,104956000,160.4364
2022-09-13,159.9000,160.5400,153.3700,153.8400,122656600,151.0221
2022-09-14,154.7900,157.1000,153.6100,155.3100,87965400,152.4651
2022-09-15,154.6500,155.2400,151.3800,152.3700,90481100,149.5790
2022-09-16,151.2100,151.3500,148.3700,150.7000,162278800,147.9395
2022-09-19,149.3100,154.5600,149.1000,154.4800,81474200,151.6503
2022-09-20,153.4000,158.0800,153.0800,156.9000,107689800,154.0260
2022-09-21,157.3400,158.7400,153.6000,153.7200,101696800,150.9042
2022-09-22,152.3800,154.4700,150.9100,152.7400,86652500,149.9422
2022-09-23,151.1900,151.4700,148.5600,150.4300,96029900,147.6745
2022-09-26,149.6600,153.7700,149.6400,150.7700,93339400,148.0083
2022-09-27,152.7400,154.7200,149.9500,151.7600,84442700,148.9801
2022-09-28,147.6400,150.6400,144.8400,149.8400,146691400,147.0953
2022-09-29,146.1000,146.7200,140.6800,142.4800,128138200,139.8701
2022-09-30,141.2800,143.1000,138.0000,138.2000,124925300,135.6685
2022-10-03,138.2100,143.0700,137.6900,142.4500,114311700,139.8407
2022-10-04,145.0300,146.2200,144.2600,146.1000,87830100,143.4238
2022-10-05,144.0700,147.3800,143.0100,146.4000,79471000,143.7184
2022-10-06,145.8100,147.5400,145.2200,145.4300,68402200,142.7661
2022-10-07,142.5400,143.1000,139.4500,140.0900,85925600,137.5239
2022-10-10,140.4200,141.8900,138.5700,140.4200,74899000,137.8479
2022-10-11,139.9000,141.3500,138.2200,138.9800,77033700,136.4342
2022-10-12,139.1300,140.3600,138.1600,138.3400,70433700,135.8060
2022-10-13,134.9900,143.5900,134.3700,142.9900,113224000,140.3708
2022-10-14,144.3100,144.5200,138.1900,138.3800,88598000,135.8452
2022-10-17,141.0700,142.9000,140.2700,142.4100,85250900,139.8014
2022-10-18,145.4900,146.7000,140.6100,143.7500,99136600,141.1169
2022-10-19,141.6900,144.9500,141.5000,143.8600,61758300,141.2249
2022-10-20,143.0200,145.8900,142.6500,143.3900,64522000,140.7635
2022-10-21,142.8700,147.8500,142.6500,147.2700,86548600,144.5724
2022-10-24,147.1900,150.2300,146.0000,149.4500,75981900,146.7125
2022-10-25,150.0900,152.4900,149.3600,152.3400,74732300,149.5495
2022-10-26,150.9600,151.9900,148.0400,149.3500,88194300,146.6143
2022-10-27,148.0700,149.0500,144.1300,144.8000,109180200,142.1477
2022-10-28,148.2000,157.5000,147.8200,155.7400,164762400,152.8873
2022-10-31,153.1600,154.2400,151.9200,153.3400,97943200,150.5312
2022-11-01,155.0800,155.4500,149.1300,150.6500,80379300,147.8905
2022-11-02,148.9500,152.1700,145.0000,145.0300,93604600,142.3734
2022-11-03,142.0600,142.8000,138.7500,138.8800,97918500,136.3361
2022-11-04,142.0900,142.6700,134.3800,138.3800,140814800,136.0706
2022-11-07,137.1100,139.1500,135.6700,138.9200,83374600,136.6016
2022-11-08,140.4100,141.4300,137.4900,139.5000,89908500,137.1719
2022-11-09,138.5000,138.5500,134.5900,134.8700,74917800,132.6192
2022-11-10,141.2400,146.8700,139.5000,146.8700,118854000,144.4189
2022-11-11,145.8200,150.0100,144.3700,149.7000,93979700,147.2017
2022-11-14,148.9700,150.2800,147.4300,148.2800,73374100,145.8054
2022-11-15,152.2200,153.5900,148.5600,150.0400,89868300,147.5360
2022-11-16,149.1300,149.8700,147.2900,148.7900,64218300,146.3068
2022-11-17,146.4300,151.4800,146.1500,150.7200,80389400,148.2047
2022-11-18,152.3100,152.7000,149.9700,151.2900,74829600,148.7652
2022-11-21,150.1600,150.3700,147.7200,148.0100,58724100,145.5398
2022-11-22,148.1300,150.4200,146.9300,150.1800,51804100,147.6736
2022-11-23,149.4500,151.8300,149.3400,151.0700,58301400,148.5488
2022-11-25,148.3100,148.8800,147.1200,148.1100,35195900,145.6382
2022-11-28,145.1400,146.6400,143.3800,144.2200,69246000,141.8131
2022-11-29,144.2900,144.8100,140.3500,141.1700,83763800,138.8140
2022-11-30,141.4000,148.7200,140.5500,148.0300,111380900,145.5595
2022-12-01,148.2100,149.1300,146.6100,148.3100,71250400,145.8349
2022-12-02,145.9600,148.0000,145.6500,147.8100,65447400,145.3432
2022-12-05,147.7700,150.9200,145.7700,146.6300,68826400,144.1829
2022-12-06,147.0700,147.3000,141.9200,142.9100,64727200,140.5250
2022-12-07,142.1900,143.3700,140.0000,140.9400,69721100,138.5878
2022-12-08,142.3600,143.5200,141.1000,142.6500,62128300,140.2693
2022-12-09,142.3400,145.5700,140.9000,142.1600,76097000,139.7875
2022-12-12,142.7000,144.5000,141.0600,144.4900,70462700,142.0786
2022-12-13,149.5000,149.9700,144.2400,145.4700,93886200,143.0423
2022-12-14,145.3500,146.6600,141.1600,143.2100,82291200,140.8200
2022-12-15,141.1100,141.8000,136.0300,136.5000,98931900,134.2219
2022-12-16,136.6900,137.6500,133.7300,134.5100,160156900,132.2652
2022-12-19,135.1100,135.2000,131.3200,132.3700,79592600,130.1609
2022-12-20,131.3900,133.2500,129.8900,132.3000,77432800,130.0921
2022-12-21,132.9800,136.8100,132.7500,135.4500,85928000,133.1895
2022-12-22,134.3500,134.5600,130.3000,132.2300,77852100,130.0232
2022-12-23,130.9200,132.4200,129.6400,131.8600,63814900,129.6594
2022-12-27,131.3800,131.4100,128.7200,130.0300,69007800,127.8599
2022-12-28,129.6700,131.0300,125.8700,126.0400,85438400,123.9365
2022-12-29,127.9900,130.4800,127.7300,129.6100,75703700,127.4470
2022-12-30,128.4100,129.9500,127.4300,129.9300,77034200,127.7616
2023-01-03,130.2800,130.9000,124.1700,125.0700,112117500,122.9827
2023-01-04,126.8900,128.6600,125.0800,126.3600,89113600,124.2512
2023-01-05,127.1300,127.7700,124.7600,125.0200,80962700,122.9336
2023-01-06,126.0100,130.2900,124.8900,129.6200,87754700,127.4568
2023-01-09,130.4700,133.4100,129.8900,130.1500,70790800,127.9779
2023-01-10,130.2600,131.2600,128.1200,130.7300,63896200,128.5483
2023-01-11,131.2500,133.5100,130.4600,133.4900,69458900,131.2622
2023-01-12,133.8800,134.2600,131.4400,133.4100,71379600,131.1835
2023-01-13,132.0300,134.9200,131.6600,134.7600,57809700,132.5110
2023-01-17,134.8300,137.2900,134.1300,135.9400,63646600,133.6713
2023-01-18,136.8200,138.6100,135.0300,135.2100,69672800,132.9535
2023-01-19,134.0800,136.2500,133.7700,135.2700,58280400,133.0125
2023-01-20,135.2800,138.0200,134.2200,137.8700,80223600,135.5691
2023-01-23,138.1200,143.3200,137.9000,141.1100,81760300,138.7550
2023-01-24,140.3100,143.1600,140.3000,142.5300,66435100,140.1514
2023-01-25,140.8900,142.4300,138.8100,141.8600,65799300,139.4925
2023-01-26,143.1700,144.2500,141.9000,143.9600,54105100,141.5575
2023-01-27,143.1600,147.2300,143.0800,145.9300,70555800,143.4946
2023-01-30,144.9600,145.5500,142.8500,143.0000,64015300,140.6135
2023-01-31,142.7000,144.3400,142.2800,144.2900,65874500,141.8820
2023-02-01,143.9700,146.6100,141.3200,145.4300,77663600,143.0029
2023-02-02,148.9000,151.1800,148.1700,150.8200,118339000,148.3030
2023-02-03,148.0300,157.3800,147.8300,154.5000,154357300,151.9216
2023-02-06,152.5700,153.1000,150.7800,151.7300,69858300,149.1978
2023-02-07,150.6400,155.2300,150.6400,154.6500,83322600,152.0691
2023-02-08,153.8800,154.5800,151.1700,151.9200,64120100,149.3846
2023-02-09,153.7800,154.3300,150.4200,150.8700,56007100,148.3522
2023-02-10,149.4600,151.3400,149.2200,151.0100,57450700,148.7165
2023-02-13,150.9500,154.2600,150.9200,153.8500,62199000,151.5134
2023-02-14,152.1200,153.7700,150.8600,153.2000,61707600,150.8733
2023-02-15,153.1100,155.5000,152.8800,155.3300,65573800,152.9709
2023-02-16,153.5100,156.3300,153.3500,153.7100,68167900,151.3755
2023-02-17,152.3500,153.0000,150.8500,152.5500,59144100,150.2332
2023-02-21,150.2000,151.3000,148.4100,148.4800,58867200,146.2249
2023-02-22,148.8700,149.9500,147.1600,148.9100,51011300,146.6484
2023-02-23,150.0900,150.3400,147.2400,149.4000,48394200,147.1310
2023-02-24,147.1100,147.1900,145.7200,146.7100,55469600,144.4818
2023-02-27,147.7100,149.1700,147.4500,147.9200,44998500,145.6735
2023-02-28,147.0500,149.0800,146.8300,147.4100,50547000,145.1712
2023-03-01,146.8300,147.2300,145.0100,145.3100,55479000,143.1031
2023-03-02,144.3800,146.7100,143.9000,145.9100,52238100,143.6940
2023-03-03,148.0400,151.1100,147.3300,151.0300,70732300,148.7362
2023-03-06,153.7900,156.3000,153.4600,153.8300,87558000,151.4937
2023-03-07,153.7000,154.0300,151.1300,151.6000,56182000,149.2975
2023-03-08,152.8100,153.4700,151.8300,152.8700,47204800,150.5482
2023-03-09,153.5600,154.5400,150.2300,150.5900,53833600,148.3029
2023-03-10,150.2100,150.9400,147.6100,148.5000,68572400,146.2446
2023-03-13,147.8100,153.1400,147.7000,150.4700,84457100,148.1847
2023-03-14,151.2800,153.4000,150.1000,152.5900,73695900,150.2725
2023-03-15,151.1900,153.2500,149.9200,152.9900,77167900,150.6664
2023-03-16,152.1600,156.4600,151.6400,155.8500,76161100,153.4830
2023-03-17,156.0800,156.7400,154.2800,155.0000,98944600,152.6459
2023-03-20,155.0700,157.8200,154.1500,157.4000,73641400,155.0095
2023-03-21,157.3200,159.4000,156.5400,159.2800,73938300,156.8609
2023-03-22,159.3000,162.1400,157.8100,157.8300,75701800,155.4329
2023-03-23,158.8300,161.5500,157.6800,158.9300,67622100,156.5162
2023-03-24,158.8600,160.3400,157.8500,160.2500,59196500,157.8162
2023-03-27,159.9400,160.7700,157.8700,158.2800,52390300,155.8761
2023-03-28,157.9700,158.4900,155.9800,157.6500,45992200,155.2557
2023-03-29,159.3700,161.0500,159.3500,160.7700,51305700,158.3283
2023-03-30,161.5300,162.4700,161.2700,162.3600,49501700,159.8941
2023-03-31,162.4400,165.0000,161.9100,164.9000,68749800,162.3955
2023-04-03,164.2700,166.2900,164.2200,166.1700,56976200,163.6463
2023-04-04,166.6000,166.8400,165.1100,165.6300,46278300,163.1145
2023-04-05,164.7400,165.0500,161.8000,163.7600,51511700,161.2729
2023-04-06,162.4300,164.9600,162.0000,164.6600,45390100,162.1592
2023-04-10,161.4200,162.0300,160.0800,162.0300,47716900,159.5692
2023-04-11,162.3500,162.3600,160.5100,160.8000,47644200,158.3578
2023-04-12,161.2200,162.0600,159.7800,160.1000,50133100,157.6685
2023-04-13,161.6300,165.8000,161.4200,165.5600,68445600,163.0456
2023-04-14,164.5900,166.3200,163.8200,165.2100,49386500,162.7009
2023-04-17,165.0900,165.3900,164.0300,165.2300,41516200,162.7206
2023-04-18,166.1000,167.4100,165.6500,166.4700,49923000,163.9417
2023-04-19,165.8000,168.1600,165.5400,167.6300,47720200,165.0841
2023-04-20,166.0900,167.8700,165.5600,166.6500,52456400,164.1190
2023-04-21,165.0500,166.4500,164.4900,165.0200,58337300,162.5137
2023-04-24,165.0000,165.6000,163.8900,165.3300,41949600,162.8190
2023-04-25,165.1900,166.3100,163.7300,163.7700,48714100,161.2827
2023-04-26,163.0600,165.2800,162.8000,163.7600,45498800,161.2729
2023-04-27,165.1900,168.5600,165.1900,168.4100,64902300,165.8523
2023-04-28,168.4900,169.8500,167.8800,169.6800,55275900,167.1030
2023-05-01,169.2800,170.4500,168.6400,169.5900,52472900,167.0143
2023-05-02,170.0900,170.3500,167.5400,168.5400,48425700,165.9803
2023-05-03,169.5000,170.9200,167.1600,167.4500,65136000,164.9068
2023-05-04,164.8900,167.0400,164.3100,165.7900,81235400,163.2720
2023-05-05,170.9800,174.3000,170.7600,173.5700,113453200,170.9339
2023-05-08,172.4800,173.8500,172.1100,173.5000,55962800,170.8650
2023-05-09,173.0500,173.5400,171.6000,171.7700,45326900,169.1612
2023-05-10,173.0200,174.0300,171.9000,173.5600,53724500,170.9240
2023-05-11,173.8500,174.5900,172.1700,173.7500,49514700,171.1112
2023-05-12,173.6200,174.0600,171.0000,172.5700,45533100,170.1841
2023-05-15,173.1600,173.2100,171.4700,172.0700,37266700,169.6911
2023-05-16,171.9900,173.1400,171.8000,172.0700,42110300,169.6911
2023-05-17,171.7100,172.9300,170.4200,172.6900,57951600,170.3025
2023-05-18,173.0000,175.2400,172.5800,175.0500,65496700,172.6299
2023-05-19,176.3900,176.3900,174.9400,175.1600,55809500,172.7384
2023-05-22,173.9800,174.7100,173.4500,174.2000,43570900,171.7916
2023-05-23,173.1300,173.3800,171.2800,171.5600,50747300,169.1881
2023-05-24,171.0900,172.4200,170.5200,171.8400,45143500,169.4642
2023-05-25,172.4100,173.9000,171.6900,172.9900,56058300,170.5984
2023-05-26,173.3200,175.7700,173.1100,175.4300,54835000,173.0046
2023-05-30,176.9600,178.9900,176.5700,177.3000,55964400,174.8488
2023-05-31,177.3300,179.3500,176.7600,177.2500,99625300,174.7995
2023-06-01,177.7000,180.1200,176.9300,180.0900,68901800,177.6002
2023-06-02,181.0300,181.7800,179.2600,180.9500,61996900,178.4483
2023-06-05,182.6300,184.9500,178.0400,179.5800,121946500,177.0972
2023-06-06,179.9700,180.1200,177.4300,179.2100,64848400,176.7323
2023-06-07,178.4400,181.2100,177.3200,177.8200,61944600,175.3616
2023-06-08,177.9000,180.8400,177.4600,180.5700,50214900,178.0735
2023-06-09,181.5000,182.2300,180.6300,180.9600,48900000,178.4582
2023-06-12,181.2700,183.8900,180.9700,183.7900,54274900,181.2490
2023-06-13,182.8000,184.1500,182.4400,183.3100,54929100,180.7757
2023-06-14,183.3700,184.3900,182.0200,183.9500,57462900,181.4068
2023-06-15,183.9600,186.5200,183.7800,186.0100,65433200,183.4383
2023-06-16,186.7300,186.9900,184.2700,184.9200,101256200,182.3634
2023-06-20,184.4100,186.1000,184.4100,185.0100,49799100,182.4521
2023-06-21,184.9000,185.4100,182.5900,183.9600,49515700,181.4167
2023-06-22,183.7400,187.0500,183.6700,187.0000,51245300,184.4147
2023-06-23,185.5500,187.5600,185.0100,186.6800,53117000,184.0991
2023-06-26,186.8300,188.0500,185.2300,185.2700,48088700,182.7086
2023-06-27,185.8900,188.3900,185.6700,188.0600,50730800,185.4600
2023-06-28,187.9300,189.9000,187.6000,189.2500,51216800,186.6335
2023-06-29,189.0800,190.0700,188.9400,189.5900,46347300,186.9688
2023-06-30,191.6300,194.4800,191.2600,193.9700,85213200,191.2883
2023-07-03,193.7800,193.8800,191.7600,192.4600,31458200,189.7992
2023-07-05,191.5700,192.9800,190.6200,191.3300,46920300,188.6848
2023-07-06,189.8400,192.0200,189.2000,191.8100,45094300,189.1581
2023-07-07,191.4100,192.6700,190.2400,190.6800,46815000,188.0438
2023-07-10,189.2600,189.9900,187.0400,188.6100,59922200,186.0024
2023-07-11,189.1600,189.3000,186.6000,188.0800,46638100,185.4797
2023-07-12,189.6800,191.7000,188.4700,189.7700,60750200,187.1464
2023-07-13,190.5000,191.1900,189.7800,190.5400,41342300,187.9057
2023-07-14,190.2300,191.1800,189.6300,190.6900,41616200,188.0536
2023-07-17,191.9000,194.3200,191.8100,193.9900,50520200,191.3080
2023-07-18,193.3500,194.3300,192.4200,193.7300,48288200,191.0516
2023-07-19,193.1000,198.2300,192.6500,195.1000,80507300,192.4026
2023-07-20,195.0900,196.4700,192.5000,193.1300,59581200,190.4599
2023-07-21,194.1000,194.9700,191.2300,191.9400,71951700,189.2863
2023-07-24,193.4100,194.9100,192.2500,192.7500,45377800,190.0851
2023-07-25,193.3300,194.4400,192.9200,193.6200,37283200,190.9431
2023-07-26,193.6700,195.6400,193.3200,194.5000,47471900,191.8109
2023-07-27,196.0200,197.2000,192.5500,193.2200,47460200,190.5486
2023-07-28,194.6700,196.6300,194.1400,195.8300,48291400,193.1226
2023-07-31,196.0600,196.4900,195.2600,196.4500,38824100,193.7340
2023-08-01,196.2400,196.7300,195.2800,195.6100,35175100,192.9056
2023-08-02,195.0400,195.1800,191.8500,192.5800,50389300,189.9175
2023-08-03,191.5700,192.3700,190.6900,191.1700,61235200,188.5270
2023-08-04,185.5200,187.3800,181.9200,181.9900,115956800,179.4739
2023-08-07,182.1300,183.1300,177.3500,178.8500,97576100,176.3773
2023-08-08,179.6900,180.2700,177.5800,179.8000,67823000,177.3142
2023-08-09,180.8700,180.9300,177.0100,178.1900,60378500,175.7265
2023-08-10,179.4800,180.7500,177.6000,177.9700,54686900,175.5095
2023-08-11,177.3200,178.6200,176.5500,177.7900,52036700,175.5687
2023-08-14,177.9700,179.6900,177.3100,179.4600,43675600,177.2179
2023-08-15,178.8800,179.4800,177.0500,177.4500,43622600,175.2330
2023-08-16,177.1300,178.5400,176.5000,176.5700,46964900,174.3640
2023-08-17,177.1400,177.5100,173.4800,174.0000,66062900,171.8261
2023-08-18,172.3000,175.1000,171.9600,174.4900,61172200,172.3100
2023-08-21,175.0700,176.1300,173.7400,175.8400,46311900,173.6431
2023-08-22,177.0600,177.6800,176.2500,177.2300,42038900,175.0157
2023-08-23,178.5200,181.5500,178.3300,181.1200,52722800,178.8571
2023-08-24,180.6700,181.1000,176.0100,176.3800,54945800,174.1764
2023-08-25,177.3800,179.1500,175.8200,178.6100,51449600,176.3785
2023-08-28,180.0900,180.5900,178.5500,180.1900,43820700,177.9388
2023-08-29,179.7000,184.9000,179.5000,184.1200,53003900,181.8196
2023-08-30,184.9400,187.8500,184.7400,187.6500,60813900,185.3056
2023-08-31,187.8400,189.1200,187.4800,187.8700,60794500,185.5228
2023-09-01,189.4900,189.9200,188.2800,189.4600,45766500,187.0930
2023-09-05,188.2800,189.9800,187.6100,189.7000,45280000,187.3299
2023-09-06,188.4000,188.8500,181.4700,182.9100,81755800,180.6248
2023-09-07,175.1800,178.2100,173.5400,177.5600,112488800,175.3416
2023-09-08,178.3500,180.2400,177.7900,178.1800,65551300,175.9538
2023-09-11,180.0700,180.3000,177.3400,179.3600,58953100,177.1192
2023-09-12,179.4900,180.1300,174.8200,176.3000,90370200,174.0974
2023-09-13,176.5100,177.3000,173.9800,174.2100,84267900,172.0335
2023-09-14,174.0000,176.1000,173.5800,175.7400,60895800,173.5444
2023-09-15,176.4800,176.5000,173.8200,175.0100,109259500,172.8235
2023-09-18,176.4800,179.3800,176.1700,177.9700,67257600,175.7465
2023-09-19,177.5200,179.6300,177.1300,179.0700,51826900,176.8328
2023-09-20,179.2600,179.7000,175.4000,175.4900,58436200,173.2975
2023-09-21,174.5500,176.3000,173.8600,173.9300,63149100,171.7570
2023-09-22,174.6700,177.0800,174.0500,174.7900,56725400,172.6062
2023-09-25,174.2000,176.9700,174.1500,176.0800,46172700,173.8801
2023-09-26,174.8200,175.2000,171.6600,171.9600,64588900,169.8116
2023-09-27,172.6200,173.0400,169.0500,170.4300,66921800,168.3007
2023-09-28,169.3400,172.0300,167.6200,170.6900,56294400,168.5574
2023-09-29,172.0200,173.0700,170.3400,171.2100,51861100,169.0710
2023-10-02,171.2200,174.3000,170.9300,173.7500,52164500,171.5792
2023-10-03,172.2600,173.6300,170.8200,172.4000,49594600,170.2461
2023-10-04,171.0900,174.2100,170.9700,173.6600,53020300,171.4903
2023-10-05,173.7900,175.4500,172.6800,174.9100,48527900,172.7248
2023-10-06,173.8000,177.9900,173.1800,177.4900,57266700,175.2725
2023-10-09,176.8100,179.0500,175.8000,178.9900,42390800,176.7538
2023-10-10,178.1000,179.7200,177.9500,178.3900,43698000,176.1613
2023-10-11,178.2000,179.8500,177.6000,179.8000,47551100,177.5536
2023-10-12,180.0700,182.3400,179.0400,180.7100,56743100,178.4523
2023-10-13,181.4200,181.9300,178.1400,178.8500,51427100,176.6155
2023-10-16,176.7500,179.0800,176.5100,178.7200,52517000,176.4872
2023-10-17,176.6500,178.4200,174.8000,177.1500,57549400,174.9368
2023-10-18,175.5800,177.5800,175.1100,175.8400,54764400,173.6431
2023-10-19,176.0400,177.8400,175.1900,175.4600,59302900,173.2679
2023-10-20,175.3100,175.4200,172.6400,172.8800,64244000,170.7201
2023-10-23,170.9100,174.0100,169.9300,173.0000,55980100,170.8386
2023-10-24,173.0500,173.6700,171.4500,173.4400,43816600,171.2731
2023-10-25,171.8800,173.0600,170.6500,171.1000,57157000,168.9623
2023-10-26,170.3700,171.3800,165.6700,166.8900,70625300,164.8049
2023-10-27,166.9100,168.9600,166.8300,168.2200,58499100,166.1183
2023-10-30,169.0200,171.1700,168.8700,170.2900,51131000,168.1625
2023-10-31,169.3500,170.9000,167.9000,170.7700,44846000,168.6364
2023-11-01,171.0000,174.2300,170.1200,173.9700,56934900,171.7965
2023-11-02,175.5200,177.7800,175.4600,177.5700,77334800,175.3515
2023-11-03,174.2400,176.8200,173.3500,176.6500,79829200,174.4430
2023-11-06,176.3800,179.4300,176.2100,179.2300,63841300,176.9908
2023-11-07,179.1800,182.4400,178.9700,181.8200,70530000,179.5484
2023-11-08,182.3500,183.4500,181.5900,182.8900,49340300,180.6050
2023-11-09,182.9600,184.1200,181.8100,182.4100,53763500,180.1310
2023-11-10,183.9700,186.5700,183.5300,186.4000,66133400,184.3137
2023-11-13,185.8200,186.0300,184.2100,184.8000,43627500,182.7316
2023-11-14,187.7000,188.1100,186.3000,187.4400,60108400,185.3420
2023-11-15,187.8500,189.5000,187.7800,188.0100,53790500,185.9057
2023-11-16,189.5700,190.9600,188.6500,189.7100,54412900,187.5866
2023-11-17,190.2500,190.3800,188.5700,189.6900,50922700,187.5669
2023-11-20,189.8900,191.9100,189.8800,191.4500,46505100,189.3072
2023-11-21,191.4100,191.5200,189.7400,190.6400,38134500,188.5062
2023-11-22,191.4900,192.9300,190.8300,191.3100,39617700,189.1687
2023-11-24,190.8700,190.9000,189.2500,189.9700,24048300,187.8437
2023-11-27,189.9200,190.6700,188.9000,189.7900,40552600,187.6657
2023-11-28,189.7800,191.0800,189.4000,190.4000,38415400,188.2689
2023-11-29,190.9000,192.0900,188.9700,189.3700,43014200,187.2504
2023-11-30,189.8400,190.3200,188.1900,189.9500,48794400,187.8239
2023-12-01,190.3300,191.5600,189.2300,191.2400,45704800,189.0995
2023-12-04,189.9800,190.0500,187.4500,189.4300,43389500,187.3098
2023-12-05,190.2100,194.4000,190.1800,193.4200,66628400,191.2551
2023-12-06,194.4500,194.7600,192.1100,192.3200,41089700,190.1674
2023-12-07,193.6300,195.0000,193.5900,194.2700,47477700,192.0956
2023-12-08,194.2000,195.9900,193.6700,195.7100,53406400,193.5195
2023-12-11,193.1100,193.4900,191.4200,193.1800,60943700,191.0178
2023-12-12,193.0800,194.7200,191.7200,194.7100,52696900,192.5307
2023-12-13,195.0900,198.0000,194.8500,197.9600,70404200,195.7443
2023-12-14,198.0200,199.6200,196.1600,198.1100,66831600,195.8926
2023-12-15,197.5300,198.4000,197.0000,197.5700,128538400,195.3587
2023-12-18,196.0900,196.6300,194.3900,195.8900,55751900,193.6974
2023-12-19,196.1600,196.9500,195.8900,196.9400,40714100,194.7357
2023-12-20,196.9000,197.6800,194.8300,194.8300,52242800,192.6493
2023-12-21,196.1000,197.0800,193.5000,194.6800,46482500,192.5010
2023-12-22,195.1800,195.4100,192.9700,193.6000,37149600,191.4331
2023-12-26,193.6100,193.8900,192.8300,193.0500,28919300,190.8892
2023-12-27,192.4900,193.5000,191.0900,193.1500,48087700,190.9881
2023-12-28,194.1400,194.6600,193.1700,193.5800,34049900,191.4133
2023-12-29,193.9000,194.4000,191.7300,192.5300,42672100,190.3751
2024-01-02,187.1500,188.4400,183.8900,185.6400,82488700,183.5622
2024-01-03,184.2200,185.8800,183.4300,184.2500,58414500,182.1877
2024-01-04,182.1500,183.0900,180.8800,181.9100,71983600,179.8739
2024-01-05,181.9900,182.7600,180.1700,181.1800,62379700,179.1521
2024-01-08,182.0900,185.6000,181.5000,185.5600,59144500,183.4831
2024-01-09,183.9200,185.1500,182.7300,185.1400,42841800,183.0678
2024-01-10,184.3500,186.4000,183.9200,186.1900,46792900,184.1060
2024-01-11,186.5400,187.0500,183.6200,185.5900,49128400,183.5127
2024-01-12,186.0600,186.7400,185.1900,185.9200,40477800,183.8391
2024-01-16,182.1600,184.2600,180.9300,183.6300,65603000,181.5747
2024-01-17,181.2700,182.9300,180.3000,182.6800,47317400,180.6353
2024-01-18,186.0900,189.1400,185.8300,188.6300,78005800,186.5187
2024-01-19,189.3300,191.9500,188.8200,191.5600,68903000,189.4159
2024-01-22,192.3000,195.3300,192.2600,193.8900,60133900,191.7198
2024-01-23,195.0200,195.7500,193.8300,195.1800,42355600,192.9954
2024-01-24,195.4200,196.3800,194.3400,194.5000,53631300,192.3230
2024-01-25,195.2200,196.2700,193.1100,194.1700,54822100,191.9967
2024-01-26,194.2700,194.7600,191.9400,192.4200,44594000,190.2663
2024-01-29,192.0100,192.2000,189.5800,191.7300,47145600,189.5840
2024-01-30,190.9400,191.8000,187.4700,188.0400,55859400,185.9353
2024-01-31,187.0400,187.1000,184.3500,184.4000,55467800,182.3360
2024-02-01,183.9900,186.9500,183.8200,186.8600,64885400,184.7686
2024-02-02,179.8600,187.3300,179.2500,185.8500,102551700,183.7699
2024-02-05,188.1500,189.2500,185.8400,187.6800,69668800,185.5793
2024-02-06,186.8600,189.3100,186.7700,189.3000,43490800,187.1812
2024-02-07,190.6400,191.0500,188.6100,189.4100,53439000,187.2900
2024-02-08,189.3900,189.5400,187.3500,188.3200,40962000,186.2122
2024-02-09,188.6500,189.9900,188.0000,188.8500,45155200,186.9746
2024-02-12,188.4200,188.6700,186.7900,187.1500,41781900,185.2914
2024-02-13,185.7700,186.2100,183.5100,185.0400,56529500,183.2024
2024-02-14,185.3200,185.5300,182.4400,184.1500,54630500,182.3212
2024-02-15,183.5500,184.4900,181.3500,183.8600,65434500,182.0341
2024-02-16,183.4200,184.8500,181.6700,182.3100,49752500,180.4995
2024-02-20,181.7900,182.4300,180.0000,181.5600,53665600,179.7569
2024-02-21,181.9400,182.8900,180.6600,182.3200,41371400,180.5094
2024-02-22,183.4800,184.9600,182.4600,184.3700,52292200,182.5390
2024-02-23,185.0100,185.0400,182.2300,182.5200,45119700,180.7074
2024-02-26,182.2400,182.7600,180.6500,181.1600,40867400,179.3609
2024-02-27,181.1000,183.9200,179.5600,182.6300,54318900,180.8163
2024-02-28,182.5100,183.1200,180.1300,181.4200,48953900,179.6183
2024-02-29,181.2700,182.5700,179.5300,180.7500,136682600,178.9550
2024-03-01,179.5500,180.5300,177.3800,179.6600,73563100,177.8758
2024-03-04,176.1500,176.9000,173.7900,175.1000,81510100,173.3611
2024-03-05,170.7600,172.0400,169.6200,170.1200,95132400,168.4306
2024-03-06,171.0600,171.2400,168.6800,169.1200,68587700,167.4405
2024-03-07,169.1500,170.7300,168.4900,169.0000,71765100,167.3217
2024-03-08,169.0000,173.7000,168.9400,170.7300,76267000,169.0345
2024-03-11,172.9400,174.3800,172.0500,172.7500,60139500,171.0344
2024-03-12,173.1500,174.0300,171.0100,173.2300,59825400,171.5097
2024-03-13,172.7700,173.1900,170.7600,171.1300,52488700,169.4305
2024-03-14,172.9100,174.3100,172.0500,173.0000,72913500,171.2820
2024-03-15,171.1700,172.6200,170.2900,172.6200,121752700,170.9057
2024-03-18,175.5700,177.7100,173.5200,173.7200,75604200,171.9948
2024-03-19,174.3400,176.6100,173.0300,176.0800,55215200,174.3314
2024-03-20,175.7200,178.6700,175.0900,178.6700,53423100,176.8956
2024-03-21,177.0500,177.4900,170.8400,171.3700,106181300,169.6681
2024-03-22,171.7600,173.0500,170.0600,172.2800,71160100,170.5691
2024-03-25,170.5700,171.9400,169.4500,170.8500,54288300,169.1533
2024-03-26,170.0000,171.4200,169.5800,169.7100,57388400,168.0246
2024-03-27,170.4100,173.6000,170.1100,173.3100,60273300,171.5889
2024-03-28,171.7500,172.2300,170.5100,171.4800,65672700,169.7771
2024-04-01,171.1900,171.2500,169.4800,170.0300,46240500,168.3414
2024-04-02,169.0800,169.3400,168.2300,168.8400,49329500,167.1633
2024-04-03,168.7900,170.6800,168.5800,169.6500,47691700,167.9652
2024-04-04,170.2900,171.9200,168.8200,168.8200,53704400,167.1435
2024-04-05,169.5900,170.3900,168.9500,169.5800,42104800,167.8959
2024-04-08,169.0300,169.2000,168.2400,168.4500,37425500,166.7771
2024-04-09,168.7000,170.0800,168.3500,169.6700,42373800,167.9850
2024-04-10,168.8000,169.0900,167.1100,167.7800,49709300,166.1138
2024-04-11,168.3400,175.4600,168.1600,175.0400,91070300,173.3017
2024-04-12,174.2600,178.3600,174.2100,176.5500,101670900,174.7967
2024-04-15,175.3600,176.6300,172.5000,172.6900,73531800,170.9750
2024-04-16,171.7500,173.7600,168.2700,169.3800,73711200,167.6979
2024-04-17,169.6100,170.6500,168.0000,168.0000,50901200,166.3316
2024-04-18,168.0300,168.6400,166.5500,167.0400,43122900,165.3811
2024-04-19,166.2100,166.4000,164.0800,165.0000,68149400,163.3614
2024-04-22,165.5200,167.2600,164.7700,165.8400,48116400,164.1930
2024-04-23,165.3500,167.0500,164.9200,166.9000,49537800,165.2425
2024-04-24,166.5400,169.3000,166.2100,169.0200,48251800,167.3415
2024-04-25,169.5300,170.6100,168.1500,169.8900,50558300,168.2028
2024-04-26,169.8800,171.3400,169.1800,169.3000,44838400,167.6187
2024-04-29,173.3700,176.0300,173.1000,173.5000,68169400,171.7770
2024-04-30,173.3300,174.9900,170.0000,170.3300,65934800,168.6385
2024-05-01,169.5800,172.7100,169.1100,169.3000,50383100,167.6187
2024-05-02,172.5100,173.4200,170.8900,173.0300,94214900,171.3116
2024-05-03,186.6500,187.0000,182.6600,183.3800,163224100,181.5589
2024-05-06,182.3500,184.2000,180.4200,181.7100,78569700,179.9055
2024-05-07,183.4500,184.9000,181.3200,182.4000,77305800,180.5886
2024-05-08,182.8500,183.0700,181.4500,182.7400,45057100,180.9252
2024-05-09,182.5600,184.6600,182.1100,184.5700,48983000,182.7370
2024-05-10,184.9000,185.0900,182.1300,183.0500,50759500,181.4780
2024-05-13,185.4400,187.1000,184.6200,186.2800,72044800,184.6802
2024-05-14,187.5100,188.3000,186.2900,187.4300,52393600,185.8203
2024-05-15,187.9100,190.6500,187.3700,189.7200,70400000,188.0907
2024-05-16,190.4700,191.1000,189.6600,189.8400,52845200,188.2097
2024-05-17,189.5100,190.8100,189.1800,189.8700,41282900,188.2394
2024-05-20,189.3300,191.9200,189.0100,191.0400,44361300,189.3993
2024-05-21,191.0900,192.7300,190.9200,192.3500,42309400,190.6981
2024-05-22,192.2700,192.8200,190.2700,190.9000,34648500,189.2605
2024-05-23,190.9800,191.0000,186.6300,186.8800,51005900,185.2751
2024-05-24,188.8200,190.5800,188.0400,189.9800,36327000,188.3484
2024-05-28,191.5100,193.0000,189.1000,189.9900,52280100,188.3584
2024-05-29,189.6100,192.2500,189.5100,190.2900,53068000,188.6558
2024-05-30,190.7600,192.1800,190.6300,191.2900,49889100,189.6472
2024-05-31,191.4400,192.5700,189.9100,192.2500,75158300,190.5989
2024-06-03,192.9000,194.9900,192.5200,194.0300,50080500,192.3636
2024-06-04,194.6400,195.3200,193.0300,194.3500,47471400,192.6809
2024-06-05,195.4000,196.9000,194.8700,195.8700,54156800,194.1879
2024-06-06,195.6900,196.5000,194.1700,194.4800,41181800,192.8098
2024-06-07,194.6500,196.9400,194.1400,196.8900,53103900,195.1991
2024-06-10,196.9000,197.3000,192.1500,193.1200,97010200,191.4615
2024-06-11,193.6500,207.1600,193.6300,207.1500,172373300,205.3710
2024-06-12,207.3700,220.2000,206.9000,213.0700,198134300,211.2402
2024-06-13,214.7400,216.7500,211.6000,214.2400,97862700,212.4001
2024-06-14,213.8500,215.1700,211.3000,212.4900,70122700,210.6651
2024-06-17,213.3700,218.9500,212.7200,216.6700,93728300,214.8092
2024-06-18,217.5900,218.6300,213.0000,214.2900,79943300,212.4497
2024-06-20,213.9300,214.2400,208.8500,209.6800,86172500,207.8792
2024-06-21,210.3900,211.8900,207.1100,207.4900,241805100,205.7081
2024-06-24,207.7200,212.7000,206.5900,208.1400,80727000,206.3525
2024-06-25,209.1500,211.3800,208.6100,209.0700,55549700,207.2745
2024-06-26,211.5000,214.8600,210.6400,213.2500,66213200,211.4186
2024-06-27,214.6900,215.7400,212.3500,214.1000,49772700,212.2613
2024-06-28,215.7700,216.0700,210.3000,210.6200,82542700,208.8112
2024-07-01,212.0900,217.5100,211.9200,216.7500,60402900,214.8885
2024-07-02,216.1500,220.3800,215.1000,220.2700,58046200,218.3783
2024-07-03,220.0000,221.5500,219.0300,221.5500,37369800,219.6473
2024-07-05,221.6500,226.4500,221.6500,226.3400,60412400,224.3962
2024-07-08,227.0900,227.8500,223.2500,227.8200,59085900,225.8635
2024-07-09,227.9300,229.4000,226.3700,228.6800,48076100,226.7161
2024-07-10,229.3000,233.0800,229.2500,232.9800,62627700,230.9792
2024-07-11,231.3900,232.3900,225.7700,227.5700,64710600,225.6156
2024-07-12,228.9200,232.6400,228.6800,230.5400,53046500,228.5601
2024-07-15,236.4800,237.2300,233.0900,234.4000,62631300,232.3869
2024-07-16,235.0000,236.2700,232.3300,234.8200,43234300,232.8034
2024-07-17,229.4500,231.4600,226.6400,228.8800,57345900,226.9144
2024-07-18,230.2800,230.4400,222.2700,224.1800,66034600,222.2547
2024-07-19,224.8200,226.8000,223.2800,224.3100,49151500,222.3836
2024-07-22,227.0100,227.7800,223.0900,223.9600,48201800,222.0366
2024-07-23,224.3700,226.9400,222.6800,225.0100,39960300,223.0776
2024-07-24,224.0000,224.8000,217.1300,218.5400,61777600,216.6632
2024-07-25,218.9300,220.8500,214.6200,217.4900,51391200,215.6222
2024-07-26,218.7000,219.4900,216.0100,217.9600,41601300,216.0881
2024-07-29,216.9600,219.3000,215.7500,218.2400,36311800,216.3657
2024-07-30,219.1900,220.3300,216.1200,218.8000,41643800,216.9209
2024-07-31,221.4400,223.8200,220.6300,222.0800,50036300,220.1728
2024-08-01,224.3700,224.4800,217.0200,218.3600,62501000,216.4847
2024-08-02,219.1500,225.6000,217.7100,219.8600,105568600,217.9718
2024-08-05,199.0900,213.5000,196.0000,209.2700,119548600,207.4728
2024-08-06,205.3000,209.9900,201.0700,207.2300,69660500,205.4503
2024-08-07,206.9000,213.6400,206.3900,209.8200,63516400,208.0181
2024-08-08,213.1100,214.2000,208.8300,213.3100,47161100,211.4781
2024-08-09,212.1000,216.7800,211.9700,216.2400,42201600,214.3829
2024-08-12,216.0700,219.5100,215.6000,217.5300,38028100,215.9115
2024-08-13,219.0100,221.8900,219.0100,221.2700,44155300,219.6236
2024-08-14,220.5700,223.0300,219.7000,221.7200,41960600,220.0703
2024-08-15,224.6000,225.3500,222.7600,224.7200,46414000,223.0480
2024-08-16,223.9200,226.8300,223.6500,226.0500,44340200,224.3681
2024-08-19,225.7200,225.9900,223.0400,225.8900,40687800,224.2093
2024-08-20,225.7700,227.1700,225.4500,226.5100,30299000,224.8247
2024-08-21,226.5200,227.9800,225.0500,226.4000,34765500,224.7155
2024-08-22,227.7900,228.3400,223.9000,224.5300,43695300,222.8594
2024-08-23,225.6600,228.2200,224.3300,226.8400,38677300,225.1522
2024-08-26,226.7600,227.2800,223.8900,227.1800,30602200,225.4897
2024-08-27,226.0000,228.8500,224.8900,228.0300,35934600,226.3333
2024-08-28,227.9200,229.8600,225.6800,226.4900,38052200,224.8048
2024-08-29,230.1000,232.9200,228.8800,229.7900,51906300,228.0802
2024-08-30,230.1900,230.4000,227.4800,229.0000,52990800,227.2961
2024-09-03,228.5500,229.0000,221.1700,222.7700,50190600,221.1125
2024-09-04,221.6600,221.7800,217.4800,220.8500,43840200,219.2068
2024-09-05,221.6300,225.4800,221.5200,222.3800,36615400,220.7254
2024-09-06,223.9500,225.2400,219.7700,220.8200,48423000,219.1770
2024-09-09,220.8200,221.2700,216.7100,220.9100,67180000,219.2663
2024-09-10,218.9200,221.4800,216.7300,220.1100,51591000,218.4723
2024-09-11,221.4600,223.0900,217.8900,222.6600,44587100,221.0033
2024-09-12,222.5000,223.5500,219.8200,222.7700,37455600,221.1125
2024-09-13,223.5800,224.0400,221.9100,222.5000,36766600,220.8445
2024-09-16,216.5400,217.2200,213.9200,216.3200,59357400,214.7105
2024-09-17,215.7500,216.9000,214.5000,216.7900,45519300,215.1770
2024-09-18,217.5500,222.7100,217.5400,220.6900,59894900,219.0480
2024-09-19,224.9900,229.8200,224.6300,228.8700,66781300,227.1671
2024-09-20,229.9700,233.0900,227.6200,228.2000,318679900,226.5021
2024-09-23,227.3400,229.4500,225.8100,226.4700,54146000,224.7849
2024-09-24,228.6500,229.3500,225.7300,227.3700,43556100,225.6783
2024-09-25,224.9300,227.2900,224.0200,226.3700,42308700,224.6857
2024-09-26,227.3000,228.5000,225.4100,227.5200,36636700,225.8271
2024-09-27,228.4600,229.5200,227.3000,227.7900,34026000,226.0951
2024-09-30,230.0400,233.0000,229.6500,233.0000,54541900,231.2663
2024-10-01,229.5200,229.6500,223.7400,226.2100,63285000,224.5269
2024-10-02,225.8900,227.3700,223.0200,226.7800,32880600,225.0926
2024-10-03,225.1400,226.8100,223.3200,225.6700,34044200,223.9909
2024-10-04,227.9000,228.0000,224.1300,226.8000,37245100,225.1125
2024-10-07,224.5000,225.6900,221.3300,221.6900,39505400,220.0405
2024-10-08,224.3000,225.9800,223.2500,225.7700,31855700,224.0902
2024-10-09,225.2300,229.7500,224.8300,229.5400,33591100,227.8321
2024-10-10,227.7800,229.5000,227.1700,229.0400,28183500,227.3358
2024-10-11,229.3000,229.4100,227.3400,227.5500,31759200,225.8569
2024-10-14,228.7000,231.7300,228.6000,231.3000,39882100,229.5790
2024-10-15,233.6100,237.4900,232.3700,233.8500,64751400,232.1100
2024-10-16,231.6000,232.1200,229.8400,231.7800,34082200,230.0555
2024-10-17,233.4300,233.8500,230.5200,232.1500,32993800,230.4227
2024-10-18,236.1800,236.1800,234.0100,235.0000,46431500,233.2515
2024-10-21,234.4500,236.8500,234.4500,236.4800,36254500,234.7205
2024-10-22,233.8900,236.2200,232.6000,235.8600,38846600,234.1051
2024-10-23,234.0800,235.1400,227.7600,230.7600,52287000,229.0430
2024-10-24,229.9800,230.8200,228.4100,230.5700,31109500,228.8545
2024-10-25,229.7400,233.2200,229.5700,231.4100,38802300,229.6882
2024-10-28,233.3200,234.7300,232.5500,233.4000,36087100,231.6634
2024-10-29,233.1000,234.3300,232.3200,233.6700,35417200,231.9314
2024-10-30,232.6100,233.4700,229.5500,230.1000,47070900,228.3879
2024-10-31,229.3400,229.8300,225.3700,225.9100,64370100,224.2291
2024-11-01,220.9700,225.3500,220.2700,222.9100,65276700,221.2514
2024-11-04,220.9900,222.7900,219.7100,222.0100,44944500,220.3581
2024-11-05,221.8000,223.9500,221.1400,223.4500,28111300,221.7874
2024-11-06,222.6100,226.0700,221.1900,222.7200,54561100,221.0629
2024-11-07,224.6300,227.8800,224.5700,227.4800,42137700,225.7874
2024-11-08,227.1700,228.6600,226.4100,226.9600,38328800,225.5191
2024-11-11,225.0000,225.7000,221.5000,224.2300,42005600,222.8065
2024-11-12,224.5500,225.5900,223.3600,224.2300,40398300,222.8065
2024-11-13,224.0100,226.6500,222.7600,225.1200,48566200,223.6908
2024-11-14,225.0200,228.8700,225.0000,228.2200,44923900,226.7711
2024-11-15,226.4000,226.9200,224.2700,225.0000,47923700,223.5716
2024-11-18,225.2500,229.7400,225.1700,228.0200,44633700,226.5724
2024-11-19,226.9800,230.1600,226.6600,228.2800,36211800,226.8308
2024-11-20,228.0600,229.9300,225.8900,229.0000,35169600,227.5462
2024-11-21,228.8800,230.1600,225.7100,228.5200,42108300,227.0692
2024-11-22,228.0600,230.7200,228.0600,229.8700,38168300,228.4107
2024-11-25,231.4600,233.2500,229.7400,232.8700,90152800,231.3916
2024-11-26,233.3300,235.5700,233.3300,235.0600,45986200,233.5677
2024-11-27,234.4700,235.6900,233.8100,234.9300,33498400,233.4385
2024-11-29,234.8100,237.8100,233.9700,237.3300,28481400,235.8233
2024-12-02,237.2700,240.7900,237.1600,239.5900,48137100,238.0690
2024-12-03,239.8100,242.7600,238.9000,242.6500,38861000,241.1095
2024-12-04,242.8700,244.1100,241.2500,243.0100,44383900,241.4673
2024-12-05,243.9900,244.5400,242.1300,243.0400,40033900,241.4971
2024-12-06,242.9100,244.6300,242.0800,242.8400,36870600,241.2983
2024-12-09,241.8300,247.2400,241.7500,246.7500,44649200,245.1835
2024-12-10,246.8900,248.2100,245.3400,247.7700,36914800,246.1970
2024-12-11,247.9600,250.8000,246.2600,246.4900,45205800,244.9252
2024-12-12,246.8900,248.7400,245.6800,247.9600,32777500,246.3858
2024-12-13,247.8200,249.2900,246.2400,248.1300,33155300,246.5548
2024-12-16,247.9900,251.3800,247.6500,251.0400,51694800,249.4463
2024-12-17,250.0800,253.8300,249.7800,253.4800,51356400,251.8708
2024-12-18,252.1600,254.2800,247.7400,248.0500,56774100,246.4753
2024-12-19,247.5000,252.0000,247.0900,249.7900,60882300,248.2042
2024-12-20,248.0400,255.0000,245.6900,254.4900,147495300,252.8744
2024-12-23,254.7700,255.6500,253.4500,255.2700,40858800,253.6494
2024-12-24,255.4900,258.2100,255.2900,258.2000,23234700,256.5608
2024-12-26,258.1900,260.1000,257.6300,259.0200,27237100,257.3756
2024-12-27,257.8300,258.7000,253.0600,255.5900,42355300,253.9674
2024-12-30,252.2300,253.5000,250.7500,252.2000,35557500,250.5989
2024-12-31,252.4400,253.2800,249.4300,250.4200,39480700,248.8302
2025-01-02,248.9300,249.1000,241.8200,243.8500,55740700,242.3019
2025-01-03,243.3600,244.1800,241.8900,243.3600,40244100,241.8150
2025-01-06,244.3100,247.3300,243.2000,245.0000,45045600,243.4446
2025-01-07,242.9800,245.5500,241.3500,242.2100,40856000,240.6723
2025-01-08,241.9200,243.7100,240.0500,242.7000,37628900,241.1592
2025-01-10,240.0100,240.1600,233.0000,236.8500,61710900,235.3464
2025-01-13,233.5300,234.6700,229.7200,234.4000,49630700,232.9119
2025-01-14,234.7500,236.1200,232.4700,233.2800,39435300,231.7990
2025-01-15,234.6400,238.9600,234.4300,237.8700,39832000,236.3599
2025-01-16,237.3500,238.0100,228.0300,228.2600,71759100,226.8109
2025-01-17,232.1200,232.2900,228.4800,229.9800,68488300,228.5200
2025-01-21,224.0000,224.4200,219.3800,222.6400,98070400,221.2266
2025-01-22,219.7900,224.1200,219.7900,223.8300,64126500,222.4090
2025-01-23,224.7400,227.0300,222.3000,223.6600,60234800,222.2401
2025-01-24,224.7800,225.6300,221.4100,222.7800,54697900,221.3657
2025-01-27,224.0200,232.1500,223.9800,229.8600,94863400,228.4008
2025-01-28,230.8500,240.1900,230.8100,238.2600,75707600,236.7474
2025-01-29,234.1200,239.8600,234.0100,239.3600,45486100,237.8404
2025-01-30,238.6700,240.7900,237.2100,237.5900,55658300,236.0817
2025-01-31,247.1900,247.1900,233.4400,236.0000,100959800,234.5018
2025-02-03,229.9900,231.8300,225.7000,228.0100,73063300,226.5625
2025-02-04,227.2500,233.1300,226.6500,232.8000,45067300,231.3221
2025-02-05,228.5300,232.6700,228.2700,232.4700,39620300,230.9942
2025-02-06,231.2900,233.8000,230.4300,233.2200,29925300,231.7394
2025-02-07,232.6000,234.0000,227.2600,227.6300,39707200,226.1849
2025-02-10,229.5700,230.5900,227.2000,227.6500,33115600,226.4535
2025-02-11,228.2000,235.2300,228.1300,232.6200,53718400,231.3973
2025-02-12,231.2000,236.9600,230.6800,236.8700,45243300,235.6250
2025-02-13,236.9100,242.3400,235.5700,241.5300,53614100,240.2605
2025-02-14,241.2500,245.5500,240.9900,244.6000,40896200,243.3144
2025-02-18,244.1500,245.1800,241.8400,244.4700,48822500,243.1851
2025-02-19,244.6600,246.0100,243.1600,244.8700,32204200,243.5830
2025-02-20,244.9400,246.7800,244.2900,245.8300,32316900,244.5379
2025-02-21,245.9500,248.6900,245.2200,245.5500,53197400,244.2594
2025-02-24,244.9300,248.8600,244.4200,247.1000,51326400,245.8013
2025-02-25,248.0000,250.0000,244.9100,247.0400,48013300,245.7415
2025-02-26,244.3300,244.9800,239.1300,240.3600,44433600,239.0967
2025-02-27,239.4100,242.4600,237.0600,237.3000,41153600,236.0528
2025-02-28,236.9500,242.0900,230.2000,241.8400,56833400,240.5689
2025-03-03,241.7900,244.0300,236.1100,238.0300,47184000,236.7789
2025-03-04,237.7100,240.0700,234.6800,235.9300,53798100,234.6900
2025-03-05,235.4200,236.5500,229.2300,235.7400,47227600,234.5010
2025-03-06,234.4400,237.8600,233.1600,235.3300,45170400,234.0931
2025-03-07,235.1100,241.3700,234.7600,239.0700,46273600,237.8134
2025-03-10,235.5400,236.1600,224.2200,227.4800,72071200,226.2844
2025-03-11,223.8100,225.8400,217.4500,220.8400,76137400,219.6793
2025-03-12,220.1400,221.7500,214.9100,216.9800,62547500,215.8395
2025-03-13,215.9500,216.8400,208.4200,209.6800,61368300,208.5779
2025-03-14,211.2500,213.9500,209.5800,213.4900,60107600,212.3679
2025-03-17,213.3100,215.2200,209.9700,214.0000,48073400,212.8752
2025-03-18,214.1600,215.1500,211.4900,212.6900,42432400,211.5721
2025-03-19,214.2200,218.7600,213.7500,215.2400,54385400,214.1087
2025-03-20,213.9900,217.4900,212.2200,214.1000,48862900,212.9747
2025-03-21,211.5600,218.8400,211.2800,218.2700,94127800,217.1228
2025-03-24,221.0000,221.4800,218.5800,220.7300,44299500,219.5698
2025-03-25,220.7700,224.1000,220.0800,223.7500,34493600,222.5740
2025-03-26,223.5100,225.0200,220.4700,221.5300,34466100,220.3656
2025-03-27,221.3900,224.9900,220.5600,223.8500,37094800,222.6734
2025-03-28,221.6700,223.8100,217.6800,217.9000,39818600,216.7547
2025-03-31,217.0100,225.6200,216.2300,222.1300,65299300,220.9625
2025-04-01,219.8100,223.6800,218.9000,223.1900,36412700,222.0169
2025-04-02,221.3200,225.1900,221.0200,223.8900,35905900,222.7132
2025-04-03,205.5400,207.4900,201.2500,203.1900,103419000,202.1220
2025-04-04,193.8900,199.8800,187.3400,188.3800,125910900,187.3899
2025-04-07,177.2000,194.1500,174.6200,181.4600,160466300,180.5063
2025-04-08,186.7000,190.3400,169.2100,172.4200,120859500,171.5138
2025-04-09,171.9500,200.6100,171.8900,198.8500,184395900,197.8049
2025-04-10,189.0700,194.7800,183.0000,190.4200,121880000,189.4191
2025-04-11,186.1000,199.5400,186.0600,198.1500,87435900,197.1085
2025-04-14,211.4400,212.9400,201.1600,202.5200,101352900,201.4556
2025-04-15,201.8600,203.5100,199.8000,202.1400,51343900,201.0775
2025-04-16,198.3600,200.7000,192.3700,194.2700,59732400,193.2489
2025-04-17,197.2000,198.8300,194.4200,196.9800,52164700,195.9447
2025-04-21,193.2700,193.8000,189.8100,193.1600,46742500,192.1448
2025-04-22,196.1200,201.5900,195.9700,199.7400,52976400,198.6902
2025-04-23,206.0000,208.0000,202.8000,204.6000,52929200,203.5246
2025-04-24,204.8900,208.8300,202.9400,208.3700,47311000,207.2748
2025-04-25,206.3700,209.7500,206.2000,209.2800,38222300,208.1800
2025-04-28,210.0000,211.5000,207.4600,210.1400,38743100,209.0355
2025-04-29,208.6900,212.2400,208.3700,211.2100,36827600,210.0999
2025-04-30,209.3000,213.5800,206.6700,212.5000,52286500,211.3831
2025-05-01,209.0800,214.5600,208.9000,213.3200,57365700,212.1988
2025-05-02,206.0900,206.9900,202.1600,205.3500,101010600,204.2707
2025-05-05,203.1000,204.1000,198.2100,198.8900,69018500,197.8446
2025-05-06,198.2100,200.6500,197.0200,198.5100,51216500,197.4666
2025-05-07,199.1700,199.4400,193.2500,196.2500,68536700,195.2185
2025-05-08,197.7200,200.0500,194.6800,197.4900,50478900,196.4520
2025-05-09,199.0000,200.5400,197.5400,198.5300,36453900,197.4865
2025-05-12,210.9700,211.2700,206.7500,210.7900,63775800,209.9570
2025-05-13,210.4300,213.4000,209.0000,212.9300,51909300,212.0886
2025-05-14,212.4300,213.9400,210.5800,212.3300,49325800,211.4910
2025-05-15,210.9500,212.9600,209.5400,211.4500,45029500,210.6144
2025-05-16,212.3600,212.5700,209.7700,211.2600,54737900,210.4252
2025-05-19,207.9100,209.4800,204.2600,208.7800,46140500,207.9550
2025-05-20,207.6700,208.4700,205.0300,206.8600,42496600,206.0426
2025-05-21,205.1700,207.0400,200.7100,202.0900,59211800,201.2914
2025-05-22,200.7100,202.7500,199.7000,201.3600,46742400,200.5643
2025-05-23,193.6700,197.7000,193.4600,195.2700,78432900,194.4984
2025-05-27,198.3000,200.7400,197.4300,200.2100,56288500,199.4189
2025-05-28,200.5900,202.7300,199.9000,200.4200,45339700,199.6280
2025-05-29,203.5800,203.8100,198.5100,199.9500,51396800,199.1599
2025-05-30,199.3700,201.9600,196.7800,200.8500,70819900,200.0563
2025-06-02,200.2800,202.1300,200.1200,201.7000,35423300,200.9030
2025-06-03,201.3500,203.7700,200.9600,203.2700,46381600,202.4668
2025-06-04,202.9100,206.2400,202.1000,202.8200,43604000,202.0186
2025-06-05,203.5000,204.7500,200.1500,200.6300,55126100,199.8372
2025-06-06,203.0000,205.7000,202.0500,203.9200,46607700,203.1142
2025-06-09,204.3900,206.0000,200.0200,201.4500,72862600,200.6540
2025-06-10,200.6000,204.3500,200.5700,202.6700,54672600,201.8691
2025-06-11,203.5000,204.5000,198.4100,198.7800,60989900,197.9945
2025-06-12,199.0800,199.6800,197.3600,199.2000,43904600,198.4129
2025-06-13,199.7300,200.3700,195.7000,196.4500,51447300,195.6737
2025-06-16,197.3000,198.6900,196.5600,198.4200,43020700,197.6359
2025-06-17,197.2000,198.3900,195.2100,195.6400,38856200,194.8669
2025-06-18,195.9400,197.5700,195.0700,196.5800,45394700,195.8032
2025-06-20,198.2400,201.7000,196.8600,201.0000,96813500,200.2057
2025-06-23,201.6300,202.3000,198.9600,201.5000,55814300,200.7038
2025-06-24,202.5900,203.4400,200.2000,200.3000,54064000,199.5085
2025-06-25,201.4500,203.6700,200.6200,201.5600,39525700,200.7635
2025-06-26,201.4300,202.6400,199.4600,201.0000,50799100,200.2057
2025-06-27,201.8900,203.2200,200.0000,201.0800,73188600,200.2854
2025-06-30,202.0100,207.3900,199.2600,205.1700,91912800,204.3593
2025-07-01,206.6700,210.1900,206.1400,207.8200,78788900,206.9988
2025-07-02,208.9100,213.3400,208.1400,212.4400,67941800,211.6005
2025-07-03,212.1500,214.6500,211.8100,213.5500,34955800,212.7062
2025-07-07,212.6800,216.2300,208.8000,209.9500,50229000,209.1204
2025-07-08,210.1000,211.4300,208.4500,210.0100,42848900,209.1801
2025-07-09,209.5300,211.3300,207.2200,211.1400,48749400,210.3057
2025-07-10,210.5100,213.4800,210.0300,212.4100,44443600,211.5707
2025-07-11,210.5700,212.1300,209.8600,211.1600,39765800,210.3256
2025-07-14,209.9300,210.9100,207.5400,208.6200,38840100,207.7956
2025-07-15,209.2200,211.8900,208.9200,209.1100,42296300,208.2837
2025-07-16,210.3000,212.4000,208.6400,210.1600,47490500,209.3295
2025-07-17,210.5700,211.8000,209.5900,210.0200,48068100,209.1901
2025-07-18,210.8700,211.7900,209.7000,211.1800,48974600,210.3455
2025-07-21,212.1000,215.7800,211.6300,212.4800,51377400,211.6404
2025-07-22,213.1400,214.9500,212.2300,214.4000,46404100,213.5528
2025-07-23,215.0000,215.1500,212.4100,214.1500,46989300,213.3038
2025-07-24,213.9000,215.6900,213.5300,213.7600,46022600,212.9153
2025-07-25,214.7000,215.2400,213.4000,213.8800,40268800,213.0349
2025-07-28,214.0300,214.8500,213.0600,214.0500,37858000,213.2042
2025-07-29,214.1800,214.8100,210.8200,211.2700,51411700,210.4352
2025-07-30,211.9000,212.3900,207.7200,209.0500,45512500,208.2239
2025-07-31,208.4900,209.8400,207.1600,207.5700,80698400,206.7498
2025-08-01,210.8700,213.5800,201.5000,202.3800,104434500,201.5803
2025-08-04,204.5100,207.8800,201.6800,203.3500,75109300,202.5465
2025-08-05,203.4000,205.3400,202.1600,202.9200,44155100,202.1182
2025-08-06,205.6300,215.3800,205.5900,213.2500,108483100,212.4073
2025-08-07,218.8800,220.8500,216.5800,220.0300,90224800,219.1605
2025-08-08,220.8300,231.0000,219.2500,229.3500,113854000,228.4437
2025-08-11,227.9200,229.5600,224.7600,227.1800,61806100,226.5391
2025-08-12,228.0100,230.8000,227.0700,229.6500,55626200,229.0021
2025-08-13,231.0700,235.0000,230.4300,233.3300,69878500,232.6718
2025-08-14,234.0600,235.1200,230.8500,232.7800,51916300,232.1233
2025-08-15,234.0000,234.2800,229.3400,231.5900,56038700,230.9367
2025-08-18,231.7000,233.1200,230.1100,230.8900,37476200,230.2386
2025-08-19,231.2800,232.8700,229.3500,230.5600,39402600,229.9096
2025-08-20,229.9800,230.4700,225.7700,226.0100,42263900,225.3724
2025-08-21,226.2700,226.5200,223.7800,224.9000,30621200,224.2655
2025-08-22,226.1700,229.0900,225.4100,227.7600,42477800,227.1175
2025-08-25,226.4800,229.3000,226.2300,227.1600,30983100,226.5192
2025-08-26,226.8700,229.4900,224.6900,229.3100,54575100,228.6631
2025-08-27,228.6100,230.9000,228.2600,230.4900,31259500,229.8398
2025-08-28,230.8200,233.4100,229.3400,232.5600,38074700,231.9039
2025-08-29,232.5100,233.3800,231.3700,232.1400,39418400,231.4851
2025-09-02,229.2500,230.8500,226.9700,229.7200,44075600,229.0719
2025-09-03,237.2100,238.8500,234.3600,238.4700,66427800,237.7973
2025-09-04,238.4500,239.9000,236.7400,239.7800,47549400,239.1035
2025-09-05,240.0000,241.3200,238.4900,239.6900,54870400,239.0138
2025-09-08,239.3000,240.1500,236.3400,237.8800,48999500,237.2089
2025-09-09,237.0000,238.7800,233.3600,234.3500,66313900,233.6889
2025-09-10,232.1900,232.4200,225.9500,226.7900,83440800,226.1502
2025-09-11,226.8800,230.4500,226.6500,230.0300,50208600,229.3811
2025-09-12,229.2200,234.5100,229.0200,234.0700,55824200,233.4097
2025-09-15,237.0000,238.1900,235.0300,236.7000,42699500,236.0322
2025-09-16,237.1800,241.2200,236.3200,238.1500,63421100,237.4781
2025-09-17,238.9700,240.1000,237.7300,238.9900,46508000,238.3158
2025-09-18,239.9700,241.2000,236.6500,237.8800,44249600,237.2089
2025-09-19,241.2300,246.3000,240.2100,245.5000,163741300,244.8074
2025-09-22,248.3000,256.6400,248.1200,256.0800,105517400,255.3576
2025-09-23,255.8800,257.3400,253.5800,254.4300,60275200,253.7122
2025-09-24,255.2200,255.7400,251.0400,252.3100,42303700,251.5982
2025-09-25,253.2100,257.1700,251.7100,256.8700,55202100,256.1453
2025-09-26,254.1000,257.6000,253.7800,255.4600,46076300,254.7393
2025-09-29,254.5600,255.0000,253.0100,254.4300,40127700,253.7122
2025-09-30,254.8600,255.9200,253.1100,254.6300,37704300,253.9117
2025-10-01,255.0400,258.7900,254.9300,255.4500,48713900,254.7293
2025-10-02,256.5800,258.1800,254.1500,257.1300,42630200,256.4046
2025-10-03,254.6700,259.2400,253.9500,258.0200,49155600,257.2921
2025-10-06,257.9900,259.0700,255.0500,256.6900,44664100,255.9659
2025-10-07,256.8100,257.4000,255.4300,256.4800,31955800,255.7565
2025-10-08,256.5200,258.5200,256.1100,258.0600,36496900,257.3320
2025-10-09,257.8100,258.0000,253.1400,254.0400,38322000,253.3233
2025-10-10,254.9400,256.3800,244.0000,245.2700,61999100,244.5781
2025-10-13,249.3800,249.6900,245.5600,247.6600,38142900,246.9613
2025-10-14,246.6000,248.8500,244.7000,247.7700,35478000,247.0710
2025-10-15,249.4900,251.8200,247.4700,249.3400,33893600,248.6366
2025-10-16,248.2500,249.0400,245.1300,247.4500,39777000,246.7519
2025-10-17,248.0200,253.3800,247.2700,252.2900,49147000,251.5782
2025-10-20,255.8900,264.3800,255.6300,262.2400,90483000,261.5002
2025-10-21,261.8800,265.2900,261.8300,262.7700,46695900,262.0287
2025-10-22,262.6500,262.8500,255.4300,258.4500,45015300,257.7209
2025-10-23,259.9400,260.6200,258.0100,259.5800,32754900,258.8477
2025-10-24,261.1900,264.1300,259.1800,262.8200,38253700,262.0786
2025-10-27,264.8800,269.1200,264.6500,268.8100,44888200,268.0516
2025-10-28,268.9900,269.8900,268.1500,269.0000,41534800,268.2411
2025-10-29,269.2800,271.4100,267.1100,269.7000,51086700,268.9391
2025-10-30,271.9900,274.1400,268.4800,271.4000,69886500,270.6343
2025-10-31,276.9900,277.3200,269.1600,270.3700,86167100,269.6072
2025-11-03,270.4200,270.8500,266.2500,269.0500,50194600,268.2910
2025-11-04,268.3300,271.4900,267.6200,270.0400,49274800,269.2782
2025-11-05,268.6100,271.7000,266.9300,270.1400,43683100,269.3779
2025-11-06,267.8900,273.4000,267.8900,269.7700,51204000,269.0089
2025-11-07,269.8000,272.2900,266.7700,268.4700,48227400,267.7126
2025-11-10,268.9600,273.7300,267.4600,269.4300,41312400,268.9303
2025-11-11,269.8100,275.9100,269.8000,275.2500,46208300,274.7396
2025-11-12,275.0000,275.7300,271.7000,273.4700,48398000,272.9629
2025-11-13,274.1100,276.7000,272.0900,272.9500,49602800,272.4438
2025-11-14,271.0500,275.9600,269.6000,272.4100,47431300,271.9048
2025-11-17,268.8200,270.4900,265.7300,267.4600,45018300,266.9640
2025-11-18,269.9900,270.7100,265.3200,267.4400,45677300,266.9440
2025-11-19,265.5300,272.2100,265.5000,268.5600,40424500,268.0620
2025-11-20,270.8300,275.4300,265.9200,266.2500,45823600,265.7563
2025-11-21,265.9500,273.3300,265.6700,271.4900,59030800,270.9865
2025-11-24,270.9000,277.0000,270.9000,275.9200,65585800,275.4084
2025-11-25,275.2700,280.3800,275.2500,276.9700,46914200,276.4564
2025-11-26,276.9600,279.5300,276.6300,277.5500,33431400,277.0353
2025-11-28,277.2600,279.0000,275.9900,278.8500,20135600,278.3329
2025-12-01,278.0100,283.4200,276.1400,283.1000,46587700,282.5750
2025-12-02,283.0000,287.4000,282.6300,286.1900,53669500,285.6593
2025-12-03,286.2000,288.6200,283.3000,284.1500,43538700,283.6230
2025-12-04,284.1000,284.7300,278.5900,280.7000,43989100,280.1794
2025-12-05,280.5400,281.1400,278.0500,278.7800,47265800,278.2630
2025-12-08,278.1300,279.6700,276.1500,277.8900,38211800,277.3747
2025-12-09,278.1600,280.0300,276.9200,277.1800,32193300,276.6660
2025-12-10,277.7500,279.7500,276.4400,278.7800,33038300,278.2630
2025-12-11,279.1000,279.5900,273.8100,278.0300,33248000,277.5144
2025-12-12,277.9000,279.2200,276.8200,278.2800,39532900,277.7639
2025-12-15,280.1500,280.1500,272.8400,274.1100,50409100,273.6017
2025-12-16,272.8200,275.5000,271.7900,274.6100,37648600,274.1007
2025-12-17,275.0100,276.1600,271.6400,271.8400,50138700,271.3359
2025-12-18,273.6100,273.6300,266.9500,272.1900,51630700,271.6852
2025-12-19,272.1500,274.6000,269.9000,273.6700,144632000,273.1625
2025-12-22,272.8600,273.8800,270.5100,270.9700,36571800,270.4675
2025-12-23,270.8400,272.5000,269.5600,272.3600,29642000,271.8549
2025-12-24,272.3400,275.4300,272.2000,273.8100,17910600,273.3022
2025-12-26,274.1600,275.3700,272.8600,273.4000,21521800,272.8930
2025-12-29,272.6900,274.3600,272.3500,273.7600,23715200,273.2523
2025-12-30,272.8100,274.0800,272.2800,273.0800,22139600,272.5735
2025-12-31,273.0600,273.6800,271.7500,271.8600,27293600,271.3558
2026-01-02,272.2600,277.8400,269.0000,271.0100,37838100,270.5074
2026-01-05,270.6400,271.5100,266.1400,267.2600,45647200,266.7644
2026-01-06,267.0000,267.5500,262.1200,262.3600,52352100,261.8735
2026-01-07,263.2000,263.6800,259.8100,260.3300,48309800,259.8472
2026-01-08,257.0200,259.2900,255.7000,259.0400,50419300,258.5596
2026-01-09,259.0800,260.2100,256.2200,259.3700,39997000,258.8890
2026-01-12,259.1600,261.3000,256.8000,260.2500,45263800,259.7674
2026-01-13,258.7200,261.8100,258.3900,261.0500,45730800,260.5659
2026-01-14,259.4900,261.8200,256.7100,259.9600,40019400,259.4779
2026-01-15,260.6500,261.0400,257.0500,258.2100,39388600,257.7312
2026-01-16,257.9000,258.9000,254.9300,255.5300,72142800,255.0561
2026-01-20,252.7300,254.7900,243.4200,246.7000,80267500,246.2425
2026-01-21,248.7000,251.5600,245.1800,247.6500,54641700,247.1908
2026-01-22,249.2000,251.0000,248.1500,248.3500,39708300,247.8895
2026-01-23,247.3200,249.4100,244.6800,248.0400,41689000,247.5800
2026-01-26,251.4800,256.5600,249.8000,255.4100,55969200,254.9364
2026-01-27,259.1700,261.9500,258.2100,258.2700,49648300,257.7910
2026-01-28,257.6500,258.8600,254.5100,256.4400,41288000,255.9644
2026-01-29,258.0000,259.6500,254.4100,258.2800,67253000,257.8010
2026-01-30,255.1700,261.9000,252.1800,259.4800,92443400,258.9988
2026-02-02,260.0300,270.4900,259.2100,270.0100,73913400,269.5093
2026-02-03,269.2000,271.8800,267.6100,269.4800,64394700,268.9803
2026-02-04,272.2900,278.9500,272.2900,276.4900,90545700,275.9772
2026-02-05,278.1300,279.5000,273.2300,275.9100,52977400,275.3983
2026-02-06,277.1200,280.9100,276.9300,278.1200,50453400,277.6042
2026-02-09,277.9100,278.2000,271.7000,274.6200,44623400,274.3672
2026-02-10,274.8900,275.3700,272.9400,273.6800,34376900,273.4281
2026-02-11,274.7000,280.1800,274.4500,275.5000,51931300,275.2464
2026-02-12,275.5900,275.7200,260.1800,261.7300,81077200,261.4891
2026-02-13,262.0100,262.2300,255.4500,255.7800,56290700,255.5446
2026-02-17,258.0500,266.2900,255.5400,263.8800,58469100,263.6371
2026-02-18,263.6000,266.8200,262.4500,264.3500,34203300,264.1067
2026-02-19,262.6000,264.4800,260.0500,260.5800,30845300,260.3401
2026-02-20,258.9700,264.7500,258.1600,264.5800,42070500,264.3365
2026-02-23,263.4900,269.4300,263.3800,266.1800,37308200,265.9350
2026-02-24,267.8600,274.8900,267.7100,272.1400,47014600,271.8895
2026-02-25,271.7800,274.9400,271.0500,274.2300,33714300,273.9776
2026-02-26,274.9500,276.1100,270.8000,272.9500,32345100,272.6988
2026-02-27,272.8100,272.8100,262.8900,264.1800,72366500,263.9368
2026-03-02,262.4100,266.5300,260.2000,264.7200,41827900,264.4763
2026-03-03,263.4800,265.5600,260.1300,263.7500,38568900,263.5072
2026-03-04,264.6500,266.1500,261.4200,262.5200,39803100,262.2784
2026-03-05,260.7900,261.5600,257.2500,260.2900,49658600,260.0504
2026-03-06,258.6300,258.7700,254.3700,257.4600,41120000,257.2230
2026-03-09,255.6900,261.1500,253.6800,259.8800,38218500,259.6408
2026-03-10,257.6500,262.4800,256.9500,260.8300,30590800,260.5899
2026-03-11,261.0900,262.1300,259.5500,260.8100,26218900,260.5699
2026-03-12,258.6600,258.9500,254.1800,255.7600,40794000,255.5246
2026-03-13,255.4800,256.3300,249.5200,250.1200,36930000,249.8898
2026-03-16,252.1100,253.8900,249.8800,252.8200,32074200,252.5873
2026-03-17,252.9600,255.1300,252.1800,254.2300,32361600,253.9960
2026-03-18,252.6300,254.9400,249.0000,249.9400,35757900,249.7099
2026-03-19,249.4000,251.8300,247.3000,248.9600,34864100,248.7309
2026-03-20,247.9800,249.2000,246.0000,247.9900,88331100,247.7617
2026-03-23,253.9700,254.6000,250.2800,251.4900,40546100,251.2585
2026-03-24,250.3500,254.8300,249.5500,251.6400,45152300,251.4084
2026-03-25,254.1000,255.0000,251.6000,252.6200,28476700,252.3875
2026-03-26,252.1200,257.0000,250.7700,252.8900,41796700,252.6572
2026-03-27,253.9000,255.4900,248.0700,248.8000,47900000,248.5710
2026-03-30,250.0700,250.8700,245.5100,246.6300,39446200,246.4030
2026-03-31,247.9100,255.4800,247.1000,253.7900,49598100,253.5564
2026-04-01,254.0800,256.1800,253.3300,255.6300,40059400,255.3947
2026-04-02,254.2000,256.1300,250.6500,255.9200,31289400,255.6844
2026-04-06,256.5100,262.1600,256.4600,258.8600,29329900,258.6217
2026-04-07,256.1600,256.2000,245.7000,253.5000,62148000,253.2667
2026-04-08,258.4500,259.7500,256.5300,258.9000,41032800,258.6617
2026-04-09,259.0000,261.1200,256.0700,260.4900,28121600,260.2502
2026-04-10,259.9800,262.1900,259.0200,260.4800,31291500,260.2402
2026-04-13,259.7300,260.1800,256.6600,259.2000,36234700,258.9614
2026-04-14,259.2500,261.9300,257.1900,258.8300,48370700,258.5917
2026-04-15,258.1600,266.5600,257.8100,266.4300,49913500,266.1848
2026-04-16,266.8000,267.1600,261.2700,263.4000,43323100,263.1575
2026-04-17,266.9600,272.3000,266.7200,270.2300,61436200,269.9813
2026-04-20,270.3300,274.2800,270.2900,273.0500,36590200,272.7986
2026-04-21,271.5000,272.8000,265.4000,266.1700,50209800,265.9250
2026-04-22,267.8200,273.7400,266.8700,273.1700,43249200,272.9186
2026-04-23,275.0500,275.7700,271.6500,273.4300,33399600,273.1783
2026-04-24,272.7600,273.0600,269.6500,271.0600,38157100,270.8105
2026-04-27,266.0900,268.3600,265.0700,267.6100,41466800,267.3636
2026-04-28,272.3400,273.2300,268.6600,270.7100,40018900,270.4608
2026-04-29,267.5500,271.0400,267.0400,270.1700,30047900,269.9213
2026-04-30,270.5000,276.0000,268.1400,271.3500,91848200,271.1003
2026-05-01,278.8600,287.2200,278.3700,280.1400,79915400,279.8821
2026-05-04,279.6600,280.6300,274.8600,276.8300,46668400,276.5752
2026-05-05,276.9300,284.5700,276.5000,284.1800,49311700,283.9184
2026-05-06,281.9200,288.0300,281.0700,287.5100,58336100,287.2454
2026-05-07,289.2700,292.1300,285.7800,287.4400,45224300,287.1754
2026-05-08,290.0100,294.7600,290.0000,293.3200,52692800,293.0500
2026-05-11,291.9800,293.8800,290.2300,292.6800,42247300,292.6800
2026-05-12,292.5600,295.2700,292.5600,294.8000,45748100,294.8000
2026-05-13,293.5000,300.9200,293.5000,298.8700,52684300,298.8700
2026-05-14,299.8200,300.4500,295.3800,298.2100,35324900,298.2100
2026-05-15,297.9000,303.2000,296.5200,300.2300,54862800,300.2300
2026-05-18,300.2400,300.6600,294.9100,297.8400,34483000,297.8400
2026-05-19,296.9700,300.5100,296.3500,298.9700,42243600,298.9700
2026-05-20,298.1800,302.8000,298.0800,302.2500,38229800,302.2500
2026-05-21,301.0600,305.5400,300.4000,304.9900,42965100,304.9900
2026-05-22,306.1200,311.4000,305.8400,308.8200,43670200,308.8200
2026-05-26,309.5600,311.8200,307.6700,308.3300,48000500,308.3300
2026-05-27,308.3300,313.2600,308.3000,310.8500,50430900,310.8500
2026-05-28,310.6800,312.8000,309.5700,312.5100,48220400,312.5100
2026-05-29,311.7800,315.0000,309.5300,312.0600,70026800,312.0600
2026-06-01,309.6300,310.9400,305.0200,306.3100,48849900,306.3100
2026-06-02,307.4600,315.4500,306.6900,315.2000,44534700,315.2000
2026-06-03,314.1800,316.9400,308.8500,310.2600,50836700,310.2600
2026-06-04,313.2300,313.5400,309.6500,311.2300,44869100,311.2300
2026-06-05,312.8600,315.1700,307.1500,307.3400,65310500,307.3400
2026-06-08,308.7400,317.4000,301.1700,301.5400,77949100,301.5400
2026-06-09,300.2800,300.7500,287.7800,290.5500,70108800,290.5500
2026-06-10,290.7400,294.7500,287.3800,291.5800,52793300,291.5800
2026-06-11,293.7200,297.0000,289.5900,295.6300,42572500,295.6300
2026-06-12,296.0300,297.1400,289.6200,291.1300,38742100,291.1300
2026-06-15,294.1200,297.7800,291.7000,296.4200,45732600,296.4200
2026-06-16,295.2500,300.4800,293.9700,299.2400,39874400,299.2400
2026-06-17,300.8500,302.0700,294.3600,295.9500,42745100,295.9500
2026-06-18,298.1100,300.5700,295.6200,298.0100,85962200,298.0100
2026-06-22,297.3100,302.4200,296.7600,297.0100,44879900,297.0100
2026-06-23,297.5400,301.6400,294.1800,294.3000,52010900,294.3000
2026-06-24,295.3600,299.7000,292.9400,293.0800,53081900,293.0800
2026-06-25,287.4000,288.8000,273.7500,275.1500,107013700,275.1500
2026-06-26,275.0000,285.9500,274.2100,283.7800,261775500,283.7800
2026-06-29,286.7300,288.3700,279.8500,281.7400,66427000,281.7400
2026-06-30,281.1700,289.9400,280.7000,289.3600,65100200,289.3600
2026-07-01,293.4400,296.5900,289.2000,294.3800,50164200,294.3800
2026-07-02,294.1200,309.4200,293.6800,308.6300,75352800,308.6300
2026-07-06,307.3600,314.2000,307.0000,312.6600,53590000,312.6600
2026-07-07,315.2900,315.4800,310.1500,310.6600,42490000,310.6600
2026-07-08,311.9100,314.8200,307.0500,313.3900,41323500,313.3900
2026-07-09,310.5100,316.5300,308.1600,316.2200,48124500,316.2200
2026-07-10,314.7200,316.9100,312.1700,315.3200,34132300,315.3200
2026-07-13,317.0200,323.4500,315.7800,317.3100,43257800,317.3100
2026-07-14,313.7600,316.1900,311.9100,314.8600,36336800,314.8600
2026-07-15,317.6200,328.7300,317.3200,327.5000,60957600,327.5000
2026-07-16,328.0100,334.6800,326.7900,333.2600,62970600,333.2600
2026-07-17,331.9800,334.9900,329.0000,333.7400,63407100,333.7400
2026-07-20,333.5100,333.7100,323.6800,326.5900,53468000,326.5900
2026-07-21,323.1300,329.6000,322.2200,327.7400,41338900,327.7400
2026-07-22,327.8700,329.0000,323.3400,325.8900,38755900,325.8900
2026-07-23,321.7300,323.3000,319.3500,321.6600,40840800,321.6600
2026-07-24,321.7900,334.3700,321.6200,333.0200,47489400,333.0200
2026-07-27,334.5400,339.5700,334.0200,336.9100,49604300,336.9100
2026-07-28,340.0300,342.8900,335.6000,340.0800,51859000,340.0800
2026-07-29,339.7300,344.5700,337.3500,338.1900,56090800,338.1900
2026-07-30,333.1000,334.7500,329.5900,333.4300,74817800,333.4300
2026-07-31,304.8100,310.6900,300.0000,308.9100,132275300,308.9100
