date,open,high,low,close,volume,adj_close
2000-08-30,273.9000,273.9000,273.9000,273.9000,0,273.9000
2000-08-31,274.8000,278.3000,274.8000,278.3000,0,278.3000
2000-09-01,277.0000,277.0000,277.0000,277.0000,0,277.0000
2000-09-05,275.8000,275.8000,275.8000,275.8000,2,275.8000
2000-09-06,274.2000,274.2000,274.2000,274.2000,0,274.2000
2000-09-07,274.0000,274.0000,274.0000,274.0000,125,274.0000
2000-09-08,273.3000,273.3000,273.3000,273.3000,0,273.3000
2000-09-11,273.1000,273.1000,273.1000,273.1000,0,273.1000
2000-09-12,272.9000,272.9000,272.9000,272.9000,0,272.9000
2000-09-13,272.8000,272.8000,272.8000,272.8000,0,272.8000
2000-09-14,272.4000,272.4000,272.4000,272.4000,0,272.4000
2000-09-15,272.3000,272.3000,272.3000,272.3000,0,272.3000
2000-09-18,271.4000,271.4000,271.4000,271.4000,0,271.4000
2000-09-19,271.9000,271.9000,271.9000,271.9000,0,271.9000
2000-09-20,269.0000,269.0000,269.0000,269.0000,0,269.0000
2000-09-21,270.3000,270.3000,270.3000,270.3000,0,270.3000
2000-09-22,271.8000,271.8000,271.8000,271.8000,0,271.8000
2000-09-25,274.1000,274.1000,274.1000,274.1000,0,274.1000
2000-09-26,273.9000,273.9000,273.9000,273.9000,0,273.9000
2000-09-27,278.4000,278.4000,278.4000,278.4000,3511,278.4000
2000-09-28,277.5000,277.5000,275.1000,275.6000,631,275.6000
2000-09-29,274.6000,274.6000,272.0000,273.6000,22,273.6000
2000-10-02,272.8000,273.5000,272.5000,273.1000,161,273.1000
2000-10-03,272.1000,272.8000,271.5000,271.6000,25,271.6000
2000-10-04,270.5000,271.0000,270.1000,270.3000,11,270.3000
2000-10-05,270.3000,270.6000,270.0000,270.6000,6,270.6000
2000-10-06,269.8000,270.2000,269.3000,269.3000,2,269.3000
2000-10-09,269.1000,270.1000,269.1000,270.1000,4,270.1000
2000-10-10,272.4000,272.4000,272.4000,272.4000,13,272.4000
2000-10-11,272.5000,273.5000,270.5000,270.5000,18,270.5000
2000-10-12,274.0000,276.4000,274.0000,276.4000,3,276.4000
2000-10-13,274.2000,274.2000,272.4000,272.4000,0,272.4000
2000-10-16,271.5000,271.5000,271.5000,271.5000,5,271.5000
2000-10-17,271.1000,271.1000,271.1000,271.1000,0,271.1000
2000-10-18,270.3000,270.3000,270.3000,270.3000,0,270.3000
2000-10-19,270.1000,270.1000,270.1000,270.1000,1,270.1000
2000-10-20,271.2000,271.2000,271.2000,271.2000,32,271.2000
2000-10-23,271.7000,271.7000,270.1000,270.1000,1,270.1000
2000-10-24,269.8000,270.1000,269.8000,270.1000,16,270.1000
2000-10-25,266.2000,267.1000,266.0000,266.2000,20,266.2000
2000-10-26,266.0000,267.0000,264.9000,264.9000,0,264.9000
2000-10-27,265.5000,265.5000,264.4000,264.4000,1,264.4000
2000-10-30,264.3000,264.3000,264.3000,264.3000,2,264.3000
2000-10-31,264.5000,265.0000,264.5000,264.9000,0,264.9000
2000-11-01,263.9000,263.9000,263.9000,263.9000,0,263.9000
2000-11-02,264.4000,264.4000,264.4000,264.4000,0,264.4000
2000-11-03,264.6000,264.6000,264.6000,264.6000,0,264.6000
2000-11-06,264.5000,264.5000,264.5000,264.5000,0,264.5000
2000-11-07,264.3000,264.3000,264.3000,264.3000,0,264.3000
2000-11-08,265.0000,265.0000,265.0000,265.0000,0,265.0000
2000-11-09,265.8000,265.8000,265.8000,265.8000,0,265.8000
2000-11-10,264.5000,264.5000,264.5000,264.5000,0,264.5000
2000-11-13,264.3000,264.3000,264.3000,264.3000,100,264.3000
2000-11-14,264.9000,264.9000,264.9000,264.9000,0,264.9000
2000-11-15,265.1000,265.1000,265.1000,265.1000,0,265.1000
2000-11-16,265.8000,265.8000,265.8000,265.8000,3,265.8000
2000-11-17,265.2000,265.7000,265.2000,265.7000,7,265.7000
2000-11-20,266.3000,266.3000,266.3000,266.3000,0,266.3000
2000-11-21,265.7000,265.7000,265.7000,265.7000,0,265.7000
2000-11-22,266.3000,266.3000,266.3000,266.3000,0,266.3000
2000-11-27,270.1000,270.1000,270.1000,270.1000,0,270.1000
2000-11-28,269.8000,269.8000,269.8000,269.8000,28696,269.8000
2000-11-29,269.6000,270.1000,265.8000,266.4000,2849,266.4000
2000-11-30,266.4000,270.2000,266.2000,270.1000,810,270.1000
2000-12-01,269.7000,272.0000,268.5000,268.7000,332,268.7000
2000-12-04,271.0000,272.0000,270.0000,270.7000,137,270.7000
2000-12-05,270.9000,271.0000,269.9000,270.4000,407,270.4000
2000-12-06,271.0000,274.3000,270.6000,274.3000,81,274.3000
2000-12-07,274.3000,276.0000,272.6000,273.2000,36,273.2000
2000-12-08,272.7000,273.0000,272.2000,272.2000,120,272.2000
2000-12-11,270.7000,270.7000,269.2000,270.2000,15,270.2000
2000-12-12,270.3000,270.3000,269.5000,270.3000,62,270.3000
2000-12-13,270.0000,270.0000,268.1000,268.6000,30,268.6000
2000-12-14,268.6000,269.0000,268.0000,269.0000,31,269.0000
2000-12-15,269.2000,270.4000,269.2000,270.4000,63,270.4000
2000-12-18,270.0000,270.0000,269.7000,269.7000,17,269.7000
2000-12-19,269.7000,269.7000,269.0000,269.7000,203,269.7000
2000-12-20,272.5000,272.5000,272.0000,272.5000,5,272.5000
2000-12-21,273.0000,273.7000,273.0000,273.7000,110,273.7000
2000-12-22,273.7000,274.0000,273.7000,273.7000,13,273.7000
2000-12-26,273.2000,274.8000,273.2000,274.1000,0,274.1000
2000-12-27,274.5000,275.2000,274.5000,275.2000,1,275.2000
2000-12-28,273.2000,273.2000,271.7000,271.7000,1,271.7000
2000-12-29,272.0000,272.0000,272.0000,272.0000,0,272.0000
2001-01-02,268.4000,268.4000,268.4000,268.4000,0,268.4000
2001-01-03,268.0000,268.0000,268.0000,268.0000,1,268.0000
2001-01-04,267.3000,267.3000,267.3000,267.3000,1,267.3000
2001-01-05,268.0000,268.0000,268.0000,268.0000,0,268.0000
2001-01-08,268.0000,268.0000,268.0000,268.0000,0,268.0000
2001-01-09,267.5000,267.5000,267.5000,267.5000,0,267.5000
2001-01-10,264.7000,264.7000,264.7000,264.7000,0,264.7000
2001-01-11,264.0000,264.0000,264.0000,264.0000,0,264.0000
2001-01-12,263.9000,263.9000,263.9000,263.9000,0,263.9000
2001-01-16,263.3000,263.3000,263.3000,263.3000,0,263.3000
2001-01-17,263.2000,263.2000,263.2000,263.2000,0,263.2000
2001-01-18,264.2000,264.2000,264.2000,264.2000,0,264.2000
2001-01-19,264.3000,264.3000,264.3000,264.3000,0,264.3000
2001-01-22,266.4000,266.4000,266.4000,266.4000,0,266.4000
2001-01-23,266.1000,266.1000,266.1000,266.1000,0,266.1000
2001-01-24,264.3000,264.3000,264.3000,264.3000,0,264.3000
2001-01-25,264.5000,264.5000,264.5000,264.5000,0,264.5000
2001-01-26,262.8000,262.8000,262.8000,262.8000,0,262.8000
2001-01-29,262.8000,262.8000,262.8000,262.8000,15489,262.8000
2001-01-30,262.9000,266.6000,262.9000,265.5000,1754,265.5000
2001-01-31,265.2000,266.0000,263.7000,265.6000,566,265.6000
2001-02-01,266.3000,268.9000,266.3000,268.5000,410,268.5000
2001-02-02,268.0000,268.2000,266.5000,267.1000,107,267.1000
2001-02-05,265.1000,265.8000,265.1000,265.2000,192,265.2000
2001-02-06,263.9000,263.9000,261.8000,263.3000,25,263.3000
2001-02-07,262.8000,263.5000,262.4000,262.8000,166,262.8000
2001-02-08,263.5000,263.5000,259.8000,260.1000,13,260.1000
2001-02-09,260.5000,260.5000,259.0000,259.9000,0,259.9000
2001-02-12,262.5000,262.5000,260.1000,260.7000,17,260.7000
2001-02-13,261.0000,261.0000,261.0000,260.3000,0,260.3000
2001-02-14,260.0000,260.0000,259.4000,259.4000,30,259.4000
2001-02-15,259.5000,259.5000,255.1000,255.1000,23,255.1000
2001-02-16,255.0000,258.5000,255.0000,258.2000,2,258.2000
2001-02-20,256.1000,256.1000,255.0000,256.1000,24,256.1000
2001-02-21,256.7000,258.2000,256.6000,258.2000,40,258.2000
2001-02-22,258.5000,258.5000,257.5000,258.5000,16,258.5000
2001-02-23,260.0000,260.9000,259.6000,260.9000,0,260.9000
2001-02-26,262.0000,265.8000,261.5000,265.8000,1,265.8000
2001-02-27,267.0000,267.4000,267.0000,267.4000,0,267.4000
2001-02-28,266.8000,266.8000,266.8000,266.8000,0,266.8000
2001-03-01,265.2000,265.2000,265.2000,265.2000,0,265.2000
2001-03-02,262.1000,262.1000,262.1000,262.1000,0,262.1000
2001-03-05,262.5000,262.5000,262.5000,262.5000,11,262.5000
2001-03-06,260.0000,260.0000,259.9000,259.9000,20,259.9000
2001-03-07,259.0000,261.4000,259.0000,261.4000,0,261.4000
2001-03-08,265.4000,265.4000,265.4000,265.4000,0,265.4000
2001-03-09,270.8000,270.8000,270.8000,270.8000,0,270.8000
2001-03-12,271.6000,271.6000,271.6000,271.6000,8,271.6000
2001-03-13,266.8000,266.8000,266.8000,266.8000,0,266.8000
2001-03-14,262.5000,262.5000,262.5000,262.5000,0,262.5000
2001-03-15,260.0000,260.0000,260.0000,260.0000,2,260.0000
2001-03-16,257.0000,258.1000,257.0000,258.1000,0,258.1000
2001-03-19,259.8000,259.8000,259.8000,259.8000,0,259.8000
2001-03-20,260.5000,260.5000,260.5000,260.5000,0,260.5000
2001-03-21,261.9000,261.9000,261.9000,261.9000,0,261.9000
2001-03-22,261.1000,261.1000,261.1000,261.1000,1,261.1000
2001-03-23,261.5000,261.5000,261.5000,261.5000,0,261.5000
2001-03-26,261.9000,261.9000,261.9000,261.9000,0,261.9000
2001-03-27,261.0000,261.0000,261.0000,261.0000,0,261.0000
2001-03-28,259.7000,259.7000,259.7000,259.7000,22994,259.7000
2001-03-29,259.7000,260.4000,258.2000,258.8000,5646,258.8000
2001-03-30,258.8000,259.3000,256.6000,257.9000,2479,257.9000
2001-04-02,257.2000,257.8000,255.0000,255.6000,456,255.6000
2001-04-03,255.5000,258.6000,255.5000,256.8000,326,256.8000
2001-04-04,258.3000,260.5000,258.0000,258.4000,175,258.4000
2001-04-05,259.1000,259.1000,257.7000,258.1000,150,258.1000
2001-04-06,259.5000,260.2000,257.8000,260.0000,86,260.0000
2001-04-09,260.5000,260.5000,258.0000,258.3000,28,258.3000
2001-04-10,258.3000,258.3000,256.6000,257.3000,31,257.3000
2001-04-11,257.7000,260.0000,256.5000,258.7000,95,258.7000
2001-04-12,260.1000,261.0000,259.0000,260.1000,20,260.1000
2001-04-16,260.5000,263.8000,260.3000,263.3000,71,263.3000
2001-04-17,260.5000,262.4000,260.5000,261.1000,38,261.1000
2001-04-18,260.0000,262.3000,259.5000,261.3000,0,261.3000
2001-04-19,263.0000,265.3000,262.3000,265.3000,101,265.3000
2001-04-20,264.7000,265.0000,263.5000,264.8000,16,264.8000
2001-04-23,263.6000,263.7000,262.6000,263.7000,69,263.7000
2001-04-24,265.0000,265.0000,264.0000,264.1000,64,264.1000
2001-04-25,263.5000,264.4000,262.0000,262.4000,0,262.4000
2001-04-26,264.4000,264.4000,263.5000,264.4000,1,264.4000
2001-04-27,263.9000,263.9000,263.9000,263.9000,6,263.9000
2001-04-30,264.0000,264.0000,264.0000,264.0000,0,264.0000
2001-05-01,264.4000,264.4000,264.4000,264.4000,0,264.4000
2001-05-02,265.4000,265.4000,265.4000,265.4000,0,265.4000
2001-05-03,266.3000,266.3000,266.3000,266.3000,0,266.3000
2001-05-04,266.1000,266.1000,266.1000,266.1000,0,266.1000
2001-05-07,266.1000,266.1000,266.1000,266.1000,0,266.1000
2001-05-08,265.1000,265.1000,265.1000,265.1000,0,265.1000
2001-05-09,270.0000,270.0000,270.0000,270.0000,0,270.0000
2001-05-10,269.1000,269.1000,269.1000,269.1000,0,269.1000
2001-05-11,267.9000,267.9000,267.9000,267.9000,0,267.9000
2001-05-14,268.3000,268.3000,268.3000,268.3000,0,268.3000
2001-05-15,268.1000,268.1000,268.1000,268.1000,0,268.1000
2001-05-16,272.0000,272.0000,272.0000,272.0000,0,272.0000
2001-05-17,273.6000,273.6000,273.6000,273.6000,0,273.6000
2001-05-18,287.4000,287.4000,287.4000,287.4000,0,287.4000
2001-05-21,285.4000,285.4000,285.4000,285.4000,0,285.4000
2001-05-22,285.1000,285.1000,285.1000,285.1000,0,285.1000
2001-05-23,283.6000,283.6000,283.6000,283.6000,6,283.6000
2001-05-24,279.1000,279.1000,279.1000,279.1000,6,279.1000
2001-05-25,277.9000,277.9000,277.9000,277.9000,0,277.9000
2001-05-29,273.8000,273.8000,273.8000,273.8000,28775,273.8000
2001-05-30,274.4000,275.0000,264.2000,265.7000,2955,265.7000
2001-05-31,265.1000,268.1000,264.8000,265.3000,1108,265.3000
2001-06-01,264.7000,266.9000,264.5000,266.4000,251,266.4000
2001-06-04,266.9000,266.9000,264.5000,264.9000,122,264.9000
2001-06-05,265.0000,265.9000,264.5000,265.7000,126,265.7000
2001-06-06,266.7000,267.0000,265.2000,265.7000,112,265.7000
2001-06-07,266.3000,266.5000,265.0000,266.0000,119,266.0000
2001-06-08,266.2000,274.2000,266.2000,273.4000,166,273.4000
2001-06-11,271.1000,271.2000,266.5000,267.9000,131,267.9000
2001-06-12,270.0000,271.5000,269.0000,271.5000,91,271.5000
2001-06-13,271.9000,272.5000,270.0000,272.0000,38,272.0000
2001-06-14,272.0000,276.0000,272.0000,275.3000,76,275.3000
2001-06-15,274.3000,274.7000,271.2000,271.2000,20,271.2000
2001-06-18,272.0000,272.5000,271.3000,272.4000,31,272.4000
2001-06-19,273.0000,273.4000,273.0000,273.4000,21,273.4000
2001-06-20,272.7000,272.7000,271.0000,272.4000,26,272.4000
2001-06-21,271.8000,272.6000,271.8000,272.6000,12,272.6000
2001-06-22,273.6000,273.6000,272.0000,272.3000,0,272.3000
2001-06-25,275.0000,275.0000,273.7000,273.7000,8,273.7000
2001-06-26,274.0000,277.0000,274.0000,276.2000,0,276.2000
2001-06-27,275.7000,275.7000,272.1000,272.1000,0,272.1000
2001-06-28,269.3000,269.3000,269.3000,269.3000,0,269.3000
2001-06-29,270.6000,270.6000,270.6000,270.6000,0,270.6000
2001-07-02,269.4000,269.4000,269.4000,269.4000,0,269.4000
2001-07-03,267.6000,267.6000,267.6000,267.6000,1,267.6000
2001-07-05,265.1000,265.1000,263.7000,265.1000,1,265.1000
2001-07-06,265.9000,265.9000,265.9000,265.9000,70,265.9000
2001-07-09,266.5000,266.5000,266.5000,266.5000,0,266.5000
2001-07-10,266.2000,266.2000,266.2000,266.2000,5,266.2000
2001-07-11,268.3000,268.3000,268.3000,268.3000,0,268.3000
2001-07-12,266.6000,266.6000,266.6000,266.6000,0,266.6000
2001-07-13,267.1000,267.1000,267.1000,267.1000,0,267.1000
2001-07-16,266.9000,266.9000,266.9000,266.9000,0,266.9000
2001-07-17,268.1000,268.1000,268.1000,268.1000,5,268.1000
2001-07-18,270.4000,270.4000,270.4000,270.4000,0,270.4000
2001-07-19,269.4000,269.4000,269.4000,269.4000,5,269.4000
2001-07-20,269.9000,269.9000,269.9000,269.9000,0,269.9000
2001-07-23,268.8000,268.8000,268.8000,268.8000,0,268.8000
2001-07-24,269.7000,269.7000,269.7000,269.7000,0,269.7000
2001-07-25,267.7000,267.7000,267.7000,267.7000,0,267.7000
2001-07-26,266.2000,266.2000,266.2000,266.2000,0,266.2000
2001-07-27,267.4000,267.4000,267.4000,267.4000,17975,267.4000
2001-07-30,267.3000,267.5000,264.1000,264.6000,1912,264.6000
2001-07-31,264.8000,266.5000,264.4000,266.2000,348,266.2000
2001-08-01,266.2000,268.1000,265.8000,267.4000,284,267.4000
2001-08-02,267.0000,268.0000,266.1000,267.4000,136,267.4000
2001-08-03,267.0000,268.5000,266.5000,267.9000,234,267.9000
2001-08-06,267.8000,267.8000,267.0000,267.1000,156,267.1000
2001-08-07,267.0000,267.2000,265.9000,267.2000,291,267.2000
2001-08-08,266.1000,268.0000,265.9000,267.9000,436,267.9000
2001-08-09,268.0000,274.0000,268.0000,273.4000,107,273.4000
2001-08-10,273.4000,275.8000,273.0000,273.9000,3,273.9000
2001-08-13,275.2000,275.7000,275.2000,275.7000,8,275.7000
2001-08-14,274.8000,276.3000,273.2000,276.3000,10,276.3000
2001-08-15,275.0000,276.0000,275.0000,275.7000,2,275.7000
2001-08-16,275.0000,275.2000,275.0000,275.2000,6,275.2000
2001-08-17,277.6000,279.3000,277.2000,279.3000,26,279.3000
2001-08-20,277.2000,277.2000,276.1000,276.1000,1,276.1000
2001-08-21,275.0000,275.0000,275.0000,275.0000,2,275.0000
2001-08-22,274.9000,274.9000,274.9000,274.9000,0,274.9000
2001-08-23,275.3000,275.3000,275.3000,275.3000,0,275.3000
2001-08-24,272.5000,272.5000,272.5000,272.5000,59,272.5000
2001-08-27,272.5000,272.6000,272.4000,272.6000,56,272.6000
2001-08-28,272.3000,272.3000,272.3000,272.3000,0,272.3000
2001-08-29,274.2000,274.2000,273.7000,273.7000,0,273.7000
2001-08-30,275.4000,275.4000,275.4000,275.4000,0,275.4000
2001-08-31,274.4000,274.4000,274.4000,274.4000,0,274.4000
2001-09-04,271.6000,271.6000,271.6000,271.6000,0,271.6000
2001-09-05,272.0000,272.0000,272.0000,272.0000,0,272.0000
2001-09-06,273.0000,273.0000,273.0000,273.0000,0,273.0000
2001-09-07,273.1000,273.1000,273.0000,273.1000,0,273.1000
2001-09-10,271.6000,271.6000,271.6000,271.6000,0,271.6000
2001-09-14,290.2000,290.2000,290.2000,290.2000,0,290.2000
2001-09-17,289.8000,289.8000,289.8000,289.8000,0,289.8000
2001-09-18,288.1000,288.1000,288.1000,288.1000,0,288.1000
2001-09-19,291.5000,291.5000,291.5000,291.5000,1,291.5000
2001-09-20,289.5000,289.5000,289.0000,289.0000,1,289.0000
2001-09-21,291.9000,291.9000,291.9000,291.9000,0,291.9000
2001-09-24,289.8000,289.8000,289.7000,289.7000,0,289.7000
2001-09-25,290.5000,290.5000,290.5000,290.5000,0,290.5000
2001-09-26,293.3000,293.3000,293.3000,293.3000,1010,293.3000
2001-09-27,293.5000,293.5000,289.0000,291.7000,942,291.7000
2001-09-28,290.7000,294.0000,290.7000,292.4000,1183,292.4000
2001-10-01,291.8000,292.9000,290.5000,292.2000,91,292.2000
2001-10-02,292.1000,292.1000,289.9000,289.9000,157,289.9000
2001-10-03,291.0000,291.2000,290.1000,290.5000,84,290.5000
2001-10-04,290.0000,292.0000,290.0000,290.5000,20,290.5000
2001-10-05,291.5000,292.5000,291.4000,291.4000,10,291.4000
2001-10-08,292.0000,292.5000,292.0000,292.4000,10,292.4000
2001-10-09,292.7000,292.7000,288.9000,288.9000,17,288.9000
2001-10-10,287.5000,287.5000,284.0000,285.7000,71,285.7000
2001-10-11,283.5000,283.5000,280.5000,281.8000,140,281.8000
2001-10-12,282.2000,284.9000,282.2000,284.9000,27,284.9000
2001-10-15,282.7000,282.7000,282.1000,282.1000,51,282.1000
2001-10-16,282.2000,282.8000,281.7000,282.3000,140,282.3000
2001-10-17,282.2000,283.4000,282.2000,283.4000,7,283.4000
2001-10-18,282.5000,282.5000,279.2000,279.2000,7,279.2000
2001-10-19,279.5000,280.1000,279.0000,280.1000,4,280.1000
2001-10-22,275.5000,275.5000,275.5000,275.5000,4,275.5000
2001-10-23,277.0000,277.0000,276.1000,276.1000,42,276.1000
2001-10-24,275.9000,275.9000,275.9000,275.9000,1,275.9000
2001-10-25,277.8000,277.8000,277.8000,277.8000,1,277.8000
2001-10-26,277.9000,277.9000,277.9000,277.9000,1,277.9000
2001-10-29,278.5000,279.1000,278.5000,279.1000,6,279.1000
2001-10-30,281.2000,281.2000,279.5000,280.6000,2,280.6000
2001-10-31,279.5000,280.5000,279.5000,279.5000,0,279.5000
2001-11-01,279.7000,279.7000,279.7000,279.7000,0,279.7000
2001-11-02,279.8000,279.8000,279.8000,279.8000,0,279.8000
2001-11-05,278.5000,278.5000,278.5000,278.5000,0,278.5000
2001-11-06,279.7000,279.7000,279.7000,279.7000,90,279.7000
2001-11-07,280.5000,281.0000,280.5000,281.0000,5,281.0000
2001-11-08,278.0000,278.0000,276.8000,276.8000,1,276.8000
2001-11-09,277.2000,277.4000,277.2000,277.4000,0,277.4000
2001-11-12,278.3000,278.3000,278.3000,278.3000,4,278.3000
2001-11-13,277.8000,277.8000,277.8000,277.8000,0,277.8000
2001-11-14,277.8000,277.8000,277.8000,277.8000,0,277.8000
2001-11-15,275.1000,275.1000,275.1000,275.1000,0,275.1000
2001-11-16,274.7000,274.7000,274.7000,274.7000,0,274.7000
2001-11-19,272.7000,272.7000,272.7000,272.7000,0,272.7000
2001-11-20,273.0000,273.0000,273.0000,273.0000,0,273.0000
2001-11-21,272.9000,272.9000,272.9000,272.9000,0,272.9000
2001-11-26,272.3000,272.3000,272.3000,272.3000,0,272.3000
2001-11-27,273.2000,273.2000,273.2000,273.2000,0,273.2000
2001-11-28,274.1000,274.1000,274.1000,274.1000,22395,274.1000
2001-11-29,274.1000,275.4000,273.0000,273.5000,4710,273.5000
2001-11-30,273.2000,275.5000,272.6000,273.9000,744,273.9000
2001-12-03,273.5000,277.5000,273.5000,276.9000,389,276.9000
2001-12-04,276.9000,277.2000,275.0000,275.4000,214,275.4000
2001-12-05,275.3000,275.6000,273.0000,273.7000,198,273.7000
2001-12-06,274.2000,274.3000,273.1000,274.2000,73,274.2000
2001-12-07,274.1000,274.4000,273.3000,273.9000,478,273.9000
2001-12-10,272.5000,273.2000,271.2000,272.2000,357,272.2000
2001-12-11,272.5000,272.5000,271.5000,272.2000,79,272.2000
2001-12-12,272.7000,273.8000,272.5000,273.8000,57,273.8000
2001-12-13,274.0000,274.4000,273.5000,273.9000,44,273.9000
2001-12-14,275.0000,278.5000,275.0000,278.0000,51,278.0000
2001-12-17,278.2000,278.2000,277.0000,277.7000,17,277.7000
2001-12-18,280.4000,281.3000,278.3000,280.4000,119,280.4000
2001-12-19,280.0000,280.0000,275.5000,275.5000,18,275.5000
2001-12-20,276.5000,276.5000,276.0000,276.0000,18,276.0000
2001-12-21,276.0000,278.6000,276.0000,278.0000,39,278.0000
2001-12-26,278.3000,280.9000,278.3000,279.7000,0,279.7000
2001-12-27,278.0000,278.5000,277.2000,277.4000,2,277.4000
2001-12-28,276.5000,276.5000,276.5000,276.5000,2,276.5000
2001-12-31,276.8000,278.7000,276.8000,278.7000,2,278.7000
2002-01-02,278.9000,278.9000,278.9000,278.9000,2,278.9000
2002-01-03,278.2000,278.2000,278.2000,278.2000,2,278.2000
2002-01-04,278.9000,278.9000,278.9000,278.9000,2,278.9000
2002-01-07,278.6000,279.0000,278.6000,278.6000,1,278.6000
2002-01-08,278.9000,278.9000,278.9000,278.9000,1,278.9000
2002-01-09,283.4000,283.4000,283.4000,283.4000,1,283.4000
2002-01-10,287.1000,287.1000,287.1000,287.1000,2,287.1000
2002-01-11,287.4000,287.4000,287.4000,287.4000,2,287.4000
2002-01-14,285.4000,285.4000,285.4000,285.4000,2,285.4000
2002-01-15,284.4000,284.4000,284.4000,284.4000,2,284.4000
2002-01-16,287.3000,287.3000,287.3000,287.3000,2,287.3000
2002-01-17,284.4000,284.4000,284.4000,284.4000,2,284.4000
2002-01-18,283.1000,283.1000,283.1000,283.1000,2,283.1000
2002-01-22,281.5000,281.5000,281.5000,281.5000,2,281.5000
2002-01-23,278.6000,278.6000,278.6000,278.6000,2,278.6000
2002-01-24,278.1000,278.1000,278.1000,278.1000,2,278.1000
2002-01-25,278.8000,278.8000,278.8000,278.8000,2,278.8000
2002-01-28,278.3000,278.3000,278.3000,278.3000,2,278.3000
2002-01-29,281.4000,281.4000,281.4000,281.4000,23818,281.4000
2002-01-30,281.9000,283.2000,280.5000,281.9000,3680,281.9000
2002-01-31,281.0000,282.8000,280.8000,282.1000,1082,282.1000
2002-02-01,282.3000,287.5000,282.2000,286.0000,536,286.0000
2002-02-04,286.0000,290.0000,285.4000,289.3000,336,289.3000
2002-02-05,290.0000,298.2000,290.0000,298.2000,1043,298.2000
2002-02-06,297.3000,308.0000,296.2000,297.5000,239,297.5000
2002-02-07,297.2000,301.5000,296.2000,299.7000,264,299.7000
2002-02-08,304.5000,307.4000,302.8000,303.5000,187,303.5000
2002-02-11,303.5000,303.5000,297.5000,300.1000,362,300.1000
2002-02-12,299.0000,300.7000,297.0000,300.7000,454,300.7000
2002-02-13,300.5000,300.7000,296.7000,299.4000,229,299.4000
2002-02-14,300.0000,300.5000,299.4000,299.7000,20,299.7000
2002-02-15,300.5000,301.6000,298.4000,298.4000,62,298.4000
2002-02-19,297.0000,297.3000,293.2000,293.2000,35,293.2000
2002-02-20,294.1000,294.2000,290.8000,292.3000,24,292.3000
2002-02-21,291.8000,293.4000,291.8000,293.2000,13,293.2000
2002-02-22,293.2000,293.2000,292.5000,293.2000,151,293.2000
2002-02-25,292.7000,293.0000,291.5000,292.7000,0,292.7000
2002-02-26,294.0000,298.0000,293.2000,298.0000,4,298.0000
2002-02-27,295.3000,296.3000,295.3000,296.3000,5,296.3000
2002-02-28,296.0000,296.7000,296.0000,296.7000,0,296.7000
2002-03-01,298.0000,298.0000,298.0000,298.0000,0,298.0000
2002-03-04,296.7000,296.7000,296.7000,296.7000,5,296.7000
2002-03-05,298.0000,298.0000,294.0000,294.0000,0,294.0000
2002-03-06,293.5000,293.5000,293.4000,293.5000,0,293.5000
2002-03-07,290.1000,290.1000,290.1000,290.1000,76,290.1000
2002-03-08,290.1000,290.1000,290.1000,290.1000,0,290.1000
2002-03-11,291.1000,291.1000,291.1000,291.1000,44,291.1000
2002-03-12,293.6000,293.6000,293.6000,293.6000,0,293.6000
2002-03-13,293.6000,293.6000,293.6000,293.6000,0,293.6000
2002-03-14,291.0000,291.0000,291.0000,291.0000,0,291.0000
2002-03-15,289.9000,289.9000,289.9000,289.9000,0,289.9000
2002-03-18,292.1000,292.1000,292.1000,292.1000,0,292.1000
2002-03-19,292.8000,292.8000,292.8000,292.8000,0,292.8000
2002-03-20,292.1000,292.1000,292.1000,292.1000,6,292.1000
2002-03-21,292.8000,292.8000,292.8000,292.8000,0,292.8000
2002-03-22,297.3000,297.3000,297.3000,297.3000,0,297.3000
2002-03-25,297.4000,297.4000,297.4000,297.4000,0,297.4000
2002-03-26,296.6000,296.6000,296.6000,296.6000,24896,296.6000
2002-03-27,296.8000,303.1000,296.3000,302.2000,4104,302.2000
2002-03-28,302.8000,304.5000,300.5000,302.6000,334,302.6000
2002-04-01,302.6000,303.2000,300.7000,303.2000,436,303.2000
2002-04-02,303.0000,306.8000,302.5000,305.9000,276,305.9000
2002-04-03,306.0000,306.0000,302.0000,302.6000,251,302.6000
2002-04-04,302.6000,302.6000,299.0000,301.1000,86,301.1000
2002-04-05,300.7000,302.5000,298.7000,300.1000,97,300.1000
2002-04-08,299.0000,301.5000,299.0000,300.5000,133,300.5000
2002-04-09,300.0000,300.0000,298.5000,298.8000,66,298.8000
2002-04-10,298.0000,302.5000,297.7000,301.7000,42,301.7000
2002-04-11,301.7000,303.2000,301.5000,302.2000,108,302.2000
2002-04-12,301.5000,302.1000,300.5000,302.1000,118,302.1000
2002-04-15,303.3000,303.3000,299.9000,300.0000,132,300.0000
2002-04-16,299.2000,299.2000,297.5000,298.8000,39,298.8000
2002-04-17,298.8000,303.3000,298.8000,302.1000,11,302.1000
2002-04-18,303.6000,306.0000,303.6000,304.5000,68,304.5000
2002-04-19,302.5000,302.5000,301.9000,302.3000,30,302.3000
2002-04-22,304.1000,304.1000,303.0000,303.0000,40,303.0000
2002-04-23,302.9000,304.0000,302.8000,304.0000,120,304.0000
2002-04-24,305.0000,305.7000,304.3000,304.3000,173,304.3000
2002-04-25,305.4000,309.3000,305.4000,308.1000,0,308.1000
2002-04-26,308.4000,312.5000,306.5000,311.6000,0,311.6000
2002-04-29,311.2000,311.2000,311.2000,311.2000,0,311.2000
2002-04-30,308.9000,308.9000,308.9000,308.9000,0,308.9000
2002-05-01,309.1000,309.1000,309.1000,309.1000,0,309.1000
2002-05-02,308.3000,308.3000,308.3000,308.3000,0,308.3000
2002-05-03,312.2000,312.2000,312.2000,312.2000,0,312.2000
2002-05-06,311.2000,311.2000,311.2000,311.2000,0,311.2000
2002-05-07,311.6000,311.6000,311.6000,311.6000,0,311.6000
2002-05-08,308.2000,308.2000,308.2000,308.2000,2,308.2000
2002-05-09,307.5000,309.5000,307.5000,309.5000,0,309.5000
2002-05-10,311.0000,311.0000,311.0000,311.0000,0,311.0000
2002-05-13,311.0000,311.0000,310.6000,310.6000,7,310.6000
2002-05-14,307.5000,307.5000,306.8000,307.3000,0,307.3000
2002-05-15,308.7000,308.7000,308.7000,308.7000,0,308.7000
2002-05-16,309.8000,309.8000,309.8000,309.8000,0,309.8000
2002-05-17,310.6000,310.6000,310.6000,310.6000,0,310.6000
2002-05-20,315.7000,315.7000,315.7000,315.7000,0,315.7000
2002-05-21,315.8000,315.8000,315.8000,315.8000,0,315.8000
2002-05-22,318.0000,318.0000,318.0000,318.0000,0,318.0000
2002-05-23,322.5000,322.5000,322.5000,322.5000,0,322.5000
2002-05-24,320.4000,320.4000,320.4000,320.4000,0,320.4000
2002-05-28,323.9000,323.9000,323.9000,323.9000,0,323.9000
2002-05-29,325.4000,325.4000,325.4000,325.4000,22051,325.4000
2002-05-30,325.4000,326.7000,323.5000,325.5000,6764,325.5000
2002-05-31,325.0000,329.0000,324.2000,326.5000,919,326.5000
2002-06-03,326.6000,328.5000,325.0000,326.7000,1866,326.7000
2002-06-04,327.0000,330.3000,327.0000,327.8000,996,327.8000
2002-06-05,327.3000,327.3000,320.1000,321.2000,190,321.2000
2002-06-06,321.1000,326.0000,321.1000,324.9000,422,324.9000
2002-06-07,325.5000,327.5000,323.9000,324.6000,237,324.6000
2002-06-10,323.0000,323.9000,318.0000,318.7000,171,318.7000
2002-06-11,319.3000,319.7000,316.0000,319.7000,602,319.7000
2002-06-12,319.6000,322.3000,318.8000,320.3000,71,320.3000
2002-06-13,320.1000,320.1000,317.0000,317.7000,67,317.7000
2002-06-14,321.2000,321.5000,319.1000,319.1000,43,319.1000
2002-06-17,318.0000,318.8000,317.3000,317.4000,329,317.4000
2002-06-18,317.0000,319.2000,317.0000,319.2000,19,319.2000
2002-06-19,320.2000,320.6000,319.8000,319.8000,116,319.8000
2002-06-20,321.3000,324.5000,321.3000,323.2000,52,323.2000
2002-06-21,322.9000,325.2000,322.2000,324.6000,329,324.6000
2002-06-24,326.5000,327.3000,324.0000,324.3000,294,324.3000
2002-06-25,323.7000,323.7000,318.0000,320.2000,0,320.2000
2002-06-26,322.1000,324.0000,320.5000,320.5000,13,320.5000
2002-06-27,320.3000,320.3000,319.2000,319.2000,0,319.2000
2002-06-28,313.5000,313.5000,313.5000,313.5000,0,313.5000
2002-07-01,314.0000,314.0000,314.0000,314.0000,20,314.0000
2002-07-02,315.0000,315.3000,312.8000,312.8000,0,312.8000
2002-07-03,311.0000,311.0000,310.9000,310.9000,2,310.9000
2002-07-08,313.3000,313.3000,312.1000,312.1000,10,312.1000
2002-07-09,313.4000,316.1000,312.6000,316.1000,0,316.1000
2002-07-10,314.7000,314.7000,314.7000,314.7000,0,314.7000
2002-07-11,317.2000,317.2000,317.2000,317.2000,0,317.2000
2002-07-12,315.6000,315.6000,315.6000,315.6000,2,315.6000
2002-07-15,320.5000,320.5000,319.0000,319.6000,18,319.6000
2002-07-16,318.2000,318.2000,317.2000,317.2000,0,317.2000
2002-07-17,317.4000,317.4000,317.4000,317.4000,24,317.4000
2002-07-18,317.0000,317.0000,317.0000,317.0000,29,317.0000
2002-07-19,323.9000,323.9000,323.9000,323.9000,403,323.9000
2002-07-22,323.6000,323.6000,323.6000,323.6000,0,323.6000
2002-07-23,312.7000,312.7000,312.7000,312.7000,0,312.7000
2002-07-24,311.5000,311.5000,311.5000,311.5000,0,311.5000
2002-07-25,309.8000,309.8000,309.8000,309.8000,3,309.8000
2002-07-26,303.4000,303.4000,303.4000,303.4000,0,303.4000
2002-07-29,302.5000,302.5000,300.8000,302.5000,23830,302.5000
2002-07-30,301.5000,305.2000,301.5000,303.7000,3224,303.7000
2002-07-31,303.7000,305.3000,301.8000,303.2000,965,303.2000
2002-08-01,303.2000,304.8000,298.0000,304.0000,217,304.0000
2002-08-02,303.6000,307.9000,303.6000,307.0000,392,307.0000
2002-08-05,307.5000,309.6000,306.5000,307.8000,139,307.8000
2002-08-06,307.5000,307.5000,304.8000,305.5000,52,305.5000
2002-08-07,308.0000,315.5000,307.9000,314.3000,177,314.3000
2002-08-08,314.6000,314.6000,310.3000,310.4000,86,310.4000
2002-08-09,310.0000,315.0000,310.0000,314.2000,29,314.2000
2002-08-12,313.8000,318.0000,313.8000,314.1000,8,314.1000
2002-08-13,313.6000,315.0000,313.6000,314.2000,68,314.2000
2002-08-14,317.0000,317.0000,311.0000,311.8000,152,311.8000
2002-08-15,311.6000,316.5000,311.1000,314.3000,132,314.3000
2002-08-16,313.1000,315.0000,312.2000,313.7000,725,313.7000
2002-08-19,313.1000,313.1000,305.5000,306.0000,118,306.0000
2002-08-20,307.4000,308.7000,306.2000,308.7000,219,308.7000
2002-08-21,307.5000,308.0000,306.0000,307.6000,105,307.6000
2002-08-22,305.8000,306.6000,304.9000,306.6000,378,306.6000
2002-08-23,305.5000,306.7000,305.2000,306.7000,53,306.7000
2002-08-26,310.5000,310.5000,309.4000,309.4000,153,309.4000
2002-08-27,308.5000,312.9000,308.5000,312.3000,0,312.3000
2002-08-28,311.9000,312.5000,309.4000,309.4000,17,309.4000
2002-08-29,312.0000,312.9000,312.0000,312.9000,0,312.9000
2002-08-30,312.4000,312.4000,312.4000,312.4000,36,312.4000
2002-09-03,312.5000,313.4000,312.5000,313.4000,0,313.4000
2002-09-04,314.9000,314.9000,314.9000,314.9000,0,314.9000
2002-09-05,318.2000,318.2000,318.2000,318.2000,7,318.2000
2002-09-06,320.0000,320.0000,319.9000,319.9000,0,319.9000
2002-09-09,321.3000,321.3000,321.3000,321.3000,0,321.3000
2002-09-10,317.9000,317.9000,317.9000,317.9000,0,317.9000
2002-09-11,316.6000,316.6000,316.6000,316.6000,0,316.6000
2002-09-12,318.9000,318.9000,318.9000,318.9000,0,318.9000
2002-09-13,319.0000,319.0000,316.6000,316.6000,0,316.6000
2002-09-16,317.1000,317.1000,317.1000,317.1000,0,317.1000
2002-09-17,317.0000,317.0000,317.0000,317.0000,0,317.0000
2002-09-18,320.6000,320.6000,320.6000,320.6000,0,320.6000
2002-09-19,322.6000,322.6000,322.6000,322.6000,0,322.6000
2002-09-20,321.9000,321.9000,321.9000,321.9000,7,321.9000
2002-09-23,323.0000,323.0000,323.0000,323.0000,0,323.0000
2002-09-24,325.9000,325.9000,325.9000,325.9000,0,325.9000
2002-09-25,322.2000,322.2000,322.2000,322.2000,0,322.2000
2002-09-26,320.3000,320.3000,320.3000,320.3000,3485,320.3000
2002-09-27,319.6000,321.2000,319.0000,319.7000,858,319.7000
2002-09-30,320.7000,324.2000,320.4000,323.9000,43,323.9000
2002-10-01,322.0000,322.0000,320.9000,320.9000,2837,320.9000
2002-10-02,319.6000,321.5000,319.6000,321.5000,41,321.5000
2002-10-03,321.0000,322.9000,321.0000,321.1000,9,321.1000
2002-10-04,321.4000,322.1000,321.4000,322.1000,117,322.1000
2002-10-07,322.0000,322.2000,321.9000,321.9000,12,321.9000
2002-10-08,319.0000,319.7000,318.2000,318.2000,5,318.2000
2002-10-09,318.2000,319.6000,318.2000,319.6000,35,319.6000
2002-10-10,319.0000,319.3000,316.5000,316.5000,10,316.5000
2002-10-11,316.7000,317.0000,316.3000,316.3000,18,316.3000
2002-10-14,318.0000,318.0000,317.8000,317.8000,6,317.8000
2002-10-15,315.5000,315.5000,312.6000,312.6000,31,312.6000
2002-10-16,314.5000,314.5000,314.0000,314.0000,539,314.0000
2002-10-17,314.0000,314.0000,311.5000,311.6000,17,311.6000
2002-10-18,312.2000,313.2000,311.8000,312.7000,17,312.7000
2002-10-21,310.9000,313.0000,310.9000,310.9000,12,310.9000
2002-10-22,313.3000,313.3000,312.3000,313.0000,12,313.0000
2002-10-23,313.3000,313.3000,312.0000,312.0000,80,312.0000
2002-10-24,311.7000,311.7000,309.8000,310.7000,10,310.7000
2002-10-25,314.0000,314.0000,312.8000,313.4000,26,313.4000
2002-10-28,314.0000,315.2000,314.0000,315.2000,0,315.2000
2002-10-29,317.7000,317.7000,316.0000,317.7000,13,317.7000
2002-10-30,316.5000,316.5000,316.0000,316.5000,2,316.5000
2002-10-31,318.0000,318.0000,318.0000,318.0000,0,318.0000
2002-11-01,318.8000,318.8000,318.8000,318.8000,0,318.8000
2002-11-04,318.3000,318.3000,318.3000,318.3000,0,318.3000
2002-11-05,318.2000,318.2000,318.2000,318.2000,0,318.2000
2002-11-06,317.5000,317.5000,317.5000,317.5000,0,317.5000
2002-11-07,320.5000,320.5000,320.5000,320.5000,2,320.5000
2002-11-08,321.5000,321.5000,321.3000,321.3000,0,321.3000
2002-11-11,321.2000,321.2000,321.2000,321.2000,0,321.2000
2002-11-12,324.5000,324.5000,324.5000,324.5000,4,324.5000
2002-11-13,318.7000,318.7000,317.5000,318.7000,0,318.7000
2002-11-14,318.8000,318.8000,317.9000,317.9000,0,317.9000
2002-11-15,320.7000,320.7000,320.7000,320.7000,0,320.7000
2002-11-18,319.2000,319.2000,319.2000,319.2000,0,319.2000
2002-11-19,318.6000,318.6000,318.6000,318.6000,0,318.6000
2002-11-20,317.4000,317.4000,317.4000,317.4000,0,317.4000
2002-11-21,317.4000,317.4000,317.4000,317.4000,2,317.4000
2002-11-22,317.4000,320.7000,317.2000,320.7000,4,320.7000
2002-11-25,316.5000,317.8000,316.5000,317.8000,50896,317.8000
2002-11-26,318.1000,318.9000,317.1000,317.7000,0,317.7000
2002-11-27,318.0000,318.5000,316.7000,316.8000,3643,316.8000
2002-12-02,318.1000,318.5000,315.5000,317.6000,750,317.6000
2002-12-03,317.4000,321.2000,317.1000,320.2000,628,320.2000
2002-12-04,319.8000,323.0000,319.8000,322.2000,395,322.2000
2002-12-05,321.7000,324.8000,321.0000,324.8000,859,324.8000
2002-12-06,324.3000,328.0000,324.3000,326.3000,134,326.3000
2002-12-09,325.7000,326.6000,324.8000,325.8000,124,325.8000
2002-12-10,326.0000,326.2000,323.0000,323.5000,274,323.5000
2002-12-11,323.2000,325.0000,323.2000,324.8000,224,324.8000
2002-12-12,333.0000,333.0000,326.5000,331.4000,234,331.4000
2002-12-13,331.0000,336.0000,330.3000,333.2000,64,333.2000
2002-12-16,334.0000,337.0000,332.5000,337.0000,175,337.0000
2002-12-17,337.5000,342.0000,336.5000,337.4000,27,337.4000
2002-12-18,337.3000,342.5000,337.0000,342.1000,84,342.1000
2002-12-19,344.4000,349.2000,342.5000,345.9000,48,345.9000
2002-12-20,346.0000,346.0000,340.0000,340.5000,57,340.5000
2002-12-23,344.5000,345.1000,342.0000,345.1000,227,345.1000
2002-12-24,346.1000,347.7000,346.0000,346.8000,43,346.8000
2002-12-26,346.0000,350.4000,346.0000,348.9000,0,348.9000
2002-12-27,348.8000,350.5000,347.2000,349.2000,95,349.2000
2002-12-30,350.4000,350.4000,343.4000,343.4000,11,343.4000
2002-12-31,343.6000,347.6000,341.0000,347.6000,0,347.6000
2003-01-02,346.1000,346.1000,346.1000,346.1000,3,346.1000
2003-01-03,345.2000,351.2000,345.2000,351.2000,0,351.2000
2003-01-06,351.7000,351.7000,351.1000,351.7000,2,351.7000
2003-01-07,349.3000,349.3000,347.3000,347.3000,4,347.3000
2003-01-08,346.8000,353.9000,346.3000,353.9000,0,353.9000
2003-01-09,353.3000,353.3000,353.3000,353.3000,2,353.3000
2003-01-10,354.2000,354.5000,354.2000,354.5000,1,354.5000
2003-01-13,352.0000,354.7000,352.0000,354.7000,0,354.7000
2003-01-14,352.0000,352.0000,352.0000,352.0000,1,352.0000
2003-01-15,350.0000,350.7000,350.0000,350.7000,0,350.7000
2003-01-16,357.7000,357.7000,357.7000,357.7000,0,357.7000
2003-01-17,356.6000,356.6000,356.6000,356.6000,0,356.6000
2003-01-21,357.3000,357.3000,356.2000,357.3000,20,357.3000
2003-01-22,360.5000,360.5000,359.0000,359.7000,0,359.7000
2003-01-23,364.5000,364.5000,364.5000,364.5000,1,364.5000
2003-01-24,368.2000,368.2000,367.0000,368.2000,44,368.2000
2003-01-27,371.0000,372.0000,369.4000,369.4000,28,369.4000
2003-01-28,369.0000,370.0000,369.0000,370.0000,0,370.0000
2003-01-29,366.3000,366.3000,366.3000,366.3000,834,366.3000
2003-01-30,366.0000,370.0000,362.6000,368.6000,6537,368.6000
2003-01-31,368.8000,371.5000,367.0000,368.3000,821,368.3000
2003-02-03,368.0000,372.0000,368.0000,370.8000,1358,370.8000
2003-02-04,371.4000,379.5000,371.2000,379.0000,833,379.0000
2003-02-05,379.0000,388.9000,374.0000,376.4000,730,376.4000
2003-02-06,370.0000,377.0000,368.4000,370.1000,179,370.1000
2003-02-07,370.5000,374.5000,367.5000,369.9000,572,369.9000
2003-02-10,370.4000,372.0000,363.7000,363.7000,611,363.7000
2003-02-11,363.2000,365.4000,361.8000,362.5000,801,362.5000
2003-02-12,363.8000,364.6000,352.6000,352.6000,221,352.6000
2003-02-13,352.4000,359.0000,349.0000,357.4000,207,357.4000
2003-02-14,354.9000,357.6000,349.9000,351.9000,518,351.9000
2003-02-18,347.8000,348.0000,342.0000,344.2000,319,344.2000
2003-02-19,344.0000,350.0000,344.0000,349.9000,160,349.9000
2003-02-20,351.7000,355.0000,350.0000,353.1000,202,353.1000
2003-02-21,352.5000,353.8000,351.8000,351.8000,83,351.8000
2003-02-24,353.9000,358.0000,353.0000,356.3000,115,356.3000
2003-02-25,357.4000,359.0000,352.0000,352.3000,0,352.3000
2003-02-26,353.0000,356.0000,351.5000,354.0000,3,354.0000
2003-02-27,346.1000,346.1000,346.1000,346.1000,0,346.1000
2003-02-28,350.2000,350.2000,350.2000,350.2000,16,350.2000
2003-03-03,349.2000,349.2000,349.2000,349.2000,0,349.2000
2003-03-04,353.2000,353.2000,353.2000,353.2000,0,353.2000
2003-03-05,353.1000,353.1000,353.1000,353.1000,0,353.1000
2003-03-06,356.8000,356.8000,356.8000,356.8000,0,356.8000
2003-03-07,350.8000,350.8000,350.8000,350.8000,0,350.8000
2003-03-10,354.7000,354.7000,354.7000,354.7000,0,354.7000
2003-03-11,350.5000,350.5000,350.5000,350.5000,0,350.5000
2003-03-12,346.5000,346.5000,346.5000,346.5000,1,346.5000
2003-03-13,342.7000,342.7000,335.9000,335.9000,1,335.9000
2003-03-14,336.5000,336.5000,336.5000,336.5000,4,336.5000
2003-03-17,343.0000,343.0000,337.1000,337.1000,24,337.1000
2003-03-18,336.0000,340.1000,336.0000,337.6000,5,337.6000
2003-03-19,336.1000,336.1000,336.1000,336.1000,0,336.1000
2003-03-20,332.9000,332.9000,332.9000,332.9000,0,332.9000
2003-03-21,326.0000,326.0000,326.0000,326.0000,0,326.0000
2003-03-24,329.5000,329.5000,329.5000,329.5000,5,329.5000
2003-03-25,328.4000,328.4000,328.4000,328.4000,13,328.4000
2003-03-26,330.3000,330.3000,330.3000,330.3000,0,330.3000
2003-03-27,328.7000,328.7000,328.7000,328.7000,0,328.7000
2003-03-28,331.5000,331.5000,328.7000,328.7000,4021,328.7000
2003-03-31,331.6000,336.4000,331.6000,335.9000,2026,335.9000
2003-04-01,336.0000,338.4000,333.8000,334.3000,434,334.3000
2003-04-02,334.4000,335.7000,327.5000,329.6000,293,329.6000
2003-04-03,329.7000,329.7000,323.2000,324.9000,636,324.9000
2003-04-04,324.7000,325.5000,323.0000,325.3000,154,325.3000
2003-04-07,321.0000,323.5000,319.3000,321.5000,55,321.5000
2003-04-08,322.3000,323.9000,321.5000,322.2000,860,322.2000
2003-04-09,323.0000,327.0000,322.0000,325.6000,163,325.6000
2003-04-10,327.0000,327.3000,324.4000,326.7000,45,326.7000
2003-04-11,326.5000,327.9000,323.4000,327.9000,139,327.9000
2003-04-14,325.6000,326.0000,324.2000,324.2000,25,324.2000
2003-04-15,324.5000,325.9000,322.5000,324.9000,149,324.9000
2003-04-16,325.5000,325.8000,323.5000,325.8000,0,325.8000
2003-04-17,326.0000,328.3000,326.0000,327.2000,16,327.2000
2003-04-21,329.7000,333.5000,329.5000,333.5000,0,333.5000
2003-04-22,333.5000,336.5000,333.2000,334.4000,22,334.4000
2003-04-23,334.3000,334.7000,331.5000,331.5000,77,331.5000
2003-04-24,332.6000,335.2000,331.8000,334.8000,21,334.8000
2003-04-25,333.4000,334.5000,333.3000,333.4000,0,333.4000
2003-04-28,335.0000,335.0000,334.5000,334.5000,1,334.5000
2003-04-29,333.0000,333.0000,333.0000,333.7000,1,333.7000
2003-04-30,337.0000,337.0000,337.0000,339.1000,6,339.1000
2003-05-01,339.0000,339.0000,339.0000,342.1000,1,342.1000
2003-05-02,342.1000,342.2000,342.2000,341.0000,1,341.0000
2003-05-05,342.3000,342.3000,342.3000,342.3000,1,342.3000
2003-05-06,342.5000,342.5000,342.5000,342.5000,5,342.5000
2003-05-07,342.1000,342.1000,342.1000,341.9000,5,341.9000
2003-05-08,344.6000,344.6000,344.6000,348.4000,6,348.4000
2003-05-09,348.3000,348.2000,348.2000,348.6000,1,348.6000
2003-05-12,351.6000,351.6000,351.6000,351.6000,1,351.6000
2003-05-13,350.0000,350.0000,350.0000,350.0000,1,350.0000
2003-05-14,350.1000,350.1000,350.1000,352.3000,1,352.3000
2003-05-15,352.6000,352.6000,352.6000,352.6000,1,352.6000
2003-05-16,352.6000,352.7000,352.7000,354.7000,1,354.7000
2003-05-19,364.2000,364.2000,364.2000,364.2000,1,364.2000
2003-05-20,366.3000,366.3000,366.3000,366.3000,1,366.3000
2003-05-21,366.4000,366.4000,366.4000,372.0000,1,372.0000
2003-05-22,368.1000,368.1000,368.1000,368.1000,1,368.1000
2003-05-23,368.8000,368.8000,368.8000,368.8000,1,368.8000
2003-05-27,367.8000,367.8000,367.8000,367.8000,68840,367.8000
2003-05-28,367.0000,367.3000,358.6000,365.2000,57228,365.2000
2003-05-29,365.1000,370.0000,360.2000,369.6000,33180,369.6000
2003-05-30,368.6000,369.6000,360.5000,364.5000,4747,364.5000
2003-06-02,360.0000,367.0000,360.0000,366.0000,1955,366.0000
2003-06-03,365.0000,366.9000,363.0000,365.2000,987,365.2000
2003-06-04,366.1000,366.1000,361.5000,362.6000,452,362.6000
2003-06-05,361.8000,370.0000,360.9000,368.6000,1831,368.6000
2003-06-06,368.1000,368.1000,362.0000,363.7000,942,363.7000
2003-06-09,362.8000,366.1000,361.2000,361.8000,453,361.8000
2003-06-10,359.5000,362.3000,351.5000,352.2000,1371,352.2000
2003-06-11,352.2000,356.1000,352.2000,355.5000,558,355.5000
2003-06-12,354.5000,355.6000,351.0000,353.3000,114,353.3000
2003-06-13,353.7000,357.0000,352.3000,356.6000,82,356.6000
2003-06-16,359.1000,359.3000,356.5000,359.0000,560,359.0000
2003-06-17,359.9000,365.0000,359.9000,363.2000,146,363.2000
2003-06-18,360.7000,361.0000,356.8000,357.2000,67,357.2000
2003-06-19,356.0000,363.0000,356.0000,361.3000,29,361.3000
2003-06-20,362.3000,362.3000,356.0000,356.3000,93,356.3000
2003-06-23,355.9000,357.3000,351.5000,353.0000,178,353.0000
2003-06-24,354.0000,354.0000,346.3000,346.3000,83,346.3000
2003-06-25,348.1000,349.9000,347.7000,349.3000,514,349.3000
2003-06-26,346.5000,345.5000,343.4000,343.9000,1,343.9000
2003-06-27,345.2000,345.2000,345.2000,345.2000,3,345.2000
2003-06-30,345.3000,345.3000,345.3000,346.0000,3,346.0000
2003-07-01,351.4000,351.4000,351.4000,351.4000,3,351.4000
2003-07-02,351.4000,351.4000,351.4000,351.3000,3,351.3000
2003-07-03,351.0000,351.0000,351.0000,351.0000,3,351.0000
2003-07-07,351.0000,351.0000,351.0000,348.1000,3,348.1000
2003-07-08,344.1000,344.1000,344.1000,344.1000,3,344.1000
2003-07-09,343.6000,343.6000,343.6000,343.6000,3,343.6000
2003-07-10,343.6000,343.6000,343.6000,344.3000,3,344.3000
2003-07-11,344.0000,344.0000,344.0000,344.8000,1,344.8000
2003-07-14,344.5000,346.9000,346.9000,347.7000,120,347.7000
2003-07-15,347.7000,347.7000,347.7000,342.1000,120,342.1000
2003-07-16,342.1000,342.1000,342.1000,343.1000,100,343.1000
2003-07-17,343.1000,343.1000,343.1000,344.2000,100,344.2000
2003-07-18,343.5000,344.3000,344.3000,347.2000,100,347.2000
2003-07-21,350.9000,350.9000,350.9000,350.9000,100,350.9000
2003-07-22,350.9000,350.9000,350.9000,350.6000,100,350.6000
2003-07-23,350.6000,350.6000,350.6000,358.6000,100,358.6000
2003-07-24,358.6000,358.7000,358.7000,362.2000,100,362.2000
2003-07-25,362.7000,362.7000,362.7000,362.7000,100,362.7000
2003-07-28,362.7000,362.7000,362.7000,364.8000,100,364.8000
2003-07-29,364.7000,364.8000,364.8000,361.7000,48032,361.7000
2003-07-30,361.1000,362.0000,354.5000,356.2000,34582,356.2000
2003-07-31,354.7000,357.5000,353.0000,354.0000,2554,354.0000
2003-08-01,354.1000,355.1000,346.0000,346.1000,2275,346.1000
2003-08-04,346.5000,350.8000,346.3000,349.2000,1783,349.2000
2003-08-05,349.1000,349.8000,348.2000,349.6000,102,349.6000
2003-08-06,352.0000,352.2000,349.0000,350.8000,384,350.8000
2003-08-07,351.0000,353.4000,350.1000,352.5000,407,352.5000
2003-08-08,354.0000,357.5000,352.0000,356.3000,151,356.3000
2003-08-11,359.6000,361.0000,358.7000,361.7000,45,361.7000
2003-08-12,359.6000,359.6000,358.1000,358.5000,25,358.5000
2003-08-13,357.2000,363.8000,357.2000,362.1000,15,362.1000
2003-08-14,363.8000,366.0000,363.0000,366.0000,15,366.0000
2003-08-15,366.0000,366.0000,363.5000,363.2000,25,363.2000
2003-08-18,360.0000,360.0000,358.0000,358.4000,21,358.4000
2003-08-19,357.0000,361.3000,357.0000,361.6000,91,361.6000
2003-08-20,361.1000,367.0000,361.1000,365.6000,86,365.6000
2003-08-21,364.6000,364.6000,362.7000,360.6000,49,360.6000
2003-08-22,362.0000,363.5000,362.0000,363.1000,37,363.1000
2003-08-25,364.0000,364.0000,361.0000,361.3000,26,361.3000
2003-08-26,361.5000,366.5000,361.0000,365.8000,187,365.8000
2003-08-27,365.9000,375.0000,370.5000,373.5000,6,373.5000
2003-08-28,369.0000,369.0000,369.0000,370.5000,7,370.5000
2003-08-29,375.0000,375.0000,375.0000,375.7000,6,375.7000
2003-09-02,375.0000,375.0000,375.0000,373.2000,8,373.2000
2003-09-03,373.9000,373.9000,373.9000,373.9000,8,373.9000
2003-09-04,372.9000,372.9000,372.9000,372.9000,8,372.9000
2003-09-05,377.6000,377.6000,377.6000,377.6000,8,377.6000
2003-09-08,375.1000,375.1000,375.1000,375.1000,8,375.1000
2003-09-09,381.7000,381.7000,381.7000,381.7000,8,381.7000
2003-09-10,380.0000,380.0000,380.0000,380.0000,8,380.0000
2003-09-11,378.0000,378.0000,378.0000,379.7000,1,379.7000
2003-09-12,375.8000,375.8000,375.8000,375.8000,1,375.8000
2003-09-15,375.4000,375.4000,375.4000,374.5000,1,374.5000
2003-09-16,373.5000,373.5000,373.5000,373.5000,1,373.5000
2003-09-17,376.2000,376.2000,376.2000,376.2000,1,376.2000
2003-09-18,376.6000,376.6000,376.6000,376.6000,1,376.6000
2003-09-19,381.8000,381.8000,381.8000,381.8000,1,381.8000
2003-09-22,387.2000,387.2000,387.2000,387.2000,1,387.2000
2003-09-23,385.9000,385.9000,385.9000,385.9000,1,385.9000
2003-09-24,387.5000,387.5000,387.5000,387.5000,1,387.5000
2003-09-25,385.0000,385.0000,385.0000,385.0000,1,385.0000
2003-09-26,380.8000,380.8000,380.8000,380.8000,7322,380.8000
2003-09-29,381.0000,385.0000,380.1000,382.4000,5080,382.4000
2003-09-30,382.3000,388.7000,382.3000,385.4000,3738,385.4000
2003-10-01,385.5000,386.3000,383.0000,384.3000,83,384.3000
2003-10-02,385.1000,385.1000,380.5000,383.1000,146,383.1000
2003-10-03,383.0000,384.5000,368.0000,369.4000,708,369.4000
2003-10-06,371.5000,373.3000,370.7000,372.7000,93,372.7000
2003-10-07,374.6000,376.8000,374.6000,377.2000,89,377.2000
2003-10-08,376.7000,377.8000,376.0000,375.4000,89,375.4000
2003-10-09,373.5000,373.5000,369.0000,369.2000,1556,369.2000
2003-10-10,370.8000,370.8000,370.8000,373.6000,96,373.6000
2003-10-13,371.3000,371.3000,370.0000,375.2000,13,375.2000
2003-10-14,373.5000,375.8000,373.5000,375.7000,35,375.7000
2003-10-15,374.0000,374.0000,374.0000,372.6000,2,372.6000
2003-10-16,372.7000,372.7000,372.7000,372.7000,18,372.7000
2003-10-17,369.5000,369.5000,369.5000,371.8000,2,371.8000
2003-10-20,373.5000,374.5000,373.0000,374.0000,9,374.0000
2003-10-21,378.7000,382.0000,377.6000,381.7000,98,381.7000
2003-10-22,376.5000,386.6000,385.0000,386.5000,178,386.5000
2003-10-23,386.0000,387.8000,384.6000,384.7000,28,384.7000
2003-10-24,384.7000,394.0000,384.1000,388.9000,62,388.9000
2003-10-27,387.8000,389.0000,387.0000,387.9000,54,387.9000
2003-10-28,385.0000,385.5000,383.0000,383.2000,229,383.2000
2003-10-29,383.0000,387.0000,380.8000,386.8000,2,386.8000
2003-10-30,387.1000,387.1000,387.1000,384.3000,2,384.3000
2003-10-31,384.5000,384.5000,384.5000,384.5000,2,384.5000
2003-11-03,382.8000,383.0000,382.8000,377.0000,3,377.0000
2003-11-04,377.0000,377.0000,377.0000,379.9000,3,379.9000
2003-11-05,382.6000,382.6000,382.6000,382.6000,3,382.6000
2003-11-06,380.6000,380.6000,380.6000,380.6000,3,380.6000
2003-11-07,383.3000,383.3000,383.3000,383.3000,3,383.3000
2003-11-10,386.6000,386.6000,386.6000,386.6000,3,386.6000
2003-11-11,388.7000,388.7000,388.7000,388.1000,3,388.1000
2003-11-12,391.7000,396.5000,396.0000,394.9000,1,394.9000
2003-11-13,396.0000,396.0000,396.0000,394.1000,101,394.1000
2003-11-14,397.8000,397.8000,397.8000,397.8000,101,397.8000
2003-11-17,397.6000,398.0000,398.0000,391.5000,101,391.5000
2003-11-18,397.6000,397.6000,397.6000,397.6000,101,397.6000
2003-11-19,397.7000,397.7000,397.7000,394.9000,101,394.9000
2003-11-20,393.7000,393.7000,393.7000,393.7000,101,393.7000
2003-11-21,394.0000,395.8000,394.0000,396.0000,2,396.0000
2003-11-24,391.5000,391.5000,391.5000,391.5000,77377,391.5000
2003-11-25,391.5000,393.2000,389.5000,391.1000,74334,391.1000
2003-11-26,390.7000,402.0000,390.6000,396.8000,12662,396.8000
2003-12-01,397.2000,402.9000,397.0000,402.7000,1664,402.7000
2003-12-02,402.0000,406.0000,399.5000,403.7000,1519,403.7000
2003-12-03,403.2000,404.0000,401.5000,403.9000,2672,403.9000
2003-12-04,403.9000,405.0000,400.0000,403.3000,304,403.3000
2003-12-05,402.5000,406.8000,400.0000,406.4000,655,406.4000
2003-12-08,409.0000,409.5000,405.3000,406.6000,221,406.6000
2003-12-09,407.0000,409.1000,406.5000,408.2000,1224,408.2000
2003-12-10,406.9000,412.0000,405.8000,406.2000,842,406.2000
2003-12-11,405.8000,407.0000,402.7000,404.6000,101,404.6000
2003-12-12,406.1000,409.9000,406.1000,409.4000,171,409.4000
2003-12-15,401.6000,411.0000,401.6000,409.2000,86,409.2000
2003-12-16,410.0000,410.0000,407.0000,407.7000,39,407.7000
2003-12-17,409.1000,410.8000,407.7000,412.0000,185,412.0000
2003-12-18,413.2000,413.2000,408.0000,410.4000,85,410.4000
2003-12-19,410.8000,411.2000,408.1000,409.2000,94,409.2000
2003-12-22,409.6000,411.5000,409.6000,410.6000,52,410.6000
2003-12-23,410.4000,411.5000,409.8000,411.0000,185,411.0000
2003-12-24,411.5000,413.2000,410.5000,412.3000,165,412.3000
2003-12-29,414.1000,415.8000,413.0000,414.8000,1,414.8000
2003-12-30,416.9000,416.9000,416.9000,416.9000,1,416.9000
2003-12-31,416.9000,417.2000,417.2000,415.7000,1,415.7000
2004-01-05,415.7000,422.5000,422.5000,424.4000,20,424.4000
2004-01-06,424.4000,424.3000,424.3000,422.8000,20,422.8000
2004-01-07,423.0000,423.0000,423.0000,421.9000,20,421.9000
2004-01-08,421.9000,422.0000,422.0000,424.0000,20,424.0000
2004-01-09,424.0000,423.9000,423.9000,426.4000,20,426.4000
2004-01-12,425.8000,428.2000,425.8000,426.3000,3,426.3000
2004-01-13,425.4000,425.9000,423.0000,423.7000,12,423.7000
2004-01-14,421.7000,421.7000,421.7000,421.7000,12,421.7000
2004-01-15,421.8000,422.0000,422.0000,408.4000,12,408.4000
2004-01-16,408.3000,408.3000,408.3000,406.7000,12,406.7000
2004-01-20,406.7000,406.7000,406.7000,412.7000,12,412.7000
2004-01-21,412.6000,412.6000,412.6000,411.1000,2,411.1000
2004-01-22,411.3000,411.3000,411.3000,410.0000,2,410.0000
2004-01-23,407.9000,407.9000,407.9000,407.9000,2,407.9000
2004-01-26,406.6000,406.6000,406.6000,406.6000,2,406.6000
2004-01-27,410.0000,410.0000,410.0000,410.0000,2,410.0000
2004-01-28,414.5000,414.5000,414.5000,414.5000,76523,414.5000
2004-01-29,412.0000,412.0000,396.5000,398.5000,42434,398.5000
2004-01-30,398.0000,402.6000,398.0000,402.2000,13533,402.2000
2004-02-02,403.0000,403.3000,394.0000,398.7000,2646,398.7000
2004-02-03,398.5000,403.0000,398.5000,399.2000,490,399.2000
2004-02-04,399.8000,401.3000,398.5000,401.0000,977,401.0000
2004-02-05,399.4000,400.3000,397.5000,398.1000,131,398.1000
2004-02-06,397.0000,407.0000,397.0000,403.6000,313,403.6000
2004-02-09,403.8000,407.5000,403.8000,406.8000,101,406.8000
2004-02-10,407.3000,410.5000,407.3000,406.4000,71,406.4000
2004-02-11,407.8000,412.0000,406.0000,410.2000,134,410.2000
2004-02-12,411.9000,413.5000,410.0000,413.7000,146,413.7000
2004-02-13,412.7000,416.0000,408.0000,410.3000,146,410.3000
2004-02-17,414.0000,415.4000,413.4000,416.0000,146,416.0000
2004-02-18,414.8000,415.3000,412.0000,412.3000,146,412.3000
2004-02-19,411.0000,411.3000,409.0000,409.8000,63,409.8000
2004-02-20,409.0000,409.0000,395.0000,397.5000,109,397.5000
2004-02-23,399.0000,400.2000,399.0000,399.0000,162,399.0000
2004-02-24,401.6000,403.2000,399.0000,404.5000,77,404.5000
2004-02-25,404.8000,404.8000,395.0000,395.8000,31,395.8000
2004-02-26,395.1000,395.1000,395.1000,395.8000,40,395.8000
2004-02-27,395.1000,395.0000,395.0000,396.4000,2,396.4000
2004-03-01,396.4000,396.4000,396.4000,399.3000,2,399.3000
2004-03-02,397.5000,398.8000,393.5000,393.5000,104,393.5000
2004-03-03,391.1000,391.3000,391.1000,392.4000,4,392.4000
2004-03-04,394.8000,394.8000,393.0000,392.9000,86,392.9000
2004-03-05,401.0000,401.0000,401.0000,401.3000,1,401.3000
2004-03-08,399.5000,399.5000,399.0000,400.6000,11,400.6000
2004-03-09,401.7000,402.4000,401.2000,404.2000,5,404.2000
2004-03-10,400.0000,400.0000,400.0000,400.0000,1,400.0000
2004-03-11,399.2000,399.1000,399.1000,400.7000,5,400.7000
2004-03-12,395.3000,395.3000,395.3000,395.3000,5,395.3000
2004-03-15,399.4000,399.4000,399.4000,399.4000,5,399.4000
2004-03-16,402.0000,402.0000,402.0000,402.4000,8,402.4000
2004-03-17,402.5000,404.0000,404.0000,406.9000,8,406.9000
2004-03-18,411.1000,411.1000,411.1000,411.1000,8,411.1000
2004-03-19,412.0000,412.0000,412.0000,412.5000,16,412.5000
2004-03-22,417.4000,417.4000,417.4000,417.4000,2,417.4000
2004-03-23,417.4000,417.4000,417.4000,419.8000,2,419.8000
2004-03-24,417.2000,417.2000,417.2000,417.2000,2,417.2000
2004-03-25,416.0000,417.0000,416.0000,416.7000,8,416.7000
2004-03-26,422.0000,422.0000,422.0000,422.1000,8,422.1000
2004-03-29,422.1000,422.1000,422.1000,417.1000,64296,417.1000
2004-03-30,416.5000,424.4000,416.5000,421.7000,36663,421.7000
2004-03-31,421.0000,428.0000,420.6000,427.3000,4496,427.3000
2004-04-01,427.2000,432.0000,424.5000,427.8000,1561,427.8000
2004-04-02,426.6000,429.0000,417.5000,421.6000,1455,421.6000
2004-04-05,421.6000,421.6000,414.0000,415.4000,572,415.4000
2004-04-06,415.6000,419.8000,415.6000,418.9000,202,418.9000
2004-04-07,418.9000,423.6000,417.8000,422.8000,381,422.8000
2004-04-08,423.3000,423.3000,419.0000,419.9000,790,419.9000
2004-04-12,421.1000,422.1000,418.0000,420.1000,39,420.1000
2004-04-13,417.8000,417.8000,406.0000,407.0000,496,407.0000
2004-04-14,407.3000,407.9000,399.0000,399.8000,161,399.8000
2004-04-15,401.0000,401.0000,396.5000,397.7000,333,397.7000
2004-04-16,399.6000,402.2000,398.5000,401.0000,177,401.0000
2004-04-19,404.6000,404.6000,400.2000,400.6000,76,400.6000
2004-04-20,400.3000,400.3000,396.8000,397.7000,49,397.7000
2004-04-21,393.4000,395.0000,390.0000,390.8000,63,390.8000
2004-04-22,390.5000,393.5000,390.5000,393.3000,50,393.3000
2004-04-23,393.0000,396.8000,393.0000,395.1000,41,395.1000
2004-04-26,396.5000,396.7000,396.3000,396.0000,45,396.0000
2004-04-27,397.7000,399.0000,395.8000,398.6000,61,398.6000
2004-04-28,395.5000,396.0000,384.1000,385.4000,19,385.4000
2004-04-29,380.0000,386.0000,380.0000,386.6000,6,386.6000
2004-04-30,389.0000,389.0000,389.0000,387.0000,2,387.0000
2004-05-03,387.0000,387.0000,387.0000,387.0000,4,387.0000
2004-05-04,392.0000,392.0000,392.0000,391.4000,2,391.4000
2004-05-05,391.4000,391.4000,391.4000,393.4000,0,393.4000
2004-05-06,387.2000,387.2000,387.2000,388.0000,1,388.0000
2004-05-07,388.1000,377.0000,377.0000,378.7000,3,378.7000
2004-05-10,378.6000,378.6000,378.6000,378.3000,0,378.3000
2004-05-11,376.9000,376.9000,376.9000,376.9000,0,376.9000
2004-05-12,377.4000,377.4000,377.4000,377.4000,0,377.4000
2004-05-13,377.4000,377.4000,377.4000,374.8000,20,374.8000
2004-05-14,377.0000,377.0000,377.0000,377.0000,5,377.0000
2004-05-17,379.5000,379.5000,379.5000,379.5000,0,379.5000
2004-05-18,375.8000,375.8000,375.8000,375.8000,0,375.8000
2004-05-19,382.9000,382.9000,382.9000,382.9000,0,382.9000
2004-05-20,382.8000,382.8000,382.8000,378.4000,0,378.4000
2004-05-21,384.8000,384.8000,384.8000,384.8000,0,384.8000
2004-05-24,385.6000,385.6000,385.6000,385.6000,0,385.6000
2004-05-25,388.3000,388.3000,388.3000,388.3000,0,388.3000
2004-05-26,388.3000,388.3000,388.3000,388.3000,81917,388.3000
2004-05-27,388.2000,395.9000,388.1000,394.9000,53047,394.9000
2004-05-28,395.3000,396.3000,392.6000,394.0000,9836,394.0000
2004-06-01,393.9000,399.0000,393.3000,394.6000,1864,394.6000
2004-06-02,394.5000,397.5000,390.0000,390.7000,937,390.7000
2004-06-03,390.7000,393.0000,387.4000,388.1000,601,388.1000
2004-06-04,388.4000,391.5000,385.5000,390.9000,234,390.9000
2004-06-07,392.6000,394.0000,392.0000,393.8000,130,393.8000
2004-06-08,393.8000,395.0000,390.3000,391.0000,611,391.0000
2004-06-09,391.6000,391.6000,383.0000,384.5000,543,384.5000
2004-06-10,385.3000,385.5000,384.5000,385.9000,71,385.9000
2004-06-14,383.6000,385.3000,383.0000,383.6000,209,383.6000
2004-06-15,383.1000,388.5000,383.0000,388.1000,51,388.1000
2004-06-16,386.5000,386.5000,383.5000,384.6000,102,384.6000
2004-06-17,385.3000,385.3000,385.3000,388.9000,17,388.9000
2004-06-18,392.0000,396.4000,393.0000,395.1000,108,395.1000
2004-06-21,394.6000,394.6000,393.2000,394.0000,133,394.0000
2004-06-22,394.0000,396.5000,394.0000,395.0000,56,395.0000
2004-06-23,395.5000,397.2000,394.5000,395.0000,50,395.0000
2004-06-24,394.6000,403.7000,394.6000,403.1000,148,403.1000
2004-06-25,402.3000,403.6000,401.3000,402.9000,189,402.9000
2004-06-28,403.0000,405.0000,401.3000,401.0000,2,401.0000
2004-06-29,400.2000,400.2000,398.0000,392.5000,5,392.5000
2004-06-30,395.4000,395.4000,394.3000,392.6000,146,392.6000
2004-07-01,396.0000,396.0000,396.0000,396.0000,146,396.0000
2004-07-02,396.0000,397.2000,397.2000,398.3000,20,398.3000
2004-07-06,398.3000,393.0000,393.0000,392.6000,20,392.6000
2004-07-07,397.8000,397.8000,397.8000,402.3000,6,402.3000
2004-07-08,407.8000,407.8000,407.8000,407.8000,6,407.8000
2004-07-09,407.7000,407.9000,407.9000,407.5000,15,407.5000
2004-07-12,407.5000,407.5000,407.5000,408.1000,15,408.1000
2004-07-13,408.1000,408.1000,408.1000,402.0000,15,402.0000
2004-07-14,402.0000,402.0000,402.0000,405.4000,15,405.4000
2004-07-15,404.2000,404.2000,404.2000,404.2000,15,404.2000
2004-07-16,404.2000,404.1000,404.1000,406.6000,15,406.6000
2004-07-19,406.6000,406.6000,406.6000,405.6000,15,405.6000
2004-07-20,405.6000,405.6000,405.6000,401.9000,15,401.9000
2004-07-21,401.8000,401.9000,401.9000,397.1000,15,397.1000
2004-07-22,395.2000,395.2000,395.2000,395.2000,15,395.2000
2004-07-23,395.2000,391.0000,391.0000,390.5000,4,390.5000
2004-07-26,389.9000,389.9000,389.9000,390.3000,1,390.3000
2004-07-27,390.3000,390.2000,390.2000,387.0000,0,387.0000
2004-07-28,387.0000,387.0000,387.0000,389.0000,69175,389.0000
2004-07-29,389.0000,391.0000,385.0000,387.0000,42070,387.0000
2004-07-30,388.2000,392.0000,387.0000,391.0000,4977,391.0000
2004-08-02,394.0000,394.5000,391.0000,391.7000,1102,391.7000
2004-08-03,392.0000,394.8000,388.8000,394.0000,2692,394.0000
2004-08-04,393.6000,393.6000,390.5000,392.2000,149,392.2000
2004-08-05,393.0000,393.5000,391.0000,392.3000,108,392.3000
2004-08-06,392.5000,401.5000,391.0000,399.8000,132,399.8000
2004-08-09,399.1000,400.7000,398.5000,400.7000,318,400.7000
2004-08-10,399.3000,401.3000,398.5000,400.0000,92,400.0000
2004-08-11,399.5000,399.5000,393.3000,395.5000,185,395.5000
2004-08-12,395.7000,396.0000,393.5000,394.3000,69,394.3000
2004-08-13,394.3000,399.5000,393.5000,398.9000,64,398.9000
2004-08-16,399.0000,403.0000,399.0000,402.9000,288,402.9000
2004-08-17,402.5000,404.0000,400.3000,404.4000,208,404.4000
2004-08-18,403.0000,404.5000,402.7000,404.3000,61,404.3000
2004-08-19,404.3000,407.9000,404.3000,407.1000,128,407.1000
2004-08-20,407.0000,412.8000,407.0000,413.2000,254,413.2000
2004-08-23,411.3000,411.8000,409.7000,410.5000,18,410.5000
2004-08-24,410.5000,407.0000,404.0000,403.0000,33,403.0000
2004-08-25,405.3000,407.0000,405.2000,407.9000,164,407.9000
2004-08-26,409.0000,409.0000,406.2000,407.4000,28,407.4000
2004-08-27,407.4000,408.0000,403.0000,403.3000,19,403.3000
2004-08-30,407.0000,407.9000,404.7000,407.8000,114,407.8000
2004-08-31,410.4000,410.4000,410.4000,410.4000,114,410.4000
2004-09-01,407.3000,407.3000,407.3000,408.8000,0,408.8000
2004-09-02,407.5000,406.4000,406.4000,406.0000,34,406.0000
2004-09-03,400.5000,400.5000,400.5000,400.5000,34,400.5000
2004-09-07,398.0000,398.0000,398.0000,397.4000,60,397.4000
2004-09-08,396.8000,396.8000,396.8000,399.4000,20,399.4000
2004-09-09,398.9000,398.9000,398.9000,398.5000,20,398.5000
2004-09-10,401.0000,402.0000,401.0000,401.9000,120,401.9000
2004-09-13,404.1000,404.1000,404.1000,404.1000,120,404.1000
2004-09-14,405.1000,405.1000,405.1000,405.7000,43,405.7000
2004-09-15,407.0000,404.0000,404.0000,405.0000,24,405.0000
2004-09-16,404.7000,404.7000,404.7000,404.7000,24,404.7000
2004-09-17,405.8000,405.8000,405.8000,405.8000,24,405.8000
2004-09-20,403.6000,403.6000,403.6000,405.3000,44,405.3000
2004-09-21,408.3000,408.3000,408.3000,408.3000,44,408.3000
2004-09-22,407.2000,407.2000,407.2000,407.2000,44,407.2000
2004-09-23,410.9000,410.9000,410.9000,410.9000,44,410.9000
2004-09-24,408.1000,408.1000,408.1000,408.1000,44,408.1000
2004-09-27,409.1000,409.1000,409.1000,409.1000,44,409.1000
2004-09-28,410.8000,410.8000,410.8000,412.5000,9143,412.5000
2004-09-29,412.0000,414.0000,411.6000,413.0000,5052,413.0000
2004-09-30,412.9000,418.8000,412.7000,418.7000,1162,418.7000
2004-10-01,419.1000,419.1000,417.0000,419.5000,167,419.5000
2004-10-04,419.0000,415.0000,411.5000,414.0000,327,414.0000
2004-10-05,415.3000,419.3000,415.0000,418.2000,164,418.2000
2004-10-06,417.5000,419.0000,417.0000,418.4000,186,418.4000
2004-10-07,418.0000,419.0000,417.5000,418.0000,93,418.0000
2004-10-08,418.7000,425.0000,418.0000,423.1000,75,423.1000
2004-10-11,422.2000,422.2000,421.0000,422.0000,20,422.0000
2004-10-12,419.1000,419.1000,413.5000,415.1000,299,415.1000
2004-10-13,411.0000,411.8000,410.3000,413.2000,74,413.2000
2004-10-14,416.0000,418.8000,415.2000,418.1000,101,418.1000
2004-10-15,418.3000,419.7000,417.8000,418.7000,51,418.7000
2004-10-18,419.0000,419.0000,417.1000,416.2000,6,416.2000
2004-10-19,420.7000,420.7000,420.7000,420.3000,3,420.3000
2004-10-20,420.3000,425.1000,420.3000,423.5000,7,423.5000
2004-10-21,423.5000,423.5000,422.0000,424.4000,9,424.4000
2004-10-22,424.6000,424.6000,424.6000,424.6000,193,424.6000
2004-10-25,429.0000,430.0000,428.5000,429.0000,128,429.0000
2004-10-26,429.1000,429.1000,425.4000,426.8000,55,426.8000
2004-10-27,429.5000,429.7000,423.5000,424.8000,50,424.8000
2004-10-28,425.1000,425.1000,425.1000,425.1000,319,425.1000
2004-10-29,428.5000,428.5000,428.5000,428.5000,319,428.5000
2004-11-01,427.3000,427.3000,427.3000,427.3000,319,427.3000
2004-11-02,427.2000,427.2000,427.2000,420.0000,319,420.0000
2004-11-03,424.6000,424.6000,424.6000,424.6000,319,424.6000
2004-11-04,430.1000,430.1000,430.1000,430.1000,319,430.1000
2004-11-05,433.6000,433.6000,433.6000,433.6000,319,433.6000
2004-11-08,432.7000,432.7000,432.7000,432.7000,319,432.7000
2004-11-09,434.0000,434.0000,434.0000,435.7000,2,435.7000
2004-11-10,434.5000,434.5000,434.5000,434.0000,2,434.0000
2004-11-11,434.9000,434.9000,434.9000,434.9000,2,434.9000
2004-11-12,437.9000,437.9000,437.9000,437.9000,0,437.9000
2004-11-15,437.0000,437.0000,437.0000,437.0000,0,437.0000
2004-11-16,440.2000,440.2000,440.2000,440.2000,0,440.2000
2004-11-17,444.8000,444.8000,444.8000,444.8000,0,444.8000
2004-11-18,442.6000,442.6000,442.6000,442.6000,1,442.6000
2004-11-19,446.8000,446.8000,446.8000,446.8000,0,446.8000
2004-11-22,446.9000,446.9000,446.9000,448.8000,0,448.8000
2004-11-23,447.8000,447.8000,447.8000,447.8000,0,447.8000
2004-11-24,449.3000,449.3000,449.3000,449.3000,110725,449.3000
2004-11-29,450.8000,454.8000,449.3000,453.7000,56709,453.7000
2004-11-30,453.8000,454.1000,448.3000,451.3000,14253,451.3000
2004-12-01,451.6000,456.0000,450.5000,454.0000,2682,454.0000
2004-12-02,454.0000,456.5000,447.0000,450.4000,1419,450.4000
2004-12-03,450.4000,455.5000,448.5000,456.0000,1231,456.0000
2004-12-06,454.4000,456.1000,451.5000,454.2000,674,454.2000
2004-12-07,453.0000,455.5000,451.5000,452.0000,550,452.0000
2004-12-08,449.0000,450.0000,434.0000,437.2000,2065,437.2000
2004-12-09,437.5000,440.6000,432.6000,435.8000,1347,435.8000
2004-12-10,436.5000,437.1000,432.6000,433.9000,209,433.9000
2004-12-13,437.0000,439.5000,436.0000,438.9000,628,438.9000
2004-12-14,438.9000,438.9000,435.4000,435.9000,199,435.9000
2004-12-15,435.7000,442.0000,435.7000,440.8000,356,440.8000
2004-12-16,440.8000,442.6000,437.0000,436.9000,232,436.9000
2004-12-17,436.8000,440.0000,436.8000,441.6000,94,441.6000
2004-12-20,442.5000,444.0000,442.0000,442.4000,461,442.4000
2004-12-21,443.0000,443.2000,441.1000,441.8000,57,441.8000
2004-12-22,442.1000,442.7000,439.0000,440.3000,70,440.3000
2004-12-23,441.3000,442.6000,441.0000,441.9000,98,441.9000
2004-12-27,444.0000,445.9000,443.0000,445.2000,348,445.2000
2004-12-28,445.5000,445.5000,443.0000,444.3000,2,444.3000
2004-12-29,440.5000,440.5000,440.5000,436.0000,3,436.0000
2004-12-30,437.7000,439.0000,438.9000,437.5000,3,437.5000
2005-01-03,431.0000,431.0000,431.0000,428.7000,4,428.7000
2005-01-04,428.5000,428.5000,428.5000,428.5000,108,428.5000
2005-01-05,425.7000,425.7000,425.7000,426.6000,2,426.6000
2005-01-06,421.0000,421.0000,421.0000,421.0000,1,421.0000
2005-01-07,423.7000,423.7000,418.7000,418.9000,1,418.9000
2005-01-10,419.1000,419.1000,419.1000,419.1000,1,419.1000
2005-01-11,421.9000,421.9000,421.9000,421.9000,1,421.9000
2005-01-12,423.8000,423.8000,423.8000,426.1000,1,426.1000
2005-01-13,424.7000,424.7000,424.7000,424.5000,1,424.5000
2005-01-14,422.0000,423.2000,422.0000,422.7000,20,422.7000
2005-01-18,423.2000,423.2000,423.2000,423.2000,20,423.2000
2005-01-19,426.5000,426.5000,426.5000,423.0000,20,423.0000
2005-01-20,421.8000,421.8000,421.8000,422.4000,20,422.4000
2005-01-21,425.9000,425.9000,425.9000,426.7000,20,426.7000
2005-01-24,426.9000,426.9000,426.9000,426.9000,20,426.9000
2005-01-25,422.0000,422.0000,422.0000,422.0000,20,422.0000
2005-01-26,426.9000,426.9000,426.9000,426.9000,20,426.9000
2005-01-27,426.3000,426.3000,426.3000,426.3000,66923,426.3000
2005-01-28,426.1000,427.5000,424.0000,425.8000,41282,425.8000
2005-01-31,426.0000,426.5000,419.3000,421.8000,6857,421.8000
2005-02-01,422.2000,422.3000,419.2000,420.8000,1461,420.8000
2005-02-02,420.9000,422.3000,419.8000,421.1000,426,421.1000
2005-02-03,421.3000,421.3000,414.7000,416.6000,574,416.6000
2005-02-04,416.4000,417.8000,413.7000,414.0000,320,414.0000
2005-02-07,414.1000,416.0000,412.5000,413.6000,534,413.6000
2005-02-08,413.6000,413.6000,410.1000,412.6000,1432,412.6000
2005-02-09,412.2000,413.8000,410.3000,412.9000,1300,412.9000
2005-02-10,412.0000,418.5000,412.5000,417.2000,397,417.2000
2005-02-11,416.8000,422.0000,417.6000,420.5000,801,420.5000
2005-02-14,420.0000,425.6000,422.3000,425.8000,55,425.8000
2005-02-15,425.9000,426.2000,424.0000,425.9000,113,425.9000
2005-02-16,426.0000,425.0000,422.8000,425.5000,146,425.5000
2005-02-17,425.5000,428.0000,425.3000,427.3000,712,427.3000
2005-02-18,426.7000,427.1000,426.7000,427.1000,14,427.1000
2005-02-22,426.5000,435.0000,426.5000,434.5000,53,434.5000
2005-02-23,434.0000,435.5000,433.2000,434.9000,107,434.9000
2005-02-24,436.0000,436.0000,432.5000,434.5000,6,434.5000
2005-02-25,434.5000,436.0000,436.0000,434.9000,1,434.9000
2005-02-28,435.5000,435.5000,435.5000,436.5000,16,436.5000
2005-03-01,435.0000,433.0000,433.0000,432.9000,1,432.9000
2005-03-02,433.4000,433.4000,433.4000,432.8000,1,432.8000
2005-03-03,429.9000,429.9000,429.9000,429.9000,1,429.9000
2005-03-04,434.2000,434.2000,434.2000,434.2000,0,434.2000
2005-03-07,435.0000,435.0000,435.0000,435.0000,0,435.0000
2005-03-08,440.3000,440.3000,440.3000,440.3000,0,440.3000
2005-03-09,442.1000,442.1000,442.1000,442.1000,0,442.1000
2005-03-10,442.8000,442.8000,442.8000,442.8000,1,442.8000
2005-03-11,446.4000,446.4000,446.4000,446.2000,0,446.2000
2005-03-14,441.1000,441.1000,441.1000,441.1000,0,441.1000
2005-03-15,440.9000,440.9000,440.9000,440.9000,0,440.9000
2005-03-16,443.7000,443.7000,443.7000,443.7000,0,443.7000
2005-03-17,438.7000,438.7000,438.7000,438.7000,0,438.7000
2005-03-18,439.3000,439.3000,439.3000,439.3000,0,439.3000
2005-03-21,431.1000,431.1000,431.1000,431.1000,100,431.1000
2005-03-22,431.3000,431.3000,431.3000,431.3000,16,431.3000
2005-03-23,425.2000,425.2000,425.2000,425.2000,0,425.2000
2005-03-24,424.7000,424.7000,424.7000,424.7000,0,424.7000
2005-03-28,425.9000,425.9000,425.9000,425.9000,0,425.9000
2005-03-29,426.0000,426.0000,426.0000,426.0000,0,426.0000
2005-03-31,428.7000,428.7000,428.7000,428.7000,3051,428.7000
2005-04-01,428.3000,428.5000,424.5000,425.9000,552,425.9000
2005-04-04,426.0000,426.3000,422.7000,423.9000,486,423.9000
2005-04-05,423.8000,425.5000,423.6000,424.5000,313,424.5000
2005-04-06,424.9000,427.7000,424.1000,427.1000,62,427.1000
2005-04-07,426.5000,428.5000,426.5000,426.5000,181,426.5000
2005-04-08,425.2000,427.3000,424.8000,426.9000,49,426.9000
2005-04-11,426.0000,429.8000,426.0000,428.6000,26,428.6000
2005-04-12,428.1000,430.2000,426.5000,427.6000,148,427.6000
2005-04-13,428.0000,430.0000,427.5000,429.3000,27,429.3000
2005-04-14,429.5000,429.5000,423.5000,424.0000,116,424.0000
2005-04-15,423.2000,425.6000,423.2000,424.9000,73,424.9000
2005-04-18,423.6000,427.5000,423.6000,427.5000,29,427.5000
2005-04-19,426.8000,433.0000,426.8000,432.9000,128,432.9000
2005-04-20,433.6000,435.8000,432.4000,435.3000,42,435.3000
2005-04-21,434.1000,435.0000,432.3000,433.0000,52,433.0000
2005-04-22,433.5000,435.8000,433.5000,434.3000,88,434.3000
2005-04-25,432.7000,434.4000,432.7000,434.6000,19,434.6000
2005-04-26,438.0000,438.2000,435.9000,437.9000,169,437.9000
2005-04-27,436.4000,437.0000,433.6000,433.0000,19,433.0000
2005-04-29,435.0000,435.0000,435.0000,435.0000,0,435.0000
2005-05-02,429.5000,429.5000,429.5000,429.5000,0,429.5000
2005-05-03,426.7000,426.7000,426.7000,426.7000,0,426.7000
2005-05-04,429.0000,429.0000,429.0000,429.0000,17,429.0000
2005-05-05,429.8000,429.8000,429.8000,429.8000,0,429.8000
2005-05-06,429.8000,429.8000,429.8000,426.1000,0,426.1000
2005-05-09,426.2000,426.2000,426.2000,426.2000,0,426.2000
2005-05-10,426.2000,426.2000,426.2000,427.2000,0,427.2000
2005-05-11,427.2000,427.2000,427.2000,427.2000,0,427.2000
2005-05-12,421.6000,421.6000,421.6000,421.6000,0,421.6000
2005-05-13,420.2000,420.2000,420.2000,420.2000,0,420.2000
2005-05-16,418.9000,418.9000,418.9000,418.9000,0,418.9000
2005-05-17,419.4000,419.4000,419.4000,419.4000,0,419.4000
2005-05-18,421.5000,421.5000,421.5000,421.5000,0,421.5000
2005-05-19,421.2000,421.2000,421.2000,420.5000,0,420.5000
2005-05-20,420.2000,416.5000,416.5000,417.4000,4,417.4000
2005-05-23,416.6000,416.6000,416.6000,416.6000,4,416.6000
2005-05-24,417.5000,417.5000,417.5000,417.5000,4,417.5000
2005-05-25,418.8000,418.8000,418.8000,418.8000,4,418.8000
2005-05-26,418.8000,418.1000,418.1000,418.0000,72619,418.0000
2005-05-27,417.8000,420.0000,417.4000,419.8000,51363,419.8000
2005-05-31,418.0000,420.2000,413.2000,416.3000,7494,416.3000
2005-06-01,416.4000,417.3000,414.0000,415.3000,2816,415.3000
2005-06-02,415.8000,423.5000,415.8000,422.7000,1984,422.7000
2005-06-03,422.2000,425.5000,421.7000,423.7000,416,423.7000
2005-06-06,423.6000,427.8000,422.6000,426.5000,558,426.5000
2005-06-07,426.7000,426.7000,424.0000,424.8000,232,424.8000
2005-06-08,425.6000,425.9000,424.5000,424.7000,171,424.7000
2005-06-09,423.7000,424.0000,422.0000,424.2000,101,424.2000
2005-06-10,423.8000,428.5000,422.0000,427.4000,65,427.4000
2005-06-13,428.3000,431.5000,428.3000,429.3000,66,429.3000
2005-06-14,428.2000,428.2000,426.5000,427.5000,73,427.5000
2005-06-15,427.5000,428.3000,427.5000,429.1000,20,429.1000
2005-06-16,429.5000,436.8000,429.5000,436.2000,157,436.2000
2005-06-17,436.1000,439.3000,436.1000,438.3000,29,438.3000
2005-06-20,440.0000,440.4000,438.0000,438.4000,18,438.4000
2005-06-21,438.4000,439.0000,439.0000,438.9000,5,438.9000
2005-06-22,438.8000,438.5000,437.5000,438.1000,169,438.1000
2005-06-23,438.3000,442.5000,438.3000,441.7000,29,441.7000
2005-06-24,441.5000,441.5000,438.5000,440.5000,31,440.5000
2005-06-27,440.7000,440.7000,439.5000,440.3000,10,440.3000
2005-06-28,436.0000,437.5000,436.0000,436.4000,0,436.4000
2005-06-30,435.9000,435.9000,435.9000,435.9000,0,435.9000
2005-07-01,427.8000,427.8000,427.8000,427.8000,0,427.8000
2005-07-05,422.9000,422.9000,422.9000,422.9000,0,422.9000
2005-07-06,423.5000,423.8000,423.5000,423.5000,16,423.5000
2005-07-07,423.5000,423.5000,423.5000,423.3000,125,423.3000
2005-07-08,422.9000,422.9000,422.9000,422.9000,0,422.9000
2005-07-11,425.5000,425.5000,425.5000,425.5000,0,425.5000
2005-07-12,426.3000,426.3000,426.3000,426.3000,0,426.3000
2005-07-13,423.9000,423.9000,423.9000,423.9000,70,423.9000
2005-07-14,419.6000,419.6000,419.6000,419.6000,70,419.6000
2005-07-15,420.7000,420.7000,420.7000,420.7000,0,420.7000
2005-07-18,420.4000,420.4000,420.4000,420.5000,0,420.5000
2005-07-19,420.0000,420.0000,420.0000,419.7000,0,419.7000
2005-07-20,419.7000,419.7000,419.7000,421.7000,0,421.7000
2005-07-21,425.4000,425.4000,425.4000,425.4000,0,425.4000
2005-07-22,425.4000,425.4000,425.4000,424.7000,0,424.7000
2005-07-25,425.7000,425.7000,425.7000,425.7000,2,425.7000
2005-07-26,423.4000,423.4000,423.4000,423.4000,2,423.4000
2005-07-27,424.7000,424.7000,424.7000,424.7000,2,424.7000
2005-07-28,424.7000,424.7000,424.7000,427.3000,40680,427.3000
2005-07-29,427.7000,430.5000,427.0000,429.9000,3607,429.9000
2005-08-01,430.0000,432.3000,429.1000,431.9000,776,431.9000
2005-08-02,431.7000,433.0000,430.7000,431.9000,206,431.9000
2005-08-03,431.5000,437.5000,430.7000,436.9000,270,436.9000
2005-08-04,436.5000,439.0000,436.1000,437.9000,91,437.9000
2005-08-05,437.7000,438.5000,437.0000,437.2000,91,437.2000
2005-08-08,437.0000,437.0000,434.0000,434.7000,51,434.7000
2005-08-09,432.5000,434.4000,432.5000,434.2000,52,434.2000
2005-08-10,434.9000,437.0000,434.9000,436.5000,187,436.5000
2005-08-11,437.2000,446.5000,437.2000,445.5000,306,445.5000
2005-08-12,445.8000,449.5000,444.5000,445.9000,169,445.9000
2005-08-15,441.4000,442.5000,441.4000,442.2000,61,442.2000
2005-08-16,441.7000,442.5000,441.7000,446.1000,234,446.1000
2005-08-17,442.5000,443.3000,439.5000,439.9000,276,439.9000
2005-08-18,440.4000,440.4000,438.5000,439.5000,46,439.5000
2005-08-19,439.1000,439.6000,438.0000,437.2000,73,437.2000
2005-08-22,437.0000,439.0000,437.0000,438.1000,12,438.1000
2005-08-23,438.8000,438.8000,438.5000,439.4000,2,439.4000
2005-08-24,439.7000,439.7000,437.0000,437.3000,29,437.3000
2005-08-25,438.5000,438.5000,438.0000,438.4000,54,438.4000
2005-08-26,438.4000,439.0000,438.4000,437.4000,52,437.4000
2005-08-29,438.5000,439.5000,437.3000,437.0000,37,437.0000
2005-08-30,438.5000,439.5000,437.3000,431.2000,0,431.2000
2005-08-31,431.2000,431.2000,431.2000,433.8000,10,433.8000
2005-09-01,438.5000,442.5000,438.5000,442.3000,4,442.3000
2005-09-02,444.2000,444.2000,444.2000,444.2000,4,444.2000
2005-09-06,444.4000,444.4000,444.4000,444.4000,4,444.4000
2005-09-07,444.7000,444.7000,444.7000,444.9000,1006,444.9000
2005-09-08,446.7000,446.7000,446.7000,446.7000,6,446.7000
2005-09-09,449.0000,449.0000,449.0000,449.0000,6,449.0000
2005-09-12,449.7000,449.7000,449.7000,449.7000,6,449.7000
2005-09-13,446.1000,446.1000,446.1000,446.1000,6,446.1000
2005-09-14,449.8000,449.8000,449.8000,449.8000,6,449.8000
2005-09-15,455.5000,455.5000,455.5000,455.5000,6,455.5000
2005-09-16,459.5000,459.5000,459.5000,459.5000,6,459.5000
2005-09-19,466.7000,466.7000,466.7000,466.7000,6,466.7000
2005-09-20,466.2000,466.2000,466.2000,466.2000,2,466.2000
2005-09-21,468.9000,468.9000,468.9000,468.9000,2,468.9000
2005-09-22,467.5000,467.5000,467.5000,466.6000,2,466.6000
2005-09-23,467.2000,466.8000,466.8000,463.5000,2,463.5000
2005-09-26,463.9000,463.9000,463.9000,465.9000,2,465.9000
2005-09-27,462.6000,462.6000,462.6000,462.6000,2,462.6000
2005-09-28,469.7000,469.7000,469.7000,469.7000,2,469.7000
2005-09-29,469.7000,469.7000,469.7000,472.2000,7799,472.2000
2005-09-30,472.7000,474.0000,468.5000,469.0000,2926,469.0000
2005-10-03,467.8000,468.0000,464.2000,466.1000,493,466.1000
2005-10-04,466.8000,468.8000,465.3000,466.1000,210,466.1000
2005-10-05,465.0000,465.0000,463.5000,466.1000,226,466.1000
2005-10-06,465.6000,471.6000,465.6000,471.9000,243,471.9000
2005-10-07,473.0000,475.5000,470.0000,474.7000,96,474.7000
2005-10-10,474.8000,477.3000,473.6000,475.1000,248,475.1000
2005-10-11,475.2000,477.5000,475.2000,477.1000,99,477.1000
2005-10-12,478.5000,478.5000,473.3000,473.9000,49,473.9000
2005-10-13,472.0000,472.0000,468.3000,471.1000,48,471.1000
2005-10-14,469.3000,469.3000,467.0000,469.2000,113,469.2000
2005-10-17,473.0000,475.0000,473.0000,474.1000,18,474.1000
2005-10-18,472.0000,472.5000,472.0000,472.1000,13,472.1000
2005-10-19,471.0000,471.0000,465.0000,463.5000,46,463.5000
2005-10-20,465.0000,465.0000,460.5000,461.0000,9,461.0000
2005-10-21,462.0000,462.0000,462.0000,467.0000,9,467.0000
2005-10-24,465.5000,465.5000,465.5000,465.0000,2,465.0000
2005-10-25,465.0000,474.0000,465.0000,472.8000,18,472.8000
2005-10-26,472.5000,473.5000,471.5000,471.2000,159,471.2000
2005-10-27,471.0000,475.5000,471.0000,473.8000,2,473.8000
2005-10-28,473.5000,473.5000,471.6000,473.0000,4,473.0000
2005-10-31,471.1000,471.1000,471.1000,465.1000,1,465.1000
2005-11-01,463.0000,463.0000,460.0000,458.8000,5,458.8000
2005-11-02,462.8000,462.8000,462.8000,462.8000,2,462.8000
2005-11-03,460.1000,460.1000,460.1000,460.1000,2,460.1000
2005-11-04,455.3000,455.3000,455.3000,456.3000,2,456.3000
2005-11-07,459.0000,459.0000,459.0000,459.0000,0,459.0000
2005-11-08,458.5000,458.5000,458.5000,460.9000,10,460.9000
2005-11-09,466.3000,466.3000,466.3000,466.3000,100,466.3000
2005-11-10,466.6000,466.6000,466.6000,466.6000,100,466.6000
2005-11-11,468.3000,468.3000,468.3000,468.3000,0,468.3000
2005-11-14,468.3000,468.3000,468.3000,468.2000,0,468.2000
2005-11-15,468.1000,468.1000,468.1000,468.1000,50,468.1000
2005-11-16,478.3000,478.3000,478.3000,478.3000,0,478.3000
2005-11-17,476.0000,486.0000,486.0000,486.2000,38,486.2000
2005-11-18,485.6000,485.6000,485.6000,485.6000,38,485.6000
2005-11-21,485.6000,485.6000,485.6000,489.0000,38,489.0000
2005-11-22,489.0000,489.0000,489.0000,492.6000,0,492.6000
2005-11-23,492.6000,492.6000,492.6000,492.1000,0,492.1000
2005-11-28,502.2000,502.2000,502.2000,498.3000,109050,498.3000
2005-11-29,498.7000,502.3000,494.3000,499.1000,42519,499.1000
2005-11-30,500.0000,500.0000,492.3000,494.6000,5688,494.6000
2005-12-01,494.2000,503.0000,490.5000,502.5000,2665,502.5000
2005-12-02,503.0000,507.0000,500.0000,503.3000,1610,503.3000
2005-12-05,504.5000,509.7000,503.5000,508.9000,431,508.9000
2005-12-06,509.2000,511.2000,504.5000,510.2000,720,510.2000
2005-12-07,510.7000,517.0000,509.3000,514.3000,985,514.3000
2005-12-08,514.6000,520.0000,512.0000,519.3000,337,519.3000
2005-12-09,520.4000,531.0000,520.0000,527.0000,472,527.0000
2005-12-12,526.5000,538.5000,526.5000,528.4000,995,528.4000
2005-12-13,528.4000,530.7000,520.0000,521.0000,583,521.0000
2005-12-14,521.0000,521.0000,506.0000,506.5000,712,506.5000
2005-12-15,506.0000,509.0000,501.0000,503.9000,378,503.9000
2005-12-16,503.9000,508.0000,495.2000,503.4000,276,503.4000
2005-12-19,509.5000,509.5000,504.5000,503.6000,150,503.6000
2005-12-20,506.9000,506.9000,496.0000,494.6000,120,494.6000
2005-12-21,495.5000,495.5000,490.1000,493.0000,56,493.0000
2005-12-22,494.0000,503.0000,494.0000,502.7000,1632,502.7000
2005-12-23,502.3000,505.7000,502.3000,503.0000,37,503.0000
2005-12-27,508.7000,509.0000,506.0000,508.0000,57,508.0000
2005-12-28,506.9000,517.3000,516.9000,514.2000,20,514.2000
2005-12-29,515.7000,515.7000,515.7000,515.7000,2,515.7000
2005-12-30,515.7000,515.7000,515.7000,517.1000,2,517.1000
2006-01-03,518.6000,528.5000,518.6000,530.7000,7,530.7000
2006-01-04,533.6000,533.6000,533.5000,533.9000,8,533.9000
2006-01-05,529.0000,529.0000,526.0000,526.3000,10,526.3000
2006-01-06,539.7000,539.7000,539.7000,539.7000,10,539.7000
2006-01-09,539.7000,539.7000,539.7000,549.1000,10,549.1000
2006-01-10,544.3000,544.3000,544.3000,544.3000,2,544.3000
2006-01-11,548.8000,548.8000,548.8000,548.8000,0,548.8000
2006-01-12,548.3000,548.3000,548.3000,548.3000,0,548.3000
2006-01-13,547.1000,547.1000,547.1000,556.1000,0,556.1000
2006-01-17,553.4000,553.4000,553.4000,553.4000,0,553.4000
2006-01-18,543.7000,543.7000,543.7000,543.7000,0,543.7000
2006-01-19,543.7000,552.0000,551.0000,558.4000,22,558.4000
2006-01-20,558.4000,558.4000,558.4000,553.5000,22,553.5000
2006-01-23,555.0000,555.0000,555.0000,558.3000,1,558.3000
2006-01-24,555.0000,555.0000,555.0000,557.7000,2,557.7000
2006-01-25,562.2000,562.2000,562.2000,562.2000,2,562.2000
2006-01-26,559.7000,559.7000,559.7000,559.7000,2,559.7000
2006-01-27,558.7000,558.7000,558.7000,558.7000,79958,558.7000
2006-01-30,559.2000,566.0000,557.6000,565.8000,35179,565.8000
2006-01-31,566.5000,572.7000,565.0000,570.8000,6749,570.8000
2006-02-01,570.8000,571.6000,563.0000,569.4000,3768,569.4000
2006-02-02,569.8000,575.3000,568.0000,572.5000,887,572.5000
2006-02-03,571.5000,574.2000,565.0000,567.4000,686,567.4000
2006-02-06,568.4000,574.0000,567.5000,570.2000,649,570.2000
2006-02-07,569.5000,571.0000,550.6000,551.0000,1276,551.0000
2006-02-08,551.0000,553.3000,545.5000,550.1000,762,550.1000
2006-02-09,549.9000,566.0000,549.9000,564.5000,227,564.5000
2006-02-10,561.9000,561.9000,548.0000,550.2000,222,550.2000
2006-02-13,548.5000,549.5000,540.0000,539.0000,645,539.0000
2006-02-14,538.0000,546.0000,535.5000,545.9000,142,545.9000
2006-02-15,544.9000,545.0000,538.0000,539.7000,150,539.7000
2006-02-16,539.0000,546.0000,537.2000,546.0000,96,546.0000
2006-02-17,548.0000,552.5000,546.0000,551.8000,55,551.8000
2006-02-21,550.5000,556.5000,550.5000,553.9000,86,553.9000
2006-02-22,552.6000,554.8000,551.0000,553.9000,253,553.9000
2006-02-23,554.5000,555.5000,548.5000,548.4000,174,548.4000
2006-02-24,547.5000,560.0000,547.5000,558.8000,14,558.8000
2006-02-27,556.1000,556.1000,552.5000,554.7000,24,554.7000
2006-02-28,553.1000,558.0000,553.1000,561.6000,49,561.6000
2006-03-01,562.5000,564.5000,562.5000,563.5000,1,563.5000
2006-03-02,568.2000,568.2000,568.2000,568.2000,1,568.2000
2006-03-03,569.8000,569.8000,568.7000,566.0000,2,566.0000
2006-03-06,554.8000,554.8000,554.8000,554.9000,2,554.9000
2006-03-07,554.5000,554.5000,554.0000,552.7000,3,552.7000
2006-03-08,540.0000,540.0000,540.0000,542.5000,3,542.5000
2006-03-09,545.0000,545.2000,544.3000,545.5000,25,545.5000
2006-03-10,539.9000,539.9000,539.9000,539.9000,3,539.9000
2006-03-13,541.0000,542.5000,541.0000,546.1000,4,546.1000
2006-03-14,551.7000,551.7000,551.7000,551.7000,4,551.7000
2006-03-15,553.1000,553.1000,553.1000,553.1000,4,553.1000
2006-03-16,554.4000,554.4000,554.4000,554.4000,4,554.4000
2006-03-17,554.1000,554.1000,554.1000,554.1000,4,554.1000
2006-03-20,555.2000,555.2000,555.2000,555.2000,4,555.2000
2006-03-21,552.4000,552.4000,552.4000,552.4000,4,552.4000
2006-03-22,550.9000,550.9000,550.9000,550.9000,300,550.9000
2006-03-23,550.1000,550.1000,550.1000,550.1000,547,550.1000
2006-03-24,560.0000,560.0000,560.0000,560.0000,547,560.0000
2006-03-27,567.0000,567.0000,567.0000,567.0000,547,567.0000
2006-03-28,566.6000,566.6000,566.6000,566.6000,547,566.6000
2006-03-29,573.0000,573.0000,573.0000,573.0000,64190,573.0000
2006-03-30,572.6000,587.4000,571.3000,586.7000,25210,586.7000
2006-03-31,586.0000,589.6000,579.0000,581.8000,2845,581.8000
2006-04-03,582.0000,592.0000,582.0000,589.4000,729,589.4000
2006-04-04,588.0000,590.5000,585.5000,586.0000,1293,586.0000
2006-04-05,587.0000,590.8000,582.6000,587.9000,736,587.9000
2006-04-06,588.0000,595.6000,588.0000,595.2000,855,595.2000
2006-04-07,595.5000,598.3000,585.5000,588.4000,450,588.4000
2006-04-10,589.0000,599.0000,589.0000,597.6000,316,597.6000
2006-04-11,602.0000,604.0000,595.0000,595.2000,697,595.2000
2006-04-12,597.3000,600.0000,597.3000,597.5000,38,597.5000
2006-04-13,596.5000,597.5000,592.0000,596.5000,107,596.5000
2006-04-17,605.0000,616.5000,605.0000,615.4000,1125,615.4000
2006-04-18,614.6000,620.5000,614.6000,620.0000,502,620.0000
2006-04-19,620.5000,632.0000,620.5000,632.6000,99,632.6000
2006-04-20,640.0000,642.0000,611.0000,619.8000,537,619.8000
2006-04-21,615.0000,637.0000,611.2000,632.2000,222,632.2000
2006-04-24,634.0000,634.0000,620.0000,620.6000,288,620.6000
2006-04-25,620.6000,632.0000,620.6000,631.0000,112,631.0000
2006-04-26,635.0000,639.5000,635.0000,638.8000,3,638.8000
2006-04-27,636.5000,636.5000,636.5000,633.3000,6,633.3000
2006-04-28,651.8000,651.8000,651.8000,651.8000,6,651.8000
2006-05-01,658.0000,658.0000,658.0000,657.5000,9,657.5000
2006-05-02,666.0000,666.0000,666.0000,664.7000,2,664.7000
2006-05-03,669.2000,669.2000,669.2000,665.9000,1,665.9000
2006-05-04,674.2000,674.2000,674.2000,674.2000,1,674.2000
2006-05-05,682.2000,682.2000,682.2000,682.2000,1,682.2000
2006-05-08,679.0000,679.0000,679.0000,677.8000,2,677.8000
2006-05-09,679.0000,679.0000,679.0000,699.4000,8,699.4000
2006-05-10,695.5000,695.5000,695.5000,703.7000,4,703.7000
2006-05-11,723.0000,723.0000,723.0000,719.8000,10,719.8000
2006-05-12,714.0000,714.0000,706.0000,710.3000,32,710.3000
2006-05-15,710.3000,710.3000,710.3000,683.6000,32,683.6000
2006-05-16,710.3000,710.3000,710.3000,691.5000,0,691.5000
2006-05-17,690.5000,690.5000,690.5000,690.5000,0,690.5000
2006-05-18,679.6000,679.6000,679.6000,679.6000,0,679.6000
2006-05-19,679.6000,679.6000,679.6000,656.7000,0,656.7000
2006-05-22,656.5000,656.5000,656.5000,657.0000,0,657.0000
2006-05-23,673.0000,673.0000,673.0000,673.0000,0,673.0000
2006-05-24,637.0000,637.0000,637.0000,637.0000,0,637.0000
2006-05-25,648.3000,648.3000,648.3000,648.4000,0,648.4000
2006-05-26,648.4000,648.4000,648.4000,650.9000,80564,650.9000
2006-05-30,650.7000,664.5000,648.2000,653.9000,51461,653.9000
2006-05-31,651.0000,658.5000,638.0000,642.5000,5034,642.5000
2006-06-01,642.8000,645.1000,620.0000,627.6000,1682,627.6000
2006-06-02,628.0000,637.5000,622.6000,635.5000,1151,635.5000
2006-06-05,635.5000,645.0000,635.5000,643.2000,613,643.2000
2006-06-06,643.4000,643.4000,625.0000,629.4000,361,629.4000
2006-06-07,629.2000,629.8000,617.5000,627.4000,793,627.4000
2006-06-08,627.6000,627.6000,608.5000,609.1000,532,609.1000
2006-06-09,610.0000,615.8000,606.9000,608.2000,73,608.2000
2006-06-12,606.0000,610.0000,606.0000,606.8000,19,606.8000
2006-06-13,571.2000,605.6000,568.0000,562.5000,207,562.5000
2006-06-14,555.0000,571.0000,555.0000,562.3000,243,562.3000
2006-06-15,557.3000,577.0000,557.3000,566.5000,135,566.5000
2006-06-16,566.5000,574.7000,572.0000,578.0000,4,578.0000
2006-06-19,568.8000,568.8000,568.8000,568.8000,6,568.8000
2006-06-20,571.0000,571.0000,568.0000,576.9000,4,576.9000
2006-06-21,572.0000,585.0000,572.0000,587.5000,60,587.5000
2006-06-22,588.0000,588.0000,587.0000,582.2000,14,582.2000
2006-06-23,583.9000,584.0000,574.0000,584.8000,19,584.8000
2006-06-26,583.0000,584.0000,580.0000,584.8000,119,584.8000
2006-06-27,589.0000,589.0000,589.0000,581.6000,39,581.6000
2006-06-28,585.5000,586.0000,580.0000,578.3000,1,578.3000
2006-06-29,586.5000,586.5000,586.5000,586.5000,104,586.5000
2006-06-30,560.9000,614.5000,609.0000,613.5000,18,613.5000
2006-07-05,631.0000,631.0000,631.0000,627.3000,94,627.3000
2006-07-06,624.0000,624.0000,624.0000,634.1000,6,634.1000
2006-07-07,634.3000,634.3000,634.3000,632.8000,6,632.8000
2006-07-10,632.8000,632.8000,632.8000,624.1000,6,624.1000
2006-07-11,632.8000,632.8000,632.8000,641.2000,6,641.2000
2006-07-12,632.8000,632.8000,632.8000,649.4000,6,649.4000
2006-07-13,652.9000,652.9000,652.9000,652.9000,6,652.9000
2006-07-14,666.6000,666.6000,666.6000,666.6000,6,666.6000
2006-07-17,675.1000,677.0000,675.1000,650.6000,40,650.6000
2006-07-18,628.3000,628.3000,628.3000,628.3000,40,628.3000
2006-07-19,641.6000,641.6000,641.6000,641.6000,40,641.6000
2006-07-20,641.6000,641.6000,641.6000,631.7000,40,631.7000
2006-07-21,631.7000,631.7000,631.7000,619.6000,600,619.6000
2006-07-24,619.6000,619.6000,619.6000,612.7000,600,612.7000
2006-07-25,612.7000,612.7000,612.7000,617.6000,600,617.6000
2006-07-26,621.6000,621.6000,621.6000,621.6000,1,621.6000
2006-07-27,632.4000,632.4000,632.4000,632.4000,66412,632.4000
2006-07-28,632.5000,636.6000,625.0000,634.8000,27652,634.8000
2006-07-31,634.5000,646.5000,627.0000,634.2000,3183,634.2000
2006-08-01,635.4000,646.5000,629.5000,646.3000,1360,646.3000
2006-08-02,645.8000,656.0000,644.7000,651.6000,414,651.6000
2006-08-03,651.0000,651.0000,638.0000,644.9000,429,644.9000
2006-08-04,646.0000,653.5000,643.0000,644.0000,97,644.0000
2006-08-07,651.2000,652.0000,646.5000,647.8000,139,647.8000
2006-08-08,646.8000,646.8000,640.0000,645.7000,43,645.7000
2006-08-09,645.0000,654.5000,638.5000,650.5000,65,650.5000
2006-08-10,650.2000,651.3000,634.0000,634.9000,127,634.9000
2006-08-11,638.0000,642.3000,626.0000,633.5000,596,633.5000
2006-08-14,629.9000,629.9000,620.0000,628.5000,147,628.5000
2006-08-15,625.0000,625.5000,622.0000,622.5000,124,622.5000
2006-08-16,631.0000,631.0000,627.0000,628.7000,206,628.7000
2006-08-17,627.5000,628.5000,615.5000,615.4000,295,615.4000
2006-08-18,614.2000,617.0000,609.0000,612.1000,102,612.1000
2006-08-21,613.6000,626.5000,613.6000,625.7000,117,625.7000
2006-08-22,626.0000,628.0000,623.5000,624.6000,19,624.6000
2006-08-23,624.6000,628.0000,623.2000,623.7000,20,623.7000
2006-08-24,621.6000,624.5000,618.0000,619.5000,35,619.5000
2006-08-25,622.5000,623.5000,621.8000,622.0000,173,622.0000
2006-08-28,621.7000,621.7000,614.0000,615.3000,46,615.3000
2006-08-29,616.8000,616.8000,610.5000,610.7000,2,610.7000
2006-08-30,615.6000,618.0000,611.8000,617.7000,26,617.7000
2006-08-31,625.9000,625.9000,625.9000,625.9000,26,625.9000
2006-09-01,624.4000,624.4000,624.4000,624.4000,26,624.4000
2006-09-04,624.4000,624.4000,624.4000,624.4000,26,624.4000
2006-09-05,638.5000,638.5000,638.5000,638.5000,23,638.5000
2006-09-06,633.5000,633.5000,633.5000,633.5000,102,633.5000
2006-09-07,617.0000,617.0000,617.0000,617.0000,102,617.0000
2006-09-08,609.6000,609.6000,609.6000,609.6000,102,609.6000
2006-09-11,590.0000,590.0000,590.0000,590.0000,0,590.0000
2006-09-12,591.0000,591.0000,591.0000,586.9000,10,586.9000
2006-09-13,589.1000,589.1000,589.1000,589.1000,10,589.1000
2006-09-14,579.3000,579.3000,579.3000,579.3000,0,579.3000
2006-09-15,576.4000,576.4000,576.4000,576.4000,0,576.4000
2006-09-18,586.2000,586.2000,586.2000,586.2000,0,586.2000
2006-09-19,576.8000,576.8000,576.8000,576.8000,0,576.8000
2006-09-20,584.0000,584.0000,584.0000,580.0000,2,580.0000
2006-09-21,582.2000,582.2000,582.2000,582.2000,0,582.2000
2006-09-22,589.4000,589.4000,589.4000,589.4000,0,589.4000
2006-09-25,589.9000,589.9000,589.9000,589.9000,0,589.9000
2006-09-26,591.2000,591.2000,591.2000,591.2000,0,591.2000
2006-09-27,597.3000,597.3000,597.3000,597.3000,7818,597.3000
2006-09-28,597.7000,606.2000,597.7000,605.0000,8709,605.0000
2006-09-29,605.1000,605.1000,595.0000,598.6000,662,598.6000
2006-10-02,598.9000,604.0000,598.0000,597.7000,109,597.7000
2006-10-03,591.0000,591.9000,580.0000,576.3000,160,576.3000
2006-10-04,573.9000,577.0000,561.0000,562.0000,4584,562.0000
2006-10-05,565.9000,575.0000,565.9000,571.0000,22,571.0000
2006-10-06,572.0000,572.5000,560.5000,572.4000,24,572.4000
2006-10-09,578.0000,578.0000,578.0000,578.4000,93,578.4000
2006-10-10,574.5000,574.5000,568.0000,571.9000,136,571.9000
2006-10-11,578.0000,578.0000,578.0000,572.3000,1,572.3000
2006-10-12,575.0000,575.0000,575.0000,576.3000,5,576.3000
2006-10-13,585.5000,585.5000,585.5000,588.8000,8,588.8000
2006-10-16,593.5000,594.5000,593.5000,594.7000,210,594.7000
2006-10-17,598.5000,598.5000,588.5000,589.7000,14,589.7000
2006-10-18,592.5000,594.0000,591.5000,588.9000,18,588.9000
2006-10-19,588.9000,588.9000,588.7000,599.0000,103,599.0000
2006-10-20,597.5000,597.5000,597.0000,593.0000,4,593.0000
2006-10-23,579.7000,579.7000,579.7000,579.7000,4,579.7000
2006-10-24,576.5000,576.5000,576.5000,584.4000,501,584.4000
2006-10-25,587.6000,587.6000,587.6000,587.6000,199,587.6000
2006-10-26,595.0000,595.5000,595.0000,596.8000,26,596.8000
2006-10-27,598.2000,598.2000,598.2000,598.2000,5,598.2000
2006-10-30,608.5000,608.9000,608.0000,604.7000,13,604.7000
2006-10-31,604.1000,604.1000,604.1000,604.1000,0,604.1000
2006-11-01,612.5000,612.5000,612.5000,616.6000,6,616.6000
2006-11-02,625.4000,625.4000,625.4000,625.4000,6,625.4000
2006-11-03,626.9000,626.9000,626.9000,626.9000,0,626.9000
2006-11-06,625.8000,625.8000,625.8000,625.8000,0,625.8000
2006-11-07,625.7000,625.7000,625.7000,625.7000,0,625.7000
2006-11-08,616.4000,616.4000,616.4000,616.4000,0,616.4000
2006-11-09,617.0000,617.0000,617.0000,635.0000,2,635.0000
2006-11-10,628.4000,628.4000,628.4000,628.4000,2,628.4000
2006-11-13,629.0000,629.0000,629.0000,624.2000,1,624.2000
2006-11-14,620.5000,620.5000,620.5000,623.8000,1,623.8000
2006-11-15,622.5000,622.5000,622.5000,622.5000,0,622.5000
2006-11-16,620.6000,620.6000,620.6000,620.6000,0,620.6000
2006-11-17,617.5000,617.5000,617.5000,621.5000,10,621.5000
2006-11-20,621.5000,621.5000,621.5000,621.2000,0,621.2000
2006-11-21,628.1000,628.1000,628.1000,628.2000,0,628.2000
2006-11-22,628.7000,628.7000,628.7000,628.7000,0,628.7000
2006-11-24,628.7000,628.7000,628.7000,628.7000,0,628.7000
2006-11-28,637.2000,637.2000,637.2000,637.2000,82649,637.2000
2006-11-29,638.4000,640.3000,634.5000,635.5000,29111,635.5000
2006-11-30,635.0000,648.0000,635.0000,646.9000,2327,646.9000
2006-12-01,645.7000,649.7000,643.5000,644.7000,728,644.7000
2006-12-04,647.1000,648.0000,640.5000,645.2000,562,645.2000
2006-12-05,644.3000,648.0000,640.5000,642.3000,214,642.3000
2006-12-06,640.5000,640.5000,631.0000,630.5000,247,630.5000
2006-12-07,628.3000,632.5000,625.0000,631.9000,316,631.9000
2006-12-08,633.3000,636.5000,626.0000,626.1000,104,626.1000
2006-12-11,623.0000,629.7000,622.4000,630.0000,467,630.0000
2006-12-12,630.3000,630.5000,627.5000,627.0000,222,627.0000
2006-12-13,634.8000,632.5000,624.0000,627.9000,81,627.9000
2006-12-14,628.0000,628.5000,627.5000,626.6000,43,626.6000
2006-12-15,625.5000,627.7000,613.0000,615.0000,118,615.0000
2006-12-18,614.0000,616.5000,612.0000,614.0000,57,614.0000
2006-12-19,620.9000,620.9000,616.5000,621.6000,40,621.6000
2006-12-20,621.4000,622.7000,619.7000,620.6000,385,620.6000
2006-12-21,620.8000,620.8000,618.0000,618.2000,22,618.2000
2006-12-22,619.0000,619.0000,618.7000,619.1000,122,619.1000
2006-12-26,625.1000,628.0000,623.0000,623.7000,58,623.7000
2006-12-27,627.2000,627.2000,627.2000,627.2000,3,627.2000
2006-12-28,627.1000,627.1000,626.0000,634.1000,17,634.1000
2006-12-29,635.2000,635.2000,635.2000,635.2000,17,635.2000
2007-01-02,635.2000,635.2000,635.2000,635.2000,17,635.2000
2007-01-03,640.4000,640.4000,628.5000,627.1000,38,627.1000
2007-01-04,624.5000,624.5000,624.5000,623.9000,4,623.9000
2007-01-05,623.7000,623.7000,617.3000,604.9000,531,604.9000
2007-01-08,607.5000,607.5000,607.5000,607.5000,1000,607.5000
2007-01-09,607.0000,607.0000,607.0000,613.1000,2,613.1000
2007-01-10,611.6000,611.6000,611.6000,611.6000,2,611.6000
2007-01-11,612.4000,612.4000,612.4000,612.4000,0,612.4000
2007-01-12,616.2000,616.2000,616.2000,625.5000,1,625.5000
2007-01-16,623.6000,623.6000,623.6000,624.6000,2,624.6000
2007-01-17,630.5000,632.6000,630.5000,632.1000,2,632.1000
2007-01-18,627.1000,627.1000,627.1000,627.1000,2,627.1000
2007-01-19,633.5000,633.5000,633.5000,635.5000,2,635.5000
2007-01-22,633.3000,633.3000,633.3000,633.3000,2,633.3000
2007-01-23,642.2000,642.2000,642.2000,645.2000,1,645.2000
2007-01-24,640.3000,640.3000,640.3000,647.6000,1,647.6000
2007-01-25,647.8000,647.8000,647.8000,647.8000,1,647.8000
2007-01-26,644.5000,644.5000,644.5000,644.5000,2,644.5000
2007-01-29,643.1000,643.1000,643.1000,643.1000,71048,643.1000
2007-01-30,643.0000,647.5000,640.8000,644.2000,25819,644.2000
2007-01-31,646.5000,655.5000,641.8000,652.0000,3048,652.0000
2007-02-01,652.9000,661.5000,652.6000,657.4000,1198,657.4000
2007-02-02,655.7000,659.3000,642.0000,646.2000,449,646.2000
2007-02-05,649.0000,651.0000,647.0000,650.9000,196,650.9000
2007-02-06,648.2000,659.0000,648.1000,653.6000,169,653.6000
2007-02-07,654.8000,655.5000,650.4000,652.3000,156,652.3000
2007-02-08,650.0000,659.3000,649.1000,658.0000,463,658.0000
2007-02-09,659.1000,669.5000,658.0000,667.5000,127,667.5000
2007-02-12,664.3000,665.9000,661.0000,662.6000,65,662.6000
2007-02-13,664.3000,669.0000,663.8000,663.9000,41,663.9000
2007-02-14,666.7000,672.0000,666.7000,667.4000,167,667.4000
2007-02-15,668.5000,668.5000,663.0000,667.3000,93,667.3000
2007-02-16,664.5000,668.4000,664.5000,668.8000,93,668.8000
2007-02-20,671.0000,671.0000,658.3000,657.1000,26,657.1000
2007-02-21,660.4000,682.3000,657.5000,680.2000,33,680.2000
2007-02-22,676.5000,679.3000,676.5000,679.4000,344,679.4000
2007-02-23,678.3000,685.3000,674.0000,683.1000,146,683.1000
2007-02-26,684.6000,687.6000,683.8000,686.5000,34,686.5000
2007-02-27,684.0000,687.7000,668.5000,683.9000,150,683.9000
2007-02-28,665.6000,674.5000,662.0000,669.4000,6,669.4000
2007-03-01,673.0000,673.0000,673.0000,662.3000,1,662.3000
2007-03-02,641.5000,641.5000,641.5000,641.5000,24,641.5000
2007-03-05,640.2000,640.2000,640.0000,636.7000,17,636.7000
2007-03-06,643.7000,644.5000,641.3000,643.8000,15,643.8000
2007-03-07,650.6000,650.6000,650.6000,650.6000,13,650.6000
2007-03-08,653.4000,653.4000,653.4000,653.4000,13,653.4000
2007-03-09,650.0000,650.0000,650.0000,650.0000,320,650.0000
2007-03-12,648.0000,648.0000,648.0000,648.4000,8,648.4000
2007-03-13,647.6000,647.6000,647.6000,647.6000,20,647.6000
2007-03-14,640.9000,640.9000,640.9000,640.9000,8,640.9000
2007-03-15,645.7000,645.7000,645.7000,645.7000,8,645.7000
2007-03-16,652.9000,652.9000,652.7000,652.6000,15,652.6000
2007-03-19,653.1000,653.1000,653.1000,653.1000,15,653.1000
2007-03-20,657.9000,657.9000,657.9000,657.9000,0,657.9000
2007-03-21,659.0000,659.0000,659.0000,659.0000,0,659.0000
2007-03-22,663.4000,663.4000,663.4000,663.4000,27,663.4000
2007-03-23,656.7000,656.7000,656.7000,656.7000,200,656.7000
2007-03-26,663.4000,663.4000,663.4000,663.4000,0,663.4000
2007-03-27,662.1000,662.1000,662.1000,662.1000,0,662.1000
2007-03-28,666.5000,666.5000,666.5000,666.5000,10244,666.5000
2007-03-29,665.9000,666.2000,654.6000,661.5000,37425,661.5000
2007-03-30,661.2000,667.7000,659.1000,663.0000,4623,663.0000
2007-04-02,665.5000,665.5000,656.1000,665.7000,1468,665.7000
2007-04-03,663.1000,667.3000,662.2000,664.0000,291,664.0000
2007-04-04,664.0000,675.0000,664.0000,672.1000,1718,672.1000
2007-04-05,674.2000,676.0000,671.5000,674.2000,226,674.2000
2007-04-09,671.1000,677.5000,671.1000,671.9000,35,671.9000
2007-04-10,673.9000,681.5000,673.9000,676.5000,29,676.5000
2007-04-11,678.3000,680.3000,674.8000,676.8000,31,676.8000
2007-04-12,677.0000,677.5000,673.1000,675.1000,63,675.1000
2007-04-13,680.2000,683.6000,680.2000,685.4000,25,685.4000
2007-04-16,685.1000,690.1000,685.1000,690.1000,55,690.1000
2007-04-17,689.0000,689.4000,687.2000,688.2000,29,688.2000
2007-04-18,689.1000,690.6000,687.0000,689.1000,13,689.1000
2007-04-19,681.9000,685.7000,681.9000,684.3000,58,684.3000
2007-04-20,690.1000,692.5000,690.1000,692.0000,24,692.0000
2007-04-23,689.0000,689.0000,688.0000,690.6000,16,690.6000
2007-04-24,689.4000,691.3000,683.0000,684.2000,220,684.2000
2007-04-25,686.5000,686.5000,683.8000,684.1000,17,684.1000
2007-04-26,684.5000,686.8000,673.5000,674.9000,51,674.9000
2007-04-27,673.0000,678.3000,673.0000,678.7000,55,678.7000
2007-04-30,677.4000,680.0000,677.3000,680.5000,12,680.5000
2007-05-01,673.7000,673.7000,673.0000,674.4000,6,674.4000
2007-05-02,672.3000,672.3000,672.3000,672.3000,0,672.3000
2007-05-03,681.8000,681.8000,681.8000,681.8000,0,681.8000
2007-05-04,687.2000,687.2000,687.2000,687.2000,0,687.2000
2007-05-07,688.0000,688.0000,688.0000,688.0000,1,688.0000
2007-05-08,685.1000,685.1000,685.1000,685.1000,1,685.1000
2007-05-09,680.3000,680.3000,680.3000,680.3000,1,680.3000
2007-05-10,651.0000,651.0000,651.0000,665.1000,0,665.1000
2007-05-11,670.6000,670.6000,670.6000,670.6000,0,670.6000
2007-05-14,668.5000,668.5000,668.5000,668.5000,0,668.5000
2007-05-15,673.0000,673.0000,673.0000,673.0000,0,673.0000
2007-05-16,660.2000,660.2000,660.2000,660.2000,0,660.2000
2007-05-17,656.2000,656.2000,656.2000,656.2000,0,656.2000
2007-05-18,661.0000,661.0000,661.0000,661.0000,0,661.0000
2007-05-21,660.7000,661.4000,660.0000,662.9000,6,662.9000
2007-05-22,659.1000,659.1000,659.1000,659.1000,6,659.1000
2007-05-23,661.9000,661.9000,661.9000,661.9000,6,661.9000
2007-05-24,654.0000,656.0000,654.0000,653.0000,5,653.0000
2007-05-25,655.9000,655.9000,655.7000,655.1000,5,655.1000
2007-05-29,657.1000,657.1000,657.1000,657.1000,100718,657.1000
2007-05-30,655.7000,658.4000,651.5000,653.1000,49921,653.1000
2007-05-31,652.5000,662.0000,652.5000,661.0000,8065,661.0000
2007-06-01,661.5000,672.0000,660.8000,671.2000,1496,671.2000
2007-06-04,671.2000,673.7000,668.9000,670.7000,612,670.7000
2007-06-05,672.1000,674.0000,669.3000,669.6000,242,669.6000
2007-06-06,670.4000,670.9000,665.4000,669.3000,489,669.3000
2007-06-07,671.4000,671.4000,658.3000,660.1000,282,660.1000
2007-06-08,658.5000,659.6000,645.2000,645.5000,261,645.5000
2007-06-11,649.2000,654.4000,649.2000,654.3000,91,654.3000
2007-06-12,653.8000,653.8000,646.9000,648.5000,61,648.5000
2007-06-13,646.6000,651.5000,644.3000,648.2000,82,648.2000
2007-06-14,652.6000,652.8000,650.0000,651.6000,15,651.6000
2007-06-15,651.0000,655.2000,650.7000,654.5000,28,654.5000
2007-06-18,657.9000,658.2000,655.7000,655.8000,57,655.8000
2007-06-19,656.2000,660.2000,653.0000,660.7000,36,660.7000
2007-06-20,660.8000,660.8000,658.0000,656.1000,8,656.1000
2007-06-21,648.6000,648.6000,648.6000,650.6000,6,650.6000
2007-06-22,649.9000,649.9000,649.9000,653.5000,3,653.5000
2007-06-25,650.0000,650.5000,650.0000,651.3000,21,651.3000
2007-06-26,647.6000,647.6000,640.0000,642.1000,60,642.1000
2007-06-27,640.4000,643.5000,640.4000,641.7000,43,641.7000
2007-06-28,643.9000,648.4000,643.9000,647.5000,89,647.5000
2007-06-29,647.5000,649.2000,647.5000,648.1000,45,648.1000
2007-07-02,656.8000,656.8000,656.8000,656.5000,1,656.5000
2007-07-03,655.7000,655.7000,655.7000,652.9000,1,652.9000
2007-07-05,648.4000,648.4000,648.4000,648.4000,18,648.4000
2007-07-06,652.7000,652.7000,652.7000,652.7000,18,652.7000
2007-07-09,660.5000,660.5000,660.5000,660.5000,0,660.5000
2007-07-10,662.5000,662.5000,662.5000,662.5000,0,662.5000
2007-07-11,660.3000,660.3000,660.3000,660.3000,6,660.3000
2007-07-12,665.0000,665.0000,665.0000,666.7000,2,666.7000
2007-07-13,666.7000,666.7000,666.7000,665.8000,8,665.8000
2007-07-16,667.1000,667.1000,667.1000,665.0000,1,665.0000
2007-07-17,664.7000,664.7000,664.7000,664.7000,0,664.7000
2007-07-18,672.6000,672.6000,672.6000,672.6000,0,672.6000
2007-07-19,677.2000,677.2000,677.2000,677.2000,0,677.2000
2007-07-20,683.9000,683.9000,683.9000,683.9000,0,683.9000
2007-07-23,680.8000,680.8000,680.8000,680.8000,0,680.8000
2007-07-24,684.2000,684.2000,684.2000,684.2000,0,684.2000
2007-07-25,673.3000,673.3000,673.3000,673.3000,0,673.3000
2007-07-26,662.5000,662.5000,662.5000,662.5000,0,662.5000
2007-07-27,660.0000,660.0000,660.0000,660.0000,95749,660.0000
2007-07-30,659.9000,665.2000,659.3000,664.1000,36526,664.1000
2007-07-31,665.0000,668.3000,662.6000,666.9000,5769,666.9000
2007-08-01,663.2000,666.3000,658.5000,663.6000,2026,663.6000
2007-08-02,666.7000,666.7000,662.8000,664.6000,1062,664.6000
2007-08-03,665.8000,674.4000,665.7000,672.5000,575,672.5000
2007-08-06,672.1000,672.1000,668.8000,671.5000,212,671.5000
2007-08-07,670.0000,670.0000,666.5000,670.6000,313,670.6000
2007-08-08,674.7000,676.2000,674.0000,674.5000,136,674.5000
2007-08-09,667.8000,667.8000,661.4000,661.4000,377,661.4000
2007-08-10,659.5000,673.4000,659.5000,670.3000,1101,670.3000
2007-08-13,669.9000,671.0000,668.6000,669.7000,52,669.7000
2007-08-14,665.0000,670.5000,665.0000,668.6000,106,668.6000
2007-08-15,665.0000,669.7000,662.5000,668.9000,845,668.9000
2007-08-16,665.2000,665.2000,642.9000,648.3000,130,648.3000
2007-08-17,648.4000,657.7000,648.4000,656.9000,219,656.9000
2007-08-20,658.6000,660.0000,658.6000,656.7000,189,656.7000
2007-08-21,657.9000,658.4000,657.5000,656.7000,9,656.7000
2007-08-22,658.9000,661.1000,658.9000,659.1000,303,659.1000
2007-08-23,663.6000,663.7000,663.2000,658.9000,135,658.9000
2007-08-24,662.1000,668.8000,662.1000,668.0000,208,668.0000
2007-08-27,667.9000,668.0000,666.0000,666.8000,77,666.8000
2007-08-28,665.5000,665.9000,664.2000,664.4000,22,664.4000
2007-08-29,667.0000,667.7000,667.0000,666.3000,78,666.3000
2007-08-30,665.5000,666.5000,665.5000,665.0000,186,665.0000
2007-08-31,672.5000,672.8000,672.5000,673.0000,186,673.0000
2007-09-04,682.5000,682.5000,682.5000,682.5000,0,682.5000
2007-09-05,678.6000,679.1000,678.6000,681.7000,80,681.7000
2007-09-06,692.2000,692.4000,692.2000,695.6000,2,695.6000
2007-09-07,700.8000,700.8000,700.8000,700.8000,1,700.8000
2007-09-10,704.5000,705.0000,702.0000,703.3000,43,703.3000
2007-09-11,703.5000,703.5000,702.8000,712.2000,55,712.2000
2007-09-12,713.9000,713.9000,712.5000,711.9000,6,711.9000
2007-09-13,706.9000,707.4000,706.9000,709.5000,19,709.5000
2007-09-14,717.2000,717.2000,714.9000,709.6000,33,709.6000
2007-09-17,719.1000,719.1000,719.1000,715.8000,36,715.8000
2007-09-18,715.8000,715.8000,715.8000,715.8000,104,715.8000
2007-09-19,724.6000,724.6000,724.6000,722.0000,12,722.0000
2007-09-20,732.4000,732.4000,732.4000,732.4000,12,732.4000
2007-09-21,731.4000,731.4000,731.4000,731.4000,6,731.4000
2007-09-24,732.1000,732.1000,732.1000,732.1000,150,732.1000
2007-09-25,731.6000,731.6000,731.6000,731.6000,60,731.6000
2007-09-26,728.3000,728.3000,728.3000,728.3000,12901,728.3000
2007-09-27,728.2000,735.5000,727.4000,732.7000,11841,732.7000
2007-09-28,733.7000,745.7000,733.7000,742.8000,2004,742.8000
2007-10-01,745.1000,747.4000,741.8000,747.2000,644,747.2000
2007-10-02,746.5000,746.5000,726.5000,729.8000,319,729.8000
2007-10-03,727.6000,732.5000,726.7000,729.3000,61,729.3000
2007-10-04,725.1000,736.8000,724.3000,737.8000,17,737.8000
2007-10-05,731.0000,741.7000,731.0000,741.3000,6,741.3000
2007-10-08,735.2000,737.0000,732.4000,732.8000,88,732.8000
2007-10-09,736.1000,736.5000,735.5000,737.4000,44,737.4000
2007-10-10,740.9000,741.0000,740.7000,740.4000,32,740.4000
2007-10-11,747.4000,749.7000,746.0000,751.3000,180,751.3000
2007-10-12,750.4000,750.4000,748.7000,748.7000,371,748.7000
2007-10-15,758.0000,759.6000,757.9000,757.1000,344,757.1000
2007-10-16,762.4000,762.4000,756.1000,757.0000,151,757.0000
2007-10-17,760.0000,760.0000,757.0000,757.5000,45,757.5000
2007-10-18,765.8000,765.8000,765.8000,764.1000,9,764.1000
2007-10-19,765.2000,765.2000,762.7000,764.0000,7,764.0000
2007-10-22,766.7000,766.7000,751.9000,755.8000,60,755.8000
2007-10-23,755.7000,756.0000,756.0000,759.0000,7,759.0000
2007-10-24,758.2000,758.2000,753.5000,761.6000,55,761.6000
2007-10-25,767.9000,767.9000,767.9000,767.3000,10,767.3000
2007-10-26,771.4000,783.4000,771.4000,783.9000,81,783.9000
2007-10-29,793.8000,793.8000,787.3000,789.1000,9,789.1000
2007-10-30,785.5000,785.5000,780.7000,784.3000,168,784.3000
2007-10-31,789.3000,795.4000,789.3000,792.0000,12,792.0000
2007-11-01,785.3000,791.3000,785.3000,790.7000,4,790.7000
2007-11-02,794.1000,806.5000,794.1000,805.7000,4,805.7000
2007-11-05,804.6000,804.6000,804.2000,808.1000,17,808.1000
2007-11-06,821.9000,825.3000,821.9000,820.8000,4,820.8000
2007-11-07,830.0000,831.2000,830.0000,831.0000,3,831.0000
2007-11-08,829.8000,841.3000,829.8000,835.2000,8,835.2000
2007-11-09,835.7000,835.8000,831.7000,832.5000,7,832.5000
2007-11-12,803.9000,803.9000,798.7000,805.8000,3,805.8000
2007-11-13,804.3000,804.3000,800.0000,797.2000,6,797.2000
2007-11-14,816.7000,817.0000,816.7000,813.0000,11,813.0000
2007-11-15,794.5000,794.5000,793.7000,785.9000,0,785.9000
2007-11-16,785.7000,785.7000,785.7000,785.7000,0,785.7000
2007-11-19,777.6000,777.6000,777.6000,776.8000,1,776.8000
2007-11-20,792.9000,802.5000,792.9000,790.3000,5,790.3000
2007-11-21,797.6000,797.6000,797.6000,797.6000,5,797.6000
2007-11-23,824.0000,824.0000,824.0000,824.0000,6,824.0000
2007-11-26,826.0000,826.0000,826.0000,826.0000,6,826.0000
2007-11-27,823.2000,824.8000,812.5000,813.7000,32,813.7000
2007-11-28,800.1000,800.1000,800.1000,800.1000,165342,800.1000
2007-11-29,804.0000,807.8000,791.9000,795.3000,66669,795.3000
2007-11-30,795.0000,798.6000,778.4000,782.2000,7212,782.2000
2007-12-03,783.9000,794.6000,777.0000,788.3000,3728,788.3000
2007-12-04,794.0000,805.0000,787.2000,801.3000,925,801.3000
2007-12-05,802.2000,803.9000,791.7000,797.5000,389,797.5000
2007-12-06,794.4000,804.8000,786.5000,801.2000,332,801.2000
2007-12-07,800.7000,801.2000,792.0000,794.4000,218,794.4000
2007-12-10,799.3000,809.7000,799.3000,807.7000,274,807.7000
2007-12-11,808.1000,812.0000,796.0000,811.4000,347,811.4000
2007-12-12,809.7000,815.9000,809.6000,813.5000,291,813.5000
2007-12-13,810.3000,810.3000,792.7000,799.0000,200,799.0000
2007-12-14,800.3000,803.5000,789.6000,793.3000,196,793.3000
2007-12-17,793.5000,794.5000,788.4000,794.8000,115,794.8000
2007-12-18,793.0000,804.8000,793.0000,803.0000,72,803.0000
2007-12-19,799.2000,804.0000,799.1000,801.1000,68,801.1000
2007-12-20,799.5000,800.0000,794.2000,799.2000,114,799.2000
2007-12-21,800.0000,812.5000,800.0000,811.6000,64,811.6000
2007-12-24,811.5000,814.1000,809.8000,812.8000,41,812.8000
2007-12-26,815.7000,826.9000,815.7000,826.0000,36,826.0000
2007-12-27,824.8000,832.5000,824.8000,828.6000,160,828.6000
2007-12-28,826.6000,840.2000,826.6000,839.6000,107,839.6000
2007-12-31,843.2000,843.2000,843.2000,834.9000,4,834.9000
2008-01-02,848.7000,857.8000,846.4000,857.0000,130,857.0000
2008-01-03,863.0000,865.5000,856.3000,866.4000,181,866.4000
2008-01-04,861.4000,865.5000,860.2000,863.1000,28,863.1000
2008-01-07,860.9000,860.9000,857.4000,859.6000,4,859.6000
2008-01-08,861.6000,879.4000,861.6000,878.0000,21,878.0000
2008-01-09,885.0000,885.0000,876.0000,879.5000,48,879.5000
2008-01-10,882.0000,891.4000,881.2000,891.7000,6,891.7000
2008-01-11,889.8000,899.7000,889.7000,896.1000,183,896.1000
2008-01-14,907.3000,907.3000,905.0000,901.6000,89,901.6000
2008-01-15,887.6000,887.6000,887.6000,901.0000,101,901.0000
2008-01-16,880.5000,885.8000,880.5000,880.6000,102,880.6000
2008-01-17,888.2000,888.2000,876.8000,879.5000,11,879.5000
2008-01-18,871.8000,886.8000,871.0000,880.8000,30,880.8000
2008-01-22,878.7000,891.0000,863.2000,889.6000,30,889.6000
2008-01-23,885.0000,895.7000,880.0000,882.5000,49,882.5000
2008-01-24,890.9000,906.6000,890.9000,905.5000,6,905.5000
2008-01-25,910.5000,910.5000,910.5000,910.5000,6,910.5000
2008-01-28,916.6000,922.0000,914.5000,927.1000,25,927.1000
2008-01-29,925.0000,925.0000,925.0000,925.1000,157692,925.1000
2008-01-30,924.4000,936.3000,915.3000,920.6000,68820,920.6000
2008-01-31,928.2000,928.6000,918.3000,922.7000,4289,922.7000
2008-02-01,924.8000,936.2000,903.7000,908.7000,2152,908.7000
2008-02-04,903.7000,912.0000,892.5000,904.9000,1493,904.9000
2008-02-05,905.1000,905.2000,884.7000,885.9000,476,885.9000
2008-02-06,887.9000,910.0000,887.5000,900.7000,430,900.7000
2008-02-07,900.6000,909.3000,896.4000,906.1000,463,906.1000
2008-02-08,915.3000,920.0000,911.5000,918.4000,339,918.4000
2008-02-11,920.7000,926.9000,917.5000,922.9000,181,922.9000
2008-02-12,921.0000,924.8000,904.2000,907.4000,278,907.4000
2008-02-13,903.0000,909.4000,897.2000,906.5000,89,906.5000
2008-02-14,904.0000,911.0000,904.0000,907.4000,128,907.4000
2008-02-15,910.1000,913.6000,898.7000,902.8000,128,902.8000
2008-02-19,904.3000,928.8000,900.5000,926.6000,174,926.6000
2008-02-20,926.5000,945.0000,919.6000,934.6000,73,934.6000
2008-02-21,940.1000,953.4000,940.1000,946.1000,138,946.1000
2008-02-22,944.9000,948.5000,942.5000,944.7000,79,944.7000
2008-02-25,946.5000,948.9000,933.0000,937.6000,312,937.6000
2008-02-26,931.3000,949.0000,931.3000,946.1000,224,946.1000
2008-02-27,960.0000,960.0000,955.0000,958.2000,215,958.2000
2008-02-28,957.4000,972.1000,954.4000,964.5000,238,964.5000
2008-02-29,971.4000,973.1000,963.5000,972.1000,39,972.1000
2008-03-03,984.2000,986.9000,979.7000,981.5000,26,981.5000
2008-03-04,982.4000,984.5000,963.8000,963.9000,41,963.9000
2008-03-05,965.0000,992.7000,963.9000,986.2000,45,986.2000
2008-03-06,984.3000,987.7000,973.4000,975.0000,46,975.0000
2008-03-07,982.8000,984.9000,972.4000,972.2000,96,972.2000
2008-03-10,975.5000,976.8000,964.7000,969.9000,92,969.9000
2008-03-11,975.7000,976.7000,971.5000,974.2000,12,974.2000
2008-03-12,973.6000,979.3000,973.5000,978.8000,6,978.8000
2008-03-13,983.7000,998.5000,983.7000,992.3000,10,992.3000
2008-03-14,993.9000,1004.6000,993.0000,998.2000,27,998.2000
2008-03-17,1005.0000,1014.6000,996.4000,1001.4000,82,1001.4000
2008-03-18,1003.6000,1010.0000,978.2000,1003.2000,30,1003.2000
2008-03-19,979.3000,979.3000,938.4000,944.7000,84,944.7000
2008-03-20,939.9000,943.2000,917.7000,919.6000,34,919.6000
2008-03-24,915.5000,922.0000,915.2000,918.3000,71,918.3000
2008-03-25,931.5000,933.9000,927.2000,934.6000,102,934.6000
2008-03-26,949.6000,949.6000,949.6000,949.0000,1,949.0000
2008-03-27,947.4000,951.7000,945.7000,948.8000,145634,948.8000
2008-03-28,947.5000,951.1000,921.8000,930.6000,64013,930.6000
2008-03-31,931.0000,940.1000,912.0000,916.2000,5980,916.2000
2008-04-01,915.0000,919.8000,871.8000,882.9000,3204,882.9000
2008-04-02,884.0000,906.5000,881.2000,895.2000,2367,895.2000
2008-04-03,901.2000,907.5000,889.6000,905.0000,984,905.0000
2008-04-04,904.7000,914.9000,898.8000,909.0000,279,909.0000
2008-04-07,915.3000,927.2000,912.3000,922.7000,2086,922.7000
2008-04-08,924.2000,925.3000,909.3000,914.0000,405,914.0000
2008-04-09,916.0000,935.5000,904.1000,933.6000,390,933.6000
2008-04-10,931.3000,939.2000,922.4000,928.3000,409,928.3000
2008-04-11,919.6000,931.2000,919.6000,923.6000,141,923.6000
2008-04-14,917.0000,929.4000,915.6000,925.4000,153,925.4000
2008-04-15,924.3000,936.0000,924.3000,928.7000,168,928.7000
2008-04-16,927.2000,948.7000,927.2000,945.1000,161,945.1000
2008-04-17,927.2000,947.9000,938.7000,939.8000,209,939.8000
2008-04-18,936.0000,936.0000,907.2000,912.2000,145,912.2000
2008-04-21,922.5000,924.6000,914.1000,914.7000,449,914.7000
2008-04-22,920.6000,922.8000,916.2000,922.3000,625,922.3000
2008-04-23,916.8000,921.5000,898.8000,906.2000,111,906.2000
2008-04-24,902.4000,904.8000,885.1000,886.8000,80,886.8000
2008-04-25,878.2000,893.6000,878.1000,887.2000,77,887.2000
2008-04-28,887.0000,893.8000,887.0000,892.9000,339,892.9000
2008-04-29,890.6000,890.6000,869.6000,874.2000,136,874.2000
2008-04-30,868.7000,875.2000,863.0000,862.8000,88,862.8000
2008-05-01,855.0000,873.5000,849.6000,848.9000,28,848.9000
2008-05-02,853.3000,857.7000,853.3000,856.1000,6,856.1000
2008-05-05,861.2000,872.8000,861.2000,872.3000,35,872.3000
2008-05-06,872.3000,881.4000,872.3000,876.0000,47,876.0000
2008-05-07,868.0000,869.4000,864.8000,869.6000,43,869.6000
2008-05-08,871.0000,883.3000,867.1000,880.6000,71,880.6000
2008-05-09,883.9000,884.7000,883.9000,884.5000,25,884.5000
2008-05-12,879.2000,886.5000,879.2000,883.7000,56,883.7000
2008-05-13,862.9000,870.4000,862.9000,868.5000,17,868.5000
2008-05-14,862.8000,868.6000,862.8000,865.4000,41,865.4000
2008-05-15,865.8000,886.3000,865.8000,879.0000,121,879.0000
2008-05-16,892.0000,904.2000,892.0000,899.0000,85,899.0000
2008-05-19,905.0000,905.0000,905.0000,905.0000,2,905.0000
2008-05-20,919.5000,919.5000,919.5000,919.5000,2,919.5000
2008-05-21,923.5000,924.0000,923.2000,928.0000,3,928.0000
2008-05-22,917.6000,917.6000,917.6000,917.9000,1,917.9000
2008-05-23,916.9000,925.6000,916.0000,925.6000,1,925.6000
2008-05-27,912.0000,912.0000,906.5000,907.7000,25,907.7000
2008-05-28,900.5000,900.5000,900.5000,900.5000,149889,900.5000
2008-05-29,903.0000,903.2000,872.1000,877.2000,64624,877.2000
2008-05-30,880.2000,888.5000,868.6000,887.3000,6671,887.3000
2008-06-02,887.3000,898.0000,881.8000,892.9000,2132,892.9000
2008-06-03,889.8000,896.1000,874.6000,881.6000,2079,881.6000
2008-06-04,879.5000,886.1000,876.0000,879.9000,612,879.9000
2008-06-05,876.1000,878.8000,865.4000,871.8000,340,871.8000
2008-06-06,878.5000,901.0000,877.7000,895.4000,230,895.4000
2008-06-09,900.7000,908.9000,890.5000,894.7000,1930,894.7000
2008-06-10,886.6000,886.6000,866.0000,867.9000,457,867.9000
2008-06-11,869.5000,882.0000,869.5000,879.7000,146,879.7000
2008-06-12,873.6000,873.6000,858.2000,869.2000,135,869.2000
2008-06-13,870.3000,870.3000,860.5000,870.3000,361,870.3000
2008-06-16,872.5000,893.0000,871.3000,883.6000,70,883.6000
2008-06-17,883.4000,887.0000,876.3000,884.3000,62,884.3000
2008-06-18,888.0000,891.9000,885.1000,890.9000,135,890.9000
2008-06-19,888.6000,906.5000,888.6000,901.7000,44,901.7000
2008-06-20,903.8000,907.3000,901.0000,901.3000,21,901.3000
2008-06-23,903.4000,903.4000,879.2000,884.8000,54,884.8000
2008-06-24,889.6000,891.2000,885.5000,889.2000,64,889.2000
2008-06-25,883.6000,883.8000,876.4000,880.0000,97,880.0000
2008-06-26,909.6000,912.6000,909.6000,913.1000,182,913.1000
2008-06-27,913.1000,927.6000,910.7000,929.3000,167,929.3000
2008-06-30,927.7000,933.7000,922.3000,926.2000,144,926.2000
2008-07-01,943.6000,945.8000,938.0000,942.5000,32,942.5000
2008-07-02,938.8000,944.8000,933.1000,944.8000,58,944.8000
2008-07-03,944.8000,944.8000,928.0000,931.9000,58,931.9000
2008-07-07,931.4000,931.4000,915.4000,927.3000,141,927.3000
2008-07-08,922.8000,922.8000,919.2000,921.9000,37,921.9000
2008-07-09,919.8000,928.2000,919.8000,927.3000,31,927.3000
2008-07-10,928.1000,942.1000,928.1000,940.9000,18,940.9000
2008-07-11,948.2000,965.7000,948.2000,959.5000,58,959.5000
2008-07-14,964.7000,974.6000,955.0000,972.7000,55,972.7000
2008-07-15,983.5000,986.2000,976.0000,977.7000,12,977.7000
2008-07-16,960.0000,960.0000,960.0000,961.8000,1,961.8000
2008-07-17,957.3000,976.2000,957.3000,970.0000,37,970.0000
2008-07-18,956.8000,957.0000,956.8000,957.3000,2,957.3000
2008-07-21,964.5000,964.5000,963.5000,963.1000,2,963.1000
2008-07-22,973.0000,974.9000,973.0000,948.0000,3,948.0000
2008-07-23,935.0000,935.0000,924.2000,922.4000,203,922.4000
2008-07-24,920.9000,926.4000,920.9000,922.0000,47,922.0000
2008-07-25,928.4000,929.2000,921.2000,926.6000,35,926.6000
2008-07-28,928.8000,931.1000,927.0000,927.6000,28,927.6000
2008-07-29,916.2000,917.7000,916.2000,916.4000,147310,916.4000
2008-07-30,917.9000,919.1000,893.3000,902.9000,93759,902.9000
2008-07-31,906.9000,925.6000,906.1000,913.9000,8550,913.9000
2008-08-01,904.9000,916.1000,902.1000,909.0000,1834,909.0000
2008-08-04,912.7000,915.3000,894.4000,900.1000,2415,900.1000
2008-08-05,895.4000,895.4000,873.3000,878.6000,790,878.6000
2008-08-06,880.7000,885.6000,875.0000,875.6000,1330,875.6000
2008-08-07,882.2000,883.8000,870.3000,870.7000,335,870.7000
2008-08-08,868.8000,869.5000,851.1000,857.8000,303,857.8000
2008-08-11,858.3000,863.4000,818.0000,821.5000,286,821.5000
2008-08-12,826.4000,826.4000,803.6000,808.2000,99,808.2000
2008-08-13,810.9000,829.1000,810.9000,825.0000,155,825.0000
2008-08-14,831.4000,831.9000,805.0000,808.2000,67,808.2000
2008-08-15,796.9000,799.2000,780.9000,786.0000,134,786.0000
2008-08-18,792.0000,801.7000,792.0000,799.7000,22,799.7000
2008-08-19,789.6000,814.5000,789.6000,811.1000,48,811.1000
2008-08-20,814.9000,814.9000,804.7000,810.3000,87,810.3000
2008-08-21,825.8000,835.6000,825.8000,833.0000,99,833.0000
2008-08-22,832.3000,836.6000,823.1000,827.4000,21,827.4000
2008-08-25,819.8000,819.8000,819.8000,819.8000,44,819.8000
2008-08-26,826.0000,826.0000,826.0000,822.2000,142,822.2000
2008-08-27,830.3000,830.3000,825.3000,828.1000,423,828.1000
2008-08-28,828.0000,842.6000,824.5000,830.9000,503,830.9000
2008-08-29,831.7000,833.0000,831.7000,829.3000,116,829.3000
2008-09-02,829.9000,840.7000,790.8000,805.0000,185,805.0000
2008-09-03,805.6000,805.6000,791.6000,802.7000,28,802.7000
2008-09-04,801.4000,809.1000,794.9000,797.9000,76,797.9000
2008-09-05,794.7000,809.0000,794.0000,797.6000,85,797.6000
2008-09-08,811.0000,813.2000,796.4000,797.5000,88,797.5000
2008-09-09,802.0000,802.0000,780.0000,787.1000,29,787.1000
2008-09-10,776.6000,781.0000,752.8000,757.9000,56,757.9000
2008-09-11,756.6000,756.6000,739.0000,741.3000,25,741.3000
2008-09-12,750.5000,756.0000,750.5000,760.3000,12,760.3000
2008-09-15,778.1000,778.6000,764.0000,783.1000,19,783.1000
2008-09-16,777.7000,777.7000,777.0000,776.5000,2,776.5000
2008-09-17,782.9000,808.0000,782.9000,846.6000,26,846.6000
2008-09-18,869.9000,910.9000,836.0000,892.7000,59,892.7000
2008-09-19,860.6000,860.6000,860.6000,860.6000,112,860.6000
2008-09-22,888.8000,908.1000,888.8000,903.9000,20,903.9000
2008-09-23,892.4000,898.9000,886.0000,885.5000,184,885.5000
2008-09-24,879.5000,891.3000,879.5000,889.0000,185,889.0000
2008-09-25,891.5000,891.5000,884.5000,877.7000,92,877.7000
2008-09-26,884.2000,890.2000,884.2000,882.9000,13695,882.9000
2008-09-29,871.3000,919.0000,866.4000,888.2000,2943,888.2000
2008-09-30,904.8000,912.5000,855.0000,874.2000,879,874.2000
2008-10-01,878.0000,889.1000,869.2000,880.7000,304,880.7000
2008-10-02,870.4000,870.4000,829.3000,839.0000,462,839.0000
2008-10-03,832.5000,844.3000,823.0000,828.9000,228,828.9000
2008-10-06,828.8000,868.8000,826.0000,862.7000,510,862.7000
2008-10-07,862.1000,883.0000,858.2000,878.4000,41,878.4000
2008-10-08,879.7000,915.5000,877.7000,903.1000,310,903.1000
2008-10-09,902.7000,919.7000,883.0000,883.1000,76,883.1000
2008-10-10,925.7000,925.7000,843.0000,855.4000,104,855.4000
2008-10-13,861.1000,861.1000,830.3000,838.9000,186,838.9000
2008-10-14,848.1000,848.1000,833.5000,836.3000,48,836.3000
2008-10-15,839.5000,848.7000,831.6000,835.5000,120,835.5000
2008-10-16,846.0000,846.0000,790.0000,801.5000,34,801.5000
2008-10-17,798.0000,807.0000,773.8000,785.1000,55,785.1000
2008-10-20,803.8000,803.8000,787.5000,787.6000,19,787.6000
2008-10-21,793.7000,793.7000,767.7000,766.1000,83,766.1000
2008-10-22,771.7000,771.7000,721.0000,733.3000,244,733.3000
2008-10-23,705.0000,719.8000,705.0000,713.3000,37,713.3000
2008-10-24,715.3000,734.2000,681.0000,729.1000,99,729.1000
2008-10-27,742.8000,744.5000,712.0000,741.7000,268,741.7000
2008-10-28,731.0000,748.8000,730.6000,739.3000,6,739.3000
2008-10-29,750.8000,750.8000,750.8000,752.8000,90,752.8000
2008-10-30,760.5000,774.0000,739.1000,737.2000,24,737.2000
2008-10-31,731.4000,736.0000,718.4000,716.8000,17,716.8000
2008-11-03,728.8000,731.5000,728.7000,725.4000,16,725.4000
2008-11-04,726.0000,760.0000,726.0000,756.0000,30,756.0000
2008-11-05,757.4000,757.4000,739.0000,741.3000,22,741.3000
2008-11-06,743.4000,759.0000,731.9000,731.2000,30,731.2000
2008-11-07,731.5000,743.0000,727.2000,733.2000,17,733.2000
2008-11-10,749.0000,753.6000,747.9000,745.6000,42,745.6000
2008-11-11,734.2000,735.6000,729.8000,732.0000,39,732.0000
2008-11-12,730.4000,734.7000,722.5000,717.7000,71,717.7000
2008-11-13,714.3000,715.5000,707.0000,704.9000,922,704.9000
2008-11-14,726.5000,747.1000,726.5000,742.4000,9,742.4000
2008-11-17,741.9000,741.9000,741.9000,741.9000,9,741.9000
2008-11-18,738.0000,744.9000,734.0000,732.6000,13,732.6000
2008-11-19,736.0000,758.8000,735.0000,735.9000,55,735.9000
2008-11-20,740.5000,750.0000,739.5000,748.6000,62,748.6000
2008-11-21,771.3000,784.1000,771.2000,791.7000,20,791.7000
2008-11-24,819.9000,824.0000,819.9000,819.4000,3,819.4000
2008-11-25,818.4000,818.4000,818.4000,818.4000,158862,818.4000
2008-11-26,819.1000,822.0000,806.8000,808.5000,158862,808.5000
2008-11-28,811.1000,819.0000,808.2000,816.2000,6325,816.2000
2008-12-01,817.2000,817.3000,766.0000,774.6000,2791,774.6000
2008-12-02,765.3000,786.0000,759.7000,781.3000,1393,781.3000
2008-12-03,780.0000,781.9000,762.9000,768.8000,439,768.8000
2008-12-04,770.0000,780.4000,761.7000,763.8000,606,763.8000
2008-12-05,764.5000,769.6000,740.0000,750.5000,888,750.5000
2008-12-08,755.0000,780.2000,754.2000,767.4000,573,767.4000
2008-12-09,775.0000,776.5000,762.3000,772.4000,101,772.4000
2008-12-10,784.1000,811.0000,783.1000,807.1000,235,807.1000
2008-12-11,803.4000,832.1000,801.0000,824.9000,260,824.9000
2008-12-12,821.5000,827.0000,813.8000,818.9000,182,818.9000
2008-12-15,828.0000,842.0000,824.0000,835.4000,470,835.4000
2008-12-16,839.0000,859.0000,831.6000,841.7000,73,841.7000
2008-12-17,854.4000,880.8000,849.3000,867.5000,122,867.5000
2008-12-18,862.4000,873.0000,852.0000,859.6000,242,859.6000
2008-12-19,846.6000,852.1000,833.3000,836.4000,106,836.4000
2008-12-22,848.5000,851.0000,844.0000,846.2000,235,846.2000
2008-12-23,848.0000,848.0000,835.0000,837.2000,176,837.2000
2008-12-24,838.9000,848.9000,838.5000,847.1000,19,847.1000
2008-12-26,847.0000,872.4000,845.8000,870.4000,88,870.4000
2008-12-29,882.9000,882.9000,875.0000,874.6000,426,874.6000
2008-12-30,878.1000,878.1000,866.5000,869.3000,139,869.3000
2008-12-31,860.0000,883.6000,858.4000,883.6000,35,883.6000
2009-01-02,881.5000,881.5000,868.9000,878.8000,46,878.8000
2009-01-05,882.0000,883.5000,847.0000,857.2000,35,857.2000
2009-01-06,855.1000,867.6000,840.0000,865.4000,113,865.4000
2009-01-07,862.0000,867.0000,837.7000,841.1000,101,841.1000
2009-01-08,837.9000,861.0000,837.9000,853.9000,255,853.9000
2009-01-09,855.9000,862.1000,855.9000,854.3000,123,854.3000
2009-01-12,844.4000,844.4000,815.4000,820.3000,72,820.3000
2009-01-13,825.6000,825.6000,815.7000,820.1000,20,820.1000
2009-01-14,825.9000,827.1000,814.0000,808.2000,5,808.2000
2009-01-15,805.6000,808.8000,805.6000,806.7000,16,806.7000
2009-01-16,834.0000,842.5000,834.0000,839.3000,64,839.3000
2009-01-20,838.7000,862.7000,824.0000,854.6000,20,854.6000
2009-01-21,850.5000,852.6000,843.8000,849.6000,37,849.6000
2009-01-22,856.8000,860.9000,846.2000,858.2000,57,858.2000
2009-01-23,875.0000,899.1000,875.0000,895.3000,52,895.3000
2009-01-26,907.3000,911.6000,901.2000,908.5000,18,908.5000
2009-01-27,902.8000,903.0000,895.2000,899.2000,48,899.2000
2009-01-28,886.1000,894.6000,883.7000,888.1000,137271,888.1000
2009-01-29,888.1000,909.7000,874.2000,905.1000,66607,905.1000
2009-01-30,909.8000,930.3000,902.0000,927.3000,10460,927.3000
2009-02-02,924.3000,928.8000,902.2000,906.7000,3220,906.7000
2009-02-03,903.2000,913.3000,889.8000,892.0000,1451,892.0000
2009-02-04,900.1000,909.2000,897.0000,901.6000,465,901.6000
2009-02-05,906.3000,924.4000,904.4000,913.6000,770,913.6000
2009-02-06,914.5000,918.5000,909.5000,913.9000,334,913.9000
2009-02-09,910.0000,911.0000,891.8000,892.4000,984,892.4000
2009-02-10,898.0000,917.5000,892.0000,913.7000,252,913.7000
2009-02-11,913.7000,947.2000,912.2000,943.8000,892,943.8000
2009-02-12,938.8000,952.8000,936.4000,948.5000,335,948.5000
2009-02-13,947.3000,947.3000,934.2000,941.5000,137,941.5000
2009-02-17,939.5000,973.8000,937.3000,967.0000,1639,967.0000
2009-02-18,968.4000,988.0000,962.2000,977.7000,422,977.7000
2009-02-19,982.7000,986.2000,972.0000,976.1000,202,976.1000
2009-02-20,974.0000,1004.9000,971.6000,1001.8000,219,1001.8000
2009-02-23,995.6000,996.5000,980.0000,994.6000,215,994.6000
2009-02-24,988.0000,991.6000,963.2000,969.1000,243,969.1000
2009-02-25,963.3000,977.5000,953.1000,965.7000,1019,965.7000
2009-02-26,953.0000,956.0000,933.0000,941.8000,687,941.8000
2009-02-27,943.4000,963.2000,928.1000,941.5000,730,941.5000
2009-03-02,945.0000,963.2000,924.5000,939.0000,474,939.0000
2009-03-03,927.0000,931.8000,906.4000,912.9000,362,912.9000
2009-03-04,914.9000,923.2000,900.1000,906.0000,155,906.0000
2009-03-05,912.0000,932.6000,908.9000,927.0000,141,927.0000
2009-03-06,933.5000,944.5000,931.8000,942.1000,308,942.1000
2009-03-09,940.5000,940.5000,914.5000,917.7000,838,917.7000
2009-03-10,921.6000,921.8000,892.1000,895.6000,120,895.6000
2009-03-11,894.7000,912.4000,894.1000,910.4000,221,910.4000
2009-03-12,909.2000,927.5000,908.0000,923.7000,118,923.7000
2009-03-13,924.4000,937.0000,924.4000,929.8000,69,929.8000
2009-03-16,926.4000,929.6000,916.7000,921.6000,139,921.6000
2009-03-17,923.2000,924.4000,912.4000,916.4000,48,916.4000
2009-03-18,915.4000,944.0000,885.0000,888.7000,120,888.7000
2009-03-19,938.0000,960.8000,933.8000,958.3000,360,958.3000
2009-03-20,960.6000,960.6000,954.0000,955.8000,23,955.8000
2009-03-23,950.7000,952.6000,937.9000,952.1000,30,952.1000
2009-03-24,923.3000,923.3000,923.3000,923.3000,1494,923.3000
2009-03-25,921.2000,936.5000,920.8000,935.4000,97,935.4000
2009-03-26,939.6000,943.0000,937.6000,939.6000,66,939.6000
2009-03-27,923.0000,923.0000,923.0000,923.0000,106869,923.0000
2009-03-30,924.6000,932.5000,908.6000,915.5000,58837,915.5000
2009-03-31,918.0000,924.5000,911.6000,922.6000,7403,922.6000
2009-04-01,918.6000,932.5000,916.9000,926.1000,3659,926.1000
2009-04-02,926.9000,930.3000,894.9000,907.4000,3389,907.4000
2009-04-03,904.6000,910.3000,891.3000,895.6000,1616,895.6000
2009-04-06,895.0000,895.0000,865.1000,871.5000,1078,871.5000
2009-04-07,872.2000,884.7000,872.2000,882.2000,395,882.2000
2009-04-08,884.0000,889.1000,879.0000,884.8000,119,884.8000
2009-04-09,882.4000,886.1000,874.7000,882.2000,360,882.2000
2009-04-13,882.5000,899.4000,882.5000,894.7000,418,894.7000
2009-04-14,896.1000,897.8000,887.4000,890.9000,362,890.9000
2009-04-15,890.0000,895.3000,888.9000,892.8000,665,892.8000
2009-04-16,890.9000,893.4000,872.8000,879.3000,632,879.3000
2009-04-17,874.0000,875.7000,865.0000,867.4000,212,867.4000
2009-04-20,868.8000,889.0000,866.1000,887.0000,655,887.0000
2009-04-21,886.9000,895.1000,880.7000,882.1000,230,882.1000
2009-04-22,883.1000,893.0000,883.0000,891.8000,330,891.8000
2009-04-23,893.6000,909.0000,892.6000,905.9000,234,905.9000
2009-04-24,911.2000,913.6000,906.7000,913.6000,438,913.6000
2009-04-27,918.0000,918.0000,906.3000,907.4000,1179,907.4000
2009-04-28,899.7000,899.7000,890.1000,892.8000,308,892.8000
2009-04-29,890.1000,902.5000,887.8000,899.8000,809,899.8000
2009-04-30,898.2000,898.9000,881.3000,890.7000,212,890.7000
2009-05-01,884.0000,889.2000,881.5000,887.6000,506,887.6000
2009-05-04,885.8000,907.5000,885.8000,901.6000,83,901.6000
2009-05-05,903.5000,912.3000,902.0000,903.7000,69,903.7000
2009-05-06,901.3000,911.1000,901.3000,910.5000,30,910.5000
2009-05-07,922.4000,924.0000,910.4000,915.0000,64,915.0000
2009-05-08,910.1000,915.3000,910.1000,914.4000,156,914.4000
2009-05-11,913.1000,914.4000,913.1000,913.0000,2,913.0000
2009-05-12,918.5000,923.5000,916.1000,923.5000,24,923.5000
2009-05-13,922.0000,929.7000,921.2000,925.5000,71,925.5000
2009-05-14,922.6000,922.6000,922.6000,928.0000,1,928.0000
2009-05-15,925.2000,931.6000,925.2000,930.9000,45,930.9000
2009-05-18,929.6000,932.9000,918.7000,921.3000,71,921.3000
2009-05-19,926.3000,926.3000,926.3000,926.3000,71,926.3000
2009-05-20,933.0000,940.5000,931.0000,937.0000,67,937.0000
2009-05-21,939.1000,943.9000,937.4000,950.8000,71,950.8000
2009-05-22,956.9000,958.7000,956.9000,958.5000,12,958.5000
2009-05-26,953.0000,953.5000,944.0000,953.1000,20,953.1000
2009-05-27,947.2000,956.0000,947.2000,953.2000,151332,953.2000
2009-05-28,948.6000,964.9000,944.0000,961.5000,74257,961.5000
2009-05-29,959.2000,980.4000,959.0000,978.8000,7607,978.8000
2009-06-01,978.8000,988.1000,973.0000,978.6000,2883,978.6000
2009-06-02,974.7000,986.5000,969.8000,983.2000,2345,983.2000
2009-06-03,981.7000,990.3000,961.0000,964.5000,1187,964.5000
2009-06-04,963.6000,982.0000,960.9000,981.2000,600,981.2000
2009-06-05,981.4000,983.0000,954.0000,961.7000,714,961.7000
2009-06-08,958.0000,960.1000,944.4000,951.7000,580,951.7000
2009-06-09,953.5000,963.7000,948.4000,954.0000,684,954.0000
2009-06-10,956.0000,966.0000,949.2000,954.0000,698,954.0000
2009-06-11,954.3000,961.9000,943.1000,961.3000,583,961.3000
2009-06-12,955.9000,956.5000,935.8000,940.1000,166,940.1000
2009-06-15,938.5000,938.5000,926.9000,926.9000,258,926.9000
2009-06-16,930.9000,938.6000,930.9000,931.6000,149,931.6000
2009-06-17,931.5000,937.8000,930.4000,935.4000,29,935.4000
2009-06-18,942.0000,942.0000,931.0000,934.0000,91,934.0000
2009-06-19,932.0000,936.5000,932.0000,935.6000,73,935.6000
2009-06-22,925.0000,926.2000,919.0000,920.6000,134,920.6000
2009-06-23,921.9000,926.5000,917.3000,923.9000,181,923.9000
2009-06-24,925.4000,942.7000,922.9000,934.1000,588,934.1000
2009-06-25,932.3000,939.1000,932.3000,939.1000,72,939.1000
2009-06-26,945.3000,946.0000,939.6000,940.7000,185,940.7000
2009-06-29,940.2000,942.5000,934.8000,940.4000,445,940.4000
2009-06-30,941.4000,943.9000,925.3000,927.1000,128,927.1000
2009-07-01,929.3000,944.2000,928.0000,941.0000,88,941.0000
2009-07-02,941.4000,941.5000,926.6000,930.7000,67,930.7000
2009-07-06,933.5000,933.5000,920.2000,924.0000,108,924.0000
2009-07-07,924.2000,931.7000,921.2000,928.8000,57,928.8000
2009-07-08,919.6000,919.6000,905.6000,909.0000,41,909.0000
2009-07-09,907.2000,917.4000,907.2000,915.9000,74,915.9000
2009-07-10,910.7000,913.5000,908.5000,912.2000,40,912.2000
2009-07-13,911.5000,922.2000,908.4000,922.2000,30,922.2000
2009-07-14,920.2000,926.2000,920.2000,922.5000,64,922.5000
2009-07-15,928.9000,941.0000,928.3000,939.1000,67,939.1000
2009-07-16,938.4000,938.4000,934.8000,935.1000,63,935.1000
2009-07-17,936.9000,937.8000,931.8000,937.2000,34,937.2000
2009-07-20,954.1000,954.5000,950.9000,948.5000,5,948.5000
2009-07-21,948.6000,948.6000,945.8000,946.6000,15,946.6000
2009-07-22,949.2000,953.0000,946.4000,953.0000,71,953.0000
2009-07-23,954.2000,954.2000,949.8000,954.5000,47,954.5000
2009-07-24,950.3000,952.8000,950.3000,952.8000,77,952.8000
2009-07-27,955.1000,957.1000,953.3000,953.3000,5,953.3000
2009-07-28,949.5000,949.5000,937.5000,939.0000,10,939.0000
2009-07-29,927.2000,927.2000,927.2000,927.2000,129090,927.2000
2009-07-30,929.2000,937.0000,928.4000,934.9000,36620,934.9000
2009-07-31,934.4000,958.1000,932.0000,953.7000,10747,953.7000
2009-08-03,952.6000,964.0000,952.4000,956.6000,2602,956.6000
2009-08-04,956.6000,969.5000,950.8000,967.5000,565,967.5000
2009-08-05,967.6000,968.1000,959.8000,964.2000,742,964.2000
2009-08-06,964.1000,971.1000,956.5000,960.7000,543,960.7000
2009-08-07,964.3000,964.3000,954.6000,957.3000,641,957.3000
2009-08-10,955.0000,956.1000,943.5000,945.0000,395,945.0000
2009-08-11,947.2000,949.7000,943.1000,945.8000,106,945.8000
2009-08-12,947.5000,951.5000,943.0000,950.7000,102,950.7000
2009-08-13,952.6000,960.1000,952.3000,954.7000,104,954.7000
2009-08-14,957.4000,957.4000,942.1000,947.0000,141,947.0000
2009-08-17,947.4000,947.4000,931.5000,934.3000,128,934.3000
2009-08-18,938.6000,938.6000,935.5000,937.7000,276,937.7000
2009-08-19,941.8000,944.9000,933.4000,943.3000,194,943.3000
2009-08-20,942.9000,945.7000,940.1000,940.3000,35,940.3000
2009-08-21,957.0000,957.6000,952.6000,953.2000,53,953.2000
2009-08-24,953.5000,957.0000,941.3000,942.3000,198,942.3000
2009-08-25,946.3000,954.5000,943.5000,944.5000,143,944.5000
2009-08-26,947.5000,948.2000,940.3000,944.3000,128,944.3000
2009-08-27,944.2000,949.4000,942.9000,945.5000,193,945.5000
2009-08-28,949.3000,962.2000,948.1000,957.0000,182,957.0000
2009-08-31,959.5000,959.5000,944.8000,951.7000,21,951.7000
2009-09-01,954.2000,956.5000,948.7000,954.7000,17,954.7000
2009-09-02,954.0000,978.8000,954.0000,976.6000,65,976.6000
2009-09-03,978.1000,995.8000,978.1000,995.8000,55,995.8000
2009-09-04,992.6000,995.0000,985.5000,994.9000,75,994.9000
2009-09-08,993.5000,1006.9000,993.2000,997.9000,90,997.9000
2009-09-09,1002.0000,1002.8000,988.8000,995.3000,84,995.3000
2009-09-10,996.2000,997.2000,987.3000,995.4000,51,995.4000
2009-09-11,999.7000,1011.9000,999.7000,1004.9000,198,1004.9000
2009-09-14,1002.9000,1003.8000,998.5000,999.9000,91,999.9000
2009-09-15,998.0000,1008.0000,994.9000,1005.0000,118,1005.0000
2009-09-16,1014.7000,1019.8000,1014.7000,1018.9000,92,1018.9000
2009-09-17,1017.2000,1019.5000,1011.6000,1012.3000,48,1012.3000
2009-09-18,1013.9000,1017.6000,1009.2000,1009.2000,26,1009.2000
2009-09-21,1003.7000,1003.7000,998.0000,1003.7000,26,1003.7000
2009-09-22,1011.5000,1019.4000,1011.5000,1014.2000,67,1014.2000
2009-09-23,1014.4000,1015.2000,1008.2000,1013.0000,212,1013.0000
2009-09-24,1015.0000,1015.0000,993.9000,997.5000,123,997.5000
2009-09-25,997.3000,997.4000,986.7000,990.2000,70,990.2000
2009-09-28,993.2000,993.2000,991.4000,992.5000,6999,992.5000
2009-09-29,990.5000,995.7000,984.7000,993.1000,5742,993.1000
2009-09-30,992.5000,1009.0000,992.5000,1008.0000,1393,1008.0000
2009-10-01,1007.4000,1008.8000,998.0000,999.5000,213,999.5000
2009-10-02,998.8000,1007.3000,986.8000,1003.2000,247,1003.2000
2009-10-05,1004.1000,1017.6000,1003.0000,1016.7000,180,1016.7000
2009-10-06,1019.5000,1043.8000,1018.3000,1038.6000,180,1038.6000
2009-10-07,1038.3000,1048.2000,1038.3000,1043.3000,180,1043.3000
2009-10-08,1045.8000,1060.4000,1045.1000,1055.4000,160,1055.4000
2009-10-09,1049.3000,1051.5000,1044.0000,1047.8000,175,1047.8000
2009-10-12,1049.0000,1058.4000,1049.0000,1056.7000,209,1056.7000
2009-10-13,1064.0000,1068.4000,1056.5000,1064.2000,183,1064.2000
2009-10-14,1064.0000,1070.2000,1057.6000,1063.9000,140,1063.9000
2009-10-15,1062.2000,1062.2000,1048.0000,1049.8000,179,1049.8000
2009-10-16,1051.5000,1056.2000,1043.7000,1050.7000,76,1050.7000
2009-10-19,1053.6000,1061.2000,1049.2000,1057.3000,157,1057.3000
2009-10-20,1065.5000,1066.2000,1054.0000,1057.8000,231,1057.8000
2009-10-21,1053.7000,1064.0000,1047.5000,1063.7000,35,1063.7000
2009-10-22,1061.2000,1061.2000,1051.5000,1057.8000,173,1057.8000
2009-10-23,1063.8000,1065.9000,1050.2000,1055.6000,116,1055.6000
2009-10-26,1055.6000,1055.6000,1039.9000,1042.1000,76,1042.1000
2009-10-27,1039.5000,1042.1000,1034.7000,1034.7000,100,1034.7000
2009-10-28,1042.1000,1042.1000,1028.0000,1029.9000,307,1029.9000
2009-10-29,1035.2000,1047.3000,1032.4000,1046.4000,234,1046.4000
2009-10-30,1045.5000,1045.8000,1035.6000,1039.7000,148,1039.7000
2009-11-02,1053.4000,1061.8000,1043.5000,1053.4000,41,1053.4000
2009-11-03,1084.3000,1087.0000,1056.8000,1084.3000,196,1084.3000
2009-11-04,1086.7000,1097.4000,1082.2000,1086.7000,114,1086.7000
2009-11-05,1088.7000,1092.3000,1086.0000,1088.7000,63,1088.7000
2009-11-06,1095.1000,1100.0000,1090.2000,1095.1000,102,1095.1000
2009-11-09,1098.6000,1109.3000,1098.6000,1100.8000,102,1100.8000
2009-11-10,1100.9000,1108.6000,1098.2000,1101.9000,92,1101.9000
2009-11-11,1114.0000,1117.6000,1106.3000,1114.0000,104,1114.0000
2009-11-12,1106.0000,1121.3000,1104.3000,1106.0000,68,1106.0000
2009-11-13,1116.1000,1118.2000,1105.0000,1116.1000,56,1116.1000
2009-11-16,1138.6000,1140.5000,1127.2000,1138.6000,64,1138.6000
2009-11-17,1138.8000,1140.4000,1131.3000,1138.8000,67,1138.8000
2009-11-18,1140.7000,1149.4000,1136.5000,1140.7000,77,1140.7000
2009-11-19,1141.4000,1144.8000,1135.5000,1141.4000,20,1141.4000
2009-11-20,1146.4000,1147.9000,1137.3000,1146.4000,18,1146.4000
2009-11-23,1164.3000,1163.0000,1164.3000,1164.3000,3,1164.3000
2009-11-24,1165.5000,1169.8000,1167.5000,1165.5000,26,1165.5000
2009-11-25,1186.9000,1186.9000,1186.9000,1186.9000,205513,1186.9000
2009-11-27,1190.8000,1195.0000,1130.1000,1174.2000,112015,1174.2000
2009-11-30,1179.9000,1183.7000,1163.7000,1181.1000,14549,1181.1000
2009-12-01,1181.0000,1202.7000,1176.0000,1199.1000,3787,1199.1000
2009-12-02,1196.4000,1217.3000,1196.3000,1212.0000,2145,1212.0000
2009-12-03,1218.0000,1226.4000,1204.6000,1217.4000,1530,1217.4000
2009-12-04,1207.8000,1211.2000,1147.0000,1168.8000,4288,1168.8000
2009-12-07,1157.6000,1165.5000,1136.3000,1163.4000,3669,1163.4000
2009-12-08,1159.5000,1169.3000,1125.3000,1142.8000,784,1142.8000
2009-12-09,1130.3000,1147.0000,1116.5000,1120.4000,2256,1120.4000
2009-12-10,1125.7000,1134.8000,1122.2000,1125.7000,344,1125.7000
2009-12-11,1132.7000,1141.4000,1110.8000,1119.4000,912,1119.4000
2009-12-14,1123.3000,1127.5000,1114.5000,1123.3000,230,1123.3000
2009-12-15,1127.9000,1128.6000,1111.9000,1122.4000,242,1122.4000
2009-12-16,1125.7000,1140.0000,1122.4000,1135.5000,205,1135.5000
2009-12-17,1141.5000,1141.5000,1095.7000,1106.8000,422,1106.8000
2009-12-18,1110.8000,1115.2000,1097.8000,1110.8000,404,1110.8000
2009-12-21,1095.4000,1119.2000,1090.8000,1095.4000,248,1095.4000
2009-12-22,1095.3000,1097.4000,1075.0000,1086.0000,480,1086.0000
2009-12-23,1093.3000,1094.6000,1080.0000,1093.3000,168,1093.3000
2009-12-24,1092.0000,1105.3000,1092.0000,1104.1000,127,1104.1000
2009-12-28,1107.2000,1111.9000,1102.8000,1107.2000,350,1107.2000
2009-12-29,1097.0000,1105.2000,1097.0000,1097.0000,1038,1097.0000
2009-12-30,1091.5000,1097.1000,1086.0000,1091.5000,399,1091.5000
2009-12-31,1095.2000,1106.1000,1094.0000,1095.2000,149,1095.2000
2010-01-04,1117.7000,1122.3000,1097.1000,1117.7000,184,1117.7000
2010-01-05,1118.1000,1126.5000,1115.0000,1118.1000,53,1118.1000
2010-01-06,1135.9000,1139.2000,1120.7000,1135.9000,363,1135.9000
2010-01-07,1133.1000,1133.1000,1129.2000,1133.1000,56,1133.1000
2010-01-08,1138.2000,1138.2000,1122.7000,1138.2000,54,1138.2000
2010-01-11,1150.7000,1161.2000,1143.0000,1150.7000,177,1150.7000
2010-01-12,1128.9000,1157.2000,1127.2000,1128.9000,51,1128.9000
2010-01-13,1136.4000,1136.4000,1121.0000,1136.4000,58,1136.4000
2010-01-14,1137.0000,1145.9000,1132.8000,1142.6000,81,1142.6000
2010-01-15,1132.8000,1133.4000,1127.2000,1130.1000,50,1130.1000
2010-01-19,1139.7000,1139.7000,1130.5000,1139.7000,22,1139.7000
2010-01-20,1123.3000,1133.0000,1109.8000,1112.3000,28,1112.3000
2010-01-21,1102.7000,1107.5000,1090.2000,1102.7000,99,1102.7000
2010-01-22,1089.2000,1095.4000,1083.0000,1089.2000,58,1089.2000
2010-01-25,1095.2000,1095.2000,1095.2000,1095.2000,8,1095.2000
2010-01-26,1097.9000,1097.9000,1097.9000,1097.9000,4,1097.9000
2010-01-27,1084.4000,1084.4000,1084.4000,1084.4000,206694,1084.4000
2010-01-28,1087.8000,1095.7000,1073.2000,1083.6000,101168,1083.6000
2010-01-29,1085.0000,1090.8000,1074.5000,1083.0000,11456,1083.0000
2010-02-01,1081.0000,1107.3000,1076.8000,1104.3000,2452,1104.3000
2010-02-02,1117.4000,1118.5000,1100.2000,1117.4000,3326,1117.4000
2010-02-03,1115.8000,1124.9000,1108.6000,1111.4000,853,1111.4000
2010-02-04,1110.0000,1110.7000,1059.0000,1062.4000,1426,1062.4000
2010-02-05,1052.2000,1068.5000,1045.2000,1052.2000,1956,1052.2000
2010-02-08,1065.7000,1073.4000,1061.6000,1065.7000,549,1065.7000
2010-02-09,1076.7000,1082.0000,1063.1000,1076.7000,387,1076.7000
2010-02-10,1075.8000,1081.1000,1063.3000,1075.8000,640,1075.8000
2010-02-11,1076.8000,1097.1000,1075.6000,1094.2000,1491,1094.2000
2010-02-12,1089.5000,1092.0000,1079.8000,1089.5000,197,1089.5000
2010-02-16,1119.3000,1120.4000,1092.4000,1119.3000,928,1119.3000
2010-02-17,1119.5000,1127.0000,1108.5000,1119.5000,1083,1119.5000
2010-02-18,1118.0000,1123.7000,1100.8000,1118.0000,989,1118.0000
2010-02-19,1121.3000,1126.2000,1099.7000,1121.3000,137,1121.3000
2010-02-22,1112.6000,1127.4000,1110.0000,1112.6000,124,1112.6000
2010-02-23,1116.4000,1118.3000,1102.6000,1102.7000,152,1102.7000
2010-02-24,1096.5000,1096.5000,1096.5000,1096.5000,751,1096.5000
2010-02-25,1107.8000,1108.2000,1088.7000,1107.8000,386,1107.8000
2010-02-26,1106.8000,1118.3000,1106.8000,1118.3000,382,1118.3000
2010-03-01,1119.3000,1121.9000,1113.6000,1117.8000,184,1117.8000
2010-03-02,1136.9000,1137.4000,1115.7000,1136.9000,155,1136.9000
2010-03-03,1142.7000,1145.0000,1133.7000,1142.7000,170,1142.7000
2010-03-04,1132.6000,1139.0000,1128.6000,1132.6000,118,1132.6000
2010-03-05,1134.8000,1134.8000,1134.8000,1134.8000,129,1134.8000
2010-03-08,1123.6000,1123.6000,1123.6000,1123.6000,17,1123.6000
2010-03-09,1122.0000,1124.0000,1113.1000,1122.0000,27,1122.0000
2010-03-10,1107.8000,1127.1000,1106.9000,1107.8000,21,1107.8000
2010-03-11,1108.0000,1108.0000,1108.0000,1108.0000,46,1108.0000
2010-03-12,1101.5000,1117.4000,1099.9000,1101.5000,135,1101.5000
2010-03-15,1105.1000,1107.1000,1101.4000,1105.1000,21,1105.1000
2010-03-16,1122.2000,1127.0000,1114.5000,1122.2000,66,1122.2000
2010-03-17,1124.0000,1131.4000,1118.0000,1124.0000,29,1124.0000
2010-03-18,1127.4000,1127.8000,1121.1000,1127.4000,86,1127.4000
2010-03-19,1107.4000,1107.4000,1107.4000,1107.4000,54,1107.4000
2010-03-22,1099.3000,1099.3000,1099.3000,1099.3000,71,1099.3000
2010-03-23,1103.5000,1103.5000,1103.5000,1103.5000,16,1103.5000
2010-03-24,1088.6000,1092.4000,1085.5000,1088.6000,9,1088.6000
2010-03-25,1092.7000,1092.7000,1086.7000,1092.7000,8,1092.7000
2010-03-26,1104.2000,1104.2000,1104.2000,1104.2000,5,1104.2000
2010-03-29,1110.3000,1110.3000,1110.3000,1110.3000,158733,1110.3000
2010-03-30,1109.7000,1112.9000,1101.1000,1104.5000,56533,1104.5000
2010-03-31,1103.1000,1118.7000,1102.0000,1113.3000,5950,1113.3000
2010-04-01,1125.1000,1127.7000,1111.3000,1125.1000,2696,1125.1000
2010-04-05,1122.3000,1133.3000,1119.9000,1132.9000,567,1132.9000
2010-04-06,1130.8000,1138.5000,1122.7000,1135.1000,2490,1135.1000
2010-04-07,1152.3000,1153.0000,1132.6000,1152.3000,1342,1152.3000
2010-04-08,1152.2000,1152.3000,1144.0000,1152.2000,254,1152.2000
2010-04-09,1161.1000,1164.8000,1150.5000,1161.1000,505,1161.1000
2010-04-12,1161.6000,1169.0000,1154.6000,1161.6000,483,1161.6000
2010-04-13,1152.8000,1157.0000,1145.0000,1152.8000,278,1152.8000
2010-04-14,1159.0000,1160.6000,1151.2000,1159.0000,162,1159.0000
2010-04-15,1157.5000,1159.8000,1151.0000,1159.7000,179,1159.7000
2010-04-16,1136.3000,1160.0000,1130.4000,1136.3000,483,1136.3000
2010-04-19,1135.2000,1137.1000,1124.0000,1135.2000,145,1135.2000
2010-04-20,1138.6000,1145.8000,1136.0000,1138.6000,80,1138.6000
2010-04-21,1148.2000,1150.0000,1138.4000,1148.2000,68,1148.2000
2010-04-22,1142.3000,1144.0000,1133.6000,1142.3000,213,1142.3000
2010-04-23,1153.1000,1153.1000,1153.1000,1153.1000,40,1153.1000
2010-04-26,1160.1000,1160.1000,1151.4000,1153.5000,108,1153.5000
2010-04-27,1152.8000,1170.7000,1148.6000,1161.7000,213,1161.7000
2010-04-28,1171.3000,1171.3000,1171.3000,1171.3000,299,1171.3000
2010-04-29,1168.4000,1171.2000,1164.0000,1168.4000,166,1168.4000
2010-04-30,1180.1000,1181.3000,1170.0000,1180.1000,146,1180.1000
2010-05-03,1178.6000,1187.5000,1177.3000,1182.7000,90,1182.7000
2010-05-04,1168.6000,1191.8000,1168.3000,1168.6000,94,1168.6000
2010-05-05,1174.6000,1177.2000,1159.2000,1174.6000,98,1174.6000
2010-05-06,1196.9000,1210.6000,1175.9000,1196.9000,79,1196.9000
2010-05-07,1210.0000,1210.8000,1194.6000,1210.0000,112,1210.0000
2010-05-10,1200.4000,1203.8000,1189.2000,1200.4000,118,1200.4000
2010-05-11,1219.9000,1233.5000,1201.5000,1219.9000,201,1219.9000
2010-05-12,1242.7000,1246.5000,1227.1000,1242.7000,213,1242.7000
2010-05-13,1235.3000,1240.0000,1228.7000,1228.8000,37,1228.8000
2010-05-14,1227.4000,1227.4000,1227.4000,1227.4000,99,1227.4000
2010-05-17,1233.3000,1235.9000,1225.2000,1227.7000,49,1227.7000
2010-05-18,1214.3000,1216.1000,1208.2000,1214.3000,73,1214.3000
2010-05-19,1192.6000,1192.6000,1192.6000,1192.6000,75,1192.6000
2010-05-20,1187.8000,1191.8000,1179.4000,1187.8000,297,1187.8000
2010-05-21,1175.7000,1175.7000,1175.7000,1175.7000,177,1175.7000
2010-05-24,1193.8000,1193.8000,1193.8000,1193.8000,14,1193.8000
2010-05-25,1197.8000,1200.0000,1195.6000,1197.8000,9,1197.8000
2010-05-26,1213.3000,1213.3000,1213.3000,1213.3000,237497,1213.3000
2010-05-27,1211.7000,1218.5000,1205.4000,1211.9000,109434,1211.9000
2010-05-28,1210.4000,1214.8000,1201.1000,1212.2000,12895,1212.2000
2010-06-01,1224.8000,1228.2000,1209.3000,1224.8000,4547,1224.8000
2010-06-02,1220.6000,1225.8000,1213.2000,1220.6000,2799,1220.6000
2010-06-03,1208.3000,1224.0000,1201.0000,1208.3000,1552,1208.3000
2010-06-04,1207.6000,1220.4000,1196.9000,1216.2000,1070,1216.2000
2010-06-07,1239.3000,1244.7000,1211.0000,1239.3000,859,1239.3000
2010-06-08,1241.5000,1252.1000,1234.1000,1244.0000,763,1244.0000
2010-06-09,1237.0000,1238.2000,1222.0000,1228.5000,446,1228.5000
2010-06-10,1232.8000,1233.5000,1215.1000,1220.8000,488,1220.8000
2010-06-11,1228.9000,1229.6000,1218.0000,1228.9000,481,1228.9000
2010-06-14,1223.2000,1232.7000,1217.7000,1223.3000,989,1223.3000
2010-06-15,1222.6000,1236.0000,1222.4000,1233.2000,251,1233.2000
2010-06-16,1229.3000,1229.3000,1229.3000,1229.3000,318,1229.3000
2010-06-17,1233.9000,1251.1000,1233.9000,1247.5000,266,1247.5000
2010-06-18,1247.7000,1261.5000,1242.9000,1257.2000,130,1257.2000
2010-06-21,1257.4000,1264.8000,1232.0000,1239.7000,219,1239.7000
2010-06-22,1239.9000,1242.8000,1232.1000,1239.9000,172,1239.9000
2010-06-23,1233.9000,1245.1000,1226.9000,1234.1000,100,1234.1000
2010-06-24,1236.4000,1248.1000,1230.7000,1245.5000,253,1245.5000
2010-06-25,1246.7000,1256.9000,1243.7000,1255.8000,159,1255.8000
2010-06-28,1238.2000,1238.2000,1238.2000,1238.2000,351,1238.2000
2010-06-29,1242.0000,1245.0000,1228.5000,1242.0000,417,1242.0000
2010-06-30,1245.5000,1246.2000,1236.7000,1245.5000,73,1245.5000
2010-07-01,1206.3000,1242.4000,1204.5000,1206.3000,50,1206.3000
2010-07-02,1201.4000,1211.6000,1200.8000,1207.4000,169,1207.4000
2010-07-06,1207.3000,1211.8000,1190.5000,1194.8000,52,1194.8000
2010-07-07,1198.6000,1198.6000,1198.6000,1198.6000,18,1198.6000
2010-07-08,1195.8000,1203.3000,1189.3000,1195.8000,93,1195.8000
2010-07-09,1209.6000,1213.0000,1195.0000,1209.6000,22,1209.6000
2010-07-12,1198.5000,1198.5000,1198.5000,1198.5000,45,1198.5000
2010-07-13,1213.3000,1217.4000,1205.2000,1213.3000,53,1213.3000
2010-07-14,1212.0000,1213.8000,1202.4000,1206.8000,54,1206.8000
2010-07-15,1208.1000,1208.1000,1208.1000,1208.1000,32,1208.1000
2010-07-16,1188.0000,1188.0000,1188.0000,1188.0000,46,1188.0000
2010-07-19,1181.7000,1182.2000,1180.0000,1181.7000,4,1181.7000
2010-07-20,1191.5000,1191.5000,1191.5000,1191.5000,8,1191.5000
2010-07-21,1191.6000,1194.5000,1184.1000,1191.6000,24,1191.6000
2010-07-22,1195.5000,1196.0000,1194.4000,1195.5000,79,1195.5000
2010-07-23,1187.7000,1198.6000,1187.7000,1187.7000,32,1187.7000
2010-07-26,1183.0000,1183.0000,1183.0000,1183.0000,37,1183.0000
2010-07-27,1158.0000,1158.0000,1158.0000,1158.0000,29,1158.0000
2010-07-28,1160.4000,1160.4000,1160.4000,1160.4000,206828,1160.4000
2010-07-29,1163.8000,1169.2000,1158.7000,1168.4000,54384,1168.4000
2010-07-30,1168.2000,1183.1000,1166.0000,1181.7000,5466,1181.7000
2010-08-02,1183.4000,1191.8000,1174.7000,1183.4000,2504,1183.4000
2010-08-03,1185.2000,1190.5000,1180.0000,1185.2000,598,1185.2000
2010-08-04,1186.3000,1203.0000,1186.3000,1193.7000,1068,1193.7000
2010-08-05,1197.2000,1199.3000,1190.0000,1197.2000,214,1197.2000
2010-08-06,1203.3000,1211.0000,1195.3000,1203.4000,347,1203.4000
2010-08-09,1205.8000,1209.5000,1199.8000,1200.7000,658,1200.7000
2010-08-10,1196.2000,1206.5000,1191.0000,1196.2000,713,1196.2000
2010-08-11,1197.5000,1208.0000,1193.0000,1197.5000,351,1197.5000
2010-08-12,1214.8000,1215.5000,1199.0000,1214.8000,289,1214.8000
2010-08-13,1214.9000,1214.9000,1214.9000,1214.9000,138,1214.9000
2010-08-16,1224.5000,1225.4000,1218.0000,1224.5000,252,1224.5000
2010-08-17,1226.6000,1227.4000,1224.0000,1226.6000,84,1226.6000
2010-08-18,1229.7000,1231.6000,1218.0000,1229.7000,169,1229.7000
2010-08-19,1233.8000,1237.6000,1228.8000,1233.8000,46,1233.8000
2010-08-20,1227.2000,1232.8000,1223.0000,1227.2000,236,1227.2000
2010-08-23,1226.9000,1228.9000,1222.9000,1226.9000,56,1226.9000
2010-08-24,1231.8000,1234.0000,1211.5000,1231.8000,300,1231.8000
2010-08-25,1239.5000,1240.7000,1230.7000,1239.5000,298,1239.5000
2010-08-26,1235.4000,1243.3000,1235.0000,1235.4000,104,1235.4000
2010-08-27,1236.0000,1236.0000,1236.0000,1236.0000,573,1236.0000
2010-08-30,1237.1000,1237.9000,1234.0000,1237.1000,128,1237.1000
2010-08-31,1248.3000,1249.4000,1233.0000,1248.3000,124,1248.3000
2010-09-01,1246.3000,1254.3000,1243.6000,1246.3000,41,1246.3000
2010-09-02,1251.5000,1252.5000,1246.9000,1251.5000,100,1251.5000
2010-09-03,1249.2000,1249.2000,1240.0000,1249.2000,3,1249.2000
2010-09-07,1257.3000,1258.0000,1255.5000,1257.3000,7,1257.3000
2010-09-08,1255.6000,1260.2000,1254.7000,1255.6000,27,1255.6000
2010-09-09,1248.9000,1256.0000,1244.1000,1248.9000,9,1248.9000
2010-09-10,1244.5000,1244.5000,1244.5000,1244.5000,20,1244.5000
2010-09-13,1245.1000,1245.1000,1245.1000,1245.1000,18,1245.1000
2010-09-14,1269.7000,1272.4000,1253.4000,1269.7000,87,1269.7000
2010-09-15,1266.6000,1269.8000,1263.5000,1266.7000,34,1266.7000
2010-09-16,1271.9000,1275.2000,1268.7000,1271.9000,37,1271.9000
2010-09-17,1275.6000,1279.6000,1273.8000,1275.6000,54,1275.6000
2010-09-20,1279.0000,1282.0000,1279.0000,1279.0000,27,1279.0000
2010-09-21,1272.4000,1289.8000,1271.8000,1272.4000,56,1272.4000
2010-09-22,1290.2000,1290.2000,1290.2000,1290.2000,17,1290.2000
2010-09-23,1294.3000,1294.3000,1289.4000,1294.3000,45,1294.3000
2010-09-24,1296.0000,1297.4000,1294.2000,1296.0000,37,1296.0000
2010-09-27,1296.7000,1296.7000,1296.7000,1296.7000,67,1296.7000
2010-09-28,1287.5000,1308.6000,1287.5000,1306.6000,25190,1306.6000
2010-09-29,1309.4000,1312.5000,1305.0000,1308.5000,6745,1308.5000
2010-09-30,1307.2000,1315.2000,1295.7000,1307.8000,579,1307.8000
2010-10-01,1309.0000,1320.0000,1309.0000,1316.1000,153,1316.1000
2010-10-04,1318.3000,1319.1000,1312.0000,1315.4000,95,1315.4000
2010-10-05,1312.9000,1341.1000,1312.9000,1338.9000,197,1338.9000
2010-10-06,1339.1000,1349.0000,1339.0000,1346.4000,215,1346.4000
2010-10-07,1347.9000,1363.0000,1325.7000,1333.9000,261,1333.9000
2010-10-08,1333.5000,1348.4000,1325.0000,1344.2000,80,1344.2000
2010-10-11,1346.7000,1353.7000,1344.0000,1353.3000,79,1353.3000
2010-10-12,1346.9000,1352.2000,1343.6000,1345.7000,112,1345.7000
2010-10-13,1356.4000,1374.0000,1355.1000,1369.5000,251,1369.5000
2010-10-14,1372.8000,1383.9000,1371.3000,1376.7000,106,1376.7000
2010-10-15,1379.2000,1382.4000,1364.7000,1371.1000,170,1371.1000
2010-10-18,1358.0000,1372.6000,1358.0000,1371.2000,46,1371.2000
2010-10-19,1366.8000,1370.5000,1328.5000,1335.1000,301,1335.1000
2010-10-20,1336.0000,1345.8000,1334.2000,1343.3000,148,1343.3000
2010-10-21,1344.2000,1346.2000,1317.5000,1324.7000,102,1324.7000
2010-10-22,1326.7000,1328.1000,1319.0000,1324.4000,113,1324.4000
2010-10-25,1333.6000,1349.1000,1333.1000,1338.3000,194,1338.3000
2010-10-26,1341.2000,1341.2000,1328.3000,1338.0000,195,1338.0000
2010-10-27,1341.0000,1341.0000,1321.1000,1322.2000,106,1322.2000
2010-10-28,1327.9000,1343.6000,1325.9000,1342.1000,192,1342.1000
2010-10-29,1340.2000,1358.7000,1336.8000,1357.1000,74,1357.1000
2010-11-01,1360.3000,1360.3000,1350.7000,1350.2000,40,1350.2000
2010-11-02,1356.8000,1356.8000,1355.5000,1356.4000,17,1356.4000
2010-11-03,1351.4000,1359.2000,1327.5000,1337.1000,135,1337.1000
2010-11-04,1368.6000,1392.5000,1368.6000,1382.7000,109,1382.7000
2010-11-05,1390.7000,1398.0000,1378.2000,1397.3000,109,1397.3000
2010-11-08,1390.5000,1409.2000,1387.1000,1402.8000,112,1402.8000
2010-11-09,1405.2000,1423.2000,1382.9000,1409.8000,84,1409.8000
2010-11-10,1395.2000,1408.1000,1384.0000,1399.1000,29,1399.1000
2010-11-11,1400.7000,1413.5000,1397.3000,1403.1000,26,1403.1000
2010-11-12,1407.9000,1407.9000,1360.1000,1365.4000,182,1365.4000
2010-11-15,1363.7000,1372.6000,1355.3000,1368.4000,46,1368.4000
2010-11-16,1356.5000,1358.2000,1329.5000,1338.3000,67,1338.3000
2010-11-17,1336.9000,1341.8000,1331.3000,1336.8000,50,1336.8000
2010-11-18,1349.5000,1353.2000,1347.7000,1352.9000,17,1352.9000
2010-11-19,1350.7000,1352.0000,1344.5000,1352.2000,7,1352.2000
2010-11-22,1357.7000,1357.7000,1357.7000,1357.7000,7,1357.7000
2010-11-23,1369.4000,1377.5000,1364.5000,1377.5000,15,1377.5000
2010-11-24,1377.8000,1377.8000,1377.8000,1372.9000,3,1372.9000
2010-11-26,1372.1000,1372.1000,1372.1000,1362.3000,138416,1362.3000
2010-11-29,1364.0000,1369.3000,1352.6000,1366.0000,94486,1366.0000
2010-11-30,1366.7000,1390.1000,1362.8000,1385.0000,11370,1385.0000
2010-12-01,1386.8000,1396.6000,1382.3000,1387.3000,4759,1387.3000
2010-12-02,1387.6000,1398.6000,1383.3000,1388.5000,1550,1388.5000
2010-12-03,1385.1000,1415.1000,1385.1000,1405.4000,2341,1405.4000
2010-12-06,1414.0000,1428.4000,1410.0000,1415.3000,833,1415.3000
2010-12-07,1424.5000,1431.1000,1398.0000,1408.3000,866,1408.3000
2010-12-08,1402.5000,1403.8000,1372.0000,1382.5000,1675,1382.5000
2010-12-09,1380.6000,1394.2000,1380.5000,1392.1000,971,1392.1000
2010-12-10,1388.9000,1392.0000,1373.1000,1384.3000,457,1384.3000
2010-12-13,1384.5000,1399.2000,1384.5000,1397.3000,193,1397.3000
2010-12-14,1401.9000,1407.3000,1391.8000,1403.6000,431,1403.6000
2010-12-15,1394.0000,1394.0000,1379.5000,1385.5000,215,1385.5000
2010-12-16,1380.9000,1385.0000,1362.5000,1370.4000,228,1370.4000
2010-12-17,1376.4000,1378.6000,1365.9000,1378.6000,102,1378.6000
2010-12-20,1383.2000,1386.7000,1376.5000,1385.5000,125,1385.5000
2010-12-21,1385.8000,1389.5000,1381.5000,1388.2000,113,1388.2000
2010-12-22,1388.0000,1389.5000,1385.0000,1386.8000,58,1386.8000
2010-12-23,1388.4000,1388.4000,1373.7000,1380.0000,101,1380.0000
2010-12-27,1373.5000,1384.2000,1373.5000,1382.4000,322,1382.4000
2010-12-28,1389.8000,1406.7000,1389.8000,1405.2000,519,1405.2000
2010-12-29,1403.4000,1412.2000,1402.9000,1413.1000,413,1413.1000
2010-12-30,1413.8000,1413.8000,1403.1000,1405.6000,185,1405.6000
2010-12-31,1405.7000,1421.1000,1405.7000,1421.1000,54,1421.1000
2011-01-03,1415.6000,1423.9000,1413.7000,1422.6000,28,1422.6000
2011-01-04,1409.6000,1410.9000,1375.8000,1378.5000,122,1378.5000
2011-01-05,1383.4000,1384.0000,1364.2000,1373.4000,175,1373.4000
2011-01-06,1374.8000,1376.5000,1368.9000,1371.4000,158,1371.4000
2011-01-07,1372.7000,1377.2000,1355.5000,1368.5000,225,1368.5000
2011-01-10,1369.0000,1374.0000,1365.7000,1373.7000,181,1373.7000
2011-01-11,1375.4000,1384.5000,1373.9000,1384.0000,13,1384.0000
2011-01-12,1382.6000,1385.5000,1378.0000,1385.7000,204,1385.7000
2011-01-13,1386.1000,1392.5000,1371.4000,1386.9000,66,1386.9000
2011-01-14,1375.0000,1376.0000,1356.7000,1360.4000,252,1360.4000
2011-01-18,1365.1000,1371.0000,1359.2000,1368.1000,106,1368.1000
2011-01-19,1371.9000,1376.2000,1367.0000,1370.2000,40,1370.2000
2011-01-20,1367.7000,1367.7000,1345.0000,1346.5000,10,1346.5000
2011-01-21,1341.7000,1345.6000,1338.6000,1341.0000,20,1341.0000
2011-01-24,1352.3000,1352.3000,1341.8000,1344.5000,2,1344.5000
2011-01-25,1330.4000,1331.5000,1323.6000,1332.3000,394,1332.3000
2011-01-26,1333.0000,1341.7000,1333.0000,1333.0000,4,1333.0000
2011-01-27,1342.0000,1342.0000,1318.4000,1318.4000,210699,1318.4000
2011-01-28,1314.0000,1346.6000,1307.7000,1340.7000,73023,1340.7000
2011-01-31,1339.0000,1345.9000,1323.3000,1333.8000,13657,1333.8000
2011-02-01,1333.1000,1342.9000,1325.3000,1339.6000,3180,1339.6000
2011-02-02,1344.0000,1344.0000,1327.0000,1331.5000,1363,1331.5000
2011-02-03,1335.6000,1355.8000,1324.9000,1352.3000,1865,1352.3000
2011-02-04,1354.8000,1360.0000,1345.0000,1348.3000,591,1348.3000
2011-02-07,1345.8000,1353.8000,1343.8000,1347.6000,1004,1347.6000
2011-02-08,1351.2000,1367.0000,1350.0000,1363.4000,2536,1363.4000
2011-02-09,1362.8000,1366.5000,1359.6000,1364.8000,146,1364.8000
2011-02-10,1364.3000,1364.5000,1351.7000,1361.9000,312,1361.9000
2011-02-11,1364.0000,1368.8000,1355.2000,1359.9000,488,1359.9000
2011-02-14,1357.8000,1365.6000,1356.6000,1364.6000,181,1364.6000
2011-02-15,1361.6000,1376.0000,1361.6000,1373.6000,321,1373.6000
2011-02-16,1373.6000,1382.0000,1370.5000,1374.7000,156,1374.7000
2011-02-17,1377.7000,1384.7000,1377.0000,1384.7000,113,1384.7000
2011-02-18,1384.1000,1391.8000,1381.8000,1388.2000,98,1388.2000
2011-02-22,1395.1000,1408.7000,1395.1000,1400.5000,430,1400.5000
2011-02-23,1397.8000,1413.8000,1397.8000,1413.4000,318,1413.4000
2011-02-24,1415.1000,1415.3000,1408.3000,1415.3000,809,1415.3000
2011-02-25,1401.7000,1411.0000,1401.0000,1408.7000,352,1408.7000
2011-02-28,1410.7000,1415.7000,1407.7000,1409.3000,205,1409.3000
2011-03-01,1415.3000,1434.4000,1415.3000,1430.7000,116,1430.7000
2011-03-02,1432.5000,1440.5000,1428.8000,1437.2000,1600,1437.2000
2011-03-03,1432.3000,1432.3000,1415.9000,1416.0000,244,1416.0000
2011-03-04,1418.9000,1429.8000,1416.8000,1428.2000,60,1428.2000
2011-03-07,1434.5000,1445.0000,1429.5000,1434.1000,613,1434.1000
2011-03-08,1431.6000,1432.6000,1424.3000,1426.9000,198,1426.9000
2011-03-09,1430.0000,1435.7000,1426.1000,1429.3000,98,1429.3000
2011-03-10,1429.5000,1429.8000,1403.8000,1412.2000,23,1412.2000
2011-03-11,1413.7000,1422.6000,1404.9000,1421.5000,23,1421.5000
2011-03-14,1420.0000,1427.7000,1420.0000,1424.6000,58,1424.6000
2011-03-15,1413.3000,1413.3000,1385.5000,1392.6000,20,1392.6000
2011-03-16,1398.0000,1404.2000,1394.3000,1396.0000,38,1396.0000
2011-03-17,1387.7000,1393.6000,1387.7000,1404.0000,27,1404.0000
2011-03-18,1406.4000,1419.3000,1406.4000,1415.9000,6,1415.9000
2011-03-21,1433.5000,1433.5000,1430.8000,1426.2000,43,1426.2000
2011-03-22,1430.4000,1430.4000,1430.4000,1427.5000,85,1427.5000
2011-03-23,1432.2000,1439.7000,1432.2000,1437.9000,19,1437.9000
2011-03-24,1437.7000,1446.9000,1437.5000,1434.8000,27,1434.8000
2011-03-25,1436.0000,1436.0000,1436.0000,1426.1000,1,1426.1000
2011-03-28,1413.2000,1415.6000,1413.2000,1419.8000,6,1419.8000
2011-03-29,1416.0000,1416.0000,1416.0000,1416.0000,135792,1416.0000
2011-03-30,1418.7000,1430.3000,1412.0000,1423.8000,47011,1423.8000
2011-03-31,1423.3000,1440.0000,1420.7000,1438.9000,8230,1438.9000
2011-04-01,1433.4000,1436.5000,1413.0000,1428.1000,5318,1428.1000
2011-04-04,1429.1000,1439.1000,1428.8000,1432.2000,683,1432.2000
2011-04-05,1437.9000,1457.6000,1430.3000,1451.8000,2609,1451.8000
2011-04-06,1456.9000,1462.3000,1452.0000,1457.7000,901,1457.7000
2011-04-07,1459.7000,1462.5000,1453.9000,1458.5000,229,1458.5000
2011-04-08,1457.6000,1475.5000,1457.5000,1473.4000,1407,1473.4000
2011-04-11,1476.0000,1476.0000,1459.7000,1467.4000,378,1467.4000
2011-04-12,1461.8000,1467.2000,1444.4000,1452.9000,345,1452.9000
2011-04-13,1455.0000,1462.0000,1454.0000,1454.9000,197,1454.9000
2011-04-14,1456.8000,1476.0000,1452.7000,1471.7000,535,1471.7000
2011-04-15,1477.6000,1487.5000,1473.2000,1485.3000,293,1485.3000
2011-04-18,1486.3000,1497.3000,1477.5000,1492.3000,650,1492.3000
2011-04-19,1493.3000,1499.5000,1489.0000,1494.5000,168,1494.5000
2011-04-20,1494.0000,1505.3000,1494.0000,1498.3000,386,1498.3000
2011-04-21,1503.7000,1508.3000,1501.7000,1503.2000,237,1503.2000
2011-04-25,1513.3000,1518.0000,1502.8000,1508.6000,233,1508.6000
2011-04-26,1501.5000,1506.3000,1495.0000,1503.0000,223,1503.0000
2011-04-27,1507.1000,1512.8000,1505.2000,1516.7000,460,1516.7000
2011-04-28,1528.6000,1536.0000,1526.6000,1530.8000,425,1530.8000
2011-04-29,1538.7000,1568.7000,1537.3000,1556.0000,124,1556.0000
2011-05-02,1572.9000,1576.6000,1543.1000,1556.7000,200,1556.7000
2011-05-03,1542.5000,1547.0000,1527.5000,1540.1000,246,1540.1000
2011-05-04,1535.0000,1539.0000,1506.2000,1514.9000,272,1514.9000
2011-05-05,1514.7000,1520.7000,1471.0000,1480.9000,133,1480.9000
2011-05-06,1473.2000,1494.8000,1472.3000,1491.2000,144,1491.2000
2011-05-09,1501.5000,1512.8000,1501.3000,1502.9000,44,1502.9000
2011-05-10,1508.4000,1516.9000,1508.4000,1516.6000,13,1516.6000
2011-05-11,1524.0000,1524.1000,1495.2000,1501.1000,30,1501.1000
2011-05-12,1492.1000,1498.5000,1484.8000,1506.6000,11,1506.6000
2011-05-13,1503.5000,1511.3000,1490.2000,1493.4000,16,1493.4000
2011-05-16,1489.3000,1494.9000,1489.3000,1490.4000,10,1490.4000
2011-05-17,1489.8000,1491.8000,1473.0000,1479.8000,41,1479.8000
2011-05-18,1496.4000,1497.0000,1496.3000,1495.6000,82,1495.6000
2011-05-19,1491.5000,1491.5000,1491.5000,1492.2000,1,1492.2000
2011-05-20,1499.0000,1512.7000,1488.7000,1508.8000,93,1508.8000
2011-05-23,1510.5000,1512.3000,1507.0000,1515.3000,42,1515.3000
2011-05-24,1527.1000,1527.1000,1521.9000,1523.2000,4,1523.2000
2011-05-25,1526.4000,1527.5000,1526.1000,1526.6000,10,1526.6000
2011-05-26,1521.2000,1521.2000,1519.5000,1522.8000,186986,1522.8000
2011-05-27,1519.4000,1538.5000,1518.4000,1536.3000,76719,1536.3000
2011-05-31,1536.7000,1541.1000,1532.4000,1535.9000,6152,1535.9000
2011-06-01,1535.7000,1550.6000,1529.7000,1542.4000,2845,1542.4000
2011-06-02,1541.3000,1544.5000,1520.0000,1532.0000,1651,1532.0000
2011-06-03,1534.7000,1546.3000,1525.0000,1541.7000,1745,1541.7000
2011-06-06,1542.9000,1553.9000,1542.0000,1546.5000,691,1546.5000
2011-06-07,1545.0000,1549.9000,1537.2000,1543.3000,2530,1543.3000
2011-06-08,1544.2000,1544.2000,1531.3000,1538.1000,489,1538.1000
2011-06-09,1536.1000,1548.8000,1534.4000,1542.1000,288,1542.1000
2011-06-10,1543.7000,1543.9000,1526.4000,1528.6000,632,1528.6000
2011-06-13,1528.1000,1533.0000,1511.3000,1515.0000,851,1515.0000
2011-06-14,1517.2000,1526.2000,1513.1000,1523.8000,306,1523.8000
2011-06-15,1525.0000,1533.4000,1515.0000,1525.6000,648,1525.6000
2011-06-16,1526.0000,1531.2000,1522.0000,1529.3000,164,1529.3000
2011-06-17,1523.0000,1541.6000,1523.0000,1538.6000,72,1538.6000
2011-06-20,1536.0000,1545.7000,1535.2000,1541.5000,99,1541.5000
2011-06-21,1540.1000,1547.5000,1540.0000,1546.0000,125,1546.0000
2011-06-22,1547.2000,1558.5000,1544.4000,1552.9000,222,1552.9000
2011-06-23,1547.2000,1547.2000,1514.7000,1520.1000,300,1520.1000
2011-06-24,1524.7000,1525.0000,1498.5000,1500.5000,257,1500.5000
2011-06-27,1503.5000,1503.5000,1490.7000,1496.0000,140,1496.0000
2011-06-28,1499.9000,1505.0000,1496.1000,1499.7000,508,1499.7000
2011-06-29,1504.1000,1512.2000,1504.1000,1509.9000,395,1509.9000
2011-06-30,1511.5000,1514.0000,1498.8000,1502.3000,69,1502.3000
2011-07-01,1502.2000,1502.2000,1480.0000,1482.3000,66,1482.3000
2011-07-05,1490.4000,1515.0000,1490.3000,1512.3000,199,1512.3000
2011-07-06,1513.7000,1531.5000,1510.3000,1528.7000,71,1528.7000
2011-07-07,1529.1000,1533.1000,1522.7000,1530.2000,55,1530.2000
2011-07-08,1527.0000,1542.6000,1526.6000,1541.2000,3,1541.2000
2011-07-11,1550.0000,1555.2000,1543.1000,1548.8000,14,1548.8000
2011-07-12,1548.2000,1565.0000,1542.0000,1561.9000,8,1561.9000
2011-07-13,1574.0000,1585.6000,1570.8000,1585.2000,29,1585.2000
2011-07-14,1586.3000,1592.8000,1583.6000,1589.0000,19,1589.0000
2011-07-15,1582.3000,1592.2000,1582.3000,1589.8000,8,1589.8000
2011-07-18,1592.8000,1605.0000,1592.8000,1602.1000,13,1602.1000
2011-07-19,1608.1000,1608.8000,1583.3000,1600.9000,63,1600.9000
2011-07-20,1584.3000,1596.7000,1582.4000,1596.7000,9,1596.7000
2011-07-21,1598.0000,1601.6000,1586.6000,1586.8000,24,1586.8000
2011-07-22,1588.5000,1606.5000,1588.5000,1601.3000,12,1601.3000
2011-07-25,1610.0000,1619.4000,1610.0000,1612.0000,67,1612.0000
2011-07-26,1609.8000,1618.5000,1609.8000,1616.6000,28,1616.6000
2011-07-27,1619.7000,1619.7000,1617.0000,1615.0000,232220,1615.0000
2011-07-28,1614.2000,1620.6000,1602.8000,1613.4000,70263,1613.4000
2011-07-29,1617.1000,1634.9000,1610.6000,1628.3000,6761,1628.3000
2011-08-01,1623.0000,1631.8000,1607.0000,1619.0000,2889,1619.0000
2011-08-02,1619.3000,1660.6000,1616.8000,1641.9000,2440,1641.9000
2011-08-03,1659.9000,1672.3000,1651.6000,1663.4000,2024,1663.4000
2011-08-04,1660.5000,1681.8000,1640.0000,1656.2000,1952,1656.2000
2011-08-05,1647.5000,1666.1000,1642.7000,1648.8000,825,1648.8000
2011-08-08,1679.1000,1720.0000,1678.1000,1710.2000,1885,1710.2000
2011-08-09,1722.5000,1779.0000,1720.1000,1740.0000,1861,1740.0000
2011-08-10,1744.0000,1795.6000,1741.3000,1781.3000,969,1781.3000
2011-08-11,1795.1000,1813.5000,1733.3000,1748.8000,1503,1748.8000
2011-08-12,1760.6000,1764.2000,1723.8000,1740.2000,1166,1740.2000
2011-08-15,1734.9000,1765.2000,1730.5000,1755.5000,976,1755.5000
2011-08-16,1769.0000,1787.3000,1761.6000,1782.4000,278,1782.4000
2011-08-17,1784.8000,1794.3000,1782.0000,1791.2000,231,1791.2000
2011-08-18,1786.5000,1828.5000,1785.5000,1818.9000,868,1818.9000
2011-08-19,1823.7000,1874.4000,1823.7000,1848.9000,328,1848.9000
2011-08-22,1868.6000,1895.0000,1858.4000,1888.7000,1106,1888.7000
2011-08-23,1909.0000,1909.3000,1824.6000,1858.3000,458,1858.3000
2011-08-24,1833.0000,1853.1000,1753.1000,1754.1000,992,1754.1000
2011-08-25,1748.4000,1772.5000,1707.3000,1759.8000,864,1759.8000
2011-08-26,1768.5000,1829.3000,1768.5000,1794.1000,270,1794.1000
2011-08-29,1817.9000,1817.9000,1786.7000,1788.4000,828,1788.4000
2011-08-30,1787.2000,1839.6000,1783.1000,1826.7000,598,1826.7000
2011-08-31,1830.6000,1837.9000,1811.4000,1828.5000,336,1828.5000
2011-09-01,1825.8000,1829.5000,1814.4000,1826.0000,263,1826.0000
2011-09-02,1828.6000,1884.2000,1828.6000,1873.7000,442,1873.7000
2011-09-06,1886.3000,1911.6000,1864.0000,1869.9000,536,1869.9000
2011-09-07,1868.9000,1873.7000,1792.8000,1814.2000,470,1814.2000
2011-09-08,1839.3000,1870.0000,1835.0000,1854.4000,142,1854.4000
2011-09-09,1858.1000,1881.3000,1830.0000,1856.4000,188,1856.4000
2011-09-12,1852.4000,1852.4000,1806.0000,1809.9000,245,1809.9000
2011-09-13,1817.8000,1835.3000,1808.1000,1826.8000,52,1826.8000
2011-09-14,1843.0000,1843.0000,1809.0000,1823.5000,156,1823.5000
2011-09-15,1816.3000,1816.3000,1775.8000,1778.5000,80,1778.5000
2011-09-16,1768.5000,1819.1000,1768.5000,1812.1000,111,1812.1000
2011-09-19,1814.7000,1818.9000,1788.0000,1776.4000,13,1776.4000
2011-09-20,1778.8000,1807.8000,1776.0000,1806.6000,86,1806.6000
2011-09-21,1808.0000,1811.7000,1782.8000,1805.5000,22,1805.5000
2011-09-22,1773.2000,1773.2000,1730.9000,1739.2000,23,1739.2000
2011-09-23,1737.3000,1737.3000,1636.3000,1637.5000,81,1637.5000
2011-09-26,1646.4000,1661.8000,1562.4000,1592.5000,151,1592.5000
2011-09-27,1653.8000,1665.4000,1653.7000,1650.6000,47,1650.6000
2011-09-28,1650.0000,1650.0000,1650.0000,1616.3000,21275,1616.3000
2011-09-29,1604.0000,1633.8000,1585.0000,1615.5000,7181,1615.5000
2011-09-30,1620.8000,1639.4000,1609.4000,1620.4000,284,1620.4000
2011-10-03,1627.8000,1660.8000,1627.6000,1656.0000,101,1656.0000
2011-10-04,1661.0000,1678.1000,1596.6000,1614.7000,159,1614.7000
2011-10-05,1629.3000,1640.3000,1599.6000,1640.3000,114,1640.3000
2011-10-06,1642.6000,1654.7000,1637.6000,1651.9000,38,1651.9000
2011-10-07,1657.0000,1665.0000,1626.2000,1634.5000,66,1634.5000
2011-10-10,1645.6000,1676.8000,1645.6000,1669.6000,61,1669.6000
2011-10-11,1685.0000,1685.0000,1657.6000,1659.7000,151,1659.7000
2011-10-12,1667.1000,1691.0000,1667.1000,1681.3000,37,1681.3000
2011-10-13,1676.1000,1678.8000,1656.2000,1667.3000,148,1667.3000
2011-10-14,1665.8000,1683.3000,1665.8000,1681.8000,51,1681.8000
2011-10-17,1683.6000,1693.5000,1667.3000,1675.5000,41,1675.5000
2011-10-18,1666.0000,1666.0000,1627.5000,1651.7000,85,1651.7000
2011-10-19,1659.3000,1659.3000,1641.3000,1646.0000,22,1646.0000
2011-10-20,1643.2000,1643.2000,1608.7000,1611.9000,92,1611.9000
2011-10-21,1626.1000,1647.4000,1626.1000,1635.1000,32,1635.1000
2011-10-24,1646.2000,1657.8000,1646.2000,1651.5000,313,1651.5000
2011-10-25,1645.0000,1706.8000,1645.0000,1699.6000,355,1699.6000
2011-10-26,1717.0000,1723.6000,1708.9000,1722.7000,135,1722.7000
2011-10-27,1717.8000,1735.5000,1717.8000,1746.7000,494,1746.7000
2011-10-28,1752.0000,1752.0000,1733.0000,1746.2000,158,1746.2000
2011-10-31,1741.9000,1741.9000,1717.0000,1724.2000,62,1724.2000
2011-11-01,1706.7000,1720.1000,1682.5000,1711.0000,246,1711.0000
2011-11-02,1724.3000,1741.4000,1723.2000,1728.7000,294,1728.7000
2011-11-03,1740.5000,1766.0000,1726.6000,1764.2000,290,1764.2000
2011-11-04,1757.0000,1761.2000,1754.9000,1755.3000,47,1755.3000
2011-11-07,1755.3000,1797.0000,1755.3000,1790.3000,35,1790.3000
2011-11-08,1798.4000,1798.4000,1785.7000,1798.4000,14,1798.4000
2011-11-09,1793.0000,1793.0000,1774.2000,1790.9000,6,1790.9000
2011-11-10,1766.8000,1766.8000,1754.8000,1758.9000,16,1758.9000
2011-11-11,1777.0000,1789.1000,1777.0000,1787.5000,28,1787.5000
2011-11-14,1779.0000,1779.0000,1779.0000,1777.8000,24,1777.8000
2011-11-15,1779.2000,1783.1000,1761.3000,1781.7000,18,1781.7000
2011-11-16,1777.5000,1777.5000,1757.7000,1773.8000,65,1773.8000
2011-11-17,1755.3000,1755.3000,1714.0000,1719.8000,54,1719.8000
2011-11-18,1725.0000,1736.0000,1719.0000,1724.7000,14,1724.7000
2011-11-21,1704.6000,1704.6000,1674.4000,1678.3000,9,1678.3000
2011-11-22,1675.4000,1702.2000,1675.4000,1702.2000,13,1702.2000
2011-11-23,1691.2000,1700.0000,1681.6000,1695.7000,34,1695.7000
2011-11-25,1690.1000,1693.5000,1675.3000,1685.5000,28,1685.5000
2011-11-28,1710.8000,1710.8000,1710.8000,1710.8000,175525,1710.8000
2011-11-29,1711.3000,1718.4000,1704.0000,1713.4000,64786,1713.4000
2011-11-30,1714.0000,1749.2000,1699.9000,1745.5000,15463,1745.5000
2011-12-01,1747.0000,1753.3000,1734.5000,1735.3000,1350,1735.3000
2011-12-02,1744.8000,1762.9000,1741.6000,1747.0000,1067,1747.0000
2011-12-05,1748.9000,1752.6000,1718.7000,1730.7000,756,1730.7000
2011-12-06,1722.1000,1731.8000,1703.0000,1727.9000,648,1727.9000
2011-12-07,1730.6000,1741.9000,1720.0000,1740.9000,300,1740.9000
2011-12-08,1742.0000,1752.3000,1705.4000,1709.8000,942,1709.8000
2011-12-09,1713.3000,1720.7000,1705.7000,1712.8000,568,1712.8000
2011-12-12,1707.5000,1708.2000,1658.5000,1664.2000,894,1664.2000
2011-12-13,1654.7000,1671.8000,1628.0000,1659.9000,274,1659.9000
2011-12-14,1636.5000,1639.5000,1565.8000,1584.3000,890,1584.3000
2011-12-15,1571.4000,1592.8000,1565.6000,1574.6000,589,1574.6000
2011-12-16,1587.4000,1595.9000,1586.0000,1595.6000,57,1595.6000
2011-12-19,1596.4000,1603.4000,1589.7000,1594.4000,92,1594.4000
2011-12-20,1596.4000,1617.0000,1596.4000,1615.6000,215,1615.6000
2011-12-21,1615.6000,1635.0000,1608.3000,1611.9000,38,1611.9000
2011-12-22,1608.8000,1610.0000,1601.9000,1608.9000,599,1608.9000
2011-12-23,1612.0000,1612.8000,1604.7000,1604.7000,62,1604.7000
2011-12-27,1599.0000,1599.0000,1592.6000,1594.2000,52,1594.2000
2011-12-28,1584.9000,1588.6000,1561.3000,1562.9000,763,1562.9000
2011-12-29,1559.3000,1559.3000,1525.0000,1539.9000,866,1539.9000
2011-12-30,1549.4000,1579.5000,1547.9000,1565.8000,289,1565.8000
2012-01-03,1568.9000,1604.3000,1566.0000,1599.7000,229,1599.7000
2012-01-04,1596.6000,1618.6000,1594.5000,1611.9000,172,1611.9000
2012-01-05,1610.8000,1624.1000,1597.8000,1619.4000,362,1619.4000
2012-01-06,1622.5000,1627.8000,1616.1000,1616.1000,20,1616.1000
2012-01-09,1614.3000,1620.1000,1607.5000,1607.5000,8,1607.5000
2012-01-10,1619.9000,1638.0000,1619.9000,1631.0000,47,1631.0000
2012-01-11,1634.8000,1645.4000,1633.8000,1639.2000,65,1639.2000
2012-01-12,1645.2000,1656.1000,1645.2000,1647.3000,84,1647.3000
2012-01-13,1638.9000,1643.4000,1630.4000,1630.4000,368,1630.4000
2012-01-17,1643.7000,1657.8000,1642.1000,1655.2000,16,1655.2000
2012-01-18,1654.0000,1660.3000,1654.0000,1659.5000,11,1659.5000
2012-01-19,1663.0000,1664.4000,1653.5000,1654.1000,58,1654.1000
2012-01-20,1652.8000,1664.3000,1652.8000,1663.7000,8,1663.7000
2012-01-23,1676.9000,1680.0000,1669.9000,1678.0000,10,1678.0000
2012-01-24,1666.9000,1668.2000,1664.2000,1664.2000,5,1664.2000
2012-01-25,1673.0000,1706.2000,1672.0000,1699.8000,239,1699.8000
2012-01-26,1729.0000,1729.0000,1721.0000,1726.3000,16,1726.3000
2012-01-27,1727.0000,1734.1000,1727.0000,1731.8000,175023,1731.8000
2012-01-30,1737.2000,1739.9000,1715.7000,1731.0000,53427,1731.0000
2012-01-31,1731.7000,1747.7000,1725.0000,1737.8000,7540,1737.8000
2012-02-01,1738.2000,1751.1000,1734.0000,1747.1000,2027,1747.1000
2012-02-02,1745.1000,1761.1000,1742.9000,1756.8000,2062,1756.8000
2012-02-03,1758.7000,1761.3000,1724.5000,1737.9000,543,1737.9000
2012-02-06,1728.0000,1738.3000,1713.3000,1722.8000,726,1722.8000
2012-02-07,1722.0000,1748.0000,1713.2000,1746.4000,272,1746.4000
2012-02-08,1744.0000,1751.5000,1728.2000,1729.3000,955,1729.3000
2012-02-09,1731.4000,1749.7000,1726.1000,1739.0000,119,1739.0000
2012-02-10,1732.7000,1734.4000,1706.4000,1723.3000,248,1723.3000
2012-02-13,1725.0000,1733.0000,1718.4000,1723.0000,104,1723.0000
2012-02-14,1720.0000,1724.9000,1715.0000,1715.9000,94,1715.9000
2012-02-15,1723.6000,1737.0000,1723.6000,1726.3000,110,1726.3000
2012-02-16,1718.4000,1728.4000,1707.0000,1726.8000,38,1726.8000
2012-02-17,1733.6000,1735.1000,1718.8000,1724.5000,80,1724.5000
2012-02-21,1736.1000,1760.0000,1733.6000,1757.1000,115,1757.1000
2012-02-22,1758.7000,1781.9000,1750.0000,1770.0000,161,1770.0000
2012-02-23,1774.0000,1786.0000,1773.0000,1784.9000,298,1784.9000
2012-02-24,1778.5000,1780.7000,1771.3000,1775.1000,129,1775.1000
2012-02-27,1773.6000,1775.6000,1768.1000,1773.6000,841,1773.6000
2012-02-28,1767.9000,1789.4000,1767.9000,1787.0000,306,1787.0000
2012-02-29,1789.9000,1790.4000,1669.0000,1709.9000,359,1709.9000
2012-03-01,1698.6000,1724.6000,1698.6000,1721.1000,214,1721.1000
2012-03-02,1723.0000,1723.0000,1705.2000,1708.8000,135,1708.8000
2012-03-05,1705.5000,1709.5000,1695.4000,1703.0000,421,1703.0000
2012-03-06,1708.7000,1708.7000,1666.0000,1671.4000,176,1671.4000
2012-03-07,1676.0000,1684.0000,1673.1000,1683.3000,39,1683.3000
2012-03-08,1686.4000,1702.4000,1686.4000,1698.1000,301,1698.1000
2012-03-09,1698.8000,1710.9000,1680.7000,1710.9000,73,1710.9000
2012-03-12,1708.1000,1708.1000,1694.9000,1699.2000,98,1699.2000
2012-03-13,1698.4000,1698.4000,1685.1000,1693.7000,47,1693.7000
2012-03-14,1676.9000,1681.0000,1637.4000,1642.5000,201,1642.5000
2012-03-15,1646.3000,1660.2000,1640.0000,1659.1000,405,1659.1000
2012-03-16,1660.0000,1661.4000,1641.3000,1655.5000,317,1655.5000
2012-03-19,1661.2000,1668.0000,1652.1000,1666.9000,462,1666.9000
2012-03-20,1648.1000,1652.3000,1642.0000,1646.7000,250,1646.7000
2012-03-21,1657.8000,1660.0000,1646.1000,1650.0000,546,1650.0000
2012-03-22,1648.0000,1649.4000,1633.8000,1642.3000,321,1642.3000
2012-03-23,1652.5000,1665.1000,1646.3000,1662.3000,76,1662.3000
2012-03-26,1665.0000,1692.9000,1657.8000,1685.5000,84,1685.5000
2012-03-27,1687.8000,1690.8000,1684.4000,1684.8000,100,1684.8000
2012-03-28,1670.1000,1670.1000,1657.9000,1657.9000,193107,1657.9000
2012-03-29,1661.8000,1664.5000,1644.3000,1652.2000,47342,1652.2000
2012-03-30,1660.6000,1670.0000,1659.0000,1669.3000,9825,1669.3000
2012-04-02,1670.4000,1682.8000,1662.0000,1677.5000,2531,1677.5000
2012-04-03,1677.6000,1679.5000,1638.7000,1670.0000,1165,1670.0000
2012-04-04,1646.5000,1647.0000,1612.3000,1612.3000,1122,1612.3000
2012-04-05,1620.8000,1633.2000,1620.4000,1628.5000,289,1628.5000
2012-04-09,1645.3000,1646.4000,1636.5000,1642.5000,158,1642.5000
2012-04-10,1649.0000,1661.7000,1636.2000,1659.5000,350,1659.5000
2012-04-11,1654.8000,1659.7000,1654.7000,1659.0000,426,1659.0000
2012-04-12,1660.0000,1680.1000,1650.0000,1679.5000,1309,1679.5000
2012-04-13,1673.3000,1674.8000,1650.0000,1659.1000,220,1659.1000
2012-04-16,1650.8000,1656.8000,1641.2000,1648.7000,717,1648.7000
2012-04-17,1652.0000,1652.9000,1637.0000,1650.3000,69,1650.3000
2012-04-18,1653.2000,1653.3000,1638.1000,1638.8000,273,1638.8000
2012-04-19,1642.1000,1653.1000,1632.0000,1640.6000,77,1640.6000
2012-04-20,1641.7000,1645.6000,1640.9000,1642.1000,54,1642.1000
2012-04-23,1642.4000,1642.4000,1625.1000,1631.9000,226,1631.9000
2012-04-24,1634.4000,1648.6000,1634.4000,1643.0000,123,1643.0000
2012-04-25,1641.3000,1643.8000,1626.9000,1641.4000,82,1641.4000
2012-04-26,1658.3000,1659.6000,1658.3000,1659.6000,280,1659.6000
2012-04-27,1654.5000,1666.9000,1654.0000,1664.0000,236,1664.0000
2012-04-30,1663.0000,1665.7000,1653.0000,1663.4000,36,1663.4000
2012-05-01,1665.0000,1670.5000,1661.7000,1661.7000,25,1661.7000
2012-05-02,1659.2000,1659.2000,1648.3000,1653.4000,50,1653.4000
2012-05-03,1651.2000,1652.2000,1631.3000,1634.2000,78,1634.2000
2012-05-04,1635.7000,1645.6000,1629.4000,1644.7000,68,1644.7000
2012-05-07,1637.9000,1640.0000,1632.6000,1638.6000,21,1638.6000
2012-05-08,1636.7000,1636.7000,1596.0000,1604.0000,154,1604.0000
2012-05-09,1595.3000,1595.3000,1586.3000,1593.7000,30,1593.7000
2012-05-10,1594.2000,1595.1000,1592.4000,1595.1000,6,1595.1000
2012-05-11,1586.1000,1589.6000,1583.6000,1583.6000,6,1583.6000
2012-05-14,1563.0000,1563.1000,1555.5000,1560.6000,5,1560.6000
2012-05-15,1555.4000,1558.3000,1542.4000,1556.8000,28,1556.8000
2012-05-16,1541.4000,1541.4000,1528.5000,1536.2000,26,1536.2000
2012-05-17,1546.9000,1579.0000,1546.9000,1574.5000,51,1574.5000
2012-05-18,1573.7000,1591.6000,1568.2000,1591.6000,26,1591.6000
2012-05-21,1591.9000,1594.1000,1588.4000,1588.4000,32,1588.4000
2012-05-22,1575.7000,1578.1000,1568.4000,1576.3000,27,1576.3000
2012-05-23,1538.2000,1548.1000,1534.4000,1548.1000,6,1548.1000
2012-05-24,1559.0000,1569.4000,1551.5000,1557.3000,23,1557.3000
2012-05-25,1558.2000,1568.8000,1557.3000,1568.8000,7,1568.8000
2012-05-29,1574.7000,1582.5000,1548.6000,1548.6000,259050,1548.6000
2012-05-30,1553.9000,1569.0000,1530.4000,1563.4000,79887,1563.4000
2012-05-31,1562.7000,1572.6000,1551.8000,1562.6000,5901,1562.6000
2012-06-01,1560.0000,1630.0000,1545.5000,1620.5000,2820,1620.5000
2012-06-04,1623.0000,1627.9000,1609.0000,1612.2000,2134,1612.2000
2012-06-05,1619.3000,1622.7000,1612.9000,1615.2000,604,1615.2000
2012-06-06,1619.7000,1639.7000,1616.5000,1632.8000,419,1632.8000
2012-06-07,1622.6000,1627.2000,1581.9000,1586.6000,1200,1586.6000
2012-06-08,1589.9000,1593.9000,1566.5000,1590.1000,157,1590.1000
2012-06-11,1608.0000,1608.0000,1583.0000,1595.5000,129,1595.5000
2012-06-12,1594.1000,1612.8000,1588.5000,1612.7000,523,1612.7000
2012-06-13,1608.2000,1622.4000,1608.2000,1618.1000,655,1618.1000
2012-06-14,1621.2000,1626.4000,1610.1000,1618.4000,493,1618.4000
2012-06-15,1624.3000,1630.0000,1621.5000,1627.0000,1015,1627.0000
2012-06-18,1622.6000,1627.6000,1615.0000,1625.7000,246,1625.7000
2012-06-19,1629.8000,1630.7000,1622.0000,1622.2000,32,1622.2000
2012-06-20,1618.3000,1618.3000,1601.3000,1614.8000,140,1614.8000
2012-06-21,1603.2000,1603.3000,1564.5000,1564.5000,29,1564.5000
2012-06-22,1565.5000,1568.4000,1560.0000,1566.0000,16,1566.0000
2012-06-25,1574.9000,1587.5000,1571.0000,1587.5000,32,1587.5000
2012-06-26,1583.5000,1583.5000,1567.7000,1574.0000,104,1574.0000
2012-06-27,1567.0000,1577.5000,1563.0000,1577.5000,220,1577.5000
2012-06-28,1573.7000,1573.7000,1548.4000,1549.7000,133,1549.7000
2012-06-29,1562.6000,1603.5000,1561.9000,1603.5000,61,1603.5000
2012-07-02,1597.1000,1598.3000,1589.7000,1597.2000,35,1597.2000
2012-07-03,1603.8000,1624.0000,1603.8000,1621.3000,44,1621.3000
2012-07-05,1618.5000,1619.2000,1598.0000,1608.9000,27,1608.9000
2012-07-06,1592.3000,1593.8000,1578.4000,1578.4000,15,1578.4000
2012-07-09,1582.1000,1588.6000,1580.9000,1588.6000,5,1588.6000
2012-07-10,1599.2000,1599.8000,1567.6000,1579.3000,12,1579.3000
2012-07-11,1577.4000,1579.5000,1575.2000,1575.2000,12,1575.2000
2012-07-12,1569.3000,1574.7000,1557.2000,1564.9000,44,1564.9000
2012-07-13,1567.8000,1594.1000,1567.8000,1591.6000,26,1591.6000
2012-07-16,1586.2000,1591.2000,1585.8000,1591.2000,7,1591.2000
2012-07-17,1596.0000,1596.0000,1576.3000,1589.1000,27,1589.1000
2012-07-18,1581.2000,1583.7000,1569.9000,1570.4000,30,1570.4000
2012-07-19,1580.0000,1586.9000,1578.4000,1580.1000,60,1580.1000
2012-07-20,1583.9000,1584.4000,1576.1000,1582.5000,5,1582.5000
2012-07-23,1571.7000,1577.1000,1569.8000,1577.1000,4,1577.1000
2012-07-24,1574.0000,1581.9000,1574.0000,1576.0000,9,1576.0000
2012-07-25,1583.7000,1608.0000,1583.3000,1608.0000,12,1608.0000
2012-07-26,1614.9000,1615.0000,1614.1000,1615.0000,7,1615.0000
2012-07-27,1613.4000,1617.9000,1613.4000,1617.9000,197976,1617.9000
2012-07-30,1622.9000,1625.8000,1613.1000,1619.7000,52890,1619.7000
2012-07-31,1621.1000,1627.5000,1610.0000,1610.5000,6281,1610.5000
2012-08-01,1613.4000,1617.2000,1592.0000,1603.7000,3530,1603.7000
2012-08-02,1600.0000,1615.0000,1583.1000,1587.4000,933,1587.4000
2012-08-03,1589.3000,1606.0000,1585.1000,1606.0000,676,1606.0000
2012-08-06,1604.7000,1614.1000,1603.2000,1612.9000,662,1612.9000
2012-08-07,1610.8000,1615.7000,1609.3000,1609.7000,449,1609.7000
2012-08-08,1610.2000,1614.8000,1603.0000,1612.9000,341,1612.9000
2012-08-09,1612.8000,1617.2000,1610.1000,1617.1000,433,1617.1000
2012-08-10,1615.8000,1624.1000,1605.0000,1619.7000,1219,1619.7000
2012-08-13,1622.0000,1623.7000,1607.3000,1609.6000,402,1609.6000
2012-08-14,1612.8000,1615.6000,1591.2000,1599.4000,910,1599.4000
2012-08-15,1593.8000,1604.6000,1592.0000,1603.7000,280,1603.7000
2012-08-16,1600.2000,1616.1000,1600.2000,1616.1000,199,1616.1000
2012-08-17,1617.8000,1617.8000,1611.4000,1616.3000,249,1616.3000
2012-08-20,1614.0000,1621.4000,1611.6000,1620.1000,68,1620.1000
2012-08-21,1620.0000,1639.9000,1620.0000,1639.9000,258,1639.9000
2012-08-22,1638.4000,1653.1000,1635.0000,1637.4000,37,1637.4000
2012-08-23,1659.9000,1672.7000,1658.0000,1669.6000,141,1669.6000
2012-08-24,1665.8000,1669.8000,1662.2000,1669.8000,24,1669.8000
2012-08-27,1674.9000,1674.9000,1663.9000,1672.4000,42,1672.4000
2012-08-28,1659.9000,1671.0000,1659.2000,1666.5000,51,1666.5000
2012-08-29,1667.2000,1667.3000,1659.8000,1659.8000,403,1659.8000
2012-08-30,1655.4000,1662.0000,1650.7000,1653.5000,418,1653.5000
2012-08-31,1658.6000,1690.0000,1646.2000,1684.6000,58,1684.6000
2012-09-04,1689.1000,1698.0000,1687.7000,1692.9000,43,1692.9000
2012-09-05,1690.4000,1693.3000,1690.4000,1690.8000,82,1690.8000
2012-09-06,1696.4000,1712.4000,1696.4000,1702.6000,39,1702.6000
2012-09-07,1696.7000,1738.2000,1696.7000,1737.5000,109,1737.5000
2012-09-10,1733.1000,1733.5000,1727.2000,1728.7000,14,1728.7000
2012-09-11,1736.0000,1736.0000,1731.8000,1731.8000,2,1731.8000
2012-09-12,1742.2000,1742.3000,1730.5000,1730.6000,15,1730.6000
2012-09-13,1728.7000,1769.1000,1728.7000,1769.1000,33,1769.1000
2012-09-14,1771.0000,1774.5000,1766.0000,1769.8000,25,1769.8000
2012-09-17,1774.8000,1774.8000,1753.8000,1767.7000,54,1767.7000
2012-09-18,1766.3000,1768.4000,1766.3000,1768.4000,13,1768.4000
2012-09-19,1776.0000,1778.5000,1768.0000,1769.0000,27,1769.0000
2012-09-20,1769.1000,1771.3000,1760.6000,1767.7000,17,1767.7000
2012-09-21,1785.3000,1785.3000,1772.3000,1775.5000,10,1775.5000
2012-09-24,1762.1000,1762.1000,1762.1000,1762.1000,4,1762.1000
2012-09-25,1772.6000,1772.7000,1763.8000,1763.8000,5,1763.8000
2012-09-26,1762.8000,1764.2000,1743.0000,1750.6000,15237,1750.6000
2012-09-27,1752.6000,1780.2000,1750.7000,1777.6000,6989,1777.6000
2012-09-28,1776.8000,1782.2000,1767.5000,1771.1000,2839,1771.1000
2012-10-01,1766.0000,1791.0000,1763.3000,1780.5000,816,1780.5000
2012-10-02,1777.9000,1779.3000,1772.7000,1772.7000,94,1772.7000
2012-10-03,1772.2000,1779.9000,1771.9000,1777.3000,134,1777.3000
2012-10-04,1783.5000,1794.8000,1783.5000,1794.1000,199,1794.1000
2012-10-05,1792.2000,1792.2000,1776.6000,1778.6000,257,1778.6000
2012-10-08,1778.0000,1778.0000,1766.8000,1773.5000,33,1773.5000
2012-10-09,1776.7000,1776.7000,1762.3000,1763.0000,24,1763.0000
2012-10-10,1762.4000,1764.2000,1758.1000,1763.2000,29,1763.2000
2012-10-11,1761.6000,1771.0000,1761.6000,1768.8000,30,1768.8000
2012-10-12,1769.5000,1769.5000,1753.6000,1758.0000,84,1758.0000
2012-10-15,1750.0000,1750.0000,1729.9000,1736.0000,108,1736.0000
2012-10-16,1736.7000,1744.7000,1736.6000,1744.7000,15,1744.7000
2012-10-17,1749.4000,1751.5000,1746.0000,1751.5000,36,1751.5000
2012-10-18,1749.1000,1749.1000,1740.5000,1743.3000,27,1743.3000
2012-10-19,1741.1000,1741.1000,1721.0000,1722.8000,70,1722.8000
2012-10-22,1715.0000,1728.3000,1715.0000,1725.1000,12,1725.1000
2012-10-23,1726.6000,1726.6000,1708.3000,1708.3000,75,1708.3000
2012-10-24,1708.4000,1708.5000,1698.6000,1700.5000,27,1700.5000
2012-10-25,1711.7000,1716.7000,1711.7000,1712.0000,33,1712.0000
2012-10-26,1706.1000,1716.2000,1706.1000,1710.9000,77,1710.9000
2012-10-31,1714.4000,1724.5000,1714.4000,1717.5000,64,1717.5000
2012-11-01,1722.3000,1725.1000,1714.1000,1714.1000,24,1714.1000
2012-11-02,1711.3000,1711.3000,1674.1000,1674.1000,50,1674.1000
2012-11-05,1682.8000,1683.1000,1674.3000,1682.2000,7,1682.2000
2012-11-06,1690.1000,1718.0000,1690.1000,1714.1000,47,1714.1000
2012-11-07,1707.7000,1726.5000,1703.7000,1713.2000,42,1713.2000
2012-11-08,1715.9000,1725.4000,1714.2000,1725.4000,34,1725.4000
2012-11-09,1733.7000,1734.1000,1727.6000,1730.3000,6,1730.3000
2012-11-12,1733.2000,1733.4000,1730.3000,1730.3000,6,1730.3000
2012-11-13,1721.6000,1728.2000,1718.5000,1724.2000,12,1724.2000
2012-11-14,1722.0000,1729.5000,1722.0000,1729.5000,11,1729.5000
2012-11-15,1724.9000,1724.9000,1706.3000,1713.3000,10,1713.3000
2012-11-16,1710.0000,1714.3000,1706.9000,1714.3000,16,1714.3000
2012-11-19,1721.8000,1734.0000,1721.8000,1734.0000,4,1734.0000
2012-11-20,1730.6000,1731.1000,1722.5000,1723.2000,21,1723.2000
2012-11-21,1725.8000,1727.9000,1725.8000,1727.9000,23,1727.9000
2012-11-23,1735.0000,1751.3000,1735.0000,1751.3000,8,1751.3000
2012-11-26,1750.3000,1750.5000,1749.4000,1749.5000,24,1749.5000
2012-11-27,1746.4000,1746.4000,1742.2000,1742.2000,7,1742.2000
2012-11-28,1739.8000,1739.8000,1716.5000,1716.5000,276136,1716.5000
2012-11-29,1719.6000,1729.0000,1717.7000,1727.2000,65599,1727.2000
2012-11-30,1725.2000,1731.2000,1708.4000,1710.9000,3690,1710.9000
2012-12-03,1714.9000,1721.9000,1714.5000,1719.6000,1238,1719.6000
2012-12-04,1716.3000,1716.8000,1691.6000,1694.4000,1428,1694.4000
2012-12-05,1697.1000,1706.0000,1685.0000,1692.4000,1262,1692.4000
2012-12-06,1694.3000,1702.1000,1686.4000,1700.3000,525,1700.3000
2012-12-07,1701.2000,1704.5000,1684.0000,1704.0000,169,1704.0000
2012-12-10,1704.2000,1717.0000,1704.2000,1713.0000,88,1713.0000
2012-12-11,1710.0000,1714.1000,1705.9000,1708.2000,88,1708.2000
2012-12-12,1710.1000,1722.3000,1708.0000,1716.6000,195,1716.6000
2012-12-13,1707.2000,1707.2000,1689.9000,1695.6000,240,1695.6000
2012-12-14,1698.3000,1699.2000,1694.4000,1695.8000,72,1695.8000
2012-12-17,1690.5000,1698.5000,1689.5000,1697.0000,65,1697.0000
2012-12-18,1701.4000,1702.8000,1661.0000,1669.5000,501,1669.5000
2012-12-19,1675.3000,1676.0000,1664.6000,1666.5000,76,1666.5000
2012-12-20,1667.9000,1671.0000,1637.6000,1644.9000,158,1644.9000
2012-12-21,1648.0000,1659.1000,1635.8000,1659.1000,78,1659.1000
2012-12-24,1657.7000,1663.8000,1654.9000,1658.6000,73,1658.6000
2012-12-26,1654.5000,1666.7000,1654.5000,1659.8000,73,1659.8000
2012-12-27,1656.2000,1662.6000,1656.2000,1662.6000,446,1662.6000
2012-12-28,1664.0000,1664.0000,1653.7000,1654.9000,197,1654.9000
2012-12-31,1655.4000,1677.1000,1655.4000,1674.8000,89,1674.8000
2013-01-02,1672.8000,1693.8000,1670.0000,1687.9000,35,1687.9000
2013-01-03,1686.1000,1686.8000,1662.0000,1673.7000,140,1673.7000
2013-01-04,1647.0000,1658.3000,1625.7000,1648.1000,199,1648.1000
2013-01-07,1656.5000,1659.9000,1643.8000,1645.5000,49,1645.5000
2013-01-08,1647.7000,1661.5000,1647.7000,1661.5000,17,1661.5000
2013-01-09,1658.6000,1662.1000,1651.9000,1654.8000,9,1654.8000
2013-01-10,1672.5000,1677.3000,1672.5000,1677.3000,9,1677.3000
2013-01-11,1673.1000,1673.1000,1654.2000,1660.0000,147,1660.0000
2013-01-14,1665.4000,1673.8000,1664.1000,1668.9000,10,1668.9000
2013-01-15,1671.6000,1684.3000,1671.6000,1683.4000,20,1683.4000
2013-01-16,1674.4000,1682.7000,1674.4000,1682.7000,11,1682.7000
2013-01-17,1676.4000,1694.6000,1671.0000,1690.4000,81,1690.4000
2013-01-18,1687.4000,1692.0000,1686.6000,1686.6000,14,1686.6000
2013-01-22,1690.3000,1694.7000,1687.8000,1692.8000,15,1692.8000
2013-01-23,1691.3000,1693.7000,1685.2000,1686.3000,28,1686.3000
2013-01-24,1680.8000,1681.7000,1668.0000,1669.5000,13,1669.5000
2013-01-25,1663.0000,1663.0000,1656.4000,1656.4000,44,1656.4000
2013-01-28,1651.6000,1655.5000,1651.6000,1652.4000,82,1652.4000
2013-01-29,1661.2000,1661.5000,1660.7000,1660.7000,145863,1660.7000
2013-01-30,1662.4000,1683.0000,1661.8000,1679.9000,44893,1679.9000
2013-01-31,1675.4000,1680.0000,1657.4000,1660.6000,6044,1660.6000
2013-02-01,1663.9000,1681.2000,1659.9000,1669.4000,3250,1669.4000
2013-02-04,1668.0000,1676.5000,1661.6000,1675.3000,450,1675.3000
2013-02-05,1674.2000,1683.4000,1666.5000,1672.4000,353,1672.4000
2013-02-06,1672.2000,1678.5000,1668.0000,1677.7000,376,1677.7000
2013-02-07,1677.0000,1682.1000,1663.1000,1670.4000,475,1670.4000
2013-02-08,1671.5000,1672.5000,1664.8000,1666.0000,289,1666.0000
2013-02-11,1666.5000,1668.0000,1643.7000,1648.2000,868,1648.2000
2013-02-12,1643.8000,1650.4000,1642.4000,1648.7000,85,1648.7000
2013-02-13,1652.2000,1652.3000,1640.2000,1644.2000,236,1644.2000
2013-02-14,1641.1000,1646.9000,1632.7000,1634.7000,219,1634.7000
2013-02-15,1633.2000,1633.9000,1599.5000,1608.8000,460,1608.8000
2013-02-19,1610.0000,1617.0000,1599.7000,1603.6000,272,1603.6000
2013-02-20,1604.7000,1606.9000,1561.8000,1577.6000,278,1577.6000
2013-02-21,1568.5000,1581.2000,1555.2000,1578.2000,2019,1578.2000
2013-02-22,1580.0000,1585.4000,1572.4000,1572.4000,76,1572.4000
2013-02-25,1579.4000,1596.0000,1577.7000,1586.2000,118,1586.2000
2013-02-26,1593.3000,1615.2000,1589.0000,1615.2000,1158,1615.2000
2013-02-27,1612.8000,1612.8000,1591.8000,1595.2000,700,1595.2000
2013-02-28,1596.0000,1601.6000,1575.1000,1577.7000,102,1577.7000
2013-03-01,1579.6000,1585.6000,1566.0000,1571.9000,68,1571.9000
2013-03-04,1580.8000,1580.8000,1569.7000,1572.1000,64,1572.1000
2013-03-05,1577.6000,1585.5000,1571.4000,1574.6000,65,1574.6000
2013-03-06,1577.6000,1582.6000,1566.8000,1574.6000,106,1574.6000
2013-03-07,1580.0000,1583.5000,1573.9000,1574.8000,52,1574.8000
2013-03-08,1578.6000,1581.2000,1561.8000,1576.6000,68,1576.6000
2013-03-11,1576.0000,1579.7000,1576.0000,1577.8000,1115,1577.8000
2013-03-12,1579.8000,1595.6000,1579.8000,1591.5000,159,1591.5000
2013-03-13,1592.3000,1596.0000,1585.0000,1588.3000,396,1588.3000
2013-03-14,1585.7000,1590.6000,1575.7000,1590.6000,137,1590.6000
2013-03-15,1590.5000,1594.4000,1590.2000,1592.5000,11,1592.5000
2013-03-18,1605.9000,1607.7000,1601.6000,1604.6000,613,1604.6000
2013-03-19,1613.1000,1613.1000,1611.3000,1611.3000,202,1611.3000
2013-03-20,1610.0000,1612.5000,1606.2000,1607.5000,5,1607.5000
2013-03-21,1612.8000,1613.8000,1611.9000,1613.8000,7,1613.8000
2013-03-22,1611.0000,1611.0000,1604.1000,1606.2000,101,1606.2000
2013-03-25,1607.1000,1607.8000,1596.1000,1604.6000,27,1604.6000
2013-03-26,1595.8000,1595.8000,1595.8000,1595.8000,165484,1595.8000
2013-03-27,1598.5000,1608.1000,1590.3000,1606.2000,50450,1606.2000
2013-03-28,1604.7000,1606.6000,1593.6000,1594.8000,4717,1594.8000
2013-04-01,1596.8000,1600.5000,1594.8000,1600.0000,688,1600.0000
2013-04-02,1599.2000,1602.6000,1574.1000,1575.1000,2289,1575.1000
2013-04-03,1575.7000,1576.4000,1549.2000,1552.8000,2171,1552.8000
2013-04-04,1557.3000,1557.3000,1539.1000,1551.8000,829,1551.8000
2013-04-05,1553.2000,1580.6000,1550.1000,1575.4000,1184,1575.4000
2013-04-08,1575.8000,1577.8000,1567.8000,1572.0000,101,1572.0000
2013-04-09,1571.6000,1589.3000,1570.0000,1586.2000,215,1586.2000
2013-04-10,1584.4000,1586.0000,1557.0000,1558.3000,359,1558.3000
2013-04-11,1557.1000,1566.7000,1554.8000,1564.3000,1070,1564.3000
2013-04-12,1560.8000,1560.8000,1480.2000,1501.0000,881,1501.0000
2013-04-15,1478.2000,1487.4000,1338.0000,1360.6000,1309,1360.6000
2013-04-16,1358.0000,1401.0000,1323.0000,1386.8000,619,1386.8000
2013-04-17,1373.2000,1394.2000,1370.2000,1382.2000,92,1382.2000
2013-04-18,1347.5000,1396.4000,1347.5000,1392.0000,57,1392.0000
2013-04-19,1419.3000,1420.3000,1395.1000,1395.3000,241,1395.3000
2013-04-22,1406.8000,1434.9000,1406.8000,1421.0000,70,1421.0000
2013-04-23,1429.5000,1429.5000,1405.8000,1408.6000,334,1408.6000
2013-04-24,1423.2000,1430.1000,1420.4000,1423.4000,138,1423.4000
2013-04-25,1433.0000,1461.8000,1433.0000,1461.8000,222,1461.8000
2013-04-26,1467.4000,1476.2000,1451.4000,1453.6000,976,1453.6000
2013-04-29,1462.7000,1475.5000,1462.3000,1467.4000,269,1467.4000
2013-04-30,1471.1000,1476.6000,1461.0000,1472.2000,534,1472.2000
2013-05-01,1475.8000,1477.1000,1440.0000,1446.3000,131,1446.3000
2013-05-02,1459.0000,1471.2000,1453.5000,1467.7000,244,1467.7000
2013-05-03,1465.5000,1487.1000,1461.4000,1464.3000,68,1464.3000
2013-05-06,1468.1000,1477.2000,1466.8000,1468.1000,33,1468.1000
2013-05-07,1462.0000,1466.2000,1441.2000,1449.0000,91,1449.0000
2013-05-08,1455.5000,1474.7000,1450.7000,1473.9000,81,1473.9000
2013-05-09,1471.2000,1473.4000,1453.0000,1468.8000,27,1468.8000
2013-05-10,1455.6000,1459.3000,1423.0000,1436.8000,569,1436.8000
2013-05-13,1440.0000,1440.6000,1427.8000,1434.5000,344,1434.5000
2013-05-14,1430.1000,1444.4000,1422.0000,1424.7000,72,1424.7000
2013-05-15,1425.7000,1425.7000,1390.1000,1396.5000,364,1396.5000
2013-05-16,1390.4000,1395.1000,1370.6000,1387.1000,38,1387.1000
2013-05-17,1386.7000,1391.1000,1359.1000,1364.9000,50,1364.9000
2013-05-20,1342.9000,1387.5000,1342.9000,1384.3000,21,1384.3000
2013-05-21,1386.5000,1392.3000,1358.5000,1377.8000,51,1377.8000
2013-05-22,1387.2000,1395.7000,1364.5000,1367.6000,14,1367.6000
2013-05-23,1380.6000,1394.8000,1377.8000,1392.0000,58,1392.0000
2013-05-24,1386.8000,1386.8000,1386.8000,1386.8000,2,1386.8000
2013-05-28,1380.8000,1390.4000,1379.1000,1379.1000,55,1379.1000
2013-05-29,1391.3000,1391.3000,1391.3000,1391.3000,168665,1391.3000
2013-05-30,1392.1000,1417.5000,1388.3000,1411.5000,45133,1411.5000
2013-05-31,1412.4000,1421.1000,1384.2000,1392.6000,5997,1392.6000
2013-06-03,1389.1000,1416.3000,1388.3000,1411.7000,1420,1411.7000
2013-06-04,1410.9000,1413.7000,1389.0000,1397.1000,930,1397.1000
2013-06-05,1397.5000,1410.0000,1395.6000,1398.4000,1687,1398.4000
2013-06-06,1401.7000,1422.7000,1391.6000,1415.7000,782,1415.7000
2013-06-07,1411.5000,1416.1000,1377.9000,1383.0000,1163,1383.0000
2013-06-10,1378.8000,1386.9000,1375.6000,1386.2000,367,1386.2000
2013-06-11,1384.2000,1384.4000,1366.0000,1377.0000,482,1377.0000
2013-06-12,1375.0000,1393.5000,1373.7000,1391.8000,514,1391.8000
2013-06-13,1386.8000,1390.9000,1373.4000,1377.6000,458,1377.6000
2013-06-14,1383.9000,1389.6000,1377.8000,1387.3000,90,1387.3000
2013-06-17,1390.3000,1390.5000,1380.0000,1382.8000,114,1382.8000
2013-06-18,1383.1000,1383.5000,1363.0000,1366.6000,346,1366.6000
2013-06-19,1368.1000,1373.6000,1348.1000,1373.6000,198,1373.6000
2013-06-20,1348.1000,1348.1000,1275.4000,1285.9000,712,1285.9000
2013-06-21,1280.4000,1300.0000,1268.9000,1291.6000,456,1291.6000
2013-06-24,1297.3000,1297.3000,1275.7000,1276.8000,321,1276.8000
2013-06-25,1281.3000,1286.0000,1273.2000,1274.8000,953,1274.8000
2013-06-26,1273.9000,1273.9000,1228.8000,1229.6000,981,1229.6000
2013-06-27,1224.7000,1241.4000,1198.3000,1211.4000,533,1211.4000
2013-06-28,1200.9000,1232.3000,1183.2000,1223.8000,232,1223.8000
2013-07-01,1234.7000,1261.0000,1234.2000,1255.9000,150,1255.9000
2013-07-02,1254.1000,1266.3000,1241.2000,1243.6000,107,1243.6000
2013-07-03,1243.8000,1258.2000,1240.3000,1252.1000,19,1252.1000
2013-07-05,1252.7000,1254.1000,1208.9000,1212.9000,72,1212.9000
2013-07-08,1218.8000,1235.2000,1215.4000,1234.9000,58,1234.9000
2013-07-09,1234.7000,1254.5000,1234.4000,1245.9000,33,1245.9000
2013-07-10,1244.6000,1263.9000,1244.6000,1247.4000,58,1247.4000
2013-07-11,1284.6000,1285.0000,1278.9000,1280.1000,18,1280.1000
2013-07-12,1282.3000,1282.3000,1274.3000,1277.8000,6,1277.8000
2013-07-15,1292.1000,1292.4000,1281.6000,1283.8000,19,1283.8000
2013-07-16,1279.4000,1291.4000,1279.4000,1290.8000,13,1290.8000
2013-07-17,1286.2000,1294.4000,1272.9000,1277.9000,11,1277.9000
2013-07-18,1275.3000,1286.4000,1275.2000,1284.6000,26,1284.6000
2013-07-19,1291.7000,1293.3000,1290.0000,1293.3000,9,1293.3000
2013-07-22,1317.0000,1336.4000,1317.0000,1336.4000,18,1336.4000
2013-07-23,1334.8000,1342.3000,1327.9000,1335.1000,10,1335.1000
2013-07-24,1342.2000,1343.5000,1318.6000,1319.7000,42,1319.7000
2013-07-25,1318.5000,1336.8000,1318.5000,1329.0000,55,1329.0000
2013-07-26,1326.5000,1326.5000,1321.7000,1321.7000,66,1321.7000
2013-07-29,1328.4000,1328.4000,1328.4000,1328.4000,134359,1328.4000
2013-07-30,1327.2000,1329.6000,1316.2000,1324.0000,44769,1324.0000
2013-07-31,1325.5000,1338.4000,1304.9000,1312.4000,6252,1312.4000
2013-08-01,1323.0000,1328.5000,1306.9000,1311.0000,1562,1311.0000
2013-08-02,1306.7000,1317.0000,1283.0000,1310.6000,1451,1310.6000
2013-08-05,1311.2000,1318.3000,1297.5000,1302.6000,904,1302.6000
2013-08-06,1303.0000,1305.9000,1279.3000,1283.2000,1314,1283.2000
2013-08-07,1282.5000,1288.4000,1274.0000,1286.1000,989,1286.1000
2013-08-08,1283.9000,1312.8000,1283.7000,1310.7000,482,1310.7000
2013-08-09,1315.1000,1315.8000,1306.7000,1312.9000,449,1312.9000
2013-08-12,1317.2000,1342.4000,1317.2000,1334.7000,312,1334.7000
2013-08-13,1331.9000,1339.1000,1320.2000,1321.2000,209,1321.2000
2013-08-14,1317.7000,1336.3000,1317.7000,1334.0000,333,1334.0000
2013-08-15,1340.1000,1369.6000,1319.9000,1361.6000,235,1361.6000
2013-08-16,1366.8000,1378.9000,1361.0000,1371.7000,175,1371.7000
2013-08-19,1379.0000,1384.4000,1363.9000,1366.2000,139,1366.2000
2013-08-20,1355.0000,1377.0000,1355.0000,1373.1000,123,1373.1000
2013-08-21,1372.5000,1377.3000,1360.9000,1370.6000,109,1370.6000
2013-08-22,1362.0000,1380.4000,1362.0000,1371.2000,79,1371.2000
2013-08-23,1376.8000,1398.2000,1373.9000,1395.7000,178,1395.7000
2013-08-26,1398.6000,1402.8000,1391.3000,1393.0000,203,1393.0000
2013-08-27,1403.8000,1421.1000,1398.7000,1420.6000,397,1420.6000
2013-08-28,1417.3000,1428.0000,1417.3000,1419.0000,489,1419.0000
2013-08-29,1417.4000,1417.4000,1404.5000,1412.9000,375,1412.9000
2013-08-30,1407.2000,1409.8000,1392.3000,1396.1000,0,1396.1000
2013-09-03,1393.0000,1414.4000,1382.3000,1412.0000,139,1412.0000
2013-09-04,1413.0000,1413.0000,1387.1000,1389.9000,104,1389.9000
2013-09-05,1393.5000,1397.5000,1367.1000,1373.1000,37,1373.1000
2013-09-06,1371.0000,1390.1000,1368.9000,1386.7000,52,1386.7000
2013-09-09,1389.8000,1389.8000,1386.5000,1386.8000,44,1386.8000
2013-09-10,1377.5000,1377.5000,1357.6000,1364.1000,21,1364.1000
2013-09-11,1365.8000,1365.8000,1356.7000,1363.9000,60,1363.9000
2013-09-12,1360.0000,1360.0000,1322.4000,1330.4000,120,1330.4000
2013-09-13,1322.9000,1323.0000,1305.3000,1308.4000,38,1308.4000
2013-09-16,1328.4000,1329.6000,1310.8000,1317.9000,107,1317.9000
2013-09-17,1313.0000,1313.1000,1309.5000,1309.5000,24,1309.5000
2013-09-18,1292.1000,1347.7000,1292.1000,1307.8000,29,1307.8000
2013-09-19,1362.9000,1373.0000,1362.9000,1369.4000,35,1369.4000
2013-09-20,1347.5000,1347.5000,1330.7000,1332.5000,2,1332.5000
2013-09-23,1327.1000,1327.8000,1317.6000,1326.9000,78,1326.9000
2013-09-24,1321.2000,1324.9000,1309.4000,1316.0000,61,1316.0000
2013-09-25,1322.7000,1335.9000,1322.7000,1335.9000,51,1335.9000
2013-09-26,1335.2000,1338.3000,1323.6000,1323.6000,13170,1323.6000
2013-09-27,1321.5000,1343.8000,1319.7000,1338.4000,2990,1338.4000
2013-09-30,1345.8000,1350.9000,1322.0000,1326.5000,597,1326.5000
2013-10-01,1328.0000,1334.0000,1284.5000,1286.0000,815,1286.0000
2013-10-02,1288.5000,1321.0000,1280.0000,1320.6000,152,1320.6000
2013-10-03,1312.0000,1319.5000,1302.5000,1317.4000,217,1317.4000
2013-10-04,1316.2000,1318.1000,1305.7000,1309.7000,38,1309.7000
2013-10-07,1313.8000,1325.4000,1311.8000,1324.8000,84,1324.8000
2013-10-08,1326.5000,1330.0000,1321.2000,1324.2000,57,1324.2000
2013-10-09,1317.6000,1319.0000,1295.3000,1306.9000,140,1306.9000
2013-10-10,1303.4000,1310.8000,1285.0000,1296.6000,89,1296.6000
2013-10-11,1286.9000,1291.6000,1263.8000,1268.0000,210,1268.0000
2013-10-14,1275.8000,1285.8000,1273.9000,1276.4000,61,1276.4000
2013-10-15,1270.5000,1283.6000,1254.1000,1273.0000,208,1273.0000
2013-10-16,1282.8000,1284.0000,1269.2000,1282.0000,86,1282.0000
2013-10-17,1307.0000,1322.7000,1307.0000,1322.7000,72,1322.7000
2013-10-18,1318.8000,1326.0000,1312.6000,1314.4000,65,1314.4000
2013-10-21,1316.8000,1317.7000,1315.7000,1315.7000,23,1315.7000
2013-10-22,1313.9000,1342.6000,1313.9000,1342.5000,55,1342.5000
2013-10-23,1331.9000,1333.9000,1331.9000,1333.9000,13,1333.9000
2013-10-24,1334.5000,1350.2000,1334.5000,1350.2000,18,1350.2000
2013-10-25,1346.2000,1353.0000,1346.2000,1352.4000,23,1352.4000
2013-10-28,1351.4000,1359.2000,1349.0000,1352.0000,23,1352.0000
2013-10-29,1359.6000,1359.7000,1345.2000,1345.2000,168,1345.2000
2013-10-30,1340.8000,1355.8000,1335.6000,1349.0000,44,1349.0000
2013-10-31,1334.0000,1334.0000,1321.7000,1323.6000,62,1323.6000
2013-11-01,1325.7000,1325.7000,1308.0000,1313.1000,21,1313.1000
2013-11-04,1314.6000,1320.5000,1312.1000,1314.6000,39,1314.6000
2013-11-05,1313.3000,1317.5000,1306.9000,1308.0000,98,1308.0000
2013-11-06,1313.5000,1318.6000,1312.5000,1317.7000,11,1317.7000
2013-11-07,1323.6000,1323.6000,1298.0000,1308.4000,129,1308.4000
2013-11-08,1308.0000,1308.1000,1281.3000,1284.5000,22,1284.5000
2013-11-11,1281.6000,1281.8000,1281.0000,1281.0000,5,1281.0000
2013-11-12,1282.3000,1282.3000,1271.1000,1271.1000,3,1271.1000
2013-11-13,1274.0000,1280.5000,1268.3000,1268.3000,17,1268.3000
2013-11-14,1280.2000,1293.3000,1278.1000,1286.2000,29,1286.2000
2013-11-15,1287.7000,1288.5000,1281.5000,1287.3000,16,1287.3000
2013-11-18,1284.7000,1284.8000,1272.2000,1272.2000,10,1272.2000
2013-11-19,1274.2000,1275.2000,1271.0000,1273.4000,10,1273.4000
2013-11-20,1269.0000,1269.0000,1241.9000,1257.9000,120,1257.9000
2013-11-21,1245.7000,1247.1000,1236.5000,1243.5000,90,1243.5000
2013-11-22,1243.2000,1247.0000,1241.4000,1244.0000,77,1244.0000
2013-11-25,1231.1000,1241.1000,1229.0000,1241.1000,19,1241.1000
2013-11-26,1243.0000,1243.0000,1241.4000,1241.4000,178417,1241.4000
2013-11-27,1241.6000,1254.8000,1235.5000,1237.8000,82331,1237.8000
2013-11-29,1237.8000,1254.5000,1233.7000,1250.6000,9203,1250.6000
2013-12-02,1251.4000,1251.5000,1217.8000,1222.3000,4979,1222.3000
2013-12-03,1219.2000,1225.7000,1215.6000,1221.7000,1932,1221.7000
2013-12-04,1225.1000,1250.4000,1212.9000,1248.2000,1823,1248.2000
2013-12-05,1240.0000,1241.5000,1218.6000,1233.2000,446,1233.2000
2013-12-06,1228.7000,1242.0000,1213.0000,1230.3000,1032,1230.3000
2013-12-09,1230.2000,1243.2000,1229.0000,1235.3000,352,1235.3000
2013-12-10,1239.0000,1267.0000,1239.0000,1262.4000,882,1262.4000
2013-12-11,1261.9000,1261.9000,1252.1000,1258.5000,147,1258.5000
2013-12-12,1253.5000,1255.4000,1225.9000,1226.0000,609,1226.0000
2013-12-13,1226.7000,1239.0000,1222.2000,1235.7000,446,1235.7000
2013-12-16,1238.4000,1250.6000,1228.9000,1245.5000,242,1245.5000
2013-12-17,1237.0000,1240.4000,1231.2000,1231.2000,22,1231.2000
2013-12-18,1231.5000,1245.1000,1217.0000,1236.1000,114,1236.1000
2013-12-19,1226.6000,1226.6000,1188.7000,1195.0000,124,1195.0000
2013-12-20,1190.9000,1207.8000,1190.9000,1205.1000,204,1205.1000
2013-12-23,1205.2000,1205.2000,1195.9000,1198.4000,123,1198.4000
2013-12-24,1199.8000,1205.6000,1197.7000,1205.1000,184,1205.1000
2013-12-26,1207.1000,1215.9000,1207.1000,1214.1000,140,1214.1000
2013-12-27,1213.4000,1218.5000,1212.9000,1216.1000,278,1216.1000
2013-12-30,1215.0000,1215.0000,1194.4000,1203.1000,351,1203.1000
2013-12-31,1196.4000,1212.4000,1182.0000,1201.9000,124,1201.9000
2014-01-02,1204.3000,1227.3000,1204.3000,1225.0000,209,1225.0000
2014-01-03,1221.7000,1239.0000,1221.7000,1238.4000,142,1238.4000
2014-01-06,1232.8000,1247.0000,1221.9000,1237.8000,127,1237.8000
2014-01-07,1239.3000,1242.4000,1226.3000,1229.4000,73,1229.4000
2014-01-08,1227.5000,1227.5000,1218.6000,1225.3000,189,1225.3000
2014-01-09,1225.8000,1229.3000,1225.8000,1229.3000,7,1229.3000
2014-01-10,1235.0000,1246.8000,1234.0000,1246.7000,58,1246.7000
2014-01-13,1250.6000,1252.7000,1245.5000,1250.9000,46,1250.9000
2014-01-14,1251.0000,1251.3000,1242.0000,1245.2000,37,1245.2000
2014-01-15,1243.1000,1243.2000,1238.1000,1238.1000,68,1238.1000
2014-01-16,1239.3000,1242.8000,1239.0000,1240.0000,48,1240.0000
2014-01-17,1239.7000,1254.3000,1239.7000,1251.7000,101,1251.7000
2014-01-21,1256.4000,1257.5000,1240.0000,1242.3000,224,1242.3000
2014-01-22,1241.7000,1242.0000,1239.0000,1239.0000,58,1239.0000
2014-01-23,1235.2000,1264.2000,1235.2000,1262.6000,40,1262.6000
2014-01-24,1258.3000,1269.4000,1258.3000,1264.5000,38,1264.5000
2014-01-27,1259.8000,1264.4000,1254.4000,1263.6000,92,1263.6000
2014-01-28,1257.9000,1258.4000,1251.0000,1251.0000,20,1251.0000
2014-01-29,1262.2000,1262.2000,1262.2000,1262.2000,137028,1262.2000
2014-01-30,1267.0000,1267.7000,1237.5000,1242.2000,45276,1242.2000
2014-01-31,1243.6000,1254.5000,1238.4000,1240.1000,5820,1240.1000
2014-02-03,1242.4000,1266.3000,1241.2000,1260.4000,2914,1260.4000
2014-02-04,1258.4000,1260.7000,1247.8000,1251.7000,1745,1251.7000
2014-02-05,1254.0000,1273.7000,1253.1000,1257.3000,1616,1257.3000
2014-02-06,1258.0000,1267.0000,1253.5000,1257.6000,274,1257.6000
2014-02-07,1258.3000,1271.4000,1257.9000,1263.3000,436,1263.3000
2014-02-10,1269.6000,1277.3000,1265.7000,1274.8000,742,1274.8000
2014-02-11,1274.0000,1292.0000,1273.8000,1290.1000,562,1290.1000
2014-02-12,1290.5000,1296.2000,1285.5000,1295.3000,140,1295.3000
2014-02-13,1293.3000,1303.5000,1287.5000,1300.4000,877,1300.4000
2014-02-14,1301.7000,1320.7000,1301.7000,1319.0000,308,1319.0000
2014-02-18,1322.9000,1330.6000,1313.9000,1324.7000,373,1324.7000
2014-02-19,1318.3000,1321.6000,1309.1000,1320.6000,193,1320.6000
2014-02-20,1310.7000,1323.5000,1309.6000,1317.1000,116,1317.1000
2014-02-21,1320.0000,1328.3000,1317.4000,1323.9000,171,1323.9000
2014-02-24,1324.3000,1339.0000,1321.4000,1338.3000,93,1338.3000
2014-02-25,1336.4000,1343.9000,1333.1000,1343.0000,290,1343.0000
2014-02-26,1341.2000,1342.0000,1325.6000,1328.2000,485,1328.2000
2014-02-27,1329.3000,1335.0000,1324.6000,1331.6000,369,1331.6000
2014-02-28,1329.8000,1332.6000,1321.1000,1321.4000,239,1321.4000
2014-03-03,1335.9000,1354.1000,1332.9000,1350.1000,232,1350.1000
2014-03-04,1350.4000,1350.4000,1332.2000,1337.8000,80,1337.8000
2014-03-05,1334.8000,1341.0000,1334.8000,1340.2000,32,1340.2000
2014-03-06,1338.0000,1351.7000,1333.3000,1351.7000,59,1351.7000
2014-03-07,1349.5000,1352.7000,1329.2000,1338.1000,97,1338.1000
2014-03-10,1336.0000,1344.7000,1330.5000,1341.4000,97,1341.4000
2014-03-11,1340.0000,1352.4000,1338.1000,1346.5000,53,1346.5000
2014-03-12,1349.1000,1370.5000,1348.7000,1370.3000,58,1370.3000
2014-03-13,1366.8000,1374.5000,1366.5000,1372.2000,23,1372.2000
2014-03-14,1376.1000,1386.6000,1371.1000,1379.0000,91,1379.0000
2014-03-17,1386.1000,1391.4000,1372.2000,1372.9000,29,1372.9000
2014-03-18,1359.3000,1361.8000,1353.4000,1359.0000,35,1359.0000
2014-03-19,1357.1000,1358.0000,1332.7000,1341.4000,57,1341.4000
2014-03-20,1333.7000,1333.7000,1325.8000,1330.5000,72,1330.5000
2014-03-21,1339.1000,1339.1000,1335.8000,1336.0000,3,1336.0000
2014-03-24,1333.0000,1333.0000,1310.5000,1311.2000,103,1311.2000
2014-03-25,1315.5000,1315.5000,1307.5000,1311.4000,46,1311.4000
2014-03-26,1315.2000,1315.2000,1303.4000,1303.4000,4,1303.4000
2014-03-27,1294.7000,1294.7000,1294.7000,1294.7000,185016,1294.7000
2014-03-28,1292.2000,1299.4000,1285.9000,1293.8000,65486,1293.8000
2014-03-31,1294.3000,1298.8000,1282.4000,1283.4000,4121,1283.4000
2014-04-01,1285.1000,1287.9000,1277.3000,1279.6000,884,1279.6000
2014-04-02,1280.2000,1294.1000,1280.2000,1290.5000,1099,1290.5000
2014-04-03,1290.8000,1293.5000,1282.7000,1284.4000,775,1284.4000
2014-04-04,1285.5000,1306.1000,1284.4000,1303.2000,976,1303.2000
2014-04-07,1301.4000,1304.0000,1296.3000,1298.0000,361,1298.0000
2014-04-08,1296.6000,1314.1000,1296.6000,1308.7000,264,1308.7000
2014-04-09,1309.5000,1313.6000,1301.1000,1305.5000,191,1305.5000
2014-04-10,1311.8000,1323.8000,1311.2000,1320.1000,127,1320.1000
2014-04-11,1319.0000,1322.8000,1316.3000,1318.7000,76,1318.7000
2014-04-14,1320.1000,1330.0000,1320.1000,1327.2000,328,1327.2000
2014-04-15,1322.7000,1322.7000,1291.5000,1300.0000,238,1300.0000
2014-04-16,1302.7000,1303.5000,1295.0000,1303.1000,177,1303.1000
2014-04-17,1300.1000,1303.0000,1292.5000,1293.4000,124,1293.4000
2014-04-21,1290.0000,1299.2000,1283.8000,1288.0000,100,1288.0000
2014-04-22,1289.2000,1291.6000,1276.0000,1280.6000,100,1280.6000
2014-04-23,1284.3000,1287.7000,1282.4000,1284.2000,176,1284.2000
2014-04-24,1284.6000,1297.9000,1272.4000,1290.5000,522,1290.5000
2014-04-25,1293.8000,1304.6000,1293.8000,1300.7000,274,1300.7000
2014-04-28,1305.4000,1305.4000,1293.0000,1298.9000,388,1298.9000
2014-04-29,1295.5000,1300.5000,1289.1000,1296.0000,904,1296.0000
2014-04-30,1296.0000,1296.5000,1286.6000,1295.6000,181,1295.6000
2014-05-01,1288.7000,1288.7000,1278.0000,1283.1000,25,1283.1000
2014-05-02,1276.7000,1302.7000,1276.7000,1302.6000,90,1302.6000
2014-05-05,1305.6000,1314.2000,1305.5000,1309.0000,31,1309.0000
2014-05-06,1309.4000,1309.4000,1306.9000,1308.3000,14,1308.3000
2014-05-07,1310.3000,1312.0000,1288.0000,1288.6000,21,1288.6000
2014-05-08,1291.5000,1291.5000,1285.5000,1287.4000,65,1287.4000
2014-05-09,1287.3000,1287.3000,1287.3000,1287.3000,3,1287.3000
2014-05-12,1282.1000,1295.9000,1281.2000,1295.6000,19,1295.6000
2014-05-13,1295.5000,1295.5000,1292.0000,1294.6000,20,1294.6000
2014-05-14,1292.8000,1306.9000,1292.8000,1305.7000,25,1305.7000
2014-05-15,1302.5000,1302.5000,1292.8000,1293.5000,27,1293.5000
2014-05-16,1293.3000,1293.3000,1293.3000,1293.3000,8,1293.3000
2014-05-19,1293.7000,1293.7000,1293.7000,1293.7000,44,1293.7000
2014-05-20,1290.7000,1294.5000,1290.1000,1294.5000,8,1294.5000
2014-05-21,1287.4000,1288.0000,1287.4000,1288.0000,2,1288.0000
2014-05-22,1294.2000,1295.0000,1294.2000,1294.9000,4,1294.9000
2014-05-23,1293.2000,1293.4000,1291.6000,1291.6000,3,1291.6000
2014-05-27,1291.9000,1291.9000,1265.4000,1265.4000,25,1265.4000
2014-05-28,1259.3000,1259.3000,1259.3000,1259.3000,168825,1259.3000
2014-05-29,1258.3000,1260.6000,1250.9000,1256.3000,38045,1256.3000
2014-05-30,1255.1000,1259.6000,1241.8000,1245.6000,3839,1245.6000
2014-06-02,1250.0000,1250.7000,1240.9000,1243.7000,774,1243.7000
2014-06-03,1244.1000,1247.5000,1240.5000,1244.3000,654,1244.3000
2014-06-04,1245.1000,1248.8000,1242.7000,1244.0000,604,1244.0000
2014-06-05,1244.0000,1256.6000,1241.2000,1253.0000,1317,1253.0000
2014-06-06,1253.4000,1256.6000,1246.3000,1252.1000,381,1252.1000
2014-06-09,1252.7000,1256.1000,1252.6000,1253.5000,97,1253.5000
2014-06-10,1252.4000,1262.3000,1251.0000,1259.8000,1007,1259.8000
2014-06-11,1259.9000,1264.4000,1259.1000,1260.8000,128,1260.8000
2014-06-12,1260.0000,1274.5000,1260.0000,1273.6000,129,1273.6000
2014-06-13,1272.5000,1274.7000,1271.3000,1273.7000,145,1273.7000
2014-06-16,1279.8000,1282.1000,1270.8000,1274.9000,334,1274.9000
2014-06-17,1272.8000,1272.8000,1260.9000,1271.7000,819,1271.7000
2014-06-18,1269.9000,1272.7000,1267.4000,1272.4000,143,1272.4000
2014-06-19,1277.2000,1321.0000,1277.2000,1313.7000,601,1313.7000
2014-06-20,1321.4000,1321.4000,1306.8000,1316.2000,254,1316.2000
2014-06-23,1312.3000,1318.0000,1312.3000,1318.0000,142,1318.0000
2014-06-24,1315.6000,1325.6000,1315.6000,1320.9000,223,1320.9000
2014-06-25,1315.3000,1323.4000,1312.0000,1322.2000,294,1322.2000
2014-06-26,1319.6000,1319.6000,1312.4000,1316.1000,1204,1316.1000
2014-06-27,1317.4000,1320.9000,1313.3000,1319.0000,625,1319.0000
2014-06-30,1315.3000,1328.7000,1311.8000,1321.8000,744,1321.8000
2014-07-01,1326.7000,1331.4000,1326.2000,1326.4000,51,1326.4000
2014-07-02,1326.8000,1330.7000,1326.8000,1330.7000,226,1330.7000
2014-07-03,1327.3000,1327.7000,1313.0000,1320.4000,40,1320.4000
2014-07-07,1318.7000,1320.3000,1313.2000,1316.5000,93,1316.5000
2014-07-08,1318.4000,1323.5000,1316.0000,1316.0000,6,1316.0000
2014-07-09,1324.0000,1330.4000,1323.8000,1323.8000,16,1323.8000
2014-07-10,1330.5000,1343.7000,1328.0000,1338.7000,28,1338.7000
2014-07-11,1337.9000,1339.0000,1336.2000,1337.0000,112,1337.0000
2014-07-14,1332.8000,1332.8000,1304.7000,1306.3000,103,1306.3000
2014-07-15,1307.4000,1311.9000,1294.1000,1296.9000,368,1296.9000
2014-07-16,1298.4000,1303.1000,1296.9000,1299.6000,34,1299.6000
2014-07-17,1303.1000,1323.8000,1303.1000,1316.7000,16,1316.7000
2014-07-18,1322.7000,1322.7000,1306.2000,1309.2000,27,1309.2000
2014-07-21,1311.0000,1315.5000,1311.0000,1313.7000,18,1313.7000
2014-07-22,1306.1000,1306.1000,1306.1000,1306.1000,2,1306.1000
2014-07-23,1304.5000,1304.5000,1304.5000,1304.5000,0,1304.5000
2014-07-24,1297.5000,1297.5000,1290.6000,1290.6000,1,1290.6000
2014-07-25,1294.8000,1303.1000,1294.8000,1303.1000,8,1303.1000
2014-07-28,1307.4000,1308.0000,1303.3000,1303.3000,52,1303.3000
2014-07-29,1310.9000,1310.9000,1298.3000,1298.3000,181554,1298.3000
2014-07-30,1298.6000,1303.0000,1291.0000,1294.9000,36189,1294.9000
2014-07-31,1295.1000,1297.3000,1280.6000,1281.3000,5663,1281.3000
2014-08-01,1284.1000,1296.6000,1279.7000,1293.6000,1985,1293.6000
2014-08-04,1294.4000,1295.0000,1285.9000,1287.7000,917,1287.7000
2014-08-05,1288.0000,1292.7000,1282.6000,1284.0000,825,1284.0000
2014-08-06,1288.1000,1309.0000,1287.8000,1306.7000,706,1306.7000
2014-08-07,1305.3000,1313.1000,1302.5000,1310.8000,225,1310.8000
2014-08-08,1310.8000,1321.4000,1308.0000,1308.9000,586,1308.9000
2014-08-11,1308.4000,1309.7000,1305.3000,1308.5000,194,1308.5000
2014-08-12,1306.2000,1315.8000,1305.8000,1308.8000,438,1308.8000
2014-08-13,1308.8000,1312.8000,1305.0000,1312.8000,238,1312.8000
2014-08-14,1311.8000,1316.4000,1309.7000,1313.9000,320,1313.9000
2014-08-15,1311.7000,1312.8000,1292.0000,1304.5000,199,1304.5000
2014-08-18,1301.4000,1302.1000,1295.7000,1297.7000,100,1297.7000
2014-08-19,1298.8000,1301.6000,1294.0000,1295.1000,144,1295.1000
2014-08-20,1295.4000,1295.8000,1288.4000,1293.4000,332,1293.4000
2014-08-21,1290.0000,1290.0000,1272.0000,1273.7000,264,1273.7000
2014-08-22,1276.0000,1280.0000,1275.0000,1278.6000,119,1278.6000
2014-08-25,1277.3000,1277.6000,1273.7000,1277.3000,251,1277.3000
2014-08-26,1289.4000,1289.5000,1281.1000,1283.8000,74,1283.8000
2014-08-27,1281.5000,1282.3000,1281.5000,1281.9000,783,1281.9000
2014-08-28,1284.5000,1293.7000,1284.3000,1288.7000,817,1288.7000
2014-08-29,1289.5000,1289.7000,1284.8000,1285.8000,116,1285.8000
2014-09-02,1284.5000,1286.4000,1262.5000,1263.7000,280,1263.7000
2014-09-03,1266.3000,1271.1000,1263.1000,1268.9000,279,1268.9000
2014-09-04,1268.7000,1272.7000,1260.4000,1265.1000,290,1265.1000
2014-09-05,1263.2000,1268.1000,1263.2000,1265.8000,123,1265.8000
2014-09-08,1268.4000,1268.4000,1252.7000,1252.7000,2,1252.7000
2014-09-09,1246.8000,1246.8000,1246.8000,1246.8000,0,1246.8000
2014-09-10,1256.7000,1256.7000,1243.5000,1243.5000,95,1243.5000
2014-09-11,1237.4000,1237.4000,1237.4000,1237.4000,0,1237.4000
2014-09-12,1227.0000,1229.9000,1227.0000,1229.9000,47,1229.9000
2014-09-15,1226.7000,1235.0000,1226.7000,1233.6000,21,1233.6000
2014-09-16,1238.3000,1238.3000,1235.2000,1235.2000,3,1235.2000
2014-09-17,1236.2000,1236.2000,1221.9000,1234.4000,10,1234.4000
2014-09-18,1216.2000,1225.7000,1216.2000,1225.7000,5,1225.7000
2014-09-19,1218.3000,1218.3000,1215.3000,1215.3000,4,1215.3000
2014-09-22,1214.9000,1216.8000,1212.4000,1216.8000,7,1216.8000
2014-09-23,1221.0000,1221.0000,1221.0000,1221.0000,5,1221.0000
2014-09-24,1218.6000,1218.6000,1216.8000,1218.6000,2,1218.6000
2014-09-25,1209.5000,1221.2000,1209.5000,1221.2000,11,1221.2000
2014-09-26,1214.1000,1214.1000,1214.1000,1214.1000,19497,1214.1000
2014-09-29,1216.3000,1222.2000,1214.8000,1217.5000,6344,1217.5000
2014-09-30,1214.8000,1218.2000,1204.0000,1210.5000,680,1210.5000
2014-10-01,1207.7000,1217.8000,1205.5000,1214.6000,178,1214.6000
2014-10-02,1215.3000,1219.5000,1210.3000,1214.2000,176,1214.2000
2014-10-03,1212.4000,1212.4000,1191.0000,1192.2000,499,1192.2000
2014-10-06,1187.7000,1208.0000,1182.8000,1206.7000,415,1206.7000
2014-10-07,1209.1000,1211.7000,1205.3000,1211.7000,272,1211.7000
2014-10-08,1210.2000,1217.9000,1205.3000,1205.3000,9,1205.3000
2014-10-09,1223.9000,1229.0000,1223.9000,1224.6000,19,1224.6000
2014-10-10,1223.5000,1223.5000,1217.0000,1221.0000,186,1221.0000
2014-10-13,1229.8000,1234.0000,1227.0000,1229.3000,103,1229.3000
2014-10-14,1235.9000,1235.9000,1233.6000,1233.6000,73,1233.6000
2014-10-15,1243.7000,1247.0000,1243.7000,1244.1000,250,1244.1000
2014-10-16,1242.1000,1243.0000,1236.7000,1240.5000,6,1240.5000
2014-10-17,1237.4000,1238.3000,1232.6000,1238.3000,356,1238.3000
2014-10-20,1237.3000,1244.0000,1235.4000,1244.0000,105,1244.0000
2014-10-21,1251.0000,1251.0000,1251.0000,1251.0000,48,1251.0000
2014-10-22,1244.8000,1244.8000,1244.8000,1244.8000,2,1244.8000
2014-10-23,1228.0000,1228.5000,1227.9000,1228.5000,2,1228.5000
2014-10-24,1229.4000,1232.7000,1229.4000,1231.2000,71,1231.2000
2014-10-27,1230.2000,1230.2000,1227.3000,1229.1000,282,1229.1000
2014-10-28,1224.9000,1231.0000,1224.7000,1229.2000,46,1229.2000
2014-10-29,1224.3000,1224.3000,1224.3000,1224.3000,631,1224.3000
2014-10-30,1213.7000,1214.7000,1195.8000,1198.1000,521,1198.1000
2014-10-31,1199.6000,1199.7000,1161.4000,1171.1000,260,1171.1000
2014-11-03,1166.4000,1172.3000,1163.1000,1169.4000,60,1169.4000
2014-11-04,1166.9000,1171.0000,1165.0000,1167.4000,40,1167.4000
2014-11-05,1168.1000,1168.7000,1137.8000,1145.4000,157,1145.4000
2014-11-06,1141.1000,1147.5000,1137.9000,1142.3000,137,1142.3000
2014-11-07,1139.9000,1169.7000,1133.0000,1169.6000,97,1169.6000
2014-11-10,1171.0000,1171.0000,1150.7000,1159.6000,40,1159.6000
2014-11-11,1155.0000,1170.5000,1151.6000,1162.8000,22,1162.8000
2014-11-12,1162.5000,1168.1000,1157.5000,1158.9000,17,1158.9000
2014-11-13,1163.7000,1164.5000,1155.0000,1161.1000,1047,1161.1000
2014-11-14,1155.2000,1191.0000,1148.0000,1185.0000,486,1185.0000
2014-11-17,1183.1000,1186.9000,1180.6000,1183.0000,17,1183.0000
2014-11-18,1197.1000,1197.1000,1193.9000,1196.7000,2,1196.7000
2014-11-19,1196.5000,1198.3000,1190.6000,1193.6000,23,1193.6000
2014-11-20,1191.8000,1191.9000,1190.7000,1190.7000,3,1190.7000
2014-11-21,1191.0000,1202.4000,1189.0000,1197.5000,20,1197.5000
2014-11-24,1197.7000,1197.9000,1195.5000,1195.5000,17,1195.5000
2014-11-25,1197.1000,1197.1000,1197.1000,1197.1000,210753,1197.1000
2014-11-26,1200.5000,1201.0000,1193.7000,1196.6000,75297,1196.6000
2014-11-28,1197.0000,1198.2000,1163.8000,1175.2000,11175,1175.2000
2014-12-01,1160.0000,1220.4000,1141.7000,1218.0000,5524,1218.0000
2014-12-02,1212.3000,1212.3000,1191.3000,1199.2000,1236,1199.2000
2014-12-03,1198.1000,1213.7000,1196.1000,1208.5000,440,1208.5000
2014-12-04,1208.2000,1213.0000,1201.6000,1207.5000,358,1207.5000
2014-12-05,1203.1000,1206.0000,1186.7000,1190.1000,560,1190.1000
2014-12-08,1190.6000,1207.0000,1187.2000,1194.7000,183,1194.7000
2014-12-09,1202.0000,1238.0000,1202.0000,1231.5000,314,1231.5000
2014-12-10,1231.2000,1234.6000,1226.6000,1228.9000,306,1228.9000
2014-12-11,1226.6000,1231.2000,1216.2000,1225.1000,264,1225.1000
2014-12-12,1227.8000,1227.8000,1216.2000,1222.0000,203,1222.0000
2014-12-15,1223.1000,1223.1000,1198.4000,1207.2000,77,1207.2000
2014-12-16,1197.2000,1222.0000,1192.7000,1193.9000,223,1193.9000
2014-12-17,1198.2000,1199.6000,1184.0000,1194.3000,94,1194.3000
2014-12-18,1189.7000,1207.3000,1189.7000,1194.7000,197,1194.7000
2014-12-19,1198.0000,1200.8000,1195.9000,1195.9000,96,1195.9000
2014-12-22,1198.0000,1198.0000,1172.7000,1179.7000,223,1179.7000
2014-12-23,1179.3000,1180.3000,1175.0000,1177.9000,232,1177.9000
2014-12-24,1177.0000,1179.3000,1173.5000,1173.5000,23,1173.5000
2014-12-26,1177.2000,1195.3000,1177.2000,1195.3000,124,1195.3000
2014-12-29,1186.5000,1186.5000,1181.3000,1181.7000,180,1181.7000
2014-12-30,1181.4000,1210.3000,1181.4000,1200.2000,191,1200.2000
2014-12-31,1199.2000,1199.2000,1182.7000,1183.9000,92,1183.9000
2015-01-02,1184.0000,1194.5000,1169.5000,1186.0000,138,1186.0000
2015-01-05,1180.3000,1206.9000,1180.1000,1203.9000,470,1203.9000
2015-01-06,1203.5000,1220.0000,1203.5000,1219.3000,97,1219.3000
2015-01-07,1219.2000,1219.2000,1210.6000,1210.6000,29,1210.6000
2015-01-08,1207.0000,1215.7000,1206.3000,1208.4000,92,1208.4000
2015-01-09,1211.1000,1220.2000,1210.3000,1216.0000,43,1216.0000
2015-01-12,1224.2000,1234.4000,1219.1000,1232.7000,100,1232.7000
2015-01-13,1239.2000,1239.3000,1230.3000,1234.3000,20,1234.3000
2015-01-14,1229.6000,1243.8000,1225.6000,1234.4000,21,1234.4000
2015-01-15,1231.5000,1265.0000,1227.3000,1264.7000,130,1264.7000
2015-01-16,1256.1000,1279.7000,1256.1000,1276.9000,44,1276.9000
2015-01-20,1278.9000,1297.3000,1273.8000,1294.2000,157,1294.2000
2015-01-21,1295.2000,1303.5000,1286.7000,1293.7000,78,1293.7000
2015-01-22,1293.2000,1302.1000,1283.5000,1300.7000,131,1300.7000
2015-01-23,1299.8000,1299.8000,1292.6000,1292.6000,23,1292.6000
2015-01-26,1289.5000,1290.6000,1279.4000,1279.4000,26,1279.4000
2015-01-27,1277.2000,1291.7000,1277.2000,1291.7000,20,1291.7000
2015-01-28,1285.9000,1286.8000,1285.9000,1285.9000,180387,1285.9000
2015-01-29,1283.3000,1285.4000,1251.0000,1254.6000,67983,1254.6000
2015-01-30,1258.0000,1284.3000,1257.0000,1278.5000,8626,1278.5000
2015-02-02,1284.1000,1284.1000,1266.0000,1276.2000,1654,1276.2000
2015-02-03,1273.5000,1284.7000,1255.3000,1259.7000,2380,1259.7000
2015-02-04,1262.0000,1271.6000,1256.8000,1263.8000,668,1263.8000
2015-02-05,1271.8000,1272.6000,1257.8000,1262.0000,133,1262.0000
2015-02-06,1265.0000,1267.6000,1228.0000,1233.9000,432,1233.9000
2015-02-09,1237.5000,1242.3000,1235.4000,1240.8000,319,1240.8000
2015-02-10,1237.5000,1245.0000,1231.2000,1231.6000,231,1231.6000
2015-02-11,1233.3000,1237.4000,1219.0000,1219.0000,102,1219.0000
2015-02-12,1217.9000,1229.8000,1217.9000,1220.1000,99,1220.1000
2015-02-13,1222.2000,1232.8000,1222.2000,1226.5000,65,1226.5000
2015-02-17,1227.7000,1234.0000,1203.0000,1208.1000,204,1208.1000
2015-02-18,1207.1000,1210.2000,1197.8000,1199.7000,147,1199.7000
2015-02-19,1216.5000,1220.0000,1205.0000,1207.1000,65,1207.1000
2015-02-20,1206.5000,1213.1000,1199.1000,1204.4000,51,1204.4000
2015-02-23,1201.3000,1203.3000,1191.6000,1200.3000,268,1200.3000
2015-02-24,1203.4000,1203.5000,1193.8000,1196.9000,151,1196.9000
2015-02-25,1204.3000,1204.6000,1201.0000,1201.0000,570,1201.0000
2015-02-26,1204.8000,1219.0000,1204.8000,1209.6000,560,1209.6000
2015-02-27,1207.7000,1217.8000,1204.5000,1212.6000,195,1212.6000
2015-03-02,1214.3000,1222.7000,1204.9000,1207.7000,124,1207.7000
2015-03-03,1201.5000,1212.0000,1195.0000,1204.0000,51,1204.0000
2015-03-04,1204.8000,1206.9000,1198.0000,1200.6000,27,1200.6000
2015-03-05,1201.7000,1205.4000,1195.9000,1195.9000,29,1195.9000
2015-03-06,1195.0000,1195.7000,1163.7000,1164.1000,168,1164.1000
2015-03-09,1169.4000,1174.2000,1166.3000,1166.4000,45,1166.4000
2015-03-10,1166.4000,1168.4000,1156.5000,1160.1000,94,1160.1000
2015-03-11,1162.0000,1162.0000,1147.7000,1150.7000,74,1150.7000
2015-03-12,1155.4000,1160.5000,1149.7000,1152.1000,63,1152.1000
2015-03-13,1158.2000,1159.2000,1152.6000,1152.6000,44,1152.6000
2015-03-16,1159.7000,1162.3000,1150.1000,1153.3000,56,1153.3000
2015-03-17,1153.6000,1158.2000,1144.3000,1148.3000,71,1148.3000
2015-03-18,1148.7000,1174.3000,1147.0000,1151.4000,112,1151.4000
2015-03-19,1171.6000,1171.6000,1159.3000,1169.1000,39,1169.1000
2015-03-20,1171.0000,1185.4000,1171.0000,1184.8000,54,1184.8000
2015-03-23,1181.6000,1188.0000,1181.2000,1188.0000,5,1188.0000
2015-03-24,1188.0000,1193.0000,1186.0000,1191.7000,411,1191.7000
2015-03-25,1192.5000,1199.2000,1192.5000,1197.3000,11,1197.3000
2015-03-26,1198.2000,1213.7000,1198.2000,1205.1000,68,1205.1000
2015-03-27,1197.0000,1199.8000,1196.3000,1199.8000,172260,1199.8000
2015-03-30,1198.0000,1198.5000,1181.6000,1184.8000,37990,1184.8000
2015-03-31,1185.8000,1190.1000,1178.2000,1183.1000,3409,1183.1000
2015-04-01,1182.9000,1208.2000,1181.0000,1208.1000,1632,1208.1000
2015-04-02,1204.0000,1205.7000,1194.8000,1200.9000,1684,1200.9000
2015-04-06,1209.9000,1224.2000,1209.9000,1218.6000,343,1218.6000
2015-04-07,1214.8000,1214.8000,1208.2000,1210.6000,406,1210.6000
2015-04-08,1208.9000,1211.4000,1197.6000,1203.1000,236,1203.1000
2015-04-09,1201.7000,1202.5000,1193.0000,1193.6000,521,1193.6000
2015-04-10,1195.8000,1209.6000,1195.8000,1204.6000,202,1204.6000
2015-04-13,1208.1000,1208.1000,1198.3000,1199.3000,424,1199.3000
2015-04-14,1198.8000,1200.6000,1184.1000,1192.8000,546,1192.8000
2015-04-15,1194.6000,1203.1000,1188.6000,1201.5000,196,1201.5000
2015-04-16,1204.3000,1208.5000,1194.6000,1198.0000,199,1198.0000
2015-04-17,1200.2000,1206.0000,1200.2000,1202.9000,21,1202.9000
2015-04-20,1205.7000,1206.9000,1191.0000,1193.5000,67,1193.5000
2015-04-21,1193.2000,1202.9000,1192.8000,1202.9000,33,1202.9000
2015-04-22,1199.1000,1202.6000,1185.2000,1186.9000,93,1186.9000
2015-04-23,1187.2000,1197.0000,1186.1000,1194.4000,331,1194.4000
2015-04-24,1192.3000,1194.7000,1174.6000,1175.2000,52,1175.2000
2015-04-27,1182.3000,1206.7000,1181.4000,1203.3000,194,1203.3000
2015-04-28,1199.7000,1214.0000,1199.7000,1214.0000,401,1214.0000
2015-04-29,1211.2000,1212.6000,1201.9000,1209.8000,114,1209.8000
2015-04-30,1203.1000,1205.9000,1176.7000,1182.4000,143,1182.4000
2015-05-01,1178.1000,1178.1000,1170.0000,1174.5000,23,1174.5000
2015-05-04,1177.5000,1189.4000,1177.5000,1186.8000,38,1186.8000
2015-05-05,1187.5000,1198.7000,1186.9000,1193.2000,48,1193.2000
2015-05-06,1194.5000,1194.6000,1189.9000,1190.3000,14,1190.3000
2015-05-07,1181.5000,1186.0000,1179.7000,1182.4000,44,1182.4000
2015-05-08,1183.3000,1189.1000,1182.9000,1189.1000,51,1189.1000
2015-05-11,1189.7000,1190.5000,1179.3000,1183.2000,26,1183.2000
2015-05-12,1194.6000,1194.8000,1189.7000,1192.6000,10,1192.6000
2015-05-13,1192.7000,1218.4000,1191.0000,1218.4000,34,1218.4000
2015-05-14,1214.5000,1225.6000,1214.5000,1225.4000,35,1225.4000
2015-05-15,1218.5000,1225.5000,1214.8000,1225.5000,12,1225.5000
2015-05-18,1224.5000,1228.1000,1222.6000,1227.8000,8,1227.8000
2015-05-19,1223.9000,1223.9000,1206.0000,1206.9000,9,1206.9000
2015-05-20,1205.1000,1210.8000,1205.1000,1208.9000,11,1208.9000
2015-05-21,1204.5000,1204.5000,1203.7000,1204.4000,43,1204.4000
2015-05-22,1211.6000,1211.9000,1204.3000,1204.3000,8,1204.3000
2015-05-26,1193.6000,1193.6000,1186.0000,1187.2000,40,1187.2000
2015-05-27,1185.9000,1185.9000,1185.9000,1185.9000,200216,1185.9000
2015-05-28,1187.1000,1192.0000,1179.6000,1188.1000,52705,1188.1000
2015-05-29,1187.8000,1193.3000,1185.7000,1189.4000,4748,1189.4000
2015-06-01,1190.6000,1204.0000,1184.3000,1188.3000,1236,1188.3000
2015-06-02,1189.0000,1194.3000,1186.0000,1194.1000,1003,1194.1000
2015-06-03,1193.9000,1193.9000,1179.1000,1184.7000,630,1184.7000
2015-06-04,1184.9000,1185.3000,1173.0000,1174.9000,447,1174.9000
2015-06-05,1176.4000,1177.3000,1164.0000,1167.8000,390,1167.8000
2015-06-08,1169.5000,1176.1000,1169.1000,1173.2000,173,1173.2000
2015-06-09,1172.9000,1180.3000,1172.7000,1177.3000,144,1177.3000
2015-06-10,1176.1000,1190.1000,1175.6000,1186.1000,295,1186.1000
2015-06-11,1183.2000,1183.2000,1174.4000,1179.9000,69,1179.9000
2015-06-12,1180.4000,1181.2000,1176.2000,1178.8000,141,1178.8000
2015-06-15,1179.9000,1188.5000,1172.7000,1185.3000,102,1185.3000
2015-06-16,1186.5000,1186.5000,1175.9000,1180.5000,29,1180.5000
2015-06-17,1177.6000,1186.3000,1174.9000,1176.4000,168,1176.4000
2015-06-18,1183.4000,1202.0000,1183.4000,1201.5000,130,1201.5000
2015-06-19,1199.7000,1203.1000,1199.7000,1201.5000,142,1201.5000
2015-06-22,1197.8000,1197.8000,1182.7000,1183.7000,30,1183.7000
2015-06-23,1183.8000,1186.0000,1176.2000,1176.2000,60,1176.2000
2015-06-24,1176.6000,1176.6000,1170.7000,1172.6000,263,1172.6000
2015-06-25,1175.8000,1175.9000,1171.5000,1171.5000,95,1171.5000
2015-06-26,1170.5000,1172.9000,1170.5000,1172.9000,308,1172.9000
2015-06-29,1185.1000,1186.0000,1173.8000,1178.5000,174,1178.5000
2015-06-30,1176.3000,1176.4000,1166.6000,1171.5000,223,1171.5000
2015-07-01,1173.1000,1173.1000,1166.6000,1169.0000,455,1169.0000
2015-07-02,1166.4000,1168.1000,1155.5000,1163.0000,316,1163.0000
2015-07-06,1171.1000,1173.0000,1162.2000,1172.9000,634,1172.9000
2015-07-07,1166.8000,1166.8000,1149.5000,1152.4000,469,1152.4000
2015-07-08,1152.6000,1163.3000,1146.4000,1163.3000,65,1163.3000
2015-07-09,1154.8000,1163.6000,1154.8000,1159.0000,65,1159.0000
2015-07-10,1160.1000,1161.4000,1157.5000,1157.7000,27,1157.7000
2015-07-13,1159.0000,1159.0000,1151.2000,1155.2000,14,1155.2000
2015-07-14,1157.2000,1157.2000,1153.0000,1153.3000,39,1153.3000
2015-07-15,1154.0000,1154.0000,1144.8000,1147.2000,15,1147.2000
2015-07-16,1146.2000,1146.2000,1142.9000,1143.8000,14,1143.8000
2015-07-17,1144.0000,1144.0000,1130.2000,1131.8000,120,1131.8000
2015-07-20,1130.4000,1130.7000,1095.1000,1106.7000,189,1106.7000
2015-07-21,1097.1000,1106.4000,1097.1000,1103.4000,118,1103.4000
2015-07-22,1093.0000,1095.0000,1086.0000,1091.4000,46,1091.4000
2015-07-23,1097.4000,1097.6000,1087.8000,1094.0000,64,1094.0000
2015-07-24,1078.6000,1100.7000,1078.6000,1085.6000,52,1085.6000
2015-07-27,1100.0000,1102.5000,1093.9000,1096.5000,19,1096.5000
2015-07-28,1097.2000,1097.7000,1096.3000,1096.3000,31,1096.3000
2015-07-29,1096.4000,1096.9000,1092.7000,1092.7000,159142,1092.7000
2015-07-30,1096.1000,1097.5000,1081.0000,1088.4000,49298,1088.4000
2015-07-31,1087.7000,1102.8000,1079.1000,1094.9000,5700,1094.9000
2015-08-03,1095.5000,1097.1000,1085.0000,1089.4000,2418,1089.4000
2015-08-04,1085.1000,1093.9000,1080.5000,1090.7000,1139,1090.7000
2015-08-05,1086.5000,1090.6000,1082.5000,1085.7000,1207,1085.7000
2015-08-06,1084.4000,1092.2000,1083.6000,1090.2000,269,1090.2000
2015-08-07,1088.9000,1098.3000,1081.7000,1094.1000,614,1094.1000
2015-08-10,1093.2000,1107.6000,1089.5000,1104.2000,900,1104.2000
2015-08-11,1103.8000,1116.7000,1094.0000,1107.6000,997,1107.6000
2015-08-12,1106.0000,1124.5000,1101.5000,1123.2000,797,1123.2000
2015-08-13,1124.3000,1124.3000,1113.0000,1115.7000,441,1115.7000
2015-08-14,1113.9000,1118.8000,1112.5000,1112.9000,908,1112.9000
2015-08-17,1113.8000,1122.0000,1113.8000,1118.6000,399,1118.6000
2015-08-18,1118.2000,1118.4000,1110.0000,1117.1000,475,1117.1000
2015-08-19,1117.0000,1134.3000,1116.8000,1128.1000,348,1128.1000
2015-08-20,1132.8000,1153.3000,1132.8000,1153.0000,409,1153.0000
2015-08-21,1154.1000,1166.5000,1150.5000,1159.6000,261,1159.6000
2015-08-24,1164.0000,1169.0000,1147.5000,1153.4000,299,1153.4000
2015-08-25,1151.5000,1155.5000,1134.0000,1138.2000,217,1138.2000
2015-08-26,1139.2000,1143.0000,1119.6000,1124.6000,116,1124.6000
2015-08-27,1127.2000,1127.4000,1118.4000,1122.4000,564,1122.4000
2015-08-28,1125.3000,1139.0000,1123.6000,1133.1000,279,1133.1000
2015-08-31,1131.1000,1134.0000,1124.8000,1131.6000,194,1131.6000
2015-09-01,1133.5000,1144.7000,1133.5000,1138.7000,375,1138.7000
2015-09-02,1137.3000,1140.4000,1130.8000,1132.5000,201,1132.5000
2015-09-03,1130.3000,1132.9000,1120.3000,1123.7000,122,1123.7000
2015-09-04,1123.4000,1125.2000,1116.2000,1120.6000,51,1120.6000
2015-09-08,1119.8000,1124.3000,1116.4000,1120.4000,138,1120.4000
2015-09-09,1123.5000,1123.5000,1102.1000,1102.2000,150,1102.2000
2015-09-10,1107.3000,1113.5000,1105.5000,1109.5000,56,1109.5000
2015-09-11,1110.8000,1111.7000,1098.2000,1103.5000,81,1103.5000
2015-09-14,1107.8000,1108.6000,1104.1000,1107.7000,19,1107.7000
2015-09-15,1104.5000,1104.5000,1102.8000,1102.8000,8,1102.8000
2015-09-16,1109.8000,1119.9000,1109.8000,1119.2000,31,1119.2000
2015-09-17,1118.6000,1130.5000,1117.1000,1117.3000,14,1117.3000
2015-09-18,1128.3000,1141.2000,1127.8000,1138.1000,59,1138.1000
2015-09-21,1137.6000,1138.5000,1130.8000,1133.1000,17,1133.1000
2015-09-22,1132.6000,1135.0000,1122.5000,1125.0000,43,1125.0000
2015-09-23,1128.6000,1132.2000,1128.3000,1131.6000,33,1131.6000
2015-09-24,1133.0000,1155.9000,1133.0000,1153.8000,37,1153.8000
2015-09-25,1149.8000,1149.8000,1143.4000,1146.0000,56,1146.0000
2015-09-28,1133.2000,1133.2000,1132.0000,1132.0000,4346,1132.0000
2015-09-29,1132.2000,1134.4000,1124.3000,1127.1000,2417,1127.1000
2015-09-30,1124.3000,1126.0000,1112.1000,1115.5000,865,1115.5000
2015-10-01,1115.2000,1119.0000,1113.3000,1114.2000,1181,1114.2000
2015-10-02,1112.2000,1141.2000,1105.8000,1137.1000,323,1137.1000
2015-10-05,1137.1000,1141.7000,1132.5000,1138.1000,226,1138.1000
2015-10-06,1136.3000,1150.0000,1136.3000,1146.8000,145,1146.8000
2015-10-07,1147.6000,1152.9000,1143.0000,1149.0000,104,1149.0000
2015-10-08,1142.7000,1146.7000,1138.7000,1144.7000,138,1144.7000
2015-10-09,1151.6000,1157.2000,1151.6000,1156.3000,22,1156.3000
2015-10-12,1155.9000,1166.8000,1155.9000,1164.9000,40,1164.9000
2015-10-13,1163.5000,1166.2000,1154.9000,1165.8000,132,1165.8000
2015-10-14,1172.4000,1189.0000,1167.3000,1180.1000,143,1180.1000
2015-10-15,1184.2000,1188.3000,1177.8000,1187.9000,143,1187.9000
2015-10-16,1182.5000,1184.1000,1176.2000,1183.6000,243,1183.6000
2015-10-19,1176.5000,1177.8000,1169.3000,1173.3000,62,1173.3000
2015-10-20,1168.7000,1179.1000,1168.7000,1178.0000,19,1178.0000
2015-10-21,1175.9000,1176.4000,1164.9000,1167.6000,41,1167.6000
2015-10-22,1166.2000,1168.6000,1163.5000,1166.6000,48,1166.6000
2015-10-23,1166.2000,1178.7000,1163.3000,1163.3000,38,1163.3000
2015-10-26,1165.1000,1170.0000,1163.8000,1167.0000,176,1167.0000
2015-10-27,1164.5000,1166.8000,1162.0000,1166.8000,302,1166.8000
2015-10-28,1175.1000,1182.7000,1175.1000,1177.1000,217,1177.1000
2015-10-29,1158.0000,1162.0000,1144.9000,1147.2000,329,1147.2000
2015-10-30,1147.5000,1147.6000,1139.2000,1141.5000,249,1141.5000
2015-11-02,1137.9000,1138.7000,1132.6000,1135.8000,180,1135.8000
2015-11-03,1133.3000,1134.7000,1114.2000,1114.2000,185,1114.2000
2015-11-04,1119.0000,1121.9000,1106.5000,1106.5000,141,1106.5000
2015-11-05,1107.9000,1110.7000,1104.4000,1104.4000,84,1104.4000
2015-11-06,1105.2000,1109.5000,1084.8000,1087.6000,78,1087.6000
2015-11-09,1088.6000,1088.6000,1087.9000,1087.9000,5,1087.9000
2015-11-10,1090.1000,1091.3000,1085.0000,1088.2000,18,1088.2000
2015-11-11,1091.4000,1091.4000,1084.2000,1084.7000,15,1084.7000
2015-11-12,1086.0000,1086.6000,1080.8000,1080.8000,4,1080.8000
2015-11-13,1083.1000,1085.9000,1080.8000,1080.8000,23,1080.8000
2015-11-16,1092.0000,1092.4000,1083.7000,1083.7000,11,1083.7000
2015-11-17,1075.5000,1075.8000,1065.1000,1068.7000,6,1068.7000
2015-11-18,1064.0000,1071.9000,1064.0000,1068.8000,5,1068.8000
2015-11-19,1077.4000,1082.4000,1077.4000,1078.0000,10,1078.0000
2015-11-20,1082.9000,1082.9000,1076.4000,1076.4000,5,1076.4000
2015-11-23,1070.0000,1071.5000,1066.8000,1066.8000,57,1066.8000
2015-11-24,1073.2000,1079.4000,1073.2000,1074.3000,222,1074.3000
2015-11-25,1070.2000,1072.0000,1068.5000,1070.5000,148662,1070.5000
2015-11-27,1070.7000,1074.2000,1051.1000,1056.2000,52133,1056.2000
2015-11-30,1056.5000,1068.4000,1052.1000,1065.8000,4601,1065.8000
2015-12-01,1064.6000,1074.6000,1063.4000,1063.8000,3441,1063.8000
2015-12-02,1068.7000,1069.5000,1049.6000,1054.2000,503,1054.2000
2015-12-03,1054.4000,1064.6000,1046.2000,1061.7000,1161,1061.7000
2015-12-04,1063.0000,1088.8000,1058.7000,1084.5000,889,1084.5000
2015-12-07,1084.9000,1086.5000,1067.4000,1076.4000,656,1076.4000
2015-12-08,1071.0000,1078.4000,1069.6000,1076.3000,306,1076.3000
2015-12-09,1075.1000,1086.0000,1070.6000,1077.6000,386,1077.6000
2015-12-10,1073.0000,1076.3000,1071.7000,1073.1000,226,1073.1000
2015-12-11,1067.8000,1079.4000,1064.4000,1076.9000,410,1076.9000
2015-12-14,1074.0000,1076.7000,1060.0000,1064.7000,509,1064.7000
2015-12-15,1064.6000,1066.2000,1061.8000,1062.9000,220,1062.9000
2015-12-16,1064.8000,1078.7000,1064.3000,1078.0000,81,1078.0000
2015-12-17,1072.6000,1072.6000,1050.5000,1050.8000,56,1050.8000
2015-12-18,1053.7000,1070.3000,1052.7000,1066.2000,253,1066.2000
2015-12-21,1070.2000,1081.9000,1070.2000,1081.9000,26,1081.9000
2015-12-22,1078.6000,1078.6000,1073.8000,1074.8000,106,1074.8000
2015-12-23,1074.5000,1074.8000,1069.4000,1069.4000,202,1069.4000
2015-12-24,1074.3000,1077.8000,1073.5000,1077.2000,24,1077.2000
2015-12-28,1077.9000,1098.8000,1070.5000,1070.5000,361,1070.5000
2015-12-29,1079.1000,1079.7000,1077.5000,1077.5000,252,1077.5000
2015-12-30,1068.6000,1070.2000,1059.7000,1060.1000,71,1060.1000
2015-12-31,1061.9000,1062.0000,1058.5000,1060.3000,10,1060.3000
2016-01-04,1063.4000,1082.5000,1063.2000,1075.1000,143,1075.1000
2016-01-05,1075.6000,1081.5000,1075.3000,1078.4000,82,1078.4000
2016-01-06,1081.6000,1093.7000,1081.6000,1091.9000,52,1091.9000
2016-01-07,1091.6000,1109.4000,1091.6000,1107.7000,122,1107.7000
2016-01-08,1111.1000,1111.1000,1093.0000,1097.8000,98,1097.8000
2016-01-11,1105.7000,1107.9000,1096.5000,1096.5000,43,1096.5000
2016-01-12,1093.8000,1098.5000,1084.0000,1085.6000,87,1085.6000
2016-01-13,1081.5000,1093.9000,1081.5000,1087.5000,50,1087.5000
2016-01-14,1091.5000,1091.5000,1073.7000,1073.9000,59,1073.9000
2016-01-15,1085.0000,1095.8000,1081.8000,1091.5000,44,1091.5000
2016-01-19,1089.8000,1094.4000,1084.9000,1089.9000,17,1089.9000
2016-01-20,1099.8000,1109.8000,1099.8000,1107.1000,30,1107.1000
2016-01-21,1103.6000,1103.6000,1094.1000,1099.1000,16,1099.1000
2016-01-22,1098.0000,1103.2000,1097.2000,1097.2000,4,1097.2000
2016-01-25,1099.3000,1109.3000,1099.3000,1106.2000,8,1106.2000
2016-01-26,1115.1000,1121.7000,1114.3000,1121.7000,181,1121.7000
2016-01-27,1117.8000,1117.8000,1115.8000,1116.1000,168706,1116.1000
2016-01-28,1125.4000,1125.7000,1109.8000,1115.6000,52861,1115.6000
2016-01-29,1114.4000,1118.6000,1108.8000,1116.4000,6955,1116.4000
2016-02-01,1116.7000,1130.0000,1115.3000,1127.9000,1682,1127.9000
2016-02-02,1128.3000,1131.4000,1123.0000,1127.3000,1230,1127.3000
2016-02-03,1128.5000,1146.0000,1125.0000,1141.3000,1630,1141.3000
2016-02-04,1142.5000,1157.6000,1141.0000,1157.6000,771,1157.6000
2016-02-05,1155.6000,1174.8000,1146.0000,1157.8000,877,1157.8000
2016-02-08,1173.5000,1200.4000,1165.0000,1197.9000,931,1197.9000
2016-02-09,1188.7000,1199.2000,1186.7000,1198.7000,700,1198.7000
2016-02-10,1189.8000,1197.7000,1182.1000,1194.7000,671,1194.7000
2016-02-11,1205.6000,1260.8000,1204.6000,1247.9000,995,1247.9000
2016-02-12,1247.8000,1247.8000,1233.5000,1239.1000,250,1239.1000
2016-02-16,1233.1000,1233.6000,1193.6000,1207.9000,422,1207.9000
2016-02-17,1196.5000,1212.9000,1196.5000,1211.1000,53,1211.1000
2016-02-18,1209.6000,1239.2000,1201.6000,1226.1000,315,1226.1000
2016-02-19,1230.8000,1232.8000,1221.8000,1230.4000,76,1230.4000
2016-02-22,1226.1000,1226.1000,1203.0000,1209.5000,280,1209.5000
2016-02-23,1207.4000,1226.1000,1207.4000,1222.3000,351,1222.3000
2016-02-24,1230.0000,1250.1000,1230.0000,1238.7000,111,1238.7000
2016-02-25,1239.4000,1241.5000,1235.0000,1238.2000,1349,1238.2000
2016-02-26,1232.4000,1239.1000,1212.2000,1219.8000,656,1219.8000
2016-02-29,1218.6000,1241.0000,1218.6000,1233.9000,580,1233.9000
2016-03-01,1240.5000,1248.4000,1229.0000,1230.3000,477,1230.3000
2016-03-02,1232.8000,1242.6000,1226.0000,1241.1000,267,1241.1000
2016-03-03,1238.4000,1267.9000,1238.0000,1257.4000,123,1257.4000
2016-03-04,1263.0000,1279.9000,1250.9000,1269.9000,268,1269.9000
2016-03-07,1259.8000,1272.3000,1259.7000,1263.2000,67,1263.2000
2016-03-08,1268.7000,1276.3000,1261.0000,1262.1000,43,1262.1000
2016-03-09,1254.5000,1260.0000,1244.8000,1256.6000,79,1256.6000
2016-03-10,1250.0000,1273.0000,1237.5000,1272.0000,119,1272.0000
2016-03-11,1270.0000,1280.7000,1249.4000,1258.7000,87,1258.7000
2016-03-14,1256.0000,1258.0000,1234.5000,1244.4000,58,1244.4000
2016-03-15,1228.3000,1236.0000,1228.0000,1230.4000,37,1230.4000
2016-03-16,1229.5000,1263.8000,1228.9000,1229.3000,45,1229.3000
2016-03-17,1261.5000,1270.1000,1255.9000,1264.5000,27,1264.5000
2016-03-18,1257.1000,1264.4000,1251.5000,1253.8000,542,1253.8000
2016-03-21,1256.2000,1256.2000,1243.4000,1243.8000,1061,1243.8000
2016-03-22,1244.0000,1252.4000,1243.8000,1248.2000,20,1248.2000
2016-03-23,1247.7000,1247.7000,1218.6000,1223.7000,28,1223.7000
2016-03-24,1214.2000,1221.4000,1214.2000,1221.4000,13,1221.4000
2016-03-28,1211.5000,1222.2000,1210.0000,1219.9000,33,1219.9000
2016-03-29,1217.8000,1235.6000,1217.7000,1235.6000,189732,1235.6000
2016-03-30,1241.4000,1245.0000,1223.4000,1226.9000,48248,1226.9000
2016-03-31,1225.6000,1239.6000,1224.5000,1234.2000,3377,1234.2000
2016-04-01,1232.3000,1235.2000,1209.2000,1222.2000,1602,1222.2000
2016-04-04,1221.7000,1222.3000,1215.0000,1218.0000,2038,1218.0000
2016-04-05,1215.4000,1236.7000,1215.4000,1228.4000,477,1228.4000
2016-04-06,1230.4000,1230.4000,1217.6000,1222.5000,248,1222.5000
2016-04-07,1224.8000,1242.9000,1224.6000,1236.2000,375,1236.2000
2016-04-08,1241.0000,1242.8000,1232.0000,1242.5000,409,1242.5000
2016-04-11,1241.5000,1258.7000,1241.5000,1256.7000,437,1256.7000
2016-04-12,1260.0000,1261.7000,1253.7000,1259.4000,185,1259.4000
2016-04-13,1256.5000,1256.9000,1241.3000,1246.8000,203,1246.8000
2016-04-14,1231.4000,1243.7000,1224.5000,1225.0000,264,1225.0000
2016-04-15,1225.7000,1235.0000,1225.7000,1233.1000,97,1233.1000
2016-04-18,1238.7000,1241.1000,1232.2000,1233.6000,304,1233.6000
2016-04-19,1231.6000,1256.2000,1228.8000,1253.0000,386,1253.0000
2016-04-20,1256.1000,1256.1000,1243.0000,1253.2000,180,1253.2000
2016-04-21,1247.7000,1270.6000,1247.6000,1249.0000,124,1249.0000
2016-04-22,1248.5000,1248.5000,1228.0000,1228.7000,188,1228.7000
2016-04-25,1231.6000,1240.9000,1231.6000,1238.9000,442,1238.9000
2016-04-26,1239.8000,1244.2000,1233.0000,1242.2000,97,1242.2000
2016-04-27,1248.6000,1249.5000,1248.6000,1249.2000,547,1249.2000
2016-04-28,1245.9000,1270.1000,1238.5000,1265.5000,887,1265.5000
2016-04-29,1267.3000,1295.5000,1267.2000,1289.2000,464,1289.2000
2016-05-02,1292.1000,1304.4000,1290.4000,1294.7000,192,1294.7000
2016-05-03,1292.7000,1301.5000,1284.5000,1290.7000,151,1290.7000
2016-05-04,1286.9000,1290.0000,1273.0000,1273.3000,109,1273.3000
2016-05-05,1282.9000,1286.0000,1270.8000,1271.4000,330,1271.4000
2016-05-06,1278.6000,1295.6000,1276.9000,1292.9000,305,1292.9000
2016-05-09,1286.5000,1286.5000,1262.3000,1265.6000,341,1265.6000
2016-05-10,1265.1000,1267.4000,1258.7000,1263.9000,23,1263.9000
2016-05-11,1266.9000,1279.2000,1266.9000,1274.6000,50,1274.6000
2016-05-12,1267.0000,1281.2000,1264.0000,1270.3000,101,1270.3000
2016-05-13,1271.4000,1275.7000,1264.6000,1271.9000,66,1271.9000
2016-05-16,1272.8000,1287.8000,1272.8000,1273.4000,44,1273.4000
2016-05-17,1272.5000,1281.6000,1270.8000,1276.2000,16,1276.2000
2016-05-18,1276.4000,1276.4000,1256.8000,1273.7000,17,1273.7000
2016-05-19,1248.0000,1255.5000,1247.5000,1254.2000,69,1254.2000
2016-05-20,1256.6000,1256.6000,1252.4000,1252.4000,44,1252.4000
2016-05-23,1251.6000,1251.6000,1247.5000,1251.1000,56,1251.1000
2016-05-24,1240.0000,1240.0000,1228.2000,1228.9000,20,1228.9000
2016-05-25,1219.3000,1223.5000,1218.6000,1223.5000,5,1223.5000
2016-05-26,1232.6000,1232.6000,1220.1000,1220.1000,199778,1220.1000
2016-05-27,1220.3000,1223.2000,1206.4000,1213.8000,63739,1213.8000
2016-05-31,1212.5000,1217.6000,1199.0000,1214.8000,6432,1214.8000
2016-06-01,1215.7000,1219.8000,1205.4000,1211.9000,2717,1211.9000
2016-06-02,1212.4000,1217.0000,1209.6000,1209.8000,1627,1209.8000
2016-06-03,1209.1000,1244.5000,1206.4000,1240.1000,1622,1240.1000
2016-06-06,1244.4000,1247.3000,1240.0000,1244.6000,1135,1244.6000
2016-06-07,1244.0000,1244.9000,1236.5000,1244.4000,281,1244.4000
2016-06-08,1247.6000,1264.0000,1247.3000,1259.8000,406,1259.8000
2016-06-09,1262.5000,1271.4000,1258.1000,1270.2000,381,1270.2000
2016-06-10,1267.6000,1278.0000,1265.3000,1273.4000,397,1273.4000
2016-06-13,1276.2000,1287.3000,1273.0000,1284.4000,328,1284.4000
2016-06-14,1281.8000,1289.7000,1277.8000,1285.6000,554,1285.6000
2016-06-15,1284.6000,1296.2000,1278.8000,1285.8000,162,1285.8000
2016-06-16,1296.3000,1316.4000,1281.1000,1296.1000,251,1296.1000
2016-06-17,1280.3000,1300.1000,1280.3000,1292.5000,129,1292.5000
2016-06-20,1288.9000,1291.2000,1280.3000,1290.0000,153,1290.0000
2016-06-21,1293.9000,1293.9000,1266.3000,1270.5000,134,1270.5000
2016-06-22,1267.0000,1269.2000,1264.9000,1268.0000,53,1268.0000
2016-06-23,1263.4000,1270.5000,1255.2000,1261.2000,218,1261.2000
2016-06-24,1253.7000,1355.6000,1253.7000,1320.0000,694,1320.0000
2016-06-27,1330.0000,1331.7000,1320.0000,1322.5000,92,1322.5000
2016-06-28,1314.8000,1315.6000,1314.1000,1315.3000,1072,1315.3000
2016-06-29,1311.6000,1327.4000,1311.6000,1323.9000,414,1323.9000
2016-06-30,1315.8000,1323.5000,1314.5000,1318.4000,560,1318.4000
2016-07-01,1324.5000,1344.2000,1321.9000,1336.7000,137,1336.7000
2016-07-05,1342.2000,1356.8000,1339.7000,1356.4000,90,1356.4000
2016-07-06,1359.0000,1374.9000,1359.0000,1364.9000,130,1364.9000
2016-07-07,1366.8000,1368.6000,1350.5000,1360.1000,207,1360.1000
2016-07-08,1361.3000,1365.8000,1335.0000,1356.6000,249,1356.6000
2016-07-11,1371.7000,1371.8000,1353.0000,1355.0000,26,1355.0000
2016-07-12,1353.6000,1356.0000,1330.3000,1334.1000,252,1334.1000
2016-07-13,1341.5000,1342.4000,1336.7000,1342.4000,7,1342.4000
2016-07-14,1341.4000,1341.4000,1322.7000,1331.3000,20,1331.3000
2016-07-15,1333.7000,1333.7000,1322.9000,1326.5000,52,1326.5000
2016-07-18,1327.5000,1335.0000,1326.2000,1328.4000,54,1328.4000
2016-07-19,1328.5000,1333.2000,1326.4000,1331.5000,322,1331.5000
2016-07-20,1331.0000,1337.5000,1315.5000,1318.8000,751,1318.8000
2016-07-21,1312.8000,1330.5000,1312.8000,1330.5000,318,1330.5000
2016-07-22,1330.7000,1330.7000,1320.4000,1323.1000,55,1323.1000
2016-07-25,1315.7000,1319.3000,1313.8000,1319.3000,548,1319.3000
2016-07-26,1315.2000,1320.7000,1315.2000,1320.7000,63,1320.7000
2016-07-27,1326.0000,1326.6000,1326.0000,1326.6000,215388,1326.6000
2016-07-28,1339.5000,1344.3000,1330.1000,1332.3000,56908,1332.3000
2016-07-29,1333.2000,1353.3000,1325.8000,1349.0000,6076,1349.0000
2016-08-01,1348.8000,1353.5000,1345.6000,1351.4000,1257,1351.4000
2016-08-02,1352.1000,1366.0000,1346.6000,1364.4000,2941,1364.4000
2016-08-03,1362.4000,1364.7000,1353.3000,1356.1000,715,1356.1000
2016-08-04,1354.4000,1361.6000,1347.0000,1358.8000,381,1358.8000
2016-08-05,1357.6000,1360.8000,1333.7000,1336.4000,1107,1336.4000
2016-08-08,1330.0000,1335.4000,1327.8000,1333.4000,587,1333.4000
2016-08-09,1331.8000,1339.4000,1328.5000,1339.0000,620,1339.0000
2016-08-10,1344.8000,1354.2000,1344.3000,1344.3000,110,1344.3000
2016-08-11,1341.6000,1350.4000,1334.8000,1342.5000,666,1342.5000
2016-08-12,1336.8000,1351.8000,1333.2000,1335.8000,113,1335.8000
2016-08-15,1336.5000,1340.6000,1333.6000,1340.3000,62,1340.3000
2016-08-16,1342.2000,1355.0000,1341.0000,1350.5000,338,1350.5000
2016-08-17,1345.5000,1347.3000,1338.6000,1342.7000,135,1342.7000
2016-08-18,1351.3000,1354.4000,1348.2000,1351.2000,140,1351.2000
2016-08-19,1350.1000,1350.1000,1338.6000,1340.4000,197,1340.4000
2016-08-22,1334.4000,1337.7000,1333.3000,1337.7000,117,1337.7000
2016-08-23,1337.0000,1341.2000,1334.3000,1340.6000,551,1340.6000
2016-08-24,1337.2000,1337.2000,1322.9000,1324.4000,262,1324.4000
2016-08-25,1321.4000,1324.0000,1317.0000,1320.1000,58,1320.1000
2016-08-26,1323.8000,1340.5000,1320.1000,1321.5000,141,1321.5000
2016-08-29,1315.0000,1323.0000,1315.0000,1322.9000,437,1322.9000
2016-08-30,1322.0000,1322.1000,1308.0000,1311.7000,705,1311.7000
2016-08-31,1310.3000,1313.7000,1306.3000,1306.9000,214,1306.9000
2016-09-01,1305.3000,1313.1000,1301.5000,1312.2000,225,1312.2000
2016-09-02,1309.6000,1326.7000,1309.2000,1322.1000,55,1322.1000
2016-09-06,1323.3000,1349.4000,1323.2000,1349.4000,46,1349.4000
2016-09-07,1348.4000,1350.5000,1343.9000,1344.3000,14,1344.3000
2016-09-08,1344.8000,1345.4000,1335.7000,1336.8000,30,1336.8000
2016-09-09,1338.5000,1338.5000,1328.0000,1330.1000,35,1330.1000
2016-09-12,1327.0000,1329.3000,1319.9000,1321.0000,177,1321.0000
2016-09-13,1324.6000,1324.6000,1315.0000,1319.0000,79,1319.0000
2016-09-14,1319.2000,1322.3000,1319.2000,1321.5000,73,1321.5000
2016-09-15,1320.7000,1320.7000,1310.8000,1313.5000,37,1313.5000
2016-09-16,1312.2000,1312.6000,1305.8000,1305.8000,4,1305.8000
2016-09-19,1313.5000,1313.5000,1313.5000,1313.5000,20,1313.5000
2016-09-20,1313.7000,1313.7000,1313.7000,1313.7000,97,1313.7000
2016-09-21,1326.3000,1326.9000,1324.0000,1326.9000,76,1326.9000
2016-09-22,1338.6000,1340.4000,1338.2000,1340.4000,23,1340.4000
2016-09-23,1337.2000,1337.2000,1337.2000,1337.2000,40,1337.2000
2016-09-26,1335.2000,1341.8000,1335.2000,1339.7000,24,1339.7000
2016-09-27,1328.0000,1328.7000,1325.9000,1325.9000,48,1325.9000
2016-09-28,1319.4000,1319.4000,1319.4000,1319.4000,10551,1319.4000
2016-09-29,1321.2000,1325.0000,1314.7000,1321.7000,6108,1321.7000
2016-09-30,1320.6000,1327.7000,1312.9000,1313.3000,868,1313.3000
2016-10-03,1313.5000,1316.8000,1308.2000,1309.0000,299,1309.0000
2016-10-04,1307.6000,1310.2000,1266.3000,1266.3000,1893,1266.3000
2016-10-05,1272.1000,1274.0000,1261.3000,1265.2000,246,1265.2000
2016-10-06,1265.3000,1265.3000,1249.8000,1249.8000,114,1249.8000
2016-10-07,1253.9000,1263.6000,1248.9000,1248.9000,169,1248.9000
2016-10-11,1258.9000,1258.9000,1253.0000,1253.0000,26,1253.0000
2016-10-12,1251.7000,1254.0000,1251.1000,1251.1000,127,1251.1000
2016-10-13,1258.7000,1259.0000,1255.0000,1255.0000,315,1255.0000
2016-10-14,1253.9000,1253.9000,1250.6000,1253.1000,311,1253.1000
2016-10-17,1249.9000,1255.0000,1249.9000,1254.4000,41,1254.4000
2016-10-18,1260.9000,1261.7000,1260.8000,1260.8000,11,1260.8000
2016-10-19,1262.9000,1271.5000,1262.9000,1267.9000,219,1267.9000
2016-10-20,1270.0000,1270.5000,1265.5000,1265.6000,415,1265.6000
2016-10-21,1265.9000,1265.9000,1265.9000,1265.9000,224,1265.9000
2016-10-24,1269.2000,1269.2000,1261.8000,1262.0000,42,1262.0000
2016-10-25,1264.1000,1274.1000,1264.1000,1271.9000,61,1271.9000
2016-10-26,1274.0000,1274.0000,1264.8000,1264.8000,279,1264.8000
2016-10-27,1269.4000,1269.4000,1267.9000,1267.9000,338,1267.9000
2016-10-28,1270.3000,1281.5000,1262.0000,1275.5000,560,1275.5000
2016-10-31,1276.6000,1276.6000,1271.5000,1271.5000,58,1271.5000
2016-11-01,1279.3000,1290.7000,1279.0000,1286.4000,49,1286.4000
2016-11-02,1288.3000,1307.0000,1288.3000,1306.8000,30,1306.8000
2016-11-03,1296.4000,1303.1000,1287.3000,1302.1000,73,1302.1000
2016-11-04,1300.0000,1303.3000,1296.7000,1303.3000,11,1303.3000
2016-11-07,1292.0000,1294.5000,1278.3000,1278.3000,34,1278.3000
2016-11-08,1284.1000,1289.4000,1273.2000,1273.4000,50,1273.4000
2016-11-09,1272.2000,1318.6000,1270.0000,1272.6000,108,1272.6000
2016-11-10,1274.4000,1287.5000,1253.3000,1265.5000,63,1265.5000
2016-11-14,1227.8000,1229.5000,1210.4000,1221.2000,216,1221.2000
2016-11-15,1224.3000,1226.0000,1222.5000,1224.0000,20,1224.0000
2016-11-16,1229.3000,1229.3000,1223.0000,1223.4000,66,1223.4000
2016-11-17,1224.6000,1225.0000,1211.0000,1216.5000,1139,1216.5000
2016-11-18,1211.9000,1211.9000,1207.2000,1208.5000,607,1208.5000
2016-11-21,1209.6000,1209.6000,1209.6000,1209.6000,19,1209.6000
2016-11-22,1210.4000,1211.1000,1207.6000,1211.0000,19,1211.0000
2016-11-23,1212.8000,1213.8000,1186.8000,1189.1000,309,1189.1000
2016-11-25,1177.0000,1189.3000,1177.0000,1178.2000,14,1178.2000
2016-11-28,1188.0000,1190.6000,1188.0000,1190.6000,189914,1190.6000
2016-11-29,1193.2000,1194.8000,1179.4000,1187.9000,42124,1187.9000
2016-11-30,1187.1000,1193.3000,1167.9000,1170.8000,7158,1170.8000
2016-12-01,1172.7000,1174.6000,1160.0000,1166.9000,1588,1166.9000
2016-12-02,1172.3000,1177.3000,1166.4000,1175.1000,1521,1175.1000
2016-12-05,1181.8000,1186.7000,1157.0000,1174.0000,358,1174.0000
2016-12-06,1170.9000,1174.5000,1167.1000,1167.6000,652,1167.6000
2016-12-07,1167.7000,1178.5000,1166.4000,1175.0000,182,1175.0000
2016-12-08,1173.8000,1177.8000,1169.1000,1169.8000,322,1169.8000
2016-12-09,1166.6000,1168.8000,1156.0000,1159.4000,365,1159.4000
2016-12-12,1158.3000,1163.9000,1153.0000,1163.5000,331,1163.5000
2016-12-13,1163.5000,1164.0000,1155.4000,1156.7000,637,1156.7000
2016-12-14,1159.8000,1164.0000,1142.0000,1161.3000,487,1161.3000
2016-12-15,1139.8000,1143.3000,1123.9000,1127.8000,244,1127.8000
2016-12-16,1126.9000,1140.9000,1126.9000,1135.3000,146,1135.3000
2016-12-19,1139.4000,1140.7000,1137.9000,1140.5000,249,1140.5000
2016-12-20,1133.5000,1133.5000,1126.5000,1131.5000,46,1131.5000
2016-12-21,1136.1000,1136.1000,1130.0000,1131.1000,50,1131.1000
2016-12-22,1131.2000,1132.8000,1128.3000,1128.8000,104,1128.8000
2016-12-23,1130.9000,1132.8000,1130.3000,1131.9000,70,1131.9000
2016-12-27,1134.3000,1142.2000,1134.3000,1137.3000,84,1137.3000
2016-12-28,1141.2000,1141.2000,1138.0000,1139.4000,1570,1139.4000
2016-12-29,1143.8000,1158.8000,1143.6000,1156.4000,950,1156.4000
2016-12-30,1162.0000,1162.0000,1150.0000,1150.0000,16,1150.0000
2017-01-03,1155.2000,1160.8000,1146.5000,1160.4000,52,1160.4000
2017-01-04,1156.3000,1165.0000,1156.3000,1163.8000,36,1163.8000
2017-01-05,1172.0000,1183.3000,1171.5000,1179.7000,500,1179.7000
2017-01-06,1176.5000,1176.5000,1171.9000,1171.9000,16,1171.9000
2017-01-09,1173.9000,1183.6000,1173.0000,1183.5000,62,1183.5000
2017-01-10,1184.3000,1188.9000,1182.3000,1184.2000,8,1184.2000
2017-01-11,1187.5000,1197.0000,1176.5000,1195.6000,20,1195.6000
2017-01-12,1192.7000,1204.3000,1192.3000,1198.9000,110,1198.9000
2017-01-13,1195.7000,1196.0000,1187.7000,1195.3000,65,1195.3000
2017-01-17,1205.5000,1214.6000,1200.8000,1212.0000,79,1212.0000
2017-01-18,1213.6000,1214.7000,1203.1000,1211.3000,114,1211.3000
2017-01-19,1200.5000,1204.0000,1195.8000,1200.9000,26,1200.9000
2017-01-20,1202.8000,1212.1000,1202.8000,1204.3000,38,1204.3000
2017-01-23,1212.0000,1215.0000,1210.0000,1215.0000,16,1215.0000
2017-01-24,1219.0000,1219.0000,1207.7000,1210.3000,24,1210.3000
2017-01-25,1202.0000,1202.8000,1194.9000,1197.3000,403,1197.3000
2017-01-26,1199.7000,1199.7000,1185.6000,1189.5000,19,1189.5000
2017-01-27,1187.9000,1188.3000,1187.9000,1188.1000,234352,1188.1000
2017-01-30,1191.7000,1198.5000,1187.1000,1193.2000,50503,1193.2000
2017-01-31,1194.9000,1214.7000,1193.5000,1208.6000,3212,1208.6000
2017-02-01,1211.9000,1211.9000,1197.9000,1205.6000,1145,1205.6000
2017-02-02,1209.7000,1224.2000,1208.9000,1216.7000,1512,1216.7000
2017-02-03,1214.9000,1220.6000,1206.2000,1218.5000,865,1218.5000
2017-02-06,1221.9000,1235.4000,1218.5000,1230.0000,908,1230.0000
2017-02-07,1234.2000,1236.2000,1228.5000,1234.2000,1177,1234.2000
2017-02-08,1232.1000,1243.9000,1231.0000,1237.6000,288,1237.6000
2017-02-09,1239.4000,1243.5000,1226.9000,1235.1000,885,1235.1000
2017-02-10,1227.6000,1234.4000,1221.5000,1234.4000,391,1234.4000
2017-02-13,1230.5000,1231.1000,1219.0000,1224.4000,398,1224.4000
2017-02-14,1225.9000,1233.5000,1222.1000,1223.9000,159,1223.9000
2017-02-15,1225.5000,1231.7000,1217.3000,1231.7000,175,1231.7000
2017-02-16,1234.5000,1240.7000,1233.2000,1240.0000,87,1240.0000
2017-02-17,1240.7000,1241.2000,1234.8000,1237.6000,301,1237.6000
2017-02-21,1237.3000,1237.5000,1228.1000,1237.5000,119,1237.5000
2017-02-22,1236.1000,1238.6000,1231.8000,1232.0000,36,1232.0000
2017-02-23,1236.1000,1250.3000,1236.1000,1250.2000,112,1250.2000
2017-02-24,1250.0000,1258.8000,1250.0000,1256.9000,1264,1256.9000
2017-02-27,1254.7000,1263.1000,1250.4000,1257.4000,544,1257.4000
2017-02-28,1253.6000,1257.3000,1247.2000,1252.6000,721,1252.6000
2017-03-01,1247.8000,1248.9000,1236.9000,1248.9000,138,1248.9000
2017-03-02,1247.2000,1247.6000,1230.7000,1231.9000,79,1231.9000
2017-03-03,1231.7000,1235.2000,1222.9000,1225.5000,121,1225.5000
2017-03-06,1235.2000,1235.2000,1224.5000,1224.5000,29,1224.5000
2017-03-07,1224.3000,1225.4000,1213.7000,1215.1000,53,1215.1000
2017-03-08,1212.2000,1212.2000,1206.7000,1208.5000,24,1208.5000
2017-03-09,1204.5000,1205.6000,1202.3000,1202.4000,37,1202.4000
2017-03-10,1196.2000,1203.3000,1196.2000,1200.7000,3,1200.7000
2017-03-13,1206.2000,1210.0000,1202.3000,1202.4000,35,1202.4000
2017-03-14,1203.1000,1205.9000,1196.8000,1201.9000,22,1201.9000
2017-03-15,1198.2000,1221.2000,1197.7000,1200.1000,36,1200.1000
2017-03-16,1222.2000,1231.4000,1222.2000,1226.5000,47,1226.5000
2017-03-17,1227.1000,1230.9000,1227.1000,1229.8000,26,1229.8000
2017-03-20,1229.3000,1234.4000,1229.3000,1233.6000,23,1233.6000
2017-03-21,1226.4000,1246.1000,1226.4000,1246.1000,11,1246.1000
2017-03-22,1247.9000,1249.5000,1247.7000,1249.3000,3,1249.3000
2017-03-23,1246.4000,1247.5000,1244.8000,1246.9000,16,1246.9000
2017-03-24,1248.0000,1248.3000,1247.6000,1248.2000,3,1248.2000
2017-03-27,1255.8000,1257.7000,1253.8000,1255.4000,72,1255.4000
2017-03-28,1255.9000,1255.9000,1255.3000,1255.3000,19,1255.3000
2017-03-29,1252.2000,1253.4000,1252.1000,1253.4000,190678,1253.4000
2017-03-30,1253.1000,1253.6000,1241.1000,1245.0000,51328,1245.0000
2017-03-31,1242.1000,1248.8000,1238.7000,1247.3000,8223,1247.3000
2017-04-03,1247.5000,1252.4000,1243.6000,1250.8000,1160,1250.8000
2017-04-04,1253.1000,1260.3000,1253.0000,1255.0000,724,1255.0000
2017-04-05,1255.4000,1255.4000,1243.0000,1245.4000,907,1245.4000
2017-04-06,1256.1000,1257.5000,1249.0000,1250.3000,169,1250.3000
2017-04-07,1249.5000,1269.1000,1249.5000,1254.3000,445,1254.3000
2017-04-10,1252.7000,1255.2000,1246.8000,1251.1000,182,1251.1000
2017-04-11,1254.5000,1273.5000,1254.5000,1271.2000,401,1271.2000
2017-04-12,1275.0000,1285.1000,1272.0000,1275.3000,492,1275.3000
2017-04-13,1285.3000,1287.6000,1282.0000,1285.9000,915,1285.9000
2017-04-17,1291.8000,1294.8000,1284.3000,1289.4000,73,1289.4000
2017-04-18,1283.9000,1291.7000,1278.6000,1291.7000,394,1291.7000
2017-04-19,1288.0000,1288.0000,1274.0000,1281.4000,194,1281.4000
2017-04-20,1279.7000,1281.9000,1276.2000,1281.9000,127,1281.9000
2017-04-21,1279.8000,1287.4000,1279.2000,1287.4000,474,1287.4000
2017-04-24,1275.0000,1276.4000,1265.0000,1275.8000,605,1275.8000
2017-04-25,1275.6000,1276.9000,1262.1000,1265.6000,356,1265.6000
2017-04-26,1266.0000,1266.0000,1262.1000,1262.1000,1156,1262.1000
2017-04-27,1266.7000,1267.2000,1262.2000,1263.7000,206,1263.7000
2017-04-28,1265.9000,1267.2000,1264.7000,1266.1000,85,1266.1000
2017-05-01,1268.7000,1269.3000,1253.3000,1253.3000,34,1253.3000
2017-05-02,1256.2000,1256.2000,1251.2000,1255.1000,90,1255.1000
2017-05-03,1255.1000,1255.8000,1238.7000,1246.4000,195,1246.4000
2017-05-04,1239.8000,1239.8000,1224.2000,1226.5000,72,1226.5000
2017-05-05,1227.0000,1233.7000,1224.8000,1224.8000,16,1224.8000
2017-05-08,1224.0000,1234.0000,1224.0000,1225.3000,43,1225.3000
2017-05-09,1226.1000,1226.2000,1214.0000,1214.3000,55,1214.3000
2017-05-10,1219.8000,1220.2000,1217.3000,1217.3000,23,1217.3000
2017-05-11,1218.5000,1222.7000,1218.3000,1222.7000,13,1222.7000
2017-05-12,1228.0000,1229.5000,1226.1000,1226.2000,29,1226.2000
2017-05-15,1227.5000,1232.7000,1227.5000,1228.6000,13,1228.6000
2017-05-16,1230.4000,1237.3000,1230.4000,1235.0000,20,1235.0000
2017-05-17,1241.0000,1259.2000,1240.7000,1257.5000,26,1257.5000
2017-05-18,1254.8000,1260.0000,1245.8000,1251.7000,43,1251.7000
2017-05-19,1252.7000,1252.7000,1252.7000,1252.7000,14,1252.7000
2017-05-22,1251.7000,1260.7000,1251.7000,1260.7000,14,1260.7000
2017-05-23,1261.5000,1261.6000,1250.6000,1254.8000,20,1254.8000
2017-05-24,1251.9000,1257.8000,1249.7000,1252.4000,14,1252.4000
2017-05-25,1257.1000,1258.3000,1255.8000,1255.8000,11,1255.8000
2017-05-26,1267.6000,1267.6000,1267.6000,1267.6000,271457,1267.6000
2017-05-30,1267.4000,1270.0000,1258.4000,1262.1000,129819,1262.1000
2017-05-31,1262.4000,1273.2000,1258.5000,1272.0000,2712,1272.0000
2017-06-01,1268.0000,1269.2000,1260.8000,1267.0000,825,1267.0000
2017-06-02,1265.2000,1279.0000,1259.0000,1276.8000,1732,1276.8000
2017-06-05,1279.2000,1282.0000,1277.0000,1279.3000,433,1279.3000
2017-06-06,1279.4000,1295.2000,1279.4000,1294.4000,942,1294.4000
2017-06-07,1291.6000,1293.1000,1284.3000,1290.1000,641,1290.1000
2017-06-08,1285.4000,1287.6000,1268.1000,1276.3000,319,1276.3000
2017-06-09,1277.9000,1277.9000,1264.6000,1268.5000,467,1268.5000
2017-06-12,1266.4000,1269.3000,1263.2000,1266.1000,255,1266.1000
2017-06-13,1264.1000,1266.9000,1259.7000,1265.8000,150,1265.8000
2017-06-14,1269.4000,1278.0000,1256.8000,1272.8000,336,1272.8000
2017-06-15,1263.2000,1264.2000,1250.3000,1252.2000,743,1252.2000
2017-06-16,1252.8000,1255.3000,1251.3000,1254.0000,34,1254.0000
2017-06-19,1252.1000,1252.2000,1241.9000,1244.2000,108,1244.2000
2017-06-20,1242.2000,1245.5000,1240.5000,1241.0000,75,1241.0000
2017-06-21,1244.1000,1245.0000,1240.0000,1243.4000,205,1243.4000
2017-06-22,1251.0000,1252.7000,1246.3000,1247.6000,156,1247.6000
2017-06-23,1250.0000,1273.6000,1249.8000,1256.2000,269,1256.2000
2017-06-26,1260.2000,1260.2000,1241.6000,1246.3000,194,1246.3000
2017-06-27,1251.6000,1251.8000,1245.9000,1246.4000,111,1246.4000
2017-06-28,1248.5000,1248.5000,1248.0000,1248.0000,370,1248.0000
2017-06-29,1248.2000,1250.7000,1238.1000,1244.2000,540,1244.2000
2017-06-30,1243.7000,1243.7000,1239.1000,1240.7000,43,1240.7000
2017-07-03,1236.0000,1236.0000,1217.9000,1217.9000,33,1217.9000
2017-07-05,1222.5000,1225.0000,1217.1000,1220.4000,40,1220.4000
2017-07-06,1225.1000,1225.1000,1222.2000,1222.2000,5,1222.2000
2017-07-07,1219.1000,1220.4000,1208.6000,1208.6000,116,1208.6000
2017-07-10,1211.4000,1212.1000,1209.6000,1212.1000,28,1212.1000
2017-07-11,1208.7000,1214.9000,1208.7000,1213.6000,12,1213.6000
2017-07-12,1218.3000,1219.4000,1217.9000,1218.1000,7,1218.1000
2017-07-13,1221.4000,1221.4000,1216.3000,1216.3000,7,1216.3000
2017-07-14,1214.9000,1227.5000,1214.8000,1226.6000,23,1226.6000
2017-07-17,1229.9000,1233.4000,1229.9000,1232.8000,7,1232.8000
2017-07-18,1236.2000,1241.2000,1236.2000,1241.1000,29,1241.1000
2017-07-19,1240.4000,1241.2000,1240.1000,1241.2000,3,1241.2000
2017-07-20,1236.6000,1244.8000,1236.6000,1244.8000,5,1244.8000
2017-07-21,1250.7000,1254.3000,1250.5000,1254.3000,16,1254.3000
2017-07-24,1256.0000,1256.0000,1253.9000,1253.9000,8,1253.9000
2017-07-25,1252.7000,1253.6000,1249.2000,1251.7000,18,1251.7000
2017-07-26,1244.8000,1249.0000,1244.8000,1249.0000,7,1249.0000
2017-07-27,1259.6000,1259.6000,1259.6000,1259.6000,220309,1259.6000
2017-07-28,1258.4000,1270.0000,1256.9000,1268.4000,64180,1268.4000
2017-07-31,1268.9000,1270.8000,1265.8000,1266.6000,7780,1266.6000
2017-08-01,1268.4000,1273.3000,1262.0000,1272.6000,1061,1272.6000
2017-08-02,1268.5000,1272.1000,1262.9000,1271.8000,393,1271.8000
2017-08-03,1265.9000,1269.8000,1256.6000,1267.8000,878,1267.8000
2017-08-04,1269.0000,1269.6000,1253.9000,1258.3000,521,1258.3000
2017-08-07,1258.7000,1259.1000,1255.3000,1258.2000,260,1258.2000
2017-08-08,1256.9000,1264.1000,1251.4000,1256.4000,555,1256.4000
2017-08-09,1260.2000,1277.8000,1260.2000,1273.0000,574,1273.0000
2017-08-10,1276.6000,1287.4000,1274.9000,1283.7000,608,1283.7000
2017-08-11,1286.3000,1291.1000,1282.0000,1287.7000,139,1287.7000
2017-08-14,1288.4000,1288.4000,1278.8000,1284.2000,338,1284.2000
2017-08-15,1280.5000,1280.5000,1267.4000,1273.7000,188,1273.7000
2017-08-16,1271.3000,1282.6000,1269.4000,1276.9000,110,1276.9000
2017-08-17,1283.8000,1288.5000,1283.2000,1286.4000,43,1286.4000
2017-08-18,1288.6000,1300.7000,1284.3000,1285.7000,358,1285.7000
2017-08-21,1285.2000,1290.8000,1284.7000,1290.8000,18,1290.8000
2017-08-22,1287.2000,1288.4000,1283.2000,1285.1000,100,1285.1000
2017-08-23,1289.4000,1289.4000,1286.9000,1288.9000,250,1288.9000
2017-08-24,1288.7000,1288.7000,1284.0000,1286.5000,550,1286.5000
2017-08-25,1285.4000,1292.7000,1280.3000,1292.5000,280,1292.5000
2017-08-28,1293.5000,1311.3000,1293.5000,1309.7000,145,1309.7000
2017-08-29,1318.8000,1323.8000,1313.1000,1313.1000,1178,1313.1000
2017-08-30,1308.2000,1312.5000,1304.9000,1308.1000,1178,1308.1000
2017-08-31,1306.6000,1322.3000,1301.7000,1316.2000,373,1316.2000
2017-09-01,1320.2000,1327.7000,1316.9000,1324.5000,313,1324.5000
2017-09-05,1335.2000,1339.2000,1328.6000,1339.2000,39,1339.2000
2017-09-06,1340.0000,1340.3000,1332.6000,1333.9000,20,1333.9000
2017-09-07,1336.4000,1349.0000,1336.4000,1345.1000,26,1345.1000
2017-09-08,1351.0000,1355.8000,1345.6000,1346.0000,37,1346.0000
2017-09-11,1331.0000,1331.0000,1327.3000,1331.0000,9,1331.0000
2017-09-12,1327.0000,1328.0000,1325.2000,1328.0000,15,1328.0000
2017-09-13,1323.4000,1323.4000,1323.4000,1323.4000,16,1323.4000
2017-09-14,1319.6000,1329.3000,1319.6000,1324.7000,316,1324.7000
2017-09-15,1320.6000,1321.2000,1319.8000,1320.4000,15,1320.4000
2017-09-18,1309.8000,1310.4000,1306.0000,1306.3000,129,1306.3000
2017-09-19,1307.9000,1310.3000,1305.1000,1306.2000,20,1306.2000
2017-09-20,1312.0000,1312.0000,1298.7000,1312.0000,12,1312.0000
2017-09-21,1299.1000,1304.1000,1290.3000,1290.6000,336,1290.6000
2017-09-22,1295.0000,1295.7000,1293.3000,1293.3000,209,1293.3000
2017-09-25,1293.1000,1309.2000,1291.0000,1306.8000,51,1306.8000
2017-09-26,1304.5000,1305.6000,1297.0000,1297.0000,39,1297.0000
2017-09-27,1283.4000,1283.4000,1283.4000,1283.4000,19488,1283.4000
2017-09-28,1283.1000,1288.0000,1277.0000,1285.5000,5226,1285.5000
2017-09-29,1284.2000,1289.4000,1281.5000,1281.5000,492,1281.5000
2017-10-02,1275.0000,1276.1000,1270.4000,1272.7000,136,1272.7000
2017-10-03,1269.7000,1273.3000,1268.6000,1271.5000,192,1271.5000
2017-10-04,1273.8000,1280.8000,1270.0000,1273.7000,218,1273.7000
2017-10-05,1277.8000,1277.8000,1267.6000,1269.9000,36,1269.9000
2017-10-06,1267.6000,1272.0000,1260.5000,1271.6000,46,1271.6000
2017-10-09,1280.6000,1284.0000,1279.0000,1281.8000,19,1281.8000
2017-10-10,1282.6000,1293.0000,1281.7000,1290.6000,18,1290.6000
2017-10-11,1287.3000,1292.0000,1284.9000,1285.8000,21,1285.8000
2017-10-12,1291.5000,1294.5000,1289.3000,1293.3000,14,1293.3000
2017-10-13,1293.3000,1301.7000,1291.7000,1301.5000,74,1301.5000
2017-10-16,1302.0000,1303.8000,1291.9000,1299.9000,173,1299.9000
2017-10-17,1295.1000,1295.1000,1283.0000,1283.0000,571,1283.0000
2017-10-18,1279.9000,1279.9000,1279.9000,1279.9000,163,1279.9000
2017-10-19,1286.4000,1286.9000,1285.1000,1286.9000,134,1286.9000
2017-10-20,1279.6000,1279.6000,1277.4000,1277.4000,304,1277.4000
2017-10-23,1274.7000,1280.8000,1271.5000,1277.7000,115,1277.7000
2017-10-24,1275.5000,1275.5000,1273.7000,1275.0000,111,1275.0000
2017-10-25,1269.9000,1275.4000,1269.9000,1275.4000,105,1275.4000
2017-10-26,1273.5000,1273.5000,1264.7000,1266.3000,39,1266.3000
2017-10-27,1268.4000,1268.5000,1267.1000,1268.5000,567,1268.5000
2017-10-30,1270.0000,1274.1000,1267.9000,1274.1000,222,1274.1000
2017-10-31,1273.1000,1274.6000,1266.1000,1267.0000,235,1267.0000
2017-11-01,1272.2000,1274.8000,1270.3000,1274.1000,78,1274.1000
2017-11-02,1274.9000,1274.9000,1274.9000,1274.9000,70,1274.9000
2017-11-03,1265.3000,1267.9000,1265.3000,1266.5000,75,1266.5000
2017-11-06,1269.0000,1280.5000,1269.0000,1279.4000,128,1279.4000
2017-11-07,1276.8000,1276.8000,1270.4000,1273.7000,11,1273.7000
2017-11-08,1275.9000,1284.9000,1274.7000,1281.6000,15,1281.6000
2017-11-09,1279.7000,1286.9000,1279.7000,1285.6000,18,1285.6000
2017-11-10,1283.5000,1283.5000,1272.4000,1272.4000,10,1272.4000
2017-11-13,1277.3000,1277.3000,1277.0000,1277.3000,3,1277.3000
2017-11-14,1276.9000,1281.5000,1276.9000,1281.5000,4,1281.5000
2017-11-15,1281.4000,1284.7000,1275.9000,1276.5000,13,1276.5000
2017-11-16,1277.5000,1277.5000,1277.4000,1277.4000,43,1277.4000
2017-11-17,1288.3000,1295.8000,1288.3000,1295.8000,1,1295.8000
2017-11-20,1274.6000,1275.9000,1274.6000,1274.6000,1,1274.6000
2017-11-21,1281.1000,1281.1000,1281.1000,1281.1000,4,1281.1000
2017-11-22,1284.7000,1291.6000,1282.9000,1291.6000,4,1291.6000
2017-11-24,1286.7000,1286.7000,1286.7000,1286.7000,0,1286.7000
2017-11-27,1293.8000,1293.8000,1293.8000,1293.8000,1,1293.8000
2017-11-28,1294.7000,1294.7000,1294.7000,1294.7000,275442,1294.7000
2017-11-29,1293.4000,1296.2000,1281.1000,1282.1000,47244,1282.1000
2017-11-30,1283.1000,1284.5000,1269.7000,1273.2000,3049,1273.2000
2017-12-01,1274.1000,1288.6000,1271.0000,1278.8000,823,1278.8000
2017-12-04,1272.5000,1276.1000,1270.3000,1274.3000,850,1274.3000
2017-12-05,1275.4000,1275.8000,1260.0000,1261.6000,1499,1261.6000
2017-12-06,1264.9000,1267.8000,1261.6000,1262.8000,373,1262.8000
2017-12-07,1262.3000,1262.4000,1243.9000,1249.8000,358,1249.8000
2017-12-08,1246.3000,1249.3000,1241.5000,1245.2000,157,1245.2000
2017-12-11,1248.4000,1249.2000,1239.9000,1243.7000,146,1243.7000
2017-12-12,1241.3000,1244.4000,1236.5000,1238.5000,692,1238.5000
2017-12-13,1241.9000,1254.5000,1239.8000,1245.4000,349,1245.4000
2017-12-14,1252.9000,1257.7000,1250.3000,1253.8000,139,1253.8000
2017-12-15,1253.1000,1260.3000,1253.1000,1254.3000,578,1254.3000
2017-12-18,1256.2000,1262.4000,1255.7000,1262.2000,45,1262.2000
2017-12-19,1261.1000,1264.3000,1259.5000,1260.7000,329,1260.7000
2017-12-20,1261.3000,1266.6000,1261.3000,1266.1000,63,1266.1000
2017-12-21,1266.4000,1267.4000,1264.3000,1267.3000,226,1267.3000
2017-12-22,1266.3000,1276.3000,1266.3000,1275.4000,119,1275.4000
2017-12-26,1282.4000,1284.1000,1281.8000,1284.1000,84,1284.1000
2017-12-27,1284.0000,1287.0000,1284.0000,1287.0000,456,1287.0000
2017-12-28,1288.2000,1294.1000,1288.2000,1294.1000,245,1294.1000
2017-12-29,1294.2000,1306.3000,1294.0000,1306.3000,65,1306.3000
2018-01-02,1302.3000,1317.6000,1302.3000,1313.7000,68,1313.7000
2018-01-03,1320.0000,1320.1000,1312.1000,1316.2000,42,1316.2000
2018-01-04,1319.4000,1322.0000,1319.4000,1319.4000,2,1319.4000
2018-01-05,1320.3000,1320.3000,1320.3000,1320.3000,1,1320.3000
2018-01-08,1319.9000,1319.9000,1314.6000,1318.6000,41,1318.6000
2018-01-09,1309.6000,1311.7000,1309.6000,1311.7000,16,1311.7000
2018-01-10,1320.3000,1320.7000,1315.3000,1317.4000,70,1317.4000
2018-01-11,1317.1000,1320.6000,1316.3000,1320.6000,9,1320.6000
2018-01-12,1327.8000,1338.2000,1327.8000,1333.4000,14,1333.4000
2018-01-16,1331.1000,1335.4000,1331.0000,1335.4000,13,1335.4000
2018-01-17,1334.4000,1338.0000,1326.8000,1338.0000,27,1338.0000
2018-01-18,1328.9000,1328.9000,1326.0000,1326.0000,211,1326.0000
2018-01-19,1330.1000,1333.0000,1330.1000,1331.9000,50,1331.9000
2018-01-22,1328.4000,1330.9000,1328.4000,1330.9000,162,1330.9000
2018-01-23,1335.8000,1335.9000,1335.7000,1335.7000,47,1335.7000
2018-01-24,1355.9000,1357.2000,1355.9000,1355.9000,18,1355.9000
2018-01-25,1356.3000,1362.4000,1346.7000,1362.4000,4,1362.4000
2018-01-26,1351.6000,1352.0000,1350.9000,1351.6000,280546,1351.6000
2018-01-30,1338.7000,1347.8000,1332.8000,1335.4000,52100,1335.4000
2018-01-31,1337.5000,1346.9000,1331.8000,1339.0000,4881,1339.0000
2018-02-01,1343.8000,1350.6000,1336.8000,1344.3000,1680,1344.3000
2018-02-02,1348.5000,1352.1000,1327.7000,1333.7000,2841,1333.7000
2018-02-05,1331.1000,1340.2000,1329.0000,1333.0000,641,1333.0000
2018-02-06,1338.2000,1343.7000,1319.5000,1326.1000,529,1326.1000
2018-02-07,1325.4000,1331.1000,1310.5000,1311.6000,491,1311.6000
2018-02-08,1317.1000,1321.1000,1307.0000,1316.9000,459,1316.9000
2018-02-09,1320.9000,1322.0000,1311.9000,1313.1000,451,1313.1000
2018-02-12,1323.8000,1325.5000,1318.0000,1324.2000,140,1324.2000
2018-02-13,1324.5000,1329.6000,1323.4000,1328.1000,71,1328.1000
2018-02-14,1332.8000,1355.5000,1324.0000,1355.5000,400,1355.5000
2018-02-15,1352.0000,1355.9000,1349.7000,1352.1000,111,1352.1000
2018-02-16,1354.0000,1361.4000,1344.9000,1353.2000,110,1353.2000
2018-02-20,1348.4000,1350.2000,1328.5000,1328.8000,283,1328.8000
2018-02-21,1326.8000,1331.5000,1324.4000,1330.0000,119,1330.0000
2018-02-22,1322.0000,1331.4000,1322.0000,1330.6000,70,1330.6000
2018-02-23,1328.0000,1332.1000,1327.7000,1328.2000,427,1328.2000
2018-02-26,1335.0000,1340.5000,1330.7000,1330.7000,652,1330.7000
2018-02-27,1331.7000,1332.6000,1312.7000,1315.5000,710,1315.5000
2018-02-28,1315.4000,1321.0000,1315.4000,1315.5000,58,1315.5000
2018-03-01,1310.4000,1318.1000,1301.8000,1302.9000,43,1302.9000
2018-03-02,1314.3000,1323.2000,1314.3000,1321.1000,155,1321.1000
2018-03-05,1323.5000,1325.9000,1318.1000,1318.1000,18,1318.1000
2018-03-06,1321.6000,1333.6000,1321.4000,1333.6000,18,1333.6000
2018-03-07,1338.1000,1338.1000,1326.0000,1326.0000,27,1326.0000
2018-03-08,1324.8000,1326.8000,1319.3000,1319.9000,62,1319.9000
2018-03-09,1316.8000,1322.4000,1313.0000,1322.4000,88,1322.4000
2018-03-12,1319.4000,1319.4000,1319.4000,1319.4000,0,1319.4000
2018-03-13,1325.9000,1325.9000,1325.3000,1325.9000,13,1325.9000
2018-03-14,1322.2000,1324.4000,1322.2000,1324.4000,19,1324.4000
2018-03-15,1316.8000,1316.8000,1316.8000,1316.8000,0,1316.8000
2018-03-16,1310.1000,1311.3000,1310.1000,1311.3000,34,1311.3000
2018-03-19,1309.4000,1316.9000,1307.3000,1316.8000,6,1316.8000
2018-03-20,1311.1000,1311.1000,1311.1000,1311.1000,4,1311.1000
2018-03-21,1312.4000,1328.8000,1312.4000,1320.7000,34,1320.7000
2018-03-22,1326.6000,1326.6000,1326.6000,1326.6000,0,1326.6000
2018-03-23,1343.2000,1349.3000,1343.2000,1349.3000,8,1349.3000
2018-03-26,1348.5000,1354.4000,1345.1000,1354.4000,10,1354.4000
2018-03-27,1341.0000,1341.3000,1341.0000,1341.3000,290889,1341.3000
2018-03-28,1345.0000,1346.4000,1322.4000,1324.2000,59284,1324.2000
2018-03-29,1324.0000,1327.1000,1321.7000,1322.8000,5585,1322.8000
2018-04-02,1327.0000,1344.2000,1324.7000,1342.1000,649,1342.1000
2018-04-03,1340.4000,1341.5000,1328.5000,1332.8000,702,1332.8000
2018-04-04,1331.8000,1347.3000,1331.6000,1335.8000,718,1335.8000
2018-04-05,1333.5000,1333.7000,1322.6000,1324.3000,258,1324.3000
2018-04-06,1326.5000,1333.0000,1319.0000,1331.9000,348,1331.9000
2018-04-09,1333.0000,1337.5000,1327.0000,1336.3000,290,1336.3000
2018-04-10,1335.2000,1342.0000,1333.0000,1342.0000,105,1342.0000
2018-04-11,1340.1000,1365.4000,1340.1000,1356.5000,118,1356.5000
2018-04-12,1351.2000,1351.5000,1334.6000,1338.4000,34,1338.4000
2018-04-13,1335.9000,1346.0000,1335.9000,1344.8000,67,1344.8000
2018-04-16,1341.0000,1348.8000,1341.0000,1347.5000,60,1347.5000
2018-04-17,1348.0000,1348.1000,1339.0000,1347.2000,409,1347.2000
2018-04-18,1343.5000,1354.2000,1343.5000,1351.2000,45,1351.2000
2018-04-19,1348.6000,1355.2000,1341.6000,1346.8000,387,1346.8000
2018-04-20,1342.5000,1343.4000,1335.3000,1336.7000,310,1336.7000
2018-04-23,1334.0000,1334.4000,1322.5000,1322.5000,68,1322.5000
2018-04-24,1326.4000,1331.7000,1326.2000,1331.4000,28,1331.4000
2018-04-25,1324.0000,1325.0000,1320.0000,1321.2000,278,1321.2000
2018-04-26,1315.7000,1316.3000,1315.7000,1316.3000,569,1316.3000
2018-04-27,1315.3000,1321.7000,1312.8000,1320.3000,622,1320.3000
2018-04-30,1309.6000,1316.2000,1309.6000,1316.2000,49,1316.2000
2018-05-01,1313.2000,1313.8000,1303.4000,1303.8000,28,1303.8000
2018-05-02,1309.0000,1309.3000,1302.6000,1302.6000,23,1302.6000
2018-05-03,1310.7000,1310.7000,1310.7000,1310.7000,4,1310.7000
2018-05-04,1312.7000,1312.7000,1312.7000,1312.7000,0,1312.7000
2018-05-07,1310.6000,1312.5000,1310.2000,1312.2000,4,1312.2000
2018-05-08,1310.1000,1312.0000,1308.5000,1312.0000,337,1312.0000
2018-05-09,1311.3000,1311.3000,1311.3000,1311.3000,70,1311.3000
2018-05-10,1312.2000,1320.8000,1312.2000,1320.8000,8,1320.8000
2018-05-11,1319.0000,1319.0000,1319.0000,1319.0000,3,1319.0000
2018-05-14,1319.9000,1319.9000,1316.5000,1316.5000,4,1316.5000
2018-05-15,1304.6000,1304.7000,1288.9000,1288.9000,8,1288.9000
2018-05-16,1290.9000,1294.0000,1285.4000,1290.2000,26,1290.2000
2018-05-17,1291.3000,1291.3000,1288.2000,1288.2000,2,1288.2000
2018-05-18,1285.2000,1290.2000,1285.2000,1290.2000,2,1290.2000
2018-05-21,1287.4000,1292.1000,1287.4000,1290.2000,52,1290.2000
2018-05-22,1291.7000,1291.7000,1291.7000,1291.7000,50,1291.7000
2018-05-23,1289.3000,1289.3000,1289.3000,1289.3000,10,1289.3000
2018-05-24,1303.7000,1303.7000,1303.7000,1303.7000,0,1303.7000
2018-05-25,1303.3000,1303.3000,1303.3000,1303.3000,1,1303.3000
2018-05-29,1298.7000,1298.7000,1298.7000,1298.7000,386334,1298.7000
2018-05-30,1298.0000,1303.7000,1295.2000,1301.5000,50845,1301.5000
2018-05-31,1301.0000,1306.8000,1296.6000,1300.1000,4082,1300.1000
2018-06-01,1298.6000,1299.5000,1288.9000,1294.8000,663,1294.8000
2018-06-04,1293.9000,1297.1000,1290.0000,1293.1000,144,1293.1000
2018-06-05,1292.1000,1299.8000,1289.9000,1297.5000,357,1297.5000
2018-06-06,1296.1000,1300.4000,1294.1000,1297.1000,373,1297.1000
2018-06-07,1298.4000,1302.8000,1296.2000,1298.7000,79,1298.7000
2018-06-08,1295.3000,1299.4000,1294.8000,1298.1000,650,1298.1000
2018-06-11,1299.3000,1302.0000,1295.2000,1298.9000,71,1298.9000
2018-06-12,1297.8000,1298.1000,1292.7000,1295.1000,153,1295.1000
2018-06-13,1294.0000,1299.4000,1290.9000,1296.9000,135,1296.9000
2018-06-14,1297.2000,1307.7000,1297.2000,1304.0000,42,1304.0000
2018-06-15,1297.2000,1307.7000,1274.0000,1274.6000,589,1274.6000
2018-06-18,1280.7000,1280.7000,1276.2000,1276.2000,35,1276.2000
2018-06-19,1278.7000,1281.8000,1269.9000,1275.6000,34,1275.6000
2018-06-20,1274.4000,1274.4000,1271.2000,1271.2000,7,1271.2000
2018-06-21,1262.7000,1268.9000,1260.0000,1267.2000,46,1267.2000
2018-06-22,1268.1000,1270.2000,1267.0000,1267.4000,74,1267.4000
2018-06-25,1270.6000,1271.2000,1265.6000,1265.6000,37,1265.6000
2018-06-26,1267.2000,1267.2000,1256.6000,1256.6000,89,1256.6000
2018-06-27,1255.5000,1255.5000,1252.3000,1252.8000,1162,1252.8000
2018-06-28,1251.7000,1251.7000,1244.8000,1247.8000,378,1247.8000
2018-06-29,1250.3000,1253.3000,1249.1000,1251.3000,48,1251.3000
2018-07-02,1249.9000,1249.9000,1239.8000,1239.8000,29,1239.8000
2018-07-03,1238.1000,1254.1000,1237.0000,1251.6000,36,1251.6000
2018-07-05,1255.5000,1257.3000,1253.6000,1257.3000,9,1257.3000
2018-07-06,1255.5000,1255.5000,1254.3000,1254.3000,7,1254.3000
2018-07-09,1258.2000,1262.3000,1257.7000,1258.1000,37,1258.1000
2018-07-10,1256.2000,1256.9000,1249.3000,1253.8000,65,1253.8000
2018-07-11,1253.2000,1253.2000,1242.8000,1242.8000,30,1242.8000
2018-07-12,1240.9000,1246.7000,1240.9000,1245.0000,7,1245.0000
2018-07-13,1244.7000,1247.0000,1239.6000,1239.6000,2,1239.6000
2018-07-16,1242.7000,1243.8000,1238.1000,1238.1000,2,1238.1000
2018-07-17,1225.7000,1225.7000,1225.7000,1225.7000,0,1225.7000
2018-07-18,1226.7000,1226.7000,1222.2000,1226.3000,67,1226.3000
2018-07-19,1227.2000,1228.0000,1211.7000,1222.4000,33,1222.4000
2018-07-20,1229.5000,1229.5000,1229.5000,1229.5000,0,1229.5000
2018-07-23,1222.0000,1224.0000,1222.0000,1224.0000,1,1224.0000
2018-07-24,1223.9000,1223.9000,1223.9000,1223.9000,0,1223.9000
2018-07-25,1231.4000,1231.4000,1231.4000,1231.4000,0,1231.4000
2018-07-26,1227.8000,1227.8000,1225.3000,1225.3000,1,1225.3000
2018-07-27,1222.6000,1222.6000,1222.6000,1222.6000,254428,1222.6000
2018-07-30,1222.5000,1223.9000,1218.1000,1221.3000,62239,1221.3000
2018-07-31,1220.4000,1228.1000,1213.0000,1223.7000,2722,1223.7000
2018-08-01,1222.9000,1223.7000,1214.4000,1217.9000,1026,1217.9000
2018-08-02,1214.7000,1219.3000,1205.8000,1210.6000,411,1210.6000
2018-08-03,1206.5000,1218.6000,1205.1000,1214.2000,784,1214.2000
2018-08-06,1214.4000,1214.4000,1206.6000,1208.6000,297,1208.6000
2018-08-07,1207.8000,1214.8000,1207.8000,1209.6000,715,1209.6000
2018-08-08,1212.0000,1215.2000,1205.9000,1212.6000,209,1212.6000
2018-08-09,1214.5000,1215.3000,1211.6000,1211.9000,44,1211.9000
2018-08-10,1212.5000,1216.4000,1205.6000,1211.1000,75,1211.1000
2018-08-13,1207.0000,1207.4000,1191.3000,1191.3000,78,1191.3000
2018-08-14,1193.1000,1197.5000,1192.8000,1193.0000,92,1193.0000
2018-08-15,1187.8000,1188.1000,1174.6000,1177.5000,71,1177.5000
2018-08-16,1173.2000,1180.2000,1161.4000,1176.2000,123,1176.2000
2018-08-17,1174.7000,1181.2000,1174.7000,1176.5000,66,1176.5000
2018-08-20,1184.8000,1190.0000,1184.4000,1186.8000,68,1186.8000
2018-08-21,1189.8000,1192.6000,1189.8000,1192.6000,22,1192.6000
2018-08-22,1194.7000,1196.3000,1194.7000,1196.3000,17,1196.3000
2018-08-23,1189.3000,1190.3000,1184.9000,1187.0000,95,1187.0000
2018-08-24,1185.3000,1208.0000,1185.3000,1206.3000,12,1206.3000
2018-08-27,1210.3000,1211.4000,1205.2000,1209.0000,154,1209.0000
2018-08-28,1209.7000,1217.0000,1202.3000,1207.4000,136,1207.4000
2018-08-29,1205.2000,1205.2000,1202.4000,1204.5000,817,1204.5000
2018-08-30,1205.4000,1205.6000,1196.0000,1197.7000,493,1197.7000
2018-08-31,1207.1000,1208.2000,1199.1000,1200.3000,191,1200.3000
2018-09-04,1193.8000,1193.8000,1189.9000,1192.7000,26,1192.7000
2018-09-05,1192.5000,1196.0000,1192.5000,1194.9000,21,1194.9000
2018-09-06,1202.0000,1202.0000,1197.9000,1197.9000,7,1197.9000
2018-09-07,1198.3000,1198.3000,1193.1000,1193.6000,29,1193.6000
2018-09-10,1193.0000,1193.0000,1193.0000,1193.0000,11,1193.0000
2018-09-11,1190.4000,1196.3000,1190.4000,1195.4000,21,1195.4000
2018-09-12,1205.0000,1205.0000,1204.7000,1204.7000,37,1204.7000
2018-09-13,1203.4000,1203.4000,1200.0000,1202.0000,22,1202.0000
2018-09-14,1195.0000,1195.0000,1195.0000,1195.0000,1,1195.0000
2018-09-17,1199.7000,1199.7000,1199.7000,1199.7000,0,1199.7000
2018-09-18,1198.7000,1198.7000,1196.8000,1196.8000,2,1196.8000
2018-09-19,1202.2000,1202.2000,1202.2000,1202.2000,0,1202.2000
2018-09-20,1206.2000,1206.2000,1206.2000,1206.2000,0,1206.2000
2018-09-21,1196.2000,1196.2000,1196.2000,1196.2000,0,1196.2000
2018-09-24,1199.3000,1199.3000,1199.3000,1199.3000,0,1199.3000
2018-09-25,1202.1000,1202.8000,1200.0000,1200.0000,21,1200.0000
2018-09-26,1194.0000,1194.0000,1194.0000,1194.0000,17857,1194.0000
2018-09-27,1194.6000,1197.3000,1180.5000,1182.3000,4947,1182.3000
2018-09-28,1181.7000,1191.9000,1180.0000,1191.5000,404,1191.5000
2018-10-01,1191.6000,1191.6000,1185.8000,1187.1000,180,1187.1000
2018-10-02,1193.0000,1206.0000,1190.3000,1202.4000,451,1202.4000
2018-10-03,1202.6000,1202.6000,1196.6000,1198.3000,76,1198.3000
2018-10-04,1199.3000,1204.6000,1197.2000,1197.2000,496,1197.2000
2018-10-05,1197.1000,1205.3000,1196.9000,1201.2000,34,1201.2000
2018-10-08,1201.0000,1201.0000,1183.7000,1184.4000,250,1184.4000
2018-10-09,1185.6000,1189.1000,1185.6000,1187.2000,9,1187.2000
2018-10-10,1189.3000,1192.0000,1189.3000,1189.3000,1078,1189.3000
2018-10-11,1198.1000,1224.6000,1196.3000,1223.5000,126,1223.5000
2018-10-12,1221.6000,1221.6000,1216.0000,1218.1000,122,1218.1000
2018-10-15,1222.4000,1232.3000,1222.4000,1226.4000,136,1226.4000
2018-10-16,1227.1000,1230.5000,1227.1000,1227.3000,426,1227.3000
2018-10-17,1225.9000,1225.9000,1223.7000,1223.7000,1,1223.7000
2018-10-18,1226.5000,1226.5000,1226.5000,1226.5000,165,1226.5000
2018-10-19,1225.3000,1225.3000,1225.3000,1225.3000,55,1225.3000
2018-10-22,1224.5000,1224.5000,1219.6000,1221.2000,18,1221.2000
2018-10-23,1224.8000,1237.8000,1224.8000,1233.4000,33,1233.4000
2018-10-24,1231.6000,1231.6000,1227.8000,1227.8000,36,1227.8000
2018-10-25,1238.6000,1238.6000,1229.1000,1229.1000,7,1229.1000
2018-10-26,1234.3000,1234.8000,1232.5000,1232.5000,20,1232.5000
2018-10-29,1224.5000,1224.5000,1224.5000,1224.5000,214,1224.5000
2018-10-30,1227.7000,1227.7000,1219.8000,1222.6000,72,1222.6000
2018-10-31,1216.0000,1216.6000,1212.0000,1212.3000,121,1212.3000
2018-11-01,1215.4000,1236.0000,1215.4000,1236.0000,14,1236.0000
2018-11-02,1233.3000,1233.3000,1230.9000,1230.9000,18,1230.9000
2018-11-05,1230.6000,1231.5000,1226.7000,1229.8000,15,1229.8000
2018-11-06,1230.7000,1233.8000,1223.8000,1223.8000,4,1223.8000
2018-11-07,1228.6000,1228.6000,1226.2000,1226.2000,1,1226.2000
2018-11-08,1222.9000,1222.9000,1222.9000,1222.9000,2,1222.9000
2018-11-09,1207.9000,1207.9000,1206.4000,1206.4000,14,1206.4000
2018-11-12,1201.6000,1201.6000,1201.3000,1201.3000,1,1201.3000
2018-11-13,1196.3000,1201.3000,1196.3000,1199.2000,5,1199.2000
2018-11-14,1207.9000,1207.9000,1207.9000,1207.9000,0,1207.9000
2018-11-15,1212.8000,1212.8000,1212.8000,1212.8000,0,1212.8000
2018-11-16,1216.7000,1223.8000,1216.7000,1220.8000,5,1220.8000
2018-11-19,1223.1000,1223.1000,1223.1000,1223.1000,0,1223.1000
2018-11-20,1225.3000,1228.8000,1219.0000,1219.0000,12,1219.0000
2018-11-21,1225.8000,1225.8000,1225.8000,1225.8000,0,1225.8000
2018-11-23,1224.8000,1224.8000,1221.0000,1221.0000,1,1221.0000
2018-11-26,1220.2000,1222.0000,1220.2000,1220.2000,2,1220.2000
2018-11-27,1221.9000,1222.0000,1211.2000,1211.2000,5,1211.2000
2018-11-28,1211.5000,1221.4000,1211.5000,1221.4000,247168,1221.4000
2018-11-29,1221.0000,1228.7000,1220.5000,1224.1000,55478,1224.1000
2018-11-30,1224.1000,1225.0000,1216.1000,1220.2000,2060,1220.2000
2018-12-03,1222.5000,1234.1000,1221.3000,1233.9000,751,1233.9000
2018-12-04,1231.0000,1241.4000,1230.4000,1241.1000,474,1241.1000
2018-12-06,1237.5000,1244.4000,1234.8000,1238.1000,434,1238.1000
2018-12-07,1238.3000,1249.8000,1237.6000,1246.8000,211,1246.8000
2018-12-10,1249.6000,1249.6000,1241.7000,1243.7000,131,1243.7000
2018-12-11,1245.8000,1248.7000,1241.5000,1241.9000,117,1241.9000
2018-12-12,1245.3000,1245.6000,1244.1000,1244.4000,84,1244.4000
2018-12-13,1243.5000,1243.5000,1241.0000,1242.7000,194,1242.7000
2018-12-14,1241.7000,1241.7000,1234.1000,1237.0000,33,1237.0000
2018-12-17,1239.3000,1247.4000,1239.3000,1247.4000,10,1247.4000
2018-12-18,1248.2000,1249.2000,1245.6000,1249.2000,31,1249.2000
2018-12-19,1255.8000,1255.8000,1252.1000,1252.1000,268,1252.1000
2018-12-20,1243.2000,1263.6000,1243.2000,1263.6000,49,1263.6000
2018-12-21,1260.3000,1261.3000,1253.8000,1253.8000,96,1253.8000
2018-12-24,1260.3000,1268.5000,1260.3000,1267.5000,27,1267.5000
2018-12-26,1269.3000,1277.4000,1269.2000,1269.2000,63,1269.2000
2018-12-27,1276.7000,1277.3000,1276.7000,1277.3000,480,1277.3000
2018-12-28,1273.5000,1280.1000,1273.5000,1279.9000,805,1279.9000
2018-12-31,1278.0000,1281.3000,1277.6000,1278.3000,19,1278.3000
2019-01-02,1286.0000,1286.0000,1277.6000,1281.0000,149,1281.0000
2019-01-03,1286.8000,1292.0000,1286.7000,1291.8000,10,1291.8000
2019-01-04,1294.2000,1294.2000,1275.3000,1282.7000,34,1282.7000
2019-01-07,1286.8000,1286.8000,1286.6000,1286.8000,2,1286.8000
2019-01-08,1280.5000,1283.2000,1278.2000,1283.2000,54,1283.2000
2019-01-09,1279.4000,1289.3000,1279.2000,1289.3000,102,1289.3000
2019-01-10,1284.7000,1284.7000,1284.7000,1284.7000,0,1284.7000
2019-01-11,1291.2000,1291.2000,1286.3000,1287.1000,11,1287.1000
2019-01-14,1292.4000,1293.9000,1289.1000,1289.1000,7,1289.1000
2019-01-15,1290.1000,1292.7000,1286.2000,1286.2000,3,1286.2000
2019-01-16,1291.6000,1291.6000,1291.6000,1291.6000,2,1291.6000
2019-01-17,1291.6000,1292.7000,1288.5000,1291.0000,10,1291.0000
2019-01-18,1281.3000,1281.3000,1281.3000,1281.3000,3,1281.3000
2019-01-22,1282.5000,1283.3000,1282.5000,1282.5000,7,1282.5000
2019-01-23,1281.7000,1283.9000,1278.7000,1283.1000,14,1283.1000
2019-01-24,1279.1000,1279.1000,1278.5000,1279.1000,1,1279.1000
2019-01-25,1297.4000,1297.4000,1297.4000,1297.4000,0,1297.4000
2019-01-28,1300.8000,1307.1000,1298.4000,1302.4000,54,1302.4000
2019-01-29,1308.2000,1308.2000,1308.2000,1308.2000,213607,1308.2000
2019-01-30,1310.4000,1323.4000,1308.1000,1309.9000,54958,1309.9000
2019-01-31,1320.0000,1325.4000,1316.7000,1319.7000,1970,1319.7000
2019-02-01,1320.3000,1320.7000,1315.4000,1316.9000,878,1316.9000
2019-02-04,1318.1000,1318.1000,1308.3000,1314.3000,675,1314.3000
2019-02-05,1311.1000,1315.1000,1311.0000,1314.2000,362,1314.2000
2019-02-06,1312.5000,1313.5000,1305.0000,1309.5000,358,1309.5000
2019-02-07,1302.9000,1310.4000,1302.2000,1309.4000,203,1309.4000
2019-02-08,1309.5000,1314.0000,1307.8000,1313.7000,122,1313.7000
2019-02-11,1313.4000,1313.4000,1304.7000,1307.0000,119,1307.0000
2019-02-12,1310.0000,1312.0000,1307.6000,1309.2000,109,1309.2000
2019-02-13,1311.6000,1316.0000,1308.1000,1310.8000,143,1310.8000
2019-02-14,1305.0000,1311.8000,1301.6000,1309.8000,858,1309.8000
2019-02-15,1313.6000,1318.8000,1313.6000,1318.1000,190,1318.1000
2019-02-19,1320.9000,1340.1000,1320.5000,1340.1000,390,1340.1000
2019-02-20,1342.2000,1344.0000,1338.0000,1343.3000,581,1343.3000
2019-02-21,1331.3000,1334.9000,1320.9000,1323.5000,414,1323.5000
2019-02-22,1324.2000,1331.3000,1321.0000,1329.2000,718,1329.2000
2019-02-25,1329.2000,1331.6000,1325.6000,1325.9000,185,1325.9000
2019-02-26,1323.3000,1325.5000,1323.3000,1325.1000,939,1325.1000
2019-02-27,1327.7000,1327.9000,1316.5000,1317.7000,604,1317.7000
2019-02-28,1321.1000,1323.7000,1311.5000,1312.8000,141,1312.8000
2019-03-01,1312.2000,1312.2000,1288.9000,1296.4000,110,1296.4000
2019-03-04,1285.5000,1287.0000,1281.9000,1284.8000,28,1284.8000
2019-03-05,1287.0000,1287.0000,1282.0000,1282.0000,114,1282.0000
2019-03-06,1287.1000,1287.1000,1282.6000,1284.9000,14,1284.9000
2019-03-07,1281.0000,1284.6000,1281.0000,1283.8000,11,1283.8000
2019-03-08,1292.1000,1297.4000,1291.6000,1297.0000,10,1297.0000
2019-03-11,1291.0000,1291.0000,1288.8000,1288.8000,9,1288.8000
2019-03-12,1294.7000,1296.3000,1294.7000,1296.3000,1,1296.3000
2019-03-13,1307.5000,1307.5000,1307.5000,1307.5000,0,1307.5000
2019-03-14,1293.4000,1293.4000,1293.4000,1293.4000,1,1293.4000
2019-03-15,1300.9000,1304.7000,1300.5000,1301.8000,26,1301.8000
2019-03-18,1297.3000,1302.2000,1297.3000,1300.3000,8,1300.3000
2019-03-19,1306.9000,1306.9000,1304.8000,1305.0000,20,1305.0000
2019-03-20,1300.7000,1300.7000,1300.5000,1300.5000,2,1300.5000
2019-03-21,1306.1000,1306.1000,1306.1000,1306.1000,0,1306.1000
2019-03-22,1311.6000,1311.6000,1311.6000,1311.6000,0,1311.6000
2019-03-25,1320.7000,1322.9000,1320.7000,1321.9000,19,1321.9000
2019-03-26,1315.6000,1315.6000,1314.3000,1314.3000,1,1314.3000
2019-03-27,1309.9000,1309.9000,1309.9000,1309.9000,206263,1309.9000
2019-03-28,1308.4000,1311.1000,1287.7000,1289.8000,87798,1289.8000
2019-03-29,1289.6000,1298.5000,1286.1000,1293.0000,1265,1293.0000
2019-04-01,1291.8000,1295.9000,1285.7000,1288.4000,675,1288.4000
2019-04-02,1286.3000,1290.9000,1284.5000,1290.0000,525,1290.0000
2019-04-03,1291.4000,1293.1000,1287.5000,1289.9000,172,1289.9000
2019-04-04,1290.6000,1292.6000,1279.5000,1289.0000,269,1289.0000
2019-04-05,1292.0000,1292.0000,1283.6000,1290.4000,181,1290.4000
2019-04-08,1292.2000,1302.1000,1291.8000,1297.1000,63,1297.1000
2019-04-09,1298.5000,1304.9000,1298.5000,1303.5000,30,1303.5000
2019-04-10,1304.0000,1309.1000,1301.5000,1309.1000,66,1309.1000
2019-04-11,1307.0000,1307.1000,1288.6000,1288.6000,420,1288.6000
2019-04-12,1293.4000,1293.4000,1289.2000,1290.6000,607,1290.6000
2019-04-15,1284.8000,1287.3000,1282.3000,1286.8000,523,1286.8000
2019-04-16,1285.2000,1285.2000,1272.2000,1272.6000,643,1272.6000
2019-04-17,1273.5000,1273.5000,1271.6000,1272.2000,308,1272.2000
2019-04-18,1270.8000,1273.6000,1270.1000,1271.9000,27,1271.9000
2019-04-22,1273.5000,1273.5000,1273.5000,1273.5000,147,1273.5000
2019-04-23,1266.4000,1269.8000,1266.0000,1269.3000,206,1269.3000
2019-04-24,1268.4000,1275.5000,1267.8000,1275.5000,518,1275.5000
2019-04-25,1280.6000,1280.8000,1275.8000,1275.8000,95,1275.8000
2019-04-26,1284.9000,1284.9000,1284.9000,1284.9000,804,1284.9000
2019-04-29,1284.8000,1284.9000,1277.1000,1278.6000,568,1278.6000
2019-04-30,1281.7000,1283.3000,1280.8000,1282.8000,114,1282.8000
2019-05-01,1278.7000,1283.3000,1278.7000,1281.4000,70,1281.4000
2019-05-02,1269.2000,1270.8000,1266.6000,1269.7000,63,1269.7000
2019-05-03,1270.1000,1279.2000,1270.1000,1279.2000,15,1279.2000
2019-05-06,1282.2000,1282.2000,1280.3000,1281.7000,12,1281.7000
2019-05-07,1280.5000,1283.5000,1280.5000,1283.5000,8,1283.5000
2019-05-08,1279.4000,1279.4000,1279.4000,1279.4000,5,1279.4000
2019-05-09,1278.9000,1285.0000,1278.8000,1283.5000,38,1283.5000
2019-05-10,1285.4000,1286.5000,1283.3000,1285.7000,6,1285.7000
2019-05-13,1286.7000,1300.1000,1281.8000,1300.1000,56,1300.1000
2019-05-14,1297.8000,1297.8000,1294.7000,1294.7000,6,1294.7000
2019-05-15,1296.9000,1296.9000,1296.0000,1296.3000,55,1296.3000
2019-05-16,1285.2000,1285.4000,1285.0000,1285.0000,3,1285.0000
2019-05-17,1280.0000,1280.0000,1274.5000,1274.5000,1,1274.5000
2019-05-20,1276.1000,1276.1000,1276.1000,1276.1000,20,1276.1000
2019-05-21,1272.0000,1272.0000,1272.0000,1272.0000,0,1272.0000
2019-05-22,1273.6000,1273.6000,1273.6000,1273.6000,0,1273.6000
2019-05-23,1284.8000,1284.8000,1284.8000,1284.8000,0,1284.8000
2019-05-24,1283.0000,1283.0000,1283.0000,1283.0000,9,1283.0000
2019-05-28,1276.5000,1276.5000,1276.5000,1276.5000,0,1276.5000
2019-05-29,1280.6000,1280.6000,1280.6000,1280.6000,189694,1280.6000
2019-05-30,1279.4000,1288.3000,1273.9000,1287.1000,55573,1287.1000
2019-05-31,1287.7000,1306.4000,1287.5000,1305.8000,2814,1305.8000
2019-06-03,1307.0000,1327.8000,1307.0000,1322.7000,812,1322.7000
2019-06-04,1324.3000,1328.6000,1320.8000,1323.4000,302,1323.4000
2019-06-05,1328.9000,1343.3000,1326.3000,1328.3000,622,1328.3000
2019-06-06,1330.8000,1338.7000,1326.2000,1337.6000,161,1337.6000
2019-06-07,1333.1000,1347.7000,1329.8000,1341.2000,240,1341.2000
2019-06-10,1335.8000,1336.5000,1324.1000,1324.7000,268,1324.7000
2019-06-11,1328.4000,1328.4000,1319.1000,1326.4000,201,1326.4000
2019-06-12,1326.9000,1334.5000,1326.9000,1331.9000,139,1331.9000
2019-06-13,1331.6000,1341.1000,1331.6000,1339.2000,157,1339.2000
2019-06-14,1345.4000,1355.4000,1339.3000,1340.1000,914,1340.1000
2019-06-17,1339.0000,1340.3000,1335.0000,1338.7000,76,1338.7000
2019-06-18,1349.3000,1349.3000,1341.6000,1346.6000,29,1346.6000
2019-06-19,1344.0000,1344.6000,1344.0000,1344.6000,129,1344.6000
2019-06-20,1381.5000,1392.9000,1379.5000,1392.9000,76,1392.9000
2019-06-21,1406.0000,1406.0000,1390.3000,1396.2000,35,1396.2000
2019-06-24,1406.0000,1420.6000,1402.1000,1414.3000,125,1414.3000
2019-06-25,1418.1000,1433.3000,1414.9000,1414.9000,105,1414.9000
2019-06-26,1407.2000,1413.3000,1405.8000,1411.6000,1333,1411.6000
2019-06-27,1407.0000,1410.8000,1399.8000,1408.4000,437,1408.4000
2019-06-28,1408.3000,1422.0000,1408.3000,1409.7000,356,1409.7000
2019-07-01,1386.6000,1395.8000,1382.8000,1385.6000,214,1385.6000
2019-07-02,1391.1000,1418.4000,1390.8000,1404.6000,38,1404.6000
2019-07-03,1431.0000,1434.0000,1413.1000,1417.7000,46,1417.7000
2019-07-05,1418.3000,1418.3000,1390.2000,1396.7000,20,1396.7000
2019-07-08,1395.9000,1397.0000,1393.6000,1397.0000,14,1397.0000
2019-07-09,1394.5000,1397.5000,1386.2000,1397.5000,53,1397.5000
2019-07-10,1409.9000,1410.1000,1409.9000,1410.1000,50,1410.1000
2019-07-11,1424.0000,1424.0000,1404.3000,1404.3000,6,1404.3000
2019-07-12,1405.6000,1410.1000,1405.6000,1409.9000,8,1409.9000
2019-07-15,1414.4000,1415.0000,1411.4000,1411.4000,25,1411.4000
2019-07-16,1413.6000,1413.7000,1405.0000,1409.2000,13,1409.2000
2019-07-17,1404.6000,1421.3000,1404.6000,1421.3000,6,1421.3000
2019-07-18,1422.3000,1444.2000,1419.5000,1426.1000,66,1426.1000
2019-07-19,1440.5000,1442.0000,1425.1000,1425.1000,22,1425.1000
2019-07-22,1425.3000,1425.3000,1424.0000,1425.3000,1,1425.3000
2019-07-23,1418.6000,1421.3000,1416.3000,1420.1000,5,1420.1000
2019-07-24,1422.8000,1422.8000,1422.8000,1422.8000,20,1422.8000
2019-07-25,1413.9000,1413.9000,1413.9000,1413.9000,4,1413.9000
2019-07-26,1422.8000,1423.0000,1418.5000,1418.5000,5,1418.5000
2019-07-29,1419.6000,1419.6000,1419.6000,1419.6000,224267,1419.6000
2019-07-30,1426.3000,1433.9000,1422.1000,1429.7000,73874,1429.7000
2019-07-31,1431.3000,1435.8000,1411.2000,1426.1000,3294,1426.1000
2019-08-01,1411.3000,1445.2000,1400.9000,1420.9000,2431,1420.9000
2019-08-02,1448.0000,1448.0000,1432.3000,1445.6000,1873,1445.6000
2019-08-05,1440.4000,1469.7000,1440.4000,1464.6000,1008,1464.6000
2019-08-06,1469.7000,1475.0000,1457.7000,1472.4000,460,1472.4000
2019-08-07,1473.5000,1509.9000,1473.2000,1507.3000,824,1507.3000
2019-08-08,1498.4000,1508.5000,1492.0000,1497.7000,367,1497.7000
2019-08-09,1506.2000,1507.5000,1495.6000,1496.6000,74,1496.6000
2019-08-12,1496.0000,1514.9000,1488.1000,1505.3000,257,1505.3000
2019-08-13,1510.4000,1531.4000,1483.7000,1502.2000,672,1502.2000
2019-08-14,1500.0000,1520.5000,1497.0000,1515.9000,328,1515.9000
2019-08-15,1519.8000,1522.7000,1510.6000,1519.6000,87,1519.6000
2019-08-16,1524.6000,1524.6000,1504.7000,1512.5000,1815,1512.5000
2019-08-19,1507.2000,1507.6000,1492.9000,1500.4000,205,1500.4000
2019-08-20,1497.5000,1506.1000,1497.5000,1504.6000,486,1504.6000
2019-08-21,1504.9000,1505.0000,1498.8000,1504.6000,350,1504.6000
2019-08-22,1495.1000,1497.3000,1493.8000,1497.3000,686,1497.3000
2019-08-23,1493.5000,1527.6000,1493.5000,1526.6000,983,1526.6000
2019-08-26,1543.2000,1543.3000,1524.3000,1526.3000,334,1526.3000
2019-08-27,1530.5000,1542.1000,1528.5000,1541.0000,166,1541.0000
2019-08-28,1538.1000,1538.1000,1537.8000,1537.8000,2756,1537.8000
2019-08-29,1537.5000,1549.3000,1519.6000,1526.5000,704,1526.5000
2019-08-30,1524.6000,1530.4000,1516.7000,1519.1000,276,1519.1000
2019-09-03,1522.9000,1547.3000,1521.0000,1545.9000,139,1545.9000
2019-09-04,1549.0000,1553.2000,1534.8000,1550.3000,46,1550.3000
2019-09-05,1551.0000,1551.1000,1511.1000,1515.4000,125,1515.4000
2019-09-06,1517.3000,1526.0000,1504.5000,1506.2000,54,1506.2000
2019-09-09,1509.0000,1513.0000,1498.0000,1502.2000,69,1502.2000
2019-09-10,1498.5000,1498.5000,1486.9000,1490.3000,23,1490.3000
2019-09-11,1491.7000,1496.6000,1490.2000,1494.4000,8,1494.4000
2019-09-12,1499.5000,1515.4000,1498.7000,1498.7000,27,1498.7000
2019-09-13,1490.9000,1490.9000,1486.9000,1490.9000,1,1490.9000
2019-09-16,1506.6000,1506.8000,1496.9000,1503.1000,21,1503.1000
2019-09-17,1497.9000,1505.1000,1497.9000,1505.1000,3,1505.1000
2019-09-18,1508.9000,1509.4000,1489.3000,1507.5000,8,1507.5000
2019-09-19,1496.1000,1502.4000,1496.1000,1498.4000,10,1498.4000
2019-09-20,1503.0000,1507.3000,1503.0000,1507.3000,2,1507.3000
2019-09-23,1515.5000,1523.7000,1515.5000,1523.7000,5,1523.7000
2019-09-24,1515.1000,1533.0000,1515.1000,1532.1000,25,1532.1000
2019-09-25,1527.6000,1527.9000,1504.6000,1504.6000,25,1504.6000
2019-09-26,1507.5000,1507.5000,1507.5000,1507.5000,8178,1507.5000
2019-09-27,1504.2000,1506.1000,1485.6000,1499.1000,7827,1499.1000
2019-09-30,1495.9000,1495.9000,1463.5000,1465.7000,1078,1465.7000
2019-10-01,1468.7000,1485.5000,1458.3000,1482.0000,219,1482.0000
2019-10-02,1476.6000,1503.7000,1474.1000,1501.0000,205,1501.0000
2019-10-03,1497.4000,1518.2000,1496.6000,1507.1000,1213,1507.1000
2019-10-04,1505.6000,1508.7000,1497.1000,1506.2000,233,1506.2000
2019-10-07,1504.8000,1505.8000,1489.1000,1497.7000,121,1497.7000
2019-10-08,1489.4000,1506.3000,1489.3000,1497.2000,46,1497.2000
2019-10-09,1507.7000,1507.7000,1498.4000,1506.1000,120,1506.1000
2019-10-10,1511.2000,1511.2000,1490.6000,1494.8000,78,1494.8000
2019-10-11,1491.9000,1494.9000,1476.9000,1482.7000,57,1482.7000
2019-10-14,1484.4000,1493.5000,1481.3000,1491.7000,400,1491.7000
2019-10-15,1488.9000,1495.4000,1476.6000,1477.6000,367,1477.6000
2019-10-16,1482.0000,1488.0000,1480.0000,1488.0000,383,1488.0000
2019-10-17,1486.2000,1493.2000,1485.8000,1492.3000,271,1492.3000
2019-10-18,1487.3000,1489.1000,1486.6000,1488.2000,82,1488.2000
2019-10-21,1489.9000,1489.9000,1481.5000,1482.4000,72,1482.4000
2019-10-22,1483.4000,1483.5000,1481.7000,1481.7000,99,1481.7000
2019-10-23,1486.4000,1490.3000,1486.4000,1489.9000,67,1489.9000
2019-10-24,1490.5000,1501.2000,1485.9000,1498.9000,115,1498.9000
2019-10-25,1501.4000,1514.3000,1499.0000,1499.5000,93,1499.5000
2019-10-28,1504.1000,1504.1000,1490.0000,1490.0000,37,1490.0000
2019-10-29,1485.9000,1487.0000,1485.9000,1487.0000,425,1487.0000
2019-10-30,1487.2000,1495.4000,1481.0000,1493.2000,320,1493.2000
2019-10-31,1496.1000,1513.1000,1496.1000,1511.4000,210,1511.4000
2019-11-01,1511.0000,1511.6000,1503.0000,1508.0000,235,1508.0000
2019-11-04,1511.6000,1511.6000,1508.0000,1508.0000,101,1508.0000
2019-11-05,1507.1000,1507.1000,1480.8000,1480.8000,31,1480.8000
2019-11-06,1483.2000,1491.0000,1483.2000,1490.2000,567,1490.2000
2019-11-07,1489.1000,1489.1000,1464.2000,1464.2000,581,1464.2000
2019-11-08,1469.1000,1469.1000,1461.3000,1461.3000,21,1461.3000
2019-11-11,1461.0000,1461.0000,1449.3000,1455.5000,22,1455.5000
2019-11-12,1454.9000,1454.9000,1447.1000,1452.1000,6,1452.1000
2019-11-13,1456.8000,1463.3000,1456.8000,1461.7000,56,1461.7000
2019-11-14,1463.8000,1471.8000,1463.7000,1471.8000,83,1471.8000
2019-11-15,1469.1000,1469.1000,1467.3000,1467.3000,13,1467.3000
2019-11-18,1472.0000,1472.0000,1469.7000,1470.9000,141,1470.9000
2019-11-19,1467.7000,1474.3000,1467.7000,1473.3000,18,1473.3000
2019-11-20,1472.6000,1474.5000,1467.3000,1473.3000,31,1473.3000
2019-11-21,1463.1000,1463.1000,1463.1000,1463.1000,16,1463.1000
2019-11-22,1468.6000,1468.6000,1463.1000,1463.1000,19,1463.1000
2019-11-25,1457.1000,1457.1000,1455.5000,1456.6000,14,1456.6000
2019-11-26,1459.8000,1459.8000,1459.8000,1459.8000,346362,1459.8000
2019-11-27,1461.1000,1461.9000,1452.0000,1453.4000,88364,1453.4000
2019-11-29,1453.6000,1465.6000,1452.1000,1465.6000,7020,1465.6000
2019-12-02,1462.8000,1464.4000,1453.3000,1462.3000,2172,1462.3000
2019-12-03,1461.6000,1480.4000,1459.5000,1478.2000,1460,1478.2000
2019-12-04,1477.5000,1483.4000,1471.2000,1474.0000,613,1474.0000
2019-12-05,1474.7000,1478.0000,1472.3000,1476.9000,907,1476.9000
2019-12-06,1475.0000,1476.0000,1458.2000,1459.1000,899,1459.1000
2019-12-09,1458.8000,1464.2000,1458.6000,1459.3000,1461,1459.3000
2019-12-10,1460.7000,1467.2000,1460.7000,1462.6000,367,1462.6000
2019-12-11,1463.1000,1475.4000,1463.1000,1469.4000,393,1469.4000
2019-12-12,1475.1000,1483.9000,1463.7000,1466.7000,955,1466.7000
2019-12-13,1463.1000,1475.9000,1463.1000,1475.6000,468,1475.6000
2019-12-16,1473.8000,1475.3000,1473.8000,1475.0000,99,1475.0000
2019-12-17,1474.1000,1476.9000,1474.0000,1474.6000,410,1474.6000
2019-12-18,1472.6000,1472.6000,1472.6000,1472.6000,250,1472.6000
2019-12-19,1475.9000,1478.9000,1473.3000,1478.2000,319,1478.2000
2019-12-20,1476.7000,1478.1000,1474.7000,1474.7000,118,1474.7000
2019-12-23,1482.3000,1482.5000,1479.9000,1482.5000,391,1482.5000
2019-12-24,1488.7000,1499.1000,1488.7000,1499.1000,52,1499.1000
2019-12-26,1505.2000,1512.3000,1505.0000,1509.3000,126,1509.3000
2019-12-27,1513.8000,1513.8000,1513.8000,1513.8000,839,1513.8000
2019-12-30,1512.6000,1515.1000,1510.0000,1514.5000,446,1514.5000
2019-12-31,1513.8000,1523.4000,1513.8000,1519.5000,301,1519.5000
2020-01-02,1518.1000,1528.7000,1518.0000,1524.5000,214,1524.5000
2020-01-03,1530.1000,1552.7000,1530.1000,1549.2000,107,1549.2000
2020-01-06,1580.0000,1580.0000,1560.4000,1566.2000,416,1566.2000
2020-01-07,1558.3000,1576.3000,1558.3000,1571.8000,47,1571.8000
2020-01-08,1579.7000,1604.2000,1552.3000,1557.4000,236,1557.4000
2020-01-09,1555.7000,1555.7000,1543.3000,1551.7000,54,1551.7000
2020-01-10,1551.2000,1558.8000,1545.4000,1557.5000,16,1557.5000
2020-01-13,1557.4000,1558.0000,1548.4000,1548.4000,48,1548.4000
2020-01-14,1546.7000,1546.7000,1534.9000,1542.4000,32,1542.4000
2020-01-15,1548.0000,1553.9000,1545.6000,1552.1000,11,1552.1000
2020-01-16,1555.7000,1556.1000,1548.5000,1549.0000,98,1549.0000
2020-01-17,1554.1000,1558.8000,1553.6000,1558.8000,108,1558.8000
2020-01-21,1559.3000,1566.2000,1551.0000,1556.4000,45,1556.4000
2020-01-22,1549.8000,1557.1000,1549.8000,1555.3000,42,1555.3000
2020-01-23,1553.1000,1564.6000,1552.2000,1564.6000,15,1564.6000
2020-01-24,1556.3000,1571.1000,1556.3000,1571.1000,43,1571.1000
2020-01-27,1584.3000,1584.5000,1576.8000,1576.8000,22,1576.8000
2020-01-28,1576.4000,1576.4000,1569.2000,1569.2000,3,1569.2000
2020-01-29,1569.8000,1569.8000,1569.8000,1569.8000,251274,1569.8000
2020-01-30,1576.8000,1585.0000,1571.4000,1583.5000,62336,1583.5000
2020-01-31,1573.4000,1589.0000,1570.0000,1582.9000,1095,1582.9000
2020-02-03,1592.9000,1593.3000,1568.2000,1577.2000,1062,1577.2000
2020-02-04,1577.7000,1577.7000,1547.8000,1550.4000,978,1550.4000
2020-02-05,1553.2000,1560.7000,1547.7000,1557.8000,1305,1557.8000
2020-02-06,1553.6000,1565.6000,1551.6000,1565.1000,110,1565.1000
2020-02-07,1564.9000,1571.9000,1560.5000,1568.6000,431,1568.6000
2020-02-10,1569.3000,1574.7000,1568.6000,1574.7000,128,1574.7000
2020-02-11,1570.9000,1571.1000,1561.9000,1565.6000,440,1565.6000
2020-02-12,1565.2000,1568.7000,1561.0000,1567.4000,36,1567.4000
2020-02-13,1570.2000,1575.1000,1570.2000,1575.1000,74,1575.1000
2020-02-14,1575.8000,1582.7000,1574.8000,1582.7000,68,1582.7000
2020-02-18,1579.8000,1604.3000,1579.8000,1600.0000,310,1600.0000
2020-02-19,1600.6000,1610.5000,1599.7000,1607.5000,542,1607.5000
2020-02-20,1606.5000,1621.0000,1603.0000,1616.6000,117,1616.6000
2020-02-21,1619.3000,1645.0000,1619.3000,1644.6000,186,1644.6000
2020-02-24,1657.0000,1686.6000,1650.0000,1672.4000,435,1672.4000
2020-02-25,1645.1000,1653.7000,1632.3000,1646.9000,409,1646.9000
2020-02-26,1644.0000,1648.1000,1636.4000,1640.0000,1990,1640.0000
2020-02-27,1641.1000,1658.0000,1638.5000,1640.0000,707,1640.0000
2020-02-28,1640.3000,1642.5000,1564.1000,1564.1000,289,1564.1000
2020-03-02,1583.9000,1608.3000,1574.3000,1592.3000,537,1592.3000
2020-03-03,1594.5000,1645.3000,1594.0000,1642.1000,610,1642.1000
2020-03-04,1645.4000,1645.9000,1631.3000,1641.1000,83,1641.1000
2020-03-05,1637.3000,1672.9000,1637.2000,1666.4000,154,1666.4000
2020-03-06,1670.8000,1686.2000,1647.2000,1670.8000,175,1670.8000
2020-03-09,1696.1000,1701.6000,1657.7000,1674.5000,161,1674.5000
2020-03-10,1671.6000,1674.6000,1643.0000,1659.1000,48,1659.1000
2020-03-11,1656.6000,1666.5000,1635.0000,1641.4000,47,1641.4000
2020-03-12,1637.0000,1647.5000,1566.4000,1589.3000,256,1589.3000
2020-03-13,1574.9000,1589.8000,1513.8000,1515.7000,89,1515.7000
2020-03-16,1569.1000,1569.1000,1452.1000,1485.9000,193,1485.9000
2020-03-17,1469.3000,1537.7000,1469.3000,1524.9000,122,1524.9000
2020-03-18,1537.5000,1542.0000,1477.3000,1477.3000,333,1477.3000
2020-03-19,1481.5000,1491.6000,1471.0000,1478.6000,262,1478.6000
2020-03-20,1483.5000,1484.0000,1483.5000,1484.0000,14,1484.0000
2020-03-23,1505.3000,1567.0000,1490.2000,1567.0000,51,1567.0000
2020-03-24,1592.7000,1685.5000,1592.7000,1660.2000,442,1660.2000
2020-03-25,1676.5000,1676.5000,1631.1000,1632.3000,476,1632.3000
2020-03-26,1660.5000,1660.5000,1650.1000,1650.1000,3,1650.1000
2020-03-27,1623.9000,1623.9000,1623.9000,1623.9000,100638,1623.9000
2020-03-30,1641.2000,1652.8000,1607.2000,1622.0000,16389,1622.0000
2020-03-31,1618.7000,1621.0000,1576.0000,1583.4000,2874,1583.4000
2020-04-01,1570.0000,1600.0000,1570.0000,1578.2000,2158,1578.2000
2020-04-02,1590.9000,1631.2000,1586.0000,1625.7000,1294,1625.7000
2020-04-03,1624.5000,1636.0000,1619.8000,1633.7000,643,1633.7000
2020-04-06,1629.1000,1696.7000,1625.9000,1677.0000,1063,1677.0000
2020-04-07,1695.7000,1724.4000,1658.0000,1664.8000,1144,1664.8000
2020-04-08,1669.7000,1677.0000,1662.5000,1665.4000,747,1665.4000
2020-04-09,1662.7000,1736.2000,1662.7000,1736.2000,825,1736.2000
2020-04-13,1722.0000,1756.8000,1710.7000,1744.8000,696,1744.8000
2020-04-14,1756.8000,1775.0000,1739.5000,1756.7000,675,1756.7000
2020-04-15,1739.4000,1744.9000,1722.7000,1727.2000,642,1727.2000
2020-04-16,1731.0000,1750.6000,1715.0000,1720.4000,162,1720.4000
2020-04-17,1715.7000,1725.0000,1684.9000,1689.2000,223,1689.2000
2020-04-20,1686.0000,1701.6000,1680.0000,1701.6000,106,1701.6000
2020-04-21,1697.0000,1707.1000,1659.9000,1678.2000,666,1678.2000
2020-04-22,1696.0000,1728.7000,1684.8000,1728.7000,453,1728.7000
2020-04-23,1734.0000,1745.1000,1733.3000,1733.3000,482,1733.3000
2020-04-24,1744.0000,1744.0000,1714.5000,1723.5000,221,1723.5000
2020-04-27,1731.9000,1731.9000,1711.9000,1711.9000,169,1711.9000
2020-04-28,1716.6000,1716.6000,1707.1000,1710.5000,1255,1710.5000
2020-04-29,1710.0000,1713.5000,1702.0000,1703.4000,373,1703.4000
2020-04-30,1719.3000,1719.3000,1680.8000,1684.2000,327,1684.2000
2020-05-01,1686.6000,1701.5000,1670.5000,1694.5000,337,1694.5000
2020-05-04,1702.6000,1709.0000,1699.6000,1706.9000,320,1706.9000
2020-05-05,1701.5000,1704.4000,1697.2000,1704.4000,82,1704.4000
2020-05-06,1704.0000,1704.0000,1684.2000,1684.2000,469,1684.2000
2020-05-07,1686.2000,1721.8000,1685.6000,1721.8000,853,1721.8000
2020-05-08,1726.2000,1728.9000,1703.8000,1709.9000,330,1709.9000
2020-05-11,1702.3000,1704.5000,1690.2000,1695.3000,749,1695.3000
2020-05-12,1699.3000,1713.1000,1699.3000,1704.4000,324,1704.4000
2020-05-13,1702.0000,1721.3000,1701.9000,1713.9000,431,1713.9000
2020-05-14,1724.3000,1743.1000,1720.5000,1738.1000,672,1738.1000
2020-05-15,1739.7000,1753.4000,1739.7000,1753.4000,719,1753.4000
2020-05-18,1755.7000,1770.5000,1731.8000,1731.8000,229,1731.8000
2020-05-19,1744.2000,1749.5000,1744.2000,1744.2000,167,1744.2000
2020-05-20,1751.6000,1752.1000,1745.6000,1750.6000,16,1750.6000
2020-05-21,1746.8000,1746.8000,1720.5000,1720.5000,528,1720.5000
2020-05-22,1726.6000,1734.6000,1726.6000,1734.6000,6,1734.6000
2020-05-26,1726.4000,1726.4000,1704.8000,1704.8000,39,1704.8000
2020-05-27,1685.6000,1710.3000,1685.6000,1710.3000,137416,1710.3000
2020-05-28,1709.3000,1727.8000,1705.0000,1713.3000,23355,1713.3000
2020-05-29,1732.7000,1754.5000,1725.3000,1751.7000,150112,1751.7000
2020-06-01,1749.8000,1761.0000,1737.6000,1750.3000,146131,1750.3000
2020-06-02,1750.3000,1757.0000,1728.0000,1734.0000,175351,1734.0000
2020-06-03,1733.7000,1738.9000,1690.3000,1704.8000,256523,1704.8000
2020-06-04,1702.8000,1729.0000,1698.9000,1727.4000,198723,1727.4000
2020-06-05,1720.8000,1723.2000,1671.7000,1683.0000,273683,1683.0000
2020-06-08,1686.7000,1707.6000,1680.7000,1705.1000,154767,1705.1000
2020-06-09,1703.9000,1729.4000,1697.6000,1721.9000,182910,1721.9000
2020-06-10,1718.9000,1749.4000,1714.1000,1720.7000,198763,1720.7000
2020-06-11,1746.6000,1754.9000,1727.5000,1739.8000,205348,1739.8000
2020-06-12,1733.6000,1753.0000,1728.2000,1737.3000,151397,1737.3000
2020-06-15,1740.7000,1743.8000,1706.2000,1727.2000,200225,1727.2000
2020-06-16,1732.3000,1741.3000,1721.8000,1736.5000,182423,1736.5000
2020-06-17,1735.3000,1739.3000,1717.3000,1735.6000,140069,1735.6000
2020-06-18,1735.5000,1749.2000,1722.7000,1731.1000,155912,1731.1000
2020-06-19,1729.8000,1760.9000,1728.3000,1753.0000,181151,1753.0000
2020-06-22,1765.8000,1779.0000,1753.5000,1766.4000,228682,1766.4000
2020-06-23,1764.9000,1786.8000,1758.3000,1782.0000,194678,1782.0000
2020-06-24,1784.4000,1796.1000,1770.6000,1775.1000,239533,1775.1000
2020-06-25,1772.3000,1779.6000,1764.1000,1770.6000,152200,1770.6000
2020-06-26,1774.8000,1786.2000,1754.0000,1780.3000,201233,1780.3000
2020-06-29,1789.2000,1790.4000,1776.5000,1781.2000,130505,1781.2000
2020-06-30,1784.2000,1804.0000,1774.8000,1800.5000,199417,1800.5000
2020-07-01,1798.9000,1807.7000,1767.9000,1779.9000,263254,1779.9000
2020-07-02,1779.0000,1791.7000,1766.3000,1790.0000,186306,1790.0000
2020-07-06,1787.9000,1799.0000,1779.2000,1793.5000,184653,1793.5000
2020-07-07,1793.9000,1810.8000,1781.2000,1809.9000,221733,1809.9000
2020-07-08,1807.9000,1829.8000,1803.8000,1820.6000,247500,1820.6000
2020-07-09,1818.8000,1825.5000,1799.6000,1803.8000,283371,1803.8000
2020-07-10,1808.4000,1817.0000,1796.5000,1801.9000,223832,1801.9000
2020-07-13,1803.4000,1818.8000,1802.1000,1814.1000,230398,1814.1000
2020-07-14,1805.2000,1815.0000,1791.1000,1813.4000,253207,1813.4000
2020-07-15,1811.1000,1819.5000,1804.0000,1813.8000,183055,1813.8000
2020-07-16,1813.1000,1816.2000,1794.1000,1800.3000,196566,1800.3000
2020-07-17,1796.9000,1813.9000,1795.2000,1810.0000,167012,1810.0000
2020-07-20,1812.3000,1823.4000,1806.6000,1817.4000,177739,1817.4000
2020-07-21,1819.6000,1844.9000,1817.2000,1843.9000,271085,1843.9000
2020-07-22,1842.8000,1871.8000,1842.1000,1865.1000,382234,1865.1000
2020-07-23,1871.6000,1897.7000,1863.1000,1890.0000,418749,1890.0000
2020-07-24,1884.9000,1904.6000,1880.5000,1897.5000,300174,1897.5000
2020-07-27,1901.2000,1941.9000,1899.0000,1931.0000,428229,1931.0000
2020-07-28,1937.1000,1974.7000,1900.2000,1944.6000,434445,1944.6000
2020-07-29,1950.6000,1974.9000,1935.2000,1953.4000,209835,1953.4000
2020-07-30,1963.4000,1965.1000,1930.0000,1942.3000,28853,1942.3000
2020-07-31,1948.6000,1981.1000,1948.0000,1962.8000,2914,1962.8000
2020-08-03,1984.3000,1984.3000,1955.5000,1966.0000,178754,1966.0000
2020-08-04,1993.5000,2037.7000,1982.6000,2021.0000,274420,2021.0000
2020-08-05,2037.0000,2070.3000,2027.5000,2049.3000,366379,2049.3000
2020-08-06,2055.0000,2081.8000,2049.0000,2069.3999,312758,2069.3999
2020-08-07,2076.3999,2089.2000,2024.8000,2028.0000,398127,2028.0000
2020-08-10,2044.8000,2060.8000,2027.8000,2039.7000,251306,2039.7000
2020-08-11,2038.4000,2040.5000,1911.3000,1946.3000,565001,1946.3000
2020-08-12,1921.6000,1961.0000,1874.2000,1949.0000,459842,1949.0000
2020-08-13,1927.3000,1974.8000,1923.0000,1970.4000,349891,1970.4000
2020-08-14,1963.8000,1970.0000,1939.1000,1949.8000,241798,1949.8000
2020-08-17,1956.4000,2000.8000,1939.1000,1998.7000,289437,1998.7000
2020-08-18,1993.6000,2024.6000,1985.2000,2013.1000,361475,2013.1000
2020-08-19,2010.5000,2015.6000,1930.5000,1970.3000,443256,1970.3000
2020-08-20,1934.4000,1963.1000,1928.9000,1946.5000,383338,1946.5000
2020-08-21,1955.6000,1963.1000,1916.6000,1947.0000,355065,1947.0000
2020-08-24,1947.9000,1970.3000,1930.8000,1939.2000,286258,1939.2000
2020-08-25,1935.9000,1944.1000,1919.1000,1923.1000,274113,1923.1000
2020-08-26,1939.0000,1963.4000,1908.4000,1952.5000,342207,1952.5000
2020-08-27,1963.0000,1987.0000,1914.7000,1932.6000,467170,1932.6000
2020-08-28,1937.5000,1983.0000,1928.2000,1974.9000,334102,1974.9000
2020-08-31,1973.9000,1985.8000,1962.3000,1978.6000,245105,1978.6000
2020-09-01,1973.7000,2001.2000,1969.2000,1978.9000,304894,1978.9000
2020-09-02,1976.8000,1980.4000,1938.9000,1944.7000,332591,1944.7000
2020-09-03,1948.9000,1956.6000,1927.2000,1937.8000,303029,1937.8000
2020-09-04,1938.0000,1956.6000,1921.6000,1934.3000,304742,1934.3000
2020-09-08,1938.0000,1948.3000,1911.7000,1943.2000,416013,1943.2000
2020-09-09,1939.4000,1959.7000,1926.3000,1954.9000,227182,1954.9000
2020-09-10,1955.3000,1975.2000,1948.6000,1964.3000,271478,1964.3000
2020-09-11,1953.8000,1963.4000,1944.0000,1947.9000,205234,1947.9000
2020-09-14,1948.9000,1972.5000,1945.2000,1963.7000,200091,1963.7000
2020-09-15,1966.2000,1982.4000,1955.6000,1966.2000,239538,1966.2000
2020-09-16,1961.4000,1983.8000,1957.2000,1970.5000,298385,1970.5000
2020-09-17,1967.6000,1969.3000,1938.2000,1949.9000,273140,1949.9000
2020-09-18,1951.1000,1968.2000,1951.1000,1962.1000,176074,1962.1000
2020-09-21,1957.3000,1962.9000,1885.4000,1910.6000,386667,1910.6000
2020-09-22,1918.1000,1925.5000,1898.9000,1907.6000,282714,1907.6000
2020-09-23,1905.1000,1909.9000,1856.0000,1868.4000,411558,1868.4000
2020-09-24,1866.9000,1880.9000,1851.0000,1876.9000,345036,1876.9000
2020-09-25,1872.7000,1879.3000,1854.1000,1866.3000,230857,1866.3000
2020-09-28,1862.7000,1888.2000,1851.1000,1882.3000,235915,1882.3000
2020-09-29,1886.4000,1904.8000,1880.8000,1903.2000,217795,1903.2000
2020-09-30,1903.2000,1908.2000,1885.8000,1895.5000,259868,1895.5000
2020-10-01,1891.2000,1917.9000,1890.0000,1916.3000,262086,1916.3000
2020-10-02,1911.0000,1923.6000,1895.2000,1907.6000,212728,1907.6000
2020-10-05,1910.9000,1924.9000,1891.2000,1920.1000,177587,1920.1000
2020-10-06,1917.8000,1927.0000,1878.2000,1908.8000,219440,1908.8000
2020-10-07,1882.6000,1902.4000,1877.1000,1890.8000,188588,1890.8000
2020-10-08,1890.6000,1905.3000,1885.3000,1895.1000,185453,1895.1000
2020-10-09,1898.4000,1936.8000,1898.0000,1926.2000,229847,1926.2000
2020-10-12,1935.0000,1939.4000,1923.8000,1928.9000,157212,1928.9000
2020-10-13,1927.3000,1930.6000,1889.3000,1894.6000,267538,1894.6000
2020-10-14,1895.4000,1917.5000,1885.0000,1907.3000,188302,1907.3000
2020-10-15,1906.0000,1913.2000,1892.7000,1908.9000,213574,1908.9000
2020-10-16,1912.7000,1918.7000,1901.1000,1906.4000,146910,1906.4000
2020-10-19,1903.2000,1923.4000,1900.2000,1911.7000,159852,1911.7000
2020-10-20,1906.4000,1917.6000,1896.6000,1915.4000,163912,1915.4000
2020-10-21,1911.6000,1936.0000,1911.6000,1929.5000,201272,1929.5000
2020-10-22,1927.4000,1929.4000,1894.2000,1904.6000,215581,1904.6000
2020-10-23,1906.5000,1917.3000,1895.2000,1905.2000,172958,1905.2000
2020-10-26,1906.0000,1911.1000,1892.5000,1905.7000,166313,1905.7000
2020-10-27,1904.4000,1913.8000,1898.7000,1911.9000,153297,1911.9000
2020-10-28,1909.8000,1912.6000,1869.1000,1879.2000,297085,1879.2000
2020-10-29,1877.5000,1885.1000,1859.2000,1868.0000,225159,1868.0000
2020-10-30,1867.9000,1890.9000,1863.3000,1879.9000,213173,1879.9000
2020-11-02,1877.0000,1897.1000,1873.3000,1892.5000,164943,1892.5000
2020-11-03,1896.4000,1912.2000,1887.6000,1910.4000,171368,1910.4000
2020-11-04,1910.3000,1917.9000,1881.8000,1896.2000,293946,1896.2000
2020-11-05,1903.4000,1954.3000,1902.2000,1946.8000,297512,1946.8000
2020-11-06,1950.0000,1961.8000,1937.2000,1951.7000,246779,1951.7000
2020-11-09,1956.0000,1966.1000,1848.0000,1854.4000,496088,1854.4000
2020-11-10,1864.1000,1888.9000,1858.9000,1876.4000,264872,1876.4000
2020-11-11,1876.1000,1882.5000,1853.9000,1861.6000,215170,1861.6000
2020-11-12,1863.9000,1883.0000,1860.7000,1873.3000,209934,1873.3000
2020-11-13,1875.6000,1895.8000,1872.1000,1886.2000,162538,1886.2000
2020-11-16,1886.6000,1898.0000,1861.5000,1887.8000,222937,1887.8000
2020-11-17,1888.2000,1892.7000,1876.3000,1885.1000,160884,1885.1000
2020-11-18,1879.5000,1884.2000,1860.3000,1873.9000,209000,1873.9000
2020-11-19,1872.0000,1872.6000,1850.0000,1861.5000,222347,1861.5000
2020-11-20,1864.8000,1879.2000,1859.1000,1872.4000,186166,1872.4000
2020-11-23,1869.8000,1875.0000,1828.0000,1837.8000,319657,1837.8000
2020-11-24,1835.7000,1836.9000,1797.1000,1804.6000,367879,1804.6000
2020-11-25,1805.2000,1816.3000,1798.6000,1805.5000,205754,1805.5000
2020-11-27,1806.1000,1817.0000,1770.7000,1781.9000,71804,1781.9000
2020-11-30,1785.0000,1787.2000,1762.3000,1775.7000,3145,1775.7000
2020-12-01,1775.0000,1815.9000,1774.9000,1814.1000,203653,1814.1000
2020-12-02,1819.1000,1835.7000,1810.5000,1830.2000,185323,1830.2000
2020-12-03,1833.9000,1847.4000,1826.7000,1841.1000,180357,1841.1000
2020-12-04,1844.7000,1852.7000,1832.0000,1840.0000,171259,1840.0000
2020-12-07,1841.1000,1873.0000,1824.8000,1866.0000,209042,1866.0000
2020-12-08,1866.1000,1879.8000,1863.9000,1874.9000,151792,1874.9000
2020-12-09,1875.4000,1875.9000,1828.2000,1838.5000,219587,1838.5000
2020-12-10,1843.0000,1854.2000,1831.5000,1837.4000,164803,1837.4000
2020-12-11,1840.0000,1851.8000,1826.8000,1843.6000,153800,1843.6000
2020-12-14,1845.0000,1845.6000,1820.0000,1832.1000,168491,1832.1000
2020-12-15,1830.5000,1859.3000,1828.5000,1855.3000,173607,1855.3000
2020-12-16,1857.7000,1870.0000,1848.2000,1859.1000,199679,1859.1000
2020-12-17,1868.4000,1902.0000,1865.9000,1890.4000,219866,1890.4000
2020-12-18,1891.3000,1895.7000,1881.9000,1888.9000,153231,1888.9000
2020-12-21,1892.9000,1912.0000,1859.0000,1882.8000,232045,1882.8000
2020-12-22,1883.0000,1889.4000,1863.7000,1870.3000,176016,1870.3000
2020-12-23,1865.6000,1883.7000,1860.9000,1878.1000,162537,1878.1000
2020-12-24,1877.3000,1887.4000,1873.1000,1883.2000,89405,1883.2000
2020-12-28,1887.0000,1904.1000,1873.0000,1880.4000,196760,1880.4000
2020-12-29,1878.0000,1891.3000,1875.6000,1882.9000,149267,1882.9000
2020-12-30,1881.8000,1899.0000,1879.5000,1893.4000,133658,1893.4000
2020-12-31,1899.0000,1904.9000,1889.1000,1895.1000,130631,1895.1000
2021-01-04,1908.2000,1948.7000,1906.1000,1946.6000,273370,1946.6000
2021-01-05,1946.0000,1957.0000,1938.4000,1954.4000,201945,1954.4000
2021-01-06,1952.8000,1962.5000,1902.6000,1908.6000,366605,1908.6000
2021-01-07,1921.5000,1929.6000,1907.5000,1913.6000,199982,1913.6000
2021-01-08,1915.2000,1918.4000,1827.8000,1835.4000,443506,1835.4000
2021-01-11,1849.4000,1856.0000,1817.1000,1850.8000,268363,1850.8000
2021-01-12,1845.4000,1864.0000,1835.8000,1844.2000,240656,1844.2000
2021-01-13,1855.0000,1863.0000,1841.6000,1854.9000,225988,1854.9000
2021-01-14,1845.6000,1857.6000,1826.6000,1851.4000,257661,1851.4000
2021-01-15,1847.3000,1856.6000,1822.1000,1829.9000,231105,1829.9000
2021-01-19,1828.8000,1845.0000,1800.8000,1840.2000,331589,1840.2000
2021-01-20,1839.9000,1872.0000,1831.1000,1866.5000,274396,1866.5000
2021-01-21,1871.0000,1874.6000,1857.5000,1865.9000,196937,1865.9000
2021-01-22,1870.1000,1870.8000,1836.3000,1856.2000,249715,1856.2000
2021-01-25,1855.3000,1867.4000,1846.2000,1855.2000,211978,1855.2000
2021-01-26,1854.9000,1860.8000,1847.2000,1850.9000,170259,1850.9000
2021-01-27,1849.7000,1851.5000,1828.4000,1844.9000,195540,1844.9000
2021-01-28,1843.4000,1862.9000,1831.5000,1837.9000,27283,1837.9000
2021-01-29,1842.0000,1876.0000,1838.7000,1847.3000,276173,1847.3000
2021-02-01,1865.0000,1876.0000,1851.7000,1863.9000,242045,1863.9000
2021-02-02,1863.6000,1866.3000,1830.4000,1833.4000,235995,1833.4000
2021-02-03,1838.5000,1845.9000,1830.1000,1835.1000,137228,1835.1000
2021-02-04,1834.5000,1835.7000,1784.6000,1791.2000,279616,1791.2000
2021-02-05,1794.3000,1816.0000,1792.2000,1813.0000,205758,1813.0000
2021-02-08,1818.1000,1840.6000,1807.3000,1834.2000,177562,1834.2000
2021-02-09,1832.4000,1849.5000,1830.3000,1837.5000,154392,1837.5000
2021-02-10,1838.3000,1856.6000,1834.0000,1842.7000,176443,1842.7000
2021-02-11,1844.3000,1848.6000,1821.7000,1826.8000,147019,1826.8000
2021-02-12,1825.4000,1831.5000,1810.1000,1823.2000,171902,1823.2000
2021-02-16,1826.0000,1827.1000,1788.1000,1799.0000,355922,1799.0000
2021-02-17,1793.1000,1794.2000,1767.9000,1772.8000,257335,1772.8000
2021-02-18,1776.0000,1788.8000,1766.6000,1775.0000,224767,1775.0000
2021-02-19,1774.6000,1790.9000,1759.0000,1777.4000,251783,1777.4000
2021-02-22,1782.0000,1812.4000,1778.6000,1808.4000,221198,1808.4000
2021-02-23,1809.3000,1815.2000,1794.5000,1805.9000,191147,1805.9000
2021-02-24,1805.0000,1813.0000,1782.2000,1797.9000,224060,1797.9000
2021-02-25,1804.9000,1805.0000,1763.9000,1775.4000,316252,1775.4000
2021-02-26,1770.9000,1773.8000,1714.9000,1728.8000,362549,1728.8000
2021-03-01,1732.8000,1757.4000,1717.2000,1723.0000,241917,1723.0000
2021-03-02,1722.8000,1737.8000,1704.6000,1733.6000,235964,1733.6000
2021-03-03,1736.5000,1739.1000,1699.4000,1715.8000,255653,1715.8000
2021-03-04,1708.4000,1721.6000,1687.6000,1700.7000,277449,1700.7000
2021-03-05,1695.3000,1705.7000,1683.0000,1698.5000,269333,1698.5000
2021-03-08,1701.6000,1712.0000,1673.3000,1678.0000,273905,1678.0000
2021-03-09,1679.3000,1718.7000,1676.7000,1716.9000,248946,1716.9000
2021-03-10,1714.5000,1725.3000,1705.6000,1721.8000,226890,1721.8000
2021-03-11,1725.0000,1738.0000,1716.8000,1722.6000,215341,1722.6000
2021-03-12,1720.5000,1728.0000,1696.6000,1719.8000,232207,1719.8000
2021-03-15,1726.5000,1733.2000,1719.2000,1729.2000,163045,1729.2000
2021-03-16,1730.7000,1740.5000,1724.4000,1730.9000,173891,1730.9000
2021-03-17,1730.0000,1750.6000,1722.0000,1727.1000,220553,1727.1000
2021-03-18,1744.0000,1754.2000,1716.6000,1732.5000,251758,1732.5000
2021-03-19,1733.7000,1746.1000,1727.1000,1741.7000,213282,1741.7000
2021-03-22,1745.6000,1747.0000,1726.4000,1738.1000,196311,1738.1000
2021-03-23,1738.5000,1742.0000,1722.7000,1725.1000,226204,1725.1000
2021-03-24,1725.9000,1737.7000,1722.3000,1733.2000,186524,1733.2000
2021-03-25,1733.2000,1744.8000,1720.3000,1725.1000,226207,1725.1000
2021-03-26,1725.5000,1735.5000,1718.8000,1732.3000,172944,1732.3000
2021-03-29,1731.5000,1732.6000,1703.3000,1712.2000,135457,1712.2000
2021-03-30,1711.0000,1712.6000,1676.5000,1683.9000,25316,1683.9000
2021-03-31,1683.7000,1713.8000,1676.5000,1713.8000,210770,1713.8000
2021-04-01,1709.0000,1732.0000,1706.4000,1728.4000,170430,1728.4000
2021-04-05,1730.0000,1734.4000,1721.6000,1728.8000,101746,1728.8000
2021-04-06,1729.2000,1746.7000,1728.2000,1743.0000,152598,1743.0000
2021-04-07,1744.4000,1745.4000,1731.2000,1741.6000,122802,1741.6000
2021-04-08,1738.6000,1759.4000,1733.6000,1758.2000,144574,1758.2000
2021-04-09,1756.5000,1758.2000,1730.8000,1744.8000,171395,1744.8000
2021-04-12,1744.5000,1746.2000,1727.0000,1732.7000,125360,1732.7000
2021-04-13,1732.2000,1749.5000,1723.2000,1747.6000,175594,1747.6000
2021-04-14,1746.4000,1750.7000,1732.3000,1736.3000,145260,1736.3000
2021-04-15,1736.6000,1770.6000,1734.4000,1766.8000,198143,1766.8000
2021-04-16,1764.8000,1784.7000,1760.3000,1780.2000,173498,1780.2000
2021-04-19,1778.8000,1790.4000,1766.6000,1770.6000,180726,1770.6000
2021-04-20,1770.5000,1780.8000,1763.5000,1778.4000,169041,1778.4000
2021-04-21,1779.1000,1798.4000,1776.6000,1793.1000,173968,1793.1000
2021-04-22,1794.5000,1798.1000,1777.1000,1782.0000,163753,1782.0000
2021-04-23,1784.0000,1796.3000,1769.5000,1777.8000,175847,1777.8000
2021-04-26,1776.1000,1783.1000,1768.2000,1780.1000,143358,1780.1000
2021-04-27,1781.1000,1785.9000,1773.9000,1778.8000,147945,1778.8000
2021-04-28,1776.4000,1782.7000,1761.8000,1773.9000,198578,1773.9000
2021-04-29,1781.9000,1789.9000,1754.6000,1768.3000,231520,1768.3000
2021-04-30,1772.4000,1773.3000,1763.3000,1767.7000,167292,1767.7000
2021-05-03,1768.1000,1798.9000,1765.6000,1791.8000,204543,1791.8000
2021-05-04,1793.2000,1799.5000,1769.2000,1776.0000,246585,1776.0000
2021-05-05,1778.4000,1788.1000,1769.3000,1784.3000,178811,1784.3000
2021-05-06,1787.0000,1818.6000,1781.8000,1815.7000,287629,1815.7000
2021-05-07,1815.4000,1844.6000,1813.4000,1831.3000,367695,1831.3000
2021-05-10,1835.4000,1846.3000,1830.5000,1837.6000,269707,1837.6000
2021-05-11,1836.2000,1842.5000,1817.8000,1836.1000,311104,1836.1000
2021-05-12,1838.2000,1844.7000,1813.0000,1822.8000,339207,1822.8000
2021-05-13,1816.2000,1829.1000,1808.4000,1824.0000,249928,1824.0000
2021-05-14,1826.4000,1847.1000,1819.0000,1838.1000,224380,1838.1000
2021-05-17,1845.9000,1869.3000,1841.1000,1867.6000,267705,1867.6000
2021-05-18,1867.3000,1875.9000,1863.5000,1868.0000,229016,1868.0000
2021-05-19,1870.2000,1891.3000,1852.2000,1881.5000,398212,1881.5000
2021-05-20,1869.9000,1885.3000,1864.2000,1881.9000,223568,1881.9000
2021-05-21,1878.1000,1890.3000,1870.3000,1876.7000,234291,1876.7000
2021-05-24,1883.5000,1887.9000,1875.7000,1884.5000,183312,1884.5000
2021-05-25,1881.2000,1901.2000,1873.2000,1898.0000,316673,1898.0000
2021-05-26,1900.0000,1913.3000,1890.7000,1901.2000,170526,1901.2000
2021-05-27,1896.8000,1903.9000,1888.2000,1895.7000,35794,1895.7000
2021-05-28,1897.5000,1905.4000,1881.9000,1902.5000,198141,1902.5000
2021-06-01,1906.8000,1919.2000,1894.5000,1905.0000,290653,1905.0000
2021-06-02,1903.0000,1911.8000,1896.4000,1909.9000,166036,1909.9000
2021-06-03,1910.5000,1912.3000,1866.7000,1873.3000,278578,1873.3000
2021-06-04,1872.7000,1899.0000,1855.6000,1892.0000,228826,1892.0000
2021-06-07,1894.3000,1902.9000,1883.7000,1898.8000,146018,1898.8000
2021-06-08,1901.6000,1906.9000,1885.7000,1894.4000,173604,1894.4000
2021-06-09,1894.4000,1901.7000,1889.3000,1895.5000,147332,1895.5000
2021-06-10,1891.4000,1903.0000,1871.8000,1896.4000,250551,1896.4000
2021-06-11,1901.9000,1906.2000,1876.1000,1879.6000,220455,1879.6000
2021-06-14,1879.6000,1879.7000,1845.7000,1865.9000,242302,1865.9000
2021-06-15,1867.8000,1870.9000,1853.0000,1856.4000,155343,1856.4000
2021-06-16,1861.0000,1866.0000,1804.4000,1861.4000,234104,1861.4000
2021-06-17,1812.3000,1826.4000,1767.9000,1774.8000,385888,1774.8000
2021-06-18,1773.9000,1797.9000,1761.2000,1769.0000,264605,1769.0000
2021-06-21,1764.3000,1786.9000,1764.1000,1782.9000,195523,1782.9000
2021-06-22,1783.2000,1790.1000,1771.2000,1777.4000,172745,1777.4000
2021-06-23,1779.1000,1795.6000,1773.1000,1783.4000,179273,1783.4000
2021-06-24,1778.2000,1788.6000,1772.7000,1776.7000,152232,1776.7000
2021-06-25,1775.7000,1791.0000,1773.6000,1777.8000,161203,1777.8000
2021-06-28,1782.0000,1786.1000,1770.4000,1780.7000,160788,1780.7000
2021-06-29,1778.8000,1779.2000,1750.1000,1763.6000,239910,1763.6000
2021-06-30,1761.9000,1774.7000,1753.2000,1771.6000,177887,1771.6000
2021-07-01,1770.8000,1783.4000,1765.9000,1776.8000,171443,1776.8000
2021-07-02,1777.5000,1795.9000,1774.4000,1783.3000,205858,1783.3000
2021-07-06,1787.5000,1815.7000,1784.7000,1794.2000,276597,1794.2000
2021-07-07,1797.0000,1810.2000,1794.1000,1802.1000,171075,1802.1000
2021-07-08,1803.8000,1819.5000,1793.5000,1800.2000,249340,1800.2000
2021-07-09,1803.2000,1813.0000,1796.6000,1810.6000,185581,1810.6000
2021-07-12,1808.5000,1811.0000,1791.0000,1805.9000,201416,1805.9000
2021-07-13,1806.7000,1818.0000,1798.7000,1809.9000,242177,1809.9000
2021-07-14,1808.3000,1831.1000,1804.9000,1825.0000,229879,1825.0000
2021-07-15,1828.7000,1835.0000,1820.6000,1829.0000,175611,1829.0000
2021-07-16,1830.7000,1832.7000,1809.5000,1815.0000,184655,1815.0000
2021-07-19,1811.6000,1818.0000,1795.0000,1809.2000,249675,1809.2000
2021-07-20,1813.5000,1825.9000,1805.2000,1811.4000,221136,1811.4000
2021-07-21,1810.6000,1814.4000,1794.3000,1803.4000,218636,1803.4000
2021-07-22,1803.9000,1808.4000,1791.9000,1805.4000,193318,1805.4000
2021-07-23,1807.7000,1810.7000,1789.1000,1801.8000,236764,1801.8000
2021-07-26,1802.3000,1812.0000,1796.0000,1799.2000,204547,1799.2000
2021-07-27,1797.1000,1805.4000,1792.8000,1799.8000,177043,1799.8000
2021-07-28,1798.6000,1809.0000,1790.7000,1799.7000,209783,1799.7000
2021-07-29,1806.6000,1832.6000,1806.1000,1831.2000,30496,1831.2000
2021-07-30,1828.0000,1830.5000,1808.9000,1812.6000,157136,1812.6000
2021-08-02,1817.0000,1823.2000,1808.2000,1822.2000,159755,1822.2000
2021-08-03,1816.8000,1818.2000,1809.5000,1814.1000,103450,1814.1000
2021-08-04,1813.7000,1835.9000,1808.3000,1814.5000,244683,1814.5000
2021-08-05,1814.9000,1817.9000,1799.7000,1808.9000,169840,1808.9000
2021-08-06,1806.7000,1807.0000,1759.5000,1763.1000,323149,1763.1000
2021-08-09,1765.0000,1765.7000,1677.9000,1726.5000,289543,1726.5000
2021-08-10,1732.0000,1739.4000,1718.5000,1731.7000,182561,1731.7000
2021-08-11,1730.4000,1756.7000,1724.6000,1753.3000,185442,1753.3000
2021-08-12,1752.9000,1759.6000,1742.6000,1751.8000,137119,1751.8000
2021-08-13,1754.4000,1781.9000,1753.0000,1778.2000,144809,1778.2000
2021-08-16,1780.7000,1791.3000,1772.0000,1789.8000,137698,1789.8000
2021-08-17,1789.1000,1797.6000,1782.1000,1787.8000,144815,1787.8000
2021-08-18,1787.8000,1795.7000,1778.8000,1784.4000,132725,1784.4000
2021-08-19,1789.5000,1795.0000,1774.6000,1783.1000,151245,1783.1000
2021-08-20,1782.8000,1791.0000,1780.0000,1784.0000,107966,1784.0000
2021-08-23,1781.2000,1809.1000,1778.0000,1806.3000,156318,1806.3000
2021-08-24,1807.6000,1812.2000,1802.6000,1808.5000,114785,1808.5000
2021-08-25,1805.1000,1805.3000,1784.0000,1791.0000,163463,1791.0000
2021-08-26,1793.0000,1800.4000,1781.3000,1795.2000,134534,1795.2000
2021-08-27,1795.2000,1821.9000,1785.2000,1819.5000,203642,1819.5000
2021-08-30,1821.6000,1826.5000,1810.0000,1812.2000,104875,1812.2000
2021-08-31,1812.2000,1821.9000,1803.4000,1818.1000,170387,1818.1000
2021-09-01,1816.7000,1822.7000,1810.6000,1816.0000,140116,1816.0000
2021-09-02,1816.2000,1819.6000,1806.5000,1811.5000,113025,1811.5000
2021-09-03,1811.5000,1836.9000,1810.9000,1833.7000,184984,1833.7000
2021-09-07,1833.5000,1833.5000,1793.7000,1798.5000,252475,1798.5000
2021-09-08,1796.1000,1804.4000,1783.1000,1793.5000,161258,1793.5000
2021-09-09,1790.9000,1803.4000,1785.1000,1800.0000,154126,1800.0000
2021-09-10,1796.2000,1806.0000,1788.2000,1792.1000,136246,1792.1000
2021-09-13,1789.8000,1800.2000,1784.4000,1794.4000,114310,1794.4000
2021-09-14,1794.8000,1810.6000,1780.6000,1807.1000,197954,1807.1000
2021-09-15,1806.6000,1808.5000,1791.7000,1794.8000,139297,1794.8000
2021-09-16,1795.5000,1797.3000,1745.5000,1756.7000,255267,1756.7000
2021-09-17,1754.6000,1767.8000,1747.1000,1751.4000,183254,1751.4000
2021-09-20,1754.2000,1768.4000,1742.3000,1763.8000,152451,1763.8000
2021-09-21,1765.5000,1782.8000,1758.3000,1778.2000,141622,1778.2000
2021-09-22,1775.0000,1788.4000,1764.6000,1778.8000,172348,1778.8000
2021-09-23,1769.2000,1777.1000,1737.5000,1749.8000,225456,1749.8000
2021-09-24,1743.7000,1758.0000,1740.2000,1751.7000,151552,1751.7000
2021-09-27,1751.8000,1760.9000,1744.7000,1752.0000,137574,1752.0000
2021-09-28,1750.0000,1754.3000,1727.8000,1737.5000,215840,1737.5000
2021-09-29,1734.0000,1746.0000,1721.1000,1722.9000,177389,1722.9000
2021-09-30,1726.0000,1765.0000,1721.8000,1757.0000,246365,1757.0000
2021-10-01,1757.2000,1765.2000,1749.9000,1758.4000,151195,1758.4000
2021-10-04,1762.6000,1771.5000,1747.7000,1767.6000,166180,1767.6000
2021-10-05,1770.8000,1771.1000,1748.6000,1760.9000,151424,1760.9000
2021-10-06,1760.5000,1765.9000,1745.4000,1761.8000,159218,1761.8000
2021-10-07,1763.8000,1767.7000,1752.0000,1759.2000,146406,1759.2000
2021-10-08,1757.0000,1782.4000,1753.6000,1757.4000,240371,1757.4000
2021-10-11,1757.4000,1761.1000,1749.9000,1755.7000,114771,1755.7000
2021-10-12,1753.6000,1770.0000,1750.5000,1759.3000,168110,1759.3000
2021-10-13,1760.4000,1797.4000,1757.9000,1794.7000,299041,1794.7000
2021-10-14,1793.6000,1801.9000,1787.6000,1797.9000,164651,1797.9000
2021-10-15,1797.3000,1797.7000,1765.1000,1768.3000,202631,1768.3000
2021-10-18,1767.5000,1772.5000,1760.3000,1765.7000,152741,1765.7000
2021-10-19,1764.8000,1786.0000,1763.4000,1770.5000,166972,1770.5000
2021-10-20,1769.4000,1789.6000,1767.1000,1784.9000,174076,1784.9000
2021-10-21,1782.5000,1790.3000,1776.8000,1781.9000,138729,1781.9000
2021-10-22,1783.7000,1815.5000,1783.4000,1796.3000,312812,1796.3000
2021-10-25,1794.2000,1811.5000,1793.0000,1806.8000,153589,1806.8000
2021-10-26,1808.7000,1809.8000,1783.0000,1793.4000,197929,1793.4000
2021-10-27,1795.0000,1801.0000,1784.3000,1798.8000,182801,1798.8000
2021-10-28,1798.7000,1812.7000,1793.1000,1802.6000,220876,1802.6000
2021-10-29,1801.5000,1802.9000,1772.4000,1783.9000,254513,1783.9000
2021-11-01,1785.3000,1797.5000,1780.2000,1795.8000,143332,1795.8000
2021-11-02,1794.8000,1797.8000,1787.4000,1789.4000,145786,1789.4000
2021-11-03,1789.2000,1789.3000,1758.5000,1763.9000,257427,1763.9000
2021-11-04,1769.9000,1800.3000,1769.3000,1793.5000,222609,1793.5000
2021-11-05,1792.6000,1820.1000,1785.3000,1816.8000,299618,1816.8000
2021-11-08,1820.6000,1828.3000,1813.8000,1828.0000,200412,1828.0000
2021-11-09,1826.9000,1834.8000,1821.0000,1830.8000,224407,1830.8000
2021-11-10,1834.5000,1870.6000,1823.0000,1848.3000,352787,1848.3000
2021-11-11,1851.5000,1868.7000,1845.1000,1863.9000,205312,1863.9000
2021-11-12,1864.3000,1871.4000,1847.5000,1868.5000,201358,1868.5000
2021-11-15,1872.6000,1873.0000,1858.5000,1866.6000,221208,1866.6000
2021-11-16,1864.9000,1879.5000,1851.0000,1854.1000,220431,1854.1000
2021-11-17,1851.6000,1870.6000,1851.1000,1870.2000,172417,1870.2000
2021-11-18,1869.5000,1873.3000,1856.6000,1861.4000,186062,1861.4000
2021-11-19,1860.8000,1868.1000,1844.2000,1851.6000,234083,1851.6000
2021-11-22,1848.3000,1850.4000,1802.4000,1806.3000,352857,1806.3000
2021-11-23,1807.1000,1812.5000,1781.7000,1783.8000,311348,1783.8000
2021-11-24,1789.8000,1796.2000,1777.4000,1784.3000,203236,1784.3000
2021-11-26,1789.6000,1816.3000,1778.6000,1785.5000,186800,1785.5000
2021-11-29,1791.7000,1798.9000,1779.1000,1782.3000,26926,1782.3000
2021-11-30,1783.9000,1808.1000,1768.7000,1773.6000,242861,1773.6000
2021-12-01,1777.4000,1795.7000,1773.7000,1784.3000,180336,1784.3000
2021-12-02,1783.8000,1785.2000,1762.2000,1762.7000,172719,1762.7000
2021-12-03,1769.4000,1788.0000,1766.0000,1783.9000,175176,1783.9000
2021-12-06,1787.7000,1789.0000,1776.4000,1779.5000,104477,1779.5000
2021-12-07,1779.5000,1789.3000,1772.4000,1784.7000,129894,1784.7000
2021-12-08,1785.1000,1794.3000,1780.1000,1785.5000,109692,1785.5000
2021-12-09,1784.3000,1788.4000,1773.3000,1776.7000,123974,1776.7000
2021-12-10,1776.3000,1791.0000,1770.4000,1784.8000,141995,1784.8000
2021-12-13,1784.2000,1792.8000,1782.2000,1788.3000,106057,1788.3000
2021-12-14,1787.6000,1789.8000,1766.1000,1772.3000,153249,1772.3000
2021-12-15,1771.9000,1781.3000,1753.0000,1764.5000,161101,1764.5000
2021-12-16,1777.9000,1800.7000,1775.7000,1798.2000,167777,1798.2000
2021-12-17,1801.5000,1815.7000,1796.5000,1804.9000,156607,1804.9000
2021-12-20,1800.2000,1804.6000,1789.0000,1794.6000,105386,1794.6000
2021-12-21,1791.4000,1801.7000,1785.0000,1788.7000,134154,1788.7000
2021-12-22,1789.4000,1806.3000,1785.8000,1802.2000,110408,1802.2000
2021-12-23,1805.6000,1812.0000,1799.0000,1811.7000,104844,1811.7000
2021-12-27,1810.2000,1814.6000,1803.6000,1808.8000,84225,1808.8000
2021-12-28,1812.1000,1821.6000,1805.5000,1810.9000,100542,1810.9000
2021-12-29,1806.6000,1808.0000,1789.1000,1805.8000,138685,1805.8000
2021-12-30,1805.6000,1818.1000,1796.2000,1814.1000,113430,1814.1000
2021-12-31,1817.0000,1831.4000,1815.4000,1828.6000,106604,1828.6000
2022-01-03,1830.1000,1833.0000,1798.2000,1800.1000,168305,1800.1000
2022-01-04,1801.1000,1817.2000,1798.1000,1814.6000,167708,1814.6000
2022-01-05,1815.2000,1830.7000,1808.2000,1825.1000,173344,1825.1000
2022-01-06,1810.6000,1811.6000,1785.4000,1789.2000,238644,1789.2000
2022-01-07,1791.0000,1798.4000,1781.3000,1797.4000,238931,1797.4000
2022-01-10,1796.4000,1802.0000,1789.3000,1798.8000,173043,1798.8000
2022-01-11,1801.3000,1823.1000,1799.7000,1818.5000,184152,1818.5000
2022-01-12,1821.3000,1828.2000,1814.4000,1827.3000,192979,1827.3000
2022-01-13,1825.7000,1828.3000,1811.8000,1821.4000,215522,1821.4000
2022-01-14,1822.1000,1829.3000,1814.2000,1816.5000,174944,1816.5000
2022-01-18,1818.7000,1822.9000,1804.7000,1812.4000,362944,1812.4000
2022-01-19,1812.9000,1843.9000,1809.0000,1843.2000,318489,1843.2000
2022-01-20,1840.1000,1848.5000,1836.2000,1842.6000,233862,1842.6000
2022-01-21,1840.6000,1843.7000,1828.4000,1831.8000,225249,1831.8000
2022-01-24,1835.2000,1844.9000,1829.3000,1841.7000,244325,1841.7000
2022-01-25,1843.6000,1854.2000,1834.4000,1852.5000,197804,1852.5000
2022-01-26,1848.0000,1850.2000,1814.1000,1829.7000,270028,1829.7000
2022-01-27,1819.0000,1821.4000,1790.6000,1793.1000,196036,1793.1000
2022-01-28,1797.5000,1798.4000,1778.8000,1784.9000,28521,1784.9000
2022-01-31,1788.5000,1798.5000,1785.1000,1795.0000,139421,1795.0000
2022-02-01,1798.9000,1809.7000,1796.2000,1801.5000,128880,1801.5000
2022-02-02,1800.8000,1812.0000,1794.6000,1810.3000,123021,1810.3000
2022-02-03,1807.4000,1809.5000,1788.5000,1804.1000,173722,1804.1000
2022-02-04,1805.4000,1815.8000,1792.1000,1807.8000,177709,1807.8000
2022-02-07,1808.0000,1824.6000,1807.5000,1821.8000,139808,1821.8000
2022-02-08,1821.5000,1829.9000,1816.0000,1827.9000,142408,1827.9000
2022-02-09,1827.0000,1837.1000,1825.5000,1836.6000,136722,1836.6000
2022-02-10,1834.0000,1843.3000,1821.8000,1837.4000,227458,1837.4000
2022-02-11,1827.0000,1867.4000,1821.1000,1842.1000,239093,1842.1000
2022-02-14,1862.2000,1876.5000,1851.9000,1869.4000,231016,1869.4000
2022-02-15,1873.8000,1881.6000,1845.4000,1856.2000,214880,1856.2000
2022-02-16,1855.5000,1874.6000,1851.8000,1871.5000,141486,1871.5000
2022-02-17,1872.0000,1904.0000,1869.7000,1902.0000,268547,1902.0000
2022-02-18,1901.4000,1905.0000,1888.0000,1899.8000,161745,1899.8000
2022-02-22,1903.5000,1918.3000,1889.7000,1907.4000,334589,1907.4000
2022-02-23,1901.2000,1912.9000,1891.1000,1910.4000,154843,1910.4000
2022-02-24,1911.9000,1976.5000,1878.6000,1926.3000,423048,1926.3000
2022-02-25,1906.5000,1925.0000,1884.4000,1887.6000,229780,1887.6000
2022-02-28,1921.0000,1935.2000,1892.2000,1900.7000,249273,1900.7000
2022-03-01,1908.4000,1952.6000,1903.0000,1943.8000,223998,1943.8000
2022-03-02,1945.3000,1951.4000,1916.0000,1922.3000,227975,1922.3000
2022-03-03,1931.7000,1944.6000,1923.1000,1935.9000,180207,1935.9000
2022-03-04,1938.5000,1974.9000,1931.5000,1966.6000,241533,1966.6000
2022-03-07,1978.5000,2007.5000,1964.2000,1995.9000,372185,1995.9000
2022-03-08,2001.0000,2078.8000,1985.8000,2043.3000,447651,2043.3000
2022-03-09,2060.2000,2068.5000,1981.0000,1988.2000,360345,1988.2000
2022-03-10,1992.8000,2015.1000,1975.0000,2000.4000,303267,2000.4000
2022-03-11,2000.3000,2004.0000,1960.6000,1985.0000,262088,1985.0000
2022-03-14,1988.7000,1994.8000,1952.0000,1960.8000,162203,1960.8000
2022-03-15,1953.7000,1956.9000,1908.1000,1929.7000,220374,1929.7000
2022-03-16,1920.1000,1930.1000,1895.2000,1909.2000,195460,1909.2000
2022-03-17,1928.4000,1951.0000,1924.0000,1943.2000,149829,1943.2000
2022-03-18,1943.9000,1946.2000,1918.0000,1929.3000,150882,1929.3000
2022-03-21,1922.4000,1941.8000,1917.2000,1929.5000,146411,1929.5000
2022-03-22,1936.1000,1939.5000,1909.8000,1921.5000,153282,1921.5000
2022-03-23,1920.9000,1948.8000,1915.6000,1937.3000,153306,1937.3000
2022-03-24,1944.1000,1967.2000,1937.4000,1962.2000,181204,1962.2000
2022-03-25,1957.8000,1965.1000,1942.6000,1954.2000,147904,1954.2000
2022-03-28,1958.7000,1959.8000,1915.7000,1939.8000,181367,1939.8000
2022-03-29,1922.4000,1929.4000,1888.3000,1912.2000,128051,1912.2000
2022-03-30,1918.4000,1937.0000,1914.5000,1933.5000,17765,1933.5000
2022-03-31,1933.5000,1949.9000,1919.1000,1949.2000,155299,1949.2000
2022-04-01,1942.4000,1944.5000,1921.4000,1923.7000,135154,1923.7000
2022-04-04,1927.1000,1941.6000,1918.2000,1934.0000,108435,1934.0000
2022-04-05,1937.3000,1948.9000,1920.9000,1927.5000,147256,1927.5000
2022-04-06,1927.6000,1937.6000,1916.2000,1923.1000,153971,1923.1000
2022-04-07,1928.1000,1941.7000,1923.3000,1937.8000,122809,1937.8000
2022-04-08,1934.3000,1952.2000,1930.4000,1945.6000,142498,1945.6000
2022-04-11,1949.6000,1974.6000,1942.9000,1948.2000,184385,1948.2000
2022-04-12,1957.4000,1982.7000,1953.0000,1976.1000,172386,1976.1000
2022-04-13,1970.5000,1985.8000,1966.3000,1984.7000,132029,1984.7000
2022-04-14,1981.6000,1984.0000,1962.7000,1974.9000,139424,1974.9000
2022-04-18,1978.5000,2003.0000,1974.4000,1986.4000,138130,1986.4000
2022-04-19,1981.2000,1985.1000,1945.5000,1959.0000,181440,1959.0000
2022-04-20,1952.7000,1960.9000,1941.0000,1955.6000,139507,1955.6000
2022-04-21,1960.0000,1960.1000,1938.0000,1948.2000,154919,1948.2000
2022-04-22,1953.1000,1957.8000,1928.0000,1934.3000,176681,1934.3000
2022-04-25,1931.9000,1935.5000,1891.8000,1896.0000,231494,1896.0000
2022-04-26,1899.8000,1912.2000,1896.3000,1904.1000,166199,1904.1000
2022-04-27,1907.4000,1908.1000,1881.6000,1888.7000,178197,1888.7000
2022-04-28,1886.8000,1897.8000,1870.9000,1891.3000,170910,1891.3000
2022-04-29,1895.8000,1921.3000,1893.5000,1911.7000,177136,1911.7000
2022-05-02,1896.2000,1900.4000,1853.4000,1863.6000,193825,1863.6000
2022-05-03,1863.6000,1878.4000,1849.7000,1870.6000,167434,1870.6000
2022-05-04,1868.3000,1892.0000,1861.1000,1868.8000,161479,1868.8000
2022-05-05,1884.1000,1910.7000,1872.3000,1875.7000,218392,1875.7000
2022-05-06,1877.5000,1894.0000,1865.0000,1882.8000,194279,1882.8000
2022-05-09,1883.7000,1885.6000,1851.0000,1858.6000,218821,1858.6000
2022-05-10,1853.9000,1864.7000,1834.5000,1841.0000,260811,1841.0000
2022-05-11,1836.6000,1857.8000,1830.6000,1853.7000,243561,1853.7000
2022-05-12,1852.3000,1858.8000,1820.1000,1824.6000,255608,1824.6000
2022-05-13,1821.4000,1827.6000,1797.2000,1808.2000,179483,1808.2000
2022-05-16,1809.4000,1826.0000,1785.0000,1814.0000,159493,1814.0000
2022-05-17,1823.9000,1834.8000,1811.0000,1818.9000,137288,1818.9000
2022-05-18,1813.2000,1822.9000,1805.0000,1815.9000,150353,1815.9000
2022-05-19,1815.1000,1848.2000,1808.4000,1841.2000,175242,1841.2000
2022-05-20,1839.6000,1847.8000,1830.6000,1842.1000,143045,1842.1000
2022-05-23,1844.4000,1864.3000,1843.3000,1847.8000,163266,1847.8000
2022-05-24,1852.3000,1869.1000,1847.6000,1865.4000,174762,1865.4000
2022-05-25,1865.4000,1866.7000,1838.7000,1846.3000,182823,1846.3000
2022-05-26,1851.8000,1852.8000,1836.3000,1847.6000,123355,1847.6000
2022-05-27,1848.3000,1860.7000,1845.9000,1851.3000,30091,1851.3000
2022-05-31,1850.3000,1862.1000,1832.8000,1842.7000,201803,1842.7000
2022-06-01,1840.0000,1853.0000,1830.2000,1848.7000,158036,1848.7000
2022-06-02,1849.9000,1874.4000,1846.5000,1871.4000,127471,1871.4000
2022-06-03,1872.6000,1878.6000,1849.7000,1850.2000,115343,1850.2000
2022-06-06,1853.7000,1861.2000,1843.0000,1843.7000,103179,1843.7000
2022-06-07,1843.5000,1858.2000,1838.5000,1852.1000,119211,1852.1000
2022-06-08,1855.0000,1862.4000,1846.6000,1856.5000,114141,1856.5000
2022-06-09,1855.1000,1857.8000,1841.9000,1852.8000,131293,1852.8000
2022-06-10,1850.4000,1879.6000,1826.5000,1875.5000,267204,1875.5000
2022-06-13,1879.0000,1882.5000,1819.0000,1831.8000,252543,1831.8000
2022-06-14,1820.9000,1833.3000,1806.1000,1813.5000,165146,1813.5000
2022-06-15,1809.7000,1845.4000,1808.4000,1819.6000,203421,1819.6000
2022-06-16,1835.8000,1860.2000,1816.3000,1849.9000,180893,1849.9000
2022-06-17,1859.3000,1861.5000,1836.1000,1840.6000,141718,1840.6000
2022-06-21,1840.6000,1848.4000,1830.7000,1838.8000,176299,1838.8000
2022-06-22,1834.9000,1850.3000,1824.5000,1838.4000,149553,1838.4000
2022-06-23,1839.7000,1848.9000,1823.5000,1829.8000,167071,1829.8000
2022-06-24,1824.2000,1833.7000,1817.7000,1830.3000,139723,1830.3000
2022-06-27,1839.6000,1842.8000,1821.8000,1824.8000,143820,1824.8000
2022-06-28,1823.6000,1830.9000,1819.1000,1821.2000,111397,1821.2000
2022-06-29,1821.4000,1834.9000,1810.7000,1817.5000,155542,1817.5000
2022-06-30,1819.2000,1826.8000,1802.5000,1807.3000,208898,1807.3000
2022-07-01,1808.1000,1813.6000,1783.4000,1801.5000,249489,1801.5000
2022-07-05,1814.4000,1815.2000,1763.0000,1763.9000,310369,1763.9000
2022-07-06,1764.2000,1771.5000,1730.7000,1736.5000,258824,1736.5000
2022-07-07,1737.2000,1748.2000,1734.7000,1739.7000,151256,1739.7000
2022-07-08,1738.7000,1751.7000,1726.0000,1742.3000,189178,1742.3000
2022-07-11,1741.5000,1743.0000,1729.0000,1731.7000,171902,1731.7000
2022-07-12,1731.3000,1742.2000,1721.6000,1724.8000,255170,1724.8000
2022-07-13,1723.6000,1744.3000,1704.5000,1735.5000,300550,1735.5000
2022-07-14,1733.6000,1734.8000,1695.0000,1705.8000,266354,1705.8000
2022-07-15,1708.2000,1714.2000,1696.6000,1703.6000,176797,1703.6000
2022-07-18,1706.4000,1722.0000,1704.4000,1710.2000,157535,1710.2000
2022-07-19,1707.2000,1716.5000,1702.6000,1710.7000,131771,1710.7000
2022-07-20,1709.5000,1712.7000,1690.1000,1700.2000,174466,1700.2000
2022-07-21,1693.7000,1719.5000,1678.4000,1713.4000,248875,1713.4000
2022-07-22,1717.2000,1738.3000,1711.7000,1727.4000,200622,1727.4000
2022-07-25,1726.3000,1734.6000,1712.9000,1719.1000,160719,1719.1000
2022-07-26,1717.9000,1726.4000,1711.5000,1717.7000,147367,1717.7000
2022-07-27,1715.2000,1739.6000,1709.1000,1719.1000,144865,1719.1000
2022-07-28,1732.3000,1755.0000,1732.0000,1750.3000,37236,1750.3000
2022-07-29,1754.0000,1765.7000,1750.0000,1762.9000,140666,1762.9000
2022-08-01,1782.5000,1792.5000,1774.3000,1787.7000,133742,1787.7000
2022-08-02,1789.2000,1805.0000,1776.0000,1789.7000,174165,1789.7000
2022-08-03,1777.3000,1789.4000,1770.0000,1776.4000,151734,1776.4000
2022-08-04,1782.1000,1812.0000,1779.4000,1806.9000,153292,1806.9000
2022-08-05,1807.7000,1811.6000,1780.2000,1791.2000,168901,1791.2000
2022-08-08,1790.3000,1806.4000,1786.9000,1805.2000,103683,1805.2000
2022-08-09,1805.5000,1817.0000,1799.4000,1812.3000,120510,1812.3000
2022-08-10,1811.5000,1824.6000,1803.3000,1813.7000,154592,1813.7000
2022-08-11,1807.9000,1814.9000,1798.6000,1807.2000,121259,1807.2000
2022-08-12,1805.2000,1819.1000,1799.6000,1815.5000,118649,1815.5000
2022-08-15,1818.9000,1818.9000,1787.6000,1798.1000,137765,1798.1000
2022-08-16,1795.5000,1798.0000,1785.4000,1789.7000,94403,1789.7000
2022-08-17,1790.8000,1796.6000,1773.9000,1776.7000,137832,1776.7000
2022-08-18,1777.1000,1786.3000,1768.8000,1771.2000,124319,1771.2000
2022-08-19,1773.1000,1773.3000,1759.1000,1762.9000,138699,1762.9000
2022-08-22,1760.6000,1762.1000,1740.2000,1748.4000,142857,1748.4000
2022-08-23,1750.0000,1767.5000,1743.1000,1761.2000,145260,1761.2000
2022-08-24,1761.3000,1769.5000,1754.8000,1761.5000,112645,1761.5000
2022-08-25,1764.4000,1778.8000,1763.0000,1771.4000,117570,1771.4000
2022-08-26,1771.8000,1772.3000,1746.2000,1749.8000,176904,1749.8000
2022-08-29,1748.4000,1757.9000,1731.4000,1749.7000,156220,1749.7000
2022-08-30,1749.8000,1752.8000,1732.9000,1736.3000,130664,1736.3000
2022-08-31,1735.5000,1738.0000,1720.6000,1726.2000,176731,1726.2000
2022-09-01,1723.0000,1723.0000,1699.1000,1709.3000,198618,1709.3000
2022-09-02,1707.8000,1729.5000,1705.9000,1722.6000,174684,1722.6000
2022-09-06,1724.2000,1737.4000,1710.6000,1712.9000,206268,1712.9000
2022-09-07,1712.9000,1731.2000,1701.7000,1727.8000,173624,1727.8000
2022-09-08,1729.5000,1739.4000,1713.7000,1720.2000,184176,1720.2000
2022-09-09,1719.6000,1740.5000,1719.4000,1728.6000,154706,1728.6000
2022-09-12,1728.4000,1746.4000,1722.3000,1740.6000,154374,1740.6000
2022-09-13,1736.0000,1742.9000,1706.7000,1717.4000,232696,1717.4000
2022-09-14,1711.6000,1717.3000,1703.3000,1709.1000,163288,1709.1000
2022-09-15,1707.2000,1707.8000,1668.9000,1677.3000,268094,1677.3000
2022-09-16,1673.7000,1689.9000,1661.9000,1683.5000,217226,1683.5000
2022-09-19,1685.4000,1688.8000,1667.6000,1678.2000,141171,1678.2000
2022-09-20,1684.9000,1688.8000,1668.1000,1671.1000,143933,1671.1000
2022-09-21,1673.2000,1696.9000,1661.3000,1675.7000,227938,1675.7000
2022-09-22,1682.8000,1693.5000,1663.3000,1681.1000,241279,1681.1000
2022-09-23,1680.1000,1685.0000,1646.6000,1655.6000,243045,1655.6000
2022-09-26,1651.0000,1657.2000,1627.7000,1633.4000,219861,1633.4000
2022-09-27,1629.2000,1650.1000,1628.7000,1636.2000,197058,1636.2000
2022-09-28,1636.5000,1671.6000,1622.2000,1670.0000,279817,1670.0000
2022-09-29,1669.0000,1673.1000,1649.3000,1668.6000,201961,1668.6000
2022-09-30,1669.5000,1684.4000,1667.5000,1672.0000,179989,1672.0000
2022-10-03,1670.5000,1710.4000,1666.5000,1702.0000,215493,1702.0000
2022-10-04,1708.4000,1738.7000,1704.0000,1730.5000,205084,1730.5000
2022-10-05,1734.4000,1736.6000,1708.8000,1720.8000,173222,1720.8000
2022-10-06,1725.5000,1734.2000,1714.8000,1720.8000,139443,1720.8000
2022-10-07,1721.0000,1722.8000,1698.4000,1709.3000,157445,1709.3000
2022-10-10,1703.4000,1707.4000,1672.5000,1675.2000,157149,1675.2000
2022-10-11,1675.6000,1691.3000,1667.5000,1686.0000,171814,1686.0000
2022-10-12,1673.4000,1685.1000,1668.0000,1677.5000,131769,1677.5000
2022-10-13,1680.2000,1688.9000,1648.3000,1677.0000,237007,1677.0000
2022-10-14,1672.8000,1677.8000,1645.6000,1648.9000,183170,1648.9000
2022-10-17,1649.9000,1674.3000,1649.1000,1664.0000,148889,1664.0000
2022-10-18,1655.9000,1666.0000,1650.6000,1655.8000,163168,1655.8000
2022-10-19,1657.2000,1659.8000,1632.2000,1634.2000,179246,1634.2000
2022-10-20,1634.6000,1650.3000,1626.3000,1636.8000,163734,1636.8000
2022-10-21,1632.4000,1663.1000,1621.1000,1656.3000,271095,1656.3000
2022-10-24,1662.9000,1675.5000,1648.0000,1654.1000,171022,1654.1000
2022-10-25,1654.5000,1666.8000,1641.2000,1658.0000,182795,1658.0000
2022-10-26,1657.7000,1679.4000,1653.8000,1669.2000,186926,1669.2000
2022-10-27,1668.8000,1674.8000,1658.5000,1665.6000,189287,1665.6000
2022-10-28,1667.2000,1670.9000,1640.7000,1644.8000,196363,1644.8000
2022-10-31,1647.2000,1648.5000,1634.5000,1640.7000,128413,1640.7000
2022-11-01,1636.1000,1660.3000,1633.6000,1649.7000,197976,1649.7000
2022-11-02,1651.4000,1673.1000,1637.4000,1650.0000,220926,1650.0000
2022-11-03,1639.1000,1643.2000,1618.3000,1630.9000,254699,1630.9000
2022-11-04,1631.7000,1686.4000,1631.1000,1676.6000,293521,1676.6000
2022-11-07,1678.6000,1685.6000,1670.0000,1680.5000,187589,1680.5000
2022-11-08,1678.0000,1720.4000,1667.1000,1716.0000,297618,1716.0000
2022-11-09,1715.2000,1725.8000,1705.1000,1713.7000,239645,1713.7000
2022-11-10,1709.7000,1760.6000,1705.5000,1753.7000,305717,1753.7000
2022-11-11,1758.3000,1775.6000,1750.3000,1769.4000,227044,1769.4000
2022-11-14,1769.4000,1778.4000,1755.8000,1776.9000,191347,1776.9000
2022-11-15,1774.0000,1791.8000,1770.2000,1776.8000,283019,1776.8000
2022-11-16,1782.0000,1788.2000,1773.4000,1775.8000,200755,1775.8000
2022-11-17,1777.0000,1777.6000,1756.6000,1763.0000,169097,1763.0000
2022-11-18,1763.1000,1769.9000,1749.2000,1754.4000,137327,1754.4000
2022-11-21,1752.0000,1755.0000,1733.9000,1739.6000,166082,1739.6000
2022-11-22,1739.7000,1751.0000,1737.6000,1739.9000,153092,1739.9000
2022-11-23,1740.8000,1754.9000,1719.0000,1745.6000,167770,1745.6000
2022-11-25,1751.0000,1761.2000,1745.9000,1754.0000,134299,1754.0000
2022-11-28,1755.0000,1763.5000,1738.2000,1740.3000,132767,1740.3000
2022-11-29,1739.5000,1758.2000,1737.9000,1748.4000,19416,1748.4000
2022-11-30,1748.1000,1769.4000,1745.1000,1746.0000,192239,1746.0000
2022-12-01,1783.1000,1818.4000,1782.9000,1815.2000,226148,1815.2000
2022-12-02,1817.0000,1818.7000,1791.8000,1809.6000,183724,1809.6000
2022-12-05,1810.5000,1822.9000,1778.1000,1781.3000,179818,1781.3000
2022-12-06,1780.8000,1793.2000,1779.1000,1782.4000,127856,1782.4000
2022-12-07,1783.3000,1803.2000,1780.5000,1798.0000,155568,1798.0000
2022-12-08,1799.5000,1806.9000,1793.2000,1801.5000,116274,1801.5000
2022-12-09,1801.9000,1819.0000,1800.1000,1810.7000,150938,1810.7000
2022-12-12,1808.0000,1809.3000,1789.0000,1792.3000,107782,1792.3000
2022-12-13,1792.3000,1836.9000,1791.8000,1825.5000,230911,1825.5000
2022-12-14,1822.6000,1825.4000,1806.2000,1818.7000,143804,1818.7000
2022-12-15,1818.7000,1819.7000,1782.0000,1787.8000,185317,1787.8000
2022-12-16,1786.9000,1804.2000,1783.9000,1800.2000,128751,1800.2000
2022-12-19,1801.6000,1808.6000,1793.2000,1797.7000,86090,1797.7000
2022-12-20,1796.8000,1832.4000,1793.7000,1825.4000,197496,1825.4000
2022-12-21,1827.9000,1833.8000,1821.3000,1825.4000,110177,1825.4000
2022-12-22,1823.8000,1829.3000,1792.7000,1795.3000,175774,1795.3000
2022-12-23,1801.0000,1812.2000,1798.9000,1804.2000,105457,1804.2000
2022-12-27,1808.2000,1841.9000,1808.0000,1823.1000,159616,1823.1000
2022-12-28,1822.4000,1822.8000,1804.2000,1815.8000,118076,1815.8000
2022-12-29,1812.3000,1827.3000,1811.2000,1826.0000,105992,1826.0000
2022-12-30,1821.8000,1832.4000,1819.8000,1826.2000,107496,1826.2000
2023-01-03,1831.8000,1856.6000,1831.3000,1846.1000,212272,1846.1000
2023-01-04,1845.2000,1871.3000,1842.0000,1859.0000,198354,1859.0000
2023-01-05,1861.2000,1864.3000,1829.9000,1840.6000,188603,1840.6000
2023-01-06,1835.9000,1875.2000,1835.2000,1869.7000,215367,1869.7000
2023-01-09,1872.8000,1886.4000,1869.3000,1877.8000,204550,1877.8000
2023-01-10,1875.7000,1885.2000,1872.0000,1876.5000,170514,1876.5000
2023-01-11,1881.3000,1890.9000,1870.9000,1878.9000,222250,1878.9000
2023-01-12,1879.7000,1906.5000,1872.4000,1898.8000,265174,1898.8000
2023-01-13,1898.8000,1925.3000,1895.1000,1921.7000,247878,1921.7000
2023-01-17,1923.8000,1931.8000,1906.2000,1909.9000,268368,1909.9000
2023-01-18,1911.1000,1929.8000,1898.6000,1907.0000,218967,1907.0000
2023-01-19,1907.0000,1936.9000,1902.0000,1923.9000,214246,1923.9000
2023-01-20,1933.7000,1939.0000,1922.0000,1928.2000,165272,1928.2000
2023-01-23,1928.4000,1936.7000,1912.5000,1928.6000,190094,1928.6000
2023-01-24,1932.0000,1943.8000,1918.2000,1935.4000,201713,1935.4000
2023-01-25,1938.7000,1949.5000,1920.6000,1942.6000,190302,1942.6000
2023-01-26,1948.0000,1949.8000,1918.4000,1930.0000,223255,1930.0000
2023-01-27,1929.3000,1935.4000,1916.5000,1929.4000,150902,1929.4000
2023-01-30,1928.3000,1933.6000,1920.3000,1922.9000,27220,1922.9000
2023-01-31,1923.0000,1930.4000,1900.6000,1929.5000,194077,1929.5000
2023-02-01,1944.0000,1970.8000,1936.1000,1942.8000,210613,1942.8000
2023-02-02,1967.1000,1975.2000,1925.6000,1930.8000,259844,1930.8000
2023-02-03,1926.3000,1932.4000,1874.5000,1876.6000,310612,1876.6000
2023-02-06,1878.0000,1894.0000,1873.2000,1879.5000,164540,1879.5000
2023-02-07,1880.3000,1897.2000,1877.5000,1884.8000,179673,1884.8000
2023-02-08,1885.1000,1898.9000,1881.4000,1890.7000,131904,1890.7000
2023-02-09,1888.3000,1902.3000,1870.2000,1878.5000,183551,1878.5000
2023-02-10,1873.5000,1883.5000,1863.5000,1874.5000,155270,1874.5000
2023-02-13,1876.7000,1877.2000,1860.8000,1863.5000,131217,1863.5000
2023-02-14,1864.1000,1881.6000,1852.5000,1865.4000,217012,1865.4000
2023-02-15,1865.1000,1870.9000,1839.3000,1845.3000,169531,1845.3000
2023-02-16,1846.5000,1854.9000,1836.6000,1851.8000,168509,1851.8000
2023-02-17,1845.7000,1853.1000,1827.7000,1850.2000,165081,1850.2000
2023-02-21,1850.5000,1856.4000,1839.0000,1842.5000,210165,1842.5000
2023-02-22,1843.7000,1855.0000,1831.9000,1841.5000,141500,1841.5000
2023-02-23,1834.7000,1841.2000,1824.8000,1826.8000,179972,1826.8000
2023-02-24,1829.7000,1835.1000,1815.5000,1817.1000,169473,1817.1000
2023-02-27,1818.0000,1827.3000,1812.0000,1824.9000,130427,1824.9000
2023-02-28,1823.9000,1838.6000,1810.8000,1836.7000,184507,1836.7000
2023-03-01,1834.0000,1852.5000,1829.6000,1845.4000,182583,1845.4000
2023-03-02,1843.8000,1845.3000,1835.9000,1840.5000,139755,1840.5000
2023-03-03,1842.1000,1864.4000,1842.0000,1854.6000,158961,1854.6000
2023-03-06,1861.0000,1864.3000,1850.6000,1854.6000,136224,1854.6000
2023-03-07,1852.6000,1856.9000,1817.1000,1820.0000,248226,1820.0000
2023-03-08,1818.0000,1828.7000,1813.4000,1818.6000,208292,1818.6000
2023-03-09,1818.0000,1839.4000,1815.4000,1834.6000,228473,1834.6000
2023-03-10,1835.1000,1874.3000,1830.0000,1867.2000,345814,1867.2000
2023-03-13,1877.1000,1919.5000,1875.7000,1916.5000,452332,1916.5000
2023-03-14,1919.4000,1919.4000,1899.8000,1910.9000,261275,1910.9000
2023-03-15,1908.2000,1942.5000,1889.5000,1931.3000,385454,1931.3000
2023-03-16,1922.8000,1938.0000,1911.5000,1923.0000,248084,1923.0000
2023-03-17,1925.9000,1993.7000,1922.3000,1973.5000,351092,1973.5000
2023-03-20,1989.7000,2014.9000,1970.0000,1982.8000,338016,1982.8000
2023-03-21,1983.1000,1988.7000,1938.6000,1941.1000,248934,1941.1000
2023-03-22,1943.5000,1982.3000,1936.5000,1949.6000,245031,1949.6000
2023-03-23,1974.0000,2006.1000,1967.3000,1995.9000,262247,1995.9000
2023-03-24,1996.1000,2006.5000,1977.7000,1983.8000,285442,1983.8000
2023-03-27,1982.6000,1984.0000,1945.0000,1953.8000,206630,1953.8000
2023-03-28,1957.8000,1977.1000,1949.9000,1973.5000,183582,1973.5000
2023-03-29,1975.4000,1976.0000,1959.5000,1966.9000,88563,1966.9000
2023-03-30,1965.9000,1984.4000,1954.9000,1980.3000,10119,1980.3000
2023-03-31,1981.3000,1986.8000,1968.0000,1969.0000,162212,1969.0000
2023-04-03,1990.0000,2008.0000,1965.9000,2000.4000,187986,2000.4000
2023-04-04,2001.3000,2043.4000,1994.0000,2038.2000,233301,2038.2000
2023-04-05,2038.2000,2049.2000,2026.1000,2035.6000,197371,2035.6000
2023-04-06,2037.1000,2037.7000,2016.5000,2026.4000,0,2026.4000
2023-04-10,2008.6000,2021.5000,1996.5000,2003.8000,136231,2003.8000
2023-04-11,2007.0000,2022.5000,2003.7000,2019.0000,126376,2019.0000
2023-04-12,2019.1000,2043.9000,2015.7000,2024.9000,228494,2024.9000
2023-04-13,2029.5000,2063.3999,2028.3000,2055.3000,198461,2055.3000
2023-04-14,2054.7000,2061.6001,2006.0000,2015.8000,262825,2015.8000
2023-04-17,2014.1000,2028.0000,1993.4000,2007.0000,183425,2007.0000
2023-04-18,2007.9000,2024.6000,2003.3000,2019.7000,164975,2019.7000
2023-04-19,2017.9000,2020.3000,1980.9000,2007.3000,218808,2007.3000
2023-04-20,2007.7000,2024.2000,2002.2000,2019.1000,162840,2019.1000
2023-04-21,2016.1000,2016.8000,1982.3000,1990.5000,210502,1990.5000
2023-04-24,1992.0000,2001.5000,1984.4000,1999.8000,139878,1999.8000
2023-04-25,1999.4000,2014.5000,1986.2000,2004.5000,222551,2004.5000
2023-04-26,2007.7000,2020.2000,1993.7000,1996.0000,241399,1996.0000
2023-04-27,1999.8000,2013.3000,1982.0000,1999.0000,203898,1999.0000
2023-04-28,1997.2000,2004.1000,1984.4000,1999.1000,172445,1999.1000
2023-05-01,2000.2000,2015.4000,1985.7000,1992.2000,173016,1992.2000
2023-05-02,1990.5000,2028.8000,1986.9000,2023.3000,245637,2023.3000
2023-05-03,2026.4000,2050.0000,2016.0000,2037.0000,229674,2037.0000
2023-05-04,2054.7000,2085.3999,2038.5000,2055.7000,311003,2055.7000
2023-05-05,2058.0000,2061.3000,2007.0000,2024.8000,283299,2024.8000
2023-05-08,2024.6000,2037.1000,2022.0000,2033.2000,182213,2033.2000
2023-05-09,2028.4000,2045.1000,2026.4000,2042.9000,199701,2042.9000
2023-05-10,2041.6000,2056.0000,2028.3000,2037.1000,260807,2037.1000
2023-05-11,2036.8000,2047.6000,2016.7000,2020.5000,296976,2020.5000
2023-05-12,2020.5000,2027.8000,2005.7000,2019.8000,220500,2019.8000
2023-05-15,2013.4000,2027.5000,2011.2000,2022.7000,163251,2022.7000
2023-05-16,2021.3000,2022.7000,1989.1000,1993.0000,229938,1993.0000
2023-05-17,1993.0000,1997.0000,1978.1000,1984.9000,206552,1984.9000
2023-05-18,1985.6000,1988.8000,1954.4000,1959.8000,227733,1959.8000
2023-05-19,1960.5000,1987.4000,1956.3000,1981.6000,234604,1981.6000
2023-05-22,1979.4000,1984.8000,1970.7000,1977.2000,165768,1977.2000
2023-05-23,1973.9000,1980.0000,1955.8000,1974.5000,214358,1974.5000
2023-05-24,1977.3000,1987.9000,1958.4000,1964.6000,229885,1964.6000
2023-05-25,1959.5000,1965.4000,1939.0000,1943.7000,253875,1943.7000
2023-05-26,1941.7000,1957.1000,1936.0000,1944.3000,166036,1944.3000
2023-05-30,1942.7000,1962.6000,1931.0000,1958.0000,37838,1958.0000
2023-05-31,1958.2000,1973.0000,1953.0000,1963.9000,207753,1963.9000
2023-06-01,1981.3000,2000.7000,1970.1000,1995.5000,176911,1995.5000
2023-06-02,1994.6000,2000.5000,1963.7000,1969.6000,209694,1969.6000
2023-06-05,1962.3000,1980.4000,1953.8000,1974.3000,179985,1974.3000
2023-06-06,1978.0000,1982.9000,1970.3000,1981.5000,135995,1981.5000
2023-06-07,1980.0000,1986.5000,1955.4000,1958.4000,189529,1958.4000
2023-06-08,1956.2000,1985.7000,1955.2000,1978.6000,191843,1978.6000
2023-06-09,1980.5000,1987.8000,1971.0000,1977.2000,130408,1977.2000
2023-06-12,1975.6000,1981.4000,1963.1000,1969.7000,122542,1969.7000
2023-06-13,1971.4000,1985.9000,1953.0000,1958.6000,198397,1958.6000
2023-06-14,1957.2000,1973.9000,1952.5000,1968.9000,199710,1968.9000
2023-06-15,1955.7000,1972.8000,1936.1000,1970.7000,266353,1970.7000
2023-06-16,1970.3000,1980.4000,1965.4000,1971.2000,160514,1971.2000
2023-06-20,1970.7000,1971.8000,1940.8000,1947.7000,250140,1947.7000
2023-06-21,1948.0000,1950.4000,1929.3000,1944.9000,182021,1944.9000
2023-06-22,1943.3000,1945.1000,1922.0000,1923.7000,171779,1923.7000
2023-06-23,1923.5000,1949.0000,1919.5000,1929.6000,186861,1929.6000
2023-06-26,1936.3000,1943.4000,1931.1000,1933.8000,147769,1933.8000
2023-06-27,1932.7000,1940.3000,1919.8000,1923.8000,180436,1923.8000
2023-06-28,1923.1000,1926.1000,1911.4000,1922.2000,162493,1922.2000
2023-06-29,1916.5000,1921.3000,1900.6000,1917.9000,205252,1917.9000
2023-06-30,1916.4000,1930.8000,1908.1000,1929.4000,180688,1929.4000
2023-07-03,1927.8000,1939.9000,1917.7000,1929.5000,152959,1929.5000
2023-07-05,1929.1000,1942.9000,1922.1000,1927.1000,245932,1927.1000
2023-07-06,1922.4000,1934.0000,1908.5000,1915.4000,231513,1915.4000
2023-07-07,1916.6000,1941.1000,1915.4000,1932.5000,214272,1932.5000
2023-07-10,1930.7000,1933.7000,1918.0000,1931.0000,208085,1931.0000
2023-07-11,1930.8000,1944.5000,1929.8000,1937.1000,189372,1937.1000
2023-07-12,1938.0000,1965.1000,1937.5000,1961.7000,270869,1961.7000
2023-07-13,1962.7000,1968.5000,1956.6000,1963.8000,241215,1963.8000
2023-07-14,1965.2000,1967.8000,1954.7000,1964.4000,209306,1964.4000
2023-07-17,1958.6000,1963.6000,1949.0000,1956.4000,165833,1956.4000
2023-07-18,1958.3000,1988.3000,1958.1000,1980.8000,264086,1980.8000
2023-07-19,1982.5000,1984.6000,1973.3000,1980.8000,159409,1980.8000
2023-07-20,1980.0000,1989.8000,1967.7000,1970.9000,189926,1970.9000
2023-07-21,1972.1000,1975.9000,1958.8000,1966.6000,156540,1966.6000
2023-07-24,1963.6000,1969.8000,1955.3000,1962.2000,197213,1962.2000
2023-07-25,1957.0000,1967.1000,1951.6000,1963.7000,188848,1963.7000
2023-07-26,1966.3000,1979.9000,1963.2000,1970.1000,208106,1970.1000
2023-07-27,1973.3000,1982.6000,1941.7000,1945.7000,194253,1945.7000
2023-07-28,1945.5000,1962.2000,1944.2000,1960.4000,23155,1960.4000
2023-07-31,1959.2000,1971.6000,1950.0000,1970.5000,139955,1970.5000
2023-08-01,2004.2000,2004.4000,1978.3000,1978.8000,167756,1978.8000
2023-08-02,1988.9000,1992.2000,1969.1000,1975.0000,169658,1975.0000
2023-08-03,1970.8000,1974.5000,1964.5000,1968.8000,141345,1968.8000
2023-08-04,1969.6000,1984.2000,1954.5000,1976.1000,156416,1976.1000
2023-08-07,1977.6000,1981.7000,1966.1000,1970.0000,104407,1970.0000
2023-08-08,1971.5000,1972.8000,1956.5000,1959.9000,142336,1959.9000
2023-08-09,1959.3000,1966.1000,1947.2000,1950.6000,139259,1950.6000
2023-08-10,1947.7000,1963.5000,1944.4000,1948.9000,168264,1948.9000
2023-08-11,1944.9000,1953.6000,1942.7000,1946.6000,122320,1946.6000
2023-08-14,1945.6000,1948.2000,1934.2000,1944.0000,120983,1944.0000
2023-08-15,1939.4000,1944.3000,1927.5000,1935.2000,167153,1935.2000
2023-08-16,1933.1000,1938.2000,1922.0000,1928.3000,128612,1928.3000
2023-08-17,1922.4000,1933.5000,1914.2000,1915.2000,152329,1915.2000
2023-08-18,1919.2000,1926.0000,1915.9000,1916.5000,114737,1916.5000
2023-08-21,1918.4000,1927.9000,1913.6000,1923.0000,138109,1923.0000
2023-08-22,1924.0000,1933.2000,1917.5000,1926.0000,131088,1926.0000
2023-08-23,1926.8000,1949.7000,1926.2000,1948.1000,170040,1948.1000
2023-08-24,1944.9000,1951.3000,1939.2000,1947.1000,137393,1947.1000
2023-08-25,1944.9000,1950.4000,1931.0000,1939.9000,166988,1939.9000
2023-08-28,1944.0000,1954.2000,1940.1000,1946.8000,115553,1946.8000
2023-08-29,1948.1000,1966.5000,1941.7000,1965.1000,174220,1965.1000
2023-08-30,1966.0000,1977.1000,1962.8000,1973.0000,142380,1973.0000
2023-08-31,1970.2000,1974.9000,1965.5000,1965.9000,133712,1965.9000
2023-09-01,1966.4000,1980.2000,1960.7000,1967.1000,160725,1967.1000
2023-09-05,1966.7000,1972.6000,1950.6000,1952.6000,192789,1952.6000
2023-09-06,1951.5000,1954.5000,1940.0000,1944.2000,148775,1944.2000
2023-09-07,1942.2000,1947.9000,1940.3000,1942.5000,117168,1942.5000
2023-09-08,1943.8000,1954.0000,1940.8000,1942.7000,138694,1942.7000
2023-09-11,1943.3000,1954.6000,1939.5000,1947.2000,131076,1947.2000
2023-09-12,1945.6000,1947.5000,1929.9000,1935.1000,161993,1935.1000
2023-09-13,1935.2000,1938.4000,1927.2000,1932.5000,161003,1932.5000
2023-09-14,1930.7000,1934.5000,1921.7000,1932.8000,201744,1932.8000
2023-09-15,1932.5000,1952.4000,1931.2000,1946.2000,199773,1946.2000
2023-09-18,1945.7000,1955.7000,1943.8000,1953.4000,138031,1953.4000
2023-09-19,1955.3000,1958.9000,1950.9000,1953.7000,131097,1953.7000
2023-09-20,1953.0000,1968.9000,1948.6000,1967.1000,220980,1967.1000
2023-09-21,1952.0000,1952.2000,1933.1000,1939.6000,225908,1939.6000
2023-09-22,1939.6000,1949.1000,1939.6000,1945.6000,139926,1945.6000
2023-09-25,1944.7000,1946.8000,1933.8000,1936.6000,164259,1936.6000
2023-09-26,1935.1000,1935.5000,1917.2000,1919.8000,212263,1919.8000
2023-09-27,1918.8000,1921.7000,1890.3000,1890.9000,238525,1890.9000
2023-09-28,1893.3000,1896.8000,1874.5000,1878.6000,231419,1878.6000
2023-09-29,1882.3000,1896.7000,1862.3000,1866.1000,245131,1866.1000
2023-10-02,1864.4000,1864.7000,1842.7000,1847.2000,202147,1847.2000
2023-10-03,1844.9000,1849.3000,1830.9000,1841.5000,216784,1841.5000
2023-10-04,1838.7000,1846.8000,1831.6000,1834.8000,195048,1834.8000
2023-10-05,1837.6000,1843.5000,1826.2000,1831.8000,172464,1831.8000
2023-10-06,1834.3000,1849.0000,1823.5000,1845.2000,231024,1845.2000
2023-10-09,1861.0000,1877.3000,1857.5000,1864.3000,187802,1864.3000
2023-10-10,1875.4000,1879.1000,1866.1000,1875.3000,157340,1875.3000
2023-10-11,1873.7000,1890.9000,1871.7000,1887.3000,169964,1887.3000
2023-10-12,1888.1000,1898.3000,1880.6000,1883.0000,163475,1883.0000
2023-10-13,1881.7000,1946.2000,1881.5000,1941.5000,312994,1941.5000
2023-10-16,1941.3000,1943.0000,1921.2000,1934.3000,182823,1934.3000
2023-10-17,1933.3000,1944.5000,1924.6000,1935.7000,165063,1935.7000
2023-10-18,1936.7000,1975.8000,1935.9000,1968.3000,270045,1968.3000
2023-10-19,1960.1000,1990.2000,1957.0000,1980.5000,264821,1980.5000
2023-10-20,1988.0000,2009.2000,1983.7000,1994.4000,289109,1994.4000
2023-10-23,1987.7000,1994.3000,1971.0000,1987.8000,212290,1987.8000
2023-10-24,1984.1000,1992.0000,1964.6000,1986.1000,200943,1986.1000
2023-10-25,1982.7000,1998.6000,1973.6000,1994.9000,240655,1994.9000
2023-10-26,1991.2000,2003.7000,1981.6000,1997.4000,214053,1997.4000
2023-10-27,1995.0000,2019.7000,1986.4000,1998.5000,213757,1998.5000
2023-10-30,2013.5000,2016.8000,1999.7000,2005.6000,181339,2005.6000
2023-10-31,2005.6000,2017.7000,1987.4000,1994.3000,214776,1994.3000
2023-11-01,1993.3000,2005.9000,1978.2000,1987.5000,197629,1987.5000
2023-11-02,1992.0000,1999.2000,1986.3000,1993.5000,158650,1993.5000
2023-11-03,1993.5000,2011.9000,1989.3000,1999.2000,222189,1999.2000
2023-11-06,1999.4000,2000.1000,1984.2000,1988.6000,146279,1988.6000
2023-11-07,1984.8000,1985.2000,1962.8000,1973.5000,218948,1973.5000
2023-11-08,1975.3000,1977.5000,1953.2000,1957.8000,189359,1957.8000
2023-11-09,1955.5000,1971.5000,1948.3000,1969.8000,214077,1969.8000
2023-11-10,1964.1000,1965.6000,1936.9000,1937.7000,229637,1937.7000
2023-11-13,1943.4000,1953.5000,1935.6000,1950.2000,183702,1950.2000
2023-11-14,1950.3000,1975.3000,1938.8000,1966.5000,180741,1966.5000
2023-11-15,1966.9000,1979.2000,1958.8000,1964.3000,142924,1964.3000
2023-11-16,1963.0000,1991.1000,1959.0000,1987.3000,186810,1987.3000
2023-11-17,1984.2000,1996.4000,1981.1000,1984.7000,133120,1984.7000
2023-11-20,1980.9000,1987.8000,1967.2000,1980.3000,177887,1980.3000
2023-11-21,1980.0000,2009.8000,1979.9000,2001.6000,230024,2001.6000
2023-11-22,2000.3000,2008.3000,1988.6000,1992.8000,199370,1992.8000
2023-11-23,1991.2000,1999.5000,1990.9000,1993.3000,199370,1993.3000
2023-11-24,1991.2000,2004.5000,1990.9000,2003.0000,214880,2003.0000
2023-11-27,2002.5000,2018.9000,2001.4000,2012.4000,251250,2012.4000
2023-11-28,2014.3000,2044.1000,2011.5000,2040.0000,174665,2040.0000
2023-11-29,2041.7000,2052.1001,2036.0000,2047.1000,15290,2047.1000
2023-11-30,2046.1000,2047.1000,2033.1000,2038.1000,151918,2038.1000
2023-12-01,2056.5000,2095.7000,2052.6001,2089.7000,241615,2089.7000
2023-12-04,2094.3999,2152.3000,2038.4000,2042.2000,378224,2042.2000
2023-12-05,2049.0000,2059.6001,2027.6000,2036.3000,209549,2036.3000
2023-12-06,2037.8000,2053.3999,2035.3000,2047.9000,154219,2047.9000
2023-12-07,2043.4000,2057.2000,2036.6000,2046.4000,173977,2046.4000
2023-12-08,2045.7000,2050.3999,2010.6000,2014.5000,237289,2014.5000
2023-12-11,2020.0000,2023.7000,1991.2000,1993.7000,160072,1993.7000
2023-12-12,1997.8000,2012.5000,1992.3000,1993.2000,148532,1993.2000
2023-12-13,1995.1000,2043.3000,1987.9000,1997.3000,192679,1997.3000
2023-12-14,2043.2000,2062.8999,2039.1000,2044.9000,231095,2044.9000
2023-12-15,2051.3000,2059.6001,2029.2000,2035.7000,172147,2035.7000
2023-12-18,2033.3000,2048.0000,2029.5000,2040.5000,141406,2040.5000
2023-12-19,2041.1000,2061.0000,2034.8000,2052.1001,134781,2052.1001
2023-12-20,2053.8000,2056.8999,2040.6000,2047.7000,122567,2047.7000
2023-12-21,2044.4000,2058.0000,2043.3000,2051.3000,119952,2051.3000
2023-12-22,2061.2000,2083.0000,2058.2000,2069.1001,170150,2069.1001
2023-12-26,2066.0000,2080.5000,2065.1001,2069.8000,79573,2069.8000
2023-12-27,2079.3000,2095.8000,2072.8000,2093.1001,128179,2093.1001
2023-12-28,2089.5000,2098.2000,2074.6001,2083.5000,129544,2083.5000
2023-12-29,2076.1001,2084.1001,2067.6001,2071.8000,105724,2071.8000
2024-01-02,2072.7000,2088.1001,2064.3000,2073.3999,157555,2073.3999
2024-01-03,2067.8999,2074.3000,2038.3000,2042.8000,221680,2042.8000
2024-01-04,2049.3000,2058.1001,2043.3000,2050.0000,130263,2050.0000
2024-01-05,2051.3999,2071.1001,2030.8000,2049.8000,214684,2049.8000
2024-01-08,2052.6001,2053.3000,2022.7000,2033.5000,220988,2033.5000
2024-01-09,2034.5000,2048.6001,2031.9000,2033.0000,218745,2033.0000
2024-01-10,2036.0000,2046.2000,2025.9000,2027.8000,205007,2027.8000
2024-01-11,2029.4000,2056.1001,2017.3000,2019.2000,301337,2019.2000
2024-01-12,2033.2000,2067.3000,2033.1000,2051.6001,272352,2051.6001
2024-01-16,2053.3999,2062.8000,2027.6000,2030.2000,285254,2030.2000
2024-01-17,2031.7000,2036.1000,2004.6000,2006.5000,254292,2006.5000
2024-01-18,2009.1000,2025.6000,2007.7000,2021.6000,171928,2021.6000
2024-01-19,2027.4000,2041.9000,2022.2000,2029.3000,172805,2029.3000
2024-01-22,2031.8000,2034.1000,2017.4000,2022.2000,152756,2022.2000
2024-01-23,2023.2000,2039.3000,2020.8000,2025.8000,156699,2025.8000
2024-01-24,2030.7000,2037.9000,2011.7000,2016.0000,234459,2016.0000
2024-01-25,2014.8000,2025.6000,2004.0000,2017.8000,196670,2017.8000
2024-01-26,2021.0000,2028.1000,2015.6000,2017.3000,119588,2017.3000
2024-01-29,2024.4000,2037.2000,2018.8000,2025.4000,150708,2025.4000
2024-01-30,2032.5000,2048.5000,2028.1000,2031.5000,26907,2031.5000
2024-01-31,2035.4000,2055.0000,2030.0000,2048.3999,238373,2048.3999
2024-02-01,2057.8999,2083.2000,2046.4000,2071.1001,260921,2071.1001
2024-02-02,2072.0000,2074.7000,2044.2000,2053.7000,219800,2053.7000
2024-02-05,2057.8999,2059.1001,2030.8000,2042.9000,170431,2042.9000
2024-02-06,2041.4000,2055.3000,2038.8000,2051.3999,126384,2051.3999
2024-02-07,2052.6001,2061.3000,2046.4000,2051.7000,125631,2051.7000
2024-02-08,2051.0000,2053.8000,2034.6000,2047.9000,137076,2047.9000
2024-02-09,2049.7000,2051.8999,2034.3000,2038.7000,116031,2038.7000
2024-02-12,2038.2000,2041.8000,2025.4000,2033.0000,116025,2033.0000
2024-02-13,2033.7000,2047.3000,2002.8000,2007.2000,217571,2007.2000
2024-02-14,2006.3000,2008.8000,1996.4000,2004.3000,193607,2004.3000
2024-02-15,2004.8000,2020.2000,2001.8000,2014.9000,204249,2014.9000
2024-02-16,2016.1000,2027.2000,2006.6000,2024.1000,162356,2024.1000
2024-02-20,2027.7000,2042.7000,2023.9000,2039.8000,202432,2039.8000
2024-02-21,2036.2000,2043.5000,2030.9000,2034.3000,120599,2034.3000
2024-02-22,2036.5000,2045.5000,2029.3000,2030.7000,147947,2030.7000
2024-02-23,2034.1000,2053.2000,2025.4000,2049.3999,212029,2049.3999
2024-02-26,2044.2000,2046.8000,2034.1000,2038.9000,129021,2038.9000
2024-02-27,2041.2000,2049.1001,2038.1000,2044.1000,148780,2044.1000
2024-02-28,2039.7000,2047.4000,2033.4000,2042.7000,137077,2042.7000
2024-02-29,2043.8000,2059.3999,2036.0000,2054.7000,227074,2054.7000
2024-03-01,2052.8000,2097.1001,2047.0000,2095.7000,330592,2095.7000
2024-03-04,2091.6001,2128.3999,2088.1001,2126.3000,328253,2126.3000
2024-03-05,2123.3000,2150.5000,2118.5000,2141.8999,283148,2141.8999
2024-03-06,2136.3999,2160.7000,2131.8999,2158.2000,319763,2158.2000
2024-03-07,2156.7000,2172.2000,2151.7000,2165.2000,267795,2165.2000
2024-03-08,2166.6001,2203.0000,2161.2000,2185.5000,389682,2185.5000
2024-03-11,2187.6001,2195.5000,2180.8999,2188.6001,242418,2188.6001
2024-03-12,2189.1001,2190.8000,2156.2000,2166.1001,316254,2166.1001
2024-03-13,2163.6001,2185.6001,2161.3000,2180.8000,232273,2180.8000
2024-03-14,2179.5000,2181.3000,2157.0000,2167.5000,207225,2167.5000
2024-03-15,2166.2000,2176.8999,2158.7000,2161.5000,187847,2161.5000
2024-03-18,2159.8999,2167.2000,2149.2000,2164.3000,211858,2164.3000
2024-03-19,2164.0000,2166.3000,2150.2000,2159.7000,178162,2159.7000
2024-03-20,2161.3999,2192.2000,2152.3000,2161.0000,233572,2161.0000
2024-03-21,2190.2000,2225.3000,2168.2000,2184.7000,391750,2184.7000
2024-03-22,2183.3999,2188.0000,2158.3999,2160.0000,205808,2160.0000
2024-03-25,2166.6001,2182.5000,2164.3999,2176.3999,211610,2176.3999
2024-03-26,2173.0000,2200.6001,2168.3000,2177.2000,202373,2177.2000
2024-03-27,2179.3999,2196.2000,2172.1001,2190.6001,31200,2190.6001
2024-03-28,2193.6001,2234.1001,2187.1001,2217.3999,250248,2217.3999
2024-04-01,2259.2000,2286.3999,2249.1001,2257.1001,220767,2257.1001
2024-04-02,2272.7000,2301.8999,2267.1001,2281.8000,277228,2281.8000
2024-04-03,2301.7000,2321.8000,2285.7000,2315.0000,254574,2315.0000
2024-04-04,2321.0000,2325.3000,2298.7000,2308.5000,236227,2308.5000
2024-04-05,2309.5000,2350.0000,2286.2000,2345.3999,293212,2345.3999
2024-04-08,2343.6001,2372.5000,2321.7000,2351.0000,285570,2351.0000
2024-04-09,2358.1001,2384.5000,2355.7000,2362.3999,279608,2362.3999
2024-04-10,2372.3999,2378.1001,2337.1001,2348.3999,353847,2348.3999
2024-04-11,2351.7000,2395.6001,2343.1001,2372.7000,260415,2372.7000
2024-04-12,2389.3999,2448.8000,2350.6001,2374.1001,479894,2374.1001
2024-04-15,2369.3999,2404.3000,2340.2000,2383.0000,343730,2383.0000
2024-04-16,2399.1001,2414.8000,2379.2000,2407.8000,297592,2407.8000
2024-04-17,2398.0000,2412.0000,2370.7000,2388.3999,284352,2388.3999
2024-04-18,2377.8999,2408.0000,2377.2000,2398.0000,200546,2398.0000
2024-04-19,2394.0000,2433.3000,2386.8000,2413.8000,275405,2413.8000
2024-04-22,2403.7000,2404.3000,2338.2000,2346.3999,262673,2346.3999
2024-04-23,2342.3000,2347.8999,2304.6001,2342.1001,270225,2342.1001
2024-04-24,2335.7000,2350.8999,2324.8000,2338.3999,187699,2338.3999
2024-04-25,2327.3999,2357.6001,2316.3999,2342.5000,224471,2342.5000
2024-04-26,2344.2000,2364.3999,2338.0000,2347.2000,171011,2347.2000
2024-04-29,2347.6001,2358.8999,2331.0000,2357.7000,187309,2357.7000
2024-04-30,2347.0000,2347.6001,2296.2000,2302.8999,229064,2302.8999
2024-05-01,2298.2000,2339.5000,2291.7000,2311.0000,227384,2311.0000
2024-05-02,2329.8999,2336.1001,2294.3000,2309.6001,193658,2309.6001
2024-05-03,2313.5000,2330.7000,2285.2000,2308.6001,231400,2308.6001
2024-05-06,2312.8000,2341.8999,2300.6001,2331.2000,191895,2331.2000
2024-05-07,2334.8000,2338.7000,2318.2000,2324.2000,204623,2324.2000
2024-05-08,2322.0000,2329.6001,2311.3999,2322.3000,214693,2322.3000
2024-05-09,2316.5000,2354.2000,2312.8999,2340.3000,249092,2340.3000
2024-05-10,2353.5000,2385.3000,2352.0000,2375.0000,275241,2375.0000
2024-05-13,2369.1001,2370.8000,2337.6001,2343.0000,243075,2343.0000
2024-05-14,2342.3000,2365.2000,2340.5000,2359.8999,192076,2359.8999
2024-05-15,2362.8999,2396.1001,2357.1001,2394.8999,249843,2394.8999
2024-05-16,2391.5000,2402.7000,2375.2000,2385.5000,191026,2385.5000
2024-05-17,2381.3999,2427.3999,2377.8000,2417.3999,218553,2417.3999
2024-05-20,2422.2000,2454.2000,2411.1001,2438.5000,281430,2438.5000
2024-05-21,2431.5000,2438.2000,2408.5000,2425.8999,229421,2425.8999
2024-05-22,2425.3999,2430.5000,2378.0000,2392.8999,253852,2392.8999
2024-05-23,2383.0000,2385.7000,2328.1001,2337.2000,273658,2337.2000
2024-05-24,2330.3999,2349.0000,2326.3000,2334.5000,178343,2334.5000
2024-05-28,2338.0000,2365.5000,2333.8000,2356.5000,316223,2356.5000
2024-05-29,2362.5000,2363.7000,2334.2000,2341.2000,119317,2341.2000
2024-05-30,2336.8999,2349.5000,2320.8000,2342.8999,32587,2342.8999
2024-05-31,2344.1001,2354.0000,2319.0000,2322.8999,183406,2322.8999
2024-06-03,2348.0000,2375.5000,2334.8000,2369.3000,173149,2369.3000
2024-06-04,2371.3000,2373.1001,2335.1001,2347.3999,171547,2347.3999
2024-06-05,2347.1001,2377.6001,2345.3000,2375.5000,171862,2375.5000
2024-06-06,2375.3000,2397.8000,2372.2000,2390.8999,172202,2390.8999
2024-06-07,2395.7000,2406.7000,2304.2000,2325.0000,314551,2325.0000
2024-06-10,2311.0000,2331.3000,2304.5000,2327.0000,142888,2327.0000
2024-06-11,2329.5000,2337.3000,2314.5000,2326.6001,145501,2326.6001
2024-06-12,2334.0000,2358.8000,2327.2000,2354.8000,241670,2354.8000
2024-06-13,2340.8999,2342.3999,2310.8999,2318.0000,182657,2318.0000
2024-06-14,2319.6001,2352.3000,2316.7000,2349.1001,163367,2349.1001
2024-06-17,2348.5000,2348.7000,2324.3000,2329.0000,122702,2329.0000
2024-06-18,2333.7000,2348.2000,2320.2000,2346.8999,154251,2346.8999
2024-06-20,2344.2000,2379.5000,2338.5000,2369.0000,252687,2369.0000
2024-06-21,2373.8000,2382.6001,2329.2000,2331.2000,194824,2331.2000
2024-06-24,2333.5000,2347.5000,2329.5000,2344.3999,117625,2344.3999
2024-06-25,2346.8000,2349.7000,2327.1001,2330.8000,144271,2330.8000
2024-06-26,2331.8000,2335.8000,2304.7000,2313.2000,191628,2313.2000
2024-06-27,2309.3999,2342.0000,2306.8000,2336.6001,140228,2336.6001
2024-06-28,2338.6001,2350.6001,2329.7000,2339.6001,135383,2339.6001
2024-07-01,2336.2000,2348.8000,2328.2000,2338.8999,142601,2338.8999
2024-07-02,2341.6001,2346.1001,2327.3999,2333.3999,153709,2333.3999
2024-07-03,2338.6001,2374.5000,2335.7000,2369.3999,193642,2369.3999
2024-07-05,2365.8000,2401.5000,2356.0000,2397.7000,293254,2397.7000
2024-07-08,2396.2000,2399.3000,2358.3000,2363.5000,240781,2363.5000
2024-07-09,2366.5000,2378.3000,2356.0000,2367.8999,252489,2367.8999
2024-07-10,2371.0000,2393.3999,2369.7000,2379.7000,163900,2379.7000
2024-07-11,2377.3999,2430.3999,2376.8000,2421.8999,303520,2421.8999
2024-07-12,2421.0000,2423.2000,2396.1001,2420.7000,220933,2420.7000
2024-07-15,2419.3000,2445.0000,2406.1001,2428.8999,193535,2428.8999
2024-07-16,2427.1001,2474.5000,2424.5000,2467.8000,246085,2467.8000
2024-07-17,2473.2000,2488.3999,2455.5000,2459.8999,259540,2459.8999
2024-07-18,2462.5000,2478.5000,2442.8999,2456.3999,192770,2456.3999
2024-07-19,2448.0000,2448.3999,2395.7000,2399.1001,254408,2399.1001
2024-07-22,2403.7000,2414.3999,2385.2000,2394.7000,197562,2394.7000
2024-07-23,2398.0000,2413.5000,2389.2000,2407.3000,171191,2407.3000
2024-07-24,2410.7000,2433.0000,2397.0000,2415.7000,245884,2415.7000
2024-07-25,2398.1001,2400.8000,2351.8999,2353.5000,294897,2353.5000
2024-07-26,2363.8000,2389.7000,2354.6001,2381.0000,154523,2381.0000
2024-07-29,2386.8999,2402.1001,2367.3000,2377.8000,126409,2377.8000
2024-07-30,2380.8999,2409.3000,2373.8000,2405.0000,25944,2405.0000
2024-07-31,2407.1001,2447.6001,2402.8000,2426.5000,176268,2426.5000
2024-08-01,2493.3999,2506.6001,2474.0000,2480.8000,219834,2480.8000
2024-08-02,2490.8000,2522.5000,2453.1001,2469.8000,309937,2469.8000
2024-08-05,2490.3000,2500.8000,2403.8000,2444.3999,352229,2444.3999
2024-08-06,2451.7000,2459.5000,2421.8000,2431.6001,186107,2431.6001
2024-08-07,2432.6001,2447.3000,2418.8000,2432.3999,166078,2432.3999
2024-08-08,2422.8000,2467.8999,2420.2000,2463.3000,178509,2463.3000
2024-08-09,2467.3000,2476.5000,2456.1001,2473.3999,152173,2473.3999
2024-08-12,2470.1001,2513.3999,2462.7000,2504.0000,171204,2504.0000
2024-08-13,2512.6001,2517.3000,2498.2000,2507.8000,155078,2507.8000
2024-08-14,2506.3000,2519.7000,2476.2000,2479.7000,187384,2479.7000
2024-08-15,2486.2000,2508.0000,2469.2000,2492.3999,169322,2492.3999
2024-08-16,2494.3999,2548.3000,2488.2000,2537.8000,223934,2537.8000
2024-08-19,2549.7000,2549.8999,2523.7000,2541.3000,155994,2541.3000
2024-08-20,2542.3999,2570.3999,2535.1001,2550.6001,191196,2550.6001
2024-08-21,2552.2000,2558.0000,2528.2000,2547.5000,148894,2547.5000
2024-08-22,2549.8999,2551.3999,2506.3999,2516.7000,177369,2516.7000
2024-08-23,2521.1001,2554.5000,2519.8000,2546.3000,164613,2546.3000
2024-08-26,2545.1001,2563.2000,2544.0000,2555.2000,127485,2555.2000
2024-08-27,2553.8000,2561.3999,2538.5000,2552.8999,146222,2552.8999
2024-08-28,2559.8000,2564.3000,2527.8000,2537.8000,165123,2537.8000
2024-08-29,2539.2000,2562.2000,2536.5000,2560.3000,159965,2560.3000
2024-08-30,2553.6001,2560.1001,2526.6001,2527.6001,175644,2527.6001
2024-09-03,2536.0000,2539.5000,2504.3999,2523.0000,273539,2523.0000
2024-09-04,2524.6001,2531.5000,2502.7000,2526.0000,167957,2526.0000
2024-09-05,2526.3999,2554.0000,2523.7000,2543.1001,152709,2543.1001
2024-09-06,2547.1001,2559.8000,2513.8999,2524.6001,228117,2524.6001
2024-09-09,2526.5000,2536.5000,2514.2000,2532.7000,140583,2532.7000
2024-09-10,2536.0000,2547.5000,2528.8999,2543.1001,156108,2543.1001
2024-09-11,2545.7000,2558.0000,2529.0000,2542.3999,194085,2542.3999
2024-09-12,2540.6001,2588.5000,2538.7000,2580.6001,233679,2580.6001
2024-09-13,2587.5000,2614.6001,2585.0000,2610.7000,174674,2610.7000
2024-09-16,2608.0000,2617.3999,2602.5000,2608.8999,127576,2608.8999
2024-09-17,2609.8000,2613.7000,2587.3000,2592.3999,159525,2592.3999
2024-09-18,2596.0000,2627.2000,2572.5000,2598.6001,233128,2598.6001
2024-09-19,2585.1001,2620.5000,2575.3000,2614.6001,204475,2614.6001
2024-09-20,2611.2000,2651.0000,2608.7000,2646.2000,207209,2646.2000
2024-09-23,2646.2000,2659.8000,2638.6001,2652.5000,170494,2652.5000
2024-09-24,2653.3000,2689.3999,2647.1001,2677.0000,216553,2677.0000
2024-09-25,2682.8000,2694.8999,2673.3999,2684.7000,189943,2684.7000
2024-09-26,2681.2000,2708.7000,2677.5000,2694.8999,217643,2694.8999
2024-09-27,2695.1001,2696.8999,2665.3000,2668.1001,196732,2668.1001
2024-09-30,2680.5000,2687.7000,2646.2000,2659.3999,173252,2659.3999
2024-10-01,2656.1001,2694.7000,2653.8000,2690.3000,202756,2690.3000
2024-10-02,2684.6001,2684.8000,2662.1001,2669.7000,128680,2669.7000
2024-10-03,2679.8999,2683.3999,2657.8000,2679.2000,138551,2679.2000
2024-10-04,2675.7000,2690.6001,2651.6001,2667.8000,192656,2667.8000
2024-10-07,2671.7000,2679.2000,2657.3000,2666.0000,130705,2666.0000
2024-10-08,2662.8000,2672.3999,2623.3999,2635.3999,233849,2635.3999
2024-10-09,2640.7000,2642.8999,2622.8000,2626.0000,143000,2626.0000
2024-10-10,2625.8000,2648.8999,2618.8000,2639.3000,195581,2639.3000
2024-10-11,2647.3999,2679.0000,2645.3000,2676.3000,168597,2676.3000
2024-10-14,2673.1001,2684.2000,2660.0000,2665.6001,123361,2665.6001
2024-10-15,2663.5000,2685.8999,2654.3999,2678.8999,160564,2678.8999
2024-10-16,2679.5000,2702.5000,2674.8999,2691.3000,156877,2691.3000
2024-10-17,2690.3999,2712.7000,2688.2000,2707.5000,181816,2707.5000
2024-10-18,2707.8000,2737.8000,2707.3000,2730.0000,178959,2730.0000
2024-10-21,2736.3000,2755.3999,2728.5000,2738.8999,210450,2738.8999
2024-10-22,2734.7000,2763.3000,2733.5000,2759.8000,173695,2759.8000
2024-10-23,2762.6001,2772.6001,2722.1001,2729.3999,214515,2729.3999
2024-10-24,2729.2000,2756.3000,2728.7000,2748.8999,175872,2748.8999
2024-10-25,2748.6001,2760.8999,2729.1001,2754.6001,153487,2754.6001
2024-10-28,2749.2000,2758.3000,2736.8999,2755.8999,161907,2755.8999
2024-10-29,2754.3000,2787.7000,2752.0000,2781.1001,207424,2781.1001
2024-10-30,2786.8999,2801.8000,2782.3999,2800.8000,191549,2800.8000
2024-10-31,2799.1001,2801.2000,2741.8000,2749.3000,242571,2749.3000
2024-11-01,2754.0000,2772.3999,2742.6001,2749.2000,180660,2749.2000
2024-11-04,2743.5000,2757.5000,2739.3999,2746.2000,145248,2746.2000
2024-11-05,2746.0000,2759.5000,2733.3999,2749.7000,151434,2749.7000
2024-11-06,2752.6001,2758.8000,2660.7000,2676.3000,361313,2676.3000
2024-11-07,2667.7000,2718.3000,2650.3000,2705.8000,292924,2705.8000
2024-11-08,2713.6001,2717.8000,2687.3000,2694.8000,233110,2694.8000
2024-11-11,2692.1001,2693.3999,2617.1001,2617.7000,281919,2617.7000
2024-11-12,2625.7000,2633.3999,2595.7000,2606.3000,282766,2606.3000
2024-11-13,2604.7000,2625.0000,2578.1001,2586.5000,262752,2586.5000
2024-11-14,2578.1001,2585.8000,2541.5000,2572.8999,266162,2572.8999
2024-11-15,2570.3999,2580.8000,2558.8999,2570.1001,179892,2570.1001
2024-11-18,2571.5000,2619.5000,2568.5000,2614.6001,195294,2614.6001
2024-11-19,2616.3000,2643.3999,2614.2000,2631.0000,202241,2631.0000
2024-11-20,2635.8000,2659.0000,2621.8999,2651.7000,182012,2651.7000
2024-11-21,2653.5000,2676.5000,2651.6001,2674.8999,186297,2674.8999
2024-11-22,2672.0000,2718.5000,2670.1001,2712.2000,220554,2712.2000
2024-11-25,2716.8999,2723.2000,2616.6001,2618.5000,305339,2618.5000
2024-11-26,2626.2000,2642.7000,2605.3000,2621.3000,177858,2621.3000
2024-11-27,2633.5000,2657.8999,2627.2000,2639.8999,61653,2639.8999
2024-11-29,2636.3999,2664.3000,2620.7000,2657.0000,180756,2657.0000
2024-12-02,2673.8000,2678.5000,2644.5000,2658.5000,163543,2658.5000
2024-12-03,2662.0000,2678.3999,2656.6001,2667.8999,140965,2667.8999
2024-12-04,2665.8000,2682.0000,2654.2000,2676.2000,171792,2676.2000
2024-12-05,2674.2000,2680.0000,2646.3000,2648.3999,156116,2648.3999
2024-12-06,2655.0000,2667.8999,2635.6001,2659.6001,167166,2659.6001
2024-12-09,2665.0000,2700.0000,2649.7000,2685.8000,182150,2685.8000
2024-12-10,2684.3999,2721.7000,2680.7000,2718.3999,181509,2718.3999
2024-12-11,2721.2000,2759.7000,2719.1001,2756.7000,264985,2756.7000
2024-12-12,2753.6001,2761.3000,2696.7000,2709.3999,219468,2709.3999
2024-12-13,2704.8999,2716.3999,2663.3000,2675.8000,178685,2675.8000
2024-12-16,2668.0000,2683.3999,2661.3999,2670.0000,115996,2670.0000
2024-12-17,2670.2000,2675.8000,2646.1001,2662.0000,147053,2662.0000
2024-12-18,2663.3000,2667.6001,2598.1001,2653.3000,156334,2653.3000
2024-12-19,2600.6001,2640.8999,2596.7000,2608.1001,191587,2608.1001
2024-12-20,2609.7000,2653.8000,2603.7000,2645.1001,153567,2645.1001
2024-12-23,2639.1001,2646.8000,2623.2000,2628.2000,105131,2628.2000
2024-12-24,2629.3999,2635.8000,2624.2000,2635.5000,53366,2635.5000
2024-12-26,2638.0000,2655.7000,2634.1001,2653.8999,79265,2653.8999
2024-12-27,2653.7000,2654.6001,2625.2000,2631.8999,93897,2631.8999
2024-12-30,2636.1001,2640.7000,2608.3999,2618.1001,110915,2618.1001
2024-12-31,2620.0000,2642.0000,2614.3000,2641.0000,86292,2641.0000
2025-01-02,2641.0000,2674.2000,2636.1001,2669.0000,144517,2669.0000
2025-01-03,2671.1001,2681.0000,2649.7000,2654.7000,121173,2654.7000
2025-01-06,2652.8000,2663.8000,2624.6001,2647.3999,169923,2647.3999
2025-01-07,2647.1001,2678.5000,2643.5000,2665.3999,161617,2665.3999
2025-01-08,2662.8999,2687.0000,2658.3999,2672.3999,197370,2672.3999
2025-01-09,2679.8999,2696.8000,2673.7000,2690.8000,156645,2690.8000
2025-01-10,2692.8999,2735.0000,2686.8999,2715.0000,298408,2715.0000
2025-01-13,2716.8000,2723.8000,2675.2000,2678.6001,211094,2678.6001
2025-01-14,2682.0000,2693.7000,2672.0000,2682.3000,179414,2682.3000
2025-01-15,2693.3000,2722.7000,2685.3999,2717.8000,193720,2717.8000
2025-01-16,2722.3000,2757.8999,2720.3999,2750.8999,186543,2750.8999
2025-01-17,2746.8000,2759.2000,2729.2000,2748.7000,156868,2748.7000
2025-01-21,2739.6001,2762.0000,2715.6001,2759.2000,294121,2759.2000
2025-01-22,2758.7000,2774.3999,2756.2000,2770.8999,158141,2770.8999
2025-01-23,2765.8999,2767.1001,2741.0000,2765.0000,194742,2765.0000
2025-01-24,2761.8000,2794.8000,2761.0000,2778.8999,199562,2778.8999
2025-01-27,2778.1001,2778.1001,2732.0000,2738.3999,215514,2738.3999
2025-01-28,2742.3999,2774.0000,2737.3999,2767.5000,171359,2767.5000
2025-01-29,2771.6001,2778.1001,2761.0000,2769.8000,125692,2769.8000
2025-01-30,2772.5000,2829.5000,2770.0000,2823.0000,40141,2823.0000
2025-01-31,2829.0000,2838.0000,2804.0000,2812.5000,165676,2812.5000
2025-02-03,2846.5000,2872.0000,2802.2000,2857.1001,181344,2857.1001
2025-02-04,2850.3999,2877.1001,2837.3999,2875.8000,145862,2875.8000
2025-02-05,2873.7000,2906.0000,2870.1001,2893.0000,167383,2893.0000
2025-02-06,2885.0000,2894.2000,2855.0000,2876.7000,167701,2876.7000
2025-02-07,2880.2000,2910.6001,2876.1001,2887.6001,192551,2887.6001
2025-02-10,2884.8000,2938.1001,2879.8999,2934.3999,167232,2934.3999
2025-02-11,2937.0000,2968.5000,2907.0000,2932.6001,218478,2932.6001
2025-02-12,2927.0000,2936.5000,2886.5000,2928.7000,204625,2928.7000
2025-02-13,2928.8000,2958.8000,2925.8000,2945.3999,169496,2945.3999
2025-02-14,2957.3000,2964.1001,2889.8999,2900.7000,228078,2900.7000
2025-02-18,2895.1001,2956.5000,2887.6001,2949.0000,218757,2949.0000
2025-02-19,2954.1001,2964.3999,2933.7000,2936.1001,159341,2936.1001
2025-02-20,2949.5000,2973.3999,2939.3000,2956.1001,172197,2956.1001
2025-02-21,2955.7000,2964.7000,2930.1001,2953.2000,163686,2953.2000
2025-02-24,2950.3999,2974.0000,2936.8000,2963.2000,162775,2963.2000
2025-02-25,2968.5000,2970.3999,2897.0000,2918.8000,234850,2918.8000
2025-02-26,2929.0000,2942.0000,2903.3000,2930.6001,163371,2930.6001
2025-02-27,2931.3999,2935.8000,2879.0000,2895.8999,207650,2895.8999
2025-02-28,2889.0000,2896.1001,2844.1001,2848.5000,210560,2848.5000
2025-03-03,2872.0000,2906.3999,2866.3000,2901.1001,177018,2901.1001
2025-03-04,2904.2000,2939.8000,2892.5000,2920.6001,188515,2920.6001
2025-03-05,2929.0000,2941.3000,2903.3999,2926.0000,183016,2926.0000
2025-03-06,2929.5000,2935.8999,2897.6001,2926.6001,166364,2926.6001
2025-03-07,2919.2000,2938.8000,2905.3000,2914.1001,237577,2914.1001
2025-03-10,2919.6001,2926.3999,2885.2000,2899.3999,221609,2899.3999
2025-03-11,2893.2000,2929.0000,2882.5000,2920.8999,194119,2920.8999
2025-03-12,2922.3000,2948.8999,2911.0000,2946.8000,209823,2946.8000
2025-03-13,2943.3000,3001.5000,2942.2000,2991.3000,256564,2991.3000
2025-03-14,3001.3999,3017.1001,2988.6001,3001.1001,181492,3001.1001
2025-03-17,2994.8000,3010.8999,2991.3999,3006.1001,142155,3006.1001
2025-03-18,3009.3999,3047.5000,3008.2000,3040.8000,177098,3040.8000
2025-03-19,3041.3999,3061.6001,3031.3000,3041.2000,145404,3041.2000
2025-03-20,3058.0000,3065.2000,3032.8000,3043.8000,141231,3043.8000
2025-03-21,3052.6001,3055.0000,3004.1001,3021.3999,190470,3021.3999
2025-03-24,3027.6001,3038.3999,3007.7000,3015.6001,202822,3015.6001
2025-03-25,3017.5000,3042.3999,3010.8000,3025.8999,172592,3025.8999
2025-03-26,3025.8000,3036.1001,3017.8000,3022.5000,172002,3022.5000
2025-03-27,3025.6001,3071.3000,3022.3000,3061.0000,124359,3061.0000
2025-03-28,3069.7000,3094.8999,3066.8000,3086.5000,31206,3086.5000
2025-03-31,3091.0000,3132.5000,3086.0000,3122.8000,228393,3122.8000
2025-04-01,3157.3000,3177.0000,3130.5000,3146.0000,197314,3146.0000
2025-04-02,3147.5000,3201.6001,3135.7000,3166.2000,223124,3166.2000
2025-04-03,3196.6001,3196.6001,3073.5000,3121.7000,382860,3121.7000
2025-04-04,3138.0000,3160.2000,3032.7000,3035.3999,341150,3035.3999
2025-04-07,3055.1001,3084.3999,2970.3999,2973.6001,328515,2973.6001
2025-04-08,2997.5000,3037.8999,2988.6001,2990.2000,197577,2990.2000
2025-04-09,2998.3000,3118.5000,2983.3000,3079.3999,298325,3079.3999
2025-04-10,3099.1001,3195.0000,3086.1001,3177.5000,234973,3177.5000
2025-04-11,3194.2000,3263.0000,3193.3999,3244.6001,247317,3244.6001
2025-04-14,3246.0000,3261.6001,3208.7000,3226.3000,189619,3226.3000
2025-04-15,3226.1001,3250.8999,3225.5000,3240.3999,123474,3240.3999
2025-04-16,3248.3999,3358.3999,3245.2000,3346.3999,258376,3346.3999
2025-04-17,3357.5000,3371.8999,3296.3999,3328.3999,242065,3328.3999
2025-04-21,3347.0000,3442.3000,3344.0000,3425.3000,243457,3425.3000
2025-04-22,3435.1001,3509.8999,3379.1001,3419.3999,423078,3419.3999
2025-04-23,3367.7000,3396.0000,3270.8000,3294.1001,377411,3294.1001
2025-04-24,3301.8000,3377.0000,3301.3000,3348.6001,239603,3348.6001
2025-04-25,3362.0000,3384.1001,3274.8000,3298.3999,241249,3298.3999
2025-04-28,3336.5000,3363.8000,3278.0000,3347.7000,217995,3347.7000
2025-04-29,3354.8999,3359.3000,3309.2000,3333.6001,170152,3333.6001
2025-04-30,3324.5000,3337.6001,3275.6001,3319.1001,207722,3319.1001
2025-05-01,3299.0000,3300.6001,3209.3999,3222.2000,214691,3222.2000
2025-05-02,3247.6001,3277.0000,3229.5000,3243.3000,210994,3243.3000
2025-05-05,3247.1001,3346.7000,3243.1001,3322.3000,184904,3322.3000
2025-05-06,3345.7000,3444.5000,3332.1001,3422.8000,268098,3422.8000
2025-05-07,3448.1001,3448.2000,3367.0000,3391.8999,304244,3391.8999
2025-05-08,3373.1001,3422.0000,3293.3000,3306.0000,327126,3306.0000
2025-05-09,3310.2000,3352.7000,3278.8999,3344.0000,232464,3344.0000
2025-05-12,3281.0000,3295.5000,3211.2000,3228.0000,308534,3228.0000
2025-05-13,3240.7000,3270.3999,3220.1001,3247.8000,214423,3247.8000
2025-05-14,3254.1001,3261.3000,3170.7000,3188.3000,233929,3188.3000
2025-05-15,3180.8000,3244.3000,3123.3000,3226.6001,253064,3226.6001
2025-05-16,3243.5000,3255.8000,3156.3999,3187.2000,245486,3187.2000
2025-05-19,3220.0000,3252.8999,3209.1001,3233.5000,185135,3233.5000
2025-05-20,3233.0000,3298.5000,3207.3999,3284.6001,224088,3284.6001
2025-05-21,3293.0000,3327.2000,3287.0000,3313.5000,229503,3313.5000
2025-05-22,3318.0000,3346.8000,3277.8000,3295.0000,234658,3295.0000
2025-05-23,3295.1001,3366.5000,3285.5000,3365.8000,247200,3365.8000
2025-05-27,3355.6001,3356.0000,3283.0000,3300.3999,297309,3300.3999
2025-05-28,3300.8999,3324.5000,3273.5000,3294.8999,127758,3294.8999
2025-05-29,3283.7000,3328.8000,3242.3999,3317.1001,24370,3317.1001
2025-05-30,3315.1001,3318.0000,3270.8999,3288.8999,184770,3288.8999
2025-06-02,3323.0000,3408.1001,3319.3999,3397.2000,180995,3397.2000
2025-06-03,3406.5000,3417.8000,3357.2000,3377.1001,168220,3377.1001
2025-06-04,3377.8000,3409.7000,3366.8999,3399.2000,167220,3399.2000
2025-06-05,3398.0000,3427.7000,3362.3000,3375.1001,224859,3375.1001
2025-06-06,3377.3999,3398.3000,3328.8000,3346.6001,185366,3346.6001
2025-06-09,3333.3999,3359.0000,3313.1001,3354.8999,142005,3354.8999
2025-06-10,3346.3000,3370.3999,3321.3000,3343.3999,158897,3343.3999
2025-06-11,3344.3000,3382.3000,3335.3999,3343.7000,201534,3343.7000
2025-06-12,3377.5000,3419.8000,3358.5000,3402.3999,230166,3402.3999
2025-06-13,3406.7000,3468.0000,3399.6001,3452.8000,270627,3452.8000
2025-06-16,3473.0000,3476.3000,3400.8999,3417.3000,192505,3417.3000
2025-06-17,3404.2000,3422.7000,3384.3999,3406.8999,209083,3406.8999
2025-06-18,3409.0000,3419.0000,3380.1001,3408.1001,0,3408.1001
2025-06-20,3387.1001,3405.2000,3356.2000,3385.7000,280833,3385.7000
2025-06-23,3400.7000,3413.8000,3361.3999,3395.0000,193872,3395.0000
2025-06-24,3383.8000,3385.0000,3308.3000,3333.8999,227429,3333.8999
2025-06-25,3338.1001,3351.3000,3325.5000,3343.1001,130010,3343.1001
2025-06-26,3347.5000,3363.8999,3322.5000,3348.0000,155584,3348.0000
2025-06-27,3341.3000,3341.3999,3266.5000,3287.6001,218869,3287.6001
2025-06-30,3284.3000,3321.6001,3250.5000,3307.7000,144201,3307.7000
2025-07-01,3315.7000,3370.5000,3313.7000,3349.8000,168854,3349.8000
2025-07-02,3350.0000,3371.0000,3337.2000,3359.7000,132187,3359.7000
2025-07-03,3369.0000,3376.8999,3321.3999,3342.8999,0,3342.8999
2025-07-04,3335.0000,3355.0000,3332.8000,3346.5000,0,3346.5000
2025-07-07,3344.5000,3352.8999,3304.3999,3342.8000,235762,3342.8000
2025-07-08,3348.8999,3355.6001,3295.3999,3316.8999,218029,3316.8999
2025-07-09,3310.6001,3325.6001,3290.2000,3321.0000,167968,3321.0000
2025-07-10,3322.2000,3339.3999,3319.2000,3325.7000,168190,3325.7000
2025-07-11,3333.1001,3381.6001,3332.3000,3364.0000,216883,3364.0000
2025-07-14,3376.5000,3389.3000,3348.5000,3359.1001,195336,3359.1001
2025-07-15,3352.0000,3375.3999,3327.3000,3336.7000,179884,3336.7000
2025-07-16,3330.5000,3385.8000,3326.1001,3359.1001,235160,3359.1001
2025-07-17,3354.7000,3358.2000,3314.3000,3345.3000,161740,3345.3000
2025-07-18,3347.5000,3368.0000,3337.2000,3358.3000,115413,3358.3000
2025-07-21,3355.6001,3416.8999,3351.0000,3406.3999,191195,3406.3999
2025-07-22,3410.7000,3447.5000,3394.8999,3443.7000,227372,3443.7000
2025-07-23,3444.3000,3451.7000,3390.6001,3397.6001,263025,3397.6001
2025-07-24,3398.6001,3401.1001,3355.2000,3373.5000,215271,3373.5000
2025-07-25,3372.1001,3376.6001,3325.5000,3335.6001,196380,3335.6001
2025-07-28,3321.1001,3345.3999,3300.0000,3310.0000,180215,3310.0000
2025-07-29,3313.3999,3332.3000,3305.8000,3324.0000,113144,3324.0000
2025-07-30,3325.8000,3331.8000,3263.8999,3295.8000,19252,3295.8000
2025-07-31,3272.8999,3312.0000,3272.8999,3293.2000,158029,3293.2000
2025-08-01,3342.7000,3416.8999,3331.3999,3399.8000,229954,3399.8000
2025-08-04,3416.6001,3439.5000,3397.8999,3426.3999,138229,3426.3999
2025-08-05,3428.8999,3444.8999,3403.3000,3434.7000,154163,3434.7000
2025-08-06,3434.8999,3440.5000,3411.7000,3433.3999,151580,3433.3999
2025-08-07,3431.8000,3483.8000,3430.0000,3453.7000,249091,3453.7000
2025-08-08,3487.8999,3534.1001,3445.0000,3491.3000,321346,3491.3000
2025-08-11,3458.1001,3466.3000,3393.0000,3404.7000,224513,3404.7000
2025-08-12,3393.6001,3410.8000,3379.1001,3399.0000,193820,3399.0000
2025-08-13,3399.6001,3422.6001,3392.7000,3408.3000,135846,3408.3000
2025-08-14,3407.2000,3423.8000,3375.5000,3383.2000,165697,3383.2000
2025-08-15,3383.2000,3394.8000,3377.7000,3382.6001,118486,3382.6001
2025-08-18,3382.3999,3403.6001,3368.0000,3378.0000,119141,3378.0000
2025-08-19,3378.3000,3389.7000,3358.1001,3358.7000,133497,3358.7000
2025-08-20,3359.0000,3394.3000,3353.3999,3388.5000,135521,3388.5000
2025-08-21,3392.2000,3394.3999,3367.3999,3381.6001,123500,3381.6001
2025-08-22,3383.3000,3423.3999,3362.8000,3418.5000,186037,3418.5000
2025-08-25,3417.6001,3421.5000,3405.5000,3417.5000,97780,3417.5000
2025-08-26,3410.8000,3443.3000,3396.1001,3433.0000,176297,3433.0000
2025-08-27,3443.0000,3452.5000,3422.2000,3448.6001,153806,3448.6001
2025-08-28,3452.6001,3478.7000,3442.5000,3474.3000,156602,3474.3000
2025-08-29,3477.2000,3518.5000,3463.0000,3516.1001,0,3516.1001
2025-09-02,3517.8999,3602.3999,3506.0000,3592.2000,374141,3592.2000
2025-09-03,3600.0000,3640.1001,3592.3999,3635.5000,220786,3635.5000
2025-09-04,3619.8000,3621.6001,3573.7000,3606.7000,232579,3606.7000
2025-09-05,3602.0000,3655.5000,3595.3999,3653.3000,237651,3653.3000
2025-09-08,3635.0000,3685.7000,3621.7000,3677.3999,227640,3677.3999
2025-09-09,3676.6001,3715.2000,3663.7000,3682.2000,262656,3682.2000
2025-09-10,3662.0000,3697.5000,3651.3999,3682.0000,182028,3682.0000
2025-09-11,3680.6001,3687.5000,3651.0000,3673.6001,214612,3673.6001
2025-09-12,3672.8000,3695.5000,3667.3000,3686.3999,154559,3686.3999
2025-09-15,3680.2000,3724.8999,3662.8000,3719.0000,189452,3719.0000
2025-09-16,3720.3000,3739.8999,3711.8000,3725.1001,192295,3725.1001
2025-09-17,3727.3000,3744.0000,3679.5000,3717.8000,256047,3717.8000
2025-09-18,3692.5000,3707.3000,3660.5000,3678.3000,224128,3678.3000
2025-09-19,3677.7000,3719.6001,3664.3999,3705.8000,186954,3705.8000
2025-09-22,3721.3000,3783.3000,3718.1001,3775.1001,219170,3775.1001
2025-09-23,3781.2000,3824.6001,3772.3999,3815.7000,291564,3815.7000
2025-09-24,3796.8999,3812.6001,3749.7000,3768.1001,236560,3768.1001
2025-09-25,3768.3000,3792.3000,3751.8999,3771.1001,262183,3771.1001
2025-09-26,3781.5000,3814.3999,3764.0000,3809.0000,214083,3809.0000
2025-09-29,3788.8000,3863.7000,3785.5000,3855.2000,258145,3855.2000
2025-09-30,3863.1001,3899.2000,3820.6001,3873.2000,312257,3873.2000
2025-10-01,3887.7000,3922.7000,3880.3000,3897.5000,290470,3897.5000
2025-10-02,3892.7000,3923.3000,3842.8000,3868.1001,284217,3868.1001
2025-10-03,3880.3999,3916.8000,3861.1001,3908.8999,218284,3908.8999
2025-10-06,3913.5000,3994.5000,3909.2000,3976.3000,278143,3976.3000
2025-10-07,3983.0000,4014.6001,3963.3999,4004.3999,297512,4004.3999
2025-10-08,4007.1001,4081.0000,4005.6001,4070.5000,348778,4070.5000
2025-10-09,4061.8000,4077.8999,3957.8999,3972.6001,461023,3972.6001
2025-10-10,3990.1001,4038.6001,3961.2000,4000.3999,357542,4000.3999
2025-10-13,4018.3000,4137.2002,4011.3000,4133.0000,357542,4133.0000
2025-10-14,4130.8999,4190.8999,4105.0000,4163.3999,405991,4163.3999
2025-10-15,4160.1001,4235.7998,4157.2998,4201.6001,309914,4201.6001
2025-10-16,4225.1001,4346.7002,4214.5000,4304.6001,375196,4304.6001
2025-10-17,4348.1001,4392.0000,4196.0000,4213.2998,569847,4213.2998
2025-10-20,4269.0000,4398.0000,4229.7002,4359.3999,338235,4359.3999
2025-10-21,4371.0000,4393.6001,4093.0000,4109.1001,535325,4109.1001
2025-10-22,4137.0000,4175.0000,4021.2000,4065.3999,468711,4065.3999
2025-10-23,4114.7998,4171.5000,4079.6001,4145.6001,271973,4145.6001
2025-10-24,4144.0000,4159.0000,4055.7000,4137.7998,297599,4137.7998
2025-10-27,4103.2002,4123.7998,3985.8999,4019.7000,330749,4019.7000
2025-10-28,3999.8999,4034.2000,3901.3000,3983.1001,338428,3983.1001
2025-10-29,3967.2000,4046.2000,3930.0000,4000.7000,288266,4000.7000
2025-10-30,3942.8000,4041.5000,3925.1001,4015.8999,246321,4015.8999
2025-10-31,4038.2000,4059.8999,3982.3000,3996.5000,237172,3996.5000
2025-11-03,4001.0000,4043.1001,3971.3000,4014.0000,0,4014.0000
2025-11-04,4013.7000,4018.0000,3937.1001,3960.5000,250259,3960.5000
2025-11-05,3939.5000,4000.7000,3935.7000,3992.8999,175161,3992.8999
2025-11-06,3992.3999,4028.7000,3973.2000,3991.0000,188688,3991.0000
2025-11-07,3986.8999,4035.8000,3981.6001,4009.8000,208649,4009.8000
2025-11-10,4007.2000,4124.0000,4004.2000,4122.0000,253812,4122.0000
2025-11-11,4124.0000,4155.0000,4102.7998,4116.2998,252249,4116.2998
2025-11-12,4132.2002,4218.5000,4104.3999,4213.6001,296796,4213.6001
2025-11-13,4202.3999,4250.0000,4148.5000,4194.5000,319216,4194.5000
2025-11-14,4174.8999,4215.1001,4032.6001,4094.2000,342176,4094.2000
2025-11-17,4084.3999,4107.6001,4006.8000,4074.5000,235352,4074.5000
2025-11-18,4045.6001,4083.7000,3997.3999,4066.5000,233302,4066.5000
2025-11-19,4067.8000,4134.2998,4055.6001,4082.8000,233696,4082.8000
2025-11-20,4079.8999,4109.6001,4034.0000,4060.0000,272355,4060.0000
2025-11-21,4074.8999,4101.0000,4018.1001,4079.5000,257813,4079.5000
2025-11-24,4069.2000,4138.2002,4036.3999,4094.2000,223055,4094.2000
2025-11-25,4133.5000,4156.2998,4106.7002,4140.0000,132704,4140.0000
2025-11-26,4128.6001,4171.0000,4127.5000,4165.2002,25088,4165.2002
2025-11-28,4198.6001,4263.1001,4174.6001,4254.8999,154806,4254.8999
2025-12-01,4258.5000,4299.6001,4241.1001,4274.7998,227572,4274.7998
2025-12-02,4265.2998,4269.2002,4194.0000,4220.7998,215921,4220.7998
2025-12-03,4241.6001,4273.2998,4225.1001,4232.5000,176443,4232.5000
2025-12-04,4234.5000,4251.1001,4203.2998,4243.0000,161251,4243.0000
2025-12-05,4239.5000,4290.5000,4221.3999,4243.0000,193599,4243.0000
2025-12-08,4228.1001,4247.8999,4204.0000,4217.7002,149813,4217.7002
2025-12-09,4219.6001,4251.7002,4197.7998,4236.2002,177366,4236.2002
2025-12-10,4237.5000,4268.7998,4207.7998,4224.7002,186178,4224.7002
2025-12-11,4258.2998,4317.2998,4231.2002,4313.0000,228282,4313.0000
2025-12-12,4309.1001,4387.7998,4286.0000,4328.2998,292175,4328.2998
2025-12-15,4330.0000,4384.2998,4315.8999,4335.2002,207700,4335.2002
2025-12-16,4334.2998,4367.8999,4297.3999,4332.2998,212277,4332.2998
2025-12-17,4333.5000,4383.6001,4330.7002,4373.8999,212413,4373.8999
2025-12-18,4371.5000,4409.5000,4338.0000,4364.5000,234460,4364.5000
2025-12-19,4363.6001,4389.0000,4336.2998,4387.2998,165214,4387.2998
2025-12-22,4369.8999,4484.5000,4367.8999,4469.3999,203043,4469.3999
2025-12-23,4481.7998,4530.7998,4457.7002,4505.7002,248418,4505.7002
2025-12-24,4516.7002,4555.1001,4474.2998,4502.7998,151576,4502.7998
2025-12-26,4523.5000,4584.0000,4518.0000,4552.7002,181246,4552.7002
2025-12-29,4568.0000,4581.2998,4316.0000,4343.6001,316961,4343.6001
2025-12-30,4350.2998,4420.5000,4338.7998,4386.2998,189751,4386.2998
2025-12-31,4353.0000,4384.8999,4284.2998,4341.1001,161782,4341.1001
2026-01-02,4340.0000,4414.7998,4319.7002,4329.6001,154807,4329.6001
2026-01-05,4368.2998,4467.6001,4354.6001,4451.5000,211711,4451.5000
2026-01-06,4459.7998,4508.2998,4437.8999,4496.1001,176584,4496.1001
2026-01-07,4505.3999,4512.3999,4432.8999,4462.5000,202783,4462.5000
2026-01-08,4467.1001,4489.2998,4415.0000,4460.7002,208958,4460.7002
2026-01-09,4489.2998,4527.0000,4461.7998,4500.8999,217946,4500.8999
2026-01-12,4529.1001,4640.5000,4520.7998,4614.7002,307991,4614.7002
2026-01-13,4610.0000,4644.0000,4576.7002,4599.1001,267451,4599.1001
2026-01-14,4594.2998,4650.5000,4594.2998,4635.7002,306299,4635.7002
2026-01-15,4635.7002,4637.2002,4584.0000,4623.7002,226481,4623.7002
2026-01-16,4621.6001,4625.5000,4539.1001,4595.3999,246155,4595.3999
2026-01-20,4633.7002,4771.5000,4622.2002,4765.7998,414495,4765.7998
2026-01-21,4767.5000,4891.1001,4757.1001,4837.5000,400518,4837.5000
2026-01-22,4836.2002,4944.2998,4772.7002,4913.3999,265088,4913.3999
2026-01-23,4940.0000,4991.3999,4901.2002,4979.7002,276594,4979.7002
2026-01-26,5013.3999,5107.8999,4983.6001,5082.5000,433111,5082.5000
2026-01-27,5005.5000,5190.7998,5004.5000,5082.6001,325759,5082.6001
2026-01-28,5179.0000,5415.2002,5154.7998,5303.6001,112054,5303.6001
2026-01-29,5415.7002,5586.2002,5097.5000,5318.3999,570055,5318.3999
2026-01-30,5410.0000,5480.2002,4700.3999,4745.1001,508003,4745.1001
2026-02-02,4816.0000,4905.6001,4423.2002,4652.6001,385977,4652.6001
2026-02-03,4691.0000,5018.1001,4690.2002,4935.0000,260114,4935.0000
2026-02-04,4966.1001,5113.8999,4867.7002,4950.7998,245957,4950.7998
2026-02-05,4986.6001,5045.0000,4779.6001,4889.5000,234592,4889.5000
2026-02-06,4800.0000,4995.6001,4670.0000,4979.7998,177809,4979.7998
2026-02-09,5003.6001,5111.1001,4988.6001,5079.3999,124150,5079.3999
2026-02-10,5084.2998,5102.7002,5011.0000,5031.0000,105658,5031.0000
2026-02-11,5048.0000,5144.5000,5036.2998,5098.5000,129968,5098.5000
2026-02-12,5107.2998,5122.7998,4900.0000,4948.3999,161618,4948.3999
2026-02-13,4950.0000,5069.1001,4907.1001,5046.2998,123016,5046.2998
2026-02-17,5050.0000,5074.3999,4854.2002,4905.8999,166706,4905.8999
2026-02-18,4898.5000,5031.8999,4868.5000,5009.5000,98203,5009.5000
2026-02-19,4993.7002,5042.7998,4971.5000,4997.3999,87026,4997.3999
2026-02-20,5015.0000,5131.0000,4999.2998,5080.8999,136737,5080.8999
2026-02-23,5128.7998,5257.2998,5120.3999,5225.6001,140957,5225.6001
2026-02-24,5247.5000,5269.3999,5109.5000,5176.2998,145961,5176.2998
2026-02-25,5160.0000,5237.2998,5135.8999,5226.2002,110992,5226.2002
2026-02-26,5175.2998,5221.8999,5144.7998,5194.2002,131633,5194.2002
2026-02-27,5201.8999,5299.0000,5182.8999,5247.8999,151664,5247.8999
2026-03-02,5360.0000,5434.1001,5272.8999,5311.6001,227839,5311.6001
2026-03-03,5335.7002,5394.2002,5005.0000,5123.7002,273216,5123.7002
2026-03-04,5110.0000,5218.2998,5092.7998,5134.7002,146885,5134.7002
2026-03-05,5155.7002,5204.2998,5058.8999,5078.7002,151852,5078.7002
2026-03-06,5099.7002,5185.0000,5071.0000,5158.7002,160268,5158.7002
2026-03-09,5186.7002,5210.3999,5021.2002,5103.7002,181749,5103.7002
2026-03-10,5152.3999,5248.7002,5127.1001,5242.1001,179577,5242.1001
2026-03-11,5194.0000,5230.8999,5155.8999,5179.1001,140336,5179.1001
2026-03-12,5185.3999,5197.7998,5058.2002,5125.7998,153533,5125.7998
2026-03-13,5084.0000,5132.3999,5014.1001,5061.7002,160333,5061.7002
2026-03-16,5010.0000,5044.5000,4970.1001,5002.2002,170909,5002.2002
2026-03-17,5012.2002,5049.3999,4977.0000,5008.2002,119419,5008.2002
2026-03-18,5010.6001,5022.0000,4809.2998,4896.2002,217316,4896.2002
2026-03-19,4828.0000,4868.7002,4505.0000,4605.7002,303828,4605.7002
2026-03-20,4653.8999,4738.2002,4478.3999,4574.8999,226870,4574.8999
2026-03-23,4450.0000,4537.1001,4100.0000,4407.2998,398666,4407.2998
2026-03-24,4414.7998,4485.6001,4306.2998,4402.0000,209745,4402.0000
2026-03-25,4473.5000,4601.0000,4458.2002,4552.2998,245178,4552.2998
2026-03-26,4508.8999,4541.6001,4348.2002,4376.2998,247440,4376.2998
2026-03-27,4371.7998,4552.1001,4369.1001,4492.5000,74348,4492.5000
2026-03-30,4482.7998,4579.1001,4413.3999,4526.0000,10816,4526.0000
2026-03-31,4510.0000,4684.1001,4508.6001,4647.6001,176389,4647.6001
2026-04-01,4698.3999,4821.0000,4690.0000,4813.1001,166758,4813.1001
2026-04-02,4783.0000,4825.8999,4580.3999,4679.7002,0,4679.7002
2026-04-06,4675.0000,4733.1001,4626.2002,4684.7002,89405,4684.7002
2026-04-07,4678.6001,4745.7002,4631.8999,4684.7002,145711,4684.7002
2026-04-08,4747.2002,4888.0000,4720.6001,4777.2002,215119,4777.2002
2026-04-09,4744.7998,4826.0000,4718.6001,4818.0000,133629,4818.0000
2026-04-10,4790.5000,4820.0000,4752.7002,4787.3999,121566,4787.3999
2026-04-13,4710.0000,4774.3999,4626.0000,4767.3999,127322,4767.3999
2026-04-14,4769.2998,4870.2998,4767.6001,4850.1001,129586,4850.1001
2026-04-15,4862.7002,4895.3999,4807.8999,4823.6001,106707,4823.6001
2026-04-16,4813.6001,4861.2998,4792.1001,4808.2998,108864,4808.2998
2026-04-17,4811.7998,4917.7002,4785.8999,4879.6001,135440,4879.6001
2026-04-20,4811.7998,4847.8999,4752.0000,4828.7998,123214,4828.7998
2026-04-21,4842.3999,4854.7998,4685.7998,4719.6001,177092,4719.6001
2026-04-22,4738.7002,4790.7998,4733.1001,4753.0000,100063,4753.0000
2026-04-23,4759.2002,4771.2998,4680.1001,4724.0000,153536,4724.0000
2026-04-24,4715.6001,4757.1001,4672.2002,4740.8999,103218,4740.8999
2026-04-27,4713.1001,4745.7998,4681.2002,4693.7002,85748,4693.7002
2026-04-28,4697.5000,4716.5000,4567.6001,4608.3999,144757,4608.3999
2026-04-29,4611.3999,4624.2998,4522.2002,4561.5000,126415,4561.5000
2026-04-30,4557.0000,4658.7998,4550.7998,4629.6001,119642,4629.6001
2026-05-01,4636.8999,4673.0000,4570.0000,4644.5000,93230,4644.5000
2026-05-04,4644.0000,4650.6001,4510.1001,4533.2998,117006,4533.2998
2026-05-05,4534.0000,4597.5000,4522.7002,4568.5000,88281,4568.5000
2026-05-06,4569.2998,4734.6001,4556.1001,4694.2998,160439,4694.2998
2026-05-07,4702.2002,4775.2002,4693.2998,4710.8999,159525,4710.8999
2026-05-08,4682.5000,4760.3999,4671.0000,4730.7002,122010,4730.7002
2026-05-11,4690.0000,4758.3999,4655.1001,4728.7002,147404,4728.7002
2026-05-12,4745.2998,4783.3999,4645.2002,4686.7002,146315,4686.7002
2026-05-13,4722.2998,4734.7998,4676.0000,4706.7002,120048,4706.7002
2026-05-14,4696.7998,4725.7998,4649.2998,4685.2998,102965,4685.2998
2026-05-15,4654.5000,4670.1001,4513.7998,4561.8999,169760,4561.8999
2026-05-18,4547.6001,4588.6001,4483.5000,4558.0000,151971,4558.0000
2026-05-19,4570.6001,4593.2002,4467.1001,4511.2002,140957,4511.2002
2026-05-20,4486.6001,4558.3999,4455.0000,4535.2998,152270,4535.2998
2026-05-21,4548.0000,4572.3999,4488.2998,4542.5000,153243,4542.5000
2026-05-22,4544.2002,4547.0000,4488.0000,4523.2002,108508,4523.2002
2026-05-26,4532.0000,4583.2998,4480.0000,4502.2998,254516,4502.2998
2026-05-27,4507.3999,4528.1001,4398.5000,4448.3999,81062,4448.3999
2026-05-28,4453.6001,4512.6001,4363.5000,4499.2998,153472,4499.2998
2026-05-29,4527.6001,4627.1001,4519.5000,4593.0000,133439,4593.0000
2026-06-01,4575.2002,4577.2998,4476.0000,4506.2998,116787,4506.2998
2026-06-02,4515.7998,4571.2998,4492.2998,4519.8999,100306,4519.8999
2026-06-03,4520.0000,4525.1001,4454.0000,4466.8999,106691,4466.8999
2026-06-04,4462.6001,4543.2002,4450.1001,4505.0000,109643,4505.0000
2026-06-05,4503.0000,4508.7002,4336.6001,4365.2998,179306,4365.2998
2026-06-08,4354.0000,4377.5000,4293.0000,4363.3999,144089,4363.3999
2026-06-09,4354.7002,4388.6001,4259.8999,4286.3999,138100,4286.3999
2026-06-10,4276.1001,4281.1001,4090.1001,4133.2998,206026,4133.2998
2026-06-11,4094.3999,4241.2998,4046.2000,4114.0000,206270,4114.0000
2026-06-12,4234.8999,4267.7998,4191.1001,4238.7998,136146,4238.7998
2026-06-15,4289.3999,4391.5000,4283.3999,4351.6001,132136,4351.6001
2026-06-16,4331.2998,4376.5000,4326.7002,4354.3999,89925,4354.3999
2026-06-17,4352.6001,4403.6001,4237.3999,4381.3999,160543,4381.3999
2026-06-18,4275.1001,4350.2002,4220.2998,4245.8999,139534,4245.8999
2026-06-22,4163.8999,4238.1001,4151.3999,4202.7002,177657,4202.7002
2026-06-23,4210.7998,4216.0000,4108.2002,4149.3999,118495,4149.3999
2026-06-24,4130.0000,4132.3999,3975.7000,4008.8000,189386,4008.8000
2026-06-25,4019.0000,4060.0000,3976.3000,4047.6001,147347,4047.6001
2026-06-26,4044.3999,4111.5000,3998.1001,4096.2998,118966,4096.2998
2026-06-29,4101.1001,4102.8999,4012.0000,4038.8999,107421,4038.8999
2026-06-30,4032.5000,4078.1001,3955.3999,4038.5000,125413,4038.5000
2026-07-01,4025.0000,4131.0000,3973.0000,4082.3999,146949,4082.3999
2026-07-02,4049.2000,4157.1001,4042.8000,4125.7002,0,4125.7002
2026-07-06,4187.5000,4215.5000,4140.6001,4167.5000,147556,4167.5000
2026-07-07,4176.3999,4192.3999,4102.7002,4157.3999,110330,4157.3999
2026-07-08,4106.5000,4144.7002,4032.5000,4082.3999,170826,4082.3999
2026-07-09,4087.6001,4148.3999,4063.3999,4140.7998,125061,4140.7998
2026-07-10,4135.3999,4144.6001,4081.7000,4113.7002,98745,4113.7002
2026-07-13,4106.6001,4111.6001,3992.8999,4005.7000,154814,4005.7000
2026-07-14,4005.8999,4112.5000,3990.3999,4069.7000,151122,4069.7000
2026-07-15,4059.8000,4089.1001,4023.3000,4051.8000,113034,4051.8000
2026-07-16,4068.8999,4071.8999,3973.3999,3992.1001,125063,3992.1001
2026-07-17,3980.1001,4028.8999,3963.0000,4018.8000,112279,4018.8000
2026-07-20,4005.6001,4046.0000,3986.5000,4015.8999,102847,4015.8999
2026-07-21,4013.3999,4092.5000,4003.3000,4076.3999,119957,4076.3999
2026-07-22,4084.7000,4171.3999,4081.0000,4151.8999,132783,4151.8999
2026-07-23,4126.0000,4144.0000,4042.5000,4050.2000,159889,4050.2000
2026-07-24,4053.3999,4085.2000,4024.0000,4070.8000,120072,4070.8000
2026-07-27,4097.5000,4119.2998,4067.1001,4077.0000,135087,4077.0000
2026-07-28,4083.0000,4085.7000,4011.1001,4038.7000,167757,4038.7000
2026-07-29,4020.8999,4115.2002,3993.8000,4036.3000,89664,4036.3000
2026-07-30,4060.7000,4118.5000,4028.5000,4100.1001,149370,4100.1001
2026-07-31,4163.8999,4170.7002,4076.3999,4107.0000,110633,4107.0000
2026-08-03,4135.2002,4145.5000,4074.0000,4090.5000,93289,4090.5000
2026-08-04,4109.6001,4163.7998,4098.2002,4152.6001,118831,4152.6001
2026-08-05,4133.7998,4328.2002,4121.6001,4305.2002,211902,4305.2002
2026-08-06,4307.0000,4363.7002,4281.2002,4299.6001,167624,4299.6001
2026-08-07,4298.2998,4432.2998,4288.0000,4399.7002,190635,4399.7002
2026-08-10,4400.0000,4453.7998,4373.8999,4419.7002,118606,4419.7002
2026-08-11,4446.8999,4495.0000,4415.7002,4441.1001,138129,4441.1001
2026-08-12,4430.0000,4502.7002,4421.3999,4467.5000,153093,4467.5000
2026-08-13,4468.7998,4509.1001,4400.0000,4420.3999,139219,4420.3999
2026-08-14,4408.2002,4454.6001,4365.5000,4437.2998,126955,4437.2998
2026-08-17,4440.0000,4486.5000,4422.2998,4473.7002,121052,4473.7002
2026-08-18,4473.3999,4493.1001,4383.2998,4420.6001,131150,4420.6001
2026-08-19,4391.3999,4582.7998,4378.0000,4545.2998,250482,4545.2998
2026-08-20,4580.0000,4597.1001,4506.0000,4571.3999,186475,4571.3999
2026-08-21,4577.0000,4690.3999,4565.5000,4680.6001,195566,4680.6001
2026-08-24,4673.3999,4738.5000,4651.7998,4697.7998,206802,4697.7998
2026-08-25,4710.1001,4755.0000,4659.5000,4694.5000,176784,4694.5000
2026-08-26,4715.7002,4730.8999,4638.2002,4653.2998,151459,4653.2998
2026-08-27,4650.0000,4697.7002,4616.0000,4664.0000,140302,4664.0000
2026-08-28,4656.0000,4688.0000,4495.0000,4529.8999,274603,4529.8999
2026-08-31,4483.2002,4521.5000,4445.6001,4481.5000,152216,4481.5000
2026-09-01,4498.7002,4510.5000,4369.7002,4396.3999,198560,4396.3999
2026-09-02,4377.2002,4444.3999,4329.2002,4414.6001,187568,4414.6001
2026-09-03,4436.3999,4558.5000,4426.7002,4539.8999,209167,4539.8999
2026-09-04,4522.0000,4537.7998,4412.0000,4476.6001,189656,4476.6001
2026-09-08,4466.5000,4488.7998,4381.0000,4439.0000,217162,4439.0000
2026-09-09,4399.0000,4479.0000,4384.1001,4460.7002,164390,4460.7002
2026-09-10,4448.0000,4479.8999,4354.7002,4407.2998,201300,4407.2998
2026-09-11,4359.3999,4444.8999,4333.0000,4408.8999,187975,4408.8999
2026-09-14,4375.0000,4396.7998,4293.0000,4351.8999,164499,4351.8999
2026-09-15,4340.2998,4358.2002,4301.6001,4332.7998,146019,4332.7998
2026-09-16,4333.5000,4413.1001,4273.2998,4387.5000,249081,4387.5000
2026-09-17,4301.3999,4423.2998,4294.5000,4399.7002,169188,4399.7002
2026-09-18,4381.6001,4439.7998,4372.2002,4424.8999,142919,4424.8999
2026-09-21,4413.0000,4422.1001,4360.2998,4383.8999,138203,4383.8999
2026-09-22,4382.5000,4414.1001,4327.6001,4376.3999,178132,4376.3999
2026-09-23,4394.7002,4407.5000,4310.7002,4318.3999,143873,4318.3999
2026-09-24,4324.3999,4338.0000,4278.2998,4298.0000,143873,4298.0000
