date,open,high,low,close,volume,adj_close
2004-08-19,2.5025,2.6041,2.4014,2.5110,893181924,2.4889
2004-08-20,2.5278,2.7297,2.5150,2.7105,456686856,2.6866
2004-08-23,2.7715,2.8398,2.7290,2.7377,365122512,2.7137
2004-08-24,2.7838,2.7928,2.5918,2.6244,304946748,2.6013
2004-08-25,2.6266,2.7027,2.5996,2.6527,183772044,2.6293
2004-08-26,2.6264,2.7015,2.6191,2.7004,141897960,2.6767
2004-08-27,2.7052,2.7182,2.6449,2.6564,124235640,2.6331
2004-08-30,2.6346,2.6399,2.5528,2.5528,103935960,2.5304
2004-08-31,2.5601,2.5953,2.5566,2.5618,98357544,2.5393
2004-09-01,2.5701,2.5768,2.4942,2.5088,182765052,2.4867
2004-09-02,2.4822,2.5618,2.4760,2.5403,302373324,2.5180
2004-09-03,2.5263,2.5460,2.4855,2.5028,103048848,2.4808
2004-09-07,2.5278,2.5526,2.4927,2.5420,116950932,2.5197
2004-09-08,2.5210,2.5783,2.5150,2.5601,99712188,2.5376
2004-09-09,2.5658,2.5703,2.5275,2.5603,81234684,2.5378
2004-09-10,2.5425,2.6667,2.5350,2.6359,173977848,2.6127
2004-09-13,2.6684,2.7130,2.6642,2.6902,156882960,2.6665
2004-09-14,2.6889,2.8028,2.6724,2.7900,216579204,2.7655
2004-09-15,2.7668,2.8586,2.7578,2.8028,214261524,2.7782
2004-09-16,2.8113,2.8979,2.7940,2.8521,185326488,2.8270
2004-09-17,2.8634,2.9402,2.8416,2.9402,189450360,2.9143
2004-09-20,2.9267,3.0430,2.9222,2.9870,212575212,2.9607
2004-09-21,2.9982,3.0135,2.9407,2.9489,144575280,2.9230
2004-09-22,2.9379,2.9947,2.9232,2.9625,151624224,2.9364
2004-09-23,2.9740,3.0688,2.9284,3.0235,170713116,2.9969
2004-09-24,3.0265,3.1056,2.9970,2.9987,182469348,2.9724
2004-09-27,2.9920,3.0250,2.9479,2.9595,141322536,2.9334
2004-09-28,3.0355,3.1882,3.0083,3.1747,338581080,3.1468
2004-09-29,3.1707,3.3789,3.1589,3.2803,610329060,3.2514
2004-09-30,3.2508,3.3108,3.2282,3.2432,275160564,3.2147
2004-10-01,3.2733,3.3594,3.2257,3.3178,302497200,3.2887
2004-10-04,3.3846,3.4252,3.3541,3.3799,260455284,3.3502
2004-10-05,3.3699,3.4667,3.3093,3.4627,299464236,3.4323
2004-10-06,3.4422,3.4647,3.4034,3.4304,267628104,3.4003
2004-10-07,3.4264,3.5005,3.4172,3.4747,282301416,3.4442
2004-10-08,3.4715,3.4955,3.4289,3.4467,221390388,3.4164
2004-10-11,3.4284,3.4750,3.3496,3.3849,209442348,3.3551
2004-10-12,3.3644,3.4437,3.3383,3.4384,233310456,3.4082
2004-10-13,3.5866,3.5923,3.5055,3.5260,395324280,3.4950
2004-10-14,3.5288,3.5631,3.4675,3.5536,208842948,3.5223
2004-10-15,3.6269,3.6411,3.5523,3.6064,263895840,3.5747
2004-10-18,3.5836,3.7337,3.5338,3.7327,280726992,3.6999
2004-10-19,3.7663,3.8138,3.6874,3.7022,362197440,3.6697
2004-10-20,3.7045,3.7285,3.4935,3.5158,454453092,3.4849
2004-10-21,3.6136,3.7570,3.5440,3.7382,582996420,3.7054
2004-10-22,4.2678,4.5088,4.1061,4.3151,1474200324,4.2771
2004-10-25,4.4144,4.8656,4.3181,4.6897,1309257432,4.6485
2004-10-26,4.6632,4.8208,4.5045,4.5496,891391716,4.5096
2004-10-27,4.5726,4.7427,4.5488,4.6539,533725740,4.6130
2004-10-28,4.6717,4.8646,4.6446,4.8373,593278128,4.7948
2004-10-29,4.9772,5.0038,4.7698,4.7708,845653500,4.7288
2004-11-01,4.8436,4.9467,4.7865,4.9057,488507004,4.8625
2004-11-02,4.9745,4.9862,4.8383,4.8766,453398148,4.8338
2004-11-03,4.9595,5.0450,4.7735,4.7965,554992452,4.7544
2004-11-04,4.7157,4.7648,4.5883,4.6221,575807616,4.5815
2004-11-05,4.5541,4.5621,4.2180,4.2380,792530676,4.2007
2004-11-08,4.2775,4.3904,4.2392,4.3181,447224328,4.2801
2004-11-09,4.3569,4.3844,4.1359,4.2217,442125432,4.1846
2004-11-10,4.2710,4.3173,4.1624,4.2007,425334240,4.1638
2004-11-11,4.2325,4.5983,4.1934,4.5801,598820580,4.5398
2004-11-12,4.6354,4.7498,4.4394,4.5546,669174156,4.5145
2004-11-15,4.5158,4.7127,4.4732,4.6264,475583940,4.5857
2004-11-16,4.4419,4.4912,4.2750,4.3178,835859304,4.2799
2004-11-17,4.2297,4.4419,4.2292,4.3168,724590684,4.2789
2004-11-18,4.2615,4.3649,4.1474,4.1927,664518816,4.1558
2004-11-19,4.2317,4.2538,4.1672,4.2392,350421228,4.2020
2004-11-22,4.1159,4.2417,4.0368,4.1316,494233272,4.0953
2004-11-23,4.2035,4.2750,4.1667,4.1922,496035468,4.1553
2004-11-24,4.3749,4.4347,4.3171,4.3734,610628760,4.3349
2004-11-26,4.3994,4.5053,4.3874,4.4892,258944796,4.4498
2004-11-29,4.5135,4.5783,4.4422,4.5308,426237336,4.4910
2004-11-30,4.5223,4.5796,4.5108,4.5541,307692000,4.5140
2004-12-01,4.5533,4.5671,4.4932,4.5035,314249436,4.4639
2004-12-02,4.5020,4.5423,4.4682,4.4895,250185564,4.4500
2004-12-03,4.5033,4.5310,4.4444,4.5145,234533232,4.4748
2004-12-06,4.4827,4.5220,4.4049,4.4117,249909840,4.3729
2004-12-07,4.4044,4.4094,4.2680,4.2900,274561164,4.2523
2004-12-08,4.2630,4.3463,4.2225,4.2538,301370328,4.2164
2004-12-09,4.2605,4.3418,4.2160,4.3401,305853840,4.3019
2004-12-10,4.3401,4.3764,4.2865,4.2955,172515312,4.2578
2004-12-13,4.3086,4.3338,4.2405,4.2655,192551256,4.2280
2004-12-14,4.2793,4.4750,4.2442,4.4717,443092464,4.4324
2004-12-15,4.4542,4.5218,4.4209,4.4990,458381160,4.4595
2004-12-16,4.4282,4.5168,4.4032,4.4162,342569088,4.3774
2004-12-17,4.4234,4.5170,4.4182,4.5065,295152552,4.4669
2004-12-20,4.5546,4.7162,4.5513,4.6301,392986620,4.5894
2004-12-21,4.6624,4.7017,4.5896,4.5983,220431348,4.5579
2004-12-22,4.6021,4.6759,4.5798,4.6622,156123720,4.6212
2004-12-23,4.6909,4.7197,4.6547,4.7022,144439416,4.6609
2004-12-27,4.7335,4.8373,4.7322,4.8026,243919836,4.7603
2004-12-28,4.8076,4.8436,4.7800,4.8238,165666168,4.7814
2004-12-29,4.7993,4.8428,4.7993,4.8273,107016876,4.7849
2004-12-30,4.8291,4.9607,4.8011,4.9449,235935828,4.9015
2004-12-31,4.9857,5.0020,4.8188,4.8246,306433260,4.7822
2005-01-03,4.9399,5.0961,4.8914,5.0728,633134232,5.0282
2005-01-04,5.0400,5.0783,4.8418,4.8674,549685764,4.8246
2005-01-05,4.8411,4.9274,4.8106,4.8426,329134536,4.8000
2005-01-06,4.8819,4.9024,4.6977,4.7185,415068516,4.6770
2005-01-07,4.7708,4.8611,4.7242,4.8511,386129484,4.8085
2005-01-10,4.8674,4.9575,4.8006,4.8814,301282416,4.8385
2005-01-11,4.8954,4.9477,4.8343,4.8433,278069652,4.8008
2005-01-12,4.8631,4.9032,4.7673,4.8894,326784888,4.8464
2005-01-13,4.8894,4.9397,4.8561,4.8881,273702024,4.8452
2005-01-14,4.9049,5.0053,4.8581,5.0043,385226388,4.9603
2005-01-18,5.0293,5.1306,4.9715,5.1026,526377096,5.0578
2005-01-19,5.1214,5.1376,4.9227,4.9374,449857692,4.8940
2005-01-20,4.8173,4.9112,4.8048,4.8529,359703936,4.8102
2005-01-21,4.8684,4.8889,4.7077,4.7117,369965664,4.6703
2005-01-24,4.7220,4.7380,4.5125,4.5225,560347092,4.4828
2005-01-25,4.5531,4.5606,4.4117,4.4324,425941632,4.3935
2005-01-26,4.4862,4.7400,4.4832,4.7357,491823684,4.6941
2005-01-27,4.7237,4.7262,4.6346,4.7067,264830904,4.6653
2005-01-28,4.7553,4.8724,4.6632,4.7633,487839672,4.7214
2005-01-31,4.8471,4.9139,4.7978,4.8954,383484132,4.8524
2005-02-01,4.8644,4.9214,4.7705,4.8023,752806440,4.7601
2005-02-02,5.3941,5.4254,5.0966,5.1542,1310660028,5.1089
2005-02-03,5.1549,5.3396,5.1504,5.2768,519004476,5.2304
2005-02-04,5.1669,5.1989,5.0701,5.1141,592179228,5.0692
2005-02-07,5.1366,5.1652,4.8926,4.9057,517897584,4.8625
2005-02-08,4.9289,5.0055,4.8681,4.9710,458740800,4.9273
2005-02-09,5.0240,5.0450,4.7412,4.7943,686173140,4.7522
2005-02-10,4.8041,4.8101,4.6359,4.7042,758548692,4.6629
2005-02-11,4.6712,4.8128,4.6564,4.6897,524115360,4.6485
2005-02-14,4.5758,4.8318,4.5295,4.8296,1540945512,4.7871
2005-02-15,4.8448,5.0010,4.8318,4.8856,1030280688,4.8427
2005-02-16,4.8724,4.9882,4.8624,4.9652,660630708,4.9216
2005-02-17,4.9507,4.9987,4.9252,4.9525,416159424,4.9089
2005-02-18,4.9677,4.9760,4.9214,4.9537,339096564,4.9102
2005-02-22,4.9174,4.9775,4.7645,4.7890,538808652,4.7469
2005-02-23,4.8373,4.8669,4.7212,4.8536,622816560,4.8109
2005-02-24,4.5888,4.7510,4.5603,4.7270,1031539428,4.6854
2005-02-25,4.7335,4.7528,4.6424,4.6514,398541060,4.6105
2005-02-28,4.6547,4.7515,4.6509,4.7045,312423264,4.6631
2005-03-01,4.7370,4.7485,4.5546,4.6562,372075552,4.6152
2005-03-02,4.6534,4.6964,4.6136,4.6341,291128580,4.5934
2005-03-03,4.6579,4.6984,4.6124,4.6799,304039656,4.6388
2005-03-04,4.6722,4.6859,4.6314,4.6522,270693036,4.6113
2005-03-07,4.6992,4.7447,4.6804,4.7250,346349304,4.6834
2005-03-08,4.7322,4.7510,4.6289,4.6346,321522156,4.5939
2005-03-09,4.6099,4.6209,4.5085,4.5383,453961584,4.4984
2005-03-10,4.5298,4.5345,4.4394,4.5040,437981580,4.4644
2005-03-11,4.5155,4.5283,4.4332,4.4494,320810868,4.4103
2005-03-14,4.4627,4.4645,4.3186,4.3791,445418136,4.3406
2005-03-15,4.3869,4.5045,4.3596,4.4697,416467116,4.4304
2005-03-16,4.4219,4.4697,4.3796,4.3944,283967748,4.3558
2005-03-17,4.4327,4.4955,4.3994,4.4867,330093576,4.4473
2005-03-18,4.4747,4.5145,4.4622,4.5055,283316400,4.4659
2005-03-21,4.4862,4.5588,4.4357,4.5265,299048652,4.4867
2005-03-22,4.5340,4.5531,4.4507,4.4695,225042732,4.4302
2005-03-23,4.4537,4.5105,4.4537,4.4790,193606200,4.4396
2005-03-24,4.5220,4.5260,4.4845,4.4857,148059792,4.4463
2005-03-28,4.5465,4.6246,4.5283,4.5400,349170480,4.5001
2005-03-29,4.5308,4.5866,4.4562,4.4937,258661080,4.4542
2005-03-30,4.5205,4.5408,4.4945,4.5158,249194556,4.4761
2005-03-31,4.4532,4.5393,4.4454,4.5173,270473256,4.4776
2005-04-01,4.5485,4.5783,4.5043,4.5055,247032720,4.4659
2005-04-04,4.5033,4.6376,4.5005,4.6369,322732944,4.5961
2005-04-05,4.6979,4.7613,4.6939,4.7190,349118532,4.6775
2005-04-06,4.7357,4.7460,4.6942,4.7352,209893896,4.6936
2005-04-07,4.7242,4.8704,4.7207,4.8488,387300312,4.8062
2005-04-08,4.8471,4.8824,4.7910,4.8061,204459336,4.7638
2005-04-11,4.8321,4.8749,4.8128,4.8356,216203580,4.7931
2005-04-12,4.8298,4.8654,4.7400,4.8539,292491216,4.8112
2005-04-13,4.8416,4.8629,4.7480,4.8281,261969768,4.7856
2005-04-14,4.8366,4.8639,4.7573,4.7910,245861892,4.7489
2005-04-15,4.7573,4.7633,4.6211,4.6296,462632904,4.5889
2005-04-18,4.6191,4.7017,4.5918,4.6789,261749988,4.6378
2005-04-19,4.7380,4.8048,4.7055,4.7898,336862800,4.7477
2005-04-20,4.9695,5.0175,4.9027,4.9575,617441940,4.9139
2005-04-21,5.0155,5.1301,4.9880,5.1106,709365924,5.0657
2005-04-22,5.5781,5.6056,5.3619,5.4007,1326875796,5.3532
2005-04-25,5.4510,5.6241,5.4434,5.5938,792806400,5.5447
2005-04-26,5.5110,5.5556,5.4627,5.4742,690189120,5.4261
2005-04-27,5.4552,5.5268,5.4239,5.5000,410181408,5.4517
2005-04-28,5.4930,5.5576,5.4482,5.4917,346964688,5.4435
2005-04-29,5.5533,5.5618,5.4510,5.5055,366441192,5.4571
2005-05-02,5.5568,5.5981,5.5108,5.5628,390305304,5.5139
2005-05-03,5.5518,5.7095,5.5385,5.6604,710496792,5.6107
2005-05-04,5.6864,5.7528,5.6807,5.7182,482856660,5.6680
2005-05-05,5.7212,5.7212,5.6527,5.6802,300083616,5.6303
2005-05-06,5.7157,5.7370,5.6674,5.7062,270285444,5.6561
2005-05-09,5.7057,5.7182,5.6414,5.6562,221250528,5.6064
2005-05-10,5.6424,5.7007,5.6236,5.7007,253578168,5.6506
2005-05-11,5.7300,5.8053,5.7040,5.7880,458692848,5.7372
2005-05-12,5.7760,5.8116,5.7107,5.7237,357570072,5.6734
2005-05-13,5.7352,5.7830,5.6887,5.7367,296323380,5.6863
2005-05-16,5.7477,5.7963,5.7200,5.7820,227028744,5.7312
2005-05-17,5.7698,5.8421,5.7608,5.8341,312043644,5.7828
2005-05-18,5.8461,6.0053,5.8438,5.9850,491987520,5.9324
2005-05-19,6.0145,6.0353,5.9627,5.9855,388271340,5.9329
2005-05-20,6.0363,6.0478,5.9972,6.0463,326213460,5.9932
2005-05-23,6.0851,6.4590,6.0738,6.3926,854676468,6.3365
2005-05-24,6.4304,6.6426,6.3438,6.4064,1160562276,6.3501
2005-05-25,6.3246,6.5310,6.2720,6.5268,721593684,6.4694
2005-05-26,6.5305,6.6006,6.4640,6.4865,541322136,6.4295
2005-05-27,6.5180,6.6579,6.4877,6.6567,486876636,6.5981
2005-05-31,6.7425,6.9670,6.7410,6.9387,888582528,6.8777
2005-06-01,7.0871,7.3296,7.0576,7.2072,1406260332,7.1439
2005-06-02,7.2255,7.2518,7.1221,7.2047,718245036,7.1414
2005-06-03,7.1769,7.2397,6.9422,7.0135,750540708,6.9519
2005-06-06,7.0668,7.3511,7.0528,7.2808,900134964,7.2168
2005-06-07,7.4349,7.4972,7.2648,7.3353,971947080,7.2709
2005-06-08,7.3286,7.3371,6.9570,6.9960,1027007964,6.9345
2005-06-09,7.1251,7.2197,7.0210,7.1649,656986356,7.1019
2005-06-10,7.1819,7.1892,7.0075,7.0696,507356136,7.0074
2005-06-13,7.0025,7.1119,6.9199,7.0758,511615872,7.0136
2005-06-14,6.9717,7.0380,6.9507,6.9657,403272324,6.9045
2005-06-15,6.8819,6.9394,6.6924,6.8769,834488676,6.8164
2005-06-16,6.8634,6.9645,6.8336,6.9429,497997504,6.8819
2005-06-17,6.9820,7.0145,6.9044,7.0145,416958624,6.9529
2005-06-20,6.9092,7.1989,6.8000,7.1747,840147012,7.1116
2005-06-21,7.2090,7.2648,7.1314,7.2032,604686708,7.1399
2005-06-22,7.2490,7.3153,7.2240,7.2397,418541040,7.1761
2005-06-23,7.2072,7.3776,7.1697,7.2500,561693744,7.1863
2005-06-24,7.2798,7.4575,7.2467,7.4387,710137152,7.3733
2005-06-27,7.4800,7.6194,7.3539,7.6101,711403884,7.5432
2005-06-28,7.6647,7.7390,7.5576,7.5576,760698540,7.4911
2005-06-29,7.5701,7.6171,7.3111,7.3253,731216052,7.2609
2005-06-30,7.3659,7.4807,7.2833,7.3611,603172224,7.2964
2005-07-01,7.3834,7.4134,7.2377,7.2885,368734896,7.2245
2005-07-05,7.3098,7.4069,7.2630,7.4001,299460240,7.3351
2005-07-06,7.4399,7.4474,7.2918,7.2953,319691988,7.2312
2005-07-07,7.2420,7.4024,7.2200,7.3959,426457116,7.3309
2005-07-08,7.4137,7.4449,7.3586,7.4132,298005696,7.3480
2005-07-11,7.4174,7.4224,7.2828,7.3411,335276388,7.2766
2005-07-12,7.3421,7.3674,7.2805,7.3018,234361404,7.2376
2005-07-13,7.3201,7.4885,7.3098,7.4790,457058484,7.4132
2005-07-14,7.6411,7.6764,7.5093,7.5298,426281292,7.4636
2005-07-15,7.5385,7.5926,7.5020,7.5373,337198464,7.4710
2005-07-18,7.5075,7.5551,7.4512,7.4960,248063688,7.4301
2005-07-19,7.5601,7.7665,7.5526,7.7553,504351144,7.6871
2005-07-20,7.6469,7.8231,7.5526,7.8078,571843584,7.7392
2005-07-21,7.8591,7.9530,7.7880,7.8564,790784424,7.7873
2005-07-22,7.6669,7.7390,7.4157,7.5676,934536528,7.5011
2005-07-25,7.5673,7.5898,7.3814,7.4037,385965648,7.3386
2005-07-26,7.3826,7.4575,7.3096,7.4097,392283324,7.3445
2005-07-27,7.4510,7.4632,7.3173,7.4307,288427284,7.3654
2005-07-28,7.4427,7.4427,7.3393,7.3448,236786976,7.2803
2005-07-29,7.3108,7.3283,7.1819,7.2012,334197468,7.1379
2005-08-01,7.2102,7.3198,7.2097,7.2975,226269504,7.2334
2005-08-02,7.2973,7.4955,7.2853,7.4872,291316392,7.4214
2005-08-03,7.4575,7.5005,7.3974,7.4399,236986776,7.3745
2005-08-04,7.3961,7.4825,7.3886,7.4507,209250540,7.3852
2005-08-05,7.4449,7.4702,7.2900,7.3161,237350412,7.2518
2005-08-08,7.3473,7.3986,7.2695,7.2885,179092728,7.2245
2005-08-09,7.3063,7.3243,7.2200,7.2965,230940828,7.2324
2005-08-10,7.2898,7.3156,7.1291,7.1491,274884840,7.0863
2005-08-11,7.1544,7.1717,7.0225,7.1084,300295404,7.0459
2005-08-12,7.0911,7.2623,7.0480,7.2502,263172564,7.1865
2005-08-15,7.2523,7.3266,7.1014,7.1071,326661012,7.0446
2005-08-16,7.1291,7.2020,7.0906,7.1484,284083632,7.0856
2005-08-17,7.1449,7.1714,7.1071,7.1346,155176668,7.0719
2005-08-18,6.9047,7.0195,6.8819,7.0068,474437088,6.9452
2005-08-19,7.0318,7.0433,6.9975,7.0070,221494284,6.9454
2005-08-22,7.0380,7.0438,6.8406,6.8571,272247480,6.7968
2005-08-23,6.9109,7.0005,6.8599,6.9965,232635132,6.9350
2005-08-24,6.9462,7.1259,6.9182,7.0713,343380276,7.0092
2005-08-25,7.0708,7.1071,7.0063,7.0718,174888936,7.0097
2005-08-26,7.0941,7.1326,7.0736,7.0966,150061788,7.0342
2005-08-29,7.0631,7.2352,7.0631,7.2185,235883880,7.1550
2005-08-30,7.1919,7.2450,7.1542,7.1889,191488320,7.1258
2005-08-31,7.2130,7.2197,7.1161,7.1572,201158640,7.0943
2005-09-01,7.1549,7.1947,7.1321,7.1634,109574316,7.1005
2005-09-02,7.1699,7.2570,7.1682,7.2185,137242620,7.1550
2005-09-06,7.2322,7.2420,7.1772,7.1849,168323508,7.1218
2005-09-07,7.1544,7.3949,7.1391,7.3791,299680020,7.3143
2005-09-08,7.3781,7.4895,7.3413,7.3921,264267468,7.3272
2005-09-09,7.4394,7.4850,7.4214,7.4847,175444380,7.4190
2005-09-12,7.5513,7.7933,7.5325,7.7513,415044540,7.6831
2005-09-13,7.7327,7.8961,7.6619,7.7998,411584004,7.7312
2005-09-14,7.7260,7.8398,7.5150,7.5826,450580968,7.5159
2005-09-15,7.4955,7.6764,7.4552,7.5731,618029352,7.5065
2005-09-16,7.6081,7.6201,7.5043,7.5125,302888808,7.4465
2005-09-19,7.5325,7.6577,7.5253,7.6024,230245524,7.5355
2005-09-20,7.6614,7.7903,7.6384,7.7055,373665960,7.6377
2005-09-21,7.7180,7.8519,7.6567,7.8053,404383212,7.7367
2005-09-22,7.7953,7.9885,7.7620,7.7920,519735744,7.7236
2005-09-23,7.8328,7.9382,7.8226,7.8919,339012648,7.8225
2005-09-26,7.9955,8.0318,7.8218,7.8649,395380224,7.7957
2005-09-27,7.8816,7.9682,7.8423,7.8564,274649076,7.7873
2005-09-28,7.8634,7.8854,7.6476,7.6577,319576104,7.5904
2005-09-29,7.6747,7.7758,7.6597,7.7482,224327448,7.6801
2005-09-30,7.8634,7.9454,7.8151,7.9194,365685948,7.8498
2005-10-03,7.8486,8.0108,7.8276,7.9750,366045588,7.9049
2005-10-04,8.0068,8.0400,7.7763,7.7828,365406228,7.7144
2005-10-05,7.8251,7.8804,7.7077,7.7755,332802864,7.7072
2005-10-06,7.8614,7.8699,7.7600,7.8266,319432248,7.7578
2005-10-07,7.8776,7.9247,7.7713,7.8326,270541188,7.7637
2005-10-10,7.8406,7.8784,7.7365,7.7740,222665112,7.7057
2005-10-11,7.7730,7.8241,7.6291,7.6602,341362296,7.5928
2005-10-12,7.6376,7.6874,7.4825,7.5318,371875752,7.4656
2005-10-13,7.5576,7.5576,7.2743,7.4434,422285292,7.3780
2005-10-14,7.5050,7.5133,7.3208,7.4109,340423236,7.3458
2005-10-17,7.4449,7.6376,7.3714,7.6326,302365332,7.5655
2005-10-18,7.6316,7.7067,7.5761,7.5896,282828888,7.5229
2005-10-19,7.6076,7.7545,7.6066,7.7252,280147572,7.6573
2005-10-20,7.7575,7.7860,7.5378,7.5876,555911532,7.5209
2005-10-21,8.6537,8.6694,8.3333,8.5060,914780304,8.4312
2005-10-24,8.5928,8.7412,8.5633,8.7250,376890732,8.6483
2005-10-25,8.6532,8.6937,8.5801,8.6814,274856868,8.6051
2005-10-26,8.6657,8.9089,8.6634,8.8949,355943700,8.8167
2005-10-27,8.9239,8.9362,8.8008,8.8353,205170624,8.7577
2005-10-28,8.8906,8.9827,8.8844,8.9632,235903860,8.8844
2005-10-31,9.0150,9.3781,8.9967,9.3128,573142284,9.2310
2005-11-01,9.3058,9.6071,9.2345,9.4940,653589756,9.4105
2005-11-02,9.5521,9.6346,9.4387,9.5015,422193384,9.4180
2005-11-03,9.5698,9.6742,9.5440,9.6584,297638064,9.5735
2005-11-04,9.7593,9.8046,9.6459,9.7705,352643004,9.6846
2005-11-07,9.8874,9.9467,9.8136,9.8856,383276340,9.7987
2005-11-08,9.8661,9.8996,9.7242,9.7573,315584100,9.6715
2005-11-09,9.6764,9.7170,9.4602,9.4882,418257324,9.4048
2005-11-10,9.4685,9.7935,9.4452,9.7873,364782852,9.7013
2005-11-11,9.8879,9.9324,9.7310,9.7698,282273444,9.6839
2005-11-14,9.8128,9.9655,9.7980,9.9342,312003684,9.8469
2005-11-15,9.8694,9.9349,9.7835,9.8298,344651004,9.7434
2005-11-16,9.9149,9.9812,9.8626,9.9637,347460192,9.8761
2005-11-17,10.0551,10.1054,9.9982,10.0963,368119512,10.0076
2005-11-18,10.0973,10.1226,10.0063,10.0153,280742976,9.9272
2005-11-21,9.9892,10.2598,9.8471,10.2442,412990596,10.1542
2005-11-22,10.2265,10.4432,10.1659,10.4222,383456160,10.3306
2005-11-23,10.4364,10.6286,10.4049,10.5821,402996600,10.4891
2005-11-25,10.6552,10.7295,10.6431,10.7262,193410396,10.6320
2005-11-28,10.7563,10.7918,10.5716,10.5976,439895664,10.5045
2005-11-29,10.6221,10.6707,10.0636,10.0986,858972168,10.0098
2005-11-30,10.1166,10.2215,9.8989,10.1329,623240136,10.0438
2005-12-01,10.2402,10.3964,10.2175,10.3626,389406204,10.2715
2005-12-02,10.4339,10.4987,10.3569,10.4530,301438260,10.3611
2005-12-05,10.4354,10.4479,10.1171,10.1564,411164424,10.0671
2005-12-06,10.2277,10.4207,10.0526,10.1236,604406988,10.0346
2005-12-07,10.1642,10.1777,9.9852,10.1156,466169364,10.0267
2005-12-08,10.1426,10.2765,10.0761,10.2765,356043600,10.1862
2005-12-09,10.3854,10.4049,10.2242,10.2402,305430264,10.1502
2005-12-12,10.3761,10.3906,10.2590,10.3256,277725996,10.2348
2005-12-13,10.3228,10.4605,10.3013,10.4477,326225448,10.3559
2005-12-14,10.4364,10.5038,10.3976,10.4845,264950784,10.3923
2005-12-15,10.4882,10.5891,10.4229,10.5743,241590168,10.4814
2005-12-16,10.6441,10.8233,10.5793,10.7645,652566780,10.6699
2005-12-19,10.8158,11.1664,10.5133,10.6256,876594528,10.5322
2005-12-20,10.7072,10.8158,10.6274,10.7543,402984612,10.6597
2005-12-21,10.8496,10.9324,10.5283,10.6689,448427124,10.5751
2005-12-22,10.8051,10.8323,10.6589,10.8118,301562136,10.7168
2005-12-23,10.8146,10.8233,10.7302,10.7840,183620196,10.6892
2005-12-27,10.8073,10.8073,10.5796,10.6266,267843888,10.5332
2005-12-28,10.6191,10.7052,10.5420,10.6779,284431284,10.5841
2005-12-29,10.7102,10.7290,10.4897,10.5143,277554168,10.4219
2005-12-30,10.4422,10.4657,10.3539,10.3819,303180516,10.2906
2006-01-03,10.5736,10.9027,10.4660,10.8916,524323152,10.7959
2006-01-04,11.1086,11.2352,11.0048,11.1421,610844544,11.0442
2006-01-05,11.1612,11.3000,11.0485,11.2923,431899668,11.1930
2006-01-06,11.4332,11.7743,11.3423,11.6532,709565724,11.5507
2006-01-09,11.6719,11.8468,11.5350,11.6842,511164324,11.5815
2006-01-10,11.6221,11.7680,11.5626,11.7558,363520116,11.6524
2006-01-11,11.7935,11.8896,11.7412,11.8026,359935704,11.6988
2006-01-12,11.8549,11.8866,11.5490,11.6024,404606988,11.5004
2006-01-13,11.6194,11.6839,11.5518,11.6679,305957736,11.5654
2006-01-17,11.5881,11.7593,11.5748,11.6894,330481188,11.5867
2006-01-18,11.1937,11.4454,11.0923,11.1339,818608572,11.0360
2006-01-19,11.2905,11.3486,10.8358,10.9222,580910508,10.8262
2006-01-20,10.9785,11.0118,9.8784,9.9965,1643023332,9.9086
2006-01-23,10.1947,10.7205,10.1534,10.6982,908746344,10.6042
2006-01-24,10.9117,11.1349,10.8729,11.0868,617965416,10.9894
2006-01-25,11.2928,11.3671,10.7412,10.8358,748842408,10.7406
2006-01-26,10.9995,11.0108,10.5996,10.8676,516526956,10.7721
2006-01-27,10.8859,10.9665,10.7352,10.8481,337749912,10.7528
2006-01-30,10.7415,10.8428,10.6356,10.6812,343212444,10.5873
2006-01-31,10.7750,11.0010,10.6099,10.8273,881757360,10.7322
2006-02-01,9.7355,10.0601,9.6977,10.0546,1083815100,9.9662
2006-02-02,10.1056,10.1727,9.9094,9.9109,471835692,9.8238
2006-02-03,9.8504,9.8574,9.3236,9.5483,730540728,9.4644
2006-02-06,9.6424,9.7573,9.4985,9.6371,357258384,9.5524
2006-02-07,9.5843,9.6021,9.0928,9.2072,664542792,9.1263
2006-02-08,9.2212,9.2765,8.8756,9.2362,831331836,9.1551
2006-02-09,9.2893,9.3694,8.9117,8.9782,476019504,8.8993
2006-02-10,9.0578,9.1216,8.8373,9.0743,608331060,8.9946
2006-02-13,8.6747,8.7738,8.5558,8.6512,787923288,8.5751
2006-02-14,8.6419,8.8011,8.5686,8.5916,585573840,8.5161
2006-02-15,8.5403,8.6587,8.4542,8.5681,517362120,8.4928
2006-02-16,8.6504,9.1842,8.6209,9.1707,851767380,9.0901
2006-02-17,9.2558,9.3128,9.0996,9.2280,572235192,9.1469
2006-02-21,9.1702,9.3478,9.1369,9.1739,347092560,9.0933
2006-02-22,9.1879,9.2330,9.1056,9.1464,258788952,9.0660
2006-02-23,9.1494,9.5405,9.1439,9.4612,501561936,9.3781
2006-02-24,9.4419,9.5113,9.3466,9.4444,259112628,9.3614
2006-02-27,9.5413,9.8023,9.5165,9.7693,408079512,9.6834
2006-02-28,9.8398,9.9484,8.4712,9.0746,1575926496,8.9948
2006-03-01,9.2232,9.2455,9.0415,9.1291,481965552,9.0489
2006-03-02,9.1161,9.5370,9.0641,9.4207,732478788,9.3379
2006-03-03,9.6171,9.6907,9.4034,9.4640,478001520,9.3808
2006-03-06,9.5323,9.5946,9.1877,9.2117,357230412,9.1307
2006-03-07,9.1346,9.2205,8.9627,9.1204,414736848,9.0402
2006-03-08,8.8571,9.0098,8.7723,8.8559,469354176,8.7780
2006-03-09,8.8936,8.9722,8.5460,8.5836,555859584,8.5081
2006-03-10,8.5961,8.6211,8.2970,8.4459,772250976,8.3717
2006-03-13,8.5318,8.6612,8.3946,8.4349,545150304,8.3608
2006-03-14,8.4369,8.8181,8.3238,8.7878,737289972,8.7106
2006-03-15,8.7780,8.8163,8.5218,8.6211,510241248,8.5453
2006-03-16,8.7240,8.7275,8.4560,8.4777,400267332,8.4032
2006-03-17,8.4785,8.5531,8.3816,8.5033,341725932,8.4285
2006-03-20,8.5671,8.7610,8.5470,8.7135,415887696,8.6369
2006-03-21,8.7590,8.8003,8.4855,8.5065,392850756,8.4317
2006-03-22,8.5023,8.6111,8.4459,8.5140,303536160,8.4392
2006-03-23,8.5673,8.6524,8.5135,8.5558,297090612,8.4806
2006-03-24,9.2247,9.2615,9.0718,9.1542,606616776,9.0737
2006-03-27,9.1864,9.3021,9.1341,9.2515,280667052,9.1702
2006-03-28,9.3021,9.4560,9.2885,9.4394,357474168,9.3565
2006-03-29,9.5080,9.9850,9.4972,9.8844,760338900,9.7975
2006-03-30,9.7395,9.8473,9.5998,9.7207,587879532,9.6353
2006-03-31,9.7282,9.8066,9.6104,9.7598,1459395144,9.6740
2006-04-03,9.7480,9.8216,9.7080,9.7523,324583092,9.6665
2006-04-04,9.7573,10.1326,9.7132,10.1186,627999372,10.0297
2006-04-05,10.2152,10.3746,10.0806,10.2100,535883580,10.1202
2006-04-06,10.1724,10.3576,10.1459,10.2898,343596060,10.1994
2006-04-07,10.3206,10.3316,10.1106,10.1642,280754964,10.0748
2006-04-10,10.1872,10.4397,10.1414,10.4199,372431196,10.3283
2006-04-11,10.4209,10.4880,10.1657,10.2518,443843712,10.1616
2006-04-12,10.2352,10.2935,10.1399,10.2340,240439320,10.1440
2006-04-13,10.2260,10.2543,10.0225,10.0641,261853884,9.9756
2006-04-17,10.0963,10.3228,10.0310,10.1807,330049620,10.0912
2006-04-18,10.2085,10.2560,10.0475,10.1161,325178496,10.0272
2006-04-19,10.3246,10.3514,10.1784,10.2728,270996732,10.1825
2006-04-20,10.2855,10.4104,10.2152,10.3854,490369140,10.2941
2006-04-21,11.2337,11.2793,10.9152,10.9384,901149948,10.8423
2006-04-24,10.9960,11.1286,10.9239,11.0235,353102544,10.9266
2006-04-25,11.0018,11.0370,10.6607,10.6897,382377240,10.5957
2006-04-26,10.7042,10.7618,10.5988,10.6599,290820888,10.5662
2006-04-27,10.5833,10.6834,10.4952,10.5113,333182484,10.4189
2006-04-28,10.4762,10.6539,10.4179,10.4590,296555148,10.3670
2006-05-01,10.4722,10.4965,9.9737,9.9825,414033552,9.8947
2006-05-02,10.0370,10.0723,9.7197,9.8799,523647828,9.7930
2006-05-03,9.9187,10.0475,9.7818,9.8641,322565112,9.7774
2006-05-04,9.8856,9.9817,9.8151,9.8786,185893920,9.7918
2006-05-05,9.9500,10.0270,9.8043,9.8674,242357400,9.7806
2006-05-08,9.8876,9.9379,9.7610,9.8794,204539256,9.7925
2006-05-09,9.9024,10.2352,9.8536,10.2302,365258376,10.1403
2006-05-10,10.2180,10.3031,10.0566,10.0846,247240512,9.9959
2006-05-11,10.0956,10.1279,9.6341,9.6847,355356288,9.5996
2006-05-12,9.5981,9.6314,9.3481,9.3626,403100496,9.2803
2006-05-15,9.4077,9.5133,9.2155,9.4144,343260396,9.3317
2006-05-16,9.4092,9.4309,9.2565,9.2918,259384356,9.2101
2006-05-17,9.2745,9.5055,9.2648,9.3719,425326248,9.2895
2006-05-18,9.4790,9.5548,9.2770,9.2840,233166600,9.2024
2006-05-19,9.3413,9.3719,9.0233,9.2598,455472072,9.1784
2006-05-22,9.2055,9.3351,9.1404,9.2830,343831824,9.2014
2006-05-23,9.3646,9.6066,9.3483,9.3989,358960680,9.3163
2006-05-24,9.4432,9.5956,9.2996,9.5408,381769848,9.4569
2006-05-25,9.4865,9.5846,9.3171,9.5843,327456216,9.5001
2006-05-26,9.6234,9.6567,9.5103,9.5433,146533320,9.4594
2006-05-30,9.4665,9.5345,9.2955,9.3078,172467360,9.2260
2006-05-31,9.3544,9.4657,9.1787,9.3048,318932748,9.2230
2006-06-01,9.3478,9.5843,9.2993,9.5751,250868880,9.4909
2006-06-02,9.6807,9.6867,9.4457,9.4955,255200544,9.4120
2006-06-05,9.4139,9.5458,9.3631,9.3704,222117660,9.2880
2006-06-06,9.4239,9.7598,9.4169,9.7595,409981608,9.6737
2006-06-07,9.8408,9.8814,9.6722,9.6724,356095548,9.5874
2006-06-08,9.7035,9.8666,9.4742,9.8423,413965620,9.7558
2006-06-09,9.8146,9.8956,9.6434,9.6739,246053700,9.5889
2006-06-12,9.7182,9.7720,9.5345,9.5480,200563236,9.4641
2006-06-13,9.5320,9.6847,9.4625,9.6727,306057636,9.5877
2006-06-14,9.7555,9.7873,9.4725,9.6194,310569120,9.5348
2006-06-15,9.6752,9.8161,9.5846,9.7848,271156572,9.6988
2006-06-16,9.7372,9.7830,9.7097,9.7773,211971816,9.6913
2006-06-19,9.7810,9.8799,9.6842,9.7132,305018676,9.6278
2006-06-20,9.7105,9.8066,9.6724,9.6889,161434404,9.6038
2006-06-21,9.7863,10.1101,9.7535,10.0633,349426224,9.9749
2006-06-22,10.0496,10.1602,9.7097,10.0088,236239524,9.9208
2006-06-23,10.0791,10.2540,10.0285,10.1316,212379408,10.0426
2006-06-26,10.1789,10.2177,10.0913,10.1156,141905952,10.0267
2006-06-27,10.1529,10.2102,10.0353,10.0681,164119716,9.9796
2006-06-28,10.1104,10.1722,10.0383,10.1629,148271580,10.0736
2006-06-29,10.2100,10.4655,10.1557,10.4557,266061672,10.3638
2006-06-30,10.4004,10.4937,10.3186,10.4937,250069680,10.4015
2006-07-03,10.5115,10.6049,10.4967,10.5906,86181732,10.4975
2006-07-05,10.5485,10.5806,10.4014,10.5470,199224576,10.4543
2006-07-06,10.5951,10.6451,10.5601,10.5903,147336516,10.4973
2006-07-07,10.6619,10.7080,10.4074,10.5218,241434324,10.4293
2006-07-10,10.5966,10.6414,10.4199,10.4655,177278544,10.3735
2006-07-11,10.4732,10.6369,10.3361,10.6246,238613148,10.5312
2006-07-12,10.5628,10.5791,10.4287,10.4417,196071732,10.3499
2006-07-13,10.3604,10.4690,10.1809,10.2310,276703020,10.1411
2006-07-14,10.2685,10.2975,9.9752,10.0976,301781916,10.0088
2006-07-17,10.1259,10.2853,10.1031,10.2075,232243524,10.1177
2006-07-18,10.2540,10.2745,9.9535,10.0863,341130528,9.9977
2006-07-19,9.8851,10.0385,9.8764,9.9850,340399260,9.8972
2006-07-20,10.1171,10.1211,9.6512,9.6877,501046452,9.6025
2006-07-21,9.6632,9.8036,9.4517,9.7625,469713816,9.6767
2006-07-24,9.8303,9.8571,9.5398,9.7823,323120556,9.6963
2006-07-25,9.6351,9.7925,9.6046,9.7437,230213556,9.6581
2006-07-26,9.7147,9.8076,9.5846,9.6471,221054724,9.5624
2006-07-27,9.6939,9.6969,9.4582,9.5696,225418356,9.4855
2006-07-28,9.5596,9.7487,9.5528,9.7127,163180656,9.6273
2006-07-31,9.7097,9.7390,9.5923,9.6747,183628188,9.5896
2006-08-01,9.6374,9.6539,9.3971,9.3971,218309472,9.3146
2006-08-02,9.3994,9.4387,9.1391,9.1899,283628088,9.1092
2006-08-03,9.1336,9.4572,9.0931,9.3941,252826920,9.3116
2006-08-04,9.4985,9.5265,9.3031,9.3556,203604192,9.2734
2006-08-07,9.2968,9.5028,9.2880,9.4582,157718124,9.3751
2006-08-08,9.5801,9.6221,9.4867,9.5345,229498272,9.4507
2006-08-09,9.5796,9.6266,9.4184,9.4329,172267560,9.3500
2006-08-10,9.3564,9.4512,9.3208,9.3644,170305524,9.2821
2006-08-11,9.3694,9.3914,9.2092,9.2217,150509340,9.1407
2006-08-14,9.2968,9.3876,9.2260,9.2450,198533268,9.1637
2006-08-15,9.3621,9.5513,9.3243,9.5338,267660072,9.4500
2006-08-16,9.5966,9.7210,9.5626,9.7027,233893872,9.6174
2006-08-17,9.6694,9.7598,9.6076,9.6547,203004792,9.5698
2006-08-18,9.6674,9.6869,9.5283,9.5936,197889912,9.5093
2006-08-21,9.4620,9.4845,9.3899,9.4419,160771068,9.3590
2006-08-22,9.4527,9.4910,9.3804,9.4667,166397436,9.3835
2006-08-23,9.4504,9.4662,9.3258,9.3451,145546308,9.2630
2006-08-24,9.3704,9.4194,9.3158,9.3526,139160700,9.2704
2006-08-25,9.3363,9.3924,9.3218,9.3408,98569332,9.2587
2006-08-28,9.3996,9.5333,9.3844,9.5333,166393440,9.4495
2006-08-29,9.5290,9.5676,9.4394,9.4832,178221600,9.3999
2006-08-30,9.4897,9.6259,9.4722,9.5283,161614224,9.4445
2006-08-31,9.5468,9.5633,9.4645,9.4727,118277604,9.3895
2006-09-01,9.5343,9.5415,9.4392,9.4745,106809084,9.3912
2006-09-05,9.5063,9.6446,9.4454,9.6186,162809028,9.5341
2006-09-06,9.5621,9.5893,9.5010,9.5130,148815036,9.4294
2006-09-07,9.4942,9.5533,9.4444,9.4717,153526320,9.3885
2006-09-08,9.4274,9.5293,9.4274,9.4557,123212664,9.3726
2006-09-11,9.4660,9.6269,9.4537,9.6119,180986832,9.5274
2006-09-12,9.6346,9.8281,9.6316,9.8073,217470312,9.7211
2006-09-13,9.8886,10.1792,9.8874,10.1744,390337272,10.0850
2006-09-14,10.1176,10.1672,10.0583,10.1096,214429356,10.0208
2006-09-15,10.1972,10.2615,10.1787,10.2573,313214472,10.1671
2006-09-18,10.2603,10.4777,10.2470,10.3776,283983732,10.2864
2006-09-19,10.3969,10.3976,9.8283,10.1054,571144284,10.0165
2006-09-20,10.1877,10.1949,9.8754,9.9349,365546088,9.8476
2006-09-21,10.0175,10.2215,10.0065,10.1814,427256316,10.0919
2006-09-22,10.1346,10.1964,10.0440,10.1046,185798016,10.0158
2006-09-25,10.1496,10.2465,10.0726,10.1096,229262508,10.0208
2006-09-26,10.1476,10.2022,10.0543,10.1819,211364424,10.0924
2006-09-27,10.1677,10.2908,10.0693,10.0831,234832932,9.9945
2006-09-28,10.1121,10.1847,10.0235,10.0996,204091704,10.0108
2006-09-29,10.1384,10.1507,10.0453,10.0576,132303564,9.9692
2006-10-02,10.0576,10.1602,10.0300,10.0460,145929924,9.9577
2006-10-03,10.0423,10.1717,9.9647,10.1111,218369412,10.0222
2006-10-04,10.1344,10.4047,10.0863,10.4029,266205528,10.3115
2006-10-05,10.3779,10.4665,10.2818,10.3056,231360408,10.2150
2006-10-06,10.2658,10.5583,10.2540,10.5230,293166540,10.4305
2006-10-09,10.6306,10.8096,10.5961,10.7357,303028668,10.6414
2006-10-10,10.7998,10.9572,10.5703,10.6769,391152456,10.5831
2006-10-11,10.6361,10.7585,10.6046,10.6732,225190584,10.5794
2006-10-12,10.7247,10.7528,10.6106,10.6967,193566240,10.6027
2006-10-13,10.7047,10.7482,10.6496,10.6932,144755100,10.5992
2006-10-16,10.7032,10.7407,10.5440,10.5543,172603224,10.4615
2006-10-17,10.5180,10.6044,10.4279,10.5265,208231560,10.4340
2006-10-18,10.5853,10.6294,10.4479,10.4932,240451308,10.4010
2006-10-19,10.5163,10.7482,10.4998,10.6622,459679860,10.5684
2006-10-20,11.4862,11.5140,11.3511,11.5033,465450084,11.4021
2006-10-23,11.5686,12.1281,11.5208,12.0315,603575820,11.9258
2006-10-24,11.9189,11.9585,11.7970,11.8446,346061592,11.7405
2006-10-25,11.9492,12.2247,11.8896,12.1772,367132500,12.0701
2006-10-26,12.2042,12.3113,12.1171,12.1396,280986732,12.0329
2006-10-27,12.1096,12.1431,11.8241,11.8919,263895840,11.7874
2006-10-30,11.8824,12.0235,11.7620,11.9262,262261476,11.8214
2006-10-31,11.9635,12.0661,11.8579,11.9217,251164584,11.8169
2006-11-01,11.9810,11.9902,11.6431,11.6992,216834948,11.5964
2006-11-02,11.6992,11.8551,11.6712,11.7595,209258532,11.6562
2006-11-03,11.8176,11.8556,11.6381,11.8068,196111692,11.7030
2006-11-06,11.8561,12.0035,11.8201,11.9357,199460340,11.8308
2006-11-07,11.9357,11.9875,11.8061,11.8261,195688116,11.7221
2006-11-08,11.7705,12.0556,11.7267,11.8869,318281400,11.7824
2006-11-09,11.9244,11.9992,11.8083,11.8276,194972832,11.7236
2006-11-10,11.8564,11.8799,11.7690,11.8506,111756132,11.7464
2006-11-13,11.8844,12.0413,11.8654,12.0378,173502324,11.9320
2006-11-14,12.0295,12.2610,12.0245,12.2447,288647064,12.1371
2006-11-15,12.3481,12.5088,12.3106,12.3106,334493172,12.2024
2006-11-16,12.3874,12.4545,12.3263,12.4099,203500296,12.3008
2006-11-17,12.3436,12.5040,12.3373,12.4822,220219560,12.3725
2006-11-20,12.4725,12.4725,12.3286,12.3886,204775020,12.2798
2006-11-21,12.4259,12.7628,12.4082,12.7540,336762900,12.6419
2006-11-22,12.7870,12.8378,12.6572,12.7130,179847972,12.6012
2006-11-24,12.6251,12.7002,12.6126,12.6376,69238692,12.5266
2006-11-27,12.5468,12.5571,12.1309,12.1309,292695012,12.0243
2006-11-28,12.0403,12.2588,11.9377,12.2498,311592096,12.1421
2006-11-29,12.3684,12.3809,12.0683,12.1284,252359388,12.0218
2006-11-30,12.1169,12.2723,12.0508,12.1324,222876900,12.0257
2006-12-01,12.1617,12.2220,11.9745,12.0320,225030744,11.9263
2006-12-04,12.0871,12.1979,11.9957,12.1334,195800004,12.0267
2006-12-05,12.1972,12.2482,12.1344,12.1872,163955880,12.0801
2006-12-06,12.1862,12.3223,12.1251,12.2300,177833988,12.1225
2006-12-07,12.2680,12.3073,12.0726,12.0781,186385428,11.9719
2006-12-08,12.0606,12.2272,12.0120,12.1149,158837004,12.0084
2006-12-11,12.1351,12.2347,12.1071,12.1104,130405464,12.0039
2006-12-12,12.1084,12.1712,12.0190,12.0566,167072760,11.9506
2006-12-13,12.1294,12.1496,11.9374,11.9867,186297516,11.8814
2006-12-14,12.0183,12.1059,11.9434,12.0651,189766044,11.9590
2006-12-15,12.0781,12.1149,12.0080,12.0195,207424368,11.9139
2006-12-18,12.0748,12.0806,11.5295,11.5816,320343336,11.4798
2006-12-19,11.5546,11.7445,11.4740,11.7275,263216520,11.6244
2006-12-20,11.7618,11.7993,11.5698,11.5841,174537288,11.4823
2006-12-21,11.6161,11.6429,11.3198,11.4164,277853868,11.3161
2006-12-22,11.4489,11.4775,11.3296,11.4009,159372468,11.3007
2006-12-26,11.4244,11.4982,11.3761,11.4497,82889028,11.3491
2006-12-27,11.5115,11.7137,11.4890,11.7125,169090740,11.6095
2006-12-28,11.6897,11.7262,11.5678,11.5756,124523352,11.4738
2006-12-29,11.5641,11.6234,11.5080,11.5235,102265632,11.4222
2007-01-03,11.6617,11.9284,11.5393,11.7015,307951740,11.5986
2007-01-04,11.7367,12.1109,11.7205,12.0936,315188496,11.9873
2007-01-05,12.0746,12.1997,11.9647,12.1919,274609116,12.0848
2007-01-08,12.2045,12.2590,12.0671,12.1016,189985824,11.9952
2007-01-09,12.1484,12.2185,12.0420,12.1496,215040744,12.0429
2007-01-10,12.1229,12.3511,12.0631,12.2487,238501260,12.1411
2007-01-11,12.4424,12.5563,12.4169,12.5055,288039672,12.3956
2007-01-12,12.5623,12.6376,12.5125,12.6376,178769052,12.5266
2007-01-16,12.7015,12.8378,12.5951,12.6196,302453244,12.5087
2007-01-17,12.5973,12.7070,12.3719,12.4444,267696036,12.3351
2007-01-18,12.3754,12.4244,12.1979,12.2080,237042720,12.1007
2007-01-19,12.2117,12.2813,12.1807,12.2560,198932868,12.1483
2007-01-22,12.3248,12.3286,11.9745,12.0330,215955828,11.9273
2007-01-23,12.0318,12.1309,11.9442,11.9882,186433380,11.8829
2007-01-24,12.1234,12.5010,12.0943,12.4892,242129628,12.3795
2007-01-25,12.5375,12.6251,12.1537,12.2145,254485260,12.1071
2007-01-26,12.2855,12.4600,12.1879,12.4084,219640140,12.2993
2007-01-29,12.4625,12.4812,12.2748,12.3241,190836972,12.2158
2007-01-30,12.3624,12.4625,12.2928,12.3704,167052780,12.2616
2007-01-31,12.4247,12.6376,12.4002,12.5500,487755756,12.4397
2007-02-01,12.6627,12.6629,12.0503,12.0558,625721652,11.9498
2007-02-02,12.0773,12.1371,11.9572,12.0496,251208540,11.9436
2007-02-05,11.9494,11.9620,11.6664,11.6907,287987724,11.5879
2007-02-06,11.7142,11.8443,11.6932,11.7988,212663124,11.6951
2007-02-07,11.8574,11.8706,11.7312,11.7620,164627208,11.6586
2007-02-08,11.7130,11.8556,11.6404,11.7875,162904932,11.6839
2007-02-09,11.8031,11.8288,11.5490,11.5588,194149656,11.4572
2007-02-12,11.5285,11.5713,11.3869,11.4687,229949820,11.3679
2007-02-13,11.4902,11.5811,11.4429,11.4890,162341496,11.3880
2007-02-14,11.5115,11.7400,11.4920,11.6599,227724048,11.5574
2007-02-15,11.6617,11.6649,11.5295,11.5483,161534304,11.4468
2007-02-16,11.5816,11.7655,11.5631,11.7603,246832920,11.6569
2007-02-20,11.7235,11.8306,11.6294,11.8143,162541296,11.7105
2007-02-21,11.7578,11.9790,11.7052,11.9084,225398376,11.8037
2007-02-22,11.9792,12.1181,11.8716,11.9082,229526244,11.8035
2007-02-23,11.9057,11.9357,11.7067,11.7773,155148696,11.6738
2007-02-26,11.8326,11.8931,11.6054,11.6349,158637204,11.5326
2007-02-27,11.3864,11.5065,11.1904,11.2305,372139488,11.1318
2007-02-28,11.2715,11.3531,11.0871,11.2475,320970708,11.1486
2007-03-01,11.0778,11.3218,11.0110,11.2170,347060592,11.1184
2007-03-02,11.1389,11.2287,10.9780,10.9780,263080656,10.8815
2007-03-05,10.9364,11.1486,10.9359,11.0348,253949796,10.9378
2007-03-06,11.1979,11.4865,11.1957,11.4502,301046652,11.3496
2007-03-07,11.5788,11.5901,11.3686,11.4024,261102636,11.3022
2007-03-08,11.4920,11.6491,11.3639,11.3794,214297488,11.2794
2007-03-09,11.4615,11.4715,11.2638,11.3353,198908892,11.2357
2007-03-12,11.3256,11.3926,11.2890,11.3801,138477384,11.2801
2007-03-13,11.2640,11.3096,11.0818,11.0868,254836908,10.9894
2007-03-14,11.0918,11.2277,10.9860,11.2112,320355324,11.1127
2007-03-15,11.2077,11.2568,11.1096,11.1659,157610232,11.0678
2007-03-16,11.1524,11.1787,11.0083,11.0323,226137636,10.9353
2007-03-19,11.0923,11.2237,11.0268,11.1919,207700092,11.0936
2007-03-20,11.1559,11.2012,11.1011,11.1431,136723140,11.0452
2007-03-21,11.1436,11.4257,11.1414,11.4252,231700068,11.3248
2007-03-22,11.4017,11.5658,11.3246,11.5626,227000772,11.4609
2007-03-23,11.5478,11.5963,11.4384,11.5573,164287548,11.4557
2007-03-26,11.5253,11.6366,11.4019,11.6366,188223588,11.5344
2007-03-27,11.6004,11.6424,11.5200,11.6021,149498352,11.5001
2007-03-28,11.5583,11.6476,11.5153,11.5586,183480336,11.4570
2007-03-29,11.6254,11.6617,11.3864,11.5345,159380460,11.4332
2007-03-30,11.5641,11.5966,11.4149,11.4655,135072792,11.3647
2007-04-02,11.4555,11.4747,11.3143,11.4747,137802060,11.3739
2007-04-03,11.6129,11.8681,11.6116,11.8268,259811928,11.7229
2007-04-04,11.8153,11.8368,11.7513,11.7873,151000848,11.6837
2007-04-05,11.7943,11.8141,11.7523,11.7996,108523368,11.6958
2007-04-09,11.8363,11.8368,11.6514,11.7170,122361516,11.6140
2007-04-10,11.6889,11.7815,11.6406,11.6742,119052828,11.5716
2007-04-11,11.6632,11.7467,11.5768,11.6249,152327520,11.5227
2007-04-12,11.6116,11.7117,11.5676,11.6964,108207684,11.5936
2007-04-13,11.7230,11.7310,11.5956,11.6689,111680208,11.5664
2007-04-16,11.7232,11.9367,11.7155,11.8686,202912884,11.7643
2007-04-17,11.8569,11.9217,11.8018,11.8318,128275596,11.7278
2007-04-18,11.7933,12.0095,11.7500,11.9122,226593180,11.8075
2007-04-19,11.8744,12.0608,11.7515,11.8031,439943616,11.6993
2007-04-20,12.2753,12.3248,12.0626,12.0741,485973540,11.9680
2007-04-23,12.0145,12.1371,11.9685,11.9890,226757016,11.8836
2007-04-24,11.9772,12.0115,11.9007,11.9502,147640212,11.8452
2007-04-25,12.0120,12.0463,11.9147,11.9617,158513328,11.8566
2007-04-26,11.9645,12.1234,11.9397,12.0415,164831004,11.9357
2007-04-27,12.0138,12.0721,11.9702,11.9872,116910972,11.8819
2007-04-30,11.9907,12.0458,11.7963,11.7963,145502352,11.6926
2007-05-01,11.8166,11.8321,11.6159,11.7367,146181672,11.6336
2007-05-02,11.7280,11.7888,11.6549,11.6562,122385492,11.5537
2007-05-03,11.6672,11.8636,11.6439,11.8426,143624232,11.7385
2007-05-04,11.7648,11.8829,11.6587,11.7898,157842000,11.6862
2007-05-07,11.8153,11.8323,11.6734,11.6934,120683196,11.5907
2007-05-08,11.6649,11.7160,11.6299,11.6819,116087796,11.5793
2007-05-09,11.6654,11.8051,11.6086,11.7430,155440404,11.6398
2007-05-10,11.6877,11.7490,11.5370,11.5483,147304548,11.4468
2007-05-11,11.5573,11.6867,11.5365,11.6802,117646236,11.5775
2007-05-14,11.6486,11.6994,11.5115,11.5561,154753092,11.4545
2007-05-15,11.5606,11.5751,11.4467,11.4615,164595240,11.3607
2007-05-16,11.5616,11.8403,11.4870,11.8271,261905832,11.7231
2007-05-17,11.8233,11.8924,11.7820,11.7858,186237576,11.6822
2007-05-18,11.8126,11.8293,11.7555,11.7698,147688164,11.6663
2007-05-21,11.7500,11.9920,11.6797,11.7768,246125628,11.6733
2007-05-22,11.8368,11.9872,11.8368,11.9084,153406440,11.8037
2007-05-23,12.0325,12.0973,11.8556,11.8611,202205592,11.7569
2007-05-24,11.8906,11.9920,11.7993,11.8701,166777056,11.7658
2007-05-25,12.0045,12.1359,11.9437,12.1001,213726060,11.9937
2007-05-29,12.1371,12.3073,12.1121,12.1899,208511280,12.0828
2007-05-30,12.1246,12.4835,12.0871,12.4775,289542168,12.3678
2007-05-31,12.5265,12.7322,12.4389,12.4602,356615028,12.3507
2007-06-01,12.5375,12.6381,12.4607,12.5225,191768040,12.4125
2007-06-04,12.4602,12.7755,12.4522,12.6894,283755960,12.5779
2007-06-05,12.7565,12.9880,12.6779,12.9840,417466116,12.8699
2007-06-06,12.9317,13.0325,12.8944,12.9692,315152532,12.8552
2007-06-07,13.0068,13.1757,12.8256,12.8894,424794780,12.7761
2007-06-08,12.9179,13.0040,12.7492,12.9002,254073672,12.7868
2007-06-11,12.8634,12.9692,12.7628,12.7963,185722092,12.6838
2007-06-12,12.7305,12.8046,12.5918,12.6319,256523220,12.5209
2007-06-13,12.6899,12.7262,12.4797,12.6436,281078640,12.5325
2007-06-14,12.6471,12.6597,12.5551,12.5836,184663152,12.4730
2007-06-15,12.7175,12.7377,12.5433,12.6599,246717036,12.5486
2007-06-18,12.6672,12.9129,12.6186,12.8929,193242564,12.7796
2007-06-19,12.8631,12.9442,12.8013,12.8706,174037788,12.7575
2007-06-20,12.9369,12.9817,12.7392,12.7620,173354472,12.6498
2007-06-21,12.7873,12.8951,12.6697,12.8656,176211612,12.7525
2007-06-22,12.9234,13.1379,12.9154,13.1376,287859852,13.0222
2007-06-25,13.2377,13.3881,13.0976,13.1987,316683000,13.0827
2007-06-26,13.3316,13.3433,13.1692,13.2698,227352420,13.1531
2007-06-27,13.1381,13.2130,13.0020,13.1704,244679076,13.0547
2007-06-28,13.1351,13.2508,13.1081,13.1384,166569264,13.0229
2007-06-29,13.1637,13.1982,12.9995,13.0806,155068776,12.9656
2007-07-02,13.1504,13.3096,13.1181,13.2728,139364496,13.1561
2007-07-03,13.2898,13.3734,13.2007,13.3719,74797128,13.2543
2007-07-05,13.4024,13.6236,13.3171,13.5543,197518284,13.4352
2007-07-06,13.5448,13.6104,13.4817,13.4985,109770120,13.3799
2007-07-09,13.5886,13.7322,13.5200,13.5776,149042808,13.4582
2007-07-10,13.6084,13.6887,13.5548,13.5971,154085760,13.4776
2007-07-11,13.6039,13.6762,13.5138,13.6254,132239628,13.5056
2007-07-12,13.6602,13.6967,13.5190,13.6469,137526336,13.5270
2007-07-13,13.7115,13.8306,13.6949,13.8178,209274516,13.6964
2007-07-16,13.7713,13.9785,13.7465,13.8386,263716020,13.7170
2007-07-17,13.8899,13.9572,13.8233,13.8889,172970856,13.7668
2007-07-18,13.8611,13.8764,13.6089,13.7513,242956800,13.6304
2007-07-19,13.8504,13.8519,13.5696,13.7285,444642912,13.6078
2007-07-20,12.8103,13.0926,12.7502,13.0160,710181108,12.9016
2007-07-23,12.9882,13.0130,12.8166,12.8256,254013732,12.7128
2007-07-24,12.7452,12.9802,12.6904,12.8629,222661116,12.7498
2007-07-25,12.9374,12.9384,12.6517,12.7568,221578200,12.6446
2007-07-26,12.7312,12.8276,12.4845,12.7127,275060664,12.6010
2007-07-27,12.7260,12.9284,12.6502,12.8101,220143636,12.6975
2007-07-30,12.8358,12.9965,12.7753,12.9157,158373468,12.8021
2007-07-31,13.0188,13.0240,12.7628,12.7628,170649180,12.6506
2007-08-01,12.7753,12.9257,12.7162,12.8363,176950872,12.7235
2007-08-02,12.8559,12.8876,12.7377,12.7880,126069804,12.6756
2007-08-03,12.7640,12.8428,12.5876,12.5876,126920952,12.4770
2007-08-06,12.5876,12.7665,12.5751,12.7628,145913940,12.6506
2007-08-07,12.7565,13.0100,12.7387,12.9134,170401428,12.7999
2007-08-08,12.9965,13.1577,12.9402,13.1577,162589248,13.0420
2007-08-09,13.0330,13.1837,12.8786,12.8811,193666140,12.7679
2007-08-10,12.7673,12.9810,12.6534,12.9067,234772992,12.7932
2007-08-13,13.0015,13.0068,12.8386,12.9004,127044828,12.7870
2007-08-14,12.9059,12.9479,12.7127,12.7277,145202652,12.6159
2007-08-15,12.7377,12.8051,12.4302,12.4512,216163620,12.3418
2007-08-16,12.3128,12.4232,12.0235,12.3003,345478176,12.1922
2007-08-17,12.4484,12.5375,12.3036,12.5135,218956824,12.4035
2007-08-20,12.5741,12.5766,12.4124,12.4605,107784108,12.3509
2007-08-21,12.4860,12.7167,12.4567,12.6779,144279576,12.5665
2007-08-22,12.7618,12.9192,12.7440,12.8316,129977892,12.7188
2007-08-23,12.9129,12.9162,12.6877,12.8176,122944932,12.7049
2007-08-24,12.8281,12.9017,12.7252,12.8879,98809092,12.7746
2007-08-27,12.8736,12.9492,12.7978,12.8443,92910996,12.7315
2007-08-28,12.8011,12.8874,12.6574,12.6727,130825044,12.5613
2007-08-29,12.7087,12.8453,12.6934,12.8348,101870028,12.7220
2007-08-30,12.8218,12.8979,12.7773,12.7978,105961932,12.6853
2007-08-31,12.8403,12.9254,12.7996,12.8941,118984896,12.7808
2007-09-04,12.8884,13.2132,12.8784,13.1419,147600252,13.0264
2007-09-05,13.0981,13.2502,13.0693,13.2082,132383484,13.0921
2007-09-06,13.2472,13.2590,12.9690,13.1011,144890964,12.9860
2007-09-07,12.9595,13.0440,12.9329,12.9967,146397456,12.8825
2007-09-10,13.0450,13.0648,12.7848,12.8749,128902968,12.7617
2007-09-11,12.9377,13.0543,12.9062,13.0463,108035856,12.9316
2007-09-12,13.0263,13.2127,12.9880,13.0793,119320560,12.9644
2007-09-13,13.1146,13.1934,13.0936,13.1326,75568356,13.0172
2007-09-14,13.0931,13.2700,13.0686,13.2320,110485404,13.1157
2007-09-17,13.1764,13.2452,13.1149,13.1456,87812100,13.0301
2007-09-18,13.1762,13.4447,13.1199,13.3951,168459372,13.2774
2007-09-19,13.4952,13.7500,13.4850,13.6849,220854924,13.5647
2007-09-20,13.6887,13.9339,13.6644,13.8346,220779000,13.7130
2007-09-21,13.9224,14.0338,13.8346,14.0165,320147532,13.8933
2007-09-24,14.0390,14.3008,14.0140,14.2147,211668120,14.0898
2007-09-25,14.1141,14.2533,14.0856,14.2392,109114776,14.1141
2007-09-26,14.2743,14.3091,14.1094,14.2182,133710156,14.0932
2007-09-27,14.3076,14.3078,14.1587,14.2017,82169748,14.0769
2007-09-28,14.1892,14.2530,14.1171,14.1959,105474420,14.0712
2007-10-01,14.2635,14.6234,14.2545,14.5783,188263548,14.4502
2007-10-02,14.5991,14.9352,14.5148,14.6244,282417300,14.4958
2007-10-03,14.6709,14.7395,14.5235,14.6151,155024820,14.4867
2007-10-04,14.6419,14.6419,14.4409,14.4902,119348532,14.3629
2007-10-05,14.6924,14.9149,14.6899,14.8661,202545252,14.7355
2007-10-08,14.8899,15.2718,14.8636,15.2558,200918880,15.1217
2007-10-09,15.3931,15.6101,15.2250,15.3949,350361288,15.2596
2007-10-10,15.5496,15.6577,15.4354,15.6504,215208576,15.5128
2007-10-11,15.8569,16.0513,15.2402,15.5656,471488040,15.4288
2007-10-12,15.6151,15.9760,15.4715,15.9507,272675052,15.8105
2007-10-15,15.9777,16.0125,15.4042,15.5183,277474248,15.3819
2007-10-16,15.4777,15.6637,15.3151,15.4154,240770988,15.2799
2007-10-17,15.7770,15.8659,15.5553,15.8529,240978780,15.7135
2007-10-18,15.9012,16.0503,15.7282,16.0065,491076432,15.8658
2007-10-19,16.3804,16.4787,16.0968,16.1339,630928440,15.9921
2007-10-22,15.9827,16.3914,15.9229,16.2850,266309424,16.1419
2007-10-23,16.5478,16.9570,16.5165,16.9112,271476252,16.7625
2007-10-24,16.8346,16.9537,16.5055,16.9124,295871832,16.7638
2007-10-25,16.9840,16.9912,16.6054,16.7295,231588180,16.5824
2007-10-26,16.8676,16.9304,16.7182,16.8819,134021844,16.7335
2007-10-29,16.9612,17.0170,16.8191,16.9977,122529348,16.8483
2007-10-30,16.9547,17.5153,16.9547,17.3866,275747976,17.2338
2007-10-31,17.5348,17.6927,17.4184,17.6927,274796928,17.5372
2007-11-01,17.5873,17.8609,17.5621,17.5978,260826912,17.4432
2007-11-02,17.7805,17.8574,17.4510,17.7990,233426340,17.6426
2007-11-05,17.6924,18.2740,17.6694,18.1594,354992652,17.9998
2007-11-06,18.4575,18.5633,18.1431,18.5633,337114548,18.4002
2007-11-07,18.5468,18.6997,18.0966,18.3418,330609060,18.1806
2007-11-08,18.3834,18.3906,16.9464,17.3634,659827512,17.2108
2007-11-09,16.9114,17.0641,16.5468,16.6159,455068476,16.4698
2007-11-12,16.4600,16.7650,15.6709,15.8176,408682908,15.6785
2007-11-13,16.1409,16.5395,15.8176,16.5303,337478184,16.3850
2007-11-14,16.8488,16.9042,15.9227,16.0581,323464212,15.9169
2007-11-15,15.9802,16.2037,15.6156,15.7570,278429292,15.6185
2007-11-16,15.8644,15.9032,15.4159,15.8566,361350288,15.7172
2007-11-19,15.7555,15.9352,15.4780,15.6619,220874904,15.5243
2007-11-20,15.9279,16.4940,15.8376,16.2297,393230376,16.0871
2007-11-21,16.1104,16.7660,16.0681,16.5295,280259460,16.3842
2007-11-23,16.7668,16.9740,16.7195,16.9344,109438452,16.7856
2007-11-26,17.0220,17.3524,16.6416,16.6667,271332396,16.5202
2007-11-27,16.8869,16.9277,16.2728,16.8561,355823820,16.7080
2007-11-28,17.0698,17.3749,16.8203,17.3238,316343340,17.1716
2007-11-29,17.2860,17.5873,17.2115,17.4424,248071680,17.2891
2007-11-30,17.7928,17.7943,17.0698,17.3423,315504180,17.1899
2007-12-03,17.2925,17.3924,17.0455,17.0553,172830996,16.9054
2007-12-04,16.9747,17.3173,16.9449,17.1211,169102728,16.9706
2007-12-05,17.3356,17.4907,17.2047,17.4802,168215616,17.3266
2007-12-06,17.4625,17.9319,17.4427,17.8994,196163640,17.7421
2007-12-07,17.8926,17.9680,17.7803,17.8896,153929916,17.7324
2007-12-10,17.9177,18.1381,17.8679,17.9785,154093752,17.8205
2007-12-11,18.0165,18.0428,17.4870,17.4975,245318436,17.3437
2007-12-12,17.8679,17.8759,17.2297,17.5013,246117636,17.3474
2007-12-13,17.4252,17.4580,17.0473,17.3686,201430368,17.2160
2007-12-14,17.2050,17.5100,17.1987,17.2663,146793060,17.1145
2007-12-17,17.2172,17.4029,16.6084,16.7475,219220560,16.6003
2007-12-18,16.8709,16.9347,16.3288,16.8506,286381332,16.7025
2007-12-19,16.8721,17.0045,16.7417,16.9512,176667156,16.8022
2007-12-20,17.1629,17.2923,17.0323,17.2595,176711112,17.1078
2007-12-21,17.4645,17.4990,17.3483,17.4347,215064720,17.2814
2007-12-24,17.3921,17.5358,17.3438,17.5358,65070864,17.3817
2007-12-26,17.4922,17.8483,17.4727,17.7888,101098800,17.6324
2007-12-27,17.6944,17.9179,17.5360,17.5360,117582300,17.3819
2007-12-28,17.6409,17.7165,17.4309,17.5808,102405492,17.4263
2007-12-31,17.4817,17.5798,17.2818,17.3043,94952952,17.1522
2008-01-02,17.3391,17.4517,16.9602,17.1469,172103724,16.9962
2008-01-03,17.1486,17.1884,16.9299,17.1504,129969900,16.9997
2008-01-04,17.0093,17.0410,16.3914,16.4414,214177608,16.2969
2008-01-07,16.3649,16.5736,15.9497,16.2475,255879864,16.1047
2008-01-08,16.3413,16.5155,15.7908,15.8078,213350436,15.6689
2008-01-09,15.7668,16.3498,15.5783,16.3463,269318412,16.2027
2008-01-10,16.1414,16.4464,16.0188,16.1844,253114632,16.0422
2008-01-11,16.0836,16.2530,15.7685,15.9722,198880920,15.8318
2008-01-14,16.2948,16.4515,16.1474,16.3619,177722100,16.2181
2008-01-15,16.1637,16.2425,15.9004,15.9572,222505272,15.8170
2008-01-16,15.7400,16.0158,15.0633,15.4142,421977600,15.2787
2008-01-17,15.5345,15.6592,14.9652,15.0348,328343328,14.9026
2008-01-18,15.2242,15.2650,14.9762,15.0213,341242416,14.8892
2008-01-22,14.0648,14.9525,14.0440,14.6234,379679940,14.4948
2008-01-23,14.0318,14.2142,12.9880,13.7292,677949372,13.6086
2008-01-24,13.9840,14.5068,13.8674,14.3766,375659964,14.2503
2008-01-25,14.8101,14.8899,14.1687,14.1742,278361360,14.0496
2008-01-28,14.2885,14.3203,13.7287,13.9134,232435332,13.7911
2008-01-29,14.0258,14.0473,13.5303,13.7768,251068680,13.6557
2008-01-30,13.7435,14.0248,13.6014,13.7205,317266416,13.5999
2008-01-31,13.4887,14.3393,13.3706,14.1216,594257148,13.9975
2008-02-01,13.2300,13.4302,12.7628,12.9104,703315980,12.7969
2008-02-04,12.7395,12.8323,12.3261,12.3981,525757716,12.2892
2008-02-05,12.2480,12.7377,12.2252,12.6827,447683868,12.5712
2008-02-06,12.7913,12.7920,12.4607,12.5553,305150544,12.4450
2008-02-07,12.4339,12.8676,12.3814,12.6364,316838844,12.5253
2008-02-08,12.7480,12.9562,12.7302,12.9302,272882844,12.8165
2008-02-11,13.0260,13.1059,12.8478,13.0420,232806960,12.9274
2008-02-12,13.0978,13.2783,12.8386,12.9652,266225508,12.8513
2008-02-13,13.0756,13.3881,12.9802,13.3789,264723012,13.2613
2008-02-14,13.4722,13.5395,13.2883,13.3196,258808932,13.2025
2008-02-15,13.2210,13.3298,13.1214,13.2543,209394396,13.1378
2008-02-19,13.3869,13.3899,12.6752,12.7365,253761984,12.6245
2008-02-20,12.6004,12.7880,12.4830,12.7377,266221512,12.6258
2008-02-21,12.8341,12.8431,12.5000,12.5841,226884888,12.4735
2008-02-22,12.5641,12.7377,12.4512,12.7077,220415364,12.5960
2008-02-25,12.6614,12.6752,12.1557,12.1732,334577088,12.0662
2008-02-26,11.5415,11.6734,11.1824,11.6164,930560508,11.5143
2008-02-27,11.5148,11.8991,11.5025,11.8333,404471124,11.7293
2008-02-28,11.7743,11.9892,11.6957,11.8966,263212524,11.7921
2008-02-29,11.8086,12.0055,11.6279,11.7913,376638984,11.6877
2008-03-03,11.7996,11.8298,11.2640,11.4369,301877820,11.3364
2008-03-04,11.2850,11.3453,10.9054,11.1261,544323132,11.0283
2008-03-05,11.1424,11.3656,11.1111,11.2037,297166536,11.1052
2008-03-06,11.2035,11.3438,10.7903,10.8283,298505196,10.7332
2008-03-07,10.7327,11.0110,10.6667,10.8446,322549128,10.7493
2008-03-10,10.7315,10.7858,10.3363,10.3509,319184496,10.2599
2008-03-11,10.6421,11.0148,10.6269,11.0070,352722924,10.9103
2008-03-12,11.0113,11.2082,10.9627,11.0155,265809924,10.9187
2008-03-13,10.8276,11.1857,10.7302,11.0863,308754936,10.9889
2008-03-14,11.0856,11.2447,10.7763,10.9590,262713024,10.8626
2008-03-17,10.7105,10.8536,10.3131,10.5073,315212472,10.4149
2008-03-18,10.7352,11.0320,10.6489,10.9900,289198512,10.8934
2008-03-19,11.0388,11.1987,10.8026,10.8108,246912840,10.7158
2008-03-20,10.6937,10.9034,10.4479,10.8496,396139464,10.7542
2008-03-24,10.9717,11.6562,10.9540,11.5255,270269460,11.4242
2008-03-25,11.4479,11.4482,11.1612,11.2808,233030736,11.1816
2008-03-26,11.3261,11.5833,11.2435,11.4662,208818972,11.3654
2008-03-27,11.1612,11.2265,11.0233,11.1131,233054712,11.0154
2008-03-28,11.1977,11.3506,10.8686,10.9630,174872952,10.8666
2008-03-31,10.9019,11.0783,10.8111,11.0228,177678144,10.9259
2008-04-01,11.2047,11.6742,11.1829,11.6544,243480276,11.5520
2008-04-02,11.7593,11.9054,11.5213,11.6542,239720040,11.5517
2008-04-03,11.5548,11.5938,11.2145,11.3894,270864864,11.2893
2008-04-04,11.4367,11.9577,11.4164,11.7890,235652112,11.6854
2008-04-07,11.9377,12.1481,11.8501,11.9324,237502260,11.8276
2008-04-08,11.8378,11.8654,11.5618,11.7070,181698120,11.6041
2008-04-09,11.7400,11.8118,11.4500,11.6164,241682076,11.5143
2008-04-10,11.6356,11.8584,11.5578,11.7387,202693104,11.6356
2008-04-11,11.6134,11.6932,11.3866,11.4477,166621212,11.3471
2008-04-14,11.4404,11.4477,11.2650,11.3028,153550296,11.2035
2008-04-15,11.4647,11.5045,11.1041,11.1822,182920896,11.0839
2008-04-16,11.1211,11.4685,11.0360,11.3871,304922772,11.2871
2008-04-17,11.4022,11.4957,11.1742,11.2498,533585880,11.1509
2008-04-18,13.3936,13.7062,13.1324,13.4987,728694576,13.3801
2008-04-21,13.4982,13.5783,13.2705,13.4582,297290412,13.3399
2008-04-22,13.4527,14.0348,13.4525,13.8889,317222460,13.7668
2008-04-23,13.9625,13.9967,13.5373,13.6759,196663140,13.5557
2008-04-24,13.7960,13.8761,13.5140,13.5896,165238596,13.4701
2008-04-25,13.7392,13.8388,13.5818,13.6151,166409424,13.4954
2008-04-28,13.6607,13.9342,13.4885,13.8168,160183656,13.6954
2008-04-29,13.7845,14.0991,13.7640,13.9757,173666160,13.8529
2008-04-30,14.0693,14.6361,13.9757,14.3716,315803880,14.2453
2008-05-01,14.4722,14.8881,14.4387,14.8418,263847888,14.7114
2008-05-02,14.9772,15.0763,14.4970,14.5468,279672048,14.4189
2008-05-05,14.9865,14.9900,14.6929,14.8874,250988760,14.7565
2008-05-06,14.7898,14.8148,14.5896,14.6737,184986828,14.5447
2008-05-07,14.7715,15.0023,14.4252,14.4895,264255480,14.3621
2008-05-08,14.6697,14.7472,14.4872,14.5898,204711084,14.4616
2008-05-09,14.4895,14.6396,14.2968,14.3443,179216604,14.2183
2008-05-12,14.3831,14.6834,14.2370,14.6381,194361444,14.5095
2008-05-13,14.6704,14.7135,14.4782,14.5896,206333460,14.4614
2008-05-14,14.6769,14.7945,14.3956,14.4219,174856968,14.2952
2008-05-15,14.4895,14.5883,14.4047,14.5395,173534292,14.4117
2008-05-16,14.5503,14.6316,14.4725,14.5163,170793036,14.3887
2008-05-19,14.4782,14.7367,14.3524,14.4525,223955820,14.3254
2008-05-20,14.3801,14.5766,14.3371,14.4795,132411456,14.3522
2008-05-21,14.4775,14.5498,13.7110,13.7635,258465276,13.6425
2008-05-22,13.8126,13.8691,13.5198,13.7502,202848948,13.6294
2008-05-23,13.6877,13.8388,13.4587,13.6291,177082740,13.5093
2008-05-27,13.6376,14.0791,13.6099,14.0365,154465380,13.9132
2008-05-28,14.2127,14.3016,14.0415,14.2202,161853984,14.0952
2008-05-29,14.3841,14.6617,14.3443,14.5896,193606200,14.4614
2008-05-30,14.6014,14.7628,14.5470,14.6597,128878992,14.5308
2008-06-02,14.5771,14.6119,14.2960,14.3894,146821032,14.2629
2008-06-03,14.4269,14.5270,14.0293,14.1967,172039788,14.0719
2008-06-04,14.1474,14.4645,14.1279,14.3198,134393472,14.1940
2008-06-05,14.4414,14.7157,14.4197,14.6722,156511332,14.5432
2008-06-06,14.5083,14.5325,14.1892,14.1892,189190620,14.0645
2008-06-09,14.2157,14.2643,13.6486,13.9607,211320468,13.8380
2008-06-10,13.7528,13.9845,13.6832,13.8681,146149704,13.7462
2008-06-11,13.9199,13.9474,13.6251,13.6436,152363484,13.5237
2008-06-12,13.7327,13.9640,13.6857,13.8376,219444336,13.7160
2008-06-13,14.0513,14.4069,14.0475,14.3021,247128624,14.1763
2008-06-16,14.1767,14.4920,14.1767,14.3346,141570288,14.2086
2008-06-17,14.4232,14.4662,14.2237,14.2508,138377484,14.1255
2008-06-18,14.1269,14.2390,13.9930,14.0736,135112752,13.9499
2008-06-19,13.8976,14.1086,13.7840,14.0190,227096676,13.8958
2008-06-20,13.9384,13.9384,13.6264,13.6744,239084676,13.5542
2008-06-23,13.6476,13.8426,13.5641,13.6439,145290564,13.5240
2008-06-24,13.6421,13.7935,13.3909,13.5711,186717096,13.4518
2008-06-25,13.6379,13.9590,13.6054,13.7888,164723112,13.6676
2008-06-26,13.6161,13.6369,13.2197,13.2337,226153620,13.1174
2008-06-27,13.2052,13.2633,12.8901,13.2150,217682100,13.0988
2008-06-30,13.3251,13.4635,13.0896,13.1737,150461388,13.0579
2008-07-01,13.0025,13.4314,12.9379,13.3816,198197604,13.2640
2008-07-02,13.4262,13.5230,13.1647,13.1892,168751080,13.0733
2008-07-03,13.2853,13.4942,13.2007,13.4384,95923980,13.3203
2008-07-07,13.5711,13.7387,13.4034,13.6114,170037792,13.4917
2008-07-08,13.6634,13.8936,13.5135,13.8771,197098704,13.7552
2008-07-09,13.7828,13.9059,13.5318,13.5523,165993840,13.4332
2008-07-10,13.6386,13.7513,13.2813,13.5278,173094732,13.4089
2008-07-11,13.4259,13.5010,12.9987,13.3584,199056744,13.2409
2008-07-14,13.4885,13.5150,12.8991,13.0536,176815008,12.9388
2008-07-15,12.9199,13.2007,12.5400,12.9152,242597160,12.8016
2008-07-16,12.8639,13.4259,12.7778,13.4034,189498312,13.2856
2008-07-17,13.3674,13.4397,13.1256,13.3493,351144504,13.2320
2008-07-18,12.4712,12.4870,11.9667,12.0450,451244304,11.9392
2008-07-21,12.0340,12.1144,11.6542,11.7317,235823940,11.6286
2008-07-22,11.6797,12.0183,11.6517,11.9397,187472340,11.8347
2008-07-23,12.0523,12.4432,11.9645,12.2427,195568236,12.1351
2008-07-24,12.4299,12.4342,11.9024,11.9024,141494364,11.7978
2008-07-25,12.1744,12.3406,12.0496,12.3118,127212660,12.2036
2008-07-28,12.3146,12.3146,11.8901,11.9399,126273600,11.8350
2008-07-29,11.9945,12.1937,11.9620,12.0898,111999888,11.9836
2008-07-30,12.1496,12.1627,11.8321,12.0796,139488372,11.9734
2008-07-31,11.8759,12.0343,11.7978,11.8556,114489396,11.7514
2008-08-01,11.8246,11.8423,11.5741,11.7082,120195684,11.6053
2008-08-04,11.7147,11.8371,11.5591,11.5866,99380520,11.4847
2008-08-05,11.7015,12.0140,11.6699,12.0083,143236620,11.9027
2008-08-06,11.9712,12.2565,11.8246,12.1707,134896968,12.0637
2008-08-07,12.0621,12.1121,11.9222,11.9900,110841048,11.8846
2008-08-08,12.0158,12.4062,11.9042,12.3876,149422428,12.2788
2008-08-11,12.3241,12.7347,12.3068,12.5335,169402428,12.4234
2008-08-12,12.5626,12.6659,12.4625,12.5778,110117772,12.4673
2008-08-13,12.5526,12.6011,12.3594,12.5133,144874980,12.4033
2008-08-14,12.4550,12.7030,12.4197,12.6499,116627256,12.5387
2008-08-15,12.6874,12.7793,12.6502,12.7665,141686172,12.6543
2008-08-18,12.7588,12.7628,12.4002,12.4700,133222644,12.3604
2008-08-19,12.2730,12.4695,12.1779,12.2748,121738140,12.1669
2008-08-20,12.3804,12.4297,12.0763,12.1371,159124716,12.0305
2008-08-21,12.0851,12.2598,11.9937,12.1754,140423436,12.0684
2008-08-22,12.2998,12.3844,12.2492,12.2770,91796112,12.1691
2008-08-25,12.1649,12.4374,12.0496,12.0873,80491428,11.9811
2008-08-26,12.0986,12.0986,11.7765,11.8659,132195672,11.7616
2008-08-27,11.8551,11.8826,11.6326,11.7262,175308516,11.6232
2008-08-28,11.8241,11.9232,11.7700,11.8564,121066812,11.7521
2008-08-29,11.7555,11.7870,11.5698,11.5938,153774072,11.4919
2008-09-02,11.9312,12.0666,11.5470,11.6429,244215540,11.5406
2008-09-03,11.7300,11.8691,11.5010,11.6219,172411416,11.5197
2008-09-04,11.5115,11.5926,11.2462,11.2678,193746060,11.1687
2008-09-05,11.1484,11.3228,11.0130,11.1174,181190628,11.0197
2008-09-08,11.3118,11.3348,10.4492,10.5093,360355284,10.4169
2008-09-09,10.5898,10.8203,10.3854,10.4770,288894816,10.3849
2008-09-10,10.6224,10.6226,10.2523,10.3644,248822928,10.2733
2008-09-11,10.2190,10.8881,10.1697,10.8546,258597144,10.7592
2008-09-12,10.7660,11.0608,10.7357,10.9525,240878880,10.8562
2008-09-15,10.6106,11.0603,10.6034,10.8574,262433304,10.7619
2008-09-16,10.6597,11.2432,10.6479,11.0843,279348372,10.9869
2008-09-17,10.9730,10.9895,10.3463,10.3726,364710924,10.2815
2008-09-18,10.5766,10.9905,10.2728,10.9880,343232424,10.8914
2008-09-19,11.5365,11.5633,11.0931,11.2400,399839760,11.1412
2008-09-22,11.3646,11.3646,10.7357,10.7643,176115708,10.6697
2008-09-23,10.8421,11.0308,10.6537,10.7425,207959832,10.6481
2008-09-24,10.7693,11.1361,10.7635,10.8886,169510320,10.7929
2008-09-25,10.9820,11.2613,10.9104,11.0010,200611188,10.9043
2008-09-26,10.7107,10.9399,10.5363,10.7868,211488300,10.6920
2008-09-29,10.4982,10.5983,9.5273,9.5345,430085484,9.4507
2008-09-30,9.9094,10.6376,9.8178,10.0230,123328548,9.9349
2008-10-01,10.2890,10.4349,10.0876,10.3033,249142608,10.2127
2008-10-02,10.2550,10.2598,9.6597,9.7720,239156604,9.6861
2008-10-03,9.9437,10.3228,9.5863,9.6824,319396284,9.5973
2008-10-06,9.3589,9.4092,8.9379,9.2895,448375176,9.2079
2008-10-07,9.3426,9.3839,8.6429,8.6589,441733824,8.5828
2008-10-08,8.2623,8.9837,8.1609,8.4612,472582944,8.3868
2008-10-09,8.6216,8.7230,8.0498,8.2327,322677000,8.1604
2008-10-10,7.8368,8.5558,7.7653,8.3083,423488088,8.2353
2008-10-13,8.9037,9.5583,8.6524,9.5350,355863780,9.4512
2008-10-14,9.8481,9.8724,8.9339,9.0768,311080608,8.9970
2008-10-15,8.8751,8.9840,8.4792,8.4877,268587144,8.4131
2008-10-16,8.3273,8.9214,7.7437,8.8343,648938412,8.7567
2008-10-17,9.4835,9.6597,9.0978,9.3228,569398032,9.2409
2008-10-20,9.5033,9.5340,8.9987,9.4925,269865864,9.4091
2008-10-21,9.3191,9.6041,9.0591,9.0778,231048720,8.9980
2008-10-22,8.9337,9.2515,8.6086,8.9007,262137600,8.8224
2008-10-23,8.8501,8.9590,8.4582,8.8168,258896844,8.7393
2008-10-24,8.1699,8.7705,8.1266,8.4907,294065640,8.4161
2008-10-27,8.3786,8.5836,8.1481,8.2455,247779972,8.1730
2008-10-28,8.4847,9.2420,8.2210,9.2280,323891784,9.1469
2008-10-29,9.1539,9.2843,8.8181,8.9590,389873736,8.8802
2008-10-30,9.2207,9.3093,8.9682,9.0013,319236444,8.9221
2008-10-31,8.9129,9.3083,8.8656,8.9930,296635068,8.9140
2008-11-03,8.9484,9.0838,8.5443,8.6709,237941820,8.5947
2008-11-04,8.8448,9.3183,8.6461,9.1827,293702004,9.1020
2008-11-05,9.0628,9.2312,8.5413,8.5646,277582140,8.4893
2008-11-06,8.5078,8.6191,8.1534,8.2888,342649008,8.2159
2008-11-07,8.3363,8.5373,8.1414,8.2868,187064748,8.2140
2008-11-10,8.2082,8.2442,7.7445,7.9775,322880796,7.9074
2008-11-11,7.7250,7.9154,7.5205,7.7943,405458136,7.7258
2008-11-12,7.5588,7.8201,7.2012,7.2823,401641956,7.2183
2008-11-13,7.3016,7.8328,7.0070,7.8098,528858612,7.7412
2008-11-14,7.5888,8.1329,7.5716,7.7583,380303316,7.6901
2008-11-17,7.5826,7.7618,7.4562,7.5105,301450248,7.4445
2008-11-18,7.5468,7.6009,7.1409,7.4429,333510156,7.3775
2008-11-19,7.3921,7.5123,6.9715,7.0115,313070616,6.9499
2008-11-20,6.8791,7.0806,6.4825,6.4955,390784824,6.4384
2008-11-21,6.5693,6.7410,6.1887,6.5673,409370220,6.5096
2008-11-24,6.7382,6.7555,6.2315,6.4424,401785812,6.3858
2008-11-25,6.7237,7.1737,6.6897,7.0583,430417152,6.9963
2008-11-26,7.0140,7.3939,6.9119,7.3096,254009736,7.2453
2008-11-28,7.2718,7.4187,7.2142,7.3313,102517380,7.2669
2008-12-01,7.1742,7.1917,6.6562,6.6564,228219552,6.5979
2008-12-02,6.7500,6.9515,6.5711,6.8846,233354412,6.8241
2008-12-03,6.7530,7.0410,6.6401,6.9927,235955808,6.9313
2008-12-04,6.9202,7.0943,6.7260,6.8654,195268536,6.8050
2008-12-05,6.7823,7.1131,6.6071,7.1069,260587152,7.0444
2008-12-08,7.2570,7.7437,7.0571,7.5603,325446228,7.4939
2008-12-09,7.4497,7.9580,7.4327,7.6569,275320404,7.5896
2008-12-10,7.7387,7.8804,7.6204,7.7282,209270520,7.6603
2008-12-11,7.6119,7.8298,7.4525,7.5130,246920832,7.4470
2008-12-12,7.4001,7.9197,7.3574,7.9019,228655116,7.8324
2008-12-15,7.8581,7.9702,7.6354,7.7745,269246484,7.7062
2008-12-16,7.8709,8.2457,7.7895,8.1401,282101616,8.0686
2008-12-17,7.9740,8.0613,7.8183,7.8889,231356412,7.8196
2008-12-18,7.9254,8.0168,7.7355,7.7648,190349460,7.6965
2008-12-19,7.7825,7.9527,7.7327,7.7620,224279496,7.6938
2008-12-22,7.7217,7.7452,7.2730,7.4352,156547296,7.3698
2008-12-23,7.5183,7.5903,7.4242,7.4580,150956892,7.3924
2008-12-24,7.5445,7.6662,7.4670,7.5813,76783140,7.5147
2008-12-26,7.6094,7.6391,7.4652,7.5165,78285636,7.4505
2008-12-29,7.5130,7.5420,7.2968,7.4429,147927924,7.3775
2008-12-30,7.5275,7.6779,7.4752,7.5853,153586260,7.5187
2008-12-31,7.6126,7.7828,7.5728,7.6989,115356528,7.6313
2009-01-02,7.7227,8.0536,7.6451,8.0410,144275580,7.9704
2009-01-05,8.0330,8.2893,7.8829,8.2095,195364440,8.1373
2009-01-06,8.3328,8.5285,8.1679,8.3599,256750992,8.2864
2009-01-07,8.2162,8.2810,7.9767,8.0583,179600220,7.9875
2009-01-08,7.9650,8.1379,7.9414,8.1379,143883972,8.0664
2009-01-09,8.1957,8.1957,7.8428,7.8846,173446380,7.8153
2009-01-12,7.9157,7.9817,7.7635,7.8251,132039828,7.7563
2009-01-13,7.8021,8.0230,7.7675,7.8659,177122700,7.7967
2009-01-14,7.7578,7.8529,7.4512,7.5318,218497284,7.4656
2009-01-15,7.4467,7.5971,7.1769,7.4822,237142620,7.4165
2009-01-16,7.6331,7.7140,7.3999,7.4992,208767024,7.4333
2009-01-20,7.4860,7.4950,7.0758,7.0758,201726072,7.0136
2009-01-21,7.2160,7.5951,7.2160,7.5846,196783020,7.5179
2009-01-22,7.4585,7.7415,7.3861,7.6702,330349320,7.6028
2009-01-23,7.7395,8.3073,7.6131,8.1256,428882688,8.0542
2009-01-26,8.1294,8.2082,8.0220,8.1049,184243572,8.0336
2009-01-27,8.1694,8.3551,8.1149,8.2953,196894908,8.2224
2009-01-28,8.4580,8.8171,8.4162,8.7255,307348344,8.6488
2009-01-29,8.6221,8.6349,8.5113,8.5916,291060648,8.5161
2009-01-30,8.6259,8.7287,8.4084,8.4717,186693120,8.3973
2009-02-02,8.3656,8.6336,8.3083,8.5228,208067724,8.4479
2009-02-03,8.5728,8.5836,8.3541,8.5198,261997740,8.4449
2009-02-04,8.5103,8.8699,8.4877,8.5836,272423304,8.5081
2009-02-05,8.5313,8.8934,8.4334,8.8519,290285424,8.7741
2009-02-06,8.9204,9.3546,8.8949,9.2913,281242476,9.2096
2009-02-09,9.2913,9.5345,9.1917,9.4787,198892908,9.3954
2009-02-10,9.4089,9.4469,8.9562,8.9717,283863852,8.8929
2009-02-11,8.9827,9.1341,8.8338,8.9600,209054736,8.8812
2009-02-12,8.8378,9.0996,8.7958,9.0853,221789988,9.0055
2009-02-13,9.0638,9.0838,8.8896,8.9510,165702132,8.8723
2009-02-17,8.6714,8.6859,8.5008,8.5751,226988784,8.4997
2009-02-18,8.6897,8.8433,8.5215,8.8366,240739020,8.7589
2009-02-19,8.9457,9.0040,8.5438,8.5746,199348452,8.4992
2009-02-20,8.4597,8.7317,8.3834,8.6699,248435316,8.5937
2009-02-23,8.6837,8.7538,8.2470,8.2598,208635156,8.1872
2009-02-24,8.2838,8.7492,8.2805,8.6449,243592164,8.5689
2009-02-25,8.5623,8.8163,8.4815,8.5496,257306436,8.4744
2009-02-26,8.6577,8.8211,8.4374,8.4379,223999776,8.3638
2009-02-27,8.3321,8.6041,8.2860,8.4582,216583200,8.3839
2009-03-02,8.3416,8.5260,8.1582,8.1872,231308460,8.1152
2009-03-03,8.2600,8.3506,8.0668,8.1451,260731008,8.0736
2009-03-04,8.0871,8.2332,7.8924,7.9810,312423264,7.9108
2009-03-05,7.9199,7.9850,7.5736,7.6486,260934804,7.5814
2009-03-06,7.6882,7.7625,7.3636,7.7220,289078632,7.6541
2009-03-09,7.5070,7.6719,7.2435,7.2795,258593148,7.2155
2009-03-10,7.4637,7.7703,7.3636,7.7120,268938792,7.6442
2009-03-11,7.7603,8.0080,7.6504,7.9557,236707056,7.8858
2009-03-12,7.9464,8.1331,7.8491,8.0963,200763036,8.0252
2009-03-13,8.1607,8.1947,7.9837,8.1186,156099744,8.0473
2009-03-16,8.1579,8.2515,7.9727,8.0002,197674128,7.9299
2009-03-17,8.0125,8.3919,7.9852,8.3919,188311500,8.3181
2009-03-18,8.3786,8.5085,8.2095,8.3358,200287512,8.2626
2009-03-19,8.3003,8.4084,8.1927,8.2568,164283552,8.1842
2009-03-20,8.2658,8.3331,8.1667,8.2623,189326484,8.1896
2009-03-23,8.3473,8.7450,8.3341,8.7237,170689140,8.6471
2009-03-24,8.6712,8.8549,8.6086,8.6879,152647200,8.6116
2009-03-25,8.7688,8.7923,8.4147,8.6104,173278548,8.5347
2009-03-26,8.8371,8.9880,8.7212,8.8411,239891868,8.7634
2009-03-27,8.7588,8.8088,8.6454,8.7012,132779088,8.6247
2009-03-30,8.5723,8.6039,8.4097,8.5758,123640236,8.5004
2009-03-31,8.7320,8.8466,8.6632,8.7102,146065788,8.6337
2009-04-01,8.6031,8.8899,8.5238,8.8611,131915952,8.7832
2009-04-02,9.0918,9.2533,9.0170,9.0716,179340480,8.9918
2009-04-03,9.1216,9.3023,8.9590,9.2538,151440408,9.1724
2009-04-06,9.1842,9.2548,9.0440,9.2152,131080788,9.1342
2009-04-07,9.0741,9.1029,8.8916,8.9752,147056796,8.8963
2009-04-08,9.0966,9.1341,8.9142,9.0591,110497392,8.9794
2009-04-09,9.2467,9.3681,9.1654,9.3218,135168696,9.2399
2009-04-13,9.2925,9.4870,9.2668,9.4622,121881996,9.3790
2009-04-14,9.4329,9.4342,9.1491,9.2320,137006856,9.1508
2009-04-15,9.1867,9.5360,9.1131,9.4970,197030772,9.4135
2009-04-16,9.5470,9.8323,9.5350,9.7282,406996596,9.6427
2009-04-17,9.6602,10.0055,9.6299,9.8158,428802768,9.7295
2009-04-20,9.6634,9.7760,9.4067,9.4920,176978844,9.4086
2009-04-21,9.4137,9.6171,9.4119,9.5463,147668184,9.4624
2009-04-22,9.5533,9.7598,9.4847,9.6061,139931928,9.5217
2009-04-23,9.6974,9.7535,9.5373,9.6269,104255640,9.5423
2009-04-24,9.6609,9.8393,9.5220,9.7470,135280584,9.6613
2009-04-27,9.6181,9.7470,9.5783,9.6584,91532376,9.5735
2009-04-28,9.6034,9.7360,9.5480,9.6024,117626256,9.5180
2009-04-29,9.6589,9.8841,9.6554,9.7965,144255600,9.7104
2009-04-30,9.9039,10.1039,9.8799,9.9092,174053772,9.8221
2009-05-01,9.8856,9.9497,9.7985,9.8521,97010892,9.7655
2009-05-04,9.9642,10.0701,9.8796,10.0596,127991880,9.9711
2009-05-05,10.0095,10.1351,9.9412,10.0848,95935968,9.9962
2009-05-06,10.1799,10.2172,10.0350,10.0968,105210684,10.0081
2009-05-07,10.1126,10.1349,9.8223,9.9252,119872008,9.8379
2009-05-08,10.0813,10.2635,9.8849,10.1934,154449396,10.1038
2009-05-11,10.0801,10.3103,10.0400,10.2097,102269628,10.1200
2009-05-12,10.2605,10.2850,9.8876,9.9852,151480368,9.8975
2009-05-13,9.8621,9.9197,9.7185,9.7482,113598288,9.6626
2009-05-14,9.7297,9.8151,9.6269,9.6972,117362520,9.6120
2009-05-15,9.7873,9.8626,9.7370,9.7598,120227652,9.6740
2009-05-18,9.8781,9.9427,9.6446,9.9309,133933932,9.8436
2009-05-19,9.9124,10.0511,9.8348,9.9820,113386500,9.8942
2009-05-20,10.0623,10.1519,9.8849,9.9394,91268640,9.8521
2009-05-21,9.9174,10.0811,9.8559,9.9224,108683208,9.8352
2009-05-22,9.9264,9.9762,9.8098,9.8473,68675256,9.7608
2009-05-26,9.8086,10.1351,9.7598,10.1191,124055820,10.0302
2009-05-27,10.1512,10.3068,10.1304,10.1491,121250628,10.0599
2009-05-28,10.2272,10.3008,10.1254,10.2703,106645248,10.1800
2009-05-29,10.3131,10.4412,10.2778,10.4412,105822072,10.3494
2009-06-01,10.4787,10.7508,10.4737,10.6747,132763104,10.5809
2009-06-02,10.6669,10.7598,10.5956,10.7207,104839056,10.6265
2009-06-03,10.6607,10.8223,10.6106,10.8021,141170688,10.7071
2009-06-04,10.8934,11.0420,10.8734,11.0180,145378476,10.9212
2009-06-05,11.1379,11.1947,10.9975,11.1191,147084768,11.0214
2009-06-08,10.9985,11.0340,10.8639,10.9802,123824052,10.8837
2009-06-09,10.9755,11.0235,10.8048,10.9014,130065804,10.8056
2009-06-10,10.9167,10.9582,10.6774,10.8258,134221644,10.7307
2009-06-11,10.8051,10.8541,10.7200,10.7357,114493392,10.6414
2009-06-12,10.6822,10.7032,10.5408,10.6316,116619264,10.5382
2009-06-15,10.5480,10.5480,10.3604,10.4297,149326524,10.3380
2009-06-16,10.4932,10.5378,10.3959,10.4104,121866012,10.3189
2009-06-17,10.4152,10.5035,10.2993,10.3894,139464396,10.2981
2009-06-18,10.4024,10.4777,10.3353,10.3619,123284592,10.2708
2009-06-19,10.4657,10.5220,10.3749,10.5128,170193636,10.4204
2009-06-22,10.4342,10.4477,10.0573,10.1939,164811024,10.1043
2009-06-23,10.1764,10.2350,10.0738,10.1522,115868016,10.0629
2009-06-24,10.2287,10.3161,10.1742,10.2425,98213688,10.1525
2009-06-25,10.1852,10.4079,10.1729,10.4047,121658220,10.3132
2009-06-26,10.3524,10.7165,10.3381,10.6436,130137732,10.5501
2009-06-29,10.6607,10.7057,10.5666,10.6141,86685228,10.5208
2009-06-30,10.6106,10.6909,10.4660,10.5503,103652244,10.4576
2009-07-01,10.6156,10.6707,10.4642,10.4852,92339568,10.3931
2009-07-02,10.3956,10.3956,10.1804,10.2225,100603296,10.1326
2009-07-06,10.1727,10.2763,10.0516,10.2505,90413496,10.1604
2009-07-07,10.2162,10.2400,9.9094,9.9257,130241628,9.8384
2009-07-08,10.0100,10.1602,9.9615,10.0723,137510352,9.9838
2009-07-09,10.1632,10.3716,10.1552,10.2700,130892976,10.1798
2009-07-10,10.2498,10.4447,10.2277,10.3704,116946936,10.2792
2009-07-13,10.4147,10.6236,10.3899,10.6181,161666172,10.5248
2009-07-14,10.6034,10.6789,10.5323,10.6279,115716168,10.5345
2009-07-15,10.7523,10.9780,10.7230,10.9652,150928920,10.8688
2009-07-16,10.9279,11.1549,10.8634,11.0761,261917820,10.9787
2009-07-17,10.8358,10.8979,10.6782,10.7670,273889836,10.6724
2009-07-20,10.7578,10.8321,10.6669,10.7650,126013860,10.6704
2009-07-21,10.7843,10.8083,10.6537,10.7082,118609272,10.6141
2009-07-22,10.7107,10.7658,10.5981,10.7030,103364532,10.6089
2009-07-23,10.7277,11.0413,10.6481,10.9444,138988872,10.8482
2009-07-24,10.9062,11.2735,10.8859,11.1792,144930924,11.0809
2009-07-27,11.1622,11.1799,10.9512,11.1311,100075824,11.0333
2009-07-28,11.0360,11.0813,10.9134,11.0073,101198700,10.9105
2009-07-29,10.9417,10.9560,10.8081,10.9169,79400520,10.8210
2009-07-30,11.0763,11.2980,11.0763,11.1522,127816056,11.0541
2009-07-31,11.2608,11.3288,11.0718,11.0873,114301584,10.9899
2009-08-03,11.2297,11.3589,11.2022,11.3166,103508388,11.2171
2009-08-04,11.2455,11.3614,11.2220,11.3546,95496408,11.2548
2009-08-05,11.4114,11.4342,11.2082,11.2898,93586320,11.1906
2009-08-06,11.3689,11.3834,11.2245,11.2703,84351564,11.1712
2009-08-07,11.4032,11.4970,11.3861,11.4389,101622276,11.3384
2009-08-10,11.3899,11.4717,11.3561,11.4267,69610320,11.3262
2009-08-11,11.3531,11.4422,11.3208,11.3599,68431500,11.2600
2009-08-12,11.3966,11.5553,11.3844,11.4760,93562344,11.3751
2009-08-13,11.5653,11.6296,11.4842,11.5686,79728192,11.4669
2009-08-14,11.5811,11.5911,11.4337,11.5115,66936996,11.4103
2009-08-17,11.2988,11.3111,11.0891,11.1334,104703192,11.0355
2009-08-18,11.1386,11.2037,11.0691,11.1431,93949956,11.0452
2009-08-19,11.0108,11.1361,10.9750,11.1104,90109800,11.0127
2009-08-20,11.3113,11.5661,11.2920,11.5218,159796044,11.4205
2009-08-21,11.6502,11.6639,11.5778,11.6426,142277580,11.5403
2009-08-24,11.6954,11.7640,11.6221,11.7300,98037864,11.6269
2009-08-25,11.7400,11.8706,11.7297,11.7960,93546360,11.6924
2009-08-26,11.8308,11.8368,11.6792,11.7117,79432488,11.6088
2009-08-27,11.7262,11.7262,11.5298,11.6632,79876044,11.5607
2009-08-28,11.7432,11.8211,11.5961,11.6304,70793136,11.5282
2009-08-31,11.5063,11.5581,11.4615,11.5533,78237684,11.4518
2009-09-01,11.5035,11.6822,11.3719,11.4054,103692204,11.3052
2009-09-02,11.4069,11.4697,11.3261,11.3366,72119808,11.2369
2009-09-03,11.4069,11.4677,11.3864,11.4494,65782152,11.3488
2009-09-04,11.4507,11.5766,11.4059,11.5440,59908032,11.4426
2009-09-08,11.6189,11.6864,11.4074,11.4770,106161732,11.3761
2009-09-09,11.4880,11.6684,11.4815,11.6109,87728184,11.5088
2009-09-10,11.6779,11.7853,11.5616,11.7853,101282616,11.6817
2009-09-11,11.7718,11.8443,11.7025,11.8153,76039884,11.7115
2009-09-14,11.7745,11.9319,11.7630,11.8899,78948972,11.7854
2009-09-15,11.8889,11.9847,11.8296,11.9504,95828076,11.8454
2009-09-16,12.0070,12.2465,11.9740,12.2195,103308588,12.1121
2009-09-17,12.2765,12.4467,12.1909,12.3053,179144676,12.1971
2009-09-18,12.4317,12.4369,12.2930,12.2988,131208660,12.1907
2009-09-21,12.2057,12.4850,12.1677,12.4374,84571344,12.3281
2009-09-22,12.5355,12.5623,12.4577,12.4890,121526352,12.3792
2009-09-23,12.5320,12.6877,12.4552,12.4740,108059832,12.3643
2009-09-24,12.5243,12.5478,12.3373,12.4317,101002896,12.3224
2009-09-25,12.3696,12.5108,12.3123,12.3243,81902016,12.2160
2009-09-28,12.3834,12.5500,12.3448,12.4757,73498428,12.3661
2009-09-29,12.5008,12.5063,12.3376,12.4757,83884032,12.3661
2009-09-30,12.5125,12.5160,12.1932,12.4087,125542332,12.2996
2009-10-01,12.3373,12.4242,12.1872,12.1922,112415472,12.0850
2009-10-02,12.1056,12.3058,12.0771,12.1266,103927968,12.0200
2009-10-05,12.2035,12.3231,12.0956,12.2252,85698216,12.1178
2009-10-06,12.3048,12.4967,12.3048,12.4810,109182708,12.3713
2009-10-07,12.4875,12.9877,12.4577,12.9515,194773032,12.8376
2009-10-08,13.0023,13.0943,12.8463,12.8674,171979848,12.7543
2009-10-09,12.9292,13.0508,12.8754,12.9192,109414476,12.8056
2009-10-12,13.0986,13.1572,12.9960,13.1141,132755112,12.9988
2009-10-13,13.1229,13.1997,13.0475,13.1659,121374504,13.0502
2009-10-14,13.3248,13.4029,13.2633,13.3964,130205664,13.2787
2009-10-15,13.3571,13.4359,13.1949,13.2610,243771984,13.1445
2009-10-16,13.6969,13.8826,13.6269,13.7600,353322324,13.6391
2009-10-19,13.8311,13.8539,13.7320,13.8161,128587284,13.6946
2009-10-20,13.8048,13.8376,13.5310,13.8068,161586252,13.6855
2009-10-21,13.7615,13.9977,13.7387,13.7913,146677176,13.6701
2009-10-22,13.7638,13.8889,13.7137,13.8661,93366540,13.7442
2009-10-23,13.8951,13.9612,13.7938,13.8561,95612292,13.7343
2009-10-26,13.9077,14.0551,13.7860,13.8691,118697184,13.7472
2009-10-27,13.7880,13.8779,13.6176,13.7210,128531340,13.6004
2009-10-28,13.7105,13.7638,13.4697,13.5210,102609288,13.4022
2009-10-29,13.5888,13.8096,13.5385,13.7900,100803096,13.6688
2009-10-30,13.7638,13.7680,13.3694,13.4164,138601260,13.2985
2009-11-02,13.4404,13.5000,13.2192,13.3631,127955916,13.2457
2009-11-03,13.2635,13.4510,13.2207,13.4457,95112792,13.3275
2009-11-04,13.5335,13.6512,13.4239,13.5218,93214692,13.4029
2009-11-05,13.6009,13.7580,13.5801,13.7300,73834092,13.6093
2009-11-06,13.7067,13.8083,13.6512,13.7913,72994932,13.6701
2009-11-09,13.9002,14.0786,13.8696,14.0768,105890004,13.9531
2009-11-10,14.0823,14.2337,14.0641,14.1832,89142768,14.0585
2009-11-11,14.2763,14.3519,14.1607,14.2783,92695212,14.1528
2009-11-12,14.2533,14.3368,14.1517,14.2105,75376548,14.0856
2009-11-13,14.2465,14.3271,14.1794,14.3156,66605328,14.1897
2009-11-16,14.3894,14.4392,14.3338,14.4214,87880032,14.2947
2009-11-17,14.3861,14.4520,14.3574,14.4517,76591332,14.3247
2009-11-18,14.4307,14.4840,14.3161,14.4307,61922016,14.3038
2009-11-19,14.3586,14.3644,14.2643,14.3391,86633280,14.2131
2009-11-20,14.2518,14.3043,14.2492,14.2633,80167752,14.1379
2009-11-23,14.4267,14.6797,14.4109,14.5733,101798100,14.4452
2009-11-24,14.5776,14.6219,14.4279,14.5918,64143792,14.4636
2009-11-25,14.6749,14.6912,14.5818,14.6582,58389552,14.5293
2009-11-27,14.3143,14.5761,14.2885,14.5085,55328616,14.3810
2009-11-30,14.5303,14.6064,14.4422,14.5896,68934996,14.4614
2009-12-01,14.7180,14.7953,14.5896,14.7615,92719188,14.6318
2009-12-02,14.7898,14.8401,14.6702,14.7025,66461472,14.5732
2009-12-03,14.7407,14.8011,14.6396,14.6582,57090852,14.5293
2009-12-04,14.8403,14.8856,14.4940,14.6399,100443456,14.5112
2009-12-07,14.6199,14.7320,14.5395,14.6709,65382552,14.5420
2009-12-08,14.6021,14.7813,14.5646,14.6909,60899040,14.5618
2009-12-09,14.7022,14.7480,14.6041,14.7402,71168760,14.6107
2009-12-10,14.7758,14.8826,14.7750,14.8023,66665268,14.6722
2009-12-11,14.8819,14.8836,14.7080,14.7775,68731200,14.6476
2009-12-14,14.8986,14.9477,14.8301,14.9082,76459464,14.7771
2009-12-15,14.8473,14.9244,14.7895,14.8433,91124784,14.7129
2009-12-16,14.9800,15.0243,14.9309,14.9590,112263624,14.8275
2009-12-17,14.9259,14.9560,14.8589,14.8634,105446448,14.7327
2009-12-18,14.9157,14.9882,14.8899,14.9254,141118740,14.7942
2009-12-21,14.9552,15.0110,14.9067,14.9820,102745152,14.8503
2009-12-22,15.0485,15.0526,14.9862,15.0430,75156768,14.9108
2009-12-23,15.1026,15.3371,15.0863,15.3073,82825092,15.1728
2009-12-24,15.3386,15.5035,15.3221,15.4775,34313652,15.3414
2009-12-28,15.5571,15.6654,15.4775,15.5873,67848084,15.4503
2009-12-29,15.6341,15.6366,15.4727,15.5005,56935008,15.3643
2009-12-30,15.4780,15.5838,15.4657,15.5838,58565376,15.4469
2009-12-31,15.6344,15.6507,15.5150,15.5150,48743208,15.3786
2010-01-04,15.6894,15.7535,15.6216,15.6844,78169752,15.5466
2010-01-05,15.6952,15.7117,15.5541,15.6154,120067812,15.4781
2010-01-06,15.6622,15.6622,15.1742,15.2217,158988852,15.0879
2010-01-07,15.2502,15.2653,14.8311,14.8674,256315428,14.7367
2010-01-08,14.8148,15.0963,14.7425,15.0656,188783028,14.9332
2010-01-11,15.1266,15.1266,14.8659,15.0428,288227484,14.9106
2010-01-12,14.9562,14.9690,14.7147,14.7768,193937868,14.6469
2010-01-13,14.4267,14.7242,14.3619,14.6919,259604136,14.5628
2010-01-14,14.6121,14.8699,14.5848,14.7610,169434396,14.6313
2010-01-15,14.8483,14.8539,14.4655,14.5145,217162620,14.3869
2010-01-19,14.5445,14.7753,14.4217,14.7052,172495332,14.5760
2010-01-20,14.6642,14.6642,14.3966,14.5248,129897972,14.3971
2010-01-21,14.6006,14.6852,14.3206,14.5891,252055692,14.4609
2010-01-22,14.1266,14.2793,13.3849,13.7640,271743984,13.6430
2010-01-25,13.6784,13.7608,13.4012,13.5135,176619204,13.3947
2010-01-26,13.4627,13.7538,13.4207,13.5741,174045780,13.4548
2010-01-27,13.5453,13.7050,13.3961,13.5661,158417424,13.4468
2010-01-28,13.6259,13.6887,13.2783,13.3706,129034836,13.2531
2010-01-29,13.4757,13.5383,13.1534,13.2618,165454380,13.1452
2010-02-01,13.3784,13.4087,13.2708,13.3388,89941968,13.2216
2010-02-02,13.3874,13.3874,13.2035,13.2913,163684152,13.1745
2010-02-03,13.2300,13.5661,13.2190,13.5340,119844036,13.4151
2010-02-04,13.4384,13.4635,13.1522,13.1827,134972892,13.0668
2010-02-05,13.2232,13.3509,13.0746,13.2955,126113760,13.1787
2010-02-08,13.3258,13.5636,13.3016,13.3501,107664228,13.2328
2010-02-09,13.5020,13.5518,13.3901,13.4244,112671216,13.3064
2010-02-10,13.3651,13.4582,13.2055,13.3746,106873020,13.2571
2010-02-11,13.3463,13.5258,13.2508,13.4234,96303600,13.3054
2010-02-12,13.3376,13.4422,13.2758,13.3413,91096812,13.2241
2010-02-16,13.4352,13.6169,13.3709,13.5460,146029824,13.4270
2010-02-17,13.5636,13.5986,13.4537,13.4687,81106812,13.3503
2010-02-18,13.4520,13.6389,13.4169,13.5941,93382524,13.4746
2010-02-19,13.5268,13.6144,13.5060,13.5325,102021876,13.4136
2010-02-22,13.6974,13.7012,13.5385,13.5836,85698216,13.4642
2010-02-23,13.5886,13.6044,13.3206,13.3901,114789096,13.2725
2010-02-24,13.3629,13.4745,13.2760,13.3000,92970936,13.1832
2010-02-25,13.1912,13.2255,13.0130,13.1739,132235632,13.0581
2010-02-26,13.1987,13.3071,13.1001,13.1832,81890028,13.0673
2010-03-01,13.2432,13.3456,13.2067,13.3306,89426484,13.2134
2010-03-02,13.4004,13.6552,13.3886,13.5400,174097728,13.4210
2010-03-03,13.5726,13.7167,13.4947,13.6466,123452424,13.5267
2010-03-04,13.6762,13.9172,13.6687,13.8786,127224648,13.7566
2010-03-05,14.0478,14.2060,14.0115,14.1194,156331512,13.9953
2010-03-08,14.1336,14.1436,14.0393,14.0761,95360544,13.9524
2010-03-09,14.0103,14.1306,13.9264,14.0188,126936936,13.8956
2010-03-10,14.1081,14.4770,14.0693,14.4257,225969804,14.2989
2010-03-11,14.3709,14.6699,14.3694,14.5430,169162668,14.4152
2010-03-12,14.7182,14.7217,14.4935,14.5030,110025864,14.3755
2010-03-15,14.1812,14.2505,13.9139,14.0936,185969844,13.9697
2010-03-16,14.0598,14.2247,14.0330,14.1441,137122740,14.0198
2010-03-17,14.2217,14.3006,14.1204,14.1532,132731136,14.0288
2010-03-18,14.1321,14.2252,14.0881,14.1742,71016912,14.0496
2010-03-19,14.0140,14.2142,13.9459,14.0140,191576232,13.8908
2010-03-22,13.9167,14.1854,13.8709,13.9515,160031808,13.8288
2010-03-23,13.9399,13.9717,13.5636,13.7387,219831948,13.6180
2010-03-24,13.6514,14.0103,13.5060,13.9472,262345392,13.8246
2010-03-25,13.9895,14.3143,13.9805,14.0861,157078764,13.9623
2010-03-26,14.1459,14.1989,14.0145,14.0813,107740152,13.9576
2010-03-29,14.0891,14.1321,14.0283,14.0753,124055820,13.9516
2010-03-30,14.0848,14.2050,14.0210,14.1819,79036884,14.0573
2010-03-31,14.1404,14.2578,14.0843,14.1922,121110768,14.0675
2010-04-01,14.2980,14.3506,14.1529,14.2342,84023892,14.1091
2010-04-05,14.2868,14.3864,14.2392,14.2895,75983940,14.1639
2010-04-06,14.2508,14.2865,14.1491,14.2197,82321596,14.0947
2010-04-07,14.1967,14.2330,14.0606,14.1026,103136760,13.9787
2010-04-08,14.0971,14.2605,14.0153,14.2015,77822100,14.0766
2010-04-09,14.2015,14.2335,14.1141,14.1697,82181736,14.0451
2010-04-12,14.1979,14.3644,14.1697,14.3326,94001904,14.2066
2010-04-13,14.3276,14.7367,14.2925,14.6839,156335508,14.5549
2010-04-14,14.7663,14.8233,14.6149,14.7397,135971892,14.6102
2010-04-15,14.8191,14.9610,14.7220,14.8974,270201528,14.7665
2010-04-16,14.0891,14.2345,13.7545,13.7675,488930580,13.6465
2010-04-19,13.7325,13.8636,13.6386,13.7663,155604240,13.6453
2010-04-20,13.8681,14.0055,13.7903,13.8899,118976904,13.7678
2010-04-21,13.9254,14.0203,13.8178,13.8714,95564340,13.7495
2010-04-22,13.8138,13.8263,13.5973,13.6902,131096772,13.5699
2010-04-23,13.6949,13.7467,13.5703,13.6384,83492424,13.5185
2010-04-26,13.6379,13.6384,13.2435,13.3043,174577248,13.1874
2010-04-27,13.2370,13.4717,13.1939,13.2397,153634212,13.1234
2010-04-28,13.3158,13.3841,13.0388,13.2430,136107756,13.1266
2010-04-29,13.3476,13.4259,13.1799,13.3133,122233644,13.1963
2010-04-30,13.2915,13.4555,13.1491,13.1557,97318584,13.0400
2010-05-03,13.1757,13.3363,13.1401,13.2783,74237688,13.1616
2010-05-04,13.1762,13.1817,12.6179,12.6719,242808948,12.5605
2010-05-05,12.5370,12.9059,12.5243,12.7568,183104712,12.6446
2010-05-06,12.7315,12.9510,11.5115,12.4792,199803996,12.3695
2010-05-07,12.5118,12.6456,12.0453,12.3408,203356440,12.2324
2010-05-10,12.8621,13.0836,12.8278,13.0543,164954880,12.9396
2010-05-11,12.9047,13.0100,12.7182,12.7390,132771096,12.6270
2010-05-12,12.8138,12.8138,12.5626,12.6474,153917928,12.5362
2010-05-13,12.9254,13.0631,12.7720,12.7848,132898968,12.6724
2010-05-14,12.7570,12.7875,12.4187,12.7010,164475360,12.5893
2010-05-17,12.6822,12.7217,12.4712,12.7120,111640248,12.6002
2010-05-18,12.7628,12.7870,12.4392,12.4717,112906980,12.3621
2010-05-19,12.4189,12.4985,12.2057,12.3731,137690172,12.2644
2010-05-20,12.1389,12.1517,11.8569,11.8871,196335468,11.7827
2010-05-21,11.7382,12.1371,11.6216,11.8131,387244368,11.7092
2010-05-24,12.0303,12.2570,11.9319,11.9409,173650176,11.8360
2010-05-25,11.7155,11.9482,11.6119,11.9387,120575304,11.8338
2010-05-26,12.0638,12.2563,11.8869,11.8986,138884976,11.7941
2010-05-27,12.1359,12.3201,12.0383,12.2738,112251636,12.1659
2010-05-28,12.3308,12.3486,12.0871,12.1529,115676208,12.0461
2010-06-01,12.0228,12.2888,12.0150,12.0713,106565328,11.9652
2010-06-02,12.1792,12.3591,12.0485,12.3466,101530368,12.2381
2010-06-03,12.3901,12.7127,12.3799,12.6527,145881972,12.5414
2010-06-04,12.5055,12.7440,12.4299,12.4805,156655188,12.3708
2010-06-07,12.4890,12.5353,12.0908,12.1502,145162692,12.0434
2010-06-08,12.2085,12.2332,11.9504,12.1316,107296596,12.0250
2010-06-09,12.1927,12.2342,11.8118,11.8624,109050840,11.7581
2010-06-10,12.0213,12.2247,11.9079,12.1874,103012884,12.0803
2010-06-11,12.0746,12.2300,12.0526,12.2247,71196732,12.1173
2010-06-14,12.3744,12.3749,12.0918,12.0918,81534384,11.9856
2010-06-15,12.0891,12.5225,12.0666,12.4622,170213616,12.3527
2010-06-16,12.4167,12.6126,12.4152,12.5443,91480428,12.4340
2010-06-17,12.5988,12.6594,12.4297,12.5145,79012908,12.4045
2010-06-18,12.5753,12.5993,12.4657,12.5133,114801084,12.4033
2010-06-21,12.5100,12.5368,12.1344,12.2262,119220660,12.1188
2010-06-22,12.2598,12.4274,12.1554,12.1684,88699212,12.0615
2010-06-23,12.1844,12.1844,11.9660,12.0633,81082836,11.9573
2010-06-24,12.0035,12.0808,11.8433,11.8894,75668256,11.7849
2010-06-25,11.9384,11.9532,11.7758,11.8288,89718192,11.7249
2010-06-28,11.8266,11.9507,11.7370,11.8138,70421508,11.7100
2010-06-29,11.5976,11.6254,11.2893,11.3679,139943916,11.2680
2010-06-30,11.3854,11.4572,11.1291,11.1349,143983872,11.0370
2010-07-01,11.1434,11.2212,10.8516,10.9982,140403456,10.9016
2010-07-02,11.0516,11.0681,10.9109,10.9247,77362560,10.8287
2010-07-06,11.1111,11.2030,10.8516,10.9127,102301596,10.8167
2010-07-07,10.9687,11.2935,10.8954,11.2663,125062812,11.1672
2010-07-08,11.3501,11.4447,11.2528,11.4254,106649244,11.3250
2010-07-09,11.8108,11.8433,11.5811,11.6989,173086740,11.5961
2010-07-12,11.8211,11.9980,11.7888,11.9077,133242624,11.8030
2010-07-13,12.0683,12.3371,12.0190,12.2422,158892948,12.1346
2010-07-14,12.2593,12.3581,12.1737,12.2958,124595280,12.1877
2010-07-15,12.3056,12.3799,12.0791,12.3629,194133672,12.2542
2010-07-16,11.7397,11.7758,11.4995,11.5018,312679008,11.4007
2010-07-19,11.5368,11.7530,11.4494,11.6662,181829988,11.5636
2010-07-20,11.5373,12.0868,11.5265,12.0518,162017820,11.9459
2010-07-21,12.1121,12.1547,11.8976,11.9494,131052816,11.8444
2010-07-22,12.0928,12.2367,12.0741,12.1324,85822092,12.0257
2010-07-23,12.0313,12.2770,12.0123,12.2638,90485424,12.1560
2010-07-26,12.2395,12.2810,12.1341,12.2365,79728192,12.1289
2010-07-27,12.2768,12.4500,12.2665,12.3281,97949952,12.2197
2010-07-28,12.3859,12.3936,12.0788,12.1209,99740160,12.0143
2010-07-29,12.1609,12.2342,11.9952,12.1369,106912980,12.0302
2010-07-30,12.0033,12.1962,11.9905,12.1334,85678236,12.0267
2010-08-02,12.2370,12.3443,12.1857,12.2725,74273652,12.1647
2010-08-03,12.2748,12.3238,12.1812,12.2580,72019908,12.1503
2010-08-04,12.3168,12.6877,12.2885,12.6707,152347500,12.5593
2010-08-05,12.6599,12.7277,12.6016,12.7152,96719184,12.6035
2010-08-06,12.6476,12.6562,12.4137,12.5180,132647220,12.4080
2010-08-09,12.5688,12.6502,12.5465,12.6464,74813112,12.5352
2010-08-10,12.5713,12.6627,12.4767,12.6054,82877040,12.4946
2010-08-11,12.4557,12.4625,12.2998,12.3058,88831080,12.1976
2010-08-12,12.1106,12.3811,12.0748,12.3126,88095816,12.2043
2010-08-13,12.2372,12.2920,12.1624,12.1709,77310612,12.0639
2010-08-16,12.1041,12.2590,12.0245,12.1519,52147800,12.0451
2010-08-17,12.2255,12.3799,12.1629,12.2753,75552372,12.1674
2010-08-18,12.2733,12.2840,12.0508,12.0658,107348544,11.9598
2010-08-19,12.0373,12.0748,11.6929,11.7110,156843000,11.6080
2010-08-20,11.7110,11.8016,11.5370,11.5621,156547296,11.4604
2010-08-23,11.5490,11.7180,11.4547,11.6134,119328552,11.5113
2010-08-24,11.4540,11.4707,11.2843,11.2960,110397492,11.1968
2010-08-25,11.2613,11.4567,11.2613,11.3769,103580316,11.2769
2010-08-26,11.4129,11.4429,11.2723,11.2858,71008920,11.1866
2010-08-27,11.3253,11.5113,11.2025,11.4822,92403504,11.3813
2010-08-30,11.4902,11.5055,11.3218,11.3286,49206744,11.2290
2010-08-31,11.2640,11.3831,11.2112,11.2618,77794128,11.1628
2010-09-01,11.3859,11.6351,11.3238,11.5198,129002868,11.4185
2010-09-02,11.5826,11.6224,11.5193,11.5911,67300632,11.4892
2010-09-03,11.7748,11.8088,11.6977,11.7693,101514384,11.6658
2010-09-07,11.6241,11.7015,11.5871,11.6216,68327604,11.5195
2010-09-08,11.6414,11.8243,11.6244,11.7763,95975928,11.6728
2010-09-09,11.9577,12.0220,11.7763,11.9164,97126776,11.8117
2010-09-10,11.9875,12.0068,11.8889,11.9154,78893028,11.8107
2010-09-13,12.0345,12.1209,12.0002,12.0688,89570340,11.9627
2010-09-14,12.0623,12.1309,12.0140,12.0228,88571340,11.9171
2010-09-15,12.0108,12.0593,11.9745,12.0280,96015888,11.9223
2010-09-16,12.0108,12.0733,11.9972,12.0385,78701220,11.9327
2010-09-17,12.1059,12.2923,12.0415,12.2660,225438336,12.1582
2010-09-20,12.3248,12.7730,12.3138,12.7197,175963860,12.6079
2010-09-21,12.7548,13.0125,12.7355,12.8493,178473348,12.7364
2010-09-22,12.8343,12.9575,12.8048,12.9129,101382516,12.7994
2010-09-23,12.8781,13.0053,12.7953,12.8498,92603304,12.7369
2010-09-24,13.0566,13.2090,12.9695,13.1954,134141724,13.0795
2010-09-27,13.2345,13.4347,13.2345,13.2735,124171704,13.1569
2010-09-28,13.3504,13.3531,12.9742,13.1924,146041812,13.0765
2010-09-29,13.2095,13.3368,13.1309,13.2055,86801112,13.0894
2010-09-30,13.2422,13.3101,12.9860,13.1579,129634236,13.0423
2010-10-01,13.2633,13.2788,13.0881,13.1537,88911000,13.0380
2010-10-04,13.1369,13.2195,12.9842,13.0718,77542380,12.9569
2010-10-05,13.2227,13.5135,13.1769,13.4692,140143716,13.3508
2010-10-06,13.4950,13.5123,13.2618,13.3721,110381508,13.2546
2010-10-07,13.4187,13.4434,13.2417,13.2635,95736168,13.1469
2010-10-08,13.3326,13.4535,13.2037,13.4222,114253632,13.3042
2010-10-11,13.4755,13.6286,13.4427,13.4845,104946948,13.3660
2010-10-12,13.5165,13.6634,13.4582,13.5483,149993856,13.4292
2010-10-13,13.6887,13.7010,13.5718,13.5961,122101776,13.4766
2010-10-14,13.6181,13.6449,13.4412,13.5368,265098636,13.4178
2010-10-15,14.9967,15.0561,14.8048,15.0513,592399008,14.9190
2010-10-18,15.0288,15.5078,15.0288,15.4582,283644072,15.3223
2010-10-19,15.2365,15.3859,15.0866,15.2110,183332484,15.0773
2010-10-20,15.2187,15.4500,15.2027,15.2147,140862996,15.0810
2010-10-21,15.3031,15.4154,15.1652,15.3151,116703180,15.1805
2010-10-22,15.3133,15.3859,15.2665,15.3286,90153756,15.1939
2010-10-25,15.4052,15.6341,15.3896,15.4279,126209664,15.2923
2010-10-26,15.3428,15.5463,15.2910,15.4805,100415484,15.3444
2010-10-27,15.4097,15.5155,15.3236,15.4272,89586324,15.2916
2010-10-28,15.5168,15.5405,15.3478,15.4800,87284628,15.3439
2010-10-29,15.4422,15.4905,15.3401,15.3579,91040868,15.2229
2010-11-01,15.4087,15.5320,15.2955,15.3904,123360516,15.2551
2010-11-02,15.4822,15.5155,15.3799,15.4054,79824096,15.2700
2010-11-03,15.4530,15.5613,15.3529,15.5200,135084780,15.3836
2010-11-04,15.6316,15.7638,15.5681,15.6224,142689168,15.4851
2010-11-05,15.5951,15.6529,15.5433,15.6426,70557372,15.5052
2010-11-08,15.6161,15.7530,15.5938,15.6849,83967948,15.5471
2010-11-09,15.7658,15.7870,15.5283,15.6361,89398512,15.4987
2010-11-10,15.5676,15.5906,15.4532,15.5876,99780120,15.4506
2010-11-11,15.5080,15.5118,15.3706,15.4452,90373536,15.3094
2010-11-12,15.3651,15.4379,15.0453,15.0973,135584280,14.9647
2010-11-15,15.0921,15.1151,14.8661,14.9017,139016844,14.7707
2010-11-16,14.8338,14.9622,14.6009,14.6076,132163704,14.4792
2010-11-17,14.6396,14.7523,14.5488,14.6034,97602300,14.4750
2010-11-18,14.7397,15.0145,14.7287,14.9289,103496400,14.7977
2010-11-19,14.9399,14.9622,14.7733,14.7855,91808100,14.6556
2010-11-22,14.7015,14.8509,14.5833,14.7953,87376536,14.6653
2010-11-23,14.6899,14.7400,14.4695,14.5898,86417496,14.4616
2010-11-24,14.6974,14.9299,14.6909,14.8891,95760144,14.7583
2010-11-26,14.7763,14.8393,14.6897,14.7648,52391556,14.6350
2010-11-29,14.7440,14.7598,14.5133,14.5673,114273612,14.4393
2010-11-30,14.3724,14.3724,13.8466,13.9067,284411304,13.7844
2010-12-01,14.0891,14.3036,14.0741,14.1229,150013836,13.9987
2010-12-02,14.2307,14.3476,14.1479,14.3098,101814084,14.1840
2010-12-03,14.2505,14.4264,14.2142,14.3393,105142752,14.2133
2010-12-06,14.5288,14.5646,14.4297,14.4735,83668248,14.3463
2010-12-07,14.7965,14.8398,14.6647,14.6932,121566312,14.5641
2010-12-08,14.8141,14.8278,14.6069,14.7783,70205724,14.6484
2010-12-09,14.8619,14.9044,14.7397,14.8023,74681244,14.6722
2010-12-10,14.8433,14.8646,14.7720,14.8201,68119812,14.6898
2010-12-13,14.9429,15.0901,14.8671,14.8804,95844060,14.7496
2010-12-14,14.9422,14.9722,14.8268,14.8876,65666268,14.7568
2010-12-15,14.8699,14.9262,14.7435,14.7723,86621292,14.6424
2010-12-16,14.8361,14.8591,14.7165,14.8076,63812124,14.6774
2010-12-17,14.7898,14.8288,14.7065,14.7848,123360516,14.6548
2010-12-20,14.8811,14.9620,14.7312,14.8914,78853068,14.7605
2010-12-21,14.9792,15.1331,14.9552,15.0918,75104820,14.9592
2010-12-22,15.1151,15.1902,15.0971,15.1524,48251700,15.0192
2010-12-23,15.1486,15.1652,15.0658,15.1209,44387568,14.9880
2010-12-27,15.0836,15.1096,15.0025,15.0746,48275676,14.9421
2010-12-28,15.0663,15.1119,14.9652,14.9880,42549408,14.8563
2010-12-29,15.0651,15.0753,14.9880,15.0400,40727232,14.9078
2010-12-30,14.9650,15.0483,14.9497,14.9865,39540420,14.8548
2010-12-31,14.9334,14.9755,14.8156,14.8641,61510428,14.7335
2011-01-03,14.9269,15.1549,14.9269,15.1239,94513392,14.9909
2011-01-04,15.1557,15.1697,15.0180,15.0681,72907020,14.9356
2011-01-05,15.0168,15.2735,15.0163,15.2420,101190708,15.1080
2011-01-06,15.2823,15.4762,15.2665,15.3529,82229688,15.2179
2011-01-07,15.4132,15.4717,15.2685,15.4264,83963952,15.2908
2011-01-10,15.3854,15.4002,15.2292,15.3706,63104832,15.2355
2011-01-11,15.4582,15.4855,15.3779,15.4157,57514428,15.2802
2011-01-12,15.4992,15.4992,15.3846,15.4372,65242692,15.3015
2011-01-13,15.4397,15.5073,15.3694,15.4327,53306640,15.2970
2011-01-14,15.4504,15.6224,15.4424,15.6201,94529376,15.4828
2011-01-18,15.6672,16.0658,15.6474,16.0068,144535320,15.8661
2011-01-19,16.0691,16.0901,15.7573,15.8096,136107756,15.6706
2011-01-20,15.8211,15.8679,15.5978,15.6849,219212568,15.5471
2011-01-21,16.0055,16.0593,15.2993,15.3111,355819824,15.1765
2011-01-24,15.2045,15.3276,15.0458,15.2923,183784032,15.1579
2011-01-25,15.2202,15.5328,15.1782,15.5133,145726128,15.3769
2011-01-26,15.5238,15.5778,15.3974,15.4279,81442476,15.2923
2011-01-27,15.4627,15.5080,15.3466,15.4352,80687232,15.2995
2011-01-28,15.4922,15.5245,15.0090,15.0398,169074756,14.9076
2011-01-31,15.1051,15.1269,14.9037,15.0240,112083804,14.8920
2011-02-01,15.1274,15.3491,15.0928,15.2913,109702188,15.1569
2011-02-02,15.2903,15.3739,15.2035,15.3153,70357572,15.1807
2011-02-03,15.2523,15.3016,15.1684,15.2690,59744196,15.1348
2011-02-04,15.2690,15.3013,15.1804,15.2898,61969968,15.1554
2011-02-07,15.2693,15.4752,15.2455,15.3726,71912016,15.2375
2011-02-08,15.3886,15.5063,15.3781,15.4750,67728204,15.3390
2011-02-09,15.4372,15.5018,15.3238,15.4279,73626300,15.2923
2011-02-10,15.3629,15.4530,15.3043,15.4264,93282624,15.2908
2011-02-11,15.3601,15.6406,15.3403,15.6281,103492404,15.4908
2011-02-14,15.5991,15.7568,15.5165,15.7195,85034880,15.5813
2011-02-15,15.6987,15.7680,15.5931,15.6194,83596320,15.4821
2011-02-16,15.6564,15.6782,15.5681,15.6211,67292640,15.4838
2011-02-17,15.5468,15.6969,15.5225,15.6471,59092848,15.5096
2011-02-18,15.6657,15.7953,15.6201,15.7678,128587284,15.6292
2011-02-22,15.5163,15.6389,15.2095,15.2705,145450404,15.1363
2011-02-23,15.2735,15.3829,15.1151,15.2983,115468416,15.1638
2011-02-24,15.3000,15.3426,15.0488,15.2357,108359532,15.1018
2011-02-25,15.3118,15.3834,15.2528,15.2663,77218704,15.1321
2011-02-28,15.2653,15.4277,15.2155,15.3504,91168740,15.2154
2011-03-01,15.4600,15.4960,14.9975,15.0340,132795072,14.9019
2011-03-02,15.0100,15.1652,14.8946,15.0348,80986932,14.9026
2011-03-03,15.1747,15.3026,15.1401,15.2543,77734188,15.1202
2011-03-04,15.2235,15.2397,15.0200,15.0305,120319560,14.8984
2011-03-07,15.0288,15.1074,14.6897,14.8063,138369492,14.6762
2011-03-08,14.8381,14.9645,14.7698,14.8226,91304604,14.6923
2011-03-09,14.7898,14.8776,14.6584,14.8091,85953960,14.6789
2011-03-10,14.6507,14.6802,14.5008,14.5220,124998876,14.3944
2011-03-11,14.4700,14.5145,14.3476,14.4322,121158720,14.3053
2011-03-14,14.3343,14.4717,14.2147,14.2640,112531356,14.1386
2011-03-15,13.9515,14.2893,13.9014,14.2533,160063776,14.1280
2011-03-16,14.2145,14.2590,13.7958,13.9414,151788060,13.8189
2011-03-17,14.1261,14.2392,14.0275,14.0480,115856028,13.9246
2011-03-18,14.1301,14.2140,14.0075,14.0405,131812056,13.9171
2011-03-21,14.2698,14.5095,14.2397,14.4269,120715164,14.3001
2011-03-22,14.4462,14.4952,14.3271,14.4474,75400524,14.3205
2011-03-23,14.3941,14.5758,14.3143,14.5686,72575352,14.4405
2011-03-24,14.6504,14.7245,14.4845,14.6869,83864052,14.5578
2011-03-25,14.6867,14.6874,14.4955,14.5080,114221664,14.3805
2011-03-28,14.5663,14.6394,14.3821,14.3984,88647264,14.2718
2011-03-29,14.4144,14.5618,14.3396,14.5578,64127808,14.4299
2011-03-30,14.6241,14.6522,14.5290,14.5606,56835108,14.4326
2011-03-31,14.5896,14.7187,14.5581,14.6837,81094824,14.5546
2011-04-01,14.7337,14.8946,14.7337,14.8098,104423472,14.6796
2011-04-04,14.8398,14.8834,14.5921,14.7067,82097820,14.5774
2011-04-05,14.5415,14.5518,14.1562,14.2415,241658100,14.1163
2011-04-06,14.3188,14.3934,14.2142,14.3689,106625268,14.2426
2011-04-07,14.4077,14.5305,14.3691,14.5145,101158740,14.3869
2011-04-08,14.6369,14.6369,14.4660,14.4685,75995928,14.3413
2011-04-11,14.4194,14.4670,14.3393,14.4487,74253672,14.3217
2011-04-12,14.3894,14.4372,14.2155,14.2795,83340576,14.1540
2011-04-13,14.4022,14.4545,14.3081,14.4214,82693224,14.2947
2011-04-14,14.3941,14.5008,14.3168,14.4772,218033748,14.3500
2011-04-15,13.6459,13.6574,13.2648,13.2808,561186252,13.1641
2011-04-18,13.1737,13.2047,12.9880,13.1842,201390408,13.0683
2011-04-19,13.2620,13.2853,13.0355,13.0513,107256636,12.9366
2011-04-20,13.1607,13.1837,13.0478,13.1564,122277600,13.0408
2011-04-21,13.2004,13.2202,13.0728,13.1406,98705196,13.0251
2011-04-25,13.1444,13.1882,13.0633,13.1394,65166768,13.0239
2011-04-26,13.1762,13.4494,13.1434,13.3338,139860000,13.2166
2011-04-27,13.4635,13.4662,13.3721,13.4575,91844064,13.3392
2011-04-28,13.4650,13.4947,13.3654,13.4627,79920000,13.3444
2011-04-29,13.5135,13.6161,13.4762,13.6161,168970860,13.4964
2011-05-02,13.6562,13.6569,13.4414,13.4775,85262652,13.3590
2011-05-03,13.4417,13.5638,13.2540,13.3606,83176740,13.2432
2011-05-04,13.3926,13.4885,13.3388,13.4082,84595320,13.2903
2011-05-05,13.3599,13.4990,13.3008,13.3701,79832088,13.2526
2011-05-06,13.4672,13.5500,13.3929,13.3959,82161756,13.2782
2011-05-09,13.3884,13.4757,13.2908,13.4555,77870052,13.3372
2011-05-10,13.5135,13.6244,13.4520,13.5801,81634284,13.4607
2011-05-11,13.5170,13.6024,13.3556,13.3996,93458448,13.2819
2011-05-12,13.3944,13.4369,13.2860,13.3896,57874068,13.2720
2011-05-13,13.3786,13.4114,13.2395,13.2520,84263652,13.1355
2011-05-16,13.1709,13.1949,12.9229,12.9735,118209672,12.8594
2011-05-17,12.8986,13.2938,12.8886,13.2748,132011856,13.1581
2011-05-18,13.2518,13.2715,13.1557,13.2585,78049872,13.1420
2011-05-19,13.3316,13.4269,13.2563,13.2945,98649252,13.1777
2011-05-20,13.3083,13.3131,13.0913,13.1139,92607300,12.9986
2011-05-23,12.9279,13.0130,12.8478,12.9727,91908000,12.8587
2011-05-24,13.0223,13.1121,12.9667,12.9695,75924000,12.8555
2011-05-25,12.9462,13.0823,12.9442,13.0048,52011936,12.8905
2011-05-26,12.9555,13.0661,12.8879,12.9662,84655260,12.8523
2011-05-27,12.9750,13.0578,12.9204,13.0355,69762168,12.9210
2011-05-31,13.1381,13.2395,13.1006,13.2387,107384508,13.1224
2011-06-01,13.2142,13.3433,13.1459,13.1532,118117764,13.0375
2011-06-02,13.2025,13.2708,13.0751,13.2147,88091820,13.0986
2011-06-03,13.0631,13.2032,13.0506,13.0901,69870060,12.9750
2011-06-06,13.1016,13.1837,12.9942,13.0395,77606316,12.9249
2011-06-07,13.0853,13.1289,12.9877,12.9887,76227696,12.8746
2011-06-08,12.9262,13.0440,12.9074,12.9922,66069864,12.8781
2011-06-09,13.0130,13.0130,12.9039,12.9312,67496436,12.8175
2011-06-10,12.8649,12.9302,12.7450,12.7505,97498404,12.6384
2011-06-13,12.7628,12.7678,12.5668,12.6309,96994908,12.5199
2011-06-14,12.7165,12.8649,12.6874,12.7220,93566340,12.6102
2011-06-15,12.6384,12.7215,12.5278,12.5863,82849068,12.4757
2011-06-16,12.5828,12.6769,12.4292,12.5218,110169720,12.4117
2011-06-17,12.6672,12.6799,12.1321,12.1376,209606184,12.0310
2011-06-20,12.1371,12.1679,11.9927,12.1266,121022856,12.0200
2011-06-21,12.1919,12.3609,12.1304,12.3373,110505384,12.2289
2011-06-22,12.2985,12.3211,12.1804,12.1874,96187716,12.0803
2011-06-23,12.0653,12.0836,11.8551,12.0175,191875932,11.9119
2011-06-24,12.0290,12.0308,11.8373,11.8839,152071776,11.7794
2011-06-27,11.8619,12.2222,11.8519,12.0821,137650212,11.9759
2011-06-28,12.1126,12.4177,12.1126,12.3536,108495396,12.2450
2011-06-29,12.4259,12.5188,12.3218,12.4517,93626280,12.3423
2011-06-30,12.5623,12.6794,12.5500,12.6722,97038864,12.5608
2011-07-01,12.6812,13.0425,12.6722,13.0388,145322532,12.9242
2011-07-05,13.1456,13.3984,13.1456,13.3243,153814032,13.2072
2011-07-06,13.3509,13.4762,13.3393,13.3974,107716176,13.2796
2011-07-07,13.5385,13.7808,13.4104,13.6787,157262580,13.5585
2011-07-08,13.3371,13.4547,13.1949,13.3131,190617192,13.1961
2011-07-11,13.2177,13.4129,13.1507,13.1952,113458428,13.0792
2011-07-12,13.2172,13.4990,13.1632,13.3636,113534352,13.2462
2011-07-13,13.4384,13.6136,13.4254,13.4700,111496392,13.3516
2011-07-14,13.4915,13.5636,13.1814,13.2367,265714020,13.1204
2011-07-15,14.9525,15.0213,14.7187,14.9555,548734716,14.8240
2011-07-18,14.8271,15.0663,14.8148,14.8884,178553268,14.7575
2011-07-19,14.9184,15.1321,14.9032,15.0788,118581300,14.9463
2011-07-20,15.0696,15.0858,14.8986,14.8986,89022888,14.7677
2011-07-21,14.8656,15.2167,14.8651,15.1899,138641220,15.0564
2011-07-22,15.1499,15.5030,15.1219,15.4712,140986872,15.3352
2011-07-25,15.3493,15.6509,15.3403,15.4900,125138736,15.3538
2011-07-26,15.4667,15.7032,15.4459,15.5786,93622284,15.4417
2011-07-27,15.4449,15.5393,15.1339,15.1957,157218624,15.0621
2011-07-28,15.1449,15.4149,15.0901,15.2888,124211664,15.1544
2011-07-29,15.1209,15.3894,15.1074,15.1074,165330504,14.9746
2011-08-01,15.2958,15.4029,14.9945,15.1844,158485356,15.0510
2011-08-02,15.1652,15.2570,14.8041,14.8248,127895976,14.6945
2011-08-03,14.8716,15.0901,14.6054,15.0443,152874972,14.9121
2011-08-04,14.8774,14.9862,14.4512,14.4525,196387416,14.3254
2011-08-05,14.5781,14.7648,14.0641,14.4905,236926836,14.3631
2011-08-08,14.0886,14.2392,13.6224,13.6642,299564136,13.5441
2011-08-09,14.0390,14.3796,13.5388,14.3496,258529212,14.2235
2011-08-10,14.0485,14.1171,13.7070,13.7390,214569216,13.6182
2011-08-11,13.8594,14.2267,13.7240,14.0673,193030776,13.9437
2011-08-12,14.2518,14.2768,14.0240,14.1084,126045828,13.9844
2011-08-15,13.8496,14.1389,13.6649,13.9447,285510204,13.8221
2011-08-16,13.8246,13.8248,13.2708,13.4885,277298424,13.3699
2011-08-17,13.5143,13.6059,13.2825,13.3421,163000836,13.2248
2011-08-18,13.0998,13.1354,12.5248,12.6346,251376372,12.5236
2011-08-19,12.4960,12.8846,12.2838,12.2853,216183600,12.1773
2011-08-22,12.6126,12.6877,12.3756,12.4667,196039764,12.3571
2011-08-23,12.6001,13.0483,12.4890,12.9835,173698128,12.8694
2011-08-24,12.9962,13.2633,12.9437,13.0953,143636220,12.9802
2011-08-25,13.2728,13.4452,12.9705,13.0140,131588280,12.8996
2011-08-26,13.0128,13.2745,12.8413,13.1847,143708148,13.0688
2011-08-29,13.3774,13.4998,13.3524,13.4905,93338568,13.3719
2011-08-30,13.4682,13.5883,13.2835,13.5310,119440440,13.4121
2011-08-31,13.6321,13.6712,13.4134,13.5375,107624268,13.4186
2011-09-01,13.5323,13.6094,13.2938,13.3258,96523380,13.2087
2011-09-02,13.1249,13.2112,13.0313,13.1341,95951952,13.0187
2011-09-06,12.7828,13.0821,12.7753,13.0676,108523368,12.9527
2011-09-07,13.2745,13.4119,13.1982,13.3641,110121768,13.2467
2011-09-08,13.3584,13.4910,13.3108,13.3874,95124780,13.2697
2011-09-09,13.2983,13.3796,13.0428,13.1344,130621248,13.0189
2011-09-12,12.9620,13.3131,12.9504,13.2663,106709184,13.1497
2011-09-13,13.3133,13.3604,13.0981,13.2513,94073832,13.1348
2011-09-14,13.3281,13.4372,13.1587,13.3151,107668224,13.1980
2011-09-15,13.4009,13.6381,13.3774,13.5776,118313568,13.4582
2011-09-16,13.6336,13.6847,13.5921,13.6807,141230628,13.5604
2011-09-19,13.5223,13.7613,13.3979,13.6804,98637264,13.5602
2011-09-20,13.7487,13.9770,13.5803,13.6794,111052836,13.5592
2011-09-21,13.7060,13.8889,13.4850,13.4935,100471428,13.3749
2011-09-22,13.1694,13.2327,12.8629,13.0295,175835988,12.9150
2011-09-23,12.9269,13.1737,12.8754,13.1509,110980908,13.0353
2011-09-26,13.1944,13.3366,12.8441,13.3106,105262632,13.1936
2011-09-27,13.4685,13.6899,13.4147,13.4970,120315564,13.3784
2011-09-28,13.5511,13.6141,13.2057,13.2342,90441468,13.1179
2011-09-29,13.4144,13.4459,12.9982,13.2007,116147736,13.0847
2011-09-30,13.0183,13.1131,12.8724,12.8889,108835056,12.7756
2011-10-03,12.7590,12.8128,12.3874,12.4004,178797024,12.2914
2011-10-04,12.2630,12.5986,12.0270,12.5601,166185648,12.4497
2011-10-05,12.4212,12.7077,12.0313,12.6301,181182636,12.5191
2011-10-06,12.7002,12.8936,12.5776,12.8806,136835028,12.7674
2011-10-07,12.9337,13.0255,12.7703,12.8909,114121764,12.7776
2011-10-10,13.1426,13.4502,13.0931,13.4427,92795112,13.3245
2011-10-11,13.3498,13.6837,13.3498,13.5931,114021864,13.4736
2011-10-12,13.7170,13.8946,13.6294,13.7262,126984888,13.6056
2011-10-13,13.7645,13.9890,13.7142,13.9887,227276496,13.8658
2011-10-14,15.0018,15.0050,14.7040,14.8068,340854804,14.6767
2011-10-17,14.6076,14.8106,14.4645,14.5748,160167672,14.4467
2011-10-18,14.5193,14.8288,14.4494,14.7775,151879968,14.6476
2011-10-19,14.6982,14.8163,14.4950,14.5320,117142740,14.4043
2011-10-20,14.5621,14.7370,14.5023,14.6064,135024840,14.4780
2011-10-21,14.7525,14.8336,14.6822,14.7770,135504360,14.6471
2011-10-24,14.6827,15.0143,14.6772,14.9254,136938924,14.7942
2011-10-25,14.8423,14.8899,14.5858,14.5936,101518380,14.4653
2011-10-26,14.7535,14.7693,14.3358,14.6724,114809076,14.5435
2011-10-27,14.9755,15.0826,14.8473,14.9817,151060788,14.8501
2011-10-28,14.8779,15.0726,14.8711,15.0185,100219680,14.8865
2011-10-31,14.8921,15.0073,14.8066,14.8308,102209688,14.7005
2011-11-01,14.5170,14.6524,14.4332,14.4807,124878996,14.3535
2011-11-02,14.6371,14.7137,14.5265,14.6351,84751164,14.5065
2011-11-03,14.6897,14.9525,14.6076,14.9525,106685208,14.8210
2011-11-04,14.8524,15.0085,14.8256,14.9184,113278608,14.7873
2011-11-07,14.8478,15.2347,14.8206,15.2235,134161704,15.0897
2011-11-08,15.2402,15.3746,15.1051,15.3238,121054824,15.1891
2011-11-09,15.1216,15.2500,14.9815,15.0388,148291560,14.9066
2011-11-10,15.1634,15.1639,14.8038,14.8919,114621264,14.7610
2011-11-11,15.0475,15.3176,14.9800,15.2240,158920920,15.0902
2011-11-14,15.2152,15.4675,15.2097,15.3403,127420452,15.2055
2011-11-15,15.3353,15.4675,15.2778,15.4294,106932960,15.2938
2011-11-16,15.3173,15.4730,15.2805,15.3021,104235660,15.1676
2011-11-17,15.2665,15.3226,14.9344,15.0368,139592268,14.9046
2011-11-18,15.0651,15.1276,14.8586,14.8869,131376492,14.7560
2011-11-21,14.7087,14.7272,14.3166,14.5380,119931948,14.4103
2011-11-22,14.5145,14.6389,14.3954,14.5145,96115788,14.3869
2011-11-23,14.3981,14.5208,14.2670,14.2670,92938968,14.1416
2011-11-25,14.1439,14.3711,14.0473,14.0891,62433504,13.9653
2011-11-28,14.4987,14.7352,14.4269,14.7195,113042844,14.5901
2011-11-29,14.7117,14.7738,14.5478,14.5878,73198728,14.4596
2011-11-30,14.9637,15.0028,14.8171,14.9998,135744120,14.8679
2011-12-01,15.0150,15.4154,14.9900,15.3596,144679176,15.2246
2011-12-02,15.4417,15.6156,15.4219,15.5245,163264572,15.3881
2011-12-05,15.7067,15.8133,15.5756,15.6569,127772100,15.5193
2011-12-06,15.5903,15.7312,15.5215,15.6099,92966940,15.4727
2011-12-07,15.5576,15.6572,15.4680,15.6004,90201708,15.4632
2011-12-08,15.5415,15.7020,15.3979,15.4167,96427476,15.2812
2011-12-09,15.4655,15.7440,15.4407,15.7012,110537352,15.5632
2011-12-12,15.5626,15.6702,15.5228,15.6504,87268644,15.5128
2011-12-13,15.7347,15.9299,15.5868,15.6564,160966872,15.5188
2011-12-14,15.5618,15.6236,15.3276,15.4672,155991852,15.3313
2011-12-15,15.5786,15.6156,15.4827,15.5040,96247656,15.3677
2011-12-16,15.6236,15.7487,15.5523,15.6647,178193628,15.5270
2011-12-19,15.7160,15.7282,15.5155,15.5613,85654260,15.4245
2011-12-20,15.7157,15.8118,15.7155,15.7750,95432472,15.6364
2011-12-21,15.7660,15.8113,15.4895,15.6612,99816084,15.5235
2011-12-22,15.7145,15.8091,15.6909,15.7583,72819108,15.6198
2011-12-23,15.8158,15.8829,15.7798,15.8443,58089852,15.7051
2011-12-27,15.8171,16.1284,15.8158,16.0223,64191744,15.8814
2011-12-28,16.0848,16.1411,15.9685,16.0085,85002912,15.8678
2011-12-29,16.0533,16.0911,15.8959,16.0761,62952984,15.9348
2011-12-30,16.0666,16.1852,16.0666,16.1637,71220708,16.0216
2012-01-03,16.3398,16.7205,16.3256,16.6519,146912940,16.5055
2012-01-04,16.6424,16.7730,16.5320,16.7237,114445440,16.5767
2012-01-05,16.5698,16.6159,16.4222,16.4917,131184684,16.3468
2012-01-06,16.4952,16.5165,16.2610,16.2668,107608284,16.1238
2012-01-09,16.1787,16.1912,15.5463,15.5771,232671096,15.4402
2012-01-10,15.7595,15.8609,15.4382,15.5941,175648176,15.4570
2012-01-11,15.6031,15.7505,15.5435,15.6647,95904000,15.5270
2012-01-12,15.7963,15.8381,15.6782,15.7568,74932992,15.6183
2012-01-13,15.6722,15.6894,15.5420,15.6404,92199708,15.5029
2012-01-17,15.8153,15.8153,15.6577,15.7302,76295628,15.5920
2012-01-18,15.6814,15.8659,15.5686,15.8386,110357532,15.6994
2012-01-19,16.0408,16.0408,15.8023,16.0053,251959788,15.8646
2012-01-20,14.7780,14.7898,14.5571,14.6644,422628948,14.5355
2012-01-23,14.6647,14.7312,14.5936,14.6527,136379484,14.5239
2012-01-24,14.6727,14.7067,14.4645,14.5378,122109768,14.4100
2012-01-25,14.4522,14.4822,14.1737,14.2515,199308492,14.1262
2012-01-26,14.3138,14.3764,14.1279,14.2167,128918952,14.0918
2012-01-27,14.2838,14.5225,14.2475,14.5140,144555300,14.3864
2012-01-30,14.4657,14.5145,14.3493,14.4567,93126780,14.3296
2012-01-31,14.5896,14.6146,14.3931,14.5173,85610304,14.3897
2012-02-01,14.6381,14.6522,14.4930,14.5353,92735172,14.4075
2012-02-02,14.6364,14.6749,14.5666,14.6424,96491412,14.5137
2012-02-03,14.7813,14.9417,14.7160,14.9232,126613260,14.7920
2012-02-06,14.8901,15.2860,14.8651,15.2425,147036816,15.1085
2012-02-07,15.1939,15.2500,15.1091,15.1844,83600316,15.0510
2012-02-08,15.2312,15.2990,15.1336,15.2615,73382544,15.1274
2012-02-09,15.3158,15.3779,15.2402,15.3018,90497412,15.1673
2012-02-10,15.2122,15.2185,15.1151,15.1629,92914992,15.0296
2012-02-13,15.2778,15.3614,15.2658,15.3203,72579348,15.1857
2012-02-14,15.3038,15.3153,15.1341,15.2593,72075852,15.1251
2012-02-15,15.3386,15.3386,15.0791,15.1542,96938964,15.0210
2012-02-16,15.0856,15.2355,14.9582,15.1782,101134764,15.0448
2012-02-17,15.1394,15.2060,15.0751,15.1311,97866036,14.9981
2012-02-21,15.1119,15.4625,15.0871,15.3654,99132768,15.2303
2012-02-22,15.3143,15.4349,15.1829,15.2137,78601320,15.0800
2012-02-23,15.1902,15.2137,15.0238,15.1679,82117800,15.0346
2012-02-24,15.1989,15.3066,15.1529,15.2628,77346576,15.1286
2012-02-27,15.1799,15.3243,15.1416,15.2480,72483444,15.1140
2012-02-28,15.2653,15.5098,15.2072,15.4752,113790096,15.3392
2012-02-29,15.4805,15.6557,15.4029,15.4717,125350524,15.3357
2012-03-01,15.5721,15.6582,15.4692,15.5756,89418492,15.4387
2012-03-02,15.5656,15.6156,15.5235,15.5468,62869068,15.4102
2012-03-05,15.5263,15.5778,15.2998,15.3716,63668268,15.2365
2012-03-06,15.2165,15.2355,14.8609,15.1391,126849024,15.0061
2012-03-07,15.2415,15.2950,15.1617,15.1852,50529420,15.0517
2012-03-08,15.2663,15.3028,15.1739,15.1937,53766180,15.0602
2012-03-09,15.2140,15.3128,15.0150,15.0213,106717176,14.8892
2012-03-12,15.0150,15.1902,14.9965,15.1439,66693240,15.0108
2012-03-13,15.2340,15.4617,15.1539,15.4600,89742168,15.3241
2012-03-14,15.3904,15.5851,15.3519,15.4152,117358524,15.2797
2012-03-15,15.4304,15.6031,15.3861,15.5438,97306596,15.4072
2012-03-16,15.5378,15.6634,15.5168,15.6416,121897980,15.5042
2012-03-19,15.5936,15.9477,15.5465,15.8654,86825088,15.7259
2012-03-20,15.7888,15.9174,15.6974,15.8531,61558380,15.7138
2012-03-21,15.8811,16.2010,15.8286,16.0155,98685216,15.8748
2012-03-22,15.9785,16.2362,15.7908,16.1674,96311592,16.0253
2012-03-23,16.1812,16.2287,16.0385,16.0808,77530392,15.9395
2012-03-26,16.1411,16.2535,16.0045,16.2495,72695232,16.1067
2012-03-27,16.1919,16.3539,16.1361,16.1917,80207712,16.0494
2012-03-28,16.3171,16.4812,16.2933,16.4104,101454444,16.2662
2012-03-29,16.3524,16.4312,16.1236,16.2265,76895028,16.0839
2012-03-30,16.3101,16.3536,16.0410,16.0470,92335572,15.9060
2012-04-02,16.0353,16.2037,15.8869,16.1892,91276632,16.0469
2012-04-03,16.1514,16.2150,15.9820,16.0816,81714204,15.9402
2012-04-04,15.9772,15.9910,15.7933,15.8946,65038896,15.7549
2012-04-05,15.8218,15.9267,15.7300,15.8238,92655252,15.6847
2012-04-09,15.7277,15.8991,15.6479,15.7868,87220692,15.6480
2012-04-10,15.8539,15.8784,15.6294,15.6872,99180720,15.5493
2012-04-11,15.8651,15.9159,15.7983,15.9149,87872040,15.7750
2012-04-12,16.0748,16.3448,16.0225,16.2915,230033736,16.1484
2012-04-13,16.2050,16.2410,15.6041,15.6306,326045628,15.4932
2012-04-16,15.5906,15.6109,15.0566,15.1669,227456316,15.0336
2012-04-17,15.2292,15.4577,15.1904,15.2545,120835044,15.1204
2012-04-18,15.2165,15.3353,15.0853,15.2015,106673220,15.0678
2012-04-19,15.1574,15.4219,14.9900,14.9975,131652216,14.8657
2012-04-20,15.1214,15.2365,14.9107,14.9164,122213664,14.7853
2012-04-23,14.8373,14.9762,14.7698,14.9550,87824088,14.8235
2012-04-24,14.9710,15.1809,14.9479,15.0468,77086836,14.9145
2012-04-25,15.1151,15.2990,15.0871,15.2583,72771156,15.1241
2012-04-26,15.2880,15.4655,15.2578,15.4022,83616300,15.2668
2012-04-27,15.3909,15.4339,15.2803,15.3899,65390544,15.2546
2012-04-30,15.3401,15.4174,15.0303,15.1364,96195708,15.0033
2012-05-01,15.1099,15.3053,15.0198,15.1259,80011908,14.9929
2012-05-02,15.0450,15.2180,15.0303,15.1967,64395540,15.0631
2012-05-03,15.2558,15.3861,15.2390,15.2908,74645280,15.1564
2012-05-04,15.1632,15.2125,14.9352,14.9392,88207704,14.8079
2012-05-07,14.8899,15.2795,14.8899,15.2040,79700220,15.0703
2012-05-08,15.1534,15.4379,15.0325,15.3351,106984908,15.2003
2012-05-09,15.1857,15.4249,15.0603,15.2440,93058848,15.1100
2012-05-10,15.3393,15.4202,15.2710,15.3569,61374564,15.2219
2012-05-11,15.2740,15.3791,15.1344,15.1459,83892024,15.0128
2012-05-14,15.0345,15.2277,15.0295,15.1151,72903024,14.9823
2012-05-15,15.1489,15.3904,15.1089,15.2930,83999916,15.1586
2012-05-16,15.4645,15.7683,15.4139,15.7390,193210596,15.6007
2012-05-17,15.8616,15.9622,15.5463,15.5918,134017848,15.4548
2012-05-18,15.6431,15.8263,14.9324,15.0250,238701060,14.8930
2012-05-21,15.0278,15.4077,15.0150,15.3681,122892984,15.2330
2012-05-22,15.3514,15.3606,14.9149,15.0350,121953924,14.9029
2012-05-23,15.0563,15.2553,14.9429,15.2518,126996876,15.1177
2012-05-24,15.2442,15.3133,14.9867,15.1066,75576348,14.9738
2012-05-25,15.0400,15.0583,14.7217,14.8031,143132724,14.6729
2012-05-29,14.9102,14.9932,14.7227,14.8734,104123772,14.7426
2012-05-30,14.7187,14.8123,14.6029,14.7205,76191732,14.5911
2012-05-31,14.7327,14.7648,14.4895,14.5360,118613268,14.4083
2012-06-01,14.3091,14.3306,14.2230,14.2888,122193684,14.1632
2012-06-04,14.2698,14.5268,14.2645,14.4792,97210692,14.3520
2012-06-05,14.4007,14.4677,14.1759,14.2745,93502404,14.1491
2012-06-06,14.4264,14.5638,14.3546,14.5288,83748168,14.4011
2012-06-07,14.7047,14.7120,14.4457,14.4702,70269660,14.3430
2012-06-08,14.4107,14.5395,14.3789,14.5258,56359584,14.3981
2012-06-11,14.6199,14.6476,14.1814,14.2267,106337556,14.1017
2012-06-12,14.2585,14.2718,13.9785,14.1416,128839032,14.0173
2012-06-13,14.0571,14.1892,13.9810,14.0413,78089832,13.9179
2012-06-14,14.0465,14.1409,13.9269,13.9902,93702204,13.8673
2012-06-15,14.0225,14.1271,13.9412,14.1269,119927952,14.0027
2012-06-18,14.0796,14.3696,13.9952,14.2855,99776124,14.1600
2012-06-19,14.3541,14.6216,14.3423,14.5528,82964952,14.4249
2012-06-20,14.5098,14.5145,14.3521,14.4522,93774132,14.3252
2012-06-21,14.5105,14.5105,14.1074,14.1444,80371548,14.0201
2012-06-22,14.2142,14.3013,14.1597,14.3013,89026884,14.1756
2012-06-25,14.1974,14.2165,13.9477,14.0315,63200736,13.9082
2012-06-26,14.0831,14.1792,14.0010,14.1311,53953992,14.0069
2012-06-27,14.2067,14.3641,14.1647,14.2467,67624308,14.1215
2012-06-28,14.1617,14.1699,13.9442,14.1219,76759164,13.9978
2012-06-29,14.3884,14.5178,14.3193,14.5163,100679220,14.3887
2012-07-02,14.5601,14.5896,14.4269,14.5263,66153780,14.3986
2012-07-03,14.5148,14.7250,14.4645,14.7105,47532420,14.5812
2012-07-05,14.7337,15.0165,14.7282,14.9129,93742164,14.7818
2012-07-06,14.8261,14.8529,14.5851,14.6642,86385528,14.5353
2012-07-09,14.6384,14.7297,14.5458,14.6649,68535396,14.5360
2012-07-10,14.7695,14.8256,14.4830,14.5571,76847076,14.4291
2012-07-11,14.4219,14.4607,14.1376,14.2940,139832028,14.1684
2012-07-12,14.1922,14.3126,14.0663,14.2763,92299608,14.1508
2012-07-13,14.3181,14.4932,14.2280,14.4274,78960960,14.3006
2012-07-16,14.4237,14.4942,14.3088,14.3874,58445496,14.2609
2012-07-17,14.4752,14.5313,14.2242,14.4327,67136796,14.3058
2012-07-18,14.4389,14.6069,14.4177,14.5335,61866072,14.4058
2012-07-19,14.6682,14.9770,14.6647,14.8413,186801012,14.7109
2012-07-20,15.2342,15.3388,14.9695,15.2858,258289452,15.1514
2012-07-23,15.0270,15.4742,14.9712,15.4032,142325532,15.2678
2012-07-24,15.3904,15.4637,15.1236,15.2045,80295624,15.0708
2012-07-25,15.2232,15.3498,15.1494,15.2150,72847080,15.0812
2012-07-26,15.3904,15.4372,15.2660,15.3493,67340592,15.2144
2012-07-27,15.4877,15.8909,15.4530,15.8899,141846012,15.7502
2012-07-30,15.9172,16.0811,15.7533,15.8233,87380532,15.6842
2012-07-31,15.7222,15.9284,15.7212,15.8401,74549376,15.7009
2012-08-01,15.9484,16.0038,15.8003,15.8328,73710216,15.6937
2012-08-02,15.6534,15.9667,15.6009,15.7345,79028892,15.5962
2012-08-03,16.0160,16.1091,15.9194,16.0493,75808116,15.9082
2012-08-06,16.0063,16.2508,15.9965,16.0866,71224704,15.9452
2012-08-07,16.0608,16.1226,15.9277,16.0295,79192728,15.8886
2012-08-08,15.9922,16.1629,15.9785,16.0718,52835112,15.9306
2012-08-09,16.1289,16.1754,16.0541,16.0748,42769188,15.9335
2012-08-10,15.9807,16.0721,15.9192,16.0661,57326616,15.9249
2012-08-13,16.2017,16.5203,16.1832,16.5168,130585284,16.3716
2012-08-14,16.4977,16.8381,16.4915,16.7332,146321532,16.5862
2012-08-15,16.7738,16.8731,16.6191,16.7052,96331572,16.5584
2012-08-16,16.7045,16.8829,16.6937,16.8386,68639292,16.6906
2012-08-17,16.8699,16.9482,16.8093,16.9454,87020892,16.7965
2012-08-20,16.9044,16.9887,16.8333,16.9054,70253676,16.7568
2012-08-21,16.8446,16.9670,16.5708,16.7545,88799112,16.6072
2012-08-22,16.7012,17.0320,16.6842,16.9464,76291632,16.7975
2012-08-23,16.8736,17.0290,16.7918,16.9369,71296632,16.7881
2012-08-24,16.9069,17.0283,16.8689,16.9827,57006936,16.8335
2012-08-27,16.5913,16.8168,16.4975,16.7472,104443452,16.6000
2012-08-28,16.6416,16.9575,16.6351,16.9482,82261656,16.7992
2012-08-29,16.9512,17.2420,16.9207,17.2175,119492388,17.0661
2012-08-30,17.1231,17.2020,17.0215,17.0591,65010924,16.9091
2012-08-31,17.1171,17.2317,17.0180,17.1444,84998916,16.9937
2012-09-04,17.1309,17.1421,16.8544,17.0430,75508416,16.8932
2012-09-05,17.0170,17.1797,16.9955,17.0350,68259672,16.8853
2012-09-06,17.1662,17.5148,17.1354,17.5025,121618260,17.3487
2012-09-07,17.5175,17.8241,17.4592,17.6714,129190680,17.5161
2012-09-10,17.7618,17.8381,17.4772,17.5368,102297600,17.3827
2012-09-11,17.4665,17.5338,17.2923,17.3221,74877048,17.1698
2012-09-12,17.2525,17.3901,17.0390,17.2893,105586308,17.1373
2012-09-13,17.3446,17.7427,17.2808,17.6687,106253640,17.5134
2012-09-14,17.7578,17.8428,17.6929,17.7598,104635260,17.6037
2012-09-17,17.7205,17.8398,17.6426,17.7673,60271668,17.6111
2012-09-18,17.7122,17.9845,17.6872,17.9750,82589328,17.8170
2012-09-19,17.9555,18.2322,17.9282,18.2057,123808068,18.0457
2012-09-20,18.1299,18.3028,18.0485,18.2212,116179704,18.0611
2012-09-21,18.3236,18.3914,18.2713,18.3681,254109636,18.2067
2012-09-24,18.2933,18.7698,18.2745,18.7533,142409448,18.5884
2012-09-25,18.8451,19.1414,18.7102,18.7477,242097660,18.5830
2012-09-26,18.7650,19.0501,18.5435,18.8554,226689084,18.6896
2012-09-27,19.0178,19.0901,18.8101,18.9314,157086756,18.7650
2012-09-28,18.8726,19.0015,18.7975,18.8814,111228660,18.7154
2012-10-01,18.9952,19.1441,18.9242,19.0636,126593280,18.8960
2012-10-02,19.1491,19.1689,18.7755,18.9437,111496392,18.7772
2012-10-03,18.9119,19.1171,18.8238,19.0816,88243668,18.9139
2012-10-04,19.0878,19.2665,19.0040,19.2205,98069832,19.0515
2012-10-05,19.2870,19.3789,19.1444,19.2105,109326564,19.0416
2012-10-08,19.0440,19.1086,18.8726,18.9650,78265656,18.7983
2012-10-09,19.0108,19.0521,18.5818,18.6209,120007872,18.4572
2012-10-10,18.5651,18.7070,18.4757,18.6326,81514404,18.4689
2012-10-11,18.8413,18.9815,18.7760,18.8058,95260644,18.6405
2012-10-12,18.8151,18.8906,18.6211,18.6374,96071832,18.4736
2012-10-15,18.5671,18.6144,18.2858,18.5430,120643236,18.3801
2012-10-16,18.5218,18.6934,18.4299,18.6361,82245672,18.4723
2012-10-17,18.6174,18.9274,18.5250,18.9062,91624284,18.7400
2012-10-18,18.9074,19.0045,16.9169,17.3924,497198304,17.2395
2012-10-19,17.6572,17.6852,16.8168,17.0618,458828712,16.9118
2012-10-22,17.0423,17.1329,16.7593,16.9837,162061776,16.8345
2012-10-23,16.8171,17.2005,16.8168,17.0258,116547336,16.8761
2012-10-24,17.1872,17.1922,16.8986,16.9494,99760140,16.8005
2012-10-25,17.0170,17.0671,16.8546,16.9610,95947956,16.8119
2012-10-26,16.9294,17.0928,16.7968,16.8956,77953968,16.7471
2012-10-31,17.0135,17.0420,16.8919,17.0245,61418520,16.8749
2012-11-01,17.0045,17.2898,16.9850,17.2070,81921996,17.0557
2012-11-02,17.3871,17.4062,17.2015,17.2152,92883024,17.0639
2012-11-05,17.1296,17.1887,16.9059,17.0911,65370564,16.9409
2012-11-06,17.1542,17.1797,16.9557,17.0601,63248688,16.9101
2012-11-07,16.8919,16.9727,16.6789,16.6947,89202708,16.5480
2012-11-08,16.7718,16.8041,16.2970,16.3236,103776120,16.1801
2012-11-09,16.3826,16.7252,16.2738,16.5923,124439436,16.4465
2012-11-12,16.6104,16.7618,16.5383,16.6642,56179764,16.5177
2012-11-13,16.5916,16.7067,16.4722,16.4927,63704232,16.3478
2012-11-14,16.5330,16.5711,16.2788,16.3301,66669264,16.1866
2012-11-15,16.2663,16.5165,16.1136,16.1977,73882044,16.0553
2012-11-16,16.1659,16.3418,15.9159,16.1957,137390472,16.0533
2012-11-19,16.4089,16.7397,16.4047,16.7220,94633272,16.5750
2012-11-20,16.7545,16.9670,16.6309,16.7660,83464452,16.6187
2012-11-21,16.7415,16.7618,16.5265,16.6634,84403512,16.5170
2012-11-23,16.7660,16.7668,16.6692,16.7160,36863100,16.5690
2012-11-26,16.6777,16.6917,16.4920,16.5453,88095816,16.3999
2012-11-27,16.5208,16.8919,16.4665,16.7845,100247652,16.6370
2012-11-28,16.7170,17.1399,16.6139,17.1089,121558320,16.9585
2012-11-29,17.2117,17.3649,17.0671,17.3146,110948940,17.1624
2012-11-30,17.3001,17.4980,17.1594,17.4767,126417456,17.3231
2012-12-03,17.5736,17.6649,17.3701,17.3986,87612300,17.2457
2012-12-04,17.3924,17.4052,17.1597,17.2930,79588332,17.1410
2012-12-05,17.3211,17.3799,17.0753,17.2127,74421504,17.0614
2012-12-06,17.2070,17.4077,17.1299,17.2955,58433508,17.1435
2012-12-07,17.3924,17.4394,17.0776,17.1224,76695228,16.9719
2012-12-10,17.1519,17.3086,17.1119,17.1527,54613332,17.0019
2012-12-11,17.2673,17.5656,17.2102,17.4394,107396496,17.2862
2012-12-12,17.4982,17.6054,17.3544,17.4565,96942960,17.3030
2012-12-13,17.9159,17.9297,17.5063,17.5851,137658204,17.4305
2012-12-14,17.4967,17.7132,17.4782,17.5666,85118796,17.4122
2012-12-17,17.6552,18.0661,17.6181,18.0375,121294584,17.8790
2012-12-18,17.9329,18.2457,17.8941,18.0448,120075804,17.8862
2012-12-19,18.0358,18.0931,17.9349,18.0208,76667256,17.8624
2012-12-20,18.0996,18.1344,17.9422,18.0771,66213720,17.9182
2012-12-21,17.8671,17.9885,17.7808,17.9087,140898960,17.7513
2012-12-24,17.8806,17.8974,17.7045,17.7553,33602364,17.5992
2012-12-26,17.7195,17.8398,17.5778,17.7395,47248704,17.5836
2012-12-27,17.6962,17.7387,17.4827,17.6749,65830104,17.5196
2012-12-28,17.5598,17.6904,17.5178,17.5178,56023920,17.3638
2012-12-31,17.5175,17.7820,17.4174,17.7022,79816104,17.5466
2013-01-02,18.0035,18.1932,17.9317,18.0993,101550348,17.9403
2013-01-03,18.1414,18.3166,18.0360,18.1099,92635272,17.9507
2013-01-04,18.2518,18.5553,18.2102,18.4677,110429460,18.3054
2013-01-07,18.4047,18.5030,18.2828,18.3871,66161772,18.2255
2013-01-08,18.4069,18.4259,18.1289,18.3509,66976956,18.1896
2013-01-09,18.3251,18.4772,18.2332,18.4715,80907012,18.3091
2013-01-10,18.5893,18.6436,18.3559,18.5556,73354572,18.3925
2013-01-11,18.5686,18.5793,18.4259,18.5183,51356592,18.3555
2013-01-14,18.4434,18.5736,18.0768,18.0993,114441444,17.9403
2013-01-15,18.0013,18.3934,17.8203,18.1414,156950892,17.9819
2013-01-16,18.0781,18.1266,17.8596,17.8976,80855064,17.7403
2013-01-17,17.9607,18.0090,17.7933,17.8008,88371540,17.6443
2013-01-18,17.7768,17.8371,17.5508,17.6304,128942928,17.4754
2013-01-22,17.6341,17.6512,17.4054,17.5893,151544304,17.4347
2013-01-23,18.4182,18.7437,18.4132,18.5561,236127636,18.3930
2013-01-24,18.5495,18.9397,18.5313,18.8741,135172692,18.7082
2013-01-25,18.7880,18.9810,18.7750,18.8606,88946964,18.6948
2013-01-28,18.8128,18.9089,18.7160,18.7870,65018916,18.6219
2013-01-29,18.6874,18.9427,18.6822,18.8609,69814116,18.6951
2013-01-30,18.8624,19.0428,18.8416,18.8646,69250680,18.6988
2013-01-31,18.7815,18.9595,18.7750,18.9112,65302632,18.7449
2013-02-01,18.9740,19.4344,18.9715,19.4094,149694156,19.2388
2013-02-04,19.2115,19.2810,18.9757,18.9945,121498380,18.8275
2013-02-05,19.0473,19.2970,19.0058,19.1627,74753172,18.9942
2013-02-06,18.9957,19.3433,18.9815,19.2735,83040876,19.1041
2013-02-07,19.2618,19.4897,19.1567,19.3681,113494392,19.1979
2013-02-08,19.5228,19.6864,19.5085,19.6539,120683196,19.4812
2013-02-11,19.4795,19.5946,19.3631,19.5801,86625288,19.4080
2013-02-12,19.5633,19.7172,19.5038,19.5370,74285640,19.3653
2013-02-13,19.5228,19.6534,19.5188,19.5911,47880072,19.4189
2013-02-14,19.5128,19.7382,19.4637,19.7152,69342588,19.5419
2013-02-15,19.7047,19.8514,19.6964,19.8421,109082808,19.6677
2013-02-19,19.9197,20.1952,19.9019,20.1914,117154728,20.0140
2013-02-20,20.1527,20.2445,19.8146,19.8313,110457432,19.6570
2013-02-21,19.9700,20.1564,19.8003,19.9082,140115744,19.7332
2013-02-22,20.0015,20.0513,19.8649,20.0128,82073844,19.8369
2013-02-25,20.0776,20.2305,19.7820,19.7890,92063844,19.6151
2013-02-26,19.8949,19.9187,19.6296,19.7730,88011900,19.5992
2013-02-27,19.8899,20.1389,19.7975,20.0145,80962956,19.8386
2013-02-28,20.0475,20.1949,20.0458,20.0501,90541368,19.8738
2013-03-01,19.9650,20.1987,19.9237,20.1749,86928984,19.9976
2013-03-04,20.1527,20.5916,20.1451,20.5581,110912976,20.3774
2013-03-05,20.7440,21.0248,20.7432,20.9860,161602236,20.8015
2013-03-06,21.0468,21.1211,20.7410,20.8053,114805080,20.6224
2013-03-07,20.8724,20.9364,20.7603,20.8358,82025892,20.6527
2013-03-08,20.8834,20.8939,20.6469,20.8088,116359524,20.6259
2013-03-11,20.8131,21.0135,20.8083,20.8914,63724212,20.7078
2013-03-12,20.7885,20.8181,20.6124,20.7110,80251668,20.5289
2013-03-13,20.7182,20.7880,20.5783,20.6534,65586348,20.4719
2013-03-14,20.6954,20.6954,20.4552,20.5591,65981952,20.3784
2013-03-15,20.4830,20.5280,20.3539,20.3779,123864012,20.1988
2013-03-18,20.1451,20.3393,20.0568,20.2150,73458468,20.0373
2013-03-19,20.3013,20.5018,20.1814,20.3033,83844072,20.1249
2013-03-20,20.4412,20.4582,20.3063,20.3881,58493448,20.2089
2013-03-21,20.3026,20.4434,20.2665,20.3018,59044896,20.1234
2013-03-22,20.3889,20.4014,20.2613,20.2780,59468472,20.0998
2013-03-25,20.3306,20.5013,20.1907,20.2613,68411520,20.0832
2013-03-26,20.3579,20.3704,20.2150,20.3308,47628324,20.1521
2013-03-27,20.1872,20.1952,20.0533,20.0866,86441472,19.9100
2013-03-28,20.1199,20.1544,19.8524,19.8746,91420488,19.6999
2013-04-01,19.8951,20.0763,19.8511,20.0498,72219708,19.8736
2013-04-02,20.1336,20.3911,20.1201,20.3463,81578340,20.1675
2013-04-03,20.3569,20.3754,20.0368,20.1752,69470460,19.9979
2013-04-04,20.1264,20.1639,19.8023,19.8966,97806096,19.7218
2013-04-05,19.6712,19.6944,19.4294,19.5958,137218644,19.4236
2013-04-08,19.4882,19.5083,19.2292,19.3906,113170716,19.2202
2013-04-09,19.4069,19.6134,19.3471,19.4607,86205708,19.2897
2013-04-10,19.5926,19.8286,19.4194,19.7743,79064856,19.6005
2013-04-11,19.8418,19.8473,19.6211,19.7795,81066852,19.6057
2013-04-12,19.8196,19.8223,19.5928,19.7710,65402532,19.5972
2013-04-15,19.6684,19.9449,19.4449,19.5678,98025876,19.3958
2013-04-16,19.6844,19.9199,19.6176,19.8541,69610320,19.6796
2013-04-17,19.6884,19.7908,19.4720,19.5836,81398520,19.4115
2013-04-18,19.6534,19.6647,19.0506,19.1669,132767100,18.9985
2013-04-19,19.2482,20.1061,19.1757,20.0168,231895872,19.8408
2013-04-22,20.0350,20.1191,19.3944,20.0228,115220664,19.8468
2013-04-23,20.0450,20.4079,20.0290,20.2177,91600308,20.0400
2013-04-24,20.2230,20.4705,20.2202,20.3566,73090836,20.1777
2013-04-25,20.4267,20.4322,20.2110,20.2477,79608312,20.0698
2013-04-26,20.2102,20.2137,19.9344,20.0556,99408492,19.8793
2013-04-29,20.1014,20.5881,20.0951,20.4970,91939968,20.3168
2013-04-30,20.4955,20.7117,20.4625,20.6349,92175732,20.4535
2013-05-01,20.6021,20.6386,20.4294,20.5313,58141800,20.3508
2013-05-02,20.5230,20.8846,20.4967,20.7610,80651268,20.5785
2013-05-03,20.9449,21.1912,20.9209,21.1642,100403496,20.9781
2013-05-06,21.2277,21.5678,21.2277,21.5603,85566348,21.3708
2013-05-07,21.5968,21.6184,21.2880,21.4522,78281640,21.2637
2013-05-08,21.4464,21.8689,21.3441,21.8626,98633268,21.6705
2013-05-09,21.7928,22.0135,21.7275,21.8088,87935976,21.6171
2013-05-10,21.9047,22.0355,21.8258,22.0278,75832092,21.8342
2013-05-13,21.9942,22.0838,21.8564,21.9602,57882060,21.7672
2013-05-14,21.9595,22.2395,21.9505,22.1997,63108828,22.0046
2013-05-15,22.4099,22.9324,22.3729,22.9202,159276564,22.7187
2013-05-16,22.9980,23.0225,22.5728,22.6194,128255616,22.4206
2013-05-17,22.7733,22.8601,22.5355,22.7523,111568320,22.5523
2013-05-20,22.6476,23.0380,22.6476,22.7360,90817092,22.5362
2013-05-21,22.7232,22.8143,22.4627,22.6969,79240680,22.4975
2013-05-22,22.5866,22.7555,22.1942,22.2578,102321576,22.0621
2013-05-23,21.9469,22.2713,21.8719,22.0918,90912996,21.8977
2013-05-24,21.9034,21.9925,21.7970,21.8549,91780128,21.6628
2013-05-28,22.1096,22.3258,22.0320,22.0538,90209700,21.8600
2013-05-29,21.9147,21.9717,21.6289,21.7295,80455464,21.5385
2013-05-30,21.7698,21.9945,21.6819,21.7908,84743172,21.5993
2013-05-31,21.7247,21.9469,21.7097,21.8023,78697224,21.6107
2013-06-03,21.8468,21.8711,21.3969,21.7125,98928972,21.5216
2013-06-04,21.7180,21.7865,21.3731,21.4990,74669256,21.3100
2013-06-05,21.5843,21.7580,21.4497,21.5140,84187728,21.3249
2013-06-06,21.6291,21.6799,21.2017,21.6376,103060836,21.4475
2013-06-07,21.7823,22.0220,21.6547,22.0153,106877016,21.8218
2013-06-10,22.0746,22.2973,22.0243,22.2778,93418488,22.0820
2013-06-11,22.1214,22.1972,22.0100,22.0173,70233696,21.8237
2013-06-12,22.1587,22.1722,21.7630,21.8213,88103808,21.6295
2013-06-13,21.7462,22.0135,21.6592,21.9469,82713204,21.7540
2013-06-14,22.0245,22.1396,21.8751,21.8979,89710200,21.7054
2013-06-17,22.0028,22.2580,21.9790,22.1784,85766148,21.9835
2013-06-18,22.2385,22.5475,22.2310,22.5380,86589324,22.3399
2013-06-19,22.5568,22.7938,22.4600,22.5395,116519364,22.3414
2013-06-20,22.3721,22.5475,22.1049,22.1406,134745120,21.9460
2013-06-21,22.2307,22.2693,21.8486,22.0453,159132708,21.8515
2013-06-24,21.8188,21.9299,21.6029,21.7665,120555324,21.5752
2013-06-25,21.9535,22.0140,21.6344,21.6767,102025872,21.4862
2013-06-26,21.8656,21.9720,21.7860,21.8631,73182744,21.6710
2013-06-27,21.9920,22.1394,21.9382,21.9487,76982940,21.7558
2013-06-28,21.8944,22.0681,21.8766,22.0313,93878028,21.8376
2013-07-01,22.1834,22.3243,22.1471,22.2192,68923008,22.0239
2013-07-02,22.2773,22.2973,21.9537,22.0798,75584340,21.8858
2013-07-03,22.0195,22.2515,21.9845,22.1829,41838120,21.9880
2013-07-05,22.2725,22.4077,22.2057,22.3596,68007924,22.1631
2013-07-08,22.5028,22.6794,22.4494,22.6499,78701220,22.4508
2013-07-09,22.7978,22.8466,22.4720,22.6537,79096824,22.4545
2013-07-10,22.6089,22.8013,22.5320,22.6724,68267664,22.4731
2013-07-11,22.8478,23.0433,22.7357,23.0290,103264632,22.8266
2013-07-12,23.0230,23.0981,22.9039,23.0981,102625272,22.8951
2013-07-15,23.1306,23.2232,22.9319,23.1404,78341580,22.9370
2013-07-16,23.2015,23.2225,22.8704,23.0133,79240680,22.8110
2013-07-17,23.0480,23.1947,22.9304,22.9867,60183756,22.7847
2013-07-18,22.9977,23.0230,22.6024,22.7898,145234620,22.5895
2013-07-19,22.1874,22.5963,21.9122,22.4374,294077628,22.2402
2013-07-22,22.5726,22.8396,22.4474,22.7903,116011872,22.5900
2013-07-23,22.7903,22.8478,22.5118,22.6176,81746172,22.4188
2013-07-24,22.7042,22.7803,22.5400,22.5951,83056860,22.3965
2013-07-25,22.3691,22.4437,22.1742,22.2147,119923956,22.0195
2013-07-26,22.1969,22.2720,22.0721,22.1559,71036892,21.9612
2013-07-29,22.1446,22.3929,22.0443,22.0788,75600324,21.8848
2013-07-30,22.1587,22.4127,22.0438,22.2953,70153776,22.0993
2013-07-31,22.3471,22.4352,22.1767,22.2160,86853060,22.0207
2013-08-01,22.3974,22.6364,22.3974,22.6281,85450464,22.4292
2013-08-02,22.6086,22.6977,22.5430,22.6869,68487444,22.4875
2013-08-05,22.6574,22.6607,22.5025,22.6476,52335612,22.4486
2013-08-06,22.6399,22.7655,22.4157,22.4367,60183756,22.2395
2013-08-07,22.3984,22.4837,22.2495,22.2885,55112832,22.0926
2013-08-08,22.4097,22.4184,22.1544,22.3388,59460480,22.1425
2013-08-09,22.2863,22.4104,22.2723,22.2825,52895052,22.0867
2013-08-12,22.1947,22.1972,22.0633,22.1599,55024920,21.9651
2013-08-13,22.1929,22.2347,21.9269,22.0533,56735208,21.8595
2013-08-14,21.9812,22.0278,21.7007,21.7670,83204712,21.5757
2013-08-15,21.6326,21.6446,21.4715,21.5130,74693232,21.3239
2013-08-16,21.5536,21.5826,21.4349,21.4442,66936996,21.2557
2013-08-19,21.4642,21.8218,21.4577,21.6629,72363564,21.4725
2013-08-20,21.7305,21.8246,21.6101,21.6572,49270680,21.4668
2013-08-21,21.7880,21.9447,21.6842,21.7550,70221708,21.5638
2013-08-22,21.8393,21.8906,21.7780,21.8646,34761204,21.6724
2013-08-23,21.9677,21.9720,21.7655,21.7770,43040916,21.5856
2013-08-26,21.7718,21.8944,21.6729,21.6814,42057900,21.4909
2013-08-27,21.5120,21.6149,21.2187,21.2750,69294636,21.0880
2013-08-28,21.2775,21.4067,21.2155,21.2350,53142804,21.0483
2013-08-29,21.2480,21.5310,21.2360,21.4072,59080860,21.2190
2013-08-30,21.4154,21.4725,21.1602,21.1937,74389536,21.0074
2013-09-03,21.3804,21.6764,21.3701,21.5310,81822096,21.3418
2013-09-04,21.5303,21.8594,21.4007,21.8126,81566352,21.6208
2013-09-05,21.8594,22.0190,21.8121,22.0110,51600348,21.8176
2013-09-06,22.0831,22.1166,21.8654,22.0115,62401536,21.8180
2013-09-09,22.1154,22.2660,22.0826,22.2235,49334616,22.0281
2013-09-10,22.2728,22.3223,22.1221,22.2390,51452496,22.0435
2013-09-11,22.2357,22.4467,22.1742,22.4272,64359576,22.2301
2013-09-12,22.4575,22.4700,22.2725,22.3488,43776180,22.1524
2013-09-13,22.3849,22.4144,22.1431,22.2490,52962984,22.0534
2013-09-16,22.4274,22.4474,22.1439,22.2162,53406540,22.0209
2013-09-17,22.2075,22.2320,22.0470,22.1749,50325624,21.9800
2013-09-18,22.1809,22.6219,22.0988,22.6056,77310612,22.4069
2013-09-19,22.6724,22.6724,22.4074,22.4822,63852084,22.2846
2013-09-20,22.4822,22.6259,22.4129,22.6003,173638188,22.4017
2013-09-23,22.4262,22.5623,22.1522,22.1847,71024904,21.9897
2013-09-24,22.1847,22.2748,22.0571,22.1932,59412528,21.9981
2013-09-25,22.1859,22.1859,21.9119,21.9527,65894040,21.7598
2013-09-26,21.9795,22.0908,21.8969,21.9762,50345604,21.7831
2013-09-27,21.8924,21.9600,21.8046,21.9317,50301648,21.7389
2013-09-30,21.7487,22.0430,21.7295,21.9197,68827104,21.7270
2013-10-01,22.0283,22.2140,22.0233,22.1972,67324608,22.0021
2013-10-02,22.0903,22.2563,21.9675,22.2220,59752188,22.0267
2013-10-03,22.2222,22.3749,21.8243,21.9242,84595320,21.7315
2013-10-04,21.8969,21.9597,21.7718,21.8306,54265680,21.6387
2013-10-07,21.7080,21.8716,21.6244,21.6652,51692256,21.4747
2013-10-08,21.6547,21.6712,21.3121,21.3631,77670252,21.1753
2013-10-09,21.4284,21.5878,21.0956,21.4179,105945948,21.2297
2013-10-10,21.6176,21.7425,21.5268,21.7277,90121788,21.5368
2013-10-11,21.6724,21.8589,21.6542,21.8216,56299644,21.6298
2013-10-14,21.6882,21.9282,21.6564,21.9247,49694256,21.7320
2013-10-15,21.9159,22.1629,21.8719,22.0723,63612324,21.8783
2013-10-16,22.1689,22.4807,22.1224,22.4732,80223696,22.2757
2013-10-17,22.3471,22.4449,22.1654,22.2420,170093736,22.0465
2013-10-18,24.4389,25.4119,24.3744,25.3106,462193344,25.0881
2013-10-21,25.3118,25.5005,25.0138,25.1076,144986868,24.8869
2013-10-22,25.1502,25.3503,24.9197,25.2002,88255656,24.9787
2013-10-23,25.0501,25.8946,25.0408,25.8111,106421472,25.5842
2013-10-24,25.8226,26.0403,25.6456,25.6644,83600316,25.4388
2013-10-25,25.7462,25.7462,25.2938,25.4054,81138780,25.1821
2013-10-28,25.4054,25.6114,25.3501,25.4004,46301652,25.1771
2013-10-29,25.5030,25.9494,25.3629,25.9319,64135800,25.7040
2013-10-30,25.9617,25.9637,25.6757,25.7863,52911036,25.5596
2013-10-31,25.7490,26.0641,25.6249,25.7903,65534400,25.5636
2013-11-01,25.8206,25.9259,25.6532,25.7017,51280668,25.4758
2013-11-04,25.8133,25.8351,25.5763,25.6784,45506448,25.4527
2013-11-05,25.5343,25.8171,25.4610,25.5636,47208744,25.3389
2013-11-06,25.6657,25.7007,25.4097,25.5943,36479484,25.3694
2013-11-07,25.5908,25.6239,25.2162,25.2240,67116816,25.0023
2013-11-08,25.2440,25.4880,25.2377,25.4262,51580368,25.2027
2013-11-11,25.2630,25.4237,25.2252,25.2900,44459496,25.0678
2013-11-12,25.2177,25.4645,25.1502,25.3198,48675276,25.0973
2013-11-13,25.1939,25.8471,25.1877,25.8376,63112824,25.6105
2013-11-14,25.8739,26.0198,25.7845,25.9067,46621332,25.6790
2013-11-15,25.8976,25.9760,25.7835,25.8649,51000948,25.6375
2013-11-18,25.9197,26.2447,25.7568,25.8146,70317612,25.5877
2013-11-19,25.8188,25.8946,25.6019,25.6557,45218736,25.4302
2013-11-20,25.7745,25.8599,25.5345,25.5833,38509452,25.3585
2013-11-21,25.7007,25.9837,25.6757,25.8776,43628328,25.6502
2013-11-22,25.8614,25.9302,25.7563,25.8231,50117832,25.5961
2013-11-25,25.9550,26.3561,25.9014,26.1744,64455480,25.9444
2013-11-26,26.2412,26.5641,26.0996,26.4867,91360548,26.2539
2013-11-27,26.5773,26.7267,26.5265,26.6044,44899056,26.3705
2013-11-29,26.5806,26.6922,26.5128,26.5163,47664288,26.2832
2013-12-02,26.6144,26.6854,26.2953,26.3884,54873072,26.1565
2013-12-03,26.3001,26.6126,26.2518,26.3579,66976956,26.1262
2013-12-04,26.3106,26.6261,26.2763,26.4810,47616336,26.2482
2013-12-05,26.4565,26.5180,26.3036,26.4600,45302652,26.2274
2013-12-06,26.7715,26.7768,26.5285,26.7735,57094848,26.5382
2013-12-09,26.8016,27.0848,26.7272,26.9805,59244696,26.7433
2013-12-10,26.9307,27.3351,26.9182,27.1436,74081844,26.9051
2013-12-11,27.2122,27.3103,26.9062,26.9592,68403528,26.7223
2013-12-12,27.0163,27.1006,26.7518,26.7758,63796140,26.5404
2013-12-13,26.9119,26.9342,26.4737,26.5463,86409504,26.3130
2013-12-16,26.6266,26.8941,26.5768,26.8514,64015920,26.6153
2013-12-17,26.8473,27.0460,26.7362,26.7733,61366572,26.5380
2013-12-18,26.8231,27.1509,26.5025,27.1459,88323588,26.9073
2013-12-19,27.0463,27.3271,27.0040,27.1827,66561372,26.9438
2013-12-20,27.2347,27.5568,27.2272,27.5430,130333536,27.3010
2013-12-23,27.7237,27.9229,27.6557,27.9054,68795136,27.6601
2013-12-24,27.9022,27.9089,27.7302,27.8238,29338632,27.5793
2013-12-26,27.8781,28.0030,27.7450,27.9645,53458488,27.7187
2013-12-27,28.0280,28.0350,27.8514,27.9880,62725212,27.7420
2013-12-30,28.0365,28.0405,27.7533,27.7643,49394556,27.5202
2013-12-31,27.8338,28.0531,27.6842,28.0458,54261684,27.7993
2014-01-02,27.9144,27.9717,27.7342,27.8559,72783144,27.6110
2014-01-03,27.9029,27.9512,27.6509,27.6527,66601332,27.4096
2014-01-06,27.8531,27.9995,27.6887,27.9610,70701228,27.7152
2014-01-07,28.1532,28.5208,28.0571,28.5000,102001896,28.2495
2014-01-08,28.6787,28.7117,28.3606,28.5593,89610300,28.3083
2014-01-09,28.6146,28.6341,28.1672,28.2843,83296620,28.0357
2014-01-10,28.5055,28.5055,28.0843,28.2828,85654260,28.0342
2014-01-13,28.1899,28.7015,27.9572,28.1026,96659244,27.8556
2014-01-14,28.4772,28.8038,28.2305,28.7638,99204696,28.5110
2014-01-15,28.8536,28.9039,28.6234,28.7442,77929992,28.4916
2014-01-16,28.7563,28.9772,28.7287,28.9344,67288644,28.6801
2014-01-17,28.9502,29.0448,28.6336,28.7920,107943948,28.5390
2014-01-21,29.0523,29.1291,28.8113,29.1216,79116804,28.8657
2014-01-22,29.1944,29.2265,29.0005,29.1547,62793144,28.8984
2014-01-23,29.0290,29.0913,28.8881,29.0315,77886036,28.7764
2014-01-24,28.8041,28.8676,28.1031,28.1239,155544300,27.8767
2014-01-27,28.1807,28.1907,27.0838,27.5583,173969856,27.3161
2014-01-28,27.7858,28.1719,27.7763,28.1034,88319592,27.8563
2014-01-29,28.0060,28.0718,27.5130,27.7007,95100804,27.4572
2014-01-30,28.6537,28.8411,28.2095,28.4132,203452344,28.1634
2014-01-31,29.3131,29.6932,28.8071,29.5538,222429348,29.2940
2014-02-03,29.5095,29.5726,28.3286,28.3641,182581236,28.1148
2014-02-04,28.4782,28.9039,28.4537,28.4825,112363524,28.2321
2014-02-05,28.6131,28.7980,28.2287,28.6086,95684220,28.3572
2014-02-06,28.8071,29.0330,28.7175,29.0280,77786136,28.7729
2014-02-07,29.2200,29.4770,29.0430,29.4655,105342552,29.2065
2014-02-10,29.3243,29.5896,29.2548,29.3526,77730192,29.0946
2014-02-11,29.5338,29.8266,29.3346,29.7843,81949968,29.5225
2014-02-12,29.7548,29.7798,29.5641,29.6969,68911020,29.4359
2014-02-13,29.5483,30.0275,29.5210,30.0275,73382544,29.7636
2014-02-14,29.9202,30.1399,29.8498,30.1001,87380532,29.8355
2014-02-18,30.0653,30.3521,30.0300,30.3023,84271644,30.0360
2014-02-19,30.1627,30.2608,29.9675,30.0886,84059856,29.8241
2014-02-20,30.1086,30.2025,30.0355,30.1329,67963968,29.8680
2014-02-21,30.2255,30.2770,30.1011,30.1249,74417508,29.8601
2014-02-24,30.1642,30.5345,30.1577,30.3431,66905028,30.0764
2014-02-25,30.4289,30.6431,30.2908,30.5305,57490452,30.2622
2014-02-26,30.6306,30.7528,30.3744,30.5348,79208712,30.2664
2014-02-27,30.4902,30.6364,30.4557,30.5108,50349600,30.2426
2014-02-28,30.5390,30.6354,30.1857,30.4217,92451456,30.1543
2014-03-03,30.1989,30.2262,29.8333,30.0973,84107808,29.8328
2014-03-04,30.4054,30.4304,30.2678,30.4032,58649292,30.1359
2014-03-05,30.4067,30.6076,30.3156,30.4870,49362588,30.2190
2014-03-06,30.5876,30.6844,30.4955,30.5208,50673276,30.2525
2014-03-07,30.7007,30.7055,30.3163,30.4002,60543396,30.1330
2014-03-10,30.4227,30.4715,30.1324,30.3196,48535416,30.0531
2014-03-11,30.3746,30.3884,29.9459,30.0298,68451480,29.7658
2014-03-12,29.9399,30.2265,29.6344,30.2127,78493428,29.9472
2014-03-13,30.2290,30.2928,29.6486,29.7563,93730176,29.4947
2014-03-14,29.5793,29.8016,29.3426,29.3493,91664244,29.0914
2014-03-17,29.5108,29.9567,29.4822,29.8323,86397516,29.5701
2014-03-18,29.8966,30.3186,29.8564,30.3118,72527400,30.0454
2014-03-19,30.3253,30.3301,29.8901,30.0113,64451484,29.7475
2014-03-20,30.0288,30.2705,29.9139,29.9590,67320612,29.6956
2014-03-21,30.1879,30.2710,29.5908,29.6056,128211660,29.3454
2014-03-24,29.6344,29.6522,28.6774,28.9772,121362516,28.7225
2014-03-25,29.1792,29.2753,28.7037,28.9970,96311592,28.7421
2014-03-26,29.0793,29.3186,28.3158,28.3276,103096800,28.0786
2014-03-27,28.2995,28.3268,27.5801,27.8849,152735112,27.6398
2014-03-28,28.0030,28.3581,27.9722,28.0318,90265644,27.7854
2014-03-31,28.2883,28.4034,27.8491,27.8906,77614308,27.6455
2014-04-01,28.0348,28.4660,27.9780,28.4007,87152760,28.1510
2014-04-02,28.5761,28.6486,28.1281,28.4059,83360556,28.1562
2014-04-03,28.6695,29.4150,28.3005,28.5750,80366000,28.3238
2014-04-04,28.9275,28.9860,27.2245,27.2625,107274000,27.0229
2014-04-07,27.2395,27.4925,26.5265,27.0315,79232000,26.7939
2014-04-08,27.2525,27.9940,27.2350,27.8755,69650000,27.6305
2014-04-09,28.2920,28.3900,27.7690,28.3520,60632000,28.1028
2014-04-10,28.4000,28.4105,27.2750,27.3345,65890000,27.0942
2014-04-11,26.8970,27.3795,26.6700,26.8880,63494000,26.6517
2014-04-14,27.1830,27.6510,27.0260,27.2600,50824000,27.0204
2014-04-15,27.5500,27.6445,26.5320,27.4350,79956000,27.1939
2014-04-16,27.8850,28.2000,27.6550,28.1950,91644000,27.9472
2014-04-17,27.8160,27.8500,26.9700,27.1670,112294000,26.9282
2014-04-21,27.2000,27.2000,26.7000,26.9685,48502000,26.7315
2014-04-22,26.8000,27.4000,26.8000,27.2750,46622000,27.0353
2014-04-23,27.1835,27.2400,26.4065,26.8755,39114000,26.6393
2014-04-24,27.0845,27.1250,26.5500,26.7220,41348000,26.4871
2014-04-25,26.6130,26.6930,26.1250,26.1550,47400000,25.9251
2014-04-28,26.2900,26.2950,25.5500,26.1490,75056000,25.9192
2014-04-29,26.1945,26.8880,26.1500,26.8165,50704000,26.5808
2014-04-30,26.7560,26.8170,26.4545,26.7440,40770000,26.5089
2014-05-01,26.7125,26.9955,26.6430,26.9265,40086000,26.6898
2014-05-02,27.0720,27.1200,26.6635,26.6935,35616000,26.4589
2014-05-05,26.5120,26.7860,26.3790,26.7665,24568000,26.5312
2014-05-06,26.6705,26.7275,26.1130,26.1285,36700000,25.8989
2014-05-07,26.1625,26.2215,25.5545,25.9000,61486000,25.6724
2014-05-08,25.7860,26.3675,25.7230,26.0085,49040000,25.7799
2014-05-09,25.9325,26.3675,25.7140,26.3310,45224000,26.0996
2014-05-12,26.5920,26.9375,26.3755,26.9215,38968000,26.6849
2014-05-13,26.9790,27.1995,26.8950,27.0770,40240000,26.8390
2014-05-14,27.0910,27.0910,26.6555,26.7205,25618000,26.4856
2014-05-15,26.6570,26.7000,26.2655,26.4560,36658000,26.2235
2014-05-16,26.4800,26.5420,26.1785,26.4150,38154000,26.1828
2014-05-19,26.4440,26.9675,26.2830,26.9415,39530000,26.7047
2014-05-20,27.0000,27.3175,26.8285,27.0195,48506000,26.7820
2014-05-21,27.1450,27.4875,27.1055,27.4850,31294000,27.2434
2014-05-22,27.6100,27.8980,27.5500,27.7725,42994000,27.5284
2014-05-23,27.9065,28.2500,27.7085,28.1900,53450000,27.9422
2014-05-27,28.3890,28.7435,28.2075,28.7435,43716000,28.4909
2014-05-28,28.7285,28.8830,28.4975,28.5225,31632000,28.2718
2014-05-29,28.6695,28.6740,28.4225,28.5280,28222000,28.2773
2014-05-30,28.5820,28.6290,28.2895,28.5825,37434000,28.3313
2014-06-02,28.4875,28.5205,27.8350,28.2170,33210000,27.9690
2014-06-03,28.0450,28.1200,27.6265,27.7255,40626000,27.4818
2014-06-04,27.5760,27.9290,27.4280,27.6880,34582000,27.4446
2014-06-05,27.8555,28.2500,27.7525,28.2465,35868000,27.9982
2014-06-06,28.4080,28.4400,27.9790,28.3015,34804000,28.0527
2014-06-09,28.3375,28.6000,28.2610,28.5365,30594000,28.2857
2014-06-10,28.4390,28.6000,28.3065,28.4150,29676000,28.1653
2014-06-11,28.2960,28.4485,28.1840,28.3750,22580000,28.1256
2014-06-12,28.3500,28.3500,27.8575,27.9750,30930000,27.7291
2014-06-13,28.0040,28.0325,27.6860,28.0175,27066000,27.7712
2014-06-16,27.8625,27.8995,27.5000,27.6150,39436000,27.3723
2014-06-17,27.6180,27.6870,27.3735,27.5310,29552000,27.2890
2014-06-18,27.6400,28.0700,27.5790,28.0330,41212000,27.7866
2014-06-19,28.0575,28.2500,27.8335,28.2495,52548000,28.0012
2014-06-20,28.3225,28.3385,27.9685,28.3260,63212000,28.0770
2014-06-23,28.2175,28.7220,28.1750,28.7145,34456000,28.4621
2014-06-24,28.7110,29.1125,28.4580,28.6270,56886000,28.3754
2014-06-25,28.6775,29.3650,28.6630,29.2965,42294000,29.0390
2014-06-26,29.4650,29.4800,28.9800,29.2385,40248000,28.9815
2014-06-27,29.2725,29.3940,29.1310,29.2845,40426000,29.0271
2014-06-30,29.3380,29.3855,29.1645,29.2335,29578000,28.9766
2014-07-01,29.3825,29.6830,29.3145,29.5745,32864000,29.3146
2014-07-02,29.6130,29.7075,29.4555,29.5390,23916000,29.2794
2014-07-03,29.5850,29.7125,29.4500,29.6540,17978000,29.3934
2014-07-07,29.6755,29.7825,29.3970,29.5380,26734000,29.2784
2014-07-08,29.3185,29.3985,28.7000,28.9200,42504000,28.6658
2014-07-09,28.9475,29.2050,28.8500,29.1680,27456000,28.9116
2014-07-10,28.6500,29.2625,28.6050,29.0020,28724000,28.7471
2014-07-11,29.0500,29.4115,29.0290,29.3325,30232000,29.0747
2014-07-14,29.5300,29.7430,29.3345,29.7130,39032000,29.4518
2014-07-15,29.7575,29.7650,29.2655,29.6530,33476000,29.3924
2014-07-16,29.8445,29.8500,29.5125,29.5310,28816000,29.2714
2014-07-17,29.4485,29.4750,28.8425,29.0410,58706000,28.7857
2014-07-18,30.1505,30.3350,29.5460,30.2555,97432000,29.9896
2014-07-21,30.0675,30.2080,29.7225,29.9220,44758000,29.6590
2014-07-22,29.9850,30.4445,29.9630,30.1785,37632000,29.9132
2014-07-23,30.1025,30.3525,30.0675,30.2595,22120000,29.9935
2014-07-24,30.2765,30.4455,30.0500,30.1505,27100000,29.8855
2014-07-25,29.9625,30.0500,29.7875,29.9040,27200000,29.6412
2014-07-28,29.8875,30.0550,29.6295,29.9510,27162000,29.6878
2014-07-29,29.8850,29.9245,29.6085,29.6975,27332000,29.4365
2014-07-30,29.7905,29.9225,29.6350,29.7720,24302000,29.5103
2014-07-31,29.4480,29.5995,28.8840,28.9775,46190000,28.7228
2014-08-01,28.9275,29.1715,28.5150,28.6800,44266000,28.4279
2014-08-04,28.8255,29.1910,28.6130,29.1135,30388000,28.8576
2014-08-05,28.9690,29.0100,28.5155,28.6570,32876000,28.4051
2014-08-06,28.4750,28.9320,28.3725,28.7245,26456000,28.4720
2014-08-07,28.8025,28.9155,28.4715,28.5905,23260000,28.3392
2014-08-08,28.6010,28.9780,28.4510,28.8970,29866000,28.6430
2014-08-11,28.9500,28.9845,28.7650,28.8625,24068000,28.6088
2014-08-12,28.7500,28.7950,28.4955,28.6060,27890000,28.3546
2014-08-13,28.8225,29.3065,28.7600,29.2280,37988000,28.9711
2014-08-14,29.3345,29.3900,29.0460,29.2325,25458000,28.9756
2014-08-15,29.3750,29.4735,29.0380,29.1855,34468000,28.9290
2014-08-18,29.3550,29.7525,29.3275,29.6350,29320000,29.3745
2014-08-19,29.7795,29.8905,29.7220,29.8555,20864000,29.5931
2014-08-20,29.8475,29.8495,29.6500,29.7705,19346000,29.5088
2014-08-21,29.7450,29.7625,29.5550,29.6210,22640000,29.3607
2014-08-22,29.6635,29.7495,29.4900,29.6270,17544000,29.3666
2014-08-25,29.7385,29.7790,29.4630,29.5285,25912000,29.2690
2014-08-26,29.6000,29.6025,29.3725,29.4060,29434000,29.1475
2014-08-27,29.3905,29.4685,29.0450,29.1500,27292000,28.8938
2014-08-28,29.0010,29.2355,28.8940,29.0160,28116000,28.7610
2014-08-29,29.1175,29.1450,28.9120,29.1180,24122000,28.8621
2014-09-02,29.1475,29.4650,29.1200,29.4315,31660000,29.1728
2014-09-03,29.5865,29.7245,29.3250,29.4760,31580000,29.2169
2014-09-04,29.6065,29.9000,29.5300,29.6570,32616000,29.3963
2014-09-05,29.7565,29.9250,29.6775,29.8890,35982000,29.6263
2014-09-08,29.9570,30.1760,29.9010,30.0815,31984000,29.8171
2014-09-09,30.0135,30.0300,29.5240,29.5985,31424000,29.3384
2014-09-10,29.5870,29.6860,29.3570,29.6710,23202000,29.4102
2014-09-11,29.5000,29.5975,29.3020,29.5555,30028000,29.2957
2014-09-12,29.5195,29.5740,29.1640,29.2450,37030000,28.9880
2014-09-15,29.1120,29.1960,28.8505,29.0820,30908000,28.8264
2014-09-16,29.0475,29.5075,29.0475,29.4390,31592000,29.1803
2014-09-17,29.4755,29.8035,29.3560,29.6645,34390000,29.4038
2014-09-18,29.7525,29.8780,29.6510,29.8635,29890000,29.6010
2014-09-19,29.9745,30.2700,29.8880,30.2700,83832000,30.0040
2014-09-22,30.1250,30.1900,29.6560,29.8635,35644000,29.6010
2014-09-23,29.7500,29.8325,29.5120,29.5590,28074000,29.2992
2014-09-24,29.5785,30.0055,29.5150,29.9210,35160000,29.6580
2014-09-25,29.8495,29.9035,29.2370,29.2625,33420000,29.0053
2014-09-26,29.2965,29.4785,29.2500,29.3950,25782000,29.1366
2014-09-29,29.0915,29.4655,29.0785,29.3905,22874000,29.1322
2014-09-30,29.3745,29.5500,29.2250,29.4205,31430000,29.1619
2014-10-01,29.3400,29.4360,28.9010,28.9815,28954000,28.7268
2014-10-02,28.9000,29.1620,28.7025,29.0440,30726000,28.7887
2014-10-03,29.2050,29.4145,29.1750,29.3125,24290000,29.0549
2014-10-06,29.4975,29.6200,29.2700,29.3890,25722000,29.1307
2014-10-07,29.2450,29.2925,28.7050,28.7050,30914000,28.4527
2014-10-08,28.7395,29.2345,28.3820,29.1870,44158000,28.9305
2014-10-09,29.0805,29.1265,28.4515,28.5405,48234000,28.2896
2014-10-10,28.3735,28.7615,27.7505,27.7595,59574000,27.5155
2014-10-13,27.7565,28.0440,27.2215,27.2375,55116000,26.9981
2014-10-14,27.5070,27.9315,27.2250,27.4345,52198000,27.1934
2014-10-15,27.1040,27.1960,26.4210,27.0365,76720000,26.7989
2014-10-16,26.3500,27.0495,26.2475,26.8460,76100000,26.6100
2014-10-17,27.0225,27.1725,25.9205,26.1485,119930000,25.9187
2014-10-20,26.0225,26.6580,25.9570,26.6190,54964000,26.3850
2014-10-21,26.8635,26.9385,26.5100,26.9015,49190000,26.6651
2014-10-22,27.0525,27.5380,27.0115,27.1345,59474000,26.8960
2014-10-23,27.4140,27.8700,27.2750,27.6825,43026000,27.4392
2014-10-24,27.7490,27.7500,27.2580,27.4450,43508000,27.2038
2014-10-27,27.3880,27.7000,27.3600,27.4940,31934000,27.2523
2014-10-28,27.5855,27.9600,27.5215,27.9470,34774000,27.7014
2014-10-29,28.0425,28.2485,27.7990,27.9225,41066000,27.6771
2014-10-30,27.9125,28.1250,27.6065,28.0135,32250000,27.7673
2014-10-31,28.4150,28.4365,28.2405,28.3935,46810000,28.1439
2014-11-03,28.1765,28.3575,28.0815,28.1885,30834000,27.9407
2014-11-04,28.0580,28.2395,27.9150,28.2095,27726000,27.9616
2014-11-05,28.3395,28.3450,27.7075,27.7975,32906000,27.5532
2014-11-06,27.7750,27.8400,27.5290,27.5845,33014000,27.3421
2014-11-07,27.7800,27.7800,27.4675,27.5910,31782000,27.3485
2014-11-10,27.6200,28.0315,27.5810,27.9115,26090000,27.6662
2014-11-11,27.9260,28.1250,27.8120,28.0645,21966000,27.8178
2014-11-12,28.0575,28.0625,27.7750,27.9125,21882000,27.6672
2014-11-13,28.0405,28.0410,27.7045,27.8220,30220000,27.5775
2014-11-14,27.9000,27.9000,27.6255,27.7595,28502000,27.5155
2014-11-17,27.7595,27.7595,27.2220,27.3320,33612000,27.0918
2014-11-18,27.3965,27.6395,27.1900,27.2255,36440000,26.9862
2014-11-19,27.2375,27.4110,26.9595,27.3600,30346000,27.1195
2014-11-20,27.1045,27.2690,27.0750,27.1880,35016000,26.9490
2014-11-21,27.5520,27.5520,27.2500,27.2945,50120000,27.0546
2014-11-24,27.3285,27.5595,27.2075,27.3740,33076000,27.1334
2014-11-25,27.3605,27.6250,27.3455,27.4615,38072000,27.2201
2014-11-26,27.4615,27.4940,27.2615,27.3865,29604000,27.1458
2014-11-28,27.3500,27.4800,27.2240,27.4540,24202000,27.2127
2014-12-01,27.2545,27.4395,26.9310,26.9825,39888000,26.7453
2014-12-02,26.9725,27.0925,26.7330,26.9295,41480000,26.6928
2014-12-03,26.8750,27.0705,26.7605,26.8485,32476000,26.6125
2014-12-04,26.8820,27.1345,26.7445,27.1290,32598000,26.8906
2014-12-05,26.8350,26.9100,26.3630,26.4040,61402000,26.1719
2014-12-08,26.4610,26.6910,26.3500,26.5365,64566000,26.3033
2014-12-09,26.2940,26.8325,26.1705,26.8055,43322000,26.5699
2014-12-10,26.7950,26.9680,26.3745,26.4020,46222000,26.1699
2014-12-11,26.5005,26.8520,26.4580,26.6055,41426000,26.3717
2014-12-12,26.3720,26.6120,26.0730,26.0755,47314000,25.8463
2014-12-15,26.1880,26.2685,25.7700,25.7920,52352000,25.5653
2014-12-16,25.6800,25.7790,24.8595,24.9080,86998000,24.6891
2014-12-17,24.9930,25.4535,24.9555,25.3225,72788000,25.0999
2014-12-18,25.7995,25.8125,25.3280,25.7310,77534000,25.5048
2014-12-19,25.8495,26.0405,25.4430,26.0020,97442000,25.7735
2014-12-22,26.0305,26.6485,26.0295,26.6150,66390000,26.3811
2014-12-23,26.7255,27.1150,26.6860,26.9385,57544000,26.7017
2014-12-24,26.9410,27.0145,26.7550,26.8465,14754000,26.6105
2014-12-26,26.8465,27.1625,26.7745,27.0760,22270000,26.8380
2014-12-29,27.0250,27.1965,26.8580,26.8655,44300000,26.6294
2014-12-30,26.7480,26.8920,26.6805,26.7640,20972000,26.5288
2014-12-31,26.8870,26.9200,26.5100,26.5330,24648000,26.2998
2015-01-02,26.6300,26.7900,26.3940,26.4775,26480000,26.2448
2015-01-05,26.3575,26.3995,25.8875,25.9730,41182000,25.7447
2015-01-06,26.0250,26.0605,25.2775,25.3320,54456000,25.1094
2015-01-07,25.5475,25.5745,25.1825,25.2575,46918000,25.0355
2015-01-08,25.0755,25.3750,24.7510,25.3455,73054000,25.1227
2015-01-09,25.4090,25.4300,24.9325,25.0360,42000000,24.8160
2015-01-12,24.9620,25.0140,24.5455,24.8530,57138000,24.6346
2015-01-13,25.1285,25.4300,24.8630,25.0900,60958000,24.8695
2015-01-14,25.0210,25.4130,24.9080,25.2965,52800000,25.0742
2015-01-15,25.4445,25.4875,25.1005,25.2005,51068000,24.9790
2015-01-16,25.1575,25.5425,25.1545,25.5230,49658000,25.2987
2015-01-20,25.6385,25.7805,25.4685,25.4970,46796000,25.2729
2015-01-21,25.5420,26.0925,25.4795,26.0195,46356000,25.7908
2015-01-22,26.1500,26.9420,26.0955,26.8650,56068000,26.6289
2015-01-23,26.9015,27.2705,26.7875,27.0975,45966000,26.8593
2015-01-26,27.0750,27.0750,26.6035,26.8360,30932000,26.6001
2015-01-27,26.5700,26.6390,26.0430,26.0595,39148000,25.8305
2015-01-28,26.2500,26.2845,25.6175,25.6215,35822000,25.3963
2015-01-29,25.6450,25.7595,25.1740,25.6615,79018000,25.4360
2015-01-30,25.9500,27.1550,25.9090,26.8775,121108000,26.6413
2015-02-02,26.7160,26.8250,26.0860,26.6100,75378000,26.3761
2015-02-03,26.4970,26.8725,26.3405,26.6650,47062000,26.4306
2015-02-04,26.6570,26.8375,26.2515,26.3050,33896000,26.0738
2015-02-05,26.3965,26.5345,26.2820,26.4915,33176000,26.2587
2015-02-06,26.5505,27.0110,26.4325,26.6940,42938000,26.4594
2015-02-09,26.5530,26.6940,26.3775,26.4640,30314000,26.2314
2015-02-10,26.6075,27.0500,26.4585,27.0080,47430000,26.7706
2015-02-11,26.9865,27.0975,26.8000,26.9000,38306000,26.6636
2015-02-12,26.9830,27.4170,26.8500,27.3005,48590000,27.0606
2015-02-13,27.3755,27.6270,27.3300,27.5580,47382000,27.3158
2015-02-17,27.5580,27.6500,27.1630,27.2505,39174000,27.0110
2015-02-18,27.1910,27.3775,26.9775,27.1325,31164000,26.8940
2015-02-19,27.1235,27.3430,27.0375,27.3225,30834000,27.0824
2015-02-20,27.3790,27.3790,26.9050,27.0900,38234000,26.8519
2015-02-23,26.9500,26.9650,26.6000,26.7500,32906000,26.5149
2015-02-24,26.5775,26.9700,26.5500,26.9325,28406000,26.6958
2015-02-25,26.9220,27.4785,26.9005,27.3665,40836000,27.1260
2015-02-26,27.2870,28.0065,27.2545,27.9645,54032000,27.7187
2015-02-27,27.9075,28.4710,27.8515,28.1315,68328000,27.8842
2015-03-02,28.3500,28.7995,28.1575,28.7510,50406000,28.4983
2015-03-03,28.8175,29.0425,28.5250,28.9395,50526000,28.6851
2015-03-04,28.8485,29.0815,28.6260,28.9165,37964000,28.6623
2015-03-05,28.9810,29.1600,28.9115,29.0715,35918000,28.8160
2015-03-06,29.1000,29.1390,28.6030,28.6450,37592000,28.3932
2015-03-09,28.5460,28.7725,28.4525,28.7050,23478000,28.4527
2015-03-10,28.4240,28.4880,27.9910,27.9925,40080000,27.7465
2015-03-11,27.9900,28.2090,27.7705,27.7845,40524000,27.5403
2015-03-12,27.9240,28.0920,27.7765,28.0585,35602000,27.8119
2015-03-13,27.9615,28.2180,27.5165,27.6500,35428000,27.4070
2015-03-16,27.8465,28.1875,27.5660,28.0820,36856000,27.8352
2015-03-17,27.9145,28.0320,27.7205,27.8805,28892000,27.6355
2015-03-18,27.8865,28.3255,27.6750,28.3080,35324000,28.0592
2015-03-19,28.2260,28.3480,28.1060,28.1835,24660000,27.9358
2015-03-20,28.3355,28.3550,28.2240,28.2475,44320000,27.9992
2015-03-23,28.3000,28.4820,28.1530,28.2685,30234000,28.0200
2015-03-24,28.4270,29.0940,28.4045,28.8770,79156000,28.6232
2015-03-25,28.8785,29.0035,28.3500,28.3500,53070000,28.1008
2015-03-26,28.2325,28.3595,27.9155,28.1820,49842000,27.9343
2015-03-27,28.0915,28.2035,27.8465,27.8775,34552000,27.6325
2015-03-30,28.0125,28.1080,27.8395,28.0570,24788000,27.8104
2015-03-31,27.8970,28.1225,27.7335,27.7350,34932000,27.4912
2015-04-01,27.7415,27.9250,27.3015,27.4745,38902000,27.2330
2015-04-02,27.3705,27.4000,27.0220,27.0655,47760000,26.8276
2015-04-06,26.9420,27.2770,26.7850,27.1975,33718000,26.9585
2015-04-07,27.2495,27.5080,27.1795,27.2430,27318000,27.0036
2015-04-08,27.3000,27.5750,27.3000,27.4420,28386000,27.2008
2015-04-09,27.4605,27.4685,27.0975,27.4010,32366000,27.1602
2015-04-10,27.4785,27.4925,27.2490,27.4270,26104000,27.1859
2015-04-13,27.3525,27.6635,27.3150,27.4320,29326000,27.1909
2015-04-14,27.3285,27.3285,26.7870,26.9890,47206000,26.7518
2015-04-15,26.8980,27.1595,26.6185,27.0520,46962000,26.8142
2015-04-16,26.9175,27.2615,26.9050,27.1760,31722000,26.9371
2015-04-17,26.8655,26.9900,26.4500,26.6370,49234000,26.4029
2015-04-20,26.6875,27.2900,26.6675,27.2265,38508000,26.9872
2015-04-21,27.3155,27.3885,27.1105,27.1460,29128000,26.9074
2015-04-22,27.1530,27.5500,27.0660,27.4590,31806000,27.2177
2015-04-23,27.5205,28.0585,27.5040,27.8730,78184000,27.6280
2015-04-24,29.0025,29.2350,28.4175,28.6830,92168000,28.4309
2015-04-27,28.6385,28.7760,28.1150,28.3060,48062000,28.0572
2015-04-28,28.2160,28.3915,28.0480,28.2185,37178000,27.9705
2015-04-29,28.0255,28.2920,27.9500,28.0695,33622000,27.8228
2015-04-30,27.9280,28.0555,27.3360,27.4385,47240000,27.1973
2015-05-01,27.5255,27.5610,27.1925,27.5580,36572000,27.3158
2015-05-04,27.5495,27.8345,27.3695,27.6420,35260000,27.3990
2015-05-05,27.5080,27.6305,27.1185,27.1520,28528000,26.9134
2015-05-06,27.1320,27.1965,26.6120,26.7540,39034000,26.5188
2015-05-07,26.7950,27.2600,26.6725,27.1020,31844000,26.8638
2015-05-08,27.4435,27.6400,27.4015,27.4475,28226000,27.2063
2015-05-11,27.4245,27.6685,27.2800,27.2890,21858000,27.0491
2015-05-12,27.1405,27.1480,26.7500,26.9365,35282000,26.6997
2015-05-13,27.0235,27.1920,26.9490,26.9745,24238000,26.7374
2015-05-14,27.1985,27.4845,27.1250,27.4600,31736000,27.2186
2015-05-15,27.5195,27.5300,27.1250,27.3245,33440000,27.0843
2015-05-18,27.1910,27.4170,27.1125,27.3335,26706000,27.0933
2015-05-19,27.4000,27.6700,27.3560,27.4640,47126000,27.2226
2015-05-20,27.5460,27.8035,27.2550,27.6255,30840000,27.3827
2015-05-21,27.5100,27.8805,27.4650,27.8405,34170000,27.5958
2015-05-22,27.7230,27.9120,27.6810,27.7260,24266000,27.4823
2015-05-26,27.6290,27.6665,27.1485,27.3595,37474000,27.1190
2015-05-27,27.4340,27.7645,27.3290,27.7125,34844000,27.4689
2015-05-28,27.6895,27.7880,27.5400,27.7090,23544000,27.4655
2015-05-29,27.6600,27.6970,27.2520,27.2660,43446000,27.0264
2015-06-01,27.4365,27.5285,27.1790,27.4605,33210000,27.2191
2015-06-02,27.3715,27.9395,27.3275,27.6975,31842000,27.4541
2015-06-03,27.7550,27.8995,27.6075,27.7645,26710000,27.5205
2015-06-04,27.6090,27.7980,27.4560,27.5845,26866000,27.3421
2015-06-05,27.6000,27.6665,27.3690,27.4765,24396000,27.2350
2015-06-08,27.4805,27.4935,27.1475,27.1740,27336000,26.9352
2015-06-09,27.1710,27.2420,26.9425,27.1080,30016000,26.8697
2015-06-10,27.2850,27.7390,27.2555,27.6300,30316000,27.3872
2015-06-11,27.7245,27.7415,27.4585,27.5020,25872000,27.2603
2015-06-12,27.3575,27.4425,27.2815,27.3735,25468000,27.1329
2015-06-15,27.1365,27.2025,26.9605,27.1500,27150000,26.9114
2015-06-16,27.2240,27.3345,27.0785,27.2435,32526000,27.0040
2015-06-17,27.2710,27.4180,27.0905,27.3300,24440000,27.0898
2015-06-18,27.4000,27.8625,27.4000,27.8090,41192000,27.5646
2015-06-19,27.8260,27.8955,27.6130,27.8760,59290000,27.6310
2015-06-22,27.9705,28.2805,27.9455,27.9840,34752000,27.7380
2015-06-23,27.9895,28.2450,27.8575,28.1695,31396000,27.9219
2015-06-24,28.1240,28.1320,27.8405,27.9285,28924000,27.6830
2015-06-25,28.0150,28.1570,27.8730,27.8975,26684000,27.6523
2015-06-26,27.9855,28.0000,27.5925,27.6530,43676000,27.4099
2015-06-29,27.3375,27.5450,27.0120,27.0625,37756000,26.8246
2015-06-30,27.2545,27.2950,26.9770,27.0020,34510000,26.7647
2015-07-01,27.1830,27.2905,26.9880,27.1650,30760000,26.9262
2015-07-02,27.2370,27.4000,27.1785,27.3670,28124000,27.1265
2015-07-06,27.1125,27.4290,27.1050,27.2810,25614000,27.0412
2015-07-07,27.3715,27.5500,26.9925,27.5015,33578000,27.2598
2015-07-08,27.2800,27.4140,27.0600,27.0850,27662000,26.8469
2015-07-09,27.4325,27.4440,27.2310,27.2325,29766000,26.9931
2015-07-10,27.6855,27.9645,27.6000,27.8055,43436000,27.5611
2015-07-13,27.9755,28.6425,27.9350,28.5865,41792000,28.3352
2015-07-14,28.7250,29.4855,28.7085,29.2090,74832000,28.9523
2015-07-15,29.1870,29.4345,29.0105,29.1980,41466000,28.9414
2015-07-16,29.4750,30.2250,29.3960,30.0890,112642000,29.8245
2015-07-17,34.0000,35.1500,33.9000,34.9810,257162000,34.6735
2015-07-20,34.4490,34.8900,34.0885,34.6420,102436000,34.3375
2015-07-21,34.2440,35.2800,34.2075,34.7675,75604000,34.4619
2015-07-22,34.7010,35.6665,34.5810,34.7550,83100000,34.4495
2015-07-23,34.5925,34.8035,33.5795,33.7365,76232000,33.4400
2015-07-24,33.8385,33.8895,32.6590,32.7385,82622000,32.4508
2015-07-27,32.5785,33.3535,32.5775,32.9135,58382000,32.6242
2015-07-28,33.0880,33.2050,32.6705,32.9830,34364000,32.6931
2015-07-29,33.1130,33.1665,32.6420,33.0715,36756000,32.7808
2015-07-30,32.8720,33.4025,32.5845,33.2280,39606000,32.9359
2015-07-31,33.2350,33.2500,32.8600,32.8750,34922000,32.5860
2015-08-03,32.8830,33.3335,32.8830,33.2360,31348000,32.9439
2015-08-04,33.2170,33.4000,33.0255,33.0640,26188000,32.7734
2015-08-05,33.2875,33.9955,33.2790,33.6645,36448000,33.3686
2015-08-06,33.6995,33.7375,33.0365,33.5075,40660000,33.2130
2015-08-07,33.3890,33.4400,32.9435,33.2195,27544000,32.9275
2015-08-10,33.3545,33.5810,33.0115,33.1570,34458000,32.8656
2015-08-11,34.9790,35.2000,34.2160,34.5150,109880000,34.2116
2015-08-12,34.7245,34.8000,34.0255,34.5735,58498000,34.2696
2015-08-13,34.4600,34.7015,34.1090,34.3255,36354000,34.0238
2015-08-14,34.2020,34.6130,34.1450,34.4685,27598000,34.1655
2015-08-17,34.4020,34.7370,34.1530,34.7055,24680000,34.4005
2015-08-18,34.5535,34.7880,34.2660,34.4365,27710000,34.1338
2015-08-19,34.5055,35.0100,34.3400,34.7020,50194000,34.3970
2015-08-20,34.4550,34.8080,33.7640,33.9740,57798000,33.6754
2015-08-21,33.5520,33.6445,32.1550,32.2015,91880000,31.9185
2015-08-24,30.0300,31.3840,29.6545,30.9055,129788000,30.6339
2015-08-25,32.3235,32.3500,30.5835,30.6235,71430000,30.3543
2015-08-26,32.1550,33.1240,31.5185,32.9870,87740000,32.6971
2015-08-27,33.5995,33.6990,32.5550,33.3980,58974000,33.1045
2015-08-28,33.2880,33.3500,32.6875,32.9845,38836000,32.6946
2015-08-31,32.7170,33.2205,32.3175,32.3910,38936000,32.1063
2015-09-01,31.6905,32.2220,31.2530,31.4780,51458000,31.2013
2015-09-02,31.9000,32.2530,31.5320,32.2455,37630000,31.9621
2015-09-03,32.3965,32.5625,31.6905,31.8525,34572000,31.5725
2015-09-04,31.4850,31.7250,31.3250,31.4480,40478000,31.1716
2015-09-08,32.0500,32.2520,31.6450,32.1940,39092000,31.9110
2015-09-09,32.5940,32.8680,32.0450,32.1705,40978000,31.8877
2015-09-10,32.1950,32.7450,32.0850,32.5540,27850000,32.2679
2015-09-11,32.5105,32.7655,32.3705,32.7650,34892000,32.4770
2015-09-14,32.7815,32.7960,32.4750,32.6235,29942000,32.3368
2015-09-15,32.8355,33.4425,32.6670,33.2535,35546000,32.9612
2015-09-16,33.2775,33.4035,33.1100,33.2760,26252000,32.9835
2015-09-17,33.3745,34.0995,33.2500,33.5835,47752000,33.2883
2015-09-18,33.2530,33.4920,33.0015,33.0460,72544000,32.7556
2015-09-21,33.2755,33.4500,32.9000,33.3490,39094000,33.0559
2015-09-22,32.8735,32.9410,32.2515,32.6600,54362000,32.3729
2015-09-23,32.6450,33.0140,32.5365,32.6645,29160000,32.3774
2015-09-24,32.4485,32.8385,32.1085,32.7455,38692000,32.4577
2015-09-25,32.9290,32.9290,31.9830,32.0075,48480000,31.7262
2015-09-28,31.9525,32.1425,30.8920,31.2125,47646000,30.9382
2015-09-29,31.2750,31.7340,30.9015,31.1305,42130000,30.8569
2015-09-30,31.5915,31.9655,31.4575,31.9185,52954000,31.6380
2015-10-01,31.8970,32.1920,31.5560,32.1000,42506000,31.8179
2015-10-02,31.9005,32.8500,31.6750,32.8495,48788000,32.5608
2015-10-05,33.0800,33.6515,32.7935,33.5840,37960000,33.2888
2015-10-06,33.4675,33.9400,33.1540,33.5820,42774000,33.2868
2015-10-07,33.8700,33.9370,32.9055,33.5000,44354000,33.2056
2015-10-08,33.4725,33.5945,32.7245,33.3500,39308000,33.0569
2015-10-09,33.3745,33.7045,33.1180,33.5620,32124000,33.2670
2015-10-12,33.4595,33.8990,33.3620,33.8215,26684000,33.5242
2015-10-13,33.7130,34.4230,33.6555,34.1585,42446000,33.8583
2015-10-14,34.1865,34.5020,33.9450,34.0205,31292000,33.7215
2015-10-15,34.2625,34.7080,34.2195,34.6510,47156000,34.3464
2015-10-16,34.7700,34.8110,34.4550,34.7660,36316000,34.4604
2015-10-19,34.7000,35.0120,34.6105,34.9975,30172000,34.6899
2015-10-20,34.8945,34.9000,33.6840,34.0000,52434000,33.7012
2015-10-21,34.1605,34.2450,33.5350,33.5900,31952000,33.2948
2015-10-22,33.7720,34.4025,33.5850,34.0570,88632000,33.7577
2015-10-23,37.5030,37.6250,35.8970,35.9665,126726000,35.6504
2015-10-26,36.0010,36.7475,36.0010,36.5560,48776000,36.2347
2015-10-27,36.3285,36.7980,36.2070,36.6410,38778000,36.3189
2015-10-28,36.6500,36.8685,36.3635,36.8460,39604000,36.5222
2015-10-29,36.8315,37.3395,36.7580,37.2425,36520000,36.9152
2015-10-30,37.2780,37.3155,36.8265,36.8695,39984000,36.5454
2015-11-02,36.7265,37.4090,36.5725,37.3870,39914000,37.0584
2015-11-03,37.2715,37.5850,37.0580,37.4410,36306000,37.1119
2015-11-04,37.4950,37.9950,37.4600,37.7655,41840000,37.4336
2015-11-05,37.9405,38.3175,37.8735,38.0335,45486000,37.6992
2015-11-06,37.9695,38.1510,37.7515,38.0800,33544000,37.7453
2015-11-09,37.9260,38.1650,37.4555,37.7385,35538000,37.4068
2015-11-10,37.6740,38.0300,37.4205,37.9130,29798000,37.5798
2015-11-11,38.1190,38.4540,37.9875,38.2625,41866000,37.9262
2015-11-12,38.0090,38.2900,37.7930,37.8265,35452000,37.4940
2015-11-13,37.7020,37.7665,36.9735,37.0035,48188000,36.6783
2015-11-16,37.0105,37.5855,36.7165,37.5210,50704000,37.1912
2015-11-17,37.6235,37.7475,37.2025,37.2990,38864000,36.9712
2015-11-18,37.4785,38.0550,37.3695,38.0005,36266000,37.6665
2015-11-19,37.9890,38.1615,37.8615,37.9970,28078000,37.6630
2015-11-20,38.4650,38.9660,38.2050,38.8500,55478000,38.5085
2015-11-23,38.8735,39.1450,38.6755,38.8350,34648000,38.4937
2015-11-24,38.6480,38.7995,37.9055,38.4815,47880000,38.1433
2015-11-25,38.5845,38.6500,38.3265,38.4630,23612000,38.1249
2015-11-27,38.4580,38.7000,38.3500,38.5985,14434000,38.2592
2015-11-30,38.5935,38.7515,38.0560,38.1425,33586000,37.8073
2015-12-01,38.3470,39.2500,38.2975,39.1895,40398000,38.8450
2015-12-02,39.2625,39.6525,38.8215,38.8925,46876000,38.5507
2015-12-03,39.0280,39.2240,38.1225,38.4100,41950000,38.0724
2015-12-04,38.4855,39.1210,38.2755,38.9605,49800000,38.6181
2015-12-07,39.0030,39.0500,38.3360,38.6495,36626000,38.3098
2015-12-08,38.2250,38.9325,38.1260,38.7570,31082000,38.4164
2015-12-09,38.5550,38.8045,37.6005,38.1275,46550000,37.7924
2015-12-10,38.1795,38.3035,37.7500,38.0020,32458000,37.6680
2015-12-11,37.4500,37.8720,37.4325,37.5210,43184000,37.1912
2015-12-14,37.5630,38.2075,36.8130,38.1270,53864000,37.7919
2015-12-15,38.3895,38.7375,37.9000,38.0045,49386000,37.6705
2015-12-16,38.3285,39.0750,37.8525,38.8295,53120000,38.4882
2015-12-17,39.0580,39.0795,38.4650,38.4915,36510000,38.1532
2015-12-18,38.3615,38.7070,37.8295,37.8425,67794000,37.5099
2015-12-21,38.1525,38.3175,37.7075,38.0400,34848000,37.7057
2015-12-22,38.2135,38.5170,38.0600,38.3565,36338000,38.0194
2015-12-23,38.5345,38.5950,37.8825,38.4255,30594000,38.0878
2015-12-24,38.4260,38.4600,38.2195,38.2920,10412000,37.9554
2015-12-28,38.5000,39.1410,38.3865,39.1120,31156000,38.7682
2015-12-29,39.3495,39.9345,39.3100,39.6980,38430000,39.3491
2015-12-30,39.6980,39.8230,39.3600,39.5150,28566000,39.1677
2015-12-31,39.3910,39.4165,38.8660,38.9005,32752000,38.5586
2016-01-04,38.1100,38.1100,37.3770,37.9720,67382000,37.6383
2016-01-05,38.2050,38.4600,37.7825,38.0765,45216000,37.7418
2016-01-06,37.5185,38.2865,37.4000,37.9665,48206000,37.6328
2016-01-07,37.3245,37.7655,36.7640,37.0500,63132000,36.7244
2016-01-08,37.3900,37.5060,36.4460,36.5455,47506000,36.2243
2016-01-11,36.5975,36.7540,35.9780,36.6535,50896000,36.3313
2016-01-12,37.0375,37.4170,36.8215,37.2670,46816000,36.9394
2016-01-13,37.4670,37.6500,35.8390,35.9785,51728000,35.6623
2016-01-14,36.2220,36.9945,35.2500,36.5695,55558000,36.2481
2016-01-15,35.4995,36.2080,35.0755,35.5245,76676000,35.2123
2016-01-19,36.0075,36.2675,35.4925,35.9540,48724000,35.6380
2016-01-20,35.2950,36.3475,34.3890,35.9280,82440000,35.6122
2016-01-21,36.0085,36.8835,35.5555,36.3335,51938000,36.0142
2016-01-22,37.1000,37.4280,37.0250,37.2730,47146000,36.9454
2016-01-25,37.1920,37.6230,36.6250,36.6810,45340000,36.3586
2016-01-26,36.7605,36.9730,36.3485,36.6895,30940000,36.3670
2016-01-27,36.7945,36.7945,35.6725,35.8790,42428000,35.5637
2016-01-28,36.9095,37.5580,36.5300,37.4150,62104000,37.0862
2016-01-29,37.4480,38.2555,37.2100,38.0675,75808000,37.7329
2016-02-01,38.5630,38.8795,38.0690,38.5385,111522000,38.1998
2016-02-02,40.0250,40.5175,39.0300,39.0455,135846000,38.7023
2016-02-03,39.3140,39.5715,36.8130,37.4690,131114000,37.1397
2016-02-04,37.2295,37.2620,36.1300,36.5015,104922000,36.1807
2016-02-05,36.2750,36.3360,35.0070,35.1880,109556000,34.8787
2016-02-08,34.3840,35.2260,34.1005,35.2080,89410000,34.8985
2016-02-09,34.6475,36.0480,34.4250,35.0510,84300000,34.7429
2016-02-10,35.5895,36.1610,35.2695,35.3425,60314000,35.0319
2016-02-11,34.8170,35.6160,34.5595,35.3180,65004000,35.0076
2016-02-12,35.6105,35.8000,35.0790,35.3445,46538000,35.0338
2016-02-16,35.9325,36.1440,35.5090,35.8820,43444000,35.5666
2016-02-17,36.3500,36.6880,35.8305,36.5985,49154000,36.2768
2016-02-18,36.6980,36.8000,35.7775,35.8755,47276000,35.5602
2016-02-19,35.7950,36.2015,35.6560,36.1055,34918000,35.7882
2016-02-22,36.4755,36.7425,36.1725,36.4525,37516000,36.1321
2016-02-23,36.3050,36.5450,35.7835,35.8645,41332000,35.5493
2016-02-24,35.5305,36.0610,35.1010,36.0450,37092000,35.7282
2016-02-25,36.1465,36.4755,35.6615,36.4560,36146000,36.1356
2016-02-26,36.6800,36.8080,36.0970,36.2430,42474000,35.9244
2016-02-29,36.0500,36.5300,35.8420,35.8610,45068000,35.5458
2016-03-01,36.0650,37.1165,35.9320,37.1085,60112000,36.7823
2016-03-02,37.1435,37.1560,36.6625,36.9740,36292000,36.6490
2016-03-03,36.9740,37.0500,36.4815,36.5795,40534000,36.2580
2016-03-04,36.7400,36.7500,36.2810,36.5110,48516000,36.1901
2016-03-07,36.2575,36.3605,35.2570,35.6400,61690000,35.3268
2016-03-08,35.4195,36.1125,35.2000,35.6765,52530000,35.3629
2016-03-09,35.7585,36.3120,35.6330,36.2705,39544000,35.9517
2016-03-10,36.3895,36.8270,36.1645,36.6085,44616000,36.2867
2016-03-11,36.9975,37.2450,36.8350,37.2435,35380000,36.9162
2016-03-14,37.2485,37.7130,37.1830,37.5120,32824000,37.1823
2016-03-15,37.3010,37.6505,37.1420,37.5285,29832000,37.1987
2016-03-16,37.4525,37.9500,37.3250,37.8680,29306000,37.5352
2016-03-17,37.8825,38.2670,37.8680,37.9240,44564000,37.5907
2016-03-18,38.0815,38.1070,37.5910,37.7705,56222000,37.4385
2016-03-21,37.6955,38.1670,37.5635,38.1080,28774000,37.7731
2016-03-22,37.9220,38.2500,37.8940,38.0025,22096000,37.6685
2016-03-23,38.1675,38.2695,37.8015,37.8780,24678000,37.5451
2016-03-24,37.5600,37.8780,37.5250,37.7420,31116000,37.4103
2016-03-28,37.8085,37.9150,37.6020,37.6640,21676000,37.3330
2016-03-29,37.6840,38.3590,37.4145,38.2945,40062000,37.9579
2016-03-30,38.4105,38.8655,38.3790,38.4170,40396000,38.0793
2016-03-31,38.4170,38.4540,37.9125,38.1450,32554000,37.8097
2016-04-01,37.8580,38.5020,37.7600,38.4835,31674000,38.1453
2016-04-04,38.4755,38.6220,38.0895,38.2560,26924000,37.9198
2016-04-05,37.9065,38.1435,37.7800,37.9285,24478000,37.5951
2016-04-06,37.8920,38.4210,37.8150,38.4035,25312000,38.0660
2016-04-07,38.2660,38.4680,37.8750,38.0060,25498000,37.6720
2016-04-08,38.2935,38.3565,37.7885,37.9735,23434000,37.6397
2016-04-11,38.2725,38.3610,37.8670,37.8770,31774000,37.5441
2016-04-12,37.9215,38.2460,37.5785,38.2160,27388000,37.8801
2016-04-13,38.5155,38.7875,38.2295,38.5955,35426000,38.2563
2016-04-14,38.7680,38.9805,38.6610,38.7695,26992000,38.4287
2016-04-15,38.7750,39.0465,38.7465,39.0000,31712000,38.6572
2016-04-18,39.0095,39.4275,38.8805,39.3840,33540000,39.0378
2016-04-19,39.5250,39.5475,38.5135,38.8125,43952000,38.4714
2016-04-20,38.9580,38.9830,38.5635,38.7460,34262000,38.4054
2016-04-21,38.8655,39.0840,38.5775,39.0000,77628000,38.6572
2016-04-22,37.1955,37.6960,36.5185,36.8885,140798000,36.5643
2016-04-25,36.7675,37.2440,36.7550,37.1105,49442000,36.7843
2016-04-26,37.2210,37.2795,36.0160,36.2685,55864000,35.9497
2016-04-27,36.2660,36.3575,35.4540,36.0730,66262000,35.7559
2016-04-28,36.1645,36.4630,35.1600,35.2530,62590000,34.9432
2016-04-29,35.2060,35.6055,35.1890,35.3940,58278000,35.0829
2016-05-02,35.5960,35.7705,35.3180,35.7205,33476000,35.4066
2016-05-03,35.6250,35.6685,35.3665,35.4220,38620000,35.1107
2016-05-04,35.3385,35.7525,35.2025,35.5685,34172000,35.2559
2016-05-05,35.7500,35.8775,35.4725,35.7355,29668000,35.4214
2016-05-06,35.6100,36.2995,35.5975,36.2590,39952000,35.9403
2016-05-09,36.3350,36.7145,36.1750,36.4565,38074000,36.1361
2016-05-10,36.7480,37.0000,36.5805,36.9690,32634000,36.6441
2016-05-11,37.0260,37.0400,36.3950,36.5275,29834000,36.2064
2016-05-12,36.6000,36.7685,36.2135,36.4035,27094000,36.0835
2016-05-13,36.3310,36.5645,36.1755,36.2415,25244000,35.9230
2016-05-16,36.2160,36.6340,36.0000,36.5150,22538000,36.1941
2016-05-17,36.5530,36.7925,35.9000,36.0095,33404000,35.6930
2016-05-18,35.9250,36.2785,35.7510,36.0890,32536000,35.7718
2016-05-19,35.9150,36.0250,35.5155,35.7655,30598000,35.4511
2016-05-20,35.8230,36.3850,35.7505,36.0855,34798000,35.7683
2016-05-23,35.9990,36.1750,35.8470,35.8625,24816000,35.5473
2016-05-24,35.9925,36.7100,35.9825,36.6515,37884000,36.3294
2016-05-25,36.7500,36.9945,36.6300,36.9050,32216000,36.5806
2016-05-26,36.8000,37.0550,36.6500,36.8465,27202000,36.5226
2016-05-27,36.8755,37.3955,36.8505,37.3800,34802000,37.0515
2016-05-31,37.4380,37.6740,37.2785,37.4425,42484000,37.1134
2016-06-01,37.4235,37.5685,37.2170,37.4230,20788000,37.0941
2016-06-02,37.3050,37.3650,36.8500,37.2135,33916000,36.8864
2016-06-03,37.0745,37.0745,36.6955,36.7930,24608000,36.4696
2016-06-06,36.9250,36.9250,36.4145,36.5030,29992000,36.1822
2016-06-07,36.6635,36.8355,36.5400,36.5545,24314000,36.2332
2016-06-08,36.9750,37.1905,36.7885,37.1465,32314000,36.8200
2016-06-09,36.8535,37.1965,36.8250,37.1260,19180000,36.7997
2016-06-10,36.7975,36.9820,36.5255,36.6595,29050000,36.3373
2016-06-13,36.4910,36.9500,36.4910,36.5940,23354000,36.2724
2016-06-14,36.4655,36.8000,36.3250,36.6625,26584000,36.3403
2016-06-15,36.7460,36.8575,36.5655,36.6095,23234000,36.2877
2016-06-16,36.3980,36.5195,35.7770,36.2125,45002000,35.8942
2016-06-17,36.0695,36.0695,35.0560,35.2125,82262000,34.9030
2016-06-20,35.5155,35.7935,35.2705,35.3065,45654000,34.9962
2016-06-21,35.5025,35.7690,35.2330,35.4440,30318000,35.1325
2016-06-22,35.7025,35.7105,35.2940,35.5235,29058000,35.2113
2016-06-23,35.5275,35.7440,35.0125,35.7435,42500000,35.4293
2016-06-24,34.5085,35.2500,34.2455,34.2600,95436000,33.9589
2016-06-27,34.1245,34.1665,33.6330,34.0570,58146000,33.7577
2016-06-28,34.5685,34.6370,34.2425,34.5630,38246000,34.2592
2016-06-29,34.7130,34.9750,34.6340,34.7595,43124000,34.4540
2016-06-30,34.8825,35.1885,34.7450,35.1765,42250000,34.8673
2016-07-01,35.2550,35.6265,35.1865,35.5125,30984000,35.2004
2016-07-05,35.2505,35.4060,34.9565,35.2445,28440000,34.9347
2016-07-06,34.9920,35.6500,34.9500,35.4485,28902000,35.1369
2016-07-07,35.5055,35.5085,35.0335,35.3630,21174000,35.0522
2016-07-08,35.5280,35.8950,35.4055,35.8890,29946000,35.5736
2016-07-11,35.9710,36.4465,35.9435,36.3600,28822000,36.0404
2016-07-12,36.5960,36.7800,36.3750,36.6255,26468000,36.3036
2016-07-13,36.7760,36.7760,36.4510,36.4740,20436000,36.1534
2016-07-14,36.6970,36.8070,36.5295,36.7900,21408000,36.4666
2016-07-15,37.0500,37.0500,36.7320,36.7815,32342000,36.4582
2016-07-18,36.8955,37.7570,36.8255,37.6600,38698000,37.3290
2016-07-19,37.4935,37.8295,37.4245,37.6705,30436000,37.3394
2016-07-20,37.7025,38.0320,37.7025,37.8540,22502000,37.5213
2016-07-21,37.8500,37.9075,37.5760,37.7205,19062000,37.3890
2016-07-22,37.8660,37.9725,37.6330,37.9640,20920000,37.6303
2016-07-25,37.8840,37.9910,37.7035,37.8760,21466000,37.5431
2016-07-26,37.8760,37.9630,37.6375,37.8825,23792000,37.5495
2016-07-27,37.9485,38.2225,37.7965,38.0985,32172000,37.7636
2016-07-28,38.4420,38.4485,37.9545,38.2920,73464000,37.9554
2016-07-29,39.8855,40.1970,39.5000,39.5670,101810000,39.2192
2016-08-01,39.3335,40.3745,39.2520,40.0470,60594000,39.6950
2016-08-02,39.8665,40.1160,39.7265,40.0060,39928000,39.6544
2016-08-03,39.8235,39.9770,39.6510,39.9460,29206000,39.5949
2016-08-04,39.9120,40.0100,39.6960,39.8625,21520000,39.5121
2016-08-05,40.0055,40.3610,39.8905,40.3465,36146000,39.9919
2016-08-08,40.3000,40.3800,40.0845,40.2615,24426000,39.9076
2016-08-09,40.2245,40.6665,40.2030,40.3740,32154000,40.0191
2016-08-10,40.3525,40.5440,40.3245,40.4245,18370000,40.0692
2016-08-11,40.5235,40.6940,40.3000,40.4100,25646000,40.0548
2016-08-12,40.2545,40.3595,40.1820,40.3525,17946000,39.9978
2016-08-15,40.3605,40.5680,40.2015,40.2980,18596000,39.9438
2016-08-16,40.1750,40.2130,39.8500,40.0595,21158000,39.7074
2016-08-17,40.0000,40.2815,39.8150,40.2710,21322000,39.9170
2016-08-18,40.2680,40.4000,40.0815,40.1375,17292000,39.7847
2016-08-19,39.9895,40.0615,39.8440,39.9825,22416000,39.6311
2016-08-22,39.9255,39.9650,39.7165,39.8475,17056000,39.4973
2016-08-23,40.0240,40.0500,39.7995,39.8295,18350000,39.4794
2016-08-24,39.8430,39.9230,39.5380,39.6800,25672000,39.3312
2016-08-25,39.6000,39.7360,39.3615,39.5650,24054000,39.2173
2016-08-26,39.6245,39.9700,39.4705,39.6610,24978000,39.3124
2016-08-29,39.6525,39.9260,39.5160,39.7910,15474000,39.4413
2016-08-30,39.6440,39.9000,39.4735,39.5960,23348000,39.2480
2016-08-31,39.4800,39.5785,39.3600,39.4925,21428000,39.1454
2016-09-01,39.5990,39.6445,39.3165,39.5700,26070000,39.2222
2016-09-02,39.7635,39.8550,39.6630,39.8435,26998000,39.4933
2016-09-06,39.9195,40.5445,39.7715,40.4010,39790000,40.0459
2016-09-07,40.3965,40.5300,40.1860,40.3995,22906000,40.0444
2016-09-08,40.2610,40.4210,40.0505,40.1420,23554000,39.7892
2016-09-09,39.9385,40.0875,39.4025,39.4240,37752000,39.0775
2016-09-12,39.2260,40.0085,39.1750,39.9410,37274000,39.5899
2016-09-13,39.7005,39.7895,39.2165,39.4360,36180000,39.0894
2016-09-14,39.3765,39.8165,39.3765,39.5230,25842000,39.1756
2016-09-15,39.5005,40.1825,39.4330,40.0615,31144000,39.7094
2016-09-16,39.9510,39.9510,39.6810,39.8985,42612000,39.5478
2016-09-19,40.0555,40.1995,39.6780,39.7695,22990000,39.4200
2016-09-20,40.0000,40.1375,39.9130,39.9890,20984000,39.6375
2016-09-21,40.0630,40.2955,39.8015,40.2515,26970000,39.8977
2016-09-22,40.5000,40.9530,40.3855,40.7975,35186000,40.4389
2016-09-23,40.7570,40.8500,40.6365,40.7480,28234000,40.3899
2016-09-26,40.4910,40.5040,40.0225,40.1325,29454000,39.7798
2016-09-27,40.0915,40.6745,40.0915,40.5365,27346000,40.1802
2016-09-28,40.2040,40.5125,40.1390,40.5030,29406000,40.1470
2016-09-29,40.3615,40.6955,40.0430,40.1320,27000000,39.7793
2016-09-30,40.1800,40.4045,40.0750,40.2030,33204000,39.8496
2016-10-03,40.1275,40.1770,39.8115,40.0190,29784000,39.6673
2016-10-04,40.2500,40.3250,39.9835,40.1395,25174000,39.7867
2016-10-05,40.3000,40.4250,40.0355,40.0615,24276000,39.7094
2016-10-06,40.2040,40.3475,40.0255,40.1540,21998000,39.8011
2016-10-07,40.2965,40.2970,39.8410,40.0355,23262000,39.6836
2016-10-10,40.1965,40.8690,40.1120,40.7085,29922000,40.3507
2016-10-11,40.7085,40.9930,40.3685,40.4785,34432000,40.1227
2016-10-12,40.5980,40.7250,40.4275,40.5885,18158000,40.2318
2016-10-13,40.3035,40.3280,39.9310,40.2040,27380000,39.8506
2016-10-14,40.3725,40.5045,40.1160,40.2300,22238000,39.8764
2016-10-17,40.2995,40.6745,40.1915,40.3420,21128000,39.9874
2016-10-18,40.7105,41.4405,40.6665,41.0745,45786000,40.7135
2016-10-19,41.1440,41.4900,41.1440,41.3420,30002000,40.9786
2016-10-20,41.3780,41.4235,41.0275,41.0815,27878000,40.7204
2016-10-21,41.0000,41.2145,40.9155,41.2030,32316000,40.8409
2016-10-24,41.5045,41.8970,41.4520,41.7870,28952000,41.4197
2016-10-25,41.9250,41.9250,41.2650,41.4275,37814000,41.0634
2016-10-26,41.3560,41.3855,40.8175,41.1050,35898000,40.7437
2016-10-27,41.1505,41.3290,40.7305,40.8675,59470000,40.5083
2016-10-28,41.4970,41.9500,40.8500,40.9780,87098000,40.6178
2016-10-31,41.1215,41.1315,40.4000,40.4950,44854000,40.1391
2016-11-01,40.5435,40.6980,39.9130,40.2740,47118000,39.9200
2016-11-02,40.3380,40.3380,39.2500,39.4210,47014000,39.0745
2016-11-03,39.2250,39.5000,38.9315,39.1095,43504000,38.7658
2016-11-04,38.5650,39.4240,38.5500,39.0550,39412000,38.7117
2016-11-07,39.7475,40.2500,39.6450,40.1015,39852000,39.7490
2016-11-08,40.1015,40.8020,39.9810,40.5990,35382000,40.2422
2016-11-09,40.0915,40.5855,39.6020,40.2795,61970000,39.9255
2016-11-10,40.5000,40.5030,38.4115,39.0145,118192000,38.6716
2016-11-11,38.8405,38.8645,38.2770,38.5875,71852000,38.2483
2016-11-14,38.5880,38.5890,37.1795,37.6610,73766000,37.3300
2016-11-15,38.2735,39.0120,38.2610,38.7580,58878000,38.4173
2016-11-16,38.5210,39.1750,38.3165,38.9990,35968000,38.6562
2016-11-17,39.1250,39.4450,38.9925,39.3080,30674000,38.9625
2016-11-18,39.3585,39.5645,38.7675,38.7985,36126000,38.4575
2016-11-21,38.9050,39.3275,38.8150,39.2400,32616000,38.8951
2016-11-22,39.4495,39.6885,39.1870,39.2500,27884000,38.9050
2016-11-23,39.4760,39.4760,38.6325,38.9500,26260000,38.6077
2016-11-25,39.1305,39.1450,38.9095,39.0115,12270000,38.6686
2016-11-28,38.9175,39.9870,38.9050,39.2895,51508000,38.9442
2016-11-29,39.4190,39.8220,39.2670,39.4720,31240000,39.1251
2016-11-30,39.4550,39.5755,38.6575,38.7940,45582000,38.4530
2016-12-01,38.9275,38.9300,37.6680,38.2165,57342000,37.8806
2016-12-02,38.0950,38.5250,37.9500,38.2230,34376000,37.8870
2016-12-05,38.5000,39.0000,38.3485,38.9110,33770000,38.5690
2016-12-06,39.0095,39.2640,38.6660,38.8090,34682000,38.4679
2016-12-07,38.9975,39.6000,38.6765,39.5735,40588000,39.2257
2016-12-08,39.6475,39.9500,39.3955,39.7585,32250000,39.4091
2016-12-09,39.9650,40.4975,39.9025,40.4725,38090000,40.1168
2016-12-12,40.2410,40.5675,40.2265,40.3950,32572000,40.0400
2016-12-13,40.6195,41.2150,40.5970,40.7670,42564000,40.4087
2016-12-14,40.7960,41.2130,40.6390,40.8945,35994000,40.5351
2016-12-15,40.8680,41.1500,40.6000,40.7825,35394000,40.4240
2016-12-16,40.9155,40.9600,40.4060,40.4920,51978000,40.1361
2016-12-19,40.4640,40.8110,40.2250,40.6250,25272000,40.2679
2016-12-20,40.6685,40.8245,40.5500,40.7600,25438000,40.4017
2016-12-21,40.7860,40.7860,40.2550,40.6100,29192000,40.2531
2016-12-22,40.4550,40.5535,40.3015,40.4840,22632000,40.1282
2016-12-23,40.4005,40.5485,40.2555,40.3900,15310000,40.0350
2016-12-27,40.4340,40.8000,40.2900,40.4965,19520000,40.1406
2016-12-28,40.6665,40.6665,40.1220,40.2285,24296000,39.8749
2016-12-29,40.1165,40.2875,39.9070,40.1440,21148000,39.7912
2016-12-30,40.1605,40.1645,39.4810,39.6225,34718000,39.2742
2017-01-03,40.0310,40.5720,39.8445,40.4005,39180000,40.0454
2017-01-04,40.4945,40.6715,40.2055,40.3885,30306000,40.0335
2017-01-05,40.3750,40.6870,40.2960,40.6510,26810000,40.2937
2017-01-06,40.7495,41.4480,40.5750,41.2605,40342000,40.8979
2017-01-09,41.3185,41.5215,41.0810,41.3590,28178000,40.9955
2017-01-10,41.3535,41.4705,41.1570,41.3005,23948000,40.9375
2017-01-11,41.3310,41.4950,41.0735,41.4930,26508000,41.1283
2017-01-12,41.4190,41.5190,41.0505,41.4765,26990000,41.1120
2017-01-13,41.5500,41.7325,41.4760,41.5470,25804000,41.1818
2017-01-17,41.5000,41.5090,41.1600,41.3730,28818000,41.0094
2017-01-18,41.4900,41.4905,41.2040,41.4510,20554000,41.0867
2017-01-19,41.4500,41.6500,41.1980,41.2185,21410000,40.8562
2017-01-20,41.4545,41.4620,41.2300,41.4085,26124000,41.0445
2017-01-23,41.5805,42.2770,41.4350,42.2215,49148000,41.8504
2017-01-24,42.3490,42.5760,42.1140,42.4765,33768000,42.1032
2017-01-25,42.6775,42.9395,42.4870,42.9225,33108000,42.5452
2017-01-26,42.9525,43.0500,42.5260,42.8490,69866000,42.4724
2017-01-27,42.9500,43.3500,42.0950,42.2515,75050000,41.8801
2017-01-30,41.8530,41.8615,41.0515,41.1915,70338000,40.8295
2017-01-31,40.9750,41.1535,40.6700,41.0095,40404000,40.6491
2017-02-01,41.2000,41.2000,40.6125,40.7620,45020000,40.4037
2017-02-02,40.7500,41.2280,40.6025,40.9130,33784000,40.5534
2017-02-03,41.1565,41.3065,40.9675,41.0065,30562000,40.6461
2017-02-06,41.0460,41.1195,40.7145,41.0810,27018000,40.7199
2017-02-07,41.2750,41.5960,41.1645,41.4615,33332000,41.0971
2017-02-08,41.5265,41.7125,41.2555,41.4940,26044000,41.1293
2017-02-09,41.5865,41.5990,41.3250,41.5030,23884000,41.1382
2017-02-10,41.6475,41.8575,41.5255,41.7425,28302000,41.3756
2017-02-13,41.8850,42.0870,41.8125,41.9480,25914000,41.5793
2017-02-14,41.9885,42.1000,41.7915,42.0015,27266000,41.6323
2017-02-15,41.9405,42.0885,41.8110,41.8660,27144000,41.4980
2017-02-16,41.9250,42.1345,41.8630,42.1085,20102000,41.7384
2017-02-17,42.0655,42.3470,41.9890,42.3275,29224000,41.9555
2017-02-21,42.3995,42.6100,42.3275,42.4635,25206000,42.0903
2017-02-22,42.4000,42.6895,42.3355,42.5680,24488000,42.1939
2017-02-23,42.5540,42.6310,42.1250,42.5500,27734000,42.1760
2017-02-24,42.3825,42.4180,42.1480,42.3905,26924000,42.0179
2017-02-27,42.2475,42.5335,42.1505,42.4835,20206000,42.1101
2017-02-28,42.3675,42.4415,42.0720,42.2465,27662000,41.8752
2017-03-01,42.5690,42.9000,42.4510,42.8375,36374000,42.4610
2017-03-02,42.8155,42.8245,42.4360,42.4925,25018000,42.1190
2017-03-03,42.4470,42.5410,42.2355,42.4540,20100000,42.0809
2017-03-06,42.3430,42.4470,42.0585,42.3635,20958000,41.9912
2017-03-07,42.3630,42.6665,42.2760,42.5575,20774000,42.1835
2017-03-08,42.6560,42.8465,42.5625,42.6820,20576000,42.3069
2017-03-09,42.6845,43.0355,42.6335,42.8920,26954000,42.5150
2017-03-10,43.1350,43.2115,42.8805,43.0705,26732000,42.6919
2017-03-13,43.0415,43.3565,43.0410,43.2290,23332000,42.8490
2017-03-14,43.1875,43.3790,43.0065,43.2955,21234000,42.9150
2017-03-15,43.3970,43.4940,43.0650,43.4195,26658000,43.0379
2017-03-16,43.5265,43.6355,43.3760,43.5000,22090000,43.1177
2017-03-17,43.6840,43.7210,43.4185,43.6185,37366000,43.2351
2017-03-20,43.4740,43.5170,43.2335,43.3955,30844000,43.0141
2017-03-21,43.5030,43.6735,42.3845,42.5070,50760000,42.1334
2017-03-22,42.4740,42.7675,42.3500,42.4900,27334000,42.1165
2017-03-23,42.0695,42.0845,41.6500,41.9825,65754000,41.6135
2017-03-24,42.1000,42.2000,41.4550,41.7570,42114000,41.3900
2017-03-27,41.4045,42.0690,41.2150,41.9255,38692000,41.5570
2017-03-28,41.9845,42.2700,41.6135,42.0315,30384000,41.6621
2017-03-29,42.1375,42.5795,42.0690,42.4935,29146000,42.1200
2017-03-30,42.5990,42.6000,42.3385,42.4740,18988000,42.1007
2017-03-31,42.3415,42.4780,42.2620,42.3900,28820000,42.0174
2017-04-03,42.4375,42.9500,42.3765,42.8375,39388000,42.4610
2017-04-04,42.4000,42.6500,42.3755,42.6285,26970000,42.2538
2017-04-05,42.7355,43.0295,42.3760,42.4455,37104000,42.0724
2017-04-06,42.4750,42.6795,42.2000,42.2550,30672000,41.8836
2017-04-07,42.2500,42.2940,41.8650,42.1050,22232000,41.7349
2017-04-10,42.0770,42.3370,42.0395,42.0850,20924000,41.7151
2017-04-11,42.0850,42.2315,41.7300,41.9940,19486000,41.6249
2017-04-12,41.9230,42.1860,41.8795,42.0730,22716000,41.7032
2017-04-13,42.0520,42.1865,41.8925,42.0090,21474000,41.6398
2017-04-17,42.0690,42.7820,42.0515,42.7565,20982000,42.3807
2017-04-18,42.6270,42.8695,42.5625,42.6995,18724000,42.3242
2017-04-19,42.8695,43.0100,42.6765,42.8255,21606000,42.4491
2017-04-20,42.9870,43.1965,42.8750,43.0040,23776000,42.6260
2017-04-21,43.0310,43.1220,42.8865,42.9475,23458000,42.5700
2017-04-24,43.4220,43.9980,43.3055,43.9465,33930000,43.5602
2017-04-25,44.1130,44.6125,43.9640,44.4420,40760000,44.0514
2017-04-26,44.5695,44.6495,44.2575,44.4570,26466000,44.0662
2017-04-27,44.5000,44.6690,44.3590,44.5720,46846000,44.1802
2017-04-28,46.4500,46.7950,46.1610,46.2260,76918000,45.8197
2017-05-01,46.2075,46.7910,46.0400,46.6410,46556000,46.2311
2017-05-02,46.6635,47.1495,46.5500,46.8545,35026000,46.4427
2017-05-03,46.8025,47.5100,46.7605,47.4225,36496000,47.0057
2017-05-04,47.5145,47.9570,47.3685,47.7360,38752000,47.3164
2017-05-05,47.8360,47.9220,47.4050,47.5140,32310000,47.0964
2017-05-08,47.3725,48.0495,47.3700,47.9345,37534000,47.5132
2017-05-09,48.0665,48.1100,47.7200,47.8355,33758000,47.4151
2017-05-10,47.8110,47.8355,47.4920,47.7420,22920000,47.3224
2017-05-11,47.5645,47.8995,47.4305,47.7945,20622000,47.3744
2017-05-12,47.8925,47.8990,47.6030,47.7570,24298000,47.3372
2017-05-15,47.7645,48.1350,47.6410,47.9610,26754000,47.5395
2017-05-16,48.1775,48.2950,48.0175,48.2305,22030000,47.8066
2017-05-17,47.9850,48.0495,47.0030,47.1085,48982000,46.6945
2017-05-18,47.1600,47.7090,47.0635,47.5250,36010000,47.1073
2017-05-19,47.6410,47.9780,47.6000,47.7325,27206000,47.3130
2017-05-22,47.8500,48.2410,47.8280,48.2035,27748000,47.7798
2017-05-23,48.4980,48.7255,48.2250,48.5275,30908000,48.1010
2017-05-24,48.7630,48.9060,48.5815,48.8805,22660000,48.4509
2017-05-25,48.9500,49.7890,48.8910,49.5930,39082000,49.1571
2017-05-26,49.6000,49.8195,49.3680,49.6635,32728000,49.2270
2017-05-30,49.6250,49.8810,49.5680,49.8085,30324000,49.3707
2017-05-31,49.8105,49.9800,49.0840,49.3545,34482000,48.9207
2017-06-01,49.5480,49.6570,49.0645,49.4145,26128000,48.9802
2017-06-02,49.4295,49.8240,49.3535,49.8060,34710000,49.3682
2017-06-05,49.8945,50.3700,49.7725,50.1940,27578000,49.7528
2017-06-06,50.1655,50.4305,49.7400,49.8340,31042000,49.3960
2017-06-07,49.9545,50.1955,49.7935,50.0750,27482000,49.6349
2017-06-08,50.2115,50.2800,49.8310,50.2140,33758000,49.7727
2017-06-09,50.2745,50.2750,47.6685,48.5060,72958000,48.0797
2017-06-12,47.9360,48.4000,46.8400,48.0905,84042000,47.6678
2017-06-13,48.6020,48.8955,48.1005,48.5250,40108000,48.0985
2017-06-14,48.7750,48.9850,47.9755,48.3965,30110000,47.9711
2017-06-15,47.4010,48.0340,47.0185,48.0090,48552000,47.5870
2017-06-16,47.8955,47.9975,47.4350,47.9310,51184000,47.5097
2017-06-19,48.4825,48.9650,48.4100,48.7610,29376000,48.3324
2017-06-20,48.7655,49.0395,48.4100,48.4495,25946000,48.0237
2017-06-21,48.5395,48.9775,48.4725,48.9295,23232000,48.4994
2017-06-22,48.8435,49.0250,48.6655,48.8310,20190000,48.4018
2017-06-23,48.7750,49.3310,48.7230,49.3045,31280000,48.8712
2017-06-26,49.5000,49.6995,48.5165,48.6045,30358000,48.1773
2017-06-27,48.0800,48.3610,47.3545,47.4045,48872000,46.9878
2017-06-28,47.5330,48.1620,46.8080,48.0505,54912000,47.6282
2017-06-29,47.5675,47.5830,46.4800,46.8910,64134000,46.4789
2017-06-30,47.1995,47.2500,46.4805,46.4840,45754000,46.0754
2017-07-03,46.6610,46.7120,45.7655,45.9730,33896000,45.5689
2017-07-05,46.2100,46.8145,45.9315,46.6130,41882000,46.2033
2017-07-06,46.2500,46.8070,45.9925,46.3845,40298000,45.9768
2017-07-07,46.5495,47.2330,46.4895,47.0405,33266000,46.6270
2017-07-10,47.0975,47.6565,47.0975,47.5500,29030000,47.1321
2017-07-11,47.5260,47.7445,47.2560,47.6765,29224000,47.2575
2017-07-12,48.0430,48.4815,47.8520,48.3830,32042000,47.9577
2017-07-13,48.5400,48.9350,48.2400,48.4425,30492000,48.0167
2017-07-14,48.7000,48.8770,48.5075,48.8455,21592000,48.4162
2017-07-17,48.8160,49.1675,48.5400,48.7980,33210000,48.3691
2017-07-18,48.6680,49.5425,48.6020,49.3475,28266000,48.9138
2017-07-19,49.5005,49.7800,49.3505,49.6385,28242000,49.2022
2017-07-20,49.8500,49.9340,49.2310,49.6095,28368000,49.1735
2017-07-21,49.4500,49.7555,49.2085,49.6920,29266000,49.2552
2017-07-24,49.7050,50.3095,49.5135,49.9155,79690000,49.4768
2017-07-25,48.5350,48.8365,48.1900,48.4515,118672000,48.0257
2017-07-26,48.6390,48.6975,48.0115,48.2655,44432000,47.8413
2017-07-27,48.4590,48.4760,46.8530,47.6255,74358000,47.2069
2017-07-28,47.3995,48.0895,47.2655,47.9165,36276000,47.4953
2017-07-31,48.0000,48.0595,47.0865,47.2750,45670000,46.8595
2017-08-01,47.3905,47.7245,47.2480,47.3280,28052000,46.9120
2017-08-02,47.4185,47.4550,46.6260,47.3820,40788000,46.9655
2017-08-03,47.4550,47.5000,46.9720,47.0150,22478000,46.6018
2017-08-04,47.1975,47.3770,46.9900,47.2895,25092000,46.8739
2017-08-07,47.3760,47.4480,47.1750,47.2875,28916000,46.8719
2017-08-08,47.2145,47.6245,47.1240,47.2095,30102000,46.7946
2017-08-09,46.9225,47.1880,46.6960,47.0040,28018000,46.5909
2017-08-10,46.7500,46.8150,46.0890,46.1795,54148000,45.7736
2017-08-11,46.1855,46.6680,46.0610,46.5045,32334000,46.0958
2017-08-14,46.9535,47.0520,46.7245,46.9465,23012000,46.5339
2017-08-15,47.0515,47.1535,46.8320,46.9040,22130000,46.4917
2017-08-16,47.0625,47.4950,47.0020,47.2135,26906000,46.7985
2017-08-17,47.1475,47.1905,46.3820,46.3830,33914000,45.9753
2017-08-18,46.3490,46.5510,46.1725,46.3090,26748000,45.9020
2017-08-21,46.2885,46.4125,45.9300,46.0435,26024000,45.6388
2017-08-22,46.3480,47.0980,46.3085,47.0200,35502000,46.6067
2017-08-23,46.8500,47.2715,46.7620,47.1290,22690000,46.7148
2017-08-24,47.1855,47.3155,46.5370,46.8445,25892000,46.4328
2017-08-25,46.9605,47.0365,46.5050,46.5250,23746000,46.1161
2017-08-28,46.5940,46.7425,46.3055,46.4065,20988000,45.9986
2017-08-29,45.9975,46.9095,45.9655,46.7875,23172000,46.3763
2017-08-30,46.7835,47.2930,46.7025,47.1815,22406000,46.7668
2017-08-31,47.3150,47.8600,47.3125,47.7620,33866000,47.3422
2017-09-01,47.8735,47.9165,47.5140,47.5995,20858000,47.1811
2017-09-05,47.3430,47.5695,46.7800,47.0740,29148000,46.6603
2017-09-06,47.1935,47.2250,46.6340,47.1010,27830000,46.6870
2017-09-07,47.2125,47.5250,46.8765,47.4945,22332000,47.0771
2017-09-08,47.4850,47.5350,47.0005,47.0705,19998000,46.6568
2017-09-11,47.3600,47.6340,47.0500,47.1645,26748000,46.7500
2017-09-12,47.3460,47.4045,46.8750,47.3325,25696000,46.9165
2017-09-13,47.2750,47.6425,47.2370,47.5220,21908000,47.1043
2017-09-14,47.3000,47.4015,46.9180,47.0065,28548000,46.5933
2017-09-15,47.0045,47.0875,46.5625,46.7645,39886000,46.3535
2017-09-18,46.7505,46.8430,46.2700,46.4875,29474000,46.0789
2017-09-19,46.6705,46.8970,46.3330,46.8430,24854000,46.4313
2017-09-20,46.8865,47.5000,46.8750,47.3770,40080000,46.9606
2017-09-21,47.4065,47.6400,46.9690,47.3775,27414000,46.9611
2017-09-22,47.1385,47.5000,47.0420,47.1630,21496000,46.7485
2017-09-25,46.9725,46.9875,46.2255,46.7140,37468000,46.3034
2017-09-26,46.8345,47.2040,46.7560,46.8715,33454000,46.4595
2017-09-27,47.1370,48.2715,47.0975,47.9950,46692000,47.5732
2017-09-28,47.8125,48.3090,47.7775,48.2405,28018000,47.8165
2017-09-29,48.3000,48.7905,48.3000,48.6860,40622000,48.2581
2017-10-02,48.7825,48.8870,48.0975,48.3735,30782000,47.9483
2017-10-03,48.3780,48.6220,48.1355,48.6040,21666000,48.1768
2017-10-04,48.5880,48.7200,48.2805,48.3390,21156000,47.9141
2017-10-05,48.6395,49.3255,48.5135,49.2595,35618000,48.8265
2017-10-06,49.0000,49.7130,48.9255,49.6820,31060000,49.2453
2017-10-09,49.7500,50.0230,49.5750,49.6155,25910000,49.1794
2017-10-10,49.7650,49.8735,49.0555,49.3900,23268000,48.9559
2017-10-11,49.4520,50.3785,49.3970,50.2825,36300000,49.8406
2017-10-12,50.1920,50.5770,50.0550,50.2825,30614000,49.8406
2017-10-13,50.4555,50.7380,50.3530,50.3935,26552000,49.9506
2017-10-16,50.4815,50.6000,50.0760,50.4675,21420000,50.0239
2017-10-17,50.3720,50.7280,50.3025,50.5500,20260000,50.1057
2017-10-18,50.5525,50.8155,50.2660,50.6370,25596000,50.1919
2017-10-19,50.2375,50.3660,49.8650,50.0920,34284000,49.6517
2017-10-20,50.3525,50.4325,50.1135,50.2535,32120000,49.8118
2017-10-23,50.2590,50.2895,49.1550,49.2770,32786000,48.8439
2017-10-24,49.3250,49.4630,48.8540,49.4245,28902000,48.9901
2017-10-25,49.3135,49.7215,48.8860,49.5730,30574000,49.1373
2017-10-26,49.9235,50.3255,49.5235,49.5710,47396000,49.1353
2017-10-27,51.5495,53.1810,51.3425,51.6835,103682000,51.2292
2017-10-30,51.4580,51.9915,51.1165,51.6565,46804000,51.2025
2017-10-31,51.6500,52.0500,51.3150,51.6520,30326000,51.1980
2017-11-01,51.8160,52.3930,51.7000,52.1300,43262000,51.6718
2017-11-02,51.9995,52.2760,51.4330,52.1485,26694000,51.6902
2017-11-03,52.1375,52.5330,51.8825,52.4995,27770000,52.0381
2017-11-06,52.4550,52.6295,52.1000,52.1340,18294000,51.6758
2017-11-07,52.4825,52.6705,52.1500,52.6195,26104000,52.1570
2017-11-08,52.5025,53.1345,52.3525,52.9145,24276000,52.4494
2017-11-09,52.4000,52.5440,51.7925,52.3860,35892000,51.9256
2017-11-10,52.1935,52.3315,52.0610,52.2075,19442000,51.7486
2017-11-13,52.0400,52.4370,51.9630,52.0600,18814000,51.6024
2017-11-14,51.8860,52.1150,51.4665,52.0820,21012000,51.6242
2017-11-15,51.7500,51.9815,51.5380,51.8205,18106000,51.3650
2017-11-16,51.9375,52.5880,51.9000,52.4235,23768000,51.9627
2017-11-17,52.4900,52.5500,51.6865,51.7945,26712000,51.3393
2017-11-20,51.8000,51.9350,51.6340,51.7330,17526000,51.2783
2017-11-21,52.0020,52.5195,51.9570,52.5150,22206000,52.0534
2017-11-22,52.5580,52.7715,52.3625,52.5960,14538000,52.1337
2017-11-24,52.7195,53.0035,52.5960,52.8260,16492000,52.3617
2017-11-27,52.9285,53.6520,52.7385,53.6005,35430000,53.1294
2017-11-28,53.6995,54.0000,52.7270,53.1645,36424000,52.6972
2017-11-29,52.8090,52.9385,51.4825,51.8690,55866000,51.4131
2017-11-30,51.9970,52.2070,51.5035,51.8085,45092000,51.3531
2017-12-01,51.5205,51.8620,50.8450,51.2535,37762000,50.8030
2017-12-04,51.3900,51.5670,50.4610,50.5935,38778000,50.1488
2017-12-05,50.5495,51.8340,50.1160,50.9800,38998000,50.5319
2017-12-06,50.8260,51.9790,50.7655,51.6360,28710000,51.1822
2017-12-07,51.8035,52.4460,51.7680,52.2285,30866000,51.7695
2017-12-08,52.5905,52.8210,52.2930,52.4690,31170000,52.0078
2017-12-11,52.5555,52.8000,52.2060,52.5985,23254000,52.1362
2017-12-12,52.5000,53.1250,52.2435,52.4385,33882000,51.9776
2017-12-13,52.6040,52.7740,52.3290,52.5695,27680000,52.1074
2017-12-14,52.7745,53.3540,52.6800,52.8735,30962000,52.4088
2017-12-15,53.1890,53.7625,53.0045,53.6000,63760000,53.1289
2017-12-18,53.8225,54.3245,53.5185,54.2545,30292000,53.7776
2017-12-19,54.1510,54.2485,53.6135,53.9890,26350000,53.5145
2017-12-20,54.0460,54.0615,53.4300,53.6780,28728000,53.2062
2017-12-21,53.7695,53.8760,53.4500,53.5425,25640000,53.0719
2017-12-22,53.5000,53.5860,53.3820,53.4430,17788000,52.9733
2017-12-26,53.4320,53.4430,52.9320,53.2925,18376000,52.8241
2017-12-27,53.3300,53.4135,52.9190,53.0100,22324000,52.5441
2017-12-28,53.1125,53.2420,52.6690,52.7975,19884000,52.3335
2017-12-29,52.7745,52.9025,52.6350,52.6700,23606000,52.2071
2018-01-02,52.6510,53.7990,52.6510,53.6605,31766000,53.1889
2018-01-03,53.6965,54.8050,53.6715,54.5760,31318000,54.0963
2018-01-04,54.8545,55.2040,54.7130,54.7880,26052000,54.3064
2018-01-05,55.1725,55.6790,55.0900,55.5145,30250000,55.0266
2018-01-08,55.5500,55.9580,55.5000,55.7105,24644000,55.2208
2018-01-09,55.9220,55.9220,55.4100,55.6395,26808000,55.1505
2018-01-10,55.3500,55.6390,55.1990,55.5070,20734000,55.0191
2018-01-11,55.6155,55.7425,55.3240,55.6025,22424000,55.1138
2018-01-12,55.5050,56.5650,55.4005,56.5325,38586000,56.0356
2018-01-16,57.0155,57.4440,56.3330,56.5350,36462000,56.0381
2018-01-17,56.8180,56.9660,56.1745,56.9550,27830000,56.4544
2018-01-18,56.9675,57.0295,56.2230,56.7985,27498000,56.2993
2018-01-19,56.9015,57.1890,56.6250,57.1750,30552000,56.6725
2018-01-22,57.1910,58.3440,57.0910,58.2080,29550000,57.6964
2018-01-23,58.5310,58.9255,58.3625,58.8085,39138000,58.2916
2018-01-24,59.2490,59.3525,58.3700,58.5645,37128000,58.0498
2018-01-25,59.0355,59.2500,58.5920,59.1070,29984000,58.5875
2018-01-26,59.3765,59.3780,58.4015,59.3780,42170000,58.8561
2018-01-29,59.4000,59.9000,59.2030,59.3240,31494000,58.8026
2018-01-30,58.8860,59.3965,58.7255,58.8685,37338000,58.3511
2018-01-31,59.1905,59.3160,58.6050,59.1110,36022000,58.5915
2018-02-01,58.7995,59.3725,58.4680,59.0795,73514000,58.5602
2018-02-02,56.3710,56.5650,55.5585,55.9600,117842000,55.4681
2018-02-05,55.0305,55.7495,52.8370,53.1195,83550000,52.6526
2018-02-06,51.6990,54.3690,51.5005,54.2215,76630000,53.7449
2018-02-07,54.2485,54.3265,52.7310,52.7705,51942000,52.3067
2018-02-08,52.9935,53.1965,50.2350,50.3855,66792000,49.9426
2018-02-09,51.2940,52.5860,49.8500,52.3135,98360000,51.8537
2018-02-12,52.8335,53.2785,52.2745,52.7280,56240000,52.2646
2018-02-13,52.5000,53.0610,52.3460,52.7070,31586000,52.2437
2018-02-14,52.7160,53.7735,52.4900,53.6350,41304000,53.1636
2018-02-15,54.1725,54.7050,53.3615,54.5680,37396000,54.0884
2018-02-16,54.6690,55.4155,54.5775,54.7750,39948000,54.2936
2018-02-20,54.6380,55.8145,54.5000,55.1795,33754000,54.6945
2018-02-21,55.4550,56.8100,55.3755,55.6875,41486000,55.1980
2018-02-22,55.9585,56.2730,55.2575,55.4950,28010000,55.0072
2018-02-23,55.9330,56.4500,55.4220,56.4045,25292000,55.9087
2018-02-26,56.5930,57.2100,56.4670,57.1850,30912000,56.6824
2018-02-27,57.1850,57.2125,55.8395,55.8755,42964000,55.3844
2018-02-28,56.1000,56.3825,55.1500,55.1960,49292000,54.7109
2018-03-01,55.4770,55.5635,53.3645,53.5705,55338000,53.0997
2018-03-02,52.8990,54.3445,52.5055,54.2070,50162000,53.7306
2018-03-05,53.9065,55.0590,53.6135,54.7380,28648000,54.2569
2018-03-06,55.1050,55.2815,54.7250,55.0450,23382000,54.5612
2018-03-07,54.6410,55.8100,54.4955,55.7520,30748000,55.2620
2018-03-08,55.8600,56.5720,55.8600,56.4690,33862000,55.9727
2018-03-09,56.9750,58.0500,56.7145,58.0420,42662000,57.5318
2018-03-12,58.2525,58.9080,57.9600,58.2965,44306000,57.7841
2018-03-13,58.5915,58.9000,56.7285,56.9955,43140000,56.4945
2018-03-14,57.2900,57.9880,57.1175,57.4445,41870000,56.9396
2018-03-15,57.4785,58.1250,56.7830,57.5305,33382000,57.0248
2018-03-16,57.7675,57.8405,56.5680,56.7210,58656000,56.2225
2018-03-19,55.8880,55.9685,54.4460,55.0035,63656000,54.5201
2018-03-20,54.9200,55.2775,54.1210,54.7900,54598000,54.3084
2018-03-21,54.6285,55.4350,54.3605,54.7000,44898000,54.2192
2018-03-22,54.0005,54.1960,52.4820,52.6575,69312000,52.1947
2018-03-23,52.5685,53.3390,51.2435,51.3275,49880000,50.8764
2018-03-26,52.5300,52.9635,50.5290,52.7045,65984000,52.2413
2018-03-27,53.1950,53.2270,49.8810,50.3470,60816000,49.9045
2018-03-28,50.0955,51.2495,49.2000,50.2590,77698000,49.8173
2018-03-29,50.5605,52.4025,50.2020,51.8570,69338000,51.4012
2018-04-02,51.3810,51.9765,49.7125,50.6315,65068000,50.1865
2018-04-03,50.8075,51.2500,49.8625,50.9340,51322000,50.4863
2018-04-04,49.9115,51.6370,49.8255,51.4855,50724000,51.0330
2018-04-05,52.3195,52.3355,51.2000,51.6320,35836000,51.1782
2018-04-06,51.1550,51.8000,50.3125,50.4975,40134000,50.0537
2018-04-09,51.0020,52.2295,50.9600,51.0045,33220000,50.5562
2018-04-10,51.5130,52.0605,50.7705,51.8250,36620000,51.3695
2018-04-11,51.6000,51.7935,50.9600,51.2530,34060000,50.8025
2018-04-12,51.5735,52.2325,51.3025,51.8645,32896000,51.4086
2018-04-13,52.3445,52.6490,51.5075,51.8020,25410000,51.3467
2018-04-16,52.2775,52.5715,51.6960,52.3050,29776000,51.8453
2018-04-17,53.0600,54.2500,52.8545,53.9680,54584000,53.4937
2018-04-18,53.9505,54.1000,53.5260,53.7695,31126000,53.2969
2018-04-19,53.4510,54.8755,53.4510,54.4725,39884000,53.9937
2018-04-20,54.2135,54.7375,53.6050,53.8660,42434000,53.3926
2018-04-23,54.1490,54.4000,53.3340,53.6905,69590000,53.2186
2018-04-24,52.9600,53.2245,50.6430,51.1320,128220000,50.6826
2018-04-25,51.4875,51.8035,50.8505,51.1495,57860000,50.6999
2018-04-26,51.6610,52.6010,51.0225,52.1655,50926000,51.7070
2018-04-27,52.2770,52.5850,51.3795,51.5725,40746000,51.1192
2018-04-30,51.7210,51.9185,50.9150,50.9290,34492000,50.4814
2018-05-01,50.8150,52.0865,50.5305,52.0375,35326000,51.5801
2018-05-02,51.7000,52.1990,51.1580,51.3025,34698000,50.8516
2018-05-03,51.2685,51.5345,50.3945,51.3150,39282000,50.8640
2018-05-04,50.9805,52.5940,50.9025,52.5500,36892000,52.0881
2018-05-07,52.6945,53.2500,52.5135,52.9730,34400000,52.5074
2018-05-08,53.2310,53.2615,52.5820,52.9295,26030000,52.4643
2018-05-09,53.2050,54.7000,53.1055,54.4475,47160000,53.9689
2018-05-10,54.7500,55.4705,54.6940,55.2735,36414000,54.7877
2018-05-11,55.0205,55.4505,54.8610,55.1690,30504000,54.6841
2018-05-14,55.2785,55.9075,55.2400,55.3300,39338000,54.8437
2018-05-15,54.8450,54.9560,53.9390,54.2435,35738000,53.7667
2018-05-16,54.2545,54.7190,54.0815,54.2045,25628000,53.7281
2018-05-17,54.0730,54.5500,53.8210,54.0630,25738000,53.5878
2018-05-18,53.3000,53.6865,53.2340,53.4820,35482000,53.0119
2018-05-21,53.9500,54.6650,53.9000,54.2005,25180000,53.7241
2018-05-22,54.4900,54.5900,53.6130,53.7655,22226000,53.2929
2018-05-23,53.5000,54.4000,53.3480,54.2980,23740000,53.8208
2018-05-24,54.3450,54.3560,53.6150,54.2725,20604000,53.7955
2018-05-25,54.3275,54.4785,54.1300,54.2040,22224000,53.7276
2018-05-29,53.8000,54.0670,53.1540,53.4035,36076000,52.9341
2018-05-30,53.6740,53.9495,53.3275,53.8735,28686000,53.4000
2018-05-31,54.1000,55.5000,53.9000,55.0000,79368000,54.5166
2018-06-01,55.6435,56.9080,55.6005,56.7500,63202000,56.2512
2018-06-04,56.9250,57.8930,56.8500,57.6520,44754000,57.1453
2018-06-05,57.7330,58.0550,57.3730,57.5510,32964000,57.0452
2018-06-06,57.6385,57.7355,56.8160,57.3475,34934000,56.8435
2018-06-07,57.2290,57.2935,56.3060,56.7210,36108000,56.2225
2018-06-08,56.5605,56.9390,56.1615,56.6355,27284000,56.1377
2018-06-11,56.6470,57.3870,56.5700,57.0450,24796000,56.5436
2018-06-12,57.0510,57.4375,57.0510,57.4095,26092000,56.9049
2018-06-13,57.6140,57.7820,57.1690,57.2115,34302000,56.7086
2018-06-14,57.6105,58.2995,57.5300,58.0055,35422000,57.4957
2018-06-15,57.9960,58.1955,57.6845,57.9635,44438000,57.4540
2018-06-18,57.6345,59.2065,57.5500,59.1790,33038000,58.6589
2018-06-19,58.5055,59.1405,58.0805,58.9345,47282000,58.4165
2018-06-20,59.1650,60.0745,59.1015,59.2035,51686000,58.6831
2018-06-21,59.2755,59.5165,58.1740,58.4720,44966000,57.9581
2018-06-22,58.5745,58.7500,57.9825,58.4645,34220000,57.9506
2018-06-25,57.7500,57.7995,55.9950,56.9640,57682000,56.4633
2018-06-26,57.2070,57.3435,56.4500,56.6310,34688000,56.1333
2018-06-27,56.8000,57.3105,55.8350,55.8470,34538000,55.3561
2018-06-28,55.6195,56.7000,55.3035,56.3390,29726000,55.8438
2018-06-29,56.6155,57.0680,56.3510,56.4595,31562000,55.9633
2018-07-02,55.7675,57.1495,55.3300,57.1055,23216000,56.6036
2018-07-03,57.4710,57.4955,55.7215,55.8140,16448000,55.3234
2018-07-05,56.2300,57.2070,56.1560,57.0645,28594000,56.5629
2018-07-06,57.0885,57.8100,56.8620,57.7540,21820000,57.2464
2018-07-09,58.0000,58.3965,57.8615,58.3640,21584000,57.8510
2018-07-10,58.4995,58.6750,58.1280,58.3570,21334000,57.8441
2018-07-11,57.7810,59.0220,57.7685,58.5730,33252000,58.0582
2018-07-12,58.7430,60.0995,58.6550,60.0630,44148000,59.5351
2018-07-13,60.1400,60.5220,59.7645,60.2210,32612000,59.6917
2018-07-16,60.1905,60.4355,59.6700,59.8255,26784000,59.2997
2018-07-17,59.1370,60.9380,59.1000,60.6540,40162000,60.1209
2018-07-18,60.4265,61.0795,60.2280,60.6455,38948000,60.1125
2018-07-19,60.3325,60.8240,59.8865,59.9550,38338000,59.4280
2018-07-20,59.9620,60.5385,59.8295,59.8940,37938000,59.3676
2018-07-23,59.7830,60.7550,59.6005,60.5500,65446000,60.0178
2018-07-24,63.5500,63.7500,62.2070,62.9075,107600000,62.3546
2018-07-25,62.6310,63.9120,62.4525,63.7970,51104000,63.2363
2018-07-26,63.3590,64.3700,63.1500,64.2750,54686000,63.7101
2018-07-27,64.4560,64.5720,62.2245,62.6445,48362000,62.0939
2018-07-30,62.2525,62.6445,61.2085,61.5020,43896000,60.9614
2018-07-31,61.5855,62.0605,60.8095,61.3610,39382000,60.8217
2018-08-01,61.9555,62.2950,61.2470,61.6495,36994000,61.1076
2018-08-02,60.9250,62.2205,60.9030,62.0565,34704000,61.5111
2018-08-03,62.2590,62.3260,61.4710,61.9080,21264000,61.3639
2018-08-06,62.0805,62.1230,61.5265,61.8835,22114000,61.3396
2018-08-07,62.6005,63.3040,62.5900,62.7920,42506000,62.2401
2018-08-08,62.8360,63.5860,62.6060,63.0665,34344000,62.5122
2018-08-09,63.1365,63.5980,63.0050,63.2230,27326000,62.6673
2018-08-10,62.9590,63.0600,62.3580,62.6255,26602000,62.0751
2018-08-13,62.5600,63.2985,62.3515,62.4320,27500000,61.8833
2018-08-14,62.6250,63.0295,61.9770,62.9070,28080000,62.3541
2018-08-15,62.2140,62.5990,61.3120,61.6110,37052000,61.0695
2018-08-16,62.0995,62.1850,60.9815,61.2030,32176000,60.6651
2018-08-17,61.1020,61.3475,60.2000,60.7925,33092000,60.2582
2018-08-20,61.0330,61.2955,60.4350,61.0975,22218000,60.5605
2018-08-21,61.1510,61.6380,60.7515,60.8705,23082000,60.3355
2018-08-22,60.7110,61.3265,60.6610,61.0875,22296000,60.5506
2018-08-23,60.9940,61.7585,60.9675,61.0580,24666000,60.5213
2018-08-24,61.3000,61.8700,61.0710,61.8375,24454000,61.2940
2018-08-27,62.2070,62.8935,62.0340,62.8135,28580000,62.2614
2018-08-28,62.7950,62.8280,62.1485,62.2930,27330000,61.7455
2018-08-29,62.7500,63.3585,62.6400,63.2325,36926000,62.6767
2018-08-30,63.1700,63.4745,62.3605,62.7220,30104000,62.1707
2018-08-31,62.6105,62.6275,61.2875,61.5900,42308000,61.0487
2018-09-04,61.1260,61.3935,60.3280,60.5655,41458000,60.0332
2018-09-05,60.4610,60.7435,58.7670,59.9550,53988000,59.4280
2018-09-06,59.9285,59.9495,58.1805,59.1995,46854000,58.6792
2018-09-07,58.6000,59.4275,58.4635,58.8795,32658000,58.3620
2018-09-10,59.2100,59.3330,58.5305,58.7530,27670000,58.2366
2018-09-11,58.5550,59.5470,58.2975,59.4995,29254000,58.9765
2018-09-12,59.1000,59.5345,58.3080,58.5800,35716000,58.0651
2018-09-13,58.9850,59.3930,58.4610,59.1070,40068000,58.5875
2018-09-14,59.4000,59.4000,58.6760,58.8990,24176000,58.3813
2018-09-17,58.8885,59.0910,57.9230,57.9915,34096000,57.4818
2018-09-18,58.1330,59.0665,58.0715,58.3555,32314000,57.8426
2018-09-19,58.4480,58.8135,57.9310,58.7135,25962000,58.1974
2018-09-20,59.0335,59.7000,58.8125,59.5785,29244000,59.0549
2018-09-21,59.7460,59.8290,58.6030,58.6060,91222000,58.0909
2018-09-24,57.9705,59.2595,57.5750,58.9780,31150000,58.4596
2018-09-25,59.2125,59.8430,58.7045,59.6945,33152000,59.1698
2018-09-26,59.6845,60.3620,59.2700,59.7030,37650000,59.1783
2018-09-27,60.0000,60.8430,59.9025,60.3680,36274000,59.8374
2018-09-28,60.2045,60.4225,59.8915,60.3540,35612000,59.8235
2018-10-01,60.6500,61.2100,60.1595,60.4265,33164000,59.8954
2018-10-02,60.3335,61.2260,59.9830,60.3820,40180000,59.8513
2018-10-03,60.6000,60.7090,60.1075,60.5765,26246000,60.0441
2018-10-04,60.2515,60.2950,58.1925,58.8535,46576000,58.3362
2018-10-05,58.8000,59.1000,57.7160,58.3915,31852000,57.8783
2018-10-08,58.0000,58.7930,56.7700,57.7960,46190000,57.2880
2018-10-09,57.5655,58.0775,57.2085,57.2585,33690000,56.7552
2018-10-10,56.8200,56.8510,54.5755,54.6080,58980000,54.1280
2018-10-11,53.9520,55.8030,53.7945,54.5370,67696000,54.0577
2018-10-12,55.9820,56.2915,54.7515,56.0270,49370000,55.5346
2018-10-15,55.9000,56.0900,54.9110,55.1220,30074000,54.6375
2018-10-16,55.6740,56.8185,55.5875,56.6540,38378000,56.1561
2018-10-17,57.0000,57.3500,55.7000,56.3795,35652000,55.8840
2018-10-18,56.5000,56.6175,54.3170,54.8955,46152000,54.4130
2018-10-19,55.1855,56.0475,54.8515,55.2590,41286000,54.7733
2018-10-22,55.6255,56.0845,55.0000,55.5685,27116000,55.0801
2018-10-23,54.5645,55.9000,53.9505,55.7455,37686000,55.2555
2018-10-24,55.7500,55.8310,52.7530,52.8560,49286000,52.3914
2018-10-25,54.0150,55.8910,53.7775,55.1795,72956000,54.6945
2018-10-26,52.4165,55.8500,52.1115,54.1875,106438000,53.7112
2018-10-29,54.8270,55.4415,50.3600,51.7365,81290000,51.2818
2018-10-30,51.0005,52.5450,50.6985,52.4755,59768000,52.0143
2018-10-31,53.4100,55.4000,53.4100,54.5290,70916000,54.0497
2018-11-01,54.5700,54.9950,53.8910,54.2990,40132000,53.8218
2018-11-02,54.4500,54.9000,53.3830,53.5745,43438000,53.1036
2018-11-05,53.6265,53.6675,51.7000,52.7865,45358000,52.3225
2018-11-06,52.7510,53.9910,52.6805,53.4785,28660000,53.0085
2018-11-07,54.1745,55.4965,54.0295,55.4120,43388000,54.9250
2018-11-08,55.3650,55.4110,54.2180,54.7315,33694000,54.2504
2018-11-09,54.2010,54.4175,53.2130,53.8510,34860000,53.3777
2018-11-12,53.6565,53.7050,52.0175,52.4680,34002000,52.0068
2018-11-13,52.7405,53.3335,52.0200,52.3985,25750000,51.9380
2018-11-14,53.0000,53.2895,52.0555,52.7290,34666000,52.2655
2018-11-15,52.5730,53.9435,52.0645,53.5525,41584000,53.0818
2018-11-16,53.2615,53.6220,52.7450,53.4135,35366000,52.9440
2018-11-19,53.1695,53.4000,51.1435,51.3710,45684000,50.9195
2018-11-20,50.3645,51.8675,50.1105,51.5225,54458000,51.0697
2018-11-21,52.2655,52.7355,51.9730,52.1715,29698000,51.7130
2018-11-23,51.6750,52.1500,51.4260,51.5050,14178000,51.0523
2018-11-26,52.2000,52.8500,51.9885,52.7970,31558000,52.3330
2018-11-27,52.5670,53.3380,52.2750,52.6140,33048000,52.1516
2018-11-28,52.8730,54.6430,52.1475,54.5895,46042000,54.1097
2018-11-29,54.1765,55.0075,54.1000,54.7290,31004000,54.2480
2018-11-30,54.7815,55.4825,54.1590,55.4825,59668000,54.9948
2018-12-03,56.6080,56.7500,55.5865,55.8180,57532000,55.3274
2018-12-04,55.6495,55.7120,53.0390,53.1235,45630000,52.6566
2018-12-06,52.2500,53.9710,52.1240,53.9040,47436000,53.4302
2018-12-07,53.6115,54.2515,51.9685,52.3290,42682000,51.8691
2018-12-10,52.1470,52.9800,51.6500,52.6590,33652000,52.1962
2018-12-11,53.3470,53.5200,52.5050,53.0825,33852000,52.6159
2018-12-12,53.8540,54.5865,53.5985,53.6865,28960000,53.2146
2018-12-13,53.7835,54.4210,53.2495,53.6770,24986000,53.2052
2018-12-14,53.0010,53.5860,52.4685,52.5855,36358000,52.1233
2018-12-17,52.3505,53.1190,50.8315,51.2825,49932000,50.8318
2018-12-18,51.7000,52.9845,51.5240,52.1705,43640000,51.7120
2018-12-19,52.3645,53.7855,50.9715,51.7730,58264000,51.3179
2018-12-20,51.3000,52.3720,50.3930,51.1790,53674000,50.7292
2018-12-21,51.6020,51.8835,49.0595,49.5625,104656000,49.1269
2018-12-24,49.2160,50.6060,48.8830,49.2335,36360000,48.8008
2018-12-26,49.8995,52.4225,49.6325,52.3925,46318000,51.9320
2018-12-27,51.3100,52.6670,50.3500,52.6450,45996000,52.1823
2018-12-28,52.9750,53.2115,52.1000,52.3340,34398000,51.8740
2018-12-31,52.8915,53.1495,51.6520,52.2480,33110000,51.7888
2019-01-02,51.3600,53.0395,51.2640,52.7340,31868000,52.2705
2019-01-03,52.5335,53.3130,51.1185,51.2735,41960000,50.8228
2019-01-04,52.1280,54.0000,51.8430,53.9035,46022000,53.4297
2019-01-07,54.0485,54.1350,53.1320,53.7960,47446000,53.3232
2019-01-08,54.3000,54.6675,53.4175,54.2685,35414000,53.7915
2019-01-09,54.3995,54.5820,53.7185,54.0825,26998000,53.6072
2019-01-10,53.7470,53.9905,53.2340,53.9415,26598000,53.4674
2019-01-11,53.4950,53.6685,52.8215,53.2235,30864000,52.7557
2019-01-14,52.6670,52.9225,52.4275,52.5755,28490000,52.1134
2019-01-15,52.9005,54.4135,52.7220,54.3255,37518000,53.8480
2019-01-16,54.5000,55.1180,54.4005,54.4755,38280000,53.9967
2019-01-17,54.3995,55.0350,54.1630,54.9560,24896000,54.4730
2019-01-18,55.4295,55.9000,54.9640,55.3650,44892000,54.8784
2019-01-22,54.8000,54.9485,53.5445,53.9315,39632000,53.4575
2019-01-23,54.3430,54.6475,53.3785,54.2205,25194000,53.7439
2019-01-24,54.1255,54.4000,53.5010,54.2000,29114000,53.7236
2019-01-25,54.7115,55.1680,54.5900,55.0755,23260000,54.5914
2019-01-28,54.5035,54.6685,53.7305,53.9930,29334000,53.5184
2019-01-29,54.0520,54.2365,53.3010,53.5030,19704000,53.0327
2019-01-30,53.8680,54.9760,53.8320,54.8995,29452000,54.4170
2019-01-31,55.6120,56.3835,55.2625,56.2945,40232000,55.7997
2019-02-01,56.1145,56.7200,55.7125,55.9310,33116000,55.4394
2019-02-04,55.9505,57.1170,55.8755,57.0710,78408000,56.5694
2019-02-05,56.4815,57.6385,56.1800,57.5935,82296000,57.0873
2019-02-06,57.4635,57.7000,55.9180,56.1445,48256000,55.6510
2019-02-07,55.5910,55.5995,54.6795,55.2955,38298000,54.8095
2019-02-08,54.7440,55.2550,54.7120,55.1190,21766000,54.6345
2019-02-11,55.1875,55.6715,55.0000,55.1060,18498000,54.6217
2019-02-12,55.5505,56.6430,55.5505,56.3790,35036000,55.8835
2019-02-13,56.6520,57.1425,56.3000,56.4315,28042000,55.9355
2019-02-14,56.2500,56.8065,55.8545,56.4600,21106000,55.9638
2019-02-15,56.9650,56.9650,55.8360,55.9815,27826000,55.4895
2019-02-19,55.8320,56.4820,55.8320,56.3255,21980000,55.8304
2019-02-20,56.4440,56.5465,55.5875,56.0295,24090000,55.5370
2019-02-21,55.9390,55.9575,54.8990,55.2105,33272000,54.7252
2019-02-22,55.4850,55.8625,55.0250,55.8280,29436000,55.3373
2019-02-25,56.0965,56.2700,55.7055,55.8665,26208000,55.3755
2019-02-26,55.7185,56.3220,55.3350,56.1005,35026000,55.6074
2019-02-27,55.7005,56.2865,55.4280,56.1445,22092000,55.6510
2019-02-28,55.9500,56.6995,55.9205,56.3275,27422000,55.8324
2019-03-01,56.5500,57.5000,56.5500,57.4260,34086000,56.9213
2019-03-04,57.7280,58.2760,56.9125,57.6710,35490000,57.1641
2019-03-05,57.8000,58.8245,57.6510,58.4595,40094000,57.9457
2019-03-06,58.5880,58.7370,58.1525,58.2470,23602000,57.7351
2019-03-07,58.0250,58.1790,57.0855,57.5425,30086000,57.0367
2019-03-08,56.6950,57.6725,56.5100,57.4985,23694000,56.9931
2019-03-11,57.6000,58.9955,57.5785,58.9630,30032000,58.4448
2019-03-12,59.1150,60.2855,59.1150,59.8625,42220000,59.3363
2019-03-13,60.2965,60.3560,59.8955,59.9530,25888000,59.4261
2019-03-14,59.9510,60.2350,59.5615,59.6265,27302000,59.1024
2019-03-15,59.9000,60.0860,59.3505,59.5150,51886000,58.9919
2019-03-18,59.4845,59.7475,59.0740,59.4275,24442000,58.9052
2019-03-19,59.5860,60.1705,59.4730,60.1230,29788000,59.5946
2019-03-20,60.0700,61.4995,59.9795,61.3215,41508000,60.7825
2019-03-21,61.0000,61.8220,60.8290,61.8065,28150000,61.2633
2019-03-22,61.4425,61.6815,60.3000,60.3825,34422000,59.8518
2019-03-25,59.9780,60.4720,59.5000,59.8690,27576000,59.3428
2019-03-26,60.2595,60.3825,59.0880,59.4920,30752000,58.9691
2019-03-27,59.5960,59.5960,58.2115,58.9005,29428000,58.3828
2019-03-28,58.7750,58.8625,58.1715,58.6135,22402000,58.0983
2019-03-29,59.0090,59.1985,58.3190,58.8445,30890000,58.3273
2019-04-01,59.3770,60.0100,59.3180,59.9490,27706000,59.4221
2019-04-02,60.0025,60.2905,59.5620,60.2770,18288000,59.7472
2019-04-03,60.6350,61.0300,60.2540,60.5405,22180000,60.0084
2019-04-04,60.5645,61.0275,60.4520,60.9725,21022000,60.4366
2019-04-05,60.9650,61.0195,60.5015,60.5725,20012000,60.0401
2019-04-08,60.5555,60.6975,60.2350,60.4140,21750000,59.8830
2019-04-09,60.0945,60.3575,59.9190,60.1345,19668000,59.6060
2019-04-10,60.2545,60.4470,60.0330,60.3225,15510000,59.7923
2019-04-11,60.4450,60.6370,60.2270,60.4795,16998000,59.9479
2019-04-12,60.7810,61.1525,60.6645,61.1365,24312000,60.5992
2019-04-15,61.2045,61.4650,60.7280,61.3265,23796000,60.7875
2019-04-16,61.5000,61.7990,61.2520,61.5955,22622000,61.0541
2019-04-17,61.8500,62.2550,61.6450,62.0070,30366000,61.4620
2019-04-18,62.2500,62.2970,61.9705,62.0735,24750000,61.5279
2019-04-22,61.8335,62.7170,61.6685,62.6880,19084000,62.1370
2019-04-23,62.8320,63.7215,62.5985,63.5295,31868000,62.9711
2019-04-24,63.5295,63.7000,62.9905,63.0025,23396000,62.4488
2019-04-25,63.5150,63.6400,62.9000,63.3670,31344000,62.8100
2019-04-26,63.6690,63.9455,63.2500,63.8710,27228000,63.3096
2019-04-29,64.0255,64.8485,63.5855,64.8100,72368000,64.2404
2019-04-30,59.5315,60.0490,59.1500,59.9480,133178000,59.4211
2019-05-01,59.8750,59.9625,58.5840,58.6660,74340000,58.1504
2019-05-02,58.6300,58.9690,57.9165,58.3255,45098000,57.8129
2019-05-03,58.8705,59.5700,58.6775,59.4775,41588000,58.9547
2019-05-06,58.6000,59.7715,58.5580,59.6730,31774000,59.1485
2019-05-07,59.2905,59.7385,58.2500,58.9430,36604000,58.4249
2019-05-08,58.8645,59.2135,58.3815,58.5390,25520000,58.0245
2019-05-09,58.1300,58.7035,57.7320,58.3985,29556000,57.8852
2019-05-10,58.4420,58.8140,57.3185,58.3820,31650000,57.8689
2019-05-13,57.2620,57.5985,56.2750,56.8295,45626000,56.3300
2019-05-14,57.1160,57.2435,56.1765,56.2430,40392000,55.7487
2019-05-15,56.1275,58.9150,56.0700,58.5400,59302000,58.0255
2019-05-16,58.5920,59.7080,58.4225,59.2250,35308000,58.7045
2019-05-17,58.7915,59.3145,58.3210,58.4390,25362000,57.9254
2019-05-20,57.6500,57.6500,56.9070,57.2330,30602000,56.7300
2019-05-21,57.7240,57.9000,57.1655,57.7220,20562000,57.2147
2019-05-22,57.5625,58.1890,57.5500,57.7925,18826000,57.2845
2019-05-23,57.3035,57.5025,56.6580,57.2670,25214000,56.7637
2019-05-24,57.6000,57.7180,56.8355,56.9305,18554000,56.4301
2019-05-28,57.0740,57.8245,56.9335,56.9780,20948000,56.4772
2019-05-29,56.6350,56.7500,55.5975,55.9970,36230000,55.5048
2019-05-30,56.0075,56.3400,55.7950,56.0705,18088000,55.5777
2019-05-31,55.2820,55.6700,55.1675,55.3250,31582000,54.8387
2019-06-03,53.3465,53.3500,51.3515,51.9370,96890000,51.4805
2019-06-04,52.2245,52.9220,51.8015,52.7245,60512000,52.2611
2019-06-05,52.7500,52.8405,51.6500,52.2320,46988000,51.7729
2019-06-06,52.3105,52.5000,51.7755,52.3880,29020000,51.9275
2019-06-07,52.7140,53.6715,52.5575,53.4185,43828000,52.9490
2019-06-10,53.8500,54.7420,53.7640,54.1380,28510000,53.6622
2019-06-11,54.8495,55.2005,53.9785,54.0520,33508000,53.5769
2019-06-12,53.9975,54.1260,53.4800,53.9550,23670000,53.4808
2019-06-13,54.2355,54.8295,54.1285,54.5505,20814000,54.0710
2019-06-14,54.4870,54.7380,54.0740,54.3150,24582000,53.8376
2019-06-17,54.4550,55.0640,54.4000,54.6945,19770000,54.2138
2019-06-18,55.5750,55.9390,55.0395,55.2620,34526000,54.7763
2019-06-19,55.3620,55.4715,54.8015,55.2255,26714000,54.7401
2019-06-20,56.0850,56.1360,55.3500,55.6600,24018000,55.1708
2019-06-21,55.4930,56.3285,55.4860,56.2685,50774000,55.7739
2019-06-24,56.0000,56.1785,55.6655,55.8350,24236000,55.3442
2019-06-25,55.7540,55.7850,54.2300,54.3790,31644000,53.9010
2019-06-26,54.5500,54.7560,53.6845,54.0160,34698000,53.5412
2019-06-27,54.3375,54.4230,53.7925,53.8315,24078000,53.3584
2019-06-28,53.8615,54.1400,53.6900,54.1400,33672000,53.6642
2019-07-01,55.0520,55.4295,54.7665,55.0000,29196000,54.5166
2019-07-02,55.2415,55.6445,54.9835,55.6300,20630000,55.1411
2019-07-03,55.9250,56.3995,55.7425,56.1495,20154000,55.6560
2019-07-05,55.9685,56.7325,55.8750,56.6335,29794000,56.1357
2019-07-08,56.2935,56.3605,55.5880,55.8395,29888000,55.3487
2019-07-09,55.5160,56.3930,55.3575,56.2145,29472000,55.7204
2019-07-10,56.6160,57.1170,56.5330,57.0455,30710000,56.5441
2019-07-11,57.3080,57.6620,56.9765,57.2040,26004000,56.7012
2019-07-12,57.1465,57.3750,56.9280,57.2670,21878000,56.7637
2019-07-15,57.2670,57.5340,57.0000,57.5255,21164000,57.0199
2019-07-16,57.3365,57.9290,57.3365,57.6730,25352000,57.1661
2019-07-17,57.5460,57.9220,57.3310,57.3370,19538000,56.8331
2019-07-18,57.1000,57.4085,56.6430,57.3620,25450000,56.8578
2019-07-19,57.4660,57.5790,56.5625,56.5775,23184000,56.0802
2019-07-22,56.7735,57.0010,56.2605,56.9605,28914000,56.4599
2019-07-23,57.1725,57.4430,56.6425,57.4025,20648000,56.8980
2019-07-24,56.6310,57.2730,56.4255,56.9865,27192000,56.4856
2019-07-25,56.9475,57.1795,56.1855,56.7970,54762000,56.2978
2019-07-26,61.4000,63.4195,61.4000,62.2610,121216000,61.7138
2019-07-29,62.1250,62.4495,61.5100,62.0920,41382000,61.5462
2019-07-30,61.3500,61.8455,61.2660,61.4000,28616000,60.8603
2019-07-31,61.2435,61.7455,60.4090,60.9100,39960000,60.3746
2019-08-01,60.8815,61.8150,60.3500,60.5890,35426000,60.0565
2019-08-02,60.1500,60.4750,59.5000,59.8160,34910000,59.2903
2019-08-05,58.6485,58.8440,57.1375,57.7375,47840000,57.2300
2019-08-06,58.2760,59.0700,58.0765,58.5540,36014000,58.0394
2019-08-07,57.8900,58.9935,57.5420,58.7955,30686000,58.2787
2019-08-08,59.3215,60.3140,58.7000,60.3095,30116000,59.7794
2019-08-09,59.9995,60.2230,59.2445,59.4450,20418000,58.9225
2019-08-12,59.0000,59.2805,58.4360,58.7250,22064000,58.2088
2019-08-13,58.7175,60.2715,58.6495,59.8365,28434000,59.3106
2019-08-14,58.8035,59.1395,58.0535,58.2125,35430000,57.7009
2019-08-15,58.4215,58.8210,58.1500,58.4660,28506000,57.9521
2019-08-16,59.0395,59.1920,58.6500,58.9605,24916000,58.4423
2019-08-19,59.5915,60.4695,59.5200,60.0220,24450000,59.4944
2019-08-20,59.7675,59.9000,59.1525,59.1765,20206000,58.6564
2019-08-21,59.7910,60.0280,59.3960,59.5790,14152000,59.0553
2019-08-22,59.6900,59.9390,58.9455,59.5760,17352000,59.0524
2019-08-23,59.2585,59.7835,57.5000,57.6790,36254000,57.1720
2019-08-26,57.9725,58.5930,57.7425,58.5590,21166000,58.0443
2019-08-27,59.1500,59.2500,58.2280,58.5410,23460000,58.0265
2019-08-28,58.2435,58.9250,58.0125,58.6875,16810000,58.1717
2019-08-29,59.3210,59.9595,59.2640,59.7120,19636000,59.1872
2019-08-30,60.0175,60.0175,59.2860,59.5265,18064000,59.0033
2019-09-03,59.0925,59.4540,58.1855,58.4775,25908000,57.9635
2019-09-04,58.9725,59.2440,58.5765,59.1135,21312000,58.5939
2019-09-05,59.6830,60.7000,59.6345,60.6095,26394000,60.0768
2019-09-06,60.4570,60.6475,60.1630,60.3160,18972000,59.7859
2019-09-09,60.3540,61.0275,59.6585,60.2635,31854000,59.7338
2019-09-10,59.8045,60.5000,59.8005,60.2850,27922000,59.7551
2019-09-11,60.1945,61.1235,60.1140,61.0000,23522000,60.4639
2019-09-12,61.1735,62.1210,61.1280,61.7485,31644000,61.2058
2019-09-13,61.6055,62.0525,61.3540,62.0015,23676000,61.4566
2019-09-16,61.5220,61.9510,61.2595,61.5815,28218000,61.0402
2019-09-17,61.5815,61.7500,61.1675,61.4940,20806000,60.9535
2019-09-18,61.5120,61.8120,60.8235,61.6325,17440000,61.0908
2019-09-19,61.6160,62.2170,61.6155,61.9375,16554000,61.3931
2019-09-20,61.6820,62.1400,61.1790,61.4920,37692000,60.9515
2019-09-23,61.3285,61.9840,61.1890,61.7345,20798000,61.1919
2019-09-24,62.0000,62.3555,60.5320,60.9165,35804000,60.3811
2019-09-25,60.8005,62.4010,60.4600,62.2970,26798000,61.7495
2019-09-26,62.1070,62.2335,61.5910,62.1145,23166000,61.5686
2019-09-27,62.1415,62.2495,60.7600,61.2975,34122000,60.7587
2019-09-30,61.0300,61.3705,60.6710,61.0570,24470000,60.5204
2019-10-01,61.1245,61.6430,60.2775,60.3000,24504000,59.7700
2019-10-02,59.8250,59.9380,58.6315,58.8960,33030000,58.3783
2019-10-03,59.1670,59.5500,58.1570,59.4715,28368000,58.9488
2019-10-04,59.7145,60.6230,59.5485,60.5480,24282000,60.0158
2019-10-07,60.3500,60.9455,60.2180,60.4125,17040000,59.8815
2019-10-08,59.9385,60.3435,59.4740,59.5065,20086000,58.9835
2019-10-09,60.0665,60.4230,59.9060,60.1200,15948000,59.5916
2019-10-10,59.9300,60.7810,59.8930,60.4735,12842000,59.9420
2019-10-11,61.2015,61.4375,60.6820,60.7855,22330000,60.2512
2019-10-14,60.6945,61.2940,60.5940,60.8885,13296000,60.3533
2019-10-15,61.0750,62.3565,61.0460,62.1120,27584000,61.5661
2019-10-16,62.0905,62.7095,61.9265,62.1500,22986000,61.6038
2019-10-17,62.5700,63.1875,62.4935,62.6400,20958000,62.0894
2019-10-18,62.7345,62.9055,62.0070,62.2205,31624000,61.6736
2019-10-21,62.4350,62.6755,61.9995,62.2140,18094000,61.6672
2019-10-22,62.2240,62.4365,61.9925,62.0600,22862000,61.5145
2019-10-23,62.0105,62.9020,62.0105,62.8815,21282000,62.3288
2019-10-24,62.9555,63.1450,62.6175,62.9555,20224000,62.4022
2019-10-25,62.6000,63.4000,62.4575,63.2150,27104000,62.6594
2019-10-28,63.7500,64.9620,63.6155,64.4490,65428000,63.8825
2019-10-29,63.8000,64.0400,62.7805,63.0330,52654000,62.4790
2019-10-30,62.7575,63.4010,62.5325,63.0350,29204000,62.4810
2019-10-31,63.0000,63.3260,62.4740,62.9400,31904000,62.3868
2019-11-01,63.2900,63.6500,62.9855,63.6125,28812000,63.0534
2019-11-04,63.8055,64.6250,63.8055,64.4805,30632000,63.9138
2019-11-05,64.5600,64.8620,64.4690,64.5720,25148000,64.0045
2019-11-06,64.5045,64.6495,64.1135,64.5505,24626000,63.9831
2019-11-07,64.7140,66.1325,64.6875,65.3470,45140000,64.7726
2019-11-08,65.0760,65.8555,65.0760,65.4500,30392000,64.8747
2019-11-11,65.2000,65.2450,64.7935,64.9140,17234000,64.3435
2019-11-12,64.9285,65.4675,64.7120,64.8605,28852000,64.2904
2019-11-13,64.6590,65.1260,64.6075,64.8090,20538000,64.2394
2019-11-14,64.7500,65.7860,64.6970,65.4575,28948000,64.8822
2019-11-15,65.7525,66.6770,65.5945,66.6770,39286000,66.0910
2019-11-18,66.6170,66.6960,65.8080,65.9920,27984000,65.4120
2019-11-19,66.3315,66.3315,65.5885,65.6295,21864000,65.0527
2019-11-20,65.5680,65.6605,64.4605,65.0930,28892000,64.5209
2019-11-21,64.9625,65.5560,64.5375,65.0070,25546000,64.4356
2019-11-22,65.1500,65.3450,64.4680,64.6835,27776000,64.1150
2019-11-25,64.8130,65.5205,64.7805,65.2820,23590000,64.7082
2019-11-26,65.4955,65.7005,65.2020,65.6500,21910000,65.0730
2019-11-27,65.7710,65.8820,65.4735,65.6065,18808000,65.0299
2019-11-29,65.3300,65.4975,65.1615,65.2045,12802000,64.6314
2019-12-02,65.1280,65.2720,64.0190,64.4430,26538000,63.8766
2019-12-03,63.9330,64.8615,63.8525,64.7370,25270000,64.1680
2019-12-04,65.3050,66.2135,65.1525,65.9470,35506000,65.3674
2019-12-05,66.3500,66.3990,65.7160,66.3480,24408000,65.7649
2019-12-06,66.6375,67.1235,66.5615,66.9695,32968000,66.3809
2019-12-09,66.9430,67.8775,66.8035,67.1495,30842000,66.5593
2019-12-10,66.9970,67.4000,66.7000,67.1445,17606000,66.5543
2019-12-11,67.4150,67.4945,67.0550,67.2125,20480000,66.6218
2019-12-12,67.1605,67.7290,66.9100,67.4245,29114000,66.8319
2019-12-13,67.3950,67.5675,67.0830,67.3435,33170000,66.7516
2019-12-16,67.7500,68.1765,67.5305,68.0350,28128000,67.4370
2019-12-17,68.1205,68.2165,67.5385,67.7445,32948000,67.1491
2019-12-18,67.8500,67.9715,67.5230,67.5955,23330000,67.0014
2019-12-19,67.5955,67.8765,67.4375,67.8220,28922000,67.2259
2019-12-20,68.1550,68.2000,67.5365,67.5610,50090000,66.9672
2019-12-23,67.9365,68.0925,67.4000,67.5315,19936000,66.9380
2019-12-24,67.5105,67.6005,67.2085,67.2215,13468000,66.6307
2019-12-26,67.3275,68.1600,67.2755,68.1235,23662000,67.5247
2019-12-27,68.2000,68.3525,67.6500,67.7320,23212000,67.1367
2019-12-30,67.8405,67.8500,66.8920,66.9855,19994000,66.3968
2019-12-31,66.7895,67.0330,66.6065,66.9695,19514000,66.3809
2020-01-02,67.4205,68.4340,67.3245,68.4340,27278000,67.8325
2020-01-03,67.4000,68.6875,67.3660,68.0760,23408000,67.4777
2020-01-06,67.5815,69.9160,67.5500,69.8905,46768000,69.2762
2020-01-07,70.0230,70.1750,69.5780,69.7555,34330000,69.1424
2020-01-08,69.7410,70.5925,69.6315,70.2520,35314000,69.6345
2020-01-09,71.0965,71.4340,70.5105,70.9895,33200000,70.3655
2020-01-10,71.4735,71.7470,70.9800,71.4480,26258000,70.8200
2020-01-13,71.7625,72.0740,71.2685,72.0015,30730000,71.3687
2020-01-14,72.0000,72.1315,71.3885,71.5295,26076000,70.9008
2020-01-15,71.6510,72.0390,71.5830,71.9600,21550000,71.3275
2020-01-16,72.2725,72.5350,72.0000,72.5080,26080000,71.8707
2020-01-17,73.1270,74.0275,72.8275,73.9760,52424000,73.3258
2020-01-21,73.9500,74.4940,73.5105,74.1125,48930000,73.4611
2020-01-22,74.4865,75.0290,74.1330,74.1935,28458000,73.5414
2020-01-23,74.3775,74.6750,74.0160,74.2345,26650000,73.5820
2020-01-24,74.6410,74.7100,73.1590,73.3085,29786000,72.6642
2020-01-27,71.5770,71.8290,70.9750,71.5865,34132000,70.9573
2020-01-28,72.0870,72.7400,71.5180,72.5250,29724000,71.8876
2020-01-29,72.9230,73.2070,72.2695,72.8350,21566000,72.1948
2020-01-30,71.9050,72.7625,71.7500,72.7125,27110000,72.0734
2020-01-31,73.3930,73.4835,71.3530,71.6390,43822000,71.0093
2020-02-03,73.0825,74.3150,72.8305,74.1300,71636000,73.4784
2020-02-04,72.7245,73.3670,71.1015,72.2705,95880000,71.6353
2020-02-05,73.1805,73.2290,71.4840,72.3025,36376000,71.6670
2020-02-06,72.5990,74.0780,72.5240,73.7985,37822000,73.1499
2020-02-07,73.3695,74.2625,73.2705,73.9555,28360000,73.3055
2020-02-10,73.8615,75.4440,73.7600,75.4330,38302000,74.7700
2020-02-11,75.6635,76.4940,75.2725,75.5030,34852000,74.8394
2020-02-12,75.7930,76.0150,75.4335,75.9315,31042000,75.2641
2020-02-13,75.5000,76.2975,75.2000,75.6695,22914000,75.0044
2020-02-14,75.7265,76.0025,75.2775,75.9365,23198000,75.2691
2020-02-18,75.7170,76.5280,75.5505,75.9720,25642000,75.3043
2020-02-19,76.3600,76.5370,76.0490,76.2435,22746000,75.5734
2020-02-20,75.9505,76.3535,75.2130,75.8495,25962000,75.1828
2020-02-21,75.2290,75.5475,73.9245,74.1730,42520000,73.5211
2020-02-24,71.1525,71.8190,70.3395,70.9930,49560000,70.3690
2020-02-25,71.5500,71.8425,69.0210,69.3160,51580000,68.7068
2020-02-26,69.7490,70.6835,68.8275,69.5235,49776000,68.9125
2020-02-27,67.9570,68.4700,65.7120,65.7475,62290000,65.1696
2020-02-28,63.7155,67.1225,63.4105,66.9625,80198000,66.3740
2020-03-02,67.5695,69.3735,66.2600,69.3160,55430000,68.7068
2020-03-03,69.8840,70.4095,66.4620,66.8860,56602000,66.2981
2020-03-04,67.9480,69.1390,66.8500,69.0800,47598000,68.4728
2020-03-05,67.2775,67.6815,65.0820,65.7380,54380000,65.1602
2020-03-06,63.4975,65.1375,62.8605,64.7870,64640000,64.2176
2020-03-09,60.2480,62.6365,59.9020,60.7895,69252000,60.2552
2020-03-10,62.7195,63.7925,60.7255,63.7585,54872000,63.1981
2020-03-11,62.4135,62.8465,59.5570,60.5450,54732000,60.0129
2020-03-12,56.1310,59.4375,55.4235,55.5775,94326000,55.0890
2020-03-13,58.7495,60.7200,55.6145,60.7135,79400000,60.1799
2020-03-16,54.4805,57.2735,53.3540,53.6500,96520000,53.1785
2020-03-17,54.5320,56.3000,52.4550,55.9030,83194000,55.4117
2020-03-18,52.9970,55.2495,51.8500,54.5595,93044000,54.0800
2020-03-19,54.4110,57.6305,52.7775,55.5835,74064000,55.0950
2020-03-20,56.5450,56.9240,53.1050,53.4105,82878000,52.9411
2020-03-23,52.8185,53.3455,50.4435,52.7065,83672000,52.2432
2020-03-24,55.1990,56.6665,54.3215,56.5005,72468000,56.0039
2020-03-25,56.2290,57.3085,54.1505,55.0810,90324000,54.5969
2020-03-26,55.7360,58.5740,54.6015,58.1460,76562000,57.6349
2020-03-27,56.3735,57.5525,55.2000,55.5130,62794000,55.0251
2020-03-30,56.6320,57.5500,54.9245,57.3155,58736000,56.8117
2020-03-31,57.4365,58.6700,56.8360,58.0975,65228000,57.5869
2020-04-01,56.2000,56.4710,54.6745,55.1050,51970000,54.6207
2020-04-02,55.0000,56.1385,54.6565,55.8515,56410000,55.3606
2020-04-03,55.7355,55.9395,53.7540,54.6350,51374000,54.1548
2020-04-06,56.6500,59.5375,56.2500,59.1595,63320000,58.6395
2020-04-07,60.8505,61.0390,58.8625,59.1280,61620000,58.6083
2020-04-08,60.1550,60.7450,59.1975,60.3500,40334000,59.8196
2020-04-09,60.9090,61.0995,59.6210,60.3285,54028000,59.7983
2020-04-13,60.0750,60.7260,59.1165,60.5205,38702000,59.9886
2020-04-14,61.9985,63.7875,61.4270,63.2615,63358000,62.7055
2020-04-15,62.3255,63.7555,61.7000,62.8650,42236000,62.3125
2020-04-16,63.3570,63.6680,61.9100,62.8715,57896000,62.3189
2020-04-17,64.0850,64.5000,63.3000,63.9500,51050000,63.3879
2020-04-20,63.4945,63.8410,62.8220,63.0575,35292000,62.5033
2020-04-21,62.1355,62.5000,60.2500,60.6080,49648000,60.0753
2020-04-22,62.0555,63.9940,61.8600,62.9205,46296000,62.3675
2020-04-23,63.2870,64.4075,63.0265,63.5585,34202000,62.9999
2020-04-24,62.7500,63.8855,62.2000,63.8300,37402000,63.2690
2020-04-27,64.6000,64.7050,63.2530,63.5430,44186000,62.9845
2020-04-28,64.1600,64.2380,61.5190,61.6295,80700000,61.0878
2020-04-29,67.2500,68.0075,66.3365,67.1090,108358000,66.5192
2020-04-30,66.5680,67.5000,66.0750,67.3350,55842000,66.7432
2020-05-01,66.2045,67.5715,65.4830,65.8660,48872000,65.2871
2020-05-04,65.4065,66.2235,64.8005,66.1450,30806000,65.5636
2020-05-05,66.8750,68.5505,66.7515,67.4510,39666000,66.8582
2020-05-06,67.9000,68.4345,67.2565,67.2715,31732000,66.6802
2020-05-07,68.0655,68.8000,67.6270,68.4640,30652000,67.8623
2020-05-08,69.0910,69.8320,68.6005,69.2170,33326000,68.6086
2020-05-11,68.8395,70.7765,68.7750,70.1795,32718000,69.5627
2020-05-12,70.4110,70.7165,68.7255,68.7590,33918000,68.1546
2020-05-13,68.8080,69.2665,66.4005,67.4165,40368000,66.8240
2020-05-14,66.6760,67.8685,66.1650,67.8430,36660000,67.2467
2020-05-15,67.4130,68.7290,66.9500,68.6530,41544000,68.0496
2020-05-18,68.0790,69.6380,67.7100,69.2590,47094000,68.6503
2020-05-19,69.2740,69.6245,68.6880,68.7200,31586000,68.1160
2020-05-20,69.4580,70.6015,69.3710,70.4580,38262000,69.8387
2020-05-21,70.5495,70.8230,69.7195,70.3375,30894000,69.7193
2020-05-22,70.1950,70.8500,69.7975,70.6620,28544000,70.0409
2020-05-26,72.0980,72.2555,70.9700,71.0685,44590000,70.4438
2020-05-27,71.0000,71.2675,69.7300,71.0140,31684000,70.3898
2020-05-28,70.0000,72.2230,69.9540,70.9120,35170000,70.2887
2020-05-29,71.0215,71.8365,70.7990,71.6760,37044000,71.0460
2020-06-01,71.2850,72.0790,71.1140,71.7435,25162000,71.1129
2020-06-02,71.7500,72.1500,71.0805,72.1155,23442000,71.4817
2020-06-03,72.1350,72.4505,71.5810,71.9625,27732000,71.3300
2020-06-04,71.8390,72.0660,70.3005,70.7150,26982000,70.0935
2020-06-05,70.7820,72.3150,70.3810,72.0010,42642000,71.3682
2020-06-08,71.3140,72.4500,71.2240,72.4020,33878000,71.7656
2020-06-09,72.2620,73.3900,72.1180,72.6040,33624000,71.9659
2020-06-10,73.0755,73.6385,72.7180,73.2350,31762000,72.5913
2020-06-11,72.0515,72.5800,69.9205,70.0950,47144000,69.4789
2020-06-12,71.2930,71.7255,69.2900,70.6460,36676000,70.0251
2020-06-15,69.4745,71.2500,69.3600,71.0370,30468000,70.4126
2020-06-16,72.4500,72.8585,71.4495,72.3235,30648000,71.6878
2020-06-17,72.6470,73.1100,71.7565,72.6270,30610000,71.9887
2020-06-18,72.4925,72.6485,71.3120,71.7060,34862000,71.0758
2020-06-19,72.0000,72.2250,70.9500,71.2320,52784000,70.6059
2020-06-22,71.2505,72.5475,70.9595,72.5330,29442000,71.8955
2020-06-23,72.6000,73.7600,72.2500,73.1990,37752000,72.5556
2020-06-24,73.1640,73.7895,71.5000,71.6350,31592000,71.0054
2020-06-25,71.5610,72.1160,70.9770,72.0550,23958000,71.4217
2020-06-26,71.6315,71.8510,67.7500,68.1270,97640000,67.5282
2020-06-29,68.0170,69.9000,67.5825,69.8585,45074000,69.2445
2020-06-30,69.8440,71.2000,69.3465,70.9025,40286000,70.2793
2020-07-01,70.9585,72.4240,70.7090,72.1000,42182000,71.4663
2020-07-02,72.5920,74.4260,72.5535,73.4965,57218000,72.8505
2020-07-06,74.4075,75.5000,73.8490,74.9825,44712000,74.3235
2020-07-07,74.8065,76.0660,74.4850,74.4960,42364000,73.8412
2020-07-08,75.0400,75.5585,74.6150,75.1800,31766000,74.5192
2020-07-09,75.4965,76.4570,74.7795,75.9330,41836000,75.2656
2020-07-10,75.6625,77.0670,75.0360,76.9505,35918000,76.2742
2020-07-13,77.4970,78.8180,75.3280,75.6115,42954000,74.9469
2020-07-14,74.6395,76.1400,74.2965,76.0430,38108000,75.3746
2020-07-15,76.1615,76.8165,74.8915,75.8440,31026000,75.1774
2020-07-16,75.0750,75.7955,74.4135,75.7460,26484000,75.0803
2020-07-17,75.8455,76.1715,74.9050,75.8425,34264000,75.1759
2020-07-20,75.7500,78.4505,75.1350,78.1920,30166000,77.5048
2020-07-21,79.2515,79.3525,77.6310,77.7960,27486000,77.1122
2020-07-22,77.7855,78.3490,77.1615,78.2425,24482000,77.5548
2020-07-23,78.2965,78.5175,75.4295,75.8375,33910000,75.1709
2020-07-24,74.9595,75.7715,74.3795,75.4105,29902000,74.7477
2020-07-27,75.6630,76.8780,75.6165,76.4715,27124000,75.7994
2020-07-28,76.2500,76.3005,75.0260,75.1825,30910000,74.5217
2020-07-29,75.2500,76.6665,75.1505,76.1755,22676000,75.5060
2020-07-30,74.8985,77.0445,74.7585,76.9185,36042000,76.2424
2020-07-31,74.8525,75.2510,72.7000,74.3975,91468000,73.7436
2020-08-03,74.5500,74.8865,73.5860,74.1380,45482000,73.4864
2020-08-04,74.3355,74.6555,73.2015,73.6650,37212000,73.0175
2020-08-05,73.8410,74.5000,73.5610,73.9545,29134000,73.3045
2020-08-06,73.8075,75.3135,73.5950,75.2475,33306000,74.5861
2020-08-07,75.4520,76.0045,74.3135,74.9185,27718000,74.2600
2020-08-10,74.5400,75.3575,73.8745,74.8410,20546000,74.1832
2020-08-11,74.7000,75.5220,73.9095,74.0270,31098000,73.3764
2020-08-12,74.3560,75.5835,74.2500,75.3620,22512000,74.6996
2020-08-13,75.4105,76.8485,75.4105,75.8325,22388000,75.1660
2020-08-14,75.6805,75.9895,74.9500,75.2315,21942000,74.5703
2020-08-17,75.7985,76.1890,75.2500,75.8120,19990000,75.1457
2020-08-18,76.3060,77.8685,76.0835,77.7890,28378000,77.1053
2020-08-19,77.6245,78.4430,77.0000,77.2305,30472000,76.5517
2020-08-20,76.9985,79.0085,76.7230,78.8125,26382000,78.1198
2020-08-21,78.5900,79.5940,78.1155,78.7785,34838000,78.0861
2020-08-24,79.6235,80.4390,78.7520,79.2575,25638000,78.5609
2020-08-25,79.0050,80.4440,78.8940,80.2925,25150000,79.5868
2020-08-26,80.3150,82.6395,80.0490,82.2065,52188000,81.4839
2020-08-27,82.3305,82.3995,80.9405,81.4260,31350000,80.7103
2020-08-28,81.4735,82.0675,81.2805,81.9715,22418000,81.2510
2020-08-31,82.1785,82.2250,81.2665,81.4765,26422000,80.7604
2020-09-01,81.6080,82.9610,81.4765,82.7540,22652000,82.0266
2020-09-02,83.4005,86.3050,83.0095,85.8695,49522000,85.1148
2020-09-03,84.9760,85.0000,80.3855,81.4755,63726000,80.7594
2020-09-04,80.4500,81.7495,76.8985,79.0605,55850000,78.3656
2020-09-08,76.2500,77.7775,75.8250,76.1800,54032000,75.5104
2020-09-09,77.4450,77.9360,76.2585,77.3615,39242000,76.6815
2020-09-10,77.5090,78.6830,76.0000,76.3025,33024000,75.6319
2020-09-11,76.4075,76.9350,74.6510,75.7880,30706000,75.1219
2020-09-14,76.5825,77.8500,75.2555,75.4415,42660000,74.7784
2020-09-15,76.3945,77.5495,76.1050,76.7560,23042000,76.0814
2020-09-16,77.1240,77.7185,75.5795,75.6045,22128000,74.9400
2020-09-17,74.2905,74.9330,73.1230,74.3520,40008000,73.6985
2020-09-18,74.4150,74.7600,71.5810,72.5545,63056000,71.9168
2020-09-21,71.5810,72.0030,70.1340,71.5070,56908000,70.8785
2020-09-22,72.5160,73.1985,71.4750,72.9910,33950000,72.3495
2020-09-23,72.6045,72.6540,70.1340,70.4695,37726000,69.8501
2020-09-24,70.1340,71.8995,70.1075,71.1430,34552000,70.5177
2020-09-25,71.2525,72.2970,70.3840,71.9530,30326000,71.3206
2020-09-28,73.5995,73.6495,72.3140,72.9330,30784000,72.2920
2020-09-29,73.1955,73.6000,72.7000,73.3010,31816000,72.6567
2020-09-30,73.0470,74.3100,72.7880,73.2800,40924000,72.6359
2020-10-01,74.1830,74.7535,73.8400,74.3950,32884000,73.7411
2020-10-02,72.9815,73.9515,72.3675,72.7800,31222000,72.1403
2020-10-05,73.1325,74.2350,73.0045,74.1415,21602000,73.4899
2020-10-06,73.7750,74.2260,72.2505,72.5510,26096000,71.9133
2020-10-07,72.9655,73.4485,71.6615,72.9570,36108000,72.3158
2020-10-08,73.2725,74.4015,73.2725,74.1715,26076000,73.5196
2020-10-09,74.6430,75.5925,74.3500,75.5225,32966000,74.8587
2020-10-12,76.9000,79.4210,76.4650,78.2295,55344000,77.5419
2020-10-13,78.8505,79.2580,77.9315,78.3535,39072000,77.6648
2020-10-14,78.7300,79.1925,77.2950,78.1720,33174000,77.4849
2020-10-15,77.2250,78.5700,77.0565,77.7735,31210000,77.0899
2020-10-16,78.0915,78.8855,77.8830,78.3850,34194000,77.6961
2020-10-19,78.7965,79.1965,76.1460,76.4975,29734000,75.8251
2020-10-20,76.1555,78.6920,76.0250,77.5540,41670000,76.8724
2020-10-21,78.4925,80.7570,78.3570,79.2995,60322000,78.6025
2020-10-22,79.2500,80.6710,78.8740,80.3330,30512000,79.6269
2020-10-23,80.7525,81.7060,80.5955,81.6490,30548000,80.9314
2020-10-26,80.7500,81.4790,78.3890,79.2145,35826000,78.5183
2020-10-27,79.4465,80.1000,78.8495,79.9440,25902000,79.2413
2020-10-28,77.5005,77.6905,75.4240,75.5400,45174000,74.8761
2020-10-29,75.8510,79.4370,75.8275,77.8440,55406000,77.1598
2020-10-30,83.3720,84.0660,80.0785,80.8055,99878000,80.0953
2020-11-02,81.1770,82.9120,80.7120,81.2160,44228000,80.5022
2020-11-03,81.5380,82.9500,80.6055,82.2830,31432000,81.5598
2020-11-04,85.2790,88.5015,85.1500,87.2925,71342000,86.5253
2020-11-05,88.5225,89.5910,87.0515,88.1250,39758000,87.3505
2020-11-06,87.5670,88.4250,86.8340,87.9865,28622000,87.2132
2020-11-09,89.7990,90.8445,87.8775,88.0710,53440000,87.2969
2020-11-10,86.4885,87.9690,85.8060,86.8860,43022000,86.1223
2020-11-11,87.4200,88.1450,87.1530,87.3615,31838000,86.5937
2020-11-12,87.1000,88.2490,86.8985,87.1410,26474000,86.3751
2020-11-13,87.4000,88.8565,86.7990,88.6130,29744000,87.8342
2020-11-16,88.2070,89.7170,88.0665,88.7015,25468000,87.9219
2020-11-17,88.3930,88.8570,87.9745,88.0830,21314000,87.3088
2020-11-18,87.8320,88.2500,86.9285,87.0320,20108000,86.2671
2020-11-19,86.6615,88.1745,86.5010,87.9285,20106000,87.1557
2020-11-20,88.1000,88.4180,86.7500,86.8190,27694000,86.0559
2020-11-23,87.0110,87.2995,85.5090,86.3780,22530000,85.6188
2020-11-24,86.3750,88.3240,86.0365,88.1950,27984000,87.4198
2020-11-25,88.3905,88.5190,87.4180,88.2065,19600000,87.4312
2020-11-27,88.2270,89.8505,88.2270,89.3510,14790000,88.5657
2020-11-30,88.7825,89.0170,87.3920,87.7200,32418000,86.9490
2020-12-01,88.3330,91.0860,88.1515,89.7680,37350000,88.9790
2020-12-02,89.7680,91.6370,89.2585,91.2485,29424000,90.4465
2020-12-03,91.0270,92.1915,90.8500,91.0920,24728000,90.2914
2020-12-04,91.0110,91.4750,90.6795,91.1880,20544000,90.3865
2020-12-07,90.7775,91.4645,90.1520,90.8515,22288000,90.0530
2020-12-08,90.4260,90.7985,89.5640,90.5665,19936000,89.7705
2020-12-09,90.5180,91.4185,88.1000,88.8930,31728000,88.1117
2020-12-10,88.1300,88.7495,86.6765,88.3825,28688000,87.6057
2020-12-11,88.0000,88.8655,87.6370,88.7400,18628000,87.9600
2020-12-14,88.5360,89.4900,87.4565,87.6130,33050000,86.8429
2020-12-15,87.9930,88.2000,87.0835,88.0540,21352000,87.2801
2020-12-16,88.4555,88.4555,87.4530,87.8595,24676000,87.0873
2020-12-17,88.1965,88.3355,86.5575,87.0255,34880000,86.2606
2020-12-18,87.3085,87.4180,85.7500,86.3110,85256000,85.5524
2020-12-21,85.4565,86.8500,84.7000,86.7280,33974000,85.9657
2020-12-22,86.4665,86.6305,85.2890,86.0110,20370000,85.2550
2020-12-23,86.1965,87.2055,86.0600,86.4115,22974000,85.6520
2020-12-24,86.4500,87.1205,86.2175,86.7080,9312000,85.9459
2020-12-28,87.2455,89.3500,87.0910,88.6980,27650000,87.9184
2020-12-29,89.3615,89.4235,87.7555,87.8880,19726000,87.1155
2020-12-30,88.2500,88.3880,86.4000,86.8125,21026000,86.0495
2020-12-31,86.8635,87.8750,86.8045,87.6320,21070000,86.8618
2021-01-04,88.0000,88.1245,85.3570,86.3065,37324000,85.5479
2021-01-05,86.2545,87.3415,85.8450,87.0025,20360000,86.2378
2021-01-06,85.0130,87.1985,84.8050,86.1440,46588000,85.3868
2021-01-07,86.3380,88.8910,86.3380,88.7170,41936000,87.9373
2021-01-08,88.8580,89.9680,88.0610,89.8915,35484000,89.1014
2021-01-11,88.8510,89.2190,87.6070,87.8145,34796000,87.0427
2021-01-12,87.2680,88.3950,85.8190,86.8715,29528000,86.1080
2021-01-13,86.3660,87.8195,86.3660,87.3625,23432000,86.5946
2021-01-14,87.4435,88.3775,86.3035,86.5460,29212000,85.7853
2021-01-15,86.4510,87.3810,85.5855,86.3810,31444000,85.6218
2021-01-19,87.1500,90.1920,86.6415,89.2235,41660000,88.4393
2021-01-20,91.3185,94.9860,90.9755,94.0035,64152000,93.1773
2021-01-21,94.6825,96.6040,93.9705,94.2075,58634000,93.3795
2021-01-22,94.5730,95.2195,93.8250,94.6280,32744000,93.7963
2021-01-25,95.6370,96.0910,92.9580,94.7140,50586000,93.8815
2021-01-26,94.2995,95.7875,93.8065,95.3975,31462000,94.5590
2021-01-27,93.7455,94.0235,89.8640,90.9470,82512000,90.1476
2021-01-28,91.5500,94.3995,91.5500,92.6600,55278000,91.8456
2021-01-29,91.7010,92.3770,90.0780,91.3680,44530000,90.5649
2021-02-01,92.2295,95.7770,92.2295,94.6535,40252000,93.8216
2021-02-02,95.6565,97.4685,95.3185,95.9560,66332000,95.1126
2021-02-03,103.2805,105.3310,100.6775,102.9440,97882000,102.0392
2021-02-04,103.0310,103.4650,101.7550,102.6815,48596000,101.7790
2021-02-05,102.9780,104.7970,102.5000,104.4415,29866000,103.5235
2021-02-08,105.0000,105.7500,103.1675,104.2260,28828000,103.3099
2021-02-09,103.7400,104.9255,103.5000,103.7695,21892000,102.8574
2021-02-10,104.1570,104.9440,102.6120,104.3240,25102000,103.4071
2021-02-11,104.5500,104.7000,103.4430,104.4375,20480000,103.5196
2021-02-12,103.9885,104.9750,103.6785,104.7515,18990000,103.8308
2021-02-16,104.5875,107.2570,104.5875,105.5350,31004000,104.6074
2021-02-17,104.6990,106.1220,104.4175,105.9310,20294000,104.9999
2021-02-18,105.2500,106.0995,104.6665,105.2905,22546000,104.3651
2021-02-19,105.3895,105.9290,104.1715,104.4405,37938000,103.5225
2021-02-22,102.6800,104.0165,102.4000,102.7130,29466000,101.8102
2021-02-23,100.6995,103.6250,99.5115,103.0060,34658000,102.1006
2021-02-24,101.5020,104.4160,101.3765,104.1905,22608000,103.2747
2021-02-25,102.7965,104.1500,100.3245,100.7975,41548000,99.9116
2021-02-26,101.4975,102.8260,100.0505,101.0955,40042000,100.2069
2021-03-01,102.4000,103.8115,101.7210,103.4830,26060000,102.5735
2021-03-02,103.2420,104.7370,102.8335,103.2240,25564000,102.3167
2021-03-03,102.5975,103.7995,99.7000,100.5705,33892000,99.6865
2021-03-04,100.7435,103.7295,100.2715,101.6965,49216000,100.8027
2021-03-05,103.0575,105.3100,101.3890,104.8535,53100000,103.9319
2021-03-08,104.2030,105.6870,100.2595,100.3750,36868000,99.4928
2021-03-09,102.4875,103.1960,101.7800,102.0180,33920000,101.1213
2021-03-10,103.0700,103.0700,100.9665,101.8095,27100000,100.9147
2021-03-11,102.9110,105.5635,102.8225,105.0270,27702000,104.1039
2021-03-12,103.8205,103.8805,101.6210,102.5000,33818000,101.5991
2021-03-15,102.2490,102.7495,101.3895,102.7220,26168000,101.8191
2021-03-16,103.2995,105.6840,102.9645,104.1945,31900000,103.2787
2021-03-17,103.4235,104.9500,102.2060,104.1110,26382000,103.1959
2021-03-18,102.4090,103.4375,100.9590,101.0670,31700000,100.1787
2021-03-19,101.4865,101.8520,100.1465,101.3480,46072000,100.4572
2021-03-22,101.3815,102.4170,100.7000,101.5345,33536000,100.6421
2021-03-23,101.9975,103.2055,101.4000,102.0665,28510000,101.1694
2021-03-24,102.5880,103.3800,101.4500,101.6265,25218000,100.7333
2021-03-25,101.4525,102.2820,99.8045,101.6230,35616000,100.7298
2021-03-26,101.5895,101.9695,100.1925,101.2365,27978000,100.3467
2021-03-29,101.1080,102.4605,100.2725,102.2895,26492000,101.3904
2021-03-30,102.6490,103.1335,101.8075,102.3235,27312000,101.4241
2021-03-31,102.7200,104.3130,102.3500,103.1260,42570000,102.2196
2021-04-01,104.6125,106.7875,104.5715,106.4890,39880000,105.5530
2021-04-05,107.3575,111.4495,107.2605,110.9480,48510000,109.9728
2021-04-06,110.5460,111.4000,110.0895,110.4630,35240000,109.4921
2021-04-07,110.6550,112.2250,110.6550,111.9515,24134000,110.9675
2021-04-08,113.2000,113.5895,112.1505,112.5215,28664000,111.5325
2021-04-09,112.2720,113.6985,111.8630,113.5335,26146000,112.5356
2021-04-12,112.7060,112.8445,111.3910,112.2310,25024000,111.2446
2021-04-13,112.5495,113.1735,112.1525,112.7215,25682000,111.7308
2021-04-14,113.3715,113.3715,111.8010,112.0955,21002000,111.1103
2021-04-15,113.0975,114.8000,112.5585,114.2625,29174000,113.2582
2021-04-16,114.4620,114.7120,113.5460,114.1375,26282000,113.1343
2021-04-19,113.5090,115.2045,113.5090,114.4880,30290000,113.4817
2021-04-20,114.8745,114.9500,112.8560,113.9505,22288000,112.9490
2021-04-21,113.6025,114.0000,112.2410,113.9175,23204000,112.9163
2021-04-22,113.7700,114.4440,112.0160,112.6260,24146000,111.6361
2021-04-23,113.3500,115.3060,113.0625,114.9965,29066000,113.9858
2021-04-26,115.2260,116.2265,114.8660,115.4965,32038000,114.4814
2021-04-27,115.8815,115.9225,114.3080,114.5490,44386000,113.5422
2021-04-28,119.6250,121.5690,117.6610,117.9520,81106000,116.9153
2021-04-29,119.4615,120.2080,118.6925,119.6380,41234000,118.5865
2021-04-30,118.4010,119.0925,117.3280,117.6750,44856000,116.6407
2021-05-03,118.2455,119.0775,116.7750,117.1540,28242000,116.1243
2021-05-04,115.6775,116.2495,112.8340,115.3415,44818000,114.3277
2021-05-05,116.4315,116.7500,115.4140,115.7385,26636000,114.7212
2021-05-06,115.3165,116.8675,114.6520,116.8675,25190000,115.8403
2021-05-07,118.1945,118.5625,117.3080,117.5965,28898000,116.5629
2021-05-10,116.4070,116.5500,114.2270,114.5875,30914000,113.5804
2021-05-11,112.1535,114.0140,111.6960,113.5030,34186000,112.5054
2021-05-12,111.3095,112.3990,109.6810,110.0125,46376000,109.0456
2021-05-13,111.3060,111.9720,110.3360,111.4520,33204000,110.4724
2021-05-14,112.9270,114.2360,112.5000,113.9190,31996000,112.9177
2021-05-17,113.1785,114.4890,112.7755,114.4460,21598000,113.4401
2021-05-18,115.1175,115.3840,113.1095,113.1235,22204000,112.1292
2021-05-19,111.4215,113.7495,111.2720,113.5750,23684000,112.5768
2021-05-20,114.5500,115.6000,114.1760,115.3475,32352000,114.3337
2021-05-21,115.8705,115.9445,114.4650,114.7065,40632000,113.6983
2021-05-24,115.7445,118.2775,115.5980,118.0520,31832000,117.0144
2021-05-25,118.6000,119.2000,117.7500,118.1435,22440000,117.1051
2021-05-26,118.3260,119.4495,118.3230,119.0155,21572000,117.9694
2021-05-27,119.4525,119.4525,117.8130,118.1340,35224000,117.0957
2021-05-28,118.7210,118.8035,117.6425,117.8425,21482000,116.8068
2021-06-01,118.7220,119.2855,117.7140,119.0590,23354000,118.0126
2021-06-02,119.4575,119.6820,117.6180,118.5295,21158000,117.4877
2021-06-03,117.2865,117.8510,116.4760,117.3790,18696000,116.3473
2021-06-04,118.4635,119.9515,118.1205,119.6785,24458000,118.6266
2021-06-07,119.4720,120.2255,119.0500,120.1150,24120000,119.0593
2021-06-08,120.6005,120.9760,119.7390,119.9220,24240000,118.8680
2021-06-09,120.5715,120.6440,119.8450,120.3970,17942000,119.3388
2021-06-10,120.3460,121.8000,120.1890,121.7565,25904000,120.6863
2021-06-11,122.0000,122.0860,120.9480,121.5100,21958000,120.4420
2021-06-14,121.6130,122.4460,120.9000,122.4455,22098000,121.3693
2021-06-15,122.4500,122.7755,121.0560,121.4195,21562000,120.3523
2021-06-16,121.5720,121.8860,119.4700,120.7725,26472000,119.7110
2021-06-17,120.6975,122.5225,120.5000,121.7435,25842000,120.6735
2021-06-18,121.3670,121.6030,120.0150,120.1110,46116000,119.0553
2021-06-21,120.5005,122.0000,119.8985,121.8125,27414000,120.7419
2021-06-22,121.7500,122.4000,121.0640,122.3305,22390000,121.2553
2021-06-23,122.0935,123.0955,121.8345,122.1270,19148000,121.0536
2021-06-24,122.7000,123.0555,122.3000,122.5000,21362000,121.4233
2021-06-25,122.0000,122.6330,121.5650,122.5085,34594000,121.4317
2021-06-28,122.6785,122.7850,121.4055,122.5360,28526000,121.4590
2021-06-29,122.6705,123.0210,121.6910,122.2725,23108000,121.1978
2021-06-30,121.9945,122.2570,121.3545,122.0895,24474000,121.0164
2021-07-01,121.7250,122.5870,121.5315,122.4445,18110000,121.3683
2021-07-02,123.1500,125.4040,123.0595,125.2575,25982000,124.1566
2021-07-06,125.6485,126.4280,124.5825,126.1900,26404000,125.0809
2021-07-07,127.1620,127.2840,126.1530,126.4740,24060000,125.3624
2021-07-08,124.0260,125.5955,124.0220,125.0440,23790000,123.9450
2021-07-09,125.0250,125.7345,124.5515,125.5185,18632000,124.4153
2021-07-12,126.1780,127.0695,125.6110,126.9755,17668000,125.8595
2021-07-13,127.0385,128.0575,126.6745,127.3415,19240000,126.2223
2021-07-14,127.9580,129.3265,127.9145,128.2370,23742000,127.1099
2021-07-15,128.6490,128.7000,126.5300,127.0050,24218000,125.8887
2021-07-16,127.6630,127.8115,126.1535,126.9700,20424000,125.8540
2021-07-19,126.0895,126.2050,123.5050,124.5780,27968000,123.4830
2021-07-20,125.5275,127.0430,124.3505,126.2095,26312000,125.1002
2021-07-21,126.1335,127.5960,126.0235,127.5490,20746000,126.4279
2021-07-22,127.8440,128.4830,127.4990,128.4215,14302000,127.2928
2021-07-23,130.4305,133.3990,129.8005,133.0150,41506000,131.8459
2021-07-26,133.3285,134.2370,132.3015,134.0350,30572000,132.8569
2021-07-27,134.2505,134.3990,130.1040,131.9000,54710000,130.7407
2021-07-28,136.3120,138.2970,135.2775,136.0940,95130000,134.8978
2021-07-29,136.1500,136.6610,135.5430,135.7775,31716000,134.5841
2021-07-30,135.0350,135.3045,134.2550,134.7265,25576000,133.5424
2021-08-02,135.1170,135.3365,133.7940,134.8545,21634000,133.6692
2021-08-03,135.1350,135.7320,133.3195,135.6300,20762000,134.4379
2021-08-04,135.3495,135.6495,134.4870,135.1255,19676000,133.9378
2021-08-05,135.6805,136.3500,134.8460,136.2515,17870000,135.0540
2021-08-06,136.0420,136.4725,135.2100,135.7385,20488000,134.5454
2021-08-09,135.9425,137.1840,135.3395,136.9130,17760000,135.7096
2021-08-10,137.3420,137.7725,136.3645,136.8070,19414000,135.6046
2021-08-11,137.1815,137.6825,136.2715,136.2790,15352000,135.0812
2021-08-12,135.9755,137.3000,135.4255,137.1940,16506000,135.9882
2021-08-13,137.2500,137.8565,137.0330,137.7275,15948000,136.5170
2021-08-16,137.5250,138.3625,135.2990,138.3095,22384000,137.0938
2021-08-17,137.7500,138.2655,136.0820,136.6615,21716000,135.4604
2021-08-18,136.5000,137.1045,135.3215,135.4490,19258000,134.2585
2021-08-19,134.4355,136.3525,134.2500,135.6800,21782000,134.4875
2021-08-20,136.0000,137.5540,135.2500,137.4295,31194000,136.2216
2021-08-23,137.9695,140.8745,137.6075,140.0415,28454000,138.8106
2021-08-24,140.6115,142.0800,140.3385,141.2615,19268000,140.0199
2021-08-25,141.6250,142.1895,141.3760,142.0790,15848000,140.8302
2021-08-26,141.7500,142.4175,141.3570,141.4405,20610000,140.1973
2021-08-27,141.6525,144.5125,141.4970,144.0040,28780000,142.7383
2021-08-30,144.4000,145.9705,144.1630,144.5905,24434000,143.3196
2021-08-31,145.1470,145.1715,144.2810,144.6975,22448000,143.4257
2021-09-01,145.0000,146.2540,144.8835,145.2155,21936000,143.9392
2021-09-02,145.2160,145.5195,143.1850,143.2870,32342000,142.0276
2021-09-03,143.0805,144.1550,142.4005,143.7395,19850000,142.4761
2021-09-07,143.8345,144.5650,143.6190,144.2805,20124000,143.0124
2021-09-08,144.1000,144.4000,143.0000,143.6910,18344000,142.4280
2021-09-09,143.8405,144.3105,143.1775,143.5410,15314000,142.2794
2021-09-10,144.2125,144.7185,140.7380,140.8760,36840000,139.6378
2021-09-13,141.9495,142.9500,141.2500,142.3325,22094000,141.0815
2021-09-14,142.9955,143.3630,141.7500,142.5445,19674000,141.2916
2021-09-15,142.7715,144.4505,141.3475,144.4295,27408000,143.1601
2021-09-16,143.9505,144.3000,142.4015,143.6100,26190000,142.3477
2021-09-17,143.0305,143.4500,140.4700,140.8000,53384000,139.5625
2021-09-20,138.1615,139.0000,136.3220,138.7195,46518000,137.5002
2021-09-21,139.7495,140.0115,138.2780,139.0330,25332000,137.8110
2021-09-22,139.3040,140.8870,138.5515,140.2835,25056000,139.0505
2021-09-23,140.9875,141.6965,140.4015,141.2160,20952000,139.9748
2021-09-24,140.5385,142.3305,140.2410,142.2150,22984000,140.9650
2021-09-27,140.8045,141.9385,140.0675,141.0720,21882000,139.8321
2021-09-28,138.6550,139.0965,135.3600,135.8300,45772000,134.6361
2021-09-29,136.9800,137.1510,133.8650,134.3535,30848000,133.1726
2021-09-30,134.2615,135.5425,133.5560,133.6760,37996000,132.5011
2021-10-01,134.4475,136.9105,134.0730,136.5430,35360000,135.3429
2021-10-04,135.9605,135.9605,131.0500,133.6595,51202000,132.4847
2021-10-05,134.0410,137.2245,134.0410,136.0230,32404000,134.8275
2021-10-06,134.7500,137.7500,134.5500,137.5650,24364000,136.3559
2021-10-07,138.8920,140.0420,138.6510,139.2250,25110000,138.0013
2021-10-08,139.5770,140.3310,139.2175,139.7855,26526000,138.5569
2021-10-11,139.2920,140.7120,138.8590,138.9140,17954000,137.6931
2021-10-12,139.4800,139.5070,135.7600,136.4490,36332000,135.2497
2021-10-13,137.4025,138.0000,136.5190,137.5820,19654000,136.3727
2021-10-14,139.4740,141.3375,138.8250,141.1510,31894000,139.9104
2021-10-15,141.6145,141.7180,140.7550,141.3680,30274000,140.1255
2021-10-18,141.0765,142.7960,141.0695,142.7780,20396000,141.5231
2021-10-19,143.3875,143.6625,142.6000,143.2370,20164000,141.9780
2021-10-20,143.3380,143.5460,141.3765,141.7690,23288000,140.5229
2021-10-21,141.7690,142.1560,140.5000,141.8860,26292000,140.6389
2021-10-22,139.1500,140.5830,136.0560,137.5665,50588000,136.3574
2021-10-25,137.5500,138.0000,135.4240,137.4470,34412000,136.2390
2021-10-26,139.2635,140.0830,138.3045,139.3085,49236000,138.0841
2021-10-27,139.4050,148.6500,139.4050,146.2175,85782000,144.9323
2021-10-28,147.1345,147.1580,144.6270,145.8490,36206000,144.5671
2021-10-29,145.0780,148.2420,144.6495,148.0460,43320000,146.7448
2021-11-01,148.0460,148.0460,143.2255,143.4970,46924000,142.2358
2021-11-02,144.5795,146.6090,144.3355,145.4325,33482000,144.1543
2021-11-03,145.9005,146.6690,144.5910,146.5980,27494000,145.3095
2021-11-04,147.1245,149.7335,146.3080,148.2675,38412000,146.9643
2021-11-05,149.1695,150.3275,148.1970,148.8520,38354000,147.5437
2021-11-08,149.8250,150.6150,148.4305,149.0310,23052000,147.7211
2021-11-09,149.2330,149.8345,147.2450,148.9185,19530000,147.6096
2021-11-10,147.5000,148.0700,144.5375,145.8935,29970000,144.6112
2021-11-11,146.4895,147.5355,145.6005,145.7665,16518000,144.4853
2021-11-12,146.6155,148.8500,145.4110,148.6780,22360000,147.3712
2021-11-15,148.9005,149.5495,147.5750,148.4520,23508000,147.1472
2021-11-16,148.1495,148.7625,147.3125,147.8760,18904000,146.5763
2021-11-17,148.0275,148.5595,147.2400,148.0470,19594000,146.7458
2021-11-18,148.2415,150.5805,147.8845,149.8385,35608000,148.5215
2021-11-19,149.9755,150.9665,148.8990,148.9265,33682000,147.6175
2021-11-22,149.3325,149.8295,146.1475,146.3020,30594000,145.0161
2021-11-23,146.1530,146.6600,144.1150,145.7820,27218000,144.5007
2021-11-24,145.4735,146.2495,144.3730,146.1200,18040000,144.8357
2021-11-26,144.3485,144.5575,141.8425,142.1830,30470000,140.9333
2021-11-29,144.0000,146.2975,143.8935,145.5305,32596000,144.2514
2021-11-30,145.0085,146.0000,141.6015,141.8975,42068000,140.6503
2021-12-01,144.0000,145.9505,140.9120,141.0515,34020000,139.8118
2021-12-02,141.2500,143.8645,140.2145,142.9660,29194000,141.7094
2021-12-03,143.6810,144.4000,140.3010,142.0015,41230000,140.7534
2021-12-06,143.0405,143.8525,140.1500,143.1550,30618000,141.8968
2021-12-07,145.5965,147.5310,145.2275,147.2695,32240000,145.9751
2021-12-08,147.5965,148.3930,146.4060,148.1865,24270000,146.8840
2021-12-09,147.5910,149.1000,147.1150,147.6385,23270000,146.3409
2021-12-10,148.7000,148.9775,146.7040,148.0015,24458000,146.7007
2021-12-13,147.7815,147.9700,145.5175,145.8265,27070000,144.5448
2021-12-14,143.9680,144.4800,141.2150,143.9070,38446000,142.6422
2021-12-15,143.4090,146.7210,141.6780,146.4410,36370000,145.1539
2021-12-16,147.1705,147.6770,143.6070,144.4450,33650000,143.1754
2021-12-17,142.5000,143.8345,141.3000,141.7250,50416000,140.4794
2021-12-20,140.0000,141.7745,139.3210,141.6070,27192000,140.3624
2021-12-21,142.0535,143.8690,140.5025,143.4725,28756000,142.2115
2021-12-22,143.0675,146.5000,143.0675,146.4150,26322000,145.1281
2021-12-23,146.5000,148.2435,146.4520,146.9165,26384000,145.6252
2021-12-27,147.2560,148.3440,147.1695,147.9065,15976000,146.6065
2021-12-28,148.2360,148.2990,146.0545,146.6870,18200000,145.3977
2021-12-29,146.6445,147.4170,145.6475,146.6550,17788000,145.3660
2021-12-30,146.6940,147.3000,145.9945,146.2005,15688000,144.9155
2021-12-31,146.0500,146.6985,144.8520,144.8520,18136000,143.5789
2022-01-03,145.0550,145.8510,143.7130,144.9915,28646000,143.7171
2022-01-04,145.3960,146.4850,143.7165,144.3995,28400000,143.1303
2022-01-05,144.4200,144.4995,137.6880,137.7750,54618000,136.5641
2022-01-06,136.9985,139.9400,136.5585,137.7475,37348000,136.5368
2022-01-07,138.1455,138.4485,135.7665,137.0170,29760000,135.8127
2022-01-10,135.0780,138.8195,133.1645,138.6695,44408000,137.4507
2022-01-11,138.0070,140.2160,136.6925,139.7360,28730000,138.5078
2022-01-12,141.1500,142.6080,140.6945,141.4305,26108000,140.1874
2022-01-13,141.5400,142.8500,138.4090,138.5870,31436000,137.3689
2022-01-14,137.0790,140.7420,136.9985,139.4805,29662000,138.2546
2022-01-18,136.1750,137.1315,135.4385,135.9980,34872000,134.8027
2022-01-19,136.5235,137.9595,135.0155,135.1165,28648000,133.9289
2022-01-20,136.2500,137.6260,132.9645,133.3075,29908000,132.1358
2022-01-21,132.5935,134.8655,130.0865,130.3515,55652000,129.2058
2022-01-24,125.9780,131.2030,124.5000,130.8040,76622000,129.6543
2022-01-25,128.7400,129.3990,126.5005,126.9350,46960000,125.8193
2022-01-26,131.1190,133.0000,127.1420,129.2330,49130000,128.0971
2022-01-27,131.3040,132.6525,128.9325,129.0050,31950000,127.8711
2022-01-28,129.6590,133.3565,128.4850,133.3510,34362000,132.1789
2022-01-31,134.1620,135.4730,132.2095,135.3035,39986000,134.1143
2022-02-01,137.5945,137.7930,134.3685,137.6440,68644000,136.4342
2022-02-02,151.2500,151.5465,145.5225,148.0000,123200000,146.6992
2022-02-03,145.7055,149.6750,142.6655,143.0900,71518000,141.8323
2022-02-04,143.4445,144.8750,140.5150,143.2930,57998000,142.0336
2022-02-07,144.2500,144.2500,138.9000,139.2010,54974000,137.9775
2022-02-08,139.0265,140.0000,137.0140,139.3990,54284000,138.1738
2022-02-09,140.9635,142.5245,140.1870,141.5920,40144000,140.3475
2022-02-10,139.7035,141.4845,137.9570,138.6200,39330000,137.4016
2022-02-11,138.6000,139.1565,133.4000,134.2825,39958000,133.1022
2022-02-14,133.2565,136.3000,133.2565,135.5260,34302000,134.3348
2022-02-15,137.5705,138.1085,135.8215,136.6085,26680000,135.4078
2022-02-16,136.6465,138.0860,134.9240,137.7380,25022000,136.5274
2022-02-17,136.2430,137.1135,132.4785,132.5390,38950000,131.3741
2022-02-18,133.4670,134.0700,130.1965,130.4030,45620000,129.2569
2022-02-22,129.8380,132.1805,128.2235,129.8135,44990000,128.6725
2022-02-23,131.6485,132.0510,127.5275,127.5880,32786000,126.4666
2022-02-24,124.9535,133.0000,124.9535,132.6910,54456000,131.5247
2022-02-25,133.5520,135.2715,131.7515,134.4595,36406000,133.2777
2022-02-28,133.0500,135.7515,132.5925,135.0570,38864000,133.8699
2022-03-01,134.8785,136.2555,133.2185,134.0615,26496000,132.8832
2022-03-02,134.6280,135.2625,133.0715,134.5715,23520000,133.3887
2022-03-03,136.0100,136.4395,133.0255,133.8995,24604000,132.7226
2022-03-04,132.9275,133.8515,130.3375,131.9065,30430000,130.7471
2022-03-07,131.4880,131.7350,126.2950,126.3785,45112000,125.2677
2022-03-08,126.2500,131.2500,125.6745,127.1045,40428000,125.9873
2022-03-09,131.2500,133.7355,129.9005,133.4200,37026000,132.2473
2022-03-10,131.2660,133.2720,130.9125,132.4295,27102000,131.2655
2022-03-11,133.4885,133.7955,129.6315,129.8705,31526000,128.7290
2022-03-14,130.2500,130.4090,125.2750,125.9510,38812000,124.8440
2022-03-15,126.9760,129.8545,125.7205,129.1980,30920000,128.0624
2022-03-16,130.7330,133.3330,128.7345,133.2805,35576000,132.1091
2022-03-17,133.1490,134.0805,132.1850,133.8390,28264000,132.6627
2022-03-18,133.4245,136.2440,132.2585,136.1255,44566000,134.9291
2022-03-21,136.1635,137.0500,134.0925,136.1015,26832000,134.9053
2022-03-22,136.1015,141.0500,136.1015,139.8680,35496000,138.6387
2022-03-23,138.7025,139.5885,137.8350,138.2755,25154000,137.0602
2022-03-24,139.2000,141.6190,137.7505,141.5720,26396000,140.3277
2022-03-25,141.9160,142.0350,139.7375,141.6730,24126000,140.4278
2022-03-28,140.9005,142.0025,139.8115,141.4555,35050000,140.2122
2022-03-29,142.6475,143.7935,142.0385,142.5055,34318000,141.2530
2022-03-30,142.4600,142.7205,141.6000,141.9385,19884000,140.6910
2022-03-31,142.0530,142.1080,139.0245,139.0675,37524000,137.8452
2022-04-01,139.5000,140.4710,138.3075,140.1505,25942000,138.9187
2022-04-04,140.3585,143.7120,140.3105,142.9715,25942000,141.7149
2022-04-05,142.8690,142.9905,140.3825,140.5910,21418000,139.3553
2022-04-06,138.7500,139.3605,135.5170,136.5480,32468000,135.3478
2022-04-07,136.0100,137.1645,134.2275,135.8885,26234000,134.6942
2022-04-08,135.5835,135.6700,132.9655,133.2875,25142000,132.1160
2022-04-11,131.8235,132.0925,128.6685,128.8235,36884000,127.6912
2022-04-12,131.6000,131.6000,126.7890,127.7145,32710000,126.5920
2022-04-13,128.0000,130.3340,127.7410,129.8940,27928000,128.7523
2022-04-14,130.4795,130.4795,126.6010,126.7300,31598000,125.6161
2022-04-18,127.0000,128.2125,126.1820,127.6765,20808000,126.5543
2022-04-19,127.6915,130.3330,126.9995,130.0090,26490000,128.8663
2022-04-20,130.8920,131.3990,127.5000,128.0400,31696000,126.9146
2022-04-21,129.2500,130.0985,124.5265,124.8145,36446000,123.7175
2022-04-22,125.0000,125.4020,118.9250,119.6355,56884000,118.5840
2022-04-25,119.1010,123.2775,118.5110,123.0740,46128000,121.9923
2022-04-26,122.2945,122.5100,118.5110,118.6500,73054000,117.6072
2022-04-27,114.4695,117.2420,112.7365,114.2945,91820000,113.2899
2022-04-28,116.4150,119.6495,114.1150,118.5225,48884000,117.4808
2022-04-29,116.7345,117.9200,113.8145,114.1095,42676000,113.1066
2022-05-02,113.4050,116.7455,112.6000,116.5830,35534000,115.5583
2022-05-03,116.4305,118.4420,116.0345,117.3340,24968000,116.3027
2022-05-04,117.0315,122.8545,115.1160,122.2610,49916000,121.1864
2022-05-05,120.2040,121.0390,115.0055,116.5055,45840000,115.4815
2022-05-06,115.1845,117.5715,114.0155,115.7465,39710000,114.7292
2022-05-09,113.2500,115.0770,112.0005,112.5110,40802000,111.5221
2022-05-10,115.5075,116.2500,112.9005,114.3950,39900000,113.3896
2022-05-11,113.2365,116.3645,113.2365,113.6025,37534000,112.6040
2022-05-12,111.3775,114.2950,109.8245,112.8440,53836000,111.8522
2022-05-13,114.5330,117.8750,113.6050,116.0505,35038000,115.0305
2022-05-16,114.9555,116.1700,113.8895,114.4450,25990000,113.4391
2022-05-17,116.8405,116.9000,114.8700,116.4730,23054000,115.4493
2022-05-18,115.0000,115.4000,111.5555,111.8995,35126000,110.9160
2022-05-19,111.4315,113.0100,110.0000,110.3840,34144000,109.4138
2022-05-20,111.9510,112.1835,105.7965,108.9080,48962000,107.9508
2022-05-23,109.5875,112.1475,108.7410,111.4880,37184000,110.5081
2022-05-24,105.7720,106.4585,101.8845,105.9700,76780000,105.0386
2022-05-25,104.9855,106.5000,103.8565,105.8050,40258000,104.8750
2022-05-26,105.6770,108.6495,105.2250,107.7925,37948000,106.8451
2022-05-27,109.4830,112.3180,109.1385,112.3165,37914000,111.3293
2022-05-31,112.7465,115.7350,112.0785,113.7620,50012000,112.7621
2022-06-01,114.8550,117.1015,113.2500,113.8920,36606000,112.8910
2022-06-02,114.0000,117.8995,112.9465,117.6225,37992000,116.5887
2022-06-03,116.0625,116.3215,113.5185,114.5410,26136000,113.5343
2022-06-06,116.7045,119.3470,116.1640,116.8205,33542000,115.7937
2022-06-07,115.4805,117.6910,115.0520,117.1495,31590000,116.1198
2022-06-08,116.7615,118.5705,116.6000,117.1940,26108000,116.1640
2022-06-09,116.3275,118.2990,114.7760,114.8355,25798000,113.8262
2022-06-10,112.4450,113.2790,110.3660,111.1615,41452000,110.1845
2022-06-13,106.7865,108.7915,106.1190,106.3925,47252000,105.4574
2022-06-14,106.5350,107.9245,105.8000,106.7155,33706000,105.7775
2022-06-15,108.5450,111.4235,107.6695,109.7645,39698000,108.7998
2022-06-16,107.2210,108.6485,105.1380,106.0335,51684000,105.1015
2022-06-17,106.0335,108.6995,105.0460,107.1435,51376000,106.2018
2022-06-21,108.9295,112.4895,108.6000,111.5440,47416000,110.5636
2022-06-22,110.5565,113.3465,110.3825,111.4875,30774000,110.5076
2022-06-23,112.2315,112.7425,110.5005,112.2420,28362000,111.2555
2022-06-24,112.9950,118.0790,112.9525,117.9750,41164000,116.9381
2022-06-27,118.2730,118.5795,115.1795,115.8335,36420000,114.8154
2022-06-28,115.8025,117.3095,111.8480,112.0075,35792000,111.0230
2022-06-29,111.5520,113.1605,110.8725,111.7015,24716000,110.7197
2022-06-30,110.0000,110.8880,106.7500,108.9630,43170000,108.0053
2022-07-01,107.9330,109.2500,106.7305,108.7375,35476000,107.7818
2022-07-05,107.1005,113.3770,105.7315,113.2630,39342000,112.2675
2022-07-06,113.3020,115.5895,111.4760,114.5720,37432000,113.5650
2022-07-07,115.0800,119.1895,114.8335,118.7830,40936000,117.7390
2022-07-08,117.2500,119.6850,116.9015,119.3535,38238000,118.3045
2022-07-11,117.9980,117.9980,115.3305,115.6765,31196000,114.6598
2022-07-12,116.2150,116.9740,113.6900,114.0205,29960000,113.0183
2022-07-13,111.7010,114.1960,111.2015,111.3535,43722000,110.3748
2022-07-14,110.2105,111.0930,108.3730,110.3675,37004000,109.3974
2022-07-15,112.0005,113.1405,110.9000,111.7775,46770000,110.7951
2022-07-18,112.6400,113.6800,108.3700,109.0300,43164600,108.0717
2022-07-19,110.8500,114.0200,109.5600,113.8100,36530900,112.8097
2022-07-20,113.1700,115.4000,112.4800,113.9000,35600400,112.8989
2022-07-21,114.2800,114.5500,111.1100,114.3400,32676200,113.3350
2022-07-22,111.0000,112.3400,106.5000,107.9000,48901200,106.9516
2022-07-25,108.4100,109.8700,106.3000,107.5100,34690900,106.5651
2022-07-26,106.6000,107.2000,104.0700,105.0200,47991000,104.0969
2022-07-27,109.2600,113.9100,108.0100,113.0600,59858500,112.0663
2022-07-28,112.3700,114.3400,111.4600,114.2200,32816600,113.2161
2022-07-29,113.0800,116.7100,113.0600,116.3200,37223400,115.2976
2022-08-01,115.3000,116.7200,114.3400,114.8600,26034300,113.8505
2022-08-02,114.0000,116.3500,113.7200,115.1300,20236000,114.1181
2022-08-03,115.7100,118.6200,115.4800,118.0800,28499000,117.0422
2022-08-04,117.4800,118.7800,116.8900,118.1900,21602900,117.1512
2022-08-05,116.2300,118.1100,116.0000,117.4700,19159500,116.4375
2022-08-08,118.3900,120.1500,116.8800,117.3000,19138300,116.2690
2022-08-09,117.1400,117.3200,115.7100,116.6300,19086500,115.6049
2022-08-10,118.7800,120.9200,118.4100,119.7000,30930400,118.6479
2022-08-11,121.2800,121.4900,118.5600,118.8400,24293700,117.7955
2022-08-12,120.2600,121.6800,119.4600,121.6800,19096300,120.6105
2022-08-15,121.1300,122.3000,120.6100,122.0800,19494800,121.0070
2022-08-16,121.5200,122.4300,120.6400,121.7000,19041200,120.6304
2022-08-17,120.1200,121.2900,119.3800,119.5500,22847000,118.4992
2022-08-18,119.4300,120.8200,118.7200,120.1700,17987700,119.1138
2022-08-19,119.0600,119.1500,116.7600,117.2100,21809500,116.1798
2022-08-22,115.2000,115.6300,113.8500,114.2400,21456600,113.2359
2022-08-23,113.4800,115.0100,113.4300,113.8600,15870400,112.8593
2022-08-24,113.5000,114.7800,112.8700,113.6900,17734600,112.6908
2022-08-25,114.2400,116.7200,114.1100,116.6500,16956800,115.6247
2022-08-26,114.7200,115.1200,110.1900,110.3400,37245700,109.3702
2022-08-29,109.9900,110.9500,108.8000,109.4200,21191200,108.4583
2022-08-30,110.1700,110.5000,107.8000,108.9400,27513300,107.9825
2022-08-31,110.6500,110.8500,108.1300,108.2200,28627000,107.2688
2022-09-01,108.2800,110.4500,107.3600,109.7400,28360900,108.7755
2022-09-02,110.5900,110.7400,107.2600,107.8500,24160700,106.9021
2022-09-06,107.3000,108.0300,105.7800,106.8100,25068300,105.8712
2022-09-07,107.0600,109.9800,106.9000,109.4500,23167000,108.4880
2022-09-08,108.0400,109.6000,107.1600,108.3800,24238300,107.4274
2022-09-09,109.0700,110.9900,109.0200,110.6500,23197700,109.6775
2022-09-12,110.9900,111.6200,109.9300,110.8600,22966800,109.8856
2022-09-13,107.8000,108.3000,104.0900,104.3200,38172900,103.4031
2022-09-14,104.5700,105.2800,103.6600,105.0000,26395100,104.0771
2022-09-15,104.0300,105.2700,102.3500,102.9100,34188300,102.0055
2022-09-16,102.0700,103.1300,100.9400,102.8000,42797200,101.8964
2022-09-19,101.7500,103.3300,101.5500,103.0700,23036800,102.1641
2022-09-20,102.0800,102.3700,100.5200,101.1400,26517100,100.2511
2022-09-21,101.6700,102.8800,99.2700,99.2800,31487300,98.4074
2022-09-22,98.8200,101.2400,98.7900,100.1400,34298600,99.2598
2022-09-23,99.6300,99.6600,97.4700,98.7400,31625400,97.8721
2022-09-26,98.1000,99.8800,97.8000,98.1700,27072700,97.3072
2022-09-27,99.4300,100.0000,96.8700,97.5000,30072800,96.6431
2022-09-28,97.6500,100.7000,97.1100,100.0500,32466300,99.1706
2022-09-29,98.6400,98.6400,95.9600,97.4200,31047200,96.5638
2022-09-30,97.0500,98.9000,95.5600,95.6500,32941500,94.8093
2022-10-03,96.7600,99.2900,96.5200,98.6400,27982000,97.7730
2022-10-04,100.4400,101.8400,100.3800,101.6400,28850800,100.7467
2022-10-05,99.8300,101.9300,98.8000,101.4300,22176900,100.5385
2022-10-06,100.6800,102.9300,100.5900,101.4200,22324000,100.5286
2022-10-07,99.8500,100.5300,98.3000,98.6800,27502800,97.8127
2022-10-10,99.0000,99.1000,97.0100,97.8600,18225100,96.9999
2022-10-11,97.4300,99.2500,96.3100,97.1800,26507100,96.3259
2022-10-12,97.3000,98.7500,96.7400,97.5600,21876400,96.7025
2022-10-13,95.1500,99.7800,94.3800,99.0600,34574500,98.1893
2022-10-14,99.9900,100.6900,96.3700,96.5600,25410700,95.7113
2022-10-17,98.8600,100.9300,98.8300,99.9700,28419200,99.0913
2022-10-18,103.1300,103.4700,99.9700,100.7700,24060700,99.8843
2022-10-19,100.0100,101.0200,98.9200,99.6300,23811100,98.7543
2022-10-20,100.0000,102.3200,99.3900,99.9700,25323200,99.0913
2022-10-21,97.8500,101.3100,97.7200,101.1300,32458700,100.2411
2022-10-24,101.8000,102.7500,99.9800,102.5200,27176400,101.6189
2022-10-25,102.9000,104.8200,102.7200,104.4800,40611400,103.5617
2022-10-26,96.4300,98.3100,94.6900,94.9300,88114100,94.0956
2022-10-27,94.5200,95.4300,91.8000,92.2200,60710900,91.4094
2022-10-28,92.2700,96.5500,92.1300,96.2900,43697300,95.4437
2022-10-31,95.4200,96.0300,93.9800,94.5100,31675000,93.6793
2022-11-01,95.4500,96.0300,90.3700,90.4700,47161400,89.6748
2022-11-02,90.9400,91.1800,86.8800,86.9700,57038300,86.2056
2022-11-03,86.3200,86.5200,83.3400,83.4300,61288000,82.6967
2022-11-04,85.4000,86.6400,83.7100,86.5800,51124900,85.8190
2022-11-07,87.2800,88.9000,86.8500,88.4900,34078900,87.7122
2022-11-08,88.9000,90.3200,87.5900,88.9000,30429000,88.1186
2022-11-09,88.4500,89.4400,87.2800,87.3200,31769100,86.5525
2022-11-10,92.2500,94.3900,91.6100,93.9400,51620100,93.1143
2022-11-11,94.6900,96.9300,93.9200,96.4100,33090500,95.5626
2022-11-14,95.0900,96.7900,94.5100,95.7000,30179500,94.8589
2022-11-15,98.2600,100.1400,96.7100,98.4400,41640800,97.5748
2022-11-16,97.9000,99.6400,97.6400,98.8500,29105200,97.9812
2022-11-17,96.9700,99.2800,96.7900,98.3600,26052600,97.4955
2022-11-18,98.7700,98.9000,96.3700,97.4300,28342300,96.5737
2022-11-21,97.2900,98.4000,95.3600,95.6000,21647400,94.7597
2022-11-22,95.9500,97.2200,94.0500,97.0500,23438500,96.1970
2022-11-23,97.0900,98.7600,97.0900,98.4600,18868100,97.5946
2022-11-25,98.2400,98.6400,97.4000,97.4600,9701400,96.6034
2022-11-28,97.0400,97.5800,95.6100,96.0500,26237500,95.2058
2022-11-29,95.7300,96.1200,94.1100,95.1900,20061700,94.3533
2022-11-30,94.8200,101.0400,94.4200,100.9900,43647500,100.1024
2022-12-01,101.0200,102.2500,100.2500,100.9900,28687100,100.1024
2022-12-02,99.0500,100.7700,98.9000,100.4400,21480700,99.5572
2022-12-05,99.4000,101.3800,99.0000,99.4800,24405100,98.6056
2022-12-06,99.3000,99.7800,96.4200,96.9800,24910700,96.1276
2022-12-07,96.4100,96.8800,94.7200,94.9400,31045400,94.1056
2022-12-08,95.3800,95.5800,93.4500,93.7100,32213300,92.8863
2022-12-09,93.7700,94.2600,92.7500,92.8300,28225400,92.0141
2022-12-12,92.7100,93.5600,91.6100,93.3100,29420000,92.4899
2022-12-13,97.7600,99.5300,95.0300,95.6300,40593700,94.7895
2022-12-14,95.2000,96.8700,93.6000,95.0700,28733600,94.2344
2022-12-15,93.1300,93.6400,90.0100,90.8600,40107000,90.0614
2022-12-16,90.7600,91.3300,89.5200,90.2600,58011800,89.4667
2022-12-19,90.2600,90.5600,88.2100,88.4400,29493000,87.6627
2022-12-20,88.1100,89.1800,87.4400,89.0200,23453800,88.2376
2022-12-21,89.0800,90.2200,88.3200,89.5800,24745600,88.7926
2022-12-22,88.1600,88.5400,86.3200,87.7600,27658300,86.9887
2022-12-23,87.1100,89.5500,87.0700,89.2300,23003000,88.4457
2022-12-27,88.8000,88.9400,87.0100,87.3900,20097300,86.6219
2022-12-28,86.9800,88.0400,85.9400,86.0200,19523200,85.2639
2022-12-29,86.6200,88.8500,86.6100,88.4500,23333500,87.6726
2022-12-30,86.9800,88.3000,86.5700,88.2300,23986300,87.4545
2023-01-03,89.5900,91.0500,88.5200,89.1200,28131200,88.3367
2023-01-04,90.3500,90.6500,87.2700,88.0800,34854800,87.3058
2023-01-05,87.4700,87.5700,85.9000,86.2000,27194400,85.4424
2023-01-06,86.7900,87.6900,84.8600,87.3400,41381500,86.5723
2023-01-09,88.3600,90.0500,87.8600,88.0200,29003900,87.2464
2023-01-10,85.9800,88.6700,85.8300,88.4200,30467800,87.6428
2023-01-11,89.1800,91.6000,89.0100,91.5200,26862000,90.7156
2023-01-12,91.4800,91.8700,89.7500,91.1300,30258100,90.3290
2023-01-13,90.8500,92.1900,90.1300,92.1200,26329200,91.3103
2023-01-17,92.0600,92.2500,90.0500,91.2900,32602400,90.4876
2023-01-18,92.1400,92.8000,90.6400,91.1200,29116700,90.3191
2023-01-19,90.7200,93.6100,90.6300,93.0500,37000400,92.2322
2023-01-20,95.1000,98.3000,95.0200,98.0200,63191100,97.1585
2023-01-23,97.9500,100.0400,97.5000,99.7900,40005100,98.9129
2023-01-24,98.1000,99.6100,97.2000,97.7000,33078500,96.8413
2023-01-25,95.5700,96.1600,93.7600,95.2200,42330000,94.3831
2023-01-26,96.5000,97.5700,95.3800,97.5200,30114000,96.6629
2023-01-27,97.3100,100.3200,97.3100,99.3700,33879800,98.4966
2023-01-30,97.4800,98.2900,96.4000,96.9400,27226200,96.0880
2023-01-31,96.8700,98.8800,96.8200,98.8400,29870700,97.9713
2023-02-01,98.7100,101.1900,97.5800,100.4300,35531100,99.5473
2023-02-02,105.8000,107.8500,105.6100,107.7400,69883800,106.7930
2023-02-03,102.9300,107.8100,102.5800,104.7800,65309300,103.8591
2023-02-06,102.4000,104.3600,101.8800,102.9000,31999600,101.9956
2023-02-07,103.2200,108.1800,103.1200,107.6400,49010200,106.6939
2023-02-08,102.0500,103.1400,98.0400,99.3700,94743500,98.4966
2023-02-09,100.0000,100.0300,93.6300,95.0100,119455000,94.1749
2023-02-10,95.4500,96.7500,94.2500,94.5700,54980700,93.7388
2023-02-13,94.7400,95.2000,93.8400,94.6100,50076100,93.7785
2023-02-14,94.4300,94.8500,92.2600,94.6800,54726100,93.8478
2023-02-15,94.4900,97.1200,94.1500,96.9400,50169000,96.0880
2023-02-16,95.3700,97.6800,94.7400,95.5100,42462600,94.6705
2023-02-17,94.8500,95.5600,93.2100,94.3500,34284100,93.5207
2023-02-21,93.0000,93.1000,91.7200,91.7900,33629300,90.9832
2023-02-22,91.7000,92.1100,90.6100,91.6500,30884000,90.8445
2023-02-23,91.9200,91.9400,89.7600,90.8900,41206400,90.0911
2023-02-24,89.4400,89.8900,88.5800,89.1300,36585100,88.3466
2023-02-27,89.8700,90.1600,89.3400,89.8700,27502300,89.0801
2023-02-28,89.3300,91.2300,89.3200,90.0600,30142000,89.2684
2023-03-01,89.9800,91.0300,89.6700,90.3600,31111200,89.5658
2023-03-02,89.6600,92.2800,89.5900,92.0000,32204400,91.1914
2023-03-03,92.4800,93.7300,92.4500,93.6500,35160100,92.8269
2023-03-06,94.0200,95.9700,94.0000,95.1300,32639300,94.2939
2023-03-07,94.9800,95.6700,93.5300,93.8600,27835500,93.0350
2023-03-08,94.1200,95.9600,94.0000,94.2500,34103300,93.4216
2023-03-09,94.0500,95.5300,91.9000,92.3200,28813500,91.5086
2023-03-10,92.1700,92.7900,90.4000,90.6300,35941000,89.8334
2023-03-13,90.0900,92.5700,89.4200,91.1100,37335600,90.3092
2023-03-14,92.5600,94.3600,92.4400,93.9700,36050200,93.1441
2023-03-15,93.2200,96.9300,92.6400,96.1100,50622100,95.2653
2023-03-16,96.2000,101.1900,95.5000,100.3200,65492000,99.4383
2023-03-17,100.2600,102.8400,100.1000,101.6200,61028500,100.7268
2023-03-20,100.1200,101.7500,99.8700,101.2200,32960400,100.3304
2023-03-21,101.2500,105.1000,101.2200,104.9200,42110300,103.9978
2023-03-22,104.2700,106.5900,103.3300,103.3700,43427400,102.4615
2023-03-23,105.0600,106.3000,104.4600,105.6000,40797800,104.6719
2023-03-24,104.9900,105.4900,103.8400,105.4400,30393300,104.5133
2023-03-27,104.6200,104.7600,101.9300,102.4600,31120900,101.5594
2023-03-28,102.4400,102.4500,99.7400,101.0300,32057900,100.1420
2023-03-29,102.2800,102.4900,100.6500,101.3900,28779600,100.4988
2023-03-30,100.9100,101.1600,99.7800,100.8900,33086200,100.0033
2023-03-31,101.3000,103.8900,101.0400,103.7300,36863400,102.8183
2023-04-03,102.3900,104.5300,101.9300,104.3600,25035400,103.4428
2023-04-04,104.3300,105.5800,104.0400,104.7200,24420100,103.7996
2023-04-05,105.7800,106.1000,103.6600,104.4700,28290500,103.5518
2023-04-06,105.2600,109.1700,104.3300,108.4200,48711500,107.4671
2023-04-10,106.9800,107.5900,105.1200,106.4400,27067400,105.5045
2023-04-11,106.5500,106.7300,104.6800,105.3500,26311800,104.4240
2023-04-12,106.5800,106.7500,104.3400,104.6400,24370300,103.7203
2023-04-13,105.8400,107.4900,105.8400,107.4300,24843600,106.4858
2023-04-14,106.8900,108.9400,106.8400,108.8700,26578000,107.9131
2023-04-17,104.6600,106.1600,104.5200,105.9700,37571200,105.0386
2023-04-18,106.4900,106.5400,104.0700,104.5000,26596400,103.5815
2023-04-19,103.5800,104.9800,103.0700,104.1800,20905700,103.2643
2023-04-20,103.9100,106.2500,103.8700,105.2900,27820800,104.3646
2023-04-21,105.4700,106.0000,104.7800,105.4100,25800100,104.4835
2023-04-24,105.4900,106.6300,104.7000,105.9700,23542800,105.0386
2023-04-25,105.8300,106.6900,103.8400,103.8500,46664100,102.9372
2023-04-26,104.9200,106.3500,102.6300,103.7100,53347600,102.7985
2023-04-27,104.4500,108.3700,103.5400,107.5900,50089200,106.6444
2023-04-28,107.0400,107.3500,105.0900,107.3400,36139800,106.3965
2023-05-01,106.8400,107.9900,106.8200,107.2000,26681700,106.2578
2023-05-02,107.1400,107.2000,103.7100,105.3200,30997200,104.3943
2023-05-03,105.5300,107.4900,104.9600,105.4100,21795400,104.4835
2023-05-04,105.4900,105.6000,103.9700,104.6900,23419500,103.7699
2023-05-05,104.8200,105.8800,104.1100,105.5700,26639300,104.6421
2023-05-08,105.1800,107.9600,105.1600,107.7700,26511400,106.8228
2023-05-09,108.3900,110.1500,107.1900,107.3500,36360100,106.4065
2023-05-10,107.9700,112.9400,107.9300,111.7500,63153400,110.7678
2023-05-11,115.4000,117.9200,114.4100,116.5700,78900000,115.5454
2023-05-12,116.6800,118.0300,116.1100,117.5100,41102300,116.4772
2023-05-15,116.1100,118.4800,116.0100,116.5100,36266800,115.4860
2023-05-16,116.4900,120.7500,116.4300,119.5100,45035600,118.4596
2023-05-17,119.6100,121.6700,118.8900,120.8400,33323600,119.7779
2023-05-18,120.9500,123.3100,120.8300,122.8300,35234200,121.7504
2023-05-19,123.5500,125.9700,122.1500,122.7600,41353400,121.6810
2023-05-22,122.9400,126.4300,122.7400,125.0500,35253000,123.9509
2023-05-23,124.1600,124.6300,122.2100,122.5600,34046300,121.4828
2023-05-24,121.1200,121.9100,119.8600,120.9000,34182600,119.8374
2023-05-25,124.5200,125.3200,121.9600,123.4800,42317000,122.3947
2023-05-26,123.1700,125.2600,122.4500,124.6100,35635900,123.5148
2023-05-30,125.6400,125.6600,122.0000,123.6700,35076700,122.5830
2023-05-31,122.7500,124.0600,122.5000,122.8700,37325800,121.7901
2023-06-01,122.8200,124.4200,122.6200,123.7200,30772700,122.6326
2023-06-02,123.9900,126.1500,123.7600,124.6700,26980100,123.5742
2023-06-05,124.0100,127.4300,123.8400,126.0100,32305500,124.9025
2023-06-06,126.0100,128.2900,125.3600,127.3100,26638300,126.1910
2023-06-07,126.9700,129.0400,122.1200,122.5000,52539000,121.4233
2023-06-08,122.2300,123.2300,121.2400,122.1400,29389200,121.0665
2023-06-09,122.2500,123.7600,121.9100,122.2300,23778300,121.1557
2023-06-12,122.7900,124.0500,121.6600,123.6400,28306400,122.5533
2023-06-13,124.9800,125.1600,123.1800,123.8300,22278300,122.7416
2023-06-14,123.1000,124.0500,121.4500,123.6700,30592300,122.5830
2023-06-15,123.1400,125.4600,122.4000,125.0900,35246300,123.9906
2023-06-16,125.9300,126.1100,123.2800,123.5300,45535600,122.4443
2023-06-20,122.9300,124.5700,122.1400,123.1000,26097500,122.0180
2023-06-21,122.4000,122.6600,120.1000,120.5500,30306300,119.4905
2023-06-22,120.0000,123.2400,118.8300,123.1500,26952200,122.0676
2023-06-23,121.3800,122.7900,121.0600,122.3400,34913600,121.2647
2023-06-26,120.7600,122.0000,118.2700,118.3400,33969900,117.2999
2023-06-27,117.0800,119.0800,116.1000,118.3300,39535900,117.2900
2023-06-28,117.0900,120.3900,116.8500,120.1800,27091400,119.1237
2023-06-29,119.2400,120.0600,118.3000,119.1000,24090900,118.0532
2023-06-30,120.1700,121.0800,119.6900,119.7000,29532200,118.6479
2023-07-03,119.2400,120.1900,118.8200,119.9000,14467900,118.8462
2023-07-05,119.2400,122.6100,119.2300,121.7500,27584800,120.6799
2023-07-06,119.8000,120.3000,118.4000,120.1100,24745200,119.0543
2023-07-07,120.1000,121.0500,119.4000,119.4800,21709500,118.4299
2023-07-10,118.3000,118.3100,116.1400,116.4500,35315200,115.4265
2023-07-11,116.2900,117.7100,115.3500,117.1400,23078800,116.1104
2023-07-12,118.8000,120.3300,118.4100,118.9300,30404400,117.8847
2023-07-13,120.9300,124.8300,120.4500,124.5400,44297900,123.4454
2023-07-14,124.8000,126.7800,123.4900,125.4200,33283100,124.3176
2023-07-17,125.9400,127.1000,124.2000,124.6500,25716200,123.5544
2023-07-18,124.6000,124.6800,122.9600,123.7600,26193600,122.6722
2023-07-19,124.6000,125.1800,121.8000,122.0300,37224000,120.9574
2023-07-20,121.4200,124.0900,118.2200,119.2000,37906800,118.1523
2023-07-21,120.6200,120.9900,118.7300,120.0200,72937900,118.9651
2023-07-24,121.6600,123.0000,120.9800,121.5300,29686100,120.4618
2023-07-25,121.3600,123.1500,121.0200,122.2100,52509600,121.1359
2023-07-26,130.0700,130.9800,128.3200,129.2700,61682100,128.1338
2023-07-27,131.6700,133.2400,128.7900,129.4000,44952100,128.2627
2023-07-28,130.7800,133.7400,130.5700,132.5800,36591200,131.4147
2023-07-31,132.7300,133.5300,131.7800,132.7200,28055500,131.5535
2023-08-01,130.7800,132.6300,130.6800,131.5500,23166800,130.3938
2023-08-02,129.4500,130.0900,127.5600,128.3800,26273300,127.2516
2023-08-03,127.9700,129.3900,127.4200,128.4500,20089500,127.3210
2023-08-04,129.2800,131.5100,127.9100,128.1100,26147200,126.9840
2023-08-07,129.1600,131.6100,129.0200,131.5300,22746300,130.3739
2023-08-08,130.6200,131.5100,129.5400,131.4000,23535200,130.2451
2023-08-09,131.6600,132.0400,129.0000,129.6600,24912900,128.5204
2023-08-10,131.3200,132.0500,129.4500,129.6900,20857800,128.5501
2023-08-11,128.6600,129.9300,128.1700,129.5600,19591100,128.4212
2023-08-14,129.3900,131.3700,128.9600,131.3300,24695600,130.1757
2023-08-15,131.1000,131.4200,129.2800,129.7800,19770700,128.6393
2023-08-16,128.7000,130.2800,127.8700,128.7000,25216100,127.5688
2023-08-17,129.8000,131.9900,129.2900,129.9200,33446300,128.7781
2023-08-18,128.5100,129.2500,126.3800,127.4600,30504800,126.3397
2023-08-21,127.1800,128.7300,126.5600,128.3700,25248700,127.2417
2023-08-22,128.5100,130.2800,128.3200,129.0800,22054900,127.9455
2023-08-23,130.1800,133.4100,129.8700,132.3700,27819700,131.2065
2023-08-24,133.9500,134.2500,129.5700,129.7800,28500700,128.6393
2023-08-25,129.5400,130.7600,127.2500,129.8800,26762900,128.7385
2023-08-28,131.3100,132.5400,130.1400,131.0100,20543300,129.8585
2023-08-29,132.2400,136.5700,132.2400,134.5700,43075600,133.3872
2023-08-30,134.7800,136.2800,134.0700,135.8800,28315800,134.6857
2023-08-31,136.0100,138.0000,135.7900,136.1700,30053800,134.9732
2023-09-01,137.4600,137.4600,134.8500,135.6600,21543700,134.4677
2023-09-05,135.4400,136.4200,134.5800,135.7700,19403100,134.5767
2023-09-06,136.0200,136.5300,133.6700,134.4600,18684500,133.2782
2023-09-07,133.5900,135.5800,132.9500,135.2600,18844300,134.0712
2023-09-08,134.9100,136.6600,134.8500,136.3800,23558300,135.1813
2023-09-11,136.5400,137.4800,135.7900,136.9200,20763400,135.7166
2023-09-12,136.2600,136.8700,135.1900,135.3400,18405500,134.1505
2023-09-13,135.0900,136.9000,134.1500,136.7100,20749500,135.5084
2023-09-14,137.6000,138.7000,136.2400,138.1000,24751000,136.8862
2023-09-15,137.9800,138.5200,136.4800,137.4000,38919600,136.1924
2023-09-18,136.6100,139.1600,136.6100,138.2100,21861300,136.9952
2023-09-19,137.4200,138.4100,136.6200,138.0400,20353700,136.8267
2023-09-20,138.0800,138.0800,133.6200,133.7400,29927500,132.5645
2023-09-21,131.4400,132.2300,130.0700,130.4400,31503900,129.2935
2023-09-22,130.7600,132.0300,129.6000,130.2500,26397300,129.1052
2023-09-25,129.8300,131.1700,128.9600,131.1100,20094600,129.9576
2023-09-26,129.7700,130.3600,127.2200,128.5700,25718700,127.4400
2023-09-27,128.5700,130.9000,128.5700,130.5400,22746500,129.3926
2023-09-28,129.8400,133.3000,129.7900,132.3100,22513100,131.1471
2023-09-29,133.2800,134.0500,130.3600,130.8600,30859800,129.7098
2023-10-02,131.2100,134.4200,131.1700,134.1700,22288000,132.9907
2023-10-03,133.9400,134.2600,131.8400,132.4300,22989400,131.2660
2023-10-04,132.7900,135.5700,132.5300,135.2400,26752300,134.0513
2023-10-05,135.0700,135.4900,133.4500,135.0700,19832600,133.8828
2023-10-06,134.0100,138.1600,134.0100,137.5800,27597600,136.3708
2023-10-09,136.9400,138.9400,135.6100,138.4200,19278100,137.2034
2023-10-10,138.5000,139.7200,137.3300,138.0600,27786600,136.8465
2023-10-11,138.5800,141.1100,138.5800,140.5500,25884300,139.3147
2023-10-12,141.0500,141.2200,138.2600,138.9700,24765500,137.7485
2023-10-13,139.3800,140.0000,136.6200,137.3600,23420500,136.1527
2023-10-16,138.1700,139.6300,137.9900,139.1000,28501900,137.8774
2023-10-17,138.6300,139.9000,137.1800,139.7200,23515800,138.4920
2023-10-18,139.4500,140.7200,137.3800,137.9600,23375000,136.7474
2023-10-19,138.5000,139.6600,137.3800,137.7500,26066000,136.5393
2023-10-20,137.3300,137.8700,135.0800,135.6000,26335700,134.4082
2023-10-23,135.0400,137.6600,133.9500,136.5000,26317900,135.3003
2023-10-24,137.8300,139.3600,137.4200,138.8100,44814300,137.5900
2023-10-25,128.1600,128.3100,125.0700,125.6100,84366200,124.5060
2023-10-26,123.2700,124.3300,121.2700,122.2800,57061100,121.2052
2023-10-27,122.8800,123.3100,120.2100,122.1700,44566500,121.0962
2023-10-30,123.2100,125.4000,122.7500,124.4600,28940100,123.3661
2023-10-31,125.0600,125.3700,122.6900,124.0800,26292300,122.9894
2023-11-01,124.0700,126.4900,123.7200,126.4500,30082400,125.3386
2023-11-02,128.4200,128.9800,126.9300,127.4900,27124600,126.3694
2023-11-03,128.0200,129.5300,127.8600,129.1000,26393100,127.9653
2023-11-06,129.0500,130.3400,128.6700,130.2500,19052700,129.1052
2023-11-07,130.7100,131.9100,129.8800,130.9700,29757300,129.8189
2023-11-08,130.9700,132.2100,130.7800,131.8400,26425800,130.6812
2023-11-09,131.9600,132.5500,130.0700,130.2400,23747800,129.0953
2023-11-10,130.1000,132.8000,129.4100,132.5900,26913300,131.4246
2023-11-13,131.7800,132.5900,131.2500,132.0900,18324800,130.9290
2023-11-14,134.1900,135.7000,133.3200,133.6200,32395200,132.4456
2023-11-15,134.8700,135.0300,133.5700,134.6200,23861500,133.4368
2023-11-16,135.1900,137.2200,134.3200,136.9300,28013200,135.7265
2023-11-17,136.0000,136.0600,133.6500,135.3100,37240600,134.1207
2023-11-20,133.6900,136.6600,133.6200,136.2500,27815500,135.0525
2023-11-21,136.2900,137.1800,135.9600,136.9700,22635300,135.7662
2023-11-22,137.4700,139.4200,137.4700,138.4900,17813900,137.2728
2023-11-24,138.0300,138.1300,135.9900,136.6900,12514300,135.4886
2023-11-27,136.0300,138.4200,136.0000,136.4100,23436500,135.2111
2023-11-28,136.0800,137.2500,135.4200,137.2000,18730000,135.9941
2023-11-29,137.5700,138.2900,134.8400,134.9900,23967200,133.8035
2023-11-30,135.0500,135.5500,131.2800,132.5300,38988300,131.3651
2023-12-01,131.8600,132.1100,130.6700,131.8600,31442300,130.7010
2023-12-04,129.8800,130.0300,127.9000,129.2700,36669900,128.1338
2023-12-05,128.9500,132.1400,128.2500,130.9900,27384800,129.8387
2023-12-06,131.4400,131.8400,129.8800,130.0200,23576200,128.8772
2023-12-07,135.0400,138.5600,134.7000,136.9300,56767100,135.7265
2023-12-08,134.2000,136.4000,134.0300,134.9900,32260100,133.8035
2023-12-11,132.3800,133.3400,131.3600,133.2900,31138000,132.1185
2023-12-12,131.8100,133.0000,131.2600,132.5200,29032800,131.3553
2023-12-13,133.3800,133.5000,131.5700,132.5700,30104800,131.4048
2023-12-14,133.3800,133.7200,129.6900,131.9400,38722400,130.7803
2023-12-15,131.6200,133.5100,131.1800,132.6000,50847100,131.4345
2023-12-18,132.6300,137.1500,132.4300,135.8000,32258000,134.6064
2023-12-19,136.8400,137.4700,136.0800,136.6500,25476800,135.4490
2023-12-20,138.9700,141.7000,138.0700,138.3400,49107200,137.1241
2023-12-21,139.4900,140.6900,139.1800,140.4200,27488300,139.1858
2023-12-22,140.7700,141.9900,140.7100,141.4900,26532200,140.2464
2023-12-26,141.5900,142.6800,141.1900,141.5200,16780300,140.2762
2023-12-27,141.5900,142.0800,139.8900,140.3700,19628600,139.1362
2023-12-28,140.7800,141.1400,139.7500,140.2300,16045700,138.9975
2023-12-29,139.6300,140.3600,138.7800,139.6900,18733000,138.4622
2024-01-02,138.5500,139.4500,136.4800,138.1700,23711200,136.9556
2024-01-03,137.2500,139.6300,137.0800,138.9200,24212100,137.6990
2024-01-04,138.4200,139.1600,136.3500,136.3900,27137700,135.1912
2024-01-05,136.7500,137.1600,135.1500,135.7300,22513900,134.5370
2024-01-08,136.2900,139.0100,136.2600,138.8400,21404000,137.6197
2024-01-09,138.5000,141.4900,138.1500,140.9500,24759600,139.7112
2024-01-10,141.0000,143.0000,140.9100,142.2800,21320200,141.0295
2024-01-11,143.4900,145.2200,140.6400,142.0800,24008700,140.8312
2024-01-12,142.6700,143.2000,141.8200,142.6500,18785500,141.3962
2024-01-16,142.0000,144.3500,141.4500,142.4900,22670500,141.2376
2024-01-17,141.3500,141.8400,138.9000,141.4700,20968600,140.2266
2024-01-18,142.0500,144.2100,141.9900,143.4800,25746400,142.2189
2024-01-19,144.7400,146.4500,144.3800,146.3800,34271900,145.0934
2024-01-22,147.1000,148.3900,145.8400,145.9900,32200400,144.7068
2024-01-23,145.8900,147.1800,145.5000,147.0400,21636100,145.7476
2024-01-24,148.5400,149.8500,148.1000,148.7000,25233500,147.3930
2024-01-25,150.0700,153.0500,149.5400,151.8700,29149100,150.5351
2024-01-26,151.1000,152.5400,151.0100,152.1900,26115500,150.8524
2024-01-29,152.0600,153.7800,151.4300,153.5100,27784300,152.1608
2024-01-30,152.8000,153.6200,151.1900,151.4600,36331800,150.1288
2024-01-31,143.6200,144.0000,139.8700,140.1000,71910000,138.8686
2024-02-01,142.1200,143.0600,140.7900,141.1600,40466500,139.9193
2024-02-02,139.2600,142.6200,136.5000,142.3800,62499600,141.1286
2024-02-05,142.8200,145.4700,142.7800,143.6800,38505400,142.4171
2024-02-06,144.6500,145.3600,143.1900,144.1000,29128200,142.8335
2024-02-07,144.7600,145.6200,143.9300,145.5400,25208900,144.2608
2024-02-08,145.8300,146.3300,145.1000,145.9100,22563800,144.6275
2024-02-09,146.6800,149.4400,146.1800,149.0000,26829500,147.6904
2024-02-12,148.4200,149.3400,147.3700,147.5300,21564100,146.2333
2024-02-13,144.9200,146.6700,143.6900,145.1400,27837700,143.8643
2024-02-14,146.0800,146.5200,144.0900,145.9400,22704200,144.6573
2024-02-15,143.1400,143.5200,140.4600,142.7700,37590700,141.5152
2024-02-16,142.9900,143.1900,140.1400,140.5200,31468900,139.2849
2024-02-20,139.6600,142.0800,139.4900,141.1200,25144700,139.8797
2024-02-21,141.4500,142.6900,140.6800,142.5500,23223300,141.2971
2024-02-22,144.9300,145.0000,142.8000,144.0900,27191900,142.8236
2024-02-23,143.6700,144.6800,143.4300,143.9600,19493800,142.6947
2024-02-26,142.1400,142.4400,137.3900,137.5700,53641800,136.3609
2024-02-27,138.0200,139.2500,137.0900,138.8800,33099200,137.6593
2024-02-28,137.9000,138.0100,135.4100,136.3800,37328600,135.1813
2024-02-29,137.2800,138.8600,136.4000,138.4600,42133000,137.2430
2024-03-01,138.4300,138.8700,136.9200,137.1400,31151100,135.9346
2024-03-04,135.6600,135.6600,131.9100,133.3500,55999400,132.1780
2024-03-05,131.8800,133.2400,130.6700,132.6700,40194800,131.5039
2024-03-06,133.1200,133.5800,130.8500,131.4000,35318600,130.2451
2024-03-07,132.7900,134.9400,131.6100,134.3800,37738200,133.1989
2024-03-08,134.2100,138.0900,134.0000,135.4100,39370400,134.2199
2024-03-11,136.1300,139.1000,136.1300,137.6700,32437800,136.4600
2024-03-12,137.0300,139.3800,137.0300,138.5000,27563400,137.2827
2024-03-13,139.0000,141.0900,138.9900,139.7900,23347200,138.5614
2024-03-14,141.1900,143.5900,140.4600,143.1000,42753400,141.8423
2024-03-15,142.5000,143.1800,140.0300,141.1800,49475400,139.9391
2024-03-18,148.6100,152.1500,147.1700,147.6800,69273700,146.3820
2024-03-19,148.1600,148.7900,146.0800,147.0300,24070400,145.7377
2024-03-20,148.0000,148.8600,146.7400,148.7400,21311500,147.4327
2024-03-21,149.4700,150.3700,146.9000,147.6000,24755600,146.3027
2024-03-22,149.1200,151.5800,148.9800,150.7700,29211800,149.4448
2024-03-25,149.9400,150.3800,147.8200,150.0700,19229300,148.7510
2024-03-26,150.2200,152.2600,149.9800,150.6700,22149100,149.3457
2024-03-27,151.1800,151.6400,148.9000,150.8700,22879200,149.5439
2024-03-28,150.8500,151.4300,150.1700,150.9300,24485400,149.6034
2024-04-01,150.6900,155.7400,150.6100,155.4900,31730800,154.1234
2024-04-02,153.5000,154.7000,152.1500,154.5600,24586000,153.2015
2024-04-03,153.6000,155.0800,152.7300,154.9200,24705000,153.5583
2024-04-04,153.5000,154.7700,150.4500,150.5300,34724700,149.2070
2024-04-05,150.0300,153.4200,149.6000,152.5000,23459200,151.1596
2024-04-08,152.7800,155.2700,152.6100,154.8500,20702000,153.4890
2024-04-09,156.0900,158.5600,155.1900,156.6000,31079500,155.2236
2024-04-10,156.2100,156.6100,154.6800,156.1400,22838600,154.7676
2024-04-11,156.9100,159.6800,156.4600,159.4100,27166400,158.0089
2024-04-12,157.9600,160.2200,157.1400,157.7300,25353700,156.3437
2024-04-15,158.8600,159.2400,154.5900,154.8600,27136500,153.4989
2024-04-16,154.1900,155.6500,153.4300,154.4000,20779500,153.0429
2024-04-17,155.6200,157.0800,154.5800,155.4700,21763100,154.1035
2024-04-18,155.3400,156.9400,154.6200,156.0100,19883000,154.6388
2024-04-19,156.2000,156.3600,152.3000,154.0900,32615600,152.7356
2024-04-22,154.3100,157.6400,154.0600,156.2800,26446200,154.9064
2024-04-23,156.9600,158.9700,156.2800,158.2600,21151600,156.8690
2024-04-24,157.4900,159.5700,157.1700,159.1300,22779100,157.7314
2024-04-25,151.3300,156.4900,150.8700,156.0000,57109700,154.6289
2024-04-26,174.3700,174.7100,169.6500,171.9500,64665300,170.4387
2024-04-29,169.0600,169.5500,165.2100,166.1500,45610000,164.6897
2024-04-30,165.6100,168.1000,162.6000,162.7800,33562900,161.3493
2024-05-01,164.3000,167.1200,163.0900,163.8600,33493200,162.4198
2024-05-02,164.7900,166.7300,163.8900,166.6200,24294500,165.1555
2024-05-03,167.5600,167.9600,163.0500,167.2400,34662400,165.7701
2024-05-06,167.4600,168.1400,166.0300,168.1000,21871300,166.6225
2024-05-07,168.5000,171.7600,168.3900,171.2500,28039700,169.7448
2024-05-08,169.0000,170.1500,168.7400,169.3800,19569100,167.8913
2024-05-09,169.3900,170.6900,168.1800,169.9600,15346700,168.4662
2024-05-10,168.0300,169.8500,166.1900,168.6500,29799900,167.1677
2024-05-13,164.2600,169.2800,164.0000,169.1400,31327600,167.6534
2024-05-14,169.7700,171.2500,168.8000,170.3400,25127100,168.8428
2024-05-15,170.6300,172.6500,170.5100,172.5100,26948400,170.9938
2024-05-16,173.2900,175.1200,172.6900,174.1800,27867900,172.6491
2024-05-17,174.1800,176.2700,173.6900,176.0600,24479300,174.5126
2024-05-20,176.1900,178.7700,176.0800,176.9200,22554400,175.3650
2024-05-21,176.9000,178.1500,175.8100,177.8500,16989400,176.2868
2024-05-22,176.6400,177.1500,175.2100,176.3800,17880000,174.8297
2024-05-23,177.0700,178.2500,172.9500,173.5500,21024900,172.0246
2024-05-24,174.9800,175.7700,173.6500,174.9900,16579400,173.4520
2024-05-28,174.4500,177.2700,174.3700,176.4000,20572200,174.8495
2024-05-29,175.4300,176.8400,174.7200,175.9000,23388700,174.3539
2024-05-30,175.2000,175.2200,171.7900,172.1100,22931500,170.5973
2024-05-31,171.8600,173.0600,169.4400,172.5000,37638900,170.9838
2024-06-03,172.5400,174.5300,171.1600,173.1700,27459100,171.6479
2024-06-04,173.2800,173.8500,171.8900,173.7900,26879600,172.2625
2024-06-05,175.2000,176.6500,173.9300,175.4100,22068500,173.8683
2024-06-06,175.9000,177.1500,175.7500,176.7300,23251000,175.1767
2024-06-07,177.0500,177.8700,174.3000,174.4600,19661400,172.9266
2024-06-10,174.9700,177.0600,172.7600,175.0100,23726700,173.6709
2024-06-11,176.2200,176.8400,173.7700,176.6200,21540600,175.2686
2024-06-12,178.2500,180.4100,176.1100,177.7900,27864700,176.4296
2024-06-13,176.1100,176.7400,174.8800,175.1600,20913300,173.8197
2024-06-14,174.2200,177.0600,174.1500,176.7900,18063600,175.4373
2024-06-17,175.4600,178.3600,174.8100,177.2400,19618500,175.8838
2024-06-18,177.1400,177.3900,174.1000,175.0900,21869900,173.7503
2024-06-20,175.3700,177.2900,174.9900,176.3000,20160100,174.9510
2024-06-21,177.0000,180.8500,176.6100,179.6300,57759000,178.2555
2024-06-24,180.1600,180.8900,178.6700,179.2200,18298000,177.8487
2024-06-25,179.6200,184.2900,179.4200,184.0300,23130200,182.6219
2024-06-26,182.6300,184.5100,182.4800,183.8800,19839000,182.4730
2024-06-27,184.1800,186.0500,184.0200,185.4100,18848900,183.9913
2024-06-28,184.3200,185.1300,181.9600,182.1500,29156600,180.7562
2024-07-01,183.0300,183.8800,181.3000,182.9900,16006100,181.5898
2024-07-02,182.0500,185.5700,181.5600,185.2400,17372500,183.8226
2024-07-03,184.8500,186.0900,184.0000,185.8200,10242100,184.3982
2024-07-05,185.8600,190.8600,185.8000,190.6000,20967500,189.1416
2024-07-08,189.9000,190.1700,187.7800,189.0300,21035900,187.5836
2024-07-09,190.3100,191.3600,188.7200,188.9800,15121400,187.5340
2024-07-10,189.1500,191.7500,189.0300,191.1800,15952500,189.7171
2024-07-11,189.8500,190.8600,185.0800,185.5700,25625800,184.1501
2024-07-12,185.0800,187.1100,184.4900,185.0700,22898400,183.6539
2024-07-15,184.9200,188.2400,184.9200,186.5300,16474000,185.1027
2024-07-16,187.3600,188.6800,183.3700,183.9200,18290700,182.5127
2024-07-17,182.9700,183.5500,179.9000,181.0200,20734100,179.6349
2024-07-18,181.9300,182.5000,176.4700,177.6900,25315700,176.3304
2024-07-19,178.8800,180.2900,177.1300,177.6600,18881900,176.3006
2024-07-22,180.5900,182.7000,180.2300,181.6700,24100300,180.2799
2024-07-23,182.0500,183.6100,181.5400,181.7900,36352700,180.3990
2024-07-24,173.6000,176.1900,171.8200,172.6300,49585200,171.3091
2024-07-25,172.5200,173.4200,167.1900,167.2800,44852000,166.0000
2024-07-26,167.1500,168.0900,164.0600,167.0000,41336900,165.7222
2024-07-29,168.8300,170.4300,167.9900,169.5300,20293800,168.2328
2024-07-30,170.2400,171.2300,168.4400,170.2900,18959700,168.9870
2024-07-31,173.2400,174.2500,170.0100,171.5400,25729100,170.2274
2024-08-01,170.2500,174.0500,168.8800,170.7600,24531400,169.4534
2024-08-02,166.4400,168.5100,164.6700,166.6600,29130100,165.3848
2024-08-05,155.5000,164.4300,154.9300,159.2500,53630700,158.0315
2024-08-06,159.3300,160.5700,156.4100,158.2900,49004600,157.0788
2024-08-07,161.2500,162.9800,158.4700,158.9400,25138600,157.7238
2024-08-08,160.5100,163.6900,160.2100,162.0300,25578800,160.7902
2024-08-09,160.0100,163.7900,159.0600,163.6700,28602300,162.4177
2024-08-12,164.3500,164.9000,161.8400,162.2900,15895300,161.0482
2024-08-13,163.4100,164.7300,162.9700,164.1600,18551700,162.9039
2024-08-14,162.4000,163.2200,157.7100,160.3700,40591100,159.1429
2024-08-15,160.5000,161.6400,159.6100,161.3000,31524300,160.0658
2024-08-16,161.4700,165.0600,161.1300,162.9600,24208600,161.7131
2024-08-19,165.2800,166.6900,164.2600,166.6700,22416200,165.3947
2024-08-20,166.9000,168.6400,166.8200,167.1800,18341500,165.9008
2024-08-21,165.1500,166.8500,164.6700,165.8500,22902000,164.5810
2024-08-22,167.2600,167.5900,163.3100,163.8000,22493300,162.5466
2024-08-23,164.7200,166.1800,163.8300,165.6200,13955700,164.3527
2024-08-26,166.3800,167.5500,164.4600,166.1600,14190400,164.8886
2024-08-27,165.8400,166.4400,164.4600,164.6800,11821900,163.4199
2024-08-28,165.0400,165.6000,161.5300,162.8500,16407400,161.6039
2024-08-29,164.3100,165.9700,160.2500,161.7800,19699800,160.5421
2024-08-30,162.6200,163.6600,161.6900,163.3800,22123800,162.1299
2024-09-03,161.7200,161.8500,156.4800,157.3600,38945300,156.1559
2024-09-04,156.6600,159.0000,155.9600,156.4500,19353800,155.2529
2024-09-05,156.3000,159.4500,155.9800,157.2400,18688700,156.0368
2024-09-06,157.3000,157.8300,150.5500,150.9200,37912100,149.7652
2024-09-09,152.5100,153.4000,147.2200,148.7100,39260500,147.7679
2024-09-10,150.4500,151.2700,148.3400,148.6600,31118800,147.7182
2024-09-11,149.9200,151.5000,147.5200,151.1600,29607700,150.2024
2024-09-12,153.8000,154.8200,152.6500,154.6900,29621500,153.7100
2024-09-13,155.4300,158.3800,155.2100,157.4600,29591200,156.4625
2024-09-16,157.3100,158.2500,156.6000,158.0600,18379800,157.0587
2024-09-17,159.0200,160.5500,158.3800,159.3200,20715600,158.3107
2024-09-18,159.8600,160.5000,158.6000,159.8100,23677300,158.7976
2024-09-19,163.7100,163.7900,161.3400,162.1400,26587700,161.1129
2024-09-20,163.5000,163.7300,162.0600,163.5900,40896400,162.5537
2024-09-23,164.3500,165.4900,161.6700,161.8500,24150900,160.8247
2024-09-24,163.0300,163.2200,160.6900,162.2900,23332100,161.2619
2024-09-25,161.4700,162.8100,161.3000,161.4900,18869200,160.4670
2024-09-26,163.6400,164.0800,162.2800,162.7300,20319300,161.6991
2024-09-27,162.8100,165.7000,162.6300,163.9500,21101300,162.9114
2024-09-30,163.3200,166.1500,163.2600,165.8500,20413900,164.7994
2024-10-01,167.6900,169.1600,164.5800,166.9900,28338100,165.9321
2024-10-02,166.4200,167.5200,164.7300,165.8600,17760200,164.8093
2024-10-03,164.4100,166.6400,163.9200,165.8600,15073100,164.8093
2024-10-04,168.0600,168.2300,165.4800,167.0600,19047400,166.0017
2024-10-07,167.7200,168.4800,162.7500,162.9800,22463100,161.9475
2024-10-08,163.9400,164.7300,162.8700,164.3800,23072700,163.3387
2024-10-09,163.4500,164.8400,159.7400,161.8600,31181800,160.8346
2024-10-10,160.8700,163.0700,160.4000,162.0800,14144100,161.0532
2024-10-11,162.1300,163.9000,161.2400,163.2400,15344300,162.2059
2024-10-14,163.6400,166.2300,163.4000,164.9600,19016100,163.9150
2024-10-15,165.7900,167.6800,164.6300,165.4600,20247200,164.4118
2024-10-16,164.5300,165.8000,163.7400,165.1600,16406000,164.1137
2024-10-17,165.7300,166.3700,162.7600,162.9300,21453400,161.8978
2024-10-18,163.1900,164.7100,163.0800,163.4200,19757700,162.3848
2024-10-21,162.9500,164.5000,162.6200,164.0700,20946500,163.0306
2024-10-22,162.9800,165.7700,162.9800,165.1400,16568100,164.0939
2024-10-23,164.7600,165.8200,161.9300,162.7800,18280500,161.7488
2024-10-24,162.8300,163.3300,161.0100,162.7200,22412500,161.6892
2024-10-25,163.6700,165.5900,163.4200,165.2700,19828900,164.2230
2024-10-28,168.7500,168.7500,163.9500,166.7200,32138600,165.6639
2024-10-29,167.7300,170.3800,167.0900,169.6800,42169000,168.6051
2024-10-30,180.6800,182.0200,174.0600,174.4600,68890800,173.3548
2024-10-31,173.1300,176.8200,171.0000,171.1100,44769000,170.0260
2024-11-01,170.0700,172.3200,168.8800,171.2900,31796500,170.2049
2024-11-04,169.9300,170.7300,168.0100,169.2400,21492700,168.1679
2024-11-05,169.4300,170.5300,168.8400,169.7400,18242100,168.6647
2024-11-06,173.8000,176.9400,173.5000,176.5100,33695500,175.3918
2024-11-07,177.4100,181.0800,177.1900,180.7500,25352900,179.6050
2024-11-08,180.6500,180.9000,178.0800,178.3500,22006200,177.2202
2024-11-11,178.5800,180.5500,178.4700,180.3500,17450400,179.2075
2024-11-12,179.8200,182.4900,179.3900,181.6200,25134900,180.4695
2024-11-13,180.4600,180.9600,178.5400,178.8800,23184000,177.7468
2024-11-14,178.2800,178.8200,174.3200,175.5800,31007500,174.4677
2024-11-15,173.7300,174.1400,171.2200,172.4900,32504600,171.3973
2024-11-18,173.4200,175.4400,172.9000,175.3000,20135300,174.1895
2024-11-19,173.7200,178.8700,173.5600,178.1200,23434900,176.9916
2024-11-20,177.3400,177.6800,173.7800,175.9800,18997100,174.8652
2024-11-21,173.9000,174.1300,163.7000,167.6300,59734400,166.5681
2024-11-22,165.8500,166.4600,163.9000,164.7600,38604600,163.7162
2024-11-25,166.0900,168.6300,165.6100,167.6500,33135300,166.5880
2024-11-26,167.6300,169.8200,167.5800,169.1200,20486700,168.0486
2024-11-27,169.0000,169.4800,168.0200,169.2300,19266500,168.1580
2024-11-29,168.5000,169.4300,167.1600,168.9500,14257200,167.8797
2024-12-02,168.7700,172.0800,168.5700,171.4900,23789100,170.4036
2024-12-03,171.4900,172.6800,170.8500,171.3400,22248700,170.2546
2024-12-04,171.1500,174.9100,171.0600,174.3700,31615100,173.2654
2024-12-05,175.3600,176.0600,172.3300,172.6400,21356200,171.5464
2024-12-06,172.0300,175.0800,171.8600,174.7100,21462400,173.6032
2024-12-09,173.9600,176.2600,173.6500,175.3700,25389600,174.4588
2024-12-10,182.8500,186.3600,181.0500,185.1700,54813000,184.2078
2024-12-11,185.3100,195.6100,184.8500,195.4000,67894100,194.3847
2024-12-12,195.0000,195.1800,191.7100,191.9600,34817500,190.9625
2024-12-13,191.0100,192.7300,189.6400,189.8200,25143500,188.8337
2024-12-16,192.8700,199.0000,192.6200,196.6600,44934900,195.6381
2024-12-17,197.2500,201.4200,194.9800,195.4200,43504000,194.4046
2024-12-18,195.2200,197.0000,187.7400,188.4000,34166100,187.4211
2024-12-19,191.6300,193.0300,188.3800,188.5100,32265200,187.5305
2024-12-20,185.7800,192.8900,185.2200,191.4100,63462900,190.4154
2024-12-23,192.6200,195.1000,190.1500,194.6300,25675000,193.6187
2024-12-24,194.8400,196.1100,193.7800,196.1100,10403300,195.0910
2024-12-26,195.1500,196.7500,194.3800,195.6000,12046600,194.5837
2024-12-27,194.9500,195.3200,190.6500,192.7600,18891400,191.7584
2024-12-30,189.8000,192.5500,189.1200,191.2400,14264700,190.2463
2024-12-31,191.0800,191.9600,188.5100,189.3000,17466900,188.3164
2025-01-02,190.6500,192.0000,187.5000,189.4300,20370800,188.4457
2025-01-03,191.3700,193.2100,189.9800,191.7900,18596200,190.7934
2025-01-06,193.9800,198.2200,193.8500,196.8700,29563600,195.8470
2025-01-07,197.1100,201.0000,194.6000,195.4900,26487200,194.4742
2025-01-08,192.5700,196.2900,192.3800,193.9500,24864800,192.9422
2025-01-10,194.3000,196.5200,190.3100,192.0400,26665200,191.0421
2025-01-13,190.0700,191.1800,187.3600,191.0100,21823700,190.0175
2025-01-14,191.2400,191.9800,188.3100,189.6600,17174900,188.6745
2025-01-15,193.0900,196.3600,191.8600,195.5500,21776000,194.5339
2025-01-16,194.1400,195.4800,192.8100,192.9100,17815400,191.9076
2025-01-17,196.5300,197.2300,193.7500,196.0000,27735100,194.9816
2025-01-21,199.0700,202.2900,197.8700,198.0500,29971300,197.0209
2025-01-22,199.0600,200.4800,197.5300,198.3700,26200600,197.3392
2025-01-23,198.1400,200.3000,195.2000,197.9800,26951400,196.9513
2025-01-24,198.1000,200.9000,198.0000,200.2100,23877500,199.1697
2025-01-27,192.4100,196.8800,190.7300,191.8100,41728900,190.8133
2025-01-28,192.7500,195.4800,190.6800,195.3000,24157900,194.2852
2025-01-29,195.5600,196.7900,193.4300,195.4100,18218300,194.3947
2025-01-30,198.0000,201.4000,197.6700,200.8700,24354700,199.8263
2025-01-31,202.0000,205.4800,201.8000,204.0200,32001100,202.9599
2025-02-03,200.6900,203.7500,200.1000,201.2300,27838300,200.1844
2025-02-04,203.3900,207.0500,202.8100,206.3800,43856400,205.3076
2025-02-05,191.0700,192.7500,188.0300,191.3300,70373900,190.3358
2025-02-06,189.5000,192.1000,188.7200,191.6000,29297400,190.6044
2025-02-07,191.0500,191.1800,183.2400,185.3400,49315000,184.3770
2025-02-10,187.3500,188.2000,185.8600,186.4700,23105600,185.5011
2025-02-11,185.0300,186.9400,184.2800,185.3200,21239500,184.3571
2025-02-12,183.2200,185.1100,181.8300,183.6100,22072600,182.6560
2025-02-13,184.3200,186.2800,183.1400,186.1400,21402500,185.1728
2025-02-14,185.0600,186.4000,184.3200,185.2300,20448400,184.2675
2025-02-18,185.6000,185.9600,181.7400,183.7700,29916700,182.8151
2025-02-19,184.0700,185.4600,183.5900,185.2700,19549400,184.3073
2025-02-20,184.8000,185.3100,182.7200,184.5600,20441500,183.6010
2025-02-21,185.1500,185.3400,179.0800,179.6600,35199200,178.7265
2025-02-24,181.9900,183.1200,178.8900,179.2500,29854200,178.3186
2025-02-25,178.0400,178.7400,174.6900,175.4200,41913400,174.5085
2025-02-26,175.0700,176.0800,171.5800,172.7300,35431300,171.8325
2025-02-27,173.9900,174.5600,167.9400,168.5000,39991000,167.6245
2025-02-28,168.6800,170.6100,166.7700,170.2800,48130600,169.3952
2025-03-03,171.9300,173.3700,165.9300,167.0100,40770500,166.1422
2025-03-04,166.2400,173.2900,165.8000,170.9200,45388000,170.0319
2025-03-05,170.5200,173.7800,169.0600,173.0200,30954900,172.1210
2025-03-06,170.5300,174.8100,170.5000,172.3500,28302000,171.4545
2025-03-07,171.2600,174.9700,170.2700,173.8600,27385800,172.9566
2025-03-10,168.2600,168.4600,163.6900,165.8700,43604000,165.1982
2025-03-11,164.9100,166.7500,161.3700,164.0400,39587400,163.3756
2025-03-12,166.5800,167.6400,163.5300,167.1100,28372400,166.4332
2025-03-13,166.0400,166.1300,162.1100,162.7600,31756200,162.1008
2025-03-14,163.2700,166.4900,162.4500,165.4900,31995900,164.8197
2025-03-17,165.0300,166.3000,163.6700,164.2900,31184300,163.6246
2025-03-18,163.6800,164.2500,156.7200,160.6700,42074800,160.0192
2025-03-19,161.7600,165.8700,161.0000,163.8900,34275600,163.2262
2025-03-20,161.5700,164.8900,160.9600,162.8000,28138500,162.1406
2025-03-21,161.2100,164.2400,160.8900,163.9900,36625800,163.3258
2025-03-24,167.0700,168.3200,165.1400,167.6800,30879100,167.0008
2025-03-25,168.9800,170.6300,168.3200,170.5600,24174400,169.8692
2025-03-26,169.0000,169.6100,164.8400,165.0600,28901600,164.3914
2025-03-27,164.6300,165.4200,162.0000,162.2400,24508300,161.5829
2025-03-28,160.4900,161.8200,153.6300,154.3300,48669300,153.7049
2025-03-31,153.1100,155.5400,150.6600,154.6400,54603500,154.0137
2025-04-01,153.6200,158.1000,153.6200,157.0700,30672900,156.4338
2025-04-02,155.1500,158.4100,154.7000,157.0400,25041700,156.4039
2025-04-03,151.1100,152.7800,150.3900,150.7200,46883400,150.1095
2025-04-04,148.0100,151.0700,145.3800,145.6000,62259500,145.0103
2025-04-07,141.5500,152.8500,140.5300,146.7500,76794100,146.1556
2025-04-08,151.2200,152.2400,143.0300,144.7000,52200200,144.1139
2025-04-09,144.4200,159.5500,143.9100,158.7100,70406200,158.0672
2025-04-10,156.5400,157.7200,149.9300,152.8200,48022000,152.2010
2025-04-11,152.9000,157.6700,152.8200,157.1400,33636200,156.5035
2025-04-14,160.0000,161.7200,157.5600,159.0700,30333000,158.4257
2025-04-15,159.1300,159.6500,155.2100,156.3100,27551500,155.6769
2025-04-16,153.1000,155.8900,151.5100,153.3300,28187400,152.7090
2025-04-17,154.2900,154.6800,148.5000,151.1600,33046600,150.5477
2025-04-21,148.8800,148.9500,146.1000,147.6700,26049100,147.0719
2025-04-22,148.8900,152.1900,148.5400,151.4700,26971800,150.8565
2025-04-23,155.6100,157.5300,153.8100,155.3500,31128800,154.7208
2025-04-24,156.1500,159.5900,155.7900,159.2800,45894000,158.6349
2025-04-25,165.0700,166.1000,161.0400,161.9600,56034000,161.3040
2025-04-28,162.4300,163.1500,158.6000,160.6100,29745800,159.9595
2025-04-29,160.3200,160.7400,157.5200,160.1600,26809000,159.5113
2025-04-30,157.9800,159.2700,155.4000,158.8000,34981100,158.1568
2025-05-01,160.4500,161.9500,158.9100,161.3000,30203200,160.6467
2025-05-02,163.4100,164.9700,161.8700,164.0300,25715000,163.3656
2025-05-05,163.0000,165.3900,162.7200,164.2100,21341800,163.5449
2025-05-06,162.1700,164.8000,161.1900,163.2300,21277200,162.5688
2025-05-07,164.0800,165.0000,147.8400,151.3800,127490100,150.7669
2025-05-08,155.0000,155.9300,152.9000,154.2800,57498700,153.6551
2025-05-09,154.1700,155.0500,152.2000,152.7500,32435300,152.1313
2025-05-12,157.4900,159.1000,156.2500,158.4600,44138800,157.8182
2025-05-13,158.7900,160.5700,156.1600,159.5300,42382100,158.8839
2025-05-14,159.9600,167.0000,159.6100,165.3700,48755900,164.7002
2025-05-15,165.8400,166.2100,162.3700,163.9600,33146700,163.2959
2025-05-16,167.7300,169.3500,165.6200,166.1900,42846900,165.5169
2025-05-19,164.5100,166.6400,164.2200,166.5400,30426100,165.8655
2025-05-20,166.4300,168.5000,162.9000,163.9800,46607700,163.3158
2025-05-21,163.6900,173.1400,163.5600,168.5600,73416000,167.8773
2025-05-22,171.8500,176.7700,170.7100,170.8700,74864400,170.1779
2025-05-23,169.0600,169.9600,167.8900,168.4700,35211400,167.7876
2025-05-27,170.1600,173.1700,170.0000,172.9000,37995700,172.1997
2025-05-28,173.1600,175.2700,171.9100,172.3600,34784000,171.6619
2025-05-29,174.0000,174.4200,170.6300,171.8600,29317300,171.1639
2025-05-30,171.3500,172.2100,167.4400,171.7400,52639900,171.0444
2025-06-02,167.8400,169.8700,167.3900,169.0300,38612300,168.3454
2025-06-03,167.4900,168.4800,165.2800,166.1800,45084900,165.5069
2025-06-04,166.7400,168.2200,166.3600,168.0500,26900800,167.3693
2025-06-05,170.3400,170.9300,167.5900,168.2100,36379100,167.5287
2025-06-06,170.8300,174.5000,170.8300,173.6800,35731800,172.9765
2025-06-09,174.5400,176.4700,174.3700,176.0900,28935900,175.5891
2025-06-10,176.2000,181.1100,174.9100,178.6000,61766100,178.0919
2025-06-11,179.7700,180.3700,176.7500,177.3500,31646800,176.8455
2025-06-12,176.1800,176.7200,174.7500,175.7000,20941900,175.2002
2025-06-13,172.4400,177.1300,172.3900,174.6700,27663100,174.1731
2025-06-16,174.7300,176.9400,174.6500,176.7700,27389200,176.2672
2025-06-17,175.7000,177.3600,174.5800,175.9500,24973000,175.4495
2025-06-18,176.0100,176.5600,173.2000,173.3200,28707500,172.8270
2025-06-20,173.9500,174.3400,165.4600,166.6400,75659900,166.1660
2025-06-23,166.2700,167.3400,162.0000,165.1900,57671000,164.7201
2025-06-24,166.9200,168.2200,166.1300,166.7700,40524300,166.2956
2025-06-25,167.6300,172.3600,167.5500,170.6800,35479000,170.1945
2025-06-26,172.4300,173.6900,169.9400,173.5400,31796700,173.0463
2025-06-27,173.5400,178.6800,171.7300,178.5300,108140200,178.0221
2025-06-30,180.7800,181.2300,174.5800,176.2300,63378900,175.7287
2025-07-01,175.7400,176.0900,173.5300,175.8400,35904500,175.3398
2025-07-02,175.5400,178.8600,175.0700,178.6400,29128900,178.1318
2025-07-03,178.5000,179.6700,177.0500,179.5300,21689700,179.0193
2025-07-07,179.0600,179.3000,175.6800,176.7900,34175600,176.2871
2025-07-08,177.8500,177.9500,172.8100,174.3600,40442500,173.8640
2025-07-09,175.2500,179.4400,172.7700,176.6200,43025600,176.1176
2025-07-10,175.6300,178.4300,174.3800,177.6200,29252400,177.1147
2025-07-11,176.7900,181.4300,176.4800,180.1900,34282900,179.6774
2025-07-14,181.0100,183.6700,179.6800,181.5600,32536600,181.0435
2025-07-15,182.8100,184.2200,181.6000,182.0000,33448300,181.4823
2025-07-16,183.2400,184.3300,182.0300,182.9700,33104200,182.4495
2025-07-17,182.1400,184.0600,180.4800,183.5800,31992600,183.0578
2025-07-18,185.4000,186.4200,183.7100,185.0600,34014500,184.5336
2025-07-21,186.2500,190.2900,186.1500,190.1000,45803100,189.5592
2025-07-22,191.5000,191.6500,187.4600,191.3400,44660200,190.7957
2025-07-23,191.5000,192.5300,189.1800,190.2300,58681900,189.6888
2025-07-24,197.0300,197.9500,191.0000,192.1700,74881700,191.6233
2025-07-25,191.9800,194.3300,191.2600,193.1800,39785900,192.6305
2025-07-28,193.6500,194.0500,190.8400,192.5800,38139500,192.0322
2025-07-29,192.4300,195.9200,192.0800,195.7500,41389200,195.1932
2025-07-30,195.6000,197.6000,194.6900,196.5300,32445400,195.9709
2025-07-31,195.7100,195.9900,191.0900,191.9000,51329200,191.3541
2025-08-01,189.0300,190.8300,187.8200,189.1300,34832200,188.5920
2025-08-04,190.2900,195.2700,190.1200,195.0400,31547400,194.4852
2025-08-05,194.7100,197.8600,193.8900,194.6700,31602300,194.1162
2025-08-06,194.5000,196.6300,193.6700,196.0900,21562900,195.5322
2025-08-07,197.0600,197.5400,194.3300,196.5200,26321800,195.9610
2025-08-08,197.2200,202.6100,197.1700,201.4200,39161800,200.8470
2025-08-11,200.9400,201.4800,199.0700,201.0000,25832400,200.4282
2025-08-12,201.3700,204.5000,200.5900,203.3400,30397900,202.7616
2025-08-13,204.1300,204.5300,197.5100,201.9600,28342900,201.3855
2025-08-14,201.5000,204.4400,201.2300,202.9400,25230400,202.3627
2025-08-15,203.8500,206.4400,201.2800,203.9000,34931400,203.3200
2025-08-18,204.2000,205.2700,202.4900,203.5000,18526600,202.9211
2025-08-19,203.0300,203.4400,199.9600,201.5700,24240200,200.9966
2025-08-20,200.7300,201.2800,196.6000,199.3200,28955500,198.7530
2025-08-21,199.7500,202.4800,199.4300,199.7500,19774600,199.1818
2025-08-22,202.7300,208.5400,201.3000,206.0900,42827000,205.5037
2025-08-25,206.4300,210.5200,205.2800,208.4900,29928900,207.8969
2025-08-26,207.5100,207.8500,205.7000,207.1400,28464100,206.5507
2025-08-27,205.7000,208.9100,205.6500,207.4800,23022900,206.8898
2025-08-28,207.2500,212.2200,206.9000,211.6400,32339300,211.0379
2025-08-29,210.5100,214.6500,210.2000,212.9100,39728400,212.3044
2025-09-02,208.4400,211.6800,206.2000,211.3500,47523000,210.7488
2025-09-03,226.2100,231.3100,224.7900,230.6600,103336100,230.0038
2025-09-04,229.6500,232.3700,226.1100,232.3000,51684200,231.6392
2025-09-05,232.2000,235.7600,231.9000,235.0000,46588900,234.3315
2025-09-08,235.4700,238.1300,233.6700,234.0400,32474700,233.5830
2025-09-09,234.1700,240.4700,233.2300,239.6300,38061000,239.1620
2025-09-10,238.9000,241.6600,237.8500,239.1700,35141100,238.7029
2025-09-11,239.8800,242.2500,236.2500,240.3700,30599300,239.9006
2025-09-12,240.3700,242.0800,238.0000,240.8000,26771600,240.3298
2025-09-15,244.6600,252.4100,244.6600,251.6100,58383800,251.1187
2025-09-16,252.0800,253.0400,249.4700,251.1600,34109700,250.6695
2025-09-17,251.2200,251.6000,246.2800,249.5300,34108000,249.0427
2025-09-18,251.6800,253.9900,249.8000,252.0300,31239500,251.5378
2025-09-19,253.2500,256.0000,251.8100,254.7200,55571400,254.2226
2025-09-22,254.4300,255.7800,250.3000,252.5300,32290500,252.0369
2025-09-23,253.0400,254.3600,250.4800,251.6600,26628000,251.1686
2025-09-24,251.6600,252.3500,246.4400,247.1400,28201000,246.6574
2025-09-25,244.4000,246.4900,240.7400,245.7900,31020400,245.3100
2025-09-26,247.0700,249.4200,245.9700,246.5400,18503200,246.0585
2025-09-29,247.8500,251.1500,242.7700,244.0500,32505800,243.5734
2025-09-30,242.8100,243.2900,239.2500,243.1000,34724300,242.6253
2025-10-01,240.7500,246.3000,238.6100,244.9000,31658200,244.4218
2025-10-02,245.1500,246.8100,242.3000,245.6900,25483300,245.2102
2025-10-03,244.4900,246.3000,241.6600,245.3500,30249600,244.8709
2025-10-06,244.7800,251.3200,244.5800,250.4300,28894700,249.9409
2025-10-07,248.2700,250.4400,245.5200,245.7600,23181300,245.2801
2025-10-08,244.9600,246.0100,243.8200,244.6200,21307100,244.1423
2025-10-09,244.4700,244.7600,239.1500,241.5300,27892100,241.0583
2025-10-10,241.4300,244.0900,235.8400,236.5700,33180300,236.1080
2025-10-13,240.2100,244.5000,239.7100,244.1500,24995000,243.6732
2025-10-14,241.2300,247.1200,240.5100,245.4500,22111600,244.9707
2025-10-15,247.2500,252.1100,245.9900,251.0300,27007700,250.5398
2025-10-16,251.7700,256.9600,250.1000,251.4600,27997200,250.9690
2025-10-17,250.7600,254.2200,247.8100,253.3000,29671600,252.8054
2025-10-20,254.6900,257.3300,254.2300,256.5500,22350200,256.0490
2025-10-21,254.7400,254.8800,244.1500,250.4600,47312100,249.9709
2025-10-22,254.3700,256.3600,249.2900,251.6900,35029400,251.1985
2025-10-23,252.9800,255.0400,251.8500,253.0800,19901400,252.5858
2025-10-24,256.5800,261.6800,255.3200,259.9200,28655100,259.4124
2025-10-27,264.8200,270.1400,264.2800,269.2700,35235200,268.7442
2025-10-28,269.6900,270.7300,266.5000,267.4700,29738600,266.9477
2025-10-29,267.7500,275.3400,267.6700,274.5700,43580300,274.0338
2025-10-30,291.5900,291.5900,280.0600,281.4800,74876000,280.9303
2025-10-31,283.2100,286.0000,277.0300,281.1900,39267900,280.6409
2025-11-03,282.1800,285.5300,279.8000,283.7200,29786000,283.1659
2025-11-04,276.7500,281.2700,276.2600,277.5400,30078400,276.9980
2025-11-05,278.8700,286.4200,277.3400,284.3100,31010300,283.7548
2025-11-06,285.3300,288.3500,281.1400,284.7500,37173600,284.1939
2025-11-07,283.2100,283.7800,275.1900,278.8300,34479600,278.2855
2025-11-10,284.4200,290.8000,282.8600,290.1000,29557300,289.5335
2025-11-11,287.7500,291.9200,287.3200,291.3100,19842100,290.7411
2025-11-12,291.6800,292.0100,283.6900,286.7100,24829900,286.1501
2025-11-13,282.3400,282.8400,277.2400,278.5700,29494000,278.0260
2025-11-14,271.4100,278.5600,270.7000,276.4100,31647200,275.8702
2025-11-17,285.7800,293.9500,283.5700,285.0200,52670200,284.4634
2025-11-18,287.9200,288.8000,278.2000,284.2800,49158700,283.7248
2025-11-19,287.1600,303.8100,286.6300,292.8100,68198900,292.2382
2025-11-20,304.5400,306.4200,288.6700,289.4500,62025200,288.8848
2025-11-21,296.4200,303.9200,293.8500,299.6600,74137700,299.0748
2025-11-24,311.1300,319.4800,309.6000,318.5800,85165100,317.9579
2025-11-25,326.2100,328.8300,317.6500,323.4400,88632100,322.8084
2025-11-26,320.6800,324.5000,316.7900,319.9500,51373400,319.3252
2025-11-28,323.3700,326.8500,316.7900,320.1800,26018600,319.5547
2025-12-01,317.7000,319.8500,313.8900,314.8900,41183000,314.2751
2025-12-02,316.7400,318.3800,313.9100,315.8100,35854700,315.1933
2025-12-03,315.8900,321.5800,314.1000,319.6300,41838300,319.0058
2025-12-04,322.2300,322.3600,314.7000,317.6200,31240900,316.9998
2025-12-05,319.4900,323.1600,319.1700,321.2700,28851700,320.6426
2025-12-08,320.0500,320.4400,311.2200,313.7200,33909400,313.3122
2025-12-09,312.3700,317.9900,311.9000,317.0800,30194000,316.6678
2025-12-10,315.8300,321.3100,314.6800,320.2100,33428900,319.7937
2025-12-11,320.0800,321.1200,308.6000,312.4300,42353700,312.0239
2025-12-12,313.7000,314.8700,305.5600,309.2900,35940200,308.8879
2025-12-15,311.3200,311.4200,304.8800,308.2200,29151900,307.8193
2025-12-16,304.9500,310.7700,302.5900,306.5700,30585000,306.1715
2025-12-17,308.0100,308.0900,296.1200,296.7200,43930400,296.3343
2025-12-18,301.7200,303.9600,299.2300,302.4600,33518000,302.0668
2025-12-19,301.7300,307.2500,300.9700,307.1600,59943200,306.7607
2025-12-22,309.8800,310.1300,305.3000,309.7800,26429900,309.3773
2025-12-23,309.6300,314.9400,309.3200,314.3500,25478700,313.9413
2025-12-24,314.7700,315.0800,311.9200,314.0900,10097400,313.6817
2025-12-26,314.4800,315.0900,312.2800,313.5100,10899000,313.1025
2025-12-29,311.3700,314.0200,310.6200,313.5600,19621800,313.1524
2025-12-30,312.5000,316.9500,312.4600,313.8500,17380900,313.4420
2025-12-31,312.8500,314.5800,311.4400,313.0000,16377700,312.5931
2026-01-02,316.9000,322.5000,310.3300,315.1500,32009400,314.7403
2026-01-05,317.6600,319.0200,314.6300,316.5400,30195600,316.1285
2026-01-06,316.4000,320.9400,311.7800,314.3400,31212100,313.9314
2026-01-07,314.3600,326.1500,314.1900,321.9800,35104400,321.5615
2026-01-08,328.9700,330.3200,321.5000,325.4400,31896100,325.0169
2026-01-09,327.0900,330.8300,325.8000,328.5700,26214200,328.1429
2026-01-12,325.8000,334.0400,325.0000,331.8600,33923900,331.4286
2026-01-13,334.9500,340.4900,333.6200,335.9700,33517600,335.5332
2026-01-14,335.0600,336.5200,330.4800,335.8400,28525600,335.4034
2026-01-15,337.6500,337.6900,330.7400,332.7800,28442400,332.3474
2026-01-16,334.4100,334.6500,327.7000,330.0000,40341600,329.5710
2026-01-20,320.8700,327.7300,320.4300,322.0000,35361000,321.5814
2026-01-21,320.9200,332.4800,319.3500,328.3800,35386600,327.9531
2026-01-22,334.4500,335.1500,328.7500,330.5400,26253600,330.1103
2026-01-23,332.4900,333.6900,327.4500,327.9300,27280000,327.5037
2026-01-26,327.8100,335.8400,327.0000,333.2600,26042100,332.8268
2026-01-27,335.3700,337.9100,333.4800,334.5500,21636200,334.1151
2026-01-28,336.0600,337.5400,331.9400,336.0100,27434400,335.5732
2026-01-29,340.3000,342.2900,326.5400,338.2500,39785600,337.8103
2026-01-30,340.0000,340.0000,332.2900,338.0000,31024000,337.5606
2026-02-02,336.2200,344.8300,335.6300,343.6900,32006100,343.2432
2026-02-03,347.3400,349.0000,337.4700,339.7100,36506700,339.2684
2026-02-04,342.9600,343.3100,328.5200,333.0400,70618400,332.6071
2026-02-05,312.2200,332.6900,306.4600,331.2500,88205800,330.8194
2026-02-06,327.1800,330.3800,319.9200,322.8600,56380500,322.4403
2026-02-09,320.9300,327.7000,317.2600,324.3200,39640100,323.8984
2026-02-10,320.9700,321.6700,314.6100,318.5800,39170000,318.1658
2026-02-11,318.9700,321.0600,309.6600,310.9600,45406400,310.5557
2026-02-12,312.0900,316.2400,307.2000,309.0000,47761300,308.5983
2026-02-13,307.7300,308.6300,303.7100,305.7200,38499700,305.3226
2026-02-17,300.0400,304.4400,296.2500,302.0200,39247600,301.6273
2026-02-18,302.0900,305.3800,301.2500,303.3300,28482100,302.9357
2026-02-19,301.8200,305.4700,300.0400,302.8500,25834400,302.4563
2026-02-20,304.3200,316.5000,303.9000,314.9800,53210800,314.5706
2026-02-23,319.0500,319.5200,309.8700,311.4900,31423000,311.0851
2026-02-24,310.5200,312.2700,305.9300,310.9000,25615600,310.4958
2026-02-25,312.0600,313.6400,309.4400,312.9000,29963600,312.4933
2026-02-26,312.6400,313.1400,302.3500,307.3800,36431200,306.9804
2026-02-27,304.1400,312.3700,303.8000,311.7600,44640600,311.3547
2026-03-02,303.2300,308.4900,301.3000,306.5200,34790200,306.1215
2026-03-03,298.5900,303.9400,296.7100,303.5800,35497000,303.1853
2026-03-04,302.8900,305.4700,300.7500,303.1300,29536200,302.7360
2026-03-05,303.0400,303.3000,297.9900,300.8800,35752300,300.4889
2026-03-06,296.0900,300.5300,295.1800,298.5200,25576900,298.1319
2026-03-09,294.3600,306.8000,294.0800,306.3600,29312100,306.1771
2026-03-10,306.1700,309.5100,305.5700,307.0400,23239700,306.8567
2026-03-11,306.7500,311.4200,305.9200,308.7000,24125700,308.5157
2026-03-12,306.8200,308.9400,301.0300,303.5500,24928300,303.3688
2026-03-13,307.0100,307.6900,300.4400,302.2800,23693100,302.0995
2026-03-16,304.3500,306.4900,303.0200,305.5600,23519700,305.3776
2026-03-17,305.8600,311.4200,305.5000,310.9200,21955200,310.7344
2026-03-18,309.2700,312.4700,306.9300,307.6900,20009800,307.5063
2026-03-19,304.0100,308.0600,302.3500,307.1300,25075800,306.9467
2026-03-20,305.4600,306.0000,298.2700,301.0000,44364100,300.8203
2026-03-23,302.1100,305.9800,300.9300,302.0600,29326900,301.8797
2026-03-24,299.2000,299.9200,290.3300,290.4400,36864300,290.2666
2026-03-25,293.4400,296.0000,289.2400,290.9300,29460700,290.7563
2026-03-26,287.9100,287.9500,278.5000,280.9200,39080600,280.7523
2026-03-27,277.2800,279.3700,273.9500,274.3400,35890600,274.1762
2026-03-30,276.4200,277.0900,272.1100,273.5000,35141200,273.3367
2026-03-31,278.0400,288.0800,277.0900,287.5600,43875400,287.3883
2026-04-01,290.8400,300.5200,290.4100,297.3900,37684500,297.2125
2026-04-02,290.6900,298.0800,289.4500,295.7700,21666500,295.5934
2026-04-06,295.8700,300.6200,295.1800,299.9900,16945500,299.8109
2026-04-07,302.7300,305.6300,297.7200,305.4600,23205400,305.2776
2026-04-08,320.4500,322.0800,315.0200,317.3200,33547100,317.1306
2026-04-09,315.9100,319.5400,311.0600,318.4900,23739200,318.2999
2026-04-10,320.0200,321.8300,316.3200,317.2400,19152600,317.0506
2026-04-13,317.1400,321.6300,315.4700,321.3100,18866400,321.1182
2026-04-14,324.7900,333.2900,323.7500,332.9100,27721400,332.7113
2026-04-15,332.8900,337.4800,330.9000,337.1200,24918800,336.9188
2026-04-16,338.7500,339.8800,334.5200,336.0200,20541500,335.8194
2026-04-17,337.6500,342.3200,336.2400,341.6800,25581900,341.4760
2026-04-20,340.7600,341.4000,336.6100,337.4200,18784200,337.2186
2026-04-21,337.6900,339.3400,331.3500,332.2900,23123800,332.0916
2026-04-22,337.0200,339.8200,335.1700,339.3200,20293000,339.1175
2026-04-23,341.1800,341.9600,336.1800,338.8900,18650300,338.6877
2026-04-24,338.7300,345.2700,335.3900,344.4000,26426100,344.1944
2026-04-27,345.9800,353.1800,342.7300,350.3400,28576900,350.1309
2026-04-28,348.5500,352.4200,346.1200,349.7800,27824100,349.5712
2026-04-29,347.5700,355.7900,344.2100,349.9400,35376300,349.7311
2026-04-30,374.0700,385.8400,365.8200,384.8000,72040000,384.5703
2026-05-01,381.6300,386.7600,379.0500,385.6900,30105200,385.4598
2026-05-04,385.6300,387.3800,379.7900,383.2500,26298600,383.0212
2026-05-05,386.2300,392.8200,384.0200,388.4300,23878600,388.1981
2026-05-06,394.2500,399.8500,392.7600,398.0400,31308500,397.8024
2026-05-07,399.9200,400.1000,392.6800,397.9900,24433500,397.7524
2026-05-08,397.0000,402.0000,396.3600,400.8000,21461800,400.5607
2026-05-11,393.6500,397.4400,388.4700,388.6400,30753700,388.4080
2026-05-12,387.3400,388.5200,382.7700,387.3500,26017500,387.1188
2026-05-13,385.6000,403.7000,385.0000,402.6200,28144600,402.3797
2026-05-14,397.2800,402.9300,395.8400,401.0700,21136700,400.8306
2026-05-15,396.3200,399.5400,393.1800,396.7800,20309700,396.5432
2026-05-18,395.6900,408.6100,394.5300,396.9400,26837200,396.7031
2026-05-19,396.9600,397.1500,386.1100,387.6600,39545700,387.4286
2026-05-20,387.7000,393.8600,382.9000,388.9100,31744400,388.6779
2026-05-21,385.7000,392.5000,383.0200,387.6600,24852800,387.4286
2026-05-22,387.3500,388.7400,381.7700,382.9700,20442100,382.7414
2026-05-26,384.5100,389.2600,382.6000,388.8800,27747400,388.6479
2026-05-27,386.6700,393.8800,385.9000,388.8300,23087300,388.5979
2026-05-28,388.0000,391.8700,385.1600,390.1300,24357500,389.8971
2026-05-29,385.2400,385.2400,378.4600,380.3400,44415800,380.1129
2026-06-01,376.5200,378.5600,373.5200,376.3700,28672100,376.1453
2026-06-02,366.5900,373.5400,358.4400,361.8500,50412300,361.6340
2026-06-03,362.0300,366.4500,358.0800,358.9900,55441600,358.7757
2026-06-04,358.9000,373.2500,358.2100,372.1900,44055500,371.9678
2026-06-05,366.3400,372.0800,364.1200,368.5300,37471200,368.3100
2026-06-08,365.1800,366.2000,360.5300,363.3100,27942500,363.3100
2026-06-09,367.0900,372.0800,357.3000,364.2600,29535100,364.2600
2026-06-10,363.1900,368.5600,355.2000,356.3800,32357100,356.3800
2026-06-11,355.9300,358.8000,346.3600,357.7700,35538200,357.7700
2026-06-12,362.6200,366.5700,354.9400,359.6800,24704600,359.6800
2026-06-15,367.9300,372.9900,366.5500,369.3500,27727500,369.3500
2026-06-16,369.6000,376.0000,367.0600,373.2500,24876100,373.2500
2026-06-17,369.1300,372.3300,362.0200,363.7900,24543600,363.7900
2026-06-18,365.7500,369.4800,358.6700,368.0300,44470100,368.0300
2026-06-22,357.9500,358.9200,341.7200,349.6800,52814800,349.6800
2026-06-23,340.6900,349.2900,340.2000,346.1300,34007700,346.1300
2026-06-24,349.0400,353.4800,341.9300,345.2900,44997300,345.2900
2026-06-25,336.7300,345.5700,335.8400,343.7100,44491400,343.7100
2026-06-26,342.5500,346.3600,330.2000,337.3900,114706300,337.3900
2026-06-29,341.8300,354.3500,340.6700,353.6500,34213900,353.6500
2026-06-30,353.8700,358.6200,350.4000,357.3700,35237200,357.3700
2026-07-01,358.3700,362.9700,356.4300,361.2100,26736400,361.2100
2026-07-02,359.4800,364.2100,353.4200,359.9100,25974800,359.9100
2026-07-06,361.5500,367.9300,357.3800,366.4600,26915800,366.4600
2026-07-07,369.0700,373.1600,365.5000,367.0300,24045600,367.0300
2026-07-08,364.7600,367.8400,358.0200,361.9200,22094800,361.9200
2026-07-09,354.3100,359.6500,351.0800,358.8900,24729100,358.8900
2026-07-10,357.5300,357.8200,352.7500,357.1800,18146100,357.1800
2026-07-13,356.1900,358.1300,351.7500,352.5100,15901700,352.5100
2026-07-14,351.2000,360.1600,351.0900,359.5100,18259400,359.5100
2026-07-15,357.9700,373.6500,357.7600,370.9200,28284600,370.9200
2026-07-16,373.0600,375.2700,352.3000,354.4600,41158500,354.4600
2026-07-17,346.0000,348.5200,341.3600,346.7700,29959300,346.7700
2026-07-20,350.8800,359.6800,350.5200,351.9900,24736600,351.9900
2026-07-21,351.3200,351.3200,347.0000,347.1500,23369800,347.1500
2026-07-22,348.1600,349.9400,341.7300,342.0900,39334100,342.0900
2026-07-23,321.1300,324.4900,314.9000,317.6900,69419700,317.6900
2026-07-24,318.4200,324.1800,317.3200,319.7400,31806600,319.7400
2026-07-27,325.0400,330.4200,324.4500,326.5600,28471600,326.5600
2026-07-28,327.9000,335.8800,324.4400,333.7100,29511900,333.7100
2026-07-29,334.6700,342.5000,331.6200,336.7100,27501600,336.7100
2026-07-30,334.2000,336.5100,330.3400,333.6600,30168000,333.6600
2026-07-31,340.8300,358.5800,340.0000,356.1300,46498000,356.1300
2026-08-03,365.4500,376.6900,363.3500,373.5100,38669700,373.5100
2026-08-04,368.2200,380.5200,367.5000,377.6500,35705700,377.6500
2026-08-05,383.3400,384.4800,356.7700,362.4300,46926300,362.4300
2026-08-06,360.7700,364.1300,356.8800,357.7500,25235900,357.7500
2026-08-07,356.7200,358.9000,353.7800,354.3000,19859900,354.3000
2026-08-10,355.1800,357.6100,352.7100,357.5200,18991400,357.5200
2026-08-11,355.8900,356.8100,343.3900,343.8000,28963000,343.8000
