date,open,high,low,close,volume,adj_close
2000-09-21,296.0000,296.0000,292.0000,293.7500,4842,293.7500
2000-09-22,293.5000,297.0000,293.2500,295.5000,3945,295.5000
2000-09-25,297.5000,300.0000,297.0000,299.5000,5073,299.5000
2000-09-26,301.0000,303.5000,299.7500,302.0000,9180,302.0000
2000-09-27,301.5000,308.0000,301.0000,307.7500,11145,307.7500
2000-09-28,310.0000,312.0000,310.0000,310.7500,12214,310.7500
2000-09-29,318.0000,320.0000,316.5000,320.0000,8930,320.0000
2000-10-02,325.0000,325.0000,318.0000,321.0000,6026,321.0000
2000-10-03,319.5000,321.0000,316.0000,320.5000,7291,320.5000
2000-10-04,318.0000,321.0000,317.0000,318.0000,7042,318.0000
2000-10-05,314.5000,316.2500,313.0000,315.5000,6182,315.5000
2000-10-06,315.5000,320.0000,315.0000,318.5000,3357,318.5000
2000-10-09,317.5000,319.5000,316.5000,318.5000,8208,318.5000
2000-10-10,318.5000,325.7500,318.5000,325.5000,9942,325.5000
2000-10-11,325.0000,328.5000,324.2500,326.5000,8015,326.5000
2000-10-12,330.0000,331.5000,326.5000,326.7500,8199,326.7500
2000-10-13,325.5000,325.5000,319.0000,320.0000,5425,320.0000
2000-10-16,319.5000,324.5000,317.5000,324.0000,8209,324.0000
2000-10-17,323.0000,323.5000,315.0000,319.5000,8377,319.5000
2000-10-18,316.5000,316.5000,312.0000,312.7500,9141,312.7500
2000-10-19,312.0000,312.7500,308.5000,308.7500,4938,308.7500
2000-10-20,308.5000,312.0000,308.2500,309.0000,5912,309.0000
2000-10-23,306.5000,307.0000,303.5000,306.0000,5336,306.0000
2000-10-24,305.0000,306.0000,301.0000,305.5000,5418,305.5000
2000-10-25,305.5000,306.5000,302.5000,303.7500,5106,303.7500
2000-10-26,304.0000,306.5000,303.7500,305.0000,5784,305.0000
2000-10-27,306.0000,310.0000,306.0000,309.7500,4037,309.7500
2000-10-30,310.0000,310.2500,304.5000,305.7500,4832,305.7500
2000-10-31,304.2500,308.0000,303.0000,305.5000,3432,305.5000
2000-11-01,306.5000,308.0000,305.5000,305.5000,5880,305.5000
2000-11-02,309.2500,313.0000,308.5000,312.5000,7045,312.5000
2000-11-03,313.2500,319.0000,313.0000,318.7500,5118,318.7500
2000-11-06,320.0000,320.0000,314.5000,317.2500,3430,317.2500
2000-11-07,315.5000,316.5000,314.5000,315.5000,3769,315.5000
2000-11-08,317.0000,317.5000,314.7500,316.5000,6271,316.5000
2000-11-09,315.0000,315.5000,309.5000,309.5000,4618,309.5000
2000-11-10,308.5000,309.7500,307.0000,307.7500,5321,307.7500
2000-11-13,307.5000,309.7500,307.5000,309.0000,5373,309.0000
2000-11-14,309.5000,311.0000,308.2500,308.5000,3275,308.5000
2000-11-15,308.0000,310.0000,307.0000,307.5000,6573,307.5000
2000-11-16,307.0000,310.2500,306.0000,307.0000,6140,307.0000
2000-11-17,308.5000,310.5000,308.0000,309.5000,4025,309.5000
2000-11-20,310.5000,313.2500,309.5000,309.5000,3798,309.5000
2000-11-21,308.7500,310.0000,307.7500,310.0000,5863,310.0000
2000-11-22,312.7500,313.0000,311.2500,313.0000,5595,313.0000
2000-11-24,315.0000,318.5000,315.0000,318.2500,6803,318.2500
2000-11-27,319.0000,319.0000,313.5000,315.0000,8792,315.0000
2000-11-28,313.0000,313.5000,309.0000,310.7500,11954,310.7500
2000-11-29,310.5000,310.7500,306.0000,306.2500,3028,306.2500
2000-11-30,305.5000,310.5000,305.0000,309.0000,1983,309.0000
2000-12-01,309.0000,312.2500,308.2500,312.0000,851,312.0000
2000-12-04,311.7500,313.0000,310.0000,313.0000,1166,313.0000
2000-12-05,311.5000,312.0000,310.5000,310.5000,1031,310.5000
2000-12-06,310.0000,311.0000,309.0000,310.0000,337,310.0000
2000-12-07,313.0000,313.0000,307.5000,308.0000,408,308.0000
2000-12-08,306.0000,307.0000,302.0000,307.0000,132,307.0000
2000-12-11,307.5000,307.5000,304.7500,304.7500,20,304.7500
2000-12-12,305.0000,307.2500,302.5000,302.5000,46,302.5000
2000-12-13,302.5000,305.2500,302.5000,304.2500,3,304.2500
2000-12-14,301.7500,302.5000,299.0000,299.0000,2,299.0000
2000-12-15,301.5000,301.5000,298.5000,298.5000,0,298.5000
2000-12-18,301.0000,301.0000,301.0000,301.0000,0,301.0000
2000-12-19,309.0000,309.0000,309.0000,309.0000,4770,309.0000
2000-12-20,321.5000,323.5000,318.5000,321.2500,4599,321.2500
2000-12-21,320.7500,324.5000,319.2500,324.5000,4783,324.5000
2000-12-22,326.0000,328.0000,325.0000,327.5000,2376,327.5000
2000-12-26,327.0000,327.5000,325.0000,326.0000,2429,326.0000
2000-12-27,323.7500,324.0000,322.5000,324.0000,2753,324.0000
2000-12-28,325.7500,325.7500,322.5000,323.0000,3922,323.0000
2000-12-29,322.0000,330.0000,321.7500,330.0000,5071,330.0000
2001-01-02,329.0000,329.0000,325.2500,325.5000,5555,325.5000
2001-01-03,324.2500,331.0000,324.2500,330.2500,5068,330.2500
2001-01-04,330.2500,332.0000,329.2500,331.5000,5033,331.5000
2001-01-05,330.7500,331.7500,328.7500,331.5000,4142,331.5000
2001-01-08,330.0000,330.5000,327.2500,330.2500,5785,330.2500
2001-01-09,329.5000,333.5000,328.5000,333.0000,7832,333.0000
2001-01-10,333.0000,336.5000,333.0000,336.2500,10973,336.2500
2001-01-11,335.0000,340.0000,334.0000,337.5000,7217,337.5000
2001-01-12,336.0000,338.0000,335.0000,337.5000,5146,337.5000
2001-01-16,334.0000,335.5000,333.0000,333.7500,4670,333.7500
2001-01-17,332.5000,333.2500,330.5000,330.5000,4306,330.5000
2001-01-18,332.5000,334.0000,331.7500,332.0000,5032,332.0000
2001-01-19,332.7500,335.0000,330.5000,332.5000,3037,332.5000
2001-01-22,331.5000,333.5000,329.0000,331.7500,4445,331.7500
2001-01-23,331.5000,334.0000,329.5000,332.5000,4451,332.5000
2001-01-24,331.5000,332.5000,328.5000,332.2500,3218,332.2500
2001-01-25,332.0000,332.7500,328.0000,328.0000,5446,328.0000
2001-01-26,327.0000,327.0000,325.0000,325.0000,13983,325.0000
2001-01-29,320.0000,322.0000,313.0000,315.0000,8316,315.0000
2001-01-30,315.0000,316.5000,314.0000,315.0000,4637,315.0000
2001-01-31,314.0000,318.5000,313.0000,318.2500,4330,318.2500
2001-02-01,317.0000,319.5000,316.0000,316.5000,3703,316.5000
2001-02-02,315.7500,318.5000,315.5000,318.5000,3649,318.5000
2001-02-05,318.0000,318.2500,315.0000,315.5000,5127,315.5000
2001-02-06,314.7500,316.5000,312.5000,313.0000,7597,313.0000
2001-02-07,313.2500,315.0000,312.5000,313.2500,3992,313.2500
2001-02-08,312.5000,316.0000,312.0000,312.0000,4528,312.0000
2001-02-09,312.7500,315.0000,311.5000,312.0000,0,312.0000
2001-02-12,311.2500,312.0000,307.5000,307.7500,8400,307.7500
2001-02-13,306.5000,309.0000,306.2500,308.7500,5282,308.7500
2001-02-14,310.5000,313.5000,310.0000,311.7500,7575,311.7500
2001-02-15,313.5000,313.7500,309.5000,311.7500,3020,311.7500
2001-02-16,310.7500,312.5000,309.5000,310.0000,3610,310.0000
2001-02-20,311.0000,312.5000,310.5000,311.0000,3725,311.0000
2001-02-21,310.5000,312.5000,308.0000,308.5000,11293,308.5000
2001-02-22,310.0000,311.5000,307.7500,308.0000,7145,308.0000
2001-02-23,308.0000,308.7500,305.2500,307.0000,9505,307.0000
2001-02-26,307.5000,308.0000,304.5000,305.5000,10030,305.5000
2001-02-27,305.2500,306.5000,304.5000,305.0000,2678,305.0000
2001-02-28,305.5000,313.0000,305.0000,311.2500,1015,311.2500
2001-03-01,315.5000,316.7500,313.0000,314.0000,743,314.0000
2001-03-02,315.0000,317.5000,314.2500,316.0000,179,316.0000
2001-03-05,319.5000,321.0000,318.5000,320.0000,149,320.0000
2001-03-06,320.2500,320.2500,318.2500,318.2500,242,318.2500
2001-03-07,317.0000,317.0000,315.5000,315.5000,343,315.5000
2001-03-08,317.2500,317.2500,314.7500,316.5000,2,316.5000
2001-03-09,315.5000,317.0000,315.5000,317.0000,6,317.0000
2001-03-12,320.5000,323.5000,320.5000,323.5000,3,323.5000
2001-03-13,325.5000,325.5000,323.0000,323.0000,366,323.0000
2001-03-14,322.0000,322.5000,321.0000,321.0000,0,321.0000
2001-03-15,314.0000,314.0000,314.0000,314.0000,5,314.0000
2001-03-16,314.0000,314.0000,310.5000,310.5000,0,310.5000
2001-03-19,307.5000,307.5000,306.0000,306.0000,0,306.0000
2001-03-20,306.5000,306.5000,306.5000,306.5000,0,306.5000
2001-03-21,304.0000,304.0000,304.0000,304.0000,2355,304.0000
2001-03-22,307.0000,307.5000,303.5000,303.7500,2293,303.7500
2001-03-23,305.5000,307.2500,305.0000,306.7500,2521,306.7500
2001-03-26,309.2500,312.0000,309.0000,311.0000,2189,311.0000
2001-03-27,312.5000,313.0000,310.0000,311.7500,2372,311.7500
2001-03-28,311.2500,311.7500,308.5000,309.0000,1789,309.0000
2001-03-29,309.2500,311.0000,308.7500,309.2500,4459,309.2500
2001-03-30,311.0000,314.0000,301.0000,301.2500,2668,301.2500
2001-04-02,303.7500,306.2500,302.5000,304.7500,3961,304.7500
2001-04-03,305.2500,310.0000,301.5000,309.0000,2718,309.0000
2001-04-04,309.2500,311.2500,307.5000,310.5000,2907,310.5000
2001-04-05,311.2500,312.0000,307.0000,309.2500,2261,309.2500
2001-04-06,310.0000,310.5000,307.2500,309.0000,3040,309.0000
2001-04-09,309.5000,310.0000,305.0000,306.2500,4097,306.2500
2001-04-10,307.0000,307.2500,302.2500,302.7500,2513,302.7500
2001-04-11,303.0000,307.5000,303.0000,307.0000,4151,307.0000
2001-04-12,309.5000,317.0000,309.0000,313.2500,4649,313.2500
2001-04-16,320.0000,321.0000,318.0000,319.0000,3651,319.0000
2001-04-17,317.0000,318.5000,315.5000,316.5000,3444,316.5000
2001-04-18,315.0000,320.2500,314.7500,318.7500,2286,318.7500
2001-04-19,318.7500,318.7500,314.5000,318.0000,4317,318.0000
2001-04-20,318.0000,323.0000,318.0000,319.7500,3924,319.7500
2001-04-23,320.0000,321.5000,313.0000,320.0000,3795,320.0000
2001-04-24,318.5000,321.0000,316.2500,318.2500,7154,318.2500
2001-04-25,320.0000,328.0000,320.0000,326.2500,4940,326.2500
2001-04-26,331.0000,332.0000,327.5000,328.5000,6238,328.5000
2001-04-27,327.5000,328.0000,323.0000,323.7500,1424,323.7500
2001-04-30,326.0000,331.5000,323.5000,331.0000,969,331.0000
2001-05-01,332.0000,333.5000,328.0000,329.5000,566,329.5000
2001-05-02,327.0000,328.5000,325.0000,326.0000,180,326.0000
2001-05-03,323.0000,323.0000,320.5000,322.0000,50,322.0000
2001-05-04,319.5000,321.7500,319.5000,321.7500,58,321.7500
2001-05-07,322.0000,322.0000,315.0000,319.5000,24,319.5000
2001-05-08,317.2500,318.0000,315.0000,318.0000,73,318.0000
2001-05-09,315.5000,315.5000,314.5000,315.0000,43,315.0000
2001-05-10,321.0000,321.0000,320.0000,320.0000,1,320.0000
2001-05-11,323.0000,323.0000,323.0000,323.0000,20,323.0000
2001-05-14,331.5000,333.0000,331.5000,332.5000,1,332.5000
2001-05-15,329.7500,329.7500,329.7500,329.7500,74,329.7500
2001-05-16,330.0000,330.0000,328.5000,328.5000,227,328.5000
2001-05-17,327.5000,327.5000,327.5000,327.5000,20,327.5000
2001-05-18,325.2500,326.2500,323.2500,324.0000,0,324.0000
2001-05-21,319.5000,319.5000,315.5000,315.5000,7077,315.5000
2001-05-22,323.0000,323.5000,316.0000,316.7500,8507,316.7500
2001-05-23,317.0000,319.0000,314.5000,316.0000,3210,316.0000
2001-05-24,317.5000,319.7500,315.7500,316.5000,5600,316.5000
2001-05-25,317.0000,318.5000,314.0000,314.0000,6193,314.0000
2001-05-29,314.0000,319.5000,312.0000,319.2500,4226,319.2500
2001-05-30,322.0000,323.2500,320.2500,320.2500,6500,320.2500
2001-05-31,320.7500,324.5000,320.7500,323.5000,6074,323.5000
2001-06-01,326.7500,330.0000,326.5000,328.2500,5013,328.2500
2001-06-04,326.0000,326.5000,319.5000,319.7500,6960,319.7500
2001-06-05,321.0000,321.5000,313.2500,313.7500,7499,313.7500
2001-06-06,313.0000,315.7500,311.0000,313.2500,6204,313.2500
2001-06-07,315.0000,321.0000,315.0000,316.7500,4423,316.7500
2001-06-08,317.0000,318.5000,316.5000,317.5000,4617,317.5000
2001-06-11,317.5000,320.0000,314.5000,314.5000,5812,314.5000
2001-06-12,315.5000,317.0000,313.0000,316.5000,4649,316.5000
2001-06-13,316.5000,317.5000,314.5000,315.5000,6064,315.5000
2001-06-14,313.0000,314.5000,311.5000,312.5000,7848,312.5000
2001-06-15,310.7500,311.2500,308.0000,308.2500,7314,308.2500
2001-06-18,307.0000,314.0000,306.5000,313.0000,6163,313.0000
2001-06-19,313.5000,313.7500,309.5000,312.2500,7306,312.2500
2001-06-20,313.0000,313.2500,308.5000,308.7500,6827,308.7500
2001-06-21,307.0000,308.7500,305.5000,305.5000,7657,305.5000
2001-06-22,305.2500,305.5000,301.5000,301.7500,10868,301.7500
2001-06-25,300.0000,300.7500,293.0000,293.5000,11025,293.5000
2001-06-26,293.5000,297.0000,293.5000,295.2500,10710,295.2500
2001-06-27,296.0000,298.0000,294.5000,295.0000,14171,295.0000
2001-06-28,295.0000,295.5000,289.2500,289.5000,3697,289.5000
2001-06-29,294.0000,297.5000,289.7500,293.0000,1311,293.0000
2001-07-02,290.5000,295.5000,290.0000,294.5000,320,294.5000
2001-07-03,292.5000,296.7500,292.5000,295.0000,128,295.0000
2001-07-05,296.0000,300.5000,295.2500,299.0000,181,299.0000
2001-07-06,300.0000,300.0000,298.5000,298.5000,61,298.5000
2001-07-09,297.5000,298.0000,295.7500,295.7500,0,295.7500
2001-07-10,297.0000,298.0000,297.0000,298.0000,14,298.0000
2001-07-11,300.0000,302.0000,299.2500,299.7500,71,299.7500
2001-07-12,302.5000,312.0000,302.5000,312.0000,18,312.0000
2001-07-13,311.0000,311.5000,310.0000,311.5000,3,311.5000
2001-07-16,308.0000,308.0000,304.0000,304.0000,5,304.0000
2001-07-17,315.0000,315.0000,312.0000,312.0000,6,312.0000
2001-07-18,316.0000,316.0000,311.0000,311.0000,0,311.0000
2001-07-19,310.5000,310.5000,310.5000,310.5000,0,310.5000
2001-07-20,306.0000,306.0000,306.0000,306.0000,2948,306.0000
2001-07-23,311.2500,313.5000,309.0000,312.5000,3723,312.5000
2001-07-24,313.5000,314.5000,310.5000,312.2500,3652,312.2500
2001-07-25,312.5000,314.0000,311.0000,313.7500,5006,313.7500
2001-07-26,316.0000,317.5000,310.0000,312.0000,3705,312.0000
2001-07-27,312.0000,313.7500,310.0000,310.2500,4763,310.2500
2001-07-30,308.5000,308.5000,304.0000,305.0000,5156,305.0000
2001-07-31,303.5000,307.5000,302.5000,306.7500,3658,306.7500
2001-08-01,305.5000,308.0000,304.2500,304.5000,4159,304.5000
2001-08-02,305.7500,306.0000,301.0000,301.2500,6426,301.2500
2001-08-03,300.0000,300.5000,297.5000,297.5000,3173,297.5000
2001-08-06,297.5000,300.0000,296.2500,298.2500,2707,298.2500
2001-08-07,300.0000,301.2500,298.2500,298.7500,4347,298.7500
2001-08-08,299.0000,300.0000,297.0000,299.0000,4063,299.0000
2001-08-09,299.5000,302.0000,299.0000,300.7500,3794,300.7500
2001-08-10,302.5000,306.0000,300.5000,300.7500,1839,300.7500
2001-08-13,300.5000,302.0000,299.7500,301.0000,3629,301.0000
2001-08-14,298.0000,300.5000,297.0000,297.5000,8122,297.5000
2001-08-15,298.2500,298.2500,292.5000,294.5000,4454,294.5000
2001-08-16,295.5000,297.0000,291.7500,295.5000,4148,295.5000
2001-08-17,296.0000,297.5000,295.5000,296.7500,2778,296.7500
2001-08-20,292.5000,295.0000,292.0000,294.5000,2317,294.5000
2001-08-21,297.0000,297.2500,295.5000,296.2500,3984,296.2500
2001-08-22,296.0000,297.5000,294.7500,296.5000,8511,296.5000
2001-08-23,295.5000,301.2500,293.5000,301.0000,6087,301.0000
2001-08-24,300.5000,303.5000,299.5000,300.5000,4880,300.5000
2001-08-27,297.5000,299.5000,296.5000,298.7500,4920,298.7500
2001-08-28,300.2500,300.5000,295.5000,295.5000,9451,295.5000
2001-08-29,295.5000,300.2500,294.5000,298.7500,8789,298.7500
2001-08-30,298.5000,299.5000,297.0000,297.2500,2584,297.2500
2001-08-31,297.5000,301.0000,297.5000,299.0000,664,299.0000
2001-09-04,298.0000,298.2500,295.0000,297.5000,613,297.5000
2001-09-05,297.2500,297.7500,295.5000,296.7500,421,296.7500
2001-09-06,294.5000,294.5000,292.2500,292.2500,257,292.2500
2001-09-07,292.5000,293.0000,289.5000,290.0000,14,290.0000
2001-09-10,290.7500,290.7500,289.7500,290.0000,14,290.0000
2001-09-11,290.0000,290.0000,290.0000,290.0000,56,290.0000
2001-09-13,292.0000,293.7500,290.0000,293.7500,3,293.7500
2001-09-14,290.5000,290.5000,285.5000,285.5000,25,285.5000
2001-09-17,286.0000,286.0000,286.0000,286.0000,23,286.0000
2001-09-18,285.5000,285.5000,285.5000,285.5000,0,285.5000
2001-09-19,281.0000,281.0000,281.0000,281.0000,4234,281.0000
2001-09-20,291.2500,294.5000,291.2500,293.2500,5387,293.2500
2001-09-21,293.2500,293.5000,288.5000,292.5000,2869,292.5000
2001-09-24,293.0000,294.0000,291.0000,291.7500,3984,291.7500
2001-09-25,293.0000,296.0000,292.5000,294.0000,6909,294.0000
2001-09-26,294.0000,294.5000,291.5000,294.0000,2720,294.0000
2001-09-27,294.5000,295.7500,293.5000,295.0000,2720,295.0000
2001-09-28,293.0000,294.5000,290.0000,292.5000,6299,292.5000
2001-10-01,290.5000,290.5000,286.0000,286.0000,7375,286.0000
2001-10-02,285.5000,285.5000,280.5000,281.0000,4759,281.0000
2001-10-03,281.5000,285.0000,281.2500,284.7500,4780,284.7500
2001-10-04,286.0000,288.0000,285.5000,286.7500,2405,286.7500
2001-10-05,285.5000,287.0000,285.0000,286.0000,3221,286.0000
2001-10-08,286.5000,288.7500,284.0000,287.0000,4221,287.0000
2001-10-09,286.5000,287.5000,285.5000,286.2500,5372,286.2500
2001-10-10,286.5000,289.5000,285.5000,287.2500,4543,287.2500
2001-10-11,288.0000,289.2500,288.0000,288.7500,4948,288.7500
2001-10-12,286.0000,286.7500,282.0000,283.7500,4984,283.7500
2001-10-15,283.0000,284.0000,279.5000,281.7500,5019,281.7500
2001-10-16,282.5000,288.5000,282.0000,288.0000,6732,288.0000
2001-10-17,288.5000,295.0000,285.5000,295.0000,6968,295.0000
2001-10-18,296.0000,297.5000,290.5000,290.7500,3900,290.7500
2001-10-19,291.2500,295.7500,289.7500,294.0000,3433,294.0000
2001-10-22,293.7500,294.0000,288.5000,289.5000,3576,289.5000
2001-10-23,290.2500,293.5000,290.0000,291.7500,2672,291.7500
2001-10-24,292.0000,293.0000,290.5000,292.2500,5362,292.2500
2001-10-25,292.5000,297.0000,289.0000,296.2500,6996,296.2500
2001-10-26,297.0000,302.0000,297.0000,301.5000,4815,301.5000
2001-10-29,300.5000,301.0000,298.0000,299.5000,4101,299.5000
2001-10-30,301.0000,301.5000,298.5000,301.5000,3708,301.5000
2001-10-31,300.0000,301.7500,298.5000,301.5000,4502,301.5000
2001-11-01,300.0000,300.2500,295.5000,296.2500,3279,296.2500
2001-11-02,295.0000,296.5000,293.5000,293.7500,3200,293.7500
2001-11-05,291.5000,293.5000,291.0000,292.2500,3415,292.2500
2001-11-06,293.2500,294.5000,292.0000,292.7500,3689,292.7500
2001-11-07,293.2500,297.5000,293.2500,294.7500,4522,294.7500
2001-11-08,294.7500,295.5000,292.0000,292.2500,4642,292.2500
2001-11-09,290.0000,294.0000,288.0000,290.7500,3381,290.7500
2001-11-12,289.2500,291.3750,287.5000,288.0000,7293,288.0000
2001-11-13,285.0000,285.7500,282.0000,282.2500,3496,282.2500
2001-11-14,282.0000,284.2500,281.5000,282.7500,5622,282.7500
2001-11-15,283.0000,284.0000,281.5000,283.7500,4591,283.7500
2001-11-16,283.2500,290.0000,282.5000,289.5000,4599,289.5000
2001-11-19,289.0000,291.5000,288.0000,289.2500,3388,289.2500
2001-11-20,289.2500,290.0000,286.0000,287.0000,3519,287.0000
2001-11-21,287.0000,290.0000,287.0000,289.0000,4734,289.0000
2001-11-23,290.0000,292.0000,288.0000,289.5000,8405,289.5000
2001-11-26,289.0000,289.0000,282.0000,283.2500,9157,283.2500
2001-11-27,283.0000,285.0000,281.0000,284.0000,9083,284.0000
2001-11-28,284.0000,285.0000,281.0000,281.0000,9451,281.0000
2001-11-29,281.5000,283.0000,280.0000,280.2500,3644,280.2500
2001-11-30,282.0000,288.0000,282.0000,286.2500,561,286.2500
2001-12-03,286.0000,288.0000,283.2500,286.0000,134,286.0000
2001-12-04,286.0000,286.0000,283.0000,283.0000,177,283.0000
2001-12-05,283.0000,283.0000,282.0000,283.0000,43,283.0000
2001-12-06,284.0000,284.0000,281.0000,281.0000,84,281.0000
2001-12-07,281.0000,282.0000,279.0000,282.0000,3,282.0000
2001-12-10,279.5000,279.5000,279.5000,279.5000,1,279.5000
2001-12-11,278.0000,278.0000,278.0000,278.0000,12,278.0000
2001-12-12,277.5000,277.5000,277.5000,277.5000,8,277.5000
2001-12-13,275.5000,278.5000,271.5000,272.5000,3,272.5000
2001-12-14,278.0000,278.0000,278.0000,278.0000,3,278.0000
2001-12-17,278.0000,278.0000,277.0000,277.0000,2,277.0000
2001-12-18,274.5000,274.5000,274.5000,274.5000,0,274.5000
2001-12-19,273.5000,280.5000,273.5000,280.5000,4938,280.5000
2001-12-20,289.0000,289.0000,283.0000,283.7500,3789,283.7500
2001-12-21,284.0000,285.7500,283.0000,283.0000,2994,283.0000
2001-12-26,283.0000,283.5000,280.0000,282.0000,3598,282.0000
2001-12-27,283.0000,285.5000,282.0000,284.7500,3177,284.7500
2001-12-28,284.5000,286.0000,283.0000,285.5000,2221,285.5000
2001-12-31,284.0000,285.0000,282.0000,284.0000,3543,284.0000
2002-01-02,283.5000,285.5000,281.0000,283.7500,6848,283.7500
2002-01-03,283.7500,289.5000,283.0000,288.5000,5526,288.5000
2002-01-04,287.5000,292.0000,286.7500,291.0000,7846,291.0000
2002-01-07,290.5000,294.5000,290.0000,290.5000,4034,290.5000
2002-01-08,290.0000,291.0000,288.5000,290.5000,3770,290.5000
2002-01-09,292.0000,292.5000,288.5000,289.5000,5539,289.5000
2002-01-10,289.0000,291.2500,287.5000,289.7500,5243,289.7500
2002-01-11,292.5000,295.5000,289.0000,293.0000,6731,293.0000
2002-01-14,295.0000,297.5000,293.5000,294.5000,4612,294.5000
2002-01-15,293.5000,295.0000,292.0000,292.7500,5416,292.7500
2002-01-16,291.0000,294.0000,290.0000,293.7500,5465,293.7500
2002-01-17,293.5000,295.5000,291.0000,295.5000,4129,295.5000
2002-01-18,296.0000,296.5000,292.5000,293.7500,3044,293.7500
2002-01-22,292.5000,292.7500,290.0000,290.5000,6400,290.5000
2002-01-23,290.0000,290.5000,288.0000,289.5000,3897,289.5000
2002-01-24,289.0000,292.0000,288.5000,291.7500,6989,291.7500
2002-01-25,293.0000,297.0000,290.5000,296.0000,5398,296.0000
2002-01-28,293.0000,293.2500,288.5000,288.7500,6892,288.7500
2002-01-29,288.0000,289.5000,285.5000,286.2500,6769,286.2500
2002-01-30,284.5000,285.0000,282.0000,283.0000,4600,283.0000
2002-01-31,283.2500,286.0000,283.0000,285.5000,3445,285.5000
2002-02-01,286.0000,288.0000,285.0000,286.2500,3699,286.2500
2002-02-04,286.2500,286.7500,282.5000,283.7500,2861,283.7500
2002-02-05,284.5000,285.5000,282.7500,284.2500,3106,284.2500
2002-02-06,285.0000,286.0000,282.5000,283.5000,5238,283.5000
2002-02-07,284.2500,287.0000,283.5000,285.7500,2922,285.7500
2002-02-08,286.5000,287.0000,285.0000,286.2500,2604,286.2500
2002-02-11,285.5000,287.0000,284.5000,285.2500,2549,285.2500
2002-02-12,285.0000,286.0000,284.5000,284.7500,3656,284.7500
2002-02-13,284.7500,286.2500,284.2500,285.2500,3385,285.2500
2002-02-14,284.7500,285.0000,284.0000,285.0000,7256,285.0000
2002-02-15,284.5000,284.7500,280.0000,281.5000,8619,281.5000
2002-02-19,282.0000,284.5000,281.5000,284.0000,5283,284.0000
2002-02-20,284.0000,286.0000,283.0000,286.0000,7811,286.0000
2002-02-21,287.5000,289.0000,284.0000,286.0000,8379,286.0000
2002-02-22,286.0000,291.0000,285.0000,288.2500,9389,288.2500
2002-02-25,290.0000,290.0000,283.0000,284.5000,7635,284.5000
2002-02-26,284.5000,287.0000,281.5000,282.5000,8648,282.5000
2002-02-27,282.0000,282.5000,279.5000,280.2500,2420,280.2500
2002-02-28,280.0000,281.0000,276.5000,276.7500,1620,276.7500
2002-03-01,277.0000,279.5000,276.5000,279.5000,614,279.5000
2002-03-04,279.0000,280.2500,277.0000,278.7500,413,278.7500
2002-03-05,281.5000,283.0000,281.5000,283.0000,117,283.0000
2002-03-06,282.0000,285.0000,282.0000,285.0000,37,285.0000
2002-03-07,285.0000,285.0000,282.0000,282.0000,11,282.0000
2002-03-08,279.0000,282.5000,279.0000,280.0000,11,280.0000
2002-03-11,279.0000,279.0000,273.5000,276.0000,2,276.0000
2002-03-12,279.0000,279.0000,279.0000,279.0000,21,279.0000
2002-03-13,279.5000,280.5000,278.0000,278.0000,40,278.0000
2002-03-14,281.5000,281.5000,279.5000,279.5000,12,279.5000
2002-03-15,282.0000,282.0000,282.0000,282.0000,0,282.0000
2002-03-18,280.0000,280.0000,280.0000,280.0000,0,280.0000
2002-03-19,276.0000,279.0000,276.0000,279.0000,2821,279.0000
2002-03-20,285.0000,285.7500,280.0000,280.0000,4052,280.0000
2002-03-21,281.5000,285.0000,281.0000,283.5000,2579,283.5000
2002-03-22,283.5000,285.5000,282.0000,282.0000,1907,282.0000
2002-03-25,281.5000,285.5000,280.5000,283.7500,4474,283.7500
2002-03-26,285.0000,288.0000,285.0000,287.0000,6931,287.0000
2002-03-27,287.5000,293.0000,287.5000,293.0000,10949,293.0000
2002-03-28,299.0000,300.0000,288.0000,290.0000,6658,290.0000
2002-04-01,289.0000,296.5000,289.0000,296.0000,6678,296.0000
2002-04-02,298.5000,300.0000,296.2500,296.5000,3327,296.5000
2002-04-03,296.2500,298.0000,294.5000,297.5000,3960,297.5000
2002-04-04,298.0000,298.5000,294.5000,296.5000,4177,296.5000
2002-04-05,294.0000,294.5000,291.0000,291.5000,5413,291.5000
2002-04-08,289.5000,290.5000,286.0000,286.0000,5688,286.0000
2002-04-09,285.0000,286.0000,280.5000,281.2500,6796,281.2500
2002-04-10,279.0000,282.7500,279.0000,281.7500,4795,281.7500
2002-04-11,281.5000,283.0000,279.0000,279.7500,4385,279.7500
2002-04-12,279.0000,281.5000,277.0000,281.5000,2412,281.5000
2002-04-15,283.0000,284.0000,282.5000,282.7500,4666,282.7500
2002-04-16,284.0000,288.7500,284.0000,287.7500,6264,287.7500
2002-04-17,289.0000,294.5000,287.2500,293.2500,5156,293.2500
2002-04-18,295.0000,296.0000,288.5000,289.7500,2897,289.7500
2002-04-19,291.0000,291.0000,286.5000,289.0000,2172,289.0000
2002-04-22,288.0000,288.7500,284.0000,285.0000,1723,285.0000
2002-04-23,283.5000,284.0000,281.0000,282.0000,2533,282.0000
2002-04-24,282.0000,283.0000,278.0000,279.5000,2786,279.5000
2002-04-25,278.5000,280.5000,274.5000,275.0000,5447,275.0000
2002-04-26,274.0000,276.0000,273.2500,274.0000,5162,274.0000
2002-04-29,274.2500,276.0000,271.2500,271.2500,1736,271.2500
2002-04-30,272.5000,275.5000,271.7500,274.0000,872,274.0000
2002-05-01,275.0000,278.0000,275.0000,278.0000,336,278.0000
2002-05-02,279.0000,279.0000,272.2500,272.2500,58,272.2500
2002-05-03,272.2500,274.5000,272.2500,274.5000,118,274.5000
2002-05-06,273.5000,275.7500,273.5000,275.7500,2,275.7500
2002-05-07,280.0000,280.0000,278.0000,278.0000,99,278.0000
2002-05-08,278.0000,278.0000,278.0000,278.0000,157,278.0000
2002-05-09,277.7500,278.0000,277.2500,277.2500,133,277.2500
2002-05-10,277.7500,277.7500,275.2500,277.0000,0,277.0000
2002-05-13,278.5000,278.5000,278.5000,278.5000,2,278.5000
2002-05-14,280.0000,280.0000,279.0000,279.0000,2,279.0000
2002-05-15,279.5000,282.0000,279.5000,282.0000,5,282.0000
2002-05-16,280.0000,280.0000,276.5000,276.5000,4,276.5000
2002-05-17,274.0000,274.0000,274.0000,274.0000,16,274.0000
2002-05-20,278.0000,278.0000,278.0000,278.0000,0,278.0000
2002-05-21,279.0000,279.0000,276.0000,276.0000,5820,276.0000
2002-05-22,282.5000,282.5000,280.0000,280.2500,3480,280.2500
2002-05-23,280.7500,284.0000,279.0000,284.0000,3666,284.0000
2002-05-24,281.5000,283.0000,280.5000,280.7500,1789,280.7500
2002-05-28,279.7500,284.0000,279.7500,281.5000,4148,281.5000
2002-05-29,281.0000,288.0000,281.0000,286.5000,2902,286.5000
2002-05-30,286.0000,287.2500,283.5000,286.7500,8657,286.7500
2002-05-31,287.5000,293.7500,286.2500,293.0000,14750,293.0000
2002-06-03,294.5000,304.7500,292.5000,302.7500,9560,302.7500
2002-06-04,305.0000,306.5000,299.5000,300.0000,3885,300.0000
2002-06-05,299.5000,303.5000,299.0000,302.2500,5208,302.2500
2002-06-06,301.7500,305.0000,301.7500,303.0000,6781,303.0000
2002-06-07,299.0000,300.0000,296.0000,298.0000,3654,298.0000
2002-06-10,296.0000,298.0000,294.5000,297.5000,4188,297.5000
2002-06-11,298.0000,300.0000,296.7500,299.2500,8359,299.2500
2002-06-12,302.2500,306.7500,300.5000,305.0000,12902,305.0000
2002-06-13,305.0000,316.5000,304.0000,313.5000,8101,313.5000
2002-06-14,314.5000,315.5000,310.5000,313.2500,5134,313.2500
2002-06-17,312.5000,312.5000,306.5000,308.0000,4211,308.0000
2002-06-18,308.2500,309.0000,305.5000,306.7500,10364,306.7500
2002-06-19,307.5000,311.0000,306.5000,310.5000,6516,310.5000
2002-06-20,311.5000,314.0000,311.0000,312.2500,7244,312.2500
2002-06-21,311.5000,313.5000,310.0000,311.2500,7086,311.2500
2002-06-24,311.0000,317.0000,310.7500,315.0000,8097,315.0000
2002-06-25,315.5000,316.0000,312.0000,313.0000,7182,313.0000
2002-06-26,310.5000,315.0000,310.5000,314.7500,5432,314.7500
2002-06-27,315.2500,325.0000,314.5000,324.7500,2286,324.7500
2002-06-28,322.2500,325.0000,320.0000,322.5000,1120,322.5000
2002-07-01,325.0000,330.0000,325.0000,329.5000,1704,329.5000
2002-07-02,328.0000,334.5000,327.5000,330.2500,1013,330.2500
2002-07-03,327.0000,334.5000,326.5000,334.5000,794,334.5000
2002-07-05,332.5000,343.0000,332.0000,343.0000,386,343.0000
2002-07-08,337.0000,341.0000,337.0000,339.5000,200,339.5000
2002-07-09,344.0000,347.0000,344.0000,344.5000,271,344.5000
2002-07-10,340.0000,348.0000,340.0000,348.0000,64,348.0000
2002-07-11,349.0000,350.0000,348.0000,350.0000,13,350.0000
2002-07-12,346.5000,346.5000,341.0000,341.0000,0,341.0000
2002-07-15,349.0000,349.0000,349.0000,349.0000,5,349.0000
2002-07-16,356.0000,356.5000,356.0000,356.5000,0,356.5000
2002-07-17,361.0000,361.0000,361.0000,361.0000,0,361.0000
2002-07-18,360.5000,360.5000,360.5000,360.5000,171,360.5000
2002-07-19,357.0000,357.0000,357.0000,357.0000,0,357.0000
2002-07-22,367.0000,367.0000,367.0000,367.0000,5303,367.0000
2002-07-23,367.0000,372.0000,364.5000,365.5000,5202,365.5000
2002-07-24,365.0000,370.7500,364.5000,368.0000,4225,368.0000
2002-07-25,367.0000,367.0000,364.0000,366.0000,5380,366.0000
2002-07-26,367.0000,368.5000,364.5000,368.0000,6861,368.0000
2002-07-29,364.0000,366.2500,358.0000,358.7500,5584,358.7500
2002-07-30,357.0000,362.7500,355.5000,361.2500,5844,361.2500
2002-07-31,367.0000,371.0000,367.0000,368.5000,6228,368.5000
2002-08-01,375.0000,379.5000,371.0000,374.0000,4186,374.0000
2002-08-02,375.0000,378.0000,374.0000,375.5000,4629,375.5000
2002-08-05,369.0000,377.0000,369.0000,376.7500,4644,376.7500
2002-08-06,376.5000,381.7500,376.0000,379.2500,5853,379.2500
2002-08-07,378.0000,383.0000,377.5000,381.7500,7229,381.7500
2002-08-08,383.5000,383.5000,375.5000,377.0000,4072,377.0000
2002-08-09,377.5000,384.0000,376.5000,381.7500,4977,381.7500
2002-08-12,395.0000,398.0000,389.0000,390.0000,5631,390.0000
2002-08-13,390.5000,399.5000,390.0000,398.2500,4952,398.2500
2002-08-14,397.0000,400.0000,397.0000,397.5000,5696,397.5000
2002-08-15,399.0000,400.0000,390.5000,391.0000,3194,391.0000
2002-08-16,388.5000,392.0000,386.0000,391.0000,4413,391.0000
2002-08-19,387.5000,393.0000,385.5000,390.7500,3946,390.7500
2002-08-20,388.0000,389.0000,381.0000,381.5000,3737,381.5000
2002-08-21,383.5000,386.0000,377.2500,380.7500,3491,380.7500
2002-08-22,378.5000,381.5000,374.2500,380.7500,5392,380.7500
2002-08-23,384.0000,391.5000,383.5000,391.0000,3798,391.0000
2002-08-26,393.0000,405.0000,392.5000,403.5000,3858,403.5000
2002-08-27,400.0000,411.0000,398.5000,405.2500,3579,405.2500
2002-08-28,408.0000,409.5000,405.0000,408.2500,3372,408.2500
2002-08-29,408.0000,413.5000,406.5000,410.0000,1413,410.0000
2002-08-30,409.0000,425.0000,409.0000,423.0000,1000,423.0000
2002-09-03,426.0000,429.0000,423.5000,428.0000,326,428.0000
2002-09-04,428.5000,443.0000,428.0000,443.0000,94,443.0000
2002-09-05,440.0000,449.2500,440.0000,449.2500,73,449.2500
2002-09-06,453.0000,468.0000,453.0000,468.0000,6,468.0000
2002-09-09,485.0000,491.0000,485.0000,489.0000,16,489.0000
2002-09-10,486.5000,487.0000,477.0000,477.0000,7,477.0000
2002-09-11,474.0000,474.0000,471.0000,471.0000,2,471.0000
2002-09-12,463.0000,463.0000,463.0000,463.0000,17,463.0000
2002-09-13,459.0000,459.0000,451.0000,451.0000,7,451.0000
2002-09-16,451.0000,451.0000,451.0000,451.0000,0,451.0000
2002-09-17,451.0000,451.0000,451.0000,451.0000,0,451.0000
2002-09-18,460.0000,460.0000,460.0000,460.0000,0,460.0000
2002-09-19,473.0000,473.0000,462.5000,462.5000,8922,462.5000
2002-09-20,452.0000,464.0000,448.0000,458.5000,6863,458.5000
2002-09-23,459.5000,459.5000,450.5000,452.7500,6366,452.7500
2002-09-24,452.0000,463.0000,445.0000,462.2500,7544,462.2500
2002-09-25,467.0000,469.0000,452.0000,456.5000,4549,456.5000
2002-09-26,459.0000,466.0000,459.0000,465.0000,6979,465.0000
2002-09-27,468.0000,472.0000,462.0000,471.0000,8507,471.0000
2002-09-30,479.0000,482.5000,472.5000,475.2500,8057,475.2500
2002-10-01,476.0000,485.0000,475.5000,481.5000,10177,481.5000
2002-10-02,484.5000,485.0000,473.0000,473.5000,10078,473.5000
2002-10-03,470.0000,472.0000,462.0000,467.5000,8270,467.5000
2002-10-04,463.0000,469.5000,460.0000,466.5000,3690,466.5000
2002-10-07,467.0000,472.0000,465.0000,467.7500,4204,467.7500
2002-10-08,468.0000,473.0000,467.5000,470.7500,5203,470.7500
2002-10-09,471.0000,471.2500,465.0000,466.0000,6573,466.0000
2002-10-10,464.5000,465.5000,458.0000,463.2500,9271,463.2500
2002-10-11,468.0000,472.5000,462.0000,468.5000,4644,468.5000
2002-10-14,466.0000,467.0000,462.5000,465.0000,9917,465.0000
2002-10-15,473.5000,482.0000,471.0000,478.2500,7043,478.2500
2002-10-16,487.0000,487.0000,474.0000,486.2500,8037,486.2500
2002-10-17,481.0000,485.5000,476.5000,479.2500,3497,479.2500
2002-10-18,479.0000,480.0000,475.0000,479.5000,4280,479.5000
2002-10-21,482.0000,482.0000,476.5000,479.2500,4412,479.2500
2002-10-22,475.0000,476.0000,469.0000,470.5000,8069,470.5000
2002-10-23,470.5000,471.5000,461.0000,462.0000,7370,462.0000
2002-10-24,462.0000,468.0000,459.0000,465.2500,4277,465.2500
2002-10-25,466.0000,467.0000,462.0000,465.7500,5094,465.7500
2002-10-28,464.5000,467.0000,460.0000,460.5000,8528,460.5000
2002-10-29,455.0000,464.0000,450.0000,463.5000,5829,463.5000
2002-10-30,464.5000,466.0000,458.5000,462.0000,5982,462.0000
2002-10-31,462.0000,466.0000,459.0000,463.5000,4398,463.5000
2002-11-01,462.0000,475.0000,462.0000,472.7500,3451,472.7500
2002-11-04,471.0000,474.0000,469.5000,472.2500,4274,472.2500
2002-11-05,471.0000,473.5000,465.5000,466.0000,5478,466.0000
2002-11-06,460.5000,464.0000,456.0000,457.0000,7817,457.0000
2002-11-07,455.0000,458.0000,449.0000,451.0000,12380,451.0000
2002-11-08,446.5000,448.5000,428.0000,429.2500,8801,429.2500
2002-11-11,421.0000,427.5000,416.0000,425.0000,8343,425.0000
2002-11-12,429.0000,432.0000,404.0000,404.0000,7485,404.0000
2002-11-13,397.0000,420.0000,396.0000,417.7500,6268,417.7500
2002-11-14,420.5000,439.0000,420.5000,438.5000,7295,438.5000
2002-11-15,442.0000,442.0000,429.0000,432.5000,3327,432.5000
2002-11-18,432.0000,433.0000,425.0000,426.7500,4381,426.7500
2002-11-19,427.5000,427.5000,419.5000,427.0000,3617,427.0000
2002-11-20,427.0000,427.0000,413.0000,418.7500,3887,418.7500
2002-11-21,418.0000,421.0000,413.0000,418.7500,4351,418.7500
2002-11-22,419.5000,428.0000,418.0000,424.2500,5570,424.2500
2002-11-25,423.0000,431.5000,422.5000,430.5000,5851,430.5000
2002-11-26,429.0000,434.0000,426.0000,428.7500,3817,428.7500
2002-11-27,430.0000,432.0000,429.0000,429.7500,2209,429.7500
2002-11-29,428.5000,433.0000,427.0000,432.7500,1538,432.7500
2002-12-02,440.0000,441.0000,429.0000,430.5000,1029,430.5000
2002-12-03,426.0000,426.0000,411.5000,411.5000,577,411.5000
2002-12-04,410.5000,416.0000,409.5000,413.5000,582,413.5000
2002-12-05,410.0000,410.5000,396.0000,400.2500,228,400.2500
2002-12-06,399.5000,405.5000,399.5000,404.0000,139,404.0000
2002-12-09,396.0000,400.0000,396.0000,398.5000,67,398.5000
2002-12-10,399.5000,401.0000,390.5000,390.5000,47,390.5000
2002-12-11,392.0000,398.0000,392.0000,395.5000,101,395.5000
2002-12-12,395.0000,396.0000,392.5000,396.0000,35,396.0000
2002-12-13,400.0000,401.0000,399.0000,399.5000,38,399.5000
2002-12-16,404.2500,404.2500,400.0000,400.0000,9,400.0000
2002-12-17,404.0000,408.0000,404.0000,406.0000,42,406.0000
2002-12-18,408.5000,408.5000,399.0000,399.0000,0,399.0000
2002-12-19,396.5000,396.5000,396.5000,396.5000,8960,396.5000
2002-12-20,385.0000,387.0000,372.0000,377.2500,1997,377.2500
2002-12-23,377.0000,382.0000,376.0000,381.7500,0,381.7500
2002-12-24,381.7500,381.7500,381.7500,381.7500,2806,381.7500
2002-12-26,384.0000,384.0000,374.0000,374.5000,4724,374.5000
2002-12-27,374.0000,375.0000,366.2500,370.5000,5257,370.5000
2002-12-30,365.0000,368.5000,361.0000,362.7500,4554,362.7500
2002-12-31,362.2500,364.0000,355.0000,359.7500,3487,359.7500
2003-01-02,358.0000,365.0000,356.0000,363.0000,0,363.0000
2003-01-03,360.0000,368.0000,359.0000,367.5000,2333,367.5000
2003-01-06,367.0000,370.0000,364.0000,364.5000,4196,364.5000
2003-01-07,365.0000,365.5000,361.0000,362.7500,7082,362.7500
2003-01-08,367.0000,370.7500,366.0000,369.5000,6867,369.5000
2003-01-09,366.5000,369.0000,361.0000,363.5000,10254,363.5000
2003-01-10,353.5000,357.0000,344.0000,345.2500,5712,345.2500
2003-01-13,342.0000,343.0000,332.5000,333.7500,5429,333.7500
2003-01-14,334.5000,342.0000,334.2500,341.0000,6051,341.0000
2003-01-15,340.5000,347.5000,340.5000,346.7500,6140,346.7500
2003-01-16,347.0000,347.7500,343.5000,345.5000,4787,345.5000
2003-01-17,345.5000,351.0000,343.5000,350.2500,3354,350.2500
2003-01-21,350.5000,352.0000,348.0000,349.0000,4713,349.0000
2003-01-22,349.0000,353.5000,346.0000,346.2500,3905,346.2500
2003-01-23,345.5000,348.0000,341.0000,345.0000,3880,345.0000
2003-01-24,343.5000,351.0000,343.5000,350.5000,4538,350.5000
2003-01-27,350.5000,355.0000,344.0000,347.0000,3726,347.0000
2003-01-28,346.5000,352.5000,346.5000,349.0000,3984,349.0000
2003-01-29,348.5000,353.0000,348.0000,349.5000,3244,349.5000
2003-01-30,348.5000,351.5000,346.0000,350.2500,5670,350.2500
2003-01-31,352.0000,359.5000,352.0000,356.2500,3733,356.2500
2003-02-03,355.0000,358.2500,354.0000,358.2500,5623,358.2500
2003-02-04,358.7500,361.5000,358.0000,359.7500,4156,359.7500
2003-02-05,357.5000,362.0000,356.0000,360.0000,2374,360.0000
2003-02-06,358.5000,360.0000,357.0000,358.7500,5626,358.7500
2003-02-07,361.5000,365.0000,357.0000,360.0000,4677,360.0000
2003-02-10,362.5000,364.5000,361.0000,361.2500,4962,361.2500
2003-02-11,360.0000,361.5000,357.0000,359.5000,5468,359.5000
2003-02-12,359.0000,362.0000,356.0000,357.5000,3544,357.5000
2003-02-13,356.0000,357.2500,353.5000,355.5000,3041,355.5000
2003-02-14,356.0000,359.0000,354.5000,359.0000,3306,359.0000
2003-02-18,358.5000,360.0000,357.5000,358.2500,5234,358.2500
2003-02-19,358.5000,360.0000,354.0000,354.5000,4668,354.5000
2003-02-20,353.5000,358.0000,352.0000,358.0000,5626,358.0000
2003-02-21,357.0000,360.0000,356.0000,359.7500,4338,359.7500
2003-02-24,356.0000,356.5000,352.0000,354.0000,5473,354.0000
2003-02-25,354.0000,355.7500,350.2500,350.2500,5619,350.2500
2003-02-26,349.0000,349.5000,344.5000,349.0000,6194,349.0000
2003-02-27,345.5000,346.5000,338.5000,338.5000,1642,338.5000
2003-02-28,340.2500,344.0000,339.7500,341.0000,987,341.0000
2003-03-03,343.0000,348.0000,343.0000,346.5000,992,346.5000
2003-03-04,348.0000,352.0000,345.0000,352.0000,729,352.0000
2003-03-05,349.0000,354.5000,348.0000,354.5000,445,354.5000
2003-03-06,354.0000,360.0000,354.0000,358.0000,655,358.0000
2003-03-07,358.5000,358.5000,352.0000,352.0000,321,352.0000
2003-03-10,351.0000,354.0000,351.0000,354.0000,311,354.0000
2003-03-11,350.5000,351.5000,349.0000,350.0000,100,350.0000
2003-03-12,350.0000,350.0000,347.0000,350.0000,41,350.0000
2003-03-13,349.5000,349.5000,349.0000,349.0000,47,349.0000
2003-03-14,352.5000,352.5000,349.0000,352.0000,81,352.0000
2003-03-17,346.5000,347.2500,344.0000,344.0000,3,344.0000
2003-03-18,344.0000,344.0000,342.0000,342.0000,51,342.0000
2003-03-19,341.0000,343.0000,340.0000,342.7500,0,342.7500
2003-03-20,344.0000,344.0000,344.0000,344.0000,2459,344.0000
2003-03-21,324.5000,325.5000,319.5000,320.0000,2149,320.0000
2003-03-24,319.0000,320.0000,314.0000,314.2500,1914,314.2500
2003-03-25,313.5000,317.7500,312.2500,316.0000,2478,316.0000
2003-03-26,320.0000,323.0000,320.0000,320.7500,3237,320.7500
2003-03-27,322.0000,324.0000,320.2500,320.7500,2178,320.7500
2003-03-28,320.2500,321.5000,315.0000,316.0000,2570,316.0000
2003-03-31,320.2500,322.0000,317.5000,320.7500,2514,320.7500
2003-04-01,320.7500,321.0000,317.5000,318.2500,1634,318.2500
2003-04-02,319.5000,320.5000,317.2500,319.7500,1852,319.7500
2003-04-03,317.0000,319.5000,315.0000,318.0000,1756,318.0000
2003-04-04,320.0000,322.0000,318.0000,318.2500,2047,318.2500
2003-04-07,321.0000,324.5000,320.5000,322.5000,3575,322.5000
2003-04-08,321.0000,324.2500,319.5000,320.0000,3160,320.0000
2003-04-09,320.0000,323.0000,319.5000,321.5000,2854,321.5000
2003-04-10,322.5000,324.0000,318.0000,321.0000,3009,321.0000
2003-04-11,321.0000,322.5000,319.0000,320.5000,3189,320.5000
2003-04-14,319.7500,321.0000,316.0000,318.0000,2486,318.0000
2003-04-15,316.7500,323.0000,316.7500,321.5000,2795,321.5000
2003-04-16,317.0000,318.0000,316.2500,317.0000,2368,317.0000
2003-04-17,316.0000,320.0000,315.7500,319.5000,1409,319.5000
2003-04-21,315.7500,319.5000,315.0000,319.2500,2065,319.2500
2003-04-22,319.0000,322.0000,317.2500,320.5000,2925,320.5000
2003-04-23,319.5000,326.5000,319.5000,325.0000,5493,325.0000
2003-04-24,326.5000,327.2500,324.5000,325.2500,5176,325.2500
2003-04-25,324.0000,325.0000,322.0000,323.5000,4399,323.5000
2003-04-28,321.0000,327.0000,320.0000,324.0000,3616,324.0000
2003-04-29,323.5000,325.5000,320.0000,320.0000,2644,320.0000
2003-04-30,319.5000,324.5000,319.5000,321.5000,805,321.5000
2003-05-01,321.0000,323.0000,320.0000,322.0000,484,322.0000
2003-05-02,322.0000,327.5000,322.0000,325.2500,292,325.2500
2003-05-05,328.0000,332.0000,326.0000,332.0000,329,332.0000
2003-05-06,330.0000,338.0000,330.0000,336.0000,401,336.0000
2003-05-07,337.0000,344.0000,337.0000,341.0000,123,341.0000
2003-05-08,340.0000,349.0000,340.0000,341.0000,253,341.0000
2003-05-09,342.0000,362.0000,342.0000,361.0000,47,361.0000
2003-05-12,367.5000,375.0000,356.0000,372.0000,88,372.0000
2003-05-13,374.5000,374.5000,370.0000,372.5000,47,372.5000
2003-05-14,371.0000,371.0000,359.0000,359.0000,42,359.0000
2003-05-15,356.5000,363.0000,354.0000,363.0000,15,363.0000
2003-05-16,359.0000,359.0000,359.0000,359.0000,2,359.0000
2003-05-19,357.5000,357.5000,340.0000,340.0000,75,340.0000
2003-05-20,349.0000,349.0000,349.0000,349.0000,4743,349.0000
2003-05-21,343.5000,345.0000,336.5000,341.7500,4252,341.7500
2003-05-22,340.0000,340.7500,332.0000,332.7500,5723,332.7500
2003-05-23,331.5000,332.5000,324.5000,326.5000,6718,326.5000
2003-05-27,322.0000,332.0000,320.0000,331.5000,8454,331.5000
2003-05-28,330.2500,332.0000,323.0000,326.2500,5142,326.2500
2003-05-29,324.5000,331.0000,323.0000,329.7500,4835,329.7500
2003-05-30,327.5000,334.7500,326.2500,327.2500,4385,327.2500
2003-06-02,324.5000,331.0000,322.0000,322.0000,6852,322.0000
2003-06-03,322.5000,326.5000,322.0000,322.5000,3996,322.5000
2003-06-04,323.0000,326.0000,317.0000,317.0000,6151,317.0000
2003-06-05,312.5000,323.5000,312.5000,318.5000,7576,318.5000
2003-06-06,318.5000,322.5000,318.2500,320.2500,5898,320.2500
2003-06-09,318.5000,328.0000,318.5000,325.2500,5097,325.2500
2003-06-10,325.2500,335.5000,325.2500,330.0000,5911,330.0000
2003-06-11,326.0000,330.5000,323.0000,325.7500,6047,325.7500
2003-06-12,326.5000,335.0000,326.5000,331.5000,6084,331.5000
2003-06-13,330.0000,331.5000,316.0000,316.5000,6060,316.5000
2003-06-16,316.0000,318.0000,311.0000,312.0000,5198,312.0000
2003-06-17,310.5000,314.5000,309.0000,311.2500,6500,311.2500
2003-06-18,312.0000,314.0000,310.5000,312.0000,4279,312.0000
2003-06-19,314.0000,315.0000,310.5000,311.5000,5199,311.5000
2003-06-20,310.0000,310.5000,306.0000,307.0000,6204,307.0000
2003-06-23,305.5000,306.7500,303.5000,304.2500,4595,304.2500
2003-06-24,301.0000,305.2500,300.0000,300.5000,5509,300.5000
2003-06-25,301.0000,303.5000,300.2500,302.2500,5342,302.2500
2003-06-26,303.5000,307.0000,302.0000,302.2500,6810,302.2500
2003-06-27,302.5000,303.5000,299.5000,300.2500,6383,300.2500
2003-06-30,300.0000,304.0000,300.0000,300.2500,4718,300.2500
2003-07-01,299.0000,302.7500,299.0000,301.2500,2984,301.2500
2003-07-02,301.0000,304.0000,300.7500,301.0000,1119,301.0000
2003-07-03,301.5000,330.0000,299.0000,299.0000,984,299.0000
2003-07-07,297.0000,299.0000,296.0000,296.0000,582,296.0000
2003-07-08,295.2500,297.0000,294.5000,294.5000,499,294.5000
2003-07-09,296.0000,301.0000,296.0000,300.0000,448,300.0000
2003-07-10,300.0000,301.0000,299.2500,299.2500,574,299.2500
2003-07-11,299.0000,304.5000,296.0000,302.0000,215,302.0000
2003-07-14,303.0000,306.5000,302.0000,302.5000,93,302.5000
2003-07-15,304.5000,304.5000,303.0000,303.2500,26,303.2500
2003-07-16,304.2500,309.0000,304.0000,309.0000,216,309.0000
2003-07-17,311.0000,316.5000,311.0000,315.0000,178,315.0000
2003-07-18,317.7500,324.0000,317.7500,323.0000,54,323.0000
2003-07-21,323.0000,324.5000,323.0000,323.0000,4,323.0000
2003-07-22,321.5000,328.0000,318.0000,318.0000,5998,318.0000
2003-07-23,325.0000,335.0000,325.0000,333.0000,6861,333.0000
2003-07-24,331.5000,343.0000,331.5000,332.5000,7865,332.5000
2003-07-25,331.5000,333.5000,329.0000,331.0000,5462,331.0000
2003-07-28,332.2500,338.0000,332.2500,337.2500,5140,337.2500
2003-07-29,342.0000,343.0000,337.5000,337.7500,7495,337.7500
2003-07-30,335.0000,338.5000,331.5000,333.2500,8860,333.2500
2003-07-31,333.2500,343.0000,332.5000,342.2500,9497,342.2500
2003-08-01,343.2500,349.0000,342.0000,346.5000,8941,346.5000
2003-08-04,345.5000,350.0000,344.0000,349.0000,4841,349.0000
2003-08-05,351.0000,352.0000,343.7500,344.5000,4499,344.5000
2003-08-06,345.5000,354.5000,345.0000,353.2500,6726,353.2500
2003-08-07,354.0000,356.0000,352.0000,352.5000,7938,352.5000
2003-08-08,352.5000,353.5000,350.0000,353.0000,4581,353.0000
2003-08-11,353.0000,358.0000,353.0000,356.5000,5177,356.5000
2003-08-12,364.0000,364.5000,359.2500,360.7500,6502,360.7500
2003-08-13,362.0000,364.5000,361.0000,364.0000,5233,364.0000
2003-08-14,367.0000,376.0000,367.0000,373.7500,7600,373.7500
2003-08-15,373.0000,382.2500,370.5000,381.2500,6948,381.2500
2003-08-18,388.0000,392.5000,385.5000,385.5000,6175,385.5000
2003-08-19,381.0000,382.0000,369.5000,371.5000,7082,371.5000
2003-08-20,371.0000,380.0000,370.5000,371.2500,4419,371.2500
2003-08-21,376.0000,376.0000,364.0000,365.7500,6104,365.7500
2003-08-22,366.0000,367.0000,363.0000,366.2500,6422,366.2500
2003-08-25,365.0000,366.0000,358.0000,360.0000,5646,360.0000
2003-08-26,364.0000,365.0000,361.5000,362.5000,5921,362.5000
2003-08-27,362.0000,362.5000,357.0000,360.5000,5066,360.5000
2003-08-28,362.5000,363.5000,356.5000,356.7500,5816,356.7500
2003-08-29,357.0000,366.0000,354.0000,365.2500,4394,365.2500
2003-09-02,361.0000,362.5000,357.5000,359.0000,947,359.0000
2003-09-03,359.7500,360.0000,355.5000,356.5000,1342,356.5000
2003-09-04,355.0000,356.5000,354.7500,355.0000,87,355.0000
2003-09-05,355.0000,355.0000,344.5000,344.7500,164,344.7500
2003-09-08,345.0000,347.2500,344.7500,346.5000,16,346.5000
2003-09-09,347.0000,347.5000,344.5000,344.5000,43,344.5000
2003-09-10,347.0000,347.0000,345.0000,345.0000,25,345.0000
2003-09-11,346.0000,346.5000,340.5000,340.5000,43,340.5000
2003-09-12,340.0000,342.0000,339.0000,342.0000,2,342.0000
2003-09-15,342.0000,342.0000,342.0000,342.0000,0,342.0000
2003-09-16,348.0000,348.0000,343.0000,343.0000,15,343.0000
2003-09-17,343.5000,343.5000,343.5000,343.5000,1,343.5000
2003-09-18,331.5000,331.5000,331.5000,331.5000,0,331.5000
2003-09-19,332.0000,332.0000,332.0000,332.0000,7001,332.0000
2003-09-22,346.0000,348.0000,341.5000,345.0000,5141,345.0000
2003-09-23,343.5000,345.5000,340.5000,342.2500,3639,342.2500
2003-09-24,341.2500,350.0000,341.2500,349.7500,5752,349.7500
2003-09-25,351.5000,361.0000,351.5000,358.5000,9941,358.5000
2003-09-26,358.5000,361.5000,356.0000,356.2500,5855,356.2500
2003-09-29,355.0000,356.0000,351.2500,352.7500,3880,352.7500
2003-09-30,351.2500,359.0000,351.2500,356.7500,5748,356.7500
2003-10-01,356.0000,363.5000,354.7500,362.2500,7074,362.2500
2003-10-02,364.0000,365.0000,356.0000,360.5000,7828,360.5000
2003-10-03,359.5000,360.5000,352.5000,354.5000,4350,354.5000
2003-10-06,347.0000,349.0000,343.0000,344.2500,7991,344.2500
2003-10-07,333.0000,340.0000,333.0000,339.7500,9683,339.7500
2003-10-08,338.5000,339.5000,333.0000,336.0000,7951,336.0000
2003-10-09,334.0000,337.0000,332.0000,334.0000,5253,334.0000
2003-10-10,334.5000,339.7500,333.0000,333.5000,5862,333.5000
2003-10-13,333.5000,337.7500,333.0000,336.5000,4630,336.5000
2003-10-14,336.5000,337.5000,329.0000,332.2500,6064,332.2500
2003-10-15,330.0000,338.0000,326.0000,337.5000,8516,337.5000
2003-10-16,338.0000,339.0000,335.5000,337.7500,4317,337.7500
2003-10-17,338.5000,341.0000,330.0000,331.5000,4139,331.5000
2003-10-20,332.0000,337.0000,331.5000,335.0000,3080,335.0000
2003-10-21,334.0000,341.0000,334.0000,340.5000,4740,340.5000
2003-10-22,345.0000,356.0000,335.0000,354.2500,12028,354.2500
2003-10-23,362.0000,372.0000,362.0000,365.5000,11935,365.5000
2003-10-24,366.0000,369.0000,363.0000,366.7500,8292,366.7500
2003-10-27,375.5000,378.0000,361.0000,364.0000,6685,364.0000
2003-10-28,362.0000,372.0000,361.5000,371.7500,6506,371.7500
2003-10-29,376.0000,379.0000,364.0000,372.0000,8619,372.0000
2003-10-30,365.5000,371.0000,364.5000,367.2500,5497,367.2500
2003-10-31,365.0000,367.5000,360.0000,366.7500,6294,366.7500
2003-11-03,366.5000,368.5000,360.5000,362.0000,5073,362.0000
2003-11-04,361.5000,363.5000,358.5000,361.0000,5538,361.0000
2003-11-05,360.5000,375.0000,359.5000,373.0000,7834,373.0000
2003-11-06,375.0000,378.5000,370.2500,370.7500,6800,370.7500
2003-11-07,370.0000,377.5000,370.0000,371.5000,6912,371.5000
2003-11-10,373.5000,382.0000,371.5000,378.7500,6775,378.7500
2003-11-11,381.0000,385.0000,377.5000,382.2500,7050,382.2500
2003-11-12,382.0000,396.0000,381.7500,393.0000,9145,393.0000
2003-11-13,394.0000,396.7500,390.0000,393.0000,7720,393.0000
2003-11-14,394.0000,396.5000,391.0000,393.2500,7045,393.2500
2003-11-17,390.5000,392.5000,387.5000,390.2500,5841,390.2500
2003-11-18,387.0000,388.0000,381.5000,382.2500,4929,382.2500
2003-11-19,377.5000,379.0000,360.0000,363.7500,9051,363.7500
2003-11-20,367.0000,369.5000,363.0000,369.2500,5327,369.2500
2003-11-21,371.5000,384.5000,371.5000,384.2500,10423,384.2500
2003-11-24,383.5000,387.5000,376.5000,380.0000,8872,380.0000
2003-11-25,376.0000,390.2500,376.0000,389.2500,5934,389.2500
2003-11-26,389.5000,394.0000,386.0000,393.7500,5310,393.7500
2003-11-28,395.0000,406.0000,395.0000,405.0000,2278,405.0000
2003-12-01,406.0000,410.5000,405.0000,410.0000,994,410.0000
2003-12-02,407.0000,410.0000,403.0000,410.0000,680,410.0000
2003-12-03,411.0000,417.5000,411.0000,415.0000,536,415.0000
2003-12-04,417.0000,420.5000,410.0000,410.0000,112,410.0000
2003-12-05,405.0000,405.0000,398.5000,400.0000,527,400.0000
2003-12-08,400.0000,404.0000,398.0000,403.5000,11,403.5000
2003-12-09,407.0000,407.0000,398.0000,401.5000,108,401.5000
2003-12-10,400.0000,400.0000,390.0000,396.0000,150,396.0000
2003-12-11,389.0000,387.0000,387.0000,387.0000,9,387.0000
2003-12-12,392.0000,392.0000,392.0000,392.0000,7,392.0000
2003-12-15,392.0000,392.0000,392.0000,392.0000,0,392.0000
2003-12-16,392.0000,392.0000,392.0000,392.0000,0,392.0000
2003-12-17,392.0000,392.0000,392.0000,392.0000,0,392.0000
2003-12-18,392.0000,392.0000,392.0000,392.0000,0,392.0000
2003-12-19,392.0000,392.0000,392.0000,392.0000,5646,392.0000
2003-12-22,394.5000,395.5000,387.0000,389.5000,4810,389.5000
2003-12-23,384.7500,386.0000,375.7500,376.2500,9489,376.2500
2003-12-24,366.0000,372.0000,366.0000,370.7500,7875,370.7500
2003-12-26,369.0000,378.0000,369.0000,374.2500,4465,374.2500
2003-12-29,374.5000,378.0000,372.0000,373.2500,3793,373.2500
2003-12-30,369.5000,377.5000,368.0000,374.0000,4915,374.0000
2003-12-31,376.0000,388.5000,375.7500,384.7500,6188,384.7500
2004-01-02,390.7500,413.0000,390.7500,409.0000,11851,409.0000
2004-01-05,406.0000,407.0000,400.0000,403.7500,9477,403.7500
2004-01-06,405.5000,406.5000,397.0000,398.5000,7359,398.5000
2004-01-07,392.0000,400.0000,392.0000,397.7500,8460,397.7500
2004-01-08,393.5000,401.0000,393.0000,398.5000,7916,398.5000
2004-01-09,396.5000,401.0000,392.0000,392.2500,6755,392.2500
2004-01-12,401.5000,410.0000,399.0000,409.7500,9468,409.7500
2004-01-13,413.5000,414.0000,401.5000,403.2500,9105,403.2500
2004-01-14,398.0000,405.5000,396.5000,403.7500,7028,403.7500
2004-01-15,401.0000,402.5000,395.0000,396.7500,5239,396.7500
2004-01-16,391.0000,405.5000,391.0000,404.5000,6725,404.5000
2004-01-20,401.0000,408.0000,401.0000,404.2500,6951,404.2500
2004-01-21,402.5000,404.0000,396.5000,401.2500,5081,401.2500
2004-01-22,401.0000,403.0000,396.0000,398.5000,5003,398.5000
2004-01-23,396.0000,402.0000,387.0000,391.2500,11548,391.2500
2004-01-26,390.5000,396.0000,388.5000,391.2500,4645,391.2500
2004-01-27,388.5000,393.0000,388.5000,390.5000,2429,390.5000
2004-01-28,389.0000,394.0000,384.0000,385.0000,7306,385.0000
2004-01-29,386.0000,393.0000,386.0000,390.5000,5497,390.5000
2004-01-30,392.5000,398.0000,392.5000,396.5000,6507,396.5000
2004-02-02,395.0000,395.5000,389.5000,392.5000,5828,392.5000
2004-02-03,392.5000,397.0000,387.5000,387.5000,6037,387.5000
2004-02-04,386.0000,387.5000,380.0000,380.5000,11210,380.5000
2004-02-05,377.0000,385.5000,377.0000,384.2500,4458,384.2500
2004-02-06,384.5000,388.0000,381.0000,381.2500,7145,381.2500
2004-02-09,379.0000,386.0000,378.2500,383.0000,4658,383.0000
2004-02-10,384.5000,391.0000,382.0000,386.0000,8675,386.0000
2004-02-11,385.5000,399.0000,385.5000,390.0000,5215,390.0000
2004-02-12,390.5000,392.5000,387.0000,388.2500,4500,388.2500
2004-02-13,388.0000,390.0000,381.0000,384.0000,5627,384.0000
2004-02-17,385.0000,387.0000,378.0000,381.2500,7108,381.2500
2004-02-18,379.2500,381.0000,376.5000,376.7500,8245,376.7500
2004-02-19,377.5000,382.0000,377.5000,382.0000,4450,382.0000
2004-02-20,382.5000,386.0000,377.5000,382.2500,5350,382.2500
2004-02-23,386.5000,403.0000,386.5000,393.2500,7021,393.2500
2004-02-24,393.5000,400.0000,391.0000,394.5000,4227,394.5000
2004-02-25,392.5000,394.0000,388.5000,391.5000,4364,391.5000
2004-02-26,389.0000,394.0000,387.5000,393.0000,3793,393.0000
2004-02-27,385.0000,387.0000,382.0000,384.2500,2832,384.2500
2004-03-01,384.0000,385.0000,376.7500,379.5000,659,379.5000
2004-03-02,377.5000,381.0000,376.0000,379.0000,181,379.0000
2004-03-03,377.0000,377.0000,373.0000,373.0000,103,373.0000
2004-03-04,372.0000,375.0000,371.0000,375.0000,59,375.0000
2004-03-05,374.0000,375.0000,371.5000,372.2500,96,372.2500
2004-03-08,368.0000,373.0000,367.0000,369.0000,26,369.0000
2004-03-09,369.0000,369.0000,369.0000,369.0000,4,369.0000
2004-03-10,369.0000,370.0000,362.0000,365.0000,7,365.0000
2004-03-11,362.0000,362.0000,362.0000,362.0000,4,362.0000
2004-03-12,365.0000,367.0000,365.0000,367.0000,2,367.0000
2004-03-15,369.0000,371.0000,369.0000,371.0000,1,371.0000
2004-03-16,382.5000,382.5000,379.0000,379.0000,4,379.0000
2004-03-17,391.0000,391.0000,391.0000,391.0000,4,391.0000
2004-03-18,403.0000,403.0000,403.0000,403.0000,2,403.0000
2004-03-19,404.5000,394.5000,394.5000,394.5000,1,394.5000
2004-03-22,410.0000,410.0000,410.0000,410.0000,8905,410.0000
2004-03-23,425.0000,431.0000,416.5000,417.0000,7505,417.0000
2004-03-24,419.0000,424.0000,412.0000,418.0000,6379,418.0000
2004-03-25,416.5000,418.5000,407.5000,409.5000,5839,409.5000
2004-03-26,408.0000,409.0000,402.0000,408.0000,5766,408.0000
2004-03-29,405.0000,409.0000,402.0000,408.0000,3824,408.0000
2004-03-30,408.5000,419.0000,408.5000,418.5000,4405,418.5000
2004-03-31,416.5000,418.5000,399.0000,412.5000,7011,412.5000
2004-04-01,411.5000,421.0000,411.0000,416.2500,8298,416.2500
2004-04-02,417.0000,425.0000,413.0000,424.2500,4609,424.2500
2004-04-05,428.0000,430.0000,414.0000,417.7500,4505,417.7500
2004-04-06,414.5000,420.0000,410.5000,419.7500,4093,419.7500
2004-04-07,419.0000,424.0000,418.0000,419.5000,5594,419.5000
2004-04-08,421.5000,422.5000,413.0000,419.0000,4677,419.0000
2004-04-12,412.0000,418.5000,411.5000,412.0000,5516,412.0000
2004-04-13,408.0000,410.0000,398.0000,398.0000,8490,398.0000
2004-04-14,398.2500,409.0000,398.0000,407.5000,5325,407.5000
2004-04-15,408.0000,408.5000,390.5000,394.0000,5158,394.0000
2004-04-16,392.0000,400.5000,392.0000,397.5000,4348,397.5000
2004-04-19,397.5000,408.0000,397.5000,403.2500,2898,403.2500
2004-04-20,399.0000,406.5000,399.0000,406.0000,2980,406.0000
2004-04-21,404.0000,401.0000,392.7500,396.5000,3553,396.5000
2004-04-22,395.5000,396.5000,389.0000,391.7500,4086,391.7500
2004-04-23,387.5000,388.7500,381.7500,385.5000,5168,385.5000
2004-04-26,380.2500,386.0000,377.0000,383.0000,4734,383.0000
2004-04-27,383.0000,391.0000,383.0000,388.5000,3466,388.5000
2004-04-28,388.5000,390.0000,382.0000,385.0000,2599,385.0000
2004-04-29,387.0000,393.0000,386.5000,390.5000,3315,390.5000
2004-04-30,391.0000,396.0000,391.0000,394.0000,1462,394.0000
2004-05-03,394.0000,398.5000,394.0000,398.0000,821,398.0000
2004-05-04,403.0000,416.0000,402.0000,415.0000,624,415.0000
2004-05-05,418.0000,420.0000,410.0000,413.0000,251,413.0000
2004-05-06,411.0000,419.0000,411.0000,416.0000,210,416.0000
2004-05-07,410.0000,419.0000,410.0000,419.0000,50,419.0000
2004-05-10,417.5000,408.5000,398.0000,402.0000,79,402.0000
2004-05-11,397.0000,398.0000,392.0000,392.5000,10,392.5000
2004-05-12,395.7500,398.0000,385.0000,385.0000,67,385.0000
2004-05-13,391.0000,391.0000,391.0000,391.0000,20,391.0000
2004-05-14,392.0000,392.0000,380.0000,380.0000,1,380.0000
2004-05-17,377.0000,379.5000,377.0000,379.5000,28,379.5000
2004-05-18,386.0000,386.0000,386.0000,386.0000,4,386.0000
2004-05-19,387.5000,387.5000,387.5000,387.5000,5345,387.5000
2004-05-20,390.0000,392.5000,383.0000,387.5000,7193,387.5000
2004-05-21,387.5000,391.0000,385.5000,387.2500,2946,387.2500
2004-05-24,388.0000,396.5000,388.0000,394.5000,5555,394.5000
2004-05-25,398.0000,399.0000,390.5000,393.7500,5555,393.7500
2004-05-26,393.5000,398.0000,393.5000,397.2500,5274,397.2500
2004-05-27,393.0000,396.0000,385.5000,386.2500,6859,386.2500
2004-05-28,384.0000,388.0000,381.2500,383.0000,5436,383.0000
2004-06-01,393.0000,410.0000,393.0000,403.2500,9332,403.2500
2004-06-02,398.5000,400.0000,393.0000,393.0000,7387,393.0000
2004-06-03,390.0000,393.0000,387.5000,388.2500,6579,388.2500
2004-06-04,388.5000,393.0000,388.5000,389.0000,4907,389.0000
2004-06-07,383.2500,386.0000,380.0000,383.5000,6914,383.5000
2004-06-08,383.0000,386.0000,381.7500,384.0000,5038,384.0000
2004-06-09,380.0000,385.0000,380.0000,382.7500,6653,382.7500
2004-06-10,379.0000,381.0000,375.0000,376.0000,9358,376.0000
2004-06-14,374.5000,381.5000,374.5000,379.0000,7888,379.0000
2004-06-15,376.5000,378.0000,373.0000,373.5000,4352,373.5000
2004-06-16,375.5000,379.5000,374.0000,374.2500,5401,374.2500
2004-06-17,376.5000,377.5000,374.2500,375.7500,4067,375.7500
2004-06-18,375.5000,378.0000,375.5000,376.0000,5065,376.0000
2004-06-21,373.5000,380.5000,373.5000,379.2500,3810,379.2500
2004-06-22,376.0000,377.0000,370.5000,371.2500,8791,371.2500
2004-06-23,369.5000,375.0000,369.5000,371.0000,4726,371.0000
2004-06-24,370.5000,371.5000,365.0000,365.5000,4525,365.5000
2004-06-25,364.5000,368.0000,364.5000,366.0000,7586,366.0000
2004-06-28,363.0000,364.5000,360.5000,361.7500,6845,361.7500
2004-06-29,361.0000,363.5000,359.0000,359.0000,7549,359.0000
2004-06-30,356.0000,358.5000,352.0000,358.5000,3657,358.5000
2004-07-01,357.0000,361.0000,355.0000,356.0000,1649,356.0000
2004-07-02,354.5000,359.0000,354.0000,359.0000,424,359.0000
2004-07-06,357.0000,363.0000,356.0000,363.0000,471,363.0000
2004-07-07,365.0000,367.5000,365.0000,366.5000,506,366.5000
2004-07-08,367.0000,367.0000,361.0000,361.0000,200,361.0000
2004-07-09,362.5000,363.0000,360.5000,360.5000,197,360.5000
2004-07-12,363.5000,378.0000,363.5000,370.0000,184,370.0000
2004-07-13,372.0000,374.0000,365.0000,367.0000,139,367.0000
2004-07-14,367.0000,376.5000,366.0000,369.5000,50,369.5000
2004-07-15,367.0000,367.2500,364.5000,364.5000,24,364.5000
2004-07-16,367.0000,367.2500,365.0000,365.0000,23,365.0000
2004-07-19,364.0000,366.2500,361.0000,366.0000,21,366.0000
2004-07-20,364.7500,364.7500,361.5000,361.5000,2,361.5000
2004-07-21,355.2500,355.2500,355.2500,355.2500,6034,355.2500
2004-07-22,356.0000,358.0000,355.0000,355.2500,4536,355.2500
2004-07-23,356.5000,360.5000,356.5000,358.0000,5128,358.0000
2004-07-26,353.0000,355.5000,350.7500,352.5000,5884,352.5000
2004-07-27,350.5000,352.5000,349.5000,350.2500,4387,350.2500
2004-07-28,349.5000,350.5000,342.5000,343.0000,7332,343.0000
2004-07-29,342.0000,347.0000,341.5000,342.7500,4892,342.7500
2004-07-30,338.0000,342.0000,333.0000,333.7500,14495,333.7500
2004-08-02,333.5000,341.0000,333.0000,340.5000,8761,340.5000
2004-08-03,338.5000,341.5000,337.0000,339.2500,3620,339.2500
2004-08-04,340.5000,345.0000,338.5000,342.0000,3931,342.0000
2004-08-05,341.0000,344.0000,340.5000,343.0000,6404,343.0000
2004-08-06,344.0000,346.5000,339.0000,339.7500,6354,339.7500
2004-08-09,338.0000,341.0000,335.2500,335.7500,9804,335.7500
2004-08-10,334.5000,335.0000,330.5000,331.0000,6128,331.0000
2004-08-11,330.0000,331.5000,323.0000,323.2500,6427,323.2500
2004-08-12,319.0000,321.0000,316.0000,317.0000,7920,317.0000
2004-08-13,316.0000,321.0000,316.0000,316.2500,2951,316.2500
2004-08-16,314.0000,319.5000,312.0000,318.0000,3775,318.0000
2004-08-17,320.0000,326.0000,320.0000,324.0000,3279,324.0000
2004-08-18,322.2500,323.0000,316.5000,318.0000,3183,318.0000
2004-08-19,319.0000,327.0000,319.0000,323.7500,3364,323.7500
2004-08-20,323.0000,327.0000,323.0000,326.5000,3554,326.5000
2004-08-23,324.0000,337.0000,324.0000,336.5000,3910,336.5000
2004-08-24,332.5000,336.0000,329.0000,329.2500,10413,329.2500
2004-08-25,328.0000,333.5000,322.5000,325.5000,3042,325.5000
2004-08-26,327.0000,328.5000,324.5000,326.7500,3626,326.7500
2004-08-27,327.0000,327.0000,322.7500,324.5000,4272,324.5000
2004-08-30,326.0000,331.0000,324.0000,324.0000,6607,324.0000
2004-08-31,324.5000,330.5000,323.0000,329.7500,3121,329.7500
2004-09-01,328.0000,339.5000,328.0000,337.0000,886,337.0000
2004-09-02,334.0000,337.0000,329.0000,329.0000,163,329.0000
2004-09-03,329.0000,330.0000,327.5000,327.5000,138,327.5000
2004-09-07,321.0000,325.0000,320.0000,324.0000,49,324.0000
2004-09-08,324.0000,330.5000,323.7500,326.7500,23,326.7500
2004-09-09,334.0000,334.5000,332.0000,332.5000,114,332.5000
2004-09-10,330.0000,340.0000,329.0000,340.0000,3,340.0000
2004-09-13,348.5000,354.0000,348.0000,354.0000,9,354.0000
2004-09-14,348.5000,348.5000,348.5000,348.5000,8582,348.5000
2004-09-15,355.5000,364.5000,355.5000,361.5000,6975,361.5000
2004-09-16,363.0000,365.0000,357.0000,363.2500,5607,363.2500
2004-09-17,365.0000,367.0000,355.0000,359.7500,8341,359.7500
2004-09-20,356.0000,359.0000,354.0000,357.5000,5526,357.5000
2004-09-21,356.5000,364.2500,355.0000,363.2500,7134,363.2500
2004-09-22,363.5000,364.0000,354.0000,355.0000,7787,355.0000
2004-09-23,354.7500,357.5000,351.0000,354.7500,7117,354.7500
2004-09-24,354.0000,355.5000,350.5000,351.7500,5011,351.7500
2004-09-27,351.5000,354.0000,348.2500,350.0000,4581,350.0000
2004-09-28,348.7500,351.0000,345.0000,345.2500,5050,345.2500
2004-09-29,346.2500,349.0000,345.0000,347.5000,3619,347.5000
2004-09-30,342.0000,342.5000,336.5000,336.7500,10229,336.7500
2004-10-01,334.5000,338.5000,332.0000,334.5000,7464,334.5000
2004-10-04,332.5000,334.0000,330.2500,332.2500,4435,332.2500
2004-10-05,331.0000,337.0000,328.2500,335.7500,5889,335.7500
2004-10-06,334.0000,337.0000,329.0000,331.0000,6234,331.0000
2004-10-07,334.0000,336.0000,332.0000,332.5000,4844,332.5000
2004-10-08,332.0000,338.0000,332.0000,332.7500,4844,332.7500
2004-10-11,332.0000,335.0000,331.7500,334.0000,2013,334.0000
2004-10-12,329.5000,341.5000,328.5000,339.7500,5679,339.7500
2004-10-13,339.5000,342.0000,336.5000,340.5000,3592,340.5000
2004-10-14,341.5000,344.5000,340.5000,343.7500,3890,343.7500
2004-10-15,345.0000,348.7500,345.0000,348.5000,6072,348.5000
2004-10-18,347.5000,349.5000,343.2500,344.0000,3434,344.0000
2004-10-19,341.5000,348.5000,341.2500,346.2500,4091,346.2500
2004-10-20,346.2500,348.0000,340.2500,340.7500,3977,340.7500
2004-10-21,339.5000,340.0000,334.7500,336.7500,4446,336.7500
2004-10-22,335.5000,338.0000,334.0000,336.0000,3615,336.0000
2004-10-25,336.0000,345.5000,336.0000,341.5000,6097,341.5000
2004-10-26,340.5000,342.5000,338.0000,341.7500,5446,341.7500
2004-10-27,344.0000,345.0000,341.0000,344.7500,6847,344.7500
2004-10-28,344.0000,350.5000,344.0000,349.7500,9263,349.7500
2004-10-29,349.5000,354.0000,345.0000,347.0000,10418,347.0000
2004-11-01,344.0000,344.5000,337.0000,339.0000,8556,339.0000
2004-11-02,339.0000,343.0000,338.7500,340.7500,4610,340.7500
2004-11-03,340.5000,342.0000,338.5000,340.0000,4383,340.0000
2004-11-04,341.0000,347.0000,340.5000,345.2500,7802,345.2500
2004-11-05,345.0000,356.0000,345.0000,350.2500,15577,350.2500
2004-11-08,350.0000,361.0000,349.2500,359.5000,11919,359.5000
2004-11-09,358.0000,362.5000,354.5000,355.5000,12536,355.5000
2004-11-10,356.5000,359.5000,350.5000,351.2500,8068,351.2500
2004-11-11,351.2500,352.0000,346.5000,349.7500,6088,349.7500
2004-11-12,346.5000,350.5000,344.0000,348.7500,6985,348.7500
2004-11-15,350.0000,354.0000,350.0000,350.2500,5653,350.2500
2004-11-16,350.5000,353.0000,348.0000,352.5000,5356,352.5000
2004-11-17,357.0000,359.5000,355.0000,357.7500,7616,357.7500
2004-11-18,354.0000,360.0000,354.0000,357.2500,7790,357.2500
2004-11-19,354.0000,355.0000,352.2500,353.5000,5704,353.5000
2004-11-22,353.5000,354.0000,350.5000,350.5000,5628,350.5000
2004-11-23,348.0000,349.5000,345.0000,346.5000,7254,346.5000
2004-11-24,345.5000,346.5000,342.5000,344.7500,6530,344.7500
2004-11-26,343.5000,344.5000,339.2500,339.7500,4090,339.7500
2004-11-29,339.0000,340.5000,335.2500,336.5000,6423,336.5000
2004-11-30,337.5000,341.0000,336.0000,341.0000,2088,341.0000
2004-12-01,341.0000,344.0000,337.5000,337.5000,828,337.5000
2004-12-02,338.0000,342.5000,337.5000,337.7500,847,337.7500
2004-12-03,337.0000,346.0000,337.0000,342.5000,654,342.5000
2004-12-06,346.0000,351.0000,346.0000,350.0000,95,350.0000
2004-12-07,348.0000,349.0000,344.0000,344.5000,415,344.5000
2004-12-08,345.0000,355.5000,345.0000,351.5000,254,351.5000
2004-12-09,350.0000,360.5000,350.0000,360.5000,212,360.5000
2004-12-10,358.0000,358.0000,350.0000,352.0000,0,352.0000
2004-12-13,354.0000,354.0000,354.0000,354.0000,0,354.0000
2004-12-14,349.5000,349.5000,349.5000,349.5000,67,349.5000
2004-12-15,334.5000,338.7500,334.5000,338.7500,0,338.7500
2004-12-16,338.0000,338.7500,338.0000,338.7500,67,338.7500
2004-12-17,335.0000,335.0000,333.7500,334.7500,34,334.7500
2004-12-20,339.7500,344.7500,339.7500,343.0000,19,343.0000
2004-12-21,339.5000,339.5000,337.2500,337.2500,51,337.2500
2004-12-22,336.0000,336.2500,335.5000,336.0000,19,336.0000
2004-12-23,338.5000,339.0000,338.0000,338.5000,30,338.5000
2004-12-27,342.0000,343.5000,337.0000,337.0000,30,337.0000
2004-12-28,336.2500,337.0000,336.0000,337.0000,30,337.0000
2004-12-29,333.2500,334.0000,333.2500,334.0000,17,334.0000
2004-12-30,333.2500,334.0000,333.2500,338.0000,36,338.0000
2005-01-03,329.5000,330.0000,328.7500,328.7500,24,328.7500
2005-01-04,328.5000,328.5000,328.5000,328.5000,13,328.5000
2005-01-05,328.5000,333.5000,328.5000,333.5000,60,333.5000
2005-01-06,333.0000,334.0000,333.0000,334.0000,13,334.0000
2005-01-07,342.0000,344.0000,342.0000,344.0000,7,344.0000
2005-01-10,338.5000,340.2500,338.5000,340.0000,103,340.0000
2005-01-11,337.5000,337.5000,334.0000,337.0000,54,337.0000
2005-01-12,337.5000,340.2500,335.7500,340.2500,22,340.2500
2005-01-13,340.0000,340.5000,339.5000,340.0000,40,340.0000
2005-01-14,342.2500,343.0000,342.2500,334.7500,40,334.7500
2005-01-17,335.2500,335.2500,334.7500,334.7500,18,334.7500
2005-01-18,334.7500,335.5000,334.7500,335.5000,22,335.5000
2005-01-19,334.7500,339.0000,334.7500,339.0000,12,339.0000
2005-01-20,338.0000,338.0000,336.5000,337.5000,22,337.5000
2005-01-21,334.7500,335.2500,334.7500,335.2500,18,335.2500
2005-01-24,333.0000,335.0000,331.0000,331.0000,8,331.0000
2005-01-25,331.0000,332.5000,331.0000,332.5000,18,332.5000
2005-01-26,330.7500,332.5000,330.7500,331.0000,19,331.0000
2005-01-27,330.0000,330.0000,328.0000,328.0000,16,328.0000
2005-01-28,323.0000,324.0000,323.0000,324.5000,4,324.5000
2005-01-31,325.7500,326.0000,325.5000,325.5000,72,325.5000
2005-02-01,326.7500,326.7500,326.5000,326.5000,36,326.5000
2005-02-02,326.7500,326.7500,323.5000,323.5000,22,323.5000
2005-02-03,323.5000,323.5000,323.5000,323.5000,3,323.5000
2005-02-04,324.2500,324.2500,324.2500,322.2500,3,322.2500
2005-02-07,322.2500,322.2500,322.2500,322.2500,132,322.2500
2005-02-08,326.2500,328.0000,326.2500,328.0000,28,328.0000
2005-02-09,327.0000,328.0000,327.0000,328.0000,35,328.0000
2005-02-10,332.2500,332.5000,331.5000,332.5000,41,332.5000
2005-02-11,332.2500,332.5000,331.5000,329.5000,30,329.5000
2005-02-14,334.7500,336.5000,334.7500,336.0000,30,336.0000
2005-02-15,334.7500,336.5000,334.7500,330.5000,30,330.5000
2005-02-16,325.2500,326.5000,325.2500,325.2500,78,325.2500
2005-02-17,325.2500,326.5000,325.2500,328.7500,78,328.7500
2005-02-18,330.5000,330.5000,330.5000,330.5000,23,330.5000
2005-02-22,345.5000,346.5000,345.5000,348.0000,31,348.0000
2005-02-23,351.0000,351.0000,351.0000,351.5000,23,351.5000
2005-02-24,345.0000,345.0000,345.0000,345.2500,3,345.2500
2005-02-25,345.0000,345.0000,345.0000,362.2500,40,362.2500
2005-02-28,359.0000,365.0000,359.0000,368.0000,5,368.0000
2005-03-01,360.0000,367.5000,360.0000,359.0000,20,359.0000
2005-03-02,359.0000,359.0000,359.0000,359.2500,20,359.2500
2005-03-03,354.0000,354.0000,354.0000,354.0000,20,354.0000
2005-03-04,357.0000,357.0000,357.0000,357.0000,20,357.0000
2005-03-07,350.0000,350.0000,350.0000,350.0000,20,350.0000
2005-03-08,356.0000,356.0000,356.0000,356.0000,20,356.0000
2005-03-09,359.0000,359.0000,359.0000,359.0000,20,359.0000
2005-03-10,368.0000,368.0000,368.0000,368.0000,20,368.0000
2005-03-11,377.0000,377.0000,377.0000,377.0000,20,377.0000
2005-03-14,369.0000,369.0000,369.0000,369.0000,29,369.0000
2005-03-15,362.0000,365.0000,362.0000,371.5000,56,371.5000
2005-03-16,369.5000,373.0000,369.0000,363.5000,13,363.5000
2005-03-17,362.7500,362.7500,362.7500,366.2500,17,366.2500
2005-03-18,366.2500,368.2500,366.2500,360.2500,26,360.2500
2005-03-21,360.0000,360.0000,356.0000,347.7500,1,347.7500
2005-03-22,348.0000,348.0000,348.0000,349.2500,86,349.2500
2005-03-23,348.0000,348.0000,345.0000,345.0000,26,345.0000
2005-03-24,345.0000,345.0000,344.0000,348.5000,1,348.5000
2005-03-28,348.0000,348.0000,348.0000,346.2500,20,346.2500
2005-03-29,346.0000,346.0000,345.5000,343.7500,4,343.7500
2005-03-30,343.7500,344.5000,343.7500,338.5000,36,338.5000
2005-03-31,338.5000,339.5000,338.5000,338.0000,52,338.0000
2005-04-01,337.0000,338.0000,337.0000,331.5000,22,331.5000
2005-04-04,331.0000,331.0000,330.0000,325.0000,4,325.0000
2005-04-05,326.0000,326.0000,325.5000,322.5000,45,322.5000
2005-04-06,323.0000,323.0000,322.7500,324.7500,45,324.7500
2005-04-07,324.7500,324.7500,324.7500,324.7500,5,324.7500
2005-04-08,324.7500,324.7500,324.7500,319.5000,5,319.5000
2005-04-11,320.5000,320.5000,320.5000,320.5000,12,320.5000
2005-04-12,321.0000,322.0000,321.0000,322.5000,46,322.5000
2005-04-13,322.5000,322.5000,321.0000,321.2500,19,321.2500
2005-04-14,321.2500,322.2500,321.2500,322.0000,19,322.0000
2005-04-15,315.2500,315.2500,315.2500,315.2500,70,315.2500
2005-04-18,314.0000,314.0000,312.7500,316.0000,1,316.0000
2005-04-19,315.5000,315.5000,315.5000,320.7500,22,320.7500
2005-04-20,320.7500,322.0000,320.5000,326.2500,10,326.2500
2005-04-21,326.2500,326.5000,326.2500,328.2500,1,328.2500
2005-04-22,327.5000,327.5000,327.5000,328.0000,3,328.0000
2005-04-25,330.0000,331.0000,330.0000,338.5000,3,338.5000
2005-04-26,338.0000,338.0000,338.0000,342.0000,2,342.0000
2005-04-27,342.0000,343.0000,342.0000,340.0000,3,340.0000
2005-04-28,339.5000,339.5000,339.5000,338.7500,3,338.7500
2005-04-29,341.0000,341.0000,341.0000,341.0000,3,341.0000
2005-05-02,337.0000,337.0000,337.0000,337.0000,3,337.0000
2005-05-03,331.0000,331.0000,331.0000,331.0000,3,331.0000
2005-05-04,328.5000,328.5000,328.5000,328.5000,3,328.5000
2005-05-05,325.7500,325.7500,325.7500,325.7500,3,325.7500
2005-05-06,328.5000,328.5000,328.5000,328.5000,3,328.5000
2005-05-09,331.5000,331.5000,331.5000,331.5000,3,331.5000
2005-05-10,338.0000,338.0000,338.0000,338.0000,3,338.0000
2005-05-11,345.0000,345.0000,345.0000,345.0000,3,345.0000
2005-05-12,346.0000,346.0000,346.0000,346.0000,3,346.0000
2005-05-13,330.0000,330.0000,330.0000,330.0000,121,330.0000
2005-05-16,309.5000,311.5000,309.5000,311.7500,80,311.7500
2005-05-17,314.0000,314.0000,312.2500,317.0000,26,317.0000
2005-05-18,316.7500,316.7500,316.0000,320.0000,6,320.0000
2005-05-19,321.2500,322.2500,321.2500,318.0000,27,318.0000
2005-05-20,318.5000,319.0000,317.2500,321.2500,78,321.2500
2005-05-23,323.0000,325.2500,323.0000,340.5000,106,340.5000
2005-05-24,338.7500,339.7500,335.5000,337.2500,64,337.2500
2005-05-25,335.7500,337.2500,335.5000,332.0000,26,332.0000
2005-05-26,333.0000,333.0000,332.0000,339.5000,34,339.5000
2005-05-27,339.0000,343.0000,339.0000,338.2500,169,338.2500
2005-05-31,340.0000,345.5000,340.0000,337.2500,30,337.2500
2005-06-01,336.5000,336.7500,335.7500,334.2500,122,334.2500
2005-06-02,334.5000,334.5000,332.0000,327.5000,34,327.5000
2005-06-03,326.5000,326.5000,325.0000,327.0000,253,327.0000
2005-06-06,326.0000,330.0000,326.0000,326.0000,89,326.0000
2005-06-07,325.5000,325.5000,324.0000,320.7500,91,320.7500
2005-06-08,320.2500,321.0000,320.0000,315.5000,270,315.5000
2005-06-09,315.5000,316.7500,315.5000,316.5000,91,316.5000
2005-06-10,316.0000,318.0000,316.0000,317.0000,80,317.0000
2005-06-13,318.2500,319.5000,318.2500,319.5000,104,319.5000
2005-06-14,318.0000,318.0000,315.2500,321.2500,39,321.2500
2005-06-15,320.5000,323.0000,320.5000,326.5000,59,326.5000
2005-06-16,326.0000,329.0000,326.0000,326.2500,31,326.2500
2005-06-17,326.0000,332.0000,326.0000,331.7500,141,331.7500
2005-06-20,326.2500,338.0000,326.2500,342.7500,97,342.7500
2005-06-21,341.5000,342.7500,338.7500,338.2500,68,338.2500
2005-06-22,338.0000,342.7500,338.0000,337.7500,22,337.7500
2005-06-23,337.7500,339.5000,337.7500,335.0000,109,335.0000
2005-06-24,334.5000,336.0000,334.2500,339.0000,120,339.0000
2005-06-27,338.0000,340.0000,334.5000,332.0000,105,332.0000
2005-06-28,339.0000,339.0000,328.0000,329.7500,47,329.7500
2005-06-29,329.5000,331.2500,329.5000,333.0000,2,333.0000
2005-06-30,331.7500,331.7500,331.7500,328.0000,2,328.0000
2005-07-01,329.5000,329.5000,329.5000,329.5000,9,329.5000
2005-07-05,329.0000,329.0000,329.0000,340.5000,9,340.5000
2005-07-06,335.5000,335.5000,335.5000,335.5000,9,335.5000
2005-07-07,337.5000,337.5000,337.5000,337.5000,9,337.5000
2005-07-08,333.0000,333.0000,333.0000,333.0000,9,333.0000
2005-07-11,332.0000,332.0000,332.0000,332.0000,9,332.0000
2005-07-12,329.0000,329.0000,329.0000,329.0000,9,329.0000
2005-07-13,335.0000,335.0000,335.0000,335.0000,9,335.0000
2005-07-14,341.0000,341.0000,341.0000,341.0000,267,341.0000
2005-07-15,346.5000,350.0000,346.5000,350.7500,415,350.7500
2005-07-18,350.2500,352.7500,348.0000,353.0000,268,353.0000
2005-07-19,351.7500,353.0000,351.7500,341.7500,94,341.7500
2005-07-20,341.2500,342.0000,340.0000,338.7500,111,338.7500
2005-07-21,338.7500,340.0000,338.0000,334.7500,46,334.7500
2005-07-22,334.7500,337.7500,334.7500,336.5000,45,336.5000
2005-07-25,336.5000,336.5000,335.0000,333.7500,69,333.7500
2005-07-26,332.5000,336.2500,332.5000,337.5000,18,337.5000
2005-07-27,336.7500,337.0000,336.5000,339.0000,73,339.0000
2005-07-28,339.0000,341.0000,339.0000,342.5000,32,342.5000
2005-07-29,342.0000,342.2500,342.0000,339.2500,89,339.2500
2005-08-01,339.5000,340.0000,337.7500,342.0000,111,342.0000
2005-08-02,342.0000,344.0000,342.0000,344.2500,91,344.2500
2005-08-03,342.2500,344.0000,341.5000,336.5000,35,336.5000
2005-08-04,336.5000,336.5000,335.5000,338.2500,25,338.2500
2005-08-05,337.5000,338.5000,337.5000,335.0000,64,335.0000
2005-08-08,335.0000,338.0000,335.0000,336.2500,65,336.2500
2005-08-09,335.7500,336.0000,334.7500,334.2500,26,334.2500
2005-08-10,333.7500,334.0000,333.7500,334.5000,56,334.5000
2005-08-11,334.5000,335.0000,334.5000,342.5000,82,342.5000
2005-08-12,340.2500,342.0000,340.2500,341.2500,18,341.2500
2005-08-15,339.5000,340.2500,339.5000,340.5000,33,340.5000
2005-08-16,339.5000,341.0000,339.5000,338.0000,62,338.0000
2005-08-17,338.0000,338.0000,337.0000,340.0000,61,340.0000
2005-08-18,340.0000,341.2500,340.0000,345.0000,104,345.0000
2005-08-19,344.5000,345.0000,344.5000,350.5000,174,350.5000
2005-08-22,349.5000,350.5000,348.0000,347.7500,16,347.7500
2005-08-23,347.0000,348.0000,347.0000,350.2500,22,350.2500
2005-08-24,348.7500,349.5000,348.7500,344.0000,18,344.0000
2005-08-25,344.0000,345.0000,344.0000,350.0000,39,350.0000
2005-08-26,348.2500,349.0000,348.0000,351.5000,25,351.5000
2005-08-29,349.2500,350.0000,347.5000,355.2500,21,355.2500
2005-08-30,355.0000,355.0000,354.7500,347.0000,21,347.0000
2005-08-31,343.0000,343.0000,343.0000,343.0000,21,343.0000
2005-09-01,340.5000,340.5000,340.5000,340.5000,21,340.5000
2005-09-02,340.5000,340.5000,340.5000,340.5000,21,340.5000
2005-09-06,339.0000,339.0000,339.0000,339.0000,21,339.0000
2005-09-07,336.0000,336.0000,336.0000,336.0000,21,336.0000
2005-09-08,337.0000,337.0000,337.0000,337.0000,21,337.0000
2005-09-09,342.5000,342.5000,342.5000,342.5000,21,342.5000
2005-09-12,348.5000,348.5000,348.5000,348.5000,21,348.5000
2005-09-13,353.5000,353.5000,353.5000,353.5000,21,353.5000
2005-09-14,354.0000,354.0000,354.0000,354.0000,50,354.0000
2005-09-15,364.0000,364.2500,364.0000,365.5000,31,365.5000
2005-09-16,363.7500,365.0000,363.7500,367.2500,18,367.2500
2005-09-19,365.5000,366.5000,365.5000,362.7500,11,362.7500
2005-09-20,362.0000,362.0000,361.5000,358.0000,21,358.0000
2005-09-21,356.7500,358.5000,356.5000,360.7500,78,360.7500
2005-09-22,360.2500,361.0000,360.2500,369.2500,64,369.2500
2005-09-23,368.5000,370.0000,368.5000,373.5000,30,373.5000
2005-09-26,372.0000,372.7500,371.0000,372.0000,2,372.0000
2005-09-27,369.0000,371.7500,369.0000,367.2500,5,367.2500
2005-09-28,366.5000,366.5000,366.5000,368.0000,23,368.0000
2005-09-29,368.2500,369.0000,368.0000,370.2500,23,370.2500
2005-09-30,380.2500,380.2500,380.2500,380.2500,165,380.2500
2005-10-03,379.2500,380.0000,378.5000,381.7500,34,381.7500
2005-10-04,381.0000,381.0000,380.0000,379.0000,62,379.0000
2005-10-05,379.2500,380.7500,379.0000,378.0000,35,378.0000
2005-10-06,377.0000,378.7500,377.0000,381.7500,47,381.7500
2005-10-07,377.2500,380.0000,377.2500,376.7500,135,376.7500
2005-10-10,376.5000,377.2500,376.5000,382.5000,76,382.5000
2005-10-11,381.5000,385.0000,381.5000,382.7500,61,382.7500
2005-10-12,383.0000,383.2500,382.7500,388.2500,106,388.2500
2005-10-13,388.2500,388.2500,386.7500,388.2500,65,388.2500
2005-10-14,388.2500,388.2500,388.0000,381.0000,29,381.0000
2005-10-17,381.0000,381.0000,381.0000,380.0000,10,380.0000
2005-10-18,380.0000,380.0000,380.0000,373.0000,146,373.0000
2005-10-19,373.0000,373.0000,371.5000,369.5000,158,369.5000
2005-10-20,369.0000,370.2500,368.0000,373.0000,105,373.0000
2005-10-21,373.0000,375.0000,372.2500,370.0000,82,370.0000
2005-10-24,369.2500,369.2500,368.0000,365.2500,14,365.2500
2005-10-25,365.5000,366.5000,365.5000,370.2500,9,370.2500
2005-10-26,370.0000,371.0000,370.0000,372.7500,13,372.7500
2005-10-27,372.5000,373.0000,372.0000,378.2500,72,378.2500
2005-10-28,378.2500,379.0000,378.2500,376.0000,97,376.0000
2005-10-31,376.0000,376.0000,373.0000,371.2500,72,371.2500
2005-11-01,371.0000,373.0000,369.0000,368.7500,70,368.7500
2005-11-02,369.5000,369.5000,367.5000,360.5000,30,360.5000
2005-11-03,361.7500,361.7500,359.7500,362.5000,33,362.5000
2005-11-04,366.0000,366.0000,364.0000,366.7500,4,366.7500
2005-11-07,366.7500,366.7500,366.7500,359.7500,32,359.7500
2005-11-08,360.0000,362.0000,360.0000,364.7500,2,364.7500
2005-11-09,364.2500,364.7500,364.2500,370.7500,7,370.7500
2005-11-10,370.5000,370.5000,370.5000,370.0000,39,370.0000
2005-11-11,370.0000,370.7500,367.0000,371.0000,35,371.0000
2005-11-14,371.0000,374.7500,370.0000,364.5000,31,364.5000
2005-11-15,365.2500,366.2500,365.2500,360.7500,36,360.7500
2005-11-16,362.0000,362.0000,361.5000,357.7500,20,357.7500
2005-11-17,358.2500,359.2500,358.2500,354.2500,40,354.2500
2005-11-18,353.7500,353.7500,353.0000,358.2500,57,358.2500
2005-11-21,358.2500,361.2500,358.2500,353.7500,31,353.7500
2005-11-22,352.0000,356.2500,352.0000,351.5000,99,351.5000
2005-11-23,353.5000,353.5000,351.7500,347.5000,33,347.5000
2005-11-25,348.0000,348.0000,345.0000,347.7500,20,347.7500
2005-11-28,345.0000,346.0000,345.0000,347.5000,110,347.5000
2005-11-29,349.0000,350.0000,348.5000,359.2500,21,359.2500
2005-11-30,358.7500,361.5000,358.7500,369.0000,21,369.0000
2005-12-01,370.7500,370.7500,370.7500,370.7500,21,370.7500
2005-12-02,366.0000,366.0000,366.0000,366.0000,21,366.0000
2005-12-05,367.0000,367.0000,367.0000,367.0000,21,367.0000
2005-12-06,363.0000,363.0000,363.0000,363.0000,21,363.0000
2005-12-07,362.0000,362.0000,362.0000,362.0000,21,362.0000
2005-12-08,357.5000,357.5000,357.5000,357.5000,21,357.5000
2005-12-09,352.0000,352.0000,352.0000,352.0000,21,352.0000
2005-12-12,351.0000,351.0000,351.0000,351.0000,21,351.0000
2005-12-13,353.0000,353.0000,353.0000,353.0000,21,353.0000
2005-12-14,361.0000,361.0000,361.0000,361.0000,24,361.0000
2005-12-15,365.5000,366.0000,365.0000,366.5000,157,366.5000
2005-12-16,365.5000,367.0000,364.0000,367.5000,34,367.5000
2005-12-19,366.7500,368.7500,366.7500,371.0000,73,371.0000
2005-12-20,370.7500,372.0000,370.7500,374.5000,18,374.5000
2005-12-21,372.7500,373.5000,372.0000,371.5000,147,371.5000
2005-12-22,371.0000,371.5000,370.7500,376.0000,47,376.0000
2005-12-23,375.5000,377.0000,375.5000,380.5000,84,380.5000
2005-12-27,379.0000,381.0000,379.0000,385.7500,168,385.7500
2005-12-28,385.5000,386.0000,385.0000,390.2500,59,390.2500
2005-12-29,388.0000,389.2500,387.2500,385.2500,9,385.2500
2005-12-30,384.0000,384.0000,383.0000,387.0000,306,387.0000
2006-01-03,387.0000,391.5000,386.5000,390.5000,20,390.5000
2006-01-04,390.0000,390.0000,390.0000,390.5000,177,390.5000
2006-01-05,390.5000,391.7500,388.2500,385.5000,47,385.5000
2006-01-06,385.0000,385.5000,385.0000,378.7500,80,378.7500
2006-01-09,377.0000,377.5000,375.5000,370.5000,28,370.5000
2006-01-10,370.5000,372.0000,370.5000,372.0000,91,372.0000
2006-01-11,372.2500,373.7500,372.2500,375.0000,17,375.0000
2006-01-12,375.0000,375.7500,374.7500,382.7500,46,382.7500
2006-01-13,381.0000,383.7500,381.0000,383.2500,125,383.2500
2006-01-17,382.2500,386.5000,382.2500,375.2500,53,375.2500
2006-01-18,375.5000,375.5000,373.5000,372.7500,7,372.7500
2006-01-19,372.7500,374.2500,372.2500,383.0000,85,383.0000
2006-01-20,383.0000,385.0000,383.0000,384.0000,71,384.0000
2006-01-23,383.5000,388.0000,383.2500,380.0000,7,380.0000
2006-01-24,379.2500,379.2500,379.0000,385.5000,166,385.5000
2006-01-25,384.7500,387.0000,384.7500,391.0000,61,391.0000
2006-01-26,394.0000,391.7500,388.0000,395.5000,98,395.5000
2006-01-27,393.5000,396.5000,393.5000,393.7500,207,393.7500
2006-01-30,396.0000,398.0000,394.5000,398.2500,93,398.2500
2006-01-31,398.2500,399.2500,397.7500,397.5000,78,397.5000
2006-02-01,396.7500,397.5000,395.5000,393.0000,27,393.0000
2006-02-02,393.0000,395.0000,392.5000,402.7500,149,402.7500
2006-02-03,403.0000,405.0000,403.0000,411.5000,78,411.5000
2006-02-06,411.5000,414.7500,411.5000,417.5000,76,417.5000
2006-02-07,415.5000,417.7500,415.5000,413.0000,138,413.0000
2006-02-08,411.5000,413.0000,409.5000,426.7500,112,426.7500
2006-02-09,426.2500,429.5000,426.2500,433.7500,123,433.7500
2006-02-10,433.7500,434.2500,429.7500,430.0000,271,430.0000
2006-02-13,430.0000,434.0000,430.0000,415.0000,26,415.0000
2006-02-14,414.7500,415.0000,412.0000,413.0000,114,413.0000
2006-02-15,413.7500,417.0000,412.0000,416.5000,28,416.5000
2006-02-16,416.5000,417.7500,416.5000,425.5000,14,425.5000
2006-02-17,425.5000,426.0000,424.5000,435.2500,148,435.2500
2006-02-21,434.5000,439.7500,434.5000,440.0000,152,440.0000
2006-02-22,440.5000,440.5000,438.5000,431.5000,30,431.5000
2006-02-23,431.0000,431.7500,428.5000,434.0000,35,434.0000
2006-02-24,432.5000,435.0000,432.5000,434.0000,9,434.0000
2006-02-27,433.7500,439.7500,432.7500,440.5000,66,440.5000
2006-02-28,440.0000,443.0000,439.2500,439.0000,66,439.0000
2006-03-01,433.0000,433.0000,433.0000,433.0000,1,433.0000
2006-03-02,432.0000,432.0000,432.0000,436.5000,1,436.5000
2006-03-03,443.0000,443.0000,443.0000,443.0000,1,443.0000
2006-03-06,435.7500,435.7500,435.7500,435.7500,1,435.7500
2006-03-07,433.0000,433.0000,433.0000,433.0000,1,433.0000
2006-03-08,439.0000,439.0000,439.0000,439.0000,4,439.0000
2006-03-09,438.0000,438.0000,438.0000,439.0000,4,439.0000
2006-03-10,447.0000,447.0000,447.0000,447.0000,4,447.0000
2006-03-13,428.0000,428.0000,428.0000,428.0000,4,428.0000
2006-03-14,414.0000,414.0000,414.0000,414.0000,134,414.0000
2006-03-15,425.0000,426.5000,423.5000,421.2500,165,421.2500
2006-03-16,420.0000,420.7500,419.5000,413.7500,66,413.7500
2006-03-17,413.2500,415.5000,412.7500,421.5000,314,421.5000
2006-03-20,414.7500,416.0000,413.0000,413.7500,46,413.7500
2006-03-21,412.5000,414.2500,412.5000,417.0000,145,417.0000
2006-03-22,418.7500,421.0000,418.0000,417.0000,73,417.0000
2006-03-23,416.2500,417.0000,415.2500,407.5000,88,407.5000
2006-03-24,407.5000,409.0000,407.0000,401.5000,249,401.5000
2006-03-27,401.5000,402.0000,400.0000,397.5000,37,397.5000
2006-03-28,397.7500,400.2500,397.7500,401.7500,43,401.7500
2006-03-29,402.0000,403.0000,402.0000,406.5000,49,406.5000
2006-03-30,406.2500,406.5000,405.5000,410.7500,12,410.7500
2006-03-31,410.7500,411.7500,410.7500,418.5000,34,418.5000
2006-04-03,416.2500,417.5000,414.2500,415.0000,21,415.0000
2006-04-04,415.5000,415.5000,413.0000,414.2500,58,414.2500
2006-04-05,414.5000,415.0000,413.5000,422.0000,95,422.0000
2006-04-06,423.0000,425.0000,422.2500,431.0000,63,431.0000
2006-04-07,430.0000,431.0000,427.2500,430.0000,280,430.0000
2006-04-10,431.5000,439.0000,431.5000,450.0000,151,450.0000
2006-04-11,450.0000,452.2500,450.0000,462.0000,237,462.0000
2006-04-12,460.0000,462.0000,457.5000,462.2500,170,462.2500
2006-04-13,462.0000,463.2500,460.0000,456.5000,204,456.5000
2006-04-17,454.0000,455.2500,451.0000,437.7500,36,437.7500
2006-04-18,438.7500,439.0000,437.0000,452.5000,118,452.5000
2006-04-19,452.5000,455.0000,451.0000,446.7500,59,446.7500
2006-04-20,446.0000,447.5000,445.5000,445.0000,13,445.0000
2006-04-21,445.0000,447.5000,438.5000,437.5000,410,437.5000
2006-04-24,437.5000,441.0000,437.5000,437.5000,20,437.5000
2006-04-25,438.0000,438.0000,434.7500,442.5000,3,442.5000
2006-04-26,443.0000,443.0000,440.5000,438.7500,102,438.7500
2006-04-27,438.0000,438.0000,435.0000,422.2500,39,422.2500
2006-04-28,423.0000,423.0000,419.7500,429.7500,23,429.7500
2006-05-01,429.0000,435.5000,428.0000,435.0000,23,435.0000
2006-05-02,438.5000,438.5000,438.5000,438.5000,23,438.5000
2006-05-03,434.5000,434.5000,434.5000,434.5000,23,434.5000
2006-05-04,435.0000,435.0000,435.0000,435.0000,23,435.0000
2006-05-05,449.0000,449.0000,449.0000,449.0000,23,449.0000
2006-05-08,457.7500,457.7500,457.7500,457.7500,23,457.7500
2006-05-09,463.7500,463.7500,463.7500,463.7500,23,463.7500
2006-05-10,455.0000,455.0000,455.0000,455.0000,23,455.0000
2006-05-11,466.0000,466.0000,466.0000,466.0000,23,466.0000
2006-05-12,475.0000,475.0000,475.0000,475.0000,399,475.0000
2006-05-15,481.2500,485.5000,479.5000,480.2500,362,480.2500
2006-05-16,480.0000,484.0000,477.0000,485.7500,754,485.7500
2006-05-17,487.7500,493.7500,487.5000,506.5000,472,506.5000
2006-05-18,506.5000,507.5000,503.2500,506.2500,472,506.2500
2006-05-19,505.5000,505.5000,501.2500,504.2500,641,504.2500
2006-05-22,506.2500,510.0000,501.0000,517.5000,544,517.5000
2006-05-23,520.2500,520.5000,516.2500,512.0000,163,512.0000
2006-05-24,510.0000,510.5000,508.0000,501.5000,428,501.5000
2006-05-25,499.2500,501.5000,497.0000,498.7500,396,498.7500
2006-05-26,499.7500,503.0000,498.0000,506.0000,474,506.0000
2006-05-30,510.0000,518.0000,502.5000,502.0000,514,502.0000
2006-05-31,501.7500,505.5000,498.0000,487.7500,274,487.7500
2006-06-01,488.0000,489.2500,486.2500,483.5000,154,483.5000
2006-06-02,485.7500,488.0000,484.5000,494.2500,239,494.2500
2006-06-05,493.0000,495.0000,490.2500,495.5000,164,495.5000
2006-06-06,494.0000,495.5000,491.7500,478.2500,185,478.2500
2006-06-07,480.5000,481.0000,479.0000,487.0000,96,487.0000
2006-06-08,487.0000,487.0000,485.0000,484.0000,133,484.0000
2006-06-09,482.0000,486.7500,482.0000,479.0000,421,479.0000
2006-06-12,481.5000,485.5000,481.0000,479.5000,199,479.5000
2006-06-13,480.2500,481.0000,476.0000,471.5000,62,471.5000
2006-06-14,472.5000,476.5000,471.0000,461.0000,78,461.0000
2006-06-15,461.0000,464.0000,461.0000,464.0000,316,464.0000
2006-06-16,463.5000,466.2500,463.5000,462.5000,89,462.5000
2006-06-19,461.7500,463.0000,460.2500,461.0000,140,461.0000
2006-06-20,461.2500,464.5000,461.2500,473.0000,70,473.0000
2006-06-21,472.5000,476.5000,471.7500,482.2500,35,482.2500
2006-06-22,482.2500,484.7500,482.2500,479.2500,263,479.2500
2006-06-23,479.2500,483.0000,479.2500,480.0000,43,480.0000
2006-06-26,478.2500,478.5000,477.2500,484.0000,94,484.0000
2006-06-27,483.0000,486.0000,483.0000,493.5000,94,493.5000
2006-06-28,493.0000,493.0000,491.5000,490.7500,2,490.7500
2006-06-29,488.7500,489.0000,488.7500,496.7500,30,496.7500
2006-06-30,496.5000,500.0000,495.0000,499.7500,1,499.7500
2006-07-03,499.7500,499.7500,499.7500,503.0000,1,503.0000
2006-07-05,503.5000,503.5000,503.5000,510.0000,1,510.0000
2006-07-06,506.0000,506.0000,506.0000,506.0000,1,506.0000
2006-07-07,499.0000,499.0000,499.0000,499.0000,1,499.0000
2006-07-10,501.0000,501.0000,501.0000,501.0000,1,501.0000
2006-07-11,517.0000,517.0000,517.0000,517.0000,1,517.0000
2006-07-12,509.0000,509.0000,509.0000,509.0000,3,509.0000
2006-07-13,509.0000,509.0000,509.0000,485.0000,3,485.0000
2006-07-14,485.0000,485.0000,485.0000,487.0000,223,487.0000
2006-07-17,495.0000,504.0000,492.0000,490.7500,131,490.7500
2006-07-18,493.2500,497.0000,492.0000,490.2500,136,490.2500
2006-07-19,490.2500,491.5000,486.5000,487.0000,209,487.0000
2006-07-20,486.2500,490.0000,486.0000,502.5000,108,502.5000
2006-07-21,502.5000,504.7500,499.0000,506.0000,236,506.0000
2006-07-24,505.5000,505.7500,497.5000,499.2500,82,499.2500
2006-07-25,500.7500,504.0000,500.7500,489.5000,55,489.5000
2006-07-26,490.0000,493.5000,489.0000,482.0000,142,482.0000
2006-07-27,480.0000,482.0000,479.0000,485.5000,110,485.5000
2006-07-28,487.0000,488.2500,483.7500,484.0000,201,484.0000
2006-07-31,485.0000,489.5000,485.0000,492.7500,548,492.7500
2006-08-01,492.0000,492.2500,481.7500,482.0000,3599,482.0000
2006-08-02,482.5000,487.2500,477.5000,485.2500,652,485.2500
2006-08-03,485.5000,491.5000,483.5000,484.5000,98,484.5000
2006-08-04,485.2500,491.0000,483.2500,486.0000,364,486.0000
2006-08-07,484.7500,491.0000,482.0000,484.5000,967,484.5000
2006-08-08,482.7500,483.0000,468.2500,469.7500,648,469.7500
2006-08-09,469.5000,472.5000,468.5000,471.5000,750,471.5000
2006-08-10,471.5000,474.0000,463.0000,469.2500,445,469.2500
2006-08-11,468.7500,471.2500,454.0000,454.2500,757,454.2500
2006-08-14,454.5000,456.2500,442.5000,444.0000,611,444.0000
2006-08-15,446.0000,451.7500,445.2500,449.7500,137,449.7500
2006-08-16,449.0000,455.0000,449.0000,452.2500,360,452.2500
2006-08-17,451.2500,453.7500,445.7500,446.7500,257,446.7500
2006-08-18,447.0000,450.0000,440.2500,454.2500,217,454.2500
2006-08-21,453.0000,457.0000,450.7500,453.7500,154,453.7500
2006-08-22,452.0000,453.2500,445.2500,446.5000,373,446.5000
2006-08-23,446.0000,456.0000,445.2500,453.7500,243,453.7500
2006-08-24,452.7500,460.5000,452.0000,462.0000,355,462.0000
2006-08-25,459.0000,470.7500,459.0000,459.2500,326,459.2500
2006-08-28,459.2500,467.0000,459.2500,462.0000,396,462.0000
2006-08-29,462.0000,464.5000,458.5000,460.2500,285,460.2500
2006-08-30,456.0000,469.0000,456.0000,469.7500,204,469.7500
2006-08-31,470.0000,473.0000,466.2500,475.7500,78,475.7500
2006-09-01,473.0000,473.0000,473.0000,470.0000,78,470.0000
2006-09-05,468.0000,468.0000,468.0000,468.0000,2,468.0000
2006-09-06,469.2500,469.2500,469.2500,465.0000,2,465.0000
2006-09-07,469.0000,469.0000,469.0000,469.0000,1,469.0000
2006-09-08,466.0000,466.0000,466.0000,466.0000,1,466.0000
2006-09-11,465.5000,465.5000,465.5000,465.5000,1,465.5000
2006-09-12,456.0000,456.0000,456.0000,456.0000,1,456.0000
2006-09-13,451.0000,451.0000,451.0000,451.0000,1,451.0000
2006-09-14,448.0000,448.0000,448.0000,448.0000,1861,448.0000
2006-09-15,459.0000,466.0000,455.5000,462.5000,1239,462.5000
2006-09-18,462.2500,468.0000,462.0000,466.0000,1335,466.0000
2006-09-19,466.0000,481.2500,465.7500,480.7500,2665,480.7500
2006-09-20,480.5000,483.2500,474.7500,476.2500,3551,476.2500
2006-09-21,476.0000,486.2500,474.7500,484.2500,2904,484.2500
2006-09-22,483.0000,483.5000,477.5000,481.5000,1186,481.5000
2006-09-25,480.2500,481.0000,469.7500,471.0000,1479,471.0000
2006-09-26,473.0000,480.0000,472.5000,479.5000,1289,479.5000
2006-09-27,479.5000,484.7500,476.5000,479.0000,2180,479.0000
2006-09-28,479.2500,499.5000,479.0000,495.5000,2021,495.5000
2006-09-29,495.0000,501.7500,490.0000,496.0000,1475,496.0000
2006-10-02,496.2500,506.5000,496.0000,498.0000,312,498.0000
2006-10-03,498.2500,499.0000,485.0000,491.7500,1186,491.7500
2006-10-04,493.0000,518.0000,490.0000,504.0000,2469,504.0000
2006-10-05,505.0000,517.0000,501.2500,504.5000,1600,504.5000
2006-10-06,501.0000,511.7500,497.0000,501.7500,1859,501.7500
2006-10-09,503.0000,534.5000,499.5000,531.7500,4418,531.7500
2006-10-10,531.7500,551.0000,513.0000,513.2500,3201,513.2500
2006-10-11,513.7500,543.2500,513.0000,540.5000,3253,540.5000
2006-10-12,539.2500,550.0000,522.0000,532.7500,879,532.7500
2006-10-13,531.7500,548.5000,531.7500,543.0000,1359,543.0000
2006-10-16,541.7500,548.0000,531.0000,546.0000,2459,546.0000
2006-10-17,545.5000,555.0000,532.0000,530.5000,1566,530.5000
2006-10-18,531.5000,531.5000,516.5000,524.5000,1131,524.5000
2006-10-19,523.2500,539.0000,520.0000,530.0000,1105,530.0000
2006-10-20,531.0000,538.0000,528.0000,531.0000,1341,531.0000
2006-10-23,530.0000,543.5000,526.0000,542.2500,1377,542.2500
2006-10-24,541.5000,546.5000,539.0000,545.2500,1575,545.2500
2006-10-25,545.5000,555.0000,521.0000,535.5000,1519,535.5000
2006-10-26,533.7500,535.0000,519.0000,530.2500,1126,530.2500
2006-10-27,530.2500,543.0000,524.5000,530.7500,1204,530.7500
2006-10-30,529.0000,532.0000,521.7500,524.5000,1659,524.5000
2006-10-31,523.2500,523.7500,512.2500,516.0000,1388,516.0000
2006-11-01,517.2500,521.7500,512.7500,519.0000,1535,519.0000
2006-11-02,521.7500,537.5000,520.7500,524.0000,706,524.0000
2006-11-03,523.5000,524.7500,519.2500,522.5000,844,522.5000
2006-11-06,524.0000,532.0000,523.0000,526.5000,1334,526.5000
2006-11-07,526.0000,530.0000,524.7500,525.7500,2192,525.7500
2006-11-08,526.5000,540.0000,526.5000,531.5000,2946,531.5000
2006-11-09,531.5000,535.0000,515.0000,514.7500,1815,514.7500
2006-11-10,514.7500,516.0000,506.2500,508.7500,978,508.7500
2006-11-13,505.7500,513.7500,505.0000,508.5000,2510,508.5000
2006-11-14,508.0000,522.5000,504.0000,518.7500,2737,518.7500
2006-11-15,520.2500,528.0000,519.5000,521.7500,1902,521.7500
2006-11-16,521.0000,525.7500,510.0000,511.5000,1261,511.5000
2006-11-17,511.2500,517.0000,507.2500,515.2500,859,515.2500
2006-11-20,516.0000,527.7500,512.5000,515.0000,790,515.0000
2006-11-21,516.0000,516.0000,510.2500,514.7500,533,514.7500
2006-11-22,517.2500,521.0000,510.7500,513.0000,380,513.0000
2006-11-24,514.0000,522.5000,513.0000,521.0000,392,521.0000
2006-11-27,521.5000,530.0000,518.2500,518.0000,217,518.0000
2006-11-28,518.5000,519.0000,512.5000,518.5000,464,518.5000
2006-11-29,518.0000,522.5000,513.5000,522.2500,150,522.2500
2006-11-30,525.0000,536.0000,525.0000,534.0000,48,534.0000
2006-12-01,532.0000,532.0000,527.0000,529.5000,48,529.5000
2006-12-04,520.5000,520.5000,520.5000,520.5000,48,520.5000
2006-12-05,518.0000,518.0000,518.0000,518.0000,1,518.0000
2006-12-06,501.0000,501.0000,501.0000,497.5000,17,497.5000
2006-12-07,500.0000,500.0000,500.0000,499.0000,29,499.0000
2006-12-08,500.0000,515.0000,500.0000,495.0000,29,495.0000
2006-12-11,501.0000,501.0000,501.0000,501.0000,29,501.0000
2006-12-12,495.7500,495.7500,495.7500,495.7500,29,495.7500
2006-12-13,499.5000,499.5000,499.5000,499.5000,29,499.5000
2006-12-14,499.5000,499.5000,499.5000,499.5000,1592,499.5000
2006-12-15,509.7500,511.0000,504.5000,509.7500,1423,509.7500
2006-12-18,509.7500,509.7500,501.0000,503.0000,1566,503.0000
2006-12-19,504.0000,506.5000,499.0000,502.0000,1049,502.0000
2006-12-20,502.7500,507.0000,501.0000,504.2500,1727,504.2500
2006-12-21,505.7500,510.0000,504.5000,508.2500,1761,508.2500
2006-12-22,508.7500,518.7500,508.0000,518.0000,785,518.0000
2006-12-26,517.0000,524.0000,517.0000,520.0000,757,520.0000
2006-12-27,518.7500,521.7500,511.5000,512.0000,926,512.0000
2006-12-28,511.7500,516.7500,508.7500,512.2500,1478,512.2500
2006-12-29,510.5000,513.0000,503.0000,509.7500,279,509.7500
2007-01-02,506.5000,506.5000,502.2500,509.7500,3680,509.7500
2007-01-03,503.0000,503.0000,484.5000,486.7500,2470,486.7500
2007-01-04,488.5000,493.0000,477.2500,477.2500,2210,477.2500
2007-01-05,479.0000,482.7500,474.5000,481.2500,2429,481.2500
2007-01-08,481.2500,481.5000,475.7500,479.0000,2663,479.0000
2007-01-09,473.7500,478.5000,470.7500,471.5000,2637,471.5000
2007-01-10,472.0000,473.7500,467.5000,472.2500,3933,472.2500
2007-01-11,472.2500,484.5000,472.2500,481.2500,427,481.2500
2007-01-12,481.5000,511.2500,481.2500,505.2500,2358,505.2500
2007-01-16,506.0000,509.0000,488.2500,492.0000,2610,492.0000
2007-01-17,491.2500,502.5000,490.0000,498.0000,1851,498.0000
2007-01-18,498.5000,507.0000,489.5000,495.0000,1058,495.0000
2007-01-19,494.5000,495.0000,486.7500,489.2500,1188,489.2500
2007-01-22,488.7500,492.5000,485.5000,487.0000,1877,487.0000
2007-01-23,486.5000,500.5000,485.7500,500.7500,1518,500.7500
2007-01-24,500.5000,501.0000,487.0000,486.7500,887,486.7500
2007-01-25,489.0000,493.5000,483.5000,494.0000,791,494.0000
2007-01-26,492.5000,493.0000,485.5000,488.0000,1704,488.0000
2007-01-29,488.5000,489.7500,478.0000,478.2500,1803,478.2500
2007-01-30,479.2500,482.0000,474.2500,481.7500,1153,481.7500
2007-01-31,482.0000,490.7500,478.2500,488.7500,2138,488.7500
2007-02-01,489.0000,494.0000,484.2500,487.5000,1199,487.5000
2007-02-02,486.0000,488.2500,481.2500,487.0000,1266,487.0000
2007-02-05,487.5000,489.5000,483.5000,485.2500,1367,485.2500
2007-02-06,486.0000,486.7500,477.0000,476.5000,1551,476.5000
2007-02-07,477.5000,478.7500,474.7500,476.5000,1429,476.5000
2007-02-08,478.7500,487.0000,477.7500,483.7500,2364,483.7500
2007-02-09,484.0000,494.7500,482.2500,485.0000,2070,485.0000
2007-02-12,484.7500,488.0000,480.5000,481.7500,2909,481.7500
2007-02-13,482.5000,487.7500,481.0000,487.5000,3955,487.5000
2007-02-14,487.5000,488.5000,475.5000,477.2500,1696,477.2500
2007-02-15,477.5000,490.0000,477.5000,486.2500,1568,486.2500
2007-02-16,485.0000,499.0000,484.0000,495.5000,627,495.5000
2007-02-20,495.0000,497.2500,486.5000,493.0000,1845,493.0000
2007-02-21,493.0000,503.7500,492.0000,501.7500,1395,501.7500
2007-02-22,501.7500,512.2500,501.7500,511.5000,1062,511.5000
2007-02-23,510.5000,511.5000,506.5000,506.5000,1135,506.5000
2007-02-26,505.2500,515.0000,504.0000,507.7500,661,507.7500
2007-02-27,505.5000,506.0000,483.5000,497.5000,367,497.5000
2007-02-28,496.5000,503.0000,496.0000,516.0000,440,516.0000
2007-03-01,512.0000,512.0000,505.0000,506.0000,28,506.0000
2007-03-02,503.5000,507.0000,503.5000,505.0000,34,505.0000
2007-03-05,510.2500,510.2500,510.2500,510.2500,1,510.2500
2007-03-06,510.5000,510.5000,510.5000,501.0000,1,501.0000
2007-03-07,506.0000,506.0000,506.0000,506.0000,1,506.0000
2007-03-08,504.5000,504.5000,504.5000,504.5000,10,504.5000
2007-03-09,504.5000,504.5000,504.0000,506.5000,10,506.5000
2007-03-12,502.0000,502.0000,502.0000,502.0000,10,502.0000
2007-03-13,500.0000,500.0000,500.0000,500.0000,1,500.0000
2007-03-14,503.0000,503.0000,503.0000,495.2500,2618,495.2500
2007-03-15,486.7500,491.0000,478.0000,479.7500,2489,479.7500
2007-03-16,480.0000,488.0000,477.0000,486.5000,1996,486.5000
2007-03-19,487.2500,488.5000,476.0000,479.0000,1557,479.0000
2007-03-20,479.0000,484.5000,477.0000,483.5000,1451,483.5000
2007-03-21,484.0000,489.0000,481.5000,486.7500,1237,486.7500
2007-03-22,486.0000,489.2500,482.0000,487.0000,1276,487.0000
2007-03-23,487.2500,488.5000,483.2500,484.7500,2347,484.7500
2007-03-26,483.7500,485.5000,473.5000,477.0000,6144,477.0000
2007-03-27,477.5000,479.0000,468.2500,470.2500,1278,470.2500
2007-03-28,471.5000,473.7500,468.7500,470.5000,2214,470.5000
2007-03-29,471.0000,478.0000,465.2500,472.2500,3963,472.2500
2007-03-30,472.2500,475.0000,442.2500,456.5000,2760,456.5000
2007-04-02,446.0000,455.0000,433.5000,445.5000,1197,445.5000
2007-04-03,445.5000,449.5000,440.2500,442.2500,1547,442.2500
2007-04-04,441.0000,457.7500,441.0000,455.0000,1549,455.0000
2007-04-05,456.5000,472.0000,455.7500,469.2500,1549,469.2500
2007-04-09,479.2500,499.0000,463.5000,468.0000,2210,468.0000
2007-04-10,469.0000,482.7500,468.0000,477.5000,1871,477.5000
2007-04-11,478.5000,483.0000,474.5000,476.0000,2212,476.0000
2007-04-12,476.0000,488.0000,474.0000,484.5000,1798,484.5000
2007-04-13,484.0000,502.5000,484.0000,495.7500,1966,495.7500
2007-04-16,496.0000,498.5000,489.5000,494.0000,2250,494.0000
2007-04-17,495.0000,502.5000,491.2500,492.0000,1617,492.0000
2007-04-18,492.0000,498.0000,491.0000,492.5000,2379,492.5000
2007-04-19,494.0000,511.5000,494.0000,510.0000,1975,510.0000
2007-04-20,510.0000,521.0000,504.2500,514.0000,980,514.0000
2007-04-23,512.0000,512.0000,503.5000,507.5000,734,507.5000
2007-04-24,507.5000,507.5000,491.0000,493.7500,596,493.7500
2007-04-25,496.0000,522.7500,493.7500,509.0000,321,509.0000
2007-04-26,509.0000,516.5000,503.2500,503.5000,689,503.5000
2007-04-27,503.5000,503.5000,495.5000,499.0000,280,499.0000
2007-04-30,490.7500,492.0000,486.0000,484.7500,19,484.7500
2007-05-01,475.0000,480.0000,470.2500,485.0000,94,485.0000
2007-05-02,475.0000,477.0000,473.5000,476.0000,234,476.0000
2007-05-03,475.0000,478.5000,473.0000,472.5000,2,472.5000
2007-05-04,478.0000,478.0000,478.0000,476.0000,9,476.0000
2007-05-07,478.0000,478.0000,478.0000,478.0000,9,478.0000
2007-05-08,471.0000,471.0000,471.0000,471.0000,7,471.0000
2007-05-09,468.5000,468.5000,468.5000,475.0000,7,475.0000
2007-05-10,472.0000,472.0000,472.0000,472.0000,7,472.0000
2007-05-11,477.0000,477.0000,477.0000,477.0000,7,477.0000
2007-05-14,476.0000,476.0000,476.0000,476.0000,2242,476.0000
2007-05-15,479.5000,492.7500,476.0000,489.5000,1985,489.5000
2007-05-16,489.7500,491.5000,484.5000,485.2500,1411,485.2500
2007-05-17,485.0000,486.0000,476.7500,478.5000,2565,478.5000
2007-05-18,479.7500,481.0000,466.2500,466.5000,1809,466.5000
2007-05-21,466.5000,474.2500,465.5000,474.5000,3178,474.5000
2007-05-22,473.0000,473.2500,462.0000,464.7500,1574,464.7500
2007-05-23,464.7500,471.2500,461.7500,467.7500,3262,467.7500
2007-05-24,468.5000,480.2500,468.5000,480.0000,2159,480.0000
2007-05-25,480.0000,490.0000,478.7500,489.2500,1623,489.2500
2007-05-29,487.7500,491.5000,479.7500,481.0000,2950,481.0000
2007-05-30,481.0000,505.0000,481.0000,500.7500,3140,500.7500
2007-05-31,499.5000,512.2500,498.5000,504.0000,3404,504.0000
2007-06-01,505.2500,519.2500,504.0000,507.5000,3512,507.5000
2007-06-04,510.0000,516.5000,505.0000,504.7500,3993,504.7500
2007-06-05,506.2500,521.0000,505.0000,510.5000,3831,510.5000
2007-06-06,512.5000,515.5000,502.2500,503.5000,4480,503.5000
2007-06-07,504.2500,513.0000,500.5000,512.5000,3948,512.5000
2007-06-08,512.0000,520.0000,506.0000,518.5000,4652,518.5000
2007-06-11,524.0000,548.5000,523.2500,548.5000,6825,548.5000
2007-06-12,548.0000,571.0000,546.0000,559.0000,6825,559.0000
2007-06-13,559.5000,589.0000,556.0000,588.5000,6649,588.5000
2007-06-14,588.0000,618.0000,586.0000,600.0000,2783,600.0000
2007-06-15,600.0000,606.5000,595.2500,596.2500,2118,596.2500
2007-06-18,600.0000,602.0000,589.2500,591.7500,3848,591.7500
2007-06-19,592.0000,592.0000,567.2500,569.2500,3614,569.2500
2007-06-20,568.0000,598.7500,567.7500,586.5000,3239,586.5000
2007-06-21,589.2500,599.7500,576.0000,587.5000,2503,587.5000
2007-06-22,586.0000,587.5000,570.2500,570.7500,1999,570.7500
2007-06-25,572.0000,578.0000,568.7500,568.0000,1637,568.0000
2007-06-26,568.0000,598.0000,568.0000,588.5000,1873,588.5000
2007-06-27,589.5000,605.0000,584.0000,589.0000,2019,589.0000
2007-06-28,589.0000,601.0000,589.0000,600.2500,1059,600.2500
2007-06-29,602.0000,627.7500,596.0000,596.5000,305,596.5000
2007-07-02,604.2500,606.0000,575.0000,582.0000,282,582.0000
2007-07-03,573.0000,585.5000,573.0000,585.0000,282,585.0000
2007-07-05,596.2500,607.2500,594.5000,603.5000,108,603.5000
2007-07-06,601.5000,611.7500,601.0000,611.0000,148,611.0000
2007-07-09,603.0000,606.7500,596.2500,598.0000,108,598.0000
2007-07-10,603.7500,604.7500,599.0000,600.0000,10,600.0000
2007-07-11,606.5000,615.7500,606.5000,613.0000,19,613.0000
2007-07-12,608.0000,623.0000,608.0000,621.0000,4,621.0000
2007-07-13,621.0000,630.0000,621.0000,608.5000,3965,608.5000
2007-07-16,603.2500,603.2500,588.7500,593.7500,9807,593.7500
2007-07-17,593.0000,604.0000,585.2500,586.0000,6898,586.0000
2007-07-18,587.2500,608.0000,586.0000,606.0000,7766,606.0000
2007-07-19,606.0000,620.0000,602.5000,606.7500,4736,606.7500
2007-07-20,606.0000,615.5000,602.7500,603.5000,3922,603.5000
2007-07-23,603.5000,611.0000,603.0000,609.7500,5191,609.7500
2007-07-24,609.2500,632.2500,608.7500,630.0000,4792,630.0000
2007-07-25,630.0000,630.5000,622.5000,626.7500,10386,626.7500
2007-07-26,625.0000,656.0000,625.0000,641.5000,4507,641.5000
2007-07-27,643.0000,646.7500,637.7500,644.0000,3296,644.0000
2007-07-30,644.0000,645.0000,624.5000,632.0000,3150,632.0000
2007-07-31,633.0000,633.5000,621.5000,629.0000,4064,629.0000
2007-08-01,629.0000,633.0000,617.0000,632.5000,4198,632.5000
2007-08-02,633.5000,644.0000,633.5000,634.5000,3199,634.5000
2007-08-03,636.7500,643.5000,636.7500,639.7500,3350,639.7500
2007-08-06,637.0000,651.2500,634.0000,647.5000,4386,647.5000
2007-08-07,649.7500,654.7500,645.2500,648.0000,4741,648.0000
2007-08-08,648.0000,665.7500,646.7500,662.0000,6614,662.0000
2007-08-09,661.0000,674.0000,658.7500,660.2500,5512,660.2500
2007-08-10,660.0000,663.2500,651.7500,654.5000,8397,654.5000
2007-08-13,657.0000,662.7500,649.2500,654.7500,5434,654.7500
2007-08-14,655.0000,674.7500,655.0000,672.2500,5501,672.2500
2007-08-15,670.2500,676.5000,657.0000,658.0000,4495,658.0000
2007-08-16,658.7500,662.2500,635.0000,650.7500,1891,650.7500
2007-08-17,650.5000,654.0000,641.5000,650.5000,3123,650.5000
2007-08-20,646.0000,649.7500,641.5000,649.5000,3052,649.5000
2007-08-21,649.5000,662.0000,649.5000,655.0000,3600,655.0000
2007-08-22,655.0000,671.7500,655.0000,667.0000,833,667.0000
2007-08-23,666.0000,682.0000,664.7500,673.7500,1653,673.7500
2007-08-24,670.0000,682.5000,669.0000,682.7500,3955,682.7500
2007-08-27,682.0000,682.7500,673.0000,681.0000,2115,681.0000
2007-08-28,681.0000,689.0000,676.2500,680.5000,2916,680.5000
2007-08-29,680.5000,697.0000,677.7500,695.2500,1923,695.2500
2007-08-30,695.0000,725.0000,695.0000,720.7500,1956,720.7500
2007-08-31,715.7500,730.0000,709.7500,721.0000,42,721.0000
2007-09-04,735.0000,751.0000,735.0000,751.0000,2,751.0000
2007-09-05,781.0000,781.0000,781.0000,781.0000,27,781.0000
2007-09-06,801.0000,801.0000,775.0000,790.0000,33,790.0000
2007-09-07,806.0000,806.0000,806.0000,810.0000,16,810.0000
2007-09-10,831.0000,835.5000,824.7500,830.0000,22,830.0000
2007-09-11,833.0000,858.5000,833.0000,860.0000,37,860.0000
2007-09-12,862.0000,874.0000,842.2500,830.0000,6,830.0000
2007-09-13,829.5000,829.5000,813.7500,817.0000,6,817.0000
2007-09-14,807.0000,807.0000,807.0000,807.0000,4448,807.0000
2007-09-17,834.7500,857.5000,834.7500,858.0000,4566,858.0000
2007-09-18,855.0000,876.7500,846.0000,848.7500,6461,848.7500
2007-09-19,846.7500,853.0000,818.7500,828.5000,5162,828.5000
2007-09-20,828.5000,845.5000,826.7500,834.0000,3019,834.0000
2007-09-21,835.7500,860.0000,835.7500,858.0000,3486,858.0000
2007-09-24,856.7500,877.5000,856.7500,864.7500,3656,864.7500
2007-09-25,866.0000,886.5000,859.7500,873.2500,7520,873.2500
2007-09-26,870.5000,903.2500,870.0000,903.0000,5893,903.0000
2007-09-27,906.7500,926.5000,906.2500,919.5000,8083,919.5000
2007-09-28,909.2500,949.5000,904.0000,929.2500,5655,929.2500
2007-10-01,939.0000,951.2500,934.5000,949.2500,5772,949.2500
2007-10-02,954.7500,956.5000,919.2500,919.2500,7023,919.2500
2007-10-03,913.2500,940.7500,894.7500,927.0000,8221,927.0000
2007-10-04,928.7500,944.0000,905.7500,910.0000,4392,910.0000
2007-10-05,907.5000,916.5000,894.5000,894.5000,3773,894.5000
2007-10-08,894.5000,894.5000,864.5000,864.5000,7892,864.5000
2007-10-09,855.5000,873.7500,841.7500,844.2500,4850,844.2500
2007-10-10,845.0000,857.2500,841.2500,856.2500,3532,856.2500
2007-10-11,852.7500,886.2500,852.7500,886.0000,4057,886.0000
2007-10-12,884.5000,888.7500,856.0000,867.7500,4994,867.7500
2007-10-15,867.0000,871.5000,837.7500,843.0000,4567,843.0000
2007-10-16,843.0000,844.7500,825.5000,838.0000,3144,838.0000
2007-10-17,836.7500,843.2500,828.5000,832.7500,3117,832.7500
2007-10-18,830.0000,840.7500,829.0000,839.0000,3668,839.0000
2007-10-19,839.0000,869.0000,838.0000,869.0000,4411,869.0000
2007-10-22,868.2500,888.0000,850.0000,888.0000,4503,888.0000
2007-10-23,888.5000,892.5000,858.5000,859.7500,4188,859.7500
2007-10-24,856.7500,859.2500,829.7500,829.7500,3869,829.7500
2007-10-25,825.5000,835.5000,815.2500,825.0000,2261,825.0000
2007-10-26,825.0000,832.5000,819.0000,827.5000,3260,827.5000
2007-10-29,823.0000,857.5000,823.0000,854.2500,3190,854.2500
2007-10-30,852.0000,853.2500,833.2500,837.0000,5442,837.0000
2007-10-31,830.5000,844.0000,827.5000,832.0000,5631,832.0000
2007-11-01,831.5000,844.0000,802.0000,804.5000,3200,804.5000
2007-11-02,805.7500,813.5000,801.0000,806.2500,2892,806.2500
2007-11-05,807.0000,820.5000,800.0000,812.2500,5724,812.2500
2007-11-06,811.7500,828.7500,810.5000,822.2500,6708,822.2500
2007-11-07,822.7500,832.7500,808.7500,811.2500,5937,811.2500
2007-11-08,810.7500,813.0000,786.7500,789.0000,5199,789.0000
2007-11-09,789.7500,790.0000,770.2500,784.7500,6756,784.7500
2007-11-12,785.0000,788.5000,772.2500,776.5000,2942,776.5000
2007-11-13,776.0000,780.5000,762.2500,762.0000,3682,762.0000
2007-11-14,762.0000,773.7500,755.5000,772.2500,4145,772.2500
2007-11-15,772.7500,789.5000,772.7500,787.0000,3465,787.0000
2007-11-16,786.2500,789.0000,767.2500,774.5000,2584,774.5000
2007-11-19,773.0000,787.2500,773.0000,781.0000,4883,781.0000
2007-11-20,781.5000,800.7500,774.7500,800.2500,3191,800.2500
2007-11-21,800.0000,830.2500,799.5000,830.2500,3191,830.2500
2007-11-23,830.2500,860.0000,828.2500,854.0000,2318,854.0000
2007-11-26,854.0000,865.0000,837.7500,839.0000,2788,839.0000
2007-11-27,836.5000,850.5000,835.0000,852.2500,2352,852.2500
2007-11-28,847.0000,882.2500,845.2500,881.5000,2709,881.5000
2007-11-29,882.0000,911.5000,874.7500,895.5000,650,895.5000
2007-11-30,895.5000,925.0000,883.5000,907.0000,249,907.0000
2007-12-03,904.0000,904.0000,891.2500,899.0000,76,899.0000
2007-12-04,908.7500,914.0000,900.5000,913.0000,60,913.0000
2007-12-05,911.7500,912.0000,895.0000,910.0000,68,910.0000
2007-12-06,915.5000,920.0000,911.0000,919.0000,23,919.0000
2007-12-07,909.7500,947.0000,909.7500,949.0000,37,949.0000
2007-12-10,957.0000,976.2500,957.0000,960.0000,1,960.0000
2007-12-11,947.2500,947.2500,947.2500,949.0000,6,949.0000
2007-12-12,951.2500,966.0000,951.2500,979.0000,33,979.0000
2007-12-13,986.0000,986.5000,986.0000,983.0000,33,983.0000
2007-12-14,1000.0000,1000.0000,1000.0000,1000.0000,4274,1000.0000
2007-12-17,998.0000,1029.2500,983.2500,985.5000,4167,985.5000
2007-12-18,984.5000,993.5000,965.2500,971.5000,2784,971.5000
2007-12-19,970.0000,994.0000,967.2500,995.0000,2955,995.0000
2007-12-20,995.5000,1003.2500,969.5000,976.2500,1769,976.2500
2007-12-21,975.7500,978.0000,960.0000,968.7500,1670,968.7500
2007-12-24,965.0000,968.5000,955.2500,964.0000,1748,964.0000
2007-12-26,966.5000,973.5000,961.0000,967.5000,2842,967.5000
2007-12-27,967.5000,968.5000,937.5000,944.0000,3598,944.0000
2007-12-28,941.0000,947.0000,914.0000,914.0000,2892,914.0000
2007-12-31,914.0000,914.0000,900.0000,913.5000,3170,913.5000
2008-01-02,917.0000,943.5000,912.7500,936.0000,3555,936.0000
2008-01-03,945.0000,966.0000,940.0000,965.5000,3593,965.5000
2008-01-04,966.2500,974.7500,935.5000,945.7500,2819,945.7500
2008-01-07,944.7500,949.0000,915.7500,915.7500,5214,915.7500
2008-01-08,913.7500,938.7500,909.0000,909.2500,5867,909.2500
2008-01-09,916.0000,916.0000,889.0000,889.0000,4293,889.0000
2008-01-10,889.0000,912.5000,880.7500,894.0000,3575,894.0000
2008-01-11,903.0000,924.0000,899.2500,924.0000,0,924.0000
2008-01-14,934.0000,954.0000,929.5000,933.0000,0,933.0000
2008-01-15,930.2500,963.0000,925.7500,956.0000,0,956.0000
2008-01-16,956.0000,967.7500,927.5000,959.0000,0,959.0000
2008-01-17,959.0000,989.0000,958.5000,981.5000,0,981.5000
2008-01-18,981.5000,1010.5000,967.0000,1011.2500,0,1011.2500
2008-01-22,997.5000,1032.5000,981.2500,984.7500,0,984.7500
2008-01-23,985.0000,998.7500,954.7500,954.7500,0,954.7500
2008-01-24,960.5000,973.5000,946.5000,955.0000,0,955.0000
2008-01-25,955.5000,978.5000,944.7500,970.0000,0,970.0000
2008-01-28,974.5000,1000.0000,973.2500,1000.0000,0,1000.0000
2008-01-29,1008.0000,1030.0000,979.7500,990.2500,0,990.2500
2008-01-30,992.7500,995.0000,964.5000,967.0000,0,967.0000
2008-01-31,967.2500,979.0000,951.7500,967.2500,0,967.2500
2008-02-01,969.2500,996.7500,969.2500,990.2500,0,990.2500
2008-02-04,998.0000,1020.2500,998.0000,1020.2500,0,1020.2500
2008-02-05,1027.5000,1050.2500,1024.0000,1050.2500,0,1050.2500
2008-02-06,1070.5000,1080.2500,1070.5000,1080.2500,0,1080.2500
2008-02-07,1110.2500,1110.2500,1110.2500,1110.2500,0,1110.2500
2008-02-08,1140.2500,1140.2500,1140.2500,1140.2500,0,1140.2500
2008-02-11,1200.2500,1200.2500,1092.2500,1083.7500,0,1083.7500
2008-02-12,1090.0000,1109.5000,1085.0000,1045.5000,0,1045.5000
2008-02-13,1049.2500,1058.5000,1025.2500,1041.0000,0,1041.0000
2008-02-14,1052.7500,1095.0000,1052.7500,1094.0000,0,1094.0000
2008-02-15,1100.0000,1122.2500,1074.5000,1082.0000,0,1082.0000
2008-02-19,1086.5000,1095.5000,1080.7500,1084.5000,0,1084.5000
2008-02-20,1086.7500,1089.0000,1061.7500,1069.0000,0,1069.0000
2008-02-21,1074.5000,1088.5000,1063.5000,1084.5000,0,1084.5000
2008-02-22,1085.7500,1110.5000,1078.5000,1107.2500,0,1107.2500
2008-02-25,1110.2500,1167.2500,1110.0000,1167.2500,0,1167.2500
2008-02-26,1257.2500,1257.2500,1163.7500,1257.2500,0,1257.2500
2008-02-27,1307.2500,1384.7500,1156.5000,1337.0000,0,1337.0000
2008-02-28,1321.0000,1321.0000,1222.0000,1235.0000,0,1235.0000
2008-02-29,1223.0000,1230.0000,1175.2500,1170.0000,0,1170.0000
2008-03-03,1172.7500,1229.0000,1172.0000,1182.0000,0,1182.0000
2008-03-04,1181.7500,1204.5000,1115.5000,1153.0000,0,1153.0000
2008-03-05,1160.0000,1179.7500,1145.0000,1165.0000,0,1165.0000
2008-03-06,1180.5000,1181.7500,1152.0000,1170.0000,0,1170.0000
2008-03-07,1145.0000,1145.0000,1143.2500,1145.0000,0,1145.0000
2008-03-10,1170.0000,1171.2500,1170.0000,1190.0000,0,1190.0000
2008-03-11,1196.0000,1275.0000,1196.0000,1250.0000,0,1250.0000
2008-03-12,1315.0000,1315.0000,1315.0000,1315.0000,0,1315.0000
2008-03-13,1295.0000,1295.0000,1295.0000,1295.0000,0,1295.0000
2008-03-14,1295.0000,1295.0000,1295.0000,1217.0000,0,1217.0000
2008-03-17,1251.0000,1288.2500,1200.0000,1200.0000,0,1200.0000
2008-03-18,1191.0000,1215.2500,1177.5000,1213.0000,0,1213.0000
2008-03-19,1213.0000,1214.0000,1123.0000,1123.0000,0,1123.0000
2008-03-20,1124.5000,1144.7500,1017.5000,1032.0000,0,1032.0000
2008-03-24,1015.0000,1107.5000,1015.0000,1068.5000,0,1068.5000
2008-03-25,1070.0000,1167.7500,1068.5000,1119.0000,0,1119.0000
2008-03-26,1125.2500,1138.0000,1066.7500,1069.0000,0,1069.0000
2008-03-27,1068.5000,1085.7500,1037.0000,1055.0000,0,1055.0000
2008-03-28,1050.0000,1056.0000,1006.2500,1022.2500,0,1022.2500
2008-03-31,1027.5000,1045.7500,962.2500,965.0000,0,965.0000
2008-04-01,965.7500,974.2500,948.5000,950.0000,0,950.0000
2008-04-02,951.0000,991.0000,951.0000,986.0000,0,986.0000
2008-04-03,997.2500,1006.2500,980.7500,996.2500,0,996.2500
2008-04-04,997.7500,1036.2500,983.2500,1028.5000,0,1028.5000
2008-04-07,1028.2500,1032.0000,972.5000,979.2500,0,979.2500
2008-04-08,999.0000,999.0000,972.7500,987.0000,0,987.0000
2008-04-09,986.2500,1010.0000,950.2500,988.0000,0,988.0000
2008-04-10,985.0000,1005.0000,970.0000,974.7500,0,974.7500
2008-04-11,975.0000,983.0000,952.5000,953.7500,0,953.7500
2008-04-14,953.0000,967.5000,934.0000,950.7500,0,950.7500
2008-04-15,950.7500,974.7500,945.7500,950.2500,0,950.2500
2008-04-16,948.5000,981.7500,947.7500,985.0000,0,985.0000
2008-04-17,984.2500,997.5000,961.0000,973.7500,0,973.7500
2008-04-18,972.0000,975.0000,923.2500,939.7500,0,939.7500
2008-04-21,940.7500,940.7500,895.2500,914.5000,0,914.5000
2008-04-22,914.5000,921.0000,897.7500,911.0000,0,911.0000
2008-04-23,911.0000,911.0000,867.5000,872.0000,0,872.0000
2008-04-24,872.0000,872.0000,868.0000,863.5000,0,863.5000
2008-04-25,863.0000,870.0000,850.5000,855.0000,0,855.0000
2008-04-28,855.0000,872.0000,853.7500,870.0000,0,870.0000
2008-04-29,872.0000,874.0000,842.0000,848.0000,0,848.0000
2008-04-30,857.5000,864.0000,845.7500,864.0000,0,864.0000
2008-05-01,855.7500,861.0000,852.0000,865.0000,0,865.0000
2008-05-02,877.0000,888.7500,877.0000,898.0000,0,898.0000
2008-05-05,898.7500,903.0000,858.5000,898.0000,0,898.0000
2008-05-06,897.7500,913.5000,897.7500,904.0000,0,904.0000
2008-05-07,910.0000,910.0000,897.2500,899.0000,0,899.0000
2008-05-08,905.0000,919.0000,905.0000,900.0000,0,900.0000
2008-05-09,885.0000,885.0000,877.0000,881.0000,0,881.0000
2008-05-12,885.0000,885.0000,885.0000,885.0000,0,885.0000
2008-05-13,880.7500,882.0000,873.0000,873.0000,0,873.0000
2008-05-14,865.0000,865.0000,857.0000,811.0000,0,811.0000
2008-05-15,810.7500,822.0000,798.5000,821.5000,0,821.5000
2008-05-16,818.2500,830.0000,815.0000,824.2500,0,824.2500
2008-05-19,826.2500,853.0000,820.0000,837.0000,0,837.0000
2008-05-20,840.7500,853.7500,829.7500,830.7500,0,830.7500
2008-05-21,828.7500,842.0000,826.2500,830.0000,0,830.0000
2008-05-22,828.5000,836.2500,799.7500,800.2500,0,800.2500
2008-05-23,801.0000,806.5000,793.2500,797.7500,0,797.7500
2008-05-27,801.0000,812.0000,799.7500,805.0000,0,805.0000
2008-05-28,801.7500,809.7500,791.0000,803.5000,0,803.5000
2008-05-29,803.0000,805.0000,782.5000,794.0000,0,794.0000
2008-05-30,793.7500,803.0000,789.0000,802.0000,0,802.0000
2008-06-02,800.0000,835.0000,799.0000,821.0000,0,821.0000
2008-06-03,821.0000,823.0000,784.5000,788.0000,0,788.0000
2008-06-04,790.0000,802.5000,787.5000,790.0000,0,790.0000
2008-06-05,791.2500,816.2500,790.0000,814.5000,0,814.5000
2008-06-06,814.5000,857.5000,814.5000,846.7500,0,846.7500
2008-06-09,859.0000,869.7500,827.0000,825.5000,0,825.5000
2008-06-10,832.0000,851.7500,828.5000,846.5000,0,846.5000
2008-06-11,847.5000,906.5000,845.0000,906.5000,0,906.5000
2008-06-12,914.5000,915.2500,879.2500,892.2500,0,892.2500
2008-06-13,888.7500,932.0000,878.2500,924.2500,0,924.2500
2008-06-16,922.0000,955.0000,921.2500,921.0000,0,921.0000
2008-06-17,920.7500,942.2500,915.7500,939.0000,0,939.0000
2008-06-18,939.0000,953.2500,929.7500,945.2500,0,945.2500
2008-06-19,945.0000,951.0000,922.7500,930.0000,0,930.0000
2008-06-20,929.0000,940.0000,911.7500,915.0000,0,915.0000
2008-06-23,905.2500,915.0000,891.0000,904.0000,0,904.0000
2008-06-24,904.2500,920.0000,901.5000,909.5000,0,909.5000
2008-06-25,908.5000,947.5000,906.0000,938.2500,0,938.2500
2008-06-26,933.2500,988.2500,933.2500,954.7500,0,954.7500
2008-06-27,953.0000,968.2500,920.0000,925.0000,0,925.0000
2008-06-30,924.2500,931.0000,877.2500,883.0000,0,883.0000
2008-07-01,878.5000,894.2500,870.7500,874.0000,0,874.0000
2008-07-02,872.0000,886.2500,869.0000,884.5000,0,884.5000
2008-07-03,885.2500,895.2500,880.0000,905.0000,0,905.0000
2008-07-07,886.5000,886.5000,842.0000,850.0000,0,850.0000
2008-07-08,844.0000,853.2500,830.0000,849.0000,0,849.0000
2008-07-09,849.0000,849.0000,835.0000,839.0000,0,839.0000
2008-07-10,837.0000,843.5000,832.7500,838.0000,0,838.0000
2008-07-11,841.0000,852.2500,834.5000,853.0000,0,853.0000
2008-07-14,845.0000,847.0000,837.7500,845.0000,0,845.0000
2008-07-15,851.0000,859.5000,838.5000,844.0000,0,844.0000
2008-07-16,842.5000,865.5000,830.5000,860.5000,0,860.5000
2008-07-17,860.0000,868.7500,837.0000,838.5000,0,838.5000
2008-07-18,838.0000,851.0000,833.0000,837.7500,0,837.7500
2008-07-21,835.0000,836.0000,822.2500,823.0000,0,823.0000
2008-07-22,823.0000,832.0000,820.5000,824.0000,0,824.0000
2008-07-23,824.0000,829.7500,808.2500,812.0000,0,812.0000
2008-07-24,812.0000,822.5000,810.0000,816.5000,0,816.5000
2008-07-25,816.0000,846.5000,812.7500,832.2500,0,832.2500
2008-07-28,835.5000,855.0000,822.7500,824.5000,0,824.5000
2008-07-29,825.0000,827.2500,809.2500,825.0000,0,825.0000
2008-07-30,825.0000,828.7500,815.5000,819.2500,0,819.2500
2008-07-31,818.7500,829.2500,814.5000,814.7500,0,814.7500
2008-08-01,815.0000,839.5000,814.5000,822.2500,0,822.2500
2008-08-04,819.5000,825.2500,792.5000,796.0000,0,796.0000
2008-08-05,798.0000,836.7500,786.7500,806.5000,0,806.5000
2008-08-06,806.0000,817.7500,785.0000,796.0000,0,796.0000
2008-08-07,795.5000,852.5000,795.5000,846.7500,0,846.7500
2008-08-08,846.7500,847.7500,798.5000,803.7500,0,803.7500
2008-08-11,802.2500,844.0000,799.0000,825.0000,0,825.0000
2008-08-12,825.5000,836.0000,815.2500,827.0000,0,827.0000
2008-08-13,827.0000,887.0000,827.0000,886.2500,0,886.2500
2008-08-14,883.0000,921.7500,873.0000,898.0000,0,898.0000
2008-08-15,892.2500,896.7500,857.5000,863.2500,0,863.2500
2008-08-18,871.0000,908.5000,868.2500,890.0000,0,890.0000
2008-08-19,889.7500,903.0000,877.7500,880.5000,0,880.5000
2008-08-20,880.5000,906.5000,879.5000,906.0000,0,906.0000
2008-08-21,901.5000,959.0000,901.5000,928.0000,0,928.0000
2008-08-22,924.5000,926.0000,898.0000,900.0000,0,900.0000
2008-08-25,899.7500,916.5000,876.5000,877.7500,0,877.7500
2008-08-26,877.0000,881.2500,849.5000,865.7500,0,865.7500
2008-08-27,864.5000,874.5000,833.7500,840.0000,0,840.0000
2008-08-28,840.0000,842.0000,816.0000,824.7500,0,824.7500
2008-08-29,824.7500,827.0000,815.0000,818.7500,0,818.7500
2008-09-02,805.0000,805.0000,782.7500,792.7500,0,792.7500
2008-09-03,790.0000,800.0000,785.0000,799.0000,0,799.0000
2008-09-04,799.0000,805.0000,795.0000,800.2500,0,800.2500
2008-09-05,784.5000,784.5000,768.5000,773.0000,0,773.0000
2008-09-08,785.0000,785.0000,765.0000,762.7500,0,762.7500
2008-09-09,761.0000,761.0000,758.5000,754.0000,0,754.0000
2008-09-10,750.0000,750.0000,743.7500,746.0000,0,746.0000
2008-09-11,742.0000,752.2500,740.7500,746.2500,0,746.2500
2008-09-12,758.0000,758.5000,741.5000,741.5000,0,741.5000
2008-09-15,767.2500,778.0000,748.7500,763.5000,0,763.5000
2008-09-16,762.7500,768.0000,731.2500,734.5000,0,734.5000
2008-09-17,734.5000,766.0000,730.0000,761.5000,0,761.5000
2008-09-18,764.5000,772.0000,730.5000,734.2500,0,734.2500
2008-09-19,735.5000,760.0000,734.2500,756.5000,0,756.5000
2008-09-22,756.2500,792.7500,754.5000,774.0000,0,774.0000
2008-09-23,774.0000,786.5000,765.0000,781.5000,0,781.5000
2008-09-24,783.5000,791.0000,753.7500,759.0000,0,759.0000
2008-09-25,759.5000,769.7500,750.5000,765.2500,0,765.2500
2008-09-26,762.0000,763.2500,745.0000,745.7500,0,745.7500
2008-09-29,742.2500,745.0000,705.2500,705.0000,0,705.0000
2008-09-30,705.0000,725.0000,705.0000,712.0000,0,712.0000
2008-10-01,713.0000,722.7500,700.2500,704.0000,0,704.0000
2008-10-02,703.5000,709.0000,668.7500,668.7500,0,668.7500
2008-10-03,669.0000,686.0000,666.5000,670.5000,0,670.5000
2008-10-06,666.0000,671.0000,626.2500,628.2500,0,628.2500
2008-10-07,630.7500,649.2500,628.0000,634.0000,0,634.0000
2008-10-08,635.2500,651.7500,622.5000,638.0000,0,638.0000
2008-10-09,643.2500,652.5000,634.5000,638.0000,0,638.0000
2008-10-10,635.0000,635.0000,596.5000,605.0000,0,605.0000
2008-10-13,610.7500,633.7500,605.0000,627.2500,0,627.2500
2008-10-14,650.0000,650.0000,612.0000,613.0000,0,613.0000
2008-10-15,614.0000,619.2500,590.0000,590.0000,0,590.0000
2008-10-16,591.0000,594.0000,576.7500,588.0000,0,588.0000
2008-10-17,595.0000,601.7500,588.2500,597.5000,0,597.5000
2008-10-20,595.0000,608.0000,586.2500,595.7500,0,595.7500
2008-10-21,596.0000,601.2500,578.2500,582.0000,0,582.0000
2008-10-22,585.0000,585.0000,549.0000,549.5000,0,549.5000
2008-10-23,552.2500,567.2500,550.0000,553.0000,0,553.0000
2008-10-24,558.5000,572.0000,531.2500,547.0000,0,547.0000
2008-10-27,551.0000,566.0000,535.0000,564.5000,0,564.5000
2008-10-28,564.0000,582.0000,550.2500,553.2500,0,553.2500
2008-10-29,566.0000,613.2500,557.2500,598.0000,0,598.0000
2008-10-30,597.0000,613.0000,567.5000,573.5000,0,573.5000
2008-10-31,573.5000,581.5000,563.0000,573.0000,0,573.0000
2008-11-03,575.7500,611.2500,573.2500,597.7500,0,597.7500
2008-11-04,591.0000,624.0000,587.7500,609.0000,0,609.0000
2008-11-05,607.7500,615.2500,573.5000,576.7500,0,576.7500
2008-11-06,580.0000,580.2500,557.7500,563.0000,0,563.0000
2008-11-07,560.7500,571.2500,559.0000,568.0000,0,568.0000
2008-11-10,568.2500,579.0000,551.5000,563.0000,0,563.0000
2008-11-11,563.0000,570.2500,549.5000,571.0000,0,571.0000
2008-11-12,568.0000,597.2500,553.5000,575.5000,0,575.5000
2008-11-13,575.5000,607.0000,564.5000,578.0000,0,578.0000
2008-11-14,586.7500,595.7500,571.2500,593.2500,0,593.2500
2008-11-17,589.0000,603.0000,561.0000,565.5000,0,565.5000
2008-11-18,567.0000,580.0000,561.5000,561.0000,0,561.0000
2008-11-19,560.7500,572.0000,558.7500,559.5000,0,559.5000
2008-11-20,557.5000,558.2500,537.7500,548.2500,0,548.2500
2008-11-21,543.0000,550.2500,533.2500,533.5000,0,533.5000
2008-11-24,536.5000,593.5000,536.5000,568.7500,0,568.7500
2008-11-25,567.7500,571.2500,558.2500,562.2500,0,562.2500
2008-11-26,565.0000,571.5000,552.5000,558.5000,0,558.5000
2008-11-28,563.0000,567.0000,555.0000,563.0000,0,563.0000
2008-12-01,558.2500,560.2500,528.5000,535.7500,0,535.7500
2008-12-02,538.2500,542.7500,535.0000,537.5000,0,537.5000
2008-12-03,537.7500,544.7500,532.0000,529.5000,0,529.5000
2008-12-04,529.0000,529.0000,505.0000,497.0000,0,497.0000
2008-12-05,491.0000,493.7500,489.7500,489.7500,0,489.7500
2008-12-08,499.7500,500.0000,499.7500,501.7500,0,501.7500
2008-12-09,506.7500,507.7500,504.0000,500.0000,0,500.0000
2008-12-10,509.2500,518.0000,509.2500,515.7500,0,515.7500
2008-12-11,550.0000,550.0000,524.0000,521.5000,0,521.5000
2008-12-12,510.0000,514.0000,510.0000,530.2500,0,530.2500
2008-12-15,538.2500,558.2500,538.2500,543.0000,0,543.0000
2008-12-16,543.0000,569.5000,540.0000,565.0000,0,565.0000
2008-12-17,565.7500,580.0000,560.5000,578.2500,0,578.2500
2008-12-18,578.0000,595.0000,575.0000,590.5000,0,590.5000
2008-12-19,588.7500,590.0000,579.5000,583.0000,0,583.0000
2008-12-22,583.0000,590.0000,578.5000,589.2500,0,589.2500
2008-12-23,588.7500,598.0000,574.5000,594.0000,0,594.0000
2008-12-24,592.0000,604.2500,591.0000,600.0000,0,600.0000
2008-12-26,600.7500,619.2500,600.2500,616.2500,0,616.2500
2008-12-29,615.0000,635.5000,608.0000,611.0000,0,611.0000
2008-12-30,609.7500,625.0000,605.2500,621.7500,0,621.7500
2008-12-31,620.0000,631.0000,611.7500,630.0000,0,630.0000
2009-01-02,627.2500,633.2500,613.0000,633.5000,0,633.5000
2009-01-05,633.0000,639.5000,619.0000,642.2500,0,642.2500
2009-01-06,638.2500,669.2500,635.2500,670.0000,0,670.0000
2009-01-07,666.0000,668.0000,635.5000,637.0000,0,637.0000
2009-01-08,635.0000,644.0000,624.2500,633.2500,0,633.2500
2009-01-09,633.7500,655.0000,633.7500,651.0000,0,651.0000
2009-01-12,650.0000,657.0000,591.0000,595.0000,0,595.0000
2009-01-13,593.5000,616.5000,590.5000,597.0000,0,597.0000
2009-01-14,598.5000,608.5000,589.5000,600.0000,0,600.0000
2009-01-15,599.5000,604.0000,590.7500,594.5000,0,594.5000
2009-01-16,592.5000,610.2500,592.5000,609.0000,0,609.0000
2009-01-20,608.0000,617.0000,579.5000,579.7500,0,579.7500
2009-01-21,582.2500,600.5000,581.2500,600.5000,0,600.5000
2009-01-22,600.0000,607.5000,590.0000,598.0000,0,598.0000
2009-01-23,596.2500,624.7500,588.0000,610.5000,0,610.5000
2009-01-26,610.5000,636.0000,610.2500,621.7500,0,621.7500
2009-01-27,621.2500,627.7500,610.5000,615.0000,0,615.0000
2009-01-28,613.2500,628.2500,611.0000,626.0000,0,626.0000
2009-01-29,625.7500,625.7500,604.2500,608.0000,0,608.0000
2009-01-30,610.0000,615.2500,598.7500,601.0000,0,601.0000
2009-02-02,598.0000,603.0000,585.2500,593.0000,0,593.0000
2009-02-03,593.0000,600.5000,581.2500,581.0000,0,581.0000
2009-02-04,582.2500,589.2500,570.0000,570.0000,0,570.0000
2009-02-05,573.2500,596.5000,571.7500,590.0000,0,590.0000
2009-02-06,590.2500,598.0000,583.2500,586.5000,0,586.5000
2009-02-09,590.0000,604.5000,587.2500,595.0000,0,595.0000
2009-02-10,591.0000,595.5000,575.0000,589.0000,0,589.0000
2009-02-11,582.2500,588.0000,576.5000,578.0000,0,578.0000
2009-02-12,578.0000,585.7500,572.7500,575.0000,0,575.0000
2009-02-13,575.0000,580.0000,572.0000,574.5000,0,574.5000
2009-02-17,572.7500,574.7500,550.0000,550.7500,0,550.7500
2009-02-18,551.7500,553.2500,545.0000,546.5000,0,546.5000
2009-02-19,546.2500,559.7500,546.0000,558.2500,0,558.2500
2009-02-20,558.0000,563.0000,543.0000,556.2500,0,556.2500
2009-02-23,556.2500,563.5000,548.0000,548.2500,0,548.2500
2009-02-24,547.5000,556.7500,544.5000,553.2500,0,553.2500
2009-02-25,558.5000,567.5000,549.7500,566.0000,0,566.0000
2009-02-26,560.0000,572.0000,554.5000,554.2500,0,554.2500
2009-02-27,554.5000,558.5000,547.2500,552.0000,0,552.0000
2009-03-02,545.0000,545.0000,540.5000,540.7500,0,540.7500
2009-03-03,542.5000,545.0000,537.0000,538.7500,0,538.7500
2009-03-04,540.7500,560.0000,539.0000,560.5000,0,560.5000
2009-03-05,558.0000,558.0000,554.0000,555.0000,0,555.0000
2009-03-06,560.0000,573.7500,560.0000,568.0000,0,568.0000
2009-03-09,567.7500,570.0000,567.0000,569.7500,0,569.7500
2009-03-10,585.0000,585.2500,580.0000,580.2500,0,580.2500
2009-03-11,573.0000,573.0000,563.7500,557.5000,0,557.5000
2009-03-12,563.5000,564.5000,563.5000,574.0000,0,574.0000
2009-03-13,559.5000,562.5000,559.5000,570.0000,0,570.0000
2009-03-16,568.0000,598.2500,563.7500,597.2500,0,597.2500
2009-03-17,593.2500,606.2500,588.5000,605.2500,0,605.2500
2009-03-18,605.0000,609.5000,580.0000,583.0000,0,583.0000
2009-03-19,590.7500,609.2500,590.0000,606.0000,0,606.0000
2009-03-20,605.0000,608.5000,591.0000,603.0000,0,603.0000
2009-03-23,603.0000,613.0000,597.2500,604.0000,0,604.0000
2009-03-24,602.0000,604.0000,582.5000,588.0000,0,588.0000
2009-03-25,588.5000,588.5000,555.0000,555.0000,0,555.0000
2009-03-26,557.7500,563.0000,552.5000,560.0000,0,560.0000
2009-03-27,556.5000,561.7500,546.7500,550.0000,0,550.0000
2009-03-30,553.0000,558.7500,546.5000,554.5000,0,554.5000
2009-03-31,556.2500,574.0000,550.7500,573.2500,0,573.2500
2009-04-01,569.5000,571.0000,557.2500,566.0000,0,566.0000
2009-04-02,566.0000,592.7500,565.2500,591.5000,0,591.5000
2009-04-03,589.0000,610.5000,589.0000,607.5000,0,607.5000
2009-04-06,606.0000,617.7500,601.5000,603.0000,0,603.0000
2009-04-07,604.5000,614.5000,589.0000,590.0000,0,590.0000
2009-04-08,590.0000,595.2500,580.0000,580.0000,0,580.0000
2009-04-09,580.0000,592.0000,570.2500,570.5000,0,570.5000
2009-04-13,571.5000,578.2500,564.0000,570.0000,0,570.0000
2009-04-14,570.7500,576.0000,561.2500,564.5000,0,564.5000
2009-04-15,564.5000,572.2500,560.0000,560.0000,0,560.0000
2009-04-16,563.0000,570.0000,556.0000,570.0000,0,570.0000
2009-04-17,571.2500,574.7500,566.2500,569.0000,0,569.0000
2009-04-20,569.2500,571.0000,552.0000,559.0000,0,559.0000
2009-04-21,558.7500,569.0000,558.2500,563.2500,0,563.2500
2009-04-22,563.0000,571.2500,562.2500,569.5000,0,569.5000
2009-04-23,570.0000,584.7500,565.7500,584.0000,0,584.0000
2009-04-24,582.0000,586.7500,578.0000,586.2500,0,586.2500
2009-04-27,585.2500,590.5000,564.7500,564.5000,0,564.5000
2009-04-28,569.0000,572.7500,564.2500,565.0000,0,565.0000
2009-04-29,568.5000,575.2500,563.7500,572.2500,0,572.2500
2009-04-30,573.0000,590.0000,570.7500,576.2500,0,576.2500
2009-05-01,585.2500,611.0000,584.0000,607.2500,0,607.2500
2009-05-04,595.0000,595.0000,589.5000,591.0000,0,591.0000
2009-05-05,592.5000,593.5000,592.5000,592.7500,0,592.7500
2009-05-06,593.0000,595.0000,591.2500,601.0000,0,601.0000
2009-05-07,608.7500,608.7500,608.7500,608.7500,0,608.7500
2009-05-08,627.0000,627.0000,627.0000,627.0000,0,627.0000
2009-05-11,629.5000,629.5000,629.5000,629.5000,0,629.5000
2009-05-12,629.0000,629.0000,629.0000,634.0000,0,634.0000
2009-05-13,640.0000,640.0000,640.0000,635.0000,0,635.0000
2009-05-14,640.7500,640.7500,640.7500,640.7500,0,640.7500
2009-05-15,641.7500,645.0000,628.7500,630.5000,0,630.5000
2009-05-18,630.7500,653.0000,620.0000,644.0000,0,644.0000
2009-05-19,642.2500,650.0000,638.0000,642.7500,0,642.7500
2009-05-20,640.5000,659.0000,640.0000,650.0000,0,650.0000
2009-05-21,648.7500,654.0000,639.2500,647.0000,0,647.0000
2009-05-22,646.0000,667.5000,646.0000,660.5000,0,660.5000
2009-05-26,658.5000,667.7500,653.0000,662.2500,0,662.2500
2009-05-27,661.7500,678.5000,661.0000,675.0000,0,675.0000
2009-05-28,674.0000,695.7500,668.7500,680.7500,0,680.7500
2009-05-29,680.2500,694.7500,675.0000,687.0000,0,687.0000
2009-06-01,687.2500,727.2500,685.0000,726.0000,0,726.0000
2009-06-02,725.5000,725.5000,708.7500,719.0000,0,719.0000
2009-06-03,717.5000,718.5000,668.2500,671.7500,0,671.7500
2009-06-04,673.0000,697.0000,669.0000,690.0000,0,690.0000
2009-06-05,693.5000,693.5000,675.0000,675.0000,0,675.0000
2009-06-08,675.0000,677.0000,648.7500,652.7500,0,652.7500
2009-06-09,654.5000,668.7500,653.7500,665.5000,0,665.5000
2009-06-10,665.5000,666.5000,644.7500,648.0000,0,648.0000
2009-06-11,649.5000,658.0000,640.2500,644.5000,0,644.5000
2009-06-12,641.2500,647.7500,628.5000,637.0000,0,637.0000
2009-06-15,638.7500,640.0000,620.2500,631.7500,0,631.7500
2009-06-16,632.5000,637.5000,621.2500,623.0000,0,623.0000
2009-06-17,621.2500,628.0000,613.2500,622.7500,0,622.7500
2009-06-18,622.7500,626.0000,615.0000,619.0000,0,619.0000
2009-06-19,619.2500,625.0000,613.7500,614.7500,0,614.7500
2009-06-22,614.2500,614.2500,602.7500,604.0000,0,604.0000
2009-06-23,604.0000,609.7500,601.2500,604.0000,0,604.0000
2009-06-24,603.7500,609.0000,593.5000,597.5000,0,597.5000
2009-06-25,597.5000,598.7500,586.7500,592.2500,0,592.2500
2009-06-26,591.0000,594.5000,589.0000,589.5000,0,589.5000
2009-06-29,589.2500,594.0000,580.2500,581.5000,0,581.5000
2009-06-30,583.0000,591.0000,552.2500,569.7500,0,569.7500
2009-07-01,573.5000,590.0000,560.5000,563.7500,0,563.7500
2009-07-02,563.7500,563.7500,556.0000,554.7500,0,554.7500
2009-07-06,554.2500,554.2500,544.0000,542.2500,0,542.2500
2009-07-07,552.0000,552.0000,538.0000,535.2500,0,535.2500
2009-07-08,537.5000,545.0000,537.0000,537.7500,0,537.7500
2009-07-09,548.0000,549.0000,543.5000,543.0000,0,543.0000
2009-07-10,543.0000,544.0000,538.0000,540.0000,0,540.0000
2009-07-13,539.0000,565.0000,539.0000,563.7500,0,563.7500
2009-07-14,563.2500,563.2500,562.0000,550.5000,0,550.5000
2009-07-15,558.0000,575.7500,556.7500,560.5000,0,560.5000
2009-07-16,560.2500,573.2500,555.5000,559.5000,0,559.5000
2009-07-17,560.5000,574.0000,554.0000,566.5000,0,566.5000
2009-07-20,566.2500,578.0000,559.2500,571.0000,0,571.0000
2009-07-21,570.0000,571.0000,560.2500,565.7500,0,565.7500
2009-07-22,564.0000,564.0000,547.2500,554.7500,0,554.7500
2009-07-23,554.7500,570.7500,553.7500,561.5000,0,561.5000
2009-07-24,560.5000,565.7500,548.2500,549.0000,0,549.0000
2009-07-27,548.7500,556.0000,545.7500,551.7500,0,551.7500
2009-07-28,551.0000,562.0000,547.5000,550.0000,0,550.0000
2009-07-29,548.2500,551.5000,542.0000,546.5000,0,546.5000
2009-07-30,546.7500,561.0000,546.7500,549.5000,0,549.5000
2009-07-31,549.0000,560.2500,548.0000,559.2500,0,559.2500
2009-08-03,560.0000,586.7500,555.0000,579.0000,0,579.0000
2009-08-04,576.7500,579.0000,568.2500,573.0000,0,573.0000
2009-08-05,573.0000,575.7500,552.2500,560.2500,0,560.2500
2009-08-06,559.5000,560.2500,534.0000,534.0000,0,534.0000
2009-08-07,535.2500,539.5000,522.7500,525.2500,0,525.2500
2009-08-10,525.0000,533.0000,522.0000,525.2500,0,525.2500
2009-08-11,524.5000,532.0000,516.7500,517.0000,0,517.0000
2009-08-12,516.7500,520.2500,507.0000,519.0000,0,519.0000
2009-08-13,517.2500,524.0000,509.2500,508.5000,0,508.5000
2009-08-14,508.7500,514.0000,501.0000,508.5000,0,508.5000
2009-08-17,508.0000,508.0000,494.5000,500.2500,0,500.2500
2009-08-18,499.0000,505.0000,497.5000,498.5000,0,498.5000
2009-08-19,498.0000,507.7500,487.5000,497.2500,0,497.2500
2009-08-20,497.0000,501.5000,493.7500,498.7500,0,498.7500
2009-08-21,498.0000,505.2500,490.5000,493.7500,0,493.7500
2009-08-24,493.7500,504.5000,492.5000,503.2500,0,503.2500
2009-08-25,503.0000,522.7500,501.0000,504.7500,0,504.7500
2009-08-26,504.7500,513.2500,504.0000,511.0000,0,511.0000
2009-08-27,510.2500,515.0000,501.0000,508.5000,0,508.5000
2009-08-28,510.0000,516.0000,496.2500,500.0000,0,500.0000
2009-08-31,500.5000,507.7500,487.7500,505.0000,0,505.0000
2009-09-01,503.0000,503.0000,491.5000,494.2500,0,494.2500
2009-09-02,493.0000,495.7500,491.2500,491.2500,0,491.2500
2009-09-03,491.7500,493.7500,482.7500,483.7500,0,483.7500
2009-09-04,484.2500,484.7500,478.2500,477.0000,0,477.0000
2009-09-08,476.2500,477.0000,467.0000,465.0000,0,465.0000
2009-09-09,464.0000,465.2500,460.0000,460.5000,0,460.5000
2009-09-10,462.2500,464.2500,459.5000,462.5000,0,462.5000
2009-09-11,461.0000,468.2500,453.5000,466.7500,0,466.7500
2009-09-14,460.5000,460.5000,460.5000,456.5000,0,456.5000
2009-09-15,466.5000,494.2500,463.5000,482.2500,0,482.2500
2009-09-16,481.0000,484.5000,469.2500,480.0000,0,480.0000
2009-09-17,479.5000,488.0000,470.7500,474.2500,0,474.2500
2009-09-18,473.7500,477.7500,471.0000,472.0000,0,472.0000
2009-09-21,471.7500,477.2500,467.5000,469.0000,0,469.0000
2009-09-22,469.2500,477.0000,465.5000,468.2500,0,468.2500
2009-09-23,468.0000,480.7500,464.0000,469.5000,0,469.5000
2009-09-24,468.7500,486.2500,465.2500,483.7500,0,483.7500
2009-09-25,482.0000,488.7500,468.0000,469.2500,0,469.2500
2009-09-28,482.0000,482.0000,470.5000,475.0000,0,475.0000
2009-09-29,477.2500,479.2500,463.0000,468.5000,0,468.5000
2009-09-30,467.0000,479.5000,460.0000,476.5000,0,476.5000
2009-10-01,471.7500,473.2500,463.7500,469.5000,0,469.5000
2009-10-02,468.2500,471.0000,458.5000,459.5000,0,459.5000
2009-10-05,459.0000,471.5000,458.5000,461.7500,0,461.7500
2009-10-06,462.0000,488.2500,461.5000,475.5000,0,475.5000
2009-10-07,474.0000,480.7500,470.2500,480.2500,0,480.2500
2009-10-08,480.0000,499.5000,479.2500,489.7500,0,489.7500
2009-10-09,488.0000,492.2500,479.2500,485.0000,0,485.0000
2009-10-12,487.2500,513.0000,487.0000,511.0000,0,511.0000
2009-10-13,509.0000,527.0000,503.5000,525.0000,0,525.0000
2009-10-14,523.0000,543.0000,517.0000,524.0000,0,524.0000
2009-10-15,522.7500,528.0000,511.0000,518.0000,0,518.0000
2009-10-16,517.0000,522.5000,510.0000,510.5000,0,510.5000
2009-10-19,509.7500,534.0000,508.2500,528.7500,0,528.7500
2009-10-20,528.0000,535.7500,518.0000,525.7500,0,525.7500
2009-10-21,526.0000,553.2500,523.2500,546.0000,0,546.0000
2009-10-22,542.7500,555.2500,538.5000,553.0000,0,553.0000
2009-10-23,552.2500,577.0000,548.7500,549.5000,0,549.5000
2009-10-26,549.0000,563.0000,532.0000,531.0000,0,531.0000
2009-10-27,531.7500,534.7500,510.5000,510.5000,0,510.5000
2009-10-28,510.5000,515.7500,501.2500,502.2500,0,502.2500
2009-10-29,502.7500,515.2500,502.5000,508.0000,0,508.0000
2009-10-30,509.0000,513.5000,495.5000,499.0000,0,499.0000
2009-11-02,498.5000,522.7500,494.2500,520.0000,0,520.0000
2009-11-03,518.5000,524.7500,508.7500,520.0000,0,520.0000
2009-11-04,520.7500,531.7500,509.5000,526.7500,0,526.7500
2009-11-05,524.7500,526.0000,515.5000,517.5000,0,517.5000
2009-11-06,516.2500,519.5000,500.5000,501.0000,0,501.0000
2009-11-09,501.0000,530.7500,500.2500,521.7500,0,521.7500
2009-11-10,519.5000,529.7500,511.0000,525.5000,0,525.5000
2009-11-11,523.5000,544.7500,522.0000,535.2500,0,535.2500
2009-11-12,530.7500,545.5000,526.0000,535.0000,0,535.0000
2009-11-13,534.0000,544.5000,532.5000,540.5000,0,540.5000
2009-11-16,544.5000,562.0000,538.0000,560.2500,0,560.2500
2009-11-17,559.0000,574.0000,555.2500,574.0000,0,574.0000
2009-11-18,571.2500,579.7500,562.2500,565.2500,0,565.2500
2009-11-19,562.7500,568.2500,549.5000,561.0000,0,561.0000
2009-11-20,560.7500,570.5000,552.5000,556.7500,0,556.7500
2009-11-23,556.5000,576.5000,553.7500,554.0000,0,554.0000
2009-11-24,554.0000,556.5000,528.0000,529.5000,0,529.5000
2009-11-25,530.2500,553.2500,530.0000,546.5000,0,546.5000
2009-11-27,536.5000,544.5000,529.5000,542.7500,0,542.7500
2009-11-30,545.0000,562.2500,545.0000,560.5000,0,560.5000
2009-12-01,559.2500,571.0000,554.5000,556.7500,0,556.7500
2009-12-02,555.0000,555.0000,546.7500,551.0000,0,551.0000
2009-12-03,551.7500,553.7500,548.0000,548.5000,0,548.5000
2009-12-04,545.7500,545.7500,535.5000,536.0000,0,536.0000
2009-12-07,537.7500,538.0000,524.2500,524.5000,0,524.5000
2009-12-08,520.0000,521.5000,520.0000,520.5000,0,520.5000
2009-12-09,520.0000,520.0000,516.0000,515.5000,0,515.5000
2009-12-10,515.0000,523.0000,515.0000,515.0000,0,515.0000
2009-12-11,514.2500,522.0000,514.2500,517.2500,0,517.2500
2009-12-14,526.0000,526.0000,526.0000,526.0000,0,526.0000
2009-12-15,533.2500,536.7500,525.0000,526.5000,0,526.5000
2009-12-16,525.7500,534.5000,519.5000,530.5000,0,530.5000
2009-12-17,530.0000,531.5000,509.2500,515.0000,0,515.0000
2009-12-18,515.5000,526.0000,510.7500,524.2500,0,524.2500
2009-12-21,523.2500,525.2500,515.5000,516.2500,0,516.2500
2009-12-22,516.0000,519.2500,510.2500,517.2500,0,517.2500
2009-12-23,516.5000,523.2500,515.0000,523.0000,0,523.0000
2009-12-24,523.0000,525.0000,515.2500,521.5000,0,521.5000
2009-12-28,521.7500,550.2500,519.2500,546.0000,0,546.0000
2009-12-29,545.0000,548.5000,535.7500,538.0000,0,538.0000
2009-12-30,536.2500,545.0000,536.2500,540.5000,0,540.5000
2009-12-31,538.7500,545.0000,534.2500,536.2500,0,536.2500
2010-01-04,539.5000,554.2500,538.7500,550.7500,0,550.7500
2010-01-05,549.2500,553.5000,544.2500,546.7500,0,546.7500
2010-01-06,545.7500,560.2500,544.0000,560.5000,0,560.5000
2010-01-07,559.5000,560.2500,548.7500,550.2500,0,550.2500
2010-01-08,550.2500,562.0000,540.7500,560.0000,0,560.0000
2010-01-11,560.0000,566.2500,556.5000,566.0000,0,566.0000
2010-01-12,563.0000,563.0000,518.0000,534.0000,0,534.0000
2010-01-13,532.2500,537.0000,520.0000,534.7500,0,534.7500
2010-01-14,536.0000,536.5000,525.2500,527.0000,0,527.0000
2010-01-15,526.0000,526.0000,511.7500,512.0000,0,512.0000
2010-01-19,511.7500,517.5000,501.5000,505.0000,0,505.0000
2010-01-20,505.0000,505.7500,492.7500,504.5000,0,504.5000
2010-01-21,504.2500,505.0000,497.5000,503.5000,0,503.5000
2010-01-22,504.5000,505.5000,496.0000,502.0000,0,502.0000
2010-01-25,502.7500,507.0000,500.5000,501.0000,0,501.0000
2010-01-26,500.2500,503.5000,496.7500,499.5000,0,499.5000
2010-01-27,498.0000,500.0000,490.2500,490.5000,0,490.5000
2010-01-28,492.2500,496.5000,490.0000,494.7500,0,494.7500
2010-01-29,494.7500,495.7500,485.0000,487.0000,0,487.0000
2010-02-01,487.5000,493.7500,483.5000,487.5000,0,487.5000
2010-02-02,486.0000,503.0000,486.0000,499.0000,0,499.0000
2010-02-03,499.0000,504.0000,482.5000,483.2500,0,483.2500
2010-02-04,485.2500,493.0000,480.2500,488.5000,0,488.5000
2010-02-05,487.2500,488.5000,480.2500,484.5000,0,484.5000
2010-02-08,489.7500,497.7500,488.0000,495.5000,0,495.5000
2010-02-09,495.2500,499.7500,488.0000,490.0000,0,490.0000
2010-02-10,492.7500,513.5000,489.5000,505.7500,0,505.7500
2010-02-11,506.0000,509.0000,497.2500,501.2500,0,501.2500
2010-02-12,501.0000,502.0000,490.7500,494.5000,0,494.5000
2010-02-16,497.2500,516.7500,496.0000,512.5000,0,512.5000
2010-02-17,511.2500,512.0000,500.0000,502.0000,0,502.0000
2010-02-18,502.0000,508.0000,492.0000,493.5000,0,493.5000
2010-02-19,490.7500,500.2500,486.5000,498.2500,0,498.2500
2010-02-22,497.2500,513.0000,493.7500,508.5000,0,508.5000
2010-02-23,506.2500,508.5000,498.5000,498.2500,0,498.2500
2010-02-24,498.5000,508.2500,497.2500,505.2500,0,505.2500
2010-02-25,505.0000,506.0000,494.5000,496.7500,0,496.7500
2010-02-26,496.0000,513.7500,496.0000,511.0000,0,511.0000
2010-03-01,515.0000,515.0000,495.0000,499.5000,0,499.5000
2010-03-02,501.0000,504.7500,495.2500,499.0000,0,499.0000
2010-03-03,504.5000,508.5000,503.2500,509.5000,0,509.5000
2010-03-04,506.7500,506.7500,499.5000,500.0000,0,500.0000
2010-03-05,498.7500,499.7500,495.0000,493.0000,0,493.0000
2010-03-08,494.7500,496.0000,494.0000,495.0000,0,495.0000
2010-03-09,490.2500,492.5000,490.2500,490.2500,0,490.2500
2010-03-10,490.5000,492.2500,481.0000,484.0000,0,484.0000
2010-03-11,482.7500,482.7500,481.7500,482.5000,0,482.5000
2010-03-12,487.7500,487.7500,487.7500,487.7500,0,487.7500
2010-03-15,494.7500,496.5000,487.2500,488.2500,0,488.2500
2010-03-16,488.2500,498.5000,488.0000,494.7500,0,494.7500
2010-03-17,494.7500,504.5000,493.5000,502.2500,0,502.2500
2010-03-18,501.5000,501.5000,491.7500,495.0000,0,495.0000
2010-03-19,494.7500,496.5000,490.5000,492.0000,0,492.0000
2010-03-22,492.2500,500.0000,490.0000,494.0000,0,494.0000
2010-03-23,493.0000,495.5000,484.5000,485.0000,0,485.0000
2010-03-24,485.2500,487.7500,481.2500,485.2500,0,485.2500
2010-03-25,484.5000,486.0000,475.5000,476.7500,0,476.7500
2010-03-26,476.7500,479.7500,475.0000,475.5000,0,475.5000
2010-03-29,475.7500,481.0000,473.2500,473.5000,0,473.5000
2010-03-30,474.0000,481.5000,473.2500,479.5000,0,479.5000
2010-03-31,478.7500,481.5000,461.5000,461.7500,0,461.7500
2010-04-01,463.2500,471.7500,463.2500,470.0000,0,470.0000
2010-04-05,470.2500,474.5000,465.0000,471.7500,0,471.7500
2010-04-06,472.0000,488.5000,468.2500,481.5000,0,481.5000
2010-04-07,481.0000,492.2500,475.0000,492.0000,0,492.0000
2010-04-08,490.0000,491.0000,484.0000,485.5000,0,485.5000
2010-04-09,485.0000,495.0000,480.2500,483.5000,0,483.5000
2010-04-12,486.2500,491.2500,483.2500,484.2500,0,484.2500
2010-04-13,483.7500,493.0000,480.7500,492.7500,0,492.7500
2010-04-14,491.0000,499.2500,487.0000,490.5000,0,490.5000
2010-04-15,490.2500,498.2500,489.0000,496.5000,0,496.5000
2010-04-16,495.0000,505.7500,492.5000,506.5000,0,506.5000
2010-04-19,503.0000,504.2500,482.5000,483.2500,0,483.2500
2010-04-20,484.0000,502.5000,484.0000,501.7500,0,501.7500
2010-04-21,501.0000,504.0000,496.0000,499.7500,0,499.7500
2010-04-22,498.5000,510.7500,493.5000,510.2500,0,510.2500
2010-04-23,508.7500,511.2500,501.2500,505.7500,0,505.7500
2010-04-26,504.5000,514.7500,484.5000,490.5000,0,490.5000
2010-04-27,493.2500,495.5000,487.5000,492.5000,0,492.5000
2010-04-28,491.5000,501.5000,487.0000,491.5000,0,491.5000
2010-04-29,492.2500,508.2500,491.5000,497.5000,0,497.5000
2010-04-30,500.0000,506.0000,497.5000,505.5000,0,505.5000
2010-05-03,507.0000,507.0000,496.0000,504.0000,0,504.0000
2010-05-04,500.0000,510.0000,498.0000,514.0000,0,514.0000
2010-05-05,510.0000,515.0000,510.0000,515.5000,0,515.5000
2010-05-06,515.0000,515.0000,505.0000,511.2500,0,511.2500
2010-05-07,510.0000,510.0000,510.0000,512.5000,0,512.5000
2010-05-10,514.5000,514.5000,504.7500,501.0000,0,501.0000
2010-05-11,499.0000,506.0000,499.0000,502.5000,0,502.5000
2010-05-12,512.0000,512.0000,499.5000,500.0000,0,500.0000
2010-05-13,490.2500,490.2500,490.2500,490.2500,0,490.2500
2010-05-14,484.5000,484.5000,484.5000,484.5000,0,484.5000
2010-05-17,490.7500,493.5000,486.5000,490.0000,0,490.0000
2010-05-18,490.0000,493.5000,487.0000,488.0000,0,488.0000
2010-05-19,488.0000,492.7500,486.5000,491.5000,0,491.5000
2010-05-20,492.0000,494.5000,484.0000,492.5000,0,492.5000
2010-05-21,492.0000,497.0000,490.0000,495.0000,0,495.0000
2010-05-24,495.0000,499.0000,488.2500,490.5000,0,490.5000
2010-05-25,488.2500,491.0000,480.5000,484.7500,0,484.7500
2010-05-26,486.5000,494.5000,483.0000,488.7500,0,488.7500
2010-05-27,487.7500,501.0000,485.2500,492.7500,0,492.7500
2010-05-28,494.0000,498.0000,481.5000,481.5000,0,481.5000
2010-06-01,481.5000,488.7500,474.0000,478.0000,0,478.0000
2010-06-02,478.0000,481.5000,472.5000,473.7500,0,473.7500
2010-06-03,474.0000,477.5000,470.2500,471.5000,0,471.5000
2010-06-04,472.5000,473.7500,465.2500,465.0000,0,465.0000
2010-06-07,465.0000,467.0000,461.7500,461.7500,0,461.7500
2010-06-08,462.0000,465.5000,461.2500,462.0000,0,462.0000
2010-06-09,461.5000,464.7500,456.2500,458.7500,0,458.7500
2010-06-10,457.7500,466.5000,457.5000,462.5000,0,462.5000
2010-06-11,462.0000,473.2500,455.2500,467.0000,0,467.0000
2010-06-14,468.0000,480.5000,467.7500,479.5000,0,479.5000
2010-06-15,477.5000,483.0000,472.7500,478.2500,0,478.2500
2010-06-16,477.5000,498.2500,477.5000,490.5000,0,490.5000
2010-06-17,490.5000,497.5000,486.5000,495.5000,0,495.5000
2010-06-18,495.0000,508.0000,493.7500,497.2500,0,497.2500
2010-06-21,498.2500,505.0000,492.5000,499.7500,0,499.7500
2010-06-22,499.0000,499.7500,493.7500,494.0000,0,494.0000
2010-06-23,493.0000,501.0000,492.2500,495.0000,0,495.0000
2010-06-24,494.2500,499.2500,492.7500,494.2500,0,494.2500
2010-06-25,493.2500,494.2500,483.0000,483.7500,0,483.7500
2010-06-28,483.0000,483.5000,474.5000,479.0000,0,479.0000
2010-06-29,479.0000,479.0000,469.0000,468.2500,0,468.2500
2010-06-30,468.5000,497.0000,468.5000,486.0000,0,486.0000
2010-07-01,487.0000,505.0000,486.0000,501.0000,0,501.0000
2010-07-02,501.0000,510.2500,500.5000,507.2500,0,507.2500
2010-07-06,506.2500,548.0000,506.2500,512.7500,0,512.7500
2010-07-07,514.2500,536.0000,514.2500,537.2500,0,537.2500
2010-07-08,537.7500,552.0000,535.7500,554.0000,0,554.0000
2010-07-09,548.2500,559.5000,542.2500,548.2500,0,548.2500
2010-07-12,550.0000,553.0000,547.5000,550.0000,0,550.0000
2010-07-13,548.0000,561.2500,547.0000,562.2500,0,562.2500
2010-07-14,561.2500,574.0000,560.5000,567.5000,0,567.5000
2010-07-15,571.0000,608.0000,570.0000,605.7500,0,605.7500
2010-07-16,602.7500,605.7500,592.0000,599.0000,0,599.0000
2010-07-19,595.2500,610.5000,590.2500,595.2500,0,595.2500
2010-07-20,594.0000,594.5000,587.7500,589.5000,0,589.5000
2010-07-21,589.0000,607.7500,587.7500,601.5000,0,601.5000
2010-07-22,600.2500,622.2500,597.7500,611.7500,0,611.7500
2010-07-23,610.0000,620.2500,609.0000,615.0000,0,615.0000
2010-07-26,614.7500,615.0000,607.7500,612.0000,0,612.0000
2010-07-27,610.7500,624.5000,607.0000,615.0000,0,615.0000
2010-07-28,614.2500,640.0000,613.0000,630.7500,0,630.7500
2010-07-29,630.7500,650.2500,629.5000,646.2500,0,646.2500
2010-07-30,645.0000,680.0000,644.7500,674.5000,0,674.5000
2010-08-02,672.7500,723.0000,671.2500,700.5000,0,700.5000
2010-08-03,699.5000,704.0000,682.5000,685.0000,0,685.0000
2010-08-04,685.0000,732.7500,684.0000,726.5000,0,726.5000
2010-08-05,725.5000,786.5000,722.7500,780.0000,0,780.0000
2010-08-06,780.0000,822.7500,720.0000,720.0000,0,720.0000
2010-08-09,701.5000,745.0000,690.7500,720.0000,0,720.0000
2010-08-10,720.7500,730.7500,705.7500,712.5000,0,712.5000
2010-08-11,712.0000,726.0000,700.0000,710.0000,0,710.0000
2010-08-12,708.2500,750.0000,705.0000,725.0000,0,725.0000
2010-08-13,725.0000,740.7500,721.0000,723.5000,0,723.5000
2010-08-16,722.0000,726.7500,680.5000,688.0000,0,688.0000
2010-08-17,688.0000,703.0000,677.2500,677.0000,0,677.0000
2010-08-18,677.2500,692.0000,672.5000,685.0000,0,685.0000
2010-08-19,684.5000,724.2500,684.5000,705.2500,0,705.2500
2010-08-20,706.5000,720.0000,697.5000,705.5000,0,705.5000
2010-08-23,705.0000,721.0000,705.0000,717.0000,0,717.0000
2010-08-24,715.0000,717.0000,697.0000,700.7500,0,700.7500
2010-08-25,700.7500,709.2500,676.2500,676.2500,0,676.2500
2010-08-26,677.2500,698.0000,677.2500,691.0000,0,691.0000
2010-08-27,691.0000,707.7500,690.7500,700.2500,0,700.2500
2010-08-30,709.7500,730.0000,708.7500,710.5000,0,710.5000
2010-08-31,705.0000,713.0000,689.0000,687.7500,0,687.7500
2010-09-01,693.0000,710.5000,693.0000,712.2500,0,712.2500
2010-09-02,725.0000,725.0000,717.0000,718.0000,0,718.0000
2010-09-03,729.2500,737.5000,729.2500,743.5000,0,743.5000
2010-09-07,745.7500,745.7500,733.7500,738.7500,0,738.7500
2010-09-08,740.0000,740.0000,722.5000,720.2500,0,720.2500
2010-09-09,724.2500,746.2500,724.2500,747.5000,0,747.5000
2010-09-10,746.5000,753.0000,734.2500,747.2500,0,747.2500
2010-09-13,759.0000,765.5000,754.5000,757.5000,0,757.5000
2010-09-14,756.2500,761.5000,751.0000,759.7500,0,759.7500
2010-09-15,765.0000,774.5000,755.2500,759.7500,0,759.7500
2010-09-16,760.2500,768.2500,744.5000,750.5000,0,750.5000
2010-09-17,753.5000,772.5000,753.5000,768.2500,0,768.2500
2010-09-20,770.0000,782.7500,755.0000,757.5000,0,757.5000
2010-09-21,756.5000,762.0000,748.0000,750.0000,0,750.0000
2010-09-22,754.0000,764.2500,749.2500,756.2500,0,756.2500
2010-09-23,757.5000,757.5000,732.0000,737.2500,0,737.2500
2010-09-24,740.0000,759.7500,737.5000,757.5000,0,757.5000
2010-09-27,757.2500,766.0000,737.0000,739.7500,0,739.7500
2010-09-28,739.2500,741.7500,715.5000,716.0000,0,716.0000
2010-09-29,718.2500,720.5000,697.0000,717.0000,0,717.0000
2010-09-30,718.0000,720.2500,687.2500,707.7500,0,707.7500
2010-10-01,708.7500,712.7500,684.0000,689.2500,0,689.2500
2010-10-04,682.2500,690.7500,680.2500,683.0000,0,683.0000
2010-10-05,684.2500,705.0000,681.5000,701.0000,0,701.0000
2010-10-06,701.2500,709.0000,693.2500,697.5000,0,697.5000
2010-10-07,696.5000,714.0000,696.5000,699.5000,0,699.5000
2010-10-08,699.2500,759.5000,698.0000,758.5000,0,758.5000
2010-10-11,769.0000,776.0000,741.2500,746.7500,0,746.7500
2010-10-12,744.5000,758.0000,743.5000,751.0000,0,751.0000
2010-10-13,751.0000,759.5000,734.7500,743.0000,0,743.0000
2010-10-14,742.0000,750.7500,738.2500,740.5000,0,740.5000
2010-10-15,740.7500,754.7500,734.2500,745.0000,0,745.0000
2010-10-18,742.7500,748.5000,731.0000,732.0000,0,732.0000
2010-10-19,733.2500,739.2500,713.5000,715.5000,0,715.5000
2010-10-20,717.0000,733.2500,717.0000,730.0000,0,730.0000
2010-10-21,729.7500,738.5000,715.2500,716.5000,0,716.5000
2010-10-22,716.7500,724.5000,713.0000,719.0000,0,719.0000
2010-10-25,719.2500,732.0000,717.2500,721.7500,0,721.7500
2010-10-26,722.0000,745.2500,719.0000,738.5000,0,738.5000
2010-10-27,739.7500,754.5000,735.0000,754.0000,0,754.0000
2010-10-28,753.5000,772.0000,750.5000,771.2500,0,771.2500
2010-10-29,770.0000,777.5000,763.5000,771.0000,0,771.0000
2010-11-01,775.0000,780.0000,753.7500,754.2500,0,754.2500
2010-11-02,754.7500,764.0000,747.5000,748.5000,0,748.5000
2010-11-03,750.5000,755.2500,737.2500,746.5000,0,746.5000
2010-11-04,752.0000,774.2500,749.5000,769.0000,0,769.0000
2010-11-05,770.0000,786.7500,760.2500,786.0000,0,786.0000
2010-11-08,787.0000,796.7500,779.0000,795.5000,0,795.5000
2010-11-09,795.0000,821.0000,782.7500,787.0000,0,787.0000
2010-11-10,787.5000,789.2500,766.0000,772.7500,0,772.7500
2010-11-11,773.0000,786.2500,765.2500,768.0000,0,768.0000
2010-11-12,768.0000,773.7500,720.2500,730.0000,0,730.0000
2010-11-15,733.7500,745.2500,728.5000,732.5000,0,732.5000
2010-11-16,731.7500,734.5000,689.0000,690.0000,0,690.0000
2010-11-17,691.5000,710.0000,684.7500,695.5000,0,695.5000
2010-11-18,696.2500,720.0000,696.2500,710.2500,0,710.2500
2010-11-19,711.7500,721.5000,702.0000,709.5000,0,709.5000
2010-11-22,709.5000,719.5000,705.7500,712.5000,0,712.5000
2010-11-23,714.5000,719.2500,701.0000,711.5000,0,711.5000
2010-11-24,714.5000,725.7500,713.0000,719.0000,0,719.0000
2010-11-26,718.5000,725.5000,715.0000,720.7500,0,720.7500
2010-11-29,723.0000,732.2500,721.7500,726.5000,0,726.5000
2010-11-30,726.5000,738.0000,724.0000,730.0000,0,730.0000
2010-12-01,733.2500,786.5000,733.2500,780.7500,0,780.7500
2010-12-02,774.5000,807.0000,774.5000,787.2500,0,787.2500
2010-12-03,810.0000,812.5000,808.5000,811.7500,0,811.7500
2010-12-06,822.7500,826.0000,815.0000,825.7500,0,825.7500
2010-12-07,835.5000,837.5000,817.0000,821.5000,0,821.5000
2010-12-08,815.0000,829.7500,809.5000,827.2500,0,827.2500
2010-12-09,826.0000,835.2500,826.0000,834.2500,0,834.2500
2010-12-10,830.0000,835.0000,826.0000,822.2500,0,822.2500
2010-12-13,827.0000,827.5000,818.0000,825.7500,0,825.7500
2010-12-14,818.0000,821.5000,807.5000,798.5000,0,798.5000
2010-12-15,813.0000,826.2500,809.2500,811.2500,0,811.2500
2010-12-16,811.7500,814.2500,798.7500,803.2500,0,803.2500
2010-12-17,807.0000,811.2500,798.5000,811.7500,0,811.7500
2010-12-20,812.7500,831.7500,812.7500,826.0000,0,826.0000
2010-12-21,826.2500,832.7500,823.5000,826.5000,0,826.5000
2010-12-22,825.2500,845.0000,818.5000,844.5000,0,844.5000
2010-12-23,844.2500,852.5000,839.0000,845.0000,0,845.0000
2010-12-27,839.0000,847.0000,830.5000,843.7500,0,843.7500
2010-12-28,843.2500,863.5000,842.5000,860.5000,0,860.5000
2010-12-29,861.2500,863.5000,841.7500,857.7500,0,857.7500
2010-12-30,856.2500,856.5000,839.0000,843.5000,0,843.5000
2010-12-31,844.0000,856.0000,841.0000,851.0000,0,851.0000
2011-01-03,853.5000,881.5000,852.7500,863.0000,0,863.0000
2011-01-04,859.7500,864.5000,844.0000,849.2500,0,849.2500
2011-01-05,853.0000,874.2500,839.2500,873.2500,0,873.2500
2011-01-06,873.0000,873.5000,857.2500,858.5000,0,858.5000
2011-01-07,857.5000,863.5000,845.0000,846.2500,0,846.2500
2011-01-10,847.7500,856.5000,840.5000,841.5000,0,841.5000
2011-01-11,842.2500,849.2500,836.0000,838.0000,0,838.0000
2011-01-12,839.5000,865.0000,837.2500,852.0000,0,852.0000
2011-01-13,854.5000,869.5000,853.2500,868.5000,0,868.5000
2011-01-14,867.7500,868.0000,850.7500,860.0000,0,860.0000
2011-01-18,861.7500,879.0000,858.5000,876.5000,0,876.5000
2011-01-19,876.0000,887.5000,873.2500,877.5000,0,877.5000
2011-01-20,878.0000,888.0000,865.0000,886.2500,0,886.2500
2011-01-21,886.7500,908.2500,882.2500,900.0000,0,900.0000
2011-01-24,904.0000,914.5000,897.2500,908.0000,0,908.0000
2011-01-25,908.7500,917.5000,897.0000,917.5000,0,917.5000
2011-01-26,916.7500,944.7500,916.0000,940.0000,0,940.0000
2011-01-27,940.0000,946.5000,931.2500,932.5000,0,932.5000
2011-01-28,932.7500,935.5000,912.7500,912.0000,0,912.0000
2011-01-31,912.0000,932.2500,911.0000,924.7500,0,924.7500
2011-02-01,930.0000,930.5000,919.0000,924.0000,0,924.0000
2011-02-02,925.5000,953.5000,925.0000,952.7500,0,952.7500
2011-02-03,952.2500,961.5000,937.5000,949.0000,0,949.0000
2011-02-04,950.0000,953.7500,935.5000,942.7500,0,942.7500
2011-02-07,947.2500,961.0000,943.0000,953.5000,0,953.5000
2011-02-08,954.0000,975.5000,943.0000,972.0000,0,972.0000
2011-02-09,972.0000,990.2500,972.0000,988.0000,0,988.0000
2011-02-10,985.7500,988.7500,965.5000,968.0000,0,968.0000
2011-02-11,971.2500,975.5000,961.2500,973.0000,0,973.0000
2011-02-14,977.0000,990.5000,974.7500,977.0000,0,977.0000
2011-02-15,978.5000,979.0000,935.7500,943.5000,0,943.5000
2011-02-16,946.0000,953.0000,920.0000,930.0000,0,930.0000
2011-02-17,931.7500,953.5000,931.5000,953.2500,0,953.2500
2011-02-18,953.7500,954.0000,925.7500,929.7500,0,929.7500
2011-02-22,932.2500,939.5000,869.7500,872.7500,0,872.7500
2011-02-23,870.5000,880.0000,839.5000,878.7500,0,878.7500
2011-02-24,879.0000,882.5000,859.0000,861.5000,0,861.5000
2011-02-25,861.5000,906.2500,861.5000,887.5000,0,887.5000
2011-02-28,892.7500,896.0000,879.5000,902.5000,0,902.5000
2011-03-01,902.0000,907.0000,888.0000,902.0000,0,902.0000
2011-03-02,899.0000,916.0000,887.5000,900.0000,0,900.0000
2011-03-03,901.0000,912.5000,901.0000,908.2500,0,908.2500
2011-03-04,915.5000,915.7500,905.2500,918.0000,0,918.0000
2011-03-07,913.0000,913.0000,890.5000,888.0000,0,888.0000
2011-03-08,883.2500,886.5000,865.0000,864.5000,0,864.5000
2011-03-09,866.0000,866.0000,841.5000,853.5000,0,853.5000
2011-03-10,851.5000,854.7500,841.0000,839.0000,0,839.0000
2011-03-11,820.5000,820.5000,820.5000,820.5000,0,820.5000
2011-03-14,815.5000,815.5000,815.5000,815.5000,0,815.5000
2011-03-15,825.2500,827.2500,770.0000,777.0000,0,777.0000
2011-03-16,777.2500,799.7500,765.0000,778.2500,0,778.2500
2011-03-17,778.0000,832.0000,777.2500,831.0000,0,831.0000
2011-03-18,830.0000,869.0000,823.2500,845.0000,0,845.0000
2011-03-21,846.0000,862.5000,836.7500,842.0000,0,842.0000
2011-03-22,841.5000,849.7500,827.0000,845.0000,0,845.0000
2011-03-23,846.0000,850.5000,824.2500,830.0000,0,830.0000
2011-03-24,829.0000,857.2500,825.5000,853.2500,0,853.2500
2011-03-25,853.0000,870.2500,845.5000,855.0000,0,855.0000
2011-03-28,859.7500,862.2500,845.2500,848.5000,0,848.5000
2011-03-29,847.5000,869.0000,845.0000,867.0000,0,867.0000
2011-03-30,867.5000,871.0000,859.2500,862.0000,0,862.0000
2011-03-31,859.7500,913.7500,856.0000,908.0000,0,908.0000
2011-04-01,903.7500,923.7500,894.7500,906.5000,0,906.5000
2011-04-04,910.2500,949.2500,908.5000,948.0000,0,948.0000
2011-04-05,947.7500,957.7500,940.0000,950.0000,0,950.0000
2011-04-06,948.5000,953.2500,937.5000,939.5000,0,939.5000
2011-04-07,938.7500,948.0000,909.0000,922.7500,0,922.7500
2011-04-08,922.7500,937.7500,914.0000,932.7500,0,932.7500
2011-04-11,939.2500,944.5000,912.0000,919.0000,0,919.0000
2011-04-12,921.0000,925.0000,879.5000,894.0000,0,894.0000
2011-04-13,895.2500,905.5000,871.5000,885.0000,0,885.0000
2011-04-14,888.7500,891.2500,861.7500,864.0000,0,864.0000
2011-04-15,868.2500,872.0000,854.2500,865.5000,0,865.5000
2011-04-18,863.5000,905.0000,863.2500,896.0000,0,896.0000
2011-04-19,899.0000,931.5000,898.2500,926.0000,0,926.0000
2011-04-20,924.5000,950.0000,916.0000,920.0000,0,920.0000
2011-04-21,920.0000,937.7500,919.2500,932.5000,0,932.5000
2011-04-25,938.0000,963.5000,938.0000,960.7500,0,960.7500
2011-04-26,962.2500,966.0000,935.2500,950.2500,0,950.2500
2011-04-27,950.0000,965.0000,905.5000,912.5000,0,912.5000
2011-04-28,913.0000,919.0000,870.5000,870.2500,0,870.2500
2011-04-29,868.0000,893.2500,865.0000,893.0000,0,893.0000
2011-05-02,913.0000,914.2500,883.2500,881.5000,0,881.5000
2011-05-03,883.5000,890.2500,879.2500,889.0000,0,889.0000
2011-05-04,869.0000,876.7500,869.0000,867.7500,0,867.7500
2011-05-05,871.5000,871.5000,850.7500,848.0000,0,848.0000
2011-05-06,862.0000,862.0000,855.5000,868.0000,0,868.0000
2011-05-09,888.5000,906.0000,888.5000,910.0000,0,910.0000
2011-05-10,946.0000,948.5000,945.5000,932.5000,0,932.5000
2011-05-11,922.0000,922.0000,922.0000,905.0000,0,905.0000
2011-05-12,869.0000,869.0000,869.0000,869.0000,0,869.0000
2011-05-13,858.7500,858.7500,858.7500,858.7500,0,858.7500
2011-05-16,871.7500,886.7500,868.0000,876.0000,0,876.0000
2011-05-17,877.0000,898.5000,870.7500,894.5000,0,894.5000
2011-05-18,896.7500,947.0000,895.0000,938.0000,0,938.0000
2011-05-19,938.0000,958.0000,933.2500,944.7500,0,944.7500
2011-05-20,944.5000,950.2500,922.2500,933.2500,0,933.2500
2011-05-23,943.7500,947.0000,918.0000,931.0000,0,931.0000
2011-05-24,931.5000,937.2500,912.0000,912.0000,0,912.0000
2011-05-25,914.0000,933.0000,913.0000,928.7500,0,928.7500
2011-05-26,931.2500,962.2500,931.2500,942.7500,0,942.7500
2011-05-27,944.2500,955.7500,935.5000,943.0000,0,943.0000
2011-05-31,924.0000,930.5000,903.2500,908.0000,0,908.0000
2011-06-01,910.0000,917.7500,888.7500,891.5000,0,891.5000
2011-06-02,892.5000,908.5000,892.0000,909.0000,0,909.0000
2011-06-03,910.0000,922.7500,899.7500,914.2500,0,914.2500
2011-06-06,914.2500,920.5000,890.0000,890.0000,0,890.0000
2011-06-07,891.5000,894.7500,873.5000,874.5000,0,874.5000
2011-06-08,874.0000,896.0000,871.5000,885.0000,0,885.0000
2011-06-09,888.0000,909.2500,871.5000,871.2500,0,871.2500
2011-06-10,870.7500,876.0000,854.0000,868.0000,0,868.0000
2011-06-13,868.5000,872.2500,843.2500,851.0000,0,851.0000
2011-06-14,851.0000,854.7500,827.7500,839.7500,0,839.7500
2011-06-15,840.0000,843.2500,814.7500,819.2500,0,819.2500
2011-06-16,820.2500,825.7500,797.2500,798.0000,0,798.0000
2011-06-17,800.0000,811.0000,790.7500,804.5000,0,804.5000
2011-06-20,805.7500,808.0000,792.5000,801.0000,0,801.0000
2011-06-21,801.7500,814.0000,794.0000,803.5000,0,803.5000
2011-06-22,803.5000,809.7500,753.7500,770.0000,0,770.0000
2011-06-23,770.0000,774.7500,740.0000,760.0000,0,760.0000
2011-06-24,762.0000,769.0000,742.0000,748.5000,0,748.5000
2011-06-27,748.7500,749.0000,726.7500,728.5000,0,728.5000
2011-06-28,731.0000,749.0000,730.7500,743.7500,0,743.7500
2011-06-29,742.7500,760.0000,738.5000,745.0000,0,745.0000
2011-06-30,746.0000,748.2500,679.2500,688.7500,0,688.7500
2011-07-01,691.7500,705.7500,677.0000,703.0000,0,703.0000
2011-07-05,708.5000,725.5000,708.5000,718.5000,0,718.5000
2011-07-06,717.7500,720.0000,705.0000,708.7500,0,708.7500
2011-07-07,708.5000,708.5000,686.5000,703.5000,0,703.5000
2011-07-08,704.0000,711.0000,703.5000,707.7500,0,707.7500
2011-07-11,708.0000,708.0000,684.5000,692.0000,0,692.0000
2011-07-12,693.2500,715.7500,691.2500,713.7500,0,713.7500
2011-07-13,714.0000,742.2500,714.0000,741.0000,0,741.0000
2011-07-14,736.2500,741.0000,736.2500,746.0000,0,746.0000
2011-07-15,764.0000,781.5000,762.2500,764.5000,0,764.5000
2011-07-18,765.0000,767.0000,748.5000,761.0000,0,761.0000
2011-07-19,764.7500,796.7500,764.0000,778.0000,0,778.0000
2011-07-20,776.5000,796.5000,775.7500,794.0000,0,794.0000
2011-07-21,790.0000,795.0000,764.0000,774.2500,0,774.2500
2011-07-22,772.7500,784.0000,764.2500,780.0000,0,780.0000
2011-07-25,774.5000,778.0000,759.5000,770.5000,0,770.5000
2011-07-26,770.0000,783.2500,764.0000,780.5000,0,780.5000
2011-07-27,779.7500,799.5000,775.0000,788.2500,0,788.2500
2011-07-28,785.0000,799.2500,782.2500,783.5000,0,783.5000
2011-07-29,783.0000,788.5000,761.5000,767.0000,0,767.0000
2011-08-01,767.0000,793.5000,763.0000,771.2500,0,771.2500
2011-08-02,771.0000,810.7500,760.0000,808.0000,0,808.0000
2011-08-03,806.0000,808.7500,789.0000,798.0000,0,798.0000
2011-08-04,797.0000,798.0000,768.5000,771.0000,0,771.0000
2011-08-05,770.0000,781.5000,759.7500,780.2500,0,780.2500
2011-08-08,765.0000,782.0000,753.0000,755.2500,0,755.2500
2011-08-09,753.5000,779.7500,745.5000,763.0000,0,763.0000
2011-08-10,766.2500,786.0000,764.5000,785.0000,0,785.0000
2011-08-11,782.5000,823.0000,781.0000,808.0000,0,808.0000
2011-08-12,804.2500,812.0000,796.5000,796.0000,0,796.0000
2011-08-15,797.5000,814.2500,797.5000,811.0000,0,811.0000
2011-08-16,809.2500,823.0000,802.0000,817.5000,0,817.5000
2011-08-17,815.0000,830.2500,815.0000,823.2500,0,823.2500
2011-08-18,822.5000,826.2500,796.0000,795.0000,0,795.0000
2011-08-19,796.5000,821.7500,791.2500,819.0000,0,819.0000
2011-08-22,819.0000,834.0000,816.2500,821.7500,0,821.7500
2011-08-23,821.0000,841.0000,821.0000,841.0000,0,841.0000
2011-08-24,839.7500,844.5000,830.0000,835.0000,0,835.0000
2011-08-25,833.7500,853.0000,823.0000,847.7500,0,847.7500
2011-08-26,845.0000,867.7500,840.2500,866.0000,0,866.0000
2011-08-29,862.2500,874.5000,859.7500,874.0000,0,874.0000
2011-08-30,870.5000,872.0000,856.2500,867.5000,0,867.5000
2011-08-31,867.7500,870.5000,857.0000,871.0000,0,871.0000
2011-09-01,861.0000,868.2500,848.0000,848.0000,0,848.0000
2011-09-02,848.0000,863.5000,843.5000,858.0000,0,858.0000
2011-09-06,850.2500,851.0000,846.5000,846.0000,0,846.0000
2011-09-07,851.2500,852.0000,838.0000,842.0000,0,842.0000
2011-09-08,835.0000,840.0000,824.0000,824.0000,0,824.0000
2011-09-09,821.0000,821.0000,814.5000,810.2500,0,810.2500
2011-09-12,791.5000,800.5000,791.2500,803.0000,0,803.0000
2011-09-13,788.2500,788.2500,777.0000,777.5000,0,777.5000
2011-09-14,765.5000,765.5000,765.5000,765.5000,0,765.5000
2011-09-15,792.0000,795.2500,778.0000,795.2500,0,795.2500
2011-09-16,795.0000,800.0000,781.0000,784.0000,0,784.0000
2011-09-19,783.2500,784.5000,760.2500,768.0000,0,768.0000
2011-09-20,770.2500,780.0000,763.0000,765.0000,0,765.0000
2011-09-21,764.2500,773.2500,760.2500,760.5000,0,760.5000
2011-09-22,760.0000,761.7500,720.5000,721.0000,0,721.0000
2011-09-23,725.0000,737.2500,722.0000,731.2500,0,731.2500
2011-09-26,740.0000,748.2500,722.2500,744.0000,0,744.0000
2011-09-27,748.5000,760.7500,742.7500,753.0000,0,753.0000
2011-09-28,750.7500,751.2500,724.2500,726.7500,0,726.7500
2011-09-29,727.0000,743.2500,718.5000,740.0000,0,740.0000
2011-09-30,741.7500,747.7500,698.0000,704.0000,0,704.0000
2011-10-03,704.2500,710.7500,695.0000,702.0000,0,702.0000
2011-10-04,704.0000,705.0000,677.2500,686.5000,0,686.5000
2011-10-05,691.5000,706.2500,690.0000,699.7500,0,699.7500
2011-10-06,702.0000,715.7500,694.0000,697.7500,0,697.7500
2011-10-07,697.0000,703.2500,681.2500,684.5000,0,684.5000
2011-10-10,684.2500,703.2500,683.5000,686.0000,0,686.0000
2011-10-11,685.7500,730.5000,685.7500,729.7500,0,729.7500
2011-10-12,727.2500,730.5000,695.0000,711.0000,0,711.0000
2011-10-13,710.0000,713.5000,688.2500,701.0000,0,701.0000
2011-10-14,699.7500,713.5000,698.5000,707.5000,0,707.5000
2011-10-17,708.7500,717.7500,703.5000,714.2500,0,714.2500
2011-10-18,714.0000,718.5000,701.7500,711.5000,0,711.5000
2011-10-19,712.0000,722.0000,704.0000,705.5000,0,705.5000
2011-10-20,705.2500,724.7500,699.2500,725.0000,0,725.0000
2011-10-21,723.5000,746.7500,721.7500,723.0000,0,723.0000
2011-10-24,723.0000,739.5000,722.0000,735.0000,0,735.0000
2011-10-25,732.2500,743.0000,728.7500,733.5000,0,733.5000
2011-10-26,734.2500,739.0000,715.2500,716.0000,0,716.0000
2011-10-27,716.7500,739.0000,716.7500,738.0000,0,738.0000
2011-10-28,735.2500,743.0000,726.5000,738.0000,0,738.0000
2011-10-31,737.7500,739.5000,715.5000,725.0000,0,725.0000
2011-11-01,727.0000,727.5000,712.0000,718.5000,0,718.5000
2011-11-02,718.5000,733.0000,711.0000,713.0000,0,713.0000
2011-11-03,713.5000,729.7500,711.7500,720.0000,0,720.0000
2011-11-04,720.2500,724.7500,711.7500,718.0000,0,718.0000
2011-11-07,718.0000,725.0000,714.0000,724.5000,0,724.5000
2011-11-08,724.0000,740.2500,720.0000,738.5000,0,738.5000
2011-11-09,736.0000,736.5000,712.5000,713.0000,0,713.0000
2011-11-10,712.7500,717.5000,694.0000,697.0000,0,697.0000
2011-11-11,697.2500,705.2500,688.2500,704.0000,0,704.0000
2011-11-14,703.2500,707.2500,690.2500,692.0000,0,692.0000
2011-11-15,693.0000,705.5000,690.5000,705.0000,0,705.0000
2011-11-16,703.0000,708.7500,686.7500,687.0000,0,687.0000
2011-11-17,689.0000,690.0000,663.0000,666.5000,0,666.5000
2011-11-18,667.0000,670.2500,661.2500,668.5000,0,668.5000
2011-11-21,668.0000,670.7500,658.5000,667.0000,0,667.0000
2011-11-22,666.7500,671.0000,654.7500,661.0000,0,661.0000
2011-11-23,660.0000,664.0000,648.0000,649.0000,0,649.0000
2011-11-25,649.7500,650.7500,639.5000,643.5000,0,643.5000
2011-11-28,648.5000,657.5000,641.2500,641.2500,0,641.2500
2011-11-29,641.5000,660.0000,640.0000,656.0000,0,656.0000
2011-11-30,656.0000,668.0000,651.0000,651.0000,0,651.0000
2011-12-01,657.7500,664.0000,647.7500,663.0000,0,663.0000
2011-12-02,665.0000,683.0000,665.0000,676.0000,0,676.0000
2011-12-05,678.2500,678.2500,660.7500,666.5000,0,666.5000
2011-12-06,661.5000,668.0000,661.5000,667.0000,0,667.0000
2011-12-07,652.2500,652.2500,652.2500,652.2500,0,652.2500
2011-12-08,651.2500,653.5000,650.5000,650.5000,0,650.5000
2011-12-09,653.7500,653.7500,653.7500,653.7500,0,653.7500
2011-12-12,644.7500,646.5000,642.7500,642.7500,0,642.7500
2011-12-13,652.0000,652.0000,649.7500,649.7500,0,649.7500
2011-12-14,625.7500,625.7500,625.7500,625.7500,0,625.7500
2011-12-15,637.5000,644.0000,635.0000,637.5000,0,637.5000
2011-12-16,637.2500,647.0000,635.7500,639.5000,0,639.5000
2011-12-19,640.0000,661.0000,637.2500,658.5000,0,658.5000
2011-12-20,658.0000,668.5000,654.7500,668.0000,0,668.0000
2011-12-21,666.0000,677.2500,661.5000,671.0000,0,671.0000
2011-12-22,671.2500,681.0000,668.7500,672.5000,0,672.5000
2011-12-23,672.0000,681.0000,670.0000,675.0000,0,675.0000
2011-12-27,679.5000,700.0000,679.2500,695.7500,0,695.7500
2011-12-28,693.5000,705.0000,692.5000,699.2500,0,699.2500
2011-12-29,698.0000,705.0000,692.7500,698.0000,0,698.0000
2011-12-30,695.7500,717.0000,693.7500,717.0000,0,717.0000
2012-01-03,725.5000,732.2500,712.0000,712.5000,0,712.5000
2012-01-04,712.5000,719.5000,705.0000,714.0000,0,714.0000
2012-01-05,712.0000,713.5000,684.5000,686.0000,0,686.0000
2012-01-06,686.0000,695.2500,679.5000,680.0000,0,680.0000
2012-01-09,681.0000,700.0000,681.0000,698.0000,0,698.0000
2012-01-10,697.0000,700.0000,690.5000,698.0000,0,698.0000
2012-01-11,697.5000,704.2500,690.7500,701.7500,0,701.7500
2012-01-12,701.0000,708.7500,658.7500,673.0000,0,673.0000
2012-01-13,672.0000,676.5000,665.2500,670.0000,0,670.0000
2012-01-17,670.5000,678.7500,668.0000,673.0000,0,673.0000
2012-01-18,672.2500,673.0000,652.7500,653.0000,0,653.0000
2012-01-19,654.0000,660.0000,650.7500,658.0000,0,658.0000
2012-01-20,659.2500,668.2500,650.2500,667.0000,0,667.0000
2012-01-23,668.5000,675.7500,667.7500,673.5000,0,673.5000
2012-01-24,673.5000,690.0000,669.0000,686.0000,0,686.0000
2012-01-25,685.0000,702.7500,682.7500,697.0000,0,697.0000
2012-01-26,695.2500,710.2500,694.2500,709.0000,0,709.0000
2012-01-27,706.7500,709.7500,700.0000,700.0000,0,700.0000
2012-01-30,699.0000,705.2500,690.2500,697.5000,0,697.5000
2012-01-31,696.2500,717.7500,696.2500,715.5000,0,715.5000
2012-02-01,715.2500,735.7500,714.5000,722.5000,0,722.5000
2012-02-02,722.5000,725.0000,713.2500,717.7500,0,717.7500
2012-02-03,717.2500,724.0000,707.5000,712.7500,0,712.7500
2012-02-06,712.0000,722.5000,709.5000,719.0000,0,719.0000
2012-02-07,718.7500,722.0000,708.7500,712.0000,0,712.0000
2012-02-08,712.0000,720.7500,702.2500,710.0000,0,710.0000
2012-02-09,708.5000,711.0000,691.2500,692.0000,0,692.0000
2012-02-10,692.2500,692.5000,671.5000,673.0000,0,673.0000
2012-02-13,677.5000,683.7500,673.2500,683.2500,0,683.2500
2012-02-14,682.2500,684.2500,675.2500,675.5000,0,675.5000
2012-02-15,675.7500,681.2500,668.0000,670.0000,0,670.0000
2012-02-16,669.7500,683.0000,665.5000,683.0000,0,683.0000
2012-02-17,680.0000,692.2500,677.7500,689.5000,0,689.5000
2012-02-21,691.0000,692.2500,671.0000,677.0000,0,677.0000
2012-02-22,677.5000,688.0000,675.0000,685.0000,0,685.0000
2012-02-23,685.7500,688.0000,675.2500,680.0000,0,680.0000
2012-02-24,679.5000,681.5000,670.2500,681.0000,0,681.0000
2012-02-27,682.0000,687.0000,673.0000,685.0000,0,685.0000
2012-02-28,683.5000,700.0000,682.2500,699.5000,0,699.5000
2012-02-29,697.5000,704.5000,692.2500,699.0000,0,699.0000
2012-03-01,696.0000,703.5000,695.7500,697.0000,0,697.0000
2012-03-02,695.0000,711.0000,693.0000,710.5000,0,710.5000
2012-03-05,707.0000,712.7500,704.0000,705.5000,0,705.5000
2012-03-06,700.0000,700.0000,687.5000,687.5000,0,687.5000
2012-03-07,690.0000,690.0000,677.7500,677.7500,0,677.7500
2012-03-08,681.2500,681.2500,673.2500,673.2500,0,673.2500
2012-03-09,679.5000,679.5000,679.5000,679.5000,0,679.5000
2012-03-12,691.5000,691.5000,691.5000,691.5000,0,691.5000
2012-03-13,694.5000,695.0000,685.0000,685.0000,0,685.0000
2012-03-14,678.5000,678.5000,678.5000,678.5000,0,678.5000
2012-03-15,682.5000,705.5000,681.7500,704.5000,0,704.5000
2012-03-16,701.7500,709.7500,698.0000,705.5000,7085,705.5000
2012-03-19,702.7500,710.0000,691.0000,691.5000,6361,691.5000
2012-03-20,691.5000,692.2500,679.7500,680.5000,5155,680.5000
2012-03-21,681.0000,685.7500,675.0000,675.0000,8653,675.0000
2012-03-22,676.5000,684.0000,667.2500,684.0000,6041,684.0000
2012-03-23,684.0000,694.5000,680.7500,694.5000,8463,694.5000
2012-03-26,693.2500,708.0000,689.2500,699.0000,7707,699.0000
2012-03-27,699.0000,701.7500,677.5000,679.0000,7272,679.0000
2012-03-28,677.5000,684.0000,668.2500,670.0000,8099,670.0000
2012-03-29,671.5000,673.0000,651.5000,654.0000,15500,654.0000
2012-03-30,655.2500,702.0000,651.2500,697.5000,8518,697.5000
2012-04-02,698.5000,700.7500,686.0000,690.0000,8572,690.0000
2012-04-03,690.0000,691.5000,684.5000,690.0000,6645,690.0000
2012-04-04,690.0000,690.5000,669.0000,669.5000,9419,669.5000
2012-04-05,671.0000,681.2500,662.0000,662.0000,0,662.0000
2012-04-09,662.0000,668.5000,660.0000,660.0000,12218,660.0000
2012-04-10,660.5000,667.7500,638.0000,641.0000,7557,641.0000
2012-04-11,643.5000,648.7500,640.0000,644.0000,8672,644.0000
2012-04-12,644.0000,654.7500,644.0000,653.0000,8479,653.0000
2012-04-13,653.0000,654.7500,637.5000,643.0000,8108,643.0000
2012-04-16,642.7500,644.0000,630.5000,630.5000,5450,630.5000
2012-04-17,631.2500,640.7500,630.2500,632.0000,5211,632.0000
2012-04-18,632.5000,636.0000,624.0000,626.0000,5035,626.0000
2012-04-19,626.5000,640.5000,626.5000,637.5000,6000,637.5000
2012-04-20,637.0000,640.0000,625.5000,626.0000,5378,626.0000
2012-04-23,628.5000,639.0000,626.0000,635.2500,5414,635.2500
2012-04-24,637.7500,647.2500,633.0000,633.0000,0,633.0000
2012-04-25,632.2500,642.5000,626.2500,632.0000,0,632.0000
2012-04-26,632.0000,639.2500,629.5000,639.2500,0,639.2500
2012-04-27,639.2500,655.0000,636.2500,646.5000,2604,646.5000
2012-04-30,648.0000,650.0000,635.0000,649.2500,253,649.2500
2012-05-01,645.2500,645.5000,644.5000,645.5000,235,645.5000
2012-05-02,632.7500,633.0000,618.2500,618.2500,74,618.2500
2012-05-03,620.7500,622.0000,617.7500,620.7500,45,620.7500
2012-05-04,618.0000,618.2500,613.7500,613.7500,0,613.7500
2012-05-07,619.2500,619.2500,619.2500,619.2500,0,619.2500
2012-05-08,625.0000,625.0000,625.0000,625.0000,0,625.0000
2012-05-09,608.0000,608.0000,608.0000,608.0000,0,608.0000
2012-05-10,609.5000,609.5000,609.5000,609.5000,0,609.5000
2012-05-11,601.0000,601.0000,601.0000,601.0000,0,601.0000
2012-05-14,605.5000,605.5000,605.5000,605.5000,8389,605.5000
2012-05-15,614.0000,634.7500,614.0000,627.5000,10464,627.5000
2012-05-16,627.0000,656.5000,623.7500,656.0000,11302,656.0000
2012-05-17,655.0000,674.0000,654.2500,672.0000,19831,672.0000
2012-05-18,670.2500,708.5000,667.2500,705.0000,17615,705.0000
2012-05-21,709.0000,730.0000,701.5000,715.0000,14193,715.0000
2012-05-22,710.2500,717.0000,697.5000,701.5000,10490,701.5000
2012-05-23,699.0000,701.2500,685.0000,686.5000,9757,686.5000
2012-05-24,689.0000,699.0000,685.0000,687.0000,10453,687.0000
2012-05-25,688.2500,709.0000,685.0000,700.0000,0,700.0000
2012-05-29,695.7500,704.0000,675.5000,678.0000,0,678.0000
2012-05-30,677.7500,680.5000,665.5000,679.0000,0,679.0000
2012-05-31,676.0000,678.0000,665.0000,665.0000,0,665.0000
2012-06-01,667.0000,669.7500,637.0000,637.0000,0,637.0000
2012-06-04,644.0000,656.7500,639.5000,655.0000,0,655.0000
2012-06-05,653.7500,656.0000,637.7500,638.0000,0,638.0000
2012-06-06,639.2500,655.2500,639.2500,655.0000,13425,655.0000
2012-06-07,649.5000,669.7500,648.0000,668.5000,15222,668.5000
2012-06-08,664.0000,665.0000,654.5000,656.0000,11475,656.0000
2012-06-11,656.0000,667.5000,651.7500,653.0000,14939,653.0000
2012-06-12,654.0000,663.0000,639.0000,640.7500,9751,640.7500
2012-06-13,641.5000,648.2500,640.0000,640.5000,11087,640.5000
2012-06-14,640.0000,652.2500,640.0000,646.0000,10574,646.0000
2012-06-15,645.0000,649.5000,629.7500,630.0000,12226,630.0000
2012-06-18,637.0000,654.7500,635.0000,650.5000,10969,650.5000
2012-06-19,649.0000,670.7500,647.5000,670.0000,12101,670.0000
2012-06-20,668.0000,687.7500,659.7500,686.5000,12588,686.5000
2012-06-21,681.7500,702.5000,676.5000,683.0000,10525,683.0000
2012-06-22,680.5000,701.2500,679.0000,686.0000,11176,686.0000
2012-06-25,694.0000,735.0000,694.0000,733.0000,7975,733.0000
2012-06-26,732.5000,745.2500,720.0000,735.7500,7727,735.7500
2012-06-27,733.0000,751.7500,728.5000,744.0000,6661,744.0000
2012-06-28,741.2500,749.0000,732.5000,735.0000,1261,735.0000
2012-06-29,735.0000,753.0000,732.5000,738.5000,641,738.5000
2012-07-02,740.7500,759.5000,740.7500,759.5000,188,759.5000
2012-07-03,761.5000,785.0000,761.2500,785.0000,113,785.0000
2012-07-05,796.2500,827.7500,796.2500,827.2500,227,827.2500
2012-07-06,815.2500,816.0000,789.5000,789.5000,33,789.5000
2012-07-09,811.7500,828.7500,811.7500,817.5000,272,817.5000
2012-07-10,814.0000,818.0000,800.2500,812.0000,31,812.0000
2012-07-11,813.5000,828.7500,801.0000,821.0000,47,821.0000
2012-07-12,828.7500,837.0000,825.5000,837.0000,5,837.0000
2012-07-13,839.0000,844.0000,839.0000,841.0000,9659,841.0000
2012-07-16,860.0000,890.5000,857.7500,884.5000,10971,884.5000
2012-07-17,887.2500,903.7500,870.2500,893.0000,8422,893.0000
2012-07-18,892.5000,910.5000,876.0000,906.0000,14706,906.0000
2012-07-19,904.5000,939.7500,900.2500,938.0000,11589,938.0000
2012-07-20,935.0000,942.5000,922.0000,941.0000,9848,941.0000
2012-07-23,939.0000,940.0000,905.2500,914.0000,15019,914.0000
2012-07-24,912.0000,915.0000,856.2500,880.5000,9982,880.5000
2012-07-25,881.0000,910.2500,864.7500,904.0000,7909,904.0000
2012-07-26,904.5000,908.0000,880.0000,890.0000,7447,890.0000
2012-07-27,890.0000,917.0000,885.0000,906.0000,6858,906.0000
2012-07-30,908.0000,925.0000,908.0000,917.0000,10262,917.0000
2012-07-31,914.7500,922.5000,891.2500,892.5000,11371,892.5000
2012-08-01,894.0000,900.7500,868.5000,884.0000,9026,884.0000
2012-08-02,886.5000,893.5000,862.2500,869.0000,8009,869.0000
2012-08-03,868.0000,908.2500,865.0000,896.0000,8536,896.0000
2012-08-06,889.2500,898.0000,881.5000,896.0000,10038,896.0000
2012-08-07,894.2500,903.7500,887.7500,896.0000,8767,896.0000
2012-08-08,894.7500,906.0000,876.5000,903.7500,10446,903.7500
2012-08-09,902.7500,919.7500,901.7500,915.0000,14595,915.0000
2012-08-10,911.7500,930.0000,885.0000,893.0000,13030,893.0000
2012-08-13,892.0000,893.0000,863.7500,868.0000,11126,868.0000
2012-08-14,865.7500,876.0000,849.2500,852.0000,7622,852.0000
2012-08-15,852.0000,861.5000,851.0000,858.0000,4724,858.0000
2012-08-16,858.0000,877.2500,853.0000,872.5000,5140,872.5000
2012-08-17,872.0000,888.2500,871.0000,885.5000,5156,885.5000
2012-08-20,885.0000,894.5000,878.2500,891.0000,5580,891.0000
2012-08-21,891.0000,911.7500,889.0000,908.2500,7416,908.2500
2012-08-22,907.0000,907.0000,898.0000,905.2500,6737,905.2500
2012-08-23,904.7500,910.0000,881.0000,883.0000,8454,883.0000
2012-08-24,881.5000,894.2500,874.7500,876.2500,7146,876.2500
2012-08-27,875.7500,887.5000,872.2500,873.0000,5265,873.0000
2012-08-28,873.0000,878.5000,862.7500,867.5000,5744,867.5000
2012-08-29,867.5000,897.5000,866.2500,896.2500,8645,896.2500
2012-08-30,896.0000,904.2500,885.2500,889.7500,1610,889.7500
2012-08-31,889.2500,891.5000,870.7500,880.7500,1595,880.7500
2012-09-04,883.7500,892.0000,874.5000,881.2500,405,881.2500
2012-09-05,877.5000,878.7500,861.5000,863.0000,250,863.0000
2012-09-06,874.0000,888.0000,874.0000,887.5000,115,887.5000
2012-09-07,886.0000,906.7500,885.5000,899.2500,38,899.2500
2012-09-10,899.0000,899.2500,884.5000,884.5000,35,884.5000
2012-09-11,884.0000,887.2500,883.0000,884.0000,25,884.0000
2012-09-12,883.0000,893.2500,876.0000,892.7500,34,892.7500
2012-09-13,895.0000,905.5000,895.0000,903.7500,8,903.7500
2012-09-14,923.0000,933.0000,923.0000,929.0000,9154,929.0000
2012-09-17,945.0000,948.0000,900.0000,901.2500,13346,901.2500
2012-09-18,905.0000,911.7500,884.0000,889.0000,9746,889.0000
2012-09-19,890.0000,910.0000,890.0000,910.0000,8846,910.0000
2012-09-20,910.0000,922.0000,898.5000,909.5000,7731,909.5000
2012-09-21,910.5000,928.0000,908.7500,926.2500,8552,926.2500
2012-09-24,925.5000,933.5000,907.2500,913.2500,6345,913.2500
2012-09-25,911.7500,920.0000,905.2500,911.0000,6891,911.0000
2012-09-26,912.5000,912.5000,892.0000,894.5000,12138,894.5000
2012-09-27,896.0000,900.2500,872.5000,878.2500,19462,878.2500
2012-09-28,878.0000,930.0000,872.7500,927.5000,11490,927.5000
2012-10-01,926.5000,929.7500,894.7500,907.0000,9456,907.0000
2012-10-02,908.0000,908.0000,886.2500,892.2500,9202,892.2500
2012-10-03,892.0000,897.7500,877.7500,891.0000,6888,891.0000
2012-10-04,891.0000,901.0000,885.7500,886.7500,10229,886.7500
2012-10-05,888.2500,890.5000,877.5000,878.7500,4852,878.7500
2012-10-08,879.5000,889.0000,878.0000,882.7500,5257,882.7500
2012-10-09,882.0000,896.0000,882.0000,888.7500,4943,888.7500
2012-10-10,889.0000,900.7500,887.7500,897.5000,16122,897.5000
2012-10-11,896.5000,925.5000,886.2500,918.0000,8362,918.0000
2012-10-12,915.2500,917.7500,888.0000,890.2500,8057,890.2500
2012-10-15,894.0000,894.7500,875.5000,881.2500,6215,881.2500
2012-10-16,881.7500,891.0000,878.7500,882.7500,6037,882.7500
2012-10-17,882.7500,896.0000,881.2500,894.0000,6297,894.0000
2012-10-18,893.5000,912.2500,892.2500,904.7500,7588,904.7500
2012-10-19,904.0000,919.7500,902.0000,908.0000,4272,908.0000
2012-10-22,908.0000,917.7500,906.7500,915.5000,10498,915.5000
2012-10-23,915.0000,915.0000,898.5000,907.7500,10670,907.7500
2012-10-24,908.0000,935.0000,904.5000,921.2500,9611,921.2500
2012-10-25,920.2500,928.0000,911.7500,914.2500,6423,914.2500
2012-10-26,914.5000,919.5000,908.2500,909.2500,6392,909.2500
2012-10-31,903.2500,915.7500,901.7500,904.0000,10625,904.0000
2012-11-01,906.2500,916.5000,903.5000,908.5000,10787,908.5000
2012-11-02,906.0000,915.2500,900.2500,908.7500,12442,908.7500
2012-11-05,907.5000,919.0000,906.7500,909.0000,9438,909.0000
2012-11-06,909.2500,920.5000,909.2500,919.5000,16826,919.5000
2012-11-07,919.0000,937.2500,910.0000,931.5000,16405,931.5000
2012-11-08,930.0000,940.7500,925.0000,937.0000,18020,937.0000
2012-11-09,934.5000,947.0000,919.7500,922.2500,20007,922.2500
2012-11-12,921.2500,921.2500,888.2500,890.5000,17241,890.5000
2012-11-13,890.7500,896.5000,881.0000,887.7500,13760,887.7500
2012-11-14,888.5000,895.0000,885.2500,889.7500,14746,889.7500
2012-11-15,890.2500,894.2500,881.5000,886.5000,16835,886.5000
2012-11-16,885.7500,888.7500,869.0000,876.0000,6586,876.0000
2012-11-19,874.7500,883.7500,872.2500,876.0000,6897,876.0000
2012-11-20,878.0000,881.5000,872.5000,877.5000,10896,877.5000
2012-11-21,879.2500,882.7500,874.0000,876.2500,3026,876.2500
2012-11-23,878.5000,883.5000,877.2500,878.2500,13000,878.2500
2012-11-26,881.2500,890.0000,876.2500,884.2500,9735,884.2500
2012-11-27,885.2500,916.2500,885.0000,915.7500,10358,915.7500
2012-11-28,912.7500,922.0000,906.0000,918.2500,6593,918.2500
2012-11-29,916.7500,921.0000,910.0000,917.2500,2411,917.2500
2012-11-30,916.5000,916.5000,895.2500,897.5000,437,897.5000
2012-12-03,900.0000,906.5000,892.7500,892.7500,120,892.7500
2012-12-04,894.5000,894.5000,885.0000,887.7500,62,887.7500
2012-12-05,891.0000,893.0000,889.0000,893.0000,139,893.0000
2012-12-06,891.2500,898.0000,891.2500,898.0000,54,898.0000
2012-12-07,897.0000,897.2500,892.2500,896.0000,17,896.0000
2012-12-10,894.0000,894.0000,889.0000,890.0000,22,890.0000
2012-12-11,877.7500,877.7500,863.5000,868.7500,2,868.7500
2012-12-12,857.5000,857.5000,853.2500,853.2500,3,853.2500
2012-12-13,856.5000,857.7500,850.7500,850.7500,0,850.7500
2012-12-14,852.2500,852.2500,852.2500,852.2500,8271,852.2500
2012-12-17,865.5000,867.2500,853.5000,856.2500,7979,856.2500
2012-12-18,856.0000,861.5000,850.7500,860.5000,10328,860.5000
2012-12-19,861.5000,873.2500,852.0000,858.0000,9927,858.0000
2012-12-20,858.0000,860.5000,840.5000,843.7500,5248,843.7500
2012-12-21,844.2500,851.2500,841.0000,842.0000,1736,842.0000
2012-12-24,843.7500,845.7500,840.0000,844.5000,3833,844.5000
2012-12-26,845.0000,845.0000,824.0000,824.5000,7863,824.5000
2012-12-27,826.0000,829.5000,815.7500,823.2500,8262,823.2500
2012-12-28,823.0000,833.0000,817.5000,826.0000,5873,826.0000
2012-12-31,826.0000,832.0000,816.0000,831.0000,11351,831.0000
2013-01-02,841.0000,841.0000,810.0000,811.0000,8000,811.0000
2013-01-03,813.7500,819.0000,809.5000,811.2500,10112,811.2500
2013-01-04,812.2500,815.2500,796.7500,804.5000,8628,804.5000
2013-01-07,806.7500,816.5000,801.5000,807.5000,16856,807.5000
2013-01-08,807.5000,817.0000,806.7500,808.7500,16317,808.7500
2013-01-09,810.7500,813.2500,800.0000,801.2500,16037,801.2500
2013-01-10,803.2500,809.2500,795.2500,796.5000,24898,796.5000
2013-01-11,798.7500,819.7500,785.2500,807.0000,16006,807.0000
2013-01-14,813.0000,830.0000,813.0000,823.5000,11437,823.5000
2013-01-15,825.5000,844.7500,823.0000,838.2500,9831,838.2500
2013-01-16,838.5000,848.0000,834.2500,842.5000,10907,842.5000
2013-01-17,843.7500,846.7500,831.7500,837.0000,7629,837.0000
2013-01-18,838.2500,847.0000,832.0000,843.7500,7520,843.7500
2013-01-22,847.2500,852.0000,830.0000,830.7500,9105,830.7500
2013-01-23,830.7500,839.2500,825.2500,830.2500,9385,830.2500
2013-01-24,830.7500,830.7500,816.7500,821.5000,8565,821.5000
2013-01-25,821.7500,835.2500,817.2500,829.5000,5984,829.5000
2013-01-28,830.2500,835.2500,824.7500,832.7500,6211,832.7500
2013-01-29,832.5000,840.0000,830.0000,830.7500,10896,830.7500
2013-01-30,830.0000,842.0000,825.5000,840.7500,9188,840.7500
2013-01-31,840.5000,844.2500,829.7500,837.7500,13687,837.7500
2013-02-01,837.7500,847.2500,821.0000,822.0000,8490,822.0000
2013-02-04,825.5000,829.7500,813.2500,817.0000,11416,817.0000
2013-02-05,817.2500,819.7500,801.2500,807.2500,11452,807.2500
2013-02-06,807.0000,814.2500,797.7500,809.7500,16408,809.7500
2013-02-07,809.7500,812.7500,800.0000,801.0000,23365,801.0000
2013-02-08,801.0000,815.7500,796.7500,799.7500,13598,799.7500
2013-02-11,801.2500,803.5000,788.0000,788.7500,19556,788.7500
2013-02-12,790.2500,793.0000,774.0000,778.0000,13727,778.0000
2013-02-13,778.5000,784.0000,770.2500,780.2500,10703,780.2500
2013-02-14,782.7500,786.0000,769.7500,775.0000,17264,775.0000
2013-02-15,775.0000,786.0000,771.2500,777.5000,12213,777.5000
2013-02-19,781.5000,782.7500,762.7500,769.0000,15923,769.0000
2013-02-20,769.0000,778.0000,765.7500,777.2500,13596,777.2500
2013-02-21,776.7500,776.7500,756.5000,757.2500,10224,757.2500
2013-02-22,759.0000,763.5000,748.7500,749.7500,8172,749.7500
2013-02-25,749.7500,752.2500,731.0000,731.5000,7308,731.5000
2013-02-26,732.2500,735.2500,724.5000,732.7500,11080,732.7500
2013-02-27,733.2500,744.0000,732.5000,734.2500,2171,734.2500
2013-02-28,738.2500,749.7500,737.7500,747.0000,2312,747.0000
2013-03-01,749.2500,760.5000,742.7500,756.0000,1009,756.0000
2013-03-04,752.2500,752.2500,736.5000,737.0000,27,737.0000
2013-03-05,733.5000,738.0000,733.5000,736.2500,12,736.2500
2013-03-06,727.0000,736.5000,727.0000,729.5000,17,729.5000
2013-03-07,740.7500,740.7500,730.0000,740.0000,6,740.0000
2013-03-08,743.2500,743.2500,737.0000,738.2500,3,738.2500
2013-03-11,740.0000,740.0000,738.2500,738.2500,7,738.2500
2013-03-12,742.0000,757.5000,735.0000,735.0000,5,735.0000
2013-03-13,729.2500,729.2500,729.2500,729.2500,33,729.2500
2013-03-14,727.5000,842.5000,727.5000,742.7500,5903,742.7500
2013-03-15,751.7500,752.2500,745.5000,751.5000,7495,751.5000
2013-03-18,749.5000,751.2500,738.0000,744.2500,8017,744.2500
2013-03-19,742.5000,753.0000,742.5000,751.7500,10414,751.7500
2013-03-20,751.5000,767.7500,750.5000,766.2500,8612,766.2500
2013-03-21,766.2500,767.2500,758.2500,760.5000,7689,760.5000
2013-03-22,760.5000,763.0000,748.2500,761.5000,7751,761.5000
2013-03-25,761.0000,763.0000,755.5000,759.0000,10164,759.0000
2013-03-26,758.5000,769.0000,756.2500,768.5000,9546,768.5000
2013-03-27,767.7500,778.5000,764.2500,774.0000,18131,774.0000
2013-03-28,773.5000,778.7500,723.2500,726.7500,16411,726.7500
2013-04-01,726.2500,729.0000,704.5000,709.7500,11480,709.7500
2013-04-02,714.0000,717.2500,709.0000,716.7500,13560,716.7500
2013-04-03,718.0000,737.5000,714.5000,735.2500,15920,735.2500
2013-04-04,736.7500,743.5000,718.2500,721.7500,14343,721.7500
2013-04-05,720.2500,728.7500,717.7500,726.0000,12259,726.0000
2013-04-08,727.5000,746.7500,726.5000,745.0000,14435,745.0000
2013-04-09,745.0000,751.0000,739.2500,746.5000,18247,746.5000
2013-04-10,745.0000,748.5000,726.2500,730.0000,19532,730.0000
2013-04-11,731.0000,743.5000,730.2500,738.7500,10171,738.7500
2013-04-12,739.0000,757.0000,738.0000,753.0000,7403,753.0000
2013-04-15,753.5000,754.5000,729.2500,732.5000,9403,732.5000
2013-04-16,732.5000,742.2500,729.5000,741.7500,7216,741.7500
2013-04-17,742.7500,754.0000,737.7500,742.0000,6103,742.0000
2013-04-18,742.0000,749.2500,738.2500,743.7500,7139,743.7500
2013-04-19,744.5000,749.0000,738.0000,746.0000,6860,746.0000
2013-04-22,744.5000,744.5000,728.2500,739.5000,6565,739.5000
2013-04-23,740.5000,742.2500,730.5000,737.2500,5648,737.2500
2013-04-24,739.0000,741.5000,733.5000,739.0000,12528,739.0000
2013-04-25,738.0000,766.7500,737.2500,763.7500,11714,763.7500
2013-04-26,762.0000,766.2500,755.2500,756.5000,8100,756.5000
2013-04-29,762.0000,784.7500,761.0000,780.7500,9116,780.7500
2013-04-30,782.2500,803.5000,772.5000,798.0000,1614,798.0000
2013-05-01,798.7500,798.7500,787.0000,794.2500,1082,794.2500
2013-05-02,794.0000,802.2500,794.0000,802.2500,171,802.2500
2013-05-03,795.0000,795.0000,790.0000,790.0000,26,790.0000
2013-05-06,772.0000,772.0000,768.7500,768.7500,31,768.7500
2013-05-07,759.0000,769.7500,759.0000,769.7500,3,769.7500
2013-05-08,772.0000,772.0000,771.7500,771.7500,8,771.7500
2013-05-09,780.0000,792.0000,780.0000,792.0000,55,792.0000
2013-05-10,771.5000,771.5000,771.5000,771.5000,55,771.5000
2013-05-13,768.2500,768.2500,760.5000,760.5000,39,760.5000
2013-05-14,760.0000,760.0000,760.0000,760.0000,5167,760.0000
2013-05-15,767.0000,767.5000,751.2500,751.7500,8712,751.7500
2013-05-16,752.5000,759.0000,737.2500,743.5000,10978,743.5000
2013-05-17,745.0000,746.0000,735.7500,737.2500,8355,737.2500
2013-05-20,736.2500,745.7500,731.5000,745.0000,9380,745.0000
2013-05-21,744.0000,745.0000,733.2500,738.5000,7950,738.5000
2013-05-22,739.5000,749.2500,738.7500,743.2500,7800,743.2500
2013-05-23,742.2500,759.0000,741.5000,754.5000,11610,754.5000
2013-05-24,755.0000,757.2500,744.5000,745.7500,7894,745.7500
2013-05-28,745.7500,754.7500,735.5000,743.5000,10166,743.5000
2013-05-29,744.5000,751.7500,740.5000,747.7500,9173,747.7500
2013-05-30,743.2500,747.5000,736.2500,746.0000,10445,746.0000
2013-05-31,745.7500,752.2500,741.0000,751.0000,10989,751.0000
2013-06-03,751.2500,757.0000,740.0000,751.5000,11621,751.5000
2013-06-04,751.0000,754.0000,744.7500,750.7500,11231,750.7500
2013-06-05,751.0000,753.2500,742.7500,743.2500,13166,743.2500
2013-06-06,743.7500,746.7500,735.7500,738.5000,13791,738.5000
2013-06-07,738.5000,743.0000,733.5000,735.0000,14945,735.0000
2013-06-10,733.7500,733.7500,720.0000,726.0000,18778,726.0000
2013-06-11,726.0000,733.7500,723.2500,730.0000,18435,730.0000
2013-06-12,729.5000,731.0000,715.7500,716.5000,20990,716.5000
2013-06-13,717.0000,719.7500,709.2500,718.5000,20910,718.5000
2013-06-14,718.5000,718.5000,708.2500,711.5000,13384,711.5000
2013-06-17,711.0000,724.0000,706.0000,713.7500,13701,713.7500
2013-06-18,714.5000,724.0000,714.5000,719.2500,8995,719.2500
2013-06-19,718.0000,743.5000,714.7500,739.7500,12926,739.7500
2013-06-20,738.5000,743.2500,729.0000,737.0000,9554,737.0000
2013-06-21,736.5000,743.0000,734.0000,736.5000,10846,736.5000
2013-06-24,733.0000,734.2500,715.0000,715.2500,12035,715.2500
2013-06-25,715.5000,720.2500,704.0000,704.2500,12373,704.2500
2013-06-26,704.2500,708.2500,693.5000,694.2500,7973,694.2500
2013-06-27,694.7500,699.5000,685.5000,686.5000,7496,686.5000
2013-06-28,685.5000,691.7500,671.7500,676.2500,1565,676.2500
2013-07-01,676.0000,681.0000,671.7500,676.7500,893,676.7500
2013-07-02,676.0000,682.7500,673.0000,674.0000,1366,674.0000
2013-07-03,676.2500,684.7500,676.2500,683.5000,275,683.5000
2013-07-05,689.0000,692.2500,676.5000,676.5000,88,676.5000
2013-07-08,693.0000,694.2500,691.2500,691.2500,60,691.2500
2013-07-09,693.2500,711.2500,693.0000,706.7500,72,706.7500
2013-07-10,715.0000,715.0000,702.7500,712.0000,11,712.0000
2013-07-11,724.2500,726.5000,711.5000,711.5000,13,711.5000
2013-07-12,728.2500,728.2500,712.7500,712.7500,9493,712.7500
2013-07-15,707.2500,707.2500,697.0000,701.0000,8594,701.0000
2013-07-16,701.2500,711.0000,700.0000,703.7500,8357,703.7500
2013-07-17,703.7500,707.5000,702.0000,702.7500,8420,702.7500
2013-07-18,702.5000,707.7500,699.7500,702.2500,13404,702.2500
2013-07-19,702.5000,710.7500,700.5000,705.2500,10397,705.2500
2013-07-22,705.7500,708.5000,698.0000,702.0000,9084,702.0000
2013-07-23,702.0000,702.0000,696.2500,699.0000,10437,699.0000
2013-07-24,699.5000,703.5000,697.0000,697.2500,13128,697.2500
2013-07-25,697.0000,701.5000,691.0000,692.2500,12152,692.2500
2013-07-26,692.0000,698.5000,690.5000,691.5000,10408,691.5000
2013-07-29,691.5000,696.5000,690.0000,690.2500,7781,690.2500
2013-07-30,690.0000,701.2500,688.5000,696.2500,10384,696.2500
2013-07-31,695.0000,707.5000,694.5000,706.7500,14687,706.7500
2013-08-01,705.5000,708.5000,695.5000,706.7500,11596,706.7500
2013-08-02,706.0000,714.5000,704.7500,706.7500,12311,706.7500
2013-08-05,706.0000,712.5000,692.0000,695.5000,11002,695.5000
2013-08-06,696.0000,702.5000,693.0000,702.0000,9833,702.0000
2013-08-07,702.0000,703.0000,695.0000,699.0000,16151,699.0000
2013-08-08,699.0000,707.0000,697.5000,702.0000,23793,702.0000
2013-08-09,701.5000,706.5000,693.5000,697.2500,16612,697.2500
2013-08-12,697.5000,710.0000,693.2500,700.2500,14859,700.2500
2013-08-13,700.0000,706.2500,694.0000,696.2500,13486,696.2500
2013-08-14,695.0000,699.7500,690.5000,698.7500,11338,698.7500
2013-08-15,698.0000,707.0000,697.0000,703.0000,9332,703.0000
2013-08-16,701.7500,704.7500,694.7500,698.2500,8288,698.2500
2013-08-19,700.5000,709.2500,700.5000,703.2500,9819,703.2500
2013-08-20,703.2500,705.5000,695.2500,696.7500,9263,696.7500
2013-08-21,697.0000,708.5000,696.0000,699.5000,6870,699.5000
2013-08-22,699.5000,701.5000,693.7500,694.2500,11139,694.2500
2013-08-23,694.0000,700.7500,693.0000,695.5000,10463,695.5000
2013-08-26,699.2500,719.2500,699.2500,708.2500,11073,708.2500
2013-08-27,707.7500,712.7500,705.2500,707.2500,7978,707.2500
2013-08-28,706.5000,714.0000,703.7500,706.2500,7638,706.2500
2013-08-29,708.0000,710.0000,698.7500,701.0000,9734,701.0000
2013-08-30,701.7500,703.0000,698.0000,700.7500,1372,700.7500
2013-09-03,701.2500,707.0000,693.7500,696.7500,1006,696.7500
2013-09-04,695.5000,705.2500,694.0000,705.0000,346,705.0000
2013-09-05,705.0000,706.0000,700.7500,701.2500,464,701.2500
2013-09-06,704.0000,709.0000,702.2500,708.5000,248,708.5000
2013-09-09,705.7500,708.2500,701.2500,701.5000,133,701.5000
2013-09-10,702.0000,707.7500,702.0000,706.7500,288,706.7500
2013-09-11,708.0000,708.2500,708.0000,708.2500,65,708.2500
2013-09-12,702.7500,707.5000,698.0000,706.7500,74,706.7500
2013-09-13,691.0000,691.0000,683.5000,685.0000,8676,685.0000
2013-09-16,691.0000,696.2500,689.0000,689.7500,6968,689.7500
2013-09-17,689.0000,698.5000,689.0000,690.2500,8205,690.2500
2013-09-18,689.7500,695.0000,689.2500,692.5000,7805,692.5000
2013-09-19,692.7500,707.5000,692.2500,702.0000,14451,702.0000
2013-09-20,701.7500,703.0000,690.7500,692.7500,10180,692.7500
2013-09-23,693.0000,701.0000,691.5000,697.7500,8085,697.7500
2013-09-24,698.0000,706.5000,695.0000,705.0000,12029,705.0000
2013-09-25,705.0000,722.7500,703.7500,718.2500,17514,718.2500
2013-09-26,718.0000,728.0000,716.0000,727.2500,14014,727.2500
2013-09-27,726.0000,735.0000,725.7500,731.7500,16341,731.7500
2013-09-30,730.0000,746.7500,727.7500,739.5000,23619,739.5000
2013-10-01,739.0000,746.7500,734.0000,745.0000,20555,745.0000
2013-10-02,744.5000,756.7500,742.7500,754.5000,13150,754.5000
2013-10-03,754.0000,764.7500,754.0000,755.5000,14765,755.5000
2013-10-04,755.0000,757.0000,749.0000,750.2500,13782,750.2500
2013-10-07,751.7500,758.7500,749.7500,756.5000,9558,756.5000
2013-10-08,756.0000,762.7500,753.5000,760.5000,10645,760.5000
2013-10-09,759.0000,762.5000,753.2500,759.0000,11909,759.0000
2013-10-10,759.0000,763.5000,754.2500,755.5000,11546,755.5000
2013-10-11,755.0000,764.2500,752.2500,760.2500,10818,760.2500
2013-10-14,759.5000,764.0000,754.5000,761.5000,8116,761.5000
2013-10-15,759.7500,762.2500,755.5000,756.2500,6778,756.2500
2013-10-16,756.2500,758.0000,742.2500,744.7500,13928,744.7500
2013-10-17,745.0000,753.2500,745.0000,749.0000,9340,749.0000
2013-10-18,749.5000,770.0000,749.5000,768.7500,13714,768.7500
2013-10-21,769.0000,774.0000,754.5000,761.2500,10992,761.2500
2013-10-22,760.2500,768.5000,756.2500,765.5000,8609,765.5000
2013-10-23,765.7500,776.2500,764.2500,770.7500,10441,770.7500
2013-10-24,770.2500,776.5000,763.5000,764.2500,7908,764.2500
2013-10-25,764.7500,768.7500,758.5000,759.0000,6222,759.0000
2013-10-28,759.0000,760.0000,750.0000,750.7500,9559,750.7500
2013-10-29,750.0000,756.5000,749.0000,751.7500,9615,751.7500
2013-10-30,752.5000,758.2500,747.5000,747.7500,8956,747.7500
2013-10-31,747.7500,749.0000,739.5000,740.5000,10040,740.5000
2013-11-01,740.2500,741.0000,731.5000,733.5000,11864,733.5000
2013-11-04,733.0000,736.5000,728.2500,729.2500,7950,729.2500
2013-11-05,729.0000,729.7500,721.5000,722.2500,12558,722.2500
2013-11-06,722.7500,724.7500,716.0000,716.5000,11418,716.5000
2013-11-07,716.5000,719.2500,712.0000,712.5000,15244,712.5000
2013-11-08,712.5000,716.7500,703.5000,708.5000,20652,708.5000
2013-11-11,710.5000,714.7500,704.7500,706.2500,14766,706.2500
2013-11-12,706.2500,713.0000,702.5000,703.2500,13000,703.2500
2013-11-13,704.0000,706.0000,701.5000,702.0000,15733,702.0000
2013-11-14,701.5000,709.7500,701.5000,703.0000,15689,703.0000
2013-11-15,703.0000,704.7500,697.5000,698.2500,12700,698.2500
2013-11-18,699.2500,703.7500,693.7500,694.0000,6900,694.0000
2013-11-19,694.2500,700.5000,693.0000,698.5000,8418,698.5000
2013-11-20,699.0000,703.0000,695.0000,695.5000,11071,695.5000
2013-11-21,695.2500,700.7500,694.0000,694.7500,7816,694.7500
2013-11-22,696.0000,702.5000,695.5000,701.7500,12339,701.7500
2013-11-25,703.0000,706.0000,699.5000,703.5000,8273,703.5000
2013-11-26,703.7500,705.0000,699.5000,704.2500,13582,704.2500
2013-11-27,704.5000,717.0000,704.2500,713.0000,8618,713.0000
2013-11-29,716.0000,717.7500,706.5000,713.2500,1716,713.2500
2013-12-02,711.7500,715.5000,705.0000,705.0000,1008,705.0000
2013-12-03,708.0000,715.2500,707.0000,711.7500,326,711.7500
2013-12-04,711.0000,713.0000,709.0000,709.2500,72,709.2500
2013-12-05,708.0000,708.0000,702.0000,705.0000,128,705.0000
2013-12-06,704.0000,705.5000,704.0000,705.2500,74,705.2500
2013-12-09,705.0000,706.0000,703.5000,703.5000,44,703.5000
2013-12-10,700.0000,700.0000,693.2500,694.5000,51,694.5000
2013-12-11,692.7500,697.0000,692.7500,696.5000,22,696.5000
2013-12-12,696.7500,697.0000,668.5000,669.2500,215,669.2500
2013-12-13,657.0000,657.0000,657.0000,657.0000,11111,657.0000
2013-12-16,672.0000,672.5000,664.7500,665.5000,10321,665.5000
2013-12-17,665.5000,668.7500,659.2500,660.5000,8594,660.5000
2013-12-18,660.2500,660.2500,653.0000,653.7500,14428,653.7500
2013-12-19,655.0000,661.7500,651.7500,652.7500,10561,652.7500
2013-12-20,652.7500,659.7500,651.0000,657.2500,7980,657.2500
2013-12-23,656.5000,658.5000,648.0000,648.5000,5562,648.5000
2013-12-24,648.5000,650.5000,644.7500,646.5000,3387,646.5000
2013-12-26,646.5000,646.7500,641.0000,644.5000,3710,644.5000
2013-12-27,646.0000,647.5000,638.5000,644.2500,6028,644.2500
2013-12-30,642.0000,644.2500,635.0000,635.7500,7828,635.7500
2013-12-31,635.7500,643.0000,632.7500,640.5000,8420,640.5000
2014-01-02,638.5000,639.7500,630.2500,631.2500,8107,631.2500
2014-01-03,631.2500,644.0000,630.5000,642.5000,13022,642.5000
2014-01-06,644.5000,650.7500,643.0000,644.0000,9500,644.0000
2014-01-07,645.2500,650.5000,641.5000,645.2500,10599,645.2500
2014-01-08,645.2500,651.0000,635.0000,637.0000,16018,637.0000
2014-01-09,637.0000,640.7500,630.7500,639.0000,15242,639.0000
2014-01-10,639.0000,649.7500,624.5000,626.0000,19001,626.0000
2014-01-13,628.2500,631.5000,618.2500,619.7500,15581,619.7500
2014-01-14,619.0000,633.5000,617.0000,632.0000,10642,632.0000
2014-01-15,631.5000,633.5000,619.5000,620.5000,8527,620.5000
2014-01-16,620.0000,631.0000,619.7500,629.5000,8807,629.5000
2014-01-17,629.0000,630.5000,621.7500,623.2500,9103,623.2500
2014-01-21,624.7500,626.5000,620.5000,621.2500,6548,621.2500
2014-01-22,622.2500,628.5000,622.2500,624.7500,7964,624.7500
2014-01-23,626.5000,642.7500,625.2500,632.2500,12421,632.2500
2014-01-24,632.2500,635.5000,626.0000,627.2500,9417,627.2500
2014-01-27,628.0000,634.7500,622.0000,622.5000,9285,622.5000
2014-01-28,622.5000,627.0000,621.2500,622.0000,6899,622.0000
2014-01-29,622.0000,622.2500,607.7500,608.7500,12504,608.7500
2014-01-30,609.7500,614.7500,608.0000,610.7500,8926,610.7500
2014-01-31,612.0000,617.2500,609.2500,615.5000,9538,615.5000
2014-02-03,614.5000,625.0000,612.5000,624.2500,12001,624.2500
2014-02-04,624.2500,647.7500,624.2500,646.5000,16299,646.5000
2014-02-05,646.0000,653.2500,642.0000,651.2500,14297,651.2500
2014-02-06,650.2500,657.2500,647.5000,648.7500,20754,648.7500
2014-02-07,648.7500,655.5000,639.2500,649.2500,17413,649.2500
2014-02-10,646.7500,666.7500,644.0000,662.7500,22031,662.7500
2014-02-11,662.7500,669.7500,660.2500,665.5000,20018,665.5000
2014-02-12,664.5000,671.5000,659.2500,663.0000,19687,663.0000
2014-02-13,663.0000,673.5000,661.0000,672.7500,15839,672.7500
2014-02-14,671.7500,679.5000,670.5000,674.5000,12871,674.5000
2014-02-18,675.0000,688.5000,674.0000,685.7500,10263,685.7500
2014-02-19,685.7500,693.5000,684.7500,692.5000,10835,692.5000
2014-02-20,692.0000,694.5000,687.2500,691.7500,11161,691.7500
2014-02-21,691.2500,694.5000,682.0000,682.7500,9555,682.7500
2014-02-24,679.0000,690.2500,675.7500,689.0000,8947,689.0000
2014-02-25,686.2500,692.7500,675.5000,690.5000,12696,690.5000
2014-02-26,690.0000,690.0000,677.0000,679.0000,9179,679.0000
2014-02-27,676.0000,678.2500,659.2500,662.2500,9176,662.2500
2014-02-28,665.5000,684.0000,665.5000,677.0000,1185,677.0000
2014-03-03,680.7500,723.0000,680.7500,701.2500,441,701.2500
2014-03-04,695.7500,704.2500,695.7500,704.2500,143,704.2500
2014-03-05,704.0000,704.0000,702.0000,703.2500,15,703.2500
2014-03-06,707.0000,710.7500,705.2500,706.2500,17,706.2500
2014-03-07,716.0000,718.2500,712.0000,715.2500,40,715.2500
2014-03-10,712.0000,712.0000,704.7500,704.7500,1,704.7500
2014-03-11,712.5000,734.0000,712.5000,722.0000,39,722.0000
2014-03-12,744.0000,744.0000,741.2500,741.2500,10,741.2500
2014-03-13,730.2500,730.2500,730.2500,730.2500,5,730.2500
2014-03-14,744.0000,744.0000,744.0000,744.0000,9444,744.0000
2014-03-17,750.5000,759.0000,741.0000,743.5000,8380,743.5000
2014-03-18,743.5000,764.0000,743.0000,763.2500,8873,763.2500
2014-03-19,762.7500,791.7500,759.0000,788.2500,12384,788.2500
2014-03-20,787.7500,799.0000,770.5000,782.0000,13693,782.0000
2014-03-21,782.0000,784.0000,768.2500,771.2500,9360,771.2500
2014-03-24,771.0000,797.2500,768.0000,794.5000,8305,794.5000
2014-03-25,794.2500,795.7500,787.2500,791.7500,8825,791.7500
2014-03-26,791.5000,794.0000,770.2500,771.2500,12088,771.2500
2014-03-27,772.0000,788.7500,764.0000,783.7500,8986,783.7500
2014-03-28,782.2500,782.2500,762.7500,763.5000,11210,763.5000
2014-03-31,765.7500,768.5000,748.2500,764.0000,11988,764.0000
2014-04-01,762.2500,765.2500,751.0000,753.5000,10235,753.5000
2014-04-02,756.0000,756.7500,734.5000,738.7500,9627,738.7500
2014-04-03,739.0000,746.0000,733.7500,744.0000,9550,744.0000
2014-04-04,742.7500,744.7500,724.2500,733.7500,10152,733.7500
2014-04-07,734.7500,743.7500,730.2500,739.5000,14896,739.5000
2014-04-08,739.5000,747.7500,732.0000,741.5000,13467,741.5000
2014-04-09,742.2500,749.2500,730.0000,733.2500,17584,733.2500
2014-04-10,733.0000,735.2500,719.7500,722.5000,14419,722.5000
2014-04-11,725.0000,727.2500,717.0000,719.5000,16409,719.5000
2014-04-14,725.5000,750.2500,724.2500,742.0000,15220,742.0000
2014-04-15,741.5000,766.5000,736.0000,765.5000,11543,765.5000
2014-04-16,765.0000,774.2500,749.5000,754.5000,7748,754.5000
2014-04-17,754.5000,772.2500,752.5000,758.0000,8042,758.0000
2014-04-21,759.0000,759.0000,729.7500,734.0000,10192,734.0000
2014-04-22,734.0000,745.5000,730.5000,741.2500,11567,741.2500
2014-04-23,741.0000,749.5000,736.5000,745.7500,7659,745.7500
2014-04-24,746.7500,767.5000,741.0000,759.5000,5276,759.5000
2014-04-25,759.0000,777.2500,759.0000,775.7500,7573,775.7500
2014-04-28,775.2500,784.0000,770.5000,783.2500,8789,783.2500
2014-04-29,784.0000,798.0000,779.5000,797.2500,5051,797.2500
2014-04-30,796.5000,811.0000,793.5000,809.7500,1627,809.7500
2014-05-01,809.0000,811.5000,798.0000,806.2500,363,806.2500
2014-05-02,817.0000,835.0000,815.5000,831.7500,520,831.7500
2014-05-05,836.5000,847.2500,836.5000,838.7500,21,838.7500
2014-05-06,848.5000,854.5000,843.0000,843.0000,41,843.0000
2014-05-07,844.2500,844.2500,833.0000,836.5000,15,836.5000
2014-05-08,836.2500,836.2500,830.5000,832.5000,187,832.5000
2014-05-09,824.0000,824.0000,819.0000,819.0000,42,819.0000
2014-05-12,824.0000,824.0000,824.0000,824.0000,42,824.0000
2014-05-13,832.5000,839.0000,824.2500,824.2500,6,824.2500
2014-05-14,807.5000,807.5000,807.5000,807.5000,12312,807.5000
2014-05-15,805.7500,807.0000,777.7500,778.7500,14713,778.7500
2014-05-16,778.7500,781.2500,762.2500,767.7500,12884,767.7500
2014-05-19,767.7500,770.7500,759.0000,768.7500,11372,768.7500
2014-05-20,769.0000,785.7500,766.0000,768.2500,10001,768.2500
2014-05-21,766.5000,772.0000,759.5000,761.5000,9032,761.5000
2014-05-22,761.5000,764.7500,747.7500,751.7500,13996,751.7500
2014-05-23,752.0000,755.0000,740.7500,745.0000,8042,745.0000
2014-05-27,741.0000,747.0000,736.0000,738.2500,8867,738.2500
2014-05-28,736.0000,740.2500,729.2500,736.0000,8372,736.0000
2014-05-29,736.2500,740.0000,726.5000,730.5000,10809,730.5000
2014-05-30,731.0000,735.7500,721.5000,723.0000,11177,723.0000
2014-06-02,721.7500,724.0000,710.7500,718.7500,14249,718.7500
2014-06-03,721.0000,721.2500,706.0000,707.7500,11217,707.7500
2014-06-04,706.2500,717.0000,706.0000,713.5000,12492,713.5000
2014-06-05,714.5000,721.7500,711.0000,714.0000,18169,714.0000
2014-06-06,715.0000,737.7500,713.2500,735.5000,18872,735.5000
2014-06-09,736.0000,745.0000,731.0000,733.7500,17915,733.7500
2014-06-10,734.5000,737.5000,723.0000,726.0000,15400,726.0000
2014-06-11,728.0000,731.2500,703.2500,704.2500,22332,704.2500
2014-06-12,702.0000,709.0000,702.0000,705.5000,18242,705.5000
2014-06-13,706.2500,719.5000,705.5000,713.2500,12618,713.2500
2014-06-16,713.5000,719.7500,706.0000,708.2500,11535,708.2500
2014-06-17,707.7500,713.5000,702.0000,712.5000,8025,712.5000
2014-06-18,712.7500,741.7500,712.7500,727.7500,14906,727.7500
2014-06-19,728.0000,738.0000,724.5000,729.2500,10821,729.2500
2014-06-20,729.0000,730.2500,720.0000,720.7500,9334,720.7500
2014-06-23,720.5000,731.7500,708.0000,714.0000,10955,714.0000
2014-06-24,714.0000,714.0000,704.7500,705.5000,6689,705.5000
2014-06-25,705.2500,715.0000,703.0000,714.0000,7073,714.0000
2014-06-26,713.0000,725.0000,712.0000,721.0000,6834,721.0000
2014-06-27,720.0000,736.0000,720.0000,726.0000,5861,726.0000
2014-06-30,727.0000,731.0000,710.0000,710.5000,1325,710.5000
2014-07-01,711.0000,711.0000,693.2500,700.0000,670,700.0000
2014-07-02,696.5000,699.5000,672.2500,683.0000,870,683.0000
2014-07-03,680.2500,697.2500,673.0000,697.0000,121,697.0000
2014-07-07,697.0000,697.0000,677.2500,678.5000,98,678.5000
2014-07-08,680.0000,682.7500,670.7500,675.0000,124,675.0000
2014-07-09,674.0000,674.0000,660.0000,660.7500,102,660.7500
2014-07-10,661.2500,666.0000,654.7500,655.5000,256,655.5000
2014-07-11,653.5000,653.5000,630.5000,634.2500,309,634.2500
2014-07-14,644.0000,654.5000,644.0000,652.5000,9110,652.5000
2014-07-15,646.0000,647.0000,636.0000,639.0000,8521,639.0000
2014-07-16,637.5000,645.0000,635.5000,637.2500,11382,637.2500
2014-07-17,636.7500,659.5000,630.2500,649.0000,13965,649.0000
2014-07-18,648.7500,653.7500,632.0000,633.7500,8076,633.7500
2014-07-21,633.0000,633.0000,624.2500,628.0000,7406,628.0000
2014-07-22,628.0000,635.0000,621.0000,621.2500,6655,621.2500
2014-07-23,620.7500,625.2500,620.0000,623.5000,11089,623.5000
2014-07-24,623.5000,634.7500,618.7500,620.5000,10003,620.5000
2014-07-25,620.0000,631.7500,619.2500,631.2500,9571,631.2500
2014-07-28,631.0000,636.2500,624.0000,625.5000,7451,625.5000
2014-07-29,625.0000,627.0000,611.0000,611.5000,14712,611.5000
2014-07-30,611.5000,620.0000,611.0000,617.0000,8813,617.0000
2014-07-31,615.7500,631.0000,614.7500,625.7500,14139,625.7500
2014-08-01,625.2500,642.2500,625.2500,632.7500,13785,632.7500
2014-08-04,632.0000,648.7500,631.2500,638.5000,11011,638.5000
2014-08-05,638.0000,644.7500,633.2500,642.7500,8826,642.7500
2014-08-06,642.0000,661.7500,642.0000,656.2500,12993,656.2500
2014-08-07,655.7500,658.2500,645.2500,646.2500,15223,646.2500
2014-08-08,646.0000,646.0000,627.7500,629.2500,16416,629.2500
2014-08-11,629.2500,633.7500,620.0000,623.7500,15604,623.7500
2014-08-12,623.0000,623.7500,611.7500,613.2500,17086,613.2500
2014-08-13,613.2500,620.7500,602.7500,604.0000,17880,604.0000
2014-08-14,603.5000,609.7500,602.0000,608.0000,9295,608.0000
2014-08-15,607.0000,627.7500,605.0000,619.7500,9050,619.7500
2014-08-18,619.0000,619.5000,611.2500,617.7500,7545,617.7500
2014-08-19,616.0000,632.2500,611.0000,624.5000,8666,624.5000
2014-08-20,624.5000,627.5000,612.7500,618.7500,7726,618.7500
2014-08-21,621.0000,624.7500,616.5000,622.0000,9825,622.0000
2014-08-22,622.0000,639.0000,621.2500,633.5000,10883,633.5000
2014-08-25,632.0000,636.0000,621.7500,622.7500,5430,622.7500
2014-08-26,622.7500,626.7500,612.7500,621.0000,7199,621.0000
2014-08-27,620.0000,631.7500,616.0000,628.0000,10447,628.0000
2014-08-28,627.5000,645.0000,626.0000,635.0000,5308,635.0000
2014-08-29,632.2500,639.2500,623.7500,626.2500,3139,626.2500
2014-09-02,626.2500,626.2500,614.0000,617.5000,350,617.5000
2014-09-03,615.0000,615.5000,600.2500,600.7500,332,600.7500
2014-09-04,603.2500,608.2500,603.2500,608.2500,91,608.2500
2014-09-05,618.5000,621.5000,618.5000,619.7500,46,619.7500
2014-09-08,618.7500,625.0000,615.7500,625.0000,67,625.0000
2014-09-09,615.2500,616.0000,613.0000,613.0000,31,613.0000
2014-09-10,611.7500,611.7500,605.2500,605.2500,2,605.2500
2014-09-11,597.5000,598.5000,595.7500,595.7500,3,595.7500
2014-09-12,595.0000,600.0000,572.2500,572.2500,11669,572.2500
2014-09-15,592.5000,593.0000,585.2500,586.2500,11387,586.2500
2014-09-16,585.7500,594.7500,580.0000,583.2500,11338,583.2500
2014-09-17,581.7500,584.5000,579.0000,582.2500,9063,582.2500
2014-09-18,579.7500,582.0000,569.0000,569.7500,9427,569.7500
2014-09-19,568.2500,570.0000,557.5000,560.2500,12618,560.2500
2014-09-22,560.2500,565.2500,553.5000,560.2500,8050,560.2500
2014-09-23,558.5000,563.2500,553.5000,562.0000,9041,562.0000
2014-09-24,559.5000,571.7500,559.0000,564.2500,10686,564.2500
2014-09-25,563.2500,566.2500,555.0000,564.2500,8673,564.2500
2014-09-26,563.5000,565.0000,559.2500,563.7500,5218,563.7500
2014-09-29,559.5000,569.0000,559.5000,566.5000,6190,566.5000
2014-09-30,566.2500,566.7500,554.2500,558.0000,15449,558.0000
2014-10-01,556.5000,563.0000,550.0000,557.5000,11728,557.5000
2014-10-02,556.2500,569.7500,556.2500,561.5000,10448,561.5000
2014-10-03,562.5000,570.7500,560.5000,568.0000,10404,568.0000
2014-10-06,567.7500,578.0000,567.0000,575.5000,9988,575.5000
2014-10-07,575.0000,595.7500,573.5000,588.2500,15334,588.2500
2014-10-08,588.2500,592.0000,582.0000,586.5000,8581,586.5000
2014-10-09,586.0000,588.2500,571.0000,572.7500,9539,572.7500
2014-10-10,572.0000,587.5000,568.0000,577.7500,12824,577.7500
2014-10-13,577.7500,586.7500,575.2500,584.2500,6261,584.2500
2014-10-14,584.2500,591.0000,582.0000,590.2500,7728,590.2500
2014-10-15,590.2500,598.5000,584.5000,592.0000,10510,592.0000
2014-10-16,592.2500,606.5000,590.7500,605.0000,13050,605.0000
2014-10-17,605.2500,614.7500,600.7500,601.7500,14222,601.7500
2014-10-20,601.0000,602.5000,594.5000,601.0000,8354,601.0000
2014-10-21,601.0000,606.5000,597.5000,602.2500,11008,602.2500
2014-10-22,603.0000,612.0000,599.2500,605.2500,10265,605.2500
2014-10-23,604.0000,608.7500,601.5000,605.2500,10363,605.2500
2014-10-24,603.7500,615.7500,593.2500,593.7500,10790,593.7500
2014-10-27,592.2500,599.0000,588.7500,594.7500,11337,594.7500
2014-10-28,596.5000,604.7500,595.2500,602.0000,8824,602.0000
2014-10-29,601.5000,608.7500,598.7500,606.5000,11277,606.5000
2014-10-30,606.0000,611.7500,599.5000,602.0000,12492,602.0000
2014-10-31,601.2500,603.5000,587.0000,593.7500,18867,593.7500
2014-11-03,594.5000,599.5000,590.0000,597.5000,9014,597.5000
2014-11-04,597.7500,598.0000,589.0000,590.2500,7250,590.2500
2014-11-05,591.7500,592.0000,579.7500,584.5000,11644,584.5000
2014-11-06,584.5000,586.5000,578.5000,579.0000,9760,579.0000
2014-11-07,580.0000,580.0000,567.5000,569.2500,16019,569.2500
2014-11-10,570.0000,577.0000,565.2500,573.0000,18252,573.0000
2014-11-11,573.0000,580.2500,569.0000,578.5000,21520,578.5000
2014-11-12,578.5000,602.5000,577.5000,599.2500,26376,599.2500
2014-11-13,599.2500,610.0000,594.0000,605.2500,22666,605.2500
2014-11-14,605.0000,612.5000,599.7500,605.5000,12012,605.5000
2014-11-17,605.5000,609.7500,595.7500,596.5000,8083,596.5000
2014-11-18,598.0000,598.7500,590.0000,593.5000,7656,593.5000
2014-11-19,594.2500,594.2500,581.2500,586.2500,8606,586.2500
2014-11-20,587.0000,603.0000,583.7500,602.2500,12982,602.2500
2014-11-21,601.7500,608.2500,598.2500,604.0000,6988,604.0000
2014-11-24,603.7500,607.5000,600.0000,604.2500,8502,604.2500
2014-11-25,603.5000,619.2500,602.0000,617.2500,10048,617.2500
2014-11-26,617.5000,626.5000,616.5000,621.0000,5591,621.0000
2014-11-28,618.5000,640.0000,618.5000,637.0000,876,637.0000
2014-12-01,633.2500,660.5000,633.2500,660.2500,539,660.2500
2014-12-02,663.0000,663.2500,648.7500,648.7500,372,648.7500
2014-12-03,638.5000,638.5000,630.2500,631.7500,449,631.7500
2014-12-04,624.0000,631.2500,618.0000,627.2500,237,627.2500
2014-12-05,628.7500,634.2500,628.7500,632.5000,41,632.5000
2014-12-08,638.5000,643.2500,633.0000,634.0000,31,634.0000
2014-12-09,629.0000,629.5000,615.0000,617.0000,37,617.0000
2014-12-10,615.0000,615.0000,610.0000,614.7500,30,614.7500
2014-12-11,609.2500,623.5000,609.2500,623.5000,44,623.5000
2014-12-12,636.7500,638.5000,634.0000,634.0000,12386,634.0000
2014-12-15,633.5000,651.5000,630.2500,647.0000,13280,647.0000
2014-12-16,643.0000,670.0000,643.0000,654.7500,16776,654.7500
2014-12-17,653.0000,682.7500,649.7500,681.5000,19678,681.5000
2014-12-18,678.0000,705.7500,677.5000,683.7500,19087,683.7500
2014-12-19,681.5000,682.5000,661.7500,666.0000,12492,666.0000
2014-12-22,664.2500,677.7500,655.2500,657.7500,12461,657.7500
2014-12-23,657.2500,667.5000,652.7500,664.7500,7450,664.7500
2014-12-24,666.0000,667.7500,638.0000,644.0000,6513,644.0000
2014-12-26,646.0000,649.2500,642.2500,644.2500,2325,644.2500
2014-12-29,645.0000,654.7500,642.5000,647.5000,6375,647.5000
2014-12-30,647.0000,647.0000,634.0000,636.0000,8903,636.0000
2014-12-31,635.0000,638.7500,621.5000,626.5000,8543,626.5000
2015-01-02,627.0000,628.0000,610.0000,617.0000,9139,617.0000
2015-01-05,615.5000,633.0000,615.2500,624.7500,10046,624.7500
2015-01-06,624.7500,642.0000,623.0000,631.2500,11931,631.2500
2015-01-07,633.5000,634.0000,619.2500,620.0000,9689,620.0000
2015-01-08,620.7500,620.7500,605.7500,607.7500,12333,607.7500
2015-01-09,608.0000,612.5000,598.0000,600.5000,10970,600.5000
2015-01-12,599.7500,602.2500,590.0000,590.5000,18699,590.5000
2015-01-13,590.2500,600.2500,580.7500,581.7500,14136,581.7500
2015-01-14,582.2500,583.2500,571.5000,575.0000,14944,575.0000
2015-01-15,577.2500,584.5000,570.2500,573.0000,14485,573.0000
2015-01-16,577.0000,584.7500,574.2500,577.0000,14508,577.0000
2015-01-20,576.7500,579.7500,564.7500,577.7500,14515,577.7500
2015-01-21,578.0000,583.2500,570.7500,572.2500,14042,572.2500
2015-01-22,570.2500,578.2500,564.0000,564.7500,13119,564.7500
2015-01-23,564.0000,566.7500,560.2500,564.0000,15692,564.0000
2015-01-26,564.0000,567.5000,553.5000,554.5000,13096,554.5000
2015-01-27,555.0000,556.5000,549.0000,550.2500,11062,550.2500
2015-01-28,549.2500,550.7500,534.5000,535.7500,15876,535.7500
2015-01-29,536.0000,548.7500,533.2500,544.0000,19434,544.0000
2015-01-30,544.0000,549.5000,536.2500,540.2500,18901,540.2500
2015-02-02,539.0000,543.2500,533.0000,534.5000,13976,534.5000
2015-02-03,534.5000,559.7500,534.5000,559.0000,18767,559.0000
2015-02-04,560.0000,564.7500,550.0000,552.7500,17147,552.7500
2015-02-05,551.7500,566.5000,549.5000,564.0000,17885,564.0000
2015-02-06,564.0000,573.2500,554.0000,561.7500,17050,561.7500
2015-02-09,560.7500,566.7500,557.0000,563.5000,15650,563.5000
2015-02-10,561.7500,563.5000,552.7500,554.0000,18445,554.0000
2015-02-11,552.0000,563.7500,550.2500,559.2500,18336,559.2500
2015-02-12,557.0000,559.5000,552.0000,554.0000,17142,554.0000
2015-02-13,553.0000,563.5000,552.7500,562.7500,19170,562.7500
2015-02-17,564.0000,582.2500,560.7500,562.2500,20452,562.2500
2015-02-18,564.0000,570.0000,546.7500,548.0000,14782,548.0000
2015-02-19,548.7500,553.0000,543.7500,544.5000,11227,544.5000
2015-02-20,543.2500,547.2500,532.0000,533.2500,13618,533.2500
2015-02-23,533.5000,537.0000,530.5000,531.2500,9969,531.2500
2015-02-24,532.0000,544.2500,532.0000,535.7500,9837,535.7500
2015-02-25,535.0000,537.5000,525.0000,528.2500,5871,528.2500
2015-02-26,527.2500,530.2500,517.2500,527.2500,6815,527.2500
2015-02-27,527.7500,540.2500,525.7500,534.5000,2783,534.5000
2015-03-02,536.2500,540.0000,521.0000,521.0000,561,521.0000
2015-03-03,523.5000,530.5000,521.2500,530.5000,271,530.5000
2015-03-04,525.0000,525.0000,522.7500,523.5000,94,523.5000
2015-03-05,522.7500,522.7500,514.0000,514.0000,221,514.0000
2015-03-06,515.7500,521.7500,514.2500,520.7500,93,520.7500
2015-03-09,531.2500,531.2500,529.0000,529.0000,24,529.0000
2015-03-10,526.5000,534.7500,526.5000,534.7500,20,534.7500
2015-03-11,538.2500,538.7500,535.2500,538.5000,201,538.5000
2015-03-12,539.0000,547.2500,539.0000,546.5000,56,546.5000
2015-03-13,549.7500,552.7500,541.7500,541.7500,10428,541.7500
2015-03-16,540.0000,557.5000,534.0000,555.0000,13138,555.0000
2015-03-17,556.5000,559.5000,541.7500,542.7500,11209,542.7500
2015-03-18,541.7500,555.0000,540.0000,553.0000,10404,553.0000
2015-03-19,557.0000,562.5000,546.2500,550.2500,17920,550.2500
2015-03-20,549.2500,570.2500,548.5000,569.5000,15494,569.5000
2015-03-23,571.5000,579.2500,571.5000,574.5000,11035,574.5000
2015-03-24,572.0000,573.2500,561.5000,565.2500,11349,565.2500
2015-03-25,565.0000,570.0000,560.2500,563.0000,11030,563.0000
2015-03-26,561.7500,566.7500,541.5000,543.0000,13951,543.0000
2015-03-27,542.5000,554.2500,542.5000,553.0000,11059,553.0000
2015-03-30,556.7500,576.7500,555.2500,576.2500,16418,576.2500
2015-03-31,576.5000,578.2500,558.0000,559.2500,21142,559.2500
2015-04-01,560.7500,574.5000,549.7500,572.0000,17686,572.0000
2015-04-02,571.7500,587.7500,564.7500,582.7500,15706,582.7500
2015-04-06,583.5000,589.5000,570.7500,572.0000,11225,572.0000
2015-04-07,570.7500,574.7500,559.5000,565.2500,16955,565.2500
2015-04-08,566.7500,570.0000,555.7500,561.2500,22313,561.2500
2015-04-09,561.0000,562.2500,543.2500,551.5000,19983,551.5000
2015-04-10,551.5000,560.2500,548.5000,558.7500,15884,558.7500
2015-04-13,546.0000,551.7500,527.0000,529.0000,20214,529.0000
2015-04-14,530.0000,531.7500,520.0000,521.7500,14421,521.7500
2015-04-15,523.0000,527.7500,513.5000,514.5000,10373,514.5000
2015-04-16,514.5000,517.7500,505.5000,508.2500,14748,508.2500
2015-04-17,508.7500,513.7500,505.7500,509.2500,8443,509.2500
2015-04-20,508.7500,513.7500,507.0000,512.5000,7121,512.5000
2015-04-21,514.5000,519.2500,509.0000,513.7500,9469,513.7500
2015-04-22,513.2500,516.5000,508.0000,512.0000,5752,512.0000
2015-04-23,512.2500,522.0000,512.2500,516.5000,8040,516.5000
2015-04-24,517.2500,517.2500,500.7500,502.2500,6942,502.2500
2015-04-27,503.7500,505.5000,490.0000,490.7500,8772,490.7500
2015-04-28,492.7500,499.5000,483.7500,497.2500,7072,497.2500
2015-04-29,497.2500,501.7500,493.0000,500.7500,7528,500.7500
2015-04-30,501.0000,504.0000,490.2500,490.2500,1316,490.2500
2015-05-01,490.2500,494.5000,488.5000,493.2500,280,493.2500
2015-05-04,490.7500,494.2500,490.7500,493.7500,186,493.7500
2015-05-05,490.5000,490.5000,485.2500,486.2500,98,486.2500
2015-05-06,500.7500,501.2500,500.7500,501.2500,32,501.2500
2015-05-07,499.2500,499.2500,498.7500,498.7500,41,498.7500
2015-05-08,503.7500,510.5000,503.7500,510.5000,31,510.5000
2015-05-11,509.2500,509.5000,509.2500,509.5000,9,509.5000
2015-05-12,512.0000,517.0000,502.5000,508.2500,8,508.2500
2015-05-13,510.0000,510.0000,510.0000,510.0000,1,510.0000
2015-05-14,535.0000,535.0000,535.0000,535.0000,21751,535.0000
2015-05-15,543.5000,549.5000,537.2500,541.7500,17779,541.7500
2015-05-18,541.2500,563.7500,540.0000,555.0000,16224,555.0000
2015-05-19,554.0000,558.5000,535.0000,540.0000,15063,540.0000
2015-05-20,539.5000,550.0000,533.0000,545.0000,19582,545.0000
2015-05-21,545.0000,564.5000,544.0000,557.7500,19403,557.7500
2015-05-22,557.0000,564.0000,545.0000,546.5000,15943,546.5000
2015-05-26,548.5000,552.7500,523.0000,524.5000,19304,524.5000
2015-05-27,526.5000,526.5000,509.0000,512.0000,18602,512.0000
2015-05-28,513.0000,518.5000,505.5000,510.2500,17100,510.2500
2015-05-29,509.5000,511.7500,495.7500,498.7500,16860,498.7500
2015-06-01,499.7500,516.7500,496.5000,514.2500,16122,514.2500
2015-06-02,515.2500,536.7500,513.0000,535.5000,18280,535.5000
2015-06-03,536.2500,548.0000,527.5000,529.2500,21422,529.2500
2015-06-04,528.5000,541.7500,524.0000,541.2500,20985,541.2500
2015-06-05,541.0000,553.7500,534.5000,535.2500,25196,535.2500
2015-06-08,535.0000,550.5000,534.7500,544.5000,19568,544.5000
2015-06-09,543.7500,554.0000,541.7500,548.2500,18795,548.2500
2015-06-10,548.0000,553.5000,529.2500,530.5000,25774,530.5000
2015-06-11,532.0000,534.0000,522.2500,523.2500,19938,523.2500
2015-06-12,522.5000,531.0000,521.5000,526.0000,14550,526.0000
2015-06-15,526.7500,526.7500,506.5000,508.7500,18199,508.7500
2015-06-16,509.2500,515.0000,505.2500,506.5000,13061,506.5000
2015-06-17,508.0000,517.0000,505.0000,505.5000,11789,505.5000
2015-06-18,506.2500,511.5000,497.5000,498.2500,14175,498.2500
2015-06-19,497.0000,505.5000,496.2500,503.2500,9482,503.2500
2015-06-22,502.7500,515.5000,502.2500,512.0000,12536,512.0000
2015-06-23,512.0000,531.0000,512.0000,530.2500,11478,530.2500
2015-06-24,531.0000,536.0000,523.0000,524.5000,14725,524.5000
2015-06-25,524.0000,536.0000,520.2500,535.2500,10678,535.2500
2015-06-26,535.0000,563.0000,534.0000,559.2500,16727,559.2500
2015-06-29,556.2500,579.2500,555.7500,571.5000,10499,571.5000
2015-06-30,571.2500,593.2500,563.5000,593.2500,3939,593.2500
2015-07-01,591.7500,593.0000,563.2500,576.0000,691,576.0000
2015-07-02,578.5000,585.0000,564.0000,576.0000,224,576.0000
2015-07-06,569.2500,580.5000,558.2500,576.2500,121,576.2500
2015-07-07,568.7500,575.0000,565.0000,570.7500,75,570.7500
2015-07-08,572.2500,576.0000,567.0000,568.2500,51,568.2500
2015-07-09,571.0000,572.5000,565.0000,565.0000,28,565.0000
2015-07-10,569.0000,571.5000,557.5000,557.5000,30,557.5000
2015-07-13,559.7500,559.7500,550.0000,558.0000,58,558.0000
2015-07-14,556.2500,556.2500,544.2500,550.0000,12480,550.0000
2015-07-15,559.0000,561.0000,550.7500,559.0000,11821,559.0000
2015-07-16,559.0000,565.0000,553.0000,553.2500,11055,553.2500
2015-07-17,552.7500,553.0000,537.7500,546.5000,13307,546.5000
2015-07-20,546.0000,546.0000,524.2500,525.5000,12811,525.5000
2015-07-21,525.5000,532.0000,516.7500,518.0000,13436,518.0000
2015-07-22,517.0000,524.2500,511.0000,512.2500,12162,512.2500
2015-07-23,512.0000,521.2500,510.7500,517.0000,9982,517.0000
2015-07-24,516.2500,517.5000,506.0000,507.2500,10684,507.2500
2015-07-27,506.2500,508.0000,498.2500,499.2500,14370,499.2500
2015-07-28,498.7500,507.0000,498.2500,504.7500,17543,504.7500
2015-07-29,505.0000,505.7500,492.5000,495.2500,12846,495.2500
2015-07-30,494.2500,501.5000,490.2500,491.0000,13864,491.0000
2015-07-31,491.0000,497.7500,490.0000,492.2500,12977,492.2500
2015-08-03,490.5000,491.5000,481.5000,489.0000,11889,489.0000
2015-08-04,489.0000,495.7500,482.7500,485.0000,11494,485.0000
2015-08-05,485.0000,494.7500,483.2500,489.5000,14977,489.5000
2015-08-06,488.5000,495.5000,485.0000,489.5000,16723,489.5000
2015-08-07,489.5000,495.7500,487.0000,493.0000,16804,493.0000
2015-08-10,494.0000,511.2500,492.7500,504.5000,14735,504.5000
2015-08-11,501.5000,503.5000,484.0000,488.0000,20287,488.0000
2015-08-12,488.0000,493.0000,469.2500,475.2500,19166,475.2500
2015-08-13,476.0000,487.0000,475.2500,485.2500,17507,485.2500
2015-08-14,485.2500,494.7500,481.7500,489.7500,15265,489.7500
2015-08-17,488.7500,491.0000,480.5000,482.2500,12416,482.2500
2015-08-18,481.0000,483.7500,474.0000,476.0000,10883,476.0000
2015-08-19,476.0000,479.0000,470.0000,474.2500,13698,474.2500
2015-08-20,473.0000,485.2500,472.0000,481.2500,10761,481.2500
2015-08-21,479.5000,481.0000,467.2500,471.0000,17801,471.0000
2015-08-24,470.2500,478.5000,461.7500,475.7500,29158,475.7500
2015-08-25,476.0000,482.7500,462.7500,466.0000,16302,466.0000
2015-08-26,466.5000,471.0000,461.7500,466.5000,15597,466.5000
2015-08-27,466.5000,473.5000,462.2500,464.5000,12154,464.5000
2015-08-28,464.0000,467.5000,455.7500,457.7500,9773,457.7500
2015-08-31,455.5000,465.2500,454.0000,463.7500,1556,463.7500
2015-09-01,463.7500,466.5000,458.5000,458.5000,540,458.5000
2015-09-02,458.5000,458.5000,445.5000,448.0000,1002,448.0000
2015-09-03,448.0000,448.0000,441.5000,441.5000,280,441.5000
2015-09-04,440.2500,449.2500,440.2500,448.5000,140,448.5000
2015-09-08,453.7500,455.0000,450.2500,452.0000,19,452.0000
2015-09-09,454.5000,455.5000,448.2500,448.2500,48,448.2500
2015-09-10,454.0000,456.5000,453.5000,453.5000,35,453.5000
2015-09-11,452.7500,459.0000,452.5000,459.0000,14,459.0000
2015-09-14,461.7500,472.7500,461.7500,470.7500,12882,470.7500
2015-09-15,494.7500,497.7500,488.5000,492.5000,12625,492.5000
2015-09-16,492.0000,494.0000,482.0000,486.5000,9551,486.5000
2015-09-17,486.0000,486.5000,478.2500,479.2500,7099,479.2500
2015-09-18,478.0000,485.0000,477.0000,482.2500,9646,482.2500
2015-09-21,481.0000,493.0000,475.5000,490.5000,12193,490.5000
2015-09-22,489.7500,490.0000,480.7500,488.0000,9423,488.0000
2015-09-23,486.5000,504.2500,486.5000,501.7500,15166,501.7500
2015-09-24,501.0000,503.0000,489.2500,490.0000,12942,490.0000
2015-09-25,490.0000,504.0000,489.5000,500.2500,9312,500.2500
2015-09-28,500.5000,506.7500,492.5000,497.5000,12291,497.5000
2015-09-29,497.0000,501.7500,492.7500,494.7500,10266,494.7500
2015-09-30,494.0000,505.7500,489.5000,501.7500,16671,501.7500
2015-10-01,502.0000,510.7500,501.0000,507.5000,13534,507.5000
2015-10-02,505.7500,512.0000,498.7500,500.5000,13755,500.5000
2015-10-05,499.0000,505.0000,495.2500,502.0000,8774,502.0000
2015-10-06,501.2500,516.5000,500.0000,515.7500,16773,515.7500
2015-10-07,515.0000,521.0000,506.7500,508.0000,12843,508.0000
2015-10-08,507.7500,513.0000,501.5000,503.5000,9118,503.5000
2015-10-09,503.0000,509.5000,497.0000,500.2500,16036,500.2500
2015-10-12,500.0000,502.2500,495.0000,497.7500,7970,497.7500
2015-10-13,497.7500,513.7500,496.7500,511.0000,10267,511.0000
2015-10-14,510.0000,511.0000,499.5000,500.7500,9311,500.7500
2015-10-15,500.5000,506.0000,496.0000,496.2500,10230,496.2500
2015-10-16,496.0000,501.0000,481.5000,483.5000,15781,483.5000
2015-10-19,482.0000,483.0000,471.5000,472.2500,16607,472.2500
2015-10-20,473.0000,477.2500,470.5000,476.5000,17646,476.5000
2015-10-21,476.5000,483.0000,476.2500,480.5000,9432,480.5000
2015-10-22,479.7500,487.0000,475.0000,475.5000,10941,475.5000
2015-10-23,475.0000,478.2500,469.5000,475.5000,14302,475.5000
2015-10-26,476.2500,494.0000,476.2500,492.2500,18385,492.2500
2015-10-27,492.2500,500.2500,486.2500,488.0000,20413,488.0000
2015-10-28,485.7500,487.7500,477.7500,485.5000,12707,485.5000
2015-10-29,485.2500,491.7500,484.7500,488.2500,22444,488.2500
2015-10-30,488.0000,495.0000,486.2500,493.7500,14676,493.7500
2015-11-02,493.0000,494.7500,481.7500,482.7500,17100,482.7500
2015-11-03,480.7500,488.5000,479.7500,487.5000,16215,487.5000
2015-11-04,486.2500,499.5000,481.5000,492.7500,20075,492.7500
2015-11-05,490.2500,491.5000,483.5000,486.0000,28048,486.0000
2015-11-06,485.5000,490.7500,480.7500,490.2500,18441,490.2500
2015-11-09,488.7500,490.2500,472.7500,474.0000,25772,474.0000
2015-11-10,474.0000,475.5000,455.2500,460.7500,38338,460.7500
2015-11-11,460.0000,466.2500,458.0000,464.2500,19593,464.2500
2015-11-12,465.0000,466.7500,461.2500,463.7500,17566,463.7500
2015-11-13,462.0000,466.0000,458.0000,465.5000,16601,465.5000
2015-11-16,463.0000,472.5000,462.0000,467.5000,15828,467.5000
2015-11-17,468.0000,469.0000,461.2500,463.2500,17886,463.2500
2015-11-18,462.0000,466.5000,455.2500,458.7500,14936,458.7500
2015-11-19,458.5000,464.0000,457.7500,462.5000,16686,462.5000
2015-11-20,462.0000,463.5000,456.2500,457.0000,13725,457.0000
2015-11-23,449.0000,466.2500,449.0000,464.5000,18687,464.5000
2015-11-24,464.0000,465.0000,457.0000,457.5000,23313,457.5000
2015-11-25,457.0000,463.0000,456.0000,457.2500,21260,457.2500
2015-11-27,457.0000,457.0000,449.2500,450.0000,7033,450.0000
2015-11-30,450.2500,462.2500,450.2500,457.0000,1281,457.0000
2015-12-01,457.0000,462.2500,451.5000,451.5000,1004,451.5000
2015-12-02,450.0000,451.2500,446.0000,448.2500,96,448.2500
2015-12-03,449.2500,464.7500,449.2500,458.7500,63,458.7500
2015-12-04,460.0000,463.5000,460.0000,463.5000,53,463.5000
2015-12-07,463.7500,463.7500,461.5000,461.5000,5,461.5000
2015-12-08,463.5000,463.5000,458.2500,459.2500,27,459.2500
2015-12-09,467.0000,470.0000,467.0000,467.2500,10,467.2500
2015-12-10,475.7500,475.7500,475.7500,475.7500,9,475.7500
2015-12-11,478.0000,478.0000,468.2500,468.2500,17,468.2500
2015-12-14,476.0000,476.0000,472.5000,472.5000,10095,472.5000
2015-12-15,487.0000,496.7500,482.7500,492.2500,15962,492.2500
2015-12-16,490.7500,493.5000,480.5000,481.0000,14018,481.0000
2015-12-17,480.2500,484.5000,470.0000,480.5000,17733,480.5000
2015-12-18,481.5000,495.7500,477.5000,482.2500,14573,482.2500
2015-12-21,480.7500,484.5000,473.2500,473.7500,8604,473.7500
2015-12-22,474.5000,479.2500,470.0000,470.5000,8977,470.5000
2015-12-23,471.5000,473.2500,467.2500,469.0000,8643,469.0000
2015-12-24,467.5000,471.0000,467.0000,467.5000,3798,467.5000
2015-12-28,466.5000,471.7500,465.5000,466.0000,6110,466.0000
2015-12-29,465.7500,475.0000,465.2500,473.2500,9048,473.2500
2015-12-30,474.7500,475.2500,465.2500,465.5000,9633,465.5000
2015-12-31,465.7500,469.7500,464.2500,468.5000,9823,468.5000
2016-01-04,468.5000,469.2500,451.7500,454.2500,18230,454.2500
2016-01-05,457.2500,462.2500,454.7500,460.0000,19489,460.0000
2016-01-06,460.0000,464.0000,454.7500,461.0000,16503,461.0000
2016-01-07,461.2500,463.7500,454.7500,462.7500,19854,462.7500
2016-01-08,462.2500,477.0000,462.0000,472.7500,21637,472.7500
2016-01-11,473.7500,475.0000,459.5000,462.2500,15195,462.2500
2016-01-12,463.0000,481.5000,457.0000,480.7500,28026,480.7500
2016-01-13,480.0000,481.7500,474.2500,476.0000,18515,476.0000
2016-01-14,476.0000,476.0000,467.7500,468.5000,13631,468.5000
2016-01-15,468.7500,474.7500,464.7500,474.0000,11440,474.0000
2016-01-19,475.0000,478.0000,470.0000,472.7500,9690,472.7500
2016-01-20,472.0000,473.7500,465.0000,467.2500,11449,467.2500
2016-01-21,468.0000,475.7500,466.7500,471.5000,12625,471.5000
2016-01-22,472.2500,477.7500,469.7500,470.7500,11853,470.7500
2016-01-25,472.5000,476.7500,469.0000,474.0000,13134,474.0000
2016-01-26,474.0000,479.5000,471.0000,476.7500,13192,476.7500
2016-01-27,476.7500,477.7500,465.2500,467.5000,16512,467.5000
2016-01-28,468.7500,468.7500,463.2500,464.7500,16681,464.7500
2016-01-29,464.5000,472.2500,463.0000,472.0000,12629,472.0000
2016-02-01,469.0000,470.7500,463.0000,466.7500,13316,466.7500
2016-02-02,466.7500,473.7500,464.0000,465.2500,16351,465.2500
2016-02-03,465.0000,471.0000,464.7500,468.5000,17849,468.5000
2016-02-04,468.0000,471.5000,459.2500,459.7500,20114,459.7500
2016-02-05,461.2500,461.2500,451.5000,454.0000,31055,454.0000
2016-02-08,452.5000,453.7500,445.0000,445.5000,28184,445.5000
2016-02-09,445.5000,446.5000,442.2500,445.0000,23164,445.0000
2016-02-10,445.2500,448.0000,444.2500,444.7500,23894,444.7500
2016-02-11,443.7500,451.5000,443.5000,444.0000,21077,444.0000
2016-02-12,445.0000,449.0000,442.5000,444.2500,21045,444.2500
2016-02-16,444.7500,453.0000,444.7500,450.7500,17718,450.7500
2016-02-17,450.0000,455.0000,448.2500,454.0000,16123,454.0000
2016-02-18,453.7500,455.2500,451.5000,453.2500,19876,453.2500
2016-02-19,452.7500,459.7500,451.0000,457.0000,15014,457.0000
2016-02-22,455.7500,460.2500,453.2500,453.7500,11710,453.7500
2016-02-23,453.2500,454.0000,444.5000,446.2500,19156,446.2500
2016-02-24,445.5000,447.0000,437.7500,442.7500,19603,442.7500
2016-02-25,442.5000,446.7500,440.0000,446.2500,9275,446.2500
2016-02-26,446.0000,447.7500,439.7500,442.5000,11443,442.5000
2016-02-29,445.0000,447.2500,442.2500,445.0000,1064,445.0000
2016-03-01,443.5000,443.5000,437.5000,437.5000,215,437.5000
2016-03-02,438.0000,443.5000,437.5000,443.0000,164,443.0000
2016-03-03,446.5000,455.2500,446.5000,454.5000,57,454.5000
2016-03-04,454.5000,458.7500,454.2500,457.7500,100,457.7500
2016-03-07,462.5000,466.0000,458.0000,459.7500,53,459.7500
2016-03-08,456.5000,464.7500,456.5000,460.2500,52,460.2500
2016-03-09,457.2500,465.2500,457.2500,465.2500,10,465.2500
2016-03-10,469.5000,472.7500,469.5000,472.7500,2,472.7500
2016-03-11,472.7500,472.7500,468.7500,472.5000,13,472.5000
2016-03-14,477.0000,477.0000,477.0000,477.0000,13223,477.0000
2016-03-15,488.0000,490.5000,484.7500,489.0000,12044,489.0000
2016-03-16,489.5000,490.2500,483.0000,483.7500,12654,483.7500
2016-03-17,483.2500,488.5000,466.7500,470.7500,27150,470.7500
2016-03-18,470.7500,471.7500,465.5000,469.5000,10471,469.5000
2016-03-21,476.7500,480.7500,471.2500,474.7500,18752,474.7500
2016-03-22,475.2500,481.5000,473.2500,476.7500,15195,476.7500
2016-03-23,477.2500,477.7500,471.0000,472.2500,10166,472.2500
2016-03-24,472.0000,473.0000,467.7500,471.7500,10856,471.7500
2016-03-28,471.7500,485.0000,471.0000,477.0000,15609,477.0000
2016-03-29,477.0000,484.0000,476.7500,481.7500,14340,481.7500
2016-03-30,481.2500,482.2500,465.2500,465.7500,25594,465.7500
2016-03-31,466.0000,479.2500,459.0000,476.2500,27203,476.2500
2016-04-01,476.2500,478.2500,468.0000,477.7500,17151,477.7500
2016-04-04,479.0000,480.5000,471.0000,475.2500,17044,475.2500
2016-04-05,475.5000,478.0000,471.0000,473.5000,13511,473.5000
2016-04-06,472.2500,472.7500,458.5000,461.2500,20251,461.2500
2016-04-07,461.2500,462.5000,453.7500,454.2500,21213,454.2500
2016-04-08,455.7500,462.0000,453.7500,460.0000,26954,460.0000
2016-04-11,458.0000,458.0000,442.5000,443.7500,33137,443.7500
2016-04-12,444.5000,452.5000,442.7500,447.2500,21908,447.2500
2016-04-13,447.2500,458.5000,445.2500,454.5000,19340,454.5000
2016-04-14,455.0000,459.0000,449.7500,455.0000,12501,455.0000
2016-04-15,454.5000,459.5000,451.0000,457.7500,18940,457.7500
2016-04-18,458.0000,469.5000,457.0000,464.7500,14890,464.7500
2016-04-19,464.0000,478.7500,463.0000,476.7500,12098,476.7500
2016-04-20,475.5000,494.0000,474.5000,493.2500,17165,493.2500
2016-04-21,491.0000,497.7500,481.2500,488.5000,12934,488.5000
2016-04-22,485.2500,486.2500,458.7500,461.7500,16316,461.7500
2016-04-25,460.5000,470.0000,451.7500,462.5000,15194,462.5000
2016-04-26,462.0000,466.7500,455.7500,466.2500,7884,466.2500
2016-04-27,465.5000,467.0000,459.5000,464.0000,10501,464.0000
2016-04-28,464.0000,472.7500,459.7500,461.0000,10603,461.0000
2016-04-29,461.0000,465.5000,456.0000,465.2500,1619,465.2500
2016-05-02,461.5000,461.5000,455.5000,461.0000,682,461.0000
2016-05-03,448.0000,448.0000,442.0000,442.0000,646,442.0000
2016-05-04,444.0000,444.0000,444.0000,444.0000,775,444.0000
2016-05-05,444.0000,444.5000,437.7500,440.2500,49,440.2500
2016-05-06,442.5000,442.5000,441.0000,441.0000,77,441.0000
2016-05-09,441.7500,441.7500,433.7500,433.7500,65,433.7500
2016-05-10,438.0000,438.0000,435.0000,436.7500,7,436.7500
2016-05-11,431.0000,431.5000,431.0000,431.5000,1,431.5000
2016-05-12,438.7500,438.7500,438.7500,438.7500,30,438.7500
2016-05-13,444.7500,444.7500,444.7500,444.7500,19763,444.7500
2016-05-16,455.7500,456.2500,448.7500,453.5000,14296,453.5000
2016-05-17,451.2500,461.7500,451.2500,457.7500,18909,457.7500
2016-05-18,457.2500,461.0000,453.2500,456.7500,13797,456.7500
2016-05-19,455.7500,456.2500,444.0000,448.0000,23679,448.0000
2016-05-20,448.5000,456.0000,446.0000,449.0000,17128,449.0000
2016-05-23,447.0000,451.5000,444.5000,447.0000,12457,447.0000
2016-05-24,446.0000,453.7500,443.7500,446.5000,14292,446.5000
2016-05-25,446.2500,454.5000,445.7500,451.0000,20582,451.0000
2016-05-26,450.7500,464.2500,450.5000,462.2500,25612,462.2500
2016-05-27,462.0000,463.7500,458.0000,459.7500,17562,459.7500
2016-05-31,458.5000,461.2500,446.0000,447.2500,23242,447.2500
2016-06-01,449.0000,457.7500,447.0000,456.0000,18897,456.0000
2016-06-02,455.5000,468.7500,455.0000,464.5000,25102,464.5000
2016-06-03,462.7500,475.0000,461.0000,474.0000,31370,474.0000
2016-06-06,474.0000,486.5000,472.5000,481.2500,30199,481.2500
2016-06-07,480.0000,488.0000,478.7500,485.0000,40936,485.0000
2016-06-08,484.0000,495.5000,481.7500,492.7500,39877,492.7500
2016-06-09,492.0000,492.0000,479.5000,484.2500,36938,484.2500
2016-06-10,484.0000,486.7500,468.0000,468.5000,41298,468.5000
2016-06-13,468.2500,477.2500,460.0000,460.7500,35866,460.7500
2016-06-14,461.2500,465.7500,453.0000,458.5000,26049,458.5000
2016-06-15,458.7500,463.2500,456.2500,456.7500,24132,456.7500
2016-06-16,456.0000,459.7500,450.2500,450.7500,21599,450.7500
2016-06-17,450.7500,461.7500,450.2500,460.7500,19989,460.7500
2016-06-20,460.5000,460.5000,450.7500,451.2500,16647,451.2500
2016-06-21,450.2500,454.2500,434.5000,435.0000,20979,435.0000
2016-06-22,436.0000,439.5000,433.0000,433.0000,16550,433.0000
2016-06-23,432.7500,434.7500,427.0000,427.7500,14624,427.7500
2016-06-24,427.7500,428.5000,418.0000,422.7500,21203,422.7500
2016-06-27,422.7500,427.7500,412.5000,412.7500,25681,412.7500
2016-06-28,412.7500,421.7500,407.5000,408.7500,20975,408.7500
2016-06-29,408.7500,411.5000,398.7500,400.0000,15246,400.0000
2016-06-30,400.0000,409.2500,397.0000,404.2500,1949,404.2500
2016-07-01,401.0000,402.2500,392.5000,394.2500,562,394.2500
2016-07-05,391.0000,402.0000,385.0000,402.0000,489,402.0000
2016-07-06,396.0000,402.5000,393.5000,400.5000,204,400.5000
2016-07-07,402.0000,406.5000,396.5000,396.5000,298,396.5000
2016-07-08,396.5000,408.0000,396.5000,405.2500,39,405.2500
2016-07-11,409.7500,409.7500,400.5000,401.0000,64,401.0000
2016-07-12,401.0000,407.7500,397.2500,407.7500,38,407.7500
2016-07-13,418.7500,418.7500,407.7500,407.7500,37,407.7500
2016-07-14,406.0000,406.0000,406.0000,406.0000,23416,406.0000
2016-07-15,417.5000,423.5000,412.7500,413.7500,22954,413.7500
2016-07-18,413.5000,421.2500,412.0000,420.0000,16370,420.0000
2016-07-19,419.0000,419.0000,408.5000,410.5000,17061,410.5000
2016-07-20,411.0000,416.0000,401.2500,406.7500,19253,406.7500
2016-07-21,407.0000,413.2500,404.7500,407.5000,20697,407.5000
2016-07-22,407.0000,419.7500,400.0000,419.0000,32737,419.0000
2016-07-25,419.0000,427.0000,414.2500,423.2500,29388,423.2500
2016-07-26,422.0000,423.2500,410.5000,412.0000,23907,412.0000
2016-07-27,412.2500,416.7500,410.7500,412.5000,15152,412.5000
2016-07-28,411.7500,417.5000,406.7500,409.0000,15240,409.0000
2016-07-29,409.0000,412.5000,403.5000,409.7500,17730,409.7500
2016-08-01,409.0000,414.2500,407.2500,409.2500,20415,409.2500
2016-08-02,408.2500,412.2500,403.5000,406.5000,18830,406.5000
2016-08-03,406.0000,417.7500,405.2500,412.2500,27226,412.2500
2016-08-04,411.5000,416.0000,404.7500,405.7500,16794,405.7500
2016-08-05,405.7500,417.0000,405.0000,411.7500,36014,411.7500
2016-08-08,411.7500,414.7500,405.2500,409.7500,32587,409.7500
2016-08-09,409.5000,413.2500,407.0000,410.0000,25510,410.0000
2016-08-10,408.5000,416.5000,407.0000,411.7500,26141,411.7500
2016-08-11,410.2500,415.5000,408.5000,412.2500,28324,412.2500
2016-08-12,411.5000,417.0000,405.2500,416.2500,27698,416.2500
2016-08-15,415.5000,420.0000,410.7500,411.7500,17764,411.7500
2016-08-16,410.7500,415.5000,406.2500,411.2500,25643,411.2500
2016-08-17,410.2500,419.0000,408.5000,418.2500,24360,418.2500
2016-08-18,417.2500,422.0000,413.5000,421.0000,18032,421.0000
2016-08-19,420.0000,424.0000,416.2500,418.7500,15439,418.7500
2016-08-22,418.0000,421.2500,412.5000,413.7500,18425,413.7500
2016-08-23,413.7500,414.0000,406.2500,407.2500,18079,407.2500
2016-08-24,407.2500,409.0000,402.2500,407.7500,17992,407.7500
2016-08-25,407.5000,409.7500,404.2500,405.5000,13563,405.5000
2016-08-26,405.2500,406.7500,388.5000,389.7500,21280,389.7500
2016-08-29,389.7500,390.0000,373.5000,374.2500,23966,374.2500
2016-08-30,374.2500,377.2500,367.2500,367.7500,19984,367.7500
2016-08-31,368.2500,376.0000,368.2500,371.2500,2626,371.2500
2016-09-01,371.7500,380.7500,371.7500,379.7500,826,379.7500
2016-09-02,382.2500,386.5000,382.0000,386.5000,252,386.5000
2016-09-06,385.0000,385.0000,384.0000,384.0000,63,384.0000
2016-09-07,385.0000,385.0000,384.7500,384.7500,228,384.7500
2016-09-08,388.5000,392.5000,388.5000,392.5000,136,392.5000
2016-09-09,389.2500,393.5000,389.2500,393.5000,29,393.5000
2016-09-12,390.7500,400.7500,390.5000,399.7500,69,399.7500
2016-09-13,396.7500,397.5000,392.2500,392.2500,6,392.2500
2016-09-14,394.7500,394.7500,394.7500,394.7500,15592,394.7500
2016-09-15,416.5000,422.5000,413.7500,416.0000,14175,416.0000
2016-09-16,415.5000,420.2500,410.5000,417.2500,12653,417.2500
2016-09-19,418.5000,421.7500,412.5000,416.5000,11146,416.5000
2016-09-20,414.7500,422.7500,412.5000,418.5000,14410,418.5000
2016-09-21,417.0000,423.2500,414.2500,422.2500,12423,422.2500
2016-09-22,419.5000,424.2500,418.7500,420.7500,11192,420.7500
2016-09-23,420.5000,425.7500,416.2500,421.5000,14608,421.5000
2016-09-26,418.7500,423.0000,413.7500,414.0000,12718,414.0000
2016-09-27,414.7500,420.2500,410.7500,419.2500,14517,419.2500
2016-09-28,419.2500,423.0000,417.7500,421.2500,12638,421.2500
2016-09-29,420.0000,425.0000,416.5000,417.2500,17563,417.2500
2016-09-30,417.0000,418.5000,408.5000,415.5000,30279,415.5000
2016-10-03,414.0000,414.7500,403.0000,407.0000,29265,407.0000
2016-10-04,406.7500,408.5000,401.7500,403.0000,19473,403.0000
2016-10-05,403.5000,416.7500,401.2500,415.0000,23376,415.0000
2016-10-06,415.2500,418.2500,403.5000,405.0000,19891,405.0000
2016-10-07,406.5000,410.0000,401.7500,403.0000,18545,403.0000
2016-10-11,406.0000,409.2500,401.7500,406.2500,16834,406.2500
2016-10-12,404.5000,412.2500,397.0000,398.5000,22017,398.5000
2016-10-13,397.2500,415.0000,397.2500,414.0000,24244,414.0000
2016-10-14,413.5000,423.7500,412.5000,417.7500,21387,417.7500
2016-10-17,415.7500,423.7500,413.2500,422.0000,15730,422.0000
2016-10-18,422.5000,427.0000,418.2500,421.7500,18791,421.7500
2016-10-19,422.2500,427.2500,417.2500,425.2500,26030,425.2500
2016-10-20,425.0000,428.2500,421.5000,423.0000,16937,423.0000
2016-10-21,422.2500,425.5000,420.5000,421.5000,12227,421.5000
2016-10-24,421.0000,424.5000,410.7500,412.5000,23857,412.5000
2016-10-25,414.0000,417.2500,409.5000,413.5000,13727,413.5000
2016-10-26,413.0000,421.7500,412.5000,417.0000,17056,417.0000
2016-10-27,415.7500,421.5000,414.7500,417.0000,15028,417.0000
2016-10-28,417.2500,419.5000,410.7500,411.2500,14515,411.2500
2016-10-31,413.5000,417.2500,411.5000,414.7500,17971,414.7500
2016-11-01,414.7500,419.0000,411.5000,413.7500,17996,413.7500
2016-11-02,413.5000,419.0000,412.0000,415.5000,17480,415.5000
2016-11-03,415.0000,418.5000,409.0000,410.5000,22192,410.5000
2016-11-04,411.7500,412.0000,407.0000,411.5000,18509,411.5000
2016-11-07,411.5000,413.0000,405.5000,410.0000,28664,410.0000
2016-11-08,410.0000,422.0000,409.0000,417.5000,40061,417.5000
2016-11-09,415.2500,418.0000,407.5000,410.2500,37697,410.2500
2016-11-10,412.0000,416.2500,407.2500,408.7500,25111,408.7500
2016-11-14,410.0000,411.2500,401.0000,402.7500,22520,402.7500
2016-11-15,402.0000,408.2500,401.5000,408.0000,26922,408.0000
2016-11-16,407.7500,408.7500,401.5000,403.5000,27340,403.5000
2016-11-17,403.5000,410.5000,401.7500,408.7500,23240,408.7500
2016-11-18,408.7500,415.0000,406.0000,413.7500,20104,413.7500
2016-11-21,414.0000,418.0000,411.7500,414.5000,17387,414.5000
2016-11-22,414.0000,418.5000,412.2500,416.5000,16251,416.5000
2016-11-23,416.0000,416.5000,408.0000,415.5000,22613,415.5000
2016-11-25,415.0000,416.2500,410.0000,411.2500,14994,411.2500
2016-11-28,411.0000,414.5000,408.0000,411.5000,24902,411.5000
2016-11-29,411.2500,411.2500,397.7500,398.7500,18797,398.7500
2016-11-30,400.7500,402.5000,390.5000,391.2500,3636,391.2500
2016-12-01,391.7500,392.7500,382.7500,384.0000,519,384.0000
2016-12-02,385.7500,390.2500,385.7500,390.0000,120,390.0000
2016-12-05,390.7500,392.0000,390.2500,390.2500,99,390.2500
2016-12-06,391.2500,393.0000,387.0000,387.0000,32,387.0000
2016-12-07,386.0000,386.7500,382.0000,382.0000,109,382.0000
2016-12-08,384.0000,387.0000,384.0000,387.0000,9,387.0000
2016-12-09,395.5000,395.5000,395.5000,395.5000,55,395.5000
2016-12-12,397.5000,397.5000,397.5000,397.5000,82,397.5000
2016-12-13,399.2500,399.2500,399.2500,399.2500,35,399.2500
2016-12-14,402.0000,402.5000,400.5000,400.5000,17164,400.5000
2016-12-15,420.0000,420.0000,411.2500,412.7500,22023,412.7500
2016-12-16,411.5000,415.7500,409.5000,414.7500,17457,414.7500
2016-12-19,415.0000,419.7500,411.0000,414.0000,21312,414.0000
2016-12-20,414.0000,417.2500,409.2500,412.7500,17105,412.7500
2016-12-21,410.5000,413.0000,408.2500,409.2500,11969,409.2500
2016-12-22,408.5000,410.5000,407.2500,408.0000,12202,408.0000
2016-12-23,407.5000,408.5000,405.2500,406.2500,9703,406.2500
2016-12-27,406.7500,419.5000,406.5000,418.7500,20565,418.7500
2016-12-28,418.0000,420.7500,409.5000,409.5000,17578,409.5000
2016-12-29,411.5000,416.0000,410.2500,415.2500,12037,415.2500
2016-12-30,414.0000,419.7500,411.7500,418.5000,13059,418.5000
2017-01-03,418.0000,423.0000,413.5000,414.0000,23487,414.0000
2017-01-04,414.0000,427.5000,414.0000,426.5000,20945,426.5000
2017-01-05,426.0000,436.2500,424.2500,434.5000,27841,434.5000
2017-01-06,433.7500,438.7500,432.5000,433.5000,25881,433.5000
2017-01-09,433.5000,439.2500,431.5000,438.5000,25448,438.5000
2017-01-10,436.7500,438.7500,434.7500,438.2500,29124,438.2500
2017-01-11,438.0000,438.0000,422.5000,431.7500,32665,431.7500
2017-01-12,430.7500,446.0000,426.2500,444.7500,42069,444.7500
2017-01-13,444.5000,449.5000,441.0000,449.0000,30973,449.0000
2017-01-17,448.7500,457.5000,446.5000,452.0000,31830,452.0000
2017-01-18,451.2500,454.5000,448.7500,452.2500,24651,452.2500
2017-01-19,450.2500,452.0000,442.0000,442.2500,16905,442.2500
2017-01-20,442.2500,444.5000,437.7500,443.0000,15583,443.0000
2017-01-23,443.0000,445.2500,439.0000,444.7500,22031,444.7500
2017-01-24,443.7500,446.5000,440.2500,441.7500,19601,441.7500
2017-01-25,440.0000,443.0000,437.2500,437.7500,17260,437.7500
2017-01-26,438.0000,442.5000,435.5000,440.2500,14398,440.2500
2017-01-27,439.5000,439.7500,432.2500,434.2500,15254,434.2500
2017-01-30,431.0000,432.7500,425.5000,425.7500,23267,425.7500
2017-01-31,426.2500,430.2500,423.7500,429.5000,23264,429.5000
2017-02-01,429.5000,441.7500,425.0000,440.5000,23154,440.5000
2017-02-02,440.5000,447.5000,437.5000,443.5000,17392,443.5000
2017-02-03,443.2500,449.0000,439.5000,440.5000,19791,440.5000
2017-02-06,438.2500,445.0000,434.2500,435.7500,14781,435.7500
2017-02-07,433.7500,439.7500,430.7500,439.5000,38715,439.5000
2017-02-08,439.5000,442.5000,437.0000,442.0000,29245,442.0000
2017-02-09,440.2500,451.7500,438.2500,451.2500,40309,451.2500
2017-02-10,450.7500,462.2500,449.2500,460.5000,30812,460.5000
2017-02-13,459.5000,468.2500,457.2500,466.7500,27738,466.7500
2017-02-14,465.7500,467.0000,461.2500,465.2500,17724,465.2500
2017-02-15,464.5000,469.5000,461.2500,469.2500,13223,469.2500
2017-02-16,468.2500,474.5000,455.7500,458.0000,23873,458.0000
2017-02-17,457.5000,459.7500,454.0000,456.2500,13640,456.2500
2017-02-21,455.2500,456.2500,451.0000,452.2500,24221,452.2500
2017-02-22,452.0000,458.7500,451.5000,457.7500,21800,457.7500
2017-02-23,458.0000,461.5000,455.0000,457.7500,26354,457.7500
2017-02-24,457.0000,457.2500,452.0000,453.7500,17226,453.7500
2017-02-27,453.0000,453.0000,441.7500,444.0000,25454,444.0000
2017-02-28,444.5000,458.0000,444.5000,451.2500,4394,451.2500
2017-03-01,451.5000,465.5000,451.5000,465.5000,1072,465.5000
2017-03-02,464.5000,465.5000,459.2500,460.2500,587,460.2500
2017-03-03,458.5000,462.5000,458.5000,462.0000,56,462.0000
2017-03-06,466.5000,467.7500,464.2500,464.2500,40,464.2500
2017-03-07,461.7500,463.2500,457.0000,463.2500,56,463.2500
2017-03-08,457.0000,457.0000,456.0000,457.0000,113,457.0000
2017-03-09,455.7500,455.7500,453.2500,453.2500,43,453.2500
2017-03-10,446.0000,446.2500,445.2500,445.2500,13,445.2500
2017-03-13,438.0000,438.0000,432.5000,432.5000,14,432.5000
2017-03-14,431.5000,438.2500,431.5000,433.2500,20601,433.2500
2017-03-15,443.0000,450.0000,441.7500,447.2500,23677,447.2500
2017-03-16,448.0000,452.5000,447.0000,450.0000,13997,450.0000
2017-03-17,449.7500,454.2500,448.7500,453.5000,11359,453.5000
2017-03-20,454.7500,458.2500,443.5000,445.2500,15367,445.2500
2017-03-21,445.7500,445.7500,435.5000,438.2500,22194,438.2500
2017-03-22,438.7500,439.2500,431.2500,432.5000,21109,432.5000
2017-03-23,431.5000,434.2500,427.5000,428.0000,24571,428.0000
2017-03-24,428.7500,432.2500,426.5000,428.0000,20563,428.0000
2017-03-27,429.0000,429.5000,420.0000,421.2500,29208,421.2500
2017-03-28,421.2500,427.5000,418.7500,424.0000,14703,424.0000
2017-03-29,424.2500,427.2500,421.2500,423.5000,25738,423.5000
2017-03-30,423.2500,424.7500,417.0000,417.2500,20931,417.2500
2017-03-31,418.2500,428.5000,415.0000,420.5000,26336,420.5000
2017-04-03,423.2500,426.0000,418.0000,419.0000,20959,419.0000
2017-04-04,418.5000,424.7500,417.5000,421.7500,21571,421.7500
2017-04-05,422.0000,427.2500,422.0000,425.0000,18762,425.0000
2017-04-06,424.5000,426.5000,419.0000,420.0000,16674,420.0000
2017-04-07,420.2500,423.2500,417.0000,421.7500,25308,421.7500
2017-04-10,421.7500,426.5000,418.2500,425.5000,30559,425.5000
2017-04-11,424.2500,430.7500,420.5000,429.7500,39485,429.7500
2017-04-12,429.2500,432.7500,429.0000,430.0000,22156,430.0000
2017-04-13,429.7500,432.7500,425.2500,427.2500,35329,427.2500
2017-04-17,427.2500,428.0000,415.7500,416.2500,19661,416.2500
2017-04-18,416.7500,419.7500,414.7500,419.2500,18471,419.2500
2017-04-19,418.2500,424.2500,416.0000,416.7500,20558,416.7500
2017-04-20,417.0000,420.2500,402.2500,402.7500,16522,402.7500
2017-04-21,402.0000,407.2500,398.7500,404.5000,13687,404.5000
2017-04-24,405.0000,408.2500,400.5000,401.7500,20951,401.7500
2017-04-25,401.7500,413.0000,400.0000,412.0000,22959,412.0000
2017-04-26,412.0000,418.2500,408.5000,412.2500,28227,412.2500
2017-04-27,412.5000,422.7500,411.0000,420.7500,13796,420.7500
2017-04-28,420.5000,425.0000,420.5000,424.7500,1743,424.7500
2017-05-01,430.0000,453.2500,430.0000,452.7500,1342,452.7500
2017-05-02,452.2500,459.0000,452.2500,454.7500,356,454.7500
2017-05-03,452.2500,454.2500,447.2500,450.5000,167,450.5000
2017-05-04,447.7500,447.7500,432.2500,432.5000,58,432.5000
2017-05-05,438.0000,438.0000,438.0000,438.0000,10,438.0000
2017-05-08,435.2500,436.7500,432.5000,432.5000,7,432.5000
2017-05-09,427.0000,427.0000,427.0000,427.0000,32,427.0000
2017-05-10,427.7500,427.7500,427.7500,427.7500,4,427.7500
2017-05-11,425.7500,429.7500,425.7500,429.7500,65,429.7500
2017-05-12,429.0000,429.0000,429.0000,429.0000,12545,429.0000
2017-05-15,437.5000,438.0000,427.2500,428.5000,21269,428.5000
2017-05-16,428.5000,429.0000,421.0000,424.5000,26055,424.5000
2017-05-17,423.0000,433.5000,421.7500,426.5000,28664,426.5000
2017-05-18,428.2500,428.2500,421.2500,426.0000,23302,426.0000
2017-05-19,426.0000,439.0000,426.0000,438.0000,21603,438.0000
2017-05-22,439.7500,444.2500,435.5000,436.0000,21936,436.0000
2017-05-23,435.0000,436.0000,429.5000,430.5000,27364,430.5000
2017-05-24,430.7500,435.7500,429.2500,432.7500,15895,432.7500
2017-05-25,432.7500,438.2500,430.7500,431.2500,14882,431.2500
2017-05-26,430.0000,439.0000,430.0000,437.5000,15593,437.5000
2017-05-30,437.0000,438.0000,427.0000,433.2500,30199,433.2500
2017-05-31,438.2500,440.2500,431.2500,431.7500,28231,431.7500
2017-06-01,431.2500,435.0000,424.2500,430.7500,23730,430.7500
2017-06-02,430.0000,438.0000,428.7500,433.2500,22798,433.2500
2017-06-05,433.5000,435.7500,427.2500,430.0000,26269,430.0000
2017-06-06,430.5000,442.2500,430.5000,438.0000,31022,438.0000
2017-06-07,438.5000,450.0000,438.2500,446.0000,45179,446.0000
2017-06-08,448.0000,460.0000,447.2500,453.7500,39665,453.7500
2017-06-09,453.0000,458.5000,447.7500,451.5000,34514,451.5000
2017-06-12,451.0000,451.0000,439.5000,442.7500,38602,442.7500
2017-06-13,445.2500,457.7500,445.2500,457.0000,47743,457.0000
2017-06-14,457.2500,468.0000,455.0000,457.5000,46849,457.5000
2017-06-15,457.5000,470.0000,450.2500,465.2500,49813,465.2500
2017-06-16,466.0000,476.5000,465.7500,473.5000,44030,473.5000
2017-06-19,472.5000,481.2500,466.5000,472.5000,38615,472.5000
2017-06-20,474.0000,481.0000,466.2500,474.2500,42861,474.2500
2017-06-21,475.0000,475.0000,466.5000,467.7500,25801,467.7500
2017-06-22,467.0000,468.7500,459.0000,467.7500,20532,467.7500
2017-06-23,467.7500,472.0000,461.7500,464.2500,26130,464.2500
2017-06-26,461.5000,464.5000,452.7500,453.0000,21458,453.0000
2017-06-27,453.2500,461.0000,452.2500,457.2500,19504,457.2500
2017-06-28,457.0000,464.0000,455.5000,461.5000,27082,461.5000
2017-06-29,461.0000,483.5000,460.0000,480.5000,17371,480.5000
2017-06-30,480.0000,511.2500,479.7500,511.2500,3560,511.2500
2017-07-03,516.5000,542.7500,516.5000,541.2500,1494,541.2500
2017-07-05,545.7500,556.7500,529.2500,551.2500,844,551.2500
2017-07-06,528.7500,540.7500,528.7500,530.5000,310,530.5000
2017-07-07,529.0000,536.2500,526.5000,526.5000,136,526.5000
2017-07-10,539.5000,544.0000,539.0000,541.0000,17,541.0000
2017-07-11,542.0000,542.0000,536.5000,541.0000,112,541.0000
2017-07-12,537.5000,537.5000,528.0000,528.0000,11,528.0000
2017-07-13,522.0000,522.0000,499.7500,499.7500,10,499.7500
2017-07-14,499.0000,499.0000,499.0000,499.0000,24006,499.0000
2017-07-17,512.2500,512.2500,503.0000,506.5000,24415,506.5000
2017-07-18,508.7500,517.5000,502.0000,502.7500,26386,502.7500
2017-07-19,501.5000,507.2500,497.5000,500.2500,27666,500.2500
2017-07-20,501.5000,506.5000,493.7500,503.7500,20725,503.7500
2017-07-21,503.7500,507.5000,493.5000,496.0000,22583,496.0000
2017-07-24,491.2500,493.2500,479.0000,487.5000,35565,487.5000
2017-07-25,493.2500,493.2500,472.2500,472.7500,28994,472.7500
2017-07-26,474.0000,480.5000,472.2500,475.5000,21748,475.5000
2017-07-27,475.7500,484.5000,475.5000,481.0000,17231,481.0000
2017-07-28,481.0000,490.2500,479.7500,481.0000,23824,481.0000
2017-07-31,478.7500,481.5000,472.5000,474.7500,23775,474.7500
2017-08-01,472.0000,479.0000,464.7500,465.2500,51636,465.2500
2017-08-02,465.7500,469.5000,458.2500,464.5000,23454,464.5000
2017-08-03,464.0000,467.0000,457.2500,459.7500,28854,459.7500
2017-08-04,459.7500,465.5000,458.0000,459.5000,20202,459.5000
2017-08-07,460.0000,467.2500,459.0000,466.7500,27494,466.7500
2017-08-08,466.7500,471.5000,458.0000,460.5000,27856,460.5000
2017-08-09,460.7500,465.0000,457.5000,463.7500,26692,463.7500
2017-08-10,464.2500,466.2500,446.0000,448.2500,26210,448.2500
2017-08-11,449.5000,450.5000,436.2500,441.2500,31704,441.2500
2017-08-14,437.5000,438.5000,429.7500,436.7500,36195,436.7500
2017-08-15,436.7500,436.7500,424.5000,426.5000,19773,426.5000
2017-08-16,425.7500,434.0000,415.7500,419.5000,20457,419.5000
2017-08-17,419.5000,421.7500,413.0000,414.2500,20480,414.2500
2017-08-18,414.2500,417.7500,410.5000,414.5000,13071,414.5000
2017-08-21,413.2500,416.2500,405.5000,407.7500,14018,407.7500
2017-08-22,408.7500,411.5000,398.2500,399.0000,16449,399.0000
2017-08-23,397.7500,404.2500,396.2500,397.7500,10508,397.7500
2017-08-24,397.7500,406.2500,396.5000,405.5000,16965,405.5000
2017-08-25,405.7500,408.0000,402.7500,404.5000,8959,404.5000
2017-08-28,403.0000,404.0000,394.0000,396.7500,23713,396.7500
2017-08-29,396.0000,397.7500,391.5000,397.2500,20716,397.2500
2017-08-30,397.0000,401.7500,396.2500,400.2500,7791,400.2500
2017-08-31,399.5000,408.7500,399.0000,408.7500,2389,408.7500
2017-09-01,411.0000,414.5000,410.2500,412.5000,915,412.5000
2017-09-05,416.5000,419.5000,416.5000,419.5000,515,419.5000
2017-09-06,415.0000,423.2500,415.0000,423.2500,354,423.2500
2017-09-07,415.5000,415.5000,415.5000,415.5000,44,415.5000
2017-09-08,414.0000,416.2500,414.0000,415.5000,44,415.5000
2017-09-11,409.0000,409.2500,409.0000,409.2500,36,409.2500
2017-09-12,409.0000,416.0000,407.0000,416.0000,37,416.0000
2017-09-13,420.5000,420.5000,418.2500,418.2500,16,418.2500
2017-09-14,420.7500,420.7500,420.7500,420.7500,20597,420.7500
2017-09-15,442.5000,447.5000,440.5000,446.0000,14218,446.0000
2017-09-18,445.0000,447.2500,439.5000,442.2500,14925,442.2500
2017-09-19,441.7500,446.0000,434.7500,442.0000,19318,442.0000
2017-09-20,442.2500,449.7500,442.0000,448.0000,15545,448.0000
2017-09-21,448.7500,451.5000,443.5000,449.5000,12986,449.5000
2017-09-22,449.0000,452.5000,445.0000,450.2500,15589,450.2500
2017-09-25,448.5000,455.0000,443.5000,454.0000,22256,454.0000
2017-09-26,452.5000,460.2500,449.7500,452.2500,22384,452.2500
2017-09-27,452.0000,459.5000,447.0000,459.0000,25056,459.0000
2017-09-28,458.7500,459.0000,451.2500,453.0000,15237,453.0000
2017-09-29,453.0000,456.7500,441.7500,442.7500,28795,442.7500
2017-10-02,440.2500,443.5000,432.7500,439.2500,27795,439.2500
2017-10-03,439.2500,444.7500,438.2500,441.7500,17222,441.7500
2017-10-04,442.5000,443.2500,435.5000,436.0000,13669,436.0000
2017-10-05,436.7500,438.0000,432.0000,434.2500,17675,434.2500
2017-10-06,434.2500,437.5000,431.7500,436.7500,14048,436.7500
2017-10-09,436.5000,439.0000,430.0000,430.7500,21888,430.7500
2017-10-10,431.0000,435.5000,429.0000,431.2500,14346,431.2500
2017-10-11,431.2500,431.7500,425.5000,428.2500,21327,428.2500
2017-10-12,428.0000,433.2500,422.5000,426.2500,21671,426.2500
2017-10-13,426.5000,437.0000,426.0000,436.2500,19030,436.2500
2017-10-16,436.0000,440.7500,432.5000,433.7500,15605,433.7500
2017-10-17,434.0000,437.0000,431.5000,433.2500,10554,433.2500
2017-10-18,433.0000,433.5000,427.0000,428.0000,12708,428.0000
2017-10-19,428.7500,434.2500,427.2500,429.2500,22240,429.2500
2017-10-20,429.2500,433.2500,421.7500,422.7500,18773,422.7500
2017-10-23,422.5000,434.7500,421.2500,433.5000,22727,433.5000
2017-10-24,434.0000,435.2500,430.2500,434.0000,15339,434.0000
2017-10-25,434.0000,438.7500,430.7500,433.5000,18083,433.5000
2017-10-26,433.5000,435.7500,427.5000,428.2500,14543,428.2500
2017-10-27,427.7500,428.0000,422.7500,425.2500,24901,425.2500
2017-10-30,425.5000,425.7500,421.0000,421.7500,15937,421.7500
2017-10-31,422.0000,423.7500,413.5000,416.5000,27900,416.5000
2017-11-01,416.5000,419.2500,414.2500,415.7500,42727,415.7500
2017-11-02,415.2500,426.7500,415.2500,425.7500,25721,425.7500
2017-11-03,426.7500,429.0000,423.0000,426.7500,24016,426.7500
2017-11-06,427.7500,431.0000,427.0000,430.0000,34445,430.0000
2017-11-07,428.5000,429.7500,423.2500,426.5000,34652,426.5000
2017-11-08,426.7500,428.0000,419.0000,427.5000,37484,427.5000
2017-11-09,426.2500,432.7500,423.2500,429.0000,64757,429.0000
2017-11-10,429.0000,435.0000,427.2500,433.2500,46376,433.2500
2017-11-13,433.0000,433.0000,423.7500,427.5000,43658,427.5000
2017-11-14,428.2500,430.7500,425.5000,428.0000,35774,428.0000
2017-11-15,428.0000,428.5000,416.5000,417.7500,39425,417.7500
2017-11-16,418.0000,420.7500,416.5000,417.0000,22230,417.0000
2017-11-17,417.7500,422.7500,416.5000,422.0000,20001,422.0000
2017-11-20,422.0000,422.5000,414.2500,416.0000,19732,416.0000
2017-11-21,416.0000,423.7500,414.5000,420.2500,26516,420.2500
2017-11-22,420.0000,424.7500,418.0000,421.0000,12895,421.0000
2017-11-24,420.2500,421.2500,411.0000,414.5000,13325,414.5000
2017-11-27,414.0000,414.2500,407.0000,407.2500,21163,407.2500
2017-11-28,408.0000,410.7500,404.0000,409.2500,30023,409.2500
2017-11-29,409.0000,413.7500,409.0000,413.2500,16432,413.2500
2017-11-30,413.2500,419.7500,411.2500,414.5000,3216,414.5000
2017-12-01,414.5000,422.0000,414.5000,420.5000,1094,420.5000
2017-12-04,423.0000,423.7500,420.0000,420.0000,406,420.0000
2017-12-05,418.5000,418.5000,413.7500,414.2500,213,414.2500
2017-12-06,416.0000,416.0000,406.0000,406.0000,9,406.0000
2017-12-07,403.0000,403.2500,403.0000,403.0000,24,403.0000
2017-12-08,406.2500,406.2500,400.7500,400.7500,8,400.7500
2017-12-11,398.2500,398.2500,395.2500,395.2500,30,395.2500
2017-12-12,395.2500,395.7500,394.0000,394.0000,71,394.0000
2017-12-13,397.5000,399.0000,397.5000,399.0000,55,399.0000
2017-12-14,402.5000,402.5000,402.5000,402.5000,21828,402.5000
2017-12-15,418.2500,421.0000,415.2500,417.5000,17282,417.5000
2017-12-18,420.2500,422.5000,418.5000,419.2500,14245,419.2500
2017-12-19,419.2500,423.7500,418.5000,420.0000,16132,420.0000
2017-12-20,420.0000,424.0000,416.0000,422.5000,20100,422.5000
2017-12-21,422.0000,425.5000,420.5000,424.2500,17460,424.2500
2017-12-22,424.5000,426.0000,421.2500,422.2500,12121,422.2500
2017-12-26,422.5000,424.7500,417.2500,420.0000,12331,420.0000
2017-12-27,419.5000,426.5000,418.2500,425.5000,18493,425.5000
2017-12-28,425.0000,427.0000,423.5000,426.7500,11903,426.7500
2017-12-29,426.0000,428.0000,423.7500,427.2500,16986,427.2500
2018-01-02,429.2500,436.7500,429.0000,434.7500,31347,434.7500
2018-01-03,435.5000,442.0000,435.5000,441.0000,41559,441.0000
2018-01-04,441.5000,441.7500,436.0000,439.7500,26617,439.7500
2018-01-05,439.2500,439.7500,433.7500,437.5000,24274,437.5000
2018-01-08,437.5000,437.5000,431.2500,433.2500,32873,433.2500
2018-01-09,433.2500,439.7500,431.7500,439.0000,31517,439.0000
2018-01-10,439.0000,441.0000,437.2500,440.5000,30623,440.5000
2018-01-11,440.2500,441.2500,435.5000,440.2500,25972,440.2500
2018-01-12,440.2500,443.0000,424.0000,426.2500,61424,426.2500
2018-01-16,426.2500,427.5000,420.5000,422.0000,30578,422.0000
2018-01-17,422.2500,429.5000,421.0000,427.0000,22610,427.0000
2018-01-18,426.7500,430.7500,426.5000,429.5000,17453,429.5000
2018-01-19,428.7500,431.7500,425.7500,427.5000,18533,427.5000
2018-01-22,428.2500,431.0000,426.2500,428.5000,20033,428.5000
2018-01-23,427.2500,428.5000,422.0000,423.2500,26664,423.2500
2018-01-24,423.7500,434.0000,421.7500,433.0000,42375,433.0000
2018-01-25,433.0000,439.2500,430.0000,435.0000,34114,435.0000
2018-01-26,435.0000,444.5000,434.2500,443.0000,32528,443.0000
2018-01-29,445.0000,453.7500,445.0000,453.0000,44850,453.0000
2018-01-30,458.0000,470.2500,457.7500,469.7500,81857,469.7500
2018-01-31,469.0000,471.2500,463.5000,467.2500,68386,467.2500
2018-02-01,465.7500,469.0000,457.5000,467.0000,60598,467.0000
2018-02-02,467.2500,468.2500,462.0000,463.2500,45532,463.2500
2018-02-05,459.7500,466.7500,454.5000,461.7500,59356,461.7500
2018-02-06,462.5000,470.2500,459.5000,469.0000,32424,469.0000
2018-02-07,470.0000,482.7500,469.5000,481.0000,59149,481.0000
2018-02-08,481.0000,484.5000,468.2500,474.5000,47835,474.5000
2018-02-09,471.5000,474.5000,465.0000,465.5000,59036,465.5000
2018-02-12,467.2500,479.2500,466.5000,477.5000,53229,477.5000
2018-02-13,477.2500,482.5000,473.0000,474.5000,52987,474.5000
2018-02-14,473.7500,475.2500,468.0000,469.7500,25408,469.7500
2018-02-15,469.7500,480.2500,468.2500,478.0000,34995,478.0000
2018-02-16,479.5000,482.2500,473.0000,478.5000,26639,478.5000
2018-02-20,480.0000,485.5000,470.2500,471.7500,39211,471.7500
2018-02-21,472.0000,472.7500,463.0000,465.7500,30639,465.7500
2018-02-22,466.5000,471.2500,460.0000,470.7500,18241,470.7500
2018-02-23,470.5000,476.2500,468.2500,469.0000,18241,469.0000
2018-02-26,472.5000,481.7500,472.2500,477.7500,21919,477.7500
2018-02-27,482.0000,490.2500,481.0000,489.0000,21069,489.0000
2018-02-28,489.0000,512.2500,489.0000,508.2500,2455,508.2500
2018-03-01,506.7500,531.0000,506.7500,531.0000,505,531.0000
2018-03-02,531.0000,531.0000,517.5000,522.0000,70,522.0000
2018-03-05,524.0000,533.5000,523.7500,533.5000,14,533.5000
2018-03-06,527.7500,529.2500,520.0000,529.2500,58,529.2500
2018-03-07,525.7500,527.2500,521.0000,521.0000,8,521.0000
2018-03-08,520.0000,520.0000,513.7500,519.7500,82,519.7500
2018-03-09,508.0000,508.0000,508.0000,508.0000,2,508.0000
2018-03-12,506.0000,512.7500,506.0000,509.0000,5,509.0000
2018-03-13,519.7500,519.7500,506.7500,507.0000,11,507.0000
2018-03-14,512.0000,512.2500,511.7500,511.7500,23328,511.7500
2018-03-15,525.2500,531.2500,513.0000,513.5000,23964,513.5000
2018-03-16,512.2500,515.5000,498.7500,499.5000,35203,499.5000
2018-03-19,493.0000,495.0000,469.5000,470.2500,65033,470.2500
2018-03-20,470.2500,479.2500,467.0000,470.0000,35396,470.0000
2018-03-21,470.0000,470.2500,458.2500,465.5000,33899,465.5000
2018-03-22,467.5000,475.0000,463.2500,471.0000,30219,471.0000
2018-03-23,470.0000,481.2500,464.0000,479.2500,28744,479.2500
2018-03-26,483.0000,485.5000,467.2500,468.2500,27976,468.2500
2018-03-27,469.5000,473.0000,463.7500,464.0000,23386,464.0000
2018-03-28,466.5000,467.0000,457.7500,461.0000,19152,461.0000
2018-03-29,461.2500,471.5000,456.0000,467.2500,27547,467.2500
2018-04-02,473.5000,476.2500,466.7500,467.5000,24816,467.5000
2018-04-03,473.5000,492.5000,471.5000,484.7500,38711,484.7500
2018-04-04,484.2500,494.0000,473.5000,486.0000,33715,486.0000
2018-04-05,488.5000,499.2500,487.5000,498.5000,28218,498.5000
2018-04-06,496.5000,507.2500,491.2500,506.7500,38174,506.7500
2018-04-09,514.2500,528.7500,511.0000,522.7500,34159,522.7500
2018-04-10,522.5000,525.2500,513.7500,521.7500,39767,521.7500
2018-04-11,521.5000,522.7500,509.2500,516.7500,34279,516.7500
2018-04-12,512.7500,514.2500,501.2500,507.5000,30666,507.5000
2018-04-13,507.0000,507.0000,490.7500,495.7500,29136,495.7500
2018-04-16,490.0000,490.0000,477.2500,478.0000,27059,478.0000
2018-04-17,479.0000,486.2500,476.0000,480.5000,14351,480.5000
2018-04-18,480.5000,491.2500,479.2500,488.7500,19646,488.7500
2018-04-19,492.0000,496.7500,489.5000,495.2500,14146,495.2500
2018-04-20,494.2500,495.5000,481.5000,482.7500,14548,482.7500
2018-04-23,482.7500,489.7500,480.0000,483.2500,16830,483.2500
2018-04-24,483.0000,494.0000,477.2500,492.5000,17075,492.5000
2018-04-25,493.0000,509.2500,493.0000,507.0000,18169,507.0000
2018-04-26,507.2500,511.5000,493.5000,501.7500,13926,501.7500
2018-04-27,502.0000,513.2500,500.0000,512.2500,11749,512.2500
2018-04-30,513.7500,523.5000,512.0000,518.5000,2547,518.5000
2018-05-01,520.0000,532.2500,513.0000,532.2500,982,532.2500
2018-05-02,535.0000,536.2500,531.2500,535.7500,340,535.7500
2018-05-03,539.5000,547.5000,539.5000,547.5000,153,547.5000
2018-05-04,547.0000,547.0000,535.7500,535.7500,273,535.7500
2018-05-07,531.0000,531.0000,519.7500,519.7500,9,519.7500
2018-05-08,518.5000,518.5000,518.5000,518.5000,0,518.5000
2018-05-09,512.0000,512.0000,512.0000,512.0000,1,512.0000
2018-05-10,507.5000,507.5000,507.5000,507.5000,51,507.5000
2018-05-11,500.0000,503.5000,499.5000,501.7500,717,501.7500
2018-05-14,496.7500,496.7500,496.7500,496.7500,27859,496.7500
2018-05-15,505.7500,514.7500,502.5000,509.7500,27920,509.7500
2018-05-16,510.0000,516.2500,508.5000,514.0000,20250,514.0000
2018-05-17,516.0000,528.0000,514.5000,519.0000,22939,519.0000
2018-05-18,519.0000,539.5000,516.2500,538.7500,28951,538.7500
2018-05-21,543.0000,546.0000,525.0000,526.5000,28969,526.5000
2018-05-22,525.0000,551.7500,522.5000,540.5000,37935,540.5000
2018-05-23,540.5000,553.0000,536.2500,551.7500,35086,551.7500
2018-05-24,551.7500,564.5000,548.2500,549.0000,48642,549.0000
2018-05-25,549.5000,565.0000,547.2500,564.0000,27975,564.0000
2018-05-29,566.0000,574.7500,553.7500,556.5000,38189,556.5000
2018-05-30,556.0000,556.0000,536.2500,540.7500,31382,540.7500
2018-05-31,540.0000,549.5000,533.5000,542.5000,26662,542.5000
2018-06-01,540.2500,544.0000,532.0000,540.7500,32717,540.7500
2018-06-04,538.0000,538.5000,518.5000,521.5000,33221,521.5000
2018-06-05,524.2500,534.7500,522.7500,529.0000,36773,529.0000
2018-06-06,529.2500,549.0000,527.0000,539.7500,31821,539.7500
2018-06-07,541.5000,555.5000,540.2500,544.5000,42632,544.5000
2018-06-08,547.0000,552.2500,533.0000,538.2500,55472,538.2500
2018-06-11,538.2500,546.5000,531.0000,534.7500,40837,534.7500
2018-06-12,535.5000,555.5000,530.5000,553.5000,42656,553.5000
2018-06-13,552.7500,558.0000,536.5000,539.0000,44323,539.0000
2018-06-14,539.0000,539.0000,520.0000,522.2500,29223,522.2500
2018-06-15,539.0000,539.0000,506.5000,519.7500,29846,519.7500
2018-06-18,515.0000,518.7500,499.0000,499.5000,26247,499.5000
2018-06-19,499.2500,500.5000,471.7500,483.0000,32816,483.0000
2018-06-20,483.0000,491.7500,478.2500,488.7500,20289,488.7500
2018-06-21,489.5000,496.2500,482.0000,493.2500,16868,493.2500
2018-06-22,492.5000,495.5000,485.2500,488.7500,17340,488.7500
2018-06-25,488.7500,488.7500,468.7500,469.7500,16386,469.7500
2018-06-26,470.0000,473.5000,454.0000,458.0000,17252,458.0000
2018-06-27,458.0000,467.7500,455.2500,460.2500,18352,460.2500
2018-06-28,458.2500,463.0000,452.7500,453.2500,13073,453.2500
2018-06-29,453.5000,477.7500,453.0000,470.7500,1945,470.7500
2018-07-02,473.7500,481.0000,449.5000,449.5000,912,449.5000
2018-07-03,459.0000,463.7500,459.0000,462.2500,0,462.2500
2018-07-05,472.7500,482.0000,472.7500,482.0000,123,482.0000
2018-07-06,484.5000,492.2500,481.5000,492.2500,65,492.2500
2018-07-09,491.0000,491.0000,482.5000,487.5000,173,487.5000
2018-07-10,477.7500,483.7500,471.5000,483.7500,161,483.7500
2018-07-11,478.0000,478.0000,463.0000,463.0000,42,463.0000
2018-07-12,466.5000,471.0000,466.5000,470.2500,20,470.2500
2018-07-13,469.2500,469.2500,469.2500,469.2500,23293,469.2500
2018-07-16,489.7500,492.7500,482.0000,484.5000,18996,484.5000
2018-07-17,487.0000,499.5000,485.0000,490.7500,22367,490.7500
2018-07-18,490.7500,497.7500,487.2500,487.7500,18052,487.7500
2018-07-19,488.0000,497.5000,485.0000,496.5000,20080,496.5000
2018-07-20,497.0000,513.0000,496.5000,508.5000,27241,508.5000
2018-07-23,509.2500,518.0000,506.2500,510.7500,31260,510.7500
2018-07-24,509.0000,516.0000,502.2500,509.7500,30464,509.7500
2018-07-25,510.0000,544.7500,510.0000,540.7500,51160,540.7500
2018-07-26,540.0000,553.5000,527.5000,534.0000,44956,534.0000
2018-07-27,532.7500,538.0000,525.7500,532.5000,31098,532.5000
2018-07-30,536.2500,553.0000,535.2500,547.7500,31951,547.7500
2018-07-31,547.0000,564.2500,542.7500,556.5000,44745,556.5000
2018-08-01,556.2500,569.2500,553.0000,563.7500,36430,563.7500
2018-08-02,564.0000,597.2500,563.5000,569.2500,53513,569.2500
2018-08-03,571.7500,577.2500,564.2500,567.2500,31949,567.2500
2018-08-06,567.0000,587.2500,563.5000,586.0000,31089,586.0000
2018-08-07,586.0000,598.7500,578.0000,579.5000,33871,579.5000
2018-08-08,579.5000,590.5000,578.0000,584.2500,36337,584.2500
2018-08-09,584.2500,587.5000,574.2500,578.5000,27687,578.5000
2018-08-10,578.0000,585.5000,559.0000,559.7500,40296,559.7500
2018-08-13,559.5000,561.7500,540.0000,540.7500,32924,540.7500
2018-08-14,541.2500,552.5000,539.7500,545.7500,21393,545.7500
2018-08-15,547.5000,549.0000,533.7500,535.2500,32102,535.2500
2018-08-16,536.0000,552.5000,534.0000,547.5000,17016,547.5000
2018-08-17,549.5000,568.7500,542.2500,565.0000,20966,565.0000
2018-08-20,565.7500,567.2500,544.5000,547.2500,14235,547.2500
2018-08-21,549.2500,549.2500,533.2500,534.5000,13783,534.5000
2018-08-22,534.5000,539.2500,524.5000,530.0000,15184,530.0000
2018-08-23,535.7500,538.5000,518.2500,527.2500,14496,527.2500
2018-08-24,527.7500,527.7500,517.5000,519.2500,12407,519.2500
2018-08-27,518.2500,518.7500,500.7500,501.7500,20343,501.7500
2018-08-28,501.2500,508.0000,498.2500,499.2500,14870,499.2500
2018-08-29,498.5000,524.0000,497.7500,519.7500,14267,519.7500
2018-08-30,521.0000,527.2500,507.2500,512.2500,6977,512.2500
2018-08-31,515.5000,523.0000,513.5000,523.0000,0,523.0000
2018-09-04,503.5000,508.5000,494.7500,508.0000,202,508.0000
2018-09-05,507.0000,511.7500,501.7500,501.7500,40,501.7500
2018-09-06,497.2500,500.5000,490.5000,490.5000,10,490.5000
2018-09-07,489.5000,489.5000,488.5000,488.5000,3,488.5000
2018-09-10,495.0000,503.7500,495.0000,503.7500,34,503.7500
2018-09-11,496.2500,496.2500,494.2500,494.2500,7,494.2500
2018-09-12,496.0000,496.0000,475.5000,482.5000,14,482.5000
2018-09-13,477.5000,477.5000,477.5000,477.5000,0,477.5000
2018-09-14,479.0000,479.0000,479.0000,479.0000,24178,479.0000
2018-09-17,517.5000,522.7500,511.2500,512.7500,19133,512.7500
2018-09-18,511.7500,521.0000,510.7500,516.0000,18743,516.0000
2018-09-19,516.7500,527.5000,516.0000,526.2500,24961,526.2500
2018-09-20,526.2500,529.7500,519.0000,527.0000,18213,527.0000
2018-09-21,525.0000,528.2500,519.5000,525.2500,17096,525.2500
2018-09-24,525.2500,534.2500,523.5000,529.0000,17164,529.0000
2018-09-25,528.2500,530.0000,518.5000,522.0000,21596,522.0000
2018-09-26,522.2500,530.0000,520.2500,521.0000,14950,521.0000
2018-09-27,519.5000,526.5000,515.7500,517.2500,15360,517.2500
2018-09-28,516.5000,524.2500,510.0000,511.2500,31261,511.2500
2018-10-01,513.2500,517.7500,506.5000,511.5000,24120,511.5000
2018-10-02,512.5000,526.7500,507.5000,522.5000,35306,522.5000
2018-10-03,524.2500,530.7500,517.7500,518.7500,21045,518.7500
2018-10-04,518.7500,525.5000,518.0000,522.2500,18563,522.2500
2018-10-05,522.0000,528.5000,520.2500,524.2500,19517,524.2500
2018-10-08,526.5000,528.7500,516.0000,517.5000,19152,517.5000
2018-10-09,517.5000,524.5000,515.5000,519.5000,20844,519.5000
2018-10-10,521.0000,522.2500,515.2500,516.2500,12788,516.2500
2018-10-11,516.2500,527.0000,510.5000,513.7500,27993,513.7500
2018-10-12,513.7500,525.0000,512.5000,524.2500,20220,524.2500
2018-10-15,524.5000,532.5000,521.7500,531.7500,22186,531.7500
2018-10-16,532.2500,533.2500,526.5000,528.0000,16981,528.0000
2018-10-17,528.2500,528.2500,519.7500,521.0000,12199,521.0000
2018-10-18,519.2500,522.7500,514.2500,514.7500,16341,514.7500
2018-10-19,515.0000,519.7500,512.2500,516.2500,12532,516.2500
2018-10-22,515.0000,515.7500,506.2500,507.7500,27385,507.7500
2018-10-23,508.5000,510.0000,502.5000,507.5000,23488,507.5000
2018-10-24,507.7500,509.5000,495.5000,497.0000,23388,497.0000
2018-10-25,497.0000,497.5000,485.2500,486.5000,30639,486.5000
2018-10-26,486.5000,503.2500,486.5000,500.2500,35760,500.2500
2018-10-29,504.7500,510.2500,497.0000,501.5000,20758,501.5000
2018-10-30,498.5000,501.2500,491.5000,494.7500,23653,494.7500
2018-10-31,494.2500,495.0000,484.5000,493.2500,35319,493.2500
2018-11-01,493.0000,504.0000,492.7500,501.2500,30482,501.2500
2018-11-02,501.5000,505.7500,497.7500,504.2500,24774,504.2500
2018-11-05,504.2500,507.5000,500.0000,504.7500,20853,504.7500
2018-11-06,504.7500,510.7500,503.2500,508.0000,21250,508.0000
2018-11-07,507.7500,509.2500,501.0000,502.2500,30096,502.2500
2018-11-08,500.0000,506.2500,492.2500,497.2500,45107,497.2500
2018-11-09,496.5000,496.7500,487.0000,487.5000,38549,487.5000
2018-11-12,487.5000,496.2500,486.0000,493.5000,36215,493.5000
2018-11-13,492.7500,495.2500,483.2500,486.5000,25710,486.5000
2018-11-14,487.2500,491.2500,480.2500,481.0000,26179,481.0000
2018-11-15,480.7500,485.2500,478.7500,480.0000,29568,480.0000
2018-11-16,479.0000,484.5000,479.0000,482.7500,13579,482.7500
2018-11-19,483.0000,484.0000,470.0000,474.2500,24453,474.2500
2018-11-20,473.0000,476.2500,469.7500,473.0000,19777,473.0000
2018-11-21,473.2500,475.2500,468.0000,469.0000,15220,469.0000
2018-11-23,470.2500,474.5000,460.7500,461.2500,15629,461.2500
2018-11-26,465.2500,466.5000,459.7500,464.5000,29033,464.5000
2018-11-27,464.7500,469.0000,456.7500,458.5000,22882,458.5000
2018-11-28,459.2500,469.0000,458.0000,467.0000,27186,467.0000
2018-11-29,466.7500,472.5000,465.0000,466.0000,17516,466.0000
2018-11-30,466.5000,488.0000,466.5000,486.5000,3638,486.5000
2018-12-03,492.0000,495.0000,478.7500,484.0000,386,484.0000
2018-12-04,484.7500,486.0000,483.7500,483.7500,89,483.7500
2018-12-06,468.7500,468.7500,468.7500,468.7500,0,468.7500
2018-12-07,484.5000,484.5000,484.5000,484.5000,5,484.5000
2018-12-10,486.2500,486.2500,482.7500,482.7500,6,482.7500
2018-12-11,492.2500,492.2500,477.2500,477.2500,19,477.2500
2018-12-12,483.7500,483.7500,483.7500,483.7500,4,483.7500
2018-12-13,504.0000,504.0000,492.5000,492.5000,1,492.5000
2018-12-14,492.5000,492.5000,492.5000,492.5000,20364,492.5000
2018-12-17,518.0000,524.2500,517.0000,522.0000,15664,522.0000
2018-12-18,520.2500,522.5000,515.7500,517.2500,19466,517.2500
2018-12-19,517.7500,517.7500,508.0000,508.5000,17509,508.5000
2018-12-20,511.0000,514.2500,507.0000,509.5000,20809,509.5000
2018-12-21,509.5000,510.0000,499.2500,502.7500,26944,502.7500
2018-12-24,502.5000,506.7500,497.5000,502.5000,8628,502.5000
2018-12-26,503.2500,508.2500,494.5000,495.5000,12351,495.5000
2018-12-27,497.2500,498.7500,491.2500,495.0000,12748,495.0000
2018-12-28,494.2500,497.7500,493.0000,496.0000,12378,496.0000
2018-12-31,496.0000,497.0000,487.2500,488.7500,15027,488.7500
2019-01-02,490.0000,497.2500,487.7500,492.5000,22636,492.5000
2019-01-03,492.2500,504.5000,492.2500,503.5000,19855,503.5000
2019-01-04,504.0000,508.7500,503.5000,506.0000,16023,506.0000
2019-01-07,506.2500,507.2500,500.5000,503.0000,16884,503.0000
2019-01-08,501.0000,510.2500,499.0000,505.0000,22437,505.0000
2019-01-09,506.2500,511.0000,504.7500,505.5000,19743,505.5000
2019-01-10,504.7500,505.5000,496.2500,498.7500,22714,498.7500
2019-01-11,497.5000,508.7500,497.5000,504.5000,27505,504.5000
2019-01-14,504.5000,509.2500,498.7500,499.0000,18097,499.0000
2019-01-15,499.0000,502.7500,492.2500,495.5000,27064,495.5000
2019-01-16,495.5000,500.7500,494.2500,495.5000,22024,495.5000
2019-01-17,494.7500,508.2500,493.2500,504.0000,39694,504.0000
2019-01-18,505.7500,509.0000,503.2500,506.0000,27171,506.0000
2019-01-22,506.0000,514.0000,502.7500,509.7500,37643,509.7500
2019-01-23,510.2500,515.5000,510.2500,515.0000,17825,515.0000
2019-01-24,515.0000,518.0000,510.5000,511.5000,25695,511.5000
2019-01-25,510.0000,513.2500,506.2500,509.5000,23792,509.5000
2019-01-28,510.0000,513.2500,504.5000,506.7500,19351,506.7500
2019-01-29,506.7500,509.2500,498.2500,500.2500,35174,500.2500
2019-01-30,500.0000,505.7500,498.0000,502.2500,19088,502.2500
2019-01-31,502.0000,504.0000,497.0000,499.0000,25174,499.0000
2019-02-01,500.0000,510.7500,498.5000,508.7500,37841,508.7500
2019-02-04,510.0000,513.0000,505.7500,510.5000,27461,510.5000
2019-02-05,509.2500,512.0000,506.0000,511.2500,33374,511.2500
2019-02-06,510.0000,513.5000,507.2500,509.2500,35495,509.2500
2019-02-07,507.5000,508.7500,495.0000,496.2500,50210,496.2500
2019-02-08,496.5000,500.5000,492.5000,494.2500,48094,494.2500
2019-02-11,493.2500,495.5000,487.5000,493.7500,48297,493.7500
2019-02-12,492.7500,495.0000,488.2500,492.0000,41369,492.0000
2019-02-13,491.5000,495.2500,490.0000,494.0000,34998,494.0000
2019-02-14,492.2500,494.5000,481.2500,481.5000,28536,481.5000
2019-02-15,483.2500,484.7500,472.0000,476.5000,35386,476.5000
2019-02-19,472.7500,478.5000,460.0000,460.7500,32573,460.7500
2019-02-20,463.2500,465.2500,449.5000,450.0000,32339,450.0000
2019-02-21,450.2500,461.7500,450.2500,455.2500,24715,455.2500
2019-02-22,456.2500,462.2500,455.0000,458.5000,30427,458.5000
2019-02-25,460.0000,462.7500,441.5000,442.2500,40210,442.2500
2019-02-26,442.7500,444.5000,432.0000,435.7500,31630,435.7500
2019-02-27,433.2500,444.0000,433.2500,438.7500,17376,438.7500
2019-02-28,442.0000,444.7500,439.5000,441.0000,1589,441.0000
2019-03-01,444.7500,445.7500,436.0000,440.7500,570,440.7500
2019-03-04,443.0000,444.5000,434.2500,434.2500,114,434.2500
2019-03-05,448.2500,448.5000,444.0000,444.0000,15,444.0000
2019-03-06,437.5000,437.5000,431.2500,431.2500,3,431.2500
2019-03-07,436.2500,436.2500,419.0000,420.2500,17,420.2500
2019-03-08,429.0000,433.5000,424.7500,424.7500,7,424.7500
2019-03-11,414.2500,414.2500,414.2500,414.2500,0,414.2500
2019-03-12,435.7500,435.7500,435.7500,435.7500,0,435.7500
2019-03-13,423.0000,441.2500,423.0000,429.7500,12,429.7500
2019-03-14,429.7500,429.7500,429.7500,429.7500,29569,429.7500
2019-03-15,436.7500,444.5000,433.0000,443.0000,25892,443.0000
2019-03-18,443.5000,444.5000,433.5000,436.5000,30628,436.5000
2019-03-19,439.0000,443.2500,433.5000,435.7500,23690,435.7500
2019-03-20,436.7500,444.7500,436.0000,444.0000,26620,444.0000
2019-03-21,444.0000,448.2500,439.2500,447.0000,21193,447.0000
2019-03-22,446.0000,452.0000,443.2500,445.0000,24264,445.0000
2019-03-25,445.2500,451.5000,441.5000,449.2500,22254,449.2500
2019-03-26,449.5000,454.0000,442.2500,443.2500,24905,443.2500
2019-03-27,443.0000,446.0000,441.0000,444.5000,24282,444.5000
2019-03-28,444.5000,444.5000,435.7500,438.7500,15801,438.7500
2019-03-29,438.0000,441.0000,427.2500,430.0000,35215,430.0000
2019-04-01,431.0000,438.2500,427.0000,434.5000,29346,434.5000
2019-04-02,435.5000,437.2500,422.7500,433.2500,31870,433.2500
2019-04-03,431.7500,438.7500,430.7500,436.7500,23747,436.7500
2019-04-04,437.0000,443.5000,434.2500,439.5000,31936,439.5000
2019-04-05,438.5000,438.5000,430.0000,431.2500,35512,431.2500
2019-04-08,430.5000,435.2500,427.7500,431.5000,30364,431.5000
2019-04-09,428.0000,430.5000,422.0000,427.5000,37405,427.5000
2019-04-10,426.7500,430.0000,424.5000,426.2500,40466,426.2500
2019-04-11,425.0000,433.2500,424.5000,430.5000,39041,430.5000
2019-04-12,432.2500,435.2500,428.7500,434.2500,22807,434.2500
2019-04-15,434.2500,434.7500,426.5000,427.2500,24842,427.2500
2019-04-16,427.0000,428.2500,414.2500,417.0000,27744,417.0000
2019-04-17,418.0000,423.0000,416.7500,420.5000,17204,420.5000
2019-04-18,421.2500,423.5000,415.2500,420.0000,20198,420.0000
2019-04-22,420.0000,420.0000,410.7500,411.7500,13991,411.7500
2019-04-23,411.5000,414.7500,408.0000,414.5000,23745,414.5000
2019-04-24,413.2500,415.7500,403.7500,404.5000,22061,404.5000
2019-04-25,404.0000,406.7500,400.5000,404.2500,22949,404.2500
2019-04-26,405.0000,407.7500,398.7500,399.7500,26203,399.7500
2019-04-29,400.5000,404.0000,388.2500,389.7500,17109,389.7500
2019-04-30,389.5000,390.7500,383.5000,386.2500,1565,386.2500
2019-05-01,388.2500,393.2500,387.2500,389.2500,855,389.2500
2019-05-02,392.0000,393.2500,392.0000,393.0000,127,393.0000
2019-05-03,392.7500,393.0000,392.7500,393.0000,203,393.0000
2019-05-06,389.0000,395.7500,386.2500,394.2500,25,394.2500
2019-05-07,395.5000,395.5000,394.7500,394.7500,23,394.7500
2019-05-08,394.5000,394.5000,394.2500,394.2500,37,394.2500
2019-05-09,390.0000,390.0000,390.0000,390.0000,92,390.0000
2019-05-10,379.2500,379.2500,379.2500,379.2500,55,379.2500
2019-05-13,378.2500,397.0000,378.2500,397.0000,7,397.0000
2019-05-14,410.0000,414.0000,401.7500,401.7500,30456,401.7500
2019-05-15,410.0000,423.2500,401.0000,402.0000,36448,402.0000
2019-05-16,401.0000,420.0000,401.0000,416.7500,29494,416.7500
2019-05-17,419.7500,425.5000,415.5000,420.2500,28367,420.2500
2019-05-20,424.7500,439.7500,424.0000,434.5000,41600,434.5000
2019-05-21,442.0000,453.0000,431.2500,436.0000,43528,436.0000
2019-05-22,432.5000,440.5000,428.2500,432.2500,33999,432.2500
2019-05-23,431.5000,439.2500,421.2500,425.2500,40864,425.2500
2019-05-24,424.0000,444.0000,421.7500,442.0000,30653,442.0000
2019-05-28,448.0000,463.5000,447.2500,460.7500,39849,460.7500
2019-05-29,474.7500,481.2500,450.0000,453.2500,49359,453.2500
2019-05-30,451.7500,479.5000,445.2500,479.0000,42167,479.0000
2019-05-31,481.0000,490.0000,467.5000,473.0000,55902,473.0000
2019-06-03,476.5000,495.0000,473.5000,486.7500,49915,486.7500
2019-06-04,493.0000,497.0000,462.7500,468.5000,54215,468.5000
2019-06-05,469.2500,469.5000,445.0000,445.7500,34669,445.7500
2019-06-06,448.2500,460.7500,440.7500,455.2500,47619,455.2500
2019-06-07,456.0000,457.2500,445.7500,449.0000,30571,449.0000
2019-06-10,447.2500,454.0000,439.0000,453.0000,34341,453.0000
2019-06-11,449.0000,459.5000,441.5000,457.5000,40462,457.5000
2019-06-12,458.2500,465.2500,451.2500,462.7500,37628,462.7500
2019-06-13,461.7500,472.0000,460.5000,468.2500,32980,468.2500
2019-06-14,467.7500,478.0000,466.5000,476.2500,36090,476.2500
2019-06-17,476.5000,487.0000,473.5000,475.5000,24515,475.5000
2019-06-18,475.0000,476.0000,460.2500,465.2500,29241,465.2500
2019-06-19,464.5000,464.7500,452.0000,457.5000,29405,457.5000
2019-06-20,456.2500,465.2500,451.5000,460.5000,29118,460.5000
2019-06-21,461.0000,462.5000,451.0000,452.5000,22305,452.5000
2019-06-24,453.0000,466.7500,450.5000,465.5000,21071,465.5000
2019-06-25,467.7500,473.5000,463.7500,465.2500,25124,465.2500
2019-06-26,464.7500,470.7500,457.7500,469.0000,23775,469.0000
2019-06-27,468.0000,478.5000,463.2500,468.0000,14853,468.0000
2019-06-28,468.0000,475.0000,445.0000,451.5000,1554,451.5000
2019-07-01,452.0000,452.0000,430.0000,434.7500,180,434.7500
2019-07-02,432.7500,437.5000,424.0000,424.0000,340,424.0000
2019-07-03,424.0000,436.0000,424.0000,436.0000,105,436.0000
2019-07-05,430.5000,439.0000,430.5000,439.0000,83,439.0000
2019-07-08,438.5000,446.2500,438.2500,442.0000,150,442.0000
2019-07-09,443.0000,443.0000,439.0000,440.5000,17,440.5000
2019-07-10,444.0000,444.0000,441.2500,441.2500,8,441.2500
2019-07-11,441.2500,461.2500,439.0000,461.2500,7,461.2500
2019-07-12,461.2500,461.2500,461.2500,461.2500,41429,461.2500
2019-07-15,467.2500,472.5000,447.2500,449.0000,31495,449.0000
2019-07-16,449.2500,451.7500,442.2500,446.2500,22965,446.2500
2019-07-17,446.2500,451.7500,440.0000,441.7500,24826,441.7500
2019-07-18,440.0000,441.2500,432.0000,432.7500,21790,432.7500
2019-07-19,432.7500,452.2500,431.2500,440.0000,24272,440.0000
2019-07-22,440.0000,443.2500,428.0000,429.2500,28304,429.2500
2019-07-23,430.0000,435.5000,426.5000,431.5000,30071,431.5000
2019-07-24,430.5000,441.5000,430.2500,439.5000,39229,439.5000
2019-07-25,439.5000,450.0000,436.0000,437.5000,40432,437.5000
2019-07-26,437.0000,438.2500,431.0000,432.0000,23290,432.0000
2019-07-29,431.0000,440.2500,430.0000,436.5000,23615,436.5000
2019-07-30,434.5000,436.0000,430.0000,433.5000,25887,433.5000
2019-07-31,432.0000,434.5000,421.2500,422.7500,30589,422.7500
2019-08-01,422.7500,425.5000,410.7500,415.7500,35166,415.7500
2019-08-02,415.7500,422.5000,415.7500,421.7500,27699,421.7500
2019-08-05,421.2500,427.5000,413.5000,426.7500,24668,426.7500
2019-08-06,423.5000,425.7500,416.5000,418.0000,28781,418.0000
2019-08-07,418.0000,420.2500,410.5000,417.7500,35904,417.7500
2019-08-08,418.2500,422.0000,414.7500,418.5000,53729,418.5000
2019-08-09,417.0000,421.0000,414.7500,417.0000,55125,417.0000
2019-08-12,417.0000,417.0000,387.5000,392.2500,51207,392.2500
2019-08-13,390.5000,396.2500,382.7500,383.5000,43264,383.5000
2019-08-14,383.7500,390.0000,380.7500,384.7500,36196,384.7500
2019-08-15,386.0000,392.0000,384.5000,389.7500,26732,389.7500
2019-08-16,389.7500,394.7500,389.2500,394.2500,18955,394.2500
2019-08-19,394.2500,394.5000,388.7500,391.2500,18529,391.2500
2019-08-20,390.2500,393.2500,384.5000,386.7500,18048,386.7500
2019-08-21,387.5000,388.2500,384.0000,386.2500,17340,386.2500
2019-08-22,387.5000,394.7500,387.0000,393.2500,22319,393.2500
2019-08-23,393.2500,395.5000,387.7500,391.5000,19798,391.5000
2019-08-26,390.0000,395.0000,387.7500,389.0000,19856,389.0000
2019-08-27,389.0000,394.5000,387.5000,392.7500,21288,392.7500
2019-08-28,392.0000,393.7500,385.7500,392.2500,13668,392.2500
2019-08-29,392.2500,393.7500,385.2500,387.2500,16622,387.2500
2019-08-30,387.0000,387.0000,374.2500,378.2500,3297,378.2500
2019-09-03,382.0000,382.0000,361.7500,362.0000,188,362.0000
2019-09-04,370.2500,374.0000,367.5000,374.0000,140,374.0000
2019-09-05,378.7500,383.0000,372.0000,382.0000,65,382.0000
2019-09-06,379.0000,379.0000,375.2500,375.2500,6,375.2500
2019-09-09,370.2500,380.0000,370.2500,380.0000,7,380.0000
2019-09-10,375.0000,382.0000,375.0000,382.0000,21,382.0000
2019-09-11,376.7500,376.7500,376.7500,376.7500,14,376.7500
2019-09-12,380.0000,380.0000,380.0000,380.0000,4,380.0000
2019-09-13,387.5000,387.7500,383.5000,383.5000,20157,383.5000
2019-09-16,403.0000,409.7500,398.7500,409.0000,23294,409.0000
2019-09-17,406.5000,408.5000,400.7500,402.2500,22082,402.2500
2019-09-18,402.2500,411.0000,399.0000,409.7500,23490,409.7500
2019-09-19,409.0000,414.0000,405.5000,409.5000,24776,409.5000
2019-09-20,408.2500,411.7500,406.7500,407.5000,21332,407.5000
2019-09-23,409.5000,414.0000,405.0000,406.5000,18206,406.5000
2019-09-24,405.5000,408.2500,402.7500,405.0000,17287,405.0000
2019-09-25,404.5000,408.0000,402.0000,404.0000,17309,404.0000
2019-09-26,403.2500,411.2500,403.2500,408.2500,22052,408.2500
2019-09-27,409.5000,412.5000,407.0000,407.5000,17492,407.5000
2019-09-30,408.0000,420.0000,403.0000,415.0000,37371,415.0000
2019-10-01,414.0000,416.7500,406.5000,411.5000,38491,411.5000
2019-10-02,411.5000,412.7500,401.5000,405.7500,33218,405.7500
2019-10-03,404.0000,408.2500,400.5000,405.7500,29011,405.7500
2019-10-04,404.7500,409.2500,403.2500,404.0000,18094,404.0000
2019-10-07,405.0000,408.0000,401.7500,402.2500,22051,402.2500
2019-10-08,402.2500,412.2500,398.7500,410.2500,32688,410.2500
2019-10-09,409.5000,417.7500,407.5000,413.2500,31934,413.2500
2019-10-10,411.5000,417.0000,400.5000,403.2500,37829,403.2500
2019-10-11,403.0000,423.2500,402.5000,419.5000,44132,419.5000
2019-10-14,424.0000,427.7500,419.5000,425.7500,26821,425.7500
2019-10-15,423.7500,426.0000,418.7500,421.2500,24705,421.2500
2019-10-16,420.0000,425.7500,417.5000,425.0000,22996,425.0000
2019-10-17,425.5000,433.2500,423.7500,431.2500,29757,431.2500
2019-10-18,430.7500,434.0000,426.7500,433.7500,29278,433.7500
2019-10-21,432.7500,437.2500,424.7500,425.5000,34889,425.5000
2019-10-22,424.7500,433.7500,420.5000,421.2500,28958,421.2500
2019-10-23,421.2500,425.0000,418.5000,423.2500,20583,423.2500
2019-10-24,424.0000,426.7500,418.5000,419.5000,20226,419.5000
2019-10-25,420.0000,425.2500,417.0000,422.7500,23884,422.7500
2019-10-28,423.0000,423.2500,415.5000,417.0000,22063,417.0000
2019-10-29,417.7500,421.7500,415.5000,419.0000,19646,419.0000
2019-10-30,419.2500,422.0000,416.2500,418.2500,18457,418.2500
2019-10-31,418.5000,420.7500,410.0000,419.7500,31985,419.7500
2019-11-01,418.5000,427.0000,417.5000,426.0000,34676,426.0000
2019-11-04,424.7500,427.5000,421.0000,423.0000,27440,423.0000
2019-11-05,423.0000,430.0000,421.5000,428.5000,33963,428.5000
2019-11-06,428.7500,432.2500,426.2500,427.7500,31302,427.7500
2019-11-07,427.5000,429.2500,420.2500,424.7500,46610,424.7500
2019-11-08,424.2500,430.0000,417.7500,421.5000,51023,421.5000
2019-11-11,421.2500,425.0000,418.0000,422.7500,47799,422.7500
2019-11-12,424.5000,439.2500,423.5000,438.7500,62726,438.7500
2019-11-13,438.5000,439.0000,423.7500,424.7500,58249,424.7500
2019-11-14,427.2500,429.0000,418.7500,422.2500,38277,422.2500
2019-11-15,421.7500,423.0000,416.5000,417.0000,24567,417.0000
2019-11-18,416.7500,424.0000,413.2500,418.5000,44043,418.5000
2019-11-19,417.5000,427.7500,417.5000,425.7500,33922,425.7500
2019-11-20,426.2500,429.7500,422.0000,426.0000,20997,426.0000
2019-11-21,426.0000,429.0000,420.0000,421.0000,13550,421.0000
2019-11-22,421.0000,427.2500,420.2500,424.0000,18483,424.0000
2019-11-25,424.0000,436.5000,424.0000,435.5000,22783,435.5000
2019-11-26,435.2500,435.7500,427.7500,432.5000,17571,432.5000
2019-11-27,431.7500,435.7500,423.7500,426.7500,10913,426.7500
2019-11-29,430.2500,441.7500,430.2500,438.7500,1961,438.7500
2019-12-02,439.7500,445.5000,432.2500,437.2500,346,437.2500
2019-12-03,440.2500,444.0000,422.5000,422.5000,69,422.5000
2019-12-04,425.5000,425.5000,425.2500,425.2500,3,425.2500
2019-12-05,426.7500,426.7500,420.2500,420.2500,3,420.2500
2019-12-06,415.0000,415.0000,415.0000,415.0000,5,415.0000
2019-12-09,415.2500,415.5000,411.5000,411.5000,8,411.5000
2019-12-10,416.0000,416.0000,416.0000,416.0000,4,416.0000
2019-12-11,416.0000,416.0000,415.5000,415.5000,9,415.5000
2019-12-12,427.5000,427.5000,427.5000,427.5000,9,427.5000
2019-12-13,427.5000,427.5000,427.5000,427.5000,34442,427.5000
2019-12-16,444.5000,467.0000,444.5000,462.0000,49547,462.0000
2019-12-17,461.2500,468.0000,456.2500,467.0000,36325,467.0000
2019-12-18,464.2500,467.0000,459.0000,462.2500,29181,462.2500
2019-12-19,462.0000,467.7500,459.2500,460.5000,20511,460.5000
2019-12-20,460.5000,464.7500,457.0000,462.2500,22735,462.2500
2019-12-23,461.5000,466.7500,458.0000,458.5000,20861,458.5000
2019-12-24,459.0000,466.7500,458.5000,460.5000,11794,460.5000
2019-12-26,461.5000,471.7500,460.0000,470.5000,17750,470.5000
2019-12-27,471.7500,481.5000,471.0000,479.7500,26701,479.7500
2019-12-30,482.0000,485.0000,474.0000,480.5000,23948,480.5000
2019-12-31,480.0000,487.0000,477.5000,486.0000,19826,486.0000
2020-01-02,485.2500,496.7500,483.5000,485.2500,28323,485.2500
2020-01-03,485.2500,486.0000,473.0000,475.0000,28124,475.0000
2020-01-06,472.5000,479.0000,469.5000,477.2500,24230,477.2500
2020-01-07,476.0000,477.0000,470.5000,475.0000,23755,475.0000
2020-01-08,473.0000,482.7500,469.7500,480.0000,36862,480.0000
2020-01-09,480.0000,492.7500,479.2500,490.2500,36860,490.2500
2020-01-10,490.2500,498.2500,484.7500,494.7500,52351,494.7500
2020-01-13,496.5000,496.5000,488.2500,492.7500,29279,492.7500
2020-01-14,491.2500,500.7500,490.0000,497.0000,30885,497.0000
2020-01-15,496.0000,504.2500,493.7500,496.5000,30121,496.5000
2020-01-16,496.7500,496.7500,482.2500,484.7500,27049,484.7500
2020-01-17,485.0000,496.0000,480.5000,494.2500,27260,494.2500
2020-01-21,495.2500,500.7500,487.7500,500.0000,23480,500.0000
2020-01-22,499.7500,504.7500,491.0000,492.5000,32322,492.5000
2020-01-23,492.5000,496.2500,490.0000,492.2500,21677,492.2500
2020-01-24,492.5000,493.0000,483.7500,486.0000,25091,486.0000
2020-01-27,483.0000,487.7500,476.5000,486.5000,24362,486.5000
2020-01-28,486.7500,490.2500,480.0000,482.0000,22930,482.0000
2020-01-29,482.7500,485.5000,471.2500,472.0000,23782,472.0000
2020-01-30,471.7500,473.0000,463.2500,471.0000,22914,471.0000
2020-01-31,471.0000,473.7500,463.5000,465.5000,22919,465.5000
2020-02-03,464.0000,468.7500,458.5000,466.7500,29215,466.7500
2020-02-04,464.2500,475.2500,464.0000,467.2500,21882,467.2500
2020-02-05,467.7500,474.7500,467.5000,473.7500,19112,473.7500
2020-02-06,473.7500,477.0000,467.0000,467.7500,16150,467.7500
2020-02-07,467.2500,474.0000,466.0000,472.5000,35183,472.5000
2020-02-10,472.5000,476.5000,469.0000,472.5000,45359,472.5000
2020-02-11,472.2500,474.0000,465.5000,468.2500,65725,468.2500
2020-02-12,467.0000,472.7500,464.5000,471.0000,32756,471.0000
2020-02-13,469.7500,470.7500,462.7500,466.0000,38010,466.0000
2020-02-14,466.5000,471.0000,465.0000,465.5000,25934,465.5000
2020-02-18,469.0000,486.7500,466.7500,485.7500,34409,485.7500
2020-02-19,485.0000,485.0000,471.7500,479.7500,19832,479.7500
2020-02-20,479.2500,481.5000,472.2500,473.7500,16033,473.7500
2020-02-21,472.7500,480.0000,468.0000,468.5000,24984,468.5000
2020-02-24,468.0000,468.2500,451.5000,452.2500,31814,452.2500
2020-02-25,455.5000,457.0000,448.0000,455.0000,18812,455.0000
2020-02-26,455.0000,459.2500,451.0000,452.2500,19517,452.2500
2020-02-27,451.0000,451.5000,442.0000,443.2500,12305,443.2500
2020-02-28,440.2500,446.0000,431.7500,445.5000,1313,445.5000
2020-03-02,445.5000,451.5000,439.5000,451.0000,220,451.0000
2020-03-03,452.0000,452.0000,452.0000,452.0000,31,452.0000
2020-03-04,448.2500,449.5000,445.0000,446.2500,10,446.2500
2020-03-05,445.0000,464.5000,439.2500,439.2500,13,439.2500
2020-03-06,458.0000,458.0000,439.2500,439.2500,2,439.2500
2020-03-09,436.5000,436.5000,436.5000,436.5000,0,436.5000
2020-03-10,443.2500,443.2500,443.2500,443.2500,0,443.2500
2020-03-11,468.7500,470.7500,434.0000,434.0000,19,434.0000
2020-03-12,462.2500,462.2500,431.2500,431.2500,7,431.2500
2020-03-13,431.2500,431.2500,431.2500,431.2500,25503,431.2500
2020-03-16,429.2500,432.0000,420.0000,423.7500,31926,423.7500
2020-03-17,422.7500,438.7500,420.2500,432.2500,43826,432.2500
2020-03-18,433.7500,448.5000,429.0000,446.5000,49112,446.5000
2020-03-19,447.5000,476.2500,447.5000,465.5000,53085,465.5000
2020-03-20,466.0000,477.2500,464.7500,469.0000,32003,469.0000
2020-03-23,472.2500,491.7500,468.0000,489.5000,37772,489.5000
2020-03-24,489.0000,491.5000,480.5000,490.7500,27436,490.7500
2020-03-25,490.0000,505.7500,486.5000,501.0000,31916,501.0000
2020-03-26,501.0000,503.5000,485.0000,487.2500,27869,487.2500
2020-03-27,487.0000,505.0000,483.0000,486.7500,38020,486.7500
2020-03-30,487.2500,494.5000,479.7500,486.7500,21118,486.7500
2020-03-31,486.7500,497.0000,482.5000,493.0000,27722,493.0000
2020-04-01,493.0000,496.7500,470.7500,475.0000,31019,475.0000
2020-04-02,475.2500,478.0000,460.5000,464.0000,21828,464.0000
2020-04-03,464.0000,477.7500,463.7500,472.0000,19440,472.0000
2020-04-06,472.2500,485.0000,472.2500,475.7500,22879,475.7500
2020-04-07,474.2500,477.5000,468.2500,473.2500,27233,473.2500
2020-04-08,474.0000,481.0000,471.0000,478.0000,24243,478.0000
2020-04-09,478.0000,493.2500,478.0000,492.0000,34243,492.0000
2020-04-13,495.5000,502.0000,490.5000,494.0000,30623,494.0000
2020-04-14,493.0000,496.0000,480.0000,483.7500,29047,483.7500
2020-04-15,481.0000,483.7500,469.0000,479.5000,27357,479.5000
2020-04-16,478.0000,486.7500,469.0000,470.0000,18640,470.0000
2020-04-17,470.5000,480.5000,466.2500,478.7500,13469,478.7500
2020-04-20,480.0000,507.7500,480.0000,495.2500,19669,495.2500
2020-04-21,498.5000,503.2500,487.7500,496.7500,16001,496.7500
2020-04-22,497.5000,499.7500,488.7500,490.0000,14802,490.0000
2020-04-23,490.0000,495.0000,482.7500,485.5000,14666,485.5000
2020-04-24,486.0000,488.0000,472.2500,474.7500,16823,474.7500
2020-04-27,475.2500,476.2500,468.5000,470.5000,12495,470.5000
2020-04-28,473.5000,479.0000,469.7500,474.5000,9196,474.5000
2020-04-29,474.5000,477.5000,463.5000,467.7500,8449,467.7500
2020-04-30,467.7500,482.2500,461.7500,482.2500,1134,482.2500
2020-05-01,482.5000,482.7500,478.2500,482.0000,204,482.0000
2020-05-04,477.7500,483.7500,477.7500,483.7500,11,483.7500
2020-05-05,479.0000,484.0000,476.7500,483.0000,17,483.0000
2020-05-06,476.0000,476.5000,476.0000,476.5000,1,476.5000
2020-05-07,488.0000,488.0000,477.5000,477.5000,1,477.5000
2020-05-08,475.0000,504.0000,475.0000,504.0000,127,504.0000
2020-05-11,504.0000,504.0000,496.0000,496.0000,8,496.0000
2020-05-12,485.2500,485.2500,483.5000,483.5000,8,483.5000
2020-05-13,458.0000,458.0000,458.0000,458.0000,8,458.0000
2020-05-14,458.0000,458.0000,458.0000,458.0000,23632,458.0000
2020-05-15,451.7500,457.0000,450.2500,452.2500,23620,452.2500
2020-05-18,454.2500,455.5000,444.5000,446.2500,21712,446.2500
2020-05-19,447.5000,449.2500,440.2500,441.5000,22430,441.5000
2020-05-20,441.5000,454.0000,438.7500,453.2500,32726,453.2500
2020-05-21,454.0000,460.7500,449.2500,454.5000,25814,454.5000
2020-05-22,453.5000,454.7500,443.5000,444.5000,20824,444.5000
2020-05-26,442.0000,452.2500,441.0000,447.2500,23807,447.2500
2020-05-27,448.0000,454.2500,446.2500,451.7500,20780,451.7500
2020-05-28,451.2500,468.2500,450.5000,464.0000,28301,464.0000
2020-05-29,464.0000,473.0000,462.7500,470.5000,26020,470.5000
2020-06-01,469.7500,470.0000,457.7500,462.5000,25598,462.5000
2020-06-02,462.5000,464.0000,450.0000,450.7500,28668,450.7500
2020-06-03,452.5000,459.7500,450.2500,457.7500,23172,457.7500
2020-06-04,457.0000,476.7500,457.0000,472.2500,35047,472.2500
2020-06-05,473.5000,476.0000,459.5000,461.2500,43734,461.2500
2020-06-08,463.0000,466.0000,457.5000,460.5000,33405,460.5000
2020-06-09,460.0000,463.7500,453.7500,457.7500,38434,457.7500
2020-06-10,457.7500,464.7500,455.7500,457.5000,30920,457.5000
2020-06-11,456.7500,458.2500,445.2500,447.0000,43931,447.0000
2020-06-12,446.5000,453.7500,445.0000,448.5000,35387,448.5000
2020-06-15,447.2500,447.7500,442.2500,445.7500,27439,445.7500
2020-06-16,446.0000,449.5000,433.5000,438.2500,28283,438.2500
2020-06-17,436.7500,436.7500,430.7500,432.5000,23704,432.5000
2020-06-18,432.0000,438.0000,428.2500,428.5000,23470,428.5000
2020-06-19,428.5000,433.0000,427.7500,428.2500,20926,428.2500
2020-06-22,428.5000,433.2500,427.5000,431.2500,16956,431.2500
2020-06-23,431.2500,436.0000,426.0000,435.0000,16260,435.0000
2020-06-24,435.0000,437.7500,430.7500,431.2500,15394,431.2500
2020-06-25,431.0000,433.0000,426.5000,429.7500,16881,429.7500
2020-06-26,429.5000,432.2500,416.5000,421.2500,23333,421.2500
2020-06-29,420.2500,431.0000,418.2500,428.7500,13821,428.7500
2020-06-30,428.7500,444.0000,426.2500,435.5000,1762,435.5000
2020-07-01,435.7500,443.2500,434.0000,442.5000,603,442.5000
2020-07-02,438.5000,438.5000,425.2500,427.2500,103,427.2500
2020-07-06,433.0000,434.2500,428.5000,432.7500,36,432.7500
2020-07-07,436.5000,436.5000,434.0000,436.0000,46,436.0000
2020-07-08,447.2500,453.5000,447.2500,452.0000,27,452.0000
2020-07-09,455.0000,458.5000,452.0000,452.0000,5,452.0000
2020-07-10,452.0000,454.7500,447.2500,447.2500,5,447.2500
2020-07-13,440.5000,440.5000,440.5000,440.5000,27,440.5000
2020-07-14,445.2500,445.2500,438.2500,438.2500,26399,438.2500
2020-07-15,442.0000,460.2500,441.0000,459.5000,41438,459.5000
2020-07-16,459.5000,462.7500,445.0000,448.7500,32771,448.7500
2020-07-17,451.2500,454.2500,445.0000,448.7500,20659,448.7500
2020-07-20,448.0000,450.5000,432.0000,435.0000,30180,435.0000
2020-07-21,435.0000,444.2500,433.7500,442.5000,21434,442.5000
2020-07-22,441.2500,452.0000,439.7500,448.5000,19357,448.5000
2020-07-23,448.0000,449.2500,441.0000,441.2500,22439,441.2500
2020-07-24,441.5000,455.2500,440.2500,449.5000,28719,449.5000
2020-07-27,448.5000,449.0000,438.2500,439.5000,20546,439.5000
2020-07-28,439.5000,442.7500,433.2500,436.7500,24116,436.7500
2020-07-29,436.7500,446.2500,436.7500,445.7500,28346,445.7500
2020-07-30,445.5000,447.0000,438.2500,440.0000,27175,440.0000
2020-07-31,440.0000,445.2500,439.5000,442.5000,19355,442.5000
2020-08-03,438.5000,439.5000,426.2500,430.7500,35186,430.7500
2020-08-04,431.5000,431.5000,421.7500,422.2500,29367,422.2500
2020-08-05,423.0000,427.5000,422.2500,426.5000,23355,426.5000
2020-08-06,426.0000,426.2500,414.7500,417.2500,32322,417.2500
2020-08-07,417.0000,420.0000,409.7500,415.5000,57164,415.5000
2020-08-10,415.0000,417.2500,410.0000,414.0000,28818,414.0000
2020-08-11,413.2500,421.5000,413.2500,416.7500,57671,416.7500
2020-08-12,416.2500,420.0000,412.5000,417.7500,51593,417.7500
2020-08-13,417.2500,427.2500,416.2500,425.0000,30647,425.0000
2020-08-14,423.7500,433.0000,422.2500,425.2500,40959,425.2500
2020-08-17,425.2500,439.0000,425.2500,437.2500,36306,437.2500
2020-08-18,436.7500,437.0000,426.2500,430.0000,25925,430.0000
2020-08-19,430.0000,438.7500,428.5000,437.5000,16899,437.5000
2020-08-20,436.7500,442.0000,431.2500,441.5000,20158,441.5000
2020-08-21,440.2500,447.0000,437.2500,445.7500,19961,445.7500
2020-08-24,445.0000,449.7500,432.5000,435.2500,21359,435.2500
2020-08-25,435.2500,451.7500,435.2500,444.2500,21571,444.2500
2020-08-26,443.7500,450.7500,437.7500,450.2500,17537,450.2500
2020-08-27,449.2500,464.5000,448.2500,460.7500,22032,460.7500
2020-08-28,459.7500,466.0000,457.7500,461.7500,10471,461.7500
2020-08-31,463.5000,477.0000,461.7500,470.5000,606,470.5000
2020-09-01,467.7500,488.5000,467.7500,483.5000,440,483.5000
2020-09-02,481.0000,481.0000,473.7500,476.7500,189,476.7500
2020-09-03,478.0000,478.5000,475.0000,475.0000,159,475.0000
2020-09-04,480.0000,480.0000,474.5000,474.5000,33,474.5000
2020-09-08,475.2500,475.2500,471.5000,471.5000,1,471.5000
2020-09-09,476.5000,476.5000,473.2500,473.2500,13,473.2500
2020-09-10,484.2500,484.2500,476.2500,476.2500,19,476.2500
2020-09-11,477.0000,477.0000,461.2500,473.5000,25,473.5000
2020-09-14,477.5000,477.5000,474.7500,474.7500,18792,474.7500
2020-09-15,474.0000,475.7500,463.2500,468.0000,23578,468.0000
2020-09-16,466.5000,475.7500,465.0000,475.0000,27333,475.0000
2020-09-17,473.0000,490.5000,471.0000,487.5000,28372,487.5000
2020-09-18,488.2500,507.5000,488.0000,504.2500,41700,504.2500
2020-09-21,509.0000,509.0000,483.0000,487.2500,36911,487.2500
2020-09-22,488.5000,500.2500,484.0000,491.7500,26310,491.7500
2020-09-23,492.0000,494.5000,483.2500,484.2500,22929,484.2500
2020-09-24,484.5000,487.5000,477.2500,483.0000,26130,483.0000
2020-09-25,484.5000,486.0000,474.7500,475.2500,21685,475.2500
2020-09-28,473.7500,483.5000,469.5000,482.7500,23422,482.7500
2020-09-29,481.0000,484.0000,474.7500,476.0000,18759,476.0000
2020-09-30,475.7500,515.5000,475.0000,509.7500,56978,509.7500
2020-10-01,507.0000,513.2500,504.5000,506.5000,35805,506.5000
2020-10-02,506.5000,512.0000,497.5000,509.5000,15766,509.5000
2020-10-05,510.5000,527.5000,510.2500,524.2500,25826,524.2500
2020-10-06,524.5000,542.7500,518.5000,534.2500,31835,534.2500
2020-10-07,534.2500,552.5000,531.2500,544.5000,41873,544.5000
2020-10-08,546.5000,552.7500,527.5000,528.7500,38951,528.7500
2020-10-09,528.7500,542.7500,526.0000,535.5000,28461,535.5000
2020-10-12,535.5000,539.7500,526.7500,530.5000,20732,530.5000
2020-10-13,535.2500,540.5000,527.2500,531.2500,23157,531.2500
2020-10-14,534.0000,539.5000,523.5000,535.2500,18009,535.2500
2020-10-15,536.7500,559.5000,533.7500,558.0000,29177,558.0000
2020-10-16,557.2500,565.2500,552.0000,558.7500,31022,558.7500
2020-10-19,565.5000,568.7500,555.2500,563.0000,20577,563.0000
2020-10-20,563.0000,572.5000,560.2500,571.0000,22336,571.0000
2020-10-21,574.0000,579.5000,568.2500,569.7500,25204,569.7500
2020-10-22,569.5000,571.7500,558.5000,560.2500,22756,560.2500
2020-10-23,558.5000,572.7500,556.0000,569.7500,19725,569.7500
2020-10-26,569.5000,569.5000,548.2500,552.0000,29745,552.0000
2020-10-27,552.0000,560.5000,547.7500,549.2500,24054,549.2500
2020-10-28,548.2500,548.7500,532.0000,543.2500,28333,543.2500
2020-10-29,543.0000,546.5000,534.7500,542.0000,22909,542.0000
2020-10-30,541.5000,549.2500,535.0000,541.2500,24685,541.2500
2020-11-02,537.2500,556.0000,535.5000,553.0000,34784,553.0000
2020-11-03,553.0000,562.7500,552.2500,557.0000,25998,557.0000
2020-11-04,557.0000,561.5000,550.2500,559.7500,21158,559.7500
2020-11-05,559.7500,581.0000,559.2500,563.0000,34958,563.0000
2020-11-06,563.0000,570.2500,554.2500,555.2500,46328,555.2500
2020-11-09,556.2500,560.5000,548.7500,552.5000,37434,552.5000
2020-11-10,552.2500,566.2500,548.5000,561.5000,46352,561.5000
2020-11-11,562.0000,568.7500,551.0000,554.2500,38902,554.2500
2020-11-12,554.0000,555.2500,542.2500,544.0000,32990,544.0000
2020-11-13,542.5000,554.2500,537.5000,552.0000,35273,552.0000
2020-11-16,551.0000,560.2500,543.2500,558.0000,21052,558.0000
2020-11-17,558.0000,562.5000,550.5000,552.5000,18219,552.5000
2020-11-18,552.5000,559.2500,548.5000,557.7500,15079,557.7500
2020-11-19,557.2500,560.7500,546.7500,548.7500,11743,548.7500
2020-11-20,548.7500,554.7500,546.2500,550.2500,12249,550.2500
2020-11-23,550.5000,557.0000,549.5000,551.2500,15059,551.2500
2020-11-24,552.5000,562.0000,545.0000,561.0000,16162,561.0000
2020-11-25,563.2500,565.0000,543.0000,543.7500,10655,543.7500
2020-11-27,547.5000,563.0000,547.5000,561.5000,3003,561.5000
2020-11-30,559.5000,559.5000,545.5000,545.7500,494,545.7500
2020-12-01,548.0000,548.0000,537.5000,537.5000,84,537.5000
2020-12-02,539.5000,550.5000,539.5000,550.5000,44,550.5000
2020-12-03,545.0000,545.0000,545.0000,545.0000,4,545.0000
2020-12-04,543.2500,544.0000,540.0000,541.2500,11,541.2500
2020-12-07,536.0000,542.5000,536.0000,542.5000,25,542.5000
2020-12-08,541.5000,542.5000,532.5000,536.2500,26,536.2500
2020-12-09,541.5000,550.2500,541.5000,550.2500,2,550.2500
2020-12-10,562.7500,562.7500,562.7500,562.7500,7,562.7500
2020-12-11,579.0000,579.0000,579.0000,579.0000,8,579.0000
2020-12-14,579.0000,579.0000,579.0000,579.0000,21270,579.0000
2020-12-15,563.7500,571.0000,560.2500,566.0000,16656,566.0000
2020-12-16,566.7500,572.7500,556.0000,561.5000,19009,561.5000
2020-12-17,561.5000,571.2500,561.2500,570.0000,13702,570.0000
2020-12-18,570.7500,574.7500,564.2500,569.2500,10970,569.2500
2020-12-21,572.0000,575.2500,557.5000,574.5000,15368,574.5000
2020-12-22,574.5000,581.5000,563.0000,579.2500,21314,579.2500
2020-12-23,577.5000,593.0000,573.0000,588.0000,18633,588.0000
2020-12-24,588.0000,591.5000,585.0000,589.0000,7066,589.0000
2020-12-28,590.5000,592.0000,569.7500,577.0000,16469,577.0000
2020-12-29,577.0000,587.2500,575.0000,585.0000,10868,585.0000
2020-12-30,585.0000,604.7500,580.7500,601.2500,20826,601.2500
2020-12-31,600.0000,606.5000,594.0000,603.5000,16155,603.5000
2021-01-04,605.0000,613.7500,597.0000,599.5000,23945,599.5000
2021-01-05,599.5000,616.5000,596.0000,609.2500,22272,609.2500
2021-01-06,609.2500,615.0000,603.0000,603.5000,18859,603.5000
2021-01-07,604.0000,605.7500,596.5000,598.5000,17350,598.5000
2021-01-08,600.0000,601.7500,587.2500,594.7500,22565,594.7500
2021-01-11,594.5000,604.7500,588.0000,594.0000,19844,594.0000
2021-01-12,596.2500,626.5000,594.0000,622.5000,29054,622.5000
2021-01-13,622.0000,639.5000,617.7500,625.7500,25852,625.7500
2021-01-14,625.7500,640.7500,621.0000,636.5000,21509,636.5000
2021-01-15,637.7500,660.0000,635.5000,643.0000,24803,643.0000
2021-01-19,649.7500,657.0000,638.7500,644.0000,22907,644.0000
2021-01-20,645.5000,647.7500,633.2500,637.0000,20575,637.0000
2021-01-21,637.0000,646.5000,632.2500,635.7500,17611,635.7500
2021-01-22,633.7500,634.2500,611.7500,613.2500,24376,613.2500
2021-01-25,613.2500,630.2500,605.5000,627.2500,21991,627.2500
2021-01-26,626.0000,645.5000,620.5000,641.0000,23535,641.0000
2021-01-27,640.5000,648.0000,630.7500,636.7500,17751,636.7500
2021-01-28,635.7500,645.2500,624.0000,626.0000,23684,626.0000
2021-01-29,628.0000,639.7500,623.2500,638.0000,22765,638.0000
2021-02-01,638.5000,644.0000,616.7500,625.2500,30518,625.2500
2021-02-02,627.0000,629.7500,616.7500,619.0000,15990,619.0000
2021-02-03,619.0000,628.2500,604.5000,625.5000,28795,625.5000
2021-02-04,625.0000,630.0000,614.5000,618.7500,28510,618.7500
2021-02-05,616.7500,629.7500,612.7500,625.2500,51760,625.2500
2021-02-08,627.7500,642.0000,626.2500,639.5000,56013,639.5000
2021-02-09,642.0000,644.0000,625.5000,633.5000,48414,633.5000
2021-02-10,634.0000,635.2500,610.7500,614.0000,44224,614.0000
2021-02-11,614.0000,625.5000,609.2500,611.0000,41828,611.0000
2021-02-12,612.0000,624.2500,612.0000,616.7500,24334,616.7500
2021-02-16,628.7500,639.5000,625.0000,637.5000,13923,637.5000
2021-02-17,639.0000,640.0000,619.7500,624.5000,20856,624.5000
2021-02-18,623.5000,639.0000,623.0000,636.7500,20822,636.7500
2021-02-19,637.2500,645.5000,627.7500,631.7500,19960,631.7500
2021-02-22,632.7500,645.2500,632.7500,644.5000,15956,644.5000
2021-02-23,645.0000,645.5000,635.0000,641.0000,16406,641.0000
2021-02-24,642.0000,657.0000,639.0000,656.0000,12742,656.0000
2021-02-25,654.2500,656.0000,637.2500,644.2500,7676,644.2500
2021-02-26,637.0000,637.0000,624.7500,624.7500,871,624.7500
2021-03-01,629.0000,629.0000,614.2500,614.2500,149,614.2500
2021-03-02,620.0000,630.7500,620.0000,627.0000,63,627.0000
2021-03-03,616.0000,617.5000,615.5000,617.5000,342,617.5000
2021-03-04,616.5000,616.5000,612.7500,612.7500,166,612.7500
2021-03-05,617.2500,617.2500,617.2500,617.2500,22,617.2500
2021-03-08,611.7500,615.5000,611.7500,613.2500,28,613.2500
2021-03-09,618.0000,618.0000,618.0000,618.0000,15,618.0000
2021-03-10,605.0000,608.0000,605.0000,608.0000,18,608.0000
2021-03-11,597.0000,597.0000,593.7500,595.7500,2,595.7500
2021-03-12,595.0000,595.0000,595.0000,595.0000,15510,595.0000
2021-03-15,604.0000,609.0000,598.2500,606.7500,19794,606.7500
2021-03-16,605.7500,609.0000,591.2500,608.2500,25900,608.2500
2021-03-17,606.5000,609.2500,600.2500,601.0000,11406,601.0000
2021-03-18,600.5000,601.7500,585.5000,587.0000,18372,587.0000
2021-03-19,587.0000,590.2500,580.0000,585.5000,22951,585.5000
2021-03-22,587.5000,587.5000,574.2500,578.2500,22888,578.2500
2021-03-23,577.0000,587.0000,566.5000,582.0000,29844,582.0000
2021-03-24,582.0000,582.7500,575.0000,576.2500,15848,576.2500
2021-03-25,576.2500,577.5000,565.5000,566.7500,18269,566.7500
2021-03-26,566.7500,572.5000,562.5000,568.2500,14514,568.2500
2021-03-29,569.2500,570.2500,558.2500,569.5000,21698,569.5000
2021-03-30,569.0000,569.2500,556.2500,558.5000,15447,558.5000
2021-03-31,559.2500,587.0000,553.0000,575.7500,32946,575.7500
2021-04-01,577.7500,582.0000,559.0000,565.0000,24928,565.0000
2021-04-05,563.2500,573.7500,561.7500,563.0000,13858,563.0000
2021-04-06,565.2500,567.0000,553.5000,555.5000,29132,555.5000
2021-04-07,556.2500,566.2500,555.2500,563.2500,26415,563.2500
2021-04-08,563.5000,580.0000,563.5000,576.5000,46038,576.5000
2021-04-09,578.7500,592.5000,576.7500,586.5000,39208,586.5000
2021-04-12,586.5000,588.5000,575.7500,579.0000,41317,579.0000
2021-04-13,580.0000,587.0000,576.2500,584.7500,24781,584.7500
2021-04-14,584.0000,608.7500,584.0000,603.5000,43099,603.5000
2021-04-15,604.2500,610.7500,596.0000,607.7500,23254,607.7500
2021-04-16,607.7500,616.0000,601.0000,609.2500,18992,609.2500
2021-04-19,610.0000,618.5000,609.5000,612.0000,10195,612.0000
2021-04-20,612.0000,635.7500,609.2500,620.7500,23234,620.7500
2021-04-21,623.0000,636.5000,618.5000,630.7500,11977,630.7500
2021-04-22,630.7500,670.7500,630.7500,667.5000,16215,667.5000
2021-04-23,667.2500,675.7500,660.7500,673.2500,11693,673.2500
2021-04-26,674.0000,712.0000,674.0000,701.7500,15511,701.7500
2021-04-27,703.5000,734.7500,695.7500,704.2500,14618,704.2500
2021-04-28,703.0000,711.7500,682.2500,689.2500,9896,689.2500
2021-04-29,687.0000,695.2500,674.5000,688.5000,5643,688.5000
2021-04-30,687.5000,698.2500,681.2500,698.2500,413,698.2500
2021-05-03,687.0000,690.2500,682.5000,682.5000,150,682.5000
2021-05-04,683.0000,691.0000,680.5000,691.0000,19,691.0000
2021-05-05,709.7500,709.7500,709.7500,709.7500,219,709.7500
2021-05-06,709.5000,717.7500,709.5000,717.7500,16,717.7500
2021-05-07,724.0000,727.7500,724.0000,727.7500,8,727.7500
2021-05-10,713.2500,713.2500,695.5000,695.5000,7,695.5000
2021-05-11,707.0000,707.0000,702.5000,702.5000,12,702.5000
2021-05-12,682.7500,682.7500,682.7500,682.7500,6,682.7500
2021-05-13,677.5000,677.5000,652.2500,652.2500,14,652.2500
2021-05-14,651.7500,651.7500,651.7500,651.7500,35340,651.7500
2021-05-17,657.7500,659.0000,643.2500,652.2500,20524,652.2500
2021-05-18,653.0000,670.5000,642.5000,647.7500,21713,647.7500
2021-05-19,647.7500,649.5000,619.2500,633.7500,26710,633.7500
2021-05-20,639.0000,643.5000,622.2500,625.0000,33677,625.0000
2021-05-21,625.2500,627.5000,615.7500,624.0000,25843,624.0000
2021-05-24,618.0000,620.2500,606.2500,615.2500,19629,615.2500
2021-05-25,617.5000,620.0000,597.0000,604.5000,26368,604.5000
2021-05-26,604.0000,606.5000,588.0000,598.7500,28798,598.7500
2021-05-27,600.7500,629.5000,599.0000,626.2500,27452,626.2500
2021-05-28,627.7500,629.5000,610.7500,613.2500,23561,613.2500
2021-06-01,623.2500,653.0000,621.5000,637.5000,29285,637.5000
2021-06-02,636.0000,646.7500,625.5000,633.7500,26274,633.7500
2021-06-03,634.0000,646.7500,617.5000,624.2500,24876,624.2500
2021-06-04,623.7500,639.7500,622.5000,636.5000,23786,636.5000
2021-06-07,645.0000,654.5000,627.2500,630.0000,40184,630.0000
2021-06-08,632.2500,650.2500,628.5000,632.5000,34857,632.5000
2021-06-09,633.2500,637.0000,621.0000,635.7500,32892,635.7500
2021-06-10,636.2500,647.2500,630.5000,640.2500,31254,640.2500
2021-06-11,639.7500,642.7500,624.2500,638.0000,29351,638.0000
2021-06-14,635.0000,636.5000,612.5000,628.0000,21101,628.0000
2021-06-15,627.7500,628.2500,602.2500,612.7500,33079,612.7500
2021-06-16,613.0000,622.7500,608.5000,610.7500,23179,610.7500
2021-06-17,611.7500,613.2500,583.7500,585.2500,20261,585.2500
2021-06-18,586.2500,616.2500,585.5000,606.5000,22688,606.5000
2021-06-21,607.5000,611.0000,587.5000,599.7500,17804,599.7500
2021-06-22,605.0000,612.5000,595.2500,596.5000,13814,596.5000
2021-06-23,599.7500,618.7500,598.2500,612.0000,18354,612.0000
2021-06-24,610.0000,614.0000,598.7500,606.0000,12814,606.0000
2021-06-25,605.5000,615.0000,596.7500,600.2500,13905,600.2500
2021-06-28,600.2500,623.2500,600.0000,618.0000,21466,618.0000
2021-06-29,620.2500,635.0000,614.2500,619.0000,14002,619.0000
2021-06-30,617.0000,650.2500,607.2500,650.2500,2426,650.2500
2021-07-01,653.5000,661.5000,630.0000,631.5000,385,631.5000
2021-07-02,632.0000,632.0000,608.7500,611.2500,291,611.2500
2021-07-06,599.0000,599.0000,573.0000,575.5000,176,575.5000
2021-07-07,577.2500,586.7500,573.2500,581.0000,152,581.0000
2021-07-08,580.0000,593.7500,580.0000,590.2500,13,590.2500
2021-07-09,588.0000,603.5000,588.0000,599.0000,88,599.0000
2021-07-12,622.0000,622.0000,604.7500,616.0000,27,616.0000
2021-07-13,607.5000,625.7500,607.5000,612.5000,19,612.5000
2021-07-14,617.5000,617.5000,617.5000,617.5000,25819,617.5000
2021-07-15,626.0000,641.0000,623.5000,640.2500,26305,640.2500
2021-07-16,639.0000,660.7500,637.5000,651.5000,28605,651.5000
2021-07-19,658.2500,668.0000,649.2500,652.2500,27323,652.2500
2021-07-20,652.7500,674.2500,652.7500,660.2500,27312,660.2500
2021-07-21,660.0000,670.5000,660.0000,668.7500,27499,668.7500
2021-07-22,665.5000,666.7500,644.7500,653.7500,24888,653.7500
2021-07-23,650.0000,660.5000,639.2500,646.0000,22848,646.0000
2021-07-26,649.0000,649.0000,631.0000,639.0000,17674,639.0000
2021-07-27,641.0000,655.0000,635.5000,641.5000,21677,641.5000
2021-07-28,641.0000,660.7500,640.7500,659.5000,22284,659.5000
2021-07-29,659.5000,677.7500,658.0000,674.5000,24317,674.5000
2021-07-30,673.2500,679.5000,664.0000,673.2500,21764,673.2500
2021-08-02,672.2500,705.7500,672.2500,703.5000,33293,703.5000
2021-08-03,701.5000,711.7500,695.2500,707.5000,29744,707.5000
2021-08-04,705.5000,719.0000,692.5000,694.2500,28042,694.2500
2021-08-05,692.2500,702.2500,687.7500,691.5000,22288,691.5000
2021-08-06,691.5000,708.2500,689.0000,705.7500,37692,705.7500
2021-08-09,704.7500,712.0000,696.7500,701.5000,31308,701.5000
2021-08-10,700.7500,718.0000,699.5000,714.2500,40385,714.2500
2021-08-11,713.0000,718.0000,705.2500,710.2500,39986,710.2500
2021-08-12,709.0000,747.0000,706.5000,738.7500,41822,738.7500
2021-08-13,736.0000,756.2500,732.0000,742.2500,38593,742.2500
2021-08-16,742.0000,749.0000,734.7500,736.5000,19828,736.5000
2021-08-17,738.0000,740.7500,713.2500,716.7500,21137,716.7500
2021-08-18,716.5000,725.5000,703.7500,723.7500,15911,723.7500
2021-08-19,722.5000,722.7500,707.0000,715.5000,17377,715.5000
2021-08-20,715.5000,718.7500,695.2500,702.0000,19274,702.0000
2021-08-23,699.7500,715.7500,697.2500,704.2500,12069,704.2500
2021-08-24,706.7500,709.5000,696.0000,704.2500,18297,704.2500
2021-08-25,704.2500,708.2500,696.5000,702.0000,13831,702.0000
2021-08-26,702.0000,717.0000,700.0000,715.5000,12648,715.5000
2021-08-27,715.5000,723.0000,709.0000,712.2500,17538,712.2500
2021-08-30,715.2500,724.7500,701.0000,704.2500,6727,704.2500
2021-08-31,701.7500,707.5000,688.5000,705.2500,920,705.2500
2021-09-01,705.0000,705.0000,695.2500,695.2500,76,695.2500
2021-09-02,695.2500,701.2500,694.2500,701.2500,81,701.2500
2021-09-03,702.0000,715.2500,701.5000,715.2500,15,715.2500
2021-09-07,703.5000,709.7500,703.5000,709.7500,2,709.7500
2021-09-08,703.0000,704.0000,697.0000,697.0000,10,697.0000
2021-09-09,684.0000,684.5000,676.5000,676.5000,19,676.5000
2021-09-10,675.2500,676.2500,673.0000,676.2500,28,676.2500
2021-09-13,672.7500,684.0000,666.2500,678.2500,9,678.2500
2021-09-14,686.5000,686.5000,686.5000,686.5000,18830,686.5000
2021-09-15,701.7500,717.2500,698.5000,716.0000,19108,716.0000
2021-09-16,715.5000,722.0000,710.5000,720.5000,18340,720.5000
2021-09-17,720.5000,723.0000,712.2500,713.0000,13957,713.0000
2021-09-20,712.5000,715.0000,697.0000,700.0000,15703,700.0000
2021-09-21,700.0000,701.7500,686.2500,690.5000,17265,690.5000
2021-09-22,690.0000,706.7500,688.5000,706.0000,18417,706.0000
2021-09-23,706.5000,721.5000,705.7500,720.0000,18900,720.0000
2021-09-24,720.0000,723.7500,713.2500,719.7500,19472,719.7500
2021-09-27,717.5000,724.5000,717.5000,720.7500,17030,720.7500
2021-09-28,719.2500,725.5000,703.0000,705.0000,27400,705.0000
2021-09-29,707.5000,715.2500,707.5000,711.7500,18733,711.7500
2021-09-30,711.7500,737.7500,703.5000,731.7500,36873,731.7500
2021-10-01,730.5000,761.7500,728.0000,759.5000,38164,759.5000
2021-10-04,755.2500,764.2500,751.2500,754.2500,25527,754.2500
2021-10-05,753.7500,754.2500,738.0000,741.0000,24595,741.0000
2021-10-06,741.5000,753.2500,738.7500,745.0000,15447,745.0000
2021-10-07,745.0000,751.0000,738.7500,741.2500,17965,741.2500
2021-10-08,740.2500,747.7500,735.2500,737.5000,15101,737.5000
2021-10-11,735.7500,742.0000,733.7500,734.5000,11526,734.5000
2021-10-12,734.0000,748.0000,726.0000,739.7500,26593,739.7500
2021-10-13,740.5000,742.0000,716.0000,721.7500,27614,721.7500
2021-10-14,721.7500,735.7500,721.0000,731.0000,18749,731.0000
2021-10-15,731.0000,748.0000,729.5000,743.7500,21317,743.7500
2021-10-18,744.2500,749.7500,741.2500,749.0000,17543,749.0000
2021-10-19,746.5000,757.2500,745.2500,748.2500,19190,748.2500
2021-10-20,748.5000,760.7500,747.7500,759.7500,21960,759.7500
2021-10-21,759.0000,762.5000,743.2500,747.7500,23167,747.7500
2021-10-22,750.0000,775.0000,750.0000,774.0000,49546,774.0000
2021-10-25,774.0000,782.2500,768.5000,777.7500,23999,777.7500
2021-10-26,781.7500,790.0000,766.5000,777.2500,27016,777.2500
2021-10-27,774.7500,786.5000,771.5000,782.7500,28126,782.7500
2021-10-28,781.2500,797.2500,776.0000,790.0000,22131,790.0000
2021-10-29,790.0000,794.2500,778.5000,785.7500,20627,785.7500
2021-11-01,787.7500,809.5000,779.7500,806.5000,26174,806.5000
2021-11-02,807.2500,814.5000,796.2500,798.2500,24578,798.2500
2021-11-03,796.5000,802.0000,786.2500,790.7500,18145,790.7500
2021-11-04,790.7500,804.0000,782.2500,786.0000,21240,786.0000
2021-11-05,786.7500,791.2500,778.0000,778.7500,25933,778.7500
2021-11-08,778.7500,785.5000,774.0000,780.7500,29355,780.7500
2021-11-09,781.2500,796.5000,776.5000,793.5000,36685,793.5000
2021-11-10,797.2500,819.0000,791.7500,817.5000,39127,817.5000
2021-11-11,817.5000,838.7500,814.7500,828.0000,48705,828.0000
2021-11-12,828.0000,843.5000,818.2500,833.0000,47742,833.0000
2021-11-15,833.0000,839.2500,824.2500,836.0000,31403,836.0000
2021-11-16,836.0000,837.2500,816.2500,820.7500,26966,820.7500
2021-11-17,822.2500,840.5000,821.5000,834.0000,24424,834.0000
2021-11-18,834.7500,849.7500,826.7500,827.2500,23183,827.2500
2021-11-19,827.7500,839.7500,820.2500,834.7500,17524,834.7500
2021-11-22,839.7500,865.2500,838.5000,861.7500,22498,861.7500
2021-11-23,862.0000,879.5000,857.2500,878.7500,21891,878.7500
2021-11-24,878.7500,887.2500,865.7500,873.2500,17993,873.2500
2021-11-26,855.5000,870.2500,845.0000,865.0000,6711,865.0000
2021-11-29,875.2500,881.7500,847.5000,854.0000,7964,854.0000
2021-11-30,852.5000,852.5000,817.0000,819.0000,545,819.0000
2021-12-01,824.2500,824.2500,810.2500,814.2500,438,814.2500
2021-12-02,829.5000,841.2500,829.5000,838.5000,134,838.5000
2021-12-03,832.0000,841.0000,821.5000,822.0000,30,822.0000
2021-12-06,824.0000,824.0000,807.0000,821.5000,53,821.5000
2021-12-07,821.0000,827.2500,819.0000,827.2500,23,827.2500
2021-12-08,822.0000,822.0000,805.7500,810.2500,82,810.2500
2021-12-09,810.5000,810.5000,793.7500,794.5000,14,794.5000
2021-12-10,801.5000,801.5000,801.5000,801.5000,7,801.5000
2021-12-13,804.2500,813.2500,804.2500,808.5000,23,808.5000
2021-12-14,806.7500,821.0000,798.5000,805.2500,13399,805.2500
2021-12-15,811.5000,811.5000,781.0000,785.5000,29036,785.5000
2021-12-16,785.5000,807.2500,781.7500,803.7500,22450,803.7500
2021-12-17,803.0000,817.0000,800.7500,810.0000,20360,810.0000
2021-12-20,814.2500,814.2500,793.7500,813.2500,11651,813.2500
2021-12-21,813.5000,844.5000,811.7500,841.5000,26306,841.5000
2021-12-22,839.7500,856.5000,830.2500,853.7500,22707,853.7500
2021-12-23,852.5000,863.7500,850.0000,861.5000,16352,861.5000
2021-12-27,864.2500,871.0000,845.5000,847.0000,15029,847.0000
2021-12-28,847.5000,850.7500,820.2500,821.7500,22519,821.7500
2021-12-29,822.5000,829.5000,811.2500,824.5000,15162,824.5000
2021-12-30,826.2500,829.0000,808.5000,812.7500,15914,812.7500
2021-12-31,813.0000,820.2500,798.5000,801.5000,15937,801.5000
2022-01-03,805.2500,817.0000,785.5000,791.5000,19358,791.5000
2022-01-04,793.5000,805.2500,792.0000,804.0000,20576,804.0000
2022-01-05,804.0000,807.5000,782.7500,787.0000,24392,787.0000
2022-01-06,787.0000,787.0000,762.0000,768.5000,31828,768.5000
2022-01-07,769.5000,776.0000,754.5000,775.0000,27551,775.0000
2022-01-10,776.5000,779.7500,761.0000,778.2500,24764,778.2500
2022-01-11,778.0000,793.0000,775.7500,791.7500,20997,791.7500
2022-01-12,790.7500,793.5000,775.2500,778.0000,29772,778.0000
2022-01-13,776.0000,777.0000,757.7500,759.7500,30865,759.7500
2022-01-14,759.7500,759.7500,743.7500,745.0000,27326,745.0000
2022-01-18,746.5000,775.0000,745.0000,772.7500,28756,772.7500
2022-01-19,775.0000,800.5000,775.0000,800.0000,25675,800.0000
2022-01-20,799.0000,806.5000,787.5000,796.5000,20215,796.5000
2022-01-21,795.7500,803.0000,786.2500,793.2500,17659,793.2500
2022-01-24,805.0000,819.2500,794.2500,818.0000,22401,818.0000
2022-01-25,819.2500,849.2500,818.2500,834.5000,29723,834.5000
2022-01-26,833.5000,833.7500,804.7500,815.7500,24898,815.7500
2022-01-27,814.0000,816.0000,791.0000,793.5000,22244,793.5000
2022-01-28,793.5000,810.7500,790.0000,802.2500,16013,802.2500
2022-01-31,807.2500,817.0000,777.0000,781.2500,23976,781.2500
2022-02-01,780.7500,793.5000,776.2500,786.2500,19764,786.2500
2022-02-02,786.0000,797.0000,765.7500,769.5000,26659,769.5000
2022-02-03,766.0000,773.2500,753.2500,769.0000,22296,769.0000
2022-02-04,771.0000,788.5000,769.2500,785.7500,22543,785.7500
2022-02-07,796.2500,799.2500,782.2500,791.7500,33463,791.7500
2022-02-08,793.0000,803.2500,777.2500,801.2500,54546,801.2500
2022-02-09,801.2500,818.2500,794.7500,815.0000,46760,815.0000
2022-02-10,816.0000,830.0000,794.7500,801.0000,37954,801.0000
2022-02-11,800.2500,831.0000,791.5000,824.2500,39425,824.2500
2022-02-14,826.0000,844.2500,810.0000,828.5000,23830,828.5000
2022-02-15,830.0000,830.2500,797.2500,806.0000,25377,806.0000
2022-02-16,805.0000,813.2500,799.5000,808.0000,24843,808.0000
2022-02-17,806.0000,825.5000,803.5000,823.0000,16828,823.0000
2022-02-18,821.7500,850.0000,815.7500,835.2500,28546,835.2500
2022-02-22,854.0000,884.5000,845.7500,881.7500,17881,881.7500
2022-02-23,881.0000,917.5000,871.2500,913.5000,14641,913.5000
2022-02-24,915.0000,963.5000,912.2500,963.0000,11436,963.0000
2022-02-25,953.0000,971.7500,877.5000,886.7500,5311,886.7500
2022-02-28,916.0000,963.7500,916.0000,954.2500,604,954.2500
2022-03-01,983.5000,1014.2500,983.5000,1012.0000,39,1012.0000
2022-03-02,1043.5000,1073.5000,1043.5000,1073.5000,77,1073.5000
2022-03-03,1135.0000,1140.2500,1111.5000,1140.2500,14,1140.2500
2022-03-04,1162.0000,1200.7500,1162.0000,1200.7500,2,1200.7500
2022-03-07,1225.7500,1247.5000,1225.7500,1237.7500,10,1237.7500
2022-03-08,1190.0000,1190.0000,1186.0000,1186.0000,19,1186.0000
2022-03-09,1106.2500,1106.2500,1106.2500,1106.2500,0,1106.2500
2022-03-10,1066.2500,1066.2500,1052.2500,1052.2500,13,1052.2500
2022-03-11,1075.7500,1075.7500,1075.7500,1075.7500,5,1075.7500
2022-03-14,1079.2500,1079.2500,1079.2500,1079.2500,15909,1079.2500
2022-03-15,1103.0000,1164.5000,1090.7500,1157.5000,10107,1157.5000
2022-03-16,1158.0000,1160.2500,1072.5000,1072.5000,12781,1072.5000
2022-03-17,1062.0000,1100.7500,1040.0000,1092.2500,13322,1092.2500
2022-03-18,1086.7500,1097.2500,1055.7500,1070.5000,8263,1070.5000
2022-03-21,1079.0000,1148.5000,1070.2500,1113.2500,8654,1113.2500
2022-03-22,1114.5000,1156.5000,1106.2500,1116.5000,9417,1116.5000
2022-03-23,1116.5000,1139.7500,1105.0000,1111.5000,8868,1111.5000
2022-03-24,1111.0000,1121.0000,1090.5000,1095.0000,12059,1095.0000
2022-03-25,1096.5000,1116.0000,1074.2500,1110.7500,8836,1110.7500
2022-03-28,1101.5000,1103.2500,1058.7500,1070.5000,12589,1070.5000
2022-03-29,1064.0000,1078.7500,993.0000,1024.5000,19037,1024.5000
2022-03-30,1024.0000,1058.7500,1014.7500,1044.5000,13494,1044.5000
2022-03-31,1047.0000,1089.2500,1028.2500,1029.7500,15437,1029.7500
2022-04-01,1032.0000,1052.7500,1012.0000,1013.0000,12181,1013.0000
2022-04-04,1019.2500,1044.7500,1016.5000,1037.7500,10258,1037.7500
2022-04-05,1048.5000,1099.2500,1047.7500,1082.7500,12305,1082.7500
2022-04-06,1083.2500,1095.5000,1061.5000,1085.0000,12408,1085.0000
2022-04-07,1089.5000,1090.2500,1068.2500,1070.7500,21738,1070.7500
2022-04-08,1074.2500,1109.5000,1065.5000,1106.7500,20034,1106.7500
2022-04-11,1109.7500,1157.2500,1109.2500,1141.5000,22005,1141.5000
2022-04-12,1137.0000,1176.0000,1134.0000,1162.2500,20979,1162.2500
2022-04-13,1162.2500,1179.5000,1140.7500,1174.0000,20736,1174.0000
2022-04-14,1170.5000,1186.2500,1151.2500,1154.0000,12867,1154.0000
2022-04-18,1154.0000,1193.5000,1154.0000,1185.0000,8477,1185.0000
2022-04-19,1185.7500,1198.0000,1167.2500,1171.5000,9059,1171.5000
2022-04-20,1171.0000,1186.2500,1143.2500,1163.2500,10946,1163.2500
2022-04-21,1167.7500,1168.2500,1128.7500,1137.7500,6993,1137.7500
2022-04-22,1140.2500,1151.2500,1128.7500,1142.7500,5491,1142.7500
2022-04-25,1149.5000,1156.0000,1132.5000,1145.2500,8802,1145.2500
2022-04-26,1153.5000,1173.2500,1151.2500,1157.7500,5831,1157.7500
2022-04-27,1156.0000,1159.0000,1141.7500,1148.2500,3606,1148.2500
2022-04-28,1148.2500,1156.2500,1135.0000,1136.2500,3021,1136.2500
2022-04-29,1134.7500,1140.5000,1094.2500,1094.2500,257,1094.2500
2022-05-02,1084.2500,1100.2500,1081.7500,1086.7500,30,1086.7500
2022-05-03,1087.0000,1095.2500,1079.0000,1081.7500,97,1081.7500
2022-05-04,1116.0000,1121.0000,1112.5000,1112.5000,22,1112.5000
2022-05-05,1165.7500,1165.7500,1165.7500,1165.7500,1,1165.7500
2022-05-06,1177.0000,1181.0000,1159.2500,1159.2500,8,1159.2500
2022-05-09,1153.2500,1153.2500,1153.2500,1153.2500,11,1153.2500
2022-05-10,1167.0000,1168.2500,1167.0000,1168.2500,4,1168.2500
2022-05-11,1187.2500,1191.0000,1185.0000,1186.2500,37,1186.2500
2022-05-12,1200.0000,1254.0000,1200.0000,1254.0000,34,1254.0000
2022-05-13,1259.0000,1270.0000,1252.7500,1252.7500,12791,1252.7500
2022-05-16,1326.2500,1352.0000,1325.0000,1352.0000,14816,1352.0000
2022-05-17,1370.5000,1379.2500,1298.5000,1367.7500,22301,1367.7500
2022-05-18,1368.0000,1368.0000,1303.0000,1324.5000,17940,1324.5000
2022-05-19,1322.7500,1345.2500,1277.5000,1295.2500,16155,1295.2500
2022-05-20,1297.5000,1300.0000,1251.7500,1252.7500,15099,1252.7500
2022-05-23,1262.2500,1282.2500,1259.0000,1276.5000,9998,1276.5000
2022-05-24,1278.2500,1291.5000,1219.2500,1237.7500,17227,1237.7500
2022-05-25,1236.0000,1239.7500,1192.0000,1233.2500,20150,1233.2500
2022-05-26,1235.0000,1249.0000,1206.7500,1228.5000,13611,1228.5000
2022-05-27,1226.7500,1251.0000,1212.0000,1235.2500,12729,1235.2500
2022-05-31,1236.2500,1237.2500,1165.2500,1165.5000,22984,1165.5000
2022-06-01,1169.7500,1177.5000,1112.5000,1128.2500,24740,1128.2500
2022-06-02,1130.7500,1163.0000,1127.7500,1143.5000,19771,1143.5000
2022-06-03,1146.0000,1157.5000,1119.0000,1121.0000,18071,1121.0000
2022-06-06,1134.2500,1184.7500,1134.2500,1170.0000,17715,1170.0000
2022-06-07,1170.0000,1177.0000,1135.5000,1149.2500,27887,1149.2500
2022-06-08,1152.2500,1168.0000,1141.7500,1155.0000,23501,1155.0000
2022-06-09,1155.7500,1163.5000,1130.0000,1153.7500,35044,1153.7500
2022-06-10,1153.7500,1167.7500,1140.0000,1162.5000,23704,1162.5000
2022-06-13,1165.0000,1183.0000,1146.5000,1161.7500,24534,1161.7500
2022-06-14,1161.7500,1161.7500,1140.0000,1142.2500,13932,1142.2500
2022-06-15,1142.2500,1145.2500,1125.7500,1133.2500,18235,1133.2500
2022-06-16,1138.2500,1159.5000,1127.0000,1148.5000,13924,1148.5000
2022-06-17,1148.0000,1152.7500,1102.5000,1105.0000,21892,1105.0000
2022-06-21,1104.0000,1108.0000,1037.0000,1041.2500,22818,1041.2500
2022-06-22,1042.5000,1066.0000,1025.5000,1039.2500,16619,1039.2500
2022-06-23,1036.7500,1037.7500,1000.2500,1005.0000,15291,1005.0000
2022-06-24,1005.2500,1022.0000,991.7500,992.5000,12691,992.5000
2022-06-27,992.0000,1003.5000,971.5000,972.7500,10724,972.7500
2022-06-28,982.2500,997.0000,972.7500,983.7500,12477,983.7500
2022-06-29,984.0000,1003.2500,981.0000,985.2500,6629,985.2500
2022-06-30,988.0000,999.5000,948.7500,948.7500,1271,948.7500
2022-07-01,950.5000,955.2500,907.5000,911.0000,494,911.0000
2022-07-05,910.0000,910.0000,857.5000,860.2500,198,860.2500
2022-07-06,860.5000,883.7500,836.5000,849.2500,95,849.2500
2022-07-07,874.0000,893.5000,872.2500,891.0000,37,891.0000
2022-07-08,914.0000,950.7500,914.0000,950.7500,152,950.7500
2022-07-11,967.5000,968.5000,920.2500,920.2500,91,920.2500
2022-07-12,910.0000,910.0000,872.7500,872.7500,2,872.7500
2022-07-13,889.0000,889.0000,867.2500,867.2500,6,867.2500
2022-07-14,867.2500,867.2500,867.2500,867.2500,16670,867.2500
2022-07-15,848.7500,854.0000,820.0000,837.5000,18725,837.5000
2022-07-18,847.5000,884.2500,836.7500,874.0000,16596,874.0000
2022-07-19,873.2500,877.7500,853.0000,869.2500,16847,869.2500
2022-07-20,869.7500,897.7500,858.0000,870.5000,14197,870.5000
2022-07-21,870.0000,887.0000,852.2500,861.2500,16838,861.2500
2022-07-22,859.7500,861.7500,814.5000,820.2500,24291,820.2500
2022-07-25,848.0000,853.0000,823.2500,839.7500,21333,839.7500
2022-07-26,841.0000,878.5000,841.0000,877.0000,16956,877.0000
2022-07-27,876.0000,889.0000,853.0000,861.7500,18330,861.7500
2022-07-28,861.5000,894.7500,860.0000,889.7500,13161,889.7500
2022-07-29,886.2500,915.2500,870.5000,874.5000,17369,874.5000
2022-08-01,878.0000,886.5000,845.2500,866.5000,15540,866.5000
2022-08-02,860.0000,860.7500,838.5000,842.2500,16866,842.2500
2022-08-03,839.7500,857.2500,823.2500,835.5000,22922,835.5000
2022-08-04,836.0000,865.2500,831.0000,860.2500,23644,860.2500
2022-08-05,860.0000,877.2500,844.7500,848.2500,25003,848.2500
2022-08-08,848.0000,862.7500,829.7500,847.7500,20386,847.7500
2022-08-09,854.7500,868.5000,840.7500,851.7500,21497,851.7500
2022-08-10,851.5000,878.5000,851.2500,872.7500,28115,872.7500
2022-08-11,872.0000,894.7500,865.2500,889.2500,28872,889.2500
2022-08-12,882.5000,893.7500,859.7500,889.2500,16799,889.2500
2022-08-15,882.7500,886.0000,858.0000,882.7500,13027,882.7500
2022-08-16,875.0000,892.7500,868.5000,871.7500,9797,871.7500
2022-08-17,872.5000,885.2500,841.2500,851.0000,13050,851.0000
2022-08-18,851.7500,853.5000,807.5000,812.5000,12557,812.5000
2022-08-19,812.5000,847.2500,812.5000,844.7500,8988,844.7500
2022-08-22,844.7500,869.2500,837.0000,865.2500,10979,865.2500
2022-08-23,864.5000,904.2500,862.5000,882.5000,15167,882.5000
2022-08-24,882.0000,906.0000,880.5000,896.2500,9853,896.2500
2022-08-25,896.2500,907.2500,866.5000,869.0000,7567,869.0000
2022-08-26,864.7500,888.7500,861.7500,883.2500,6350,883.2500
2022-08-29,886.2500,922.5000,873.2500,912.5000,9671,912.5000
2022-08-30,912.7500,915.7500,895.2500,908.7500,5077,908.7500
2022-08-31,908.7500,924.2500,894.2500,924.2500,514,924.2500
2022-09-01,924.0000,928.0000,863.5000,863.5000,393,863.5000
2022-09-02,872.7500,883.2500,871.5000,871.5000,27,871.5000
2022-09-06,879.0000,879.0000,879.0000,879.0000,18,879.0000
2022-09-07,920.0000,931.0000,901.5000,901.5000,14,901.5000
2022-09-08,902.2500,902.2500,893.0000,893.0000,5,893.0000
2022-09-09,934.7500,934.7500,929.2500,929.2500,10,929.2500
2022-09-12,929.2500,937.2500,926.0000,937.2500,27,937.2500
2022-09-13,946.7500,949.0000,943.7500,944.0000,11,944.0000
2022-09-14,954.0000,963.5000,954.0000,961.5000,16179,961.5000
2022-09-15,947.0000,958.0000,922.7500,926.2500,17576,926.2500
2022-09-16,925.0000,944.2500,910.2500,935.2500,15942,935.2500
2022-09-19,934.0000,934.0000,896.2500,909.7500,15134,909.7500
2022-09-20,908.7500,964.7500,906.0000,963.0000,21431,963.0000
2022-09-21,953.7500,982.0000,944.2500,967.0000,19965,967.0000
2022-09-22,964.2500,989.7500,951.7500,979.5000,20337,979.5000
2022-09-23,976.7500,980.0000,945.7500,950.5000,14491,950.5000
2022-09-26,950.5000,961.5000,926.7500,929.5000,17171,929.5000
2022-09-27,928.2500,964.2500,928.2500,943.2500,14787,943.2500
2022-09-28,946.5000,977.5000,935.2500,976.0000,16747,976.0000
2022-09-29,974.5000,986.0000,959.5000,966.7500,15783,966.7500
2022-09-30,971.0000,1010.7500,963.5000,991.5000,28940,991.5000
2022-10-03,997.0000,1009.7500,981.2500,988.7500,19561,988.7500
2022-10-04,990.7500,1011.0000,985.5000,988.7500,20084,988.7500
2022-10-05,988.7500,1008.7500,980.2500,990.2500,17741,990.2500
2022-10-06,992.0000,995.0000,959.7500,965.0000,17770,965.0000
2022-10-07,971.7500,985.0000,963.5000,968.7500,15456,968.7500
2022-10-10,980.5000,1037.5000,978.7500,1024.2500,22412,1024.2500
2022-10-11,1018.2500,1021.7500,988.2500,990.7500,19065,990.7500
2022-10-12,992.2500,993.7500,967.0000,970.0000,19123,970.0000
2022-10-13,971.0000,996.7500,952.5000,982.2500,19267,982.2500
2022-10-14,982.0000,989.5000,950.7500,952.2500,16066,952.2500
2022-10-17,954.0000,969.2500,948.0000,952.0000,15446,952.0000
2022-10-18,952.0000,957.5000,929.0000,944.5000,19391,944.5000
2022-10-19,942.2500,960.5000,935.0000,941.7500,15397,941.7500
2022-10-20,944.5000,955.0000,938.2500,949.7500,11617,949.7500
2022-10-21,950.0000,959.5000,929.5000,948.2500,11911,948.2500
2022-10-24,951.0000,953.2500,931.5000,938.0000,13797,938.0000
2022-10-25,938.0000,943.0000,924.0000,934.5000,16438,934.5000
2022-10-26,934.5000,946.2500,923.0000,940.7500,14089,940.7500
2022-10-27,941.0000,955.7500,929.5000,932.2500,14624,932.2500
2022-10-28,934.0000,934.5000,915.2500,925.0000,13271,925.0000
2022-10-31,962.0000,982.5000,950.0000,978.7500,33442,978.7500
2022-11-01,979.0000,991.0000,960.7500,990.0000,24487,990.0000
2022-11-02,985.2500,990.2500,936.0000,940.2500,23031,940.2500
2022-11-03,941.7500,949.5000,925.2500,941.2500,17066,941.2500
2022-11-04,943.7500,958.5000,939.0000,953.2500,14299,953.2500
2022-11-07,953.5000,971.7500,940.2500,957.2500,22411,957.2500
2022-11-08,958.5000,971.0000,942.7500,945.7500,22845,945.7500
2022-11-09,947.0000,951.2500,928.7500,930.0000,23627,930.0000
2022-11-10,932.7500,937.7500,917.0000,925.2500,23427,925.2500
2022-11-11,925.0000,945.7500,923.0000,943.5000,20456,943.5000
2022-11-14,947.7500,965.7500,942.7500,956.2500,17807,956.2500
2022-11-15,956.0000,974.7500,944.5000,963.0000,26829,963.0000
2022-11-16,964.2500,964.7500,941.5000,955.5000,14403,955.5000
2022-11-17,955.0000,955.5000,933.0000,938.0000,13456,938.0000
2022-11-18,938.0000,942.2500,929.0000,934.2500,13978,934.2500
2022-11-21,934.7500,942.0000,923.5000,934.2500,9501,934.2500
2022-11-22,933.0000,939.0000,924.2500,925.5000,9304,925.5000
2022-11-23,926.0000,934.0000,911.0000,930.2500,12442,930.2500
2022-11-25,930.0000,938.5000,919.7500,922.0000,5177,922.0000
2022-11-28,921.5000,924.7500,898.2500,904.7500,9031,904.7500
2022-11-29,903.2500,915.2500,896.2500,901.0000,3344,901.0000
2022-11-30,903.0000,919.2500,901.5000,913.2500,711,913.2500
2022-12-01,908.5000,911.0000,895.0000,903.0000,69,903.0000
2022-12-02,874.5000,887.0000,865.5000,882.0000,274,882.0000
2022-12-05,888.5000,891.2500,854.7500,854.7500,61,854.7500
2022-12-06,850.7500,850.7500,844.0000,845.7500,48,845.7500
2022-12-07,866.0000,866.0000,864.5000,864.5000,34,864.5000
2022-12-08,864.5000,864.5000,860.5000,860.5000,3,860.5000
2022-12-09,850.7500,850.7500,850.7500,850.7500,26,850.7500
2022-12-12,880.0000,880.0000,880.0000,880.0000,3,880.0000
2022-12-13,891.0000,891.0000,883.0000,883.0000,14,883.0000
2022-12-14,869.7500,869.7500,869.7500,869.7500,14532,869.7500
2022-12-15,850.0000,866.7500,844.0000,860.5000,14757,860.5000
2022-12-16,858.5000,864.2500,843.0000,844.0000,12635,844.0000
2022-12-19,845.0000,849.0000,830.7500,843.5000,14709,843.5000
2022-12-20,845.5000,859.5000,842.7500,847.0000,11974,847.0000
2022-12-21,846.7500,866.7500,844.2500,864.0000,13885,864.0000
2022-12-22,862.0000,873.0000,861.0000,866.0000,11018,866.0000
2022-12-23,865.2500,877.5000,863.2500,874.7500,8333,874.7500
2022-12-27,878.7500,894.7500,868.7500,879.2500,9250,879.2500
2022-12-28,880.0000,891.7500,875.5000,882.2500,10452,882.2500
2022-12-29,881.7500,884.0000,861.0000,866.5000,9803,866.5000
2022-12-30,866.7500,894.0000,864.7500,888.0000,13233,888.0000
2023-01-03,880.2500,888.0000,862.0000,869.2500,13564,869.2500
2023-01-04,872.0000,872.2500,836.5000,840.7500,19394,840.7500
2023-01-05,841.7500,849.2500,832.5000,839.7500,15494,839.7500
2023-01-06,841.0000,846.0000,830.5000,832.0000,13161,832.0000
2023-01-09,835.2500,842.7500,827.0000,828.5000,16365,828.5000
2023-01-10,828.0000,828.5000,803.2500,811.7500,27613,811.7500
2023-01-11,810.7500,823.0000,805.2500,822.2500,17692,822.2500
2023-01-12,823.5000,839.0000,810.5000,835.0000,25879,835.0000
2023-01-13,832.2500,847.0000,832.2500,843.7500,18307,843.7500
2023-01-17,843.7500,858.5000,828.0000,855.7500,23812,855.7500
2023-01-18,853.5000,866.2500,839.7500,841.5000,21221,841.5000
2023-01-19,840.7500,849.7500,831.5000,832.0000,17994,832.0000
2023-01-20,832.5000,849.0000,823.5000,848.0000,16539,848.0000
2023-01-23,842.0000,844.5000,811.0000,819.0000,26766,819.0000
2023-01-24,821.0000,842.0000,818.5000,833.7500,18524,833.7500
2023-01-25,835.0000,852.5000,833.7500,843.2500,17854,843.2500
2023-01-26,841.7500,870.7500,841.2500,864.7500,23273,864.7500
2023-01-27,863.0000,873.0000,853.5000,869.2500,17685,869.2500
2023-01-30,871.0000,883.5000,869.0000,873.7500,15464,873.7500
2023-01-31,873.0000,882.5000,859.2500,878.7500,19065,878.7500
2023-02-01,878.0000,885.0000,871.2500,884.2500,19401,884.2500
2023-02-02,882.7500,892.7500,870.5000,880.7500,20315,880.7500
2023-02-03,878.2500,890.0000,868.0000,873.0000,23415,873.0000
2023-02-06,872.5000,886.5000,869.0000,876.0000,22911,876.0000
2023-02-07,875.0000,888.0000,870.5000,885.7500,33571,885.7500
2023-02-08,885.0000,898.5000,883.2500,896.0000,29938,896.0000
2023-02-09,895.2500,898.0000,877.0000,879.0000,30086,879.0000
2023-02-10,878.0000,913.2500,877.0000,909.0000,32791,909.0000
2023-02-13,910.2500,916.2500,896.2500,912.2500,25156,912.2500
2023-02-14,908.5000,921.5000,904.2500,906.0000,23155,906.0000
2023-02-15,906.0000,909.0000,888.5000,894.5000,14081,894.5000
2023-02-16,892.7500,901.7500,892.5000,898.5000,20425,898.5000
2023-02-17,900.0000,908.2500,896.5000,906.5000,15504,906.5000
2023-02-21,909.5000,915.2500,902.0000,904.2500,18117,904.2500
2023-02-22,904.2500,908.2500,875.0000,876.0000,27146,876.0000
2023-02-23,876.2500,879.7500,859.0000,861.7500,12991,861.7500
2023-02-24,862.0000,864.0000,831.0000,841.7500,10426,841.7500
2023-02-27,842.0000,843.5000,818.2500,823.0000,6521,823.0000
2023-02-28,823.0000,826.0000,813.0000,815.7500,1019,815.7500
2023-03-01,818.2500,823.0000,818.2500,821.2500,299,821.2500
2023-03-02,823.0000,832.5000,823.0000,832.2500,86,832.2500
2023-03-03,837.5000,839.5000,822.5000,822.5000,316,822.5000
2023-03-06,808.0000,818.5000,804.0000,804.0000,56,804.0000
2023-03-07,811.7500,811.7500,805.5000,805.5000,10,805.5000
2023-03-08,806.5000,806.5000,806.5000,806.5000,0,806.5000
2023-03-09,786.2500,786.2500,786.2500,786.2500,0,786.2500
2023-03-10,799.5000,811.2500,799.5000,811.2500,4,811.2500
2023-03-13,813.5000,813.5000,813.5000,813.5000,4,813.5000
2023-03-14,813.5000,813.5000,813.5000,813.5000,20119,813.5000
2023-03-15,817.0000,824.7500,812.5000,819.7500,20869,819.7500
2023-03-16,819.0000,821.5000,809.2500,819.7500,14120,819.7500
2023-03-17,819.0000,837.7500,817.2500,835.7500,21777,835.7500
2023-03-20,830.2500,833.7500,820.0000,829.7500,19417,829.7500
2023-03-21,829.2500,843.0000,815.0000,820.2500,20139,820.2500
2023-03-22,818.5000,822.7500,791.2500,811.2500,24646,811.2500
2023-03-23,813.0000,831.5000,810.2500,819.7500,16021,819.7500
2023-03-24,819.7500,861.2500,814.0000,848.0000,29033,848.0000
2023-03-27,848.7500,870.0000,840.2500,860.2500,23642,860.2500
2023-03-28,860.0000,874.0000,855.7500,872.5000,20132,872.5000
2023-03-29,869.5000,896.5000,867.0000,870.5000,29093,870.5000
2023-03-30,870.5000,881.2500,865.2500,871.5000,16402,871.5000
2023-03-31,870.0000,887.7500,864.0000,877.7500,22153,877.7500
2023-04-03,887.0000,902.0000,874.5000,875.2500,24384,875.2500
2023-04-04,876.2500,888.2500,868.2500,872.5000,19388,872.5000
2023-04-05,870.5000,874.5000,853.2500,861.5000,22232,861.5000
2023-04-06,862.0000,877.5000,860.0000,864.5000,0,864.5000
2023-04-10,876.7500,882.5000,862.7500,876.0000,22292,876.0000
2023-04-11,878.7500,886.0000,864.2500,868.2500,24627,868.2500
2023-04-12,868.7500,881.7500,861.0000,863.5000,23253,863.5000
2023-04-13,861.5000,863.2500,839.5000,845.2500,32050,845.2500
2023-04-14,846.0000,881.0000,840.2500,878.7500,24030,878.7500
2023-04-17,884.0000,891.0000,862.0000,889.7500,16899,889.7500
2023-04-18,887.5000,898.7500,876.0000,881.2500,12123,881.2500
2023-04-19,882.0000,883.0000,861.2500,861.7500,12858,861.7500
2023-04-20,862.5000,865.2500,836.0000,840.2500,12312,840.2500
2023-04-21,842.5000,847.2500,826.5000,840.7500,9978,840.7500
2023-04-24,846.2500,852.0000,831.5000,833.0000,8782,833.0000
2023-04-25,833.0000,835.7500,810.0000,818.2500,8861,818.2500
2023-04-26,818.0000,821.7500,792.2500,793.5000,7756,793.5000
2023-04-27,796.0000,798.5000,769.5000,778.7500,4079,778.7500
2023-04-28,782.7500,814.7500,778.0000,807.2500,395,807.2500
2023-05-01,810.0000,810.0000,788.2500,788.2500,28,788.2500
2023-05-02,796.0000,796.0000,771.2500,771.2500,21,771.2500
2023-05-03,819.0000,831.0000,819.0000,828.0000,12,828.0000
2023-05-04,843.2500,848.0000,843.2500,845.0000,18,845.0000
2023-05-05,886.0000,886.5000,879.7500,879.7500,7,879.7500
2023-05-08,904.7500,910.0000,891.0000,891.0000,5,891.0000
2023-05-09,900.0000,906.5000,900.0000,906.5000,1,906.5000
2023-05-10,932.5000,932.5000,905.5000,905.5000,13,905.5000
2023-05-11,891.7500,891.7500,891.7500,891.7500,13,891.7500
2023-05-12,891.7500,891.7500,891.7500,891.7500,48824,891.7500
2023-05-15,877.7500,912.2500,872.7500,898.2500,39737,898.2500
2023-05-16,897.0000,902.0000,882.7500,895.2500,37328,895.2500
2023-05-17,897.0000,918.7500,880.5000,885.5000,42941,885.5000
2023-05-18,883.5000,884.0000,845.7500,857.0000,32246,857.0000
2023-05-19,855.7500,864.7500,821.2500,824.2500,33296,824.2500
2023-05-22,827.0000,830.5000,807.2500,825.7500,28404,825.7500
2023-05-23,825.5000,849.5000,812.7500,841.5000,29090,841.5000
2023-05-24,841.0000,844.7500,807.7500,812.2500,33470,812.2500
2023-05-25,813.0000,831.2500,802.7500,818.0000,30903,818.0000
2023-05-26,821.2500,833.5000,812.2500,819.2500,22728,819.2500
2023-05-30,818.2500,819.0000,778.5000,783.7500,33832,783.7500
2023-05-31,783.0000,795.7500,763.7500,790.5000,35350,790.5000
2023-06-01,791.0000,812.7500,789.2500,802.5000,29707,802.5000
2023-06-02,802.2500,817.0000,785.5000,812.2500,22440,812.2500
2023-06-05,812.7500,830.7500,810.5000,822.2500,21221,822.2500
2023-06-06,822.0000,847.2500,805.5000,820.2500,26582,820.2500
2023-06-07,819.5000,823.5000,785.7500,788.0000,36124,788.0000
2023-06-08,788.0000,807.2500,782.0000,804.7500,31091,804.7500
2023-06-09,803.7500,804.7500,785.2500,797.7500,32616,797.7500
2023-06-12,798.7500,803.2500,786.5000,796.5000,25015,796.5000
2023-06-13,797.0000,805.0000,785.0000,791.7500,26079,791.7500
2023-06-14,791.2500,792.7500,778.0000,785.7500,20011,785.7500
2023-06-15,785.0000,813.5000,784.0000,812.7500,17982,812.7500
2023-06-16,811.0000,852.7500,805.2500,842.0000,22957,842.0000
2023-06-20,839.7500,848.0000,829.0000,836.0000,14954,836.0000
2023-06-21,839.5000,876.7500,839.5000,873.7500,13615,873.7500
2023-06-22,869.0000,891.2500,865.7500,871.0000,17751,871.0000
2023-06-23,869.0000,869.5000,850.5000,859.0000,12086,859.0000
2023-06-26,859.0000,888.0000,852.2500,866.5000,9899,866.5000
2023-06-27,866.5000,870.2500,827.5000,837.7500,8133,837.7500
2023-06-28,835.5000,839.5000,798.5000,800.7500,6008,800.7500
2023-06-29,800.2500,810.0000,791.5000,794.2500,3164,794.2500
2023-06-30,794.5000,828.5000,793.7500,801.2500,280,801.2500
2023-07-03,791.0000,823.5000,791.0000,798.7500,69,798.7500
2023-07-05,825.0000,857.0000,825.0000,849.2500,109,849.2500
2023-07-06,858.0000,858.5000,837.0000,843.2500,95,843.2500
2023-07-07,837.0000,837.0000,817.5000,817.5000,33,817.5000
2023-07-10,831.0000,831.0000,810.5000,810.5000,51,810.5000
2023-07-11,826.0000,826.5000,818.2500,818.2500,20,818.2500
2023-07-12,829.0000,829.0000,804.2500,804.2500,18,804.2500
2023-07-13,808.5000,814.0000,804.0000,807.2500,16,807.2500
2023-07-14,809.2500,809.2500,809.2500,809.2500,18694,809.2500
2023-07-17,829.0000,847.5000,811.0000,815.2500,22675,815.2500
2023-07-18,815.0000,832.7500,806.5000,827.2500,17604,827.2500
2023-07-19,826.7500,887.2500,821.2500,866.7500,39743,866.7500
2023-07-20,863.0000,891.0000,853.0000,874.7500,28544,874.7500
2023-07-21,872.0000,878.0000,842.0000,860.2500,24207,860.2500
2023-07-24,861.7500,920.2500,860.5000,918.5000,30356,918.5000
2023-07-25,915.5000,929.7500,891.7500,912.7500,32198,912.7500
2023-07-26,910.2500,910.5000,855.5000,865.2500,36487,865.2500
2023-07-27,865.0000,887.5000,858.5000,866.5000,25039,866.5000
2023-07-28,865.5000,868.0000,842.7500,856.2500,21428,856.2500
2023-07-31,857.5000,858.0000,807.0000,812.7500,34171,812.7500
2023-08-01,815.0000,824.0000,792.2500,804.5000,29274,804.5000
2023-08-02,804.0000,829.5000,774.2500,787.0000,32751,787.0000
2023-08-03,787.0000,794.2500,763.7500,767.5000,25726,767.5000
2023-08-04,770.2500,785.0000,752.0000,752.5000,27795,752.5000
2023-08-07,760.7500,775.0000,748.2500,769.7500,31805,769.7500
2023-08-08,769.0000,776.2500,757.7500,770.5000,27911,770.5000
2023-08-09,769.7500,779.5000,757.0000,761.5000,26172,761.5000
2023-08-10,762.0000,774.5000,761.0000,767.0000,22848,767.0000
2023-08-11,767.0000,771.0000,752.0000,755.7500,22450,755.7500
2023-08-14,758.7500,761.0000,732.7500,750.5000,19666,750.5000
2023-08-15,750.5000,754.7500,735.5000,737.5000,15344,737.5000
2023-08-16,737.2500,747.2500,730.2500,743.0000,12636,743.0000
2023-08-17,743.0000,744.7500,730.7500,733.0000,12445,733.0000
2023-08-18,734.0000,755.5000,733.7500,753.5000,10038,753.5000
2023-08-21,756.5000,761.5000,734.5000,741.0000,11036,741.0000
2023-08-22,740.0000,749.5000,735.2500,740.0000,8818,740.0000
2023-08-23,740.5000,758.5000,736.5000,755.0000,8885,755.0000
2023-08-24,754.5000,756.5000,746.2500,753.0000,7932,753.0000
2023-08-25,753.0000,762.5000,745.5000,754.0000,10845,754.0000
2023-08-28,755.0000,759.0000,736.2500,737.5000,12656,737.5000
2023-08-29,737.0000,737.2500,713.5000,714.5000,8481,714.5000
2023-08-30,715.0000,722.5000,706.2500,719.2500,3652,719.2500
2023-08-31,716.2500,729.0000,705.0000,726.5000,617,726.5000
2023-09-01,726.2500,746.0000,720.5000,720.5000,319,720.5000
2023-09-05,728.0000,728.0000,716.0000,721.2500,10,721.2500
2023-09-06,723.7500,746.5000,723.7500,746.5000,55,746.5000
2023-09-07,741.5000,752.7500,733.7500,733.7500,67,733.7500
2023-09-08,734.7500,736.5000,725.0000,725.0000,55,725.0000
2023-09-11,715.0000,718.0000,713.7500,718.0000,13,718.0000
2023-09-12,705.0000,723.2500,704.0000,723.2500,17,723.2500
2023-09-13,730.5000,737.2500,730.5000,737.2500,14,737.2500
2023-09-14,710.5000,711.0000,710.5000,711.0000,20360,711.0000
2023-09-15,735.5000,748.5000,733.0000,746.5000,19925,746.5000
2023-09-18,744.5000,744.5000,725.0000,735.0000,17522,735.0000
2023-09-19,733.0000,737.7500,722.7500,731.0000,15965,731.0000
2023-09-20,730.5000,741.0000,722.0000,729.0000,18047,729.0000
2023-09-21,728.7500,729.5000,708.7500,710.5000,18022,710.5000
2023-09-22,710.5000,717.7500,707.0000,711.2500,17449,711.2500
2023-09-25,713.0000,715.7500,703.0000,714.5000,16647,714.5000
2023-09-26,715.0000,721.7500,707.0000,710.5000,15192,710.5000
2023-09-27,710.2500,715.5000,692.0000,694.5000,25378,694.5000
2023-09-28,694.0000,696.5000,681.0000,685.0000,22501,685.0000
2023-09-29,685.0000,691.7500,662.0000,663.7500,36274,663.7500
2023-10-02,664.2500,682.7500,663.7500,676.7500,25697,676.7500
2023-10-03,679.5000,687.5000,670.7500,683.2500,22551,683.2500
2023-10-04,680.5000,686.0000,665.2500,666.5000,21476,666.5000
2023-10-05,668.0000,692.2500,666.5000,690.5000,22156,690.5000
2023-10-06,686.2500,692.5000,672.0000,673.7500,18714,673.7500
2023-10-09,676.7500,690.2500,676.2500,686.0000,19027,686.0000
2023-10-10,685.7500,686.7500,668.0000,671.2500,16554,671.2500
2023-10-11,671.5000,674.0000,662.5000,667.2500,15560,667.2500
2023-10-12,668.0000,678.2500,655.2500,675.0000,30877,675.0000
2023-10-13,675.7500,688.0000,666.7500,669.0000,19317,669.0000
2023-10-16,668.5000,674.0000,662.5000,668.7500,16227,668.7500
2023-10-17,669.0000,678.5000,665.0000,666.7500,16185,666.7500
2023-10-18,668.5000,678.0000,667.5000,670.5000,16747,670.5000
2023-10-19,670.5000,677.7500,663.7500,676.2500,17766,676.2500
2023-10-20,676.2500,687.7500,667.5000,670.0000,17812,670.0000
2023-10-23,671.0000,680.2500,667.5000,670.7500,13624,670.7500
2023-10-24,670.2500,671.2500,657.0000,663.0000,16594,663.0000
2023-10-25,662.7500,667.7500,648.5000,649.0000,25676,649.0000
2023-10-26,649.0000,659.2500,644.0000,654.7500,24663,654.7500
2023-10-27,653.7500,656.5000,639.5000,643.0000,27664,643.0000
2023-10-30,644.0000,652.7500,632.2500,645.0000,27867,645.0000
2023-10-31,646.0000,646.2500,625.5000,629.2500,27205,629.2500
2023-11-01,630.2500,641.0000,626.0000,640.0000,27532,640.0000
2023-11-02,640.0000,650.2500,636.0000,641.5000,21889,641.5000
2023-11-03,640.0000,647.5000,638.5000,643.5000,14979,643.5000
2023-11-06,643.5000,651.7500,636.2500,645.7500,20496,645.7500
2023-11-07,644.7500,645.5000,629.7500,632.5000,32803,632.5000
2023-11-08,634.0000,661.2500,631.7500,655.0000,45068,655.0000
2023-11-09,652.2500,654.2500,641.5000,647.2500,31356,647.2500
2023-11-10,647.0000,648.2500,638.7500,640.0000,29446,640.0000
2023-11-13,641.7500,643.5000,631.5000,641.5000,25817,641.5000
2023-11-14,641.0000,649.5000,637.0000,639.7500,23392,639.7500
2023-11-15,639.2500,649.0000,634.2500,639.7500,25848,639.7500
2023-11-16,639.0000,644.0000,626.7500,627.2500,23714,627.2500
2023-11-17,627.7500,629.7500,613.7500,618.0000,18896,618.0000
2023-11-20,619.2500,621.5000,607.0000,610.5000,19846,610.5000
2023-11-21,611.0000,620.2500,607.5000,615.7500,16539,615.7500
2023-11-22,615.0000,623.5000,613.2500,614.5000,12869,614.5000
2023-11-24,612.5000,612.5000,599.2500,602.0000,9348,602.0000
2023-11-27,602.5000,609.0000,588.5000,590.0000,16203,590.0000
2023-11-28,590.5000,615.0000,587.5000,613.0000,10893,613.0000
2023-11-29,613.0000,641.7500,611.5000,640.0000,5954,640.0000
2023-11-30,635.2500,645.0000,631.2500,643.2500,501,643.2500
2023-12-01,643.0000,646.7500,632.5000,645.0000,242,645.0000
2023-12-04,644.7500,657.0000,644.7500,656.2500,107,656.2500
2023-12-05,664.0000,665.2500,649.0000,657.5000,49,657.5000
2023-12-06,658.2500,666.7500,650.7500,650.7500,20,650.7500
2023-12-07,669.7500,673.0000,662.2500,662.2500,23,662.2500
2023-12-08,656.2500,669.0000,653.2500,655.7500,13,655.7500
2023-12-11,627.0000,627.0000,627.0000,627.0000,0,627.0000
2023-12-12,662.0000,662.0000,651.5000,651.5000,3,651.5000
2023-12-13,638.7500,638.7500,626.7500,626.7500,2,626.7500
2023-12-14,626.7500,626.7500,626.7500,626.7500,20054,626.7500
2023-12-15,636.0000,643.5000,631.2500,642.7500,21849,642.7500
2023-12-18,643.5000,643.5000,624.0000,627.7500,24138,627.7500
2023-12-19,629.0000,643.2500,623.0000,641.5000,21855,641.5000
2023-12-20,641.0000,644.7500,624.0000,625.0000,17706,625.0000
2023-12-21,626.5000,632.7500,619.2500,626.7500,19574,626.7500
2023-12-22,626.5000,633.5000,622.0000,623.0000,16496,623.0000
2023-12-26,622.5000,647.5000,620.2500,642.7500,18877,642.7500
2023-12-27,642.0000,643.0000,627.2500,635.0000,18207,635.0000
2023-12-28,634.2500,647.0000,633.2500,643.7500,19169,643.7500
2023-12-29,643.0000,648.5000,637.2500,642.0000,19012,642.0000
2024-01-02,640.5000,642.0000,626.2500,629.0000,21682,629.0000
2024-01-03,630.2500,631.7500,615.5000,621.5000,22304,621.5000
2024-01-04,621.5000,627.2500,611.5000,625.7500,20095,625.7500
2024-01-05,624.7500,636.0000,623.5000,628.0000,16284,628.0000
2024-01-08,628.2500,629.7500,609.2500,615.2500,29208,615.2500
2024-01-09,615.5000,633.7500,614.0000,627.0000,28264,627.0000
2024-01-10,627.0000,627.0000,618.2500,624.5000,22999,624.5000
2024-01-11,624.2500,629.2500,613.5000,616.0000,23862,616.0000
2024-01-12,616.7500,622.5000,607.0000,615.2500,31593,615.2500
2024-01-16,614.0000,622.5000,600.2500,601.5000,24194,601.5000
2024-01-17,602.2500,609.0000,593.0000,594.0000,21650,594.0000
2024-01-18,594.7500,607.0000,586.7500,605.2500,26916,605.2500
2024-01-19,605.0000,617.2500,604.0000,608.0000,21442,608.0000
2024-01-22,609.2500,611.5000,601.0000,607.0000,20955,607.0000
2024-01-23,608.0000,624.7500,604.5000,617.5000,31254,617.5000
2024-01-24,617.0000,627.7500,616.2500,625.7500,23164,625.7500
2024-01-25,624.0000,637.7500,624.0000,637.0000,40437,637.0000
2024-01-26,637.0000,641.0000,619.2500,624.7500,33787,624.7500
2024-01-29,625.5000,626.7500,607.2500,618.2500,25051,618.2500
2024-01-30,617.5000,632.7500,612.0000,630.7500,30111,630.7500
2024-01-31,629.7500,630.0000,617.0000,622.0000,28755,622.0000
2024-02-01,621.7500,624.5000,613.0000,620.7500,24358,620.7500
2024-02-02,620.0000,634.5000,618.5000,625.0000,30407,625.0000
2024-02-05,626.0000,626.0000,610.7500,614.0000,26139,614.0000
2024-02-06,614.0000,622.2500,611.7500,618.5000,20808,618.5000
2024-02-07,617.0000,626.0000,613.0000,618.2500,34669,618.2500
2024-02-08,617.2500,619.0000,597.2500,601.0000,38122,601.0000
2024-02-09,602.2500,611.7500,594.7500,601.5000,37465,601.5000
2024-02-12,601.5000,605.7500,595.5000,598.7500,35830,598.7500
2024-02-13,598.5000,599.2500,591.2500,594.5000,35710,594.5000
2024-02-14,595.0000,595.5000,579.2500,587.7500,30316,587.7500
2024-02-15,587.0000,590.0000,573.5000,575.7500,35906,575.7500
2024-02-16,575.7500,576.5000,563.0000,567.2500,21545,567.2500
2024-02-20,566.7500,588.0000,565.2500,585.7500,24908,585.7500
2024-02-21,585.0000,586.2500,573.7500,577.2500,18994,577.2500
2024-02-22,577.0000,594.0000,572.7500,574.0000,15250,574.0000
2024-02-23,574.2500,579.0000,565.2500,568.7500,13828,568.7500
2024-02-26,569.5000,585.5000,561.5000,583.7500,17116,583.7500
2024-02-27,584.0000,597.2500,583.5000,593.5000,8364,593.5000
2024-02-28,593.2500,600.5000,580.2500,595.5000,2828,595.5000
2024-02-29,602.2500,603.0000,588.2500,602.7500,301,602.7500
2024-03-01,601.5000,602.0000,580.0000,580.0000,155,580.0000
2024-03-04,602.5000,602.5000,602.5000,602.5000,127,602.5000
2024-03-05,591.5000,591.5000,591.5000,591.5000,8,591.5000
2024-03-06,576.2500,576.2500,576.2500,576.2500,0,576.2500
2024-03-07,594.7500,594.7500,594.0000,594.7500,5,594.7500
2024-03-08,594.5000,608.5000,594.5000,608.5000,2,608.5000
2024-03-11,607.0000,618.5000,607.0000,618.5000,2,618.5000
2024-03-12,618.5000,626.0000,618.5000,623.2500,18,623.2500
2024-03-13,618.2500,618.2500,613.5000,613.5000,3,613.5000
2024-03-14,613.5000,613.5000,613.5000,613.5000,30455,613.5000
2024-03-15,575.5000,577.5000,561.0000,566.2500,25364,566.2500
2024-03-18,568.0000,578.7500,563.5000,573.7500,24120,573.7500
2024-03-19,574.7500,587.5000,571.5000,582.7500,27032,582.7500
2024-03-20,582.0000,584.2500,567.2500,580.5000,25497,580.5000
2024-03-21,581.2500,588.0000,574.7500,581.7500,22152,581.7500
2024-03-22,581.5000,592.7500,572.5000,590.5000,26778,590.5000
2024-03-25,592.7500,601.7500,584.7500,589.5000,30949,589.5000
2024-03-26,589.0000,590.7500,576.5000,577.2500,21689,577.2500
2024-03-27,577.2500,580.7500,572.2500,578.2500,23530,578.2500
2024-03-28,578.2500,594.0000,575.7500,585.2500,28772,585.2500
2024-04-01,585.2500,587.7500,564.2500,575.5000,26031,575.5000
2024-04-02,575.7500,580.5000,563.0000,563.2500,29405,563.2500
2024-04-03,565.2500,582.0000,560.5000,580.5000,35707,580.5000
2024-04-04,580.0000,588.5000,574.7500,577.5000,38492,577.5000
2024-04-05,577.5000,591.2500,575.0000,582.2500,38149,582.2500
2024-04-08,584.0000,595.2500,579.7500,585.2500,40764,585.2500
2024-04-09,585.0000,585.0000,571.0000,577.2500,37138,577.2500
2024-04-10,577.0000,596.7500,576.2500,594.5000,51551,594.5000
2024-04-11,592.7500,597.2500,581.5000,583.2500,36363,583.2500
2024-04-12,584.0000,591.2500,579.7500,589.7500,18404,589.7500
2024-04-15,589.2500,590.7500,578.2500,584.0000,15088,584.0000
2024-04-16,584.7500,591.5000,578.7500,587.5000,15906,587.5000
2024-04-17,586.7500,589.2500,572.2500,572.7500,16310,572.7500
2024-04-18,574.0000,583.2500,572.2500,577.2500,17061,577.2500
2024-04-19,576.2500,592.2500,574.7500,581.5000,21986,581.5000
2024-04-22,580.7500,606.7500,580.2500,597.5000,17037,597.5000
2024-04-23,598.2500,611.5000,598.2500,608.7500,15674,608.7500
2024-04-24,608.0000,629.0000,606.7500,624.2500,13577,624.2500
2024-04-25,622.5000,635.2500,621.0000,632.0000,10341,632.0000
2024-04-26,630.2500,655.0000,627.5000,646.2500,15721,646.2500
2024-04-29,642.7500,656.2500,640.0000,643.7500,5156,643.7500
2024-04-30,651.7500,660.5000,622.7500,622.7500,276,622.7500
2024-05-01,619.5000,628.0000,617.0000,625.5000,31,625.5000
2024-05-02,637.0000,637.0000,637.0000,637.0000,4,637.0000
2024-05-03,675.0000,675.0000,660.0000,660.0000,4,660.0000
2024-05-06,692.2500,702.5000,685.0000,685.0000,5,685.0000
2024-05-07,677.0000,677.0000,670.0000,673.7500,4,673.7500
2024-05-08,675.0000,675.0000,658.2500,658.2500,2,658.2500
2024-05-09,675.0000,675.7500,675.0000,675.7500,6,675.7500
2024-05-10,697.2500,697.2500,697.2500,697.2500,6,697.2500
2024-05-13,724.0000,724.0000,724.0000,724.0000,6,724.0000
2024-05-14,724.0000,724.0000,724.0000,724.0000,37506,724.0000
2024-05-15,684.0000,706.7500,674.0000,675.0000,33686,675.0000
2024-05-16,674.0000,691.5000,671.2500,673.2500,29742,673.2500
2024-05-17,673.2500,685.5000,660.2500,661.7500,26273,661.7500
2024-05-20,662.0000,700.7500,662.0000,696.7500,33876,696.7500
2024-05-21,696.0000,706.5000,689.2500,701.5000,29449,701.5000
2024-05-22,701.0000,719.2500,696.5000,699.5000,29545,699.5000
2024-05-23,700.7500,715.2500,690.0000,710.7500,31530,710.7500
2024-05-24,714.0000,725.2500,710.5000,721.2500,41777,721.2500
2024-05-28,734.2500,746.2500,722.2500,731.2500,43655,731.2500
2024-05-29,731.5000,733.5000,715.5000,719.7500,32075,719.7500
2024-05-30,719.2500,720.5000,704.0000,709.5000,29911,709.5000
2024-05-31,709.0000,723.2500,704.0000,708.7500,33435,708.7500
2024-06-03,713.0000,728.5000,697.5000,700.0000,40080,700.0000
2024-06-04,699.5000,705.2500,686.2500,687.2500,33851,687.2500
2024-06-05,687.2500,693.7500,672.7500,676.2500,32475,676.2500
2024-06-06,677.7500,689.5000,672.5000,678.0000,35739,678.0000
2024-06-07,677.0000,677.2500,655.5000,665.7500,48789,665.7500
2024-06-10,665.2500,665.2500,642.2500,643.7500,45867,643.7500
2024-06-11,643.2500,659.7500,639.5000,655.0000,44537,655.0000
2024-06-12,653.0000,654.0000,634.0000,637.2500,48540,637.2500
2024-06-13,635.0000,641.5000,629.0000,636.7500,41339,636.7500
2024-06-14,636.0000,639.5000,625.2500,627.5000,39752,627.5000
2024-06-17,626.2500,626.5000,604.0000,605.5000,26608,605.5000
2024-06-18,605.5000,608.2500,598.7500,600.7500,21868,600.7500
2024-06-20,601.0000,603.0000,585.7500,592.0000,27836,592.0000
2024-06-21,593.2500,596.2500,580.0000,581.2500,24266,581.2500
2024-06-24,581.5000,585.0000,571.7500,581.5000,15748,581.5000
2024-06-25,582.2500,585.2500,573.2500,576.0000,15638,576.0000
2024-06-26,576.0000,590.0000,572.5000,580.0000,10155,580.0000
2024-06-27,578.0000,600.0000,575.0000,592.0000,5136,592.0000
2024-06-28,588.7500,596.2500,578.0000,587.5000,884,587.5000
2024-07-01,587.5000,602.7500,586.5000,602.7500,172,602.7500
2024-07-02,595.7500,598.7500,592.0000,593.0000,21,593.0000
2024-07-03,593.0000,594.0000,581.5000,581.5000,46,581.5000
2024-07-05,593.7500,595.2500,593.7500,595.2500,12,595.2500
2024-07-08,590.7500,591.0000,572.0000,573.5000,68,573.5000
2024-07-09,584.7500,586.0000,581.0000,581.0000,18,581.0000
2024-07-10,573.0000,576.2500,566.7500,573.0000,63,573.0000
2024-07-11,605.0000,605.0000,591.2500,591.2500,1,591.2500
2024-07-12,598.0000,604.0000,598.0000,604.0000,39334,604.0000
2024-07-15,569.0000,571.7500,550.2500,555.5000,32833,555.5000
2024-07-16,555.0000,560.5000,545.7500,550.2500,28893,550.2500
2024-07-17,548.5000,567.7500,547.0000,561.0000,22988,561.0000
2024-07-18,560.2500,569.2500,555.5000,562.7500,22685,562.7500
2024-07-19,560.2500,579.5000,557.0000,570.0000,23264,570.0000
2024-07-22,570.2500,578.2500,567.0000,571.7500,26315,571.7500
2024-07-23,571.0000,576.7500,562.2500,566.7500,19020,566.7500
2024-07-24,566.0000,575.7500,560.0000,567.5000,24247,567.5000
2024-07-25,565.5000,569.7500,555.5000,561.5000,19573,561.5000
2024-07-26,561.0000,566.2500,544.5000,545.5000,25736,545.5000
2024-07-29,546.0000,555.2500,540.7500,553.5000,22663,553.5000
2024-07-30,551.7500,553.7500,535.5000,550.2500,28330,550.2500
2024-07-31,548.7500,557.7500,539.0000,549.0000,32821,549.0000
2024-08-01,547.2500,557.5000,543.0000,554.5000,27633,554.5000
2024-08-02,553.7500,562.7500,550.5000,559.7500,24987,559.7500
2024-08-05,559.0000,562.5000,544.7500,560.2500,29024,560.2500
2024-08-06,560.2500,566.0000,552.0000,561.5000,35696,561.5000
2024-08-07,561.0000,567.5000,552.2500,555.5000,44489,555.5000
2024-08-08,555.0000,561.7500,548.2500,551.5000,38853,551.5000
2024-08-09,550.2500,565.2500,549.7500,554.0000,40892,554.0000
2024-08-12,552.7500,558.7500,540.0000,548.2500,54543,548.2500
2024-08-13,551.5000,552.0000,541.0000,547.7500,35884,547.7500
2024-08-14,547.0000,552.0000,542.0000,546.2500,27390,546.2500
2024-08-15,547.2500,557.7500,535.5000,537.0000,31045,537.0000
2024-08-16,536.2500,543.0000,531.2500,539.7500,24942,539.7500
2024-08-19,539.7500,545.0000,534.5000,540.7500,20497,540.7500
2024-08-20,539.7500,548.0000,538.0000,546.0000,16838,546.0000
2024-08-21,545.7500,549.7500,533.2500,536.2500,18640,536.2500
2024-08-22,536.5000,540.5000,521.2500,529.2500,16301,529.2500
2024-08-23,531.0000,533.5000,519.2500,520.0000,17359,520.0000
2024-08-26,522.0000,525.5000,512.0000,525.0000,22560,525.0000
2024-08-27,524.5000,544.0000,521.7500,538.7500,20254,538.7500
2024-08-28,537.2500,547.5000,533.7500,544.7500,8944,544.7500
2024-08-29,545.0000,547.0000,535.0000,545.5000,3169,545.5000
2024-08-30,544.0000,555.0000,544.0000,552.5000,559,552.5000
2024-09-03,555.5000,567.2500,554.2500,566.5000,30,566.5000
2024-09-04,567.5000,585.2500,567.5000,585.2500,72,585.2500
2024-09-05,584.7500,587.0000,580.0000,581.0000,36,581.0000
2024-09-06,589.7500,589.7500,562.5000,569.7500,71,569.7500
2024-09-09,578.0000,578.0000,574.0000,574.7500,71,574.7500
2024-09-10,579.7500,579.7500,579.7500,579.7500,1,579.7500
2024-09-11,570.0000,580.7500,570.0000,580.7500,5,580.7500
2024-09-12,578.5000,578.5000,578.5000,578.5000,5,578.5000
2024-09-13,578.5000,578.5000,578.5000,578.5000,34288,578.5000
2024-09-16,598.7500,600.0000,577.2500,580.5000,33563,580.5000
2024-09-17,580.7500,587.0000,576.2500,580.0000,21767,580.0000
2024-09-18,580.2500,588.0000,576.0000,578.5000,20539,578.5000
2024-09-19,578.5000,580.2500,564.0000,564.5000,28790,564.5000
2024-09-20,564.7500,574.0000,561.2500,564.0000,27511,564.0000
2024-09-23,565.5000,581.7500,565.2500,577.2500,27448,577.2500
2024-09-24,576.7500,584.5000,568.7500,571.0000,27481,571.0000
2024-09-25,571.0000,582.7500,566.0000,581.0000,27386,581.0000
2024-09-26,581.2500,590.7500,576.7500,579.0000,29623,579.0000
2024-09-27,578.0000,578.7500,570.7500,576.7500,20469,576.7500
2024-09-30,576.5000,589.5000,571.2500,583.7500,28285,583.7500
2024-10-01,582.5000,603.0000,578.0000,598.2500,41287,598.2500
2024-10-02,598.0000,622.5000,595.2500,619.2500,58093,619.2500
2024-10-03,618.0000,623.5000,610.0000,611.5000,45495,611.5000
2024-10-04,611.0000,611.0000,595.0000,598.0000,32943,598.0000
2024-10-07,600.0000,606.2500,592.0000,603.2500,25183,603.2500
2024-10-08,603.0000,609.2500,598.2500,603.7500,25832,603.7500
2024-10-09,601.7500,614.5000,601.7500,608.7500,20736,608.7500
2024-10-10,608.5000,619.0000,608.0000,611.0000,35647,611.0000
2024-10-11,611.0000,615.7500,599.0000,604.5000,25890,604.5000
2024-10-14,605.0000,605.0000,589.0000,590.0000,24627,590.0000
2024-10-15,590.2500,591.5000,581.5000,583.0000,26910,583.0000
2024-10-16,584.7500,591.0000,579.2500,588.7500,21489,588.7500
2024-10-17,589.0000,597.7500,582.2500,596.0000,29909,596.0000
2024-10-18,596.0000,603.0000,580.0000,580.7500,31343,580.7500
2024-10-21,582.2500,592.0000,580.7500,582.2500,23149,582.2500
2024-10-22,583.5000,589.7500,577.2500,586.5000,25619,586.5000
2024-10-23,586.5000,591.0000,577.2500,585.5000,20144,585.5000
2024-10-24,585.2500,589.7500,579.5000,587.0000,20799,587.0000
2024-10-25,587.7500,593.2500,570.2500,572.0000,31393,572.0000
2024-10-28,570.0000,574.2500,560.5000,561.5000,29560,561.5000
2024-10-29,561.7500,577.7500,561.5000,574.2500,27623,574.2500
2024-10-30,574.0000,583.0000,565.7500,575.7500,25672,575.7500
2024-10-31,574.7500,575.5000,563.7500,569.2500,25358,569.2500
2024-11-01,570.0000,575.2500,563.0000,566.7500,21471,566.7500
2024-11-04,566.7500,573.7500,561.7500,571.0000,26279,571.0000
2024-11-05,571.0000,579.7500,569.0000,576.7500,30984,576.7500
2024-11-06,575.5000,578.2500,565.2500,574.0000,28432,574.0000
2024-11-07,574.0000,577.5000,563.5000,569.0000,41835,569.0000
2024-11-08,569.7500,573.2500,560.0000,564.2500,61358,564.2500
2024-11-11,564.2500,564.2500,547.2500,559.5000,46633,559.5000
2024-11-12,559.5000,561.0000,544.2500,546.5000,45313,546.5000
2024-11-13,548.2500,549.0000,536.2500,540.7500,51669,540.7500
2024-11-14,540.2500,543.7500,531.5000,533.0000,38194,533.0000
2024-11-15,533.2500,544.5000,532.2500,540.0000,31634,540.0000
2024-11-18,543.7500,556.7500,541.5000,555.2500,33187,555.2500
2024-11-19,555.0000,564.5000,552.2500,558.2500,30456,558.2500
2024-11-20,558.0000,566.2500,553.5000,561.7500,20090,561.7500
2024-11-21,561.7500,566.2500,554.2500,555.5000,13117,555.5000
2024-11-22,555.5000,558.5000,550.7500,554.2500,18082,554.2500
2024-11-25,554.0000,556.0000,542.2500,546.5000,14348,546.5000
2024-11-26,546.7500,556.5000,545.0000,550.5000,12941,550.5000
2024-11-27,549.2500,553.5000,525.7500,526.2500,5637,526.2500
2024-11-29,525.0000,527.5000,520.7500,520.7500,177,520.7500
2024-12-02,522.2500,526.2500,519.7500,523.7500,53,523.7500
2024-12-03,525.7500,525.7500,524.7500,524.7500,83,524.7500
2024-12-04,521.0000,528.0000,521.0000,527.7500,41,527.7500
2024-12-05,531.5000,539.0000,531.5000,536.0000,119,536.0000
2024-12-06,535.0000,539.0000,533.0000,537.2500,31,537.2500
2024-12-09,541.7500,542.2500,541.7500,542.2500,17,542.2500
2024-12-10,553.0000,555.7500,549.2500,549.2500,7,549.2500
2024-12-11,559.0000,559.5000,550.7500,550.7500,45,550.7500
2024-12-12,546.2500,546.2500,546.2500,546.2500,26,546.2500
2024-12-13,538.7500,538.7500,538.7500,538.7500,22462,538.7500
2024-12-16,557.2500,566.0000,556.0000,559.2500,28439,559.2500
2024-12-17,560.2500,561.2500,551.0000,552.5000,30162,552.5000
2024-12-18,552.0000,561.5000,547.2500,548.7500,20542,548.7500
2024-12-19,549.2500,549.5000,541.0000,543.2500,25241,543.2500
2024-12-20,543.5000,549.2500,541.0000,544.7500,18761,544.7500
2024-12-23,544.5000,554.7500,544.0000,551.0000,17624,551.0000
2024-12-24,550.5000,552.5000,543.2500,543.7500,7852,543.7500
2024-12-26,544.2500,554.5000,544.2500,551.5000,9931,551.5000
2024-12-27,551.5000,556.5000,545.7500,554.5000,13703,554.5000
2024-12-30,555.0000,563.2500,551.7500,555.7500,17571,555.7500
2024-12-31,555.0000,561.5000,554.5000,559.2500,16110,559.2500
2025-01-02,559.7500,559.7500,550.5000,551.7500,24588,551.7500
2025-01-03,552.2500,552.7500,537.7500,539.0000,25341,539.0000
2025-01-06,540.0000,555.5000,538.7500,553.2500,28365,553.2500
2025-01-07,552.7500,559.5000,549.2500,555.7500,32409,555.7500
2025-01-08,555.7500,557.5000,548.2500,550.2500,26870,550.2500
2025-01-09,549.7500,553.7500,544.7500,550.2500,23525,550.2500
2025-01-10,549.0000,557.0000,543.7500,551.7500,40058,551.7500
2025-01-13,551.5000,562.2500,548.5000,561.0000,35894,561.0000
2025-01-14,561.0000,568.5000,557.2500,560.7500,35094,560.7500
2025-01-15,560.0000,563.0000,554.0000,557.5000,30801,557.5000
2025-01-16,557.2500,559.7500,546.7500,548.2500,23044,548.2500
2025-01-17,549.0000,553.2500,545.5000,548.5000,24146,548.5000
2025-01-21,549.7500,576.5000,549.7500,575.5000,58916,575.5000
2025-01-22,573.5000,586.0000,571.2500,574.7500,40737,574.7500
2025-01-23,573.0000,576.5000,567.0000,570.7500,23669,570.7500
2025-01-24,567.2500,571.0000,556.0000,559.5000,32655,559.5000
2025-01-27,558.5000,559.2500,549.2500,553.2500,24486,553.2500
2025-01-28,553.2500,564.0000,550.7500,561.0000,31027,561.0000
2025-01-29,561.0000,582.0000,560.7500,580.2500,41565,580.2500
2025-01-30,579.0000,590.7500,576.0000,588.2500,45596,588.2500
2025-01-31,588.0000,588.0000,570.7500,579.2500,37946,579.2500
2025-02-03,573.0000,590.7500,571.7500,585.7500,44769,585.7500
2025-02-04,583.0000,597.0000,576.0000,594.7500,40666,594.7500
2025-02-05,591.0000,603.2500,588.7500,591.7500,46531,591.7500
2025-02-06,591.0000,608.0000,586.7500,607.5000,57439,607.5000
2025-02-07,606.0000,614.7500,601.2500,604.2500,54532,604.2500
2025-02-10,603.7500,606.5000,596.0000,596.7500,48715,596.7500
2025-02-11,596.7500,602.2500,591.5000,592.7500,44969,592.7500
2025-02-12,592.0000,600.2500,589.2500,591.5000,46417,591.5000
2025-02-13,591.0000,602.2500,587.7500,598.2500,48541,598.2500
2025-02-14,598.0000,623.7500,597.7500,621.2500,42058,621.2500
2025-02-18,619.0000,630.0000,614.0000,627.2500,39179,627.2500
2025-02-19,625.0000,630.5000,611.2500,613.7500,27113,613.7500
2025-02-20,614.7500,621.0000,605.5000,607.5000,16976,607.5000
2025-02-21,608.0000,614.5000,606.7500,609.2500,19501,609.2500
2025-02-24,609.0000,611.0000,592.5000,596.5000,18355,596.5000
2025-02-25,597.7500,600.7500,585.2500,591.7500,12812,591.7500
2025-02-26,591.7500,596.0000,581.2500,585.0000,10994,585.0000
2025-02-27,582.5000,590.5000,566.2500,571.2500,7746,571.2500
2025-02-28,570.2500,576.2500,558.0000,558.2500,485,558.2500
2025-03-03,565.0000,567.7500,547.5000,547.5000,307,547.5000
2025-03-04,544.7500,544.7500,533.7500,534.0000,106,534.0000
2025-03-05,542.2500,542.2500,542.2500,542.2500,30,542.2500
2025-03-06,551.5000,551.5000,551.5000,551.5000,47,551.5000
2025-03-07,546.2500,551.2500,546.2500,551.2500,21,551.2500
2025-03-10,565.7500,565.7500,565.7500,565.7500,3,565.7500
2025-03-11,558.7500,558.7500,558.7500,558.7500,29,558.7500
2025-03-12,561.7500,561.7500,561.7500,561.7500,2,561.7500
2025-03-13,575.0000,575.0000,575.0000,575.0000,11,575.0000
2025-03-14,573.5000,573.5000,573.5000,573.5000,26435,573.5000
2025-03-17,592.0000,609.0000,591.0000,605.5000,35204,605.5000
2025-03-18,605.0000,617.0000,604.0000,606.2500,39557,606.2500
2025-03-19,605.5000,605.5000,591.7500,594.7500,40271,594.7500
2025-03-20,597.5000,598.2500,583.0000,586.5000,30595,586.5000
2025-03-21,587.2500,596.2500,581.7500,588.7500,23230,588.7500
2025-03-24,590.5000,595.2500,575.0000,578.0000,27533,578.0000
2025-03-25,576.2500,577.0000,567.0000,569.2500,29932,569.2500
2025-03-26,570.0000,572.7500,563.2500,565.0000,40096,565.0000
2025-03-27,566.2500,570.2500,560.0000,566.2500,37359,566.2500
2025-03-28,567.0000,568.5000,543.7500,551.7500,41794,551.7500
2025-03-31,551.0000,563.2500,545.7500,557.0000,51640,557.0000
2025-04-01,558.7500,565.7500,550.2500,565.2500,36251,565.2500
2025-04-02,565.0000,572.7500,560.7500,568.5000,32614,568.5000
2025-04-03,558.0000,572.2500,554.7500,569.0000,32330,569.0000
2025-04-04,570.0000,574.0000,550.2500,557.5000,52018,557.5000
2025-04-07,557.2500,572.7500,553.7500,559.2500,59865,559.2500
2025-04-08,559.0000,567.7500,552.7500,561.5000,49030,561.5000
2025-04-09,561.7500,572.7500,560.5000,568.0000,49563,568.0000
2025-04-10,568.0000,577.2500,555.2500,558.0000,60683,558.0000
2025-04-11,558.0000,575.0000,555.5000,568.0000,49204,568.0000
2025-04-14,567.5000,567.5000,552.2500,555.2500,39580,555.2500
2025-04-15,556.0000,557.2500,548.2500,553.0000,26653,553.0000
2025-04-16,553.0000,562.5000,548.0000,558.0000,24508,558.0000
2025-04-17,560.0000,569.2500,555.7500,557.5000,15511,557.5000
2025-04-21,554.7500,562.0000,549.7500,550.7500,13164,550.7500
2025-04-22,552.7500,555.2500,545.2500,546.0000,15388,546.0000
2025-04-23,546.2500,547.0000,537.0000,537.7500,14679,537.7500
2025-04-24,542.7500,542.7500,531.0000,537.7500,16055,537.7500
2025-04-25,538.5000,544.0000,536.2500,538.0000,13607,538.0000
2025-04-28,532.7500,535.0000,520.7500,524.7500,14035,524.7500
2025-04-29,524.7500,528.5000,514.0000,515.2500,5571,515.2500
2025-04-30,513.7500,521.2500,513.7500,514.2500,502,514.2500
2025-05-01,517.5000,521.7500,513.0000,516.0000,438,516.0000
2025-05-02,525.7500,528.5000,525.2500,528.5000,33,528.5000
2025-05-05,528.0000,528.0000,520.0000,520.0000,15,520.0000
2025-05-06,524.7500,524.7500,524.7500,524.7500,0,524.7500
2025-05-07,517.5000,517.5000,517.5000,517.5000,0,517.5000
2025-05-08,517.7500,519.5000,513.7500,513.7500,10,513.7500
2025-05-09,506.5000,506.5000,506.5000,506.5000,30,506.5000
2025-05-12,498.2500,498.2500,498.2500,498.2500,3,498.2500
2025-05-13,502.0000,502.0000,502.0000,502.0000,3,502.0000
2025-05-14,509.2500,509.2500,509.2500,509.2500,38426,509.2500
2025-05-15,522.5000,529.2500,519.2500,528.2500,36195,528.2500
2025-05-16,528.0000,530.2500,516.0000,516.5000,26867,516.5000
2025-05-19,518.0000,529.7500,516.0000,522.7500,33918,522.7500
2025-05-20,524.0000,538.7500,523.5000,536.2500,34710,536.2500
2025-05-21,536.0000,547.7500,535.2500,540.5000,33362,540.5000
2025-05-22,539.7500,544.7500,532.5000,540.0000,29772,540.0000
2025-05-23,539.0000,543.5000,533.5000,538.7500,23505,538.7500
2025-05-27,536.0000,539.5000,523.0000,524.5000,29068,524.5000
2025-05-28,527.0000,533.5000,523.2500,525.2500,26429,525.2500
2025-05-29,529.0000,533.2500,523.7500,531.7500,26575,531.7500
2025-05-30,531.2500,537.2500,530.0000,533.2500,26451,533.2500
2025-06-02,532.0000,550.5000,531.7500,539.7500,40471,539.7500
2025-06-03,539.0000,545.0000,530.0000,536.7500,39127,536.7500
2025-06-04,536.7500,544.7500,532.2500,540.5000,41657,540.5000
2025-06-05,540.5000,546.7500,537.5000,542.5000,0,542.5000
2025-06-06,541.5000,550.0000,535.7500,549.2500,48692,549.2500
2025-06-09,548.7500,551.0000,534.2500,537.5000,67871,537.5000
2025-06-10,536.2500,538.7500,525.2500,527.2500,54549,527.2500
2025-06-11,527.2500,534.2500,523.5000,526.2500,53042,526.2500
2025-06-12,526.2500,529.2500,521.5000,522.7500,49790,522.7500
2025-06-13,522.0000,541.7500,517.7500,540.7500,39304,540.7500
2025-06-16,539.0000,544.2500,529.0000,536.0000,32206,536.0000
2025-06-17,537.0000,550.0000,535.7500,547.7500,37712,547.7500
2025-06-18,546.0000,572.5000,545.7500,571.2500,0,571.2500
2025-06-20,569.0000,575.2500,562.5000,563.2500,33849,563.2500
2025-06-23,563.0000,565.7500,549.0000,550.0000,21290,550.0000
2025-06-24,550.2500,551.0000,534.2500,534.7500,20283,534.7500
2025-06-25,535.0000,536.5000,522.0000,524.2500,16787,524.2500
2025-06-26,524.2500,527.5000,517.0000,518.2500,19931,518.2500
2025-06-27,519.0000,524.5000,515.0000,516.0000,6376,516.0000
2025-06-30,515.5000,518.7500,505.2500,506.0000,772,506.0000
2025-07-01,505.7500,510.7500,505.7500,510.7500,164,510.7500
2025-07-02,508.7500,522.7500,508.7500,522.7500,103,522.7500
2025-07-03,522.7500,527.5000,518.0000,518.0000,0,518.0000
2025-07-07,509.2500,509.2500,505.0000,508.5000,15,508.5000
2025-07-08,505.0000,505.0000,503.5000,503.5000,14,503.5000
2025-07-09,501.5000,508.0000,501.5000,505.5000,8,505.5000
2025-07-10,514.0000,514.0000,514.0000,514.0000,5,514.0000
2025-07-11,504.2500,504.2500,504.2500,504.2500,5,504.2500
2025-07-14,503.7500,506.7500,500.7500,505.7500,32794,505.7500
2025-07-15,523.0000,530.0000,518.5000,523.7500,34907,523.7500
2025-07-16,522.7500,527.2500,517.7500,522.7500,26348,522.7500
2025-07-17,522.0000,525.2500,515.0000,517.5000,28900,517.5000
2025-07-18,517.5000,534.5000,517.2500,529.0000,40360,529.0000
2025-07-21,528.5000,532.5000,523.7500,525.7500,27770,525.7500
2025-07-22,524.7500,537.5000,520.7500,533.2500,35152,533.2500
2025-07-23,532.7500,536.5000,523.2500,523.5000,24885,523.5000
2025-07-24,524.2500,529.7500,521.5000,528.5000,31831,528.5000
2025-07-25,527.5000,530.7500,522.5000,526.5000,23376,526.5000
2025-07-28,525.7500,529.0000,521.5000,526.0000,21790,526.0000
2025-07-29,525.5000,527.2500,515.2500,518.5000,39774,518.5000
2025-07-30,518.2500,525.2500,515.7500,522.0000,41761,522.0000
2025-07-31,520.5000,527.2500,518.7500,526.2500,40925,526.2500
2025-08-01,525.7500,529.7500,517.0000,518.7500,33889,518.7500
2025-08-04,518.2500,523.7500,512.5000,517.0000,40241,517.0000
2025-08-05,516.7500,516.7500,504.2500,504.5000,40179,504.5000
2025-08-06,504.0000,512.2500,503.2500,511.5000,49497,511.5000
2025-08-07,510.5000,522.5000,510.5000,521.5000,59291,521.5000
2025-08-08,521.0000,524.7500,515.7500,518.2500,55325,518.2500
2025-08-11,518.0000,524.2500,511.5000,519.0000,52844,519.0000
2025-08-12,516.5000,519.5000,507.2500,510.7500,58063,510.7500
2025-08-13,510.7500,514.0000,504.2500,506.7500,66084,506.7500
2025-08-14,506.0000,508.7500,501.0000,504.2500,36792,504.2500
2025-08-15,504.2500,508.7500,502.0000,507.0000,27333,507.0000
2025-08-18,506.7500,509.2500,501.0000,506.2500,20087,506.2500
2025-08-19,506.0000,506.0000,498.7500,499.5000,18324,499.5000
2025-08-20,499.0000,506.7500,496.0000,500.7500,25110,500.7500
2025-08-21,499.7500,506.0000,498.5000,503.2500,17551,503.2500
2025-08-22,503.0000,506.0000,496.7500,498.0000,22385,498.0000
2025-08-25,498.5000,503.7500,495.7500,496.7500,22428,496.7500
2025-08-26,496.7500,498.2500,492.5000,493.0000,17234,493.0000
2025-08-27,492.0000,493.5000,484.0000,485.5000,17690,485.5000
2025-08-28,484.7500,490.0000,480.7500,486.7500,8245,486.7500
2025-08-29,487.5000,493.2500,485.2500,492.7500,0,492.7500
2025-09-02,483.2500,483.2500,483.2500,483.2500,25,483.2500
2025-09-03,486.5000,486.5000,482.7500,482.7500,5,482.7500
2025-09-04,484.0000,485.0000,479.7500,479.7500,42,479.7500
2025-09-05,482.5000,484.0000,481.5000,481.7500,39,481.7500
2025-09-08,483.7500,492.2500,483.7500,492.2500,6,492.2500
2025-09-09,494.5000,494.5000,487.5000,487.5000,7,487.5000
2025-09-10,489.0000,490.2500,485.7500,485.7500,10,485.7500
2025-09-11,485.0000,487.0000,480.2500,487.0000,7,487.0000
2025-09-12,487.0000,487.0000,487.0000,487.0000,24935,487.0000
2025-09-15,514.0000,520.2500,511.0000,514.0000,28006,514.0000
2025-09-16,513.2500,523.7500,512.2500,523.5000,24502,523.5000
2025-09-17,522.0000,524.0000,515.2500,516.2500,18488,516.2500
2025-09-18,516.0000,519.0000,508.5000,510.0000,24541,510.0000
2025-09-19,511.2500,512.5000,504.2500,507.2500,22393,507.2500
2025-09-22,508.0000,508.2500,497.5000,502.2500,31994,502.2500
2025-09-23,502.7500,512.0000,499.0000,511.5000,24625,511.5000
2025-09-24,511.0000,515.2500,506.5000,506.7500,19268,506.7500
2025-09-25,507.5000,513.2500,505.7500,512.2500,20671,512.2500
2025-09-26,512.0000,514.0000,504.5000,505.5000,17281,505.5000
2025-09-29,505.7500,510.2500,502.7500,508.2500,19203,508.2500
2025-09-30,507.7500,508.7500,496.0000,497.7500,37611,497.7500
2025-10-01,497.5000,497.5000,488.0000,495.5000,33549,495.5000
2025-10-02,495.5000,500.5000,493.5000,499.0000,20438,499.0000
2025-10-03,498.7500,501.2500,495.7500,497.0000,20307,497.0000
2025-10-06,497.0000,499.5000,493.7500,495.5000,19804,495.5000
2025-10-07,495.0000,497.5000,490.7500,492.0000,27303,492.0000
2025-10-08,492.0000,494.5000,489.0000,493.2500,23249,493.2500
2025-10-09,494.0000,498.2500,489.5000,489.7500,30202,489.7500
2025-10-10,489.7500,493.5000,480.7500,483.0000,26991,483.0000
2025-10-13,483.5000,486.2500,479.5000,481.2500,26991,481.2500
2025-10-14,483.2500,489.5000,477.2500,488.5000,29018,488.5000
2025-10-15,488.2500,489.7500,484.0000,488.2500,21089,488.2500
2025-10-16,488.0000,491.0000,484.2500,488.7500,20339,488.7500
2025-10-17,488.5000,492.7500,485.7500,491.5000,27394,491.5000
2025-10-20,492.2500,494.5000,488.2500,490.0000,16419,490.0000
2025-10-21,490.2500,491.7500,483.0000,485.0000,23664,485.0000
2025-10-22,485.0000,490.5000,483.7500,488.5000,22128,488.5000
2025-10-23,488.2500,500.7500,488.2500,500.0000,32566,500.0000
2025-10-24,499.7500,504.5000,499.0000,501.5000,40692,501.5000
2025-10-27,505.0000,518.5000,505.0000,514.2500,49900,514.2500
2025-10-28,513.7500,525.0000,513.2500,520.0000,49645,520.0000
2025-10-29,520.2500,525.0000,518.0000,522.7500,55175,522.7500
2025-10-30,522.0000,525.0000,508.7500,513.0000,54740,513.0000
2025-10-31,512.0000,524.7500,505.7500,524.5000,47231,524.5000
2025-11-03,524.0000,533.0000,518.5000,531.7500,0,531.7500
2025-11-04,530.5000,536.5000,526.2500,536.5000,41092,536.5000
2025-11-05,536.0000,540.0000,531.5000,540.0000,40136,540.0000
2025-11-06,539.0000,539.5000,521.0000,522.2500,48526,522.2500
2025-11-07,521.7500,525.5000,517.7500,519.2500,56769,519.2500
2025-11-10,519.0000,528.5000,518.7500,527.0000,48728,527.0000
2025-11-11,526.5000,529.5000,520.2500,523.7500,52841,523.7500
2025-11-12,523.2500,527.0000,516.2500,525.5000,45542,525.5000
2025-11-13,525.2500,529.5000,521.7500,525.7500,59152,525.7500
2025-11-14,525.5000,534.0000,513.2500,515.2500,38079,515.2500
2025-11-17,517.0000,533.0000,514.0000,528.7500,23368,528.7500
2025-11-18,528.7500,533.2500,523.5000,526.2500,22090,526.2500
2025-11-19,526.0000,528.5000,514.0000,515.5000,15820,515.5000
2025-11-20,517.0000,520.0000,505.7500,506.2500,21097,506.2500
2025-11-21,506.0000,513.2500,503.5000,511.0000,20525,511.0000
2025-11-24,513.0000,513.0000,505.2500,507.2500,15468,507.2500
2025-11-25,507.0000,514.7500,506.5000,513.2500,16362,513.2500
2025-11-26,513.2500,522.2500,512.0000,517.2500,7857,517.2500
2025-11-28,516.5000,521.2500,513.5000,517.7500,1289,517.7500
2025-12-01,524.0000,524.0000,511.2500,517.0000,455,517.0000
2025-12-02,512.5000,523.5000,512.2500,523.5000,74,523.5000
2025-12-03,520.0000,521.0000,520.0000,521.0000,9,521.0000
2025-12-04,518.0000,529.7500,518.0000,529.5000,39,529.5000
2025-12-05,523.2500,523.2500,523.2500,523.2500,15,523.2500
2025-12-08,521.7500,521.7500,519.7500,521.0000,8,521.0000
2025-12-09,520.2500,520.2500,520.2500,520.2500,14,520.2500
2025-12-10,519.0000,519.0000,516.5000,516.5000,9,516.5000
2025-12-11,522.0000,524.0000,510.0000,515.5000,4,515.5000
2025-12-12,502.0000,502.0000,498.7500,498.7500,24427,498.7500
2025-12-15,519.5000,520.5000,510.2500,512.0000,34875,512.0000
2025-12-16,512.2500,514.2500,504.5000,505.0000,31631,505.0000
2025-12-17,506.0000,509.2500,503.0000,507.7500,34915,507.7500
2025-12-18,507.7500,518.7500,507.5000,517.0000,34334,517.0000
2025-12-19,515.7500,517.5000,513.5000,515.2500,20608,515.2500
2025-12-22,516.0000,524.2500,515.2500,521.2500,17724,521.2500
2025-12-23,520.7500,529.7500,520.2500,528.0000,22217,528.0000
2025-12-24,528.5000,535.0000,528.5000,534.0000,15651,534.0000
2025-12-26,534.5000,536.0000,531.7500,533.5000,19778,533.5000
2025-12-29,530.7500,534.0000,523.7500,527.2500,27356,527.2500
2025-12-30,527.2500,529.5000,521.0000,522.0000,20376,522.0000
2025-12-31,521.2500,522.0000,514.0000,514.7500,27089,514.7500
2026-01-02,514.7500,515.7500,508.2500,515.0000,24364,515.0000
2026-01-05,516.7500,524.7500,515.0000,520.7500,36796,520.7500
2026-01-06,520.7500,527.0000,518.5000,521.5000,31895,521.5000
2026-01-07,522.5000,532.5000,520.2500,531.5000,34686,531.5000
2026-01-08,531.7500,535.0000,528.0000,530.2500,39270,530.2500
2026-01-09,530.0000,532.0000,525.5000,530.2500,33629,530.2500
2026-01-12,530.0000,544.7500,521.5000,526.7500,72642,526.7500
2026-01-13,526.0000,527.2500,518.7500,519.5000,42550,519.5000
2026-01-14,520.2500,524.0000,516.0000,522.2500,33235,522.2500
2026-01-15,522.0000,528.0000,516.5000,517.2500,33499,517.2500
2026-01-16,517.2500,529.0000,517.2500,527.2500,30645,527.2500
2026-01-20,528.0000,531.0000,521.2500,523.0000,34187,523.0000
2026-01-21,524.0000,529.0000,518.5000,519.7500,32267,519.7500
2026-01-22,519.7500,527.2500,519.7500,525.7500,26112,525.7500
2026-01-23,526.0000,542.5000,525.2500,540.7500,45717,540.7500
2026-01-26,542.0000,544.0000,529.0000,529.7500,46323,529.7500
2026-01-27,528.7500,533.0000,525.2500,532.7500,32754,532.7500
2026-01-28,533.0000,548.5000,531.2500,542.2500,49803,542.2500
2026-01-29,541.5000,549.0000,540.0000,547.0000,37163,547.0000
2026-01-30,547.0000,550.0000,539.7500,544.7500,44507,544.7500
2026-02-02,545.2500,547.2500,532.5000,535.2500,37491,535.2500
2026-02-03,535.5000,538.0000,531.0000,534.7500,33982,534.7500
2026-02-04,534.7500,538.0000,528.0000,530.2500,41721,530.2500
2026-02-05,530.0000,539.0000,526.5000,538.5000,34197,538.5000
2026-02-06,537.7500,542.2500,530.0000,531.2500,51146,531.2500
2026-02-09,531.0000,533.5000,525.7500,528.7500,58577,528.7500
2026-02-10,527.5000,533.7500,526.5000,530.5000,48889,530.5000
2026-02-11,532.0000,541.5000,529.0000,538.5000,56199,538.5000
2026-02-12,538.2500,555.2500,536.7500,554.0000,76188,554.0000
2026-02-13,552.5000,553.7500,541.5000,542.5000,45338,542.5000
2026-02-17,542.5000,542.5000,534.5000,538.7500,20749,538.7500
2026-02-18,539.0000,552.7500,539.0000,551.0000,20131,551.0000
2026-02-19,550.5000,567.0000,549.0000,565.5000,20323,565.5000
2026-02-20,565.0000,578.5000,561.5000,572.2500,35355,572.2500
2026-02-23,569.5000,572.2500,559.5000,560.0000,19411,560.0000
2026-02-24,559.5000,561.2500,552.5000,554.2500,17973,554.2500
2026-02-25,552.7500,558.0000,547.0000,552.5000,10023,552.5000
2026-02-26,551.7500,556.2500,545.7500,551.5000,5258,551.5000
2026-02-27,566.5000,575.0000,563.7500,572.7500,1124,572.7500
2026-03-02,580.0000,583.5000,558.0000,567.0000,65,567.0000
2026-03-03,572.0000,572.2500,570.5000,570.5000,55,570.5000
2026-03-04,562.0000,565.2500,557.2500,565.2500,7,565.2500
2026-03-05,570.0000,587.5000,568.0000,585.2500,5,585.2500
2026-03-06,611.5000,611.5000,611.5000,611.5000,31,611.5000
2026-03-09,607.7500,607.7500,607.7500,607.7500,0,607.7500
2026-03-10,596.7500,596.7500,596.7500,596.7500,0,596.7500
2026-03-11,601.5000,601.5000,601.5000,601.5000,0,601.5000
2026-03-12,611.0000,618.0000,601.5000,601.5000,20,601.5000
2026-03-13,618.7500,618.7500,618.7500,618.7500,38770,618.7500
2026-03-16,625.7500,638.0000,613.0000,616.5000,40842,616.5000
2026-03-17,616.7500,627.5000,603.0000,606.7500,40678,606.7500
2026-03-18,604.7500,631.7500,601.2500,626.0000,36201,626.0000
2026-03-19,630.0000,635.0000,617.5000,627.2500,36850,627.2500
2026-03-20,628.2500,629.5000,603.2500,606.2500,37056,606.2500
2026-03-23,607.2500,617.7500,591.2500,603.2500,38825,603.2500
2026-03-24,604.5000,613.0000,599.2500,604.0000,33383,604.0000
2026-03-25,604.0000,619.5000,593.5000,617.7500,28101,617.7500
2026-03-26,618.5000,631.2500,616.2500,626.7500,30837,626.7500
2026-03-27,626.7500,640.2500,626.0000,632.7500,32259,632.7500
2026-03-30,634.0000,639.7500,621.7500,626.2500,30971,626.2500
2026-03-31,630.0000,648.5000,624.7500,635.5000,46452,635.5000
2026-04-01,636.0000,643.0000,610.0000,613.7500,51998,613.7500
2026-04-02,613.7500,625.5000,608.7500,615.7500,0,615.7500
2026-04-06,615.0000,615.0000,602.5000,608.2500,23653,608.2500
2026-04-07,612.0000,613.0000,599.2500,607.5000,28452,607.5000
2026-04-08,600.0000,602.5000,586.7500,595.2500,58186,595.2500
2026-04-09,595.5000,605.5000,585.2500,590.5000,57058,590.5000
2026-04-10,589.7500,595.5000,584.7500,590.7500,38576,590.7500
2026-04-13,598.5000,615.2500,597.5000,603.2500,52661,603.2500
2026-04-14,603.0000,625.7500,598.5000,622.7500,62633,622.7500
2026-04-15,623.2500,629.5000,614.5000,625.5000,37656,625.5000
2026-04-16,623.2500,651.5000,622.0000,642.7500,36691,642.7500
2026-04-17,642.0000,648.0000,622.7500,636.7500,23516,636.7500
2026-04-20,643.7500,650.0000,632.2500,635.0000,18264,635.0000
2026-04-21,635.7500,645.0000,629.0000,643.5000,17825,643.5000
2026-04-22,646.5000,648.0000,636.5000,637.7500,13067,637.7500
2026-04-23,639.0000,667.7500,637.0000,666.7500,24874,666.7500
2026-04-24,670.0000,675.2500,652.7500,659.0000,27200,659.0000
2026-04-27,659.0000,670.0000,656.0000,667.2500,12030,667.2500
2026-04-28,668.7500,701.0000,665.7500,696.7500,16365,696.7500
2026-04-29,696.7500,712.7500,689.5000,690.2500,4757,690.2500
2026-04-30,680.7500,683.0000,677.7500,678.0000,337,678.0000
2026-05-01,683.0000,683.0000,682.5000,682.5000,47,682.5000
2026-05-04,681.0000,682.5000,674.0000,682.5000,75,682.5000
2026-05-05,673.7500,677.2500,673.5000,677.2500,3,677.2500
2026-05-06,681.7500,681.7500,667.5000,675.7500,37,675.7500
2026-05-07,657.5000,657.5000,653.5000,654.7500,5,654.7500
2026-05-08,659.0000,672.5000,659.0000,672.5000,47,672.5000
2026-05-11,673.5000,673.5000,673.5000,673.5000,3,673.5000
2026-05-12,720.5000,720.5000,720.5000,720.5000,7,720.5000
2026-05-13,714.0000,714.0000,714.0000,714.0000,12,714.0000
2026-05-14,702.7500,702.7500,702.7500,702.7500,44039,702.7500
2026-05-15,705.2500,710.2500,680.7500,688.0000,40669,688.0000
2026-05-18,697.7500,709.0000,693.7500,703.7500,43679,703.7500
2026-05-19,705.7500,720.0000,697.5000,703.7500,28655,703.7500
2026-05-20,704.0000,712.2500,694.5000,698.7500,28179,698.7500
2026-05-21,700.0000,700.0000,683.0000,687.0000,31273,687.0000
2026-05-22,687.5000,693.0000,677.0000,682.0000,28228,682.0000
2026-05-26,677.0000,686.2500,672.2500,676.2500,29367,676.2500
2026-05-27,679.0000,682.5000,665.0000,669.7500,43542,669.7500
2026-05-28,670.0000,672.0000,661.2500,665.2500,34217,665.2500
2026-05-29,667.7500,669.5000,647.5000,649.7500,46093,649.7500
2026-06-01,651.0000,661.5000,644.0000,647.0000,39114,647.0000
2026-06-02,648.0000,648.5000,632.2500,634.7500,39507,634.7500
2026-06-03,635.7500,638.0000,619.7500,624.0000,40165,624.0000
2026-06-04,624.5000,626.5000,615.5000,620.2500,46385,620.2500
2026-06-05,621.0000,623.0000,614.0000,620.7500,56848,620.7500
2026-06-08,623.0000,634.0000,617.7500,629.7500,61364,629.7500
2026-06-09,630.0000,643.7500,626.0000,630.7500,47731,630.7500
2026-06-10,630.7500,645.0000,629.0000,630.5000,74036,630.5000
2026-06-11,633.7500,643.2500,623.2500,634.7500,66436,634.7500
2026-06-12,633.2500,642.2500,629.7500,634.5000,46726,634.5000
2026-06-15,633.7500,642.0000,621.5000,640.0000,34602,640.0000
2026-06-16,640.0000,643.5000,629.5000,633.7500,39317,633.7500
2026-06-17,634.2500,654.5000,632.5000,652.5000,23912,652.5000
2026-06-18,652.5000,657.2500,639.7500,644.0000,17120,644.0000
2026-06-22,644.0000,648.2500,631.7500,633.5000,15606,633.5000
2026-06-23,633.7500,637.2500,617.7500,618.2500,20763,618.2500
2026-06-24,620.0000,627.0000,614.2500,617.2500,23964,617.2500
2026-06-25,614.5000,621.5000,611.2500,620.5000,12408,620.5000
2026-06-26,618.0000,619.0000,605.7500,611.0000,17976,611.0000
2026-06-29,613.0000,618.7500,597.7500,600.0000,10330,600.0000
2026-06-30,597.7500,620.2500,597.7500,611.0000,781,611.0000
2026-07-01,612.5000,625.0000,612.5000,623.2500,71,623.2500
2026-07-02,620.7500,628.0000,620.7500,627.0000,75,627.0000
2026-07-06,623.5000,640.5000,623.5000,638.5000,19,638.5000
2026-07-07,634.7500,639.7500,634.7500,639.7500,20,639.7500
2026-07-08,640.2500,644.0000,633.7500,634.2500,43,634.2500
2026-07-09,630.0000,643.5000,630.0000,642.2500,8,642.2500
2026-07-10,640.0000,665.0000,639.7500,662.5000,46,662.5000
2026-07-13,667.2500,667.5000,655.2500,655.2500,64,655.2500
2026-07-14,663.7500,664.2500,663.7500,664.2500,35943,664.2500
2026-07-15,677.0000,723.0000,675.2500,720.0000,71791,720.0000
2026-07-16,719.7500,733.5000,711.5000,716.5000,56226,716.5000
2026-07-17,714.7500,734.2500,711.7500,732.2500,34794,732.2500
2026-07-20,735.5000,740.5000,722.7500,723.7500,48600,723.7500
2026-07-21,723.7500,734.7500,717.5000,733.0000,38690,733.0000
2026-07-22,733.0000,768.5000,732.5000,763.5000,53387,763.5000
2026-07-23,763.0000,766.7500,751.7500,759.7500,34360,759.7500
2026-07-24,759.7500,777.5000,723.2500,745.2500,62913,745.2500
2026-07-27,747.5000,752.5000,728.0000,729.0000,34503,729.0000
2026-07-28,729.0000,735.2500,722.5000,726.2500,34119,726.2500
2026-07-29,730.0000,738.5000,723.5000,725.5000,31042,725.5000
2026-07-30,725.0000,755.2500,724.2500,730.7500,38663,730.7500
2026-07-31,731.7500,733.2500,703.0000,707.5000,39683,707.5000
2026-08-03,704.5000,720.7500,698.7500,717.2500,33792,717.2500
2026-08-04,717.0000,726.2500,702.7500,707.0000,34336,707.0000
2026-08-05,705.2500,724.7500,701.2500,713.5000,35132,713.5000
2026-08-06,714.0000,719.7500,693.7500,699.7500,48563,699.7500
2026-08-07,700.0000,719.0000,696.5000,714.0000,48755,714.0000
2026-08-10,719.7500,735.0000,712.0000,713.5000,53662,713.5000
2026-08-11,713.0000,721.2500,696.5000,699.2500,54162,699.2500
2026-08-12,700.5000,731.5000,700.5000,720.7500,68273,720.7500
2026-08-13,721.0000,735.5000,713.7500,720.5000,78066,720.5000
2026-08-14,719.7500,756.7500,719.0000,754.2500,48434,754.2500
2026-08-17,754.0000,761.0000,743.2500,758.7500,31158,758.7500
2026-08-18,758.5000,768.2500,742.2500,743.7500,21895,743.7500
2026-08-19,742.5000,763.0000,738.2500,762.0000,17349,762.0000
2026-08-20,761.5000,771.0000,756.7500,762.2500,13041,762.2500
2026-08-21,762.0000,765.2500,750.2500,756.2500,14530,756.2500
2026-08-24,760.0000,769.5000,747.2500,750.5000,19124,750.5000
2026-08-25,750.5000,756.7500,730.7500,754.5000,15529,754.5000
2026-08-26,754.2500,795.5000,751.5000,792.0000,14189,792.0000
2026-08-27,791.2500,809.2500,785.5000,803.5000,9872,803.5000
2026-08-28,799.0000,832.5000,798.5000,827.7500,6906,827.7500
2026-08-31,827.2500,827.2500,802.0000,820.2500,194,820.2500
2026-09-01,836.5000,836.7500,825.7500,825.7500,94,825.7500
2026-09-02,833.0000,835.2500,814.7500,814.7500,52,814.7500
2026-09-03,803.0000,803.0000,798.5000,798.5000,37,798.5000
2026-09-04,786.7500,786.7500,786.7500,786.7500,2,786.7500
2026-09-08,806.0000,806.0000,797.5000,804.7500,40,804.7500
2026-09-09,805.0000,805.0000,791.7500,791.7500,8,791.7500
2026-09-10,804.2500,804.2500,804.2500,804.2500,25,804.2500
2026-09-11,784.0000,784.0000,784.0000,784.0000,0,784.0000
2026-09-14,778.0000,778.0000,778.0000,778.0000,33665,778.0000
2026-09-15,789.7500,798.0000,778.2500,796.2500,26446,796.2500
2026-09-16,797.0000,804.2500,790.7500,799.5000,21251,799.5000
2026-09-17,799.0000,807.5000,787.2500,794.5000,20067,794.5000
2026-09-18,795.0000,797.0000,779.0000,783.7500,21985,783.7500
2026-09-21,784.2500,800.0000,782.7500,794.5000,21732,794.5000
2026-09-22,794.5000,798.2500,779.5000,781.2500,19053,781.2500
2026-09-23,781.0000,781.7500,761.5000,771.7500,30092,771.7500
2026-09-24,771.0000,774.2500,762.7500,767.0000,22242,767.0000
2026-09-25,765.0000,765.2500,742.2500,762.0000,34605,762.0000
2026-09-28,762.7500,762.7500,738.7500,745.7500,29275,745.7500
2026-09-29,744.7500,745.7500,733.7500,743.0000,31334,743.0000
2026-09-30,743.2500,752.2500,729.2500,733.0000,35994,733.0000
2026-10-01,732.0000,743.0000,729.0000,737.5000,35120,737.5000
2026-10-02,737.5000,740.5000,733.0000,735.2500,21091,735.2500
2026-10-05,735.2500,751.7500,732.0000,742.2500,26932,742.2500
2026-10-06,742.2500,757.0000,738.2500,756.2500,26932,756.2500
2026-10-08,739.0000,739.7500,737.2500,738.0000,141,738.0000
