date,open,high,low,close,volume,adj_close
1962-01-02,0.2630,0.2702,0.2630,0.2630,806400,0.0445
1962-01-03,0.2591,0.2591,0.2533,0.2572,1574400,0.0435
1962-01-04,0.2578,0.2611,0.2578,0.2591,844800,0.0438
1962-01-05,0.2591,0.2624,0.2526,0.2533,1420800,0.0428
1962-01-08,0.2513,0.2513,0.2458,0.2507,2035200,0.0424
1962-01-09,0.2507,0.2565,0.2487,0.2552,960000,0.0431
1962-01-10,0.2552,0.2601,0.2526,0.2565,1612800,0.0434
1962-01-11,0.2565,0.2591,0.2552,0.2591,614400,0.0438
1962-01-12,0.2591,0.2591,0.2546,0.2572,883200,0.0435
1962-01-15,0.2565,0.2565,0.2539,0.2546,614400,0.0430
1962-01-16,0.2539,0.2539,0.2497,0.2500,1113600,0.0423
1962-01-17,0.2500,0.2500,0.2422,0.2422,1574400,0.0409
1962-01-18,0.2422,0.2435,0.2363,0.2373,2649600,0.0401
1962-01-19,0.2396,0.2448,0.2396,0.2448,1459200,0.0414
1962-01-22,0.2448,0.2474,0.2422,0.2467,1075200,0.0417
1962-01-23,0.2461,0.2461,0.2415,0.2415,768000,0.0408
1962-01-24,0.2415,0.2422,0.2344,0.2389,2611200,0.0404
1962-01-25,0.2389,0.2428,0.2370,0.2370,1574400,0.0401
1962-01-26,0.2370,0.2370,0.2331,0.2344,1574400,0.0396
1962-01-29,0.2344,0.2350,0.2337,0.2344,307200,0.0396
1962-01-30,0.2344,0.2363,0.2334,0.2334,1574400,0.0395
1962-01-31,0.2344,0.2428,0.2344,0.2428,1766400,0.0410
1962-02-01,0.2448,0.2487,0.2448,0.2448,1420800,0.0414
1962-02-02,0.2448,0.2474,0.2409,0.2474,1152000,0.0418
1962-02-05,0.2474,0.2474,0.2454,0.2474,384000,0.0418
1962-02-06,0.2474,0.2474,0.2441,0.2441,691200,0.0413
1962-02-07,0.2441,0.2454,0.2441,0.2454,192000,0.0415
1962-02-08,0.2454,0.2474,0.2428,0.2461,768000,0.0416
1962-02-09,0.2461,0.2474,0.2448,0.2474,729600,0.0418
1962-02-12,0.2474,0.2480,0.2454,0.2454,307200,0.0415
1962-02-13,0.2454,0.2467,0.2454,0.2454,652800,0.0415
1962-02-14,0.2454,0.2454,0.2409,0.2409,652800,0.0407
1962-02-15,0.2409,0.2428,0.2396,0.2396,652800,0.0405
1962-02-16,0.2396,0.2441,0.2396,0.2396,1190400,0.0405
1962-02-19,0.2415,0.2435,0.2415,0.2435,345600,0.0412
1962-02-20,0.2435,0.2441,0.2415,0.2422,460800,0.0409
1962-02-21,0.2422,0.2441,0.2409,0.2409,691200,0.0407
1962-02-23,0.2409,0.2441,0.2383,0.2383,1036800,0.0403
1962-02-26,0.2383,0.2441,0.2370,0.2422,768000,0.0409
1962-02-27,0.2422,0.2441,0.2422,0.2435,460800,0.0412
1962-02-28,0.2428,0.2428,0.2383,0.2389,652800,0.0404
1962-03-01,0.2389,0.2389,0.2344,0.2376,19545600,0.0402
1962-03-02,0.2383,0.2402,0.2383,0.2402,806400,0.0406
1962-03-05,0.2402,0.2402,0.2370,0.2370,652800,0.0401
1962-03-06,0.2396,0.2422,0.2396,0.2422,883200,0.0409
1962-03-07,0.2422,0.2422,0.2389,0.2389,691200,0.0404
1962-03-08,0.2389,0.2415,0.2383,0.2396,883200,0.0405
1962-03-09,0.2396,0.2406,0.2350,0.2370,1113600,0.0401
1962-03-12,0.2396,0.2422,0.2396,0.2422,998400,0.0409
1962-03-13,0.2425,0.2445,0.2425,0.2445,1344000,0.0416
1962-03-14,0.2445,0.2454,0.2435,0.2448,1689600,0.0416
1962-03-15,0.2448,0.2454,0.2435,0.2435,883200,0.0414
1962-03-16,0.2435,0.2445,0.2435,0.2435,768000,0.0414
1962-03-19,0.2435,0.2461,0.2435,0.2448,921600,0.0416
1962-03-20,0.2448,0.2474,0.2448,0.2474,1305600,0.0421
1962-03-21,0.2487,0.2520,0.2487,0.2507,2188800,0.0426
1962-03-22,0.2513,0.2546,0.2513,0.2533,1344000,0.0431
1962-03-23,0.2552,0.2598,0.2552,0.2578,1497600,0.0439
1962-03-26,0.2578,0.2598,0.2539,0.2546,1420800,0.0433
1962-03-27,0.2533,0.2533,0.2513,0.2526,844800,0.0430
1962-03-28,0.2526,0.2526,0.2507,0.2507,460800,0.0426
1962-03-29,0.2507,0.2539,0.2500,0.2513,1036800,0.0428
1962-03-30,0.2513,0.2513,0.2474,0.2474,1382400,0.0421
1962-04-02,0.2474,0.2520,0.2461,0.2507,1152000,0.0426
1962-04-03,0.2507,0.2520,0.2409,0.2428,1228800,0.0413
1962-04-04,0.2448,0.2493,0.2448,0.2458,1459200,0.0418
1962-04-05,0.2458,0.2484,0.2448,0.2461,1036800,0.0419
1962-04-06,0.2474,0.2513,0.2474,0.2500,729600,0.0425
1962-04-09,0.2507,0.2526,0.2507,0.2507,537600,0.0426
1962-04-10,0.2507,0.2526,0.2507,0.2507,614400,0.0426
1962-04-11,0.2507,0.2520,0.2438,0.2448,883200,0.0416
1962-04-12,0.2435,0.2435,0.2396,0.2402,1075200,0.0409
1962-04-13,0.2402,0.2474,0.2363,0.2474,1804800,0.0421
1962-04-16,0.2474,0.2513,0.2467,0.2480,2227200,0.0422
1962-04-17,0.2480,0.2507,0.2461,0.2493,1152000,0.0424
1962-04-18,0.2493,0.2507,0.2487,0.2507,691200,0.0426
1962-04-19,0.2507,0.2510,0.2493,0.2510,806400,0.0427
1962-04-23,0.2510,0.2539,0.2503,0.2513,691200,0.0428
1962-04-24,0.2513,0.2526,0.2493,0.2526,883200,0.0430
1962-04-25,0.2520,0.2520,0.2493,0.2493,422400,0.0424
1962-04-26,0.2493,0.2507,0.2461,0.2480,806400,0.0422
1962-04-27,0.2480,0.2507,0.2467,0.2507,883200,0.0426
1962-04-30,0.2480,0.2480,0.2396,0.2409,1382400,0.0410
1962-05-01,0.2409,0.2448,0.2396,0.2441,1574400,0.0415
1962-05-02,0.2454,0.2474,0.2454,0.2471,1305600,0.0420
1962-05-03,0.2471,0.2500,0.2461,0.2500,844800,0.0425
1962-05-04,0.2500,0.2510,0.2480,0.2480,537600,0.0422
1962-05-07,0.2480,0.2500,0.2454,0.2454,691200,0.0418
1962-05-08,0.2454,0.2487,0.2425,0.2425,1190400,0.0413
1962-05-09,0.2422,0.2422,0.2376,0.2376,1267200,0.0404
1962-05-10,0.2376,0.2383,0.2344,0.2357,1920000,0.0401
1962-05-11,0.2357,0.2376,0.2259,0.2279,2380800,0.0388
1962-05-14,0.2279,0.2292,0.2181,0.2240,3187200,0.0381
1962-05-15,0.2253,0.2376,0.2253,0.2350,2534400,0.0400
1962-05-16,0.2350,0.2370,0.2344,0.2357,1612800,0.0401
1962-05-17,0.2357,0.2373,0.2331,0.2331,2496000,0.0397
1962-05-18,0.2331,0.2337,0.2298,0.2337,806400,0.0398
1962-05-21,0.2337,0.2344,0.2324,0.2334,960000,0.0397
1962-05-22,0.2334,0.2334,0.2259,0.2266,1420800,0.0385
1962-05-23,0.2262,0.2262,0.2227,0.2240,2342400,0.0381
1962-05-24,0.2227,0.2227,0.2194,0.2194,2688000,0.0373
1962-05-25,0.2194,0.2214,0.2148,0.2168,2841600,0.0369
1962-05-28,0.2165,0.2165,0.1973,0.2054,4377600,0.0349
1962-05-29,0.2054,0.2103,0.1823,0.2103,7411200,0.0358
1962-05-31,0.2142,0.2201,0.2142,0.2188,4761600,0.0372
1962-06-01,0.2188,0.2207,0.2135,0.2161,2688000,0.0368
1962-06-04,0.2148,0.2148,0.1992,0.1992,3456000,0.0339
1962-06-05,0.1999,0.2148,0.1999,0.2070,2688000,0.0352
1962-06-06,0.2077,0.2116,0.2077,0.2096,1344000,0.0357
1962-06-07,0.2096,0.2109,0.2090,0.2103,691200,0.0358
1962-06-08,0.2103,0.2148,0.2103,0.2148,1420800,0.0366
1962-06-11,0.2148,0.2161,0.2129,0.2135,2304000,0.0366
1962-06-12,0.2135,0.2139,0.2038,0.2048,2227200,0.0351
1962-06-13,0.2048,0.2070,0.2012,0.2021,2726400,0.0346
1962-06-14,0.2021,0.2031,0.1992,0.1992,2419200,0.0341
1962-06-15,0.1992,0.2077,0.1982,0.2077,3878400,0.0356
1962-06-18,0.2077,0.2080,0.2044,0.2067,2188800,0.0354
1962-06-19,0.2057,0.2057,0.2038,0.2038,691200,0.0349
1962-06-20,0.2038,0.2057,0.2008,0.2008,2457600,0.0344
1962-06-21,0.2008,0.2012,0.1979,0.1982,1651200,0.0340
1962-06-22,0.1982,0.1982,0.1953,0.1953,1536000,0.0335
1962-06-25,0.1953,0.1956,0.1878,0.1934,5721600,0.0331
1962-06-26,0.1934,0.1960,0.1914,0.1927,2227200,0.0330
1962-06-27,0.1927,0.1934,0.1911,0.1921,2496000,0.0329
1962-06-28,0.1947,0.2012,0.1947,0.2012,2918400,0.0345
1962-06-29,0.2012,0.2025,0.1986,0.1992,2150400,0.0341
1962-07-02,0.1992,0.2054,0.1986,0.2044,1459200,0.0350
1962-07-03,0.2044,0.2057,0.2025,0.2057,1612800,0.0353
1962-07-05,0.2057,0.2070,0.2031,0.2067,1228800,0.0354
1962-07-06,0.2067,0.2067,0.2031,0.2038,844800,0.0349
1962-07-09,0.2051,0.2077,0.2051,0.2077,1689600,0.0356
1962-07-10,0.2083,0.2109,0.2083,0.2083,2304000,0.0357
1962-07-11,0.2083,0.2096,0.2048,0.2096,1843200,0.0359
1962-07-12,0.2096,0.2135,0.2070,0.2116,1728000,0.0363
1962-07-13,0.2109,0.2109,0.2083,0.2106,921600,0.0361
1962-07-16,0.2106,0.2122,0.2100,0.2109,806400,0.0361
1962-07-17,0.2109,0.2122,0.2096,0.2096,345600,0.0359
1962-07-18,0.2083,0.2083,0.2067,0.2080,1612800,0.0356
1962-07-19,0.2080,0.2103,0.2070,0.2100,921600,0.0360
1962-07-20,0.2100,0.2122,0.2100,0.2113,1036800,0.0362
1962-07-23,0.2116,0.2129,0.2116,0.2122,729600,0.0364
1962-07-24,0.2122,0.2132,0.2096,0.2096,691200,0.0359
1962-07-25,0.2096,0.2135,0.2096,0.2135,652800,0.0366
1962-07-26,0.2148,0.2161,0.2148,0.2148,499200,0.0368
1962-07-27,0.2148,0.2165,0.2142,0.2165,460800,0.0371
1962-07-30,0.2165,0.2188,0.2148,0.2188,998400,0.0375
1962-07-31,0.2201,0.2233,0.2201,0.2233,1881600,0.0383
1962-08-01,0.2233,0.2233,0.2174,0.2194,1305600,0.0376
1962-08-02,0.2194,0.2240,0.2174,0.2240,1612800,0.0384
1962-08-03,0.2240,0.2253,0.2145,0.2253,537600,0.0386
1962-08-06,0.2253,0.2256,0.2201,0.2214,921600,0.0379
1962-08-07,0.2214,0.2214,0.2188,0.2188,576000,0.0375
1962-08-08,0.2181,0.2181,0.2168,0.2181,652800,0.0374
1962-08-09,0.2181,0.2181,0.2155,0.2155,652800,0.0369
1962-08-10,0.2155,0.2171,0.2155,0.2168,960000,0.0372
1962-08-13,0.2168,0.2168,0.2155,0.2155,422400,0.0369
1962-08-14,0.2161,0.2207,0.2161,0.2207,998400,0.0378
1962-08-15,0.2227,0.2253,0.2227,0.2240,1305600,0.0384
1962-08-16,0.2240,0.2246,0.2201,0.2227,1689600,0.0382
1962-08-17,0.2227,0.2233,0.2207,0.2227,998400,0.0382
1962-08-20,0.2227,0.2253,0.2227,0.2253,1075200,0.0386
1962-08-21,0.2253,0.2256,0.2246,0.2253,1574400,0.0386
1962-08-22,0.2253,0.2253,0.2227,0.2246,1459200,0.0385
1962-08-23,0.2253,0.2256,0.2253,0.2256,307200,0.0387
1962-08-24,0.2256,0.2272,0.2253,0.2256,537600,0.0387
1962-08-27,0.2256,0.2266,0.2227,0.2240,499200,0.0384
1962-08-28,0.2233,0.2233,0.2207,0.2207,691200,0.0378
1962-08-29,0.2207,0.2210,0.2168,0.2188,883200,0.0375
1962-08-30,0.2207,0.2227,0.2207,0.2214,422400,0.0379
1962-08-31,0.2214,0.2217,0.2214,0.2217,115200,0.0380
1962-09-04,0.2217,0.2240,0.2201,0.2201,652800,0.0377
1962-09-05,0.2201,0.2201,0.2174,0.2201,806400,0.0377
1962-09-06,0.2188,0.2188,0.2168,0.2184,960000,0.0374
1962-09-07,0.2184,0.2207,0.2174,0.2194,883200,0.0376
1962-09-10,0.2201,0.2210,0.2201,0.2210,307200,0.0379
1962-09-11,0.2207,0.2207,0.2188,0.2201,537600,0.0380
1962-09-12,0.2201,0.2227,0.2194,0.2207,1075200,0.0381
1962-09-13,0.2194,0.2194,0.2168,0.2188,499200,0.0378
1962-09-14,0.2188,0.2188,0.2161,0.2188,460800,0.0378
1962-09-17,0.2188,0.2201,0.2174,0.2188,460800,0.0378
1962-09-18,0.2188,0.2207,0.2155,0.2155,921600,0.0372
1962-09-19,0.2155,0.2168,0.2129,0.2148,768000,0.0371
1962-09-20,0.2148,0.2168,0.2119,0.2122,883200,0.0366
1962-09-21,0.2122,0.2122,0.2077,0.2077,921600,0.0358
1962-09-24,0.2074,0.2074,0.2057,0.2074,1267200,0.0358
1962-09-25,0.2074,0.2080,0.2057,0.2057,1113600,0.0355
1962-09-26,0.2057,0.2070,0.2031,0.2031,1113600,0.0351
1962-09-27,0.2031,0.2044,0.2031,0.2031,499200,0.0351
1962-09-28,0.2031,0.2051,0.2025,0.2044,691200,0.0353
1962-10-01,0.2044,0.2109,0.2018,0.2021,1612800,0.0349
1962-10-02,0.2021,0.2064,0.2018,0.2038,614400,0.0352
1962-10-03,0.2051,0.2109,0.2051,0.2087,844800,0.0360
1962-10-04,0.2087,0.2090,0.2083,0.2090,537600,0.0361
1962-10-05,0.2090,0.2116,0.2064,0.2116,921600,0.0365
1962-10-08,0.2116,0.2116,0.2083,0.2113,384000,0.0365
1962-10-09,0.2113,0.2135,0.2103,0.2135,844800,0.0369
1962-10-10,0.2135,0.2168,0.2122,0.2122,806400,0.0366
1962-10-11,0.2122,0.2129,0.2103,0.2122,652800,0.0366
1962-10-12,0.2109,0.2109,0.2109,0.2109,460800,0.0364
1962-10-15,0.2109,0.2129,0.2109,0.2109,1420800,0.0364
1962-10-16,0.2109,0.2109,0.2103,0.2109,960000,0.0364
1962-10-17,0.2109,0.2109,0.2090,0.2106,384000,0.0363
1962-10-18,0.2106,0.2116,0.2083,0.2083,998400,0.0360
1962-10-19,0.2083,0.2090,0.2005,0.2015,3955200,0.0348
1962-10-22,0.2012,0.2012,0.1966,0.2002,2419200,0.0346
1962-10-23,0.1999,0.1999,0.1940,0.1940,1612800,0.0335
1962-10-24,0.1940,0.1992,0.1934,0.1992,2035200,0.0344
1962-10-25,0.1992,0.2018,0.1992,0.1992,883200,0.0344
1962-10-26,0.1992,0.1992,0.1960,0.1976,537600,0.0341
1962-10-29,0.2005,0.2031,0.2005,0.2025,1344000,0.0349
1962-10-30,0.2025,0.2041,0.2025,0.2041,499200,0.0352
1962-10-31,0.2051,0.2083,0.2051,0.2070,2803200,0.0357
1962-11-01,0.2070,0.2090,0.2038,0.2090,1958400,0.0361
1962-11-02,0.2090,0.2161,0.2090,0.2129,4569600,0.0367
1962-11-05,0.2126,0.2126,0.2103,0.2126,614400,0.0367
1962-11-07,0.2122,0.2122,0.2103,0.2116,1267200,0.0365
1962-11-08,0.2116,0.2119,0.2103,0.2103,729600,0.0363
1962-11-09,0.2103,0.2116,0.2090,0.2116,537600,0.0365
1962-11-12,0.2116,0.2122,0.2103,0.2103,614400,0.0363
1962-11-13,0.2109,0.2129,0.2109,0.2109,921600,0.0364
1962-11-14,0.2109,0.2116,0.2090,0.2109,1344000,0.0364
1962-11-15,0.2116,0.2148,0.2116,0.2116,768000,0.0365
1962-11-16,0.2116,0.2129,0.2103,0.2103,1497600,0.0363
1962-11-19,0.2103,0.2103,0.2057,0.2057,2035200,0.0355
1962-11-20,0.2057,0.2064,0.2031,0.2064,2227200,0.0356
1962-11-21,0.2064,0.2083,0.2061,0.2077,3532800,0.0358
1962-11-23,0.2090,0.2148,0.2090,0.2126,1382400,0.0367
1962-11-26,0.2126,0.2155,0.2122,0.2142,1996800,0.0370
1962-11-27,0.2142,0.2148,0.2139,0.2148,1152000,0.0371
1962-11-28,0.2148,0.2155,0.2142,0.2145,1420800,0.0373
1962-11-29,0.2155,0.2161,0.2155,0.2161,1113600,0.0376
1962-11-30,0.2168,0.2246,0.2168,0.2246,2035200,0.0390
1962-12-03,0.2233,0.2233,0.2201,0.2201,1651200,0.0383
1962-12-04,0.2201,0.2259,0.2201,0.2246,1267200,0.0390
1962-12-05,0.2253,0.2262,0.2253,0.2262,1228800,0.0393
1962-12-06,0.2246,0.2246,0.2227,0.2233,998400,0.0388
1962-12-07,0.2233,0.2240,0.2227,0.2240,921600,0.0389
1962-12-10,0.2236,0.2236,0.2165,0.2165,844800,0.0376
1962-12-11,0.2174,0.2201,0.2174,0.2191,960000,0.0381
1962-12-12,0.2191,0.2201,0.2188,0.2201,883200,0.0383
1962-12-13,0.2201,0.2253,0.2201,0.2227,1344000,0.0387
1962-12-14,0.2243,0.2298,0.2243,0.2298,3072000,0.0400
1962-12-17,0.2298,0.2311,0.2272,0.2279,1612800,0.0396
1962-12-18,0.2279,0.2279,0.2253,0.2253,806400,0.0392
1962-12-19,0.2253,0.2266,0.2253,0.2253,921600,0.0392
1962-12-20,0.2253,0.2272,0.2246,0.2246,960000,0.0390
1962-12-21,0.2246,0.2266,0.2233,0.2233,460800,0.0388
1962-12-24,0.2233,0.2240,0.2188,0.2201,1843200,0.0383
1962-12-26,0.2214,0.2227,0.2214,0.2214,652800,0.0385
1962-12-27,0.2214,0.2240,0.2214,0.2227,691200,0.0387
1962-12-28,0.2227,0.2227,0.2217,0.2220,652800,0.0386
1962-12-31,0.2220,0.2223,0.2214,0.2220,614400,0.0386
1963-01-02,0.2220,0.2220,0.2214,0.2220,729600,0.0386
1963-01-03,0.2220,0.2223,0.2201,0.2223,921600,0.0387
1963-01-04,0.2233,0.2292,0.2233,0.2279,1420800,0.0396
1963-01-07,0.2279,0.2279,0.2272,0.2275,422400,0.0396
1963-01-08,0.2279,0.2298,0.2279,0.2298,1113600,0.0400
1963-01-09,0.2295,0.2295,0.2266,0.2272,2073600,0.0395
1963-01-10,0.2272,0.2292,0.2266,0.2266,1190400,0.0394
1963-01-11,0.2292,0.2318,0.2292,0.2318,1996800,0.0403
1963-01-14,0.2318,0.2363,0.2318,0.2331,3187200,0.0405
1963-01-15,0.2331,0.2354,0.2318,0.2337,1536000,0.0406
1963-01-16,0.2311,0.2311,0.2292,0.2292,652800,0.0398
1963-01-17,0.2292,0.2318,0.2292,0.2305,1228800,0.0401
1963-01-18,0.2311,0.2324,0.2311,0.2311,960000,0.0402
1963-01-21,0.2311,0.2318,0.2301,0.2318,614400,0.0403
1963-01-22,0.2318,0.2331,0.2298,0.2318,921600,0.0403
1963-01-23,0.2318,0.2318,0.2305,0.2311,307200,0.0402
1963-01-24,0.2324,0.2344,0.2324,0.2344,1075200,0.0407
1963-01-25,0.2344,0.2347,0.2331,0.2347,1382400,0.0408
1963-01-28,0.2347,0.2350,0.2324,0.2344,1958400,0.0407
1963-01-29,0.2344,0.2357,0.2344,0.2357,998400,0.0410
1963-01-30,0.2357,0.2360,0.2350,0.2354,883200,0.0409
1963-01-31,0.2354,0.2354,0.2344,0.2350,1036800,0.0409
1963-02-01,0.2350,0.2370,0.2350,0.2370,1920000,0.0412
1963-02-04,0.2376,0.2389,0.2376,0.2380,883200,0.0414
1963-02-05,0.2380,0.2389,0.2347,0.2363,844800,0.0411
1963-02-06,0.2363,0.2409,0.2363,0.2406,1305600,0.0418
1963-02-07,0.2406,0.2409,0.2383,0.2383,844800,0.0414
1963-02-08,0.2389,0.2419,0.2389,0.2389,1190400,0.0415
1963-02-11,0.2409,0.2432,0.2409,0.2432,1382400,0.0423
1963-02-12,0.2428,0.2428,0.2402,0.2402,921600,0.0418
1963-02-13,0.2406,0.2428,0.2406,0.2422,883200,0.0421
1963-02-14,0.2422,0.2441,0.2422,0.2428,1190400,0.0422
1963-02-15,0.2428,0.2441,0.2415,0.2435,2188800,0.0423
1963-02-18,0.2448,0.2458,0.2448,0.2451,1766400,0.0426
1963-02-19,0.2451,0.2451,0.2435,0.2451,921600,0.0426
1963-02-20,0.2441,0.2441,0.2422,0.2438,537600,0.0424
1963-02-21,0.2438,0.2448,0.2422,0.2448,998400,0.0426
1963-02-25,0.2448,0.2448,0.2428,0.2435,921600,0.0423
1963-02-26,0.2435,0.2441,0.2428,0.2435,345600,0.0423
1963-02-27,0.2428,0.2428,0.2402,0.2409,1651200,0.0419
1963-02-28,0.2402,0.2402,0.2337,0.2344,1536000,0.0407
1963-03-01,0.2344,0.2415,0.2344,0.2389,2112000,0.0415
1963-03-04,0.2389,0.2435,0.2389,0.2428,537600,0.0422
1963-03-05,0.2428,0.2428,0.2383,0.2419,691200,0.0420
1963-03-06,0.2419,0.2419,0.2415,0.2419,230400,0.0420
1963-03-07,0.2419,0.2435,0.2412,0.2428,614400,0.0422
1963-03-08,0.2425,0.2425,0.2415,0.2422,537600,0.0421
1963-03-11,0.2422,0.2448,0.2412,0.2422,1075200,0.0424
1963-03-12,0.2422,0.2445,0.2415,0.2428,806400,0.0425
1963-03-13,0.2428,0.2438,0.2415,0.2415,422400,0.0423
1963-03-14,0.2415,0.2438,0.2409,0.2419,1228800,0.0424
1963-03-15,0.2419,0.2435,0.2409,0.2422,1305600,0.0424
1963-03-18,0.2422,0.2432,0.2412,0.2412,960000,0.0422
1963-03-19,0.2412,0.2432,0.2412,0.2412,1075200,0.0422
1963-03-20,0.2415,0.2432,0.2415,0.2432,499200,0.0426
1963-03-21,0.2432,0.2438,0.2422,0.2428,1152000,0.0425
1963-03-22,0.2428,0.2432,0.2415,0.2428,729600,0.0425
1963-03-25,0.2438,0.2438,0.2415,0.2422,499200,0.0424
1963-03-26,0.2422,0.2432,0.2415,0.2419,652800,0.0424
1963-03-27,0.2422,0.2435,0.2422,0.2435,537600,0.0426
1963-03-28,0.2435,0.2451,0.2422,0.2422,1152000,0.0424
1963-03-29,0.2422,0.2445,0.2422,0.2435,768000,0.0426
1963-04-01,0.2441,0.2474,0.2441,0.2461,1267200,0.0431
1963-04-02,0.2454,0.2454,0.2441,0.2448,883200,0.0429
1963-04-03,0.2448,0.2458,0.2448,0.2451,652800,0.0429
1963-04-04,0.2461,0.2461,0.2451,0.2461,883200,0.0431
1963-04-05,0.2461,0.2464,0.2451,0.2451,576000,0.0429
1963-04-08,0.2451,0.2464,0.2441,0.2451,1152000,0.0429
1963-04-09,0.2451,0.2461,0.2441,0.2448,729600,0.0429
1963-04-10,0.2448,0.2471,0.2448,0.2448,1075200,0.0429
1963-04-11,0.2448,0.2467,0.2445,0.2461,691200,0.0431
1963-04-15,0.2461,0.2471,0.2451,0.2467,960000,0.0432
1963-04-16,0.2467,0.2471,0.2454,0.2467,1036800,0.0432
1963-04-17,0.2467,0.2467,0.2454,0.2454,1267200,0.0430
1963-04-18,0.2458,0.2464,0.2458,0.2461,768000,0.0431
1963-04-19,0.2461,0.2477,0.2461,0.2461,2764800,0.0431
1963-04-22,0.2461,0.2467,0.2445,0.2467,652800,0.0432
1963-04-23,0.2467,0.2497,0.2464,0.2474,2112000,0.0433
1963-04-24,0.2474,0.2484,0.2461,0.2461,1574400,0.0431
1963-04-25,0.2461,0.2474,0.2441,0.2445,1036800,0.0428
1963-04-26,0.2435,0.2435,0.2396,0.2409,1267200,0.0422
1963-04-29,0.2409,0.2409,0.2409,0.2409,1075200,0.0422
1963-04-30,0.2409,0.2432,0.2409,0.2409,5222400,0.0422
1963-05-01,0.2415,0.2428,0.2415,0.2428,153600,0.0425
1963-05-02,0.2428,0.2435,0.2422,0.2435,422400,0.0426
1963-05-03,0.2441,0.2458,0.2441,0.2451,576000,0.0429
1963-05-06,0.2458,0.2471,0.2458,0.2471,537600,0.0433
1963-05-07,0.2471,0.2484,0.2454,0.2484,2611200,0.0435
1963-05-08,0.2487,0.2507,0.2487,0.2493,2265600,0.0437
1963-05-09,0.2493,0.2520,0.2474,0.2480,768000,0.0434
1963-05-10,0.2480,0.2497,0.2471,0.2477,2611200,0.0434
1963-05-13,0.2477,0.2493,0.2467,0.2487,2342400,0.0436
1963-05-14,0.2487,0.2487,0.2467,0.2487,1536000,0.0436
1963-05-15,0.2487,0.2497,0.2474,0.2493,499200,0.0437
1963-05-16,0.2493,0.2500,0.2487,0.2493,691200,0.0437
1963-05-17,0.2493,0.2497,0.2484,0.2484,576000,0.0435
1963-05-20,0.2484,0.2493,0.2435,0.2458,1804800,0.0430
1963-05-21,0.2461,0.2474,0.2461,0.2464,1075200,0.0432
1963-05-22,0.2464,0.2464,0.2435,0.2435,1536000,0.0426
1963-05-23,0.2428,0.2428,0.2376,0.2383,1497600,0.0417
1963-05-24,0.2383,0.2396,0.2370,0.2389,2150400,0.0418
1963-05-27,0.2389,0.2428,0.2383,0.2402,1113600,0.0421
1963-05-28,0.2402,0.2467,0.2389,0.2448,2572800,0.0429
1963-05-29,0.2448,0.2454,0.2396,0.2409,2457600,0.0422
1963-05-31,0.2409,0.2448,0.2409,0.2422,1075200,0.0424
1963-06-03,0.2422,0.2448,0.2409,0.2409,652800,0.0422
1963-06-04,0.2419,0.2441,0.2419,0.2435,576000,0.0426
1963-06-05,0.2435,0.2458,0.2435,0.2454,998400,0.0430
1963-06-06,0.2454,0.2474,0.2445,0.2467,1574400,0.0432
1963-06-07,0.2467,0.2480,0.2467,0.2467,1190400,0.0432
1963-06-10,0.2464,0.2477,0.2464,0.2464,806400,0.0432
1963-06-11,0.2458,0.2458,0.2438,0.2438,1651200,0.0430
1963-06-12,0.2448,0.2461,0.2448,0.2461,576000,0.0434
1963-06-13,0.2480,0.2487,0.2480,0.2487,998400,0.0439
1963-06-14,0.2487,0.2487,0.2448,0.2448,576000,0.0432
1963-06-17,0.2448,0.2448,0.2422,0.2435,1728000,0.0429
1963-06-18,0.2435,0.2461,0.2435,0.2441,499200,0.0431
1963-06-19,0.2441,0.2467,0.2441,0.2448,1075200,0.0432
1963-06-20,0.2448,0.2454,0.2428,0.2435,1152000,0.0429
1963-06-21,0.2435,0.2441,0.2422,0.2422,1036800,0.0427
1963-06-24,0.2425,0.2435,0.2425,0.2435,614400,0.0429
1963-06-25,0.2435,0.2435,0.2422,0.2425,768000,0.0428
1963-06-26,0.2425,0.2435,0.2415,0.2435,883200,0.0429
1963-06-27,0.2435,0.2461,0.2435,0.2461,768000,0.0434
1963-06-28,0.2448,0.2448,0.2441,0.2441,192000,0.0431
1963-07-01,0.2510,0.2520,0.2510,0.2520,307200,0.0444
1963-07-02,0.2445,0.2445,0.2428,0.2428,1113600,0.0428
1963-07-03,0.2435,0.2448,0.2435,0.2435,844800,0.0429
1963-07-05,0.2435,0.2445,0.2435,0.2445,460800,0.0431
1963-07-08,0.2445,0.2448,0.2441,0.2448,883200,0.0432
1963-07-09,0.2451,0.2474,0.2451,0.2474,1267200,0.0436
1963-07-10,0.2474,0.2480,0.2474,0.2477,1382400,0.0437
1963-07-11,0.2477,0.2493,0.2474,0.2474,960000,0.0436
1963-07-12,0.2474,0.2493,0.2474,0.2474,883200,0.0436
1963-07-15,0.2474,0.2480,0.2461,0.2461,1113600,0.0434
1963-07-16,0.2461,0.2474,0.2435,0.2435,844800,0.0429
1963-07-17,0.2435,0.2467,0.2435,0.2467,883200,0.0435
1963-07-18,0.2467,0.2467,0.2454,0.2454,230400,0.0433
1963-07-19,0.2454,0.2461,0.2441,0.2448,576000,0.0432
1963-07-22,0.2448,0.2461,0.2448,0.2461,192000,0.0434
1963-07-23,0.2461,0.2474,0.2461,0.2474,844800,0.0436
1963-07-24,0.2474,0.2487,0.2445,0.2448,1036800,0.0432
1963-07-25,0.2448,0.2467,0.2435,0.2441,1305600,0.0431
1963-07-26,0.2441,0.2461,0.2435,0.2461,652800,0.0434
1963-07-29,0.2461,0.2467,0.2448,0.2448,614400,0.0432
1963-07-30,0.2454,0.2474,0.2454,0.2474,384000,0.0436
1963-07-31,0.2474,0.2493,0.2474,0.2487,1152000,0.0439
1963-08-01,0.2487,0.2497,0.2487,0.2497,768000,0.0440
1963-08-02,0.2497,0.2500,0.2490,0.2493,1075200,0.0440
1963-08-05,0.2493,0.2513,0.2493,0.2507,768000,0.0442
1963-08-06,0.2513,0.2565,0.2513,0.2552,1843200,0.0450
1963-08-07,0.2565,0.2578,0.2565,0.2578,1344000,0.0455
1963-08-08,0.2585,0.2601,0.2585,0.2594,537600,0.0458
1963-08-09,0.2601,0.2620,0.2601,0.2614,1612800,0.0461
1963-08-12,0.2614,0.2617,0.2598,0.2617,576000,0.0462
1963-08-13,0.2617,0.2617,0.2594,0.2604,652800,0.0459
1963-08-14,0.2598,0.2598,0.2578,0.2591,1190400,0.0457
1963-08-15,0.2598,0.2604,0.2598,0.2604,537600,0.0459
1963-08-16,0.2604,0.2614,0.2604,0.2611,307200,0.0460
1963-08-19,0.2611,0.2627,0.2607,0.2627,729600,0.0463
1963-08-20,0.2630,0.2656,0.2630,0.2643,1036800,0.0466
1963-08-21,0.2656,0.2676,0.2656,0.2656,422400,0.0469
1963-08-22,0.2656,0.2669,0.2637,0.2656,1305600,0.0469
1963-08-23,0.2656,0.2663,0.2650,0.2663,844800,0.0470
1963-08-26,0.2663,0.2676,0.2650,0.2656,998400,0.0469
1963-08-27,0.2656,0.2669,0.2656,0.2656,576000,0.0469
1963-08-28,0.2663,0.2676,0.2663,0.2676,768000,0.0472
1963-08-29,0.2676,0.2682,0.2669,0.2669,1036800,0.0471
1963-08-30,0.2695,0.2702,0.2656,0.2663,422400,0.0470
1963-09-03,0.2663,0.2673,0.2656,0.2660,1190400,0.0469
1963-09-04,0.2669,0.2673,0.2669,0.2673,230400,0.0471
1963-09-05,0.2673,0.2682,0.2663,0.2679,1344000,0.0473
1963-09-06,0.2679,0.2682,0.2663,0.2663,1190400,0.0470
1963-09-09,0.2663,0.2666,0.2650,0.2656,1075200,0.0469
1963-09-10,0.2656,0.2669,0.2646,0.2669,499200,0.0471
1963-09-11,0.2669,0.2669,0.2643,0.2656,691200,0.0472
1963-09-12,0.2656,0.2669,0.2656,0.2656,614400,0.0472
1963-09-13,0.2656,0.2666,0.2653,0.2663,422400,0.0473
1963-09-16,0.2663,0.2669,0.2656,0.2656,537600,0.0472
1963-09-17,0.2663,0.2676,0.2663,0.2673,576000,0.0475
1963-09-18,0.2676,0.2689,0.2676,0.2682,1113600,0.0476
1963-09-19,0.2682,0.2741,0.2682,0.2721,3302400,0.0483
1963-09-20,0.2721,0.2741,0.2695,0.2734,729600,0.0486
1963-09-23,0.2734,0.2734,0.2708,0.2715,844800,0.0482
1963-09-24,0.2715,0.2728,0.2715,0.2715,268800,0.0482
1963-09-25,0.2715,0.2734,0.2682,0.2682,1113600,0.0476
1963-09-26,0.2682,0.2692,0.2663,0.2669,1228800,0.0474
1963-09-27,0.2669,0.2673,0.2669,0.2669,614400,0.0474
1963-09-30,0.2669,0.2686,0.2669,0.2669,691200,0.0474
1963-10-01,0.2669,0.2728,0.2666,0.2715,1113600,0.0482
1963-10-02,0.2715,0.2734,0.2715,0.2721,921600,0.0483
1963-10-03,0.2721,0.2728,0.2708,0.2715,960000,0.0482
1963-10-04,0.2715,0.2734,0.2715,0.2734,1113600,0.0486
1963-10-07,0.2731,0.2731,0.2702,0.2702,345600,0.0480
1963-10-08,0.2702,0.2702,0.2689,0.2702,499200,0.0480
1963-10-09,0.2702,0.2718,0.2682,0.2682,960000,0.0476
1963-10-10,0.2682,0.2682,0.2673,0.2673,768000,0.0475
1963-10-11,0.2682,0.2699,0.2682,0.2689,345600,0.0477
1963-10-14,0.2689,0.2715,0.2682,0.2682,537600,0.0476
1963-10-15,0.2682,0.2708,0.2682,0.2699,652800,0.0479
1963-10-16,0.2715,0.2715,0.2715,0.2715,76800,0.0482
1963-10-17,0.2715,0.2728,0.2689,0.2728,1036800,0.0484
1963-10-18,0.2728,0.2728,0.2715,0.2715,230400,0.0482
1963-10-21,0.2721,0.2734,0.2721,0.2734,576000,0.0486
1963-10-22,0.2728,0.2728,0.2708,0.2728,537600,0.0484
1963-10-23,0.2728,0.2728,0.2702,0.2702,691200,0.0480
1963-10-24,0.2702,0.2721,0.2695,0.2721,806400,0.0483
1963-10-25,0.2721,0.2728,0.2689,0.2721,499200,0.0483
1963-10-28,0.2728,0.2760,0.2728,0.2760,1651200,0.0490
1963-10-29,0.2760,0.2760,0.2741,0.2757,576000,0.0490
1963-10-30,0.2757,0.2757,0.2721,0.2721,460800,0.0483
1963-10-31,0.2715,0.2715,0.2689,0.2695,576000,0.0479
1963-11-01,0.2695,0.2708,0.2682,0.2708,576000,0.0481
1963-11-04,0.2708,0.2728,0.2689,0.2702,883200,0.0480
1963-11-06,0.2686,0.2686,0.2669,0.2682,1228800,0.0476
1963-11-07,0.2692,0.2708,0.2692,0.2708,1036800,0.0481
1963-11-08,0.2708,0.2721,0.2702,0.2715,1497600,0.0482
1963-11-11,0.2715,0.2744,0.2715,0.2725,960000,0.0484
1963-11-12,0.2731,0.2741,0.2731,0.2734,1190400,0.0486
1963-11-13,0.2734,0.2757,0.2734,0.2751,768000,0.0488
1963-11-14,0.2770,0.2770,0.2757,0.2767,1420800,0.0491
1963-11-15,0.2764,0.2764,0.2741,0.2764,1305600,0.0491
1963-11-18,0.2764,0.2764,0.2741,0.2764,921600,0.0491
1963-11-19,0.2764,0.2770,0.2747,0.2747,2150400,0.0488
1963-11-20,0.2741,0.2741,0.2721,0.2741,537600,0.0487
1963-11-21,0.2734,0.2734,0.2708,0.2708,729600,0.0481
1963-11-22,0.2708,0.2728,0.2676,0.2676,998400,0.0475
1963-11-26,0.2689,0.2728,0.2689,0.2715,1804800,0.0485
1963-11-27,0.2708,0.2718,0.2708,0.2718,537600,0.0486
1963-11-29,0.2718,0.2731,0.2712,0.2731,499200,0.0488
1963-12-02,0.2734,0.2757,0.2734,0.2754,1536000,0.0492
1963-12-03,0.2754,0.2770,0.2734,0.2770,691200,0.0495
1963-12-04,0.2764,0.2764,0.2741,0.2760,576000,0.0493
1963-12-05,0.2760,0.2770,0.2760,0.2764,1651200,0.0494
1963-12-06,0.2764,0.2767,0.2747,0.2767,1612800,0.0495
1963-12-09,0.2760,0.2760,0.2747,0.2754,652800,0.0492
1963-12-10,0.2754,0.2773,0.2747,0.2773,1113600,0.0496
1963-12-11,0.2773,0.2786,0.2773,0.2786,3187200,0.0498
1963-12-12,0.2786,0.2786,0.2773,0.2786,768000,0.0498
1963-12-13,0.2786,0.2796,0.2773,0.2780,2995200,0.0497
1963-12-16,0.2780,0.2799,0.2773,0.2799,1996800,0.0500
1963-12-17,0.2799,0.2826,0.2799,0.2826,2227200,0.0505
1963-12-18,0.2826,0.2871,0.2826,0.2871,1881600,0.0513
1963-12-19,0.2891,0.2969,0.2891,0.2969,1305600,0.0531
1963-12-20,0.2969,0.2969,0.2897,0.2897,1075200,0.0518
1963-12-23,0.2904,0.2923,0.2904,0.2917,537600,0.0521
1963-12-24,0.2917,0.2949,0.2897,0.2897,499200,0.0518
1963-12-26,0.2897,0.2969,0.2891,0.2969,921600,0.0531
1963-12-27,0.2975,0.2998,0.2975,0.2995,998400,0.0535
1963-12-30,0.2995,0.2995,0.2982,0.2982,614400,0.0533
1963-12-31,0.2985,0.3011,0.2985,0.3011,1152000,0.0538
1964-01-02,0.3011,0.3011,0.2972,0.2972,614400,0.0531
1964-01-03,0.2972,0.2985,0.2943,0.2943,499200,0.0526
1964-01-06,0.2943,0.2956,0.2917,0.2923,806400,0.0522
1964-01-07,0.2923,0.2949,0.2923,0.2923,1152000,0.0522
1964-01-08,0.2936,0.2969,0.2936,0.2969,883200,0.0531
1964-01-09,0.2969,0.2988,0.2943,0.2985,2188800,0.0534
1964-01-10,0.2985,0.2992,0.2969,0.2992,1382400,0.0535
1964-01-13,0.2998,0.3011,0.2998,0.3008,921600,0.0538
1964-01-14,0.3008,0.3014,0.3008,0.3011,422400,0.0538
1964-01-15,0.3011,0.3011,0.2998,0.3011,307200,0.0538
1964-01-16,0.3011,0.3011,0.2975,0.2975,460800,0.0532
1964-01-17,0.2975,0.2988,0.2930,0.2982,883200,0.0533
1964-01-20,0.2982,0.2985,0.2930,0.2930,576000,0.0524
1964-01-21,0.2923,0.2923,0.2910,0.2923,460800,0.0522
1964-01-22,0.2923,0.2962,0.2923,0.2956,960000,0.0528
1964-01-23,0.2956,0.2975,0.2943,0.2975,729600,0.0532
1964-01-24,0.2975,0.2979,0.2923,0.2956,1420800,0.0528
1964-01-27,0.2975,0.2995,0.2975,0.2982,1574400,0.0533
1964-01-28,0.2995,0.3008,0.2995,0.3001,652800,0.0536
1964-01-29,0.2998,0.2998,0.2975,0.2998,1113600,0.0536
1964-01-30,0.2998,0.3008,0.2998,0.3001,345600,0.0536
1964-01-31,0.3005,0.3086,0.3005,0.3076,1881600,0.0550
1964-02-03,0.3079,0.3112,0.3079,0.3079,1728000,0.0550
1964-02-04,0.3086,0.3099,0.3086,0.3092,691200,0.0553
1964-02-05,0.3092,0.3105,0.3092,0.3099,998400,0.0554
1964-02-06,0.3099,0.3099,0.3096,0.3099,499200,0.0554
1964-02-07,0.3096,0.3096,0.3092,0.3092,230400,0.0553
1964-02-10,0.3092,0.3096,0.3079,0.3079,921600,0.0550
1964-02-11,0.3073,0.3073,0.3070,0.3070,230400,0.0549
1964-02-12,0.3070,0.3073,0.3053,0.3053,499200,0.0546
1964-02-13,0.3053,0.3073,0.3053,0.3073,614400,0.0549
1964-02-14,0.3079,0.3099,0.3079,0.3099,1190400,0.0554
1964-02-17,0.3099,0.3099,0.3099,0.3099,1036800,0.0554
1964-02-18,0.3105,0.3171,0.3105,0.3138,1344000,0.0561
1964-02-19,0.3138,0.3151,0.3138,0.3138,460800,0.0561
1964-02-20,0.3138,0.3138,0.3102,0.3112,460800,0.0556
1964-02-24,0.3105,0.3105,0.3079,0.3092,921600,0.0553
1964-02-25,0.3092,0.3118,0.3079,0.3079,921600,0.0550
1964-02-26,0.3079,0.3079,0.3073,0.3073,960000,0.0549
1964-02-27,0.3073,0.3089,0.3073,0.3089,806400,0.0552
1964-02-28,0.3086,0.3086,0.3073,0.3086,576000,0.0552
1964-03-02,0.3086,0.3118,0.3086,0.3112,1075200,0.0556
1964-03-03,0.3112,0.3125,0.3099,0.3122,1152000,0.0558
1964-03-04,0.3125,0.3135,0.3125,0.3128,1267200,0.0559
1964-03-05,0.3128,0.3138,0.3125,0.3138,1152000,0.0561
1964-03-06,0.3138,0.3151,0.3125,0.3151,844800,0.0563
1964-03-09,0.3151,0.3281,0.3151,0.3281,1574400,0.0586
1964-03-10,0.3281,0.3288,0.3229,0.3288,1804800,0.0591
1964-03-11,0.3288,0.3359,0.3281,0.3353,1612800,0.0603
1964-03-12,0.3353,0.3451,0.3340,0.3451,1843200,0.0620
1964-03-13,0.3431,0.3431,0.3350,0.3350,1382400,0.0602
1964-03-16,0.3333,0.3333,0.3262,0.3281,3878400,0.0590
1964-03-17,0.3268,0.3268,0.3242,0.3249,576000,0.0584
1964-03-18,0.3249,0.3255,0.3151,0.3229,1612800,0.0581
1964-03-19,0.3229,0.3232,0.3190,0.3190,768000,0.0574
1964-03-20,0.3190,0.3203,0.3151,0.3177,2956800,0.0571
1964-03-23,0.3177,0.3203,0.3177,0.3190,1728000,0.0574
1964-03-24,0.3190,0.3216,0.3177,0.3197,1612800,0.0575
1964-03-25,0.3197,0.3203,0.3190,0.3203,1574400,0.0576
1964-03-26,0.3200,0.3200,0.3174,0.3177,1420800,0.0571
1964-03-30,0.3197,0.3255,0.3197,0.3242,1497600,0.0583
1964-03-31,0.3242,0.3275,0.3242,0.3275,1574400,0.0589
1964-04-01,0.3278,0.3307,0.3278,0.3301,614400,0.0593
1964-04-02,0.3301,0.3353,0.3288,0.3340,1651200,0.0601
1964-04-03,0.3340,0.3372,0.3333,0.3333,614400,0.0599
1964-04-06,0.3333,0.3346,0.3333,0.3337,1382400,0.0600
1964-04-07,0.3337,0.3340,0.3281,0.3281,921600,0.0590
1964-04-08,0.3281,0.3317,0.3268,0.3317,1305600,0.0596
1964-04-09,0.3317,0.3320,0.3294,0.3301,1075200,0.0593
1964-04-10,0.3301,0.3317,0.3288,0.3294,2380800,0.0592
1964-04-13,0.3320,0.3340,0.3320,0.3327,2457600,0.0598
1964-04-14,0.3327,0.3333,0.3307,0.3307,345600,0.0595
1964-04-15,0.3320,0.3379,0.3320,0.3327,1228800,0.0598
1964-04-16,0.3327,0.3333,0.3301,0.3333,1958400,0.0599
1964-04-17,0.3333,0.3340,0.3320,0.3320,729600,0.0597
1964-04-20,0.3320,0.3353,0.3320,0.3340,1612800,0.0601
1964-04-21,0.3340,0.3359,0.3301,0.3333,1459200,0.0599
1964-04-22,0.3327,0.3327,0.3307,0.3307,691200,0.0595
1964-04-23,0.3327,0.3346,0.3327,0.3327,960000,0.0598
1964-04-24,0.3327,0.3346,0.3307,0.3307,883200,0.0595
1964-04-27,0.3307,0.3327,0.3304,0.3304,499200,0.0594
1964-04-28,0.3304,0.3314,0.3301,0.3314,537600,0.0596
1964-04-29,0.3314,0.3340,0.3307,0.3314,499200,0.0596
1964-04-30,0.3314,0.3314,0.3294,0.3294,268800,0.0592
1964-05-01,0.3294,0.3320,0.3294,0.3307,806400,0.0595
1964-05-04,0.3307,0.3307,0.3294,0.3294,499200,0.0592
1964-05-05,0.3294,0.3301,0.3285,0.3285,1920000,0.0591
1964-05-06,0.3285,0.3294,0.3281,0.3281,2534400,0.0590
1964-05-07,0.3281,0.3307,0.3281,0.3307,1382400,0.0595
1964-05-08,0.3327,0.3343,0.3327,0.3327,883200,0.0598
1964-05-11,0.3346,0.3366,0.3346,0.3366,1459200,0.0605
1964-05-12,0.3372,0.3418,0.3372,0.3405,2534400,0.0612
1964-05-13,0.3411,0.3438,0.3411,0.3411,998400,0.0613
1964-05-14,0.3411,0.3438,0.3405,0.3405,768000,0.0612
1964-05-15,0.3405,0.3424,0.3379,0.3392,499200,0.0610
1964-05-18,0.3411,0.3431,0.3411,0.3418,691200,0.0615
1964-05-19,0.3418,0.3438,0.3411,0.3411,1190400,0.0613
1964-05-20,0.3411,0.3411,0.3359,0.3372,1305600,0.0606
1964-05-21,0.3372,0.3385,0.3346,0.3385,1036800,0.0609
1964-05-22,0.3385,0.3418,0.3385,0.3392,883200,0.0610
1964-05-25,0.3372,0.3372,0.3346,0.3346,614400,0.0602
1964-05-26,0.3346,0.3356,0.3346,0.3346,422400,0.0602
1964-05-27,0.3333,0.3333,0.3314,0.3333,268800,0.0599
1964-05-28,0.3333,0.3353,0.3327,0.3327,652800,0.0598
1964-06-01,0.3320,0.3320,0.3294,0.3294,1344000,0.0592
1964-06-02,0.3294,0.3294,0.3262,0.3268,883200,0.0588
1964-06-03,0.3268,0.3288,0.3268,0.3281,576000,0.0590
1964-06-04,0.3268,0.3268,0.3255,0.3255,960000,0.0585
1964-06-05,0.3255,0.3281,0.3255,0.3268,1344000,0.0588
1964-06-08,0.3268,0.3294,0.3262,0.3262,537600,0.0586
1964-06-09,0.3255,0.3255,0.3242,0.3255,960000,0.0589
1964-06-10,0.3255,0.3294,0.3255,0.3294,806400,0.0596
1964-06-11,0.3307,0.3333,0.3307,0.3327,691200,0.0602
1964-06-12,0.3333,0.3353,0.3333,0.3346,921600,0.0605
1964-06-15,0.3353,0.3385,0.3353,0.3385,921600,0.0612
1964-06-16,0.3385,0.3408,0.3385,0.3408,652800,0.0616
1964-06-17,0.3408,0.3418,0.3398,0.3405,1344000,0.0616
1964-06-18,0.3405,0.3411,0.3392,0.3395,998400,0.0614
1964-06-19,0.3395,0.3408,0.3372,0.3372,614400,0.0610
1964-06-22,0.3392,0.3418,0.3392,0.3418,460800,0.0618
1964-06-23,0.3418,0.3418,0.3359,0.3379,1036800,0.0611
1964-06-24,0.3379,0.3398,0.3359,0.3398,460800,0.0615
1964-06-25,0.3392,0.3392,0.3353,0.3372,806400,0.0610
1964-06-26,0.3372,0.3382,0.3359,0.3379,844800,0.0611
1964-06-29,0.3379,0.3411,0.3379,0.3411,2726400,0.0617
1964-06-30,0.3418,0.3438,0.3418,0.3421,576000,0.0619
1964-07-01,0.3421,0.3438,0.3418,0.3438,384000,0.0622
1964-07-02,0.3438,0.3444,0.3431,0.3431,652800,0.0621
1964-07-06,0.3444,0.3496,0.3444,0.3496,460800,0.0632
1964-07-07,0.3503,0.3581,0.3503,0.3581,2380800,0.0648
1964-07-08,0.3561,0.3561,0.3516,0.3551,960000,0.0642
1964-07-09,0.3551,0.3561,0.3522,0.3542,614400,0.0641
1964-07-10,0.3542,0.3555,0.3535,0.3535,460800,0.0639
1964-07-13,0.3535,0.3548,0.3535,0.3548,153600,0.0642
1964-07-14,0.3548,0.3555,0.3535,0.3535,422400,0.0639
1964-07-15,0.3535,0.3561,0.3522,0.3548,921600,0.0642
1964-07-16,0.3542,0.3558,0.3542,0.3542,614400,0.0641
1964-07-17,0.3542,0.3561,0.3529,0.3548,537600,0.0642
1964-07-20,0.3535,0.3535,0.3490,0.3509,691200,0.0635
1964-07-21,0.3509,0.3516,0.3509,0.3512,576000,0.0635
1964-07-22,0.3529,0.3529,0.3529,0.3529,115200,0.0638
1964-07-23,0.3529,0.3542,0.3529,0.3529,537600,0.0638
1964-07-24,0.3542,0.3542,0.3542,0.3542,192000,0.0641
1964-07-27,0.3548,0.3555,0.3548,0.3548,307200,0.0642
1964-07-28,0.3555,0.3555,0.3555,0.3555,307200,0.0643
1964-07-29,0.3555,0.3568,0.3555,0.3568,921600,0.0645
1964-07-30,0.3581,0.3594,0.3581,0.3594,345600,0.0650
1964-07-31,0.3594,0.3613,0.3581,0.3594,729600,0.0650
1964-08-03,0.3594,0.3600,0.3555,0.3568,652800,0.0645
1964-08-04,0.3568,0.3568,0.3516,0.3522,614400,0.0637
1964-08-05,0.3512,0.3512,0.3424,0.3512,2880000,0.0635
1964-08-06,0.3496,0.3496,0.3451,0.3457,1420800,0.0625
1964-08-07,0.3457,0.3516,0.3457,0.3490,691200,0.0631
1964-08-10,0.3516,0.3529,0.3516,0.3516,268800,0.0636
1964-08-11,0.3522,0.3555,0.3522,0.3522,576000,0.0637
1964-08-12,0.3535,0.3590,0.3535,0.3590,499200,0.0649
1964-08-13,0.3590,0.3600,0.3555,0.3568,652800,0.0645
1964-08-14,0.3568,0.3581,0.3522,0.3535,345600,0.0639
1964-08-17,0.3542,0.3561,0.3542,0.3555,1497600,0.0643
1964-08-18,0.3568,0.3607,0.3568,0.3600,729600,0.0651
1964-08-19,0.3607,0.3633,0.3607,0.3626,576000,0.0656
1964-08-20,0.3626,0.3643,0.3620,0.3620,1036800,0.0655
1964-08-21,0.3620,0.3620,0.3613,0.3620,268800,0.0655
1964-08-24,0.3613,0.3613,0.3607,0.3607,499200,0.0652
1964-08-25,0.3607,0.3607,0.3600,0.3600,499200,0.0651
1964-08-26,0.3600,0.3620,0.3600,0.3600,307200,0.0651
1964-08-27,0.3600,0.3607,0.3600,0.3600,307200,0.0651
1964-08-28,0.3600,0.3607,0.3594,0.3594,307200,0.0650
1964-08-31,0.3594,0.3620,0.3561,0.3561,883200,0.0644
1964-09-01,0.3561,0.3568,0.3555,0.3561,1075200,0.0644
1964-09-02,0.3561,0.3561,0.3529,0.3529,345600,0.0638
1964-09-03,0.3542,0.3561,0.3542,0.3561,307200,0.0644
1964-09-04,0.3561,0.3581,0.3548,0.3555,768000,0.0643
1964-09-08,0.3561,0.3581,0.3561,0.3581,115200,0.0648
1964-09-09,0.3568,0.3568,0.3555,0.3555,537600,0.0647
1964-09-10,0.3555,0.3558,0.3509,0.3516,691200,0.0639
1964-09-11,0.3516,0.3535,0.3516,0.3516,499200,0.0639
1964-09-14,0.3516,0.3522,0.3451,0.3490,1267200,0.0635
1964-09-15,0.3483,0.3483,0.3464,0.3477,460800,0.0632
1964-09-16,0.3483,0.3516,0.3483,0.3516,652800,0.0639
1964-09-17,0.3516,0.3516,0.3503,0.3503,230400,0.0637
1964-09-18,0.3503,0.3529,0.3496,0.3503,806400,0.0637
1964-09-21,0.3503,0.3516,0.3477,0.3477,499200,0.0632
1964-09-22,0.3477,0.3503,0.3464,0.3464,691200,0.0630
1964-09-23,0.3477,0.3496,0.3477,0.3477,614400,0.0632
1964-09-24,0.3490,0.3503,0.3490,0.3490,460800,0.0635
1964-09-25,0.3490,0.3516,0.3490,0.3516,307200,0.0639
1964-09-28,0.3516,0.3535,0.3516,0.3535,1689600,0.0643
1964-09-29,0.3529,0.3529,0.3490,0.3490,768000,0.0635
1964-09-30,0.3509,0.3522,0.3509,0.3516,192000,0.0639
1964-10-01,0.3503,0.3503,0.3490,0.3503,192000,0.0637
1964-10-02,0.3503,0.3522,0.3490,0.3516,614400,0.0639
1964-10-05,0.3516,0.3516,0.3503,0.3516,998400,0.0639
1964-10-06,0.3509,0.3509,0.3483,0.3509,537600,0.0638
1964-10-07,0.3503,0.3503,0.3451,0.3451,614400,0.0628
1964-10-08,0.3470,0.3483,0.3470,0.3483,384000,0.0633
1964-10-09,0.3483,0.3490,0.3457,0.3477,960000,0.0632
1964-10-12,0.3477,0.3477,0.3438,0.3438,806400,0.0625
1964-10-13,0.3438,0.3447,0.3411,0.3411,1113600,0.0620
1964-10-14,0.3418,0.3444,0.3418,0.3444,614400,0.0626
1964-10-15,0.3424,0.3424,0.3389,0.3392,1190400,0.0617
1964-10-16,0.3392,0.3438,0.3392,0.3438,1075200,0.0625
1964-10-19,0.3431,0.3431,0.3398,0.3418,652800,0.0622
1964-10-20,0.3418,0.3431,0.3398,0.3431,576000,0.0624
1964-10-21,0.3431,0.3431,0.3385,0.3385,844800,0.0616
1964-10-22,0.3405,0.3424,0.3405,0.3405,268800,0.0619
1964-10-23,0.3405,0.3418,0.3405,0.3405,230400,0.0619
1964-10-26,0.3405,0.3424,0.3379,0.3424,1344000,0.0623
1964-10-27,0.3424,0.3438,0.3418,0.3431,614400,0.0624
1964-10-28,0.3431,0.3438,0.3424,0.3424,1766400,0.0623
1964-10-29,0.3424,0.3438,0.3392,0.3392,1036800,0.0617
1964-10-30,0.3398,0.3411,0.3398,0.3398,652800,0.0618
1964-11-02,0.3398,0.3424,0.3385,0.3424,883200,0.0623
1964-11-04,0.3424,0.3438,0.3418,0.3431,2380800,0.0624
1964-11-05,0.3431,0.3438,0.3428,0.3438,460800,0.0625
1964-11-06,0.3438,0.3438,0.3424,0.3431,883200,0.0624
1964-11-09,0.3434,0.3438,0.3434,0.3438,576000,0.0625
1964-11-10,0.3438,0.3438,0.3411,0.3415,998400,0.0621
1964-11-11,0.3415,0.3438,0.3398,0.3438,998400,0.0625
1964-11-12,0.3444,0.3538,0.3444,0.3538,1497600,0.0644
1964-11-13,0.3620,0.3659,0.3620,0.3646,2112000,0.0663
1964-11-16,0.3646,0.3678,0.3503,0.3535,3187200,0.0643
1964-11-17,0.3542,0.3604,0.3542,0.3600,2112000,0.0655
1964-11-18,0.3600,0.3620,0.3594,0.3607,883200,0.0656
1964-11-19,0.3607,0.3620,0.3581,0.3581,1382400,0.0651
1964-11-20,0.3581,0.3600,0.3574,0.3594,768000,0.0654
1964-11-23,0.3590,0.3590,0.3519,0.3519,1804800,0.0640
1964-11-24,0.3519,0.3529,0.3477,0.3529,1075200,0.0642
1964-11-25,0.3529,0.3542,0.3516,0.3529,652800,0.0645
1964-11-27,0.3509,0.3509,0.3451,0.3490,1228800,0.0638
1964-11-30,0.3490,0.3516,0.3490,0.3490,998400,0.0638
1964-12-01,0.3496,0.3529,0.3496,0.3516,614400,0.0643
1964-12-02,0.3516,0.3548,0.3509,0.3548,921600,0.0649
1964-12-03,0.3561,0.3600,0.3561,0.3568,844800,0.0652
1964-12-04,0.3568,0.3594,0.3555,0.3581,691200,0.0655
1964-12-07,0.3590,0.3613,0.3590,0.3600,1574400,0.0658
1964-12-08,0.3613,0.3620,0.3613,0.3613,1497600,0.0661
1964-12-09,0.3607,0.3607,0.3587,0.3607,1459200,0.0660
1964-12-10,0.3607,0.3607,0.3594,0.3594,537600,0.0657
1964-12-11,0.3594,0.3613,0.3594,0.3613,614400,0.0661
1964-12-14,0.3613,0.3620,0.3613,0.3620,1344000,0.0662
1964-12-15,0.3620,0.3626,0.3620,0.3623,576000,0.0663
1964-12-16,0.3623,0.3626,0.3617,0.3626,768000,0.0663
1964-12-17,0.3626,0.3626,0.3620,0.3620,499200,0.0662
1964-12-18,0.3626,0.3643,0.3626,0.3639,2304000,0.0666
1964-12-21,0.3639,0.3646,0.3639,0.3646,1305600,0.0667
1964-12-22,0.3646,0.3646,0.3620,0.3643,4800000,0.0666
1964-12-23,0.3643,0.3646,0.3633,0.3643,460800,0.0666
1964-12-24,0.3633,0.3633,0.3623,0.3633,384000,0.0664
1964-12-28,0.3613,0.3613,0.3607,0.3607,883200,0.0660
1964-12-29,0.3607,0.3617,0.3607,0.3607,691200,0.0660
1964-12-30,0.3607,0.3646,0.3604,0.3646,268800,0.0667
1964-12-31,0.3659,0.3665,0.3659,0.3665,192000,0.0670
1965-01-04,0.3652,0.3652,0.3639,0.3639,537600,0.0666
1965-01-05,0.3639,0.3665,0.3633,0.3646,384000,0.0667
1965-01-06,0.3646,0.3652,0.3620,0.3620,3648000,0.0662
1965-01-07,0.3620,0.3639,0.3617,0.3633,3571200,0.0664
1965-01-08,0.3633,0.3633,0.3620,0.3633,576000,0.0664
1965-01-11,0.3620,0.3620,0.3604,0.3607,614400,0.0660
1965-01-12,0.3607,0.3633,0.3607,0.3633,460800,0.0664
1965-01-13,0.3633,0.3646,0.3620,0.3633,652800,0.0664
1965-01-14,0.3633,0.3652,0.3633,0.3633,307200,0.0664
1965-01-15,0.3659,0.3717,0.3659,0.3717,1152000,0.0680
1965-01-18,0.3717,0.3737,0.3711,0.3724,1305600,0.0681
1965-01-19,0.3743,0.3770,0.3743,0.3760,1075200,0.0688
1965-01-20,0.3760,0.3789,0.3737,0.3750,1228800,0.0686
1965-01-21,0.3750,0.3783,0.3750,0.3763,960000,0.0688
1965-01-22,0.3776,0.3815,0.3776,0.3815,921600,0.0698
1965-01-25,0.3815,0.3880,0.3802,0.3880,2265600,0.0710
1965-01-26,0.3880,0.3906,0.3880,0.3893,921600,0.0712
1965-01-27,0.3906,0.3932,0.3906,0.3932,921600,0.0719
1965-01-28,0.3945,0.3965,0.3945,0.3965,844800,0.0725
1965-01-29,0.3971,0.4010,0.3971,0.4010,1075200,0.0733
1965-02-01,0.4010,0.4010,0.3975,0.3975,614400,0.0727
1965-02-02,0.3965,0.3965,0.3932,0.3952,1036800,0.0723
1965-02-03,0.3952,0.3955,0.3926,0.3926,537600,0.0718
1965-02-04,0.3916,0.3916,0.3913,0.3916,230400,0.0716
1965-02-05,0.3913,0.3913,0.3874,0.3874,960000,0.0708
1965-02-08,0.3867,0.3867,0.3815,0.3828,960000,0.0700
1965-02-09,0.3828,0.3887,0.3815,0.3880,1420800,0.0710
1965-02-10,0.3867,0.3867,0.3854,0.3861,268800,0.0706
1965-02-11,0.3861,0.3867,0.3841,0.3841,576000,0.0702
1965-02-12,0.3841,0.3848,0.3828,0.3848,614400,0.0704
1965-02-15,0.3854,0.3861,0.3854,0.3861,537600,0.0706
1965-02-16,0.3861,0.3870,0.3861,0.3867,192000,0.0707
1965-02-17,0.3867,0.3874,0.3861,0.3867,422400,0.0707
1965-02-18,0.3867,0.3883,0.3857,0.3874,844800,0.0708
1965-02-19,0.3906,0.3906,0.3867,0.3880,1113600,0.0710
1965-02-23,0.3887,0.3913,0.3887,0.3906,1209600,0.0714
1965-02-24,0.3913,0.3952,0.3913,0.3952,1785600,0.0723
1965-02-25,0.3971,0.4036,0.3971,0.4036,787200,0.0738
1965-02-26,0.4056,0.4102,0.4056,0.4102,1401600,0.0750
1965-03-01,0.4102,0.4141,0.4089,0.4102,2265600,0.0750
1965-03-02,0.4115,0.4141,0.4115,0.4115,1248000,0.0753
1965-03-03,0.4115,0.4115,0.4036,0.4036,1075200,0.0738
1965-03-04,0.4036,0.4069,0.4023,0.4036,1497600,0.0738
1965-03-05,0.4036,0.4049,0.3958,0.3984,4608000,0.0729
1965-03-08,0.3984,0.3991,0.3971,0.3978,979200,0.0727
1965-03-09,0.3978,0.3978,0.3958,0.3971,576000,0.0730
1965-03-10,0.3971,0.3971,0.3926,0.3958,1286400,0.0728
1965-03-11,0.3958,0.3958,0.3900,0.3900,1094400,0.0717
1965-03-12,0.3913,0.3932,0.3913,0.3932,499200,0.0723
1965-03-15,0.3932,0.3958,0.3932,0.3945,825600,0.0726
1965-03-16,0.3932,0.3932,0.3906,0.3932,3379200,0.0723
1965-03-17,0.3932,0.3932,0.3906,0.3913,403200,0.0720
1965-03-18,0.3913,0.3926,0.3906,0.3906,384000,0.0718
1965-03-19,0.3906,0.3926,0.3861,0.3861,921600,0.0710
1965-03-22,0.3861,0.3874,0.3835,0.3854,499200,0.0709
1965-03-23,0.3861,0.3906,0.3861,0.3874,902400,0.0712
1965-03-24,0.3874,0.3906,0.3874,0.3880,1017600,0.0714
1965-03-25,0.3887,0.3900,0.3887,0.3887,403200,0.0715
1965-03-26,0.3887,0.3906,0.3867,0.3874,249600,0.0712
1965-03-29,0.3874,0.3874,0.3841,0.3841,1113600,0.0706
1965-03-30,0.3841,0.3861,0.3828,0.3828,499200,0.0704
1965-03-31,0.3828,0.3841,0.3802,0.3822,518400,0.0703
1965-04-01,0.3815,0.3815,0.3789,0.3802,844800,0.0699
1965-04-02,0.3802,0.3815,0.3796,0.3802,499200,0.0699
1965-04-05,0.3802,0.3815,0.3802,0.3802,556800,0.0699
1965-04-06,0.3802,0.3835,0.3789,0.3828,1132800,0.0704
1965-04-07,0.3835,0.3867,0.3835,0.3861,556800,0.0710
1965-04-08,0.3880,0.3958,0.3880,0.3945,979200,0.0726
1965-04-09,0.3971,0.4102,0.3971,0.4089,672000,0.0752
1965-04-12,0.4076,0.4154,0.4076,0.4076,1152000,0.0750
1965-04-13,0.4076,0.4102,0.4063,0.4069,1747200,0.0748
1965-04-14,0.4076,0.4102,0.4076,0.4089,403200,0.0752
1965-04-15,0.4089,0.4108,0.4069,0.4089,345600,0.0752
1965-04-19,0.4089,0.4102,0.4076,0.4095,806400,0.0753
1965-04-20,0.4095,0.4115,0.4069,0.4082,729600,0.0751
1965-04-21,0.4082,0.4141,0.4076,0.4141,1363200,0.0762
1965-04-22,0.4141,0.4154,0.4128,0.4141,710400,0.0762
1965-04-23,0.4141,0.4147,0.4115,0.4115,211200,0.0757
1965-04-26,0.4102,0.4102,0.4063,0.4082,902400,0.0751
1965-04-27,0.4082,0.4108,0.4082,0.4108,556800,0.0756
1965-04-28,0.4108,0.4108,0.4089,0.4108,230400,0.0756
1965-04-29,0.4108,0.4141,0.4102,0.4115,1209600,0.0757
1965-04-30,0.4115,0.4134,0.4108,0.4108,480000,0.0756
1965-05-03,0.4115,0.4180,0.4115,0.4180,1209600,0.0769
1965-05-04,0.4186,0.4232,0.4186,0.4219,979200,0.0776
1965-05-05,0.4219,0.4310,0.4219,0.4284,825600,0.0788
1965-05-06,0.4284,0.4310,0.4271,0.4310,1190400,0.0793
1965-05-07,0.4310,0.4362,0.4284,0.4323,979200,0.0795
1965-05-10,0.4342,0.4408,0.4342,0.4388,940800,0.0807
1965-05-11,0.4388,0.4388,0.4323,0.4362,1324800,0.0802
1965-05-12,0.4362,0.4375,0.4349,0.4375,480000,0.0805
1965-05-13,0.4375,0.4388,0.4375,0.4375,979200,0.0805
1965-05-14,0.4388,0.4401,0.4388,0.4401,480000,0.0809
1965-05-17,0.4401,0.4453,0.4388,0.4427,1248000,0.0814
1965-05-18,0.4421,0.4421,0.4388,0.4421,614400,0.0813
1965-05-19,0.4421,0.4440,0.4408,0.4427,633600,0.0814
1965-05-20,0.4414,0.4414,0.4349,0.4349,537600,0.0800
1965-05-21,0.4349,0.4355,0.4271,0.4271,249600,0.0785
1965-05-24,0.4245,0.4245,0.4199,0.4206,537600,0.0773
1965-05-25,0.4212,0.4271,0.4212,0.4271,460800,0.0785
1965-05-26,0.4271,0.4284,0.4219,0.4232,576000,0.0778
1965-05-27,0.4206,0.4206,0.4128,0.4154,595200,0.0764
1965-05-28,0.4128,0.4128,0.4089,0.4102,960000,0.0754
1965-06-01,0.4102,0.4115,0.4089,0.4108,1190400,0.0756
1965-06-02,0.4102,0.4102,0.4063,0.4076,576000,0.0750
1965-06-03,0.4082,0.4128,0.4082,0.4102,1171200,0.0754
1965-06-04,0.4102,0.4147,0.4082,0.4141,403200,0.0762
1965-06-07,0.4141,0.4160,0.4095,0.4095,230400,0.0753
1965-06-08,0.4095,0.4102,0.4063,0.4063,921600,0.0747
1965-06-09,0.4017,0.4017,0.3945,0.3984,614400,0.0737
1965-06-10,0.3984,0.4010,0.3965,0.3991,921600,0.0738
1965-06-11,0.3991,0.4036,0.3991,0.4023,288000,0.0744
1965-06-14,0.4049,0.4102,0.4049,0.4063,403200,0.0751
1965-06-15,0.4063,0.4089,0.4023,0.4063,1900800,0.0751
1965-06-16,0.4076,0.4128,0.4076,0.4115,806400,0.0761
1965-06-17,0.4141,0.4219,0.4141,0.4212,1094400,0.0779
1965-06-18,0.4212,0.4225,0.4167,0.4167,480000,0.0770
1965-06-21,0.4167,0.4186,0.4089,0.4115,460800,0.0761
1965-06-22,0.4115,0.4147,0.4115,0.4115,729600,0.0761
1965-06-23,0.4115,0.4115,0.4076,0.4076,288000,0.0754
1965-06-24,0.4049,0.4049,0.3958,0.3958,768000,0.0732
1965-06-25,0.3919,0.3919,0.3854,0.3867,940800,0.0715
1965-06-28,0.3867,0.3880,0.3828,0.3867,1555200,0.0715
1965-06-29,0.3867,0.3958,0.3815,0.3919,998400,0.0725
1965-06-30,0.3919,0.4004,0.3893,0.4004,768000,0.0740
1965-07-01,0.4004,0.4049,0.3971,0.3978,2496000,0.0736
1965-07-02,0.3978,0.4004,0.3971,0.3991,614400,0.0738
1965-07-06,0.3991,0.3997,0.3945,0.3971,576000,0.0734
1965-07-07,0.3971,0.3991,0.3958,0.3991,230400,0.0738
1965-07-08,0.3991,0.4030,0.3991,0.4030,326400,0.0745
1965-07-09,0.4030,0.4036,0.4010,0.4030,614400,0.0745
1965-07-12,0.4030,0.4030,0.3958,0.3997,729600,0.0739
1965-07-13,0.3997,0.4010,0.3958,0.3978,288000,0.0736
1965-07-14,0.3978,0.4010,0.3971,0.3984,288000,0.0737
1965-07-15,0.4010,0.4036,0.4010,0.4010,326400,0.0742
1965-07-16,0.4010,0.4030,0.3919,0.3945,230400,0.0730
1965-07-19,0.3932,0.3932,0.3906,0.3919,556800,0.0725
1965-07-20,0.3919,0.3939,0.3880,0.3887,422400,0.0719
1965-07-21,0.3887,0.3900,0.3854,0.3854,672000,0.0713
1965-07-22,0.3854,0.3867,0.3815,0.3867,537600,0.0715
1965-07-23,0.3867,0.3880,0.3835,0.3880,345600,0.0718
1965-07-26,0.3880,0.3958,0.3880,0.3932,518400,0.0727
1965-07-27,0.3971,0.3997,0.3971,0.3991,499200,0.0738
1965-07-28,0.3991,0.4023,0.3932,0.3971,710400,0.0734
1965-07-29,0.3971,0.4023,0.3945,0.4010,1132800,0.0742
1965-07-30,0.4010,0.4030,0.4010,0.4010,345600,0.0742
1965-08-02,0.4010,0.4036,0.3984,0.4036,384000,0.0746
1965-08-03,0.4036,0.4049,0.3984,0.4049,403200,0.0749
1965-08-04,0.4036,0.4036,0.3997,0.4036,307200,0.0746
1965-08-05,0.4036,0.4049,0.3991,0.3991,384000,0.0738
1965-08-06,0.3991,0.4004,0.3932,0.3958,499200,0.0732
1965-08-09,0.3952,0.3952,0.3906,0.3945,403200,0.0730
1965-08-10,0.3945,0.3971,0.3932,0.3932,652800,0.0727
1965-08-11,0.3932,0.3978,0.3932,0.3978,825600,0.0736
1965-08-12,0.3978,0.3997,0.3971,0.3971,556800,0.0734
1965-08-13,0.4010,0.4089,0.4010,0.4036,537600,0.0746
1965-08-16,0.4063,0.4089,0.4063,0.4089,307200,0.0756
1965-08-17,0.4089,0.4121,0.4076,0.4121,441600,0.0762
1965-08-18,0.4147,0.4167,0.4147,0.4160,1113600,0.0769
1965-08-19,0.4160,0.4160,0.4141,0.4141,345600,0.0766
1965-08-20,0.4128,0.4128,0.4063,0.4063,134400,0.0751
1965-08-23,0.4063,0.4063,0.4036,0.4049,153600,0.0749
1965-08-24,0.4049,0.4076,0.3984,0.4010,614400,0.0742
1965-08-25,0.4010,0.4082,0.3997,0.3997,422400,0.0739
1965-08-26,0.3997,0.4010,0.3997,0.3997,153600,0.0739
1965-08-27,0.4036,0.4128,0.4036,0.4102,614400,0.0758
1965-08-30,0.4102,0.4102,0.4063,0.4102,268800,0.0758
1965-08-31,0.4102,0.4128,0.4089,0.4089,307200,0.0756
1965-09-01,0.4063,0.4063,0.3958,0.3997,902400,0.0739
1965-09-02,0.3997,0.3997,0.3958,0.3958,480000,0.0732
1965-09-03,0.4010,0.4056,0.4010,0.4023,441600,0.0744
1965-09-07,0.4023,0.4056,0.4017,0.4056,230400,0.0750
1965-09-08,0.4056,0.4089,0.4036,0.4036,537600,0.0746
1965-09-09,0.4010,0.4010,0.3997,0.3997,326400,0.0743
1965-09-10,0.3997,0.4023,0.3971,0.4023,748800,0.0748
1965-09-13,0.4023,0.4063,0.4010,0.4063,403200,0.0755
1965-09-14,0.4049,0.4049,0.4017,0.4023,844800,0.0748
1965-09-15,0.4023,0.4043,0.4023,0.4023,249600,0.0748
1965-09-16,0.4036,0.4108,0.4036,0.4076,729600,0.0758
1965-09-17,0.4076,0.4102,0.4063,0.4095,480000,0.0761
1965-09-20,0.4095,0.4128,0.4069,0.4108,806400,0.0764
1965-09-21,0.4108,0.4134,0.4102,0.4102,364800,0.0763
1965-09-22,0.4102,0.4115,0.4076,0.4115,249600,0.0765
1965-09-23,0.4115,0.4167,0.4102,0.4102,556800,0.0763
1965-09-24,0.4102,0.4141,0.4102,0.4102,345600,0.0763
1965-09-27,0.4115,0.4160,0.4115,0.4141,921600,0.0770
1965-09-28,0.4141,0.4154,0.4115,0.4128,268800,0.0767
1965-09-29,0.4128,0.4128,0.4076,0.4076,345600,0.0758
1965-09-30,0.4076,0.4089,0.4036,0.4089,768000,0.0760
1965-10-01,0.4063,0.4063,0.3997,0.4010,326400,0.0746
1965-10-04,0.4010,0.4043,0.3997,0.4043,518400,0.0752
1965-10-05,0.4043,0.4089,0.4036,0.4089,537600,0.0760
1965-10-06,0.4063,0.4063,0.4023,0.4036,364800,0.0751
1965-10-07,0.4036,0.4082,0.4036,0.4036,537600,0.0751
1965-10-08,0.4049,0.4128,0.4049,0.4128,652800,0.0767
1965-10-11,0.4108,0.4108,0.4063,0.4063,672000,0.0755
1965-10-12,0.4063,0.4082,0.4043,0.4043,441600,0.0752
1965-10-13,0.4036,0.4036,0.3991,0.4010,921600,0.0746
1965-10-14,0.4010,0.4036,0.3984,0.4036,576000,0.0751
1965-10-15,0.4036,0.4102,0.4036,0.4089,1132800,0.0760
1965-10-18,0.4089,0.4102,0.4036,0.4063,1344000,0.0755
1965-10-19,0.4063,0.4076,0.4036,0.4036,537600,0.0751
1965-10-20,0.4036,0.4049,0.4010,0.4023,480000,0.0748
1965-10-21,0.4036,0.4082,0.4036,0.4063,672000,0.0755
1965-10-22,0.4063,0.4082,0.4023,0.4030,825600,0.0749
1965-10-25,0.4023,0.4023,0.3971,0.3997,595200,0.0743
1965-10-26,0.3997,0.4049,0.3997,0.4036,1171200,0.0751
1965-10-27,0.4036,0.4056,0.3991,0.4030,1036800,0.0749
1965-10-28,0.4023,0.4023,0.3991,0.4023,307200,0.0748
1965-10-29,0.4023,0.4030,0.4004,0.4023,384000,0.0748
1965-11-01,0.4023,0.4036,0.4010,0.4010,652800,0.0746
1965-11-03,0.4010,0.4036,0.3984,0.4030,499200,0.0749
1965-11-04,0.4036,0.4063,0.4036,0.4063,883200,0.0755
1965-11-05,0.4063,0.4121,0.4023,0.4115,883200,0.0765
1965-11-08,0.4115,0.4134,0.4115,0.4115,902400,0.0765
1965-11-09,0.4115,0.4160,0.4115,0.4115,844800,0.0765
1965-11-10,0.4154,0.4167,0.4154,0.4154,460800,0.0772
1965-11-11,0.4154,0.4173,0.4154,0.4167,556800,0.0775
1965-11-12,0.4173,0.4206,0.4173,0.4193,768000,0.0780
1965-11-15,0.4219,0.4264,0.4219,0.4258,960000,0.0792
1965-11-16,0.4258,0.4264,0.4225,0.4225,1363200,0.0786
1965-11-17,0.4225,0.4258,0.4219,0.4219,595200,0.0784
1965-11-18,0.4219,0.4219,0.4141,0.4141,499200,0.0770
1965-11-19,0.4199,0.4219,0.4199,0.4219,595200,0.0784
1965-11-22,0.4193,0.4193,0.4160,0.4160,480000,0.0774
1965-11-23,0.4167,0.4271,0.4167,0.4219,787200,0.0784
1965-11-24,0.4219,0.4264,0.4206,0.4206,576000,0.0782
1965-11-26,0.4232,0.4258,0.4232,0.4238,710400,0.0792
1965-11-29,0.4238,0.4245,0.4180,0.4206,518400,0.0786
1965-11-30,0.4206,0.4245,0.4128,0.4232,844800,0.0791
1965-12-01,0.4232,0.4251,0.4193,0.4199,768000,0.0785
1965-12-02,0.4173,0.4173,0.4154,0.4167,998400,0.0779
1965-12-03,0.4167,0.4219,0.4154,0.4193,806400,0.0784
1965-12-06,0.4193,0.4206,0.4141,0.4193,518400,0.0784
1965-12-07,0.4186,0.4186,0.4173,0.4173,288000,0.0780
1965-12-08,0.4173,0.4193,0.4128,0.4180,537600,0.0781
1965-12-09,0.4180,0.4219,0.4180,0.4219,537600,0.0789
1965-12-10,0.4232,0.4271,0.4232,0.4271,537600,0.0798
1965-12-13,0.4271,0.4297,0.4271,0.4284,1267200,0.0801
1965-12-14,0.4297,0.4323,0.4297,0.4323,1017600,0.0808
1965-12-15,0.4323,0.4349,0.4323,0.4323,576000,0.0808
1965-12-16,0.4336,0.4368,0.4336,0.4368,806400,0.0817
1965-12-17,0.4375,0.4427,0.4375,0.4414,1516800,0.0825
1965-12-20,0.4421,0.4440,0.4421,0.4427,825600,0.0828
1965-12-21,0.4427,0.4492,0.4421,0.4479,1651200,0.0837
1965-12-22,0.4505,0.4544,0.4505,0.4531,345600,0.0847
1965-12-23,0.4544,0.4583,0.4544,0.4577,979200,0.0856
1965-12-27,0.4655,0.4727,0.4655,0.4727,672000,0.0883
1965-12-28,0.4648,0.4648,0.4596,0.4609,902400,0.0862
1965-12-29,0.4596,0.4596,0.4557,0.4596,691200,0.0859
1965-12-30,0.4596,0.4596,0.4518,0.4518,249600,0.0845
1965-12-31,0.4479,0.4479,0.4479,0.4479,76800,0.0837
1966-01-03,0.4479,0.4518,0.4440,0.4518,633600,0.0845
1966-01-04,0.4518,0.4518,0.4479,0.4492,460800,0.0840
1966-01-05,0.4492,0.4492,0.4427,0.4492,1420800,0.0840
1966-01-06,0.4492,0.4518,0.4479,0.4479,537600,0.0837
1966-01-07,0.4479,0.4518,0.4479,0.4505,844800,0.0842
1966-01-10,0.4505,0.4525,0.4466,0.4466,364800,0.0835
1966-01-11,0.4492,0.4525,0.4492,0.4492,460800,0.0840
1966-01-12,0.4492,0.4492,0.4453,0.4453,1977600,0.0832
1966-01-13,0.4453,0.4473,0.4440,0.4440,249600,0.0830
1966-01-14,0.4440,0.4505,0.4427,0.4427,1056000,0.0828
1966-01-17,0.4427,0.4466,0.4408,0.4427,825600,0.0828
1966-01-18,0.4453,0.4531,0.4453,0.4525,614400,0.0846
1966-01-19,0.4525,0.4551,0.4505,0.4505,441600,0.0842
1966-01-20,0.4518,0.4570,0.4518,0.4544,537600,0.0849
1966-01-21,0.4570,0.4648,0.4570,0.4622,691200,0.0864
1966-01-24,0.4622,0.4629,0.4531,0.4531,499200,0.0847
1966-01-25,0.4557,0.4583,0.4557,0.4570,518400,0.0854
1966-01-26,0.4570,0.4570,0.4473,0.4499,864000,0.0841
1966-01-27,0.4499,0.4505,0.4453,0.4499,403200,0.0841
1966-01-28,0.4499,0.4551,0.4499,0.4551,576000,0.0851
1966-01-31,0.4551,0.4551,0.4466,0.4466,710400,0.0835
1966-02-01,0.4531,0.4570,0.4531,0.4570,748800,0.0854
1966-02-02,0.4564,0.4564,0.4544,0.4544,384000,0.0849
1966-02-03,0.4544,0.4564,0.4479,0.4479,710400,0.0837
1966-02-04,0.4492,0.4531,0.4492,0.4518,595200,0.0845
1966-02-07,0.4518,0.4544,0.4505,0.4518,921600,0.0845
1966-02-08,0.4499,0.4499,0.4434,0.4440,422400,0.0830
1966-02-09,0.4440,0.4460,0.4427,0.4460,422400,0.0834
1966-02-10,0.4440,0.4440,0.4408,0.4414,748800,0.0825
1966-02-11,0.4414,0.4505,0.4414,0.4440,1132800,0.0830
1966-02-14,0.4440,0.4479,0.4440,0.4440,384000,0.0830
1966-02-15,0.4440,0.4460,0.4401,0.4408,499200,0.0824
1966-02-16,0.4408,0.4427,0.4401,0.4401,844800,0.0823
1966-02-17,0.4401,0.4414,0.4349,0.4349,422400,0.0813
1966-02-18,0.4323,0.4323,0.4245,0.4297,633600,0.0803
1966-02-21,0.4297,0.4349,0.4284,0.4284,1305600,0.0801
1966-02-23,0.4284,0.4303,0.4284,0.4284,556800,0.0801
1966-02-24,0.4284,0.4310,0.4245,0.4245,1977600,0.0793
1966-02-25,0.4245,0.4271,0.4167,0.4167,921600,0.0779
1966-02-28,0.4167,0.4180,0.4102,0.4141,940800,0.0774
1966-03-01,0.4141,0.4141,0.4036,0.4036,1555200,0.0755
1966-03-02,0.4036,0.4089,0.3971,0.3978,1209600,0.0744
1966-03-03,0.4004,0.4108,0.4004,0.4030,1766400,0.0753
1966-03-04,0.4030,0.4036,0.3984,0.4010,1094400,0.0750
1966-03-07,0.4010,0.4030,0.3984,0.4004,998400,0.0748
1966-03-08,0.4010,0.4102,0.4010,0.4102,2054400,0.0767
1966-03-09,0.4115,0.4147,0.4115,0.4115,595200,0.0769
1966-03-10,0.4115,0.4115,0.4049,0.4049,1267200,0.0757
1966-03-11,0.4049,0.4056,0.4010,0.4056,748800,0.0758
1966-03-14,0.4056,0.4089,0.3991,0.3991,2707200,0.0751
1966-03-15,0.3997,0.4030,0.3997,0.4023,576000,0.0757
1966-03-16,0.4023,0.4063,0.3997,0.4049,960000,0.0762
1966-03-17,0.4049,0.4095,0.4049,0.4089,537600,0.0769
1966-03-18,0.4089,0.4134,0.4063,0.4134,1017600,0.0777
1966-03-21,0.4141,0.4154,0.4141,0.4141,614400,0.0779
1966-03-22,0.4141,0.4180,0.4115,0.4180,1324800,0.0786
1966-03-23,0.4193,0.4232,0.4193,0.4232,864000,0.0796
1966-03-24,0.4219,0.4219,0.4193,0.4212,595200,0.0792
1966-03-25,0.4212,0.4245,0.4206,0.4206,556800,0.0791
1966-03-28,0.4206,0.4238,0.4167,0.4180,576000,0.0786
1966-03-29,0.4180,0.4219,0.4141,0.4212,576000,0.0792
1966-03-30,0.4212,0.4297,0.4206,0.4284,1132800,0.0806
1966-03-31,0.4284,0.4375,0.4271,0.4375,940800,0.0823
1966-04-01,0.4375,0.4414,0.4362,0.4375,921600,0.0823
1966-04-04,0.4362,0.4362,0.4342,0.4349,480000,0.0818
1966-04-05,0.4349,0.4375,0.4310,0.4349,1075200,0.0818
1966-04-06,0.4349,0.4388,0.4310,0.4388,998400,0.0825
1966-04-07,0.4362,0.4362,0.4284,0.4284,326400,0.0806
1966-04-11,0.4284,0.4303,0.4219,0.4219,1056000,0.0793
1966-04-12,0.4219,0.4232,0.4206,0.4206,1497600,0.0791
1966-04-13,0.4219,0.4232,0.4219,0.4225,1382400,0.0795
1966-04-14,0.4225,0.4271,0.4199,0.4219,6105600,0.0793
1966-04-15,0.4290,0.4323,0.4290,0.4323,672000,0.0813
1966-04-18,0.4323,0.4323,0.4219,0.4284,864000,0.0806
1966-04-19,0.4284,0.4323,0.4225,0.4225,729600,0.0795
1966-04-20,0.4225,0.4271,0.4193,0.4193,979200,0.0789
1966-04-21,0.4193,0.4232,0.4167,0.4206,729600,0.0791
1966-04-22,0.4206,0.4232,0.4167,0.4219,1132800,0.0793
1966-04-25,0.4245,0.4310,0.4245,0.4258,979200,0.0801
1966-04-26,0.4232,0.4232,0.4141,0.4160,787200,0.0782
1966-04-27,0.4160,0.4167,0.4141,0.4167,403200,0.0784
1966-04-28,0.4154,0.4154,0.4115,0.4141,864000,0.0779
1966-04-29,0.4141,0.4154,0.4063,0.4063,288000,0.0764
1966-05-02,0.4063,0.4089,0.4049,0.4063,499200,0.0764
1966-05-03,0.4063,0.4082,0.4036,0.4076,441600,0.0766
1966-05-04,0.4076,0.4076,0.4010,0.4049,710400,0.0762
1966-05-05,0.4049,0.4095,0.3997,0.3997,1228800,0.0752
1966-05-06,0.4010,0.4115,0.4010,0.4076,1017600,0.0766
1966-05-09,0.4076,0.4115,0.4023,0.4030,844800,0.0758
1966-05-10,0.4030,0.4089,0.3997,0.4089,1632000,0.0769
1966-05-11,0.4089,0.4154,0.4089,0.4089,729600,0.0769
1966-05-12,0.4089,0.4108,0.4049,0.4049,768000,0.0762
1966-05-13,0.4049,0.4063,0.4010,0.4023,1612800,0.0757
1966-05-16,0.4036,0.4089,0.4036,0.4036,1478400,0.0759
1966-05-17,0.4036,0.4036,0.3984,0.3997,1459200,0.0752
1966-05-18,0.4017,0.4056,0.4017,0.4056,595200,0.0763
1966-05-19,0.4056,0.4063,0.3997,0.3997,960000,0.0752
1966-05-20,0.3997,0.4036,0.3991,0.4010,825600,0.0754
1966-05-23,0.4010,0.4056,0.4010,0.4036,787200,0.0759
1966-05-24,0.4049,0.4089,0.4049,0.4063,748800,0.0764
1966-05-25,0.4063,0.4082,0.4049,0.4049,460800,0.0762
1966-05-26,0.4049,0.4102,0.4036,0.4089,537600,0.0769
1966-05-27,0.4089,0.4108,0.4076,0.4108,249600,0.0773
1966-05-31,0.4128,0.4167,0.4128,0.4128,556800,0.0776
1966-06-01,0.4128,0.4167,0.4089,0.4095,403200,0.0770
1966-06-02,0.4095,0.4108,0.4069,0.4069,652800,0.0765
1966-06-03,0.4069,0.4102,0.4069,0.4095,384000,0.0770
1966-06-06,0.4095,0.4108,0.4082,0.4082,441600,0.0768
1966-06-07,0.4082,0.4089,0.4023,0.4049,672000,0.0762
1966-06-08,0.4049,0.4069,0.4023,0.4036,422400,0.0759
1966-06-09,0.4036,0.4076,0.4036,0.4056,345600,0.0768
1966-06-10,0.4056,0.4089,0.4010,0.4043,1171200,0.0765
1966-06-13,0.4049,0.4108,0.4049,0.4089,1382400,0.0774
1966-06-14,0.4089,0.4121,0.4076,0.4076,1171200,0.0771
1966-06-15,0.4076,0.4076,0.3958,0.3958,3648000,0.0749
1966-06-16,0.3958,0.4010,0.3932,0.3952,2496000,0.0748
1966-06-17,0.3952,0.3952,0.3932,0.3932,614400,0.0744
1966-06-20,0.3939,0.3978,0.3939,0.3971,1017600,0.0751
1966-06-21,0.3971,0.3984,0.3939,0.3984,1305600,0.0754
1966-06-22,0.3984,0.3984,0.3939,0.3945,710400,0.0747
1966-06-23,0.3958,0.3997,0.3958,0.3971,1056000,0.0751
1966-06-24,0.3958,0.3958,0.3906,0.3932,1708800,0.0744
1966-06-27,0.3932,0.3932,0.3893,0.3893,768000,0.0737
1966-06-28,0.3880,0.3880,0.3815,0.3835,1516800,0.0726
1966-06-29,0.3835,0.3854,0.3822,0.3848,403200,0.0728
1966-06-30,0.3848,0.3900,0.3828,0.3900,748800,0.0738
1966-07-01,0.3906,0.3971,0.3906,0.3945,710400,0.0747
1966-07-05,0.3945,0.3984,0.3932,0.3932,883200,0.0744
1966-07-06,0.3932,0.3952,0.3887,0.3945,1056000,0.0747
1966-07-07,0.3945,0.3958,0.3919,0.3919,1305600,0.0742
1966-07-08,0.3932,0.3971,0.3932,0.3971,1113600,0.0751
1966-07-11,0.3971,0.4063,0.3971,0.4056,1132800,0.0768
1966-07-12,0.4056,0.4115,0.4049,0.4102,1612800,0.0776
1966-07-13,0.4102,0.4102,0.4056,0.4056,1171200,0.0768
1966-07-14,0.4056,0.4128,0.4036,0.4056,422400,0.0768
1966-07-15,0.4049,0.4049,0.3958,0.4049,902400,0.0766
1966-07-18,0.4049,0.4128,0.4049,0.4102,1113600,0.0776
1966-07-19,0.4102,0.4121,0.4102,0.4108,672000,0.0777
1966-07-20,0.4108,0.4108,0.4089,0.4095,1152000,0.0775
1966-07-21,0.4095,0.4115,0.4089,0.4089,556800,0.0774
1966-07-22,0.4089,0.4102,0.4063,0.4063,921600,0.0769
1966-07-25,0.4063,0.4063,0.4010,0.4023,1804800,0.0761
1966-07-26,0.4023,0.4076,0.4010,0.4043,1574400,0.0765
1966-07-27,0.4043,0.4089,0.4023,0.4036,1804800,0.0764
1966-07-28,0.4036,0.4063,0.4017,0.4030,2284800,0.0763
1966-07-29,0.4030,0.4043,0.4017,0.4017,595200,0.0760
1966-08-01,0.4017,0.4056,0.4010,0.4010,3264000,0.0759
1966-08-02,0.4010,0.4056,0.4010,0.4056,1478400,0.0768
1966-08-03,0.4056,0.4089,0.4049,0.4049,1766400,0.0766
1966-08-04,0.4063,0.4082,0.4063,0.4063,1286400,0.0769
1966-08-05,0.4063,0.4069,0.4049,0.4063,1017600,0.0769
1966-08-08,0.4063,0.4063,0.4036,0.4049,1593600,0.0766
1966-08-09,0.4063,0.4076,0.4063,0.4069,883200,0.0770
1966-08-10,0.4069,0.4128,0.4069,0.4128,998400,0.0781
1966-08-11,0.4128,0.4167,0.4115,0.4160,1267200,0.0787
1966-08-12,0.4160,0.4186,0.4147,0.4167,2284800,0.0788
1966-08-15,0.4160,0.4160,0.4089,0.4115,384000,0.0779
1966-08-16,0.4108,0.4108,0.4069,0.4069,556800,0.0770
1966-08-17,0.4023,0.4023,0.3991,0.4010,1939200,0.0759
1966-08-18,0.4010,0.4036,0.3971,0.3978,1209600,0.0753
1966-08-19,0.3978,0.4010,0.3958,0.3971,960000,0.0751
1966-08-22,0.3971,0.4010,0.3932,0.3958,1939200,0.0749
1966-08-23,0.3958,0.4023,0.3926,0.3926,1747200,0.0743
1966-08-24,0.3926,0.3952,0.3906,0.3932,1516800,0.0744
1966-08-25,0.3932,0.3945,0.3900,0.3919,633600,0.0742
1966-08-26,0.3913,0.3913,0.3835,0.3835,1267200,0.0726
1966-08-29,0.3835,0.3893,0.3789,0.3789,2630400,0.0717
1966-08-30,0.3789,0.3789,0.3750,0.3776,1132800,0.0715
1966-08-31,0.3880,0.3952,0.3880,0.3906,1881600,0.0739
1966-09-01,0.3906,0.3906,0.3854,0.3867,825600,0.0732
1966-09-02,0.3867,0.3906,0.3854,0.3906,921600,0.0739
1966-09-06,0.3906,0.3906,0.3867,0.3867,268800,0.0732
1966-09-07,0.3867,0.3874,0.3776,0.3776,883200,0.0715
1966-09-08,0.3776,0.3802,0.3750,0.3802,1401600,0.0719
1966-09-09,0.3802,0.3802,0.3737,0.3802,576000,0.0724
1966-09-12,0.3815,0.4010,0.3815,0.4010,979200,0.0764
1966-09-13,0.4010,0.4036,0.3984,0.3984,1094400,0.0759
1966-09-14,0.3984,0.4010,0.3978,0.3984,633600,0.0759
1966-09-15,0.3997,0.4063,0.3997,0.4010,1420800,0.0764
1966-09-16,0.4010,0.4056,0.3945,0.3945,748800,0.0751
1966-09-19,0.3958,0.4049,0.3958,0.3978,979200,0.0758
1966-09-20,0.3978,0.3984,0.3945,0.3958,710400,0.0754
1966-09-21,0.3958,0.3978,0.3906,0.3932,633600,0.0749
1966-09-22,0.3926,0.3926,0.3893,0.3906,537600,0.0744
1966-09-23,0.3906,0.3926,0.3887,0.3887,307200,0.0740
1966-09-26,0.3887,0.3913,0.3887,0.3893,441600,0.0742
1966-09-27,0.3893,0.3906,0.3867,0.3874,921600,0.0738
1966-09-28,0.3874,0.3900,0.3763,0.3841,1497600,0.0732
1966-09-29,0.3841,0.3861,0.3835,0.3835,787200,0.0730
1966-09-30,0.3854,0.3900,0.3854,0.3880,1324800,0.0739
1966-10-03,0.3880,0.3893,0.3874,0.3874,576000,0.0738
1966-10-04,0.3932,0.3958,0.3932,0.3952,1459200,0.0753
1966-10-05,0.3945,0.3945,0.3893,0.3893,307200,0.0742
1966-10-06,0.3854,0.3854,0.3724,0.3815,1344000,0.0727
1966-10-07,0.3815,0.3874,0.3802,0.3802,1228800,0.0724
1966-10-10,0.3802,0.3854,0.3783,0.3854,825600,0.0734
1966-10-11,0.3854,0.3880,0.3783,0.3783,1555200,0.0720
1966-10-12,0.3789,0.3893,0.3789,0.3893,1440000,0.0742
1966-10-13,0.3893,0.3945,0.3893,0.3932,825600,0.0749
1966-10-14,0.3932,0.4023,0.3932,0.3958,1900800,0.0754
1966-10-17,0.3984,0.4063,0.3984,0.3984,1190400,0.0759
1966-10-18,0.4017,0.4193,0.4017,0.4193,1996800,0.0799
1966-10-19,0.4193,0.4212,0.4154,0.4167,2380800,0.0794
1966-10-20,0.4167,0.4193,0.4160,0.4167,1209600,0.0794
1966-10-21,0.4186,0.4245,0.4186,0.4219,1190400,0.0804
1966-10-24,0.4219,0.4323,0.4199,0.4323,1593600,0.0823
1966-10-25,0.4323,0.4329,0.4232,0.4316,1190400,0.0822
1966-10-26,0.4316,0.4316,0.4258,0.4303,422400,0.0820
1966-10-27,0.4303,0.4310,0.4271,0.4271,844800,0.0813
1966-10-28,0.4271,0.4310,0.4258,0.4277,1363200,0.0815
1966-10-31,0.4290,0.4303,0.4290,0.4290,441600,0.0817
1966-11-01,0.4290,0.4336,0.4271,0.4336,998400,0.0826
1966-11-02,0.4342,0.4401,0.4342,0.4375,768000,0.0833
1966-11-03,0.4375,0.4375,0.4349,0.4349,384000,0.0828
1966-11-04,0.4349,0.4427,0.4297,0.4375,960000,0.0833
1966-11-07,0.4375,0.4414,0.4323,0.4323,614400,0.0823
1966-11-09,0.4323,0.4349,0.4316,0.4329,614400,0.0825
1966-11-10,0.4329,0.4440,0.4316,0.4440,729600,0.0846
1966-11-11,0.4427,0.4427,0.4349,0.4401,211200,0.0838
1966-11-14,0.4401,0.4414,0.4349,0.4401,499200,0.0838
1966-11-15,0.4388,0.4388,0.4375,0.4388,460800,0.0836
1966-11-16,0.4408,0.4453,0.4408,0.4453,883200,0.0848
1966-11-17,0.4453,0.4466,0.4414,0.4440,518400,0.0846
1966-11-18,0.4447,0.4531,0.4447,0.4505,556800,0.0858
1966-11-21,0.4505,0.4525,0.4362,0.4362,499200,0.0831
1966-11-22,0.4362,0.4395,0.4336,0.4375,768000,0.0833
1966-11-23,0.4382,0.4479,0.4382,0.4479,537600,0.0853
1966-11-25,0.4479,0.4479,0.4434,0.4479,633600,0.0853
1966-11-28,0.4479,0.4479,0.4460,0.4473,518400,0.0857
1966-11-29,0.4479,0.4518,0.4479,0.4479,825600,0.0858
1966-11-30,0.4479,0.4492,0.4453,0.4479,576000,0.0858
1966-12-01,0.4479,0.4492,0.4427,0.4427,748800,0.0848
1966-12-02,0.4427,0.4473,0.4427,0.4427,556800,0.0848
1966-12-05,0.4427,0.4440,0.4401,0.4427,556800,0.0848
1966-12-06,0.4427,0.4473,0.4427,0.4473,1420800,0.0857
1966-12-07,0.4479,0.4531,0.4479,0.4492,1036800,0.0860
1966-12-08,0.4505,0.4531,0.4505,0.4531,1075200,0.0868
1966-12-09,0.4531,0.4583,0.4531,0.4570,1209600,0.0875
1966-12-12,0.4570,0.4714,0.4557,0.4688,2035200,0.0898
1966-12-13,0.4688,0.4727,0.4635,0.4668,748800,0.0894
1966-12-14,0.4668,0.4727,0.4648,0.4661,633600,0.0893
1966-12-15,0.4661,0.4714,0.4648,0.4648,672000,0.0890
1966-12-16,0.4648,0.4655,0.4635,0.4635,652800,0.0888
1966-12-19,0.4642,0.4707,0.4642,0.4688,729600,0.0898
1966-12-20,0.4688,0.4792,0.4688,0.4688,998400,0.0898
1966-12-21,0.4727,0.4779,0.4727,0.4753,576000,0.0910
1966-12-22,0.4753,0.4779,0.4753,0.4779,576000,0.0915
1966-12-23,0.4779,0.4779,0.4740,0.4740,710400,0.0908
1966-12-27,0.4740,0.4740,0.4688,0.4701,403200,0.0900
1966-12-28,0.4701,0.4740,0.4661,0.4740,1248000,0.0908
1966-12-29,0.4727,0.4727,0.4688,0.4688,518400,0.0898
1966-12-30,0.4688,0.4701,0.4661,0.4668,614400,0.0894
1967-01-03,0.4668,0.4681,0.4648,0.4661,710400,0.0893
1967-01-04,0.4635,0.4635,0.4544,0.4570,1228800,0.0875
1967-01-05,0.4596,0.4635,0.4596,0.4635,1190400,0.0888
1967-01-06,0.4642,0.4674,0.4642,0.4648,403200,0.0890
1967-01-09,0.4648,0.4701,0.4648,0.4688,595200,0.0898
1967-01-10,0.4701,0.4753,0.4701,0.4740,556800,0.0908
1967-01-11,0.4740,0.4948,0.4720,0.4948,460800,0.0948
1967-01-12,0.4948,0.5052,0.4922,0.4941,1363200,0.0946
1967-01-13,0.4935,0.4935,0.4870,0.4922,940800,0.0943
1967-01-16,0.4896,0.4896,0.4818,0.4857,614400,0.0930
1967-01-17,0.4857,0.4922,0.4850,0.4863,1132800,0.0931
1967-01-18,0.4863,0.4909,0.4857,0.4870,326400,0.0933
1967-01-19,0.4870,0.4935,0.4870,0.4896,614400,0.0938
1967-01-20,0.4896,0.4922,0.4870,0.4922,825600,0.0943
1967-01-23,0.4915,0.4915,0.4844,0.4915,1555200,0.0941
1967-01-24,0.4915,0.4915,0.4857,0.4883,998400,0.0935
1967-01-25,0.4883,0.4922,0.4857,0.4922,595200,0.0943
1967-01-26,0.4922,0.4935,0.4870,0.4896,691200,0.0938
1967-01-27,0.4896,0.4928,0.4896,0.4902,1075200,0.0939
1967-01-30,0.4915,0.4948,0.4915,0.4941,729600,0.0946
1967-01-31,0.4941,0.4961,0.4922,0.4948,2956800,0.0948
1967-02-01,0.4948,0.4948,0.4896,0.4915,902400,0.0941
1967-02-02,0.4915,0.4935,0.4896,0.4935,403200,0.0945
1967-02-03,0.4928,0.4928,0.4857,0.4857,1017600,0.0930
1967-02-06,0.4857,0.4870,0.4818,0.4831,230400,0.0925
1967-02-07,0.4831,0.4857,0.4831,0.4857,115200,0.0930
1967-02-08,0.4857,0.4974,0.4844,0.4948,3206400,0.0948
1967-02-09,0.4948,0.4974,0.4948,0.4948,1363200,0.0948
1967-02-10,0.4941,0.4941,0.4909,0.4941,1939200,0.0946
1967-02-13,0.4941,0.4974,0.4922,0.4974,710400,0.0953
1967-02-14,0.4974,0.4974,0.4948,0.4948,2304000,0.0948
1967-02-15,0.4948,0.4974,0.4941,0.4974,633600,0.0953
1967-02-16,0.4974,0.4974,0.4935,0.4967,614400,0.0951
1967-02-17,0.4967,0.5078,0.4954,0.5078,1094400,0.0973
1967-02-20,0.5078,0.5078,0.5013,0.5039,576000,0.0965
1967-02-21,0.5078,0.5143,0.5078,0.5143,1382400,0.0985
1967-02-23,0.5143,0.5247,0.5091,0.5247,3436800,0.1005
1967-02-24,0.5247,0.5299,0.5221,0.5260,1497600,0.1008
1967-02-27,0.5234,0.5234,0.5195,0.5228,691200,0.1001
1967-02-28,0.5228,0.5234,0.5182,0.5234,960000,0.1003
1967-03-01,0.5254,0.5339,0.5254,0.5326,556800,0.1020
1967-03-02,0.5326,0.5417,0.5313,0.5313,1324800,0.1017
1967-03-03,0.5313,0.5339,0.5156,0.5156,1344000,0.0988
1967-03-06,0.5156,0.5208,0.5104,0.5182,1228800,0.0993
1967-03-07,0.5169,0.5169,0.5065,0.5085,691200,0.0974
1967-03-08,0.5085,0.5189,0.5026,0.5052,1056000,0.0968
1967-03-09,0.5020,0.5020,0.4974,0.5020,422400,0.0961
1967-03-10,0.5020,0.5072,0.4961,0.5033,614400,0.0964
1967-03-13,0.5000,0.5000,0.4909,0.5000,825600,0.0963
1967-03-14,0.5000,0.5013,0.4909,0.4922,1420800,0.0948
1967-03-15,0.4922,0.4974,0.4909,0.4974,1497600,0.0958
1967-03-16,0.4987,0.5104,0.4987,0.5104,787200,0.0983
1967-03-17,0.5104,0.5104,0.5026,0.5104,1766400,0.0983
1967-03-20,0.5104,0.5143,0.5065,0.5124,2284800,0.0987
1967-03-21,0.5124,0.5156,0.5104,0.5143,1228800,0.0990
1967-03-22,0.5143,0.5208,0.5143,0.5208,710400,0.1003
1967-03-23,0.5208,0.5208,0.5143,0.5143,1977600,0.0990
1967-03-27,0.5143,0.5169,0.5117,0.5143,2035200,0.0990
1967-03-28,0.5143,0.5182,0.5078,0.5091,1094400,0.0980
1967-03-29,0.5091,0.5117,0.5065,0.5117,691200,0.0985
1967-03-30,0.5130,0.5313,0.5130,0.5313,1075200,0.1023
1967-03-31,0.5313,0.5404,0.5299,0.5378,864000,0.1036
1967-04-03,0.5378,0.5417,0.5365,0.5391,1036800,0.1038
1967-04-04,0.5391,0.5482,0.5365,0.5482,1113600,0.1056
1967-04-05,0.5547,0.5651,0.5547,0.5625,1305600,0.1083
1967-04-06,0.5625,0.5716,0.5586,0.5651,1228800,0.1088
1967-04-07,0.5651,0.5703,0.5651,0.5651,1900800,0.1088
1967-04-10,0.5612,0.5612,0.5521,0.5553,960000,0.1069
1967-04-11,0.5553,0.5586,0.5521,0.5573,1708800,0.1073
1967-04-12,0.5573,0.5651,0.5573,0.5573,460800,0.1073
1967-04-13,0.5573,0.5612,0.5521,0.5521,633600,0.1063
1967-04-14,0.5547,0.5755,0.5547,0.5729,2092800,0.1103
1967-04-17,0.5755,0.5911,0.5755,0.5846,1920000,0.1126
1967-04-18,0.5846,0.5898,0.5833,0.5833,825600,0.1123
1967-04-19,0.5833,0.5911,0.5781,0.5781,787200,0.1113
1967-04-20,0.5781,0.5846,0.5729,0.5820,1305600,0.1121
1967-04-21,0.5820,0.5820,0.5755,0.5781,940800,0.1113
1967-04-24,0.5807,0.6009,0.5807,0.5990,1804800,0.1153
1967-04-25,0.5990,0.5996,0.5911,0.5938,768000,0.1143
1967-04-26,0.5938,0.5938,0.5859,0.5859,940800,0.1128
1967-04-27,0.5859,0.5898,0.5846,0.5885,1651200,0.1133
1967-04-28,0.5885,0.5924,0.5872,0.5898,921600,0.1136
1967-05-01,0.5924,0.6146,0.5924,0.6146,1017600,0.1184
1967-05-02,0.6146,0.6328,0.6042,0.6042,1478400,0.1163
1967-05-03,0.6042,0.6185,0.6042,0.6185,844800,0.1191
1967-05-04,0.6185,0.6237,0.6185,0.6224,729600,0.1199
1967-05-05,0.6211,0.6211,0.6159,0.6178,499200,0.1190
1967-05-08,0.6178,0.6198,0.6159,0.6185,595200,0.1191
1967-05-09,0.6185,0.6198,0.6094,0.6094,499200,0.1173
1967-05-10,0.6061,0.6061,0.5996,0.6016,595200,0.1158
1967-05-11,0.6016,0.6029,0.5977,0.6003,499200,0.1156
1967-05-12,0.6009,0.6042,0.6009,0.6042,633600,0.1163
1967-05-15,0.6042,0.6042,0.6016,0.6016,480000,0.1158
1967-05-16,0.6016,0.6016,0.5911,0.5964,1286400,0.1148
1967-05-17,0.5964,0.6029,0.5898,0.5898,1017600,0.1136
1967-05-18,0.5885,0.5885,0.5807,0.5820,1651200,0.1121
1967-05-19,0.5820,0.5820,0.5781,0.5794,691200,0.1116
1967-05-22,0.5794,0.5833,0.5794,0.5833,441600,0.1123
1967-05-23,0.5833,0.5859,0.5807,0.5859,1286400,0.1128
1967-05-24,0.5859,0.5977,0.5794,0.5885,979200,0.1133
1967-05-25,0.5911,0.6003,0.5911,0.5911,672000,0.1138
1967-05-26,0.5957,0.5977,0.5957,0.5957,153600,0.1147
1967-05-29,0.5957,0.6003,0.5938,0.6003,403200,0.1156
1967-05-31,0.6003,0.6009,0.5872,0.5872,979200,0.1131
1967-06-01,0.5964,0.6029,0.5964,0.5990,864000,0.1153
1967-06-02,0.6003,0.6146,0.6003,0.6003,1420800,0.1156
1967-06-05,0.6003,0.6042,0.5859,0.6035,1132800,0.1162
1967-06-06,0.6068,0.6198,0.6068,0.6198,710400,0.1194
1967-06-07,0.6198,0.6243,0.6146,0.6185,825600,0.1191
1967-06-08,0.6185,0.6250,0.6185,0.6250,710400,0.1204
1967-06-09,0.6250,0.6263,0.6146,0.6198,979200,0.1199
1967-06-12,0.6198,0.6224,0.6120,0.6185,403200,0.1196
1967-06-13,0.6198,0.6263,0.6198,0.6263,998400,0.1211
1967-06-14,0.6263,0.6289,0.6224,0.6224,883200,0.1204
1967-06-15,0.6224,0.6263,0.6172,0.6185,422400,0.1196
1967-06-16,0.6211,0.6276,0.6211,0.6276,480000,0.1214
1967-06-19,0.6276,0.6276,0.6211,0.6224,633600,0.1204
1967-06-20,0.6250,0.6276,0.6250,0.6250,652800,0.1209
1967-06-21,0.6250,0.6302,0.6237,0.6250,787200,0.1209
1967-06-22,0.6250,0.6380,0.6250,0.6380,902400,0.1234
1967-06-23,0.6380,0.6432,0.6341,0.6432,806400,0.1244
1967-06-26,0.6432,0.6497,0.6432,0.6458,1344000,0.1249
1967-06-27,0.6432,0.6432,0.6328,0.6328,1017600,0.1224
1967-06-28,0.6341,0.6510,0.6341,0.6497,825600,0.1257
1967-06-29,0.6471,0.6471,0.6432,0.6432,556800,0.1244
1967-06-30,0.6419,0.6419,0.6380,0.6419,384000,0.1242
1967-07-03,0.6419,0.6445,0.6393,0.6432,211200,0.1244
1967-07-05,0.6445,0.6523,0.6445,0.6497,249600,0.1257
1967-07-06,0.6497,0.6530,0.6497,0.6510,288000,0.1259
1967-07-07,0.6510,0.6536,0.6484,0.6484,1248000,0.1254
1967-07-10,0.6484,0.6491,0.6432,0.6452,556800,0.1248
1967-07-11,0.6452,0.6458,0.6432,0.6445,556800,0.1247
1967-07-12,0.6445,0.6445,0.6419,0.6445,480000,0.1247
1967-07-13,0.6432,0.6432,0.6354,0.6419,710400,0.1242
1967-07-14,0.6419,0.6419,0.6380,0.6387,480000,0.1235
1967-07-17,0.6387,0.6419,0.6328,0.6328,710400,0.1224
1967-07-18,0.6328,0.6406,0.6315,0.6406,748800,0.1239
1967-07-19,0.6406,0.6419,0.6328,0.6328,480000,0.1224
1967-07-20,0.6302,0.6302,0.6230,0.6302,3379200,0.1219
1967-07-21,0.6354,0.6406,0.6354,0.6380,480000,0.1234
1967-07-24,0.6380,0.6432,0.6367,0.6380,1843200,0.1234
1967-07-25,0.6380,0.6406,0.6341,0.6380,2246400,0.1234
1967-07-26,0.6380,0.6510,0.6367,0.6510,1075200,0.1259
1967-07-27,0.6510,0.6510,0.6458,0.6497,2150400,0.1257
1967-07-28,0.6536,0.6615,0.6536,0.6589,998400,0.1274
1967-07-31,0.6615,0.6693,0.6615,0.6647,326400,0.1286
1967-08-01,0.6647,0.6654,0.6510,0.6510,1651200,0.1259
1967-08-02,0.6563,0.6667,0.6563,0.6563,1267200,0.1269
1967-08-03,0.6563,0.6615,0.6563,0.6602,480000,0.1277
1967-08-04,0.6602,0.6654,0.6589,0.6654,403200,0.1287
1967-08-07,0.6654,0.6654,0.6569,0.6654,518400,0.1287
1967-08-08,0.6654,0.6660,0.6628,0.6654,460800,0.1287
1967-08-09,0.6654,0.6660,0.6589,0.6589,921600,0.1274
1967-08-10,0.6602,0.6621,0.6602,0.6602,1286400,0.1277
1967-08-11,0.6602,0.6628,0.6536,0.6563,576000,0.1269
1967-08-14,0.6563,0.6615,0.6563,0.6602,633600,0.1277
1967-08-15,0.6602,0.6641,0.6549,0.6549,1651200,0.1267
1967-08-16,0.6549,0.6602,0.6549,0.6549,211200,0.1267
1967-08-17,0.6549,0.6576,0.6484,0.6491,576000,0.1255
1967-08-18,0.6491,0.6491,0.6432,0.6458,556800,0.1249
1967-08-21,0.6458,0.6458,0.6328,0.6354,1036800,0.1229
1967-08-22,0.6354,0.6354,0.6309,0.6328,652800,0.1224
1967-08-23,0.6328,0.6380,0.6257,0.6276,806400,0.1214
1967-08-24,0.6250,0.6250,0.6003,0.6029,1574400,0.1166
1967-08-25,0.6009,0.6009,0.5885,0.5938,1939200,0.1148
1967-08-28,0.5964,0.6016,0.5964,0.5990,1017600,0.1158
1967-08-29,0.6003,0.6250,0.6003,0.6133,1228800,0.1186
1967-08-30,0.6133,0.6224,0.6133,0.6224,537600,0.1204
1967-08-31,0.6224,0.6250,0.6198,0.6237,441600,0.1206
1967-09-01,0.6237,0.6250,0.6198,0.6198,595200,0.1199
1967-09-05,0.6198,0.6237,0.6198,0.6217,480000,0.1203
1967-09-06,0.6198,0.6198,0.6146,0.6146,729600,0.1189
1967-09-07,0.6198,0.6237,0.6198,0.6237,825600,0.1206
1967-09-08,0.6237,0.6237,0.6172,0.6172,1612800,0.1194
1967-09-11,0.6172,0.6211,0.6165,0.6211,1190400,0.1207
1967-09-12,0.6211,0.6224,0.6178,0.6198,1459200,0.1204
1967-09-13,0.6198,0.6211,0.6172,0.6191,537600,0.1203
1967-09-14,0.6191,0.6204,0.6172,0.6172,1190400,0.1199
1967-09-15,0.6172,0.6198,0.6113,0.6139,844800,0.1193
1967-09-18,0.6139,0.6139,0.6107,0.6107,652800,0.1186
1967-09-19,0.6107,0.6133,0.6042,0.6068,537600,0.1179
1967-09-20,0.6133,0.6198,0.6133,0.6172,825600,0.1199
1967-09-21,0.6198,0.6263,0.6198,0.6263,2745600,0.1217
1967-09-22,0.6263,0.6328,0.6263,0.6328,518400,0.1229
1967-09-25,0.6328,0.6484,0.6315,0.6484,403200,0.1260
1967-09-26,0.6484,0.6595,0.6484,0.6576,691200,0.1277
1967-09-27,0.6576,0.6576,0.6510,0.6536,595200,0.1270
1967-09-28,0.6523,0.6523,0.6484,0.6510,902400,0.1265
1967-09-29,0.6510,0.6510,0.6432,0.6445,326400,0.1252
1967-10-02,0.6445,0.6445,0.6393,0.6419,441600,0.1247
1967-10-03,0.6419,0.6445,0.6393,0.6393,441600,0.1242
1967-10-04,0.6393,0.6432,0.6354,0.6354,633600,0.1234
1967-10-05,0.6354,0.6406,0.6354,0.6380,403200,0.1240
1967-10-06,0.6406,0.6445,0.6406,0.6432,1420800,0.1250
1967-10-09,0.6432,0.6445,0.6406,0.6432,806400,0.1250
1967-10-10,0.6432,0.6458,0.6413,0.6432,1190400,0.1250
1967-10-11,0.6432,0.6471,0.6419,0.6471,2764800,0.1257
1967-10-12,0.6432,0.6432,0.6406,0.6413,364800,0.1246
1967-10-13,0.6413,0.6484,0.6302,0.6328,1017600,0.1229
1967-10-16,0.6341,0.6419,0.6341,0.6380,748800,0.1240
1967-10-17,0.6380,0.6393,0.6263,0.6263,1497600,0.1217
1967-10-18,0.6263,0.6289,0.6224,0.6237,422400,0.1212
1967-10-19,0.6237,0.6276,0.6198,0.6237,1228800,0.1212
1967-10-20,0.6224,0.6224,0.6146,0.6172,1094400,0.1199
1967-10-23,0.6172,0.6224,0.6107,0.6133,1094400,0.1191
1967-10-24,0.6146,0.6185,0.6146,0.6185,1075200,0.1202
1967-10-25,0.6185,0.6224,0.6172,0.6191,998400,0.1203
1967-10-26,0.6191,0.6315,0.6172,0.6250,1440000,0.1214
1967-10-27,0.6276,0.6354,0.6276,0.6302,4608000,0.1224
1967-10-30,0.6328,0.6484,0.6328,0.6484,2131200,0.1260
1967-10-31,0.6484,0.6497,0.6432,0.6445,921600,0.1252
1967-11-01,0.6445,0.6458,0.6406,0.6452,672000,0.1253
1967-11-02,0.6458,0.6510,0.6458,0.6458,672000,0.1255
1967-11-03,0.6458,0.6510,0.6380,0.6445,1440000,0.1252
1967-11-06,0.6445,0.6452,0.6328,0.6354,268800,0.1234
1967-11-08,0.6354,0.6406,0.6302,0.6393,806400,0.1242
1967-11-09,0.6393,0.6406,0.6328,0.6406,595200,0.1245
1967-11-10,0.6380,0.6380,0.6328,0.6367,576000,0.1237
1967-11-13,0.6367,0.6400,0.6354,0.6400,864000,0.1243
1967-11-14,0.6400,0.6400,0.6328,0.6354,1017600,0.1234
1967-11-15,0.6380,0.6445,0.6380,0.6439,326400,0.1251
1967-11-16,0.6458,0.6510,0.6458,0.6510,768000,0.1265
1967-11-17,0.6510,0.6576,0.6510,0.6536,1152000,0.1270
1967-11-20,0.6484,0.6484,0.6309,0.6465,1420800,0.1256
1967-11-21,0.6471,0.6615,0.6471,0.6615,960000,0.1285
1967-11-22,0.6628,0.6823,0.6628,0.6667,1171200,0.1295
1967-11-24,0.6823,0.7031,0.6823,0.6940,883200,0.1348
1967-11-27,0.6940,0.7044,0.6901,0.7018,2265600,0.1363
1967-11-28,0.7005,0.7005,0.6940,0.6979,595200,0.1361
1967-11-29,0.7005,0.7109,0.7005,0.7109,403200,0.1387
1967-11-30,0.7109,0.7253,0.7109,0.7188,652800,0.1402
1967-12-01,0.7240,0.7279,0.7240,0.7259,1075200,0.1416
1967-12-04,0.7259,0.7266,0.7135,0.7148,940800,0.1394
1967-12-05,0.7148,0.7188,0.7122,0.7135,710400,0.1392
1967-12-06,0.7135,0.7161,0.7109,0.7135,1075200,0.1392
1967-12-07,0.7161,0.7253,0.7161,0.7240,1324800,0.1412
1967-12-08,0.7240,0.7240,0.7214,0.7214,134400,0.1407
1967-12-11,0.7174,0.7174,0.7122,0.7148,883200,0.1394
1967-12-12,0.7148,0.7174,0.7148,0.7161,480000,0.1397
1967-12-13,0.7161,0.7161,0.7070,0.7109,556800,0.1387
1967-12-14,0.7109,0.7188,0.7083,0.7161,307200,0.1397
1967-12-15,0.7161,0.7161,0.7025,0.7025,1056000,0.1370
1967-12-18,0.7005,0.7005,0.6790,0.6849,768000,0.1336
1967-12-19,0.6849,0.6914,0.6823,0.6914,979200,0.1349
1967-12-20,0.6914,0.6914,0.6823,0.6901,422400,0.1346
1967-12-21,0.6901,0.6940,0.6849,0.6849,1036800,0.1336
1967-12-22,0.6849,0.6849,0.6784,0.6784,672000,0.1323
1967-12-26,0.6771,0.6771,0.6745,0.6771,614400,0.1321
1967-12-27,0.6771,0.6771,0.6654,0.6654,748800,0.1298
1967-12-28,0.6654,0.6693,0.6641,0.6667,364800,0.1300
1967-12-29,0.6693,0.6901,0.6693,0.6901,940800,0.1346
1968-01-02,0.6901,0.6992,0.6829,0.6829,4262400,0.1332
1968-01-03,0.6829,0.6895,0.6745,0.6745,979200,0.1315
1968-01-04,0.6745,0.6758,0.6719,0.6719,537600,0.1310
1968-01-05,0.6732,0.6771,0.6732,0.6764,883200,0.1319
1968-01-08,0.6764,0.6810,0.6693,0.6693,1267200,0.1305
1968-01-09,0.6693,0.6738,0.6628,0.6628,921600,0.1293
1968-01-10,0.6667,0.6745,0.6667,0.6680,1977600,0.1303
1968-01-11,0.6680,0.6732,0.6667,0.6732,1344000,0.1313
1968-01-12,0.6732,0.6797,0.6667,0.6745,1132800,0.1315
1968-01-15,0.6745,0.6771,0.6693,0.6706,902400,0.1308
1968-01-16,0.6706,0.6706,0.6615,0.6615,1651200,0.1290
1968-01-17,0.6615,0.6654,0.6576,0.6608,1267200,0.1289
1968-01-18,0.6608,0.6615,0.6563,0.6563,614400,0.1280
1968-01-19,0.6589,0.6667,0.6589,0.6667,2419200,0.1300
1968-01-22,0.6667,0.6719,0.6589,0.6615,940800,0.1290
1968-01-23,0.6615,0.6654,0.6615,0.6654,1190400,0.1298
1968-01-24,0.6654,0.6654,0.6497,0.6536,1152000,0.1275
1968-01-25,0.6563,0.6615,0.6563,0.6589,1228800,0.1285
1968-01-26,0.6602,0.6654,0.6602,0.6602,576000,0.1288
1968-01-29,0.6602,0.6628,0.6491,0.6491,480000,0.1266
1968-01-30,0.6523,0.6628,0.6523,0.6602,1516800,0.1288
1968-01-31,0.6589,0.6589,0.6563,0.6563,268800,0.1280
1968-02-01,0.6569,0.6615,0.6569,0.6602,345600,0.1288
1968-02-02,0.6641,0.6758,0.6641,0.6680,729600,0.1303
1968-02-05,0.6680,0.6706,0.6667,0.6693,748800,0.1305
1968-02-06,0.6693,0.6758,0.6693,0.6758,960000,0.1318
1968-02-07,0.6771,0.6816,0.6771,0.6810,537600,0.1328
1968-02-08,0.6810,0.6875,0.6719,0.6771,1305600,0.1321
1968-02-09,0.6745,0.6745,0.6458,0.6458,2995200,0.1260
1968-02-13,0.6458,0.6536,0.6458,0.6471,1286400,0.1262
1968-02-14,0.6491,0.6530,0.6491,0.6530,921600,0.1274
1968-02-15,0.6530,0.6556,0.6458,0.6458,864000,0.1260
1968-02-16,0.6458,0.6471,0.6445,0.6471,614400,0.1262
1968-02-19,0.6471,0.6504,0.6445,0.6504,537600,0.1269
1968-02-20,0.6504,0.6510,0.6458,0.6497,844800,0.1267
1968-02-21,0.6563,0.6693,0.6563,0.6680,1555200,0.1303
1968-02-23,0.6680,0.6693,0.6641,0.6693,652800,0.1305
1968-02-26,0.6693,0.6693,0.6589,0.6641,364800,0.1295
1968-02-27,0.6654,0.6693,0.6654,0.6693,249600,0.1305
1968-02-28,0.6693,0.6732,0.6680,0.6719,441600,0.1310
1968-02-29,0.6719,0.6719,0.6615,0.6641,460800,0.1295
1968-03-01,0.6641,0.6641,0.6582,0.6615,652800,0.1290
1968-03-04,0.6615,0.6719,0.6615,0.6615,1651200,0.1290
1968-03-05,0.6582,0.6582,0.6484,0.6536,2016000,0.1275
1968-03-06,0.6536,0.6556,0.6484,0.6510,2572800,0.1270
1968-03-07,0.6523,0.6641,0.6523,0.6641,1152000,0.1295
1968-03-08,0.6641,0.6764,0.6615,0.6764,1632000,0.1325
1968-03-11,0.6764,0.6810,0.6719,0.6810,940800,0.1334
1968-03-12,0.6810,0.6927,0.6797,0.6888,825600,0.1349
1968-03-13,0.6888,0.7135,0.6862,0.7077,1305600,0.1386
1968-03-14,0.7044,0.7044,0.6875,0.6895,1267200,0.1350
1968-03-15,0.6895,0.6979,0.6771,0.6960,1132800,0.1363
1968-03-18,0.6979,0.7135,0.6979,0.7031,1401600,0.1377
1968-03-19,0.7031,0.7057,0.6953,0.6953,710400,0.1362
1968-03-20,0.6953,0.7057,0.6953,0.6953,576000,0.1362
1968-03-21,0.6953,0.7057,0.6940,0.6979,768000,0.1367
1968-03-22,0.6979,0.7057,0.6901,0.7057,979200,0.1382
1968-03-25,0.7057,0.7083,0.7031,0.7044,998400,0.1380
1968-03-26,0.7044,0.7096,0.6979,0.7005,1670400,0.1372
1968-03-27,0.7005,0.7005,0.6953,0.6979,422400,0.1367
1968-03-28,0.6966,0.6966,0.6908,0.6908,940800,0.1353
1968-03-29,0.6908,0.6992,0.6888,0.6953,2995200,0.1362
1968-04-01,0.6992,0.7240,0.6992,0.7109,3609600,0.1392
1968-04-02,0.7109,0.7109,0.7005,0.7018,3033600,0.1374
1968-04-03,0.7044,0.7161,0.7044,0.7057,1478400,0.1382
1968-04-04,0.7057,0.7057,0.6979,0.7018,998400,0.1374
1968-04-05,0.7031,0.7083,0.7031,0.7038,1708800,0.1378
1968-04-08,0.7038,0.7083,0.7018,0.7018,1670400,0.1374
1968-04-10,0.7057,0.7292,0.7057,0.7266,3072000,0.1423
1968-04-11,0.7266,0.7474,0.7266,0.7448,1651200,0.1459
1968-04-15,0.7448,0.7526,0.7201,0.7396,1843200,0.1448
1968-04-16,0.7396,0.7422,0.7266,0.7318,1113600,0.1433
1968-04-17,0.7318,0.7383,0.7318,0.7383,729600,0.1446
1968-04-18,0.7396,0.7500,0.7396,0.7500,940800,0.1469
1968-04-19,0.7474,0.7474,0.7344,0.7370,1728000,0.1443
1968-04-22,0.7370,0.7474,0.7344,0.7448,1113600,0.1459
1968-04-23,0.7500,0.7839,0.7500,0.7708,1900800,0.1510
1968-04-24,0.7669,0.7669,0.7565,0.7604,614400,0.1489
1968-04-25,0.7604,0.7643,0.7578,0.7604,787200,0.1489
1968-04-26,0.7604,0.7656,0.7578,0.7630,844800,0.1494
1968-04-29,0.7630,0.7656,0.7578,0.7578,633600,0.1484
1968-04-30,0.7578,0.7630,0.7559,0.7630,384000,0.1494
1968-05-01,0.7656,0.7682,0.7656,0.7682,1248000,0.1505
1968-05-02,0.7682,0.7708,0.7682,0.7708,518400,0.1510
1968-05-03,0.7708,0.7813,0.7630,0.7760,2304000,0.1520
1968-05-06,0.7760,0.7799,0.7734,0.7786,537600,0.1525
1968-05-07,0.7786,0.7943,0.7760,0.7917,998400,0.1550
1968-05-08,0.7930,0.8073,0.7930,0.8073,1324800,0.1581
1968-05-09,0.8099,0.8190,0.8099,0.8099,1651200,0.1586
1968-05-10,0.8099,0.8177,0.8034,0.8112,691200,0.1589
1968-05-13,0.8112,0.8164,0.8021,0.8073,883200,0.1581
1968-05-14,0.8073,0.8112,0.8021,0.8112,1228800,0.1589
1968-05-15,0.8073,0.8073,0.7995,0.7995,902400,0.1566
1968-05-16,0.7969,0.7969,0.7839,0.7839,921600,0.1535
1968-05-17,0.7813,0.7813,0.7760,0.7786,2496000,0.1525
1968-05-20,0.7786,0.7813,0.7786,0.7786,883200,0.1525
1968-05-21,0.7786,0.7839,0.7786,0.7813,1593600,0.1530
1968-05-22,0.7813,0.7826,0.7793,0.7826,768000,0.1533
1968-05-23,0.7826,0.7839,0.7786,0.7839,1420800,0.1535
1968-05-24,0.7839,0.7891,0.7813,0.7891,921600,0.1545
1968-05-27,0.7891,0.7891,0.7760,0.7760,768000,0.1520
1968-05-28,0.7747,0.7747,0.7656,0.7656,960000,0.1499
1968-05-29,0.7656,0.7708,0.7656,0.7669,844800,0.1502
1968-05-31,0.7669,0.7682,0.7630,0.7682,633600,0.1505
1968-06-03,0.7813,0.7813,0.7656,0.7708,1046400,0.1510
1968-06-04,0.7708,0.7891,0.7682,0.7891,1689600,0.1545
1968-06-05,0.7917,0.8125,0.7917,0.8073,1142400,0.1581
1968-06-06,0.8151,0.8477,0.8151,0.8346,1430400,0.1635
1968-06-07,0.8346,0.8385,0.8281,0.8359,1824000,0.1637
1968-06-10,0.8359,0.8424,0.8099,0.8125,1027200,0.1597
1968-06-11,0.8125,0.8333,0.8086,0.8333,1104000,0.1638
1968-06-13,0.8333,0.8464,0.8229,0.8229,1622400,0.1618
1968-06-14,0.8151,0.8151,0.8034,0.8073,1161600,0.1587
1968-06-17,0.8073,0.8073,0.7969,0.8047,1104000,0.1582
1968-06-18,0.8047,0.8125,0.8021,0.8021,1113600,0.1577
1968-06-20,0.8021,0.8281,0.7995,0.8073,1401600,0.1587
1968-06-21,0.8073,0.8255,0.7969,0.8099,950400,0.1592
1968-06-24,0.8099,0.8112,0.7917,0.7917,710400,0.1556
1968-06-25,0.7917,0.7995,0.7839,0.7878,681600,0.1549
1968-06-27,0.7878,0.8021,0.7721,0.7747,1891200,0.1523
1968-06-28,0.7747,0.7799,0.7656,0.7656,1468800,0.1505
1968-07-01,0.7656,0.7708,0.7578,0.7630,3235200,0.1500
1968-07-02,0.7656,0.7839,0.7656,0.7760,1756800,0.1526
1968-07-03,0.7786,0.7930,0.7786,0.7930,777600,0.1559
1968-07-08,0.8125,0.8411,0.8125,0.8333,1641600,0.1638
1968-07-09,0.8333,0.8333,0.8099,0.8177,681600,0.1607
1968-07-11,0.8177,0.8177,0.7813,0.7813,1564800,0.1536
1968-07-12,0.7813,0.8021,0.7813,0.7891,1286400,0.1551
1968-07-15,0.7891,0.8047,0.7891,0.7943,1641600,0.1561
1968-07-16,0.7943,0.7956,0.7878,0.7904,556800,0.1554
1968-07-18,0.7904,0.8047,0.7852,0.7969,1478400,0.1566
1968-07-19,0.7969,0.7969,0.7839,0.7852,384000,0.1543
1968-07-22,0.7852,0.7891,0.7760,0.7786,979200,0.1531
1968-07-23,0.7708,0.7708,0.7513,0.7604,940800,0.1495
1968-07-25,0.7578,0.7578,0.7396,0.7409,1948800,0.1456
1968-07-26,0.7409,0.7461,0.7292,0.7396,892800,0.1454
1968-07-29,0.7396,0.7396,0.7305,0.7331,1420800,0.1441
1968-07-30,0.7331,0.7396,0.7292,0.7292,950400,0.1433
1968-08-01,0.7318,0.7396,0.7318,0.7331,1843200,0.1441
1968-08-02,0.7331,0.7383,0.7292,0.7357,1017600,0.1446
1968-08-05,0.7344,0.7344,0.7188,0.7188,1267200,0.1413
1968-08-06,0.7201,0.7331,0.7201,0.7292,1824000,0.1433
1968-08-08,0.7292,0.7344,0.7240,0.7240,1641600,0.1423
1968-08-09,0.7240,0.7292,0.7070,0.7135,1488000,0.1403
1968-08-12,0.7135,0.7396,0.7135,0.7344,969600,0.1444
1968-08-13,0.7344,0.7344,0.7201,0.7201,998400,0.1415
1968-08-15,0.7201,0.7344,0.7188,0.7344,1564800,0.1444
1968-08-16,0.7370,0.7591,0.7370,0.7591,1267200,0.1492
1968-08-19,0.7591,0.7591,0.7344,0.7500,1545600,0.1474
1968-08-20,0.7500,0.7630,0.7422,0.7604,489600,0.1495
1968-08-22,0.7604,0.7734,0.7604,0.7708,748800,0.1515
1968-08-23,0.7708,0.7708,0.7656,0.7656,633600,0.1505
1968-08-26,0.7656,0.7708,0.7643,0.7695,508800,0.1513
1968-08-27,0.7695,0.7695,0.7578,0.7656,508800,0.1505
1968-08-29,0.7669,0.7708,0.7669,0.7708,528000,0.1515
1968-08-30,0.7708,0.7708,0.7604,0.7630,470400,0.1500
1968-09-03,0.7643,0.7760,0.7643,0.7682,700800,0.1510
1968-09-04,0.7708,0.7813,0.7708,0.7734,873600,0.1520
1968-09-05,0.7773,0.7865,0.7773,0.7813,979200,0.1536
1968-09-06,0.7813,0.7813,0.7747,0.7813,883200,0.1536
1968-09-09,0.7826,0.7891,0.7826,0.7839,1132800,0.1541
1968-09-10,0.7839,0.7865,0.7734,0.7734,720000,0.1527
1968-09-12,0.7734,0.7839,0.7630,0.7656,748800,0.1511
1968-09-13,0.7656,0.7708,0.7604,0.7708,979200,0.1521
1968-09-16,0.7708,0.7747,0.7604,0.7643,892800,0.1509
1968-09-17,0.7643,0.7708,0.7604,0.7656,576000,0.1511
1968-09-19,0.7760,0.7813,0.7760,0.7786,1209600,0.1537
1968-09-20,0.7786,0.7786,0.7708,0.7760,883200,0.1532
1968-09-23,0.7760,0.7773,0.7630,0.7682,1152000,0.1516
1968-09-24,0.7682,0.7721,0.7630,0.7656,787200,0.1511
1968-09-26,0.7656,0.7695,0.7578,0.7656,1238400,0.1511
1968-09-27,0.7630,0.7630,0.7422,0.7461,614400,0.1473
1968-09-30,0.7461,0.7552,0.7435,0.7461,2352000,0.1473
1968-10-01,0.7461,0.7578,0.7409,0.7578,4732800,0.1496
1968-10-03,0.7578,0.7604,0.7448,0.7474,2860800,0.1475
1968-10-04,0.7474,0.7604,0.7448,0.7552,748800,0.1491
1968-10-07,0.7552,0.7578,0.7435,0.7448,1017600,0.1470
1968-10-08,0.7448,0.7552,0.7344,0.7500,1411200,0.1480
1968-10-10,0.7500,0.7552,0.7461,0.7474,1420800,0.1475
1968-10-11,0.7474,0.7539,0.7461,0.7539,451200,0.1488
1968-10-14,0.7539,0.7630,0.7500,0.7526,1171200,0.1485
1968-10-15,0.7526,0.7656,0.7474,0.7474,1152000,0.1475
1968-10-17,0.7552,0.7656,0.7552,0.7578,5750400,0.1496
1968-10-18,0.7578,0.7604,0.7513,0.7604,1344000,0.1501
1968-10-21,0.7604,0.7630,0.7513,0.7591,1516800,0.1498
1968-10-22,0.7591,0.7630,0.7461,0.7487,614400,0.1478
1968-10-24,0.7487,0.7552,0.7487,0.7552,1209600,0.1491
1968-10-25,0.7552,0.7695,0.7526,0.7552,1363200,0.1491
1968-10-28,0.7552,0.7617,0.7448,0.7500,643200,0.1480
1968-10-29,0.7500,0.7526,0.7422,0.7474,412800,0.1475
1968-10-31,0.7474,0.7708,0.7396,0.7448,1603200,0.1470
1968-11-01,0.7500,0.7604,0.7500,0.7552,1507200,0.1491
1968-11-04,0.7513,0.7513,0.7396,0.7396,681600,0.1460
1968-11-06,0.7396,0.7539,0.7396,0.7422,960000,0.1465
1968-11-07,0.7422,0.7448,0.7318,0.7344,662400,0.1449
1968-11-08,0.7344,0.7500,0.7292,0.7318,1324800,0.1444
1968-11-12,0.7318,0.7396,0.7214,0.7266,1526400,0.1434
1968-11-13,0.7266,0.7318,0.7201,0.7305,1497600,0.1442
1968-11-14,0.7344,0.7448,0.7344,0.7422,931200,0.1465
1968-11-15,0.7422,0.7448,0.7357,0.7370,873600,0.1455
1968-11-18,0.7370,0.7500,0.7344,0.7461,1228800,0.1473
1968-11-19,0.7461,0.7565,0.7396,0.7526,748800,0.1485
1968-11-21,0.7526,0.7604,0.7500,0.7526,1046400,0.1485
1968-11-22,0.7526,0.7578,0.7474,0.7578,326400,0.1496
1968-11-25,0.7578,0.7643,0.7526,0.7552,681600,0.1497
1968-11-26,0.7552,0.7578,0.7344,0.7552,1593600,0.1497
1968-11-27,0.7552,0.7708,0.7474,0.7708,825600,0.1528
1968-11-29,0.7734,0.7852,0.7734,0.7747,1334400,0.1535
1968-12-02,0.7760,0.7813,0.7760,0.7813,1017600,0.1548
1968-12-03,0.7813,0.7878,0.7656,0.7878,1036800,0.1561
1968-12-05,0.8047,0.8216,0.8047,0.8177,1315200,0.1621
1968-12-06,0.8177,0.8203,0.7865,0.7865,1248000,0.1559
1968-12-09,0.7865,0.8073,0.7839,0.7839,739200,0.1553
1968-12-10,0.7786,0.7786,0.7578,0.7604,998400,0.1507
1968-12-12,0.7786,0.7891,0.7786,0.7813,758400,0.1548
1968-12-13,0.7813,0.7878,0.7708,0.7747,681600,0.1535
1968-12-16,0.7747,0.7826,0.7682,0.7734,1382400,0.1533
1968-12-17,0.7734,0.7813,0.7578,0.7578,1104000,0.1502
1968-12-19,0.7578,0.7786,0.7578,0.7708,2102400,0.1528
1968-12-20,0.7708,0.7813,0.7708,0.7708,1872000,0.1528
1968-12-23,0.7708,0.7773,0.7526,0.7526,1958400,0.1492
1968-12-24,0.7500,0.7500,0.7422,0.7422,432000,0.1471
1968-12-26,0.7422,0.7578,0.7396,0.7578,950400,0.1502
1968-12-27,0.7578,0.7578,0.7500,0.7526,1660800,0.1492
1968-12-30,0.7526,0.7604,0.7396,0.7474,873600,0.1481
1968-12-31,0.7474,0.7500,0.7344,0.7448,700800,0.1476
1969-01-02,0.7448,0.7578,0.7435,0.7578,1142400,0.1502
1969-01-03,0.7682,0.7813,0.7682,0.7760,1065600,0.1538
1969-01-06,0.7760,0.7813,0.7708,0.7786,883200,0.1543
1969-01-07,0.7760,0.7760,0.7448,0.7682,1545600,0.1523
1969-01-08,0.7682,0.7721,0.7630,0.7656,1382400,0.1517
1969-01-09,0.7656,0.7656,0.7552,0.7656,921600,0.1517
1969-01-10,0.7656,0.7656,0.7539,0.7656,940800,0.1517
1969-01-13,0.7643,0.7643,0.7396,0.7500,3235200,0.1486
1969-01-14,0.7500,0.7630,0.7448,0.7604,844800,0.1507
1969-01-15,0.7604,0.7630,0.7539,0.7578,652800,0.1502
1969-01-16,0.7578,0.7604,0.7500,0.7591,1056000,0.1504
1969-01-17,0.7591,0.7604,0.7513,0.7591,1046400,0.1504
1969-01-20,0.7591,0.7591,0.7526,0.7591,480000,0.1504
1969-01-21,0.7591,0.7591,0.7500,0.7539,1401600,0.1494
1969-01-22,0.7539,0.7604,0.7500,0.7526,1200000,0.1492
1969-01-23,0.7526,0.7578,0.7500,0.7578,1190400,0.1502
1969-01-24,0.7578,0.7578,0.7526,0.7552,1161600,0.1497
1969-01-27,0.7552,0.7604,0.7513,0.7552,796800,0.1497
1969-01-28,0.7539,0.7539,0.7370,0.7396,499200,0.1466
1969-01-29,0.7396,0.7435,0.7370,0.7435,1257600,0.1473
1969-01-30,0.7435,0.7474,0.7357,0.7357,566400,0.1458
1969-01-31,0.7357,0.7474,0.7344,0.7474,883200,0.1481
1969-02-03,0.7474,0.7487,0.7292,0.7318,1545600,0.1450
1969-02-04,0.7279,0.7279,0.7188,0.7240,1075200,0.1435
1969-02-05,0.7240,0.7292,0.7188,0.7188,1334400,0.1424
1969-02-06,0.7201,0.7344,0.7201,0.7305,806400,0.1448
1969-02-07,0.7305,0.7331,0.7266,0.7318,710400,0.1450
1969-02-11,0.7318,0.7344,0.7318,0.7331,691200,0.1453
1969-02-12,0.7331,0.7331,0.7292,0.7318,288000,0.1450
1969-02-13,0.7318,0.7357,0.7305,0.7331,892800,0.1453
1969-02-14,0.7331,0.7344,0.7292,0.7305,806400,0.1448
1969-02-17,0.7318,0.7370,0.7318,0.7318,864000,0.1450
1969-02-18,0.7318,0.7318,0.7279,0.7305,720000,0.1448
1969-02-19,0.7279,0.7279,0.7188,0.7240,1334400,0.1435
1969-02-20,0.7240,0.7240,0.7083,0.7109,1392000,0.1409
1969-02-24,0.7070,0.7070,0.6862,0.6875,1392000,0.1363
1969-02-25,0.6875,0.6953,0.6771,0.6875,2342400,0.1363
1969-02-26,0.6875,0.7005,0.6875,0.6979,960000,0.1383
1969-02-27,0.6979,0.7031,0.6849,0.6888,1276800,0.1365
1969-02-28,0.6888,0.7122,0.6888,0.7122,950400,0.1412
1969-03-03,0.7122,0.7292,0.7083,0.7279,662400,0.1443
1969-03-04,0.7279,0.7292,0.7161,0.7292,1008000,0.1445
1969-03-05,0.7292,0.7318,0.7201,0.7214,566400,0.1430
1969-03-06,0.7214,0.7292,0.7161,0.7161,1248000,0.1419
1969-03-07,0.7161,0.7201,0.6979,0.7201,1219200,0.1427
1969-03-10,0.7188,0.7188,0.7057,0.7148,758400,0.1424
1969-03-11,0.7148,0.7188,0.7057,0.7148,489600,0.1424
1969-03-12,0.7148,0.7188,0.7005,0.7044,825600,0.1403
1969-03-13,0.7044,0.7083,0.6927,0.7031,1180800,0.1400
1969-03-14,0.7031,0.7031,0.6953,0.7005,681600,0.1395
1969-03-17,0.7005,0.7018,0.6862,0.6940,1545600,0.1382
1969-03-18,0.6940,0.7057,0.6940,0.6979,1084800,0.1390
1969-03-19,0.6979,0.7057,0.6966,0.7057,825600,0.1405
1969-03-20,0.7161,0.7292,0.7161,0.7292,1132800,0.1452
1969-03-21,0.7292,0.7292,0.7240,0.7279,1651200,0.1449
1969-03-24,0.7279,0.7292,0.7253,0.7279,1046400,0.1449
1969-03-25,0.7279,0.7292,0.7188,0.7214,1468800,0.1436
1969-03-26,0.7214,0.7240,0.7161,0.7161,825600,0.1426
1969-03-27,0.7161,0.7292,0.7148,0.7240,1612800,0.1442
1969-03-28,0.7266,0.7396,0.7266,0.7370,950400,0.1468
1969-04-01,0.7370,0.7578,0.7344,0.7526,1065600,0.1499
1969-04-02,0.7526,0.7552,0.7344,0.7396,864000,0.1473
1969-04-03,0.7383,0.7383,0.7266,0.7266,345600,0.1447
1969-04-07,0.7240,0.7240,0.7109,0.7135,1296000,0.1421
1969-04-08,0.7135,0.7174,0.7083,0.7109,998400,0.1416
1969-04-09,0.7135,0.7214,0.7135,0.7214,422400,0.1436
1969-04-10,0.7214,0.7227,0.7135,0.7148,604800,0.1424
1969-04-11,0.7201,0.7266,0.7201,0.7240,1200000,0.1442
1969-04-14,0.7240,0.7370,0.7240,0.7266,652800,0.1447
1969-04-15,0.7266,0.7305,0.7161,0.7188,412800,0.1431
1969-04-16,0.7174,0.7174,0.7083,0.7083,576000,0.1411
1969-04-17,0.7083,0.7253,0.7083,0.7253,508800,0.1444
1969-04-18,0.7253,0.7266,0.7109,0.7135,700800,0.1421
1969-04-21,0.7188,0.7331,0.7188,0.7240,1056000,0.1442
1969-04-22,0.7292,0.7448,0.7292,0.7396,1152000,0.1473
1969-04-23,0.7396,0.7474,0.7370,0.7422,806400,0.1478
1969-04-24,0.7422,0.7500,0.7370,0.7487,960000,0.1491
1969-04-25,0.7487,0.7565,0.7487,0.7565,518400,0.1506
1969-04-28,0.7552,0.7552,0.7474,0.7500,1276800,0.1494
1969-04-29,0.7500,0.7539,0.7474,0.7526,1123200,0.1499
1969-04-30,0.7526,0.7578,0.7474,0.7513,1171200,0.1496
1969-05-01,0.7552,0.7747,0.7552,0.7578,2016000,0.1509
1969-05-02,0.7578,0.7604,0.7500,0.7552,1449600,0.1504
1969-05-05,0.7630,0.7747,0.7630,0.7708,777600,0.1535
1969-05-06,0.7708,0.7799,0.7682,0.7786,1382400,0.1551
1969-05-07,0.7786,0.7813,0.7708,0.7760,864000,0.1545
1969-05-08,0.7760,0.7799,0.7721,0.7760,518400,0.1545
1969-05-09,0.7760,0.7813,0.7578,0.7578,2025600,0.1509
1969-05-12,0.7578,0.7604,0.7500,0.7604,307200,0.1514
1969-05-13,0.7552,0.7552,0.7396,0.7396,988800,0.1473
1969-05-14,0.7409,0.7565,0.7409,0.7565,1843200,0.1506
1969-05-15,0.7565,0.7591,0.7500,0.7500,336000,0.1494
1969-05-16,0.7500,0.7604,0.7396,0.7604,1132800,0.1514
1969-05-19,0.7578,0.7578,0.7513,0.7552,480000,0.1504
1969-05-20,0.7552,0.7669,0.7526,0.7630,739200,0.1519
1969-05-21,0.7630,0.7682,0.7578,0.7656,441600,0.1525
1969-05-22,0.7656,0.7708,0.7604,0.7682,662400,0.1530
1969-05-23,0.7813,0.7917,0.7813,0.7878,2035200,0.1569
1969-05-26,0.7878,0.7917,0.7813,0.7878,1728000,0.1569
1969-05-27,0.7917,0.8008,0.7917,0.7969,1430400,0.1587
1969-05-28,0.7917,0.7917,0.7813,0.7813,864000,0.1556
1969-05-29,0.7813,0.7865,0.7773,0.7813,691200,0.1556
1969-06-02,0.7708,0.7708,0.7565,0.7565,691200,0.1506
1969-06-03,0.7565,0.7708,0.7500,0.7565,624000,0.1506
1969-06-04,0.7604,0.7786,0.7604,0.7682,547200,0.1530
1969-06-05,0.7708,0.7813,0.7708,0.7786,873600,0.1551
1969-06-06,0.7786,0.7813,0.7734,0.7773,384000,0.1548
1969-06-09,0.7773,0.7799,0.7578,0.7604,624000,0.1521
1969-06-10,0.7578,0.7578,0.7422,0.7448,700800,0.1490
1969-06-11,0.7448,0.7474,0.7370,0.7370,480000,0.1474
1969-06-12,0.7370,0.7474,0.7305,0.7474,835200,0.1495
1969-06-13,0.7474,0.7565,0.7370,0.7448,9552000,0.1490
1969-06-16,0.7448,0.7539,0.7396,0.7526,393600,0.1505
1969-06-17,0.7526,0.7552,0.7318,0.7422,787200,0.1485
1969-06-18,0.7500,0.7578,0.7500,0.7552,892800,0.1511
1969-06-19,0.7552,0.7708,0.7500,0.7578,1440000,0.1516
1969-06-20,0.7552,0.7552,0.7135,0.7135,1209600,0.1427
1969-06-23,0.7135,0.7188,0.7083,0.7161,1382400,0.1432
1969-06-24,0.7188,0.7292,0.7188,0.7266,883200,0.1453
1969-06-25,0.7266,0.7344,0.7240,0.7240,1296000,0.1448
1969-06-26,0.7240,0.7292,0.7188,0.7188,1305600,0.1438
1969-06-27,0.7188,0.7266,0.7188,0.7240,1824000,0.1448
1969-06-30,0.7240,0.7240,0.7135,0.7240,931200,0.1448
1969-07-01,0.7188,0.7188,0.7148,0.7188,470400,0.1438
1969-07-02,0.7201,0.7266,0.7201,0.7266,864000,0.1453
1969-07-03,0.7266,0.7318,0.7266,0.7292,1152000,0.1458
1969-07-07,0.7292,0.7318,0.7240,0.7266,1420800,0.1453
1969-07-08,0.7266,0.7292,0.7214,0.7214,1497600,0.1443
1969-07-09,0.7214,0.7279,0.7214,0.7240,422400,0.1448
1969-07-10,0.7240,0.7318,0.7227,0.7240,384000,0.1448
1969-07-11,0.7240,0.7383,0.7240,0.7240,921600,0.1448
1969-07-14,0.7240,0.7422,0.7214,0.7344,912000,0.1469
1969-07-15,0.7344,0.7474,0.7292,0.7292,1027200,0.1458
1969-07-16,0.7292,0.7344,0.7240,0.7253,1488000,0.1451
1969-07-17,0.7266,0.7474,0.7266,0.7435,1056000,0.1487
1969-07-18,0.7318,0.7318,0.7214,0.7279,624000,0.1456
1969-07-22,0.7266,0.7266,0.7188,0.7188,1180800,0.1438
1969-07-23,0.7188,0.7292,0.7188,0.7292,777600,0.1458
1969-07-24,0.7292,0.7292,0.7227,0.7253,422400,0.1451
1969-07-25,0.7240,0.7240,0.7135,0.7161,499200,0.1432
1969-07-28,0.7148,0.7148,0.6823,0.6836,1584000,0.1367
1969-07-29,0.6849,0.7005,0.6849,0.6849,1929600,0.1370
1969-07-30,0.6849,0.7005,0.6823,0.6979,1305600,0.1396
1969-07-31,0.6979,0.7109,0.6953,0.7070,1372800,0.1414
1969-08-01,0.7188,0.7396,0.7188,0.7344,2284800,0.1469
1969-08-04,0.7344,0.7448,0.7318,0.7370,816000,0.1474
1969-08-05,0.7370,0.7383,0.7214,0.7357,921600,0.1471
1969-08-06,0.7422,0.7500,0.7422,0.7422,835200,0.1485
1969-08-07,0.7422,0.7461,0.7318,0.7383,547200,0.1477
1969-08-08,0.7383,0.7422,0.7292,0.7292,758400,0.1458
1969-08-11,0.7292,0.7292,0.7148,0.7240,1075200,0.1448
1969-08-12,0.7292,0.7422,0.7292,0.7370,2726400,0.1474
1969-08-13,0.7370,0.7422,0.7240,0.7396,1555200,0.1479
1969-08-14,0.7396,0.7474,0.7370,0.7448,777600,0.1490
1969-08-15,0.7487,0.7552,0.7487,0.7552,1516800,0.1511
1969-08-18,0.7526,0.7526,0.7396,0.7500,643200,0.1500
1969-08-19,0.7500,0.7526,0.7474,0.7474,816000,0.1495
1969-08-20,0.7474,0.7513,0.7474,0.7500,672000,0.1500
1969-08-21,0.7500,0.7526,0.7422,0.7500,1776000,0.1500
1969-08-22,0.7500,0.7539,0.7474,0.7474,576000,0.1495
1969-08-25,0.7474,0.7500,0.7448,0.7448,480000,0.1490
1969-08-26,0.7448,0.7500,0.7422,0.7474,643200,0.1495
1969-08-27,0.7500,0.7552,0.7500,0.7539,556800,0.1508
1969-08-28,0.7539,0.7539,0.7474,0.7526,1113600,0.1505
1969-08-29,0.7526,0.7604,0.7500,0.7604,1113600,0.1521
1969-09-02,0.7604,0.7604,0.7552,0.7578,374400,0.1516
1969-09-03,0.7578,0.7578,0.7474,0.7500,739200,0.1500
1969-09-04,0.7500,0.7578,0.7448,0.7526,499200,0.1505
1969-09-05,0.7526,0.7565,0.7487,0.7565,566400,0.1513
1969-09-08,0.7500,0.7500,0.7474,0.7500,960000,0.1500
1969-09-09,0.7500,0.7565,0.7487,0.7565,566400,0.1513
1969-09-10,0.7565,0.7630,0.7500,0.7630,576000,0.1533
1969-09-11,0.7695,0.7760,0.7695,0.7747,1142400,0.1557
1969-09-12,0.7747,0.7799,0.7682,0.7747,1641600,0.1557
1969-09-15,0.7747,0.7891,0.7721,0.7839,1459200,0.1575
1969-09-16,0.7839,0.7917,0.7813,0.7917,1488000,0.1591
1969-09-17,0.7917,0.7917,0.7839,0.7839,806400,0.1575
1969-09-18,0.7865,0.7969,0.7865,0.7891,1219200,0.1585
1969-09-19,0.7917,0.8021,0.7917,0.8021,940800,0.1612
1969-09-22,0.7982,0.7982,0.7943,0.7969,2841600,0.1601
1969-09-23,0.8073,0.8255,0.8073,0.8190,1507200,0.1646
1969-09-24,0.8190,0.8255,0.8125,0.8125,489600,0.1633
1969-09-25,0.8125,0.8138,0.8008,0.8008,403200,0.1609
1969-09-26,0.8008,0.8229,0.7943,0.8125,2131200,0.1633
1969-09-29,0.8125,0.8125,0.7891,0.7943,1593600,0.1596
1969-09-30,0.7995,0.8060,0.7995,0.8060,547200,0.1619
1969-10-01,0.8060,0.8086,0.7917,0.7943,451200,0.1596
1969-10-02,0.7943,0.8047,0.7865,0.8047,1017600,0.1617
1969-10-03,0.8047,0.8112,0.7995,0.8047,691200,0.1617
1969-10-06,0.8047,0.8099,0.7969,0.7969,576000,0.1601
1969-10-07,0.7982,0.8073,0.7982,0.8073,835200,0.1622
1969-10-08,0.8073,0.8203,0.8021,0.8125,480000,0.1633
1969-10-09,0.8125,0.8177,0.8073,0.8177,1449600,0.1643
1969-10-10,0.8177,0.8229,0.8151,0.8177,662400,0.1643
1969-10-13,0.8177,0.8255,0.8177,0.8229,998400,0.1654
1969-10-14,0.8229,0.8281,0.8125,0.8229,1449600,0.1654
1969-10-15,0.8229,0.8268,0.8177,0.8229,1094400,0.1654
1969-10-16,0.8229,0.8294,0.8177,0.8229,1728000,0.1654
1969-10-17,0.8229,0.8255,0.8138,0.8138,2688000,0.1635
1969-10-20,0.8112,0.8112,0.7865,0.8060,5500800,0.1619
1969-10-21,0.8125,0.8268,0.8125,0.8268,1689600,0.1661
1969-10-22,0.8268,0.8333,0.8203,0.8333,1670400,0.1674
1969-10-23,0.8333,0.8333,0.8255,0.8307,537600,0.1669
1969-10-24,0.8307,0.8411,0.8307,0.8359,1660800,0.1680
1969-10-27,0.8359,0.8385,0.8268,0.8346,825600,0.1677
1969-10-28,0.8346,0.8385,0.8307,0.8333,1190400,0.1674
1969-10-29,0.8333,0.8385,0.8294,0.8385,892800,0.1685
1969-10-30,0.8385,0.8398,0.8359,0.8398,1075200,0.1688
1969-10-31,0.8398,0.8711,0.8372,0.8711,1161600,0.1750
1969-11-03,0.8711,0.8802,0.8698,0.8802,1353600,0.1769
1969-11-04,0.8776,0.8776,0.8672,0.8750,1305600,0.1758
1969-11-05,0.8750,0.8841,0.8724,0.8750,825600,0.1758
1969-11-06,0.8750,0.8776,0.8750,0.8750,585600,0.1758
1969-11-07,0.8750,0.8776,0.8724,0.8724,288000,0.1753
1969-11-10,0.8854,0.9063,0.8854,0.8958,1564800,0.1800
1969-11-11,0.8958,0.9049,0.8945,0.9049,1008000,0.1818
1969-11-12,0.9036,0.9036,0.8750,0.8802,998400,0.1769
1969-11-13,0.8776,0.8776,0.8659,0.8659,2755200,0.1740
1969-11-14,0.8646,0.8646,0.8542,0.8607,1171200,0.1729
1969-11-17,0.8607,0.8646,0.8568,0.8594,729600,0.1727
1969-11-18,0.8594,0.8646,0.8555,0.8594,566400,0.1727
1969-11-19,0.8594,0.8633,0.8555,0.8594,374400,0.1727
1969-11-20,0.8594,0.8633,0.8464,0.8620,1363200,0.1732
1969-11-21,0.8594,0.8594,0.8438,0.8542,864000,0.1716
1969-11-24,0.8438,0.8438,0.8333,0.8411,1468800,0.1697
1969-11-25,0.8411,0.8424,0.8281,0.8307,729600,0.1676
1969-11-26,0.8255,0.8255,0.8216,0.8229,2198400,0.1660
1969-11-28,0.8229,0.8229,0.8125,0.8125,537600,0.1639
1969-12-01,0.8125,0.8138,0.8060,0.8125,1804800,0.1639
1969-12-02,0.8125,0.8177,0.8047,0.8125,1046400,0.1639
1969-12-03,0.8125,0.8177,0.8060,0.8177,1075200,0.1650
1969-12-04,0.8203,0.8333,0.8203,0.8333,768000,0.1681
1969-12-05,0.8333,0.8451,0.8281,0.8438,748800,0.1702
1969-12-08,0.8438,0.8594,0.8438,0.8464,1094400,0.1707
1969-12-09,0.8464,0.8698,0.8464,0.8594,1075200,0.1734
1969-12-10,0.8594,0.8672,0.8542,0.8620,537600,0.1739
1969-12-11,0.8620,0.8620,0.8542,0.8594,1392000,0.1734
1969-12-12,0.8594,0.8633,0.8516,0.8568,614400,0.1728
1969-12-15,0.8581,0.8633,0.8581,0.8581,451200,0.1731
1969-12-16,0.8581,0.8581,0.8385,0.8411,1190400,0.1697
1969-12-17,0.8411,0.8477,0.8346,0.8438,1257600,0.1702
1969-12-18,0.8438,0.8594,0.8438,0.8581,1200000,0.1731
1969-12-19,0.8581,0.8646,0.8464,0.8464,969600,0.1707
1969-12-22,0.8464,0.8490,0.8333,0.8411,835200,0.1697
1969-12-23,0.8385,0.8385,0.8307,0.8372,470400,0.1689
1969-12-24,0.8372,0.8372,0.8203,0.8229,1545600,0.1660
1969-12-26,0.8255,0.8333,0.8255,0.8333,105600,0.1681
1969-12-29,0.8320,0.8320,0.8177,0.8320,662400,0.1679
1969-12-30,0.8333,0.8542,0.8333,0.8542,499200,0.1723
1969-12-31,0.8542,0.8633,0.8490,0.8568,1123200,0.1728
1970-01-02,0.8568,0.8568,0.8503,0.8568,1104000,0.1728
1970-01-05,0.8542,0.8542,0.8411,0.8438,556800,0.1702
1970-01-06,0.8438,0.8542,0.8398,0.8516,796800,0.1718
1970-01-07,0.8516,0.8594,0.8464,0.8568,700800,0.1728
1970-01-08,0.8568,0.8646,0.8516,0.8581,1065600,0.1731
1970-01-09,0.8581,0.8646,0.8542,0.8542,451200,0.1723
1970-01-12,0.8542,0.8620,0.8490,0.8620,1248000,0.1739
1970-01-13,0.8646,0.8698,0.8646,0.8698,518400,0.1755
1970-01-14,0.8698,0.8750,0.8672,0.8750,854400,0.1765
1970-01-15,0.8750,0.8854,0.8724,0.8828,1008000,0.1781
1970-01-16,0.8841,0.8880,0.8841,0.8854,892800,0.1786
1970-01-19,0.8867,0.8958,0.8867,0.8880,864000,0.1792
1970-01-20,0.8880,0.8958,0.8867,0.8958,1286400,0.1807
1970-01-21,0.8958,0.8984,0.8880,0.8958,979200,0.1807
1970-01-22,0.8958,0.9010,0.8906,0.8958,758400,0.1807
1970-01-23,0.8880,0.8880,0.8750,0.8750,3033600,0.1765
1970-01-26,0.8724,0.8724,0.8620,0.8633,1536000,0.1742
1970-01-27,0.8633,0.8672,0.8542,0.8568,1161600,0.1728
1970-01-28,0.8568,0.8724,0.8542,0.8698,1161600,0.1755
1970-01-29,0.8672,0.8672,0.8542,0.8555,1036800,0.1726
1970-01-30,0.8542,0.8542,0.8255,0.8255,777600,0.1665
1970-02-02,0.8255,0.8385,0.8099,0.8307,2025600,0.1676
1970-02-03,0.8359,0.8594,0.8359,0.8581,1440000,0.1731
1970-02-04,0.8594,0.8750,0.8594,0.8594,1516800,0.1734
1970-02-05,0.8594,0.8633,0.8516,0.8555,1286400,0.1726
1970-02-06,0.8555,0.8594,0.8503,0.8555,1257600,0.1726
1970-02-09,0.8555,0.8646,0.8516,0.8646,892800,0.1744
1970-02-10,0.8646,0.8646,0.8529,0.8542,854400,0.1723
1970-02-11,0.8542,0.8555,0.8451,0.8542,1132800,0.1723
1970-02-12,0.8542,0.8542,0.8490,0.8490,470400,0.1713
1970-02-13,0.8490,0.8490,0.8385,0.8411,748800,0.1697
1970-02-16,0.8411,0.8464,0.8333,0.8359,1488000,0.1686
1970-02-17,0.8372,0.8411,0.8372,0.8411,825600,0.1697
1970-02-18,0.8411,0.8424,0.8359,0.8411,720000,0.1697
1970-02-19,0.8411,0.8438,0.8372,0.8438,1046400,0.1702
1970-02-20,0.8438,0.8529,0.8411,0.8516,1104000,0.1718
1970-02-24,0.8516,0.8516,0.8438,0.8477,1929600,0.1710
1970-02-25,0.8594,0.8633,0.8594,0.8620,1104000,0.1739
1970-02-26,0.8594,0.8594,0.8503,0.8542,681600,0.1723
1970-02-27,0.8607,0.8672,0.8607,0.8633,681600,0.1742
1970-03-02,0.8646,0.8724,0.8646,0.8646,489600,0.1744
1970-03-03,0.8646,0.8711,0.8646,0.8659,979200,0.1747
1970-03-04,0.8659,0.8776,0.8659,0.8750,969600,0.1765
1970-03-05,0.8750,0.8789,0.8685,0.8685,1248000,0.1752
1970-03-06,0.8685,0.8750,0.8646,0.8750,1968000,0.1765
1970-03-09,0.8698,0.8698,0.8646,0.8646,1094400,0.1744
1970-03-10,0.8594,0.8594,0.8503,0.8542,1065600,0.1723
1970-03-11,0.8542,0.8620,0.8542,0.8542,1017600,0.1723
1970-03-12,0.8542,0.8568,0.8516,0.8542,854400,0.1723
1970-03-13,0.8542,0.8555,0.8503,0.8503,422400,0.1715
1970-03-16,0.8503,0.8516,0.8307,0.8372,1728000,0.1689
1970-03-17,0.8372,0.8438,0.8346,0.8438,1075200,0.1702
1970-03-18,0.8438,0.8438,0.8242,0.8242,1324800,0.1663
1970-03-19,0.8255,0.8307,0.8255,0.8307,1641600,0.1676
1970-03-20,0.8307,0.8307,0.8229,0.8255,892800,0.1665
1970-03-23,0.8255,0.8281,0.8164,0.8203,998400,0.1655
1970-03-24,0.8203,0.8229,0.8190,0.8229,940800,0.1660
1970-03-25,0.8281,0.8424,0.8281,0.8281,1862400,0.1671
1970-03-26,0.8281,0.8372,0.8281,0.8346,854400,0.1684
1970-03-30,0.8359,0.8464,0.8359,0.8385,1008000,0.1692
1970-03-31,0.8372,0.8372,0.8294,0.8359,710400,0.1686
1970-04-01,0.8359,0.8385,0.8333,0.8372,940800,0.1689
1970-04-02,0.8372,0.8411,0.8281,0.8359,912000,0.1686
1970-04-03,0.8359,0.8385,0.8281,0.8281,1910400,0.1671
1970-04-06,0.8255,0.8255,0.8177,0.8177,1651200,0.1650
1970-04-07,0.8177,0.8229,0.8151,0.8229,1104000,0.1660
1970-04-08,0.8229,0.8281,0.8021,0.8099,1795200,0.1634
1970-04-09,0.8099,0.8138,0.8021,0.8125,1027200,0.1639
1970-04-10,0.8125,0.8125,0.7956,0.7956,2419200,0.1605
1970-04-13,0.7865,0.7865,0.7708,0.7826,1632000,0.1579
1970-04-14,0.7799,0.7799,0.7721,0.7786,5232000,0.1571
1970-04-15,0.7813,0.8073,0.7813,0.7917,1564800,0.1597
1970-04-16,0.7917,0.7917,0.7826,0.7891,1689600,0.1592
1970-04-17,0.7891,0.8112,0.7891,0.8073,2832000,0.1629
1970-04-20,0.8073,0.8099,0.7930,0.8034,1056000,0.1621
1970-04-21,0.8034,0.8073,0.8021,0.8034,979200,0.1621
1970-04-22,0.8021,0.8021,0.7930,0.7969,1267200,0.1608
1970-04-23,0.7969,0.7969,0.7865,0.7865,1401600,0.1587
1970-04-24,0.7865,0.7865,0.7813,0.7865,1257600,0.1587
1970-04-27,0.7839,0.7839,0.7656,0.7656,2822400,0.1545
1970-04-28,0.7656,0.7669,0.7500,0.7565,6441600,0.1526
1970-04-29,0.7565,0.7734,0.7461,0.7734,3014400,0.1560
1970-04-30,0.7734,0.7760,0.7630,0.7682,1296000,0.1550
1970-05-01,0.7656,0.7656,0.7526,0.7578,1516800,0.1529
1970-05-04,0.7578,0.7578,0.7331,0.7396,2342400,0.1492
1970-05-05,0.7383,0.7383,0.7135,0.7135,3772800,0.1440
1970-05-06,0.7214,0.7500,0.7214,0.7240,3302400,0.1461
1970-05-07,0.7240,0.7396,0.7240,0.7396,2371200,0.1492
1970-05-08,0.7396,0.7487,0.7344,0.7474,1075200,0.1508
1970-05-11,0.7500,0.7604,0.7500,0.7513,2006400,0.1516
1970-05-12,0.7513,0.7552,0.7396,0.7409,2544000,0.1495
1970-05-13,0.7409,0.7448,0.7240,0.7331,2937600,0.1479
1970-05-14,0.7318,0.7318,0.7135,0.7318,2976000,0.1476
1970-05-15,0.7318,0.7500,0.7253,0.7357,2784000,0.1484
1970-05-18,0.7357,0.7435,0.7357,0.7396,1526400,0.1492
1970-05-19,0.7396,0.7396,0.7188,0.7188,960000,0.1450
1970-05-20,0.7135,0.7135,0.6836,0.6862,2860800,0.1384
1970-05-21,0.6823,0.6823,0.6745,0.6758,3148800,0.1363
1970-05-22,0.6758,0.7005,0.6745,0.6875,3340800,0.1387
1970-05-25,0.6823,0.6823,0.6628,0.6628,1651200,0.1337
1970-05-26,0.6628,0.6771,0.6563,0.6667,4416000,0.1345
1970-05-27,0.6706,0.7266,0.6706,0.7096,2985600,0.1432
1970-05-28,0.7109,0.7344,0.7109,0.7292,3369600,0.1471
1970-05-29,0.7292,0.7435,0.7188,0.7409,1680000,0.1495
1970-06-01,0.7448,0.7813,0.7448,0.7813,2092800,0.1576
1970-06-02,0.7747,0.7747,0.7604,0.7708,1833600,0.1555
1970-06-03,0.7708,0.7747,0.7578,0.7708,2169600,0.1555
1970-06-04,0.7708,0.7865,0.7708,0.7773,2707200,0.1568
1970-06-05,0.7695,0.7695,0.7500,0.7552,1401600,0.1524
1970-06-08,0.7552,0.7591,0.7435,0.7565,912000,0.1534
1970-06-09,0.7539,0.7539,0.7344,0.7461,1449600,0.1513
1970-06-10,0.7435,0.7435,0.7318,0.7422,576000,0.1505
1970-06-11,0.7383,0.7383,0.7227,0.7318,921600,0.1484
1970-06-12,0.7318,0.7344,0.7188,0.7188,1651200,0.1457
1970-06-15,0.7188,0.7279,0.7109,0.7174,1228800,0.1455
1970-06-16,0.7240,0.7552,0.7240,0.7552,1267200,0.1531
1970-06-17,0.7552,0.7708,0.7474,0.7474,1507200,0.1515
1970-06-18,0.7474,0.7708,0.7448,0.7656,969600,0.1552
1970-06-19,0.7708,0.7865,0.7708,0.7708,1900800,0.1563
1970-06-22,0.7708,0.7721,0.7552,0.7578,1238400,0.1536
1970-06-23,0.7578,0.7604,0.7526,0.7565,1084800,0.1534
1970-06-24,0.7565,0.7578,0.7409,0.7422,1785600,0.1505
1970-06-25,0.7422,0.7474,0.7396,0.7422,1238400,0.1505
1970-06-26,0.7422,0.7552,0.7422,0.7422,960000,0.1505
1970-06-29,0.7422,0.7422,0.7214,0.7227,2179200,0.1465
1970-06-30,0.7227,0.7292,0.7188,0.7227,1382400,0.1465
1970-07-01,0.7227,0.7240,0.7109,0.7240,1468800,0.1468
1970-07-02,0.7292,0.7474,0.7292,0.7474,1795200,0.1515
1970-07-06,0.7474,0.7474,0.7318,0.7383,1593600,0.1497
1970-07-07,0.7344,0.7344,0.7253,0.7292,1958400,0.1478
1970-07-08,0.7292,0.7552,0.7292,0.7552,1430400,0.1531
1970-07-09,0.7552,0.7656,0.7422,0.7448,2812800,0.1510
1970-07-10,0.7448,0.7643,0.7422,0.7617,1507200,0.1544
1970-07-13,0.7617,0.7656,0.7539,0.7591,912000,0.1539
1970-07-14,0.7591,0.7643,0.7422,0.7461,912000,0.1513
1970-07-15,0.7461,0.7552,0.7422,0.7474,873600,0.1515
1970-07-16,0.7474,0.7500,0.7396,0.7422,2457600,0.1505
1970-07-17,0.7448,0.7578,0.7448,0.7539,1401600,0.1529
1970-07-20,0.7539,0.7656,0.7526,0.7578,1641600,0.1536
1970-07-21,0.7591,0.7708,0.7591,0.7617,1123200,0.1544
1970-07-22,0.7617,0.7630,0.7500,0.7513,1152000,0.1523
1970-07-23,0.7513,0.7539,0.7448,0.7526,1488000,0.1526
1970-07-24,0.7526,0.7552,0.7409,0.7409,662400,0.1502
1970-07-27,0.7422,0.7474,0.7422,0.7435,374400,0.1507
1970-07-28,0.7435,0.7435,0.7370,0.7370,825600,0.1494
1970-07-29,0.7370,0.7487,0.7331,0.7474,470400,0.1515
1970-07-30,0.7500,0.7604,0.7500,0.7604,1075200,0.1542
1970-07-31,0.7604,0.7656,0.7578,0.7578,1094400,0.1536
1970-08-03,0.7552,0.7552,0.7448,0.7461,614400,0.1513
1970-08-04,0.7435,0.7435,0.7396,0.7422,902400,0.1505
1970-08-05,0.7422,0.7435,0.7344,0.7357,1324800,0.1492
1970-08-06,0.7357,0.7422,0.7357,0.7383,1104000,0.1497
1970-08-07,0.7383,0.7435,0.7383,0.7396,883200,0.1500
1970-08-10,0.7396,0.7396,0.7188,0.7188,1027200,0.1457
1970-08-11,0.7188,0.7214,0.7161,0.7188,1468800,0.1457
1970-08-12,0.7188,0.7188,0.7161,0.7161,633600,0.1452
1970-08-13,0.7161,0.7174,0.6901,0.6940,2688000,0.1407
1970-08-14,0.6940,0.6966,0.6875,0.6927,2025600,0.1404
1970-08-17,0.6927,0.6927,0.6836,0.6901,854400,0.1399
1970-08-18,0.6927,0.7018,0.6927,0.7005,2304000,0.1420
1970-08-19,0.7005,0.7109,0.7005,0.7109,1708800,0.1441
1970-08-20,0.7109,0.7161,0.7031,0.7135,1315200,0.1447
1970-08-21,0.7135,0.7214,0.7135,0.7188,1132800,0.1457
1970-08-24,0.7214,0.7396,0.7214,0.7396,2467200,0.1500
1970-08-25,0.7396,0.7500,0.7318,0.7487,1593600,0.1518
1970-08-26,0.7487,0.7630,0.7474,0.7552,2755200,0.1531
1970-08-27,0.7539,0.7539,0.7500,0.7500,556800,0.1521
1970-08-28,0.7500,0.7552,0.7422,0.7526,912000,0.1526
1970-08-31,0.7526,0.7526,0.7422,0.7474,652800,0.1515
1970-09-01,0.7474,0.7591,0.7409,0.7565,691200,0.1534
1970-09-02,0.7539,0.7539,0.7435,0.7526,460800,0.1526
1970-09-03,0.7539,0.7643,0.7539,0.7617,729600,0.1544
1970-09-04,0.7617,0.7760,0.7474,0.7474,1094400,0.1515
1970-09-08,0.7474,0.7656,0.7435,0.7656,921600,0.1552
1970-09-09,0.7656,0.7760,0.7552,0.7630,1267200,0.1547
1970-09-10,0.7604,0.7604,0.7500,0.7604,595200,0.1549
1970-09-11,0.7604,0.7630,0.7552,0.7578,1065600,0.1544
1970-09-14,0.7578,0.7630,0.7565,0.7578,1094400,0.1544
1970-09-15,0.7552,0.7552,0.7422,0.7474,1440000,0.1523
1970-09-16,0.7474,0.7487,0.7409,0.7435,1516800,0.1515
1970-09-17,0.7435,0.7500,0.7409,0.7448,2092800,0.1518
1970-09-18,0.7448,0.7474,0.7409,0.7448,1584000,0.1518
1970-09-21,0.7448,0.7474,0.7422,0.7422,1017600,0.1512
1970-09-22,0.7422,0.7474,0.7396,0.7448,1075200,0.1518
1970-09-23,0.7448,0.7604,0.7422,0.7565,1017600,0.1541
1970-09-24,0.7578,0.7708,0.7578,0.7708,1209600,0.1571
1970-09-25,0.7760,0.7813,0.7760,0.7813,2064000,0.1592
1970-09-28,0.7813,0.7865,0.7786,0.7865,2140800,0.1602
1970-09-29,0.7865,0.7891,0.7760,0.7839,1190400,0.1597
1970-09-30,0.7799,0.7799,0.7656,0.7760,739200,0.1581
1970-10-01,0.7760,0.7799,0.7747,0.7786,729600,0.1587
1970-10-02,0.7786,0.7904,0.7747,0.7904,1017600,0.1610
1970-10-05,0.7969,0.8177,0.7969,0.8125,2438400,0.1655
1970-10-06,0.8177,0.8516,0.8177,0.8516,3235200,0.1735
1970-10-07,0.8516,0.8516,0.8307,0.8359,2630400,0.1703
1970-10-08,0.8320,0.8320,0.8099,0.8099,3667200,0.1650
1970-10-09,0.8073,0.8073,0.7969,0.7969,1468800,0.1624
1970-10-12,0.7969,0.7995,0.7865,0.7969,460800,0.1624
1970-10-13,0.7969,0.7995,0.7943,0.7995,691200,0.1629
1970-10-14,0.7995,0.8125,0.7995,0.8125,508800,0.1655
1970-10-15,0.8112,0.8112,0.8060,0.8060,806400,0.1642
1970-10-16,0.8086,0.8229,0.8086,0.8177,844800,0.1666
1970-10-19,0.8177,0.8177,0.8112,0.8112,451200,0.1653
1970-10-20,0.8112,0.8177,0.8073,0.8164,528000,0.1663
1970-10-21,0.8164,0.8203,0.8099,0.8112,432000,0.1653
1970-10-22,0.8112,0.8281,0.8099,0.8255,777600,0.1682
1970-10-23,0.8255,0.8320,0.8177,0.8229,1161600,0.1677
1970-10-26,0.8229,0.8294,0.8203,0.8255,633600,0.1682
1970-10-27,0.8255,0.8281,0.8216,0.8281,758400,0.1687
1970-10-28,0.8281,0.8320,0.8190,0.8320,720000,0.1695
1970-10-29,0.8320,0.8333,0.8177,0.8203,2649600,0.1671
1970-10-30,0.8203,0.8281,0.8203,0.8203,777600,0.1671
1970-11-02,0.8203,0.8268,0.8203,0.8229,700800,0.1677
1970-11-03,0.8229,0.8268,0.8229,0.8229,585600,0.1677
1970-11-04,0.8255,0.8385,0.8255,0.8320,2092800,0.1695
1970-11-05,0.8320,0.8320,0.8242,0.8320,739200,0.1695
1970-11-06,0.8320,0.8359,0.8281,0.8359,691200,0.1703
1970-11-09,0.8359,0.8438,0.8333,0.8372,1219200,0.1706
1970-11-10,0.8438,0.8555,0.8438,0.8555,1142400,0.1743
1970-11-11,0.8555,0.8750,0.8516,0.8542,1968000,0.1740
1970-11-12,0.8542,0.8620,0.8464,0.8464,1017600,0.1724
1970-11-13,0.8464,0.8503,0.8385,0.8451,969600,0.1722
1970-11-16,0.8451,0.8542,0.8438,0.8490,1660800,0.1730
1970-11-17,0.8490,0.8516,0.8451,0.8451,777600,0.1722
1970-11-18,0.8451,0.8451,0.8333,0.8372,979200,0.1706
1970-11-19,0.8372,0.8411,0.8320,0.8359,1008000,0.1703
1970-11-20,0.8359,0.8490,0.8333,0.8490,1046400,0.1730
1970-11-23,0.8490,0.8542,0.8451,0.8451,729600,0.1722
1970-11-24,0.8490,0.8542,0.8490,0.8542,1968000,0.1748
1970-11-25,0.8542,0.8750,0.8542,0.8737,1334400,0.1788
1970-11-27,0.8737,0.8737,0.8698,0.8711,729600,0.1783
1970-11-30,0.8711,0.8750,0.8698,0.8724,1248000,0.1785
1970-12-01,0.8724,0.8802,0.8698,0.8737,883200,0.1788
1970-12-02,0.8737,0.8802,0.8724,0.8776,1171200,0.1796
1970-12-03,0.8828,0.9010,0.8828,0.8919,2764800,0.1825
1970-12-04,0.8919,0.8958,0.8880,0.8958,1526400,0.1833
1970-12-07,0.8958,0.9049,0.8958,0.9010,1228800,0.1844
1970-12-08,0.9010,0.9115,0.9010,0.9115,3984000,0.1865
1970-12-09,0.9115,0.9115,0.8932,0.8984,2688000,0.1839
1970-12-10,0.8971,0.8971,0.8854,0.8880,1296000,0.1817
1970-12-11,0.8854,0.8854,0.8776,0.8789,1689600,0.1799
1970-12-14,0.8789,0.8841,0.8659,0.8750,1468800,0.1791
1970-12-15,0.8750,0.8841,0.8750,0.8776,1008000,0.1796
1970-12-16,0.8776,0.8828,0.8763,0.8776,748800,0.1796
1970-12-17,0.8776,0.8802,0.8711,0.8737,1104000,0.1788
1970-12-18,0.8737,0.8802,0.8698,0.8698,729600,0.1780
1970-12-21,0.8698,0.8776,0.8633,0.8659,1296000,0.1772
1970-12-22,0.8659,0.8711,0.8607,0.8633,1017600,0.1767
1970-12-23,0.8633,0.8672,0.8581,0.8581,940800,0.1756
1970-12-24,0.8646,0.8711,0.8646,0.8646,902400,0.1769
1970-12-28,0.8646,0.8724,0.8646,0.8724,460800,0.1785
1970-12-29,0.8776,0.8854,0.8776,0.8815,1180800,0.1804
1970-12-30,0.8854,0.8958,0.8854,0.8945,1737600,0.1831
1970-12-31,0.8945,0.8958,0.8789,0.8828,1939200,0.1807
1971-01-04,0.8750,0.8750,0.8646,0.8659,1603200,0.1772
1971-01-05,0.8620,0.8620,0.8516,0.8542,2150400,0.1748
1971-01-06,0.8542,0.8685,0.8542,0.8685,3052800,0.1777
1971-01-07,0.8724,0.8958,0.8724,0.8945,1603200,0.1831
1971-01-08,0.8945,0.8945,0.8867,0.8945,1449600,0.1831
1971-01-11,0.8932,0.8932,0.8880,0.8932,643200,0.1828
1971-01-12,0.8932,0.8984,0.8906,0.8906,1785600,0.1823
1971-01-13,0.8906,0.8984,0.8880,0.8958,1756800,0.1833
1971-01-14,0.8958,0.8958,0.8893,0.8958,787200,0.1833
1971-01-15,0.8958,0.8997,0.8906,0.8932,1420800,0.1828
1971-01-18,0.8932,0.8932,0.8828,0.8828,1017600,0.1807
1971-01-19,0.8828,0.8880,0.8802,0.8828,374400,0.1807
1971-01-20,0.8854,0.8958,0.8854,0.8893,1564800,0.1820
1971-01-21,0.8893,0.8945,0.8867,0.8906,864000,0.1823
1971-01-22,0.8906,0.8906,0.8854,0.8867,1478400,0.1815
1971-01-25,0.8867,0.8958,0.8854,0.8932,835200,0.1828
1971-01-26,0.8932,0.8958,0.8906,0.8906,1728000,0.1823
1971-01-27,0.8906,0.8932,0.8867,0.8932,825600,0.1828
1971-01-28,0.8932,0.9089,0.8932,0.9063,1459200,0.1855
1971-01-29,0.9063,0.9089,0.9036,0.9063,460800,0.1855
1971-02-01,0.9063,0.9063,0.8958,0.9010,1094400,0.1844
1971-02-02,0.9010,0.9036,0.8984,0.8997,652800,0.1841
1971-02-03,0.8997,0.9049,0.8984,0.8997,1612800,0.1841
1971-02-04,0.8997,0.9010,0.8945,0.8958,1334400,0.1833
1971-02-05,0.8958,0.9036,0.8958,0.8958,1459200,0.1833
1971-02-08,0.8958,0.8958,0.8893,0.8958,1084800,0.1833
1971-02-09,0.8958,0.9036,0.8945,0.9023,1382400,0.1847
1971-02-10,0.9023,0.9102,0.8958,0.9089,1680000,0.1860
1971-02-11,0.9115,0.9258,0.9115,0.9193,1132800,0.1881
1971-02-12,0.9193,0.9245,0.9167,0.9193,1267200,0.1881
1971-02-16,0.9193,0.9245,0.9167,0.9219,1651200,0.1887
1971-02-17,0.9219,0.9232,0.9036,0.9063,988800,0.1855
1971-02-18,0.9036,0.9036,0.8906,0.8984,2323200,0.1839
1971-02-19,0.8984,0.9010,0.8932,0.8932,768000,0.1828
1971-02-22,0.8932,0.8958,0.8776,0.8802,787200,0.1801
1971-02-23,0.8802,0.8906,0.8776,0.8880,844800,0.1817
1971-02-24,0.8919,0.8997,0.8919,0.8945,624000,0.1831
1971-02-25,0.8945,0.8997,0.8919,0.8997,1315200,0.1841
1971-02-26,0.9036,0.9115,0.9036,0.9076,1027200,0.1857
1971-03-01,0.9076,0.9141,0.9010,0.9141,796800,0.1871
1971-03-02,0.9141,0.9206,0.9102,0.9141,624000,0.1871
1971-03-03,0.9141,0.9167,0.9089,0.9154,883200,0.1873
1971-03-04,0.9154,0.9336,0.9141,0.9336,988800,0.1911
1971-03-05,0.9336,0.9349,0.9258,0.9323,729600,0.1908
1971-03-08,0.9323,0.9375,0.9284,0.9375,1008000,0.1927
1971-03-09,0.9375,0.9531,0.9375,0.9531,1276800,0.1959
1971-03-10,0.9531,0.9661,0.9505,0.9635,1372800,0.1981
1971-03-11,0.9635,0.9635,0.9531,0.9531,1584000,0.1959
1971-03-12,0.9531,0.9609,0.9505,0.9557,950400,0.1965
1971-03-15,0.9531,0.9531,0.9427,0.9505,1065600,0.1954
1971-03-16,0.9557,0.9714,0.9557,0.9661,1046400,0.1986
1971-03-17,0.9661,0.9714,0.9596,0.9714,1036800,0.1997
1971-03-18,0.9727,0.9883,0.9727,0.9818,950400,0.2018
1971-03-19,0.9818,0.9883,0.9792,0.9831,921600,0.2021
1971-03-22,0.9831,0.9844,0.9635,0.9779,1094400,0.2010
1971-03-23,0.9740,0.9740,0.9570,0.9622,1238400,0.1978
1971-03-24,0.9622,0.9688,0.9557,0.9688,1113600,0.1991
1971-03-25,0.9688,0.9701,0.9583,0.9596,806400,0.1973
1971-03-26,0.9609,0.9766,0.9609,0.9740,1766400,0.2002
1971-03-29,0.9740,0.9870,0.9740,0.9870,1708800,0.2029
1971-03-30,0.9870,0.9896,0.9805,0.9844,441600,0.2024
1971-03-31,0.9844,0.9870,0.9818,0.9818,604800,0.2018
1971-04-01,0.9857,0.9896,0.9857,0.9896,969600,0.2034
1971-04-02,0.9896,0.9909,0.9857,0.9857,1833600,0.2026
1971-04-05,0.9857,0.9974,0.9805,0.9935,1171200,0.2042
1971-04-06,0.9948,1.0104,0.9948,1.0104,1094400,0.2077
1971-04-07,1.0104,1.0182,1.0065,1.0182,988800,0.2093
1971-04-08,1.0182,1.0469,1.0182,1.0469,950400,0.2152
1971-04-12,1.0521,1.0938,1.0521,1.0859,1478400,0.2232
1971-04-13,1.0859,1.0924,1.0547,1.0547,2064000,0.2168
1971-04-14,1.0456,1.0456,1.0260,1.0313,1843200,0.2120
1971-04-15,1.0313,1.0417,1.0313,1.0313,1142400,0.2120
1971-04-16,1.0313,1.0339,1.0208,1.0260,2630400,0.2109
1971-04-19,1.0260,1.0339,1.0234,1.0339,1065600,0.2125
1971-04-20,1.0339,1.0391,1.0208,1.0208,988800,0.2099
1971-04-21,1.0208,1.0208,1.0156,1.0156,1219200,0.2088
1971-04-22,1.0156,1.0260,1.0026,1.0026,1891200,0.2061
1971-04-23,1.0026,1.0052,1.0000,1.0039,1363200,0.2064
1971-04-26,1.0117,1.0208,1.0117,1.0208,1132800,0.2099
1971-04-27,1.0208,1.0208,1.0156,1.0169,1862400,0.2090
1971-04-28,1.0169,1.0195,1.0117,1.0156,1113600,0.2088
1971-04-29,1.0156,1.0208,1.0104,1.0130,2649600,0.2082
1971-04-30,1.0104,1.0104,0.9974,1.0013,1056000,0.2058
1971-05-03,1.0000,1.0000,0.9961,1.0000,921600,0.2056
1971-05-04,1.0000,1.0104,0.9961,1.0104,1651200,0.2077
1971-05-05,1.0104,1.0156,1.0052,1.0156,2188800,0.2088
1971-05-06,1.0156,1.0234,1.0130,1.0208,2419200,0.2099
1971-05-07,1.0208,1.0247,1.0156,1.0234,1833600,0.2104
1971-05-10,1.0234,1.0286,1.0208,1.0234,528000,0.2104
1971-05-11,1.0234,1.0469,1.0234,1.0443,1747200,0.2147
1971-05-12,1.0469,1.0664,1.0469,1.0521,1737600,0.2163
1971-05-13,1.0521,1.0586,1.0391,1.0547,1305600,0.2168
1971-05-14,1.0547,1.0729,1.0547,1.0625,816000,0.2184
1971-05-17,1.0612,1.0612,1.0286,1.0313,883200,0.2120
1971-05-18,1.0313,1.0417,1.0234,1.0365,979200,0.2131
1971-05-19,1.0365,1.0456,1.0365,1.0417,1065600,0.2141
1971-05-20,1.0417,1.0495,1.0391,1.0495,806400,0.2157
1971-05-21,1.0495,1.0677,1.0495,1.0599,1286400,0.2179
1971-05-24,1.0573,1.0573,1.0417,1.0456,1382400,0.2149
1971-05-25,1.0417,1.0417,1.0286,1.0339,1372800,0.2125
1971-05-26,1.0339,1.0443,1.0313,1.0378,979200,0.2133
1971-05-27,1.0391,1.0456,1.0391,1.0430,355200,0.2144
1971-05-28,1.0430,1.0482,1.0417,1.0482,508800,0.2155
1971-06-01,1.0482,1.0495,1.0443,1.0443,1171200,0.2147
1971-06-02,1.0443,1.0521,1.0430,1.0521,1622400,0.2163
1971-06-03,1.0521,1.0651,1.0521,1.0599,1785600,0.2179
1971-06-04,1.0599,1.0729,1.0547,1.0716,1075200,0.2203
1971-06-07,1.0781,1.0885,1.0781,1.0872,844800,0.2235
1971-06-08,1.0872,1.0872,1.0807,1.0807,662400,0.2230
1971-06-09,1.0807,1.0833,1.0703,1.0729,1113600,0.2214
1971-06-10,1.0729,1.0729,1.0677,1.0729,691200,0.2214
1971-06-11,1.0729,1.0833,1.0729,1.0833,700800,0.2235
1971-06-14,1.0833,1.0859,1.0781,1.0859,585600,0.2241
1971-06-15,1.0859,1.0898,1.0833,1.0885,508800,0.2246
1971-06-16,1.0885,1.0938,1.0833,1.0846,2582400,0.2238
1971-06-17,1.0846,1.0924,1.0729,1.0729,1200000,0.2214
1971-06-18,1.0703,1.0703,1.0417,1.0417,700800,0.2149
1971-06-21,1.0417,1.0495,1.0339,1.0495,1411200,0.2166
1971-06-22,1.0495,1.0560,1.0430,1.0521,768000,0.2171
1971-06-23,1.0521,1.0573,1.0495,1.0534,2649600,0.2174
1971-06-24,1.0534,1.0547,1.0443,1.0508,796800,0.2168
1971-06-25,1.0508,1.0521,1.0365,1.0443,355200,0.2155
1971-06-28,1.0443,1.0469,1.0417,1.0469,1296000,0.2160
1971-06-29,1.0495,1.0651,1.0495,1.0573,1161600,0.2182
1971-06-30,1.0573,1.0703,1.0521,1.0690,921600,0.2206
1971-07-01,1.0703,1.0794,1.0703,1.0781,1891200,0.2225
1971-07-02,1.0781,1.0833,1.0742,1.0807,662400,0.2230
1971-07-06,1.0807,1.0807,1.0625,1.0729,633600,0.2214
1971-07-07,1.0729,1.0729,1.0651,1.0677,393600,0.2203
1971-07-08,1.0677,1.0677,1.0599,1.0625,518400,0.2192
1971-07-09,1.0625,1.0625,1.0469,1.0521,1776000,0.2171
1971-07-12,1.0521,1.0573,1.0495,1.0508,566400,0.2168
1971-07-13,1.0508,1.0508,1.0365,1.0404,624000,0.2147
1971-07-14,1.0404,1.0443,1.0156,1.0260,9004800,0.2117
1971-07-15,1.0339,1.0495,1.0339,1.0482,2112000,0.2163
1971-07-16,1.0482,1.0573,1.0469,1.0495,3206400,0.2166
1971-07-19,1.0547,1.0651,1.0547,1.0625,460800,0.2192
1971-07-20,1.0651,1.0807,1.0651,1.0742,1132800,0.2217
1971-07-21,1.0742,1.0807,1.0742,1.0755,777600,0.2219
1971-07-22,1.0755,1.0781,1.0703,1.0755,748800,0.2219
1971-07-23,1.0755,1.0755,1.0729,1.0755,470400,0.2219
1971-07-26,1.0755,1.0781,1.0729,1.0729,854400,0.2214
1971-07-27,1.0703,1.0703,1.0625,1.0625,988800,0.2192
1971-07-28,1.0625,1.0651,1.0534,1.0547,1123200,0.2176
1971-07-29,1.0508,1.0508,1.0313,1.0378,1747200,0.2141
1971-07-30,1.0378,1.0417,1.0352,1.0404,1132800,0.2147
1971-08-02,1.0404,1.0456,1.0391,1.0391,1315200,0.2144
1971-08-03,1.0391,1.0430,1.0313,1.0339,1017600,0.2133
1971-08-04,1.0339,1.0404,1.0339,1.0378,1094400,0.2141
1971-08-05,1.0391,1.0443,1.0391,1.0443,969600,0.2155
1971-08-06,1.0495,1.0612,1.0495,1.0534,1593600,0.2174
1971-08-09,1.0534,1.0573,1.0495,1.0521,672000,0.2171
1971-08-10,1.0521,1.0560,1.0482,1.0521,912000,0.2171
1971-08-11,1.0573,1.0625,1.0573,1.0625,969600,0.2192
1971-08-12,1.0625,1.0625,1.0586,1.0625,739200,0.2192
1971-08-13,1.0625,1.0664,1.0599,1.0625,518400,0.2192
1971-08-16,1.0729,1.0938,1.0729,1.0807,4070400,0.2230
1971-08-17,1.0807,1.0833,1.0625,1.0625,2323200,0.2192
1971-08-18,1.0625,1.0625,1.0521,1.0573,2409600,0.2182
1971-08-19,1.0573,1.0664,1.0495,1.0625,1814400,0.2192
1971-08-20,1.0625,1.0885,1.0625,1.0885,2947200,0.2246
1971-08-23,1.0885,1.1250,1.0859,1.1250,3110400,0.2321
1971-08-24,1.1276,1.1432,1.1276,1.1315,2419200,0.2335
1971-08-25,1.1315,1.1354,1.1250,1.1276,1584000,0.2327
1971-08-26,1.1276,1.1328,1.1198,1.1198,1497600,0.2311
1971-08-27,1.1211,1.1341,1.1211,1.1341,940800,0.2340
1971-08-30,1.1341,1.1341,1.1289,1.1341,585600,0.2340
1971-08-31,1.1341,1.1354,1.1276,1.1354,854400,0.2343
1971-09-01,1.1354,1.1367,1.1302,1.1328,1094400,0.2338
1971-09-02,1.1328,1.1328,1.1302,1.1302,604800,0.2332
1971-09-03,1.1302,1.1354,1.1302,1.1354,499200,0.2343
1971-09-07,1.1354,1.1484,1.1328,1.1380,1824000,0.2348
1971-09-08,1.1380,1.1406,1.1276,1.1380,921600,0.2348
1971-09-09,1.1380,1.1445,1.1354,1.1380,422400,0.2348
1971-09-10,1.1289,1.1289,1.1120,1.1224,604800,0.2324
1971-09-13,1.1224,1.1302,1.1094,1.1146,528000,0.2308
1971-09-14,1.1146,1.1146,1.1016,1.1016,969600,0.2281
1971-09-15,1.1016,1.1185,1.0990,1.1185,758400,0.2316
1971-09-16,1.1185,1.1185,1.0990,1.1094,892800,0.2297
1971-09-17,1.1094,1.1172,1.1081,1.1120,940800,0.2303
1971-09-20,1.1146,1.1224,1.1146,1.1172,201600,0.2314
1971-09-21,1.1172,1.1224,1.1042,1.1107,537600,0.2300
1971-09-22,1.1107,1.1133,1.1016,1.1133,1046400,0.2306
1971-09-23,1.1133,1.1133,1.0977,1.1094,1708800,0.2297
1971-09-24,1.1146,1.1302,1.1146,1.1224,710400,0.2324
1971-09-27,1.1198,1.1198,1.1133,1.1146,480000,0.2308
1971-09-28,1.1146,1.1172,1.1120,1.1146,528000,0.2308
1971-09-29,1.1146,1.1224,1.1107,1.1224,748800,0.2324
1971-09-30,1.1224,1.1328,1.1224,1.1302,489600,0.2341
1971-10-01,1.1302,1.1458,1.1302,1.1432,1622400,0.2368
1971-10-04,1.1510,1.1589,1.1510,1.1589,1113600,0.2400
1971-10-05,1.1589,1.1628,1.1510,1.1589,508800,0.2400
1971-10-06,1.1589,1.1615,1.1510,1.1615,604800,0.2405
1971-10-07,1.1628,1.1823,1.1628,1.1823,470400,0.2449
1971-10-08,1.1823,1.1901,1.1823,1.1901,1065600,0.2465
1971-10-11,1.1901,1.1914,1.1797,1.1797,441600,0.2443
1971-10-12,1.1667,1.1667,1.1406,1.1406,1238400,0.2362
1971-10-13,1.1406,1.1432,1.1328,1.1380,854400,0.2357
1971-10-14,1.1328,1.1328,1.1120,1.1120,1267200,0.2303
1971-10-15,1.1120,1.1211,1.1094,1.1211,1094400,0.2322
1971-10-18,1.1224,1.1302,1.1224,1.1224,1267200,0.2324
1971-10-19,1.1198,1.1198,1.1094,1.1198,940800,0.2319
1971-10-20,1.1198,1.1198,1.1107,1.1146,2083200,0.2308
1971-10-21,1.1146,1.1250,1.1146,1.1250,1478400,0.2330
1971-10-22,1.1302,1.1563,1.1302,1.1510,2659200,0.2384
1971-10-25,1.1510,1.1510,1.1354,1.1354,720000,0.2351
1971-10-26,1.1354,1.1406,1.1250,1.1250,902400,0.2330
1971-10-27,1.1250,1.1276,1.1198,1.1198,748800,0.2319
1971-10-28,1.1198,1.1302,1.1042,1.1302,1430400,0.2341
1971-10-29,1.1302,1.1406,1.1276,1.1354,1334400,0.2351
1971-11-01,1.1354,1.1406,1.1302,1.1302,681600,0.2341
1971-11-02,1.1302,1.1328,1.1276,1.1315,1315200,0.2343
1971-11-03,1.1354,1.1563,1.1354,1.1563,1334400,0.2395
1971-11-04,1.1615,1.1693,1.1615,1.1615,1401600,0.2405
1971-11-05,1.1615,1.1628,1.1484,1.1628,729600,0.2408
1971-11-08,1.1628,1.1693,1.1589,1.1667,278400,0.2416
1971-11-09,1.1667,1.1745,1.1667,1.1745,1094400,0.2432
1971-11-10,1.1745,1.1771,1.1615,1.1615,566400,0.2405
1971-11-11,1.1563,1.1563,1.1146,1.1146,681600,0.2308
1971-11-12,1.1146,1.1250,1.1120,1.1198,1353600,0.2319
1971-11-15,1.1198,1.1198,1.1055,1.1081,1123200,0.2295
1971-11-16,1.1081,1.1120,1.0990,1.1120,787200,0.2303
1971-11-17,1.1120,1.1172,1.0977,1.1146,739200,0.2308
1971-11-18,1.1172,1.1250,1.1172,1.1172,556800,0.2314
1971-11-19,1.1172,1.1250,1.0833,1.0938,2102400,0.2265
1971-11-22,1.0938,1.0990,1.0885,1.0885,1507200,0.2254
1971-11-23,1.0885,1.0990,1.0833,1.0990,1190400,0.2276
1971-11-24,1.0990,1.1016,1.0911,1.0964,835200,0.2279
1971-11-26,1.1003,1.1276,1.1003,1.1276,441600,0.2344
1971-11-29,1.1276,1.1445,1.1250,1.1328,1353600,0.2355
1971-11-30,1.1302,1.1302,1.1172,1.1276,988800,0.2344
1971-12-01,1.1276,1.1458,1.1276,1.1458,1411200,0.2382
1971-12-02,1.1458,1.1693,1.1458,1.1667,2044800,0.2425
1971-12-03,1.1745,1.1849,1.1745,1.1797,950400,0.2452
1971-12-06,1.1797,1.1875,1.1615,1.1615,902400,0.2414
1971-12-07,1.1589,1.1589,1.1354,1.1536,1411200,0.2398
1971-12-08,1.1563,1.1706,1.1563,1.1641,556800,0.2420
1971-12-09,1.1641,1.1771,1.1641,1.1771,729600,0.2447
1971-12-10,1.1823,1.1979,1.1823,1.1979,1372800,0.2490
1971-12-13,1.1979,1.2109,1.1979,1.1979,1228800,0.2490
1971-12-14,1.1979,1.2057,1.1914,1.1979,864000,0.2490
1971-12-15,1.1979,1.1979,1.1901,1.1940,1324800,0.2482
1971-12-16,1.1940,1.2031,1.1901,1.1927,1881600,0.2479
1971-12-17,1.1927,1.2135,1.1797,1.2083,1507200,0.2512
1971-12-20,1.2266,1.2383,1.2266,1.2383,1545600,0.2574
1971-12-21,1.2500,1.2995,1.2500,1.2969,2150400,0.2696
1971-12-22,1.2969,1.2969,1.2786,1.2852,1152000,0.2672
1971-12-23,1.2852,1.2878,1.2422,1.2487,1152000,0.2596
1971-12-27,1.2487,1.2526,1.2422,1.2422,576000,0.2582
1971-12-28,1.2422,1.2487,1.2318,1.2487,576000,0.2596
1971-12-29,1.2500,1.2656,1.2500,1.2500,873600,0.2598
1971-12-30,1.2500,1.2604,1.2422,1.2422,576000,0.2582
1971-12-31,1.2526,1.2708,1.2526,1.2708,633600,0.2642
1972-01-03,1.2682,1.2682,1.2552,1.2552,566400,0.2609
1972-01-04,1.2552,1.2617,1.2474,1.2578,816000,0.2615
1972-01-05,1.2578,1.2604,1.2500,1.2500,1180800,0.2598
1972-01-06,1.2461,1.2461,1.2109,1.2161,1948800,0.2528
1972-01-07,1.2161,1.2188,1.2018,1.2083,1728000,0.2512
1972-01-10,1.2161,1.2292,1.2161,1.2214,1123200,0.2539
1972-01-11,1.2240,1.2448,1.2240,1.2344,547200,0.2566
1972-01-12,1.2344,1.2396,1.2292,1.2305,892800,0.2558
1972-01-13,1.2266,1.2266,1.2057,1.2083,1382400,0.2512
1972-01-14,1.2083,1.2109,1.2018,1.2109,585600,0.2517
1972-01-17,1.2083,1.2083,1.1901,1.2018,739200,0.2498
1972-01-18,1.2018,1.2057,1.1979,1.2005,806400,0.2496
1972-01-19,1.2005,1.2031,1.1940,1.1979,1440000,0.2490
1972-01-20,1.1953,1.1953,1.1719,1.1745,1353600,0.2441
1972-01-21,1.1797,1.1979,1.1797,1.1927,1084800,0.2479
1972-01-24,1.1927,1.2109,1.1927,1.2083,892800,0.2512
1972-01-25,1.2083,1.2188,1.2018,1.2188,1200000,0.2533
1972-01-26,1.2188,1.2266,1.2109,1.2161,988800,0.2528
1972-01-27,1.2161,1.2240,1.2161,1.2201,604800,0.2536
1972-01-28,1.2201,1.2292,1.2109,1.2292,691200,0.2555
1972-01-31,1.2305,1.2552,1.2305,1.2474,1075200,0.2593
1972-02-01,1.2474,1.2630,1.2435,1.2500,1468800,0.2598
1972-02-02,1.2552,1.2839,1.2552,1.2839,1622400,0.2669
1972-02-03,1.2839,1.2904,1.2813,1.2839,1209600,0.2669
1972-02-04,1.2839,1.2917,1.2813,1.2839,604800,0.2669
1972-02-07,1.2813,1.2813,1.2656,1.2656,1507200,0.2631
1972-02-08,1.2695,1.2813,1.2695,1.2760,518400,0.2653
1972-02-09,1.2760,1.2852,1.2708,1.2852,777600,0.2672
1972-02-10,1.2852,1.2917,1.2760,1.2760,1008000,0.2653
1972-02-11,1.2760,1.2891,1.2760,1.2891,854400,0.2680
1972-02-14,1.2891,1.2943,1.2813,1.2943,806400,0.2690
1972-02-15,1.2943,1.3073,1.2917,1.3047,1132800,0.2712
1972-02-16,1.3125,1.3307,1.3125,1.3281,1996800,0.2761
1972-02-17,1.3281,1.3385,1.3255,1.3281,931200,0.2761
1972-02-18,1.3255,1.3255,1.3073,1.3125,595200,0.2728
1972-02-22,1.3125,1.3151,1.3047,1.3073,556800,0.2718
1972-02-23,1.3073,1.3125,1.3047,1.3099,624000,0.2723
1972-02-24,1.3099,1.3099,1.2917,1.2969,1036800,0.2696
1972-02-25,1.2969,1.3021,1.2969,1.3021,1257600,0.2707
1972-02-28,1.3021,1.3021,1.2943,1.2943,835200,0.2690
1972-02-29,1.2943,1.3008,1.2943,1.3008,710400,0.2704
1972-03-01,1.3047,1.3177,1.3047,1.3177,1286400,0.2739
1972-03-02,1.3190,1.3307,1.3190,1.3281,1545600,0.2761
1972-03-03,1.3281,1.3333,1.3281,1.3294,739200,0.2764
1972-03-06,1.3294,1.3424,1.3294,1.3411,1497600,0.2788
1972-03-07,1.3411,1.3438,1.3346,1.3438,979200,0.2793
1972-03-08,1.3438,1.3828,1.3438,1.3828,1315200,0.2875
1972-03-09,1.3828,1.3997,1.3776,1.3971,1132800,0.2904
1972-03-10,1.3958,1.3958,1.3646,1.3672,979200,0.2851
1972-03-13,1.3464,1.3464,1.3125,1.3151,2361600,0.2742
1972-03-14,1.3151,1.3229,1.3125,1.3229,1728000,0.2758
1972-03-15,1.3229,1.3229,1.3099,1.3099,902400,0.2731
1972-03-16,1.3099,1.3125,1.2969,1.3047,1296000,0.2720
1972-03-17,1.3047,1.3073,1.2930,1.3021,1939200,0.2715
1972-03-20,1.3021,1.3151,1.2982,1.3099,979200,0.2731
1972-03-21,1.3099,1.3099,1.2995,1.3073,787200,0.2726
1972-03-22,1.3073,1.3229,1.3047,1.3203,508800,0.2753
1972-03-23,1.3203,1.3333,1.3177,1.3333,796800,0.2780
1972-03-24,1.3333,1.3438,1.3333,1.3438,1161600,0.2802
1972-03-27,1.3438,1.3438,1.3203,1.3333,460800,0.2780
1972-03-28,1.3333,1.3333,1.3229,1.3268,1065600,0.2767
1972-03-29,1.3268,1.3281,1.3021,1.3073,768000,0.2726
1972-03-30,1.3073,1.3125,1.2995,1.3125,1123200,0.2737
1972-04-03,1.3125,1.3151,1.3021,1.3099,854400,0.2731
1972-04-04,1.3099,1.3138,1.3021,1.3125,883200,0.2737
1972-04-05,1.3255,1.3359,1.3255,1.3268,1276800,0.2767
1972-04-06,1.3268,1.3333,1.3203,1.3203,691200,0.2753
1972-04-07,1.3203,1.3438,1.3203,1.3411,1401600,0.2796
1972-04-10,1.3464,1.3542,1.3464,1.3490,1977600,0.2813
1972-04-11,1.3490,1.3620,1.3411,1.3568,2102400,0.2829
1972-04-12,1.3568,1.3594,1.3516,1.3594,1497600,0.2834
1972-04-13,1.3646,1.3828,1.3646,1.3828,537600,0.2883
1972-04-14,1.3828,1.3854,1.3724,1.3750,1200000,0.2867
1972-04-17,1.3750,1.3828,1.3711,1.3828,873600,0.2883
1972-04-18,1.3828,1.3854,1.3776,1.3828,777600,0.2883
1972-04-19,1.3828,1.3828,1.3620,1.3646,902400,0.2845
1972-04-20,1.3620,1.3620,1.3333,1.3385,1468800,0.2791
1972-04-21,1.3385,1.3438,1.3281,1.3307,777600,0.2775
1972-04-24,1.3307,1.3359,1.3073,1.3125,1680000,0.2737
1972-04-25,1.3047,1.3047,1.2969,1.2995,1766400,0.2710
1972-04-26,1.2995,1.3229,1.2917,1.3177,768000,0.2748
1972-04-27,1.3229,1.3333,1.3229,1.3307,576000,0.2775
1972-04-28,1.3307,1.3581,1.3281,1.3581,681600,0.2832
1972-05-01,1.3581,1.3646,1.3542,1.3542,1152000,0.2824
1972-05-02,1.3516,1.3516,1.3255,1.3281,7824000,0.2769
1972-05-03,1.3281,1.3411,1.3229,1.3333,777600,0.2780
1972-05-04,1.3333,1.3333,1.3203,1.3203,988800,0.2753
1972-05-05,1.3203,1.3255,1.3125,1.3255,796800,0.2764
1972-05-08,1.3229,1.3229,1.3125,1.3125,480000,0.2737
1972-05-09,1.3125,1.3177,1.2891,1.3177,1660800,0.2748
1972-05-10,1.3177,1.3281,1.3177,1.3177,2112000,0.2748
1972-05-11,1.3229,1.3438,1.3229,1.3424,432000,0.2799
1972-05-12,1.3424,1.3490,1.3385,1.3438,1036800,0.2802
1972-05-15,1.3438,1.3503,1.3411,1.3464,758400,0.2807
1972-05-16,1.3464,1.3490,1.3438,1.3464,537600,0.2807
1972-05-17,1.3464,1.3490,1.3411,1.3411,873600,0.2796
1972-05-18,1.3411,1.3438,1.3333,1.3385,835200,0.2791
1972-05-19,1.3385,1.3542,1.3359,1.3529,2246400,0.2821
1972-05-22,1.3607,1.3698,1.3607,1.3607,1440000,0.2837
1972-05-23,1.3607,1.3672,1.3464,1.3490,3052800,0.2813
1972-05-24,1.3490,1.3750,1.3490,1.3594,1680000,0.2834
1972-05-25,1.3594,1.3711,1.3594,1.3711,921600,0.2859
1972-05-26,1.3711,1.3828,1.3698,1.3802,1046400,0.2878
1972-05-30,1.3802,1.3880,1.3802,1.3854,1017600,0.2889
1972-05-31,1.3854,1.3880,1.3802,1.3841,1084800,0.2886
1972-06-01,1.3841,1.3880,1.3750,1.3776,748800,0.2872
1972-06-02,1.3750,1.3750,1.3698,1.3724,393600,0.2862
1972-06-05,1.3724,1.3750,1.3672,1.3698,662400,0.2856
1972-06-06,1.3646,1.3646,1.3555,1.3581,768000,0.2832
1972-06-07,1.3516,1.3516,1.3411,1.3516,1420800,0.2818
1972-06-08,1.3490,1.3490,1.3411,1.3490,537600,0.2822
1972-06-09,1.3464,1.3464,1.3359,1.3438,748800,0.2811
1972-06-12,1.3438,1.3464,1.3307,1.3333,556800,0.2789
1972-06-13,1.3333,1.3385,1.3320,1.3333,1507200,0.2789
1972-06-14,1.3333,1.3464,1.3333,1.3438,1862400,0.2811
1972-06-15,1.3438,1.3464,1.3385,1.3438,931200,0.2811
1972-06-16,1.3464,1.3542,1.3464,1.3516,931200,0.2827
1972-06-19,1.3516,1.3620,1.3490,1.3620,1075200,0.2849
1972-06-20,1.3646,1.3750,1.3646,1.3724,1142400,0.2871
1972-06-21,1.3776,1.3906,1.3776,1.3854,2160000,0.2898
1972-06-22,1.3854,1.3906,1.3802,1.3854,451200,0.2898
1972-06-23,1.3854,1.3932,1.3815,1.3880,1776000,0.2903
1972-06-26,1.3880,1.3880,1.3815,1.3880,931200,0.2903
1972-06-27,1.3880,1.3906,1.3854,1.3854,739200,0.2898
1972-06-28,1.3854,1.3854,1.3802,1.3854,585600,0.2898
1972-06-29,1.3854,1.3880,1.3802,1.3854,633600,0.2898
1972-06-30,1.3854,1.3906,1.3854,1.3906,1056000,0.2909
1972-07-03,1.3906,1.3932,1.3893,1.3932,326400,0.2914
1972-07-05,1.3958,1.4076,1.3958,1.4076,950400,0.2944
1972-07-06,1.4271,1.4401,1.4271,1.4323,1977600,0.2996
1972-07-07,1.4323,1.4375,1.4141,1.4219,720000,0.2974
1972-07-10,1.4219,1.4219,1.4089,1.4193,422400,0.2969
1972-07-11,1.4193,1.4245,1.4141,1.4141,3436800,0.2958
1972-07-12,1.4141,1.4219,1.4115,1.4115,672000,0.2952
1972-07-13,1.4115,1.4193,1.3971,1.4089,1104000,0.2947
1972-07-14,1.4089,1.4245,1.4089,1.4115,2265600,0.2952
1972-07-17,1.4115,1.4193,1.4115,1.4180,384000,0.2966
1972-07-18,1.4180,1.4219,1.4115,1.4219,595200,0.2974
1972-07-19,1.4219,1.4219,1.4089,1.4089,595200,0.2947
1972-07-20,1.4089,1.4167,1.4089,1.4167,585600,0.2963
1972-07-21,1.4193,1.4297,1.4193,1.4297,1142400,0.2991
1972-07-24,1.4297,1.4479,1.4271,1.4479,1113600,0.3029
1972-07-25,1.4479,1.4661,1.4414,1.4635,1574400,0.3061
1972-07-26,1.4635,1.4688,1.4583,1.4661,1440000,0.3067
1972-07-27,1.4844,1.5195,1.4844,1.5130,1593600,0.3165
1972-07-28,1.5052,1.5052,1.4896,1.4948,1190400,0.3127
1972-07-31,1.4922,1.4922,1.4766,1.4792,326400,0.3094
1972-08-01,1.5026,1.5313,1.5026,1.5313,2217600,0.3203
1972-08-02,1.5313,1.5313,1.5156,1.5182,1190400,0.3176
1972-08-03,1.5182,1.5208,1.5026,1.5026,576000,0.3143
1972-08-04,1.5026,1.5052,1.4740,1.4766,1017600,0.3089
1972-08-07,1.4766,1.4792,1.4688,1.4766,4502400,0.3089
1972-08-08,1.4766,1.4844,1.4740,1.4818,979200,0.3099
1972-08-09,1.4831,1.4896,1.4831,1.4896,604800,0.3116
1972-08-10,1.4896,1.5078,1.4844,1.5078,633600,0.3154
1972-08-11,1.5078,1.5156,1.5000,1.5156,1257600,0.3170
1972-08-14,1.5156,1.5169,1.5117,1.5117,528000,0.3162
1972-08-15,1.5104,1.5104,1.4922,1.5000,1056000,0.3138
1972-08-16,1.5000,1.5130,1.4922,1.5130,777600,0.3165
1972-08-17,1.5130,1.5130,1.5000,1.5078,1324800,0.3154
1972-08-18,1.5078,1.5182,1.5078,1.5156,700800,0.3170
1972-08-21,1.5156,1.5234,1.5104,1.5104,508800,0.3159
1972-08-22,1.5104,1.5130,1.5104,1.5130,432000,0.3165
1972-08-23,1.5130,1.5156,1.5078,1.5104,768000,0.3159
1972-08-24,1.5104,1.5104,1.4974,1.5000,643200,0.3138
1972-08-25,1.4792,1.4792,1.4349,1.4557,1814400,0.3045
1972-08-28,1.4557,1.4583,1.4453,1.4505,336000,0.3034
1972-08-29,1.4505,1.4688,1.4479,1.4688,432000,0.3072
1972-08-30,1.4688,1.4714,1.4635,1.4714,508800,0.3078
1972-08-31,1.4714,1.4714,1.4635,1.4714,547200,0.3078
1972-09-01,1.4714,1.4766,1.4714,1.4766,854400,0.3089
1972-09-05,1.4753,1.4753,1.4635,1.4688,1315200,0.3072
1972-09-06,1.4661,1.4661,1.4596,1.4596,422400,0.3053
1972-09-07,1.4596,1.4622,1.4531,1.4557,624000,0.3045
1972-09-08,1.4518,1.4518,1.4401,1.4401,326400,0.3021
1972-09-11,1.4401,1.4453,1.4297,1.4297,729600,0.2999
1972-09-12,1.4271,1.4271,1.3932,1.4010,1459200,0.2939
1972-09-13,1.4010,1.4063,1.3984,1.4063,748800,0.2950
1972-09-14,1.4063,1.4089,1.4023,1.4049,681600,0.2947
1972-09-15,1.4036,1.4036,1.3880,1.3906,892800,0.2917
1972-09-18,1.3906,1.3906,1.3711,1.3724,1104000,0.2879
1972-09-19,1.3724,1.3841,1.3711,1.3802,2044800,0.2896
1972-09-20,1.3802,1.3880,1.3776,1.3828,1171200,0.2901
1972-09-21,1.3854,1.3958,1.3854,1.3958,1257600,0.2928
1972-09-22,1.3984,1.4115,1.3984,1.4115,1420800,0.2961
1972-09-25,1.4115,1.4141,1.4010,1.4010,268800,0.2939
1972-09-26,1.4036,1.4271,1.4036,1.4193,1075200,0.2977
1972-09-27,1.4245,1.4427,1.4245,1.4427,595200,0.3027
1972-09-28,1.4427,1.4635,1.4427,1.4635,1027200,0.3070
1972-09-29,1.4661,1.4935,1.4661,1.4688,1440000,0.3081
1972-10-02,1.4557,1.4557,1.4479,1.4492,748800,0.3040
1972-10-03,1.4492,1.4570,1.4479,1.4557,364800,0.3054
1972-10-04,1.4557,1.4583,1.4479,1.4479,700800,0.3038
1972-10-05,1.4427,1.4427,1.4193,1.4245,1094400,0.2988
1972-10-06,1.4245,1.4531,1.4193,1.4427,614400,0.3027
1972-10-09,1.4427,1.4531,1.4427,1.4505,528000,0.3043
1972-10-10,1.4557,1.4727,1.4557,1.4688,1094400,0.3081
1972-10-11,1.4688,1.4766,1.4583,1.4609,748800,0.3065
1972-10-12,1.4596,1.4596,1.4297,1.4323,825600,0.3005
1972-10-13,1.4323,1.4375,1.4219,1.4219,624000,0.2983
1972-10-16,1.4219,1.4297,1.4063,1.4154,1478400,0.2969
1972-10-17,1.4154,1.4193,1.4089,1.4115,931200,0.2961
1972-10-18,1.4115,1.4193,1.4089,1.4167,1094400,0.2972
1972-10-19,1.4167,1.4167,1.4115,1.4167,480000,0.2972
1972-10-20,1.4167,1.4375,1.4115,1.4375,768000,0.3016
1972-10-23,1.4583,1.4661,1.4583,1.4661,1094400,0.3076
1972-10-24,1.4661,1.4792,1.4583,1.4792,1344000,0.3103
1972-10-25,1.4792,1.4896,1.4740,1.4766,912000,0.3098
1972-10-26,1.4818,1.4948,1.4818,1.4844,1084800,0.3114
1972-10-27,1.4844,1.4896,1.4818,1.4896,537600,0.3125
1972-10-30,1.4896,1.5026,1.4896,1.5026,633600,0.3152
1972-10-31,1.5000,1.5000,1.4922,1.4974,825600,0.3141
1972-11-01,1.4974,1.5000,1.4896,1.4922,1084800,0.3130
1972-11-02,1.4922,1.4922,1.4661,1.4688,1833600,0.3081
1972-11-03,1.4688,1.4922,1.4661,1.4896,1996800,0.3125
1972-11-06,1.4896,1.5000,1.4896,1.4948,883200,0.3136
1972-11-08,1.4948,1.5039,1.4766,1.4766,1027200,0.3098
1972-11-09,1.4714,1.4714,1.4505,1.4688,1670400,0.3081
1972-11-10,1.4688,1.4766,1.4661,1.4688,2131200,0.3081
1972-11-13,1.4688,1.4688,1.4557,1.4609,1545600,0.3065
1972-11-14,1.4609,1.4792,1.4609,1.4792,902400,0.3103
1972-11-15,1.4792,1.4935,1.4792,1.4909,1017600,0.3128
1972-11-16,1.4909,1.4974,1.4792,1.4974,1209600,0.3141
1972-11-17,1.4974,1.4974,1.4844,1.4948,2419200,0.3136
1972-11-20,1.4948,1.4987,1.4870,1.4948,816000,0.3136
1972-11-21,1.4974,1.5052,1.4974,1.5000,1612800,0.3147
1972-11-22,1.5000,1.5000,1.4896,1.4948,1075200,0.3136
1972-11-24,1.4948,1.5026,1.4922,1.5000,1171200,0.3147
1972-11-27,1.4922,1.4922,1.4792,1.4870,2908800,0.3128
1972-11-28,1.4870,1.4974,1.4818,1.4974,873600,0.3150
1972-11-29,1.4974,1.5078,1.4948,1.4948,1171200,0.3145
1972-11-30,1.4948,1.4948,1.4818,1.4844,777600,0.3123
1972-12-01,1.4844,1.4922,1.4844,1.4870,1612800,0.3128
1972-12-04,1.4870,1.5104,1.4844,1.5104,1824000,0.3178
1972-12-05,1.5104,1.5208,1.5065,1.5208,1113600,0.3200
1972-12-06,1.5208,1.5208,1.5104,1.5208,1315200,0.3200
1972-12-07,1.5234,1.5339,1.5234,1.5339,499200,0.3227
1972-12-08,1.5339,1.5443,1.5313,1.5313,758400,0.3222
1972-12-11,1.5313,1.5326,1.5221,1.5286,2611200,0.3216
1972-12-12,1.5286,1.5547,1.5273,1.5521,3004800,0.3265
1972-12-13,1.5521,1.5547,1.5417,1.5521,940800,0.3265
1972-12-14,1.5521,1.5547,1.5469,1.5495,547200,0.3260
1972-12-15,1.5495,1.5521,1.5417,1.5417,1872000,0.3244
1972-12-18,1.5417,1.5443,1.5286,1.5365,1718400,0.3233
1972-12-19,1.5365,1.5417,1.5234,1.5234,1555200,0.3205
1972-12-20,1.5130,1.5130,1.5026,1.5078,1440000,0.3172
1972-12-21,1.5078,1.5078,1.5026,1.5026,1094400,0.3161
1972-12-22,1.5026,1.5182,1.5026,1.5182,480000,0.3194
1972-12-26,1.5182,1.5195,1.5104,1.5130,2812800,0.3183
1972-12-27,1.5130,1.5234,1.5104,1.5234,1075200,0.3205
1972-12-29,1.5417,1.5599,1.5417,1.5469,1756800,0.3254
1973-01-02,1.5456,1.5456,1.5221,1.5273,1008000,0.3213
1973-01-03,1.5273,1.5443,1.5234,1.5443,1526400,0.3249
1973-01-04,1.5443,1.5573,1.5365,1.5573,1238400,0.3276
1973-01-05,1.5573,1.5599,1.5443,1.5495,2064000,0.3260
1973-01-08,1.5469,1.5469,1.5339,1.5417,2428800,0.3244
1973-01-09,1.5417,1.5443,1.5365,1.5443,950400,0.3249
1973-01-10,1.5430,1.5430,1.5130,1.5130,873600,0.3183
1973-01-11,1.5156,1.5417,1.5156,1.5417,2169600,0.3244
1973-01-12,1.5417,1.5456,1.5234,1.5273,1555200,0.3213
1973-01-15,1.5273,1.5286,1.5104,1.5104,1545600,0.3178
1973-01-16,1.5104,1.5130,1.5065,1.5130,912000,0.3183
1973-01-17,1.5130,1.5260,1.5078,1.5260,3484800,0.3211
1973-01-18,1.5286,1.5391,1.5286,1.5286,1104000,0.3216
1973-01-19,1.5182,1.5182,1.5052,1.5104,1363200,0.3178
1973-01-22,1.5104,1.5286,1.5104,1.5208,1555200,0.3200
1973-01-23,1.5208,1.5365,1.5195,1.5286,2601600,0.3216
1973-01-24,1.5286,1.5352,1.5208,1.5260,969600,0.3211
1973-01-26,1.5260,1.5260,1.5000,1.5052,1372800,0.3167
1973-01-29,1.5052,1.5078,1.4948,1.4974,6000000,0.3150
1973-01-30,1.5000,1.5260,1.5000,1.5104,1459200,0.3178
1973-01-31,1.5130,1.5313,1.5130,1.5182,1142400,0.3194
1973-02-01,1.5156,1.5156,1.4909,1.4948,1200000,0.3145
1973-02-02,1.4948,1.4974,1.4792,1.4948,3110400,0.3145
1973-02-05,1.4974,1.5104,1.4974,1.4974,2236800,0.3150
1973-02-06,1.4974,1.5026,1.4935,1.4935,614400,0.3142
1973-02-07,1.4935,1.5000,1.4922,1.4922,1209600,0.3139
1973-02-08,1.4922,1.4961,1.4870,1.4935,1334400,0.3142
1973-02-09,1.4935,1.5026,1.4922,1.5026,940800,0.3161
1973-02-12,1.5052,1.5365,1.5052,1.5313,1574400,0.3222
1973-02-13,1.5313,1.5469,1.5313,1.5313,11836800,0.3222
1973-02-14,1.5313,1.5365,1.5208,1.5234,748800,0.3205
1973-02-15,1.5234,1.5234,1.5104,1.5104,528000,0.3178
1973-02-16,1.5104,1.5130,1.5052,1.5078,614400,0.3172
1973-02-20,1.5078,1.5182,1.5052,1.5117,1075200,0.3180
1973-02-21,1.5104,1.5104,1.4948,1.4948,940800,0.3145
1973-02-22,1.4948,1.4948,1.4844,1.4896,1228800,0.3134
1973-02-23,1.4896,1.5026,1.4870,1.4896,1728000,0.3134
1973-02-26,1.4714,1.4714,1.4583,1.4635,2227200,0.3079
1973-02-27,1.4635,1.4661,1.4284,1.4310,1046400,0.3011
1973-02-28,1.4310,1.4609,1.4115,1.4609,4492800,0.3074
1973-03-01,1.4609,1.4792,1.4544,1.4557,1670400,0.3063
1973-03-02,1.4557,1.4896,1.4388,1.4896,1267200,0.3134
1973-03-05,1.4909,1.5156,1.4909,1.5104,1929600,0.3178
1973-03-06,1.5234,1.5391,1.5234,1.5391,1363200,0.3238
1973-03-07,1.5391,1.5521,1.5339,1.5521,1113600,0.3265
1973-03-08,1.5521,1.5625,1.5469,1.5534,2188800,0.3268
1973-03-09,1.5534,1.5560,1.5365,1.5443,787200,0.3249
1973-03-12,1.5443,1.5469,1.5313,1.5365,1324800,0.3242
1973-03-13,1.5365,1.5469,1.5313,1.5456,748800,0.3261
1973-03-14,1.5456,1.5573,1.5404,1.5573,1161600,0.3286
1973-03-15,1.5573,1.5573,1.5391,1.5443,1305600,0.3258
1973-03-16,1.5391,1.5391,1.5104,1.5286,1660800,0.3225
1973-03-19,1.5234,1.5234,1.5078,1.5156,1459200,0.3198
1973-03-20,1.5156,1.5260,1.5104,1.5182,1142400,0.3203
1973-03-21,1.5182,1.5260,1.4948,1.4974,1977600,0.3159
1973-03-22,1.4922,1.4922,1.4609,1.4661,1852800,0.3093
1973-03-23,1.4661,1.4896,1.4297,1.4557,2380800,0.3072
1973-03-26,1.4557,1.4583,1.4323,1.4427,2390400,0.3044
1973-03-27,1.4427,1.4583,1.4427,1.4531,1756800,0.3066
1973-03-28,1.4531,1.4583,1.4453,1.4583,1315200,0.3077
1973-03-29,1.4583,1.4583,1.4479,1.4479,1286400,0.3055
1973-03-30,1.4479,1.4557,1.4453,1.4557,1401600,0.3072
1973-04-02,1.4505,1.4505,1.4427,1.4427,883200,0.3044
1973-04-03,1.4375,1.4375,1.4193,1.4271,1382400,0.3011
1973-04-04,1.4271,1.4375,1.4115,1.4323,1372800,0.3022
1973-04-05,1.4323,1.4375,1.4271,1.4323,1190400,0.3022
1973-04-06,1.4349,1.4583,1.4349,1.4557,1315200,0.3072
1973-04-09,1.4557,1.4818,1.4557,1.4818,739200,0.3126
1973-04-10,1.4870,1.5000,1.4870,1.4948,2515200,0.3154
1973-04-11,1.4948,1.4974,1.4870,1.4909,787200,0.3146
1973-04-12,1.4974,1.5078,1.4974,1.5078,1852800,0.3181
1973-04-13,1.5078,1.5104,1.5000,1.5104,1027200,0.3187
1973-04-16,1.5052,1.5052,1.4922,1.4922,806400,0.3148
1973-04-17,1.4922,1.5026,1.4896,1.4935,700800,0.3151
1973-04-18,1.4935,1.4948,1.4870,1.4948,566400,0.3154
1973-04-19,1.4948,1.5026,1.4948,1.5000,921600,0.3165
1973-04-23,1.5000,1.5026,1.4870,1.4870,2121600,0.3137
1973-04-24,1.4714,1.4714,1.4206,1.4206,1987200,0.2997
1973-04-25,1.4193,1.4193,1.4063,1.4089,1852800,0.2973
1973-04-26,1.4089,1.4479,1.4023,1.4479,1862400,0.3055
1973-04-27,1.4479,1.4544,1.4440,1.4479,892800,0.3055
1973-04-30,1.4440,1.4440,1.4297,1.4375,1516800,0.3033
1973-05-01,1.4323,1.4323,1.4193,1.4193,1209600,0.2995
1973-05-02,1.4193,1.4297,1.4193,1.4219,1680000,0.3000
1973-05-03,1.4219,1.4349,1.4167,1.4323,2304000,0.3022
1973-05-04,1.4323,1.4466,1.4271,1.4349,5020800,0.3028
1973-05-07,1.4258,1.4258,1.4023,1.4063,1065600,0.2967
1973-05-08,1.4076,1.4219,1.4076,1.4219,2496000,0.3000
1973-05-09,1.4219,1.4297,1.4167,1.4167,1756800,0.2989
1973-05-10,1.4167,1.4271,1.4063,1.4141,2006400,0.2984
1973-05-11,1.4141,1.4141,1.3958,1.4036,1804800,0.2962
1973-05-14,1.3906,1.3906,1.3659,1.3776,3062400,0.2907
1973-05-15,1.3776,1.3958,1.3659,1.3958,2294400,0.2945
1973-05-16,1.3958,1.4036,1.3932,1.3997,844800,0.2953
1973-05-17,1.3997,1.4089,1.3854,1.3867,1555200,0.2926
1973-05-18,1.3867,1.3906,1.3750,1.3893,1670400,0.2931
1973-05-21,1.3828,1.3828,1.3646,1.3750,1872000,0.2901
1973-05-22,1.3750,1.3958,1.3724,1.3958,1632000,0.2945
1973-05-23,1.3958,1.4115,1.3854,1.4063,883200,0.2967
1973-05-24,1.4063,1.4583,1.4063,1.4557,3302400,0.3072
1973-05-25,1.4557,1.4740,1.4531,1.4688,2649600,0.3099
1973-05-29,1.4688,1.4792,1.4609,1.4792,2390400,0.3121
1973-05-30,1.4792,1.4896,1.4701,1.4870,3014400,0.3137
1973-05-31,1.4818,1.4818,1.4661,1.4661,2044800,0.3093
1973-06-01,1.4635,1.4635,1.4245,1.4245,873600,0.3006
1973-06-04,1.4193,1.4193,1.4036,1.4141,1142400,0.2984
1973-06-05,1.4141,1.4401,1.4115,1.4375,1027200,0.3033
1973-06-06,1.4505,1.4688,1.4505,1.4544,1497600,0.3069
1973-06-07,1.4544,1.4844,1.4544,1.4766,1852800,0.3115
1973-06-08,1.4792,1.4922,1.4792,1.4870,2102400,0.3147
1973-06-11,1.4870,1.4948,1.4740,1.4740,1795200,0.3119
1973-06-12,1.4766,1.4922,1.4766,1.4896,864000,0.3152
1973-06-13,1.4948,1.5143,1.4948,1.5104,2016000,0.3196
1973-06-14,1.5104,1.5286,1.5052,1.5221,1737600,0.3221
1973-06-15,1.5130,1.5130,1.4948,1.5104,1440000,0.3196
1973-06-18,1.5052,1.5052,1.4844,1.4896,1027200,0.3152
1973-06-19,1.4896,1.4896,1.4232,1.4688,2102400,0.3108
1973-06-20,1.4727,1.4857,1.4727,1.4844,844800,0.3141
1973-06-21,1.4844,1.4883,1.4688,1.4688,508800,0.3108
1973-06-22,1.4688,1.4883,1.4688,1.4766,864000,0.3125
1973-06-25,1.4714,1.4714,1.4427,1.4427,1104000,0.3053
1973-06-26,1.4427,1.4583,1.4427,1.4570,729600,0.3083
1973-06-27,1.4609,1.4844,1.4609,1.4844,1785600,0.3141
1973-06-28,1.4844,1.4896,1.4792,1.4792,1689600,0.3130
1973-06-29,1.4792,1.4948,1.4753,1.4909,816000,0.3155
1973-07-02,1.4831,1.4831,1.4753,1.4753,844800,0.3122
1973-07-03,1.4753,1.4831,1.4544,1.4544,1296000,0.3078
1973-07-05,1.4505,1.4505,1.4375,1.4388,1689600,0.3045
1973-07-06,1.4388,1.4440,1.4258,1.4375,2208000,0.3042
1973-07-09,1.4375,1.4688,1.4297,1.4635,2313600,0.3097
1973-07-10,1.4635,1.4792,1.4622,1.4727,777600,0.3117
1973-07-11,1.4883,1.5208,1.4883,1.5026,1900800,0.3180
1973-07-12,1.5026,1.5078,1.4857,1.4896,921600,0.3152
1973-07-13,1.4896,1.4909,1.4818,1.4870,566400,0.3147
1973-07-16,1.4870,1.5143,1.4805,1.5143,1027200,0.3205
1973-07-17,1.5143,1.5208,1.4961,1.4961,1276800,0.3166
1973-07-18,1.4922,1.4922,1.4648,1.4779,1478400,0.3128
1973-07-19,1.4779,1.5000,1.4701,1.4935,1833600,0.3161
1973-07-20,1.4935,1.4974,1.4870,1.4961,844800,0.3166
1973-07-23,1.4961,1.5000,1.4896,1.4896,1286400,0.3152
1973-07-24,1.4896,1.4948,1.4818,1.4909,1065600,0.3155
1973-07-25,1.4909,1.5091,1.4896,1.4974,1363200,0.3169
1973-07-26,1.4974,1.5065,1.4896,1.5026,969600,0.3180
1973-07-27,1.5026,1.5026,1.4896,1.4935,979200,0.3161
1973-07-30,1.4935,1.5091,1.4896,1.5091,499200,0.3194
1973-07-31,1.5091,1.5143,1.5000,1.5000,1881600,0.3174
1973-08-01,1.4922,1.4922,1.4792,1.4844,700800,0.3141
1973-08-02,1.4844,1.5039,1.4818,1.5026,643200,0.3180
1973-08-03,1.5026,1.5078,1.4896,1.4922,921600,0.3158
1973-08-06,1.4922,1.5091,1.4870,1.5065,768000,0.3188
1973-08-07,1.5091,1.5156,1.5091,1.5117,1046400,0.3199
1973-08-08,1.5104,1.5104,1.4922,1.4987,758400,0.3172
1973-08-09,1.4987,1.5052,1.4870,1.4974,940800,0.3169
1973-08-10,1.4974,1.5013,1.4948,1.4974,700800,0.3169
1973-08-13,1.4948,1.4948,1.4609,1.4727,1180800,0.3117
1973-08-14,1.4727,1.4870,1.4688,1.4688,662400,0.3108
1973-08-15,1.4688,1.4792,1.4531,1.4792,1190400,0.3130
1973-08-16,1.4792,1.4818,1.4701,1.4701,1113600,0.3111
1973-08-17,1.4701,1.4701,1.4596,1.4596,633600,0.3089
1973-08-20,1.4596,1.4596,1.4427,1.4557,873600,0.3081
1973-08-21,1.4557,1.4635,1.4531,1.4583,537600,0.3086
1973-08-22,1.4583,1.4622,1.4479,1.4570,748800,0.3083
1973-08-23,1.4609,1.4792,1.4609,1.4779,1219200,0.3128
1973-08-24,1.4779,1.4792,1.4609,1.4609,508800,0.3092
1973-08-27,1.4609,1.4844,1.4583,1.4818,595200,0.3136
1973-08-28,1.4896,1.5104,1.4896,1.5104,2505600,0.3196
1973-08-29,1.5078,1.5078,1.5000,1.5000,672000,0.3174
1973-08-30,1.5000,1.5000,1.4818,1.4818,748800,0.3136
1973-08-31,1.4818,1.4870,1.4648,1.4674,729600,0.3106
1973-09-04,1.4674,1.4740,1.4609,1.4688,1104000,0.3108
1973-09-05,1.4701,1.4831,1.4701,1.4792,1459200,0.3130
1973-09-06,1.4792,1.4974,1.4792,1.4948,1756800,0.3163
1973-09-07,1.5013,1.5104,1.5013,1.5039,1324800,0.3183
1973-09-10,1.4961,1.4961,1.4688,1.4688,1276800,0.3119
1973-09-11,1.4688,1.4883,1.4688,1.4779,1190400,0.3138
1973-09-12,1.4779,1.4922,1.4740,1.4883,1036800,0.3160
1973-09-13,1.4883,1.4909,1.4818,1.4857,528000,0.3154
1973-09-14,1.4857,1.4935,1.4766,1.4922,940800,0.3168
1973-09-17,1.4870,1.4870,1.4740,1.4844,1276800,0.3152
1973-09-18,1.4844,1.4974,1.4792,1.4844,1027200,0.3152
1973-09-19,1.4844,1.4883,1.4701,1.4740,1008000,0.3130
1973-09-20,1.4792,1.4948,1.4792,1.4922,1497600,0.3168
1973-09-21,1.4935,1.5208,1.4935,1.5130,1699200,0.3213
1973-09-24,1.5130,1.5208,1.5000,1.5143,1228800,0.3215
1973-09-25,1.5143,1.5313,1.5117,1.5273,1612800,0.3243
1973-09-26,1.5273,1.5313,1.5065,1.5195,1123200,0.3226
1973-09-27,1.5195,1.5260,1.5078,1.5156,2524800,0.3218
1973-09-28,1.5156,1.5286,1.5130,1.5234,672000,0.3235
1973-10-01,1.5234,1.5260,1.5065,1.5182,729600,0.3224
1973-10-02,1.5182,1.5208,1.5104,1.5117,1209600,0.3210
1973-10-03,1.5104,1.5104,1.4753,1.4792,1795200,0.3141
1973-10-04,1.4766,1.4766,1.4453,1.4492,2112000,0.3077
1973-10-05,1.4518,1.4688,1.4518,1.4688,4099200,0.3119
1973-10-08,1.4688,1.4714,1.4583,1.4661,1257600,0.3113
1973-10-09,1.4661,1.4779,1.4544,1.4714,1852800,0.3124
1973-10-10,1.4766,1.4987,1.4766,1.4896,1324800,0.3163
1973-10-11,1.4896,1.5013,1.4870,1.4948,1363200,0.3174
1973-10-12,1.4948,1.5026,1.4896,1.5026,816000,0.3190
1973-10-15,1.4948,1.4948,1.4766,1.4857,912000,0.3154
1973-10-16,1.4857,1.4922,1.4766,1.4870,864000,0.3157
1973-10-17,1.4870,1.4987,1.4870,1.4870,816000,0.3157
1973-10-18,1.4896,1.5000,1.4896,1.4948,998400,0.3174
1973-10-19,1.4948,1.5078,1.4948,1.4987,662400,0.3182
1973-10-22,1.4896,1.4896,1.4766,1.4844,537600,0.3152
1973-10-23,1.4844,1.4974,1.4844,1.4974,384000,0.3179
1973-10-24,1.4974,1.4974,1.4844,1.4922,1353600,0.3168
1973-10-25,1.4922,1.4974,1.4870,1.4896,604800,0.3163
1973-10-26,1.5026,1.5104,1.5026,1.5104,883200,0.3207
1973-10-29,1.5104,1.5104,1.5000,1.5000,768000,0.3185
1973-10-30,1.5000,1.5039,1.4896,1.5000,969600,0.3185
1973-10-31,1.4948,1.4948,1.4818,1.4857,1065600,0.3154
1973-11-01,1.4857,1.5052,1.4818,1.4974,1219200,0.3179
1973-11-02,1.4974,1.5091,1.4870,1.5052,806400,0.3196
1973-11-05,1.5052,1.5182,1.5000,1.5091,2745600,0.3204
1973-11-06,1.5091,1.5104,1.4792,1.4844,969600,0.3152
1973-11-07,1.4844,1.5052,1.4740,1.5052,1152000,0.3196
1973-11-08,1.5052,1.5143,1.4974,1.5000,892800,0.3185
1973-11-09,1.5000,1.5052,1.4909,1.4974,729600,0.3179
1973-11-12,1.4974,1.5065,1.4766,1.4818,931200,0.3146
1973-11-13,1.4818,1.4844,1.4688,1.4740,2112000,0.3130
1973-11-14,1.4740,1.4792,1.4648,1.4714,854400,0.3124
1973-11-15,1.4714,1.4740,1.4661,1.4688,1449600,0.3119
1973-11-16,1.4688,1.4792,1.4674,1.4753,1180800,0.3132
1973-11-19,1.4714,1.4714,1.3776,1.3815,6508800,0.2933
1973-11-20,1.3815,1.3945,1.3555,1.3893,3916800,0.2950
1973-11-21,1.3893,1.4167,1.3672,1.3958,3360000,0.2964
1973-11-23,1.3958,1.4063,1.3828,1.3880,1084800,0.2947
1973-11-26,1.3685,1.3685,1.3542,1.3568,2841600,0.2891
1973-11-27,1.3568,1.3750,1.3438,1.3516,3609600,0.2880
1973-11-28,1.3516,1.3711,1.3203,1.3503,3206400,0.2877
1973-11-29,1.3503,1.3724,1.3333,1.3607,2323200,0.2899
1973-11-30,1.3607,1.3620,1.3464,1.3516,1286400,0.2880
1973-12-03,1.3451,1.3451,1.3073,1.3164,3715200,0.2805
1973-12-04,1.3164,1.3216,1.3047,1.3047,2438400,0.2780
1973-12-05,1.3047,1.3086,1.2930,1.3060,3388800,0.2783
1973-12-06,1.3060,1.3073,1.2891,1.2917,3273600,0.2752
1973-12-07,1.2969,1.3177,1.2969,1.3021,2256000,0.2775
1973-12-10,1.3021,1.3398,1.2865,1.3398,1680000,0.2855
1973-12-11,1.3398,1.3529,1.2917,1.2943,1536000,0.2758
1973-12-12,1.2865,1.2865,1.2747,1.2813,2524800,0.2730
1973-12-13,1.2813,1.2826,1.2630,1.2708,3340800,0.2708
1973-12-14,1.2708,1.2708,1.2396,1.2656,3580800,0.2697
1973-12-17,1.2656,1.2682,1.2370,1.2500,1075200,0.2664
1973-12-18,1.2500,1.2682,1.2344,1.2617,2803200,0.2689
1973-12-19,1.2617,1.2813,1.2526,1.2526,1785600,0.2669
1973-12-20,1.2526,1.2747,1.2344,1.2422,2889600,0.2647
1973-12-21,1.2422,1.2448,1.2188,1.2188,2064000,0.2597
1973-12-24,1.2135,1.2135,1.2031,1.2083,2563200,0.2575
1973-12-26,1.2240,1.2539,1.2240,1.2500,2323200,0.2664
1973-12-27,1.2500,1.3086,1.2461,1.3060,2534400,0.2783
1973-12-28,1.3060,1.3125,1.2917,1.3073,1315200,0.2786
1973-12-31,1.3073,1.3203,1.2982,1.3177,1872000,0.2808
1974-01-02,1.3125,1.3125,1.2969,1.2969,1008000,0.2763
1974-01-03,1.3047,1.3307,1.3047,1.3229,2208000,0.2819
1974-01-04,1.3125,1.3125,1.2826,1.2917,2736000,0.2752
1974-01-07,1.2813,1.2813,1.2539,1.2708,1612800,0.2708
1974-01-08,1.2656,1.2656,1.2344,1.2396,3465600,0.2641
1974-01-09,1.2057,1.2057,1.1927,1.1927,5904000,0.2542
1974-01-10,1.1927,1.2057,1.1693,1.1693,2889600,0.2492
1974-01-11,1.1693,1.1927,1.1615,1.1927,3484800,0.2542
1974-01-14,1.2096,1.2474,1.2096,1.2253,3417600,0.2611
1974-01-15,1.2318,1.2760,1.2318,1.2526,1881600,0.2669
1974-01-16,1.2526,1.2552,1.2370,1.2513,1852800,0.2666
1974-01-17,1.2617,1.3073,1.2617,1.3034,5280000,0.2777
1974-01-18,1.3034,1.3034,1.2813,1.2813,2323200,0.2730
1974-01-21,1.2656,1.2656,1.2344,1.2526,2736000,0.2669
1974-01-22,1.2526,1.2604,1.2396,1.2552,2198400,0.2675
1974-01-23,1.2552,1.2708,1.2526,1.2643,1910400,0.2694
1974-01-24,1.2643,1.2656,1.2526,1.2643,748800,0.2694
1974-01-25,1.2604,1.2604,1.2500,1.2552,1276800,0.2675
1974-01-28,1.2552,1.2721,1.2552,1.2682,1305600,0.2702
1974-01-29,1.2656,1.2656,1.2539,1.2539,960000,0.2672
1974-01-30,1.2539,1.2617,1.2474,1.2487,1296000,0.2661
1974-01-31,1.2487,1.2513,1.2240,1.2240,1536000,0.2608
1974-02-01,1.2227,1.2227,1.2044,1.2201,2092800,0.2600
1974-02-04,1.2174,1.2174,1.2057,1.2109,1766400,0.2580
1974-02-05,1.2083,1.2083,1.1927,1.2005,1641600,0.2558
1974-02-06,1.2005,1.2135,1.1901,1.1953,1152000,0.2547
1974-02-07,1.1953,1.2031,1.1810,1.1979,1180800,0.2553
1974-02-08,1.1979,1.2083,1.1836,1.1849,1075200,0.2525
1974-02-11,1.1823,1.1823,1.1458,1.1471,2496000,0.2444
1974-02-12,1.1471,1.1615,1.1432,1.1432,2169600,0.2436
1974-02-13,1.1510,1.1602,1.1510,1.1576,1382400,0.2467
1974-02-14,1.1576,1.1693,1.1471,1.1484,969600,0.2447
1974-02-15,1.1484,1.1641,1.1406,1.1497,1468800,0.2450
1974-02-19,1.1497,1.1719,1.1458,1.1471,2860800,0.2444
1974-02-20,1.1471,1.1745,1.1419,1.1680,1900800,0.2489
1974-02-21,1.1680,1.1875,1.1563,1.1849,2294400,0.2525
1974-02-22,1.1849,1.1888,1.1784,1.1810,1612800,0.2517
1974-02-25,1.1810,1.1849,1.1719,1.1758,1219200,0.2505
1974-02-26,1.1758,1.1979,1.1667,1.1810,1296000,0.2517
1974-02-27,1.1875,1.2083,1.1875,1.1979,2073600,0.2553
1974-02-28,1.1979,1.2031,1.1940,1.1979,854400,0.2553
1974-03-01,1.1979,1.2005,1.1940,1.1940,1065600,0.2544
1974-03-04,1.1940,1.1953,1.1732,1.1888,1161600,0.2533
1974-03-05,1.1888,1.1966,1.1836,1.1927,2035200,0.2542
1974-03-06,1.1927,1.2031,1.1927,1.2005,1488000,0.2558
1974-03-07,1.1953,1.1953,1.1784,1.1797,1344000,0.2514
1974-03-08,1.1797,1.1901,1.1667,1.1875,1315200,0.2542
1974-03-11,1.1875,1.2396,1.1823,1.2253,2544000,0.2623
1974-03-12,1.2253,1.2422,1.2214,1.2422,1651200,0.2659
1974-03-13,1.2422,1.2500,1.2292,1.2422,1708800,0.2659
1974-03-14,1.2409,1.2409,1.2135,1.2253,1804800,0.2623
1974-03-15,1.2135,1.2135,1.1927,1.2057,1027200,0.2581
1974-03-18,1.2031,1.2031,1.1771,1.1797,1862400,0.2525
1974-03-19,1.1797,1.1875,1.1667,1.1875,1123200,0.2542
1974-03-20,1.1875,1.2044,1.1875,1.2018,1622400,0.2572
1974-03-21,1.2018,1.2227,1.2018,1.2148,1420800,0.2600
1974-03-22,1.2148,1.2305,1.2057,1.2214,1612800,0.2614
1974-03-25,1.2214,1.2318,1.2109,1.2318,1238400,0.2637
1974-03-26,1.2318,1.2370,1.2214,1.2214,1603200,0.2614
1974-03-27,1.2214,1.2279,1.1927,1.1927,1171200,0.2553
1974-03-28,1.1745,1.1745,1.1602,1.1615,2313600,0.2486
1974-03-29,1.1615,1.1654,1.1471,1.1471,1209600,0.2455
1974-04-01,1.1471,1.1497,1.1380,1.1393,1756800,0.2439
1974-04-02,1.1393,1.1458,1.1302,1.1380,1516800,0.2436
1974-04-03,1.1380,1.1510,1.1380,1.1510,1363200,0.2464
1974-04-04,1.1510,1.1732,1.1484,1.1497,1008000,0.2461
1974-04-05,1.1484,1.1484,1.1250,1.1276,2448000,0.2414
1974-04-08,1.1224,1.1224,1.1159,1.1159,1622400,0.2389
1974-04-09,1.1159,1.1393,1.1146,1.1393,2457600,0.2439
1974-04-10,1.1393,1.1458,1.1198,1.1250,1756800,0.2408
1974-04-11,1.1250,1.1432,1.1250,1.1367,576000,0.2433
1974-04-15,1.1367,1.1458,1.1185,1.1445,3168000,0.2450
1974-04-16,1.1445,1.1719,1.1393,1.1719,2112000,0.2508
1974-04-17,1.1719,1.1849,1.1680,1.1732,2630400,0.2511
1974-04-18,1.1719,1.1719,1.1576,1.1667,1804800,0.2497
1974-04-19,1.1589,1.1589,1.1419,1.1458,1545600,0.2453
1974-04-22,1.1458,1.1536,1.1406,1.1471,816000,0.2455
1974-04-23,1.1471,1.1497,1.1250,1.1263,1737600,0.2411
1974-04-24,1.1224,1.1224,1.1094,1.1094,1843200,0.2375
1974-04-25,1.1068,1.1068,1.0924,1.0964,3484800,0.2347
1974-04-26,1.0964,1.1120,1.0833,1.0898,4396800,0.2333
1974-04-29,1.0898,1.0990,1.0703,1.0951,2006400,0.2344
1974-04-30,1.0951,1.1016,1.0794,1.0990,1382400,0.2352
1974-05-01,1.0977,1.0977,1.0794,1.0898,3523200,0.2333
1974-05-02,1.0898,1.0911,1.0495,1.0495,4089600,0.2246
1974-05-03,1.0417,1.0417,1.0273,1.0286,4915200,0.2202
1974-05-06,1.0286,1.0521,1.0247,1.0404,3235200,0.2227
1974-05-07,1.0417,1.0560,1.0417,1.0443,2188800,0.2235
1974-05-08,1.0443,1.0833,1.0417,1.0833,2390400,0.2319
1974-05-09,1.0859,1.1406,1.0859,1.1302,3369600,0.2419
1974-05-10,1.1302,1.1406,1.1211,1.1302,2976000,0.2419
1974-05-13,1.1302,1.1393,1.1146,1.1198,2419200,0.2397
1974-05-14,1.1198,1.1354,1.1081,1.1172,2025600,0.2391
1974-05-15,1.1172,1.1198,1.1094,1.1198,1296000,0.2397
1974-05-16,1.1198,1.1302,1.0990,1.0990,1200000,0.2352
1974-05-17,1.0833,1.0833,1.0599,1.0625,2390400,0.2274
1974-05-20,1.0625,1.0703,1.0599,1.0625,1209600,0.2274
1974-05-21,1.0625,1.0872,1.0625,1.0677,2889600,0.2285
1974-05-22,1.0677,1.0703,1.0521,1.0521,5212800,0.2252
1974-05-23,1.0521,1.0729,1.0521,1.0729,2246400,0.2297
1974-05-24,1.0729,1.0911,1.0690,1.0820,3350400,0.2316
1974-05-28,1.0820,1.0859,1.0781,1.0794,2112000,0.2310
1974-05-29,1.0768,1.0768,1.0677,1.0703,1872000,0.2291
1974-05-30,1.0703,1.1029,1.0703,1.0951,1872000,0.2344
1974-05-31,1.0951,1.1250,1.0911,1.1159,1584000,0.2389
1974-06-03,1.1159,1.1354,1.1094,1.1328,1190400,0.2425
1974-06-04,1.1432,1.1576,1.1432,1.1510,2496000,0.2464
1974-06-05,1.1510,1.1602,1.1354,1.1354,3033600,0.2430
1974-06-06,1.1393,1.1901,1.1393,1.1901,1209600,0.2547
1974-06-07,1.1927,1.2227,1.1927,1.1953,3139200,0.2559
1974-06-10,1.1953,1.2292,1.1810,1.2214,2400000,0.2626
1974-06-11,1.2201,1.2201,1.2057,1.2135,2025600,0.2609
1974-06-12,1.2135,1.2135,1.1979,1.2135,1257600,0.2609
1974-06-13,1.2135,1.2331,1.2135,1.2292,1948800,0.2643
1974-06-14,1.2292,1.2331,1.2214,1.2279,1056000,0.2640
1974-06-17,1.2279,1.2279,1.2005,1.2057,2419200,0.2592
1974-06-18,1.2057,1.2214,1.1940,1.2057,1334400,0.2592
1974-06-19,1.2031,1.2031,1.1862,1.1862,1228800,0.2550
1974-06-20,1.1862,1.1953,1.1719,1.1745,1200000,0.2525
1974-06-21,1.1654,1.1654,1.1393,1.1445,1545600,0.2461
1974-06-24,1.1445,1.1563,1.1289,1.1471,1536000,0.2466
1974-06-25,1.1510,1.1732,1.1510,1.1680,1180800,0.2511
1974-06-26,1.1680,1.1706,1.1380,1.1380,1372800,0.2447
1974-06-27,1.1380,1.1393,1.1211,1.1276,1113600,0.2424
1974-06-28,1.1250,1.1250,1.1120,1.1250,1632000,0.2419
1974-07-01,1.1263,1.1354,1.1263,1.1263,566400,0.2422
1974-07-02,1.1263,1.1302,1.0729,1.0742,1449600,0.2310
1974-07-03,1.0742,1.0755,1.0482,1.0521,2496000,0.2262
1974-07-05,1.0521,1.0547,1.0443,1.0547,1027200,0.2268
1974-07-08,1.0430,1.0430,1.0339,1.0365,1833600,0.2228
1974-07-09,1.0365,1.0521,1.0208,1.0482,2889600,0.2254
1974-07-10,1.0482,1.0625,1.0391,1.0391,1670400,0.2234
1974-07-11,1.0391,1.0573,1.0260,1.0313,2889600,0.2217
1974-07-12,1.0456,1.0612,1.0456,1.0573,2035200,0.2273
1974-07-15,1.0729,1.0898,1.0729,1.0833,2601600,0.2329
1974-07-16,1.0794,1.0794,1.0234,1.0234,2976000,0.2200
1974-07-17,1.0234,1.0417,1.0000,1.0404,3148800,0.2237
1974-07-18,1.0339,1.0339,1.0013,1.0078,2995200,0.2167
1974-07-19,1.0078,1.0156,1.0000,1.0104,2227200,0.2172
1974-07-22,1.0104,1.0130,1.0052,1.0065,1497600,0.2164
1974-07-23,1.0065,1.0208,0.9987,1.0000,2592000,0.2150
1974-07-24,0.9935,0.9935,0.9740,0.9909,4598400,0.2130
1974-07-25,0.9896,0.9896,0.9661,0.9792,3600000,0.2105
1974-07-26,0.9609,0.9609,0.9505,0.9531,3916800,0.2049
1974-07-29,0.9375,0.9375,0.9219,0.9297,4329600,0.1999
1974-07-30,0.9297,0.9349,0.9076,0.9193,3398400,0.1976
1974-07-31,0.9141,0.9141,0.8763,0.8867,3571200,0.1906
1974-08-01,0.8867,0.9010,0.8672,0.8724,4022400,0.1876
1974-08-02,0.8724,0.8724,0.8568,0.8594,3360000,0.1848
1974-08-05,0.8594,0.8646,0.8490,0.8555,5126400,0.1839
1974-08-06,0.8555,0.8880,0.8555,0.8698,4924800,0.1870
1974-08-07,0.8698,0.9245,0.8659,0.9206,3696000,0.1979
1974-08-08,0.9206,0.9271,0.8984,0.9036,5971200,0.1943
1974-08-09,0.8984,0.8984,0.8672,0.8672,5251200,0.1864
1974-08-12,0.8659,0.8659,0.8333,0.8346,2928000,0.1794
1974-08-13,0.8346,0.8346,0.7969,0.8125,4339200,0.1747
1974-08-14,0.8125,0.8307,0.7995,0.8203,3024000,0.1764
1974-08-15,0.8203,0.8359,0.8151,0.8203,1929600,0.1764
1974-08-16,0.8203,0.8411,0.8164,0.8255,2428800,0.1775
1974-08-19,0.8255,0.8320,0.8190,0.8242,2851200,0.1772
1974-08-20,0.8242,0.8516,0.8138,0.8138,3571200,0.1750
1974-08-21,0.8138,0.8151,0.7917,0.7917,2025600,0.1702
1974-08-22,0.7917,0.7917,0.7552,0.7630,6374400,0.1640
1974-08-23,0.7630,0.7865,0.7604,0.7617,3705600,0.1638
1974-08-26,0.7617,0.7786,0.7552,0.7760,4166400,0.1668
1974-08-27,0.7656,0.7656,0.7474,0.7500,2563200,0.1612
1974-08-28,0.7500,0.7630,0.7461,0.7487,2438400,0.1610
1974-08-29,0.7448,0.7448,0.7318,0.7396,2716800,0.1590
1974-08-30,0.7396,0.7617,0.7396,0.7578,3571200,0.1629
1974-09-03,0.7578,0.7708,0.7435,0.7500,1929600,0.1612
1974-09-04,0.7396,0.7396,0.7122,0.7188,3993600,0.1545
1974-09-05,0.7266,0.7630,0.7266,0.7630,3696000,0.1640
1974-09-06,0.7630,0.7708,0.7500,0.7552,2688000,0.1624
1974-09-09,0.7448,0.7448,0.7201,0.7201,1728000,0.1548
1974-09-10,0.7201,0.7344,0.7057,0.7083,2908800,0.1535
1974-09-11,0.7083,0.7188,0.7044,0.7044,1689600,0.1526
1974-09-12,0.7031,0.7031,0.6641,0.6654,4598400,0.1442
1974-09-13,0.6654,0.6667,0.6458,0.6667,4608000,0.1444
1974-09-16,0.6667,0.6992,0.6641,0.6927,3283200,0.1501
1974-09-17,0.7005,0.7240,0.7005,0.7005,3235200,0.1518
1974-09-18,0.7005,0.7083,0.6797,0.7031,2428800,0.1523
1974-09-19,0.7135,0.7370,0.7135,0.7318,2793600,0.1586
1974-09-20,0.7305,0.7305,0.7031,0.7188,3820800,0.1557
1974-09-23,0.7188,0.7188,0.6563,0.6563,28022400,0.1422
1974-09-24,0.6406,0.6406,0.6224,0.6250,5068800,0.1354
1974-09-25,0.6250,0.6510,0.6068,0.6068,10588800,0.1315
1974-09-26,0.5964,0.5964,0.5781,0.5820,4329600,0.1261
1974-09-27,0.5820,0.5859,0.5104,0.5182,5865600,0.1123
1974-09-30,0.5182,0.5339,0.5000,0.5339,6470400,0.1157
1974-10-01,0.5339,0.5599,0.5000,0.5495,9379200,0.1191
1974-10-02,0.5495,0.5508,0.5130,0.5130,6038400,0.1112
1974-10-03,0.4896,0.4896,0.4674,0.4857,7334400,0.1052
1974-10-04,0.4857,0.4974,0.4648,0.4818,6124800,0.1044
1974-10-07,0.4935,0.5234,0.4935,0.5104,5654400,0.1106
1974-10-08,0.5104,0.5182,0.5000,0.5143,8246400,0.1114
1974-10-09,0.5143,0.5625,0.5078,0.5612,8620800,0.1216
1974-10-10,0.5807,0.6172,0.5807,0.5938,10454400,0.1286
1974-10-11,0.5938,0.6172,0.5885,0.6068,6460800,0.1315
1974-10-14,0.6120,0.6602,0.6120,0.6393,5923200,0.1385
1974-10-15,0.6393,0.6510,0.6120,0.6445,7401600,0.1397
1974-10-16,0.6445,0.6471,0.6211,0.6224,6009600,0.1349
1974-10-17,0.6224,0.6302,0.6068,0.6068,4742400,0.1315
1974-10-18,0.6068,0.6211,0.5859,0.6029,5875200,0.1306
1974-10-21,0.6029,0.6224,0.5911,0.6198,3504000,0.1343
1974-10-22,0.6198,0.6341,0.6016,0.6055,4348800,0.1312
1974-10-23,0.6016,0.6016,0.5807,0.5964,2966400,0.1292
1974-10-24,0.5964,0.6016,0.5820,0.5964,2380800,0.1292
1974-10-25,0.6016,0.6276,0.6016,0.6042,3523200,0.1309
1974-10-28,0.6042,0.6133,0.5924,0.6068,2016000,0.1315
1974-10-29,0.6081,0.6484,0.6081,0.6484,3571200,0.1405
1974-10-30,0.6484,0.6979,0.6432,0.6797,8764800,0.1473
1974-10-31,0.6797,0.6914,0.6563,0.6563,4300800,0.1422
1974-11-01,0.6563,0.6654,0.6471,0.6549,3024000,0.1419
1974-11-04,0.6549,0.6641,0.6354,0.6563,1939200,0.1422
1974-11-05,0.6563,0.6849,0.6510,0.6849,3436800,0.1484
1974-11-06,0.6849,0.7161,0.6771,0.6810,6912000,0.1475
1974-11-07,0.6810,0.6927,0.6641,0.6758,3715200,0.1464
1974-11-08,0.6758,0.6797,0.6328,0.6328,4848000,0.1371
1974-11-11,0.6328,0.6328,0.6016,0.6146,3100800,0.1332
1974-11-12,0.6146,0.6146,0.5885,0.5938,3993600,0.1286
1974-11-13,0.5938,0.6068,0.5872,0.6042,2803200,0.1309
1974-11-14,0.6042,0.6185,0.5885,0.5938,4012800,0.1286
1974-11-15,0.5938,0.5990,0.5729,0.5729,2880000,0.1241
1974-11-18,0.5677,0.5677,0.5026,0.5091,10771200,0.1103
1974-11-19,0.5091,0.5286,0.4987,0.5234,7353600,0.1134
1974-11-20,0.5234,0.5378,0.5143,0.5195,5817600,0.1126
1974-11-21,0.5195,0.5299,0.5130,0.5195,4742400,0.1126
1974-11-22,0.5208,0.5391,0.5208,0.5313,5558400,0.1151
1974-11-25,0.5313,0.5417,0.5169,0.5339,4675200,0.1169
1974-11-26,0.5339,0.5573,0.5313,0.5521,4224000,0.1209
1974-11-27,0.5573,0.5768,0.5573,0.5586,5558400,0.1223
1974-11-29,0.5599,0.5703,0.5599,0.5625,1488000,0.1232
1974-12-02,0.5599,0.5599,0.5169,0.5313,3772800,0.1163
1974-12-03,0.5313,0.5313,0.5117,0.5260,3024000,0.1152
1974-12-04,0.5260,0.5378,0.5208,0.5247,2908800,0.1149
1974-12-05,0.5247,0.5313,0.5117,0.5130,2659200,0.1123
1974-12-06,0.5000,0.5000,0.4883,0.4896,4569600,0.1072
1974-12-09,0.4896,0.5169,0.4883,0.5065,3494400,0.1109
1974-12-10,0.5117,0.5417,0.5117,0.5352,3916800,0.1172
1974-12-11,0.5352,0.5456,0.5156,0.5169,3744000,0.1132
1974-12-12,0.5169,0.5234,0.5065,0.5182,4204800,0.1135
1974-12-13,0.5182,0.5234,0.5000,0.5078,3110400,0.1112
1974-12-16,0.5078,0.5130,0.4909,0.4935,4924800,0.1081
1974-12-17,0.4935,0.5208,0.4857,0.5208,12134400,0.1140
1974-12-18,0.5208,0.5313,0.5130,0.5156,4924800,0.1129
1974-12-19,0.5156,0.5260,0.5104,0.5260,2774400,0.1152
1974-12-20,0.5260,0.5286,0.5104,0.5130,1872000,0.1123
1974-12-23,0.5130,0.5299,0.5104,0.5195,3984000,0.1138
1974-12-24,0.5195,0.5221,0.5156,0.5208,1363200,0.1140
1974-12-26,0.5234,0.5365,0.5234,0.5313,2620800,0.1163
1974-12-27,0.5313,0.5365,0.5273,0.5313,2275200,0.1163
1974-12-30,0.5313,0.5339,0.5234,0.5326,3801600,0.1166
1974-12-31,0.5326,0.5547,0.5326,0.5521,4934400,0.1209
1975-01-02,0.5547,0.5807,0.5547,0.5729,3763200,0.1254
1975-01-03,0.5729,0.5990,0.5638,0.5872,5788800,0.1286
1975-01-06,0.5911,0.6068,0.5911,0.5951,5299200,0.1303
1975-01-07,0.5951,0.5964,0.5859,0.5938,2505600,0.1300
1975-01-08,0.5938,0.5951,0.5599,0.5599,4310400,0.1226
1975-01-09,0.5599,0.6042,0.5599,0.6042,4012800,0.1323
1975-01-10,0.6094,0.6315,0.6094,0.6198,6124800,0.1357
1975-01-13,0.6198,0.6224,0.5990,0.5990,5568000,0.1311
1975-01-14,0.5990,0.6016,0.5911,0.5951,3830400,0.1303
1975-01-15,0.5951,0.6172,0.5898,0.6172,3532800,0.1351
1975-01-16,0.6172,0.6237,0.5964,0.6146,3676800,0.1346
1975-01-17,0.6133,0.6133,0.6003,0.6042,3504000,0.1323
1975-01-20,0.6042,0.6120,0.5911,0.6094,2400000,0.1334
1975-01-21,0.6094,0.6133,0.5885,0.5938,2592000,0.1300
1975-01-22,0.5938,0.6172,0.5859,0.6172,2524800,0.1351
1975-01-23,0.6198,0.6497,0.6198,0.6341,5433600,0.1388
1975-01-24,0.6341,0.6458,0.6341,0.6367,4176000,0.1394
1975-01-27,0.6536,0.6875,0.6536,0.6862,8803200,0.1502
1975-01-28,0.6862,0.6992,0.6745,0.6745,7641600,0.1477
1975-01-29,0.6745,0.6953,0.6641,0.6875,5001600,0.1505
1975-01-30,0.6888,0.7070,0.6888,0.6914,7046400,0.1514
1975-01-31,0.6914,0.7031,0.6849,0.6940,4320000,0.1520
1975-02-03,0.6940,0.7253,0.6888,0.7253,5385600,0.1588
1975-02-04,0.7240,0.7240,0.7005,0.7083,9043200,0.1551
1975-02-05,0.7122,0.7604,0.7122,0.7604,6556800,0.1665
1975-02-06,0.7656,0.7969,0.7656,0.7669,8899200,0.1679
1975-02-07,0.7539,0.7539,0.7370,0.7526,10329600,0.1648
1975-02-10,0.7526,0.7526,0.7344,0.7344,3984000,0.1608
1975-02-11,0.7344,0.7526,0.7292,0.7448,4396800,0.1631
1975-02-12,0.7461,0.7904,0.7461,0.7904,3811200,0.1731
1975-02-13,0.8021,0.8294,0.8021,0.8047,8179200,0.1762
1975-02-14,0.8047,0.8047,0.7839,0.7943,5664000,0.1739
1975-02-18,0.7943,0.7943,0.7708,0.7760,3753600,0.1699
1975-02-19,0.7760,0.7813,0.7565,0.7786,3350400,0.1705
1975-02-20,0.7786,0.7852,0.7682,0.7721,3993600,0.1691
1975-02-21,0.7721,0.7813,0.7617,0.7617,3955200,0.1668
1975-02-24,0.7591,0.7591,0.7370,0.7396,3926400,0.1619
1975-02-25,0.7331,0.7331,0.7122,0.7240,5088000,0.1585
1975-02-26,0.7240,0.7344,0.7214,0.7279,2150400,0.1594
1975-02-27,0.7305,0.7383,0.7305,0.7370,2150400,0.1614
1975-02-28,0.7370,0.7396,0.7266,0.7279,3417600,0.1594
1975-03-03,0.7292,0.7487,0.7292,0.7474,3062400,0.1636
1975-03-04,0.7604,0.7839,0.7604,0.7604,4608000,0.1665
1975-03-05,0.7604,0.8047,0.7500,0.7734,7411200,0.1694
1975-03-06,0.7734,0.8190,0.7734,0.8190,6758400,0.1793
1975-03-07,0.8190,0.8190,0.8073,0.8086,6153600,0.1770
1975-03-10,0.8086,0.8203,0.7930,0.8177,3763200,0.1790
1975-03-11,0.8177,0.8307,0.8073,0.8138,3724800,0.1795
1975-03-12,0.8138,0.8229,0.8047,0.8047,3120000,0.1775
1975-03-13,0.8047,0.8099,0.7969,0.8086,3417600,0.1784
1975-03-14,0.8086,0.8151,0.8047,0.8125,3206400,0.1792
1975-03-17,0.8125,0.8385,0.8125,0.8385,6422400,0.1850
1975-03-18,0.8385,0.8490,0.8203,0.8268,5683200,0.1824
1975-03-19,0.8268,0.8320,0.8203,0.8268,3110400,0.1824
1975-03-20,0.8268,0.8385,0.8203,0.8255,3888000,0.1821
1975-03-21,0.8255,0.8268,0.8151,0.8203,2361600,0.1809
1975-03-24,0.8047,0.8047,0.7878,0.8021,3801600,0.1769
1975-03-25,0.8021,0.8125,0.7917,0.8008,4512000,0.1766
1975-03-26,0.8060,0.8333,0.8060,0.8268,3984000,0.1824
1975-03-27,0.8268,0.8333,0.8242,0.8255,4214400,0.1821
1975-03-31,0.8255,0.8333,0.8203,0.8229,1929600,0.1815
1975-04-01,0.8203,0.8203,0.7878,0.7917,7564800,0.1746
1975-04-02,0.7917,0.8060,0.7852,0.7943,2294400,0.1752
1975-04-03,0.7943,0.8021,0.7799,0.7865,2236800,0.1735
1975-04-04,0.7839,0.7839,0.7734,0.7786,1795200,0.1717
1975-04-07,0.7656,0.7656,0.7578,0.7656,3667200,0.1689
1975-04-08,0.7656,0.7786,0.7656,0.7734,3283200,0.1706
1975-04-09,0.7734,0.7917,0.7656,0.7839,3417600,0.1729
1975-04-10,0.7839,0.7995,0.7839,0.7930,2688000,0.1749
1975-04-11,0.7930,0.7969,0.7891,0.7930,1939200,0.1749
1975-04-14,0.7943,0.8164,0.7943,0.8138,2745600,0.1795
1975-04-15,0.8203,0.8464,0.8203,0.8372,4320000,0.1847
1975-04-16,0.8372,0.8411,0.8281,0.8385,3897600,0.1850
1975-04-17,0.8385,0.8438,0.8255,0.8255,3974400,0.1821
1975-04-18,0.8229,0.8229,0.8138,0.8190,2102400,0.1807
1975-04-21,0.8190,0.8281,0.8190,0.8216,2668800,0.1812
1975-04-22,0.8281,0.8372,0.8281,0.8359,3004800,0.1844
1975-04-23,0.8359,0.8464,0.8320,0.8372,2803200,0.1847
1975-04-24,0.8372,0.8411,0.8203,0.8203,2486400,0.1809
1975-04-25,0.8203,0.8385,0.8203,0.8229,1564800,0.1815
1975-04-28,0.8229,0.8307,0.8099,0.8151,2611200,0.1798
1975-04-29,0.8151,0.8151,0.8099,0.8112,1344000,0.1789
1975-04-30,0.8112,0.8359,0.8073,0.8346,1776000,0.1841
1975-05-01,0.8503,0.8750,0.8503,0.8724,4291200,0.1924
1975-05-02,0.8867,0.8932,0.8867,0.8919,3024000,0.1967
1975-05-05,0.8984,0.9466,0.8984,0.9466,3945600,0.2088
1975-05-06,0.9349,0.9349,0.8815,0.8815,4502400,0.1944
1975-05-07,0.8815,0.9141,0.8724,0.9036,5443200,0.1993
1975-05-08,0.9036,0.9167,0.8854,0.9167,3024000,0.2022
1975-05-09,0.9167,0.9323,0.9141,0.9310,3139200,0.2054
1975-05-12,0.9310,0.9401,0.9193,0.9297,3446400,0.2051
1975-05-13,0.9297,0.9609,0.9271,0.9583,2793600,0.2114
1975-05-14,0.9583,0.9661,0.9479,0.9583,3945600,0.2114
1975-05-15,0.9583,0.9609,0.9284,0.9310,2544000,0.2054
1975-05-16,0.9310,0.9375,0.9167,0.9349,2630400,0.2062
1975-05-19,0.9349,0.9570,0.9193,0.9479,2313600,0.2091
1975-05-20,0.9479,0.9635,0.9453,0.9544,2505600,0.2105
1975-05-21,0.9479,0.9479,0.9271,0.9310,2342400,0.2054
1975-05-22,0.9310,0.9518,0.9284,0.9336,2419200,0.2059
1975-05-23,0.9336,0.9414,0.9271,0.9375,2697600,0.2068
1975-05-27,0.9375,0.9453,0.9297,0.9375,2908800,0.2068
1975-05-28,0.9323,0.9323,0.9115,0.9141,1843200,0.2016
1975-05-29,0.9115,0.9115,0.8932,0.8945,2409600,0.1973
1975-05-30,0.9089,0.9349,0.9089,0.9349,2947200,0.2062
1975-06-02,0.9349,0.9583,0.9323,0.9557,1987200,0.2108
1975-06-03,0.9557,0.9740,0.9492,0.9727,2409600,0.2145
1975-06-04,0.9701,0.9701,0.9609,0.9635,1718400,0.2125
1975-06-05,0.9635,0.9648,0.9453,0.9648,1747200,0.2128
1975-06-06,0.9648,0.9740,0.9596,0.9727,2208000,0.2145
1975-06-09,0.9661,0.9661,0.9453,0.9492,1660800,0.2107
1975-06-10,0.9401,0.9401,0.9284,0.9349,1785600,0.2075
1975-06-11,0.9349,0.9505,0.9271,0.9297,1795200,0.2063
1975-06-12,0.9271,0.9271,0.9063,0.9063,1584000,0.2011
1975-06-13,0.9063,0.9271,0.9063,0.9258,1353600,0.2055
1975-06-16,0.9258,0.9375,0.9167,0.9323,1776000,0.2069
1975-06-17,0.9323,0.9362,0.9167,0.9167,1488000,0.2034
1975-06-18,0.9154,0.9154,0.8984,0.9089,1401600,0.2017
1975-06-19,0.9089,0.9167,0.9063,0.9141,2169600,0.2029
1975-06-20,0.9193,0.9362,0.9193,0.9232,3244800,0.2049
1975-06-23,0.9232,0.9466,0.9193,0.9414,2380800,0.2089
1975-06-24,0.9427,0.9531,0.9427,0.9492,2246400,0.2107
1975-06-25,0.9492,0.9557,0.9427,0.9557,1315200,0.2121
1975-06-26,0.9557,0.9557,0.9375,0.9375,2044800,0.2081
1975-06-27,0.9375,0.9453,0.9375,0.9375,2515200,0.2081
1975-06-30,0.9375,0.9453,0.9375,0.9440,1142400,0.2095
1975-07-01,0.9440,0.9440,0.9193,0.9349,2601600,0.2075
1975-07-02,0.9349,0.9427,0.9297,0.9401,1584000,0.2086
1975-07-03,0.9401,0.9518,0.9349,0.9518,950400,0.2112
1975-07-07,0.9518,0.9518,0.9375,0.9375,1180800,0.2081
1975-07-08,0.9349,0.9349,0.9219,0.9323,2294400,0.2069
1975-07-09,0.9375,0.9518,0.9375,0.9479,1171200,0.2104
1975-07-10,0.9505,0.9583,0.9505,0.9518,2448000,0.2112
1975-07-11,0.9518,0.9557,0.9440,0.9479,931200,0.2104
1975-07-14,0.9479,0.9479,0.9414,0.9453,1363200,0.2098
1975-07-15,0.9453,0.9505,0.9297,0.9297,3782400,0.2063
1975-07-16,0.9297,0.9401,0.8958,0.8971,3072000,0.1991
1975-07-17,0.8971,0.9141,0.8854,0.8906,2352000,0.1977
1975-07-18,0.8906,0.8906,0.8698,0.8724,3177600,0.1936
1975-07-21,0.8724,0.8828,0.8594,0.8672,2236800,0.1925
1975-07-22,0.8672,0.8854,0.8659,0.8841,2659200,0.1962
1975-07-23,0.8841,0.8880,0.8776,0.8828,3724800,0.1959
1975-07-24,0.8828,0.8841,0.8620,0.8698,2112000,0.1930
1975-07-25,0.8698,0.8724,0.8516,0.8516,3350400,0.1890
1975-07-28,0.8516,0.8529,0.8385,0.8424,2966400,0.1870
1975-07-29,0.8424,0.8516,0.8307,0.8385,2764800,0.1861
1975-07-30,0.8385,0.8490,0.8333,0.8424,3168000,0.1870
1975-07-31,0.8424,0.8490,0.8307,0.8307,1497600,0.1844
1975-08-01,0.8307,0.8359,0.8073,0.8138,1910400,0.1806
1975-08-04,0.8099,0.8099,0.7917,0.7917,1334400,0.1757
1975-08-05,0.7917,0.8021,0.7813,0.7826,3657600,0.1737
1975-08-06,0.7852,0.8177,0.7852,0.8177,3340800,0.1815
1975-08-07,0.8177,0.8255,0.8125,0.8151,2966400,0.1809
1975-08-08,0.8151,0.8177,0.8073,0.8073,1334400,0.1792
1975-08-11,0.8073,0.8216,0.8073,0.8216,2611200,0.1823
1975-08-12,0.8216,0.8294,0.8138,0.8164,1430400,0.1812
1975-08-13,0.8151,0.8151,0.7982,0.7995,1708800,0.1774
1975-08-14,0.7969,0.7969,0.7917,0.7969,1670400,0.1769
1975-08-15,0.7995,0.8125,0.7995,0.8086,1008000,0.1795
1975-08-18,0.8086,0.8151,0.7930,0.7956,1113600,0.1766
1975-08-19,0.7956,0.7956,0.7839,0.7878,1420800,0.1748
1975-08-20,0.7852,0.7852,0.7760,0.7813,2784000,0.1734
1975-08-21,0.7813,0.7904,0.7708,0.7734,2179200,0.1717
1975-08-22,0.7734,0.7813,0.7708,0.7813,2006400,0.1734
1975-08-25,0.7826,0.7995,0.7826,0.7865,1459200,0.1745
1975-08-26,0.7865,0.7904,0.7708,0.7708,1478400,0.1711
1975-08-27,0.7708,0.7760,0.7669,0.7760,2131200,0.1722
1975-08-28,0.7760,0.7943,0.7734,0.7917,2563200,0.1757
1975-08-29,0.7917,0.8047,0.7826,0.8021,2803200,0.1780
1975-09-02,0.8021,0.8138,0.7799,0.7813,2889600,0.1734
1975-09-03,0.7813,0.7865,0.7721,0.7773,2092800,0.1725
1975-09-04,0.7773,0.7813,0.7578,0.7604,2006400,0.1688
1975-09-05,0.7617,0.7708,0.7617,0.7617,2025600,0.1691
1975-09-08,0.7591,0.7591,0.7513,0.7578,1929600,0.1682
1975-09-09,0.7578,0.7708,0.7448,0.7461,2323200,0.1656
1975-09-10,0.7396,0.7396,0.7344,0.7370,1363200,0.1649
1975-09-11,0.7370,0.7422,0.7318,0.7344,1689600,0.1643
1975-09-12,0.7344,0.7448,0.7331,0.7370,1315200,0.1649
1975-09-15,0.7370,0.7396,0.7266,0.7318,1670400,0.1637
1975-09-16,0.7318,0.7370,0.7253,0.7318,2544000,0.1637
1975-09-17,0.7318,0.7331,0.7253,0.7253,1161600,0.1623
1975-09-18,0.7292,0.7552,0.7292,0.7552,2044800,0.1690
1975-09-19,0.7552,0.7891,0.7552,0.7813,3571200,0.1748
1975-09-22,0.7813,0.7969,0.7813,0.7865,2611200,0.1760
1975-09-23,0.7786,0.7786,0.7526,0.7682,3590400,0.1719
1975-09-24,0.7682,0.7786,0.7630,0.7682,2323200,0.1719
1975-09-25,0.7682,0.7760,0.7630,0.7682,1766400,0.1719
1975-09-26,0.7682,0.7760,0.7630,0.7630,825600,0.1707
1975-09-29,0.7630,0.7630,0.7552,0.7578,873600,0.1696
1975-09-30,0.7552,0.7552,0.7318,0.7370,2121600,0.1649
1975-10-01,0.7370,0.7448,0.7279,0.7292,2956800,0.1631
1975-10-02,0.7383,0.7500,0.7383,0.7500,1670400,0.1678
1975-10-03,0.7552,0.7865,0.7552,0.7865,2131200,0.1760
1975-10-06,0.7865,0.8047,0.7865,0.7956,2716800,0.1780
1975-10-07,0.7956,0.8047,0.7891,0.8021,1449600,0.1795
1975-10-08,0.8073,0.8281,0.8073,0.8203,2505600,0.1835
1975-10-09,0.8255,0.8438,0.8255,0.8320,2188800,0.1862
1975-10-10,0.8320,0.8411,0.8203,0.8203,3331200,0.1835
1975-10-13,0.8203,0.8268,0.8099,0.8268,1104000,0.1850
1975-10-14,0.8268,0.8333,0.8125,0.8151,3081600,0.1824
1975-10-15,0.8151,0.8229,0.8073,0.8151,2380800,0.1824
1975-10-16,0.8164,0.8411,0.8164,0.8281,3148800,0.1853
1975-10-17,0.8281,0.8438,0.8190,0.8385,2668800,0.1876
1975-10-20,0.8385,0.8646,0.8385,0.8646,2448000,0.1934
1975-10-21,0.8646,0.8776,0.8620,0.8620,2755200,0.1929
1975-10-22,0.8620,0.8698,0.8594,0.8698,1987200,0.1946
1975-10-23,0.8698,0.8854,0.8672,0.8841,1872000,0.1978
1975-10-24,0.8841,0.8854,0.8620,0.8620,2582400,0.1929
1975-10-27,0.8620,0.8776,0.8594,0.8672,1641600,0.1940
1975-10-28,0.8672,0.8750,0.8646,0.8698,1545600,0.1946
1975-10-29,0.8646,0.8646,0.8398,0.8411,2630400,0.1882
1975-10-30,0.8411,0.8516,0.8359,0.8385,2976000,0.1876
1975-10-31,0.8385,0.8464,0.8281,0.8464,1276800,0.1894
1975-11-03,0.8464,0.8490,0.8411,0.8438,1353600,0.1888
1975-11-04,0.8438,0.8490,0.8372,0.8477,1920000,0.1897
1975-11-05,0.8516,0.8724,0.8516,0.8659,5395200,0.1937
1975-11-06,0.8659,0.8776,0.8659,0.8776,3955200,0.1964
1975-11-07,0.8789,0.8919,0.8789,0.8854,4732800,0.1981
1975-11-10,0.8854,0.8958,0.8828,0.8919,2688000,0.1996
1975-11-11,0.8919,0.9063,0.8893,0.9036,2505600,0.2022
1975-11-12,0.9089,0.9245,0.9089,0.9219,4416000,0.2063
1975-11-13,0.9219,0.9349,0.9219,0.9219,4924800,0.2063
1975-11-14,0.9219,0.9219,0.9167,0.9193,3494400,0.2057
1975-11-17,0.9193,0.9232,0.9128,0.9180,1814400,0.2054
1975-11-18,0.9180,0.9271,0.9167,0.9167,4310400,0.2051
1975-11-19,0.9167,0.9180,0.9036,0.9141,2496000,0.2045
1975-11-20,0.9141,0.9219,0.9023,0.9023,1862400,0.2019
1975-11-21,0.9023,0.9102,0.8958,0.9023,1968000,0.2019
1975-11-24,0.9023,0.9063,0.8958,0.9010,1843200,0.2029
1975-11-25,0.9076,0.9219,0.9076,0.9141,1977600,0.2059
1975-11-26,0.9141,0.9193,0.9063,0.9141,2256000,0.2059
1975-11-28,0.9141,0.9180,0.9076,0.9115,1161600,0.2053
1975-12-01,0.9128,0.9245,0.9128,0.9167,1574400,0.2065
1975-12-02,0.9141,0.9141,0.8984,0.9063,3158400,0.2041
1975-12-03,0.8893,0.8893,0.8620,0.8659,5049600,0.1950
1975-12-04,0.8659,0.8750,0.8568,0.8646,3648000,0.1947
1975-12-05,0.8646,0.8698,0.8490,0.8490,2553600,0.1912
1975-12-08,0.8490,0.8633,0.8464,0.8594,2592000,0.1936
1975-12-09,0.8594,0.8724,0.8542,0.8724,2342400,0.1965
1975-12-10,0.8724,0.8854,0.8724,0.8854,2380800,0.1994
1975-12-11,0.8854,0.8919,0.8724,0.8737,2592000,0.1968
1975-12-12,0.8737,0.8776,0.8698,0.8776,1478400,0.1977
1975-12-15,0.8776,0.8815,0.8711,0.8802,2073600,0.1983
1975-12-16,0.8828,0.8932,0.8828,0.8893,2390400,0.2003
1975-12-17,0.8893,0.8958,0.8828,0.8828,1939200,0.1988
1975-12-18,0.8828,0.8841,0.8737,0.8737,1641600,0.1968
1975-12-19,0.8724,0.8724,0.8490,0.8490,2774400,0.1912
1975-12-22,0.8490,0.8594,0.8451,0.8451,2563200,0.1903
1975-12-23,0.8490,0.8594,0.8490,0.8594,1776000,0.1936
1975-12-24,0.8672,0.8750,0.8672,0.8672,1766400,0.1953
1975-12-26,0.8672,0.8724,0.8659,0.8724,403200,0.1965
1975-12-29,0.8724,0.8724,0.8620,0.8620,1449600,0.1941
1975-12-30,0.8607,0.8607,0.8490,0.8529,2188800,0.1921
1975-12-31,0.8529,0.8620,0.8516,0.8568,2006400,0.1930
1976-01-02,0.8568,0.8698,0.8542,0.8698,1305600,0.1959
1976-01-05,0.8698,0.8958,0.8672,0.8932,2236800,0.2012
1976-01-06,0.8958,0.9089,0.8958,0.9010,3936000,0.2029
1976-01-07,0.9010,0.9141,0.8971,0.8984,4656000,0.2024
1976-01-08,0.8984,0.9063,0.8932,0.9036,2889600,0.2035
1976-01-09,0.9036,0.9245,0.8984,0.9193,2371200,0.2070
1976-01-12,0.9193,0.9349,0.9102,0.9349,2880000,0.2106
1976-01-13,0.9349,0.9401,0.9271,0.9297,6940800,0.2094
1976-01-14,0.9297,0.9362,0.9219,0.9362,4291200,0.2109
1976-01-15,0.9362,0.9375,0.9232,0.9232,2524800,0.2079
1976-01-16,0.9245,0.9414,0.9245,0.9414,2784000,0.2120
1976-01-19,0.9414,0.9544,0.9323,0.9479,3878400,0.2135
1976-01-20,0.9479,0.9518,0.9323,0.9362,2582400,0.2109
1976-01-21,0.9362,0.9375,0.9284,0.9284,4300800,0.2091
1976-01-22,0.9284,0.9479,0.9284,0.9440,2611200,0.2126
1976-01-23,0.9440,0.9766,0.9375,0.9648,4252800,0.2173
1976-01-26,0.9688,0.9896,0.9688,0.9740,6067200,0.2194
1976-01-27,0.9622,0.9622,0.9453,0.9453,4540800,0.2129
1976-01-28,0.9453,0.9505,0.9349,0.9440,2832000,0.2126
1976-01-29,0.9440,0.9753,0.9414,0.9753,2764800,0.2197
1976-01-30,0.9753,0.9922,0.9635,0.9661,5020800,0.2176
1976-02-02,0.9661,0.9661,0.9479,0.9609,2889600,0.2164
1976-02-03,0.9609,0.9635,0.9505,0.9583,4310400,0.2158
1976-02-04,0.9583,0.9609,0.9518,0.9518,2476800,0.2144
1976-02-05,0.9505,0.9505,0.9284,0.9310,3897600,0.2097
1976-02-06,0.9310,0.9453,0.9219,0.9297,4118400,0.2094
1976-02-09,0.9297,0.9414,0.9193,0.9375,4089600,0.2112
1976-02-10,0.9375,0.9453,0.9297,0.9401,1872000,0.2117
1976-02-11,0.9401,0.9466,0.9297,0.9323,2534400,0.2100
1976-02-12,0.9323,0.9349,0.9115,0.9128,2150400,0.2056
1976-02-13,0.9128,0.9154,0.9023,0.9023,2793600,0.2032
1976-02-17,0.9023,0.9102,0.8958,0.8971,4281600,0.2021
1976-02-18,0.8971,0.9063,0.8919,0.8919,3724800,0.2009
1976-02-19,0.9036,0.9219,0.9036,0.9193,4723200,0.2070
1976-02-20,0.9193,0.9440,0.9141,0.9310,6441600,0.2097
1976-02-23,0.9310,0.9375,0.9245,0.9336,2860800,0.2103
1976-02-24,0.9336,0.9414,0.9271,0.9271,4214400,0.2088
1976-02-25,0.9271,0.9349,0.9063,0.9141,3926400,0.2059
1976-02-26,0.9128,0.9128,0.8802,0.8828,4444800,0.1988
1976-02-27,0.8828,0.8958,0.8698,0.8802,4012800,0.1983
1976-03-01,0.8854,0.9036,0.8854,0.9036,2995200,0.2035
1976-03-02,0.9036,0.9167,0.9010,0.9076,4540800,0.2044
1976-03-03,0.9076,0.9245,0.8932,0.9089,6960000,0.2047
1976-03-04,0.9089,0.9089,0.8854,0.8893,2208000,0.2003
1976-03-05,0.8893,0.9036,0.8789,0.8815,3868800,0.1985
1976-03-08,0.8854,0.9167,0.8854,0.9167,3129600,0.2065
1976-03-09,0.9167,0.9245,0.8984,0.8984,3907200,0.2024
1976-03-10,0.8984,0.9115,0.8984,0.9036,1852800,0.2035
1976-03-11,0.9036,0.9049,0.8854,0.9010,3955200,0.2045
1976-03-12,0.9010,0.9036,0.8906,0.8997,3436800,0.2042
1976-03-15,0.8984,0.8984,0.8893,0.8893,1814400,0.2018
1976-03-16,0.8893,0.9036,0.8867,0.9010,2352000,0.2045
1976-03-17,0.9010,0.9167,0.9010,0.9023,2745600,0.2048
1976-03-18,0.9023,0.9023,0.8906,0.8958,2784000,0.2033
1976-03-19,0.8958,0.8971,0.8880,0.8932,3955200,0.2027
1976-03-22,0.8932,0.9010,0.8932,0.8984,2822400,0.2039
1976-03-23,0.8984,0.8984,0.8880,0.8958,5203200,0.2033
1976-03-24,0.9010,0.9193,0.9010,0.9128,3964800,0.2072
1976-03-25,0.9128,0.9167,0.9049,0.9049,2640000,0.2054
1976-03-26,0.9115,0.9206,0.9115,0.9180,1488000,0.2083
1976-03-29,0.9180,0.9219,0.9089,0.9115,2380800,0.2069
1976-03-30,0.9115,0.9141,0.9023,0.9023,1929600,0.2048
1976-03-31,0.9036,0.9167,0.9036,0.9154,2928000,0.2078
1976-04-01,0.9154,0.9154,0.9076,0.9076,3427200,0.2060
1976-04-02,0.9076,0.9115,0.8893,0.9076,2976000,0.2060
1976-04-05,0.9076,0.9102,0.8984,0.9049,2140800,0.2054
1976-04-06,0.9063,0.9141,0.9063,0.9063,3772800,0.2057
1976-04-07,0.9036,0.9036,0.8828,0.8841,4176000,0.2007
1976-04-08,0.8841,0.8919,0.8711,0.8750,4521600,0.1986
1976-04-09,0.8750,0.8880,0.8737,0.8776,1900800,0.1992
1976-04-12,0.8776,0.8841,0.8750,0.8763,3196800,0.1989
1976-04-13,0.8763,0.8841,0.8698,0.8841,4233600,0.2007
1976-04-14,0.8841,0.8880,0.8802,0.8815,2054400,0.2001
1976-04-15,0.8815,0.8828,0.8737,0.8802,1372800,0.1998
1976-04-19,0.8802,0.8828,0.8750,0.8815,2697600,0.2001
1976-04-20,0.8815,0.8945,0.8802,0.8932,5616000,0.2027
1976-04-21,0.8932,0.9245,0.8932,0.9193,4012800,0.2086
1976-04-22,0.9193,0.9271,0.9115,0.9115,3235200,0.2069
1976-04-23,0.9063,0.9063,0.8854,0.8854,5193600,0.2010
1976-04-26,0.8854,0.8906,0.8828,0.8854,3292800,0.2010
1976-04-27,0.8854,0.8906,0.8763,0.8776,2419200,0.1992
1976-04-28,0.8776,0.8919,0.8659,0.8750,3388800,0.1986
1976-04-29,0.8750,0.8815,0.8698,0.8698,2160000,0.1974
1976-04-30,0.8698,0.8750,0.8594,0.8594,1795200,0.1950
1976-05-03,0.8594,0.8633,0.8438,0.8555,3580800,0.1942
1976-05-04,0.8555,0.8594,0.8503,0.8581,4166400,0.1948
1976-05-05,0.8581,0.8594,0.8516,0.8594,2563200,0.1950
1976-05-06,0.8594,0.8750,0.8542,0.8672,2553600,0.1968
1976-05-07,0.8711,0.8854,0.8711,0.8854,2774400,0.2010
1976-05-10,0.8854,0.8932,0.8776,0.8789,4310400,0.1995
1976-05-11,0.8789,0.8828,0.8737,0.8763,3129600,0.1989
1976-05-12,0.8763,0.8776,0.8594,0.8620,3052800,0.1956
1976-05-13,0.8620,0.8698,0.8568,0.8659,1737600,0.1965
1976-05-14,0.8633,0.8633,0.8464,0.8490,2563200,0.1927
1976-05-17,0.8490,0.8529,0.8385,0.8464,2659200,0.1921
1976-05-18,0.8464,0.8542,0.8464,0.8529,3984000,0.1936
1976-05-19,0.8542,0.8620,0.8542,0.8594,1977600,0.1950
1976-05-20,0.8594,0.8646,0.8516,0.8516,3465600,0.1933
1976-05-21,0.8516,0.8568,0.8333,0.8346,3062400,0.1894
1976-05-24,0.8346,0.8372,0.8307,0.8320,3331200,0.1888
1976-05-25,0.8320,0.8398,0.8320,0.8372,4588800,0.1900
1976-05-26,0.8372,0.8451,0.8359,0.8372,2688000,0.1900
1976-05-27,0.8359,0.8359,0.8255,0.8359,5318400,0.1897
1976-05-28,0.8359,0.8464,0.8346,0.8464,3648000,0.1921
1976-06-01,0.8438,0.8438,0.8320,0.8385,2006400,0.1903
1976-06-02,0.8385,0.8411,0.8229,0.8229,3436800,0.1868
1976-06-03,0.8229,0.8268,0.8203,0.8216,5539200,0.1865
1976-06-04,0.8216,0.8229,0.8099,0.8125,2419200,0.1844
1976-06-07,0.8125,0.8151,0.8112,0.8112,3590400,0.1841
1976-06-08,0.8112,0.8177,0.8086,0.8164,5126400,0.1869
1976-06-09,0.8164,0.8229,0.8125,0.8177,3686400,0.1872
1976-06-10,0.8177,0.8307,0.8125,0.8281,4512000,0.1896
1976-06-11,0.8320,0.8411,0.8320,0.8398,6240000,0.1922
1976-06-14,0.8438,0.8503,0.8438,0.8490,6470400,0.1943
1976-06-15,0.8490,0.8516,0.8411,0.8490,3724800,0.1943
1976-06-16,0.8490,0.8542,0.8438,0.8464,4473600,0.1937
1976-06-17,0.8529,0.8633,0.8529,0.8607,4886400,0.1970
1976-06-18,0.8607,0.8698,0.8542,0.8542,3926400,0.1955
1976-06-21,0.8503,0.8503,0.8385,0.8477,3657600,0.1940
1976-06-22,0.8477,0.8477,0.8385,0.8385,2169600,0.1920
1976-06-23,0.8385,0.8438,0.8281,0.8333,2956800,0.1908
1976-06-24,0.8333,0.8464,0.8307,0.8464,3427200,0.1937
1976-06-25,0.8464,0.8568,0.8464,0.8490,2054400,0.1943
1976-06-28,0.8490,0.8529,0.8438,0.8438,3667200,0.1931
1976-06-29,0.8516,0.8711,0.8516,0.8646,3830400,0.1979
1976-06-30,0.8698,0.8828,0.8698,0.8763,3340800,0.2006
1976-07-01,0.8763,0.8776,0.8659,0.8711,1939200,0.1994
1976-07-02,0.8711,0.8724,0.8633,0.8685,2371200,0.1988
1976-07-06,0.8685,0.8724,0.8633,0.8633,3715200,0.1976
1976-07-07,0.8646,0.8698,0.8646,0.8698,1833600,0.1991
1976-07-08,0.8698,0.8802,0.8698,0.8750,3782400,0.2003
1976-07-09,0.8750,0.8984,0.8724,0.8984,2601600,0.2057
1976-07-12,0.9036,0.9245,0.9036,0.9167,4300800,0.2098
1976-07-13,0.9167,0.9180,0.9063,0.9063,3177600,0.2074
1976-07-14,0.9063,0.9167,0.9036,0.9115,4454400,0.2086
1976-07-15,0.9115,0.9167,0.9063,0.9089,1488000,0.2080
1976-07-16,0.9049,0.9049,0.8958,0.9023,1689600,0.2066
1976-07-19,0.9023,0.9049,0.8880,0.8880,2352000,0.2033
1976-07-20,0.8880,0.8906,0.8724,0.8776,1670400,0.2009
1976-07-21,0.8776,0.8841,0.8750,0.8776,2352000,0.2009
1976-07-22,0.8776,0.8789,0.8737,0.8776,2966400,0.2009
1976-07-23,0.8815,0.8932,0.8815,0.8893,2620800,0.2036
1976-07-26,0.8932,0.9023,0.8932,0.9010,2985600,0.2063
1976-07-27,0.9010,0.9076,0.9010,0.9010,2275200,0.2063
1976-07-28,0.9010,0.9010,0.8945,0.9010,2640000,0.2063
1976-07-29,0.9010,0.9049,0.8984,0.9049,1833600,0.2072
1976-07-30,0.9049,0.9049,0.8984,0.9036,2179200,0.2069
1976-08-02,0.9036,0.9089,0.9010,0.9063,1324800,0.2074
1976-08-03,0.9076,0.9219,0.9076,0.9219,3206400,0.2110
1976-08-04,0.9219,0.9271,0.9141,0.9232,4272000,0.2113
1976-08-05,0.9193,0.9193,0.9115,0.9115,2668800,0.2086
1976-08-06,0.9115,0.9115,0.9036,0.9036,1478400,0.2069
1976-08-09,0.9036,0.9089,0.8919,0.8919,2352000,0.2042
1976-08-10,0.8971,0.9010,0.8971,0.9010,1929600,0.2063
1976-08-11,0.9010,0.9115,0.8997,0.9036,3648000,0.2069
1976-08-12,0.9036,0.9063,0.8997,0.9063,2726400,0.2074
1976-08-13,0.9063,0.9141,0.9049,0.9141,2467200,0.2092
1976-08-16,0.9128,0.9128,0.9076,0.9128,4262400,0.2089
1976-08-17,0.9128,0.9154,0.9089,0.9141,3350400,0.2092
1976-08-18,0.9154,0.9219,0.9154,0.9167,3408000,0.2098
1976-08-19,0.9167,0.9193,0.9115,0.9128,2620800,0.2089
1976-08-20,0.9128,0.9141,0.9076,0.9115,2400000,0.2086
1976-08-23,0.8997,0.8997,0.8880,0.8945,5212800,0.2048
1976-08-24,0.8880,0.8880,0.8737,0.8789,2976000,0.2012
1976-08-25,0.8789,0.8932,0.8724,0.8906,3235200,0.2039
1976-08-26,0.8906,0.8906,0.8802,0.8828,2505600,0.2021
1976-08-27,0.8828,0.8854,0.8750,0.8815,1084800,0.2018
1976-08-30,0.8815,0.8854,0.8802,0.8854,1776000,0.2027
1976-08-31,0.8854,0.8997,0.8828,0.8997,2860800,0.2060
1976-09-01,0.8997,0.9102,0.8984,0.9102,1939200,0.2083
1976-09-02,0.9102,0.9154,0.9049,0.9049,2409600,0.2072
1976-09-03,0.9049,0.9115,0.9036,0.9115,1593600,0.2086
1976-09-07,0.9115,0.9206,0.9115,0.9180,2131200,0.2101
1976-09-08,0.9193,0.9258,0.9193,0.9219,3312000,0.2110
1976-09-09,0.9193,0.9193,0.9036,0.9049,1843200,0.2072
1976-09-10,0.9023,0.9023,0.8828,0.9023,2668800,0.2081
1976-09-13,0.9010,0.9010,0.8906,0.8945,1737600,0.2063
1976-09-14,0.8932,0.8932,0.8867,0.8880,1737600,0.2048
1976-09-15,0.8880,0.8919,0.8880,0.8906,1968000,0.2054
1976-09-16,0.8906,0.9010,0.8880,0.9010,2035200,0.2078
1976-09-17,0.9063,0.9193,0.9063,0.9193,2976000,0.2120
1976-09-20,0.9193,0.9193,0.9089,0.9089,2352000,0.2096
1976-09-21,0.9089,0.9219,0.9036,0.9102,3340800,0.2099
1976-09-22,0.9128,0.9336,0.9128,0.9284,4934400,0.2141
1976-09-23,0.9284,0.9284,0.9115,0.9154,5030400,0.2111
1976-09-24,0.9115,0.9115,0.9010,0.9036,3244800,0.2084
1976-09-27,0.9049,0.9102,0.9049,0.9089,1190400,0.2096
1976-09-28,0.9089,0.9089,0.8880,0.8984,2400000,0.2072
1976-09-29,0.8984,0.8984,0.8906,0.8906,1516800,0.2054
1976-09-30,0.8906,0.8958,0.8880,0.8945,2140800,0.2063
1976-10-01,0.8945,0.8958,0.8828,0.8828,4732800,0.2036
1976-10-04,0.8828,0.8854,0.8750,0.8789,4502400,0.2027
1976-10-05,0.8789,0.8815,0.8724,0.8815,2188800,0.2033
1976-10-06,0.8815,0.8880,0.8789,0.8828,2323200,0.2036
1976-10-07,0.8828,0.8906,0.8776,0.8906,3388800,0.2054
1976-10-08,0.8906,0.8984,0.8880,0.8880,2572800,0.2048
1976-10-11,0.8880,0.8880,0.8802,0.8880,1910400,0.2048
1976-10-12,0.8854,0.8854,0.8711,0.8750,2236800,0.2018
1976-10-13,0.8724,0.8724,0.8633,0.8724,7555200,0.2012
1976-10-14,0.8711,0.8711,0.8359,0.8372,4070400,0.1931
1976-10-15,0.8372,0.8385,0.8320,0.8359,6633600,0.1928
1976-10-18,0.8372,0.8503,0.8372,0.8477,3235200,0.1955
1976-10-19,0.8477,0.8516,0.8438,0.8477,2419200,0.1955
1976-10-20,0.8477,0.8503,0.8411,0.8503,2380800,0.1961
1976-10-21,0.8503,0.8529,0.8411,0.8424,1948800,0.1943
1976-10-22,0.8385,0.8385,0.8190,0.8385,2668800,0.1934
1976-10-25,0.8385,0.8385,0.8255,0.8359,2505600,0.1928
1976-10-26,0.8359,0.8464,0.8333,0.8438,2870400,0.1946
1976-10-27,0.8477,0.8568,0.8477,0.8542,3187200,0.1970
1976-10-28,0.8542,0.8594,0.8503,0.8503,2150400,0.1961
1976-10-29,0.8503,0.8568,0.8464,0.8568,2208000,0.1976
1976-11-01,0.8568,0.8724,0.8568,0.8568,1968000,0.1976
1976-11-03,0.8555,0.8555,0.8464,0.8516,4032000,0.1964
1976-11-04,0.8516,0.8568,0.8438,0.8438,2198400,0.1946
1976-11-05,0.8438,0.8464,0.8060,0.8112,10108800,0.1871
1976-11-08,0.8086,0.8086,0.7943,0.8060,6067200,0.1859
1976-11-09,0.8060,0.8112,0.7995,0.8073,5280000,0.1862
1976-11-10,0.8073,0.8125,0.7956,0.7969,5020800,0.1838
1976-11-11,0.7969,0.8125,0.7956,0.8125,2092800,0.1874
1976-11-12,0.8099,0.8099,0.7943,0.8008,3187200,0.1847
1976-11-15,0.8008,0.8151,0.8008,0.8151,3052800,0.1880
1976-11-16,0.8151,0.8229,0.8112,0.8125,3024000,0.1874
1976-11-17,0.8125,0.8229,0.8099,0.8203,3206400,0.1892
1976-11-18,0.8203,0.8281,0.8177,0.8268,2870400,0.1907
1976-11-19,0.8268,0.8333,0.8216,0.8216,3225600,0.1895
1976-11-22,0.8255,0.8424,0.8255,0.8333,3408000,0.1922
1976-11-23,0.8333,0.8372,0.8242,0.8294,3139200,0.1913
1976-11-24,0.8294,0.8438,0.8216,0.8438,3820800,0.1963
1976-11-26,0.8438,0.8516,0.8398,0.8477,2563200,0.1972
1976-11-29,0.8477,0.8490,0.8307,0.8320,1152000,0.1935
1976-11-30,0.8320,0.8320,0.8216,0.8242,2140800,0.1917
1976-12-01,0.8242,0.8294,0.8203,0.8203,2294400,0.1908
1976-12-02,0.8203,0.8255,0.8203,0.8203,2179200,0.1908
1976-12-03,0.8203,0.8229,0.8138,0.8164,4368000,0.1899
1976-12-06,0.8164,0.8177,0.8073,0.8073,3273600,0.1878
1976-12-07,0.8073,0.8151,0.7995,0.7995,4012800,0.1860
1976-12-08,0.7995,0.8099,0.7969,0.8099,6336000,0.1884
1976-12-09,0.8099,0.8164,0.8021,0.8021,6528000,0.1866
1976-12-10,0.8021,0.8073,0.7891,0.7917,8832000,0.1841
1976-12-13,0.7917,0.7930,0.7826,0.7904,3187200,0.1838
1976-12-14,0.7904,0.8021,0.7891,0.8021,5155200,0.1866
1976-12-15,0.8008,0.8008,0.7852,0.7865,7056000,0.1829
1976-12-16,0.7865,0.7917,0.7839,0.7865,5356800,0.1829
1976-12-17,0.7865,0.7969,0.7826,0.7826,3820800,0.1820
1976-12-20,0.7826,0.7852,0.7656,0.7656,9936000,0.1781
1976-12-21,0.7656,0.7826,0.7643,0.7826,7430400,0.1820
1976-12-22,0.7878,0.8099,0.7878,0.8047,8764800,0.1872
1976-12-23,0.8073,0.8177,0.8073,0.8112,4790400,0.1887
1976-12-27,0.8112,0.8203,0.8099,0.8164,5673600,0.1899
1976-12-28,0.8177,0.8281,0.8177,0.8255,3552000,0.1920
1976-12-29,0.8255,0.8268,0.8138,0.8164,3744000,0.1899
1976-12-30,0.8177,0.8242,0.8177,0.8177,2409600,0.1902
1976-12-31,0.8177,0.8229,0.8151,0.8229,2217600,0.1914
1977-01-03,0.8229,0.8229,0.8138,0.8177,2611200,0.1902
1977-01-04,0.8164,0.8164,0.8021,0.8086,2880000,0.1881
1977-01-05,0.8086,0.8099,0.7956,0.7956,4003200,0.1851
1977-01-06,0.7956,0.8073,0.7956,0.8073,3110400,0.1878
1977-01-07,0.8073,0.8073,0.7969,0.8021,3388800,0.1866
1977-01-10,0.8021,0.8021,0.7982,0.8008,1910400,0.1863
1977-01-11,0.8008,0.8008,0.7865,0.7904,5289600,0.1838
1977-01-12,0.7878,0.7878,0.7799,0.7852,3484800,0.1826
1977-01-13,0.7891,0.8008,0.7891,0.7969,4300800,0.1854
1977-01-14,0.7969,0.7969,0.7865,0.7865,4329600,0.1829
1977-01-17,0.7865,0.7865,0.7760,0.7786,3484800,0.1811
1977-01-18,0.7786,0.7852,0.7708,0.7773,4972800,0.1808
1977-01-19,0.7773,0.7839,0.7695,0.7813,2860800,0.1817
1977-01-20,0.7813,0.7917,0.7760,0.7773,3331200,0.1808
1977-01-21,0.7813,0.7930,0.7813,0.7930,3696000,0.1844
1977-01-24,0.7930,0.7930,0.7865,0.7891,3763200,0.1835
1977-01-25,0.7891,0.7917,0.7839,0.7891,4348800,0.1835
1977-01-26,0.7891,0.7891,0.7773,0.7786,4041600,0.1811
1977-01-27,0.7786,0.7813,0.7747,0.7786,3840000,0.1811
1977-01-28,0.7786,0.7826,0.7721,0.7747,4934400,0.1802
1977-01-31,0.7747,0.7786,0.7695,0.7786,3580800,0.1811
1977-02-01,0.7786,0.7813,0.7682,0.7747,3638400,0.1802
1977-02-02,0.7747,0.7813,0.7708,0.7773,4348800,0.1808
1977-02-03,0.7773,0.7786,0.7734,0.7734,7161600,0.1799
1977-02-04,0.7734,0.7852,0.7721,0.7747,4550400,0.1802
1977-02-07,0.7839,0.7969,0.7839,0.7917,3609600,0.1841
1977-02-08,0.7917,0.7943,0.7773,0.7865,5500800,0.1829
1977-02-09,0.7865,0.7904,0.7786,0.7839,6134400,0.1823
1977-02-10,0.7839,0.7891,0.7826,0.7865,2620800,0.1829
1977-02-11,0.7865,0.7891,0.7826,0.7865,4003200,0.1829
1977-02-14,0.7865,0.7995,0.7826,0.7982,4176000,0.1857
1977-02-15,0.7982,0.8021,0.7969,0.8008,3312000,0.1863
1977-02-16,0.8008,0.8112,0.7956,0.8086,5356800,0.1881
1977-02-17,0.8086,0.8099,0.8021,0.8034,3782400,0.1869
1977-02-18,0.8034,0.8047,0.7995,0.8047,6777600,0.1872
1977-02-22,0.8047,0.8112,0.8034,0.8086,3062400,0.1881
1977-02-23,0.8086,0.8138,0.7982,0.7995,2928000,0.1860
1977-02-24,0.7956,0.7956,0.7917,0.7930,2620800,0.1844
1977-02-25,0.7930,0.7943,0.7878,0.7943,2755200,0.1847
1977-02-28,0.7943,0.7995,0.7904,0.7982,4300800,0.1857
1977-03-01,0.7982,0.8229,0.7982,0.8229,6422400,0.1914
1977-03-02,0.8229,0.8333,0.8229,0.8333,6019200,0.1938
1977-03-03,0.8333,0.8359,0.8281,0.8359,9532800,0.1944
1977-03-04,0.8359,0.8359,0.7982,0.7995,11020800,0.1860
1977-03-07,0.7995,0.8047,0.7799,0.7917,14246400,0.1841
1977-03-08,0.7917,0.8060,0.7917,0.7917,8284800,0.1841
1977-03-09,0.7917,0.7917,0.7604,0.7604,14611200,0.1769
1977-03-10,0.7630,0.7969,0.7630,0.7878,17395200,0.1852
1977-03-11,0.7943,0.8047,0.7943,0.7995,4147200,0.1879
1977-03-14,0.7995,0.8125,0.7956,0.8112,5107200,0.1907
1977-03-15,0.8112,0.8164,0.8073,0.8086,4204800,0.1901
1977-03-16,0.8112,0.8164,0.8112,0.8151,3532800,0.1916
1977-03-17,0.8151,0.8164,0.8125,0.8164,4617600,0.1919
1977-03-18,0.8151,0.8151,0.8112,0.8125,3216000,0.1910
1977-03-21,0.8125,0.8151,0.8099,0.8138,2400000,0.1913
1977-03-22,0.8138,0.8151,0.8099,0.8125,1968000,0.1910
1977-03-23,0.8125,0.8164,0.8112,0.8125,3609600,0.1910
1977-03-24,0.8112,0.8112,0.8060,0.8060,2995200,0.1895
1977-03-25,0.8073,0.8112,0.8073,0.8086,1372800,0.1901
1977-03-28,0.8086,0.8099,0.8047,0.8099,4070400,0.1904
1977-03-29,0.8099,0.8125,0.8060,0.8099,1382400,0.1904
1977-03-30,0.8099,0.8112,0.7943,0.7943,6153600,0.1867
1977-03-31,0.7943,0.8034,0.7930,0.8008,1564800,0.1882
1977-04-01,0.8008,0.8073,0.7995,0.8073,4300800,0.1898
1977-04-04,0.8073,0.8125,0.7969,0.7969,3168000,0.1873
1977-04-05,0.7969,0.8021,0.7891,0.7943,2332800,0.1867
1977-04-06,0.7943,0.7995,0.7878,0.7878,1833600,0.1852
1977-04-07,0.7891,0.7943,0.7891,0.7917,4473600,0.1861
1977-04-11,0.7917,0.8021,0.7917,0.7995,3744000,0.1879
1977-04-12,0.7995,0.8099,0.7969,0.8086,3561600,0.1901
1977-04-13,0.8086,0.8203,0.8034,0.8203,4300800,0.1928
1977-04-14,0.8203,0.8307,0.8164,0.8268,7756800,0.1944
1977-04-15,0.8268,0.8281,0.8229,0.8242,4147200,0.1938
1977-04-18,0.8242,0.8281,0.8216,0.8229,2563200,0.1935
1977-04-19,0.8229,0.8255,0.8164,0.8177,2793600,0.1922
1977-04-20,0.8177,0.8190,0.8125,0.8151,5385600,0.1916
1977-04-21,0.8151,0.8190,0.8047,0.8047,3888000,0.1892
1977-04-22,0.8047,0.8086,0.7891,0.7891,5952000,0.1855
1977-04-25,0.7878,0.7878,0.7604,0.7604,8582400,0.1788
1977-04-26,0.7604,0.7734,0.7591,0.7604,8937600,0.1788
1977-04-27,0.7604,0.7682,0.7487,0.7604,8409600,0.1788
1977-04-28,0.7604,0.7799,0.7604,0.7734,5337600,0.1818
1977-04-29,0.7734,0.7786,0.7643,0.7708,4377600,0.1812
1977-05-02,0.7708,0.7760,0.7643,0.7708,2361600,0.1812
1977-05-03,0.7773,0.7891,0.7773,0.7852,5568000,0.1846
1977-05-04,0.7852,0.7904,0.7813,0.7865,5337600,0.1849
1977-05-05,0.7865,0.7930,0.7852,0.7904,3369600,0.1858
1977-05-06,0.7878,0.7878,0.7760,0.7773,6096000,0.1827
1977-05-09,0.7773,0.7773,0.7656,0.7682,8208000,0.1806
1977-05-10,0.7682,0.7799,0.7682,0.7708,5232000,0.1812
1977-05-11,0.7708,0.7708,0.7604,0.7617,3820800,0.1791
1977-05-12,0.7617,0.7643,0.7578,0.7578,6633600,0.1781
1977-05-13,0.7578,0.7656,0.7578,0.7630,5088000,0.1794
1977-05-16,0.7669,0.7747,0.7669,0.7669,2284800,0.1803
1977-05-17,0.7669,0.7839,0.7643,0.7813,3504000,0.1837
1977-05-18,0.7813,0.7852,0.7760,0.7773,6864000,0.1827
1977-05-19,0.7773,0.7786,0.7682,0.7682,4608000,0.1806
1977-05-20,0.7682,0.7813,0.7669,0.7813,8620800,0.1837
1977-05-23,0.7786,0.7786,0.7682,0.7695,4752000,0.1809
1977-05-24,0.7695,0.7721,0.7669,0.7721,2611200,0.1815
1977-05-25,0.7721,0.7747,0.7578,0.7591,7574400,0.1785
1977-05-26,0.7591,0.7617,0.7513,0.7565,7238400,0.1778
1977-05-27,0.7552,0.7552,0.7500,0.7526,2361600,0.1769
1977-05-31,0.7526,0.7552,0.7474,0.7487,2419200,0.1760
1977-06-01,0.7786,0.7786,0.7474,0.7760,4401600,0.1824
1977-06-02,0.7760,0.7760,0.7578,0.7630,2913600,0.1794
1977-06-03,0.7630,0.7786,0.7630,0.7760,3412800,0.1824
1977-06-06,0.7760,0.7891,0.7708,0.7865,3240000,0.1849
1977-06-07,0.7865,0.7891,0.7604,0.7708,8476800,0.1812
1977-06-08,0.7708,0.7865,0.7682,0.7813,5337600,0.1837
1977-06-09,0.7813,0.7839,0.7734,0.7839,2448000,0.1843
1977-06-10,0.7786,0.7786,0.7734,0.7760,1819200,0.1843
1977-06-13,0.7760,0.7813,0.7656,0.7656,4372800,0.1818
1977-06-14,0.7656,0.7813,0.7656,0.7708,3595200,0.1831
1977-06-15,0.7708,0.7734,0.7630,0.7708,4435200,0.1831
1977-06-16,0.7708,0.7760,0.7630,0.7708,4027200,0.1831
1977-06-17,0.7708,0.7734,0.7656,0.7734,3240000,0.1837
1977-06-20,0.7708,0.7708,0.7604,0.7630,3724800,0.1812
1977-06-21,0.7656,0.7786,0.7656,0.7760,2889600,0.1843
1977-06-22,0.7760,0.7813,0.7708,0.7813,3633600,0.1856
1977-06-23,0.7813,0.7813,0.7734,0.7786,2020800,0.1849
1977-06-24,0.7786,0.7943,0.7760,0.7891,3652800,0.1874
1977-06-27,0.7891,0.7943,0.7865,0.7917,3187200,0.1880
1977-06-28,0.7917,0.7943,0.7839,0.7865,2102400,0.1868
1977-06-29,0.7839,0.7839,0.7708,0.7734,4800000,0.1837
1977-06-30,0.7734,0.7786,0.7656,0.7760,3772800,0.1843
1977-07-01,0.7760,0.7786,0.7708,0.7708,2016000,0.1831
1977-07-05,0.7708,0.7813,0.7708,0.7786,2006400,0.1849
1977-07-06,0.7786,0.7813,0.7734,0.7813,1228800,0.1856
1977-07-07,0.7813,0.7917,0.7786,0.7891,1579200,0.1874
1977-07-08,0.7943,0.8021,0.7943,0.7943,1252800,0.1886
1977-07-11,0.7943,0.7943,0.7839,0.7891,1348800,0.1874
1977-07-12,0.7891,0.7917,0.7839,0.7917,1790400,0.1880
1977-07-13,0.7917,0.7969,0.7839,0.7969,1310400,0.1893
1977-07-15,0.8047,0.8255,0.8047,0.8229,2788800,0.1955
1977-07-18,0.8229,0.8307,0.8177,0.8281,3710400,0.1967
1977-07-19,0.8281,0.8490,0.8177,0.8464,3748800,0.2010
1977-07-20,0.8464,0.8516,0.8307,0.8359,2668800,0.1985
1977-07-21,0.8333,0.8333,0.8203,0.8255,1996800,0.1961
1977-07-22,0.8281,0.8385,0.8281,0.8333,1684800,0.1979
1977-07-25,0.8333,0.8359,0.8177,0.8229,1646400,0.1955
1977-07-26,0.8229,0.8281,0.8177,0.8255,1382400,0.1961
1977-07-27,0.8255,0.8255,0.8177,0.8229,897600,0.1955
1977-07-28,0.8151,0.8151,0.8073,0.8099,1579200,0.1924
1977-07-29,0.8099,0.8177,0.7995,0.8151,1747200,0.1936
1977-08-01,0.8151,0.8255,0.8073,0.8177,1752000,0.1942
1977-08-02,0.8177,0.8203,0.8047,0.8125,1704000,0.1930
1977-08-03,0.8125,0.8151,0.8047,0.8125,1060800,0.1930
1977-08-04,0.8125,0.8151,0.8099,0.8125,3523200,0.1930
1977-08-05,0.8125,0.8125,0.8021,0.8073,1584000,0.1917
1977-08-08,0.8073,0.8099,0.7969,0.7995,1468800,0.1899
1977-08-09,0.7995,0.8099,0.7943,0.8073,873600,0.1917
1977-08-10,0.8073,0.8099,0.8021,0.8073,1828800,0.1917
1977-08-11,0.8073,0.8099,0.8021,0.8047,2059200,0.1911
1977-08-12,0.8047,0.8073,0.7943,0.8047,1017600,0.1911
1977-08-15,0.8047,0.8099,0.7969,0.8099,1435200,0.1924
1977-08-16,0.8099,0.8125,0.8073,0.8099,2952000,0.1924
1977-08-17,0.8099,0.8151,0.8047,0.8125,1075200,0.1930
1977-08-18,0.8125,0.8385,0.8099,0.8229,3691200,0.1955
1977-08-19,0.8229,0.8333,0.8203,0.8281,1521600,0.1967
1977-08-22,0.8281,0.8359,0.8203,0.8333,2342400,0.1979
1977-08-23,0.8333,0.8385,0.8307,0.8359,1886400,0.1985
1977-08-24,0.8359,0.8385,0.8307,0.8307,2510400,0.1973
1977-08-25,0.8307,0.8307,0.8099,0.8151,1272000,0.1936
1977-08-26,0.8151,0.8203,0.8073,0.8151,1478400,0.1936
1977-08-29,0.8177,0.8359,0.8177,0.8307,1132800,0.1973
1977-08-30,0.8307,0.8359,0.8281,0.8307,2164800,0.1973
1977-08-31,0.8307,0.8307,0.8151,0.8281,1934400,0.1967
1977-09-01,0.8281,0.8359,0.8229,0.8307,950400,0.1973
1977-09-02,0.8307,0.8359,0.8229,0.8307,2323200,0.1973
1977-09-06,0.8307,0.8359,0.8229,0.8307,1334400,0.1973
1977-09-07,0.8307,0.8359,0.8307,0.8333,1483200,0.1979
1977-09-08,0.8333,0.8359,0.8177,0.8177,1478400,0.1942
1977-09-09,0.8177,0.8307,0.8177,0.8281,1478400,0.1967
1977-09-12,0.8281,0.8281,0.8177,0.8229,2448000,0.1974
1977-09-13,0.8229,0.8281,0.8203,0.8281,2520000,0.1986
1977-09-14,0.8281,0.8411,0.8281,0.8359,6446400,0.2005
1977-09-15,0.8359,0.8438,0.8333,0.8385,2702400,0.2011
1977-09-16,0.8385,0.8411,0.8359,0.8385,1872000,0.2011
1977-09-19,0.8359,0.8359,0.8203,0.8307,1425600,0.1992
1977-09-20,0.8281,0.8281,0.8125,0.8203,2380800,0.1967
1977-09-21,0.8203,0.8229,0.8125,0.8177,1680000,0.1961
1977-09-22,0.8177,0.8203,0.8151,0.8177,2827200,0.1961
1977-09-23,0.8177,0.8229,0.8177,0.8229,2016000,0.1974
1977-09-26,0.8229,0.8281,0.8203,0.8281,1660800,0.1986
1977-09-27,0.8281,0.8307,0.8229,0.8281,1272000,0.1986
1977-09-28,0.8281,0.8333,0.8281,0.8307,2875200,0.1992
1977-09-29,0.8307,0.8333,0.8255,0.8307,1944000,0.1992
1977-09-30,0.8307,0.8359,0.8255,0.8255,1569600,0.1980
1977-10-03,0.8281,0.8359,0.8281,0.8359,3369600,0.2005
1977-10-04,0.8359,0.8385,0.8151,0.8151,3206400,0.1955
1977-10-05,0.8151,0.8255,0.8125,0.8177,3537600,0.1961
1977-10-06,0.8177,0.8281,0.8151,0.8281,2620800,0.1986
1977-10-07,0.8281,0.8307,0.8229,0.8307,1214400,0.1992
1977-10-10,0.8307,0.8333,0.8203,0.8255,806400,0.1980
1977-10-11,0.8255,0.8359,0.8203,0.8333,2160000,0.1999
1977-10-12,0.8203,0.8203,0.7943,0.7995,2073600,0.1917
1977-10-13,0.7995,0.8099,0.7969,0.7995,1675200,0.1917
1977-10-14,0.7995,0.8177,0.7995,0.7995,3696000,0.1917
1977-10-17,0.7995,0.8047,0.7969,0.8047,1281600,0.1930
1977-10-18,0.8047,0.8073,0.7969,0.7995,979200,0.1917
1977-10-19,0.7995,0.7995,0.7760,0.7813,3364800,0.1874
1977-10-20,0.7813,0.7865,0.7708,0.7813,2097600,0.1874
1977-10-21,0.7813,0.7891,0.7786,0.7839,1540800,0.1880
1977-10-24,0.7839,0.7891,0.7813,0.7813,1483200,0.1874
1977-10-25,0.7813,0.7813,0.7630,0.7760,3441600,0.1861
1977-10-26,0.7760,0.7943,0.7760,0.7917,3403200,0.1899
1977-10-27,0.7969,0.8047,0.7969,0.8021,4718400,0.1924
1977-10-28,0.8021,0.8021,0.7917,0.7917,3480000,0.1899
1977-10-31,0.7891,0.7891,0.7734,0.7786,2424000,0.1867
1977-11-01,0.7786,0.7813,0.7682,0.7682,2232000,0.1842
1977-11-02,0.7682,0.7708,0.7396,0.7422,7756800,0.1780
1977-11-03,0.7422,0.7552,0.7422,0.7526,2836800,0.1805
1977-11-04,0.7526,0.7630,0.7500,0.7604,3537600,0.1824
1977-11-07,0.7630,0.7813,0.7630,0.7760,3249600,0.1861
1977-11-08,0.7760,0.7865,0.7760,0.7813,7502400,0.1874
1977-11-09,0.7813,0.8021,0.7734,0.7995,4185600,0.1917
1977-11-10,0.7995,0.8125,0.7917,0.8125,6268800,0.1949
1977-11-11,0.8177,0.8307,0.8177,0.8203,3518400,0.1967
1977-11-14,0.8203,0.8203,0.8099,0.8125,3192000,0.1949
1977-11-15,0.8125,0.8125,0.7943,0.8047,3475200,0.1930
1977-11-16,0.8047,0.8099,0.7995,0.8047,2908800,0.1930
1977-11-17,0.8021,0.8021,0.7917,0.7917,3585600,0.1899
1977-11-18,0.7943,0.8073,0.7943,0.8073,3201600,0.1936
1977-11-21,0.8073,0.8099,0.8021,0.8021,3825600,0.1924
1977-11-22,0.8021,0.8099,0.8021,0.8047,4608000,0.1930
1977-11-23,0.8047,0.8073,0.7995,0.8073,3120000,0.1936
1977-11-25,0.8073,0.8073,0.7969,0.8073,2788800,0.1956
1977-11-28,0.8073,0.8073,0.7969,0.7969,2582400,0.1930
1977-11-29,0.7943,0.7943,0.7865,0.7917,1300800,0.1918
1977-11-30,0.7917,0.7943,0.7865,0.7891,1833600,0.1911
1977-12-01,0.7891,0.7943,0.7865,0.7865,2361600,0.1905
1977-12-02,0.7865,0.7917,0.7786,0.7786,2443200,0.1886
1977-12-05,0.7786,0.7786,0.7682,0.7708,2611200,0.1867
1977-12-06,0.7682,0.7682,0.7578,0.7656,3633600,0.1855
1977-12-07,0.7656,0.7682,0.7604,0.7630,3456000,0.1848
1977-12-08,0.7630,0.7708,0.7604,0.7682,5966400,0.1861
1977-12-09,0.7682,0.7839,0.7682,0.7760,1656000,0.1880
1977-12-12,0.7760,0.7760,0.7656,0.7734,1430400,0.1874
1977-12-13,0.7734,0.7760,0.7630,0.7734,2270400,0.1874
1977-12-14,0.7734,0.7760,0.7656,0.7760,2044800,0.1880
1977-12-15,0.7760,0.7839,0.7682,0.7682,4166400,0.1861
1977-12-16,0.7682,0.7786,0.7656,0.7760,1368000,0.1880
1977-12-19,0.7760,0.7813,0.7682,0.7682,1795200,0.1861
1977-12-20,0.7656,0.7656,0.7578,0.7656,2961600,0.1855
1977-12-21,0.7656,0.7656,0.7578,0.7604,2947200,0.1842
1977-12-22,0.7604,0.7760,0.7604,0.7604,2673600,0.1842
1977-12-23,0.7630,0.7734,0.7630,0.7656,2390400,0.1855
1977-12-27,0.7656,0.7760,0.7656,0.7682,1435200,0.1861
1977-12-28,0.7682,0.7708,0.7630,0.7630,1401600,0.1848
1977-12-29,0.7630,0.7708,0.7630,0.7708,4166400,0.1867
1977-12-30,0.7708,0.7813,0.7708,0.7760,2020800,0.1880
1978-01-03,0.7682,0.7682,0.7578,0.7578,2088000,0.1836
1978-01-04,0.7578,0.7682,0.7578,0.7656,2208000,0.1855
1978-01-05,0.7656,0.7839,0.7578,0.7578,1627200,0.1836
1978-01-06,0.7578,0.7578,0.7474,0.7578,1684800,0.1836
1978-01-09,0.7552,0.7552,0.7422,0.7500,3249600,0.1817
1978-01-10,0.7500,0.7578,0.7500,0.7526,1526400,0.1823
1978-01-11,0.7526,0.7526,0.7422,0.7448,2827200,0.1804
1978-01-12,0.7448,0.7474,0.7344,0.7370,3259200,0.1785
1978-01-13,0.7370,0.7422,0.7344,0.7396,2020800,0.1792
1978-01-16,0.7396,0.7500,0.7370,0.7474,2308800,0.1811
1978-01-17,0.7474,0.7500,0.7396,0.7500,2395200,0.1817
1978-01-18,0.7500,0.7578,0.7474,0.7578,2678400,0.1836
1978-01-19,0.7578,0.7682,0.7552,0.7630,1344000,0.1848
1978-01-20,0.7630,0.7656,0.7552,0.7578,1238400,0.1836
1978-01-23,0.7578,0.7578,0.7474,0.7500,2088000,0.1817
1978-01-24,0.7500,0.7500,0.7396,0.7396,2884800,0.1792
1978-01-25,0.7396,0.7448,0.7396,0.7396,1569600,0.1792
1978-01-26,0.7396,0.7500,0.7344,0.7344,1862400,0.1779
1978-01-27,0.7344,0.7422,0.7318,0.7370,2342400,0.1785
1978-01-30,0.7370,0.7526,0.7370,0.7500,4756800,0.1817
1978-01-31,0.7500,0.7578,0.7422,0.7448,4689600,0.1804
1978-02-01,0.7448,0.7526,0.7422,0.7474,5529600,0.1811
1978-02-02,0.7474,0.7604,0.7474,0.7604,3796800,0.1842
1978-02-03,0.7604,0.7630,0.7526,0.7604,2856000,0.1842
1978-02-06,0.7604,0.7682,0.7552,0.7656,974400,0.1855
1978-02-07,0.7656,0.7734,0.7656,0.7708,2380800,0.1867
1978-02-08,0.7708,0.7760,0.7708,0.7734,3052800,0.1874
1978-02-09,0.7734,0.7734,0.7630,0.7682,1334400,0.1861
1978-02-10,0.7682,0.7682,0.7604,0.7604,3964800,0.1842
1978-02-13,0.7604,0.7656,0.7604,0.7656,1065600,0.1855
1978-02-14,0.7630,0.7630,0.7552,0.7604,3590400,0.1842
1978-02-15,0.7578,0.7578,0.7500,0.7578,2380800,0.1836
1978-02-16,0.7552,0.7552,0.7500,0.7526,2697600,0.1823
1978-02-17,0.7526,0.7526,0.7500,0.7500,1809600,0.1817
1978-02-21,0.7500,0.7526,0.7448,0.7448,3326400,0.1804
1978-02-22,0.7448,0.7500,0.7422,0.7474,4574400,0.1811
1978-02-23,0.7474,0.7474,0.7422,0.7474,2539200,0.1811
1978-02-24,0.7500,0.7552,0.7500,0.7526,2510400,0.1823
1978-02-27,0.7526,0.7552,0.7474,0.7474,1339200,0.1811
1978-02-28,0.7474,0.7500,0.7422,0.7474,3067200,0.1811
1978-03-01,0.7474,0.7604,0.7422,0.7604,1977600,0.1842
1978-03-02,0.7604,0.7682,0.7578,0.7604,3009600,0.1842
1978-03-03,0.7656,0.7708,0.7656,0.7708,2534400,0.1867
1978-03-06,0.7708,0.7708,0.7604,0.7656,1617600,0.1855
1978-03-07,0.7656,0.7656,0.7604,0.7656,1291200,0.1855
1978-03-08,0.7656,0.7708,0.7630,0.7708,2611200,0.1867
1978-03-09,0.7708,0.7786,0.7656,0.7760,2356800,0.1880
1978-03-10,0.7760,0.7813,0.7656,0.7813,2668800,0.1915
1978-03-13,0.7813,0.7865,0.7786,0.7813,2361600,0.1915
1978-03-14,0.7813,0.7839,0.7786,0.7839,1972800,0.1921
1978-03-15,0.7839,0.7891,0.7839,0.7865,2904000,0.1928
1978-03-16,0.7865,0.7995,0.7865,0.7969,2337600,0.1953
1978-03-17,0.7969,0.8125,0.7943,0.8099,3235200,0.1985
1978-03-20,0.8151,0.8229,0.8151,0.8203,3633600,0.2011
1978-03-21,0.8125,0.8125,0.7865,0.7917,3504000,0.1940
1978-03-22,0.7917,0.7969,0.7839,0.7865,2318400,0.1928
1978-03-23,0.7865,0.7891,0.7708,0.7839,3331200,0.1921
1978-03-27,0.7839,0.7865,0.7760,0.7839,2942400,0.1921
1978-03-28,0.7839,0.7969,0.7786,0.7943,1464000,0.1947
1978-03-29,0.7943,0.7943,0.7839,0.7943,3768000,0.1947
1978-03-30,0.7917,0.7917,0.7839,0.7917,3249600,0.1940
1978-03-31,0.7891,0.7891,0.7839,0.7891,2136000,0.1934
1978-04-03,0.7891,0.7891,0.7786,0.7839,1046400,0.1921
1978-04-04,0.7839,0.7891,0.7813,0.7839,2697600,0.1921
1978-04-05,0.7839,0.7995,0.7839,0.7995,2116800,0.1960
1978-04-06,0.7995,0.7995,0.7865,0.7969,1848000,0.1953
1978-04-07,0.7995,0.8125,0.7995,0.8125,5035200,0.1991
1978-04-10,0.8125,0.8151,0.8073,0.8151,2294400,0.1998
1978-04-11,0.8151,0.8229,0.8099,0.8151,2208000,0.1998
1978-04-12,0.8151,0.8203,0.8151,0.8203,5688000,0.2011
1978-04-13,0.8203,0.8229,0.8177,0.8229,2832000,0.2017
1978-04-14,0.8333,0.8516,0.8333,0.8464,8232000,0.2074
1978-04-17,0.8542,0.8802,0.8542,0.8594,9513600,0.2106
1978-04-18,0.8516,0.8516,0.8385,0.8438,3686400,0.2068
1978-04-19,0.8438,0.8516,0.8385,0.8490,2841600,0.2081
1978-04-20,0.8490,0.8646,0.8438,0.8568,3715200,0.2100
1978-04-21,0.8568,0.8646,0.8385,0.8385,4900800,0.2055
1978-04-24,0.8411,0.8620,0.8411,0.8620,3144000,0.2113
1978-04-25,0.8750,0.8854,0.8750,0.8750,10934400,0.2145
1978-04-26,0.8750,0.8854,0.8698,0.8802,4248000,0.2157
1978-04-27,0.8802,0.8828,0.8724,0.8802,4665600,0.2157
1978-04-28,0.8802,0.8828,0.8750,0.8802,3748800,0.2157
1978-05-01,0.8802,0.8854,0.8776,0.8854,3691200,0.2170
1978-05-02,0.8828,0.8828,0.8646,0.8646,7324800,0.2119
1978-05-03,0.8646,0.8672,0.8438,0.8438,5942400,0.2068
1978-05-04,0.8438,0.8698,0.8255,0.8698,7320000,0.2132
1978-05-05,0.8698,0.8776,0.8568,0.8646,4137600,0.2119
1978-05-08,0.8646,0.8750,0.8620,0.8620,2390400,0.2113
1978-05-09,0.8620,0.8646,0.8490,0.8490,4881600,0.2081
1978-05-10,0.8516,0.8620,0.8516,0.8516,2630400,0.2087
1978-05-11,0.8516,0.8776,0.8333,0.8776,5865600,0.2151
1978-05-12,0.8776,0.8828,0.8698,0.8802,5232000,0.2157
1978-05-15,0.8802,0.8854,0.8776,0.8854,1737600,0.2170
1978-05-16,0.8854,0.9089,0.8854,0.9089,6969600,0.2228
1978-05-17,0.9089,0.9219,0.8984,0.9193,7089600,0.2253
1978-05-18,0.9193,0.9193,0.8984,0.9141,7118400,0.2240
1978-05-19,0.9141,0.9167,0.9063,0.9089,5467200,0.2228
1978-05-22,0.9089,0.9219,0.9036,0.9167,2956800,0.2247
1978-05-23,0.9167,0.9219,0.9141,0.9193,2702400,0.2253
1978-05-24,0.9115,0.9115,0.8984,0.9063,4305600,0.2221
1978-05-25,0.9063,0.9141,0.8984,0.8984,4195200,0.2202
1978-05-26,0.8958,0.8958,0.8854,0.8906,2764800,0.2183
1978-05-30,0.8906,0.8932,0.8802,0.8880,3100800,0.2177
1978-05-31,0.8880,0.8958,0.8828,0.8880,2827200,0.2177
1978-06-01,0.8880,0.8932,0.8828,0.8880,1420800,0.2177
1978-06-02,0.8880,0.9141,0.8880,0.9115,1603200,0.2234
1978-06-05,0.9115,0.9271,0.9089,0.9271,8846400,0.2272
1978-06-06,0.9271,0.9375,0.9193,0.9219,4219200,0.2260
1978-06-07,0.9141,0.9141,0.9063,0.9115,2164800,0.2234
1978-06-08,0.9115,0.9141,0.9063,0.9115,2592000,0.2234
1978-06-09,0.9115,0.9167,0.9063,0.9167,2184000,0.2247
1978-06-12,0.9089,0.9089,0.8802,0.8828,2515200,0.2185
1978-06-13,0.8828,0.8854,0.8724,0.8802,2217600,0.2179
1978-06-14,0.8802,0.8958,0.8776,0.8802,4204800,0.2179
1978-06-15,0.8802,0.8828,0.8698,0.8724,3960000,0.2160
1978-06-16,0.8724,0.8724,0.8594,0.8594,3926400,0.2127
1978-06-19,0.8594,0.8672,0.8542,0.8672,3201600,0.2147
1978-06-20,0.8672,0.8698,0.8594,0.8620,4953600,0.2134
1978-06-21,0.8620,0.8724,0.8594,0.8646,2923200,0.2140
1978-06-22,0.8646,0.8724,0.8620,0.8672,1272000,0.2147
1978-06-23,0.8672,0.8698,0.8594,0.8594,3220800,0.2127
1978-06-26,0.8594,0.8724,0.8542,0.8542,2832000,0.2115
1978-06-27,0.8542,0.8646,0.8464,0.8568,2078400,0.2121
1978-06-28,0.8568,0.8672,0.8542,0.8672,1502400,0.2147
1978-06-29,0.8672,0.8776,0.8594,0.8646,2745600,0.2140
1978-06-30,0.8646,0.8698,0.8542,0.8698,1944000,0.2153
1978-07-03,0.8672,0.8672,0.8516,0.8594,772800,0.2127
1978-07-05,0.8594,0.8646,0.8542,0.8568,1824000,0.2121
1978-07-06,0.8568,0.8620,0.8542,0.8620,3292800,0.2134
1978-07-07,0.8620,0.8672,0.8568,0.8620,2558400,0.2134
1978-07-10,0.8620,0.8750,0.8542,0.8750,5712000,0.2166
1978-07-11,0.8750,0.8802,0.8724,0.8750,4065600,0.2166
1978-07-12,0.8750,0.8802,0.8672,0.8724,3168000,0.2160
1978-07-13,0.8724,0.8724,0.8594,0.8698,2520000,0.2153
1978-07-14,0.8698,0.8724,0.8594,0.8724,1430400,0.2160
1978-07-17,0.8724,0.8854,0.8698,0.8698,2856000,0.2153
1978-07-18,0.8698,0.8724,0.8464,0.8542,1924800,0.2115
1978-07-19,0.8542,0.8698,0.8542,0.8672,2155200,0.2147
1978-07-20,0.8672,0.8776,0.8464,0.8464,3691200,0.2095
1978-07-21,0.8490,0.8594,0.8490,0.8542,969600,0.2115
1978-07-24,0.8542,0.8672,0.8516,0.8646,2299200,0.2140
1978-07-25,0.8646,0.8646,0.8464,0.8516,2529600,0.2108
1978-07-26,0.8516,0.8594,0.8516,0.8594,2908800,0.2127
1978-07-27,0.8594,0.8620,0.8516,0.8542,1992000,0.2115
1978-07-28,0.8568,0.8698,0.8568,0.8594,1737600,0.2127
1978-07-31,0.8672,0.8958,0.8672,0.8880,3523200,0.2198
1978-08-01,0.8880,0.8958,0.8802,0.8906,4852800,0.2205
1978-08-02,0.8906,0.9115,0.8854,0.9115,6024000,0.2256
1978-08-03,0.9219,0.9427,0.9219,0.9271,9153600,0.2295
1978-08-04,0.9271,0.9479,0.9245,0.9479,3576000,0.2347
1978-08-07,0.9479,0.9635,0.9453,0.9479,4358400,0.2347
1978-08-08,0.9479,0.9635,0.9401,0.9583,2313600,0.2372
1978-08-09,0.9583,0.9844,0.9583,0.9661,7339200,0.2392
1978-08-10,0.9661,0.9766,0.9453,0.9505,5587200,0.2353
1978-08-11,0.9505,0.9557,0.9141,0.9557,5366400,0.2366
1978-08-14,0.9557,0.9583,0.9271,0.9375,2702400,0.2321
1978-08-15,0.9323,0.9323,0.9167,0.9297,43156800,0.2301
1978-08-16,0.9297,0.9401,0.9297,0.9349,3484800,0.2314
1978-08-17,0.9349,0.9453,0.9323,0.9375,2236800,0.2321
1978-08-18,0.9375,0.9479,0.9349,0.9349,5438400,0.2314
1978-08-21,0.9349,0.9401,0.9271,0.9297,1886400,0.2301
1978-08-22,0.9297,0.9531,0.9219,0.9531,4636800,0.2359
1978-08-23,0.9531,0.9609,0.9427,0.9453,2884800,0.2340
1978-08-24,0.9453,0.9557,0.9427,0.9531,1704000,0.2359
1978-08-25,0.9531,0.9609,0.9479,0.9609,3648000,0.2379
1978-08-28,0.9609,0.9609,0.9531,0.9531,4430400,0.2359
1978-08-29,0.9531,0.9531,0.9401,0.9453,4588800,0.2340
1978-08-30,0.9453,0.9479,0.9323,0.9401,8270400,0.2327
1978-08-31,0.9401,0.9453,0.9349,0.9375,3177600,0.2321
1978-09-01,0.9375,0.9401,0.9297,0.9375,4617600,0.2321
1978-09-05,0.9323,0.9323,0.9167,0.9245,5092800,0.2289
1978-09-06,0.9297,0.9609,0.9297,0.9609,7516800,0.2379
1978-09-07,0.9609,0.9661,0.9531,0.9609,4243200,0.2379
1978-09-08,0.9609,0.9635,0.9531,0.9635,2246400,0.2408
1978-09-11,0.9661,0.9766,0.9661,0.9688,2649600,0.2421
1978-09-12,0.9688,0.9792,0.9635,0.9766,5822400,0.2441
1978-09-13,0.9766,0.9766,0.9661,0.9688,5918400,0.2421
1978-09-14,0.9688,0.9688,0.9453,0.9453,4056000,0.2362
1978-09-15,0.9297,0.9297,0.9063,0.9141,5068800,0.2284
1978-09-18,0.9141,0.9271,0.8932,0.8932,3412800,0.2232
1978-09-19,0.8932,0.8984,0.8880,0.8906,4027200,0.2226
1978-09-20,0.8906,0.9010,0.8828,0.9010,4008000,0.2252
1978-09-21,0.9010,0.9193,0.9010,0.9193,2870400,0.2297
1978-09-22,0.9193,0.9193,0.9010,0.9036,2616000,0.2258
1978-09-25,0.9063,0.9167,0.9063,0.9141,1488000,0.2284
1978-09-26,0.9141,0.9167,0.9063,0.9167,2803200,0.2291
1978-09-27,0.9167,0.9219,0.8984,0.9036,3000000,0.2258
1978-09-28,0.9036,0.9219,0.8984,0.9167,2822400,0.2291
1978-09-29,0.9167,0.9245,0.9089,0.9167,2443200,0.2291
1978-10-02,0.9167,0.9297,0.9167,0.9297,1521600,0.2323
1978-10-03,0.9297,0.9349,0.9193,0.9245,1891200,0.2310
1978-10-04,0.9245,0.9245,0.9115,0.9193,2116800,0.2297
1978-10-05,0.9219,0.9349,0.9219,0.9349,1497600,0.2336
1978-10-06,0.9349,0.9349,0.9271,0.9297,1430400,0.2323
1978-10-09,0.9297,0.9349,0.9219,0.9297,1286400,0.2323
1978-10-10,0.9297,0.9453,0.9271,0.9401,3868800,0.2349
1978-10-11,0.9401,0.9531,0.9323,0.9531,2160000,0.2382
1978-10-12,0.9531,0.9557,0.9375,0.9427,4915200,0.2356
1978-10-13,0.9375,0.9375,0.9245,0.9323,1584000,0.2330
1978-10-16,0.9297,0.9297,0.9141,0.9219,3576000,0.2304
1978-10-17,0.9167,0.9167,0.8906,0.8984,7665600,0.2245
1978-10-18,0.8984,0.9010,0.8854,0.8906,3686400,0.2226
1978-10-19,0.8906,0.9089,0.8880,0.8906,4372800,0.2226
1978-10-20,0.8906,0.9010,0.8698,0.8750,3648000,0.2187
1978-10-23,0.8750,0.8854,0.8568,0.8646,4233600,0.2161
1978-10-24,0.8646,0.8828,0.8620,0.8672,2342400,0.2167
1978-10-25,0.8672,0.8802,0.8594,0.8776,2702400,0.2193
1978-10-26,0.8724,0.8724,0.8620,0.8724,4084800,0.2180
1978-10-27,0.8698,0.8698,0.8542,0.8620,5078400,0.2154
1978-10-30,0.8620,0.8646,0.8281,0.8646,5529600,0.2161
1978-10-31,0.8646,0.8724,0.8490,0.8516,3504000,0.2128
1978-11-01,0.8542,0.9063,0.8542,0.9063,5318400,0.2265
1978-11-02,0.8984,0.8984,0.8854,0.8932,4752000,0.2232
1978-11-03,0.8932,0.9010,0.8828,0.9010,4056000,0.2252
1978-11-06,0.9010,0.9010,0.8828,0.8828,3441600,0.2206
1978-11-07,0.8750,0.8750,0.8620,0.8698,3014400,0.2174
1978-11-08,0.8698,0.8698,0.8542,0.8698,1867200,0.2174
1978-11-09,0.8698,0.8776,0.8568,0.8646,3110400,0.2161
1978-11-10,0.8646,0.8672,0.8594,0.8620,3451200,0.2154
1978-11-13,0.8620,0.8646,0.8490,0.8490,1780800,0.2122
1978-11-14,0.8490,0.8594,0.8411,0.8464,2496000,0.2115
1978-11-15,0.8464,0.8646,0.8464,0.8464,2937600,0.2115
1978-11-16,0.8464,0.8620,0.8464,0.8594,3086400,0.2148
1978-11-17,0.8594,0.8672,0.8568,0.8672,1891200,0.2167
1978-11-20,0.8672,0.8724,0.8646,0.8724,1468800,0.2180
1978-11-21,0.8724,0.8724,0.8568,0.8568,1627200,0.2141
1978-11-22,0.8568,0.8568,0.8490,0.8568,1449600,0.2141
1978-11-24,0.8568,0.8620,0.8490,0.8594,1185600,0.2148
1978-11-27,0.8568,0.8568,0.8464,0.8516,1555200,0.2151
1978-11-28,0.8516,0.8698,0.8464,0.8542,2054400,0.2157
1978-11-29,0.8542,0.8594,0.8490,0.8516,1622400,0.2151
1978-11-30,0.8516,0.8620,0.8490,0.8594,1267200,0.2171
1978-12-01,0.8646,0.8750,0.8646,0.8750,2486400,0.2210
1978-12-04,0.8750,0.8828,0.8750,0.8802,1780800,0.2223
1978-12-05,0.8802,0.9010,0.8776,0.8958,3777600,0.2263
1978-12-06,0.8958,0.9089,0.8958,0.8984,4358400,0.2269
1978-12-07,0.8984,0.9063,0.8958,0.8984,2462400,0.2269
1978-12-08,0.8984,0.9036,0.8906,0.8958,3360000,0.2263
1978-12-11,0.8958,0.9141,0.8932,0.9141,2256000,0.2309
1978-12-12,0.9141,0.9167,0.9063,0.9115,3144000,0.2302
1978-12-13,0.9115,0.9115,0.9036,0.9063,3984000,0.2289
1978-12-14,0.9063,0.9089,0.9010,0.9089,1219200,0.2296
1978-12-15,0.9089,0.9089,0.9036,0.9063,3110400,0.2289
1978-12-18,0.8906,0.8906,0.8802,0.8880,4824000,0.2243
1978-12-19,0.8880,0.9036,0.8854,0.9010,4838400,0.2276
1978-12-20,0.9010,0.9141,0.9010,0.9115,4593600,0.2302
1978-12-21,0.9115,0.9219,0.9036,0.9063,2952000,0.2289
1978-12-22,0.9115,0.9193,0.9115,0.9115,2265600,0.2302
1978-12-26,0.9115,0.9219,0.9115,0.9219,1468800,0.2328
1978-12-27,0.9167,0.9167,0.9089,0.9167,2404800,0.2315
1978-12-28,0.9167,0.9167,0.8984,0.9036,2323200,0.2282
1978-12-29,0.9036,0.9141,0.9010,0.9141,2236800,0.2309
1979-01-02,0.9089,0.9089,0.8932,0.9063,2006400,0.2289
1979-01-03,0.9063,0.9375,0.9036,0.9297,7224000,0.2348
1979-01-04,0.9349,0.9505,0.9349,0.9427,4243200,0.2381
1979-01-05,0.9479,0.9557,0.9479,0.9505,3739200,0.2401
1979-01-08,0.9479,0.9479,0.9427,0.9453,2961600,0.2388
1979-01-09,0.9479,0.9583,0.9479,0.9557,4036800,0.2414
1979-01-10,0.9531,0.9531,0.9427,0.9479,2164800,0.2394
1979-01-11,0.9453,0.9453,0.9349,0.9401,2928000,0.2374
1979-01-12,0.9453,0.9609,0.9453,0.9453,4252800,0.2388
1979-01-15,0.9505,0.9583,0.9505,0.9557,3182400,0.2414
1979-01-16,0.9557,0.9557,0.9453,0.9453,3052800,0.2388
1979-01-17,0.9453,0.9505,0.9375,0.9427,3388800,0.2381
1979-01-18,0.9427,0.9453,0.9297,0.9375,1320000,0.2368
1979-01-19,0.9375,0.9479,0.9349,0.9349,2280000,0.2361
1979-01-22,0.9349,0.9349,0.9193,0.9271,2145600,0.2342
1979-01-23,0.9297,0.9349,0.9297,0.9297,1248000,0.2348
1979-01-24,0.9297,0.9349,0.9271,0.9323,3326400,0.2355
1979-01-25,0.9323,0.9375,0.9297,0.9323,6110400,0.2355
1979-01-26,0.9323,0.9427,0.9297,0.9349,2760000,0.2361
1979-01-29,0.9323,0.9323,0.9219,0.9245,1017600,0.2335
1979-01-30,0.9219,0.9219,0.9115,0.9141,2097600,0.2309
1979-01-31,0.9141,0.9219,0.8984,0.9115,7027200,0.2302
1979-02-01,0.9115,0.9167,0.9036,0.9115,3110400,0.2302
1979-02-02,0.9115,0.9219,0.9115,0.9141,3134400,0.2309
1979-02-05,0.9141,0.9141,0.8958,0.9010,3753600,0.2276
1979-02-06,0.9010,0.9089,0.8984,0.9036,3307200,0.2282
1979-02-07,0.8958,0.8958,0.8698,0.8750,1987200,0.2210
1979-02-08,0.8750,0.8828,0.8750,0.8776,1747200,0.2217
1979-02-09,0.8776,0.8828,0.8750,0.8776,1152000,0.2217
1979-02-12,0.8776,0.8802,0.8568,0.8776,2544000,0.2217
1979-02-13,0.8880,0.8958,0.8880,0.8906,1795200,0.2249
1979-02-14,0.8906,0.9010,0.8906,0.8984,1348800,0.2269
1979-02-15,0.8984,0.9010,0.8854,0.9010,1660800,0.2276
1979-02-16,0.9010,0.9010,0.8880,0.8984,2856000,0.2269
1979-02-20,0.8984,0.8984,0.8854,0.8984,1272000,0.2269
1979-02-21,0.8958,0.8958,0.8828,0.8880,3345600,0.2243
1979-02-22,0.8880,0.8932,0.8854,0.8906,2572800,0.2249
1979-02-23,0.8906,0.8906,0.8802,0.8828,1262400,0.2230
1979-02-26,0.8828,0.8828,0.8724,0.8750,2764800,0.2210
1979-02-27,0.8750,0.8750,0.8542,0.8672,3014400,0.2190
1979-02-28,0.8724,0.8776,0.8724,0.8776,1617600,0.2217
1979-03-01,0.8776,0.8776,0.8672,0.8750,2390400,0.2210
1979-03-02,0.8750,0.8750,0.8724,0.8724,1627200,0.2203
1979-03-05,0.8724,0.8802,0.8724,0.8750,2193600,0.2210
1979-03-06,0.8750,0.8776,0.8620,0.8646,3043200,0.2184
1979-03-07,0.8646,0.8776,0.8568,0.8646,3307200,0.2184
1979-03-08,0.8646,0.8802,0.8646,0.8750,1771200,0.2210
1979-03-09,0.8750,0.8958,0.8750,0.8906,2505600,0.2249
1979-03-12,0.8906,0.8906,0.8724,0.8854,1968000,0.2236
1979-03-13,0.8750,0.8750,0.8672,0.8672,3724800,0.2216
1979-03-14,0.8672,0.8698,0.8620,0.8672,3115200,0.2216
1979-03-15,0.8672,0.8698,0.8490,0.8568,1857600,0.2189
1979-03-16,0.8568,0.8568,0.8464,0.8542,3134400,0.2183
1979-03-19,0.8542,0.8594,0.8438,0.8490,2078400,0.2169
1979-03-20,0.8490,0.8516,0.8281,0.8359,4372800,0.2136
1979-03-21,0.8359,0.8411,0.8333,0.8411,3580800,0.2149
1979-03-22,0.8411,0.8516,0.8385,0.8516,3609600,0.2176
1979-03-23,0.8516,0.8594,0.8464,0.8490,2596800,0.2169
1979-03-26,0.8490,0.8594,0.8438,0.8542,3465600,0.2183
1979-03-27,0.8542,0.8620,0.8516,0.8594,3019200,0.2196
1979-03-28,0.8620,0.8698,0.8620,0.8672,2884800,0.2216
1979-03-29,0.8672,0.8698,0.8568,0.8568,2683200,0.2189
1979-03-30,0.8568,0.8646,0.8568,0.8594,1339200,0.2196
1979-04-02,0.8568,0.8568,0.8385,0.8438,4017600,0.2156
1979-04-03,0.8490,0.8698,0.8490,0.8698,3806400,0.2222
1979-04-04,0.8698,0.8776,0.8568,0.8568,5049600,0.2189
1979-04-05,0.8568,0.8646,0.8542,0.8594,2587200,0.2196
1979-04-06,0.8594,0.8672,0.8568,0.8594,3979200,0.2196
1979-04-09,0.8594,0.8646,0.8542,0.8542,1358400,0.2183
1979-04-10,0.8542,0.8542,0.8385,0.8438,3268800,0.2156
1979-04-11,0.8438,0.8464,0.8281,0.8281,3763200,0.2116
1979-04-12,0.8229,0.8229,0.8021,0.8125,6163200,0.2076
1979-04-16,0.8125,0.8151,0.8021,0.8151,2932800,0.2083
1979-04-17,0.8151,0.8177,0.8073,0.8099,4406400,0.2069
1979-04-18,0.8125,0.8203,0.8125,0.8203,5462400,0.2096
1979-04-19,0.8229,0.8333,0.8229,0.8281,4939200,0.2116
1979-04-20,0.8281,0.8359,0.8229,0.8359,2616000,0.2136
1979-04-23,0.8359,0.8359,0.8255,0.8307,1977600,0.2123
1979-04-24,0.8307,0.8411,0.8281,0.8307,3360000,0.2123
1979-04-25,0.8333,0.8411,0.8333,0.8411,2068800,0.2149
1979-04-26,0.8411,0.8411,0.8307,0.8333,4084800,0.2129
1979-04-27,0.8333,0.8359,0.8255,0.8255,1396800,0.2109
1979-04-30,0.8255,0.8333,0.8177,0.8307,3182400,0.2123
1979-05-01,0.8307,0.8385,0.8281,0.8281,3196800,0.2116
1979-05-02,0.8281,0.8307,0.8151,0.8151,6393600,0.2083
1979-05-03,0.8151,0.8281,0.8125,0.8125,4488000,0.2076
1979-05-04,0.8125,0.8125,0.8047,0.8047,4089600,0.2056
1979-05-07,0.8047,0.8099,0.8021,0.8021,2448000,0.2049
1979-05-08,0.8021,0.8047,0.7917,0.8047,2985600,0.2056
1979-05-09,0.8047,0.8073,0.7943,0.7943,7219200,0.2030
1979-05-10,0.7943,0.7943,0.7630,0.7682,5256000,0.1963
1979-05-11,0.7682,0.7760,0.7682,0.7708,5980800,0.1970
1979-05-14,0.7708,0.7839,0.7708,0.7813,2486400,0.1996
1979-05-15,0.7839,0.7943,0.7839,0.7839,1924800,0.2003
1979-05-16,0.7839,0.7865,0.7734,0.7813,3609600,0.1996
1979-05-17,0.7813,0.7813,0.7734,0.7760,5491200,0.1983
1979-05-18,0.7760,0.7813,0.7760,0.7786,5630400,0.1990
1979-05-21,0.7786,0.7865,0.7760,0.7813,3456000,0.1996
1979-05-22,0.7813,0.8073,0.7813,0.8073,3408000,0.2063
1979-05-23,0.8073,0.8203,0.8047,0.8125,4569600,0.2076
1979-05-24,0.8099,0.8099,0.7917,0.8021,2606400,0.2049
1979-05-25,0.8021,0.8073,0.7969,0.8073,2409600,0.2063
1979-05-29,0.8073,0.8073,0.7995,0.8073,2596800,0.2063
1979-05-30,0.8047,0.8047,0.7995,0.8021,2812800,0.2049
1979-05-31,0.8021,0.8177,0.7995,0.8177,2745600,0.2089
1979-06-01,0.8177,0.8203,0.8125,0.8151,1315200,0.2083
1979-06-04,0.8151,0.8177,0.8099,0.8151,1718400,0.2083
1979-06-05,0.8151,0.8255,0.8125,0.8203,2352000,0.2096
1979-06-06,0.8203,0.8255,0.8073,0.8073,5044800,0.2063
1979-06-07,0.8073,0.8151,0.8047,0.8099,2563200,0.2069
1979-06-08,0.8099,0.8177,0.8099,0.8125,2476800,0.2076
1979-06-11,0.8151,0.8385,0.8151,0.8385,2400000,0.2143
1979-06-12,0.8385,0.8516,0.8281,0.8411,3945600,0.2176
1979-06-13,0.8411,0.8464,0.8385,0.8385,4382400,0.2169
1979-06-14,0.8333,0.8333,0.8229,0.8281,4305600,0.2142
1979-06-15,0.8281,0.8281,0.8125,0.8125,2380800,0.2102
1979-06-18,0.8125,0.8125,0.7943,0.7969,3441600,0.2061
1979-06-19,0.7969,0.8073,0.7943,0.8021,2188800,0.2075
1979-06-20,0.8021,0.8073,0.7969,0.8047,1243200,0.2081
1979-06-21,0.8047,0.8099,0.7995,0.8047,2467200,0.2081
1979-06-22,0.8047,0.8151,0.8047,0.8073,4507200,0.2088
1979-06-25,0.8073,0.8151,0.7917,0.8021,4003200,0.2075
1979-06-26,0.8021,0.8099,0.7995,0.8021,3518400,0.2075
1979-06-27,0.8021,0.8151,0.8021,0.8073,1905600,0.2088
1979-06-28,0.8073,0.8281,0.8047,0.8099,1857600,0.2095
1979-06-29,0.8073,0.8073,0.7891,0.7969,2462400,0.2061
1979-07-02,0.7943,0.7943,0.7839,0.7891,2289600,0.2041
1979-07-03,0.7891,0.7943,0.7891,0.7943,2035200,0.2055
1979-07-05,0.7943,0.7995,0.7917,0.7943,2760000,0.2055
1979-07-06,0.7943,0.7943,0.7865,0.7917,2841600,0.2048
1979-07-09,0.7917,0.7969,0.7891,0.7917,5068800,0.2048
1979-07-10,0.7917,0.7943,0.7839,0.7943,4684800,0.2055
1979-07-11,0.7943,0.7995,0.7865,0.7865,5448000,0.2034
1979-07-12,0.7865,0.7917,0.7839,0.7839,2832000,0.2028
1979-07-13,0.7839,0.7891,0.7813,0.7839,1704000,0.2028
1979-07-16,0.7839,0.7891,0.7813,0.7891,820800,0.2041
1979-07-17,0.7891,0.7891,0.7708,0.7786,3969600,0.2014
1979-07-18,0.7786,0.7786,0.7656,0.7786,4022400,0.2014
1979-07-19,0.7786,0.7891,0.7708,0.7760,2572800,0.2007
1979-07-20,0.7760,0.7813,0.7656,0.7760,1944000,0.2007
1979-07-23,0.7760,0.7760,0.7604,0.7708,2174400,0.1994
1979-07-24,0.7708,0.7865,0.7682,0.7839,1272000,0.2028
1979-07-25,0.7839,0.7943,0.7839,0.7917,1747200,0.2048
1979-07-26,0.7917,0.8281,0.7917,0.8229,5817600,0.2129
1979-07-27,0.8229,0.8229,0.8151,0.8203,1526400,0.2122
1979-07-30,0.8203,0.8255,0.8177,0.8255,2073600,0.2135
1979-07-31,0.8255,0.8255,0.8151,0.8177,5131200,0.2115
1979-08-01,0.8177,0.8177,0.8073,0.8151,5784000,0.2108
1979-08-02,0.8151,0.8177,0.8099,0.8099,2529600,0.2095
1979-08-03,0.8099,0.8151,0.8099,0.8151,3244800,0.2108
1979-08-06,0.8151,0.8177,0.8073,0.8177,2731200,0.2115
1979-08-07,0.8177,0.8333,0.8125,0.8333,6945600,0.2156
1979-08-08,0.8333,0.8359,0.8307,0.8333,5582400,0.2156
1979-08-09,0.8333,0.8333,0.8177,0.8255,4224000,0.2135
1979-08-10,0.8255,0.8333,0.8073,0.8333,6470400,0.2156
1979-08-13,0.8333,0.8385,0.8281,0.8307,3417600,0.2149
1979-08-14,0.8307,0.8307,0.8255,0.8307,5265600,0.2149
1979-08-15,0.8307,0.8333,0.8229,0.8333,3153600,0.2156
1979-08-16,0.8333,0.8438,0.8333,0.8385,4944000,0.2169
1979-08-17,0.8385,0.8385,0.8333,0.8359,2966400,0.2162
1979-08-20,0.8359,0.8464,0.8307,0.8438,2889600,0.2183
1979-08-21,0.8438,0.8516,0.8359,0.8516,3523200,0.2203
1979-08-22,0.8516,0.8516,0.8438,0.8490,3350400,0.2196
1979-08-23,0.8490,0.8516,0.8438,0.8490,1891200,0.2196
1979-08-24,0.8411,0.8411,0.8359,0.8385,1492800,0.2169
1979-08-27,0.8385,0.8516,0.8333,0.8411,2491200,0.2176
1979-08-28,0.8411,0.8542,0.8385,0.8385,3340800,0.2169
1979-08-29,0.8385,0.8385,0.8333,0.8359,2812800,0.2162
1979-08-30,0.8359,0.8359,0.8307,0.8307,1248000,0.2149
1979-08-31,0.8307,0.8359,0.8281,0.8333,3408000,0.2156
1979-09-04,0.8333,0.8333,0.8229,0.8229,1896000,0.2129
1979-09-05,0.8229,0.8229,0.8151,0.8203,3240000,0.2122
1979-09-06,0.8203,0.8229,0.8151,0.8151,4209600,0.2108
1979-09-07,0.8151,0.8203,0.8151,0.8151,1780800,0.2108
1979-09-10,0.8099,0.8099,0.8047,0.8073,3984000,0.2115
1979-09-11,0.8073,0.8177,0.8073,0.8073,4512000,0.2115
1979-09-12,0.8073,0.8177,0.8073,0.8151,1257600,0.2135
1979-09-13,0.8151,0.8203,0.8125,0.8125,3273600,0.2128
1979-09-14,0.8125,0.8229,0.8125,0.8177,3403200,0.2142
1979-09-17,0.8177,0.8255,0.8151,0.8151,2342400,0.2135
1979-09-18,0.8151,0.8177,0.7969,0.7995,4478400,0.2094
1979-09-19,0.7995,0.8073,0.7917,0.7917,4948800,0.2074
1979-09-20,0.7917,0.8021,0.7839,0.8021,6350400,0.2101
1979-09-21,0.8021,0.8021,0.7813,0.7813,7416000,0.2046
1979-09-24,0.7813,0.7865,0.7734,0.7734,2668800,0.2026
1979-09-25,0.7734,0.7734,0.7630,0.7708,4219200,0.2019
1979-09-26,0.7708,0.7813,0.7682,0.7708,4080000,0.2019
1979-09-27,0.7708,0.7708,0.7578,0.7656,3220800,0.2006
1979-09-28,0.7656,0.7708,0.7630,0.7630,3854400,0.1999
1979-10-01,0.7630,0.7630,0.7448,0.7526,5289600,0.1971
1979-10-02,0.7526,0.7630,0.7474,0.7630,6393600,0.1999
1979-10-03,0.7630,0.7656,0.7526,0.7552,3057600,0.1978
1979-10-04,0.7552,0.7630,0.7474,0.7500,3144000,0.1965
1979-10-05,0.7500,0.7604,0.7474,0.7604,6628800,0.1992
1979-10-08,0.7604,0.7604,0.7500,0.7500,1675200,0.1965
1979-10-09,0.7500,0.7552,0.7370,0.7422,4012800,0.1944
1979-10-10,0.7344,0.7344,0.7135,0.7292,6950400,0.1910
1979-10-11,0.7292,0.7656,0.7214,0.7292,6292800,0.1910
1979-10-12,0.7292,0.7344,0.7266,0.7292,2870400,0.1910
1979-10-15,0.7292,0.7292,0.7188,0.7240,3475200,0.1896
1979-10-16,0.7240,0.7344,0.7240,0.7344,3926400,0.1924
1979-10-17,0.7344,0.7422,0.7292,0.7292,2664000,0.1910
1979-10-18,0.7292,0.7370,0.7266,0.7266,2505600,0.1903
1979-10-19,0.7266,0.7292,0.7083,0.7240,4934400,0.1896
1979-10-22,0.7240,0.7396,0.7109,0.7214,4454400,0.1890
1979-10-23,0.7214,0.7240,0.7135,0.7161,2625600,0.1876
1979-10-24,0.7161,0.7266,0.7135,0.7161,4003200,0.1876
1979-10-25,0.7161,0.7240,0.7109,0.7188,2577600,0.1883
1979-10-26,0.7188,0.7240,0.7109,0.7240,1670400,0.1896
1979-10-29,0.7240,0.7266,0.7188,0.7214,1564800,0.1890
1979-10-30,0.7214,0.7240,0.7109,0.7240,5059200,0.1896
1979-10-31,0.7240,0.7266,0.7161,0.7161,3340800,0.1876
1979-11-01,0.7161,0.7240,0.7135,0.7161,4814400,0.1876
1979-11-02,0.7161,0.7240,0.7135,0.7240,3676800,0.1896
1979-11-05,0.7240,0.7240,0.7161,0.7188,3902400,0.1883
1979-11-06,0.7188,0.7188,0.7083,0.7083,3076800,0.1855
1979-11-07,0.7083,0.7240,0.6927,0.7161,3806400,0.1876
1979-11-08,0.7161,0.7161,0.6979,0.6979,9096000,0.1828
1979-11-09,0.7005,0.7161,0.7005,0.7083,4670400,0.1855
1979-11-12,0.7083,0.7266,0.7005,0.7266,4248000,0.1903
1979-11-13,0.7188,0.7188,0.7057,0.7083,4598400,0.1855
1979-11-14,0.7057,0.7057,0.6979,0.6979,3268800,0.1828
1979-11-15,0.6979,0.7031,0.6901,0.6927,4531200,0.1815
1979-11-16,0.6875,0.6875,0.6797,0.6849,3292800,0.1794
1979-11-19,0.6849,0.6849,0.6771,0.6823,3067200,0.1787
1979-11-20,0.6797,0.6797,0.6615,0.6615,4756800,0.1733
1979-11-21,0.6615,0.6771,0.6563,0.6693,6201600,0.1753
1979-11-23,0.6693,0.6823,0.6693,0.6797,2572800,0.1780
1979-11-26,0.6823,0.7005,0.6823,0.6953,4286400,0.1849
1979-11-27,0.6953,0.7161,0.6953,0.7005,7435200,0.1863
1979-11-28,0.7005,0.7109,0.7005,0.7109,2678400,0.1891
1979-11-29,0.7109,0.7135,0.6953,0.7005,3686400,0.1863
1979-11-30,0.7005,0.7057,0.6953,0.7005,3120000,0.1863
1979-12-03,0.7005,0.7083,0.6953,0.7057,3561600,0.1877
1979-12-04,0.7057,0.7135,0.7057,0.7135,8793600,0.1898
1979-12-05,0.7135,0.7161,0.7109,0.7109,3902400,0.1891
1979-12-06,0.7109,0.7109,0.7005,0.7031,5515200,0.1870
1979-12-07,0.7109,0.7240,0.7109,0.7188,3604800,0.1911
1979-12-10,0.7188,0.7266,0.7109,0.7266,5712000,0.1932
1979-12-11,0.7266,0.7344,0.7240,0.7292,4430400,0.1939
1979-12-12,0.7292,0.7370,0.7214,0.7240,6676800,0.1925
1979-12-13,0.7240,0.7318,0.7161,0.7188,3652800,0.1911
1979-12-14,0.7214,0.7474,0.7214,0.7474,5380800,0.1988
1979-12-17,0.7474,0.7578,0.7422,0.7526,4473600,0.2001
1979-12-18,0.7526,0.7526,0.7448,0.7500,4550400,0.1995
1979-12-19,0.7344,0.7344,0.7135,0.7135,10190400,0.1898
1979-12-20,0.7135,0.7214,0.7109,0.7161,9504000,0.1905
1979-12-21,0.7161,0.7188,0.7109,0.7135,2544000,0.1898
1979-12-24,0.7135,0.7161,0.7083,0.7135,1219200,0.1898
1979-12-26,0.7135,0.7188,0.7109,0.7135,1228800,0.1898
1979-12-27,0.7135,0.7318,0.7135,0.7292,4161600,0.1939
1979-12-28,0.7292,0.7292,0.7188,0.7188,2068800,0.1911
1979-12-31,0.7188,0.7266,0.7188,0.7188,4032000,0.1911
1980-01-02,0.7188,0.7214,0.7031,0.7031,3451200,0.1870
1980-01-03,0.7031,0.7240,0.6979,0.7214,3960000,0.1918
1980-01-04,0.7214,0.7292,0.7188,0.7292,1694400,0.1939
1980-01-07,0.7292,0.7318,0.7240,0.7266,4396800,0.1932
1980-01-08,0.7266,0.7344,0.7266,0.7318,3244800,0.1946
1980-01-09,0.7318,0.7448,0.7292,0.7370,11568000,0.1960
1980-01-10,0.7370,0.7448,0.7318,0.7370,19444800,0.1960
1980-01-11,0.7370,0.7500,0.7344,0.7396,6240000,0.1967
1980-01-14,0.7396,0.7448,0.7292,0.7370,2145600,0.1960
1980-01-15,0.7370,0.7370,0.7188,0.7240,7560000,0.1925
1980-01-16,0.7188,0.7188,0.7005,0.7005,12033600,0.1863
1980-01-17,0.7005,0.7083,0.6849,0.6875,4377600,0.1828
1980-01-18,0.6875,0.6927,0.6823,0.6849,5121600,0.1821
1980-01-21,0.6875,0.7031,0.6875,0.6979,3892800,0.1856
1980-01-22,0.6979,0.7083,0.6901,0.6901,6724800,0.1835
1980-01-23,0.6901,0.6979,0.6875,0.6927,6244800,0.1842
1980-01-24,0.6927,0.6953,0.6797,0.6875,11179200,0.1828
1980-01-25,0.6875,0.6875,0.6823,0.6875,9028800,0.1828
1980-01-28,0.6875,0.7214,0.6875,0.7109,15187200,0.1891
1980-01-29,0.7135,0.7266,0.7135,0.7214,15969600,0.1918
1980-01-30,0.7214,0.7318,0.7214,0.7292,7065600,0.1939
1980-01-31,0.7318,0.7474,0.7318,0.7318,8971200,0.1946
1980-02-01,0.7318,0.7370,0.7188,0.7266,6268800,0.1932
1980-02-04,0.7266,0.7292,0.7214,0.7214,8270400,0.1918
1980-02-05,0.7214,0.7214,0.7083,0.7135,6662400,0.1898
1980-02-06,0.7109,0.7109,0.6927,0.7005,16968000,0.1863
1980-02-07,0.7005,0.7031,0.6927,0.6979,3758400,0.1856
1980-02-08,0.6979,0.7135,0.6953,0.7135,11500800,0.1898
1980-02-11,0.7109,0.7109,0.6979,0.7031,5179200,0.1870
1980-02-12,0.7031,0.7109,0.6979,0.7057,6537600,0.1877
1980-02-13,0.7083,0.7240,0.7083,0.7109,15052800,0.1891
1980-02-14,0.7109,0.7214,0.7057,0.7083,7012800,0.1884
1980-02-15,0.7083,0.7109,0.7005,0.7031,4137600,0.1870
1980-02-19,0.7031,0.7031,0.6875,0.6927,8323200,0.1842
1980-02-20,0.6927,0.7057,0.6927,0.6953,2798400,0.1849
1980-02-21,0.6953,0.7005,0.6901,0.6927,2923200,0.1842
1980-02-22,0.6927,0.6979,0.6901,0.6953,2721600,0.1849
1980-02-25,0.6953,0.6953,0.6875,0.6875,3384000,0.1828
1980-02-26,0.6875,0.6953,0.6875,0.6901,3019200,0.1835
1980-02-27,0.6901,0.6927,0.6849,0.6849,2275200,0.1821
1980-02-28,0.6849,0.6901,0.6849,0.6901,4027200,0.1835
1980-02-29,0.6875,0.6875,0.6797,0.6849,6897600,0.1821
1980-03-03,0.6823,0.6823,0.6667,0.6667,4512000,0.1773
1980-03-04,0.6563,0.6563,0.6354,0.6536,4449600,0.1738
1980-03-05,0.6484,0.6484,0.6302,0.6354,11395200,0.1690
1980-03-06,0.6328,0.6328,0.6042,0.6172,14304000,0.1641
1980-03-07,0.6172,0.6302,0.6172,0.6302,11064000,0.1676
1980-03-10,0.6302,0.6302,0.6172,0.6250,6302400,0.1662
1980-03-11,0.6250,0.6328,0.6172,0.6224,14395200,0.1686
1980-03-12,0.6224,0.6250,0.6146,0.6198,11572800,0.1678
1980-03-13,0.6198,0.6224,0.6146,0.6198,2793600,0.1678
1980-03-14,0.6198,0.6276,0.6068,0.6198,5035200,0.1678
1980-03-17,0.6198,0.6198,0.6094,0.6094,5707200,0.1650
1980-03-18,0.6094,0.6276,0.6068,0.6224,4166400,0.1686
1980-03-19,0.6224,0.6276,0.6146,0.6172,3628800,0.1671
1980-03-20,0.6172,0.6172,0.6042,0.6120,3096000,0.1657
1980-03-21,0.6120,0.6146,0.6068,0.6094,3940800,0.1650
1980-03-24,0.6094,0.6094,0.6016,0.6016,5702400,0.1629
1980-03-25,0.6016,0.6198,0.6016,0.6094,5040000,0.1650
1980-03-26,0.6146,0.6198,0.6146,0.6172,5174400,0.1671
1980-03-27,0.6172,0.6198,0.6068,0.6120,4233600,0.1657
1980-03-28,0.6172,0.6641,0.6172,0.6563,6230400,0.1777
1980-03-31,0.6563,0.6589,0.6432,0.6563,3748800,0.1777
1980-04-01,0.6563,0.6615,0.6406,0.6484,4017600,0.1756
1980-04-02,0.6484,0.6510,0.6406,0.6484,4540800,0.1756
1980-04-03,0.6484,0.6484,0.6380,0.6432,1891200,0.1742
1980-04-07,0.6354,0.6354,0.6198,0.6302,5088000,0.1707
1980-04-08,0.6302,0.6328,0.6224,0.6276,2318400,0.1700
1980-04-09,0.6276,0.6354,0.6224,0.6354,1843200,0.1721
1980-04-10,0.6354,0.6458,0.6328,0.6406,2361600,0.1735
1980-04-11,0.6406,0.6458,0.6354,0.6354,1646400,0.1721
1980-04-14,0.6354,0.6406,0.6250,0.6328,1224000,0.1714
1980-04-15,0.6328,0.6406,0.6302,0.6406,2356800,0.1735
1980-04-16,0.6406,0.6589,0.6354,0.6406,6528000,0.1735
1980-04-17,0.6406,0.6458,0.6380,0.6406,1646400,0.1735
1980-04-18,0.6406,0.6432,0.6354,0.6354,1262400,0.1721
1980-04-21,0.6354,0.6432,0.6354,0.6406,1204800,0.1735
1980-04-22,0.6432,0.6563,0.6432,0.6510,5184000,0.1763
1980-04-23,0.6615,0.6927,0.6615,0.6771,4224000,0.1834
1980-04-24,0.6797,0.6953,0.6797,0.6875,2404800,0.1862
1980-04-25,0.6875,0.6953,0.6797,0.6953,2342400,0.1883
1980-04-28,0.6927,0.6927,0.6849,0.6875,2553600,0.1862
1980-04-29,0.6875,0.6901,0.6771,0.6849,2361600,0.1855
1980-04-30,0.6849,0.6927,0.6693,0.6927,3009600,0.1876
1980-05-01,0.6927,0.6927,0.6771,0.6771,3259200,0.1834
1980-05-02,0.6771,0.6849,0.6771,0.6849,1828800,0.1855
1980-05-05,0.6849,0.6849,0.6771,0.6849,1656000,0.1855
1980-05-06,0.6849,0.7031,0.6797,0.6979,3729600,0.1890
1980-05-07,0.6979,0.7188,0.6953,0.7135,4838400,0.1932
1980-05-08,0.7161,0.7240,0.7161,0.7240,4243200,0.1961
1980-05-09,0.7240,0.7240,0.7161,0.7161,2428800,0.1939
1980-05-12,0.7161,0.7240,0.7135,0.7188,2779200,0.1946
1980-05-13,0.7188,0.7396,0.7161,0.7396,3225600,0.2003
1980-05-14,0.7396,0.7474,0.7396,0.7422,6696000,0.2010
1980-05-15,0.7422,0.7422,0.7266,0.7318,3374400,0.1982
1980-05-16,0.7318,0.7344,0.7266,0.7318,1704000,0.1982
1980-05-19,0.7318,0.7344,0.7292,0.7344,1502400,0.1989
1980-05-20,0.7318,0.7318,0.7266,0.7266,2486400,0.1968
1980-05-21,0.7240,0.7240,0.7083,0.7135,2313600,0.1932
1980-05-22,0.7135,0.7135,0.7057,0.7057,6192000,0.1911
1980-05-23,0.7083,0.7266,0.7083,0.7188,5198400,0.1946
1980-05-27,0.7188,0.7240,0.7083,0.7083,4060800,0.1918
1980-05-28,0.7083,0.7109,0.6901,0.6901,10363200,0.1869
1980-05-29,0.6901,0.6979,0.6901,0.6927,8078400,0.1876
1980-05-30,0.6927,0.7031,0.6901,0.7031,5174400,0.1904
1980-06-02,0.7005,0.7005,0.6875,0.6927,7891200,0.1876
1980-06-03,0.6927,0.6979,0.6901,0.6901,2726400,0.1869
1980-06-04,0.6927,0.7005,0.6927,0.6979,2347200,0.1890
1980-06-05,0.6979,0.7188,0.6927,0.7083,5414400,0.1918
1980-06-06,0.7083,0.7188,0.7083,0.7109,2913600,0.1925
1980-06-09,0.7005,0.7005,0.6927,0.6953,2899200,0.1913
1980-06-10,0.6979,0.7083,0.6979,0.7005,2438400,0.1928
1980-06-11,0.7005,0.7109,0.6953,0.6979,4406400,0.1920
1980-06-12,0.6979,0.7005,0.6901,0.6979,3148800,0.1920
1980-06-13,0.6979,0.7031,0.6953,0.6953,2692800,0.1913
1980-06-16,0.6953,0.6979,0.6901,0.6927,2337600,0.1906
1980-06-17,0.6927,0.7266,0.6901,0.7266,4641600,0.1999
1980-06-18,0.7188,0.7188,0.7031,0.7109,5457600,0.1956
1980-06-19,0.7109,0.7109,0.6927,0.6927,10156800,0.1906
1980-06-20,0.6927,0.6979,0.6875,0.6927,4382400,0.1906
1980-06-23,0.6927,0.6927,0.6875,0.6875,6950400,0.1892
1980-06-24,0.6953,0.7083,0.6953,0.6953,4334400,0.1913
1980-06-25,0.6953,0.7005,0.6927,0.6953,3048000,0.1913
1980-06-26,0.6953,0.7005,0.6927,0.6979,3201600,0.1920
1980-06-27,0.6953,0.6953,0.6875,0.6927,2256000,0.1906
1980-06-30,0.6927,0.6979,0.6849,0.6875,1785600,0.1892
1980-07-01,0.6875,0.6927,0.6693,0.6823,3451200,0.1877
1980-07-02,0.6823,0.6823,0.6693,0.6745,4915200,0.1856
1980-07-03,0.6745,0.6849,0.6693,0.6849,10084800,0.1885
1980-07-07,0.6849,0.6875,0.6745,0.6797,4243200,0.1870
1980-07-08,0.6927,0.7031,0.6927,0.6979,8251200,0.1920
1980-07-09,0.7031,0.7292,0.7031,0.7031,6336000,0.1935
1980-07-10,0.7031,0.7083,0.6953,0.7005,4022400,0.1928
1980-07-11,0.7005,0.7083,0.7005,0.7083,3988800,0.1949
1980-07-14,0.7083,0.7109,0.7031,0.7109,5116800,0.1956
1980-07-15,0.7135,0.7292,0.7135,0.7161,11596800,0.1971
1980-07-16,0.7161,0.7188,0.7083,0.7083,7833600,0.1949
1980-07-17,0.7083,0.7135,0.7005,0.7135,4953600,0.1963
1980-07-18,0.7135,0.7318,0.7135,0.7318,7118400,0.2014
1980-07-21,0.7318,0.7396,0.7188,0.7292,6115200,0.2006
1980-07-22,0.7318,0.7578,0.7318,0.7396,24955200,0.2035
1980-07-23,0.7318,0.7318,0.7188,0.7266,15004800,0.1999
1980-07-24,0.7266,0.7474,0.7266,0.7396,4742400,0.2035
1980-07-25,0.7396,0.7396,0.7318,0.7370,2668800,0.2028
1980-07-28,0.7370,0.7656,0.7344,0.7552,5059200,0.2078
1980-07-29,0.7552,0.7604,0.7526,0.7604,4358400,0.2092
1980-07-30,0.7656,0.7839,0.7656,0.7786,8721600,0.2143
1980-07-31,0.7760,0.7760,0.7552,0.7708,5889600,0.2121
1980-08-01,0.7708,0.7708,0.7604,0.7682,4339200,0.2114
1980-08-04,0.7682,0.7682,0.7656,0.7682,2275200,0.2114
1980-08-05,0.7682,0.7734,0.7656,0.7682,4516800,0.2114
1980-08-06,0.7682,0.7708,0.7578,0.7708,4934400,0.2121
1980-08-07,0.7708,0.7917,0.7656,0.7891,18072000,0.2171
1980-08-08,0.7917,0.7995,0.7917,0.7917,7670400,0.2178
1980-08-11,0.7917,0.7943,0.7839,0.7917,11971200,0.2178
1980-08-12,0.7917,0.7995,0.7839,0.7865,8716800,0.2164
1980-08-13,0.7865,0.7891,0.7630,0.7630,6148800,0.2100
1980-08-14,0.7630,0.7734,0.7500,0.7708,4420800,0.2121
1980-08-15,0.7630,0.7630,0.7526,0.7604,4934400,0.2092
1980-08-18,0.7500,0.7500,0.7370,0.7422,4142400,0.2042
1980-08-19,0.7422,0.7448,0.7318,0.7370,2947200,0.2028
1980-08-20,0.7370,0.7474,0.7344,0.7474,2356800,0.2057
1980-08-21,0.7474,0.7656,0.7474,0.7656,3835200,0.2107
1980-08-22,0.7656,0.7734,0.7630,0.7656,2913600,0.2107
1980-08-25,0.7656,0.7682,0.7552,0.7552,3648000,0.2078
1980-08-26,0.7552,0.7656,0.7526,0.7526,5299200,0.2071
1980-08-27,0.7526,0.7526,0.7422,0.7474,4080000,0.2057
1980-08-28,0.7474,0.7474,0.7318,0.7318,3489600,0.2014
1980-08-29,0.7318,0.7474,0.7292,0.7396,5836800,0.2035
1980-09-02,0.7422,0.7604,0.7422,0.7526,2227200,0.2071
1980-09-03,0.7526,0.7656,0.7526,0.7552,12595200,0.2078
1980-09-04,0.7578,0.7682,0.7578,0.7578,5116800,0.2085
1980-09-05,0.7578,0.7656,0.7578,0.7578,3508800,0.2085
1980-09-08,0.7578,0.7630,0.7526,0.7526,4411200,0.2071
1980-09-09,0.7526,0.7552,0.7448,0.7526,2980800,0.2071
1980-09-10,0.7448,0.7448,0.7005,0.7057,13564800,0.1971
1980-09-11,0.6901,0.6901,0.6771,0.6797,33331200,0.1899
1980-09-12,0.6797,0.6901,0.6771,0.6875,17750400,0.1921
1980-09-15,0.6875,0.6979,0.6797,0.6901,13108800,0.1928
1980-09-16,0.6927,0.7083,0.6927,0.7031,11400000,0.1964
1980-09-17,0.7031,0.7083,0.6927,0.7083,5654400,0.1979
1980-09-18,0.7057,0.7057,0.6953,0.6953,5510400,0.1942
1980-09-19,0.6953,0.7057,0.6901,0.6979,8404800,0.1950
1980-09-22,0.6979,0.7083,0.6953,0.7083,6206400,0.1979
1980-09-23,0.7083,0.7266,0.7083,0.7083,8035200,0.1979
1980-09-24,0.7083,0.7240,0.7083,0.7214,5611200,0.2015
1980-09-25,0.7188,0.7188,0.6953,0.6953,5740800,0.1942
1980-09-26,0.6901,0.6901,0.6797,0.6849,6336000,0.1913
1980-09-29,0.6849,0.6849,0.6667,0.6667,5323200,0.1862
1980-09-30,0.6693,0.6771,0.6693,0.6719,4603200,0.1877
1980-10-01,0.6771,0.6953,0.6771,0.6953,3355200,0.1942
1980-10-02,0.6953,0.6953,0.6771,0.6797,3552000,0.1899
1980-10-03,0.6823,0.7057,0.6823,0.6901,4142400,0.1928
1980-10-06,0.6901,0.6953,0.6875,0.6927,3168000,0.1935
1980-10-07,0.6927,0.7031,0.6849,0.6849,4502400,0.1913
1980-10-08,0.6849,0.6875,0.6745,0.6745,3086400,0.1884
1980-10-09,0.6745,0.6797,0.6719,0.6719,4656000,0.1877
1980-10-10,0.6719,0.6797,0.6719,0.6771,5947200,0.1891
1980-10-13,0.6771,0.6771,0.6693,0.6745,1704000,0.1884
1980-10-14,0.6745,0.6771,0.6667,0.6667,2529600,0.1862
1980-10-15,0.6667,0.6823,0.6667,0.6771,3220800,0.1891
1980-10-16,0.6771,0.6823,0.6589,0.6589,5558400,0.1840
1980-10-17,0.6589,0.6693,0.6589,0.6667,3345600,0.1862
1980-10-20,0.6667,0.6693,0.6615,0.6615,7651200,0.1848
1980-10-21,0.6615,0.6667,0.6536,0.6563,14467200,0.1833
1980-10-22,0.6563,0.6563,0.6458,0.6458,9441600,0.1804
1980-10-23,0.6458,0.6510,0.6458,0.6458,5884800,0.1804
1980-10-24,0.6458,0.6563,0.6406,0.6510,6336000,0.1819
1980-10-27,0.6484,0.6484,0.6380,0.6406,3556800,0.1790
1980-10-28,0.6406,0.6458,0.6380,0.6406,5918400,0.1790
1980-10-29,0.6406,0.6510,0.6406,0.6406,4603200,0.1790
1980-10-30,0.6406,0.6432,0.6302,0.6354,4440000,0.1775
1980-10-31,0.6354,0.6484,0.6302,0.6380,8438400,0.1782
1980-11-03,0.6380,0.6432,0.6354,0.6380,4958400,0.1782
1980-11-05,0.6380,0.6667,0.6250,0.6250,28968000,0.1746
1980-11-06,0.6250,0.6276,0.6068,0.6250,11328000,0.1746
1980-11-07,0.6250,0.6406,0.6224,0.6406,6268800,0.1790
1980-11-10,0.6406,0.6406,0.6354,0.6354,4108800,0.1775
1980-11-11,0.6354,0.6615,0.6354,0.6563,5328000,0.1833
1980-11-12,0.6563,0.6667,0.6536,0.6615,16060800,0.1848
1980-11-13,0.6615,0.6693,0.6563,0.6615,8256000,0.1848
1980-11-14,0.6615,0.6667,0.6458,0.6641,8803200,0.1855
1980-11-17,0.6615,0.6615,0.6406,0.6484,10084800,0.1811
1980-11-18,0.6484,0.6510,0.6380,0.6484,15446400,0.1811
1980-11-19,0.6484,0.6484,0.6380,0.6432,12273600,0.1797
1980-11-20,0.6432,0.6563,0.6406,0.6563,9600000,0.1833
1980-11-21,0.6563,0.6589,0.6432,0.6484,7358400,0.1811
1980-11-24,0.6406,0.6406,0.6276,0.6302,4732800,0.1792
1980-11-25,0.6354,0.6458,0.6354,0.6432,5712000,0.1829
1980-11-26,0.6432,0.6510,0.6380,0.6380,11740800,0.1814
1980-11-28,0.6380,0.6406,0.6328,0.6328,3835200,0.1799
1980-12-01,0.6328,0.6354,0.6276,0.6328,7017600,0.1799
1980-12-02,0.6328,0.6354,0.6276,0.6354,8851200,0.1806
1980-12-03,0.6354,0.6484,0.6354,0.6458,6345600,0.1836
1980-12-04,0.6458,0.6510,0.6432,0.6510,11342400,0.1851
1980-12-05,0.6432,0.6432,0.6276,0.6276,6216000,0.1784
1980-12-08,0.6276,0.6328,0.6250,0.6302,6451200,0.1792
1980-12-09,0.6302,0.6380,0.6250,0.6302,7608000,0.1792
1980-12-10,0.6302,0.6380,0.6276,0.6302,3720000,0.1792
1980-12-11,0.6302,0.6302,0.6224,0.6224,9902400,0.1769
1980-12-12,0.6224,0.6302,0.6224,0.6276,4238400,0.1784
1980-12-15,0.6276,0.6328,0.6250,0.6250,4219200,0.1777
1980-12-16,0.6250,0.6406,0.6224,0.6406,7545600,0.1821
1980-12-17,0.6406,0.6563,0.6380,0.6563,4982400,0.1866
1980-12-18,0.6563,0.6745,0.6563,0.6563,11011200,0.1866
1980-12-19,0.6563,0.6667,0.6458,0.6615,6484800,0.1880
1980-12-22,0.6667,0.6849,0.6667,0.6823,14035200,0.1940
1980-12-23,0.6875,0.7109,0.6875,0.6979,7449600,0.1984
1980-12-24,0.6979,0.7057,0.6953,0.6979,1795200,0.1984
1980-12-26,0.6979,0.7031,0.6927,0.6979,864000,0.1984
1980-12-29,0.6979,0.7005,0.6849,0.6875,3139200,0.1954
1980-12-30,0.6875,0.6875,0.6719,0.6875,3081600,0.1954
1980-12-31,0.6875,0.7005,0.6823,0.6953,8030400,0.1977
1981-01-02,0.6979,0.7109,0.6979,0.7057,2126400,0.2006
1981-01-05,0.7240,0.7422,0.7240,0.7396,6844800,0.2102
1981-01-06,0.7396,0.7578,0.7318,0.7422,12763200,0.2110
1981-01-07,0.7422,0.7422,0.7083,0.7344,12158400,0.2088
1981-01-08,0.7344,0.7448,0.7292,0.7370,10761600,0.2095
1981-01-09,0.7370,0.7474,0.7344,0.7422,6792000,0.2110
1981-01-12,0.7422,0.7500,0.7344,0.7370,5750400,0.2095
1981-01-13,0.7370,0.7370,0.7292,0.7344,5563200,0.2088
1981-01-14,0.7344,0.7422,0.7292,0.7292,5179200,0.2073
1981-01-15,0.7292,0.7318,0.7188,0.7214,3657600,0.2051
1981-01-16,0.7214,0.7292,0.7214,0.7214,3633600,0.2051
1981-01-19,0.7214,0.7266,0.7161,0.7214,3648000,0.2051
1981-01-20,0.7214,0.7240,0.7083,0.7135,3187200,0.2028
1981-01-21,0.7083,0.7083,0.6823,0.6953,7742400,0.1977
1981-01-22,0.6953,0.7005,0.6875,0.6875,3316800,0.1954
1981-01-23,0.6875,0.6953,0.6875,0.6927,2740800,0.1969
1981-01-26,0.6927,0.6927,0.6849,0.6849,2812800,0.1947
1981-01-27,0.6875,0.6927,0.6875,0.6901,4233600,0.1962
1981-01-28,0.6901,0.6901,0.6823,0.6823,1545600,0.1940
1981-01-29,0.6823,0.7031,0.6823,0.7031,7564800,0.1999
1981-01-30,0.7005,0.7005,0.6927,0.7005,1665600,0.1991
1981-02-02,0.6953,0.6953,0.6823,0.6927,2740800,0.1969
1981-02-03,0.6927,0.7135,0.6875,0.7135,5779200,0.2028
1981-02-04,0.7135,0.7161,0.7005,0.7057,4867200,0.2006
1981-02-05,0.7057,0.7057,0.6927,0.6979,9513600,0.1984
1981-02-06,0.6979,0.6979,0.6823,0.6953,5184000,0.1977
1981-02-09,0.6953,0.6953,0.6875,0.6953,2798400,0.1977
1981-02-10,0.6953,0.6953,0.6901,0.6953,4699200,0.1977
1981-02-11,0.6953,0.7135,0.6901,0.7057,8376000,0.2006
1981-02-12,0.7057,0.7135,0.7005,0.7057,5702400,0.2006
1981-02-13,0.7057,0.7135,0.7005,0.7031,3273600,0.1999
1981-02-17,0.7031,0.7057,0.7005,0.7031,2620800,0.1999
1981-02-18,0.7031,0.7109,0.7005,0.7057,8246400,0.2006
1981-02-19,0.7057,0.7135,0.6953,0.7005,4032000,0.1991
1981-02-20,0.7005,0.7031,0.6901,0.6953,4315200,0.1977
1981-02-23,0.6979,0.7083,0.6979,0.7057,5553600,0.2006
1981-02-24,0.7083,0.7161,0.7083,0.7135,6014400,0.2028
1981-02-25,0.7135,0.7188,0.7083,0.7188,2654400,0.2043
1981-02-26,0.7214,0.7370,0.7214,0.7318,7449600,0.2080
1981-02-27,0.7396,0.7500,0.7396,0.7474,4684800,0.2125
1981-03-02,0.7474,0.7500,0.7318,0.7500,3777600,0.2132
1981-03-03,0.7474,0.7474,0.7396,0.7422,4142400,0.2110
1981-03-04,0.7422,0.7500,0.7396,0.7500,3633600,0.2132
1981-03-05,0.7526,0.7682,0.7526,0.7630,10780800,0.2169
1981-03-06,0.7630,0.7656,0.7552,0.7656,4257600,0.2177
1981-03-09,0.7656,0.7708,0.7630,0.7708,5289600,0.2191
1981-03-10,0.7578,0.7578,0.7474,0.7526,4752000,0.2174
1981-03-11,0.7526,0.7552,0.7474,0.7500,2265600,0.2166
1981-03-12,0.7500,0.7813,0.7500,0.7813,12144000,0.2256
1981-03-13,0.7813,0.7891,0.7786,0.7839,6312000,0.2264
1981-03-16,0.7760,0.7760,0.7578,0.7708,6307200,0.2226
1981-03-17,0.7708,0.7760,0.7526,0.7630,5553600,0.2204
1981-03-18,0.7630,0.7682,0.7578,0.7656,3907200,0.2211
1981-03-19,0.7656,0.7760,0.7656,0.7708,6921600,0.2226
1981-03-20,0.7708,0.7760,0.7656,0.7734,5097600,0.2234
1981-03-23,0.7760,0.7865,0.7760,0.7865,7200000,0.2271
1981-03-24,0.7865,0.7891,0.7656,0.7682,7473600,0.2219
1981-03-25,0.7682,0.7760,0.7682,0.7760,6432000,0.2241
1981-03-26,0.7760,0.7865,0.7760,0.7760,7521600,0.2241
1981-03-27,0.7760,0.7839,0.7630,0.7656,7267200,0.2211
1981-03-30,0.7656,0.7734,0.7630,0.7708,3019200,0.2226
1981-03-31,0.7708,0.7760,0.7682,0.7682,1675200,0.2219
1981-04-01,0.7682,0.7760,0.7604,0.7656,2414400,0.2211
1981-04-02,0.7656,0.7708,0.7604,0.7682,1948800,0.2219
1981-04-03,0.7682,0.7734,0.7656,0.7708,3307200,0.2226
1981-04-06,0.7708,0.7760,0.7682,0.7708,1665600,0.2226
1981-04-07,0.7708,0.7786,0.7630,0.7708,2798400,0.2226
1981-04-08,0.7708,0.7813,0.7708,0.7786,4560000,0.2249
1981-04-09,0.7786,0.8021,0.7708,0.8021,8054400,0.2316
1981-04-10,0.8021,0.8177,0.7995,0.8177,10996800,0.2362
1981-04-13,0.8177,0.8177,0.7813,0.7839,13377600,0.2264
1981-04-14,0.7708,0.7708,0.7578,0.7604,11894400,0.2196
1981-04-15,0.7604,0.7604,0.7370,0.7448,12403200,0.2151
1981-04-16,0.7448,0.7448,0.7240,0.7396,19219200,0.2136
1981-04-20,0.7396,0.7396,0.7240,0.7370,11870400,0.2128
1981-04-21,0.7370,0.7396,0.7240,0.7240,8870400,0.2091
1981-04-22,0.7240,0.7292,0.7188,0.7240,13694400,0.2091
1981-04-23,0.7240,0.7344,0.7161,0.7344,9609600,0.2121
1981-04-24,0.7344,0.7422,0.7318,0.7396,7118400,0.2136
1981-04-27,0.7396,0.7422,0.7292,0.7344,3273600,0.2121
1981-04-28,0.7344,0.7344,0.7214,0.7266,2956800,0.2098
1981-04-29,0.7240,0.7240,0.7161,0.7240,5644800,0.2091
1981-04-30,0.7240,0.7266,0.7161,0.7214,3052800,0.2083
1981-05-01,0.7188,0.7188,0.7083,0.7109,7195200,0.2053
1981-05-04,0.7109,0.7161,0.7031,0.7083,3974400,0.2046
1981-05-05,0.7083,0.7109,0.7031,0.7109,15120000,0.2053
1981-05-06,0.7109,0.7266,0.7109,0.7214,7713600,0.2083
1981-05-07,0.7214,0.7422,0.7188,0.7422,4516800,0.2143
1981-05-08,0.7422,0.7474,0.7318,0.7422,3912000,0.2143
1981-05-11,0.7422,0.7422,0.7214,0.7240,5625600,0.2091
1981-05-12,0.7240,0.7344,0.7240,0.7240,2563200,0.2091
1981-05-13,0.7240,0.7318,0.7214,0.7292,4473600,0.2106
1981-05-14,0.7266,0.7266,0.7214,0.7240,3004800,0.2091
1981-05-15,0.7292,0.7344,0.7292,0.7292,2875200,0.2106
1981-05-18,0.7292,0.7474,0.7292,0.7474,5966400,0.2159
1981-05-19,0.7500,0.7552,0.7500,0.7526,12105600,0.2174
1981-05-20,0.7526,0.7578,0.7474,0.7474,8198400,0.2159
1981-05-21,0.7474,0.7552,0.7448,0.7552,8140800,0.2181
1981-05-22,0.7552,0.7578,0.7500,0.7578,5376000,0.2189
1981-05-26,0.7604,0.7708,0.7604,0.7708,4689600,0.2226
1981-05-27,0.7708,0.7839,0.7682,0.7839,4636800,0.2264
1981-05-28,0.7839,0.7865,0.7760,0.7786,6096000,0.2249
1981-05-29,0.7786,0.7786,0.7734,0.7786,2284800,0.2249
1981-06-01,0.7786,0.7839,0.7734,0.7760,9523200,0.2241
1981-06-02,0.7734,0.7734,0.7656,0.7682,5452800,0.2219
1981-06-03,0.7682,0.7682,0.7552,0.7656,2395200,0.2211
1981-06-04,0.7656,0.7656,0.7552,0.7630,3355200,0.2204
1981-06-05,0.7630,0.7708,0.7630,0.7682,1128000,0.2219
1981-06-08,0.7682,0.7734,0.7682,0.7708,4588800,0.2226
1981-06-09,0.7708,0.7786,0.7630,0.7760,3720000,0.2277
1981-06-10,0.7786,0.7969,0.7786,0.7917,7905600,0.2323
1981-06-11,0.7917,0.8125,0.7917,0.8073,16036800,0.2369
1981-06-12,0.8073,0.8307,0.7995,0.8281,14750400,0.2430
1981-06-15,0.8281,0.8385,0.8255,0.8281,7204800,0.2430
1981-06-16,0.8281,0.8281,0.7865,0.7917,12264000,0.2323
1981-06-17,0.7917,0.7917,0.7813,0.7917,4142400,0.2323
1981-06-18,0.7917,0.7917,0.7760,0.7786,2462400,0.2285
1981-06-19,0.7760,0.7760,0.7604,0.7682,3268800,0.2254
1981-06-22,0.7656,0.7656,0.7474,0.7500,6307200,0.2201
1981-06-23,0.7474,0.7474,0.7396,0.7448,9945600,0.2185
1981-06-24,0.7370,0.7370,0.7292,0.7292,8726400,0.2139
1981-06-25,0.7292,0.7318,0.7188,0.7214,12696000,0.2116
1981-06-26,0.7214,0.7240,0.7161,0.7214,5913600,0.2116
1981-06-29,0.7214,0.7240,0.7214,0.7214,4665600,0.2116
1981-06-30,0.7214,0.7266,0.7188,0.7240,5217600,0.2124
1981-07-01,0.7240,0.7240,0.7161,0.7188,17563200,0.2109
1981-07-02,0.7188,0.7188,0.7109,0.7188,3340800,0.2109
1981-07-06,0.7188,0.7188,0.7005,0.7083,4492800,0.2078
1981-07-07,0.7083,0.7109,0.6953,0.7005,5712000,0.2055
1981-07-08,0.7005,0.7031,0.6823,0.7005,4478400,0.2055
1981-07-09,0.7005,0.7031,0.6901,0.7031,3182400,0.2063
1981-07-10,0.7031,0.7135,0.7005,0.7083,3153600,0.2078
1981-07-13,0.7083,0.7188,0.7083,0.7188,1584000,0.2109
1981-07-14,0.7188,0.7214,0.7031,0.7031,4608000,0.2063
1981-07-15,0.7031,0.7057,0.7005,0.7031,1920000,0.2063
1981-07-16,0.7031,0.7083,0.7031,0.7031,3340800,0.2063
1981-07-17,0.7031,0.7057,0.6927,0.7031,1968000,0.2063
1981-07-20,0.7031,0.7031,0.6901,0.6927,5448000,0.2032
1981-07-21,0.6927,0.6927,0.6849,0.6875,13152000,0.2017
1981-07-22,0.6875,0.6953,0.6745,0.6771,6878400,0.1987
1981-07-23,0.6771,0.6901,0.6667,0.6849,6700800,0.2010
1981-07-24,0.6849,0.6979,0.6849,0.6979,3547200,0.2048
1981-07-27,0.6979,0.7057,0.6953,0.7057,3638400,0.2071
1981-07-28,0.7057,0.7083,0.6953,0.7031,5457600,0.2063
1981-07-29,0.7031,0.7057,0.7005,0.7031,2472000,0.2063
1981-07-30,0.7031,0.7057,0.7005,0.7031,1761600,0.2063
1981-07-31,0.7031,0.7083,0.7031,0.7083,5548800,0.2078
1981-08-03,0.7083,0.7135,0.7005,0.7031,2592000,0.2063
1981-08-04,0.7031,0.7031,0.6901,0.7031,2688000,0.2063
1981-08-05,0.7031,0.7135,0.7005,0.7135,3326400,0.2094
1981-08-06,0.7135,0.7161,0.7083,0.7161,3412800,0.2101
1981-08-07,0.7161,0.7161,0.7005,0.7057,5620800,0.2071
1981-08-10,0.7057,0.7083,0.6979,0.7031,1819200,0.2063
1981-08-11,0.7057,0.7135,0.7057,0.7083,3460800,0.2078
1981-08-12,0.7109,0.7161,0.7109,0.7109,2265600,0.2086
1981-08-13,0.7109,0.7161,0.7109,0.7109,1752000,0.2086
1981-08-14,0.7109,0.7109,0.7031,0.7083,3369600,0.2078
1981-08-17,0.7057,0.7057,0.7005,0.7005,1833600,0.2055
1981-08-18,0.7005,0.7005,0.6901,0.6927,5846400,0.2032
1981-08-19,0.6927,0.6953,0.6875,0.6875,4473600,0.2017
1981-08-20,0.6875,0.6901,0.6849,0.6849,2035200,0.2010
1981-08-21,0.6849,0.6901,0.6849,0.6875,2073600,0.2017
1981-08-24,0.6875,0.6875,0.6693,0.6693,3019200,0.1964
1981-08-25,0.6667,0.6667,0.6563,0.6641,2822400,0.1948
1981-08-26,0.6667,0.6771,0.6667,0.6693,3225600,0.1964
1981-08-27,0.6693,0.6771,0.6667,0.6719,1862400,0.1971
1981-08-28,0.6719,0.6901,0.6719,0.6849,5073600,0.2010
1981-08-31,0.6849,0.6901,0.6823,0.6823,4492800,0.2002
1981-09-01,0.6823,0.6849,0.6693,0.6719,6326400,0.1971
1981-09-02,0.6719,0.6745,0.6641,0.6719,5544000,0.1971
1981-09-03,0.6719,0.6719,0.6563,0.6563,5040000,0.1925
1981-09-04,0.6563,0.6641,0.6510,0.6615,4972800,0.1941
1981-09-08,0.6589,0.6589,0.6536,0.6563,6148800,0.1925
1981-09-09,0.6563,0.6615,0.6354,0.6563,2400000,0.1962
1981-09-10,0.6563,0.6641,0.6536,0.6589,3648000,0.1969
1981-09-11,0.6589,0.6693,0.6589,0.6667,2572800,0.1993
1981-09-14,0.6667,0.6719,0.6641,0.6641,3009600,0.1985
1981-09-15,0.6641,0.6745,0.6641,0.6667,2035200,0.1993
1981-09-16,0.6667,0.6693,0.6641,0.6667,4857600,0.1993
1981-09-17,0.6667,0.6771,0.6641,0.6719,4123200,0.2008
1981-09-18,0.6719,0.6875,0.6641,0.6823,3556800,0.2039
1981-09-21,0.6823,0.6849,0.6693,0.6693,6609600,0.2001
1981-09-22,0.6693,0.6719,0.6667,0.6667,3945600,0.1993
1981-09-23,0.6667,0.6667,0.6589,0.6589,5928000,0.1969
1981-09-24,0.6589,0.6719,0.6536,0.6667,12652800,0.1993
1981-09-25,0.6589,0.6589,0.6458,0.6563,3537600,0.1962
1981-09-28,0.6563,0.6745,0.6458,0.6719,11006400,0.2008
1981-09-29,0.6719,0.6875,0.6693,0.6875,6993600,0.2055
1981-09-30,0.6875,0.7031,0.6823,0.7031,7065600,0.2102
1981-10-01,0.7057,0.7292,0.7057,0.7188,16819200,0.2148
1981-10-02,0.7240,0.7370,0.7240,0.7240,20376000,0.2164
1981-10-05,0.7240,0.7292,0.7240,0.7266,5832000,0.2172
1981-10-06,0.7266,0.7318,0.7240,0.7266,4838400,0.2172
1981-10-07,0.7266,0.7500,0.7266,0.7500,11740800,0.2242
1981-10-08,0.7500,0.7578,0.7422,0.7552,7382400,0.2257
1981-10-09,0.7552,0.7578,0.7448,0.7448,6345600,0.2226
1981-10-12,0.7448,0.7500,0.7396,0.7500,1219200,0.2242
1981-10-13,0.7500,0.7526,0.7422,0.7448,4929600,0.2226
1981-10-14,0.7422,0.7422,0.7240,0.7240,2644800,0.2164
1981-10-15,0.7240,0.7318,0.7188,0.7266,1814400,0.2172
1981-10-16,0.7266,0.7266,0.7161,0.7214,6172800,0.2156
1981-10-19,0.7161,0.7161,0.7057,0.7109,5059200,0.2125
1981-10-20,0.7109,0.7135,0.7057,0.7057,7099200,0.2109
1981-10-21,0.7057,0.7083,0.6927,0.6927,7699200,0.2071
1981-10-22,0.6927,0.7188,0.6875,0.7135,8524800,0.2133
1981-10-23,0.7135,0.7240,0.7083,0.7161,11697600,0.2141
1981-10-26,0.7135,0.7135,0.7083,0.7135,3225600,0.2133
1981-10-27,0.7135,0.7344,0.7057,0.7344,7915200,0.2195
1981-10-28,0.7344,0.7604,0.7344,0.7500,13435200,0.2242
1981-10-29,0.7500,0.7578,0.7422,0.7526,5337600,0.2250
1981-10-30,0.7552,0.7682,0.7552,0.7682,4046400,0.2296
1981-11-02,0.7682,0.7708,0.7604,0.7604,18115200,0.2273
1981-11-03,0.7604,0.7630,0.7552,0.7604,3216000,0.2273
1981-11-04,0.7604,0.7604,0.7396,0.7396,1929600,0.2211
1981-11-05,0.7396,0.7448,0.7240,0.7266,7790400,0.2172
1981-11-06,0.7266,0.7344,0.7240,0.7344,6216000,0.2195
1981-11-09,0.7344,0.7474,0.7318,0.7370,1377600,0.2203
1981-11-10,0.7370,0.7448,0.7344,0.7396,2481600,0.2211
1981-11-11,0.7396,0.7396,0.7344,0.7396,1248000,0.2211
1981-11-12,0.7396,0.7500,0.7292,0.7396,3758400,0.2211
1981-11-13,0.7370,0.7370,0.7240,0.7266,2092800,0.2172
1981-11-16,0.7188,0.7188,0.7057,0.7083,4636800,0.2117
1981-11-17,0.7083,0.7083,0.6979,0.7057,6427200,0.2109
1981-11-18,0.7057,0.7135,0.7005,0.7057,4608000,0.2109
1981-11-19,0.7109,0.7188,0.7109,0.7161,2476800,0.2141
1981-11-20,0.7214,0.7318,0.7214,0.7292,5726400,0.2180
1981-11-23,0.7318,0.7396,0.7318,0.7396,4344000,0.2211
1981-11-24,0.7266,0.7266,0.7214,0.7266,6604800,0.2208
1981-11-25,0.7318,0.7422,0.7318,0.7370,7195200,0.2239
1981-11-27,0.7370,0.7448,0.7344,0.7396,2155200,0.2247
1981-11-30,0.7396,0.7500,0.7396,0.7422,4027200,0.2255
1981-12-01,0.7422,0.7448,0.7396,0.7448,3278400,0.2263
1981-12-02,0.7422,0.7422,0.7344,0.7344,3705600,0.2232
1981-12-03,0.7344,0.7448,0.7344,0.7448,2803200,0.2263
1981-12-04,0.7448,0.7578,0.7448,0.7526,5462400,0.2287
1981-12-07,0.7526,0.7578,0.7474,0.7552,2822400,0.2295
1981-12-08,0.7552,0.7578,0.7500,0.7526,6705600,0.2287
1981-12-09,0.7500,0.7500,0.7422,0.7448,3528000,0.2263
1981-12-10,0.7448,0.7552,0.7422,0.7448,3456000,0.2263
1981-12-11,0.7448,0.7500,0.7396,0.7422,2188800,0.2255
1981-12-14,0.7422,0.7448,0.7266,0.7292,5644800,0.2216
1981-12-15,0.7266,0.7266,0.7188,0.7266,5145600,0.2208
1981-12-16,0.7266,0.7266,0.7188,0.7188,1670400,0.2184
1981-12-17,0.7188,0.7240,0.7161,0.7161,3345600,0.2176
1981-12-18,0.7161,0.7318,0.7135,0.7188,2467200,0.2184
1981-12-21,0.7188,0.7214,0.7109,0.7109,3844800,0.2160
1981-12-22,0.7109,0.7214,0.7109,0.7161,7137600,0.2176
1981-12-23,0.7161,0.7188,0.7135,0.7188,1660800,0.2184
1981-12-24,0.7188,0.7188,0.7135,0.7135,1084800,0.2168
1981-12-28,0.7135,0.7214,0.7135,0.7135,1670400,0.2168
1981-12-29,0.7135,0.7214,0.7135,0.7161,2121600,0.2176
1981-12-30,0.7161,0.7266,0.7135,0.7214,1540800,0.2192
1981-12-31,0.7214,0.7266,0.7214,0.7240,1742400,0.2200
1982-01-04,0.7240,0.7266,0.7083,0.7214,2169600,0.2192
1982-01-05,0.7214,0.7266,0.7135,0.7161,3499200,0.2176
1982-01-06,0.7161,0.7240,0.7135,0.7240,2769600,0.2200
1982-01-07,0.7292,0.7500,0.7292,0.7448,9081600,0.2263
1982-01-08,0.7474,0.7682,0.7474,0.7500,3000000,0.2279
1982-01-11,0.7500,0.7500,0.7396,0.7448,6470400,0.2263
1982-01-12,0.7448,0.7630,0.7422,0.7448,4867200,0.2263
1982-01-13,0.7448,0.7474,0.7344,0.7370,4051200,0.2239
1982-01-14,0.7344,0.7344,0.7240,0.7292,5380800,0.2216
1982-01-15,0.7292,0.7370,0.7161,0.7161,3014400,0.2176
1982-01-18,0.7161,0.7188,0.7109,0.7135,7497600,0.2168
1982-01-19,0.6771,0.6771,0.6641,0.6667,9595200,0.2026
1982-01-20,0.6615,0.6615,0.6354,0.6380,28747200,0.1939
1982-01-21,0.6380,0.6536,0.6380,0.6536,18556800,0.1986
1982-01-22,0.6536,0.6536,0.6458,0.6510,21513600,0.1978
1982-01-25,0.6484,0.6484,0.6406,0.6432,24556800,0.1955
1982-01-26,0.6432,0.6484,0.6406,0.6484,11308800,0.1970
1982-01-27,0.6484,0.6536,0.6432,0.6536,7800000,0.1986
1982-01-28,0.6563,0.6771,0.6563,0.6667,14875200,0.2026
1982-01-29,0.6667,0.6797,0.6615,0.6797,13147200,0.2065
1982-02-01,0.6771,0.6771,0.6641,0.6641,13526400,0.2018
1982-02-02,0.6641,0.6693,0.6641,0.6667,14616000,0.2026
1982-02-03,0.6667,0.6693,0.6589,0.6589,6307200,0.2002
1982-02-04,0.6589,0.6641,0.6536,0.6641,8467200,0.2018
1982-02-05,0.6641,0.6719,0.6641,0.6693,14841600,0.2034
1982-02-08,0.6693,0.6693,0.6615,0.6641,5587200,0.2018
1982-02-09,0.6641,0.6667,0.6615,0.6615,16142400,0.2010
1982-02-10,0.6615,0.6719,0.6615,0.6719,5880000,0.2042
1982-02-11,0.6719,0.6719,0.6667,0.6719,3412800,0.2042
1982-02-12,0.6719,0.6719,0.6693,0.6693,5659200,0.2034
1982-02-16,0.6667,0.6667,0.6536,0.6615,8150400,0.2010
1982-02-17,0.6615,0.6641,0.6536,0.6563,2169600,0.1994
1982-02-18,0.6563,0.6615,0.6510,0.6563,9460800,0.1994
1982-02-19,0.6510,0.6510,0.6432,0.6484,6432000,0.1970
1982-02-22,0.6484,0.6510,0.6250,0.6302,6926400,0.1915
1982-02-23,0.6302,0.6458,0.6276,0.6458,11092800,0.1963
1982-02-24,0.6458,0.6458,0.6328,0.6432,9000000,0.1955
1982-02-25,0.6432,0.6432,0.6328,0.6328,8596800,0.1923
1982-02-26,0.6328,0.6406,0.6198,0.6302,9259200,0.1915
1982-03-01,0.6302,0.6380,0.6276,0.6354,5059200,0.1931
1982-03-02,0.6354,0.6406,0.6276,0.6302,9681600,0.1915
1982-03-03,0.6302,0.6380,0.6198,0.6328,11736000,0.1923
1982-03-04,0.6328,0.6406,0.6276,0.6380,30907200,0.1939
1982-03-05,0.6380,0.6589,0.6380,0.6589,15964800,0.2002
1982-03-08,0.6589,0.6667,0.6510,0.6589,16089600,0.2002
1982-03-09,0.6589,0.6589,0.6484,0.6536,15470400,0.2026
1982-03-10,0.6536,0.6589,0.6510,0.6536,4900800,0.2026
1982-03-11,0.6536,0.6589,0.6536,0.6589,6777600,0.2042
1982-03-12,0.6589,0.6589,0.6510,0.6536,4929600,0.2026
1982-03-15,0.6536,0.6615,0.6536,0.6589,5803200,0.2042
1982-03-16,0.6589,0.6719,0.6589,0.6589,13920000,0.2042
1982-03-17,0.6589,0.6615,0.6510,0.6563,9758400,0.2034
1982-03-18,0.6563,0.6589,0.6484,0.6563,8352000,0.2034
1982-03-19,0.6563,0.6563,0.6510,0.6536,6091200,0.2026
1982-03-22,0.6563,0.6719,0.6563,0.6667,14092800,0.2066
1982-03-23,0.6693,0.6927,0.6693,0.6901,16257600,0.2139
1982-03-24,0.6927,0.7083,0.6927,0.6979,19156800,0.2163
1982-03-25,0.6979,0.7135,0.6953,0.7057,10627200,0.2187
1982-03-26,0.7057,0.7057,0.6979,0.6979,5164800,0.2163
1982-03-29,0.6979,0.7005,0.6901,0.6979,2702400,0.2163
1982-03-30,0.6979,0.7005,0.6927,0.6979,2707200,0.2163
1982-03-31,0.6979,0.6979,0.6823,0.6823,8236800,0.2115
1982-04-01,0.6823,0.6927,0.6823,0.6901,8232000,0.2139
1982-04-02,0.6901,0.6953,0.6875,0.6927,7776000,0.2147
1982-04-05,0.6927,0.6953,0.6875,0.6901,11169600,0.2139
1982-04-06,0.6901,0.6927,0.6875,0.6901,5438400,0.2139
1982-04-07,0.6901,0.6979,0.6901,0.6979,8251200,0.2163
1982-04-08,0.6979,0.7083,0.6979,0.7083,9580800,0.2195
1982-04-12,0.7083,0.7109,0.7005,0.7057,5548800,0.2187
1982-04-13,0.7057,0.7109,0.7031,0.7109,6220800,0.2204
1982-04-14,0.7109,0.7109,0.7057,0.7083,6777600,0.2195
1982-04-15,0.7083,0.7083,0.7057,0.7083,2318400,0.2195
1982-04-16,0.7083,0.7109,0.7057,0.7109,8688000,0.2204
1982-04-19,0.7109,0.7214,0.7083,0.7214,8467200,0.2236
1982-04-20,0.7214,0.7318,0.7214,0.7240,17553600,0.2244
1982-04-21,0.7240,0.7240,0.7161,0.7214,10948800,0.2236
1982-04-22,0.7240,0.7292,0.7240,0.7266,18902400,0.2252
1982-04-23,0.7266,0.7266,0.7214,0.7266,9369600,0.2252
1982-04-26,0.7266,0.7292,0.7214,0.7266,18864000,0.2252
1982-04-27,0.7266,0.7292,0.7188,0.7214,12408000,0.2236
1982-04-28,0.7214,0.7214,0.7161,0.7161,5131200,0.2220
1982-04-29,0.7161,0.7161,0.7083,0.7135,5198400,0.2212
1982-04-30,0.7135,0.7135,0.7083,0.7109,4171200,0.2204
1982-05-03,0.7083,0.7083,0.7031,0.7057,7612800,0.2187
1982-05-04,0.7083,0.7161,0.7083,0.7135,16896000,0.2212
1982-05-05,0.7135,0.7214,0.7135,0.7188,26246400,0.2228
1982-05-06,0.7188,0.7240,0.7188,0.7188,8236800,0.2228
1982-05-07,0.7188,0.7292,0.7188,0.7266,7224000,0.2252
1982-05-10,0.7240,0.7240,0.7135,0.7135,9134400,0.2212
1982-05-11,0.7135,0.7214,0.7135,0.7188,14136000,0.2228
1982-05-12,0.7188,0.7214,0.7135,0.7135,8726400,0.2212
1982-05-13,0.7135,0.7161,0.7031,0.7057,9144000,0.2187
1982-05-14,0.7057,0.7057,0.7005,0.7005,6456000,0.2171
1982-05-17,0.7005,0.7031,0.6875,0.6901,7872000,0.2139
1982-05-18,0.6901,0.6953,0.6875,0.6953,3844800,0.2155
1982-05-19,0.6953,0.7083,0.6927,0.7031,4670400,0.2179
1982-05-20,0.7031,0.7031,0.6979,0.7005,5428800,0.2171
1982-05-21,0.7005,0.7083,0.6979,0.7057,6096000,0.2187
1982-05-24,0.6953,0.6953,0.6875,0.6927,4608000,0.2187
1982-05-25,0.6927,0.6979,0.6901,0.6979,6172800,0.2204
1982-05-26,0.6953,0.6953,0.6797,0.6823,7862400,0.2154
1982-05-27,0.6797,0.6797,0.6641,0.6667,6244800,0.2105
1982-05-28,0.6667,0.6745,0.6667,0.6667,5596800,0.2105
1982-06-01,0.6667,0.6719,0.6641,0.6719,8078400,0.2121
1982-06-02,0.6745,0.6901,0.6745,0.6901,7180800,0.2179
1982-06-03,0.6927,0.7057,0.6927,0.6979,7012800,0.2204
1982-06-04,0.6979,0.7005,0.6953,0.6979,8400000,0.2204
1982-06-07,0.6979,0.7031,0.6953,0.7005,4737600,0.2212
1982-06-08,0.7005,0.7057,0.6979,0.7031,5073600,0.2220
1982-06-09,0.7031,0.7109,0.7031,0.7083,8136000,0.2236
1982-06-10,0.7083,0.7161,0.7057,0.7083,7224000,0.2236
1982-06-11,0.7083,0.7161,0.7057,0.7083,7521600,0.2236
1982-06-14,0.7057,0.7057,0.7031,0.7031,2140800,0.2220
1982-06-15,0.7031,0.7057,0.7005,0.7005,2985600,0.2212
1982-06-16,0.7005,0.7031,0.6927,0.6953,6393600,0.2195
1982-06-17,0.6953,0.6953,0.6901,0.6927,8088000,0.2187
1982-06-18,0.6927,0.6953,0.6901,0.6901,10588800,0.2179
1982-06-21,0.6901,0.7031,0.6901,0.7031,11150400,0.2220
1982-06-22,0.7031,0.7500,0.7005,0.7344,12864000,0.2319
1982-06-23,0.7344,0.7422,0.7318,0.7422,11793600,0.2343
1982-06-24,0.7422,0.7474,0.7266,0.7266,8697600,0.2294
1982-06-25,0.7135,0.7135,0.7031,0.7031,22713600,0.2220
1982-06-28,0.7031,0.7031,0.6927,0.7005,13843200,0.2212
1982-06-29,0.7005,0.7031,0.6979,0.6979,3273600,0.2204
1982-06-30,0.6979,0.7057,0.6979,0.7031,15662400,0.2220
1982-07-01,0.7031,0.7057,0.7005,0.7031,1886400,0.2220
1982-07-02,0.7031,0.7057,0.6979,0.7005,3456000,0.2212
1982-07-06,0.7005,0.7005,0.6953,0.6953,10747200,0.2195
1982-07-07,0.6979,0.7083,0.6979,0.7057,11774400,0.2228
1982-07-08,0.7057,0.7057,0.6953,0.7057,4646400,0.2228
1982-07-09,0.7135,0.7370,0.7135,0.7292,18518400,0.2302
1982-07-12,0.7526,0.7630,0.7526,0.7630,12628800,0.2409
1982-07-13,0.7630,0.7656,0.7578,0.7578,24129600,0.2393
1982-07-14,0.7578,0.7630,0.7526,0.7630,12628800,0.2409
1982-07-15,0.7656,0.7786,0.7656,0.7786,25080000,0.2458
1982-07-16,0.7786,0.7969,0.7604,0.7865,23251200,0.2483
1982-07-19,0.7891,0.8073,0.7891,0.8021,14904000,0.2532
1982-07-20,0.8021,0.8047,0.7891,0.7917,9134400,0.2500
1982-07-21,0.7917,0.8021,0.7708,0.7813,12585600,0.2467
1982-07-22,0.7813,0.7891,0.7708,0.7813,9916800,0.2467
1982-07-23,0.7813,0.7839,0.7734,0.7760,4435200,0.2450
1982-07-26,0.7760,0.7813,0.7734,0.7734,5568000,0.2442
1982-07-27,0.7734,0.7917,0.7734,0.7786,13972800,0.2458
1982-07-28,0.7786,0.7813,0.7682,0.7682,9043200,0.2426
1982-07-29,0.7656,0.7656,0.7500,0.7656,15878400,0.2417
1982-07-30,0.7656,0.7760,0.7630,0.7630,10708800,0.2409
1982-08-02,0.7682,0.7839,0.7682,0.7839,12888000,0.2475
1982-08-03,0.7865,0.7943,0.7865,0.7891,12484800,0.2491
1982-08-04,0.7891,0.7891,0.7760,0.7786,10512000,0.2458
1982-08-05,0.7734,0.7734,0.7500,0.7526,10636800,0.2376
1982-08-06,0.7500,0.7500,0.7370,0.7370,10228800,0.2327
1982-08-09,0.7370,0.7474,0.7188,0.7370,12273600,0.2327
1982-08-10,0.7370,0.7396,0.7292,0.7344,19416000,0.2319
1982-08-11,0.7344,0.7370,0.7240,0.7240,5688000,0.2286
1982-08-12,0.7240,0.7318,0.7240,0.7240,5438400,0.2286
1982-08-13,0.7240,0.7370,0.7188,0.7370,5793600,0.2327
1982-08-16,0.7396,0.7526,0.7396,0.7474,7142400,0.2360
1982-08-17,0.7500,0.7760,0.7500,0.7760,13320000,0.2450
1982-08-18,0.7760,0.7917,0.7552,0.7656,13243200,0.2417
1982-08-19,0.7656,0.7786,0.7604,0.7630,8860800,0.2409
1982-08-20,0.7630,0.7969,0.7630,0.7786,12590400,0.2458
1982-08-23,0.7786,0.8385,0.7760,0.8359,20270400,0.2639
1982-08-24,0.8307,0.8307,0.8073,0.8203,12129600,0.2590
1982-08-25,0.8203,0.8411,0.8203,0.8307,9019200,0.2623
1982-08-26,0.8307,0.8411,0.8177,0.8177,19699200,0.2582
1982-08-27,0.8177,0.8229,0.7995,0.8021,8649600,0.2532
1982-08-30,0.8021,0.8151,0.7969,0.8125,7180800,0.2565
1982-08-31,0.8125,0.8229,0.8073,0.8203,23520000,0.2590
1982-09-01,0.8203,0.8281,0.8047,0.8073,16838400,0.2549
1982-09-02,0.8073,0.8333,0.8073,0.8281,7732800,0.2615
1982-09-03,0.8281,0.8542,0.8255,0.8464,17899200,0.2672
1982-09-07,0.8464,0.8464,0.8229,0.8255,15019200,0.2606
1982-09-08,0.8255,0.8359,0.8255,0.8307,12600000,0.2623
1982-09-09,0.8203,0.8203,0.8047,0.8047,13896000,0.2581
1982-09-10,0.8047,0.8099,0.7969,0.8099,15465600,0.2597
1982-09-13,0.8099,0.8125,0.8021,0.8125,5817600,0.2606
1982-09-14,0.8177,0.8333,0.8177,0.8229,10368000,0.2639
1982-09-15,0.8229,0.8411,0.8229,0.8411,11683200,0.2698
1982-09-16,0.8411,0.8672,0.8385,0.8438,20308800,0.2706
1982-09-17,0.8438,0.8542,0.8411,0.8438,15254400,0.2706
1982-09-20,0.8438,0.8490,0.8281,0.8464,5313600,0.2714
1982-09-21,0.8516,0.8802,0.8516,0.8724,21926400,0.2798
1982-09-22,0.8750,0.9010,0.8750,0.8776,24792000,0.2815
1982-09-23,0.8776,0.8984,0.8750,0.8958,19344000,0.2873
1982-09-24,0.8932,0.8932,0.8854,0.8880,13411200,0.2848
1982-09-27,0.8880,0.9141,0.8880,0.9141,5203200,0.2932
1982-09-28,0.9141,0.9219,0.8932,0.8932,10689600,0.2865
1982-09-29,0.8906,0.8906,0.8594,0.8646,13075200,0.2773
1982-09-30,0.8516,0.8516,0.8333,0.8490,11208000,0.2723
1982-10-01,0.8490,0.8620,0.8411,0.8594,11347200,0.2756
1982-10-04,0.8594,0.8698,0.8490,0.8698,15633600,0.2790
1982-10-05,0.8698,0.8854,0.8698,0.8776,13761600,0.2815
1982-10-06,0.8776,0.9115,0.8776,0.9089,10392000,0.2915
1982-10-07,0.9089,0.9323,0.9010,0.9167,18724800,0.2940
1982-10-08,0.9167,0.9375,0.9063,0.9323,19281600,0.2990
1982-10-11,0.9401,0.9583,0.9401,0.9479,15240000,0.3040
1982-10-12,0.9479,0.9635,0.9401,0.9453,14673600,0.3032
1982-10-13,0.9453,0.9583,0.9323,0.9427,11208000,0.3023
1982-10-14,0.9427,0.9427,0.9063,0.9063,11280000,0.2906
1982-10-15,0.9063,0.9271,0.8906,0.9193,8721600,0.2948
1982-10-18,0.9375,0.9609,0.9375,0.9609,6979200,0.3082
1982-10-19,0.9609,0.9609,0.9297,0.9375,21249600,0.3007
1982-10-20,0.9375,0.9401,0.9297,0.9375,12091200,0.3007
1982-10-21,0.9375,0.9401,0.9193,0.9323,14625600,0.2990
1982-10-22,0.9323,0.9531,0.9323,0.9375,11443200,0.3007
1982-10-25,0.9349,0.9349,0.9115,0.9115,16022400,0.2923
1982-10-26,0.9115,0.9167,0.8932,0.9167,20812800,0.2940
1982-10-27,0.9167,0.9323,0.9089,0.9219,18475200,0.2957
1982-10-28,0.9219,0.9245,0.9115,0.9141,7752000,0.2932
1982-10-29,0.9141,0.9167,0.9010,0.9115,6504000,0.2923
1982-11-01,0.9167,0.9427,0.9167,0.9375,8083200,0.3007
1982-11-02,0.9427,0.9609,0.9427,0.9505,18600000,0.3048
1982-11-03,0.9557,1.0052,0.9557,1.0000,16094400,0.3207
1982-11-04,1.0130,1.0521,1.0130,1.0339,23716800,0.3316
1982-11-05,1.0339,1.0417,1.0234,1.0365,11904000,0.3324
1982-11-08,1.0260,1.0260,1.0104,1.0156,6307200,0.3257
1982-11-09,1.0156,1.0339,1.0156,1.0313,9744000,0.3307
1982-11-10,1.0313,1.0443,1.0104,1.0156,22190400,0.3257
1982-11-11,1.0156,1.0234,1.0078,1.0208,6235200,0.3274
1982-11-12,1.0208,1.0260,1.0052,1.0052,10416000,0.3224
1982-11-15,0.9896,0.9896,0.9557,0.9635,6225600,0.3090
1982-11-16,0.9609,0.9609,0.9375,0.9505,11260800,0.3048
1982-11-17,0.9557,0.9740,0.9557,0.9583,6259200,0.3074
1982-11-18,0.9583,0.9609,0.9453,0.9505,11059200,0.3048
1982-11-19,0.9505,0.9609,0.9349,0.9375,7732800,0.3007
1982-11-22,0.9375,0.9505,0.9271,0.9375,9772800,0.3007
1982-11-23,0.9427,0.9766,0.9427,0.9688,10036800,0.3107
1982-11-24,0.9688,0.9714,0.9531,0.9583,7708800,0.3115
1982-11-26,0.9583,0.9661,0.9557,0.9635,4934400,0.3132
1982-11-29,0.9688,0.9766,0.9688,0.9740,5736000,0.3166
1982-11-30,0.9792,1.0365,0.9792,1.0313,23092800,0.3352
1982-12-01,1.0365,1.0703,1.0365,1.0625,16137600,0.3454
1982-12-02,1.0625,1.0651,1.0547,1.0573,10728000,0.3437
1982-12-03,1.0573,1.0938,1.0547,1.0547,11913600,0.3428
1982-12-06,1.0547,1.0938,1.0443,1.0911,8313600,0.3547
1982-12-07,1.0938,1.1146,1.0938,1.1016,14092800,0.3581
1982-12-08,1.1016,1.1146,1.0990,1.1120,8760000,0.3614
1982-12-09,1.1120,1.1172,1.1042,1.1146,9758400,0.3623
1982-12-10,1.1120,1.1120,1.0781,1.0885,7267200,0.3538
1982-12-13,1.0885,1.0964,1.0573,1.0651,4478400,0.3462
1982-12-14,1.0651,1.0911,0.9974,1.0208,26798400,0.3318
1982-12-15,1.0234,1.0391,1.0234,1.0313,11217600,0.3352
1982-12-16,1.0313,1.0469,1.0260,1.0469,8673600,0.3403
1982-12-17,1.0469,1.0573,1.0365,1.0495,13526400,0.3411
1982-12-20,1.0469,1.0469,1.0156,1.0156,3062400,0.3301
1982-12-21,1.0156,1.0391,1.0078,1.0365,13502400,0.3369
1982-12-22,1.0365,1.0495,1.0365,1.0443,18268800,0.3394
1982-12-23,1.0469,1.0729,1.0469,1.0677,8726400,0.3471
1982-12-27,1.0677,1.0833,1.0677,1.0833,12532800,0.3521
1982-12-28,1.0833,1.0911,1.0651,1.0677,3763200,0.3471
1982-12-29,1.0677,1.0729,1.0573,1.0651,4012800,0.3462
1982-12-30,1.0651,1.0677,1.0573,1.0651,2764800,0.3462
1982-12-31,1.0651,1.0833,1.0547,1.0833,6307200,0.3521
1983-01-03,1.0833,1.0990,1.0599,1.0625,7228800,0.3454
1983-01-04,1.0625,1.0703,1.0521,1.0677,12441600,0.3471
1983-01-05,1.0677,1.0807,1.0599,1.0651,7694400,0.3462
1983-01-06,1.0651,1.0885,1.0651,1.0729,8347200,0.3488
1983-01-07,1.0729,1.0833,1.0677,1.0729,6628800,0.3488
1983-01-10,1.0729,1.0938,1.0625,1.0885,8304000,0.3538
1983-01-11,1.0833,1.0833,1.0469,1.0521,9302400,0.3420
1983-01-12,1.0521,1.0573,1.0208,1.0260,11006400,0.3335
1983-01-13,1.0208,1.0208,0.9948,1.0000,13070400,0.3250
1983-01-14,1.0000,1.0104,0.9974,1.0078,7953600,0.3276
1983-01-17,1.0078,1.0182,1.0000,1.0000,6705600,0.3250
1983-01-18,0.9948,0.9948,0.9740,0.9792,10588800,0.3183
1983-01-19,0.9792,0.9792,0.9479,0.9766,18729600,0.3174
1983-01-20,0.9896,1.0104,0.9896,1.0000,13305600,0.3250
1983-01-21,1.0000,1.0052,0.9922,1.0026,9312000,0.3259
1983-01-24,1.0000,1.0000,0.9792,1.0000,13435200,0.3250
1983-01-25,1.0000,1.0026,0.9844,0.9948,23260800,0.3234
1983-01-26,0.9948,0.9948,0.9740,0.9740,13584000,0.3166
1983-01-27,0.9870,1.0156,0.9870,1.0130,25900800,0.3293
1983-01-28,1.0391,1.0495,1.0391,1.0469,32918400,0.3403
1983-01-31,1.0469,1.0469,1.0391,1.0469,10857600,0.3403
1983-02-01,1.0417,1.0417,1.0052,1.0052,7449600,0.3267
1983-02-02,1.0052,1.0313,0.9896,1.0234,15859200,0.3327
1983-02-03,1.0234,1.0339,1.0234,1.0313,13372800,0.3352
1983-02-04,1.0313,1.0417,1.0260,1.0417,10118400,0.3386
1983-02-07,1.0417,1.0417,1.0260,1.0313,3715200,0.3352
1983-02-08,1.0260,1.0260,1.0130,1.0156,6993600,0.3301
1983-02-09,1.0156,1.0156,0.9792,0.9922,13324800,0.3225
1983-02-10,0.9922,1.0078,0.9896,0.9922,12422400,0.3225
1983-02-11,0.9922,1.0078,0.9896,0.9974,13502400,0.3242
1983-02-14,0.9974,1.0000,0.9792,0.9896,29414400,0.3217
1983-02-15,0.9896,1.0000,0.9844,0.9870,24585600,0.3208
1983-02-16,0.9870,1.0000,0.9844,0.9922,11385600,0.3225
1983-02-17,0.9922,1.0026,0.9922,1.0000,14035200,0.3250
1983-02-18,1.0000,1.0052,0.9948,1.0052,10468800,0.3267
1983-02-22,1.0052,1.0104,0.9870,0.9896,7608000,0.3217
1983-02-23,0.9948,1.0156,0.9948,1.0156,11697600,0.3301
1983-02-24,1.0208,1.0417,1.0208,1.0365,14889600,0.3369
1983-02-25,1.0391,1.0521,1.0391,1.0417,11812800,0.3386
1983-02-28,1.0417,1.0443,1.0339,1.0365,9451200,0.3369
1983-03-01,1.0365,1.0469,1.0339,1.0469,13324800,0.3403
1983-03-02,1.0469,1.0677,1.0469,1.0573,21619200,0.3437
1983-03-03,1.0573,1.0651,1.0469,1.0573,31699200,0.3437
1983-03-04,1.0573,1.0703,1.0521,1.0703,8558400,0.3479
1983-03-07,1.0703,1.0911,1.0677,1.0911,7152000,0.3547
1983-03-08,1.0911,1.0911,1.0703,1.0729,9729600,0.3488
1983-03-09,1.0729,1.0807,1.0547,1.0755,8678400,0.3542
1983-03-10,1.0755,1.0938,1.0365,1.0365,10708800,0.3413
1983-03-11,1.0365,1.0495,1.0365,1.0469,4204800,0.3448
1983-03-14,1.0469,1.0495,1.0365,1.0443,9110400,0.3439
1983-03-15,1.0443,1.0495,1.0365,1.0469,4694400,0.3448
1983-03-16,1.0469,1.0495,1.0313,1.0365,7795200,0.3413
1983-03-17,1.0365,1.0469,1.0313,1.0417,7680000,0.3431
1983-03-18,1.0417,1.0469,1.0365,1.0391,3705600,0.3422
1983-03-21,1.0391,1.0391,1.0286,1.0365,4896000,0.3413
1983-03-22,1.0365,1.0599,1.0365,1.0469,9998400,0.3448
1983-03-23,1.0547,1.0833,1.0547,1.0781,10051200,0.3551
1983-03-24,1.0781,1.0938,1.0651,1.0781,14068800,0.3551
1983-03-25,1.0781,1.0833,1.0625,1.0703,8337600,0.3525
1983-03-28,1.0729,1.0781,1.0729,1.0755,5630400,0.3542
1983-03-29,1.0755,1.0990,1.0729,1.0938,7492800,0.3602
1983-03-30,1.1042,1.1354,1.1042,1.1354,12091200,0.3739
1983-03-31,1.1354,1.1406,1.1146,1.1146,6792000,0.3671
1983-04-04,1.1146,1.1354,1.1094,1.1328,5553600,0.3731
1983-04-05,1.1380,1.1510,1.1380,1.1406,11356800,0.3756
1983-04-06,1.1406,1.1432,1.1328,1.1380,8942400,0.3748
1983-04-07,1.1380,1.1484,1.1328,1.1406,6720000,0.3756
1983-04-08,1.1406,1.1484,1.1380,1.1458,4075200,0.3774
1983-04-11,1.1510,1.1797,1.1510,1.1745,12004800,0.3868
1983-04-12,1.1745,1.1745,1.1536,1.1563,14985600,0.3808
1983-04-13,1.1563,1.1615,1.1432,1.1458,4694400,0.3774
1983-04-14,1.1458,1.1536,1.1276,1.1354,4828800,0.3739
1983-04-15,1.1380,1.1484,1.1380,1.1458,6220800,0.3774
1983-04-18,1.1458,1.1510,1.1380,1.1458,6686400,0.3774
1983-04-19,1.1458,1.1615,1.1354,1.1458,5395200,0.3774
1983-04-20,1.1458,1.1641,1.1458,1.1589,10953600,0.3816
1983-04-21,1.1589,1.1745,1.1589,1.1745,11712000,0.3868
1983-04-22,1.1771,1.1953,1.1771,1.1875,5443200,0.3911
1983-04-25,1.1875,1.1927,1.1589,1.1667,5073600,0.3842
1983-04-26,1.1667,1.1667,1.1589,1.1667,8716800,0.3842
1983-04-27,1.1667,1.1927,1.1615,1.1693,9364800,0.3851
1983-04-28,1.1693,1.1771,1.1641,1.1719,9609600,0.3859
1983-04-29,1.1719,1.1719,1.1589,1.1589,7478400,0.3816
1983-05-02,1.1589,1.1615,1.1380,1.1458,7137600,0.3774
1983-05-03,1.1458,1.1484,1.1354,1.1484,5985600,0.3782
1983-05-04,1.1484,1.1510,1.1406,1.1458,6052800,0.3774
1983-05-05,1.1458,1.1589,1.1432,1.1510,5342400,0.3791
1983-05-06,1.1510,1.1615,1.1510,1.1536,8318400,0.3799
1983-05-09,1.1510,1.1510,1.1380,1.1406,14452800,0.3756
1983-05-10,1.1406,1.1484,1.1380,1.1458,6988800,0.3774
1983-05-11,1.1432,1.1432,1.1224,1.1328,13838400,0.3731
1983-05-12,1.1328,1.1380,1.1146,1.1250,12067200,0.3705
1983-05-13,1.1250,1.1302,1.1042,1.1068,16152000,0.3645
1983-05-16,1.1016,1.1016,1.0885,1.0990,5678400,0.3619
1983-05-17,1.0990,1.1068,1.0990,1.1016,9187200,0.3628
1983-05-18,1.1016,1.1094,1.0990,1.0990,11932800,0.3619
1983-05-19,1.0990,1.1042,1.0781,1.0807,6470400,0.3559
1983-05-20,1.0807,1.1016,1.0781,1.0911,17400000,0.3594
1983-05-23,1.0885,1.0885,1.0729,1.0859,12984000,0.3576
1983-05-24,1.0859,1.0938,1.0781,1.0833,10152000,0.3568
1983-05-25,1.0885,1.1016,1.0885,1.0938,11942400,0.3602
1983-05-26,1.0911,1.0911,1.0625,1.0651,18129600,0.3508
1983-05-27,1.0651,1.0729,1.0521,1.0703,21177600,0.3525
1983-05-31,1.0703,1.0859,1.0625,1.0807,10166400,0.3559
1983-06-01,1.0807,1.0911,1.0781,1.0911,13814400,0.3594
1983-06-02,1.0938,1.1302,1.0938,1.1302,10756800,0.3722
1983-06-03,1.1302,1.1458,1.1250,1.1458,14438400,0.3774
1983-06-06,1.1458,1.1458,1.1354,1.1380,9811200,0.3748
1983-06-07,1.1354,1.1354,1.0859,1.0859,8457600,0.3576
1983-06-08,1.0859,1.1042,1.0807,1.0833,10430400,0.3568
1983-06-09,1.0807,1.0807,1.0547,1.0625,8020800,0.3545
1983-06-10,1.0625,1.0703,1.0495,1.0495,6705600,0.3501
1983-06-13,1.0495,1.0625,1.0313,1.0495,17347200,0.3501
1983-06-14,1.0521,1.0625,1.0521,1.0521,20745600,0.3510
1983-06-15,1.0521,1.0599,1.0443,1.0599,17596800,0.3536
1983-06-16,1.0651,1.0938,1.0651,1.0885,18806400,0.3632
1983-06-17,1.0885,1.1016,1.0833,1.0885,11563200,0.3632
1983-06-20,1.0885,1.0990,1.0729,1.0781,13776000,0.3597
1983-06-21,1.0781,1.0781,1.0365,1.0781,21849600,0.3597
1983-06-22,1.0781,1.0833,1.0443,1.0443,19646400,0.3484
1983-06-23,1.0443,1.0573,1.0417,1.0495,15129600,0.3501
1983-06-24,1.0495,1.0573,1.0469,1.0469,12384000,0.3493
1983-06-27,1.0469,1.0521,1.0286,1.0391,12048000,0.3467
1983-06-28,1.0391,1.0521,1.0286,1.0286,14068800,0.3432
1983-06-29,1.0339,1.0573,1.0339,1.0495,13680000,0.3501
1983-06-30,1.0495,1.0573,1.0391,1.0391,20083200,0.3467
1983-07-01,1.0391,1.0495,1.0391,1.0417,9393600,0.3475
1983-07-05,1.0391,1.0391,1.0234,1.0286,8808000,0.3432
1983-07-06,1.0286,1.0417,0.9948,1.0078,28368000,0.3362
1983-07-07,1.0078,1.0234,1.0026,1.0078,23457600,0.3362
1983-07-08,1.0078,1.0260,1.0026,1.0078,7420800,0.3362
1983-07-11,1.0078,1.0182,0.9974,1.0182,9883200,0.3397
1983-07-12,1.0182,1.0260,1.0104,1.0130,11438400,0.3380
1983-07-13,1.0130,1.0156,1.0052,1.0156,6878400,0.3388
1983-07-14,1.0156,1.0286,1.0052,1.0104,10761600,0.3371
1983-07-15,1.0104,1.0156,0.9896,0.9922,8856000,0.3310
1983-07-18,0.9922,1.0052,0.9922,1.0000,7406400,0.3336
1983-07-19,1.0000,1.0130,1.0000,1.0052,5280000,0.3354
1983-07-20,1.0156,1.0391,1.0156,1.0365,13761600,0.3458
1983-07-21,1.0365,1.0417,1.0313,1.0417,8404800,0.3475
1983-07-22,1.0417,1.0417,1.0313,1.0417,9076800,0.3475
1983-07-25,1.0417,1.0417,1.0313,1.0365,14236800,0.3458
1983-07-26,1.0365,1.0417,1.0286,1.0313,9052800,0.3441
1983-07-27,1.0313,1.0339,1.0078,1.0156,12811200,0.3388
1983-07-28,1.0156,1.0208,0.9922,0.9922,16444800,0.3310
1983-07-29,0.9922,0.9922,0.9505,0.9635,15686400,0.3215
1983-08-01,0.9635,0.9688,0.9557,0.9661,10420800,0.3223
1983-08-02,0.9740,1.0208,0.9740,1.0182,30993600,0.3397
1983-08-03,1.0182,1.0495,1.0156,1.0391,38740800,0.3467
1983-08-04,1.0391,1.0417,1.0026,1.0391,21739200,0.3467
1983-08-05,1.0391,1.0417,1.0260,1.0417,19632000,0.3475
1983-08-08,1.0313,1.0313,1.0104,1.0104,14750400,0.3371
1983-08-09,1.0104,1.0208,1.0052,1.0130,15720000,0.3380
1983-08-10,1.0130,1.0208,1.0026,1.0208,17678400,0.3406
1983-08-11,1.0208,1.0234,1.0130,1.0156,9619200,0.3388
1983-08-12,1.0156,1.0286,1.0104,1.0208,13636800,0.3406
1983-08-15,1.0313,1.0547,1.0313,1.0417,13732800,0.3475
1983-08-16,1.0417,1.0625,1.0339,1.0599,14750400,0.3536
1983-08-17,1.0599,1.0807,1.0599,1.0807,17827200,0.3606
1983-08-18,1.0807,1.0807,1.0573,1.0599,23040000,0.3536
1983-08-19,1.0599,1.0677,1.0521,1.0677,8683200,0.3562
1983-08-22,1.0677,1.0781,1.0625,1.0651,13080000,0.3554
1983-08-23,1.0651,1.0677,1.0547,1.0547,8092800,0.3519
1983-08-24,1.0573,1.0677,1.0573,1.0625,5923200,0.3545
1983-08-25,1.0625,1.0703,1.0547,1.0677,11270400,0.3562
1983-08-26,1.0651,1.0651,1.0573,1.0625,8577600,0.3545
1983-08-29,1.0625,1.0625,1.0521,1.0625,4401600,0.3545
1983-08-30,1.0625,1.0625,1.0573,1.0599,3974400,0.3536
1983-08-31,1.0599,1.0729,1.0573,1.0729,9360000,0.3580
1983-09-01,1.0729,1.0729,1.0625,1.0677,6014400,0.3562
1983-09-02,1.0729,1.0755,1.0729,1.0729,11572800,0.3580
1983-09-06,1.0755,1.0859,1.0755,1.0807,12436800,0.3606
1983-09-07,1.0807,1.0833,1.0755,1.0833,15388800,0.3614
1983-09-08,1.0286,1.0286,1.0000,1.0104,55881600,0.3371
1983-09-09,1.0104,1.0208,1.0052,1.0182,19368000,0.3397
1983-09-12,1.0182,1.0391,1.0026,1.0052,16516800,0.3400
1983-09-13,1.0052,1.0078,1.0000,1.0026,19440000,0.3391
1983-09-14,1.0026,1.0130,1.0000,1.0052,17044800,0.3400
1983-09-15,1.0052,1.0078,0.9896,0.9896,8678400,0.3347
1983-09-16,0.9896,1.0052,0.9870,1.0052,11529600,0.3400
1983-09-19,1.0052,1.0104,0.9974,1.0052,8011200,0.3400
1983-09-20,1.0052,1.0182,1.0052,1.0104,21148800,0.3418
1983-09-21,1.0104,1.0469,1.0104,1.0391,28588800,0.3515
1983-09-22,1.0547,1.1016,1.0547,1.0964,29544000,0.3709
1983-09-23,1.0964,1.1146,1.0807,1.1094,27086400,0.3753
1983-09-26,1.1094,1.1172,1.0911,1.0964,15441600,0.3709
1983-09-27,1.0938,1.0938,1.0833,1.0911,14640000,0.3691
1983-09-28,1.0911,1.0938,1.0833,1.0885,10032000,0.3682
1983-09-29,1.0885,1.0938,1.0729,1.0729,10233600,0.3629
1983-09-30,1.0703,1.0703,1.0521,1.0599,13579200,0.3585
1983-10-03,1.0599,1.0781,1.0573,1.0755,11558400,0.3638
1983-10-04,1.0807,1.1016,1.0807,1.0938,11001600,0.3700
1983-10-05,1.0964,1.1328,1.0964,1.1302,14563200,0.3823
1983-10-06,1.1302,1.1667,1.1198,1.1641,21892800,0.3938
1983-10-07,1.1589,1.1589,1.1354,1.1510,23736000,0.3894
1983-10-10,1.1510,1.1510,1.1354,1.1510,7550400,0.3894
1983-10-11,1.1484,1.1484,1.1380,1.1458,14592000,0.3876
1983-10-12,1.1458,1.1458,1.1354,1.1380,11740800,0.3850
1983-10-13,1.1380,1.1432,1.1146,1.1198,7776000,0.3788
1983-10-14,1.1198,1.1302,1.1146,1.1302,5179200,0.3823
1983-10-17,1.1302,1.1328,1.1198,1.1250,12768000,0.3806
1983-10-18,1.1224,1.1224,1.1042,1.1094,8064000,0.3753
1983-10-19,1.1042,1.1042,1.0833,1.1016,11342400,0.3726
1983-10-20,1.1016,1.1094,1.0964,1.1068,6148800,0.3744
1983-10-21,1.1068,1.1146,1.0990,1.1146,11913600,0.3770
1983-10-24,1.1146,1.1172,1.0938,1.1172,8515200,0.3779
1983-10-25,1.1172,1.1172,1.1094,1.1120,5433600,0.3761
1983-10-26,1.1120,1.1172,1.1094,1.1120,8664000,0.3761
1983-10-27,1.1120,1.1120,1.1042,1.1068,5409600,0.3744
1983-10-28,1.1068,1.1094,1.0885,1.0938,15912000,0.3700
1983-10-31,1.0938,1.0938,1.0833,1.0859,10862400,0.3673
1983-11-01,1.0859,1.0964,1.0833,1.0964,12744000,0.3709
1983-11-02,1.0964,1.1042,1.0938,1.1016,8294400,0.3726
1983-11-03,1.1016,1.1172,1.0990,1.1042,22536000,0.3735
1983-11-04,1.1042,1.1120,1.1042,1.1094,10507200,0.3753
1983-11-07,1.1094,1.1094,1.0938,1.0938,12460800,0.3700
1983-11-08,1.0964,1.1172,1.0964,1.1146,5889600,0.3770
1983-11-09,1.1146,1.1615,1.1120,1.1615,18614400,0.3929
1983-11-10,1.1615,1.1615,1.1510,1.1563,19872000,0.3911
1983-11-11,1.1589,1.1849,1.1589,1.1849,7939200,0.4008
1983-11-14,1.1849,1.1875,1.1615,1.1615,9782400,0.3929
1983-11-15,1.1615,1.1719,1.1563,1.1589,7694400,0.3920
1983-11-16,1.1589,1.1745,1.1484,1.1563,12902400,0.3911
1983-11-17,1.1536,1.1536,1.1432,1.1484,30926400,0.3885
1983-11-18,1.1484,1.1536,1.1432,1.1432,12384000,0.3867
1983-11-21,1.1432,1.1510,1.1432,1.1484,16944000,0.3885
1983-11-22,1.1484,1.1536,1.1432,1.1510,12124800,0.3894
1983-11-23,1.1510,1.1536,1.1432,1.1510,15182400,0.3894
1983-11-25,1.1354,1.1354,1.1276,1.1302,4684800,0.3870
1983-11-28,1.1302,1.1328,1.1120,1.1146,5793600,0.3817
1983-11-29,1.1172,1.1406,1.1172,1.1354,11692800,0.3888
1983-11-30,1.1406,1.1615,1.1406,1.1510,22195200,0.3941
1983-12-01,1.1536,1.1693,1.1536,1.1615,14635200,0.3977
1983-12-02,1.1615,1.1823,1.1589,1.1771,17870400,0.4031
1983-12-05,1.1771,1.1823,1.1667,1.1719,15393600,0.4013
1983-12-06,1.1693,1.1693,1.1589,1.1667,8011200,0.3995
1983-12-07,1.1667,1.1719,1.1563,1.1693,6840000,0.4004
1983-12-08,1.1693,1.1745,1.1667,1.1693,8784000,0.4004
1983-12-09,1.1693,1.1823,1.1693,1.1823,22656000,0.4048
1983-12-12,1.1823,1.1953,1.1797,1.1953,7420800,0.4093
1983-12-13,1.1953,1.1979,1.1849,1.1875,20798400,0.4066
1983-12-14,1.1875,1.1875,1.1771,1.1771,7713600,0.4031
1983-12-15,1.1771,1.1771,1.1563,1.1563,12220800,0.3959
1983-12-16,1.1536,1.1536,1.1354,1.1354,14395200,0.3888
1983-12-19,1.1354,1.1458,1.1146,1.1146,11006400,0.3817
1983-12-20,1.1146,1.1406,1.1146,1.1302,8875200,0.3870
1983-12-21,1.1302,1.1432,1.1276,1.1354,14150400,0.3888
1983-12-22,1.1354,1.1458,1.1354,1.1354,3566400,0.3888
1983-12-23,1.1354,1.1536,1.1302,1.1510,3542400,0.3941
1983-12-27,1.1510,1.1536,1.1406,1.1406,2606400,0.3906
1983-12-28,1.1406,1.1484,1.1354,1.1354,4848000,0.3888
1983-12-29,1.1354,1.1432,1.1250,1.1250,6868800,0.3852
1983-12-30,1.1250,1.1250,1.1094,1.1146,6614400,0.3817
1984-01-03,1.1120,1.1120,1.1042,1.1094,6936000,0.3799
1984-01-04,1.1094,1.1458,1.1042,1.1432,8289600,0.3915
1984-01-05,1.1458,1.1589,1.1458,1.1510,17961600,0.3941
1984-01-06,1.1458,1.1458,1.1354,1.1380,11328000,0.3897
1984-01-09,1.1250,1.1250,1.1146,1.1224,6964800,0.3843
1984-01-10,1.1224,1.1250,1.1068,1.1146,9561600,0.3817
1984-01-11,1.1146,1.1172,1.1068,1.1120,7300800,0.3808
1984-01-12,1.1120,1.1146,1.0521,1.0651,81609600,0.3647
1984-01-13,1.0651,1.0807,1.0651,1.0729,28929600,0.3674
1984-01-16,1.0729,1.0807,1.0677,1.0703,9182400,0.3665
1984-01-17,1.0703,1.0990,1.0703,1.0938,16147200,0.3745
1984-01-18,1.0938,1.0964,1.0755,1.0807,9849600,0.3701
1984-01-19,1.0807,1.0964,1.0807,1.0885,13497600,0.3727
1984-01-20,1.0885,1.0911,1.0807,1.0833,7819200,0.3710
1984-01-23,1.0833,1.0833,1.0677,1.0729,5448000,0.3674
1984-01-24,1.0729,1.0885,1.0677,1.0729,22516800,0.3674
1984-01-25,1.0729,1.0885,1.0625,1.0651,12571200,0.3647
1984-01-26,1.0677,1.0859,1.0677,1.0807,10012800,0.3701
1984-01-27,1.0807,1.0807,1.0703,1.0755,6321600,0.3683
1984-01-30,1.0755,1.0781,1.0573,1.0599,8155200,0.3629
1984-01-31,1.0599,1.0625,1.0521,1.0573,12715200,0.3620
1984-02-01,1.0573,1.0573,1.0417,1.0443,24624000,0.3576
1984-02-02,1.0443,1.0443,1.0365,1.0417,14155200,0.3567
1984-02-03,1.0417,1.0677,1.0417,1.0625,34708800,0.3638
1984-02-06,1.0625,1.0625,1.0417,1.0469,15076800,0.3585
1984-02-07,1.0469,1.0599,1.0391,1.0599,14131200,0.3629
1984-02-08,1.0599,1.0703,1.0521,1.0521,15633600,0.3603
1984-02-09,1.0469,1.0469,1.0208,1.0313,13142400,0.3531
1984-02-10,1.0313,1.0469,1.0260,1.0417,11496000,0.3567
1984-02-13,1.0417,1.0469,1.0365,1.0443,13593600,0.3576
1984-02-14,1.0443,1.0729,1.0417,1.0469,10224000,0.3585
1984-02-15,1.0469,1.0521,1.0417,1.0417,11587200,0.3567
1984-02-16,1.0417,1.0599,1.0391,1.0469,15379200,0.3585
1984-02-17,1.0469,1.0495,1.0417,1.0417,7094400,0.3567
1984-02-21,1.0417,1.0495,1.0391,1.0417,5184000,0.3567
1984-02-22,1.0417,1.0443,1.0313,1.0365,19104000,0.3549
1984-02-23,1.0365,1.0573,1.0365,1.0547,10699200,0.3611
1984-02-24,1.0547,1.0938,1.0547,1.0938,20611200,0.3745
1984-02-27,1.0911,1.0911,1.0755,1.0859,8683200,0.3718
1984-02-28,1.0859,1.0885,1.0703,1.0729,7041600,0.3674
1984-02-29,1.0729,1.0859,1.0729,1.0807,6580800,0.3701
1984-03-01,1.0807,1.1042,1.0781,1.1016,13440000,0.3772
1984-03-02,1.1042,1.1224,1.1042,1.1172,11212800,0.3825
1984-03-05,1.1172,1.1615,1.1146,1.1198,16651200,0.3834
1984-03-06,1.1198,1.1328,1.1172,1.1172,5457600,0.3825
1984-03-07,1.1146,1.1146,1.1016,1.1042,10867200,0.3781
1984-03-08,1.1042,1.1068,1.0990,1.0990,12460800,0.3763
1984-03-09,1.0859,1.0859,1.0781,1.0833,6772800,0.3759
1984-03-12,1.0859,1.1042,1.0859,1.1016,8212800,0.3822
1984-03-13,1.1068,1.1146,1.1068,1.1120,8697600,0.3858
1984-03-14,1.1120,1.1198,1.1068,1.1146,10665600,0.3867
1984-03-15,1.1172,1.1224,1.1172,1.1224,103776000,0.3894
1984-03-16,1.1354,1.1458,1.1354,1.1406,23126400,0.3958
1984-03-19,1.1380,1.1380,1.1302,1.1380,9768000,0.3948
1984-03-20,1.1380,1.1510,1.1354,1.1484,11356800,0.3985
1984-03-21,1.1484,1.1510,1.1406,1.1432,10502400,0.3967
1984-03-22,1.1432,1.1432,1.1354,1.1380,10497600,0.3948
1984-03-23,1.1380,1.1406,1.1302,1.1328,10752000,0.3930
1984-03-26,1.1328,1.1432,1.1328,1.1354,9720000,0.3939
1984-03-27,1.1380,1.1406,1.1380,1.1406,8352000,0.3958
1984-03-28,1.1432,1.1536,1.1432,1.1484,8976000,0.3985
1984-03-29,1.1484,1.1510,1.1406,1.1432,7353600,0.3967
1984-03-30,1.1432,1.1484,1.1406,1.1432,12360000,0.3967
1984-04-02,1.1432,1.1510,1.1406,1.1432,9523200,0.3967
1984-04-03,1.1432,1.1484,1.1380,1.1458,9960000,0.3976
1984-04-04,1.1458,1.1510,1.1432,1.1458,11356800,0.3976
1984-04-05,1.1458,1.1510,1.1250,1.1250,8107200,0.3903
1984-04-06,1.1250,1.1354,1.1146,1.1354,10204800,0.3939
1984-04-09,1.1354,1.1354,1.1250,1.1250,4555200,0.3903
1984-04-10,1.1250,1.1276,1.1120,1.1146,14294400,0.3867
1984-04-11,1.1146,1.1172,1.1068,1.1172,7977600,0.3876
1984-04-12,1.1172,1.1432,1.1068,1.1380,8030400,0.3948
1984-04-13,1.1380,1.1510,1.1380,1.1406,6139200,0.3958
1984-04-16,1.1406,1.1484,1.1354,1.1458,7291200,0.3976
1984-04-17,1.1458,1.1510,1.1458,1.1458,10737600,0.3976
1984-04-18,1.1406,1.1406,1.1198,1.1250,4732800,0.3903
1984-04-19,1.1250,1.1406,1.1120,1.1406,8356800,0.3958
1984-04-23,1.1380,1.1380,1.1198,1.1198,6859200,0.3885
1984-04-24,1.1198,1.1406,1.1172,1.1276,10128000,0.3912
1984-04-25,1.1276,1.1380,1.1276,1.1302,10689600,0.3921
1984-04-26,1.1302,1.1432,1.1302,1.1406,12345600,0.3958
1984-04-27,1.1406,1.1432,1.1328,1.1354,8265600,0.3939
1984-04-30,1.1354,1.1432,1.1354,1.1406,5851200,0.3958
1984-05-01,1.1458,1.1875,1.1458,1.1823,36244800,0.4102
1984-05-02,1.1823,1.1823,1.1693,1.1771,11803200,0.4084
1984-05-03,1.1771,1.1771,1.1667,1.1771,9235200,0.4084
1984-05-04,1.1771,1.1797,1.1719,1.1745,7704000,0.4075
1984-05-07,1.1745,1.1849,1.1719,1.1797,9566400,0.4093
1984-05-08,1.1797,1.2057,1.1797,1.2031,20990400,0.4174
1984-05-09,1.2031,1.2031,1.1823,1.1927,9360000,0.4138
1984-05-10,1.1875,1.1875,1.1667,1.1745,10636800,0.4075
1984-05-11,1.1693,1.1693,1.1589,1.1615,7924800,0.4030
1984-05-14,1.1615,1.1641,1.1563,1.1589,9988800,0.4021
1984-05-15,1.1615,1.1719,1.1615,1.1693,14731200,0.4057
1984-05-16,1.1693,1.1823,1.1667,1.1797,20448000,0.4093
1984-05-17,1.1797,1.1823,1.1719,1.1771,20068800,0.4084
1984-05-18,1.1771,1.1797,1.1693,1.1719,23126400,0.4066
1984-05-21,1.1719,1.1771,1.1641,1.1641,47169600,0.4039
1984-05-22,1.1641,1.1641,1.1484,1.1589,30048000,0.4021
1984-05-23,1.1589,1.1641,1.1536,1.1615,16128000,0.4030
1984-05-24,1.1615,1.1641,1.1458,1.1458,7694400,0.3976
1984-05-25,1.1458,1.1563,1.1458,1.1510,23073600,0.3994
1984-05-29,1.1510,1.1510,1.1276,1.1328,14280000,0.3930
1984-05-30,1.1328,1.1380,1.1146,1.1380,21787200,0.3948
1984-05-31,1.1380,1.1458,1.1328,1.1458,10766400,0.3976
1984-06-01,1.1484,1.1667,1.1484,1.1615,12043200,0.4030
1984-06-04,1.1615,1.1693,1.1510,1.1536,23870400,0.4003
1984-06-05,1.1536,1.1615,1.1406,1.1563,11299200,0.4012
1984-06-06,1.1563,1.1849,1.1510,1.1797,9820800,0.4093
1984-06-07,1.1797,1.1927,1.1771,1.1875,13824000,0.4120
1984-06-08,1.1875,1.1927,1.1823,1.1849,6105600,0.4111
1984-06-11,1.1719,1.1719,1.1536,1.1563,2716800,0.4061
1984-06-12,1.1563,1.1745,1.1563,1.1667,18220800,0.4098
1984-06-13,1.1667,1.1927,1.1667,1.1849,17856000,0.4162
1984-06-14,1.1849,1.1875,1.1771,1.1823,7963200,0.4152
1984-06-15,1.1823,1.1875,1.1797,1.1823,6907200,0.4152
1984-06-18,1.1823,1.2031,1.1823,1.2005,13584000,0.4216
1984-06-19,1.2005,1.2135,1.2005,1.2109,18456000,0.4253
1984-06-20,1.2109,1.2292,1.1979,1.2266,31862400,0.4308
1984-06-21,1.2266,1.2474,1.2188,1.2344,19440000,0.4335
1984-06-22,1.2344,1.2448,1.2318,1.2422,17688000,0.4363
1984-06-25,1.2422,1.2448,1.2318,1.2344,11952000,0.4335
1984-06-26,1.2240,1.2240,1.1979,1.2031,9345600,0.4226
1984-06-27,1.2031,1.2083,1.1771,1.1849,6412800,0.4162
1984-06-28,1.1901,1.2135,1.1901,1.2031,18652800,0.4226
1984-06-29,1.2031,1.2083,1.1979,1.2005,7689600,0.4216
1984-07-02,1.1979,1.1979,1.1875,1.1927,8952000,0.4189
1984-07-03,1.1927,1.2005,1.1927,1.2005,8467200,0.4216
1984-07-05,1.2005,1.2057,1.1979,1.2005,7060800,0.4216
1984-07-06,1.2005,1.2031,1.1875,1.1979,9144000,0.4207
1984-07-09,1.1979,1.2240,1.1979,1.2161,8126400,0.4271
1984-07-10,1.2161,1.2266,1.2135,1.2240,9206400,0.4299
1984-07-11,1.2240,1.2240,1.2031,1.2083,9273600,0.4244
1984-07-12,1.2083,1.2161,1.1953,1.2057,11270400,0.4235
1984-07-13,1.2057,1.2214,1.2057,1.2214,12470400,0.4290
1984-07-16,1.2214,1.2422,1.2188,1.2422,16329600,0.4363
1984-07-17,1.2422,1.2552,1.2344,1.2370,15345600,0.4345
1984-07-18,1.2370,1.2370,1.2188,1.2240,8673600,0.4299
1984-07-19,1.2240,1.2292,1.2214,1.2240,12974400,0.4299
1984-07-20,1.2240,1.2240,1.2031,1.2135,10713600,0.4262
1984-07-23,1.2109,1.2109,1.1927,1.2031,11025600,0.4226
1984-07-24,1.2031,1.2109,1.2005,1.2031,9782400,0.4226
1984-07-25,1.2031,1.2161,1.1927,1.2109,11856000,0.4253
1984-07-26,1.2109,1.2266,1.2031,1.2214,10828800,0.4290
1984-07-27,1.2214,1.2656,1.2109,1.2552,18422400,0.4409
1984-07-30,1.2526,1.2526,1.2318,1.2318,11332800,0.4326
1984-07-31,1.2318,1.2422,1.2240,1.2396,14510400,0.4354
1984-08-01,1.2422,1.2604,1.2422,1.2526,14592000,0.4399
1984-08-02,1.2526,1.2708,1.2526,1.2682,22200000,0.4454
1984-08-03,1.2682,1.3099,1.2682,1.3099,38049600,0.4601
1984-08-06,1.3099,1.3281,1.3047,1.3203,29558400,0.4637
1984-08-07,1.3203,1.3411,1.3073,1.3229,20740800,0.4646
1984-08-08,1.3229,1.3281,1.3021,1.3021,14222400,0.4573
1984-08-09,1.3021,1.3229,1.2969,1.3177,20611200,0.4628
1984-08-10,1.3177,1.3333,1.2917,1.2969,18542400,0.4555
1984-08-13,1.2943,1.2943,1.2813,1.2865,11683200,0.4518
1984-08-14,1.2865,1.2917,1.2656,1.2656,14865600,0.4445
1984-08-15,1.2656,1.2865,1.2604,1.2656,13248000,0.4445
1984-08-16,1.2656,1.2786,1.2656,1.2682,11505600,0.4454
1984-08-17,1.2682,1.2760,1.2630,1.2682,8654400,0.4454
1984-08-20,1.2682,1.2682,1.2500,1.2656,18201600,0.4445
1984-08-21,1.2656,1.3021,1.2656,1.2943,17817600,0.4546
1984-08-22,1.2943,1.2969,1.2734,1.2760,11452800,0.4482
1984-08-23,1.2760,1.2786,1.2682,1.2682,7070400,0.4454
1984-08-24,1.2682,1.2708,1.2630,1.2708,4228800,0.4463
1984-08-27,1.2708,1.2734,1.2604,1.2708,5059200,0.4463
1984-08-28,1.2708,1.2813,1.2682,1.2786,4814400,0.4491
1984-08-29,1.2786,1.2865,1.2734,1.2813,6768000,0.4500
1984-08-30,1.2813,1.2865,1.2734,1.2839,13406400,0.4509
1984-08-31,1.2839,1.2917,1.2786,1.2891,3153600,0.4527
1984-09-04,1.2891,1.2891,1.2786,1.2891,14443200,0.4527
1984-09-05,1.2813,1.2813,1.2708,1.2786,3715200,0.4491
1984-09-06,1.2839,1.3073,1.2839,1.2995,14102400,0.4564
1984-09-07,1.2995,1.3047,1.2839,1.2865,10627200,0.4518
1984-09-10,1.2656,1.2656,1.2552,1.2604,7291200,0.4477
1984-09-11,1.2604,1.2786,1.2552,1.2578,17515200,0.4468
1984-09-12,1.2578,1.2682,1.2552,1.2656,9523200,0.4495
1984-09-13,1.2682,1.3021,1.2682,1.2969,13992000,0.4606
1984-09-14,1.2969,1.3073,1.2943,1.3047,12484800,0.4634
1984-09-17,1.3047,1.3151,1.2969,1.3099,10108800,0.4653
1984-09-18,1.3099,1.3151,1.2995,1.3047,7569600,0.4634
1984-09-19,1.3047,1.3047,1.2891,1.2891,8232000,0.4579
1984-09-20,1.2891,1.2943,1.2786,1.2839,14064000,0.4560
1984-09-21,1.2839,1.2995,1.2708,1.2708,14875200,0.4514
1984-09-24,1.2708,1.2865,1.2708,1.2813,9700800,0.4551
1984-09-25,1.2813,1.2969,1.2786,1.2943,9753600,0.4597
1984-09-26,1.2943,1.3177,1.2891,1.3047,33835200,0.4634
1984-09-27,1.3073,1.3177,1.3073,1.3099,12388800,0.4653
1984-09-28,1.3099,1.3099,1.2969,1.3047,5155200,0.4634
1984-10-01,1.3047,1.3125,1.2917,1.3073,12307200,0.4643
1984-10-02,1.3073,1.3177,1.2917,1.2969,4828800,0.4606
1984-10-03,1.2969,1.3047,1.2891,1.2943,5577600,0.4597
1984-10-04,1.2943,1.2969,1.2865,1.2917,8659200,0.4588
1984-10-05,1.2917,1.2995,1.2917,1.2917,4507200,0.4588
1984-10-08,1.2891,1.2891,1.2813,1.2813,2582400,0.4551
1984-10-09,1.2813,1.2839,1.2604,1.2604,9739200,0.4477
1984-10-10,1.2604,1.2708,1.2500,1.2708,12124800,0.4514
1984-10-11,1.2708,1.2786,1.2630,1.2656,10008000,0.4495
1984-10-12,1.2656,1.2813,1.2604,1.2734,12931200,0.4523
1984-10-15,1.2786,1.3073,1.2786,1.3021,14145600,0.4625
1984-10-16,1.3021,1.3177,1.2943,1.3177,16684800,0.4680
1984-10-17,1.3177,1.3255,1.3073,1.3125,6033600,0.4662
1984-10-18,1.3125,1.3542,1.3073,1.3490,26376000,0.4791
1984-10-19,1.3490,1.3594,1.3307,1.3438,23208000,0.4773
1984-10-22,1.3438,1.3542,1.3385,1.3464,9038400,0.4782
1984-10-23,1.3464,1.3542,1.3438,1.3490,20184000,0.4791
1984-10-24,1.3490,1.3542,1.3438,1.3490,13286400,0.4791
1984-10-25,1.3516,1.3724,1.3516,1.3620,15345600,0.4838
1984-10-26,1.3620,1.3620,1.3490,1.3516,14995200,0.4801
1984-10-29,1.3542,1.3646,1.3542,1.3620,11611200,0.4838
1984-10-30,1.3620,1.3750,1.3594,1.3698,13358400,0.4865
1984-10-31,1.3698,1.3724,1.3516,1.3542,9782400,0.4810
1984-11-01,1.3568,1.3750,1.3568,1.3698,10228800,0.4865
1984-11-02,1.3698,1.3724,1.3646,1.3646,3902400,0.4847
1984-11-05,1.3568,1.3568,1.3438,1.3542,21513600,0.4810
1984-11-06,1.3542,1.3672,1.3516,1.3594,42556800,0.4828
1984-11-07,1.3568,1.3568,1.3385,1.3464,14361600,0.4782
1984-11-08,1.3464,1.3464,1.3385,1.3438,9998400,0.4773
1984-11-09,1.3438,1.3490,1.3359,1.3359,7915200,0.4745
1984-11-12,1.3359,1.3385,1.3281,1.3359,15998400,0.4745
1984-11-13,1.3359,1.3359,1.3229,1.3229,6465600,0.4699
1984-11-14,1.3229,1.3333,1.3229,1.3255,5976000,0.4708
1984-11-15,1.3255,1.3281,1.3177,1.3203,7459200,0.4690
1984-11-16,1.3203,1.3203,1.3021,1.3021,16824000,0.4625
1984-11-19,1.3021,1.3073,1.2995,1.3021,8280000,0.4625
1984-11-20,1.3073,1.3255,1.3073,1.3229,12921600,0.4699
1984-11-21,1.3229,1.3255,1.3177,1.3203,15508800,0.4690
1984-11-23,1.3255,1.3333,1.3255,1.3307,8491200,0.4727
1984-11-26,1.3307,1.3333,1.3255,1.3281,30115200,0.4717
1984-11-27,1.3151,1.3151,1.3047,1.3125,10344000,0.4713
1984-11-28,1.3125,1.3177,1.2995,1.3021,10195200,0.4675
1984-11-29,1.3021,1.3021,1.2891,1.2943,4598400,0.4647
1984-11-30,1.2943,1.2943,1.2839,1.2891,11236800,0.4629
1984-12-03,1.2891,1.2969,1.2786,1.2839,17092800,0.4610
1984-12-04,1.2865,1.2995,1.2865,1.2917,13123200,0.4638
1984-12-05,1.2917,1.2969,1.2734,1.2786,13574400,0.4591
1984-12-06,1.2786,1.2786,1.2708,1.2760,8870400,0.4582
1984-12-07,1.2760,1.2786,1.2448,1.2552,14937600,0.4507
1984-12-10,1.2552,1.2708,1.2474,1.2682,11035200,0.4554
1984-12-11,1.2682,1.2760,1.2630,1.2682,9729600,0.4554
1984-12-12,1.2682,1.2708,1.2630,1.2682,6883200,0.4554
1984-12-13,1.2682,1.2786,1.2656,1.2708,10132800,0.4563
1984-12-14,1.2708,1.2943,1.2708,1.2917,18009600,0.4638
1984-12-17,1.2917,1.3073,1.2865,1.3021,10737600,0.4675
1984-12-18,1.3099,1.3307,1.3099,1.3307,25065600,0.4778
1984-12-19,1.3307,1.3438,1.3203,1.3229,16756800,0.4750
1984-12-20,1.3229,1.3281,1.3151,1.3203,4824000,0.4741
1984-12-21,1.3125,1.3125,1.2839,1.2969,20947200,0.4657
1984-12-24,1.2969,1.3073,1.2969,1.3021,5164800,0.4675
1984-12-26,1.2995,1.2995,1.2891,1.2917,2745600,0.4638
1984-12-27,1.2917,1.2917,1.2839,1.2891,4032000,0.4629
1984-12-28,1.2891,1.3021,1.2865,1.2995,7627200,0.4666
1984-12-31,1.2995,1.3073,1.2969,1.2995,7886400,0.4666
1985-01-02,1.2943,1.2943,1.2839,1.2891,8822400,0.4629
1985-01-03,1.2917,1.3229,1.2917,1.3021,11899200,0.4675
1985-01-04,1.3021,1.3021,1.2917,1.2995,4857600,0.4666
1985-01-07,1.3021,1.3177,1.3021,1.3073,10564800,0.4694
1985-01-08,1.3073,1.3151,1.3047,1.3099,8966400,0.4704
1985-01-09,1.3229,1.3359,1.3229,1.3281,14342400,0.4769
1985-01-10,1.3281,1.3438,1.3229,1.3411,13012800,0.4816
1985-01-11,1.3411,1.3411,1.3307,1.3359,8827200,0.4797
1985-01-14,1.3359,1.3385,1.3255,1.3333,12379200,0.4788
1985-01-15,1.3333,1.3385,1.3255,1.3281,14179200,0.4769
1985-01-16,1.3281,1.3281,1.3021,1.3151,16233600,0.4722
1985-01-17,1.3151,1.3151,1.2891,1.2891,24494400,0.4629
1985-01-18,1.2917,1.3073,1.2917,1.2995,11102400,0.4666
1985-01-21,1.2995,1.3255,1.2943,1.3177,12945600,0.4732
1985-01-22,1.3177,1.3307,1.3099,1.3151,20227200,0.4722
1985-01-23,1.3151,1.3229,1.3073,1.3203,11073600,0.4741
1985-01-24,1.3203,1.3255,1.3021,1.3073,16929600,0.4694
1985-01-25,1.3073,1.3099,1.2969,1.3021,15979200,0.4675
1985-01-28,1.3021,1.3073,1.2813,1.2891,12273600,0.4629
1985-01-29,1.2786,1.2786,1.2552,1.2760,21931200,0.4582
1985-01-30,1.2760,1.2786,1.2552,1.2578,20044800,0.4517
1985-01-31,1.2578,1.2578,1.2448,1.2500,19238400,0.4488
1985-02-01,1.2500,1.2500,1.2396,1.2448,21244800,0.4470
1985-02-04,1.2448,1.2682,1.2396,1.2682,26107200,0.4554
1985-02-05,1.2682,1.2813,1.2682,1.2760,30580800,0.4582
1985-02-06,1.2760,1.2839,1.2708,1.2734,16132800,0.4573
1985-02-07,1.2734,1.2865,1.2734,1.2813,17246400,0.4601
1985-02-08,1.2813,1.2891,1.2813,1.2891,14169600,0.4629
1985-02-11,1.2891,1.2891,1.2708,1.2786,13656000,0.4591
1985-02-12,1.2786,1.2786,1.2656,1.2682,8155200,0.4554
1985-02-13,1.2682,1.2813,1.2526,1.2708,27662400,0.4563
1985-02-14,1.2760,1.2891,1.2760,1.2813,23438400,0.4601
1985-02-15,1.2813,1.2943,1.2813,1.2839,17001600,0.4610
1985-02-19,1.2839,1.2943,1.2760,1.2917,5702400,0.4638
1985-02-20,1.2917,1.2995,1.2760,1.2865,8073600,0.4619
1985-02-21,1.2865,1.2995,1.2813,1.2943,9048000,0.4647
1985-02-22,1.2943,1.3021,1.2891,1.2943,11448000,0.4647
1985-02-25,1.2969,1.3125,1.2969,1.3047,10780800,0.4685
1985-02-26,1.3047,1.3203,1.3047,1.3177,17668800,0.4732
1985-02-27,1.3177,1.3229,1.3125,1.3151,15907200,0.4722
1985-02-28,1.3151,1.3229,1.3151,1.3229,17352000,0.4750
1985-03-01,1.3229,1.3594,1.3229,1.3568,23500800,0.4872
1985-03-04,1.3568,1.3932,1.3568,1.3750,16214400,0.4937
1985-03-05,1.3750,1.3750,1.3542,1.3698,25156800,0.4919
1985-03-06,1.3698,1.3724,1.3594,1.3646,14236800,0.4900
1985-03-07,1.3646,1.3724,1.3542,1.3698,10848000,0.4919
1985-03-08,1.3698,1.3880,1.3698,1.3776,40857600,0.4947
1985-03-11,1.3698,1.3698,1.3516,1.3698,15004800,0.4974
1985-03-12,1.3594,1.3594,1.3516,1.3542,14784000,0.4918
1985-03-13,1.3542,1.3620,1.3464,1.3464,22334400,0.4889
1985-03-14,1.3464,1.3646,1.3411,1.3438,10291200,0.4880
1985-03-15,1.3438,1.3568,1.3229,1.3229,18955200,0.4804
1985-03-18,1.3229,1.3333,1.3229,1.3229,12148800,0.4804
1985-03-19,1.3255,1.3698,1.3255,1.3620,20937600,0.4946
1985-03-20,1.3620,1.3958,1.3620,1.3828,19814400,0.5022
1985-03-21,1.3828,1.3984,1.3802,1.3932,14630400,0.5059
1985-03-22,1.3932,1.4036,1.3828,1.3906,13680000,0.5050
1985-03-25,1.3906,1.3958,1.3828,1.3932,7910400,0.5059
1985-03-26,1.3932,1.4167,1.3906,1.4115,10459200,0.5126
1985-03-27,1.4167,1.4427,1.4167,1.4375,13248000,0.5220
1985-03-28,1.4375,1.4531,1.4375,1.4453,12811200,0.5249
1985-03-29,1.4453,1.4635,1.4453,1.4583,10656000,0.5296
1985-04-01,1.4583,1.4635,1.4531,1.4583,11534400,0.5296
1985-04-02,1.4583,1.4583,1.4427,1.4453,6710400,0.5249
1985-04-03,1.4453,1.4453,1.4219,1.4323,6465600,0.5201
1985-04-04,1.4323,1.4323,1.4193,1.4297,16310400,0.5192
1985-04-08,1.4297,1.4375,1.4115,1.4141,7569600,0.5135
1985-04-09,1.4167,1.4375,1.4167,1.4323,6484800,0.5201
1985-04-10,1.4323,1.4427,1.4323,1.4349,4161600,0.5211
1985-04-11,1.4349,1.4427,1.4297,1.4323,8510400,0.5201
1985-04-12,1.4323,1.4375,1.4271,1.4349,5899200,0.5211
1985-04-15,1.4349,1.4479,1.4323,1.4401,6681600,0.5230
1985-04-16,1.4401,1.4531,1.4323,1.4531,6360000,0.5277
1985-04-17,1.4531,1.4557,1.4505,1.4557,6158400,0.5286
1985-04-18,1.4557,1.4766,1.4557,1.4583,12998400,0.5296
1985-04-19,1.4583,1.4896,1.4505,1.4896,18115200,0.5409
1985-04-22,1.4896,1.5052,1.4870,1.4922,16718400,0.5419
1985-04-23,1.4792,1.4792,1.4583,1.4583,26788800,0.5296
1985-04-24,1.4453,1.4453,1.4141,1.4349,33787200,0.5211
1985-04-25,1.4349,1.4453,1.4089,1.4167,73968000,0.5144
1985-04-26,1.4219,1.4427,1.4219,1.4323,26740800,0.5201
1985-04-29,1.4323,1.4323,1.4219,1.4219,9830400,0.5163
1985-04-30,1.4219,1.4297,1.4167,1.4271,20040000,0.5182
1985-05-01,1.4271,1.4323,1.3984,1.3984,16785600,0.5078
1985-05-02,1.3984,1.3984,1.3828,1.3880,11145600,0.5040
1985-05-03,1.3880,1.4063,1.3776,1.3802,15254400,0.5012
1985-05-06,1.3802,1.3854,1.3776,1.3828,13406400,0.5022
1985-05-07,1.3906,1.4245,1.3906,1.4219,18216000,0.5163
1985-05-08,1.4219,1.4219,1.4010,1.4010,13627200,0.5088
1985-05-09,1.4010,1.4089,1.4010,1.4036,6969600,0.5097
1985-05-10,1.4036,1.4089,1.3802,1.3880,33532800,0.5040
1985-05-13,1.3880,1.4010,1.3854,1.3906,19171200,0.5050
1985-05-14,1.3906,1.4010,1.3906,1.3958,11472000,0.5069
1985-05-15,1.4063,1.4323,1.4063,1.4193,14827200,0.5154
1985-05-16,1.4193,1.4297,1.4193,1.4245,6648000,0.5173
1985-05-17,1.4245,1.4583,1.4245,1.4453,10526400,0.5249
1985-05-20,1.4453,1.4661,1.4427,1.4453,16348800,0.5249
1985-05-21,1.4453,1.4453,1.4219,1.4245,17875200,0.5173
1985-05-22,1.4167,1.4167,1.4063,1.4141,13732800,0.5135
1985-05-23,1.4141,1.4141,1.3984,1.4036,12206400,0.5097
1985-05-24,1.4036,1.4063,1.3984,1.4063,7641600,0.5107
1985-05-28,1.4063,1.4089,1.3750,1.3854,9811200,0.5031
1985-05-29,1.3854,1.3906,1.3802,1.3906,16684800,0.5050
1985-05-30,1.3906,1.3932,1.3828,1.3906,11731200,0.5050
1985-05-31,1.3906,1.4167,1.3906,1.4141,38400000,0.5135
1985-06-03,1.4141,1.4323,1.4115,1.4219,20779200,0.5163
1985-06-04,1.4375,1.4661,1.4375,1.4635,37660800,0.5315
1985-06-05,1.4792,1.5026,1.4792,1.4922,40128000,0.5419
1985-06-06,1.4896,1.4896,1.4688,1.4740,23232000,0.5353
1985-06-07,1.4740,1.4792,1.4531,1.4583,21638400,0.5296
1985-06-10,1.4453,1.4453,1.4271,1.4323,82656000,0.5201
1985-06-11,1.4323,1.4479,1.3854,1.4479,43324800,0.5315
1985-06-12,1.4401,1.4401,1.4271,1.4401,14558400,0.5286
1985-06-13,1.4401,1.4453,1.4323,1.4375,12532800,0.5277
1985-06-14,1.4375,1.4375,1.4323,1.4375,4742400,0.5277
1985-06-17,1.4375,1.4375,1.4297,1.4349,7190400,0.5267
1985-06-18,1.4349,1.4453,1.4349,1.4427,10065600,0.5296
1985-06-19,1.4401,1.4401,1.4245,1.4323,11332800,0.5258
1985-06-20,1.4323,1.4375,1.4193,1.4297,12609600,0.5248
1985-06-21,1.4297,1.4531,1.4297,1.4531,23515200,0.5334
1985-06-24,1.4479,1.4479,1.4349,1.4453,8121600,0.5306
1985-06-25,1.4453,1.4635,1.4453,1.4505,32812800,0.5325
1985-06-26,1.4505,1.4557,1.4453,1.4557,15163200,0.5344
1985-06-27,1.4557,1.4609,1.4479,1.4479,20913600,0.5315
1985-06-28,1.4479,1.4479,1.4427,1.4453,14745600,0.5306
1985-07-01,1.4453,1.4453,1.4219,1.4245,14006400,0.5229
1985-07-02,1.4245,1.4271,1.4219,1.4245,20227200,0.5229
1985-07-03,1.4219,1.4219,1.4036,1.4036,27523200,0.5153
1985-07-05,1.4036,1.4063,1.4010,1.4036,11294400,0.5153
1985-07-08,1.4036,1.4219,1.4010,1.4219,37305600,0.5220
1985-07-09,1.4349,1.4688,1.4349,1.4583,37872000,0.5353
1985-07-10,1.4688,1.5156,1.4688,1.5078,69264000,0.5535
1985-07-11,1.5104,1.5599,1.5104,1.5573,63120000,0.5717
1985-07-12,1.5417,1.5417,1.5234,1.5365,32433600,0.5640
1985-07-15,1.5365,1.5365,1.5104,1.5104,16646400,0.5545
1985-07-16,1.5104,1.5365,1.5104,1.5365,15561600,0.5640
1985-07-17,1.5365,1.5573,1.5365,1.5417,12768000,0.5659
1985-07-18,1.5417,1.5417,1.5234,1.5365,19454400,0.5640
1985-07-19,1.5365,1.5521,1.5365,1.5521,26260800,0.5698
1985-07-22,1.5469,1.5469,1.5234,1.5313,12792000,0.5621
1985-07-23,1.5313,1.5339,1.4948,1.5052,17054400,0.5525
1985-07-24,1.4974,1.4974,1.4792,1.4948,19488000,0.5487
1985-07-25,1.4948,1.5130,1.4896,1.4922,17236800,0.5478
1985-07-26,1.4922,1.4974,1.4818,1.4922,9936000,0.5478
1985-07-29,1.4870,1.4870,1.4688,1.4714,15532800,0.5401
1985-07-30,1.4740,1.4870,1.4740,1.4844,10320000,0.5449
1985-07-31,1.4896,1.5156,1.4896,1.5052,16814400,0.5525
1985-08-01,1.5078,1.5417,1.5078,1.5365,8937600,0.5640
1985-08-02,1.5339,1.5339,1.5156,1.5156,9273600,0.5564
1985-08-05,1.5104,1.5104,1.4922,1.4948,7492800,0.5487
1985-08-06,1.4948,1.4948,1.4766,1.4818,8774400,0.5439
1985-08-07,1.4818,1.4870,1.4792,1.4844,8601600,0.5449
1985-08-08,1.4844,1.4922,1.4792,1.4896,10704000,0.5468
1985-08-09,1.4896,1.4948,1.4844,1.4870,11184000,0.5459
1985-08-12,1.4870,1.4974,1.4870,1.4974,43344000,0.5497
1985-08-13,1.4974,1.4974,1.4844,1.4922,4156800,0.5478
1985-08-14,1.4948,1.5052,1.4948,1.4974,7905600,0.5497
1985-08-15,1.4974,1.5000,1.4818,1.4922,8078400,0.5478
1985-08-16,1.4922,1.4974,1.4870,1.4948,11923200,0.5487
1985-08-19,1.4948,1.5078,1.4948,1.5026,5558400,0.5516
1985-08-20,1.5026,1.5026,1.4948,1.5000,6902400,0.5506
1985-08-21,1.5000,1.5052,1.4948,1.5052,8894400,0.5525
1985-08-22,1.5026,1.5026,1.4844,1.4844,5198400,0.5449
1985-08-23,1.4844,1.4896,1.4818,1.4844,3643200,0.5449
1985-08-26,1.4844,1.4844,1.4740,1.4792,9921600,0.5430
1985-08-27,1.4792,1.4870,1.4792,1.4818,6902400,0.5439
1985-08-28,1.4818,1.5000,1.4792,1.5000,9273600,0.5506
1985-08-29,1.5000,1.5052,1.4948,1.5026,7756800,0.5516
1985-08-30,1.5026,1.5026,1.4870,1.4922,4651200,0.5478
1985-09-03,1.4922,1.5000,1.4896,1.4974,6326400,0.5497
1985-09-04,1.4974,1.5052,1.4948,1.5000,8822400,0.5506
1985-09-05,1.5000,1.5000,1.4844,1.4922,22828800,0.5478
1985-09-06,1.4922,1.4948,1.4609,1.4635,19891200,0.5373
1985-09-09,1.4635,1.4766,1.4271,1.4375,110784000,0.5277
1985-09-10,1.4375,1.4401,1.4036,1.4167,29548800,0.5257
1985-09-11,1.4167,1.4271,1.4141,1.4167,15782400,0.5257
1985-09-12,1.4167,1.4271,1.4167,1.4219,10636800,0.5276
1985-09-13,1.4219,1.4271,1.4167,1.4245,13742400,0.5286
1985-09-16,1.4245,1.4271,1.4219,1.4245,7339200,0.5286
1985-09-17,1.4245,1.4323,1.4219,1.4245,10214400,0.5286
1985-09-18,1.4245,1.4297,1.4219,1.4245,11952000,0.5286
1985-09-19,1.4245,1.4297,1.4219,1.4271,10689600,0.5295
1985-09-20,1.4271,1.4271,1.4115,1.4115,12100800,0.5238
1985-09-23,1.4297,1.4505,1.4297,1.4505,36801600,0.5382
1985-09-24,1.4531,1.4661,1.4531,1.4557,20404800,0.5402
1985-09-25,1.4557,1.4635,1.4557,1.4609,6614400,0.5421
1985-09-26,1.4609,1.4714,1.4583,1.4635,34382400,0.5431
1985-09-30,1.4557,1.4557,1.4453,1.4531,8692800,0.5392
1985-10-01,1.4531,1.4609,1.4505,1.4583,11827200,0.5411
1985-10-02,1.4583,1.4609,1.4505,1.4505,12907200,0.5382
1985-10-03,1.4505,1.4688,1.4505,1.4531,10300800,0.5392
1985-10-04,1.4531,1.4583,1.4479,1.4479,9408000,0.5373
1985-10-07,1.4505,1.4635,1.4505,1.4583,13824000,0.5411
1985-10-08,1.4583,1.4609,1.4401,1.4479,5856000,0.5373
1985-10-09,1.4479,1.4557,1.4401,1.4505,12393600,0.5382
1985-10-10,1.4505,1.4583,1.4453,1.4557,53616000,0.5402
1985-10-11,1.4557,1.4714,1.4531,1.4635,9600000,0.5431
1985-10-14,1.4635,1.4766,1.4583,1.4766,8745600,0.5479
1985-10-15,1.4766,1.4870,1.4714,1.4792,12417600,0.5489
1985-10-16,1.4792,1.4870,1.4740,1.4818,7334400,0.5498
1985-10-17,1.4818,1.4844,1.4740,1.4844,12384000,0.5508
1985-10-18,1.4844,1.4870,1.4766,1.4792,10900800,0.5489
1985-10-21,1.4792,1.4792,1.4714,1.4740,5097600,0.5469
1985-10-22,1.4740,1.4870,1.4740,1.4818,5246400,0.5498
1985-10-23,1.4818,1.4870,1.4792,1.4844,4651200,0.5508
1985-10-24,1.4844,1.5000,1.4844,1.4844,12955200,0.5508
1985-10-25,1.4844,1.4922,1.4818,1.4844,4737600,0.5508
1985-10-28,1.4844,1.4870,1.4792,1.4870,3782400,0.5518
1985-10-29,1.4870,1.5026,1.4844,1.5026,13132800,0.5576
1985-10-30,1.5026,1.5104,1.5026,1.5052,11668800,0.5585
1985-10-31,1.5026,1.5026,1.4896,1.4922,5803200,0.5537
1985-11-01,1.4922,1.5182,1.4896,1.5130,17337600,0.5614
1985-11-04,1.5130,1.5182,1.5104,1.5182,18014400,0.5634
1985-11-05,1.5182,1.5573,1.5182,1.5521,14443200,0.5759
1985-11-06,1.5521,1.5625,1.5443,1.5573,26673600,0.5779
1985-11-07,1.5573,1.5703,1.5521,1.5573,31233600,0.5779
1985-11-08,1.5573,1.5729,1.5521,1.5677,17486400,0.5817
1985-11-11,1.5677,1.5911,1.5651,1.5911,18960000,0.5904
1985-11-12,1.5911,1.6094,1.5859,1.6068,19545600,0.5962
1985-11-13,1.6068,1.6146,1.5964,1.6120,11280000,0.5982
1985-11-14,1.6120,1.6536,1.6094,1.6484,19588800,0.6117
1985-11-15,1.6484,1.6771,1.6432,1.6510,34065600,0.6127
1985-11-18,1.6510,1.6641,1.6484,1.6615,26332800,0.6165
1985-11-19,1.6615,1.6693,1.6536,1.6615,10156800,0.6165
1985-11-20,1.6615,1.6615,1.6536,1.6589,4632000,0.6156
1985-11-21,1.6615,1.6927,1.6615,1.6927,15192000,0.6281
1985-11-22,1.6927,1.7188,1.6823,1.7109,16680000,0.6349
1985-11-25,1.7057,1.7057,1.6927,1.6953,5976000,0.6348
1985-11-26,1.6953,1.7240,1.6953,1.7240,8476800,0.6455
1985-11-27,1.7240,1.7656,1.7188,1.7526,24292800,0.6563
1985-11-29,1.7526,1.7552,1.7318,1.7344,5716800,0.6494
1985-12-02,1.7318,1.7318,1.7083,1.7083,11827200,0.6397
1985-12-03,1.7083,1.7448,1.7083,1.7161,15254400,0.6426
1985-12-04,1.7161,1.7474,1.7135,1.7422,15235200,0.6524
1985-12-05,1.7448,1.7708,1.7448,1.7552,15580800,0.6572
1985-12-06,1.7500,1.7500,1.7344,1.7422,13310400,0.6524
1985-12-09,1.7422,1.7708,1.7370,1.7630,18508800,0.6602
1985-12-10,1.7630,1.7865,1.7630,1.7786,23424000,0.6660
1985-12-11,1.7786,1.8047,1.7786,1.7969,25564800,0.6728
1985-12-12,1.7969,1.7995,1.7656,1.7656,12345600,0.6611
1985-12-13,1.7760,1.8073,1.7760,1.7969,17760000,0.6728
1985-12-16,1.7969,1.8385,1.7760,1.8333,35246400,0.6865
1985-12-17,1.8333,1.8359,1.8151,1.8151,16032000,0.6797
1985-12-18,1.8151,1.8385,1.7969,1.8047,26817600,0.6758
1985-12-19,1.8047,1.8177,1.7813,1.7839,20582400,0.6680
1985-12-20,1.7839,1.7995,1.7656,1.7656,26467200,0.6611
1985-12-23,1.7656,1.7656,1.7422,1.7526,11769600,0.6563
1985-12-24,1.7526,1.7526,1.7344,1.7396,6134400,0.6514
1985-12-26,1.7396,1.7526,1.7396,1.7422,4852800,0.6524
1985-12-27,1.7500,1.7630,1.7500,1.7604,9259200,0.6592
1985-12-30,1.7604,1.7760,1.7500,1.7708,7233600,0.6631
1985-12-31,1.7708,1.7813,1.7604,1.7604,7176000,0.6592
1986-01-02,1.7604,1.7708,1.7266,1.7344,12158400,0.6494
1986-01-03,1.7344,1.7500,1.7292,1.7396,5308800,0.6514
1986-01-06,1.7396,1.7500,1.7318,1.7396,5352000,0.6514
1986-01-07,1.7396,1.7682,1.7396,1.7682,11481600,0.6621
1986-01-08,1.7682,1.7708,1.7135,1.7135,15825600,0.6416
1986-01-09,1.7135,1.7135,1.6771,1.6979,17812800,0.6358
1986-01-10,1.6979,1.7057,1.6849,1.6953,7752000,0.6348
1986-01-13,1.6927,1.6927,1.6589,1.6693,8832000,0.6251
1986-01-14,1.6693,1.6719,1.6484,1.6641,20016000,0.6231
1986-01-15,1.6641,1.6719,1.6589,1.6667,15182400,0.6241
1986-01-16,1.6667,1.6667,1.6328,1.6667,23395200,0.6241
1986-01-17,1.6667,1.6823,1.6589,1.6745,24681600,0.6270
1986-01-20,1.6745,1.6745,1.6432,1.6563,7176000,0.6202
1986-01-21,1.6563,1.6641,1.6302,1.6406,6724800,0.6143
1986-01-22,1.6406,1.6432,1.5990,1.6042,9528000,0.6007
1986-01-23,1.6042,1.6484,1.6042,1.6458,11040000,0.6163
1986-01-24,1.6458,1.6797,1.6302,1.6719,14702400,0.6260
1986-01-27,1.6719,1.6797,1.6667,1.6693,7920000,0.6251
1986-01-28,1.6719,1.6979,1.6719,1.6979,14865600,0.6358
1986-01-29,1.7031,1.7578,1.7031,1.7292,17308800,0.6475
1986-01-30,1.7292,1.7318,1.7135,1.7214,13608000,0.6446
1986-01-31,1.7214,1.7552,1.7188,1.7474,17462400,0.6543
1986-02-03,1.7474,1.7760,1.7422,1.7682,13281600,0.6621
1986-02-04,1.7682,1.7969,1.7630,1.7839,17548800,0.6680
1986-02-05,1.7839,1.7865,1.7630,1.7813,11592000,0.6670
1986-02-06,1.7813,1.7865,1.7604,1.7734,16665600,0.6641
1986-02-07,1.7734,1.7734,1.7135,1.7656,24057600,0.6611
1986-02-10,1.7656,1.7865,1.7630,1.7865,8078400,0.6689
1986-02-11,1.7839,1.7839,1.7604,1.7734,6604800,0.6641
1986-02-12,1.7734,1.7734,1.7552,1.7578,5630400,0.6582
1986-02-13,1.7578,1.7813,1.7161,1.7813,9345600,0.6670
1986-02-14,1.7813,1.7969,1.7708,1.7917,13881600,0.6709
1986-02-18,1.7917,1.8333,1.7917,1.8333,12676800,0.6865
1986-02-19,1.8333,1.8333,1.7995,1.8021,11443200,0.6748
1986-02-20,1.8021,1.8828,1.8021,1.8802,16814400,0.7040
1986-02-21,1.8802,1.9115,1.8750,1.9115,28584000,0.7157
1986-02-24,1.9115,1.9219,1.8932,1.9141,13881600,0.7167
1986-02-25,1.9141,1.9167,1.8906,1.9089,10281600,0.7148
1986-02-26,1.9089,1.9453,1.9036,1.9271,11640000,0.7216
1986-02-27,1.9375,2.0469,1.9375,2.0313,18547200,0.7606
1986-02-28,2.0313,2.0339,1.9948,2.0052,12590400,0.7508
1986-03-03,2.0052,2.0052,1.9714,1.9740,8947200,0.7391
1986-03-04,1.9740,2.0000,1.9531,1.9583,15868800,0.7333
1986-03-05,1.9583,1.9766,1.9453,1.9714,14193600,0.7382
1986-03-06,1.9792,2.0208,1.9792,2.0104,12873600,0.7528
1986-03-07,2.0130,2.0703,2.0130,2.0573,12796800,0.7703
1986-03-10,2.0573,2.0833,2.0313,2.0807,14596800,0.7853
1986-03-11,2.0807,2.1016,2.0703,2.0885,12705600,0.7883
1986-03-12,2.0885,2.1823,2.0807,2.1354,17918400,0.8060
1986-03-13,2.1354,2.1771,2.1146,2.1693,14832000,0.8187
1986-03-14,2.1771,2.2917,2.1771,2.2656,33422400,0.8551
1986-03-17,2.2292,2.2292,2.1771,2.2188,24484800,0.8374
1986-03-18,2.2188,2.2604,2.1927,2.2292,24192000,0.8413
1986-03-19,2.2292,2.2604,2.2135,2.2448,18340800,0.8472
1986-03-20,2.2448,2.2604,2.2292,2.2396,16713600,0.8453
1986-03-21,2.2396,2.2656,2.1510,2.1536,37411200,0.8128
1986-03-24,2.1771,2.2057,2.1771,2.1849,19588800,0.8246
1986-03-25,2.1849,2.1875,2.1667,2.1667,9374400,0.8178
1986-03-26,2.1745,2.2188,2.1745,2.2057,13022400,0.8325
1986-03-27,2.2057,2.2422,2.1927,2.2083,13267200,0.8335
1986-03-31,2.2083,2.2448,2.1875,2.1927,9441600,0.8276
1986-04-01,2.1875,2.1875,2.1406,2.1432,15691200,0.8089
1986-04-02,2.1432,2.1719,2.1198,2.1641,16828800,0.8168
1986-04-03,2.1641,2.2083,2.0938,2.1172,15172800,0.7991
1986-04-04,2.1172,2.1432,2.0521,2.0833,14942400,0.7863
1986-04-07,2.0833,2.0990,2.0573,2.0781,9974400,0.7843
1986-04-08,2.0938,2.1510,2.0938,2.1406,15734400,0.8079
1986-04-09,2.1406,2.1719,2.0625,2.0964,17116800,0.7912
1986-04-10,2.0964,2.1250,2.0833,2.1042,18268800,0.7942
1986-04-11,2.1042,2.1250,2.0703,2.0885,16920000,0.7883
1986-04-14,2.0885,2.1719,2.0859,2.1641,24038400,0.8168
1986-04-15,2.1641,2.1979,2.1510,2.1823,18244800,0.8237
1986-04-16,2.2057,2.2917,2.2057,2.2891,23832000,0.8640
1986-04-17,2.3125,2.4167,2.3125,2.3984,30268800,0.9052
1986-04-18,2.3984,2.4010,2.3542,2.3542,31608000,0.8885
1986-04-21,2.3672,2.4427,2.3672,2.4375,19353600,0.9200
1986-04-22,2.4375,2.5000,2.4115,2.4479,33153600,0.9239
1986-04-23,2.4427,2.4427,2.3854,2.4401,12369600,0.9210
1986-04-24,2.4401,2.4557,2.3958,2.4141,13123200,0.9111
1986-04-25,2.4141,2.4167,2.3490,2.4036,17193600,0.9072
1986-04-28,2.4063,2.4479,2.4063,2.4479,17457600,0.9239
1986-04-29,2.4427,2.4427,2.3854,2.4010,12801600,0.9062
1986-04-30,2.4010,2.4063,2.2917,2.3229,22200000,0.8767
1986-05-01,2.3229,2.3594,2.3073,2.3542,23721600,0.8885
1986-05-02,2.3542,2.3828,2.3229,2.3307,18288000,0.8797
1986-05-05,2.3307,2.3542,2.2708,2.3047,13483200,0.8698
1986-05-06,2.3047,2.3125,2.2396,2.2813,19094400,0.8610
1986-05-07,2.2813,2.2813,2.2344,2.2630,15648000,0.8541
1986-05-08,2.2630,2.2760,2.2500,2.2682,12374400,0.8561
1986-05-09,2.2604,2.2604,2.2292,2.2500,12062400,0.8492
1986-05-12,2.2500,2.2786,2.2448,2.2708,11318400,0.8571
1986-05-13,2.2708,2.2917,2.2656,2.2865,12624000,0.8630
1986-05-14,2.2865,2.3385,2.2760,2.3333,21657600,0.8807
1986-05-15,2.3177,2.3177,2.2448,2.2500,19560000,0.8492
1986-05-16,2.2500,2.2604,2.2214,2.2292,19910400,0.8413
1986-05-19,2.2292,2.2474,2.1823,2.1927,17280000,0.8276
1986-05-20,2.1927,2.2188,2.1797,2.2188,16968000,0.8374
1986-05-21,2.2188,2.2266,2.2005,2.2057,12993600,0.8325
1986-05-22,2.2057,2.2708,2.2057,2.2708,20908800,0.8571
1986-05-23,2.2708,2.2813,2.2500,2.2578,12201600,0.8522
1986-05-27,2.2786,2.3516,2.2786,2.3516,23702400,0.8875
1986-05-28,2.3516,2.3724,2.3229,2.3646,20073600,0.8925
1986-05-29,2.3646,2.4323,2.3438,2.4193,16497600,0.9131
1986-05-30,2.4193,2.4219,2.3854,2.4167,16123200,0.9121
1986-06-02,2.4036,2.4036,2.3385,2.3672,12571200,0.8934
1986-06-03,2.3672,2.3984,2.3594,2.3828,18484800,0.8993
1986-06-04,2.3828,2.3828,2.3333,2.3568,11251200,0.8895
1986-06-05,2.3568,2.3698,2.3073,2.3542,22156800,0.8885
1986-06-06,2.3594,2.3906,2.3594,2.3906,15657600,0.9023
1986-06-09,2.3906,2.3906,2.3594,2.3750,18696000,0.8964
1986-06-10,2.3724,2.3724,2.3203,2.3542,21283200,0.8946
1986-06-11,2.3542,2.3724,2.3359,2.3438,19334400,0.8907
1986-06-12,2.3464,2.3646,2.3464,2.3620,15624000,0.8976
1986-06-13,2.3724,2.4167,2.3724,2.3984,17779200,0.9115
1986-06-16,2.3984,2.4479,2.3906,2.4375,17107200,0.9263
1986-06-17,2.4479,2.4922,2.4479,2.4922,21806400,0.9471
1986-06-18,2.4870,2.4870,2.4479,2.4818,16507200,0.9431
1986-06-19,2.4818,2.4922,2.4609,2.4688,13944000,0.9382
1986-06-20,2.4688,2.5000,2.4531,2.5000,22257600,0.9501
1986-06-23,2.4870,2.4870,2.4583,2.4688,11203200,0.9382
1986-06-24,2.4688,2.5365,2.4609,2.5234,20971200,0.9590
1986-06-25,2.5234,2.5391,2.4948,2.5052,16531200,0.9520
1986-06-26,2.5052,2.5573,2.5052,2.5443,17505600,0.9669
1986-06-27,2.5443,2.5677,2.5130,2.5365,12753600,0.9639
1986-06-30,2.5391,2.6146,2.5391,2.6146,20654400,0.9936
1986-07-01,2.7422,2.7422,2.6250,2.6719,21312000,1.0154
1986-07-02,2.7266,2.8047,2.7266,2.7422,30560000,1.0421
1986-07-03,2.7422,2.7578,2.6875,2.7188,23824000,1.0332
1986-07-07,2.7188,2.7188,2.5469,2.5625,20704000,0.9738
1986-07-08,2.5469,2.5469,2.4531,2.5313,26336000,0.9619
1986-07-09,2.5469,2.5938,2.5469,2.5938,20160000,0.9857
1986-07-10,2.5938,2.6250,2.5313,2.5703,16800000,0.9768
1986-07-11,2.5703,2.6016,2.5078,2.5938,14252800,0.9857
1986-07-14,2.5547,2.5547,2.5000,2.5078,10360000,0.9530
1986-07-15,2.5078,2.5469,2.5000,2.5234,33248000,0.9590
1986-07-16,2.5313,2.6094,2.5313,2.5938,18560000,0.9857
1986-07-17,2.5938,2.6172,2.5313,2.5391,12937600,0.9649
1986-07-18,2.5391,2.6172,2.5313,2.5625,14977600,0.9738
1986-07-21,2.5469,2.5469,2.5156,2.5234,8419200,0.9590
1986-07-22,2.5234,2.5781,2.5078,2.5625,10067200,0.9738
1986-07-23,2.5625,2.5703,2.5156,2.5391,14984000,0.9649
1986-07-24,2.5391,2.5703,2.4766,2.5078,13608000,0.9530
1986-07-25,2.5078,2.5625,2.5078,2.5469,7480000,0.9679
1986-07-28,2.5469,2.5703,2.4766,2.5000,9654400,0.9501
1986-07-29,2.5000,2.5000,2.4141,2.4297,12350400,0.9233
1986-07-30,2.4297,2.4844,2.3594,2.4766,16160000,0.9412
1986-07-31,2.4688,2.4688,2.4297,2.4453,7267200,0.9293
1986-08-01,2.4453,2.4531,2.3906,2.3906,7222400,0.9085
1986-08-04,2.3906,2.4375,2.3281,2.4297,10158400,0.9233
1986-08-05,2.4297,2.4375,2.3672,2.3750,9220800,0.9026
1986-08-06,2.3750,2.4063,2.3594,2.3828,8459200,0.9055
1986-08-07,2.3828,2.4219,2.3516,2.3750,10430400,0.9026
1986-08-08,2.3750,2.3906,2.3281,2.3516,9193600,0.8937
1986-08-11,2.3516,2.4531,2.3438,2.4375,10804800,0.9263
1986-08-12,2.4375,2.4688,2.4141,2.4609,9355200,0.9352
1986-08-13,2.4609,2.5000,2.4297,2.4844,14524800,0.9441
1986-08-14,2.4766,2.4766,2.4219,2.4375,10859200,0.9263
1986-08-15,2.4375,2.4531,2.3828,2.4531,10600000,0.9323
1986-08-18,2.4375,2.4375,2.3828,2.4141,8000000,0.9174
1986-08-19,2.4141,2.4141,2.3594,2.3750,8868800,0.9026
1986-08-20,2.3750,2.4531,2.3672,2.4453,12403200,0.9293
1986-08-21,2.4453,2.4453,2.3906,2.4219,11700800,0.9204
1986-08-22,2.4219,2.4375,2.3984,2.4141,5318400,0.9174
1986-08-25,2.4141,2.4141,2.3750,2.3828,7313600,0.9055
1986-08-26,2.3828,2.4531,2.3828,2.4375,12014400,0.9263
1986-08-27,2.4375,2.4375,2.3750,2.3906,15088000,0.9085
1986-08-28,2.3906,2.3984,2.3125,2.3281,18400000,0.8847
1986-08-29,2.3281,2.3750,2.3281,2.3672,16800000,0.8996
1986-09-02,2.3672,2.3672,2.2656,2.2813,13569600,0.8669
1986-09-03,2.2813,2.3047,2.2344,2.2891,16160000,0.8699
1986-09-04,2.2891,2.3125,2.2656,2.2891,14888000,0.8699
1986-09-05,2.2891,2.2969,2.1875,2.2109,20320000,0.8402
1986-09-08,2.2109,2.3047,2.1875,2.2969,18080000,0.8729
1986-09-09,2.2969,2.3672,2.2969,2.3438,16640000,0.8970
1986-09-10,2.3438,2.3750,2.3125,2.3281,13337600,0.8911
1986-09-11,2.2969,2.2969,2.0703,2.1719,25120000,0.8313
1986-09-12,2.1719,2.2109,2.0859,2.1406,22080000,0.8193
1986-09-15,2.1406,2.1875,2.0703,2.1250,18080000,0.8133
1986-09-16,2.1250,2.1250,2.0547,2.1172,13483200,0.8103
1986-09-17,2.1172,2.1484,2.0625,2.1094,16640000,0.8073
1986-09-18,2.1094,2.1328,2.0625,2.1094,13667200,0.8073
1986-09-19,2.0938,2.0938,2.0547,2.0625,18880000,0.7894
1986-09-22,2.0625,2.1016,2.0547,2.1016,15392000,0.8043
1986-09-23,2.1016,2.1875,2.0938,2.1484,19360000,0.8223
1986-09-24,2.1484,2.2266,2.1484,2.1875,17440000,0.8372
1986-09-25,2.1875,2.1875,2.0938,2.1250,13564800,0.8133
1986-09-26,2.1250,2.1563,2.0938,2.1250,10568000,0.8133
1986-09-29,2.1016,2.1016,2.0625,2.0859,10318400,0.7984
1986-09-30,2.0859,2.1719,2.0859,2.1172,13937600,0.8103
1986-10-01,2.1172,2.1797,2.1094,2.1328,14716800,0.8163
1986-10-02,2.1328,2.1953,2.1250,2.1875,9968000,0.8372
1986-10-03,2.1875,2.2188,2.1484,2.1563,14780800,0.8253
1986-10-06,2.1563,2.2188,2.1328,2.2188,11788800,0.8492
1986-10-07,2.2188,2.2188,2.1563,2.1719,7481600,0.8313
1986-10-08,2.1719,2.2500,2.1484,2.2188,12264000,0.8492
1986-10-09,2.2188,2.2656,2.2188,2.2266,13686400,0.8522
1986-10-10,2.2266,2.2500,2.2109,2.2422,6073600,0.8582
1986-10-13,2.2422,2.2422,2.2109,2.2344,2457600,0.8552
1986-10-14,2.2344,2.2500,2.1875,2.2266,7001600,0.8522
1986-10-15,2.2266,2.3359,2.2266,2.3281,16640000,0.8911
1986-10-16,2.3906,2.4531,2.3906,2.4375,34400000,0.9329
1986-10-17,2.4219,2.4219,2.3750,2.3984,13988800,0.9180
1986-10-20,2.3828,2.3828,2.3047,2.3594,10848000,0.9030
1986-10-21,2.3594,2.3750,2.3281,2.3516,6622400,0.9000
1986-10-22,2.3516,2.3672,2.3438,2.3594,9936000,0.9030
1986-10-23,2.3672,2.4297,2.3672,2.4063,11681600,0.9210
1986-10-24,2.4063,2.4063,2.3516,2.3516,9920000,0.9000
1986-10-27,2.3516,2.4297,2.3281,2.3672,6828800,0.9060
1986-10-28,2.3594,2.3594,2.3125,2.3203,5982400,0.8881
1986-10-29,2.3203,2.3281,2.2891,2.2969,7561600,0.8791
1986-10-30,2.3047,2.3516,2.3047,2.3203,11078400,0.8881
1986-10-31,2.3203,2.3281,2.2813,2.2891,9403200,0.8761
1986-11-03,2.2891,2.3203,2.2891,2.3203,7784000,0.8881
1986-11-04,2.3125,2.3125,2.2734,2.2969,9457600,0.8791
1986-11-05,2.2969,2.3125,2.2813,2.2969,10204800,0.8791
1986-11-06,2.2969,2.3359,2.2656,2.3203,9747200,0.8881
1986-11-07,2.3203,2.3281,2.2813,2.2813,8102400,0.8731
1986-11-10,2.2813,2.2969,2.2734,2.2891,6558400,0.8761
1986-11-11,2.2891,2.3203,2.2813,2.3125,5368000,0.8851
1986-11-12,2.3125,2.3359,2.3047,2.3359,11083200,0.8940
1986-11-13,2.3359,2.3438,2.2734,2.2734,8520000,0.8701
1986-11-14,2.2734,2.3047,2.2578,2.3047,7296000,0.8821
1986-11-17,2.3047,2.3125,2.2656,2.2734,7476800,0.8701
1986-11-18,2.2734,2.2891,2.2109,2.2188,13276800,0.8492
1986-11-19,2.2188,2.2344,2.1641,2.2109,15971200,0.8462
1986-11-20,2.2109,2.2656,2.1953,2.2656,10267200,0.8671
1986-11-21,2.2656,2.2813,2.2109,2.2734,18720000,0.8701
1986-11-24,2.2578,2.2578,2.1875,2.2422,11496000,0.8643
1986-11-25,2.2422,2.2500,2.2188,2.2266,9220800,0.8583
1986-11-26,2.2266,2.3047,2.1953,2.2578,20320000,0.8704
1986-11-28,2.2578,2.2891,2.2500,2.2813,7241600,0.8794
1986-12-01,2.2656,2.2656,2.2109,2.2422,10750400,0.8643
1986-12-02,2.2500,2.3359,2.2500,2.3281,20320000,0.8975
1986-12-03,2.3281,2.3906,2.2813,2.3672,25280000,0.9125
1986-12-04,2.3672,2.4375,2.3672,2.4063,35520000,0.9276
1986-12-05,2.4063,2.4375,2.3672,2.3828,15550400,0.9185
1986-12-08,2.3828,2.3906,2.3125,2.3750,14086400,0.9155
1986-12-09,2.3828,2.4219,2.3828,2.4141,15376000,0.9306
1986-12-10,2.4141,2.4453,2.3906,2.4375,15388800,0.9396
1986-12-11,2.4297,2.4297,2.3750,2.3906,16160000,0.9216
1986-12-12,2.3906,2.3906,2.3594,2.3672,11412800,0.9125
1986-12-15,2.3672,2.3750,2.3203,2.3750,13416000,0.9155
1986-12-16,2.3750,2.4453,2.3750,2.4375,18560000,0.9396
1986-12-17,2.4375,2.4375,2.3906,2.4063,10456000,0.9276
1986-12-18,2.4063,2.4219,2.3906,2.3984,8644800,0.9246
1986-12-19,2.3984,2.4531,2.3984,2.4531,28320000,0.9457
1986-12-22,2.4531,2.4688,2.4219,2.4688,10657600,0.9517
1986-12-23,2.4688,2.4766,2.4063,2.4688,13366400,0.9517
1986-12-24,2.4688,2.4688,2.4453,2.4609,6056000,0.9487
1986-12-26,2.4609,2.4609,2.4219,2.4219,3801600,0.9336
1986-12-29,2.4219,2.4297,2.3750,2.3750,4524800,0.9155
1986-12-30,2.3828,2.4219,2.3828,2.3984,13692800,0.9246
1986-12-31,2.3984,2.4063,2.3438,2.3594,15214400,0.9095
1987-01-02,2.3594,2.3984,2.3594,2.3828,6982400,0.9185
1987-01-05,2.3906,2.4609,2.3906,2.4531,18400000,0.9457
1987-01-06,2.4531,2.4688,2.4141,2.4375,16000000,0.9396
1987-01-07,2.4375,2.4688,2.4219,2.4453,18400000,0.9426
1987-01-08,2.4453,2.4453,2.4063,2.4141,16640000,0.9306
1987-01-09,2.4141,2.4297,2.3906,2.3906,12118400,0.9216
1987-01-12,2.3906,2.4297,2.3750,2.4063,12630400,0.9276
1987-01-13,2.4063,2.4063,2.3750,2.3828,10120000,0.9185
1987-01-14,2.3828,2.4219,2.3750,2.4063,17280000,0.9276
1987-01-15,2.4297,2.5391,2.4297,2.5000,32000000,0.9637
1987-01-16,2.5000,2.5547,2.4844,2.5469,32160000,0.9818
1987-01-19,2.5469,2.6172,2.5078,2.6016,15480000,1.0029
1987-01-20,2.6016,2.6406,2.5313,2.5625,18880000,0.9878
1987-01-21,2.5625,2.6094,2.5391,2.5625,20800000,0.9878
1987-01-22,2.5781,2.6563,2.5781,2.6563,20960000,1.0240
1987-01-23,2.6563,2.7734,2.5781,2.6172,45920000,1.0089
1987-01-26,2.6172,2.6563,2.5938,2.6250,16160000,1.0119
1987-01-27,2.6250,2.6875,2.6172,2.6719,20160000,1.0300
1987-01-28,2.6719,2.7266,2.6719,2.6797,13953600,1.0330
1987-01-29,2.6797,2.7109,2.6406,2.6719,17920000,1.0300
1987-01-30,2.6719,2.6953,2.6328,2.6641,9270400,1.0270
1987-02-02,2.6641,2.7031,2.6250,2.6875,11096000,1.0360
1987-02-03,2.6875,2.7109,2.6641,2.6719,11092800,1.0300
1987-02-04,2.6719,2.7031,2.6250,2.6875,13571200,1.0360
1987-02-05,2.6875,2.7031,2.6406,2.6563,13860800,1.0240
1987-02-06,2.6563,2.6719,2.6250,2.6406,8516800,1.0179
1987-02-09,2.6328,2.6328,2.5781,2.6094,6814400,1.0059
1987-02-10,2.6094,2.6172,2.5625,2.6016,11412800,1.0029
1987-02-11,2.6406,2.6875,2.6406,2.6875,11636800,1.0360
1987-02-12,2.6875,2.7031,2.6563,2.6875,12300800,1.0360
1987-02-13,2.6875,2.7578,2.6719,2.7266,14425600,1.0511
1987-02-17,2.7266,2.7969,2.7266,2.7813,14059200,1.0721
1987-02-18,2.7891,2.8438,2.7891,2.8359,26720000,1.0932
1987-02-19,2.8359,2.8672,2.8125,2.8359,16160000,1.0932
1987-02-20,2.8359,2.8516,2.8047,2.8438,17920000,1.0962
1987-02-23,2.8438,2.8516,2.7109,2.7656,16160000,1.0661
1987-02-24,2.7656,2.7891,2.7500,2.7734,6374400,1.0691
1987-02-25,2.7734,2.8438,2.7656,2.8203,9625600,1.0872
1987-02-26,2.8203,2.8281,2.7813,2.7891,8456000,1.0752
1987-02-27,2.7891,2.8359,2.7891,2.8047,8636800,1.0812
1987-03-02,2.8047,2.8516,2.8047,2.8125,12784000,1.0842
1987-03-03,2.8125,2.8359,2.8125,2.8203,12456000,1.0872
1987-03-04,2.8359,2.9531,2.8359,2.9375,20160000,1.1324
1987-03-05,2.9375,2.9688,2.8594,2.8906,12764800,1.1143
1987-03-06,2.8906,2.9297,2.8438,2.9063,46080000,1.1203
1987-03-09,2.8984,2.8984,2.8203,2.8203,10457600,1.0872
1987-03-10,2.8203,2.9297,2.8047,2.9063,15072000,1.1273
1987-03-11,2.9063,3.0625,2.8516,3.0469,35520000,1.1819
1987-03-12,3.0234,3.0234,2.9453,3.0078,27200000,1.1667
1987-03-13,3.0000,3.0000,2.9297,2.9453,11795200,1.1425
1987-03-16,2.9297,2.9297,2.8516,2.8828,13035200,1.1182
1987-03-17,2.8828,2.9297,2.8594,2.9063,17440000,1.1273
1987-03-18,2.9063,2.9219,2.8594,2.8984,21440000,1.1243
1987-03-19,2.8984,2.9688,2.8984,2.9609,12625600,1.1485
1987-03-20,2.9609,2.9922,2.9375,2.9609,18080000,1.1485
1987-03-23,2.9688,3.0469,2.9688,2.9922,14659200,1.1607
1987-03-24,2.9922,3.0000,2.9609,2.9844,14756800,1.1576
1987-03-25,2.9688,2.9688,2.9453,2.9609,9844800,1.1485
1987-03-26,2.9609,2.9844,2.9219,2.9297,8230400,1.1364
1987-03-27,2.9297,2.9844,2.8281,2.8672,18880000,1.1122
1987-03-30,2.8672,3.0313,2.6484,2.7656,29280000,1.0728
1987-03-31,2.7813,2.8672,2.7813,2.8594,12259200,1.1091
1987-04-01,2.8594,2.8672,2.8125,2.8594,11742400,1.1091
1987-04-02,2.8594,2.9063,2.7813,2.7813,13660800,1.0788
1987-04-03,2.7813,2.9375,2.7813,2.8906,17920000,1.1213
1987-04-06,2.8984,2.9375,2.8984,2.9063,11158400,1.1273
1987-04-07,2.9063,2.9375,2.8281,2.8281,13800000,1.0970
1987-04-08,2.8281,2.9063,2.8281,2.8594,18400000,1.1091
1987-04-09,2.8594,2.8984,2.8203,2.8594,12251200,1.1091
1987-04-10,2.8594,2.9219,2.8281,2.8750,12720000,1.1152
1987-04-13,2.8750,2.8984,2.8203,2.8203,16000000,1.0940
1987-04-14,2.8125,2.8125,2.6250,2.6641,27360000,1.0334
1987-04-15,2.7031,2.7813,2.7031,2.7656,12726400,1.0728
1987-04-16,2.7656,2.8672,2.7188,2.7344,16320000,1.0607
1987-04-20,2.7344,2.8672,2.7188,2.7578,10201600,1.0697
1987-04-21,2.7578,2.8516,2.6875,2.8516,15193600,1.1061
1987-04-22,2.8359,2.8359,2.7031,2.7109,20800000,1.0516
1987-04-23,2.7109,2.7578,2.6563,2.6953,11030400,1.0455
1987-04-24,2.6953,2.7813,2.5625,2.6250,14193600,1.0182
1987-04-27,2.6250,2.6797,2.5469,2.6406,20480000,1.0243
1987-04-28,2.6406,2.6797,2.6016,2.6094,18720000,1.0122
1987-04-29,2.6094,2.6406,2.5703,2.5938,11988800,1.0061
1987-04-30,2.5938,2.6719,2.5938,2.6641,12470400,1.0334
1987-05-01,2.6563,2.6563,2.5938,2.6172,8142400,1.0152
1987-05-04,2.6172,2.6719,2.6016,2.6406,8052800,1.0243
1987-05-05,2.6406,2.7188,2.6406,2.7188,10750400,1.0546
1987-05-06,2.7109,2.7109,2.6172,2.6250,13652800,1.0182
1987-05-07,2.6250,2.6250,2.5625,2.5703,14678400,0.9970
1987-05-08,2.5703,2.6406,2.5625,2.5859,16640000,1.0031
1987-05-11,2.5859,2.6328,2.5703,2.5703,16160000,0.9970
1987-05-12,2.5625,2.5625,2.5156,2.5313,17120000,0.9819
1987-05-13,2.5313,2.5547,2.5078,2.5313,12876800,0.9819
1987-05-14,2.5313,2.5547,2.5078,2.5234,14587200,0.9788
1987-05-15,2.5234,2.5313,2.4766,2.4844,36160000,0.9637
1987-05-18,2.4844,2.5000,2.4219,2.4844,23360000,0.9637
1987-05-19,2.4844,2.5000,2.4453,2.4688,15656000,0.9576
1987-05-20,2.4688,2.4844,2.4063,2.4375,18080000,0.9455
1987-05-21,2.4375,2.4766,2.3828,2.4219,18240000,0.9394
1987-05-22,2.4453,2.5156,2.4453,2.4922,13172800,0.9667
1987-05-26,2.5469,2.6094,2.5469,2.6094,20800000,1.0122
1987-05-27,2.6094,2.6328,2.5781,2.5781,10972800,1.0000
1987-05-28,2.5781,2.6250,2.5391,2.6250,6796800,1.0182
1987-05-29,2.6250,2.6953,2.6250,2.6797,17440000,1.0394
1987-06-01,2.6797,2.7422,2.6719,2.6875,12812800,1.0425
1987-06-02,2.6875,2.7109,2.6563,2.6719,9734400,1.0364
1987-06-03,2.6797,2.7266,2.6797,2.7031,9892800,1.0485
1987-06-04,2.7031,2.7109,2.6641,2.6797,11401600,1.0394
1987-06-05,2.6797,2.6797,2.6563,2.6641,7764800,1.0334
1987-06-08,2.6641,2.7344,2.6563,2.7188,7052800,1.0546
1987-06-09,2.7188,2.7422,2.7031,2.7344,8886400,1.0675
1987-06-10,2.7344,2.7656,2.7109,2.7344,16640000,1.0675
1987-06-11,2.7344,2.7813,2.7344,2.7734,14828800,1.0828
1987-06-12,2.7734,2.8047,2.7656,2.7813,11337600,1.0858
1987-06-15,2.7813,2.8203,2.7500,2.7656,14299200,1.0797
1987-06-16,2.7656,2.7891,2.7578,2.7813,7102400,1.0858
1987-06-17,2.7813,2.7891,2.7578,2.7734,8227200,1.0828
1987-06-18,2.7734,2.7891,2.7578,2.7891,7680000,1.0889
1987-06-19,2.7891,2.8359,2.7656,2.8359,25120000,1.1072
1987-06-22,2.8438,2.8906,2.8438,2.8828,13976000,1.1255
1987-06-23,2.8828,2.9141,2.8516,2.8750,16480000,1.1224
1987-06-24,2.8750,2.8906,2.8516,2.8594,8745600,1.1163
1987-06-25,2.8594,2.8828,2.8594,2.8594,9673600,1.1163
1987-06-26,2.8516,2.8516,2.7969,2.8047,6582400,1.0950
1987-06-29,2.8047,2.8281,2.7969,2.8281,5441600,1.1041
1987-06-30,2.8203,2.8203,2.7500,2.7813,8558400,1.0858
1987-07-01,2.7656,2.7656,2.7344,2.7422,6073600,1.0706
1987-07-02,2.7500,2.7656,2.7500,2.7500,5291200,1.0736
1987-07-06,2.7500,2.7813,2.6797,2.6875,10707200,1.0492
1987-07-07,2.6953,2.7500,2.6953,2.7188,9630400,1.0614
1987-07-08,2.7188,2.7656,2.6953,2.7578,15696000,1.0767
1987-07-09,2.7578,2.7813,2.7109,2.7422,11841600,1.0706
1987-07-10,2.7422,2.7734,2.7344,2.7734,8196800,1.0828
1987-07-13,2.7734,2.8047,2.6875,2.7188,12044800,1.0614
1987-07-14,2.7188,2.7813,2.7109,2.7734,14041600,1.0828
1987-07-15,2.7734,2.8281,2.7500,2.8047,17760000,1.0950
1987-07-16,2.8047,2.8203,2.7891,2.8125,11348800,1.0980
1987-07-17,2.8125,2.9609,2.7969,2.9375,44640000,1.1468
1987-07-20,2.9375,2.9531,2.8828,2.9063,20800000,1.1346
1987-07-21,2.8984,2.8984,2.8359,2.8594,17600000,1.1163
1987-07-22,2.8594,2.9141,2.8594,2.9063,15590400,1.1346
1987-07-23,2.9063,2.9531,2.8984,2.9375,12451200,1.1468
1987-07-24,2.9375,2.9375,2.9219,2.9297,9547200,1.1438
1987-07-27,2.9297,2.9609,2.9219,2.9453,21280000,1.1499
1987-07-28,2.9453,2.9609,2.9141,2.9297,12272000,1.1438
1987-07-29,2.9297,2.9609,2.9297,2.9609,20800000,1.1560
1987-07-30,2.9609,2.9922,2.9531,2.9844,15283200,1.1651
1987-07-31,2.9844,2.9922,2.9688,2.9766,8435200,1.1621
1987-08-03,2.9688,2.9688,2.9453,2.9531,12643200,1.1529
1987-08-04,2.9531,2.9766,2.9297,2.9609,9384000,1.1560
1987-08-05,2.9609,3.0000,2.9609,2.9609,13270400,1.1560
1987-08-06,2.9688,3.0469,2.9688,3.0391,18400000,1.1865
1987-08-07,3.0391,3.0703,3.0391,3.0469,21440000,1.1895
1987-08-10,3.0469,3.1016,3.0469,3.1016,13128000,1.2109
1987-08-11,3.1016,3.1406,3.0938,3.1406,30560000,1.2261
1987-08-12,3.1406,3.1875,3.1250,3.1406,26880000,1.2261
1987-08-13,3.1484,3.1797,3.1484,3.1563,15326400,1.2322
1987-08-14,3.1563,3.1641,3.1172,3.1406,15096000,1.2261
1987-08-17,3.1484,3.1797,3.1484,3.1641,20000000,1.2353
1987-08-18,3.1641,3.1797,3.1172,3.1406,21600000,1.2261
1987-08-19,3.1406,3.1641,3.0938,3.1406,13500800,1.2261
1987-08-20,3.1406,3.1953,3.1328,3.1875,15374400,1.2444
1987-08-21,3.1875,3.2422,3.1484,3.1563,17600000,1.2322
1987-08-24,3.1563,3.2422,3.1328,3.2031,10908800,1.2505
1987-08-25,3.2188,3.3047,3.2188,3.2578,14905600,1.2719
1987-08-26,3.2578,3.3203,3.2422,3.2500,13497600,1.2688
1987-08-27,3.2344,3.2344,3.1953,3.2188,8481600,1.2566
1987-08-28,3.2188,3.2188,3.1484,3.1719,9400000,1.2383
1987-08-31,3.1719,3.1953,3.1094,3.1641,13091200,1.2353
1987-09-01,3.1641,3.2891,3.1250,3.1563,17760000,1.2322
1987-09-02,3.1563,3.2266,3.1250,3.2109,23040000,1.2536
1987-09-03,3.2109,3.2813,3.1563,3.2188,17920000,1.2566
1987-09-04,3.2188,3.2422,3.1406,3.1641,8480000,1.2353
1987-09-08,3.1250,3.1250,3.0234,3.0781,21600000,1.2017
1987-09-09,3.0781,3.1250,3.0547,3.0781,15265600,1.2086
1987-09-10,3.0781,3.1250,3.0391,3.0781,12371200,1.2086
1987-09-11,3.0781,3.1563,3.0703,3.0938,14496000,1.2147
1987-09-14,3.0938,3.1406,3.0859,3.1406,12414400,1.2331
1987-09-15,3.1328,3.1328,3.0625,3.0625,9222400,1.2025
1987-09-16,3.0625,3.1016,2.9688,2.9688,15046400,1.1657
1987-09-17,2.9688,3.0156,2.9609,2.9922,12524800,1.1749
1987-09-18,2.9922,3.0313,2.9844,3.0078,15224000,1.1810
1987-09-21,3.0078,3.0938,2.9531,2.9688,13420800,1.1657
1987-09-22,2.9688,3.0938,2.9219,3.0859,16160000,1.2117
1987-09-23,3.0859,3.0938,3.0078,3.0859,16240000,1.2117
1987-09-24,3.0703,3.0703,3.0000,3.0078,9040000,1.1810
1987-09-25,3.0078,3.0391,2.9688,3.0078,8635200,1.1810
1987-09-28,3.0391,3.1172,3.0391,3.0781,11732800,1.2086
1987-09-29,3.0781,3.1016,3.0156,3.0469,8739200,1.1963
1987-09-30,3.0469,3.0547,3.0000,3.0234,12060800,1.1871
1987-10-01,3.0391,3.0938,3.0391,3.0938,9732800,1.2147
1987-10-02,3.0938,3.1094,3.0469,3.0469,8345600,1.1963
1987-10-05,3.0469,3.0547,2.9766,3.0000,11193600,1.1779
1987-10-06,2.9922,2.9922,2.9063,2.9219,14617600,1.1472
1987-10-07,2.9219,2.9375,2.8281,2.8594,18880000,1.1227
1987-10-08,2.8594,2.8906,2.8125,2.8516,18560000,1.1196
1987-10-09,2.8516,2.8750,2.8203,2.8281,8888000,1.1104
1987-10-12,2.8281,2.8359,2.7266,2.8047,11062400,1.1012
1987-10-13,2.8047,2.9375,2.7969,2.9297,10363200,1.1503
1987-10-14,2.8828,2.8828,2.7344,2.7344,19040000,1.0736
1987-10-15,2.7344,2.8203,2.7031,2.7188,21280000,1.0675
1987-10-16,2.7188,2.7422,2.4531,2.5313,31104000,0.9939
1987-10-19,2.5000,2.5000,1.8125,1.9063,43704000,0.7485
1987-10-20,1.9375,2.6250,1.9375,2.2813,63640000,0.8957
1987-10-21,2.5000,2.6250,2.5000,2.5781,41097600,1.0123
1987-10-22,2.5469,2.5469,2.3125,2.5313,27851200,0.9939
1987-10-23,2.5313,2.5391,2.3906,2.4844,16700800,0.9755
1987-10-26,2.4063,2.4063,2.2500,2.2656,16160000,0.8896
1987-10-27,2.2656,2.5078,2.2656,2.3438,20480000,0.9203
1987-10-28,2.3438,2.5156,2.2656,2.4219,22880000,0.9509
1987-10-29,2.4297,2.6563,2.4297,2.6250,17120000,1.0307
1987-10-30,2.6250,2.7344,2.5313,2.5781,22720000,1.0123
1987-11-02,2.5781,2.6172,2.5000,2.5859,11257600,1.0153
1987-11-03,2.5469,2.5469,2.4375,2.5391,18080000,0.9969
1987-11-04,2.5391,2.5547,2.4844,2.5000,13326400,0.9816
1987-11-05,2.5000,2.6172,2.4766,2.5781,19200000,1.0123
1987-11-06,2.5781,2.6484,2.4375,2.4844,11494400,0.9755
1987-11-09,2.4609,2.4609,2.3594,2.4063,13105600,0.9448
1987-11-10,2.4063,2.4063,2.3281,2.3516,12715200,0.9233
1987-11-11,2.3906,2.4453,2.3906,2.3906,11606400,0.9387
1987-11-12,2.4375,2.5078,2.4375,2.4609,14318400,0.9663
1987-11-13,2.4609,2.4922,2.2500,2.4141,6971200,0.9479
1987-11-16,2.4141,2.4766,2.3828,2.3984,11272000,0.9417
1987-11-17,2.3828,2.3828,2.3203,2.3828,12632000,0.9356
1987-11-18,2.3828,2.4531,2.3281,2.4453,9028800,0.9601
1987-11-19,2.4453,2.4531,2.3594,2.3906,7998400,0.9387
1987-11-20,2.3906,2.4844,2.3203,2.4844,12886400,0.9755
1987-11-23,2.4844,2.4844,2.4219,2.4375,6827200,0.9571
1987-11-24,2.4375,2.4609,2.4141,2.4375,8124800,0.9640
1987-11-25,2.4375,2.4609,2.4219,2.4219,4939200,0.9578
1987-11-27,2.4219,2.4453,2.3906,2.3906,3488000,0.9454
1987-11-30,2.3438,2.3438,2.2656,2.3125,13011200,0.9145
1987-12-01,2.3125,2.3594,2.3047,2.3125,7740800,0.9145
1987-12-02,2.3125,2.3438,2.2813,2.3281,7625600,0.9207
1987-12-03,2.3203,2.3203,2.2500,2.2656,10811200,0.8960
1987-12-04,2.2656,2.3125,2.2266,2.2656,12169600,0.8960
1987-12-07,2.2813,2.3594,2.2813,2.3594,7203200,0.9331
1987-12-08,2.3594,2.4375,2.3281,2.4375,8942400,0.9640
1987-12-09,2.4375,2.4688,2.3984,2.4609,10619200,0.9733
1987-12-10,2.4375,2.4375,2.3750,2.3750,12160000,0.9393
1987-12-11,2.3750,2.4297,2.3750,2.4297,7307200,0.9609
1987-12-14,2.4375,2.5313,2.4375,2.5078,11296000,0.9918
1987-12-15,2.5078,2.5391,2.4766,2.5391,16320000,1.0042
1987-12-16,2.5313,2.5313,2.4531,2.5000,11907200,0.9887
1987-12-17,2.5000,2.5000,2.4219,2.4219,11273600,0.9578
1987-12-18,2.4375,2.5156,2.4375,2.4844,26400000,0.9825
1987-12-21,2.4844,2.5078,2.4688,2.4844,7369600,0.9825
1987-12-22,2.4766,2.4766,2.4219,2.4766,7500800,0.9794
1987-12-23,2.4766,2.5156,2.4766,2.4844,6640000,0.9825
1987-12-24,2.4844,2.4922,2.4531,2.4609,2667200,0.9733
1987-12-28,2.4297,2.4297,2.3828,2.4141,6057600,0.9547
1987-12-29,2.4141,2.4375,2.3438,2.3438,4680000,0.9269
1987-12-30,2.3672,2.4219,2.3672,2.4141,8598400,0.9547
1987-12-31,2.4141,2.4219,2.3750,2.3828,7091200,0.9424
1988-01-04,2.3984,2.5000,2.3984,2.4922,11772800,0.9856
1988-01-05,2.4922,2.5313,2.4375,2.4688,12094400,0.9763
1988-01-06,2.4688,2.5000,2.4609,2.4688,8112000,0.9763
1988-01-07,2.4688,2.5078,2.4141,2.5000,7062400,0.9887
1988-01-08,2.5000,2.5000,2.2656,2.2813,12528000,0.9022
1988-01-11,2.2891,2.4297,2.2891,2.3984,11088000,0.9485
1988-01-12,2.3984,2.4063,2.3281,2.3828,9308800,0.9424
1988-01-13,2.3828,2.3984,2.3203,2.3516,11017600,0.9300
1988-01-14,2.3516,2.3672,2.2969,2.3516,6236800,0.9300
1988-01-15,2.4063,2.4766,2.4063,2.4531,16480000,0.9702
1988-01-18,2.4531,2.4609,2.4063,2.4375,4249600,0.9640
1988-01-19,2.4375,2.4531,2.3438,2.3672,8123200,0.9362
1988-01-20,2.3594,2.3594,2.2500,2.3125,8636800,0.9145
1988-01-21,2.3125,2.3359,2.2500,2.2969,9088000,0.9084
1988-01-22,2.2969,2.3359,2.2969,2.3203,4465600,0.9176
1988-01-25,2.3203,2.3906,2.3125,2.3594,9739200,0.9331
1988-01-26,2.3594,2.3594,2.3125,2.3125,4470400,0.9145
1988-01-27,2.3125,2.3359,2.2344,2.2656,13883200,0.8960
1988-01-28,2.2734,2.3359,2.2734,2.3125,10400000,0.9145
1988-01-29,2.3125,2.3594,2.2813,2.3516,7020800,0.9300
1988-02-01,2.3516,2.3672,2.2500,2.2656,9488000,0.8960
1988-02-02,2.2656,2.3359,2.2500,2.3125,14489600,0.9145
1988-02-03,2.3125,2.3203,2.2656,2.2734,10934400,0.8991
1988-02-04,2.2734,2.2969,2.2188,2.2734,10316800,0.8991
1988-02-05,2.2734,2.2969,2.1953,2.2188,6340800,0.8775
1988-02-08,2.2188,2.2500,2.1875,2.2266,8752000,0.8806
1988-02-09,2.2266,2.2578,2.2188,2.2578,7332800,0.8929
1988-02-10,2.2578,2.2813,2.2266,2.2734,16960000,0.8991
1988-02-11,2.2734,2.2969,2.2578,2.2969,11425600,0.9084
1988-02-12,2.2969,2.3125,2.2734,2.2891,7777600,0.9053
1988-02-16,2.2891,2.2891,2.2578,2.2813,12814400,0.9022
1988-02-17,2.2969,2.3516,2.2969,2.3359,15073600,0.9238
1988-02-18,2.3359,2.3516,2.3203,2.3203,7884800,0.9176
1988-02-19,2.3203,2.3750,2.3203,2.3750,11320000,0.9393
1988-02-22,2.3750,2.4141,2.3438,2.4063,12401600,0.9516
1988-02-23,2.4063,2.4297,2.3828,2.4141,11622400,0.9547
1988-02-24,2.4141,2.4297,2.3750,2.3750,7923200,0.9393
1988-02-25,2.3750,2.4219,2.3203,2.3438,8819200,0.9269
1988-02-26,2.3359,2.3359,2.2969,2.3047,11953600,0.9115
1988-02-29,2.3047,2.3359,2.2969,2.3359,14142400,0.9238
1988-03-01,2.3516,2.3828,2.3516,2.3750,16480000,0.9393
1988-03-02,2.3828,2.4063,2.3828,2.3984,8240000,0.9485
1988-03-03,2.3984,2.3984,2.3672,2.3906,6587200,0.9454
1988-03-04,2.3906,2.3984,2.3438,2.3750,9324800,0.9393
1988-03-07,2.3750,2.3828,2.3359,2.3594,7220800,0.9331
1988-03-08,2.3750,2.4219,2.3750,2.4063,12808000,0.9516
1988-03-09,2.4063,2.4141,2.3906,2.4063,10427200,0.9591
1988-03-10,2.4063,2.4219,2.3828,2.3906,10923200,0.9529
1988-03-11,2.3906,2.3906,2.3438,2.3828,10960000,0.9498
1988-03-14,2.3906,2.4297,2.3906,2.4297,11705600,0.9684
1988-03-15,2.4297,2.4297,2.3984,2.4063,6856000,0.9591
1988-03-16,2.4219,2.4609,2.4219,2.4453,13542400,0.9747
1988-03-17,2.4531,2.5000,2.4531,2.5000,20640000,0.9965
1988-03-18,2.5000,2.5156,2.4844,2.4844,30196800,0.9902
1988-03-21,2.4844,2.4844,2.4531,2.4609,8836800,0.9809
1988-03-22,2.4609,2.4766,2.4531,2.4766,7724800,0.9871
1988-03-23,2.4766,2.4922,2.4531,2.4844,6283200,0.9902
1988-03-24,2.4609,2.4609,2.4297,2.4375,9780800,0.9716
1988-03-25,2.4375,2.4453,2.3984,2.3984,8937600,0.9560
1988-03-28,2.3984,2.3984,2.3516,2.3828,13889600,0.9498
1988-03-29,2.3828,2.4297,2.3828,2.4297,9228800,0.9684
1988-03-30,2.4297,2.4844,2.4063,2.4063,13633600,0.9591
1988-03-31,2.4063,2.4219,2.3594,2.3906,9382400,0.9529
1988-04-04,2.3828,2.3828,2.3594,2.3750,9091200,0.9466
1988-04-05,2.3750,2.3984,2.3672,2.3828,7689600,0.9498
1988-04-06,2.3828,2.4375,2.3828,2.4375,20907200,0.9716
1988-04-07,2.4375,2.4453,2.3906,2.3906,9358400,0.9529
1988-04-08,2.3906,2.4219,2.3828,2.4063,8027200,0.9591
1988-04-11,2.4063,2.4531,2.3906,2.4531,6947200,0.9778
1988-04-12,2.4531,2.4922,2.4375,2.4922,13113600,0.9934
1988-04-13,2.4922,2.5078,2.4531,2.5000,25753600,0.9965
1988-04-14,2.4609,2.4609,2.3438,2.3594,21120000,0.9404
1988-04-15,2.3594,2.3906,2.3125,2.3828,14438400,0.9498
1988-04-18,2.3750,2.3750,2.3281,2.3516,9606400,0.9373
1988-04-19,2.3516,2.3906,2.3281,2.3281,9060800,0.9280
1988-04-20,2.3281,2.3281,2.2734,2.3125,11361600,0.9217
1988-04-21,2.3203,2.4141,2.3203,2.3359,11425600,0.9311
1988-04-22,2.3359,2.4063,2.3359,2.3672,6148800,0.9435
1988-04-25,2.3750,2.4531,2.3750,2.4297,13363200,0.9684
1988-04-26,2.4297,2.4453,2.3984,2.4063,7497600,0.9591
1988-04-27,2.4063,2.4219,2.3828,2.3906,5816000,0.9529
1988-04-28,2.3906,2.3984,2.3672,2.3984,4838400,0.9560
1988-04-29,2.3984,2.3984,2.3672,2.3906,4241600,0.9529
1988-05-02,2.3906,2.4063,2.3828,2.4063,5288000,0.9591
1988-05-03,2.4063,2.4297,2.4063,2.4297,5752000,0.9684
1988-05-04,2.4219,2.4219,2.3828,2.3906,5936000,0.9529
1988-05-05,2.3906,2.3906,2.3438,2.3594,7201600,0.9404
1988-05-06,2.3594,2.3750,2.2969,2.3047,6884800,0.9186
1988-05-09,2.3047,2.3047,2.2734,2.2969,9121600,0.9155
1988-05-10,2.2969,2.3281,2.2969,2.3125,6768000,0.9217
1988-05-11,2.2969,2.2969,2.2578,2.2891,7025600,0.9124
1988-05-12,2.2891,2.3047,2.2734,2.2969,6558400,0.9155
1988-05-13,2.3125,2.3359,2.3125,2.3203,5368000,0.9248
1988-05-16,2.3203,2.3281,2.2891,2.3281,6054400,0.9280
1988-05-17,2.3281,2.3516,2.2813,2.2813,7726400,0.9093
1988-05-18,2.2813,2.2813,2.1875,2.2188,12932800,0.8844
1988-05-19,2.2188,2.2578,2.1953,2.2344,16640000,0.8906
1988-05-20,2.2344,2.2500,2.2266,2.2422,14078400,0.8937
1988-05-23,2.2422,2.2500,2.2031,2.2031,15840000,0.8781
1988-05-24,2.2031,2.2344,2.2031,2.2266,10593600,0.8875
1988-05-25,2.2266,2.2656,2.2188,2.2422,11214400,0.8937
1988-05-26,2.2422,2.2813,2.2422,2.2656,6532800,0.9030
1988-05-27,2.2656,2.2656,2.2344,2.2422,4964800,0.8937
1988-05-31,2.2578,2.3750,2.2578,2.3750,12028800,0.9466
1988-06-01,2.3750,2.4063,2.3594,2.4063,16640000,0.9591
1988-06-02,2.3984,2.3984,2.3672,2.3906,12945600,0.9529
1988-06-03,2.3906,2.4219,2.3672,2.3984,7851200,0.9560
1988-06-06,2.3984,2.4063,2.3594,2.3906,7267200,0.9529
1988-06-07,2.3906,2.4141,2.3828,2.3828,11902400,0.9498
1988-06-08,2.3828,2.4531,2.3828,2.4531,22880000,0.9778
1988-06-09,2.4297,2.4297,2.3906,2.4063,28976000,0.9665
1988-06-10,2.4063,2.4141,2.3672,2.3984,11326400,0.9633
1988-06-13,2.3984,2.4219,2.3906,2.4063,6966400,0.9665
1988-06-14,2.4219,2.4609,2.4219,2.4375,11945600,0.9790
1988-06-15,2.4297,2.4297,2.4063,2.4219,6534400,0.9728
1988-06-16,2.4063,2.4063,2.3672,2.3672,6441600,0.9508
1988-06-17,2.3672,2.3906,2.3359,2.3906,21062400,0.9602
1988-06-20,2.3828,2.3828,2.3438,2.3516,4296000,0.9445
1988-06-21,2.3516,2.3906,2.3438,2.3906,7769600,0.9602
1988-06-22,2.4141,2.4609,2.4141,2.4219,13825600,0.9728
1988-06-23,2.4219,2.4219,2.3906,2.3984,5996800,0.9633
1988-06-24,2.3984,2.4141,2.3984,2.3984,5044800,0.9633
1988-06-27,2.3906,2.3906,2.3203,2.3281,8288000,0.9351
1988-06-28,2.3281,2.3984,2.3281,2.3828,6219200,0.9571
1988-06-29,2.3828,2.4297,2.3750,2.4063,6643200,0.9665
1988-06-30,2.4063,2.4375,2.3984,2.4375,7622400,0.9790
1988-07-01,2.4297,2.4297,2.3906,2.4141,8793600,0.9696
1988-07-05,2.4141,2.4219,2.3828,2.4219,8012800,0.9728
1988-07-06,2.4141,2.4141,2.2969,2.3672,12745600,0.9508
1988-07-07,2.3594,2.3594,2.3047,2.3438,8299200,0.9414
1988-07-08,2.3438,2.3516,2.2969,2.3047,5038400,0.9257
1988-07-11,2.3047,2.3438,2.2969,2.3438,6310400,0.9414
1988-07-12,2.3359,2.3359,2.2813,2.3047,10777600,0.9257
1988-07-13,2.3047,2.3281,2.2656,2.3125,15910400,0.9288
1988-07-14,2.3203,2.3438,2.3203,2.3359,8699200,0.9382
1988-07-15,2.3438,2.3906,2.3438,2.3906,11734400,0.9602
1988-07-18,2.3906,2.3906,2.3281,2.3438,5939200,0.9414
1988-07-19,2.3438,2.3828,2.3125,2.3359,8537600,0.9382
1988-07-20,2.3359,2.3672,2.3359,2.3438,6467200,0.9414
1988-07-21,2.3438,2.3438,2.2969,2.3125,5948800,0.9288
1988-07-22,2.3125,2.3125,2.2891,2.3047,14137600,0.9257
1988-07-25,2.3047,2.3281,2.2969,2.3203,4331200,0.9320
1988-07-26,2.3203,2.3516,2.3125,2.3516,9537600,0.9445
1988-07-27,2.3516,2.3594,2.3125,2.3203,6272000,0.9320
1988-07-28,2.3203,2.3672,2.3125,2.3594,17374400,0.9477
1988-07-29,2.3594,2.3984,2.3438,2.3984,18904000,0.9633
1988-08-01,2.3984,2.3984,2.3594,2.3750,4126400,0.9539
1988-08-02,2.3750,2.3984,2.3672,2.3750,11254400,0.9539
1988-08-03,2.3750,2.4297,2.3750,2.4297,13140800,0.9759
1988-08-04,2.4297,2.4375,2.4063,2.4141,7292800,0.9696
1988-08-05,2.4141,2.4219,2.3828,2.3906,4379200,0.9602
1988-08-08,2.3906,2.4219,2.3906,2.3906,5912000,0.9602
1988-08-09,2.3906,2.3984,2.3438,2.3594,9249600,0.9477
1988-08-10,2.3594,2.3594,2.3125,2.3359,10462400,0.9382
1988-08-11,2.3359,2.3359,2.3125,2.3359,14369600,0.9382
1988-08-12,2.3359,2.3438,2.3203,2.3438,7822400,0.9414
1988-08-15,2.3438,2.3594,2.3203,2.3203,6532800,0.9320
1988-08-16,2.3203,2.4141,2.3203,2.3750,11604800,0.9539
1988-08-17,2.3750,2.4297,2.3672,2.4063,8385600,0.9665
1988-08-18,2.4063,2.4531,2.4063,2.4219,9660800,0.9728
1988-08-19,2.4219,2.4375,2.4141,2.4219,13280000,0.9728
1988-08-22,2.4219,2.4297,2.4063,2.4063,9875200,0.9665
1988-08-23,2.4219,2.4531,2.4219,2.4453,20870400,0.9822
1988-08-24,2.4453,2.4609,2.4297,2.4531,15342400,0.9853
1988-08-25,2.4531,2.4531,2.4219,2.4453,10475200,0.9822
1988-08-26,2.4453,2.4844,2.4375,2.4844,14105600,0.9979
1988-08-29,2.4844,2.5234,2.4766,2.5156,34614400,1.0104
1988-08-30,2.5156,2.5234,2.4922,2.5156,8963200,1.0104
1988-08-31,2.5156,2.5391,2.5000,2.5000,13507200,1.0041
1988-09-01,2.4922,2.4922,2.4609,2.4688,12420800,0.9916
1988-09-02,2.4844,2.5703,2.4844,2.5625,17579200,1.0292
1988-09-06,2.5625,2.6016,2.5625,2.5859,14505600,1.0387
1988-09-07,2.5859,2.6094,2.5703,2.6016,13206400,1.0449
1988-09-08,2.6016,2.6484,2.5938,2.6250,16976000,1.0543
1988-09-09,2.6250,2.6250,2.5703,2.6172,19185600,1.0588
1988-09-12,2.6172,2.6406,2.6094,2.6250,15912000,1.0619
1988-09-13,2.6250,2.6328,2.5859,2.6328,11104000,1.0651
1988-09-14,2.6328,2.6797,2.6250,2.6328,19046400,1.0651
1988-09-15,2.6328,2.6406,2.6172,2.6328,10595200,1.0651
1988-09-16,2.6328,2.6797,2.6172,2.6719,21948800,1.0809
1988-09-19,2.6641,2.6641,2.6250,2.6406,4968000,1.0683
1988-09-20,2.6406,2.6484,2.6250,2.6484,4696000,1.0714
1988-09-21,2.6484,2.6875,2.6484,2.6875,5307200,1.0872
1988-09-22,2.6875,2.7109,2.6406,2.6563,10880000,1.0746
1988-09-23,2.6563,2.7188,2.6406,2.7188,8572800,1.0999
1988-09-26,2.7109,2.7109,2.6797,2.6953,5649600,1.0904
1988-09-27,2.6953,2.6953,2.6563,2.6875,5769600,1.0872
1988-09-28,2.6875,2.7031,2.6641,2.7031,7561600,1.0935
1988-09-29,2.7031,2.7734,2.6953,2.7578,18100800,1.1157
1988-09-30,2.7578,2.7734,2.7188,2.7344,18462400,1.1062
1988-10-03,2.7188,2.7188,2.6641,2.6953,16139200,1.0904
1988-10-04,2.6953,2.6953,2.6563,2.6719,9232000,1.0809
1988-10-05,2.6719,2.6953,2.6641,2.6719,6190400,1.0809
1988-10-06,2.6719,2.7188,2.6484,2.6484,6694400,1.0714
1988-10-07,2.6641,2.7422,2.6641,2.7344,17614400,1.1062
1988-10-10,2.7266,2.7266,2.6875,2.7031,5364800,1.0935
1988-10-11,2.7031,2.7031,2.6641,2.7031,8948800,1.0935
1988-10-12,2.6797,2.6797,2.6328,2.6563,8064000,1.0746
1988-10-13,2.6563,2.6719,2.6406,2.6563,4440000,1.0746
1988-10-14,2.6563,2.7031,2.6250,2.6484,6796800,1.0714
1988-10-17,2.6484,2.6641,2.6328,2.6406,6576000,1.0683
1988-10-18,2.6406,2.6797,2.6406,2.6719,7467200,1.0809
1988-10-19,2.6719,2.7031,2.6094,2.6484,11712000,1.0714
1988-10-20,2.6484,2.7656,2.6406,2.7500,16955200,1.1125
1988-10-21,2.7500,2.7734,2.7188,2.7656,18275200,1.1188
1988-10-24,2.7656,2.7734,2.7266,2.7500,9892800,1.1125
1988-10-25,2.7500,2.7813,2.7500,2.7813,19030400,1.1251
1988-10-26,2.7734,2.7734,2.7266,2.7344,10369600,1.1062
1988-10-27,2.7266,2.7266,2.6641,2.6797,13344000,1.0841
1988-10-28,2.6797,2.6953,2.6719,2.6797,6148800,1.0841
1988-10-31,2.6797,2.7109,2.6719,2.6953,5784000,1.0904
1988-11-01,2.6953,2.7188,2.6953,2.7188,6870400,1.0999
1988-11-02,2.7188,2.7422,2.7109,2.7422,8888000,1.1093
1988-11-03,2.7422,2.7422,2.7188,2.7266,4476800,1.1030
1988-11-04,2.7266,2.7344,2.6953,2.7031,5982400,1.0935
1988-11-07,2.7031,2.7031,2.6563,2.6563,10745600,1.0746
1988-11-08,2.6641,2.6953,2.6641,2.6719,5907200,1.0809
1988-11-09,2.6719,2.6719,2.6250,2.6406,10003200,1.0683
1988-11-10,2.6406,2.6641,2.6406,2.6406,5091200,1.0683
1988-11-11,2.6328,2.6328,2.5625,2.6016,11681600,1.0525
1988-11-14,2.6016,2.6172,2.5625,2.6016,8328000,1.0525
1988-11-15,2.6016,2.6484,2.6016,2.6406,6624000,1.0683
1988-11-16,2.6406,2.6406,2.5547,2.5859,10305600,1.0461
1988-11-17,2.5938,2.6250,2.5938,2.5938,8297600,1.0493
1988-11-18,2.5938,2.6406,2.5938,2.6250,12907200,1.0619
1988-11-21,2.6250,2.6328,2.5938,2.6328,6939200,1.0651
1988-11-22,2.6328,2.6563,2.6094,2.6484,8006400,1.0714
1988-11-23,2.6563,2.6953,2.6563,2.6875,5222400,1.0872
1988-11-25,2.6172,2.6172,2.5938,2.6094,4518400,1.0630
1988-11-28,2.6094,2.6406,2.6094,2.6250,6910400,1.0694
1988-11-29,2.6250,2.7188,2.6250,2.6875,11627200,1.0949
1988-11-30,2.6875,2.7344,2.6797,2.7109,11774400,1.1044
1988-12-01,2.7109,2.7109,2.6641,2.6641,7576000,1.0853
1988-12-02,2.6641,2.6875,2.6484,2.6875,7932800,1.0949
1988-12-05,2.6875,2.7422,2.6797,2.7344,11512000,1.1140
1988-12-06,2.7344,2.7734,2.7188,2.7734,13440000,1.1299
1988-12-07,2.7734,2.7813,2.7422,2.7656,8684800,1.1267
1988-12-08,2.7656,2.7656,2.7422,2.7500,8388800,1.1203
1988-12-09,2.7500,2.8047,2.7422,2.7656,5196800,1.1267
1988-12-12,2.7656,2.7891,2.7500,2.7500,6904000,1.1203
1988-12-13,2.7500,2.7813,2.7344,2.7813,8726400,1.1330
1988-12-14,2.7734,2.7734,2.7422,2.7500,7006400,1.1203
1988-12-15,2.7500,2.7734,2.7422,2.7578,6076800,1.1235
1988-12-16,2.7578,2.7656,2.7500,2.7656,16425600,1.1267
1988-12-19,2.7656,2.8203,2.7656,2.8125,13616000,1.1458
1988-12-20,2.8125,2.8281,2.7656,2.7813,9548800,1.1330
1988-12-21,2.7813,2.7813,2.7500,2.7734,17883200,1.1299
1988-12-22,2.7734,2.7891,2.7656,2.7734,5742400,1.1299
1988-12-23,2.7734,2.7969,2.7734,2.7969,2532800,1.1394
1988-12-27,2.7969,2.8047,2.7813,2.7813,2838400,1.1330
1988-12-28,2.7813,2.7891,2.7813,2.7813,2516800,1.1330
1988-12-29,2.7813,2.7969,2.7813,2.7891,8238400,1.1362
1988-12-30,2.7891,2.8047,2.7734,2.7891,6523200,1.1362
1989-01-03,2.7734,2.7734,2.7109,2.7188,11097600,1.1076
1989-01-04,2.7422,2.8125,2.7422,2.7891,8856000,1.1362
1989-01-05,2.7891,2.8438,2.7891,2.8359,24241600,1.1553
1989-01-06,2.8359,2.8516,2.8125,2.8125,11251200,1.1458
1989-01-09,2.8125,2.8203,2.7969,2.8125,8913600,1.1458
1989-01-10,2.8125,2.8203,2.7734,2.7813,8852800,1.1330
1989-01-11,2.7813,2.7969,2.7656,2.7813,7732800,1.1330
1989-01-12,2.7813,2.8203,2.7734,2.7969,7856000,1.1394
1989-01-13,2.7969,2.7969,2.7734,2.7813,4464000,1.1330
1989-01-16,2.7813,2.7891,2.7656,2.7813,4363200,1.1330
1989-01-17,2.7813,2.7891,2.7656,2.7813,5408000,1.1330
1989-01-18,2.7813,2.8047,2.7734,2.8047,6676800,1.1426
1989-01-19,2.8047,2.8203,2.7891,2.8125,11006400,1.1458
1989-01-20,2.8125,2.8203,2.7969,2.8125,8833600,1.1458
1989-01-23,2.8125,2.8438,2.7969,2.8047,6908800,1.1426
1989-01-24,2.8047,2.8516,2.7969,2.8281,11763200,1.1521
1989-01-25,2.8281,2.8516,2.8125,2.8359,7697600,1.1553
1989-01-26,2.8359,2.8672,2.8203,2.8594,8252800,1.1649
1989-01-27,2.8594,2.8984,2.8594,2.8750,14483200,1.1712
1989-01-30,2.8750,2.8984,2.8672,2.8984,8478400,1.1808
1989-01-31,2.8984,2.9297,2.8750,2.9219,18339200,1.1903
1989-02-01,2.9219,2.9297,2.8984,2.9297,10750400,1.1935
1989-02-02,2.9297,2.9375,2.9063,2.9297,6825600,1.1935
1989-02-03,2.9297,2.9531,2.9141,2.9375,9438400,1.1967
1989-02-06,2.9375,2.9922,2.9297,2.9688,8334400,1.2094
1989-02-07,2.9688,3.0313,2.9688,3.0000,17116800,1.2222
1989-02-08,3.0000,3.0391,2.9922,3.0156,15668800,1.2285
1989-02-09,3.0156,3.0156,2.9609,2.9844,21390400,1.2158
1989-02-10,2.9766,2.9766,2.9297,2.9297,7304000,1.1935
1989-02-13,2.9297,2.9609,2.9219,2.9375,8652800,1.1967
1989-02-14,2.9375,2.9688,2.9141,2.9219,10896000,1.1903
1989-02-15,2.9219,2.9844,2.9063,2.9766,11208000,1.2126
1989-02-16,2.9922,3.0156,2.9922,3.0000,13169600,1.2222
1989-02-17,3.0000,3.0703,3.0000,3.0625,12195200,1.2476
1989-02-21,3.0625,3.0703,3.0000,3.0000,8156800,1.2222
1989-02-22,3.0000,3.0078,2.9219,2.9297,13944000,1.1935
1989-02-23,2.9297,2.9531,2.9141,2.9531,5078400,1.2031
1989-02-24,2.9531,2.9531,2.9063,2.9063,9110400,1.1840
1989-02-27,2.9063,2.9531,2.9063,2.9297,6203200,1.1935
1989-02-28,2.9297,2.9922,2.9297,2.9844,19248000,1.2158
1989-03-01,2.9844,3.0391,2.9844,3.0000,17755200,1.2222
1989-03-02,3.0000,3.0391,3.0000,3.0234,10604800,1.2317
1989-03-03,3.0234,3.0391,3.0156,3.0391,11545600,1.2381
1989-03-06,3.0469,3.0859,3.0469,3.0781,13544000,1.2540
1989-03-07,3.0781,3.0938,3.0547,3.0625,6161600,1.2476
1989-03-08,3.0625,3.1250,3.0625,3.1094,13555200,1.2667
1989-03-09,3.0859,3.0859,3.0391,3.0625,8681600,1.2562
1989-03-10,3.0625,3.0625,3.0234,3.0469,10016000,1.2498
1989-03-13,3.0547,3.1484,3.0547,3.1250,14648000,1.2818
1989-03-14,3.1250,3.1484,3.1172,3.1406,11508800,1.2883
1989-03-15,3.1406,3.2188,3.1328,3.2188,17012800,1.3203
1989-03-16,3.2188,3.2422,3.1719,3.2344,16062400,1.3267
1989-03-17,3.2344,3.2344,3.1250,3.1719,24233600,1.3011
1989-03-20,3.1641,3.1641,3.0859,3.1172,11745600,1.2786
1989-03-21,3.1172,3.1406,3.1172,3.1250,7678400,1.2818
1989-03-22,3.1406,3.1797,3.1406,3.1719,7500800,1.3011
1989-03-23,3.1719,3.1797,3.1406,3.1406,7212800,1.2883
1989-03-27,3.1406,3.1797,3.1250,3.1641,4339200,1.2979
1989-03-28,3.1641,3.1953,3.1563,3.1719,8268800,1.3011
1989-03-29,3.1719,3.1953,3.1563,3.1797,9163200,1.3043
1989-03-30,3.1797,3.1953,3.1406,3.1641,7747200,1.2979
1989-03-31,3.1641,3.2031,3.1641,3.2031,6872000,1.3139
1989-04-03,3.2031,3.2422,3.1797,3.2422,8203200,1.3299
1989-04-04,3.2422,3.3047,3.1953,3.2969,9820800,1.3524
1989-04-05,3.2969,3.3125,3.2813,3.3047,8568000,1.3556
1989-04-06,3.3047,3.3125,3.2969,3.3125,5196800,1.3588
1989-04-07,3.3125,3.3359,3.2969,3.3359,8059200,1.3684
1989-04-10,3.3359,3.3672,3.2969,3.3125,4616000,1.3588
1989-04-11,3.3125,3.3281,3.3047,3.3047,7929600,1.3556
1989-04-12,3.3047,3.3125,3.2422,3.2422,6364800,1.3299
1989-04-13,3.2422,3.2500,3.1563,3.1641,8566400,1.2979
1989-04-14,3.1719,3.2500,3.1719,3.2500,11516800,1.3331
1989-04-17,3.2500,3.2813,3.2266,3.2500,5824000,1.3331
1989-04-18,3.2891,3.3359,3.2891,3.3125,12524800,1.3588
1989-04-19,3.3125,3.3203,3.2891,3.2969,9707200,1.3524
1989-04-20,3.2969,3.3047,3.2344,3.2656,7718400,1.3395
1989-04-21,3.2656,3.3359,3.2656,3.3125,13004800,1.3588
1989-04-24,3.3125,3.3594,3.3125,3.3359,8771200,1.3684
1989-04-25,3.3359,3.3672,3.3359,3.3438,5889600,1.3716
1989-04-26,3.3438,3.3672,3.3359,3.3516,4440000,1.3748
1989-04-27,3.3516,3.3828,3.3438,3.3672,14064000,1.3812
1989-04-28,3.3672,3.3984,3.3594,3.3906,10585600,1.3908
1989-05-01,3.3906,3.4297,3.3516,3.4219,7195200,1.4036
1989-05-02,3.4375,3.4922,3.4375,3.4609,8945600,1.4196
1989-05-03,3.4531,3.4531,3.4219,3.4297,5641600,1.4068
1989-05-04,3.4297,3.4297,3.3750,3.3984,6212800,1.3940
1989-05-05,3.3984,3.4453,3.3828,3.3906,9617600,1.3908
1989-05-08,3.3906,3.4297,3.3750,3.4297,6971200,1.4068
1989-05-09,3.4297,3.4609,3.4141,3.4375,8059200,1.4100
1989-05-10,3.4375,3.4375,3.4063,3.4063,4832000,1.3972
1989-05-11,3.4063,3.4219,3.3828,3.3828,7728000,1.3876
1989-05-12,3.3828,3.5234,3.3750,3.5234,15104000,1.4453
1989-05-15,3.5234,3.5234,3.4922,3.5234,8115200,1.4453
1989-05-16,3.5234,3.5547,3.5000,3.5469,9892800,1.4549
1989-05-17,3.5469,3.6250,3.5391,3.5938,9214400,1.4741
1989-05-18,3.5938,3.6797,3.5938,3.6406,13163200,1.4934
1989-05-19,3.6563,3.7188,3.6563,3.7031,38140800,1.5190
1989-05-22,3.7031,3.7578,3.6797,3.7344,15510400,1.5318
1989-05-23,3.7188,3.7188,3.5781,3.5938,13129600,1.4741
1989-05-24,3.5938,3.6484,3.5781,3.6094,10462400,1.4805
1989-05-25,3.6094,3.6563,3.5859,3.6250,8232000,1.4869
1989-05-26,3.6250,3.6641,3.6250,3.6484,5561600,1.4966
1989-05-30,3.6484,3.6719,3.5313,3.5625,10392000,1.4613
1989-05-31,3.5625,3.6328,3.5547,3.6094,7814400,1.4805
1989-06-01,3.6094,3.6484,3.5859,3.6250,5862400,1.4869
1989-06-02,3.6328,3.7109,3.6328,3.7109,10961600,1.5222
1989-06-05,3.7109,3.7109,3.6328,3.6328,6928000,1.4901
1989-06-06,3.6328,3.6563,3.5391,3.5938,13768000,1.4741
1989-06-07,3.6016,3.6406,3.6016,3.6250,5865600,1.4869
1989-06-08,3.6250,3.6328,3.5781,3.5938,11907200,1.4741
1989-06-09,3.5938,3.6172,3.5703,3.5781,12408000,1.4764
1989-06-12,3.5703,3.5703,3.5234,3.5547,7961600,1.4668
1989-06-13,3.5547,3.5547,3.5078,3.5078,7872000,1.4474
1989-06-14,3.5078,3.5313,3.4844,3.5078,7528000,1.4474
1989-06-15,3.5078,3.5234,3.4375,3.4688,8849600,1.4313
1989-06-16,3.4766,3.5156,3.4766,3.5078,27795200,1.4474
1989-06-19,3.5078,3.5234,3.5000,3.5234,6198400,1.4539
1989-06-20,3.5234,3.5547,3.5234,3.5313,5204800,1.4571
1989-06-21,3.5313,3.5625,3.5078,3.5156,10908800,1.4507
1989-06-22,3.5156,3.5859,3.5156,3.5781,7480000,1.4764
1989-06-23,3.6406,3.7422,3.6406,3.7422,14513600,1.5441
1989-06-26,3.7266,3.7266,3.6641,3.6797,6312000,1.5184
1989-06-27,3.6875,3.7188,3.6875,3.6953,8974400,1.5248
1989-06-28,3.6953,3.6953,3.6328,3.6563,6342400,1.5087
1989-06-29,3.6484,3.6484,3.5625,3.5781,6481600,1.4764
1989-06-30,3.5781,3.5859,3.4297,3.5234,8980800,1.4539
1989-07-03,3.5234,3.5469,3.5000,3.5469,2848000,1.4636
1989-07-05,3.5469,3.5781,3.5000,3.5625,5323200,1.4700
1989-07-06,3.5625,3.5938,3.5156,3.5547,5896000,1.4668
1989-07-07,3.5547,3.6719,3.5469,3.6484,8465600,1.5055
1989-07-10,3.6484,3.6875,3.6328,3.6563,4888000,1.5087
1989-07-11,3.6719,3.7109,3.6719,3.6953,6003200,1.5248
1989-07-12,3.6953,3.6953,3.6563,3.6875,4942400,1.5216
1989-07-13,3.6719,3.6719,3.6328,3.6406,7603200,1.5022
1989-07-14,3.6406,3.6719,3.5781,3.6641,13377600,1.5119
1989-07-17,3.6641,3.7188,3.6563,3.6953,7947200,1.5248
1989-07-18,3.6953,3.7344,3.6563,3.7188,8846400,1.5345
1989-07-19,3.7422,3.7734,3.7422,3.7656,18792000,1.5538
1989-07-20,3.7734,3.8828,3.7734,3.7891,12409600,1.5635
1989-07-21,3.7891,3.8906,3.7656,3.8750,18220800,1.5989
1989-07-24,3.8750,3.8984,3.8594,3.8594,8824000,1.5925
1989-07-25,3.8828,3.9609,3.8828,3.9063,12323200,1.6118
1989-07-26,3.9063,3.9844,3.8828,3.9766,10275200,1.6409
1989-07-27,3.9844,4.0313,3.9844,4.0078,8686400,1.6538
1989-07-28,4.0078,4.0391,3.9688,3.9688,7470400,1.6376
1989-07-31,3.9688,4.2500,3.9531,4.2500,13561600,1.7537
1989-08-01,4.2500,4.3281,4.1719,4.1719,19572800,1.7214
1989-08-02,4.1719,4.2266,4.1719,4.2188,11988800,1.7408
1989-08-03,4.2188,4.2266,4.1953,4.1953,6249600,1.7311
1989-08-04,4.1953,4.2109,4.1016,4.1172,10102400,1.6989
1989-08-07,4.1172,4.1953,4.0938,4.1719,9097600,1.7214
1989-08-08,4.1719,4.2266,4.1484,4.2188,9436800,1.7408
1989-08-09,4.2188,4.2578,4.1563,4.1641,10694400,1.7182
1989-08-10,4.1641,4.1719,4.1328,4.1719,7280000,1.7214
1989-08-11,4.1719,4.2031,4.0313,4.0547,14390400,1.6731
1989-08-14,4.0547,4.1172,4.0469,4.0859,7969600,1.6860
1989-08-15,4.1016,4.1563,4.1016,4.1328,7760000,1.7053
1989-08-16,4.1484,4.2031,4.1484,4.1797,5374400,1.7247
1989-08-17,4.1797,4.1797,4.0938,4.1484,7739200,1.7118
1989-08-18,4.1484,4.1875,4.1328,4.1563,11899200,1.7150
1989-08-21,4.1563,4.1875,4.0313,4.0469,7920000,1.6699
1989-08-22,4.0469,4.0859,4.0391,4.0859,7153600,1.6860
1989-08-23,4.0859,4.1484,4.0781,4.1484,9217600,1.7118
1989-08-24,4.1563,4.2578,4.1563,4.2578,11966400,1.7569
1989-08-25,4.2578,4.2578,4.1875,4.1953,5985600,1.7311
1989-08-28,4.1953,4.2266,4.1641,4.2188,5264000,1.7408
1989-08-29,4.2188,4.2500,4.1875,4.2031,5406400,1.7343
1989-08-30,4.2031,4.2344,4.1484,4.1641,7014400,1.7182
1989-08-31,4.1563,4.1563,4.1172,4.1563,5817600,1.7150
1989-09-01,4.1563,4.2188,4.1250,4.2031,5731200,1.7343
1989-09-05,4.1563,4.1563,4.1016,4.1016,8108800,1.6924
1989-09-06,4.1016,4.1094,4.0156,4.0469,11732800,1.6699
1989-09-07,4.0469,4.0625,4.0391,4.0469,7004800,1.6699
1989-09-08,4.0313,4.0313,3.9531,3.9844,8747200,1.6441
1989-09-11,3.9688,3.9688,3.9063,3.9375,11241600,1.6335
1989-09-12,3.9375,3.9922,3.9297,3.9688,6300800,1.6464
1989-09-13,3.9688,3.9922,3.8906,3.8906,10492800,1.6140
1989-09-14,3.8906,4.0000,3.8750,3.9766,7468800,1.6497
1989-09-15,3.9766,4.0234,3.9219,3.9453,22028800,1.6367
1989-09-18,3.9453,3.9453,3.9141,3.9297,6956800,1.6302
1989-09-19,3.9297,3.9531,3.9063,3.9141,6976000,1.6237
1989-09-20,3.9141,3.9219,3.8984,3.9063,6579200,1.6205
1989-09-21,3.9063,3.9141,3.8281,3.8359,7801600,1.5913
1989-09-22,3.8438,3.8984,3.8438,3.8984,5865600,1.6172
1989-09-25,3.8984,4.0313,3.8672,3.9375,12844800,1.6335
1989-09-26,3.9688,4.0391,3.9688,4.0078,11998400,1.6626
1989-09-27,4.0078,4.0469,3.9922,4.0391,7195200,1.6756
1989-09-28,4.0547,4.2188,4.0547,4.2188,19286400,1.7501
1989-09-29,4.2188,4.2578,4.1875,4.1875,10758400,1.7372
1989-10-02,4.1875,4.2813,4.1328,4.2813,8988800,1.7761
1989-10-03,4.2969,4.3906,4.2969,4.3906,17321600,1.8214
1989-10-04,4.3906,4.4219,4.3594,4.4063,12864000,1.8279
1989-10-05,4.4063,4.4219,4.3672,4.3828,11686400,1.8182
1989-10-06,4.3828,4.4219,4.3750,4.4141,7953600,1.8311
1989-10-09,4.4141,4.4297,4.3516,4.3828,5836800,1.8182
1989-10-10,4.3828,4.4141,4.3438,4.4141,7932800,1.8311
1989-10-11,4.4141,4.4141,4.3594,4.3984,6235200,1.8247
1989-10-12,4.3984,4.4063,4.3281,4.3438,7436800,1.8020
1989-10-13,4.3438,4.3594,4.0313,4.0469,12193600,1.6788
1989-10-16,4.0469,4.1719,3.8672,4.1719,27982400,1.7307
1989-10-17,4.1719,4.1953,4.0625,4.1719,12380800,1.7307
1989-10-18,4.1719,4.2656,4.1484,4.2500,9488000,1.7631
1989-10-19,4.2578,4.4531,4.2578,4.3984,15396800,1.8247
1989-10-20,4.3984,4.4375,4.3594,4.4219,21032000,1.8344
1989-10-23,4.4219,4.5156,4.4063,4.5078,8617600,1.8700
1989-10-24,4.5078,4.5234,4.3516,4.4922,26624000,1.8636
1989-10-25,4.4922,4.5859,4.4844,4.5313,10265600,1.8798
1989-10-26,4.5313,4.5313,4.4219,4.4453,9092800,1.8441
1989-10-27,4.4453,4.4531,4.3672,4.4063,7276800,1.8279
1989-10-30,4.4063,4.4609,4.3984,4.4219,5950400,1.8344
1989-10-31,4.4453,4.5469,4.4453,4.5234,7761600,1.8765
1989-11-01,4.5234,4.5781,4.5156,4.5469,11574400,1.8862
1989-11-02,4.5469,4.5469,4.4844,4.5234,7552000,1.8765
1989-11-03,4.5156,4.5156,4.4844,4.4844,6179200,1.8603
1989-11-06,4.4844,4.4844,4.4219,4.4297,5198400,1.8376
1989-11-07,4.4297,4.5234,4.4297,4.5156,8363200,1.8733
1989-11-08,4.5313,4.6563,4.5313,4.6563,11942400,1.9316
1989-11-09,4.6563,4.6563,4.6016,4.6094,7801600,1.9122
1989-11-10,4.6094,4.6328,4.6094,4.6250,5793600,1.9187
1989-11-13,4.6250,4.6328,4.5938,4.6094,6515200,1.9122
1989-11-14,4.6094,4.6406,4.5547,4.5781,7070400,1.8992
1989-11-15,4.5781,4.6484,4.5703,4.6250,11472000,1.9187
1989-11-16,4.6250,4.7344,4.6094,4.6953,11313600,1.9478
1989-11-17,4.6953,4.7344,4.6875,4.7266,12641600,1.9608
1989-11-20,4.7266,4.7266,4.6953,4.7188,5315200,1.9575
1989-11-21,4.7188,4.8281,4.7188,4.8125,8348800,1.9964
1989-11-22,4.8125,4.9219,4.8125,4.8516,9708800,2.0126
1989-11-24,4.8594,4.8984,4.8594,4.8984,4320000,2.0321
1989-11-27,4.8984,4.8984,4.8359,4.8516,8707200,2.0214
1989-11-28,4.8516,4.8594,4.8281,4.8359,6942400,2.0149
1989-11-29,4.8359,4.8438,4.7422,4.7422,6808000,1.9758
1989-11-30,4.7500,4.8281,4.7500,4.8281,9264000,2.0116
1989-12-01,4.8281,4.9766,4.8281,4.9297,12512000,2.0540
1989-12-04,4.9297,4.9375,4.9063,4.9219,6966400,2.0507
1989-12-05,4.9219,4.9219,4.8438,4.8438,7233600,2.0182
1989-12-06,4.8438,4.8828,4.8359,4.8359,7275200,2.0149
1989-12-07,4.8359,4.8359,4.7969,4.8047,7929600,2.0019
1989-12-08,4.8359,4.8828,4.8359,4.8750,8116800,2.0312
1989-12-11,4.8828,4.9297,4.8828,4.9219,6990400,2.0507
1989-12-12,4.9219,4.9922,4.9141,4.9688,7203200,2.0702
1989-12-13,5.0000,5.0625,5.0000,5.0156,11921600,2.0898
1989-12-14,5.0000,5.0000,4.9297,4.9922,8640000,2.0800
1989-12-15,4.9922,5.0156,4.9219,5.0078,21356800,2.0865
1989-12-18,5.0078,5.0547,4.9063,4.9531,7516800,2.0637
1989-12-19,4.9375,4.9375,4.8516,4.9063,12377600,2.0442
1989-12-20,4.9063,4.9219,4.7344,4.7656,13288000,1.9856
1989-12-21,4.7656,4.8203,4.6250,4.6250,13702400,1.9270
1989-12-22,4.6719,4.7734,4.6719,4.7422,5865600,1.9758
1989-12-26,4.7422,4.7656,4.7031,4.7188,4049600,1.9661
1989-12-27,4.7188,4.7891,4.7188,4.7734,3859200,1.9889
1989-12-28,4.7734,4.8047,4.7656,4.7969,3531200,1.9986
1989-12-29,4.7969,4.8594,4.7734,4.8281,7489600,2.0116
1990-01-02,4.8281,4.8750,4.7969,4.8750,12128000,2.0312
1990-01-03,4.8672,4.8672,4.7891,4.8047,12976000,2.0019
1990-01-04,4.8047,4.8125,4.7188,4.7813,7841600,1.9921
1990-01-05,4.7813,4.8281,4.7344,4.7422,8305600,1.9758
1990-01-08,4.7422,4.8438,4.7266,4.8438,10064000,2.0182
1990-01-09,4.8438,4.8594,4.7813,4.8047,7419200,2.0019
1990-01-10,4.8047,4.8125,4.7266,4.7734,8865600,1.9889
1990-01-11,4.7734,4.8203,4.7578,4.7734,6083200,1.9889
1990-01-12,4.7188,4.7188,4.5938,4.6016,11931200,1.9172
1990-01-15,4.6016,4.6094,4.5234,4.5234,7740800,1.8847
1990-01-16,4.5234,4.5625,4.4531,4.5625,15332800,1.9010
1990-01-17,4.5625,4.5703,4.5078,4.5313,9076800,1.8880
1990-01-18,4.5313,4.5391,4.4688,4.5078,13576000,1.8782
1990-01-19,4.5156,4.5547,4.5156,4.5391,10728000,1.8912
1990-01-22,4.5391,4.5547,4.4063,4.4063,9236800,1.8359
1990-01-23,4.4063,4.4688,4.3516,4.4375,10224000,1.8489
1990-01-24,4.4297,4.4297,4.2891,4.4141,15361600,1.8391
1990-01-25,4.4141,4.4297,4.2578,4.2969,11276800,1.7903
1990-01-26,4.2969,4.3203,4.1406,4.2188,10267200,1.7578
1990-01-29,4.2188,4.2813,4.1719,4.2656,6878400,1.7773
1990-01-30,4.2500,4.2500,4.0781,4.1406,17204800,1.7252
1990-01-31,4.1719,4.3047,4.1719,4.3047,12382400,1.7936
1990-02-01,4.3047,4.3438,4.2891,4.2969,8548800,1.7903
1990-02-02,4.2969,4.3984,4.2891,4.3359,9054400,1.8066
1990-02-05,4.3359,4.3516,4.2969,4.3203,5838400,1.8001
1990-02-06,4.3203,4.3281,4.2813,4.2969,6806400,1.7903
1990-02-07,4.2969,4.3750,4.2422,4.3438,10907200,1.8098
1990-02-08,4.3438,4.3906,4.3047,4.3359,8243200,1.8066
1990-02-09,4.3359,4.3672,4.3125,4.3125,6374400,1.7968
1990-02-12,4.3125,4.3203,4.2500,4.2813,7777600,1.7838
1990-02-13,4.2813,4.2891,4.1797,4.1875,10747200,1.7447
1990-02-14,4.1875,4.2344,4.1875,4.1953,6832000,1.7480
1990-02-15,4.1953,4.3438,4.1797,4.3438,12192000,1.8098
1990-02-16,4.3438,4.3750,4.2813,4.2813,18003200,1.7838
1990-02-20,4.2813,4.2969,4.2266,4.2813,12427200,1.7838
1990-02-21,4.2813,4.3125,4.2266,4.2813,9185600,1.7838
1990-02-22,4.2813,4.3516,4.2344,4.2344,8985600,1.7643
1990-02-23,4.2344,4.2969,4.2188,4.2500,7696000,1.7708
1990-02-26,4.2578,4.3359,4.2578,4.3281,11713600,1.8033
1990-02-27,4.3281,4.3750,4.3281,4.3672,8505600,1.8196
1990-02-28,4.3672,4.4297,4.3594,4.4063,11028800,1.8359
1990-03-01,4.4063,4.4688,4.3984,4.4219,8774400,1.8424
1990-03-02,4.4219,4.4453,4.3828,4.3906,7872000,1.8294
1990-03-05,4.3906,4.3984,4.3516,4.3906,7692800,1.8294
1990-03-06,4.3984,4.4688,4.3984,4.4688,8390400,1.8619
1990-03-07,4.4688,4.4922,4.4531,4.4609,8684800,1.8587
1990-03-08,4.4609,4.5313,4.4609,4.5234,8859200,1.8847
1990-03-09,4.5078,4.5078,4.4688,4.5000,7550400,1.8854
1990-03-12,4.5000,4.5234,4.4844,4.5078,5737600,1.8886
1990-03-13,4.5078,4.5469,4.4766,4.4922,7083200,1.8821
1990-03-14,4.4922,4.5391,4.4922,4.5234,7619200,1.8952
1990-03-15,4.5234,4.5625,4.4844,4.5156,11937600,1.8919
1990-03-16,4.5156,4.5781,4.4688,4.5781,19692800,1.9181
1990-03-19,4.5781,4.7109,4.5469,4.7109,9969600,1.9737
1990-03-20,4.7031,4.7031,4.6328,4.6563,9228800,1.9508
1990-03-21,4.6563,4.6875,4.6172,4.6250,6934400,1.9377
1990-03-22,4.6250,4.6328,4.5156,4.5313,11059200,1.8984
1990-03-23,4.5625,4.6328,4.5625,4.6328,6980800,1.9410
1990-03-26,4.6406,4.6953,4.6406,4.6484,6377600,1.9475
1990-03-27,4.6484,4.7188,4.6328,4.7109,4960000,1.9737
1990-03-28,4.7109,4.7500,4.6953,4.7422,8868800,1.9868
1990-03-29,4.7422,4.7422,4.6875,4.7188,4139200,1.9770
1990-03-30,4.7109,4.7109,4.6563,4.6719,6723200,1.9574
1990-04-02,4.6719,4.7500,4.6406,4.7500,8150400,1.9901
1990-04-03,4.7500,4.8516,4.7500,4.8281,7921600,2.0228
1990-04-04,4.8281,4.8672,4.8125,4.8359,9377600,2.0261
1990-04-05,4.8359,4.8828,4.8359,4.8438,10656000,2.0294
1990-04-06,4.8438,4.8750,4.8359,4.8672,4737600,2.0392
1990-04-09,4.8672,4.9531,4.8594,4.9531,7606400,2.0752
1990-04-10,4.9531,5.0234,4.9297,5.0078,8307200,2.0981
1990-04-11,5.0078,5.0703,5.0000,5.0000,10440000,2.0948
1990-04-12,5.0000,5.0469,5.0000,5.0313,6596800,2.1079
1990-04-16,5.0313,5.0781,5.0000,5.0234,7896000,2.1047
1990-04-17,5.0234,5.0391,5.0000,5.0156,8779200,2.1014
1990-04-18,5.0156,5.0234,4.9375,4.9531,8091200,2.0752
1990-04-19,4.9297,4.9297,4.8281,4.8359,10492800,2.0261
1990-04-20,4.8359,4.8438,4.7500,4.7891,20001600,2.0065
1990-04-23,4.7891,4.8125,4.7422,4.8047,9352000,2.0130
1990-04-24,4.8047,4.8438,4.8047,4.8125,6596800,2.0163
1990-04-25,4.8125,4.8359,4.7969,4.8125,6534400,2.0163
1990-04-26,4.8125,4.8359,4.7813,4.8125,4376000,2.0163
1990-04-27,4.8125,4.8125,4.6953,4.7031,7225600,1.9705
1990-04-30,4.7031,4.7969,4.6953,4.7656,5819200,1.9966
1990-05-01,4.7656,4.8750,4.7656,4.7969,11180800,2.0097
1990-05-02,4.8047,4.8594,4.8047,4.8359,10331200,2.0261
1990-05-03,4.8359,4.8984,4.8359,4.8750,10083200,2.0425
1990-05-04,4.8750,4.9141,4.8672,4.8906,8049600,2.0490
1990-05-07,4.8906,4.9297,4.8906,4.9219,9718400,2.0621
1990-05-08,4.9219,4.9766,4.9063,4.9766,10569600,2.0850
1990-05-09,4.9766,5.0156,4.9453,4.9922,10776000,2.0916
1990-05-10,4.9922,5.0078,4.9688,5.0000,10272000,2.0948
1990-05-11,5.0078,5.2188,5.0078,5.2031,26448000,2.1799
1990-05-14,5.3750,5.3750,5.1875,5.2500,12905600,2.1996
1990-05-15,5.2500,5.2813,5.1875,5.2344,9708000,2.1930
1990-05-16,5.2344,5.3125,5.1875,5.2656,6830400,2.2061
1990-05-17,5.2813,5.3594,5.2813,5.3281,7936000,2.2323
1990-05-18,5.3281,5.3281,5.2656,5.3125,13655200,2.2258
1990-05-21,5.3125,5.5156,5.2969,5.4375,11081600,2.2781
1990-05-22,5.4375,5.5313,5.4063,5.4375,9773600,2.2781
1990-05-23,5.4375,5.6094,5.4375,5.6094,8370400,2.3501
1990-05-24,5.6094,5.7188,5.6094,5.6719,10206400,2.3763
1990-05-25,5.6406,5.6406,5.4688,5.4844,6554400,2.2978
1990-05-29,5.4844,5.7188,5.4688,5.6875,6836000,2.3829
1990-05-30,5.6875,5.7344,5.5938,5.6250,8861600,2.3567
1990-05-31,5.6250,5.6875,5.5938,5.6406,10946400,2.3632
1990-06-01,5.6406,5.7031,5.6094,5.6563,9704800,2.3698
1990-06-04,5.6563,5.8281,5.6250,5.8125,10760800,2.4352
1990-06-05,5.8125,5.8594,5.7031,5.7500,8819200,2.4091
1990-06-06,5.7500,5.7656,5.6406,5.6719,10065600,2.3763
1990-06-07,5.6719,5.7031,5.5469,5.5938,5696800,2.3436
1990-06-08,5.5938,5.6250,5.5000,5.5313,10308000,2.3174
1990-06-11,5.5313,5.5938,5.5000,5.5625,7884000,2.3411
1990-06-12,5.5625,5.7031,5.5156,5.6719,9067200,2.3871
1990-06-13,5.6719,5.7500,5.6406,5.6563,8102400,2.3805
1990-06-14,5.6406,5.6406,5.5625,5.6094,4916800,2.3608
1990-06-15,5.6094,5.6406,5.5156,5.6250,17791200,2.3674
1990-06-18,5.6094,5.6094,5.4844,5.5156,6411200,2.3214
1990-06-19,5.5156,5.5781,5.4375,5.5000,7148800,2.3148
1990-06-20,5.5000,5.5625,5.4219,5.5156,5858400,2.3214
1990-06-21,5.5156,5.5625,5.4375,5.5469,4329600,2.3345
1990-06-22,5.5469,5.6250,5.3906,5.4219,8965600,2.2819
1990-06-25,5.4219,5.4688,5.2969,5.3594,7290400,2.2556
1990-06-26,5.3750,5.4844,5.3750,5.4063,5352000,2.2753
1990-06-27,5.4063,5.5781,5.3906,5.5469,6396800,2.3345
1990-06-28,5.5625,5.6250,5.5625,5.6250,5472800,2.3674
1990-06-29,5.6250,5.6719,5.5313,5.5469,5683200,2.3345
1990-07-02,5.5469,5.5781,5.5156,5.5781,3917600,2.3477
1990-07-03,5.5781,5.6094,5.5469,5.6094,3346400,2.3608
1990-07-05,5.5781,5.5781,5.4531,5.5313,6097600,2.3279
1990-07-06,5.5313,5.6563,5.4844,5.5938,6231200,2.3542
1990-07-09,5.5938,5.6563,5.5313,5.5469,5697600,2.3345
1990-07-10,5.5469,5.5625,5.4844,5.5000,3634400,2.3148
1990-07-11,5.5000,5.5781,5.5000,5.5625,5312800,2.3411
1990-07-12,5.5625,5.7188,5.5000,5.6250,7514400,2.3674
1990-07-13,5.6250,5.7031,5.5625,5.6094,8222400,2.3608
1990-07-16,5.6250,5.7031,5.6250,5.6719,7784000,2.3871
1990-07-17,5.7188,5.9219,5.7188,5.9063,12912000,2.4858
1990-07-18,5.9063,6.0469,5.8594,5.9219,13242400,2.4923
1990-07-19,5.9219,5.9688,5.7813,5.9688,7619200,2.5121
1990-07-20,5.9688,6.0313,5.8594,5.9219,11068800,2.4923
1990-07-23,5.8906,5.8906,5.6250,5.7656,9453600,2.4266
1990-07-24,5.7656,5.8281,5.6406,5.7500,6985600,2.4200
1990-07-25,5.7500,5.7813,5.7031,5.7188,5044000,2.4068
1990-07-26,5.7188,5.7656,5.6406,5.7500,6570400,2.4200
1990-07-27,5.7500,5.7656,5.6875,5.7031,6946400,2.4003
1990-07-30,5.7031,5.7344,5.6250,5.7188,6835200,2.4068
1990-07-31,5.7188,5.7188,5.6250,5.6719,5208000,2.3871
1990-08-01,5.6719,5.7031,5.6094,5.6719,5400000,2.3871
1990-08-02,5.5938,5.5938,5.5000,5.5156,7282400,2.3214
1990-08-03,5.5156,5.5313,5.1875,5.4531,15926400,2.2951
1990-08-06,5.3125,5.3125,5.0938,5.1875,10755200,2.1833
1990-08-07,5.2188,5.3906,5.2188,5.2969,10503200,2.2293
1990-08-08,5.3125,5.5469,5.3125,5.5000,8628000,2.3148
1990-08-09,5.5000,5.6094,5.4531,5.5938,6508000,2.3542
1990-08-10,5.5938,5.5938,5.4375,5.4688,5182400,2.3016
1990-08-13,5.4688,5.5625,5.4063,5.5625,6158400,2.3411
1990-08-14,5.5625,5.6094,5.5000,5.5625,6545600,2.3411
1990-08-15,5.5625,5.6250,5.5625,5.5781,7336800,2.3477
1990-08-16,5.5781,5.5781,5.3906,5.3906,4498400,2.2687
1990-08-17,5.3438,5.3438,5.2031,5.2500,16098400,2.2096
1990-08-20,5.2656,5.3438,5.2656,5.2813,4609600,2.2227
1990-08-21,5.2813,5.2969,5.0313,5.1719,11303200,2.1767
1990-08-22,5.1719,5.2344,4.9063,4.9375,11397600,2.0780
1990-08-23,4.9219,4.9219,4.6563,4.7031,11197600,1.9794
1990-08-24,4.7031,4.9219,4.7031,4.8750,10428000,2.0517
1990-08-27,5.1406,5.2344,5.1406,5.2031,10866400,2.1898
1990-08-28,5.2031,5.2969,5.1875,5.2188,7428800,2.1964
1990-08-29,5.2188,5.4219,5.2188,5.3438,7240000,2.2490
1990-08-30,5.3438,5.3750,5.1406,5.1563,4625600,2.1701
1990-08-31,5.1563,5.2813,5.0938,5.2813,4710400,2.2227
1990-09-04,5.2813,5.3438,5.1563,5.3438,3635200,2.2490
1990-09-05,5.3438,5.3438,5.2500,5.3125,4678400,2.2359
1990-09-06,5.2813,5.2813,5.1406,5.1406,4591200,2.1635
1990-09-07,5.1406,5.3281,5.1094,5.2656,6634400,2.2161
1990-09-10,5.2656,5.3750,5.2656,5.2813,6900000,2.2333
1990-09-11,5.2813,5.2969,5.2031,5.2500,4194400,2.2201
1990-09-12,5.2500,5.3125,5.2031,5.2656,3696000,2.2267
1990-09-13,5.2656,5.2813,5.1250,5.1563,2884000,2.1805
1990-09-14,5.1094,5.1094,5.0313,5.0938,5895200,2.1540
1990-09-17,5.0938,5.1406,5.0313,5.0625,5327200,2.1408
1990-09-18,5.0625,5.1719,4.9688,5.1563,9506400,2.1805
1990-09-19,5.1563,5.1875,4.9688,4.9688,6417600,2.1012
1990-09-20,4.9531,4.9531,4.7500,4.8438,8954400,2.0483
1990-09-21,4.8438,4.9219,4.7188,4.8906,13014400,2.0681
1990-09-24,4.8750,4.8750,4.7031,4.7969,6928800,2.0285
1990-09-25,4.7969,4.9063,4.7344,4.8906,6331200,2.0681
1990-09-26,4.8906,4.9375,4.7656,4.8438,5137600,2.0483
1990-09-27,4.8438,4.9531,4.6719,4.8594,7120000,2.0549
1990-09-28,4.8594,4.9375,4.6875,4.9375,8072000,2.0880
1990-10-01,4.9844,5.2188,4.9844,5.2031,12339200,2.2003
1990-10-02,5.2031,5.3281,5.1563,5.1563,8141600,2.1805
1990-10-03,5.1563,5.2813,5.1250,5.1406,6508000,2.1739
1990-10-04,5.1406,5.2344,5.0313,5.2188,5352800,2.2069
1990-10-05,5.2188,5.3750,5.0781,5.2813,7832800,2.2333
1990-10-08,5.3125,5.3750,5.3125,5.3438,4568000,2.2598
1990-10-09,5.3281,5.3281,5.1250,5.1250,6068000,2.1672
1990-10-10,5.1250,5.2344,4.9844,5.0313,6849600,2.1276
1990-10-11,5.0313,5.1250,4.9688,5.0469,7114400,2.1342
1990-10-12,5.0781,5.2500,5.0781,5.2031,8716800,2.2003
1990-10-15,5.2031,5.3281,5.0313,5.2813,7488000,2.2333
1990-10-16,5.2813,5.3750,5.2031,5.2188,6931200,2.2069
1990-10-17,5.2188,5.3125,5.0938,5.2031,7258400,2.2003
1990-10-18,5.2656,5.4375,5.2656,5.4219,14043200,2.2928
1990-10-19,5.5156,5.7188,5.5156,5.7188,18340800,2.4183
1990-10-22,5.7031,5.7031,5.5781,5.6406,13159200,2.3853
1990-10-23,5.6406,5.7031,5.5781,5.6406,7696000,2.3853
1990-10-24,5.6406,5.7188,5.5938,5.7031,7243200,2.4117
1990-10-25,5.7031,5.7656,5.5938,5.6250,7098400,2.3787
1990-10-26,5.6250,5.6250,5.5000,5.5313,6645600,2.3390
1990-10-29,5.5313,5.5781,5.4063,5.4688,6715200,2.3126
1990-10-30,5.4688,5.6094,5.4531,5.6094,7747200,2.3721
1990-10-31,5.6094,5.6719,5.5156,5.6094,6865600,2.3721
1990-11-01,5.6094,5.6406,5.5313,5.6406,5812800,2.3853
1990-11-02,5.6406,5.6875,5.6094,5.6406,5260800,2.3853
1990-11-05,5.6406,5.7188,5.5781,5.6563,4985600,2.3919
1990-11-06,5.6563,5.6563,5.5625,5.5781,4175200,2.3589
1990-11-07,5.5625,5.5625,5.5000,5.5156,6584000,2.3324
1990-11-08,5.5156,5.5938,5.4688,5.4844,5378400,2.3192
1990-11-09,5.4844,5.6094,5.4375,5.6094,6849600,2.3721
1990-11-12,5.6094,5.6719,5.5625,5.6719,7772800,2.3985
1990-11-13,5.6563,5.6563,5.5625,5.6250,5712000,2.3787
1990-11-14,5.6250,5.7344,5.6250,5.6719,8936800,2.3985
1990-11-15,5.6719,5.6875,5.6094,5.6563,5086400,2.3919
1990-11-16,5.6563,5.7188,5.6563,5.7188,10712000,2.4183
1990-11-19,5.7500,5.8750,5.7500,5.8281,8644000,2.4646
1990-11-20,5.8281,5.8750,5.7813,5.7969,5687200,2.4514
1990-11-21,5.7969,5.8438,5.6719,5.7344,8036000,2.4249
1990-11-23,5.7344,5.8125,5.6563,5.7188,2296000,2.4183
1990-11-26,5.6406,5.6406,5.5938,5.6094,6999200,2.3825
1990-11-27,5.6094,5.7656,5.5313,5.7656,9194400,2.4489
1990-11-28,5.7656,5.7813,5.6719,5.6875,4789600,2.4157
1990-11-29,5.6875,5.7344,5.5469,5.5938,6990400,2.3759
1990-11-30,5.5938,5.8281,5.5625,5.7813,12562400,2.4555
1990-12-03,5.7813,5.8750,5.7656,5.8438,8604800,2.4820
1990-12-04,5.8438,5.8750,5.7031,5.8594,5730400,2.4887
1990-12-05,5.8594,5.9531,5.8125,5.9375,6846400,2.5219
1990-12-06,5.9375,6.0625,5.8594,5.8750,8452000,2.4953
1990-12-07,5.8750,5.8906,5.7813,5.8594,7092800,2.4887
1990-12-10,5.8594,5.9219,5.8125,5.8906,4337600,2.5019
1990-12-11,5.8906,5.9063,5.8281,5.8594,3506400,2.4887
1990-12-12,5.8594,6.0469,5.8438,6.0313,8892000,2.5617
1990-12-13,6.0313,6.1094,5.9844,6.0156,4800800,2.5550
1990-12-14,6.0000,6.0000,5.9063,5.9375,5280800,2.5219
1990-12-17,5.9375,6.0156,5.8594,5.9844,4386400,2.5418
1990-12-18,6.0000,6.1250,6.0000,6.0938,6528000,2.5882
1990-12-19,6.0938,6.1250,5.9531,5.9844,7000800,2.5418
1990-12-20,5.9844,6.0469,5.8594,6.0156,8549600,2.5550
1990-12-21,6.0313,6.0938,6.0313,6.0625,14704800,2.5750
1990-12-24,6.0625,6.0625,5.9219,5.9219,4334400,2.5152
1990-12-26,5.9219,5.9688,5.9063,5.9219,3280800,2.5152
1990-12-27,5.9219,5.9219,5.8125,5.8594,3064000,2.4887
1990-12-28,5.8594,5.8594,5.7969,5.8281,2795200,2.4754
1990-12-31,5.8281,5.8438,5.7656,5.8125,2903200,2.4688
1991-01-02,5.7969,5.7969,5.6563,5.6563,6984000,2.4024
1991-01-03,5.6563,5.7344,5.4844,5.5000,10714400,2.3360
1991-01-04,5.5000,5.6719,5.4844,5.6406,11523200,2.3958
1991-01-07,5.6406,5.6563,5.5469,5.5469,7932000,2.3559
1991-01-08,5.5469,5.5781,5.4688,5.5000,9088000,2.3360
1991-01-09,5.5000,5.6719,5.3281,5.3750,11512800,2.2829
1991-01-10,5.4219,5.5000,5.4219,5.4688,5851200,2.3228
1991-01-11,5.4688,5.5625,5.4688,5.5313,5981600,2.3493
1991-01-14,5.5313,5.5781,5.4219,5.5469,10391200,2.3559
1991-01-15,5.5469,5.5625,5.5000,5.5469,5276800,2.3559
1991-01-16,5.5469,5.6250,5.5156,5.6094,5833600,2.3825
1991-01-17,5.7969,5.9844,5.7969,5.9688,15309600,2.5351
1991-01-18,5.9688,6.0781,5.9219,6.0781,36192000,2.5816
1991-01-21,6.0313,6.0313,5.9688,6.0000,5117600,2.5484
1991-01-22,6.0000,6.0469,5.9375,6.0000,5416000,2.5484
1991-01-23,6.0000,6.0469,5.9531,6.0156,5496800,2.5550
1991-01-24,6.0313,6.1406,6.0313,6.1094,7860800,2.5949
1991-01-25,6.1094,6.1250,5.9531,5.9688,5105600,2.5351
1991-01-28,5.9688,6.0313,5.9375,5.9531,3941600,2.5285
1991-01-29,5.9531,5.9688,5.8750,5.9219,4832000,2.5152
1991-01-30,5.9219,6.0938,5.8906,6.0938,6149600,2.5882
1991-01-31,6.0938,6.0938,6.0313,6.0938,5119200,2.5882
1991-02-01,6.0781,6.0781,5.8750,5.9063,9326400,2.5086
1991-02-04,5.9219,6.0625,5.9219,6.0313,6572800,2.5617
1991-02-05,6.0313,6.2656,5.9688,6.2344,10334400,2.6480
1991-02-06,6.2344,6.4844,6.1875,6.4375,9561600,2.7342
1991-02-07,6.4375,6.4531,6.1875,6.1875,11042400,2.6280
1991-02-08,6.2031,6.3281,6.2031,6.3125,5133600,2.6811
1991-02-11,6.3281,6.4844,6.3281,6.4844,9625600,2.7541
1991-02-12,6.4688,6.4688,6.3438,6.3594,10092000,2.7010
1991-02-13,6.3594,6.5000,6.3594,6.4844,5859200,2.7541
1991-02-14,6.4844,6.5625,6.3906,6.4375,7536000,2.7342
1991-02-15,6.4375,6.6250,6.4375,6.5625,16798400,2.7873
1991-02-19,6.5625,6.5625,6.4531,6.5469,8104000,2.7807
1991-02-20,6.5000,6.5000,6.4219,6.4688,6200000,2.7475
1991-02-21,6.4688,6.5938,6.4375,6.5781,6026400,2.7940
1991-02-22,6.5781,6.7969,6.4844,6.6563,9677600,2.8271
1991-02-25,6.6719,6.7813,6.6719,6.6875,6764000,2.8404
1991-02-26,6.6719,6.6719,6.5938,6.6406,4819200,2.8205
1991-02-27,6.6563,6.7500,6.6563,6.6875,4764000,2.8404
1991-02-28,6.6875,6.7500,6.5000,6.5469,6904800,2.7807
1991-03-01,6.5469,6.5938,6.3906,6.5938,6161600,2.8006
1991-03-04,6.5938,6.6094,6.4688,6.4688,5211200,2.7475
1991-03-05,6.4688,6.7031,6.4375,6.6563,7505600,2.8271
1991-03-06,6.6563,6.6719,6.5156,6.5469,10966400,2.7807
1991-03-07,6.5469,6.6719,6.5313,6.5313,4901600,2.7740
1991-03-08,6.5313,6.6250,6.5156,6.5313,6270400,2.7740
1991-03-11,6.5313,6.5625,6.4844,6.5000,4197600,2.7735
1991-03-12,6.5000,6.5156,6.4375,6.4531,6292800,2.7535
1991-03-13,6.4531,6.6563,6.4375,6.6406,5283200,2.8335
1991-03-14,6.6563,6.8281,6.6563,6.7031,8900800,2.8602
1991-03-15,6.7031,6.7188,6.6094,6.7031,15984800,2.8602
1991-03-18,6.7031,6.7969,6.6563,6.7500,5065600,2.8802
1991-03-19,6.7500,6.7969,6.6250,6.6563,6990400,2.8402
1991-03-20,6.7344,6.9375,6.7344,6.8281,8073600,2.9135
1991-03-21,6.8281,6.8906,6.7188,6.7500,5676000,2.8802
1991-03-22,6.7500,6.7656,6.6406,6.7500,6255200,2.8802
1991-03-25,6.7500,6.7813,6.6250,6.6406,5024000,2.8335
1991-03-26,6.6406,6.7813,6.6094,6.7500,8988000,2.8802
1991-03-27,6.7500,6.8594,6.7344,6.7813,6595200,2.8935
1991-03-28,6.7813,6.8750,6.7656,6.7813,3955200,2.8935
1991-04-01,6.7813,6.8594,6.7656,6.8438,6373600,2.9202
1991-04-02,6.8594,7.0625,6.8594,7.0625,7321600,3.0135
1991-04-03,7.0625,7.0938,6.9531,6.9688,5346400,2.9735
1991-04-04,6.9688,7.0313,6.8906,6.9375,5715200,2.9602
1991-04-05,6.9219,6.9219,6.7500,6.7656,8764000,2.8869
1991-04-08,6.7656,6.7969,6.6563,6.7188,5510400,2.8669
1991-04-09,6.7188,6.7188,6.5938,6.6094,6700800,2.8202
1991-04-10,6.6094,6.6406,6.5469,6.6094,7590400,2.8202
1991-04-11,6.6094,6.6719,6.5781,6.5938,8280800,2.8135
1991-04-12,6.5938,6.7031,6.5313,6.7031,7653600,2.8602
1991-04-15,6.7031,6.8281,6.7031,6.7656,5885600,2.8869
1991-04-16,6.7656,6.9531,6.7344,6.9375,7089600,2.9602
1991-04-17,6.9375,7.0781,6.8750,7.0000,9420800,2.9869
1991-04-18,6.9375,6.9375,6.8594,6.8750,7506400,2.9335
1991-04-19,6.8594,6.8594,6.7500,6.7813,12960800,2.8935
1991-04-22,6.7813,6.7969,6.7188,6.7813,6692000,2.8935
1991-04-23,6.7813,6.7969,6.7188,6.7500,7520000,2.8802
1991-04-24,6.7500,6.7813,6.6875,6.7188,7461600,2.8669
1991-04-25,6.7188,6.7188,6.6094,6.6563,7715200,2.8402
1991-04-26,6.6250,6.6250,6.5469,6.6250,5967200,2.8268
1991-04-29,6.6250,6.6406,6.4219,6.4219,6931200,2.7402
1991-04-30,6.4688,6.6250,6.4688,6.5938,13637600,2.8135
1991-05-01,6.5938,6.7813,6.5781,6.7813,7298400,2.8935
1991-05-02,6.7813,6.9063,6.7813,6.7969,8173600,2.9002
1991-05-03,6.7969,6.8906,6.7813,6.8906,3240000,2.9402
1991-05-06,6.8906,6.9531,6.8281,6.9063,4995200,2.9469
1991-05-07,6.9063,6.9375,6.7813,6.8438,4047200,2.9202
1991-05-08,6.8438,6.8594,6.6719,6.8438,3489600,2.9202
1991-05-09,6.8438,7.0156,6.8281,7.0000,7231200,2.9869
1991-05-10,7.0000,7.0000,6.8281,6.8438,6131200,2.9202
1991-05-13,6.8438,6.8594,6.7656,6.7969,3727200,2.9002
1991-05-14,6.7813,6.7813,6.6875,6.7344,4739200,2.8735
1991-05-15,6.7344,6.8125,6.6250,6.7188,6129600,2.8669
1991-05-16,6.7344,6.9063,6.7344,6.8750,6307200,2.9335
1991-05-17,6.8750,6.9063,6.7813,6.8594,14728800,2.9269
1991-05-20,6.8594,6.9063,6.7813,6.8906,6214400,2.9402
1991-05-21,6.8906,7.0625,6.8906,6.9844,7788800,2.9802
1991-05-22,6.9844,7.0156,6.9531,7.0000,5528800,2.9869
1991-05-23,7.0000,7.0781,6.8438,6.8750,5888800,2.9335
1991-05-24,6.9063,7.0469,6.9063,6.9844,3540800,2.9802
1991-05-28,6.9844,7.0625,6.9688,7.0625,4583200,3.0135
1991-05-29,7.0625,7.0625,6.9844,7.0625,5548800,3.0135
1991-05-30,7.0625,7.2500,7.0625,7.1719,9415200,3.0602
1991-05-31,7.1719,7.1875,7.0469,7.1563,6398400,3.0535
1991-06-03,7.1406,7.1406,7.0313,7.0625,3892800,3.0135
1991-06-04,7.0625,7.0625,7.0156,7.0313,4304800,3.0002
1991-06-05,7.0156,7.0156,6.8906,6.9063,6820000,2.9469
1991-06-06,6.9063,6.9219,6.8281,6.8594,5696000,2.9269
1991-06-07,6.8594,6.9375,6.8438,6.8594,5256000,2.9269
1991-06-10,6.8594,6.8906,6.8438,6.8906,3992000,2.9531
1991-06-11,6.8906,6.9688,6.8750,6.9375,4732800,2.9732
1991-06-12,6.9375,6.9375,6.7813,6.8281,4011200,2.9263
1991-06-13,6.8281,6.9219,6.8125,6.9219,4829600,2.9665
1991-06-14,6.9688,7.0625,6.9688,7.0156,6188800,3.0067
1991-06-17,7.0156,7.0469,6.9688,7.0000,3927200,3.0000
1991-06-18,7.0000,7.0313,6.8594,6.8906,5197600,2.9531
1991-06-19,6.8750,6.8750,6.7813,6.8750,5550400,2.9464
1991-06-20,6.8906,6.9688,6.8906,6.9375,5080800,2.9732
1991-06-21,6.9375,6.9375,6.8594,6.9375,12892800,2.9732
1991-06-24,6.9375,6.9375,6.8906,6.8906,4656000,2.9531
1991-06-25,6.8906,6.9219,6.7813,6.8281,6441600,2.9263
1991-06-26,6.8281,6.9375,6.7656,6.8750,6470400,2.9464
1991-06-27,6.8750,6.9688,6.8281,6.8438,7284800,2.9330
1991-06-28,6.8438,6.8438,6.7031,6.8125,7011200,2.9196
1991-07-01,6.8125,7.0000,6.8125,7.0000,8772800,3.0000
1991-07-02,7.0000,7.0156,6.9375,6.9844,6374400,2.9933
1991-07-03,6.9531,6.9531,6.8906,6.9531,4249600,2.9799
1991-07-05,6.9531,6.9844,6.9219,6.9844,2895200,2.9933
1991-07-08,6.9844,7.0625,6.8906,7.0625,5604800,3.0268
1991-07-09,7.0625,7.0781,6.9375,6.9688,4683200,2.9866
1991-07-10,6.9688,7.0781,6.8750,6.9219,7272000,2.9665
1991-07-11,6.9219,6.9844,6.8750,6.9844,5744000,2.9933
1991-07-12,7.0313,7.2500,7.0313,7.2188,7077600,3.0937
1991-07-15,7.2188,7.2500,7.1563,7.2031,4330400,3.0870
1991-07-16,7.2031,7.2656,7.1875,7.2188,5164800,3.0937
1991-07-17,7.2344,7.3594,7.2344,7.2813,5624800,3.1205
1991-07-18,7.3281,7.4844,7.3281,7.4844,7239200,3.2076
1991-07-19,7.4844,7.5000,7.3906,7.4375,9734400,3.1875
1991-07-22,7.4375,7.4688,7.3125,7.3594,3737600,3.1540
1991-07-23,7.3594,7.4063,7.2813,7.2969,4256000,3.1272
1991-07-24,7.2969,7.3594,7.2813,7.2813,4487200,3.1205
1991-07-25,7.2813,7.3125,7.2344,7.2813,4695200,3.1205
1991-07-26,7.2813,7.2813,7.2031,7.2344,3217600,3.1004
1991-07-29,7.2344,7.3125,7.2188,7.3125,3764000,3.1339
1991-07-30,7.3125,7.4375,7.3125,7.4219,5444800,3.1808
1991-07-31,7.4219,7.5313,7.4063,7.5156,5164800,3.2210
1991-08-01,7.5156,7.6250,7.4844,7.6094,5954400,3.2611
1991-08-02,7.6250,7.7500,7.6250,7.7344,9049600,3.3147
1991-08-05,7.7344,7.7969,7.6406,7.7656,7994400,3.3281
1991-08-06,7.7656,8.0000,7.7656,7.9375,9585600,3.4018
1991-08-07,7.9375,8.0000,7.9063,7.9219,6037600,3.3951
1991-08-08,7.9219,7.9688,7.8281,7.8750,7388000,3.3750
1991-08-09,7.8750,7.9531,7.8281,7.8594,4715200,3.3683
1991-08-12,7.8594,7.9063,7.8281,7.9063,2996000,3.3884
1991-08-13,7.9063,8.0469,7.9063,7.9375,5688800,3.4018
1991-08-14,7.9531,8.0781,7.9531,7.9688,6452000,3.4152
1991-08-15,7.9688,8.0781,7.9531,7.9844,6915200,3.4219
1991-08-16,7.9844,7.9844,7.8125,7.8438,11050400,3.3616
1991-08-19,7.7969,7.7969,7.5781,7.7344,12988000,3.3147
1991-08-20,7.7969,7.9219,7.7969,7.9063,6068000,3.3884
1991-08-21,8.0156,8.1406,8.0156,8.1406,11986400,3.4888
1991-08-22,8.1406,8.1719,8.0938,8.1094,6764000,3.4754
1991-08-23,8.1094,8.2031,8.0781,8.1250,6757600,3.4821
1991-08-26,8.1250,8.1406,8.0781,8.1094,2820000,3.4754
1991-08-27,8.1094,8.1250,8.0313,8.0781,5784000,3.4620
1991-08-28,8.0781,8.3125,8.0469,8.2969,5426400,3.5558
1991-08-29,8.2813,8.2813,8.2031,8.2500,4911200,3.5357
1991-08-30,8.2344,8.2344,8.1875,8.2188,3175200,3.5223
1991-09-03,8.2188,8.3125,8.1250,8.1250,3880000,3.4821
1991-09-04,8.1250,8.1563,7.9844,8.0313,5228000,3.4419
1991-09-05,8.0313,8.0938,8.0000,8.0313,5053600,3.4419
1991-09-06,8.0313,8.1719,8.0000,8.1406,6240000,3.4888
1991-09-09,8.1250,8.1250,8.0469,8.0625,4108000,3.4681
1991-09-10,8.0625,8.0625,7.9375,7.9531,7043200,3.4211
1991-09-11,7.9531,8.0313,7.9531,8.0156,5141600,3.4479
1991-09-12,8.0156,8.0938,8.0156,8.0938,3620800,3.4816
1991-09-13,8.0781,8.0781,7.9375,8.0625,4693600,3.4681
1991-09-16,8.0625,8.1719,8.0469,8.1719,5277600,3.5152
1991-09-17,8.1719,8.2188,8.1406,8.1406,4330400,3.5017
1991-09-18,8.1406,8.1875,8.1094,8.1875,1933600,3.5219
1991-09-19,8.1875,8.2031,8.1250,8.1250,4171200,3.4950
1991-09-20,8.1250,8.1563,8.0781,8.0938,9328800,3.4816
1991-09-23,8.0938,8.1094,8.0156,8.0156,4756000,3.4479
1991-09-24,8.0156,8.0938,8.0156,8.0469,5363200,3.4614
1991-09-25,8.0469,8.0938,8.0313,8.0469,4158400,3.4614
1991-09-26,8.0469,8.0938,8.0156,8.0313,2556000,3.4547
1991-09-27,8.0313,8.1094,8.0156,8.0313,4689600,3.4547
1991-09-30,8.0313,8.1250,8.0156,8.0625,4232800,3.4681
1991-10-01,8.1094,8.1719,8.1094,8.1250,3372000,3.4950
1991-10-02,8.1250,8.2344,8.0938,8.1094,5482400,3.4883
1991-10-03,8.0938,8.0938,8.0000,8.0000,4056000,3.4412
1991-10-04,8.0000,8.0938,7.9688,7.9844,3705600,3.4345
1991-10-07,7.9844,7.9844,7.9219,7.9531,3461600,3.4211
1991-10-08,7.9531,8.0781,7.9375,8.0313,4704800,3.4547
1991-10-09,8.0313,8.0938,7.9844,7.9844,5059200,3.4345
1991-10-10,7.9844,8.0156,7.9375,7.9688,5519200,3.4278
1991-10-11,7.9688,7.9688,7.8438,7.8750,5650400,3.3875
1991-10-14,7.8750,8.0156,7.8750,8.0000,4215200,3.4412
1991-10-15,7.9844,7.9844,7.9063,7.9063,4396800,3.4009
1991-10-16,7.8906,7.8906,7.7969,7.8594,5815200,3.3807
1991-10-17,7.8594,7.8906,7.7969,7.8594,6658400,3.3807
1991-10-18,7.8594,7.9531,7.8594,7.9219,8678400,3.4076
1991-10-21,7.9219,7.9219,7.8281,7.8906,4240800,3.3942
1991-10-22,7.8906,7.9219,7.8125,7.8438,5229600,3.3740
1991-10-23,7.8438,7.9531,7.8125,7.8750,6470400,3.3875
1991-10-24,7.8750,7.8906,7.8125,7.8438,4211200,3.3740
1991-10-25,7.8438,7.9375,7.8438,7.9219,4188000,3.4076
1991-10-28,7.9219,8.1094,7.9219,8.1094,5356800,3.4883
1991-10-29,8.1094,8.2031,8.0000,8.2031,7612000,3.5286
1991-10-30,8.2031,8.3906,8.1875,8.3594,6825600,3.5958
1991-10-31,8.3438,8.3438,8.2344,8.3281,4979200,3.5824
1991-11-01,8.3281,8.4531,8.2344,8.2656,5687200,3.5555
1991-11-04,8.2656,8.2656,8.1875,8.2344,3093600,3.5420
1991-11-05,8.2344,8.3281,8.1563,8.1719,3200800,3.5152
1991-11-06,8.1719,8.2188,8.1094,8.2031,3370400,3.5286
1991-11-07,8.2031,8.2188,8.1563,8.2031,4030400,3.5286
1991-11-08,8.2031,8.2656,8.2031,8.2031,2972000,3.5286
1991-11-11,8.2188,8.3125,8.2188,8.2969,2246400,3.5689
1991-11-12,8.3438,8.3906,8.3438,8.3750,4654400,3.6025
1991-11-13,8.3750,8.4844,8.2969,8.4844,4314400,3.6496
1991-11-14,8.4844,8.5469,8.4531,8.5469,4463200,3.6765
1991-11-15,8.5469,8.6875,8.0938,8.0938,10913600,3.4816
1991-11-18,8.0938,8.3906,8.0938,8.3906,10196800,3.6093
1991-11-19,8.3594,8.3594,8.1719,8.2969,7606400,3.5689
1991-11-20,8.2969,8.3438,8.1406,8.3125,7040000,3.5757
1991-11-21,8.3594,8.5938,8.3594,8.5938,7332000,3.6966
1991-11-22,8.5938,8.7031,8.4688,8.6563,8075200,3.7366
1991-11-25,8.6094,8.6094,8.4531,8.5625,6917600,3.6961
1991-11-26,8.5625,8.8438,8.5000,8.8125,10404800,3.8040
1991-11-27,8.8125,8.8438,8.7031,8.7344,5062400,3.7703
1991-11-29,8.7344,8.7344,8.6719,8.6719,2163200,3.7433
1991-12-02,8.6719,9.0000,8.5313,8.9844,7852800,3.8782
1991-12-03,8.9844,9.0313,8.9063,8.9375,4532800,3.8580
1991-12-04,8.9375,8.9688,8.8750,8.9531,5521600,3.8647
1991-12-05,8.9531,9.1094,8.8750,9.0469,6180000,3.9052
1991-12-06,9.0469,9.0781,8.9219,8.9375,7234400,3.8580
1991-12-09,9.0000,9.1250,9.0000,9.0469,5047200,3.9052
1991-12-10,9.0469,9.1094,8.9375,8.9531,4741600,3.8647
1991-12-11,8.9531,9.0313,8.8906,9.0156,7676000,3.8917
1991-12-12,9.0156,9.1406,8.9531,8.9688,4531200,3.8715
1991-12-13,9.0000,9.1094,9.0000,9.0000,4179200,3.8849
1991-12-16,9.0000,9.2031,8.9688,9.1719,4871200,3.9591
1991-12-17,9.2188,9.3438,9.2188,9.3438,5586400,4.0333
1991-12-18,9.3438,9.3750,9.1875,9.3594,6470400,4.0401
1991-12-19,9.3594,9.3906,9.2969,9.3750,6190400,4.0468
1991-12-20,9.3750,9.5313,9.3594,9.4844,18774400,4.0940
1991-12-23,9.4844,9.8750,9.4688,9.8438,9701600,4.2492
1991-12-24,9.8438,10.0469,9.8438,9.9688,6116800,4.3031
1991-12-26,10.0000,10.1250,10.0000,10.0781,4068000,4.3503
1991-12-27,10.0781,10.1563,10.0156,10.0313,5634400,4.3301
1991-12-30,10.0313,10.2188,9.9688,10.1563,11324800,4.3841
1991-12-31,10.1563,10.1719,9.9375,10.0313,8571200,4.3301
1992-01-02,10.0313,10.0313,9.7813,10.0313,7871200,4.3301
1992-01-03,10.0313,10.4219,10.0313,10.4063,10770400,4.4920
1992-01-06,10.4063,10.4063,10.2813,10.3750,11944000,4.4785
1992-01-07,10.3281,10.3281,10.2188,10.2813,7460000,4.4380
1992-01-08,10.2344,10.2344,10.0781,10.0938,9102400,4.3571
1992-01-09,10.0938,10.1250,9.9844,10.0000,9599200,4.3166
1992-01-10,10.0000,10.0000,9.7656,9.9063,7660800,4.2761
1992-01-13,9.8906,9.8906,9.8125,9.8594,5785600,4.2559
1992-01-14,9.8594,10.0313,9.8125,9.9688,7460800,4.3031
1992-01-15,9.9688,10.0313,9.6094,9.6250,10460000,4.1547
1992-01-16,9.5625,9.5625,9.2188,9.2500,17836800,3.9929
1992-01-17,9.2500,9.3750,9.2188,9.2656,18062400,3.9996
1992-01-20,9.1719,9.1719,9.0469,9.0781,11082400,3.9187
1992-01-21,9.0781,9.2344,9.0625,9.1719,10336800,3.9591
1992-01-22,9.1875,9.3594,9.1875,9.3594,9313600,4.0401
1992-01-23,9.3594,9.4219,9.2969,9.3125,9172000,4.0198
1992-01-24,9.3125,9.3906,9.2969,9.3594,8289600,4.0401
1992-01-27,9.3594,9.4063,9.2188,9.2344,5784000,3.9861
1992-01-28,9.2344,9.2969,9.0625,9.1719,7054400,3.9591
1992-01-29,9.1719,9.2656,8.8906,8.9375,9663200,3.8580
1992-01-30,9.0938,9.6719,9.0938,9.6406,20052800,4.1615
1992-01-31,9.6563,9.8594,9.6563,9.6875,14565600,4.1817
1992-02-03,9.7344,9.8750,9.7344,9.8594,8401600,4.2559
1992-02-04,9.8594,9.9375,9.7969,9.8750,9514400,4.2626
1992-02-05,9.8750,9.9219,9.7344,9.7656,8784800,4.2154
1992-02-06,9.7656,9.8438,9.7656,9.8281,6037600,4.2424
1992-02-07,9.8281,9.9063,9.7344,9.7656,7205600,4.2154
1992-02-10,9.7813,9.8594,9.7813,9.8438,4960000,4.2492
1992-02-11,9.8281,9.8281,9.6875,9.7188,5952000,4.1952
1992-02-12,9.7188,9.8438,9.7188,9.8125,7458400,4.2357
1992-02-13,9.7969,9.7969,9.6250,9.6875,7588000,4.1817
1992-02-14,9.6875,9.7969,9.6250,9.6250,5382400,4.1547
1992-02-18,9.6250,9.6250,9.4219,9.4844,8317600,4.0940
1992-02-19,9.4844,9.6406,9.4219,9.6250,7134400,4.1547
1992-02-20,9.6250,9.9219,9.5469,9.8906,8597600,4.2694
1992-02-21,9.8906,9.9063,9.8125,9.8906,10445600,4.2694
1992-02-24,9.8906,9.9375,9.8438,9.9375,6914400,4.2896
1992-02-25,9.9375,9.9531,9.8594,9.9531,6710400,4.2964
1992-02-26,9.9844,10.2500,9.9844,10.2500,12094400,4.4245
1992-02-27,10.2500,10.3125,10.1406,10.2031,7948800,4.4043
1992-02-28,10.2031,10.3438,10.1875,10.2188,6268800,4.4110
1992-03-02,10.2188,10.2813,10.1250,10.1719,7392800,4.3908
1992-03-03,10.1719,10.2813,10.1406,10.1875,7059200,4.3975
1992-03-04,10.1875,10.1875,10.0156,10.0625,6328000,4.3436
1992-03-05,10.0469,10.0469,9.9375,10.0469,6616800,4.3368
1992-03-06,10.0469,10.1094,9.8438,9.8594,7290400,4.2559
1992-03-09,9.8594,10.0313,9.7500,10.0156,5384800,4.3388
1992-03-10,10.0156,10.2500,9.9844,10.1563,6896800,4.3997
1992-03-11,10.1563,10.2656,10.0625,10.1094,8258400,4.3794
1992-03-12,10.1094,10.1563,9.9844,10.1406,7833600,4.3929
1992-03-13,10.1406,10.2500,10.1250,10.1719,5007200,4.4064
1992-03-16,10.1719,10.2188,10.0938,10.2188,4744800,4.4267
1992-03-17,10.2344,10.3125,10.2344,10.2969,5261600,4.4606
1992-03-18,10.2969,10.2969,10.1563,10.1719,5022400,4.4064
1992-03-19,10.1719,10.2500,10.0000,10.0781,7393600,4.3658
1992-03-20,10.0781,10.1406,10.0000,10.1250,12390400,4.3861
1992-03-23,10.1250,10.2344,10.0781,10.2188,4636000,4.4267
1992-03-24,10.2188,10.2813,10.1094,10.1875,4421600,4.4132
1992-03-25,10.2031,10.2969,10.2031,10.2813,4547200,4.4538
1992-03-26,10.2813,10.3438,10.2344,10.3125,4729600,4.4674
1992-03-27,10.3125,10.4219,10.2969,10.3438,7035200,4.4809
1992-03-30,10.3438,10.4063,10.2344,10.2656,4933600,4.4471
1992-03-31,10.2656,10.3281,10.1875,10.2188,6117600,4.4267
1992-04-01,10.2188,10.2813,10.0938,10.2500,7190400,4.4403
1992-04-02,10.2500,10.2969,10.0313,10.1094,7392000,4.3794
1992-04-03,10.1094,10.3906,10.0781,10.3750,7824000,4.4944
1992-04-06,10.3906,10.5469,10.3906,10.4219,6860000,4.5147
1992-04-07,10.4063,10.4063,10.1094,10.1094,5520800,4.3794
1992-04-08,10.0469,10.0469,9.9219,10.0000,10428800,4.3320
1992-04-09,10.0000,10.1719,9.8906,10.1563,9497600,4.3997
1992-04-10,10.2344,10.3125,10.2344,10.2969,6074400,4.4606
1992-04-13,10.2969,10.3750,10.2031,10.2344,5295200,4.4335
1992-04-14,10.2344,10.3281,10.1875,10.2500,6371200,4.4403
1992-04-15,10.2500,10.4375,10.1250,10.4219,7294400,4.5147
1992-04-16,10.4219,10.4375,10.2813,10.3906,11262400,4.5012
1992-04-20,10.3281,10.3281,10.0781,10.1719,10166400,4.4064
1992-04-21,10.1719,10.2500,10.1094,10.1563,8170400,4.3997
1992-04-22,10.1563,10.2188,10.0625,10.1563,5633600,4.3997
1992-04-23,10.1563,10.2969,10.0625,10.2969,6593600,4.4606
1992-04-24,10.2969,10.3438,10.1094,10.1250,5064000,4.3861
1992-04-27,10.1250,10.1875,10.0469,10.0469,5955200,4.3523
1992-04-28,10.0469,10.0625,9.9531,10.0469,6930400,4.3523
1992-04-29,10.0469,10.2656,10.0156,10.2031,6432800,4.4200
1992-04-30,10.2031,10.3750,10.2031,10.3750,8743200,4.4944
1992-05-01,10.3750,10.4063,10.2344,10.3594,6888000,4.4877
1992-05-04,10.3906,10.5000,10.3906,10.4375,7102400,4.5215
1992-05-05,10.4375,10.4844,10.3281,10.3438,6573600,4.4809
1992-05-06,10.3438,10.4688,10.2813,10.3281,4621600,4.4741
1992-05-07,10.3281,10.4531,10.3125,10.4219,4366400,4.5147
1992-05-08,10.4219,10.5781,10.3750,10.5625,5790400,4.5757
1992-05-11,10.5625,10.6875,10.5625,10.6719,7666400,4.6230
1992-05-12,10.7813,10.7813,10.6250,10.7188,7776400,4.6433
1992-05-13,10.7500,11.0625,10.7500,10.9375,12088800,4.7381
1992-05-14,10.9375,11.0000,10.7188,10.7813,9318800,4.6704
1992-05-15,10.7813,10.9063,10.7500,10.8438,11466000,4.6975
1992-05-18,10.8750,11.1250,10.8750,11.0625,5677600,4.7923
1992-05-19,11.0938,11.2813,11.0938,11.2813,8549600,4.8870
1992-05-20,11.2813,11.2813,11.0938,11.1250,6520400,4.8193
1992-05-21,11.0938,11.0938,10.9688,11.0938,5401200,4.8058
1992-05-22,11.0938,11.1875,11.0625,11.0625,3148000,4.7923
1992-05-26,11.0625,11.0625,10.7188,10.8438,7412000,4.6975
1992-05-27,10.9063,11.1250,10.9063,11.0313,6306800,4.7787
1992-05-28,11.0313,11.1250,10.9063,11.1250,4652400,4.8193
1992-05-29,11.1250,11.1875,11.0000,11.0000,5310800,4.7652
1992-06-01,11.0000,11.2188,10.8750,11.1875,6213200,4.8464
1992-06-02,11.1875,11.2188,11.0625,11.0625,5227600,4.7923
1992-06-03,11.0625,11.2500,11.0000,11.0000,4259200,4.7652
1992-06-04,11.0000,11.0625,10.6563,10.6875,10068800,4.6298
1992-06-05,10.6875,10.9688,10.6563,10.9688,6161600,4.7516
1992-06-08,10.9688,11.0313,10.8438,10.9063,4330000,4.7246
1992-06-09,10.9063,10.9375,10.7500,10.7813,4434000,4.6855
1992-06-10,10.7813,10.8125,10.6250,10.6563,4842000,4.6311
1992-06-11,10.6563,10.7188,10.5625,10.6875,5511600,4.6447
1992-06-12,10.6875,10.8438,10.5000,10.5625,6833200,4.5904
1992-06-15,10.5625,10.5938,10.4063,10.5000,6991600,4.5632
1992-06-16,10.5000,10.5938,10.1875,10.1875,9550800,4.4274
1992-06-17,10.1563,10.1563,9.7813,9.8438,17241200,4.2780
1992-06-18,9.8438,9.9688,9.7188,9.9063,12634000,4.3052
1992-06-19,9.9063,10.1250,9.8750,10.0938,14308000,4.3867
1992-06-22,10.0625,10.0625,9.9063,10.0625,581600,4.3731
1992-06-23,10.0625,10.1875,10.0000,10.0313,5327200,4.3595
1992-06-24,10.0313,10.0625,9.9375,9.9688,4128000,4.3323
1992-06-25,10.0000,10.1250,10.0000,10.0938,3696000,4.3867
1992-06-26,10.0938,10.1250,9.9063,9.9375,4201200,4.3188
1992-06-29,9.9688,10.0938,9.9688,10.0938,4936000,4.3867
1992-06-30,10.0938,10.1250,9.9375,10.0000,3972000,4.3459
1992-07-01,10.0000,10.3438,9.9375,10.3125,8560400,4.4817
1992-07-02,10.3125,10.5313,10.1563,10.4688,8150000,4.5496
1992-07-06,10.5000,10.6563,10.5000,10.6250,6894800,4.6176
1992-07-07,10.6250,10.6875,10.4375,10.5000,4671600,4.5632
1992-07-08,10.5000,10.6250,10.4063,10.6250,4862000,4.6176
1992-07-09,10.6250,10.8125,10.5625,10.7813,8372000,4.6855
1992-07-10,10.7813,10.8438,10.6250,10.6563,4772000,4.6311
1992-07-13,10.6563,10.7188,10.4688,10.5313,3673200,4.5768
1992-07-14,10.5000,10.5000,10.2188,10.3750,7342000,4.5089
1992-07-15,10.3750,10.4063,10.0000,10.1250,11973200,4.4003
1992-07-16,10.1250,10.1875,10.0000,10.1250,8704800,4.4003
1992-07-17,10.1250,10.2500,10.0313,10.2188,8518800,4.4410
1992-07-20,10.2188,10.3438,10.1563,10.2500,6200800,4.4546
1992-07-21,10.3125,10.4375,10.3125,10.3438,4220400,4.4953
1992-07-22,10.2813,10.2813,10.1250,10.1563,5290400,4.4138
1992-07-23,10.1563,10.1875,10.0313,10.1563,4091600,4.4138
1992-07-24,10.1563,10.1875,10.0625,10.1250,2548400,4.4003
1992-07-27,10.1250,10.1563,10.0313,10.0938,3038000,4.3867
1992-07-28,10.1250,10.3438,10.1250,10.2500,4565200,4.4546
1992-07-29,10.3125,10.4688,10.3125,10.4688,5964800,4.5496
1992-07-30,10.4688,10.5000,10.3125,10.3750,6687200,4.5089
1992-07-31,10.3750,10.5938,10.3750,10.4688,3997200,4.5496
1992-08-03,10.4688,10.7500,10.4375,10.7500,5848400,4.6719
1992-08-04,10.7500,10.7500,10.5313,10.6563,3861600,4.6311
1992-08-05,10.6563,10.6563,10.5625,10.6250,3182800,4.6176
1992-08-06,10.6250,10.7188,10.5000,10.6250,2938000,4.6176
1992-08-07,10.6250,10.9063,10.6250,10.6563,5808000,4.6311
1992-08-10,10.6563,10.8125,10.5938,10.7813,2618400,4.6855
1992-08-11,10.7813,10.8125,10.5938,10.7188,3771600,4.6583
1992-08-12,10.7188,10.7500,10.6250,10.7500,2642000,4.6719
1992-08-13,10.7500,10.8750,10.6875,10.8125,4018400,4.6990
1992-08-14,10.8125,10.8438,10.6875,10.8438,3529600,4.7126
1992-08-17,10.8438,10.9688,10.8125,10.8438,3140800,4.7126
1992-08-18,10.8438,10.9375,10.8438,10.8750,3448800,4.7262
1992-08-19,10.8750,10.9375,10.7813,10.7813,2800000,4.6855
1992-08-20,10.8125,10.9375,10.8125,10.9063,3366000,4.7398
1992-08-21,10.9063,10.9688,10.6250,10.6875,7987600,4.6447
1992-08-24,10.6563,10.6563,10.4688,10.6563,4204400,4.6311
1992-08-25,10.6563,10.7188,10.5625,10.6563,4332800,4.6311
1992-08-26,10.6563,10.7188,10.5625,10.6875,2546400,4.6447
1992-08-27,10.6875,10.8125,10.6875,10.7188,3587200,4.6583
1992-08-28,10.7188,10.8438,10.6563,10.8438,2359200,4.7126
1992-08-31,10.8438,10.9375,10.6875,10.7500,3156400,4.6719
1992-09-01,10.7500,10.9375,10.7188,10.9375,3492400,4.7534
1992-09-02,10.9375,10.9688,10.8438,10.9063,3947200,4.7398
1992-09-03,10.9063,11.0000,10.8438,10.9063,3790800,4.7398
1992-09-04,10.9063,11.0000,10.8438,10.9063,2826800,4.7398
1992-09-08,10.9063,10.9375,10.8438,10.9063,3127200,4.7398
1992-09-09,10.9063,11.0313,10.9063,11.0313,5597600,4.8095
1992-09-10,11.0313,11.0938,10.9688,11.0313,5715200,4.8095
1992-09-11,11.0313,11.0938,10.9375,11.0625,3801200,4.8232
1992-09-14,11.0625,11.1563,10.9688,11.0938,5069600,4.8368
1992-09-15,11.0938,11.1875,11.0313,11.0625,4585200,4.8232
1992-09-16,11.0625,11.3125,11.0000,11.1875,5621600,4.8777
1992-09-17,11.1875,11.2813,11.1250,11.1563,3363200,4.8640
1992-09-18,11.1563,11.3438,11.1563,11.2500,9993600,4.9049
1992-09-21,11.2188,11.2188,11.1563,11.1875,3053200,4.8777
1992-09-22,11.1563,11.1563,10.5625,10.5625,13536000,4.6052
1992-09-23,10.4063,10.4063,10.0625,10.1875,18865600,4.4417
1992-09-24,10.1875,10.3438,10.1875,10.3438,7568000,4.5098
1992-09-25,10.3438,10.3750,10.2188,10.2813,6002800,4.4825
1992-09-28,10.2813,10.5625,10.1250,10.3125,5755200,4.4962
1992-09-29,10.2813,10.2813,10.1563,10.1875,4642000,4.4417
1992-09-30,10.1875,10.2188,10.1250,10.1250,5256000,4.4144
1992-10-01,10.1250,10.1563,9.9375,10.0000,10548400,4.3599
1992-10-02,10.0000,10.0313,9.7500,9.8125,7023200,4.2782
1992-10-05,9.8125,9.8438,9.3750,9.8438,13808400,4.2918
1992-10-06,9.8438,9.8750,9.6563,9.6875,5376000,4.2237
1992-10-07,9.6563,9.6563,9.2500,9.3750,11218800,4.0874
1992-10-08,9.3750,9.5000,9.2813,9.4063,10790000,4.1011
1992-10-09,9.4063,9.4063,9.2188,9.2500,9359600,4.0329
1992-10-12,9.2500,9.3438,9.1250,9.2188,6099600,4.0193
1992-10-13,9.2188,9.5313,9.2188,9.4688,7318400,4.1283
1992-10-14,9.5000,9.7813,9.5000,9.6250,8840400,4.1964
1992-10-15,9.6250,9.9063,9.5938,9.8125,8709200,4.2782
1992-10-16,9.8438,10.0938,9.8438,10.0938,8850800,4.4008
1992-10-19,10.0938,10.2813,10.0625,10.2813,7592000,4.4825
1992-10-20,10.2813,10.3438,10.1563,10.1875,11336000,4.4417
1992-10-21,10.1875,10.2500,10.1250,10.1250,7141600,4.4144
1992-10-22,10.1250,10.2188,10.0625,10.1250,4636800,4.4144
1992-10-23,10.1250,10.1875,9.9688,10.0000,5762000,4.3599
1992-10-26,10.0000,10.1875,9.9375,10.1875,5287600,4.4417
1992-10-27,10.1875,10.3438,10.0625,10.3438,5722000,4.5098
1992-10-28,10.3438,10.4063,10.2500,10.3438,4528000,4.5098
1992-10-29,10.3438,10.3750,10.2500,10.3750,3564800,4.5234
1992-10-30,10.3750,10.3750,10.1563,10.1563,4192000,4.4280
1992-11-02,10.1563,10.3750,10.1250,10.3750,4886400,4.5234
1992-11-03,10.3750,10.4063,10.1250,10.1875,4812400,4.4417
1992-11-04,10.1875,10.2188,10.0625,10.0625,3514400,4.3872
1992-11-05,10.0625,10.2500,10.0625,10.2188,3420800,4.4553
1992-11-06,10.2188,10.2813,10.0938,10.2188,4127200,4.4553
1992-11-09,10.2188,10.3438,10.1563,10.2813,4367200,4.4825
1992-11-10,10.2813,10.2813,10.1563,10.2188,3778000,4.4553
1992-11-11,10.2500,10.5000,10.2500,10.4688,4757200,4.5643
1992-11-12,10.4688,10.4688,10.2188,10.2500,4110400,4.4689
1992-11-13,10.2500,10.3750,10.1250,10.3750,4553600,4.5234
1992-11-16,10.2813,10.2813,10.1875,10.2188,2804800,4.4553
1992-11-17,10.2188,10.2188,10.1250,10.1875,3855200,4.4417
1992-11-18,10.1875,10.2813,10.1250,10.1875,5709200,4.4417
1992-11-19,10.1875,10.1875,10.0938,10.1875,4380800,4.4417
1992-11-20,10.1875,10.2188,10.0938,10.2188,10044400,4.4553
1992-11-23,10.2188,10.2500,10.1563,10.1875,3779200,4.4417
1992-11-24,10.1875,10.3438,10.1250,10.1250,6152800,4.4296
1992-11-25,10.1250,10.1875,10.0938,10.1563,3517200,4.4433
1992-11-27,10.1563,10.2188,10.0938,10.0938,2527200,4.4160
1992-11-30,10.0625,10.0625,9.6875,9.9375,6829200,4.3476
1992-12-01,9.9375,9.9375,9.7188,9.9063,8078000,4.3339
1992-12-02,9.9063,10.0000,9.6875,9.8750,8476800,4.3203
1992-12-03,9.8750,9.9375,9.7813,9.8750,6240800,4.3203
1992-12-04,9.8750,9.9063,9.8125,9.9063,4904400,4.3339
1992-12-07,9.9063,10.0313,9.7500,10.0000,4974000,4.3750
1992-12-08,10.0000,10.0313,9.9688,10.0313,5963600,4.3886
1992-12-09,10.0000,10.0000,9.9063,9.9688,4108400,4.3613
1992-12-10,9.9688,9.9688,9.8438,9.9375,4171600,4.3476
1992-12-11,9.9375,10.0000,9.9063,9.9688,3222400,4.3613
1992-12-14,9.9688,10.0313,9.8750,9.8750,5935200,4.3203
1992-12-15,9.8750,10.2500,9.7813,10.1563,8208000,4.4433
1992-12-16,10.1563,10.3438,10.0938,10.1563,5788800,4.4433
1992-12-17,10.1563,10.3750,10.1563,10.3750,5662800,4.5390
1992-12-18,10.4688,10.9375,10.4688,10.9375,21651200,4.7851
1992-12-21,10.9375,11.0313,10.8438,10.8750,5383600,4.7578
1992-12-22,10.8750,10.9375,10.8125,10.9063,4357200,4.7714
1992-12-23,10.9063,10.9375,10.8125,10.9063,4088800,4.7714
1992-12-24,10.9063,10.9688,10.8438,10.8750,1766400,4.7578
1992-12-28,10.8750,10.9375,10.8438,10.8750,2787200,4.7578
1992-12-29,10.8750,11.1250,10.7500,10.7500,5940000,4.7031
1992-12-30,10.7500,10.8438,10.6563,10.6875,3839600,4.6757
1992-12-31,10.6875,10.7500,10.4688,10.4688,3716400,4.5800
1993-01-04,10.4688,10.5938,10.4375,10.5000,5599600,4.5937
1993-01-05,10.5000,10.5313,10.2500,10.2813,5303200,4.4980
1993-01-06,10.2813,10.3750,10.2813,10.3438,5133600,4.5253
1993-01-07,10.3438,10.4688,10.0625,10.1563,6296000,4.4433
1993-01-08,10.1563,10.1875,10.0313,10.0625,5178800,4.4023
1993-01-11,10.0625,10.2188,10.0000,10.1875,4223200,4.4570
1993-01-12,10.1875,10.3125,10.0938,10.2500,3807600,4.4843
1993-01-13,10.2500,10.3750,10.1563,10.3438,4834800,4.5253
1993-01-14,10.5313,10.8125,10.5313,10.8125,9866800,4.7304
1993-01-15,10.8125,11.0313,10.7813,10.8125,12236400,4.7304
1993-01-18,10.8125,10.8125,10.6563,10.7813,3996800,4.7167
1993-01-19,10.7188,10.7188,10.5000,10.5000,6984400,4.5937
1993-01-20,10.5000,10.5625,10.4375,10.4375,3926000,4.5664
1993-01-21,10.4375,10.4688,10.3750,10.4688,4049600,4.5800
1993-01-22,10.4688,10.5313,10.2500,10.2500,5011600,4.4843
1993-01-25,10.2500,10.4688,10.2500,10.4375,5174000,4.5664
1993-01-26,10.4375,10.5625,10.4375,10.5313,5815200,4.6074
1993-01-27,10.5313,10.6250,10.3750,10.3750,3444400,4.5390
1993-01-28,10.3750,10.3750,10.2500,10.3125,5980400,4.5117
1993-01-29,10.3750,10.6563,10.3750,10.5938,4676800,4.6347
1993-02-01,10.6250,10.7500,10.6250,10.7500,5124000,4.7031
1993-02-02,10.6875,10.6875,10.5313,10.5313,3710800,4.6074
1993-02-03,10.5313,10.6250,10.4375,10.4688,5129600,4.5800
1993-02-04,10.4688,10.5938,10.3750,10.4375,5781600,4.5664
1993-02-05,10.4375,10.4375,10.2188,10.3125,8323200,4.5117
1993-02-08,10.3125,10.3750,10.2500,10.2813,5872800,4.4980
1993-02-09,10.2813,10.2813,10.1563,10.1875,4934800,4.4570
1993-02-10,10.1875,10.2500,10.0938,10.1250,4782400,4.4296
1993-02-11,10.1563,10.3438,10.1563,10.1563,5831200,4.4433
1993-02-12,10.1563,10.2188,10.0625,10.1250,3587600,4.4296
1993-02-16,10.1250,10.2813,10.0000,10.1563,9508800,4.4433
1993-02-17,10.1563,10.3125,10.1250,10.2188,7169600,4.4707
1993-02-18,10.2188,10.4063,10.1875,10.3125,7348800,4.5117
1993-02-19,10.3125,10.4688,10.3125,10.4375,9060800,4.5664
1993-02-22,10.4375,10.5938,10.2813,10.3125,5621600,4.5117
1993-02-23,10.3125,10.4063,10.1875,10.3438,5737600,4.5253
1993-02-24,10.3438,10.5313,10.2813,10.5000,5016400,4.5937
1993-02-25,10.5000,10.6250,10.4375,10.5625,5907600,4.6210
1993-02-26,10.5625,10.6563,10.4688,10.5938,4832000,4.6347
1993-03-01,10.5938,10.6875,10.5313,10.5313,4890800,4.6074
1993-03-02,10.5313,10.7813,10.4688,10.7813,7120000,4.7167
1993-03-03,10.7813,10.8438,10.6875,10.6875,6086400,4.6757
1993-03-04,10.6875,10.8438,10.5938,10.7813,4088400,4.7167
1993-03-05,10.7813,10.9063,10.6563,10.7188,5971200,4.6894
1993-03-08,10.7188,10.9688,10.7188,10.9375,5798000,4.7851
1993-03-09,10.9375,10.9375,10.7813,10.7813,4176400,4.7351
1993-03-10,10.7500,10.7500,10.5938,10.7188,4682000,4.7077
1993-03-11,10.7188,10.8125,10.6563,10.6875,3821600,4.6940
1993-03-12,10.6563,10.6563,10.5313,10.5625,4424000,4.6391
1993-03-15,10.5625,10.7500,10.5625,10.7500,3888000,4.7214
1993-03-16,10.7500,10.8438,10.6875,10.7813,3624000,4.7351
1993-03-17,10.7813,10.7813,10.6563,10.6563,3804000,4.6802
1993-03-18,10.6875,10.8125,10.6875,10.7188,4481600,4.7077
1993-03-19,10.7188,10.7500,10.5313,10.5938,10848800,4.6528
1993-03-22,10.5625,10.5625,10.5000,10.5000,3830000,4.6116
1993-03-23,10.5000,10.5313,10.3750,10.3750,3664800,4.5567
1993-03-24,10.3750,10.5000,10.3438,10.4688,5128800,4.5979
1993-03-25,10.4688,10.6875,10.4688,10.6563,4346400,4.6802
1993-03-26,10.6563,10.7188,10.3438,10.4063,4915200,4.5704
1993-03-29,10.4063,10.5313,10.4063,10.4688,4227600,4.5979
1993-03-30,10.4688,10.7500,10.4688,10.7500,5480000,4.7214
1993-03-31,10.7500,10.8125,10.6250,10.6563,6323600,4.6802
1993-04-01,10.6563,10.7813,10.6250,10.7188,5425200,4.7077
1993-04-02,10.6563,10.6563,10.4688,10.5000,8182400,4.6116
1993-04-05,10.5000,10.5313,10.2500,10.2500,8706000,4.5018
1993-04-06,10.1875,10.1875,9.7813,10.0000,16148000,4.3920
1993-04-07,9.9063,9.9063,9.7188,9.8750,14530800,4.3371
1993-04-08,9.8750,9.9375,9.3750,9.9375,21676400,4.3646
1993-04-12,9.9375,10.1250,9.8125,9.8438,7745600,4.3234
1993-04-13,9.8438,10.0000,9.7188,9.7813,9020000,4.2959
1993-04-14,9.7813,9.9688,9.6875,9.9688,6595200,4.3783
1993-04-15,9.9688,10.0313,9.9063,9.9063,7868400,4.3508
1993-04-16,9.9063,10.0000,9.4375,9.5000,23216400,4.1724
1993-04-19,9.5000,9.5938,9.4375,9.5313,12998800,4.1861
1993-04-20,9.5313,9.6563,9.4375,9.6250,14060000,4.2273
1993-04-21,9.6250,9.9375,9.5000,9.7500,12823200,4.2822
1993-04-22,9.7500,9.9375,9.6250,9.7188,9444800,4.2685
1993-04-23,9.7188,9.7813,9.6563,9.7188,5913200,4.2685
1993-04-26,9.7188,9.9063,9.7188,9.9063,5545200,4.3508
1993-04-27,9.9063,9.9375,9.6875,9.9063,5495200,4.3508
1993-04-28,9.9063,9.9688,9.7813,9.8438,4962400,4.3234
1993-04-29,9.8438,9.9375,9.7188,9.9375,3701600,4.3646
1993-04-30,9.9375,9.9688,9.7813,9.8438,4988400,4.3234
1993-05-03,9.8438,9.9375,9.7813,9.9063,3405200,4.3508
1993-05-04,9.8750,9.8750,9.7813,9.8438,3987600,4.3234
1993-05-05,9.8438,9.9063,9.7813,9.8125,5770800,4.3097
1993-05-06,9.8125,9.8125,9.6875,9.7188,4273600,4.2685
1993-05-07,9.7188,9.7813,9.6250,9.6875,4297200,4.2548
1993-05-10,9.6875,9.8750,9.6875,9.7813,5518000,4.2959
1993-05-11,9.7813,10.0625,9.6875,10.0313,6678400,4.4057
1993-05-12,10.0313,10.0625,9.8750,9.9375,6487200,4.3646
1993-05-13,9.9063,9.9063,9.7813,9.8125,5184000,4.3097
1993-05-14,9.8125,9.9688,9.7500,9.9688,5056400,4.3783
1993-05-17,9.9688,10.0938,9.9375,10.0313,5271600,4.4057
1993-05-18,10.0313,10.1875,9.9688,10.0000,5640800,4.3920
1993-05-19,10.0313,10.4375,10.0313,10.3438,11489200,4.5430
1993-05-20,10.3438,10.5313,10.3438,10.5313,8936400,4.6253
1993-05-21,10.4688,10.4688,10.2188,10.2500,10250400,4.5018
1993-05-24,10.2500,10.3438,10.1563,10.2500,6106400,4.5018
1993-05-25,10.2500,10.3750,10.2500,10.2813,4676800,4.5155
1993-05-26,10.2813,10.3750,10.2188,10.3750,6214800,4.5567
1993-05-27,10.3750,10.3750,10.2813,10.3125,6024400,4.5293
1993-05-28,10.3125,10.3750,10.2188,10.3750,3551200,4.5567
1993-06-01,10.3750,10.4688,10.3125,10.3750,5788000,4.5567
1993-06-02,10.3750,10.4688,10.3750,10.4063,4066400,4.5704
1993-06-03,10.4063,10.4063,10.2813,10.3125,2768800,4.5293
1993-06-04,10.3125,10.3125,10.2188,10.2813,2713600,4.5155
1993-06-07,10.2813,10.3438,10.2500,10.2500,2739600,4.5018
1993-06-08,10.2500,10.2500,10.1250,10.1563,3890800,4.4606
1993-06-09,10.1563,10.1563,9.9688,9.9688,6311200,4.3967
1993-06-10,10.0000,10.3125,10.0000,10.2500,6468800,4.5207
1993-06-11,10.2813,10.4375,10.2813,10.4375,6292800,4.6034
1993-06-14,10.4375,10.4688,10.3125,10.4688,4742400,4.6172
1993-06-15,10.4688,10.5000,10.3125,10.4688,6231600,4.6172
1993-06-16,10.4688,10.5625,10.3750,10.5000,5181200,4.6310
1993-06-17,10.5000,10.5938,10.4375,10.5625,5865600,4.6586
1993-06-18,10.5625,10.6250,10.3750,10.3750,10905600,4.5759
1993-06-21,10.3750,10.5000,10.2188,10.3125,5352400,4.5483
1993-06-22,10.3125,10.3750,10.2500,10.2813,4149200,4.5345
1993-06-23,10.2813,10.5313,10.2813,10.4375,6595600,4.6034
1993-06-24,10.4375,10.6875,10.4375,10.6563,7824400,4.6999
1993-06-25,10.6563,10.6875,10.6250,10.6563,4626000,4.6999
1993-06-28,10.6875,10.8125,10.6875,10.8125,4872400,4.7688
1993-06-29,10.8125,10.9063,10.7188,10.8438,5256400,4.7826
1993-06-30,10.8438,10.9063,10.7188,10.7500,4131600,4.7413
1993-07-01,10.7500,10.8125,10.6875,10.7500,5030000,4.7413
1993-07-02,10.7500,10.8125,10.6563,10.6875,4583600,4.7137
1993-07-06,10.6875,10.6875,10.4688,10.4688,3747600,4.6172
1993-07-07,10.5313,10.7500,10.5313,10.7188,3788800,4.7275
1993-07-08,10.7188,10.9063,10.6563,10.9063,5280400,4.8102
1993-07-09,10.8750,10.8750,10.7500,10.8438,4403200,4.7826
1993-07-12,10.8438,11.0938,10.8125,11.0625,5790800,4.8791
1993-07-13,11.0625,11.0938,10.9375,10.9375,4696400,4.8240
1993-07-14,11.0000,11.1250,11.0000,11.0938,5143600,4.8929
1993-07-15,11.0938,11.1563,10.9375,11.1250,4863600,4.9067
1993-07-16,11.1250,11.1875,11.0000,11.0313,7439200,4.8653
1993-07-19,11.0313,11.1563,11.0313,11.0938,3201600,4.8929
1993-07-20,11.0938,11.1875,11.0313,11.1563,5370400,4.9204
1993-07-21,11.1563,11.1875,11.0625,11.0625,3821600,4.8791
1993-07-22,11.0625,11.0938,10.9063,10.9375,4509600,4.8240
1993-07-23,10.9375,11.0313,10.9063,11.0000,3208000,4.8515
1993-07-26,11.0000,11.0000,10.9375,10.9375,3126400,4.8240
1993-07-27,10.9375,10.9375,10.7813,10.8750,5114800,4.7964
1993-07-28,10.8750,10.9375,10.7813,10.9063,3611200,4.8102
1993-07-29,10.9063,11.0625,10.9063,11.0000,3944000,4.8515
1993-07-30,11.0000,11.0625,10.7500,10.8125,4688000,4.7688
1993-08-02,10.8438,10.9688,10.8438,10.8750,3730000,4.7964
1993-08-03,10.8750,10.8750,10.7500,10.8438,3285600,4.7826
1993-08-04,10.8125,10.8125,10.6875,10.6875,3281600,4.7137
1993-08-05,10.6875,10.7813,10.6563,10.7813,3088400,4.7550
1993-08-06,10.7500,10.7500,10.5938,10.6563,3581600,4.6999
1993-08-09,10.6563,10.8438,10.6563,10.7813,3701200,4.7550
1993-08-10,10.7500,10.7500,10.6250,10.6875,2641200,4.7137
1993-08-11,10.6875,10.9375,10.6875,10.9375,3546000,4.8240
1993-08-12,10.9375,10.9688,10.6250,10.6250,4347200,4.6861
1993-08-13,10.6250,10.7500,10.6250,10.6875,2906400,4.7137
1993-08-16,10.6875,10.6875,10.5000,10.5000,4313600,4.6310
1993-08-17,10.5000,10.6875,10.4375,10.6250,4258000,4.6861
1993-08-18,10.6250,10.7813,10.5625,10.6875,6411600,4.7137
1993-08-19,10.6875,10.9688,10.6563,10.9375,7322000,4.8240
1993-08-20,10.9375,10.9688,10.8125,10.8750,9014000,4.7964
1993-08-23,10.8750,10.9688,10.8125,10.9063,4479600,4.8102
1993-08-24,10.9063,11.0625,10.8438,11.0313,6108400,4.8653
1993-08-25,11.0313,11.0313,10.7188,10.7813,5775600,4.7550
1993-08-26,10.7813,10.8438,10.6875,10.7188,4553200,4.7275
1993-08-27,10.7188,10.7813,10.6563,10.7188,3319600,4.7275
1993-08-30,10.7188,10.7813,10.6563,10.7813,2512800,4.7550
1993-08-31,10.7813,10.8438,10.7188,10.8438,3708000,4.7826
1993-09-01,10.7813,10.7813,10.6563,10.6563,4331200,4.6999
1993-09-02,10.6563,10.7188,10.5938,10.6563,4030800,4.6999
1993-09-03,10.6563,10.8125,10.5938,10.7813,3853200,4.7550
1993-09-07,10.7813,10.9063,10.7188,10.7500,4352800,4.7413
1993-09-08,10.7500,10.8438,10.6875,10.7813,6254800,4.7550
1993-09-09,10.7813,10.8125,10.6563,10.7813,5762400,4.7739
1993-09-10,10.7813,11.0625,10.7500,11.0000,8276400,4.8707
1993-09-13,11.0000,11.1563,11.0000,11.1250,9878800,4.9261
1993-09-14,11.1250,11.1563,10.9688,11.0313,5386800,4.8846
1993-09-15,11.0313,11.0625,10.7813,10.9688,8896400,4.8569
1993-09-16,10.9375,10.9375,10.8125,10.8125,7738800,4.7877
1993-09-17,10.8125,10.9063,10.6875,10.8750,18802800,4.8154
1993-09-20,10.8750,10.9688,10.6563,10.6875,4826400,4.7323
1993-09-21,10.6875,10.7500,10.5625,10.6250,6914800,4.7047
1993-09-22,10.6250,10.7500,10.5938,10.6875,5592000,4.7323
1993-09-23,10.6875,10.7813,10.6875,10.6875,2931600,4.7323
1993-09-24,10.6875,10.6875,10.5938,10.6563,3402400,4.7185
1993-09-27,10.6875,10.8125,10.6875,10.7500,3636400,4.7600
1993-09-28,10.7500,10.8125,10.6563,10.6875,2476800,4.7323
1993-09-29,10.6875,10.6875,10.5625,10.5938,3215200,4.6908
1993-09-30,10.5938,10.6250,10.5313,10.5625,2752800,4.6770
1993-10-01,10.5625,10.6250,10.4375,10.5000,5605200,4.6493
1993-10-04,10.5000,10.5313,10.3125,10.5313,5578800,4.6632
1993-10-05,10.5313,10.6250,10.4063,10.4688,4607200,4.6355
1993-10-06,10.4688,10.4688,10.3438,10.3438,4762800,4.5801
1993-10-07,10.3438,10.3750,10.2500,10.2813,3983200,4.5525
1993-10-08,10.2813,10.4375,10.2500,10.3125,4660000,4.5663
1993-10-11,10.4063,10.5938,10.4063,10.5000,2696400,4.6493
1993-10-12,10.5313,10.6250,10.5313,10.5313,3925200,4.6632
1993-10-13,10.5313,10.6563,10.4688,10.5313,3900000,4.6632
1993-10-14,10.5313,11.0625,10.4063,11.0313,12983600,4.8846
1993-10-15,11.0313,11.0625,10.9063,11.0000,10667600,4.8707
1993-10-18,10.9688,10.9688,10.8750,10.9063,4299200,4.8292
1993-10-19,10.9063,11.0000,10.8125,10.9063,4714800,4.8292
1993-10-20,10.9063,11.0000,10.8125,11.0000,3564400,4.8707
1993-10-21,11.0000,11.0313,10.8750,10.9063,8122800,4.8292
1993-10-22,10.9063,10.9688,10.6875,10.6875,5038000,4.7323
1993-10-25,10.6875,10.7188,10.5000,10.7188,5892000,4.7462
1993-10-26,10.7188,10.7188,10.5625,10.7188,4500800,4.7462
1993-10-27,10.7188,10.7500,10.6250,10.7500,3518000,4.7600
1993-10-28,10.7500,10.8438,10.7188,10.7500,4274800,4.7600
1993-10-29,10.7813,10.8750,10.7813,10.8438,3413200,4.8015
1993-11-01,10.8438,10.8438,10.7500,10.7813,2970000,4.7739
1993-11-02,10.7813,10.7813,10.5938,10.6563,4971200,4.7185
1993-11-03,10.6250,10.6250,10.4688,10.5000,6324800,4.6493
1993-11-04,10.5000,10.5313,10.3438,10.3750,5166800,4.5940
1993-11-05,10.3750,10.4063,10.2500,10.3750,5569600,4.5940
1993-11-08,10.3750,10.4375,10.3750,10.3750,3731600,4.5940
1993-11-09,10.3750,10.4375,10.2500,10.2813,6266800,4.5525
1993-11-10,10.2813,10.2813,10.0938,10.1563,8494800,4.4971
1993-11-11,10.1563,10.1875,10.0000,10.0313,7596000,4.4418
1993-11-12,10.0313,10.1875,10.0313,10.1875,5691200,4.5110
1993-11-15,10.1875,10.3438,10.1875,10.3438,3954400,4.5801
1993-11-16,10.4063,10.5938,10.4063,10.5313,6825200,4.6632
1993-11-17,10.5313,10.6250,10.4688,10.5938,6767600,4.6908
1993-11-18,10.5625,10.5625,10.4063,10.5000,6400000,4.6493
1993-11-19,10.5000,10.6563,10.4063,10.6563,9716800,4.7185
1993-11-22,10.6563,10.6563,10.4688,10.5313,6589600,4.6632
1993-11-23,10.5313,10.6250,10.4688,10.5625,3932800,4.6770
1993-11-24,10.5625,10.5938,10.4375,10.5000,3315600,4.6681
1993-11-26,10.5000,10.5938,10.5000,10.5625,1788000,4.6959
1993-11-29,10.5625,10.6563,10.5313,10.5625,3206000,4.6959
1993-11-30,10.5625,10.5938,10.5000,10.5000,4680000,4.6681
1993-12-01,10.5625,10.6875,10.5625,10.5625,5650800,4.6959
1993-12-02,10.5625,10.6875,10.5625,10.6250,2251200,4.7237
1993-12-03,10.6250,10.7500,10.6250,10.7188,3380000,4.7654
1993-12-06,10.7500,10.9063,10.7500,10.8750,6279200,4.8348
1993-12-07,10.8750,11.0000,10.8438,11.0000,5055600,4.8904
1993-12-08,11.0000,11.0625,10.9375,10.9375,5978400,4.8626
1993-12-09,10.9375,11.0625,10.8750,10.9063,6423200,4.8487
1993-12-10,10.9063,10.9375,10.8438,10.8750,3820800,4.8348
1993-12-13,10.8750,10.9375,10.8438,10.9375,3720800,4.8626
1993-12-14,10.9375,10.9688,10.7500,10.8125,6410000,4.8070
1993-12-15,10.8125,10.8438,10.6563,10.6563,6924400,4.7376
1993-12-16,10.6875,10.9063,10.6875,10.8438,5932000,4.8209
1993-12-17,10.8438,10.9375,10.6250,10.6563,10581600,4.7376
1993-12-20,10.6563,10.7188,10.6250,10.7188,3674400,4.7654
1993-12-21,10.7188,10.8750,10.6563,10.8750,4787600,4.8348
1993-12-22,10.8750,11.0313,10.8750,11.0000,6561200,4.8904
1993-12-23,11.0000,11.0313,10.7813,10.8750,6054800,4.8348
1993-12-27,10.9063,11.0625,10.9063,11.0625,3681600,4.9182
1993-12-28,11.0625,11.1875,10.9688,11.1563,5963200,4.9599
1993-12-29,11.1875,11.2813,11.1875,11.2500,7512800,5.0015
1993-12-30,11.2500,11.2500,11.1563,11.2188,4135600,4.9877
1993-12-31,11.2188,11.2500,11.1563,11.1563,3664400,4.9599
1994-01-03,11.1563,11.1875,11.0938,11.1250,5416800,4.9460
1994-01-04,11.1250,11.1250,11.0000,11.0313,4499200,4.9043
1994-01-05,11.0313,11.0313,10.7188,10.7500,7404800,4.7793
1994-01-06,10.7500,10.8750,10.5000,10.5313,11023200,4.6820
1994-01-07,10.5313,10.7188,10.5313,10.6563,9138400,4.7376
1994-01-10,10.6563,10.8750,10.5938,10.8438,6259600,4.8209
1994-01-11,10.8438,10.8438,10.6563,10.6875,5394400,4.7515
1994-01-12,10.6875,10.8438,10.6563,10.8125,4326000,4.8070
1994-01-13,10.7500,10.7500,10.6563,10.6563,3869600,4.7376
1994-01-14,10.6563,10.6875,10.5625,10.6250,6550800,4.7237
1994-01-17,10.5625,10.5625,10.4063,10.4063,5205600,4.6264
1994-01-18,10.3438,10.3438,10.0625,10.2500,12035200,4.5570
1994-01-19,10.2500,10.4375,10.1875,10.3750,6890400,4.6125
1994-01-20,10.3750,10.4375,10.2500,10.3438,4580000,4.5986
1994-01-21,10.3438,10.3750,10.2188,10.3125,9374400,4.5848
1994-01-24,10.2813,10.2813,10.0938,10.1250,5110000,4.5014
1994-01-25,10.1250,10.2500,10.0313,10.1875,5650400,4.5292
1994-01-26,10.1875,10.4063,10.1563,10.2500,5676800,4.5570
1994-01-27,10.2813,10.4688,10.2813,10.4375,7210400,4.6403
1994-01-28,10.4063,10.4063,10.1875,10.3125,8208400,4.5848
1994-01-31,10.2813,10.2813,10.1250,10.2188,8174800,4.5431
1994-02-01,10.2188,10.3750,10.1563,10.3750,7287600,4.6125
1994-02-02,10.3750,10.4688,10.3438,10.3750,5357600,4.6125
1994-02-03,10.3750,10.5625,10.3438,10.4375,6431600,4.6403
1994-02-04,10.4375,10.4375,10.1250,10.1875,7599600,4.5292
1994-02-07,10.1875,10.1875,10.0938,10.1875,9894800,4.5292
1994-02-08,10.1875,10.1875,10.0625,10.0625,5724000,4.4736
1994-02-09,10.0625,10.1563,10.0625,10.1250,5275200,4.5014
1994-02-10,10.1250,10.2813,10.1250,10.1875,5341600,4.5292
1994-02-11,10.1875,10.3750,10.1875,10.3750,5823600,4.6125
1994-02-14,10.3750,10.4063,10.0938,10.2500,4597200,4.5570
1994-02-15,10.2500,10.4375,10.2188,10.2188,7434400,4.5431
1994-02-16,10.2188,10.4063,10.2188,10.3438,6146000,4.5986
1994-02-17,10.3438,10.4375,10.3125,10.4375,8977200,4.6403
1994-02-18,10.4375,10.5000,10.3438,10.3750,8777600,4.6125
1994-02-22,10.3750,10.6250,10.3750,10.6250,7760800,4.7237
1994-02-23,10.6250,10.7188,10.5625,10.6563,6690000,4.7376
1994-02-24,10.6563,10.6563,10.5000,10.5000,5659600,4.6681
1994-02-25,10.5000,10.5938,10.4688,10.5000,5167600,4.6681
1994-02-28,10.5313,10.8125,10.5313,10.6563,6970400,4.7376
1994-03-01,10.6563,10.7188,10.5313,10.5938,6560400,4.7098
1994-03-02,10.5938,10.5938,10.4688,10.5313,6402400,4.6820
1994-03-03,10.5313,10.5313,10.3750,10.4063,4341600,4.6264
1994-03-04,10.4063,10.5000,10.3750,10.4063,4234000,4.6264
1994-03-07,10.4063,10.5000,10.3438,10.4063,3406000,4.6264
1994-03-08,10.4063,10.4375,10.2500,10.2500,3946800,4.5570
1994-03-09,10.2500,10.2500,10.1250,10.2188,5715600,4.5648
1994-03-10,10.2188,10.2188,10.1250,10.1875,4548400,4.5508
1994-03-11,10.1875,10.3125,10.0938,10.2188,4369600,4.5648
1994-03-14,10.2188,10.4063,10.2188,10.4063,5485200,4.6485
1994-03-15,10.4063,10.4688,10.2188,10.2813,8253200,4.5927
1994-03-16,10.2813,10.3125,10.1563,10.2813,8538000,4.5927
1994-03-17,10.3125,10.4375,10.3125,10.3750,8094000,4.6346
1994-03-18,10.3750,10.5000,10.3125,10.4688,19380800,4.6765
1994-03-21,10.4688,10.5000,10.3750,10.5000,4937600,4.6904
1994-03-22,10.5000,10.6250,10.4375,10.5313,4993200,4.7044
1994-03-23,10.5313,10.6250,10.4375,10.4688,4178000,4.6765
1994-03-24,10.4688,10.5625,10.3750,10.4688,6102000,4.6765
1994-03-25,10.4688,10.5313,10.4063,10.4375,3752400,4.6625
1994-03-28,10.4375,10.5313,10.2813,10.5313,3468800,4.7044
1994-03-29,10.5313,10.5625,10.4375,10.4688,5724400,4.6765
1994-03-30,10.4688,10.5000,10.2500,10.2500,7094000,4.5787
1994-03-31,10.2500,10.3125,10.0313,10.1563,8483600,4.5369
1994-04-04,10.1563,10.2500,9.9375,10.0625,9710800,4.4950
1994-04-05,10.0625,10.2188,9.9688,10.1250,10740400,4.5229
1994-04-06,10.1250,10.2813,10.1250,10.2500,7534400,4.5787
1994-04-07,10.2500,10.3125,10.1563,10.3125,5778800,4.6067
1994-04-08,10.2813,10.2813,10.1875,10.2813,4316800,4.5927
1994-04-11,10.2813,10.3125,10.0625,10.0938,5814000,4.5089
1994-04-12,10.0938,10.1250,9.9063,9.9375,6884800,4.4391
1994-04-13,9.9375,10.1250,9.9063,10.1250,4280400,4.5229
1994-04-14,10.0625,10.0625,9.8438,9.8438,5882800,4.3973
1994-04-15,9.8438,9.8750,9.7188,9.8438,9112800,4.3973
1994-04-18,9.8438,10.0625,9.7813,9.8438,7663600,4.3973
1994-04-19,9.8438,9.9375,9.7813,9.9063,4928400,4.4252
1994-04-20,9.9063,10.0000,9.8750,9.9688,7248000,4.4531
1994-04-21,9.9688,10.2500,9.9688,10.1250,8278400,4.5229
1994-04-22,10.1250,10.1875,9.9688,10.0000,5394400,4.4671
1994-04-25,10.0000,10.1563,10.0000,10.1563,4340400,4.5369
1994-04-26,10.1563,10.2188,10.0625,10.1250,4504000,4.5229
1994-04-28,10.2500,10.3438,10.2500,10.3125,7325200,4.6067
1994-04-29,10.3125,10.4688,10.2813,10.4375,5494800,4.6625
1994-05-02,10.4375,10.5313,10.3125,10.4688,8360000,4.6765
1994-05-03,10.4688,10.5000,10.2813,10.3750,4974800,4.6346
1994-05-04,10.3750,10.4688,10.3438,10.3750,3755600,4.6346
1994-05-05,10.3750,10.4063,10.2500,10.2813,2895200,4.5927
1994-05-06,10.2500,10.2500,10.0313,10.0625,4527600,4.4950
1994-05-09,9.9688,9.9688,9.7813,9.8750,8494000,4.4112
1994-05-10,9.8750,10.0000,9.8750,9.9375,4866000,4.4391
1994-05-11,9.9375,10.1250,9.9063,10.0000,7268400,4.4671
1994-05-12,10.0000,10.1250,10.0000,10.0625,5386000,4.4950
1994-05-13,10.0625,10.0938,9.8750,9.8750,7726000,4.4112
1994-05-16,9.8750,10.0000,9.8750,9.9375,3740800,4.4391
1994-05-17,9.9375,10.1563,9.9375,10.1250,5128000,4.5229
1994-05-18,10.1250,10.1875,10.0938,10.1563,4827600,4.5369
1994-05-19,10.1563,10.3750,10.1563,10.2813,4159600,4.5927
1994-05-20,10.2813,10.3125,10.1563,10.2188,10610000,4.5648
1994-05-23,10.2188,10.2188,10.0625,10.0938,4077200,4.5089
1994-05-24,10.0938,10.1875,10.0000,10.0313,5317600,4.4810
1994-05-25,10.0313,10.1250,10.0313,10.0625,3307600,4.4950
1994-05-26,10.0625,10.1875,10.0313,10.1875,4283200,4.5508
1994-05-27,10.1875,10.2813,10.0938,10.1563,3641200,4.5369
1994-05-31,10.1563,10.2188,10.0625,10.0625,4033200,4.4950
1994-06-01,10.0625,10.3125,10.0313,10.2500,6335200,4.5787
1994-06-02,10.2500,10.4688,10.2500,10.4063,7053600,4.6485
1994-06-03,10.4063,10.5313,10.3750,10.5000,5920000,4.6904
1994-06-06,10.5000,10.5938,10.4063,10.5313,6412400,4.7044
1994-06-07,10.5313,10.5938,10.4688,10.5625,4182800,4.7183
1994-06-08,10.5625,10.5938,10.4063,10.4688,4312400,4.6765
1994-06-09,10.2813,10.2813,10.0625,10.1563,14229200,4.5581
1994-06-10,10.1563,10.1992,10.0625,10.0625,4948800,4.5160
1994-06-13,10.0000,10.0000,9.8125,9.8438,12744000,4.4178
1994-06-14,9.8438,9.9688,9.8438,9.9688,8522000,4.4739
1994-06-15,9.9688,10.0313,9.9063,9.9688,6812400,4.4739
1994-06-16,9.9688,10.1875,9.9375,10.1875,6586000,4.5721
1994-06-17,10.1563,10.1563,9.9688,10.0000,18045200,4.4880
1994-06-20,10.0000,10.1250,9.9375,10.0625,6587600,4.5160
1994-06-21,10.0625,10.1563,10.0000,10.0313,6830400,4.5020
1994-06-22,10.0313,10.2500,10.0313,10.1875,6135600,4.5721
1994-06-23,10.1875,10.1875,10.0625,10.1250,5796000,4.5441
1994-06-24,10.0938,10.0938,9.9688,10.0313,6758800,4.5020
1994-06-27,10.0313,10.1563,10.0000,10.1250,4138800,4.5441
1994-06-28,10.1250,10.1563,10.0000,10.0938,5272800,4.5300
1994-06-29,10.1250,10.2813,10.1250,10.2188,7315200,4.5861
1994-06-30,10.2188,10.3438,10.1563,10.1563,5797600,4.5581
1994-07-01,10.2500,10.4688,10.2500,10.4063,7388000,4.6703
1994-07-05,10.4063,10.4063,10.2813,10.3750,4550000,4.6563
1994-07-06,10.3750,10.4063,10.2500,10.3750,4933600,4.6563
1994-07-07,10.3750,10.4375,10.3125,10.4063,4946800,4.6703
1994-07-08,10.4063,10.4688,10.3438,10.4688,5437600,4.6983
1994-07-11,10.4688,10.5313,10.3750,10.5000,5868800,4.7124
1994-07-12,10.5000,10.5313,10.3750,10.5000,3582000,4.7124
1994-07-13,10.5000,10.5000,10.3750,10.4688,4333600,4.6983
1994-07-14,10.4688,10.6250,10.4375,10.5313,12867600,4.7264
1994-07-15,10.5313,10.6250,10.5313,10.5938,9638400,4.7544
1994-07-18,10.5938,10.6250,10.4688,10.5938,4985200,4.7544
1994-07-19,10.5938,10.6563,10.5625,10.6250,5230000,4.7685
1994-07-20,10.6250,10.6563,10.5313,10.5625,4770800,4.7404
1994-07-21,10.5625,10.8125,10.5313,10.6250,7400800,4.7685
1994-07-22,10.6250,10.7188,10.5938,10.6563,5017600,4.7825
1994-07-25,10.6563,10.8750,10.6563,10.8125,4592000,4.8526
1994-07-26,10.8125,10.8125,10.7188,10.7500,3666400,4.8246
1994-07-27,10.7500,10.8438,10.6250,10.8438,3505600,4.8666
1994-07-28,10.8438,11.0313,10.7813,11.0313,10840400,4.9508
1994-07-29,11.0313,11.1250,10.9688,11.0938,6703600,4.9788
1994-08-01,11.0938,11.1563,11.0625,11.0938,6283600,4.9788
1994-08-02,11.0938,11.1563,11.0000,11.0313,6383200,4.9508
1994-08-03,11.0313,11.0313,10.9063,10.9688,3712400,4.9227
1994-08-04,10.9688,11.0313,10.9063,10.9688,4172400,4.9227
1994-08-05,10.9688,10.9688,10.8438,10.9688,3328400,4.9227
1994-08-08,10.9688,11.0000,10.9063,10.9688,2623600,4.9227
1994-08-09,10.9688,11.0000,10.8438,10.9688,5011200,4.9227
1994-08-10,10.9688,11.0938,10.9063,11.0000,9024400,4.9368
1994-08-11,11.0000,11.0000,10.8750,10.9063,3783600,4.8947
1994-08-12,10.9063,11.1250,10.9063,11.1250,5595200,4.9929
1994-08-15,11.1250,11.2813,11.0313,11.0625,8099200,4.9648
1994-08-16,11.0938,11.4688,11.0938,11.4063,8934000,5.1191
1994-08-17,11.4063,11.6250,11.3125,11.5313,9415200,5.1752
1994-08-18,11.5938,11.9063,11.5938,11.9063,16713200,5.3435
1994-08-19,11.9063,11.9063,11.6563,11.6875,12590000,5.2453
1994-08-22,11.6875,11.6875,11.6250,11.6250,5007200,5.2173
1994-08-23,11.6250,11.7188,11.5938,11.6250,6678400,5.2173
1994-08-24,11.6250,11.6250,11.4375,11.5625,7124400,5.1892
1994-08-25,11.5625,11.7188,11.5313,11.5625,6272800,5.1892
1994-08-26,11.5938,11.7188,11.5938,11.6563,5436000,5.2313
1994-08-29,11.6563,11.6875,11.5000,11.5625,5805600,5.1892
1994-08-30,11.5625,11.5938,11.5000,11.5313,3777200,5.1752
1994-08-31,11.5313,11.6250,11.5000,11.5000,4301200,5.1612
1994-09-01,11.5000,11.5313,11.4688,11.5000,3058400,5.1612
1994-09-02,11.5000,11.5938,11.4688,11.5625,3388400,5.1892
1994-09-06,11.5625,11.6250,11.4688,11.4688,2768400,5.1471
1994-09-07,11.4688,11.5625,11.4063,11.5625,4658000,5.1892
1994-09-08,11.5625,11.5625,11.4688,11.5313,3684400,5.1752
1994-09-09,11.4688,11.4688,11.3125,11.3438,4711600,5.1126
1994-09-12,11.3438,11.4375,11.3438,11.3438,3660400,5.1126
1994-09-13,11.4063,11.5000,11.4063,11.5000,3547200,5.1831
1994-09-14,11.5000,11.7813,11.4063,11.7813,6890800,5.3098
1994-09-15,11.8125,12.1563,11.8125,12.1250,9420800,5.4648
1994-09-16,12.0000,12.0000,11.8750,11.9375,16332000,5.3803
1994-09-19,11.9688,12.3438,11.9688,12.2500,11783200,5.5211
1994-09-20,12.2500,12.3750,12.1250,12.1250,11714800,5.4648
1994-09-21,12.1250,12.1875,12.0000,12.1563,7314400,5.4788
1994-09-22,12.1563,12.2188,12.0313,12.1875,4704800,5.4929
1994-09-23,12.1875,12.2813,12.1250,12.1875,4680400,5.4929
1994-09-26,12.2188,12.4688,12.2188,12.4375,4840400,5.6056
1994-09-27,12.4375,12.5000,12.2500,12.3438,7714800,5.5633
1994-09-28,12.3438,12.4375,12.2188,12.2813,5841200,5.5352
1994-09-29,12.2813,12.2813,12.1563,12.2188,5402800,5.5070
1994-09-30,12.2188,12.3125,12.1563,12.1563,5398000,5.4788
1994-10-03,12.1563,12.3750,12.1250,12.3125,6155600,5.5493
1994-10-04,12.3125,12.3438,12.0625,12.0938,7279200,5.4507
1994-10-05,12.0938,12.1875,12.0000,12.1563,6377600,5.4788
1994-10-06,12.1563,12.2500,12.1250,12.1875,4388800,5.4929
1994-10-07,12.1875,12.2188,12.0938,12.1563,6135200,5.4788
1994-10-10,12.1563,12.2500,12.1563,12.2500,4172000,5.5211
1994-10-11,12.3750,12.6250,12.3750,12.5938,9326400,5.6760
1994-10-12,12.5938,12.6250,12.4688,12.4688,6422400,5.6197
1994-10-13,12.5625,12.7188,12.5625,12.6875,7466800,5.7183
1994-10-14,12.6875,12.7188,12.5625,12.6563,4912400,5.7042
1994-10-17,12.6563,12.6563,12.5313,12.5938,4049200,5.6760
1994-10-18,12.5938,12.7188,12.5000,12.6875,5404800,5.7183
1994-10-19,12.6875,12.7813,12.5938,12.6563,9315600,5.7042
1994-10-20,12.6250,12.6250,12.4375,12.5000,10509600,5.6338
1994-10-21,12.5000,12.6250,12.4375,12.5625,8708400,5.6619
1994-10-24,12.5625,12.5938,12.3125,12.3438,6386000,5.5633
1994-10-25,12.3438,12.5625,12.3438,12.5625,5132400,5.6619
1994-10-26,12.5625,12.5938,12.4375,12.5000,5523200,5.6338
1994-10-27,12.5000,12.6563,12.4688,12.6563,4208400,5.7042
1994-10-28,12.6563,12.8125,12.6250,12.6250,6453200,5.6901
1994-10-31,12.6250,12.8125,12.5625,12.5938,5527200,5.6760
1994-11-01,12.5938,12.7188,12.5313,12.6563,5485200,5.7042
1994-11-02,12.6563,12.7500,12.5625,12.5625,6961200,5.6619
1994-11-03,12.5625,12.6563,12.4375,12.4688,5618800,5.6197
1994-11-04,12.4688,12.6563,12.4375,12.5000,6031600,5.6338
1994-11-07,12.5000,12.6563,12.5000,12.5625,5116800,5.6619
1994-11-08,12.6250,12.7188,12.6250,12.6563,5677200,5.7042
1994-11-09,12.6563,12.7813,12.5938,12.6563,5918000,5.7042
1994-11-10,12.6563,12.7188,12.6250,12.6250,4196800,5.6901
1994-11-11,12.6250,12.6563,12.5938,12.6250,3880800,5.6901
1994-11-14,12.6563,12.8438,12.6563,12.8438,5122800,5.7887
1994-11-15,12.8438,12.9844,12.8125,12.8750,6028800,5.8028
1994-11-16,12.8750,13.0625,12.8750,13.0625,5701600,5.8873
1994-11-17,13.0625,13.0625,12.8750,13.0000,7351200,5.8591
1994-11-18,13.0000,13.1563,12.9688,13.1250,12910400,5.9155
1994-11-21,13.2188,13.3750,13.2188,13.2813,5462400,5.9859
1994-11-22,13.2813,13.3750,13.0313,13.0625,8660800,5.8873
1994-11-23,13.0625,13.0625,12.8125,12.9375,9977200,5.8310
1994-11-25,12.9375,13.0000,12.9063,12.9688,2404800,5.8671
1994-11-28,12.9688,13.0625,12.8438,13.0313,4730000,5.8954
1994-11-29,13.0000,13.0000,12.8438,13.0000,4000000,5.8813
1994-11-30,13.0000,13.0313,12.7500,12.7813,6785200,5.7823
1994-12-01,12.7813,12.8125,12.6250,12.6250,6180000,5.7116
1994-12-02,12.6250,12.9063,12.6250,12.8750,3929600,5.8247
1994-12-05,12.8750,12.9375,12.7813,12.8750,3905200,5.8247
1994-12-06,12.8750,12.8750,12.6563,12.7813,5281200,5.7823
1994-12-07,12.7813,12.8125,12.6563,12.7188,5961600,5.7540
1994-12-08,12.7188,12.7500,12.6250,12.6563,4102400,5.7258
1994-12-09,12.6563,12.6563,12.4375,12.5000,6738400,5.6551
1994-12-12,12.5000,12.5313,12.4375,12.4688,6651600,5.6409
1994-12-13,12.4688,12.6250,12.4375,12.5313,5999600,5.6692
1994-12-14,12.5625,12.7500,12.5625,12.7188,6950400,5.7540
1994-12-15,12.7188,12.8438,12.6563,12.7500,7789600,5.7682
1994-12-16,12.7500,12.9063,12.7500,12.9063,21001200,5.8389
1994-12-19,12.9063,12.9063,12.8125,12.8438,5346800,5.8106
1994-12-20,12.9063,13.0625,12.9063,13.0313,6661600,5.8954
1994-12-21,13.0625,13.2188,13.0625,13.1875,6763600,5.9661
1994-12-22,13.1250,13.1250,12.7813,12.7813,11082000,5.7823
1994-12-23,12.8125,12.9688,12.8125,12.9063,3908800,5.8389
1994-12-27,12.9375,13.0625,12.9375,13.0625,3012400,5.9096
1994-12-28,13.0625,13.1250,13.0000,13.0625,3588000,5.9096
1994-12-29,13.0625,13.0938,13.0000,13.0938,3500400,5.9237
1994-12-30,13.0938,13.1250,12.8750,12.8750,3295200,5.8247
1995-01-03,12.8750,12.9688,12.8125,12.9375,5140400,5.8530
1995-01-04,12.9375,12.9375,12.5938,12.6563,6486000,5.7258
1995-01-05,12.6563,12.6875,12.4688,12.5938,8465600,5.6975
1995-01-06,12.5938,12.6563,12.5000,12.5938,5403200,5.6975
1995-01-09,12.5625,12.5625,12.3750,12.4063,5883600,5.6127
1995-01-10,12.4063,12.4688,12.2500,12.2813,7449600,5.5561
1995-01-11,12.2813,12.3750,12.2500,12.3125,7812400,5.5703
1995-01-12,12.3125,12.4688,12.1875,12.4375,8340400,5.6268
1995-01-13,12.4375,12.6250,12.4063,12.4375,9859200,5.6268
1995-01-16,12.5313,12.7188,12.5313,12.6563,5756800,5.7258
1995-01-17,12.6563,12.8125,12.6563,12.7188,5141200,5.7540
1995-01-18,12.6875,12.6875,12.5625,12.6250,4547600,5.7116
1995-01-19,12.6250,12.7813,12.5000,12.7188,6010400,5.7540
1995-01-20,12.7188,12.7500,12.6563,12.7188,10706800,5.7540
1995-01-23,12.7188,12.8125,12.6563,12.7188,5020800,5.7540
1995-01-24,12.7188,12.7188,12.5625,12.5938,5836800,5.6975
1995-01-25,12.5938,12.7500,12.5625,12.6563,6080000,5.7258
1995-01-26,12.6563,12.9375,12.6563,12.9375,4964000,5.8530
1995-01-27,12.9375,13.1875,12.9375,13.0938,7456000,5.9237
1995-01-30,13.0938,13.1875,13.0000,13.1563,5830400,5.9520
1995-01-31,13.1563,13.1875,13.0938,13.1250,5863200,5.9378
1995-02-01,13.1250,13.2188,13.0625,13.0625,4682000,5.9096
1995-02-02,13.0625,13.0938,12.9063,13.0938,4794000,5.9237
1995-02-03,13.1563,13.2813,13.1563,13.2813,5730800,6.0085
1995-02-06,13.2813,13.4063,13.2188,13.3125,5790800,6.0227
1995-02-07,13.3125,13.4688,13.2813,13.4063,4474800,6.0651
1995-02-08,13.4063,13.5313,13.3125,13.3125,4912000,6.0227
1995-02-09,13.3125,13.3438,13.0938,13.1250,4352000,5.9378
1995-02-10,13.1250,13.3125,13.0000,13.2813,5887600,6.0085
1995-02-13,13.2813,13.3125,13.0625,13.0938,4449200,5.9237
1995-02-14,13.0938,13.1563,12.9688,13.0313,5996400,5.8954
1995-02-15,13.0313,13.2813,13.0313,13.2188,6121600,5.9802
1995-02-16,13.2188,13.5000,13.1875,13.5000,6071200,6.1075
1995-02-17,13.5000,13.5000,13.3438,13.3438,12989200,6.0368
1995-02-21,13.3438,13.4688,13.2813,13.4063,5260000,6.0651
1995-02-22,13.4063,13.4688,13.3125,13.4375,6856000,6.0792
1995-02-23,13.4375,13.6250,13.4375,13.5000,5518000,6.1075
1995-02-24,13.5000,13.7188,13.5000,13.6875,4967200,6.1923
1995-02-27,13.6875,13.7813,13.6250,13.6250,4788800,6.1640
1995-02-28,13.6250,13.7500,13.5313,13.7500,5686800,6.2206
1995-03-01,13.7500,13.8125,13.6563,13.8125,5937600,6.2489
1995-03-02,13.8125,13.8750,13.6875,13.7188,3712400,6.2065
1995-03-03,13.7188,13.8750,13.6563,13.7813,4786000,6.2347
1995-03-06,13.7813,14.0000,13.6563,13.9688,5340400,6.3195
1995-03-07,13.9688,13.9688,13.7813,13.8438,7058000,6.2630
1995-03-08,13.8438,13.9375,13.8438,13.8750,6709600,6.2771
1995-03-09,13.8750,13.9063,13.6875,13.7500,5717600,6.2453
1995-03-10,13.7500,14.2188,13.7500,14.1875,7529200,6.4441
1995-03-13,14.1875,14.2813,14.1250,14.2188,4592400,6.4582
1995-03-14,14.2188,14.3125,14.1875,14.2188,4772400,6.4582
1995-03-15,14.2188,14.3125,14.1875,14.2813,4292000,6.4866
1995-03-16,14.2813,14.6875,14.2500,14.6250,6750800,6.6428
1995-03-17,14.6250,14.6563,14.5313,14.5625,13594800,6.6144
1995-03-20,14.5625,14.5625,14.4063,14.4375,5820000,6.5576
1995-03-21,14.4375,14.8438,14.4375,14.6250,7289600,6.6428
1995-03-22,14.6563,14.8438,14.6563,14.7500,6744800,6.6996
1995-03-23,14.5977,14.5977,14.3438,14.5000,17843200,6.5860
1995-03-24,14.5000,14.5625,14.4063,14.4375,8181200,6.5576
1995-03-27,14.4063,14.4063,14.1875,14.3438,7771200,6.5150
1995-03-28,14.3438,14.3750,14.2500,14.2500,5079600,6.4724
1995-03-29,14.2500,14.5625,14.1563,14.4063,9080800,6.5434
1995-03-30,14.4063,14.4375,14.1563,14.1875,5494000,6.4441
1995-03-31,14.1875,14.2813,14.0625,14.0938,7028800,6.4015
1995-04-03,14.0938,14.4688,14.0313,14.4375,6577200,6.5576
1995-04-04,14.4688,14.5938,14.4688,14.5938,6312800,6.6286
1995-04-05,14.5938,14.5938,14.4688,14.5625,4466000,6.6144
1995-04-06,14.5625,14.6250,14.4688,14.6250,4118000,6.6428
1995-04-07,14.6250,14.7188,14.4688,14.6875,4659600,6.6712
1995-04-10,14.6875,14.7188,14.5938,14.6250,3836400,6.6428
1995-04-11,14.6250,14.6875,14.4375,14.4688,4266000,6.5718
1995-04-12,14.4688,14.5938,14.4375,14.5938,4249200,6.6286
1995-04-13,14.5938,14.7188,14.5313,14.5313,3522400,6.6002
1995-04-17,14.5313,14.5938,14.2813,14.2813,5425200,6.4866
1995-04-18,14.2813,14.6250,14.2813,14.5938,4948400,6.6286
1995-04-19,14.5938,14.6250,14.2813,14.4688,7298400,6.5718
1995-04-20,14.4688,14.4688,14.3125,14.3125,3889200,6.5008
1995-04-21,14.3125,14.5313,14.3125,14.5313,8422400,6.6002
1995-04-24,14.5313,14.6250,14.4375,14.5938,3816400,6.6286
1995-04-25,14.5938,14.6250,14.4688,14.5625,3542000,6.6144
1995-04-26,14.5625,14.6563,14.5000,14.5313,5839200,6.6002
1995-04-27,14.5313,14.5938,14.5000,14.5000,4389200,6.5860
1995-04-28,14.5000,14.5625,14.4063,14.5313,6223200,6.6002
1995-05-01,14.5000,14.5000,14.4063,14.4063,6298400,6.5434
1995-05-02,14.4063,14.5625,14.3750,14.5000,5975600,6.5860
1995-05-03,14.5313,14.6563,14.5313,14.6563,8095600,6.6570
1995-05-04,14.6563,14.8438,14.6250,14.7500,10088800,6.6996
1995-05-05,14.7500,14.9688,14.7500,14.8750,5188000,6.7563
1995-05-08,14.8750,15.2188,14.8750,15.1875,6488400,6.8983
1995-05-09,15.1875,15.3125,15.1250,15.2500,6095200,6.9267
1995-05-10,15.2500,15.4375,15.2500,15.3438,8253600,6.9692
1995-05-11,15.3438,15.3750,15.1875,15.2188,6382000,6.9125
1995-05-12,15.1563,15.1563,14.7188,14.7500,11292800,6.6996
1995-05-15,14.7500,14.8125,14.4063,14.4688,15693200,6.5718
1995-05-16,14.4688,14.4688,14.2188,14.3438,14427200,6.5150
1995-05-17,14.3438,14.5625,14.3438,14.5000,12747600,6.5860
1995-05-18,14.5000,14.5938,14.3125,14.3125,8800000,6.5008
1995-05-19,14.3125,14.5938,14.2500,14.5938,13620000,6.6286
1995-05-22,14.5938,14.6875,14.5625,14.6875,4430400,6.6712
1995-05-23,14.6875,14.9688,14.6875,14.9688,7442000,6.7989
1995-05-24,14.9688,15.0000,14.7813,14.9063,6097600,6.7705
1995-05-25,14.9063,15.0938,14.8750,15.0000,6060400,6.8131
1995-05-26,15.0000,15.0313,14.8438,14.9063,6882800,6.7705
1995-05-30,14.9063,15.0313,14.9063,15.0313,4012400,6.8273
1995-05-31,15.0313,15.4688,15.0000,15.4063,7300400,6.9976
1995-06-01,15.4063,15.4688,15.1250,15.2500,6048000,6.9267
1995-06-02,15.2500,15.4375,15.1250,15.2188,5143600,6.9125
1995-06-05,15.2188,15.2188,14.9688,15.0938,4532000,6.8557
1995-06-06,15.0938,15.2188,15.0313,15.0625,3978400,6.8415
1995-06-07,15.0625,15.1875,14.9688,15.1250,2508000,6.8699
1995-06-08,15.1250,15.2500,15.0938,15.1875,3702000,6.8983
1995-06-09,15.1875,15.1875,14.9688,15.0000,5911600,6.8131
1995-06-12,15.0000,15.1250,14.9688,15.0625,4702800,6.8415
1995-06-13,15.0625,15.1563,15.0625,15.1250,4248800,6.8951
1995-06-14,15.1250,15.3125,15.0625,15.2188,4628800,6.9378
1995-06-15,15.2188,15.4375,15.2188,15.3438,4476800,6.9948
1995-06-16,15.3438,15.6250,15.3438,15.5938,14975600,7.1087
1995-06-19,15.5938,15.7188,15.5313,15.6875,4116000,7.1515
1995-06-20,15.6875,15.8438,15.6250,15.8125,5641600,7.2085
1995-06-21,15.8125,16.0625,15.8125,16.0000,7338400,7.2939
1995-06-22,16.0938,16.3125,16.0938,16.2188,5820000,7.3937
1995-06-23,16.2188,16.4688,16.2188,16.3438,4465600,7.4506
1995-06-26,16.3438,16.5000,16.3438,16.4375,4096000,7.4934
1995-06-27,16.4375,16.4375,16.0938,16.1875,7443200,7.3794
1995-06-28,16.1875,16.2500,16.0000,16.1250,6949200,7.3509
1995-06-29,16.1250,16.2188,15.9063,16.0000,6576800,7.2939
1995-06-30,16.0000,16.2500,15.9375,15.9375,4618000,7.2655
1995-07-03,15.9375,16.1563,15.9375,16.1250,1792400,7.3509
1995-07-05,16.1250,16.2813,15.9375,15.9688,6891200,7.2797
1995-07-06,15.9688,16.1250,15.9063,16.1250,5729200,7.3509
1995-07-07,16.1250,16.2188,15.7813,15.8125,7645600,7.2085
1995-07-10,15.8750,16.0625,15.8750,15.9375,7407600,7.2655
1995-07-11,15.9375,16.0000,15.8438,16.0000,4734000,7.2939
1995-07-12,16.0000,16.2813,15.9375,16.2813,4381200,7.4222
1995-07-13,16.2813,16.3125,15.9688,16.1563,4482400,7.3652
1995-07-14,16.1563,16.1875,15.9688,15.9688,4589600,7.2797
1995-07-17,15.9688,16.0625,15.8750,16.0000,5247200,7.2939
1995-07-18,16.0000,16.1563,15.9375,16.1250,4444000,7.3509
1995-07-19,16.1250,16.3438,16.0625,16.2813,6855600,7.4222
1995-07-20,16.2813,16.3438,15.9375,16.0625,5752800,7.3224
1995-07-21,16.0625,16.2813,15.9688,16.2813,12502400,7.4222
1995-07-24,16.2813,16.4063,16.2188,16.3125,3861200,7.4364
1995-07-25,16.3125,16.4063,16.2500,16.4063,3397600,7.4791
1995-07-26,16.4063,16.7188,16.3750,16.6250,5338400,7.5789
1995-07-27,16.6250,16.7188,16.5625,16.6250,4396000,7.5789
1995-07-28,16.6250,16.6875,16.4688,16.5000,2989200,7.5219
1995-07-31,16.5000,16.5000,16.2813,16.4063,3956800,7.4791
1995-08-01,16.4063,16.6875,16.3438,16.6250,5228000,7.5789
1995-08-02,16.6250,16.7813,16.4063,16.4688,5776800,7.5076
1995-08-03,16.4688,16.5938,16.3750,16.4375,4850800,7.4934
1995-08-04,16.4375,16.5625,16.4375,16.5313,2689600,7.5361
1995-08-07,16.5313,16.5625,16.3125,16.4375,2959200,7.4934
1995-08-08,16.4375,16.5000,16.3750,16.5000,3415600,7.5219
1995-08-09,16.5000,16.7188,16.4375,16.6875,3360400,7.6074
1995-08-10,16.6875,16.7813,16.5625,16.6875,4860800,7.6074
1995-08-11,16.6563,16.6563,16.4063,16.5000,6809600,7.5219
1995-08-14,16.5000,16.6250,16.3750,16.5938,3816400,7.5646
1995-08-15,16.5000,16.5000,16.2813,16.3750,7271200,7.4649
1995-08-16,16.2500,16.2500,16.0625,16.1250,10228000,7.3509
1995-08-17,16.1250,16.1250,15.8750,16.0938,10762000,7.3367
1995-08-18,16.0000,16.0000,15.6563,15.7500,15233200,7.1800
1995-08-21,15.7500,15.9375,15.7188,15.7813,8257200,7.1942
1995-08-22,15.7813,15.8750,15.6875,15.8125,8584800,7.2085
1995-08-23,15.8125,15.8750,15.7188,15.7188,5272000,7.1657
1995-08-24,15.7500,15.9375,15.7500,15.9375,5158800,7.2655
1995-08-25,16.0000,16.1875,16.0000,16.1250,6627600,7.3509
1995-08-28,16.1250,16.2188,16.0625,16.1875,4306800,7.3794
1995-08-29,16.1875,16.2188,16.0625,16.1563,3684000,7.3652
1995-08-30,16.1563,16.1875,16.0625,16.0625,4794800,7.3224
1995-08-31,16.0625,16.1875,16.0000,16.0625,5545600,7.3224
1995-09-01,16.0625,16.1563,16.0000,16.0313,4201600,7.3082
1995-09-05,16.0000,16.0000,15.8438,15.9375,5315600,7.2655
1995-09-06,15.9375,16.1563,15.9375,16.1250,5516000,7.3509
1995-09-07,16.1250,16.1250,15.9375,15.9688,5791600,7.2797
1995-09-08,15.9688,16.0313,15.8750,15.9063,6103200,7.2512
1995-09-11,15.9375,16.0313,15.9375,15.9375,4402800,7.2655
1995-09-12,15.9688,16.1563,15.9688,16.1563,6072800,7.3652
1995-09-13,16.1563,16.4688,16.0313,16.4688,6682400,7.5333
1995-09-14,16.4688,16.6250,16.3438,16.5938,7926400,7.5905
1995-09-15,16.5938,16.7500,16.5313,16.6563,14606800,7.6191
1995-09-18,16.6563,16.7500,16.5625,16.7188,4293200,7.6476
1995-09-19,16.7188,16.8750,16.6875,16.8750,4229600,7.7191
1995-09-20,16.8750,17.3750,16.8750,17.2813,8595200,7.9049
1995-09-21,17.2813,17.4688,17.1563,17.3750,5928400,7.9478
1995-09-22,17.3750,17.6563,17.1563,17.6563,5979600,8.0765
1995-09-25,17.6250,17.6250,17.4063,17.5313,4671200,8.0193
1995-09-26,17.4688,17.4688,17.2188,17.4375,4724000,7.9764
1995-09-27,17.4375,17.5625,17.2500,17.5313,5108000,8.0193
1995-09-28,17.5313,17.5625,17.1250,17.1875,5733200,7.8621
1995-09-29,17.1875,17.3438,16.9688,17.2500,6300800,7.8906
1995-10-02,17.2500,17.3750,17.0938,17.2188,5473600,7.8763
1995-10-03,17.3125,17.7500,17.3125,17.7188,5711200,8.1051
1995-10-04,17.7188,17.9063,17.5938,17.9063,5485200,8.1908
1995-10-05,17.9063,17.9688,17.5625,17.6563,6158800,8.0765
1995-10-06,17.6563,17.7813,17.5938,17.6875,2790400,8.0908
1995-10-09,17.6875,18.0625,17.5938,17.9063,4142800,8.1908
1995-10-10,17.9063,17.9375,17.6250,17.8438,6683200,8.1622
1995-10-11,17.8438,17.9063,17.6563,17.7813,4237600,8.1337
1995-10-12,17.7813,17.8750,17.6875,17.6875,2575200,8.0908
1995-10-13,17.7188,17.9688,17.7188,17.7188,3372000,8.1051
1995-10-16,17.7188,18.0000,17.7188,17.9063,3349200,8.1908
1995-10-17,17.9063,17.9063,17.6250,17.7188,3501200,8.1051
1995-10-18,17.7188,17.9688,17.6563,17.9375,4730400,8.2051
1995-10-19,17.9375,18.3750,17.6875,18.3750,10838000,8.4053
1995-10-20,18.3750,18.4688,18.0625,18.0938,13272400,8.2766
1995-10-23,18.0938,18.0938,17.9375,18.0000,5838000,8.2337
1995-10-24,18.0000,18.1875,17.9688,18.1250,5394400,8.2909
1995-10-25,17.9375,17.9375,17.8125,17.9375,10221600,8.2051
1995-10-26,17.9375,18.0938,17.6875,17.7500,9260800,8.1194
1995-10-27,17.7500,17.9219,17.6563,17.9063,6468400,8.1908
1995-10-30,17.9063,18.0625,17.9063,18.0000,4279200,8.2337
1995-10-31,18.0000,18.1875,17.9688,17.9688,5702800,8.2194
1995-11-01,17.9688,18.0625,17.8750,17.9375,4869600,8.2051
1995-11-02,17.9375,18.0000,17.8125,17.9063,4910800,8.1908
1995-11-03,17.9063,18.0313,17.7813,17.7813,6625600,8.1337
1995-11-06,17.7813,17.8438,17.5938,17.5938,4516400,8.0479
1995-11-07,17.5938,17.8125,17.5938,17.8125,5918800,8.1480
1995-11-08,17.8438,18.1875,17.8438,18.1875,6779600,8.3195
1995-11-09,18.1875,18.2500,17.9375,17.9375,5708000,8.2051
1995-11-10,17.9375,18.1875,17.9063,18.1875,3973600,8.3195
1995-11-13,18.1875,18.5000,18.1250,18.4688,5506400,8.4481
1995-11-14,18.4688,18.5625,18.3438,18.5000,5934000,8.4624
1995-11-15,18.5000,18.5938,18.3125,18.5625,5509200,8.4910
1995-11-16,18.5625,18.7813,18.5625,18.6875,6279200,8.5482
1995-11-17,18.6875,18.7813,18.6250,18.7500,9172000,8.5768
1995-11-20,18.7500,18.8125,18.6563,18.8125,4393200,8.6054
1995-11-21,18.8125,19.2188,18.7813,19.1875,5382400,8.7769
1995-11-22,19.1563,19.1563,18.7500,18.7500,4871200,8.5768
1995-11-24,18.7500,18.8750,18.7500,18.8125,972000,8.6054
1995-11-27,18.8125,18.8438,18.5938,18.6563,5248000,8.5339
1995-11-28,18.6563,18.9063,18.6250,18.8438,5060800,8.6197
1995-11-29,18.8438,18.8750,18.7188,18.8750,3523200,8.6592
1995-11-30,18.8750,19.0313,18.8438,18.9375,4748400,8.6879
1995-12-01,18.9375,19.0938,18.8750,18.9453,4114800,8.6915
1995-12-04,18.9453,19.0625,18.7813,19.0625,5209600,8.7453
1995-12-05,19.0625,19.4375,18.9688,19.3438,5074400,8.8743
1995-12-06,19.3438,19.8438,19.3438,19.8438,7152400,9.1037
1995-12-07,19.8125,19.8125,19.5000,19.5938,5218800,8.9890
1995-12-08,19.5938,19.7813,19.5313,19.6250,3580000,9.0033
1995-12-11,19.6250,20.0313,19.5938,19.8438,5690000,9.1037
1995-12-12,19.8438,20.0625,19.8125,20.0313,4158000,9.1897
1995-12-13,20.0313,20.0938,19.9688,20.0000,4852000,9.1754
1995-12-14,20.0000,20.0000,19.6875,19.6875,6360800,9.0320
1995-12-15,19.6875,19.8438,19.6250,19.6563,19741200,9.0177
1995-12-18,19.5625,19.5625,19.3750,19.4063,6014800,8.9030
1995-12-19,19.4063,19.4688,18.9063,19.3125,9596800,8.8599
1995-12-20,19.3125,19.3125,18.5625,18.5625,8376800,8.5159
1995-12-21,18.5625,19.0000,17.9063,18.1875,27332800,8.3438
1995-12-22,18.1875,18.2500,17.6563,18.0000,14698800,8.2578
1995-12-26,18.0000,18.7188,18.0000,18.6563,8573600,8.5589
1995-12-27,18.6563,18.8438,18.6563,18.6563,8964000,8.5589
1995-12-28,18.6563,18.7813,18.5625,18.7188,5162400,8.5876
1995-12-29,18.7188,18.7813,18.4063,18.5625,5038000,8.5159
1996-01-02,18.5625,18.8125,18.4688,18.7500,7598800,8.6019
1996-01-03,18.7813,18.9688,18.7813,18.9063,7097200,8.6736
1996-01-04,18.9063,19.0000,18.6250,18.7500,8546400,8.6019
1996-01-05,18.7500,18.8750,18.5313,18.6563,6228400,8.5589
1996-01-08,18.6563,18.8125,18.6563,18.7813,1896800,8.6162
1996-01-09,18.7813,18.8750,18.5000,18.5313,6684000,8.5015
1996-01-10,18.4688,18.4688,18.1875,18.2188,7148000,8.3582
1996-01-11,18.2188,18.4063,18.0313,18.4063,8260000,8.4442
1996-01-12,18.4063,18.5313,18.0938,18.1875,7219200,8.3438
1996-01-15,18.1875,18.4375,18.1875,18.4063,4016800,8.4442
1996-01-16,18.4063,18.7188,18.2813,18.7188,4967200,8.5876
1996-01-17,18.7188,18.8438,18.2500,18.2813,7014400,8.3868
1996-01-18,18.2813,18.3750,18.0313,18.3438,6645600,8.4155
1996-01-19,18.3438,18.4688,18.1875,18.3438,8391200,8.4155
1996-01-22,18.3438,18.3438,18.0625,18.1875,5954400,8.3438
1996-01-23,18.1875,18.4375,18.0625,18.3750,5876800,8.4299
1996-01-24,18.4688,18.7813,18.4688,18.7813,6524000,8.6162
1996-01-25,18.7813,18.8125,18.2813,18.4063,7552800,8.4442
1996-01-26,18.4063,18.6250,18.3125,18.6250,4814800,8.5445
1996-01-29,18.6250,18.6875,18.5313,18.5625,3785200,8.5159
1996-01-30,18.6250,18.8750,18.6250,18.8125,6600000,8.6306
1996-01-31,18.8125,18.9375,18.6563,18.8438,5199600,8.6449
1996-02-01,18.8438,18.9063,18.7500,18.8750,6909600,8.6592
1996-02-02,18.8750,19.0000,18.7188,18.7813,6744400,8.6162
1996-02-05,18.7813,19.0625,18.7188,19.0625,5068000,8.7453
1996-02-06,19.0625,19.1875,18.9063,19.1563,8264800,8.7883
1996-02-07,19.1875,19.5313,19.1875,19.5000,9185600,8.9460
1996-02-08,19.5000,20.1875,19.4063,20.0625,9802400,9.2040
1996-02-09,20.0625,20.0625,19.7500,19.9063,8433200,9.1323
1996-02-12,19.9063,20.0000,19.7500,19.9063,6339200,9.1323
1996-02-13,19.9375,20.5000,19.9375,20.1875,10009200,9.2614
1996-02-14,20.1875,20.3438,19.9688,20.2500,8844000,9.2900
1996-02-15,20.2500,20.5625,20.1875,20.3125,6568400,9.3187
1996-02-16,20.2188,20.2188,20.0313,20.1250,10399200,9.2327
1996-02-20,20.1250,20.4375,19.9688,20.1563,6419600,9.2470
1996-02-21,20.1875,20.4688,20.1875,20.4688,4871200,9.3904
1996-02-22,20.6250,21.0625,20.6250,21.0000,7690000,9.6341
1996-02-23,21.0000,21.0938,20.5313,20.7813,6533200,9.5338
1996-02-26,20.7188,20.7188,20.3750,20.4375,5782800,9.3761
1996-02-27,20.4375,20.5313,20.1250,20.5313,8136400,9.4191
1996-02-28,20.5313,20.8438,20.2813,20.3438,9175600,9.3331
1996-02-29,20.3438,20.5625,20.0313,20.1875,7492400,9.2614
1996-03-01,20.2500,20.5625,20.2500,20.5313,6280400,9.4191
1996-03-04,20.5313,21.0938,20.4688,21.0000,6585200,9.6341
1996-03-05,21.0000,21.0625,20.8750,21.0625,4802800,9.6628
1996-03-06,21.0625,21.0938,20.7188,20.7813,5117200,9.5338
1996-03-07,20.7813,21.0000,20.6563,20.8750,6560800,9.5768
1996-03-08,20.7188,20.7188,19.9688,20.0625,11803200,9.2040
1996-03-11,20.0625,20.4063,20.0313,20.2813,10594400,9.3044
1996-03-12,20.2813,20.3125,19.9688,20.3125,7973600,9.3187
1996-03-13,20.3125,20.4375,20.1875,20.2813,7414800,9.3331
1996-03-14,20.2813,20.5625,20.2500,20.3750,5267200,9.3762
1996-03-15,20.3750,20.4063,20.1875,20.2188,12249200,9.3043
1996-03-18,20.3750,20.6563,20.3750,20.6250,6808400,9.4913
1996-03-19,20.6250,20.7188,20.5313,20.6250,6303600,9.4913
1996-03-20,20.7188,21.0938,20.7188,21.0625,5901200,9.6926
1996-03-21,21.0625,21.1250,20.8125,20.9063,5139200,9.6207
1996-03-22,20.9063,21.0625,20.8438,20.9688,3704800,9.6495
1996-03-25,21.0625,21.1875,21.0625,21.1250,5131600,9.7214
1996-03-26,21.1250,21.2813,21.0000,21.2188,5312400,9.7645
1996-03-27,21.2188,21.3438,20.9688,20.9688,6892800,9.6495
1996-03-28,20.9688,21.0313,20.8750,20.9688,4888800,9.6495
1996-03-29,20.9688,21.0000,20.6563,20.6875,5764000,9.5201
1996-04-01,20.7813,21.0938,20.7813,21.0625,8300000,9.6926
1996-04-02,21.0625,21.1250,20.9063,21.0000,4944800,9.6639
1996-04-03,21.0000,21.0313,20.8438,21.0000,3786000,9.6639
1996-04-04,21.0000,21.0313,20.8750,20.9375,4069600,9.6351
1996-04-08,20.6563,20.6563,20.3750,20.6250,8134000,9.4913
1996-04-09,20.6250,20.8750,20.4063,20.4375,7615600,9.4050
1996-04-10,20.4375,20.5000,19.7188,19.7188,9358800,9.0742
1996-04-11,19.7188,20.0000,19.6563,19.9688,12240000,9.1893
1996-04-12,20.0313,20.3438,20.0313,20.1875,5786000,9.2900
1996-04-15,20.1875,20.2500,20.0313,20.2500,4102000,9.3187
1996-04-16,20.2500,20.4375,20.1875,20.3438,5059200,9.3619
1996-04-17,20.2813,20.2813,19.8438,20.0313,8906000,9.2181
1996-04-18,20.0313,20.1563,19.8438,19.8750,9608000,9.1462
1996-04-19,19.8750,20.0625,19.5625,19.6875,13010400,9.0599
1996-04-22,19.8750,20.1875,19.8750,20.1563,7160800,9.2756
1996-04-23,20.1563,20.2813,20.0625,20.2500,6218800,9.3187
1996-04-24,20.2500,20.3750,19.9688,20.0938,7198000,9.2468
1996-04-25,20.0938,20.4063,19.9063,20.3125,7151200,9.3475
1996-04-26,20.3125,20.5000,20.2188,20.3125,4176400,9.3475
1996-04-29,20.3125,20.3438,20.1250,20.2813,4107200,9.3331
1996-04-30,20.2813,20.4375,20.2500,20.3750,5520000,9.3762
1996-05-01,20.3750,20.5000,20.3125,20.4375,3995600,9.4050
1996-05-02,20.3438,20.3438,20.0625,20.0938,6999600,9.2468
1996-05-03,20.0938,20.1563,19.9063,19.9375,6925200,9.1749
1996-05-06,19.9375,20.2188,19.7500,20.2188,7170400,9.3043
1996-05-07,20.2188,20.4063,20.1563,20.3438,6702800,9.3619
1996-05-08,20.3438,20.6875,20.0625,20.6875,8292800,9.5201
1996-05-09,20.6875,20.9375,20.5938,20.6875,4820400,9.5201
1996-05-10,20.7188,20.9688,20.7188,20.9688,4942800,9.6495
1996-05-13,21.5000,21.5000,20.8750,21.5000,8275800,9.8939
1996-05-14,21.6875,22.3125,21.6875,22.1875,13405600,10.2103
1996-05-15,22.1875,22.6875,22.1875,22.2500,12970600,10.2391
1996-05-16,22.2500,22.8750,22.2500,22.7500,10024400,10.4692
1996-05-17,22.8125,23.3750,22.8125,23.0625,14869200,10.6130
1996-05-20,23.0625,23.3750,22.2500,23.2500,8158800,10.6993
1996-05-21,23.2500,23.9375,22.5000,23.2500,10411000,10.6993
1996-05-22,23.2500,23.6875,22.8750,23.5625,11524600,10.8431
1996-05-23,23.5625,23.6875,23.1875,23.3125,9491200,10.7280
1996-05-24,23.3125,23.8750,23.3125,23.7500,6385200,10.9294
1996-05-28,23.6250,23.6250,23.0000,23.0000,7993000,10.5842
1996-05-29,23.0000,23.4375,22.8750,23.0000,8676200,10.5842
1996-05-30,23.0000,23.5625,22.8750,23.3750,6572400,10.7568
1996-05-31,23.3750,23.4375,22.9375,23.0000,6618000,10.5842
1996-06-03,23.0000,23.2500,22.8750,23.1250,6066400,10.6418
1996-06-04,23.1250,23.3125,22.9688,23.2500,5020800,10.6993
1996-06-05,23.2500,23.8750,23.1875,23.8750,5661800,10.9869
1996-06-06,23.8750,23.9375,23.3750,23.3750,5061600,10.7568
1996-06-07,23.3750,23.5000,22.8750,23.4375,5914200,10.7856
1996-06-10,23.4375,23.5625,23.2500,23.3750,3519600,10.7568
1996-06-11,23.3750,23.7500,23.3125,23.5000,4912000,10.8143
1996-06-12,23.5000,23.6250,23.1250,23.1250,4903800,10.6701
1996-06-13,23.1250,23.3125,23.0625,23.1875,3719400,10.6990
1996-06-14,23.1875,23.2500,22.8750,22.8750,4581400,10.5548
1996-06-17,22.9375,23.1875,22.9375,23.0625,4328200,10.6413
1996-06-18,23.0625,23.1875,22.9375,23.1250,4982400,10.6701
1996-06-19,23.1250,23.4375,23.1250,23.2500,3789400,10.7278
1996-06-20,23.3125,23.7500,23.3125,23.3750,8487000,10.7855
1996-06-21,23.4375,23.8125,23.4375,23.8125,14162200,10.9873
1996-06-24,23.8750,24.4375,23.8750,24.3750,6982600,11.2469
1996-06-25,24.3750,24.5000,24.0625,24.2500,4805000,11.1892
1996-06-26,24.4375,24.7500,24.4375,24.5625,6813000,11.3334
1996-06-27,24.5625,24.5625,24.0625,24.4375,7128200,11.2757
1996-06-28,24.4375,24.6250,24.3750,24.5000,4991600,11.3046
1996-07-01,24.5000,24.7500,24.3750,24.6875,5399400,11.3911
1996-07-02,24.6875,24.8125,24.5625,24.7500,4856800,11.4199
1996-07-03,24.7500,24.9375,24.2500,24.5000,5848200,11.3046
1996-07-05,24.2500,24.2500,23.6250,23.7500,3621400,10.9585
1996-07-08,23.7500,23.9375,23.5625,23.6875,5660000,10.9297
1996-07-09,23.6875,24.0000,23.6875,23.7500,4043200,10.9585
1996-07-10,23.7500,24.0000,23.4375,24.0000,5285200,11.0739
1996-07-11,24.0000,24.0000,23.5000,23.8125,5448600,10.9873
1996-07-12,23.8125,23.8750,23.5000,23.5625,4802200,10.8720
1996-07-15,23.5625,23.5625,22.6875,22.7500,7929200,10.4971
1996-07-16,22.7500,23.3750,22.1250,23.0625,12564800,10.6413
1996-07-17,23.0625,23.5625,23.0000,23.0000,7255400,10.6124
1996-07-18,23.1875,23.7500,23.1875,23.6875,5149200,10.9297
1996-07-19,23.6875,23.7500,23.3750,23.5625,6963600,10.8720
1996-07-22,23.5625,23.8125,23.3125,23.6875,4490600,10.9297
1996-07-23,23.6875,23.7500,23.3125,23.3750,6255800,10.7855
1996-07-24,23.2500,23.2500,22.6250,22.9375,8610800,10.5836
1996-07-25,23.0000,23.3750,23.0000,23.0625,6681200,10.6413
1996-07-26,23.0625,23.6250,23.0625,23.5625,4899800,10.8720
1996-07-29,23.5000,23.5000,23.0625,23.1250,3789600,10.6701
1996-07-30,23.1250,23.2500,22.6250,23.1875,4923800,10.6990
1996-07-31,23.1875,23.6875,23.0625,23.4375,5238200,10.8143
1996-08-01,23.4375,24.0625,23.3750,24.0625,6525400,11.1027
1996-08-02,24.0625,24.7500,23.3750,24.6250,6353800,11.3622
1996-08-05,24.6250,24.7500,24.5000,24.5625,3924800,11.3334
1996-08-06,24.5625,24.6875,24.3750,24.6875,4077000,11.3911
1996-08-07,24.6875,24.8750,24.3125,24.6250,4535400,11.3622
1996-08-08,24.6250,24.6875,24.3750,24.5000,2899800,11.3046
1996-08-09,24.5000,24.6875,24.2500,24.3750,4218000,11.2469
1996-08-12,24.3750,24.8750,24.3750,24.8750,4616400,11.4776
1996-08-13,24.8750,25.3750,24.7500,25.1250,7750200,11.5929
1996-08-14,25.1250,25.4375,25.0000,25.3125,4419800,11.6795
1996-08-15,25.3125,25.7500,25.3125,25.5625,5801000,11.7948
1996-08-16,25.6250,26.0625,25.6250,25.8750,7169800,11.9390
1996-08-19,25.8750,26.2500,25.7500,25.8125,4550200,11.9102
1996-08-20,25.8125,25.8750,25.4375,25.6250,4724200,11.8237
1996-08-21,25.6250,26.0000,25.3125,25.4375,3575600,11.7371
1996-08-22,25.4375,26.0000,25.3125,26.0000,3359800,11.9967
1996-08-23,26.0000,26.0625,25.5625,25.6875,3196000,11.8525
1996-08-26,25.6875,25.7500,25.4375,25.5625,3537000,11.7948
1996-08-27,25.5625,25.8125,25.5000,25.8125,2485000,11.9102
1996-08-28,25.8125,26.0000,25.5000,25.6250,3208800,11.8237
1996-08-29,25.5625,25.5625,25.0625,25.1875,5919800,11.6218
1996-08-30,25.1875,25.1875,24.8125,25.0000,5083800,11.5353
1996-09-03,25.0000,25.5625,24.7500,25.3750,6286800,11.7083
1996-09-04,25.3750,25.6250,25.0625,25.3125,4924000,11.6795
1996-09-05,25.3125,25.3750,25.0000,25.0000,3127200,11.5353
1996-09-06,25.1250,26.0000,25.1250,25.6563,6239200,11.8381
1996-09-09,25.6563,25.9375,25.6250,25.8750,4431800,11.9390
1996-09-10,25.8750,26.1875,25.8125,26.1875,5633400,12.0832
1996-09-11,26.1250,26.1250,25.8750,25.9375,3573400,11.9965
1996-09-12,25.9375,26.3750,25.9375,25.9375,3971400,11.9965
1996-09-13,26.2500,26.5625,26.2500,26.5000,5152800,12.2566
1996-09-16,26.5000,26.9375,26.5000,26.5625,5321600,12.2855
1996-09-17,26.5625,26.5625,26.0625,26.0625,5381600,12.0543
1996-09-18,26.0625,26.1875,25.7500,25.9375,6727200,11.9965
1996-09-19,25.9375,26.2500,25.8125,26.0000,4955600,12.0254
1996-09-20,25.8750,25.8750,25.3750,25.5625,15474000,11.8230
1996-09-23,25.5625,25.8125,25.3125,25.5625,4439000,11.8230
1996-09-24,25.5625,26.0625,25.4375,25.7500,6351800,11.9098
1996-09-25,25.7500,25.9375,25.5625,25.6250,4778600,11.8519
1996-09-26,25.6250,26.0000,25.5000,25.7500,4347000,11.9098
1996-09-27,25.7500,25.9375,25.3125,25.3750,5774800,11.7363
1996-09-30,25.3750,25.8125,25.3125,25.4375,4200200,11.7652
1996-10-01,25.4375,25.4375,24.5000,25.0625,13362000,11.5918
1996-10-02,25.0625,25.0625,24.6250,24.8750,7877600,11.5051
1996-10-03,24.8750,25.0000,24.3750,24.4375,7441200,11.3027
1996-10-04,24.4375,25.0625,24.4375,25.0000,8541600,11.5629
1996-10-07,25.0000,25.3125,25.0000,25.1250,5261400,11.6207
1996-10-08,25.1250,25.3125,24.9375,25.0000,4834800,11.5629
1996-10-09,25.0000,25.0625,24.5000,24.8750,6451000,11.5051
1996-10-10,24.8125,24.8125,24.4375,24.5000,4148800,11.3316
1996-10-11,24.5625,25.0625,24.5625,24.8750,4023200,11.5051
1996-10-14,24.8750,25.0625,24.5625,24.6875,2867800,11.4183
1996-10-15,24.6250,24.6250,23.8125,24.3750,9967000,11.2738
1996-10-16,24.3750,24.3750,24.0625,24.2500,6003400,11.2160
1996-10-17,24.2500,24.8750,24.0000,24.6250,6897400,11.3894
1996-10-18,24.6875,25.0625,24.6875,25.0000,6593200,11.5629
1996-10-21,25.0000,25.0000,24.6250,24.8750,5343200,11.5051
1996-10-22,24.8750,25.0625,24.8125,25.0625,3776000,11.5918
1996-10-23,25.0625,25.1875,24.8750,25.1250,4807200,11.6207
1996-10-24,25.1250,25.4375,25.0000,25.1250,4399800,11.6207
1996-10-25,25.1250,25.1875,24.9375,24.9375,3236600,11.5340
1996-10-28,24.9375,25.0625,24.6875,24.8125,4773600,11.4761
1996-10-29,24.8125,25.1875,24.7500,24.8750,5272800,11.5051
1996-10-30,24.8750,25.3125,24.8750,25.1875,5119800,11.6496
1996-10-31,25.1875,25.3125,25.0625,25.2500,4855200,11.6785
1996-11-01,25.2500,25.3750,24.8125,25.1250,5650600,11.6207
1996-11-04,25.1250,25.4375,24.8750,25.3750,6481800,11.7363
1996-11-05,25.5000,25.7500,25.5000,25.7500,5884200,11.9098
1996-11-06,25.7500,26.0000,25.5625,26.0000,5866000,12.0254
1996-11-07,26.0000,26.1875,25.8125,26.1875,4716600,12.1121
1996-11-08,26.1875,26.3125,26.0625,26.3125,3525000,12.1699
1996-11-11,26.3125,26.3125,25.9375,26.0000,3758600,12.0254
1996-11-12,26.0000,26.0000,25.5625,25.6875,5168400,11.8808
1996-11-13,25.7500,26.1250,25.7500,26.0000,3231800,12.0254
1996-11-14,26.0000,26.3125,25.9375,26.0625,4485800,12.0543
1996-11-15,26.2500,26.5000,26.2500,26.3750,7842600,12.1988
1996-11-18,26.3750,26.5000,26.0625,26.1250,4119400,12.0832
1996-11-19,26.1250,26.1875,25.7500,25.8750,4526400,11.9676
1996-11-20,25.8750,26.0000,25.8125,25.8125,3913400,11.9387
1996-11-21,25.8125,26.0000,25.0625,25.3125,11493800,11.7074
1996-11-22,25.3125,25.4375,25.0000,25.3750,7274000,11.7363
1996-11-25,25.3750,25.7188,25.3125,25.6875,6048200,11.8808
1996-11-26,25.6875,25.8125,25.5625,25.6250,7812400,11.8808
1996-11-27,25.6250,25.7500,25.5625,25.6250,3441400,11.8808
1996-11-29,25.6250,25.6875,25.5625,25.5625,1468400,11.8519
1996-12-02,25.5625,25.6250,25.1875,25.4375,4731200,11.7939
1996-12-03,25.4375,25.4375,24.8750,24.8750,6703000,11.5331
1996-12-04,24.8125,24.8125,24.3750,24.8125,8298000,11.5041
1996-12-05,24.8125,24.9375,24.1875,24.6250,7557800,11.4172
1996-12-06,24.6250,24.6250,23.8125,24.5000,9673800,11.3592
1996-12-09,24.5625,25.1250,24.5625,25.1250,5609200,11.6490
1996-12-10,25.0000,25.0000,24.8125,24.8125,3946400,11.5041
1996-12-11,24.7500,24.7500,24.3125,24.6250,6994400,11.4172
1996-12-12,24.6250,24.6875,23.8750,23.9375,6523800,11.0984
1996-12-13,23.9375,24.1250,23.4375,23.9375,8650800,11.0984
1996-12-16,24.0000,24.3750,24.0000,24.0625,6619400,11.1564
1996-12-17,24.0625,24.5000,23.9375,24.3125,7282400,11.2723
1996-12-18,24.3125,24.5625,24.0000,24.1875,4048400,11.2144
1996-12-19,24.1875,25.6250,23.9375,25.5625,10365800,11.8519
1996-12-20,26.1250,26.6250,26.1250,26.4375,22801800,12.2576
1996-12-23,26.4375,26.5625,25.9375,26.1875,5012400,12.1416
1996-12-24,26.1875,26.6250,26.0625,26.5625,2368200,12.3155
1996-12-26,26.5625,26.8125,26.5000,26.6250,3834400,12.3445
1996-12-27,26.7500,27.0625,26.7500,27.0000,3794000,12.5184
1996-12-30,27.0000,27.1250,26.5625,26.5625,2991000,12.3155
1996-12-31,26.5625,26.7500,26.2500,26.3125,4135400,12.1996
1997-01-02,26.2500,26.2500,25.5625,25.9375,7161800,12.0257
1997-01-03,26.1250,26.6875,26.1250,26.5625,5312000,12.3155
1997-01-06,26.5625,26.8125,26.1250,26.3125,6259600,12.1996
1997-01-07,26.3125,27.1875,25.9375,27.1875,7325400,12.6053
1997-01-08,27.1875,27.2500,26.5625,26.6875,5712000,12.3735
1997-01-09,26.8125,27.1875,26.8125,26.9375,5715000,12.4894
1997-01-10,26.9375,27.0625,26.3125,27.0625,6061600,12.5473
1997-01-13,27.0625,27.2500,26.8125,27.0000,4327400,12.5184
1997-01-14,27.2500,27.8750,27.2500,27.7500,7006000,12.8661
1997-01-15,27.7500,28.7500,27.5000,28.5000,9699000,13.2138
1997-01-16,28.5000,28.9375,28.3125,28.8125,6928200,13.3587
1997-01-17,28.8125,29.5625,28.7500,29.3750,11371200,13.6195
1997-01-20,29.3750,29.9375,29.3750,29.3750,7465600,13.6195
1997-01-21,29.3750,30.1250,29.1250,29.8125,10445800,13.8223
1997-01-22,29.8125,29.8750,29.4375,29.6875,6367200,13.7644
1997-01-23,29.6875,29.6875,28.6875,28.7500,6414200,13.3297
1997-01-24,28.7500,28.8750,28.0625,28.5625,10216000,13.2428
1997-01-27,28.4375,28.4375,28.0000,28.1875,6329200,13.0689
1997-01-28,28.1875,28.5625,27.5000,27.7500,8533400,12.8661
1997-01-29,27.8125,28.2500,27.8125,28.2500,7654800,13.0979
1997-01-30,28.3125,28.7500,28.3125,28.6875,5516800,13.3008
1997-01-31,28.6875,29.2500,28.5625,28.9375,8654800,13.4167
1997-02-03,28.9375,29.7500,28.8750,29.7500,7693400,13.7934
1997-02-04,29.7500,29.8125,29.3750,29.6875,7997800,13.7644
1997-02-05,29.6875,29.9375,28.9375,29.1250,7809800,13.5036
1997-02-06,29.1250,29.2500,28.8125,28.8750,6090800,13.3877
1997-02-07,28.8750,29.1875,28.5000,29.1250,6966000,13.5036
1997-02-10,29.1250,29.8125,29.1250,29.1250,4787000,13.5036
1997-02-11,29.1250,29.6250,29.1250,29.6250,4324600,13.7354
1997-02-12,29.6250,30.1250,29.6250,30.1250,7335800,13.9672
1997-02-13,30.1250,30.5000,30.0000,30.5000,7387800,14.1411
1997-02-14,30.5000,30.5000,30.1250,30.3125,5933000,14.0542
1997-02-18,30.3125,30.7500,30.2500,30.7500,5406800,14.2570
1997-02-19,30.7500,31.1250,30.6250,31.0000,5995200,14.3729
1997-02-20,30.9375,30.9375,30.5625,30.6250,5168600,14.1991
1997-02-21,30.6250,31.1250,30.5625,31.0000,8153200,14.3729
1997-02-24,31.0000,31.5000,30.7500,31.4375,6032000,14.5758
1997-02-25,31.4375,31.6250,31.0625,31.3125,5326600,14.5178
1997-02-26,31.2500,31.2500,30.2500,30.5000,7813600,14.1411
1997-02-27,30.6250,31.0625,30.6250,30.8125,6025400,14.2860
1997-02-28,30.8125,30.8750,30.3125,30.5000,5767400,14.1411
1997-03-03,30.3125,30.3125,30.0000,30.1875,5929600,13.9962
1997-03-04,30.1875,30.4375,29.6250,29.6250,7598400,13.7354
1997-03-05,29.6250,30.1875,29.5000,30.1250,7617000,13.9672
1997-03-06,30.3125,30.6875,30.3125,30.4375,10409400,14.1121
1997-03-07,30.4375,30.5625,30.2500,30.2500,4057000,14.0252
1997-03-10,30.2500,30.6250,30.1875,30.5625,6053600,14.1701
1997-03-11,30.6875,31.1250,30.6875,31.0000,6334000,14.3729
1997-03-12,30.9375,30.9375,30.3750,30.5000,5602800,14.1731
1997-03-13,30.2500,30.2500,29.8750,29.9375,8282200,13.9117
1997-03-14,29.9375,30.0625,29.6250,29.7500,6156600,13.8246
1997-03-17,29.7500,30.1250,29.3750,30.1250,5342800,13.9989
1997-03-18,30.1250,30.3125,29.9375,30.1875,5711800,14.0279
1997-03-19,30.1875,30.2500,29.5625,29.8125,6087200,13.8536
1997-03-20,29.8125,29.8750,29.3125,29.5000,4601200,13.7084
1997-03-21,29.6250,30.1250,29.6250,30.0000,9848000,13.9408
1997-03-24,30.0000,30.0625,29.4375,29.8750,6487000,13.8827
1997-03-25,29.8750,30.1875,29.7500,29.7500,6652000,13.8246
1997-03-26,29.6875,29.6875,29.0625,29.3125,7335200,13.6213
1997-03-27,29.3125,29.5000,28.3125,28.6875,9268200,13.3309
1997-03-31,28.4375,28.4375,27.6250,27.8750,13222800,12.9533
1997-04-01,27.8750,28.3125,27.5625,28.0625,10285200,13.0404
1997-04-02,28.0625,28.3750,27.7500,27.8750,5577000,12.9533
1997-04-03,27.8750,27.9375,27.5625,27.6875,6560000,12.8662
1997-04-04,27.6875,28.6875,27.5625,28.6875,6555400,13.3309
1997-04-07,28.6875,28.8125,28.1875,28.1875,4746800,13.0985
1997-04-08,28.1875,28.5000,27.8125,28.3750,4562400,13.1856
1997-04-09,28.3750,28.8125,28.2500,28.8125,4871200,13.3889
1997-04-10,28.8125,28.8750,28.5000,28.5000,3512200,13.2437
1997-04-11,28.2500,28.2500,26.3750,26.8750,9281800,12.4886
1997-04-14,27.1250,27.9375,27.1250,27.8125,9076800,12.9242
1997-04-15,28.2500,29.1250,28.2500,29.0000,9081200,13.4761
1997-04-16,29.0000,29.5000,28.8750,29.3750,7066000,13.6503
1997-04-17,29.3750,29.6875,29.1875,29.2500,6547600,13.5922
1997-04-18,29.2500,29.9375,29.2500,29.8125,7851400,13.8536
1997-04-21,29.8125,30.0000,29.2500,29.3125,6825800,13.6213
1997-04-22,29.5000,30.9375,29.5000,30.9375,10975200,14.3764
1997-04-23,30.9375,30.9375,29.9375,30.1250,7897400,13.9989
1997-04-24,30.1250,30.5000,29.8750,30.0000,4965000,13.9408
1997-04-25,30.0000,30.0625,29.5000,29.5625,3983000,13.7375
1997-04-28,29.5625,30.5625,29.4375,30.5625,4662200,14.2022
1997-04-29,30.7500,31.3750,30.7500,31.3125,8004600,14.5507
1997-04-30,31.3125,31.8750,31.1250,31.8125,8171000,14.7830
1997-05-01,31.5625,31.5625,31.0625,31.0625,6145400,14.4345
1997-05-02,31.1875,32.1250,31.1875,32.0000,5663200,14.8701
1997-05-05,32.0000,33.0000,32.0000,33.0000,7260200,15.3348
1997-05-06,33.0000,33.5625,32.8125,33.2500,10744400,15.4510
1997-05-07,33.2500,33.2500,32.6250,32.6875,6473600,15.1896
1997-05-08,32.6875,33.0625,32.3125,32.3125,8315800,15.0154
1997-05-09,32.3125,32.8125,32.1250,32.6875,6832400,15.1896
1997-05-12,32.6875,33.3750,32.6875,33.2500,5201600,15.4510
1997-05-13,33.2500,33.3750,32.8125,33.2500,5670800,15.4510
1997-05-14,33.3750,33.7500,33.3750,33.5000,5574600,15.5672
1997-05-15,33.5000,34.0000,33.2500,33.9375,4740400,15.7705
1997-05-16,33.9375,34.1875,33.3750,33.4375,9446000,15.5381
1997-05-19,33.6250,34.1875,33.6250,34.0000,5010000,15.7995
1997-05-20,34.0000,34.2500,33.7500,34.1875,5029600,15.8867
1997-05-21,34.1875,34.3750,33.5625,33.6875,6042600,15.6543
1997-05-22,33.6875,33.8125,33.1875,33.2500,4778200,15.4510
1997-05-23,33.4375,34.1875,33.4375,34.0625,3512600,15.8286
1997-05-27,34.0625,34.5000,33.4375,34.2500,6125800,15.9157
1997-05-28,34.1250,34.1250,33.5000,33.6250,4731400,15.6253
1997-05-29,33.6250,33.7500,33.4375,33.7500,3060200,15.6834
1997-05-30,33.7500,34.3125,33.5000,34.2500,4255600,15.9157
1997-06-02,34.1875,34.1875,33.7500,33.8125,3519200,15.7124
1997-06-03,33.8125,34.1875,33.5625,33.9375,4326200,15.7705
1997-06-04,33.9375,33.9375,33.3125,33.3125,5249800,15.4800
1997-06-05,33.3125,33.5625,33.0625,33.2500,5899200,15.4510
1997-06-06,33.3125,34.0000,33.3125,33.8750,4925600,15.7414
1997-06-09,33.9375,34.2500,33.9375,34.2500,4292200,15.9157
1997-06-10,34.2500,34.6250,34.0625,34.1875,5444600,15.8867
1997-06-11,34.1875,34.5000,34.0625,34.1875,4033200,15.9193
1997-06-12,34.6250,35.0000,34.6250,35.0000,6430400,16.2976
1997-06-13,35.1875,36.0625,35.1875,35.9375,8388800,16.7341
1997-06-16,35.9375,36.3125,35.8125,35.8125,5651000,16.6759
1997-06-17,35.8125,35.9375,35.3750,35.8125,5209400,16.6759
1997-06-18,35.8125,36.1250,35.6250,35.6875,5276800,16.6177
1997-06-19,35.6875,36.0000,35.4375,35.7500,6765000,16.6468
1997-06-20,35.7500,35.8750,35.5625,35.6875,10990600,16.6177
1997-06-23,35.6250,35.6250,34.8125,34.8750,4148600,16.2394
1997-06-24,34.8750,35.2500,34.6250,35.1563,6552200,16.3703
1997-06-25,35.1563,35.4688,34.3125,34.7188,5855200,16.1666
1997-06-26,34.7188,35.1250,34.6563,34.9375,4747200,16.2685
1997-06-27,34.9688,35.5938,34.9688,35.5000,5457400,16.5304
1997-06-30,35.5000,35.5313,33.5391,34.0000,8405600,15.8319
1997-07-01,34.0000,34.7500,33.9375,34.3125,11291400,15.9775
1997-07-02,34.3125,35.2188,34.0625,35.2188,7417800,16.3995
1997-07-03,35.3125,35.7500,35.3125,35.3750,4004000,16.4722
1997-07-07,35.3750,35.7188,34.7813,34.9375,6065200,16.2685
1997-07-08,34.9375,35.2813,34.6250,35.2813,5503200,16.4286
1997-07-09,35.2813,35.3750,34.5313,34.6875,6557600,16.1521
1997-07-10,34.6875,35.1875,34.4688,34.8125,5044800,16.2103
1997-07-11,34.8125,35.0313,34.7813,34.9063,3087400,16.2539
1997-07-14,34.9063,35.0625,34.5625,34.8750,3563400,16.2394
1997-07-15,34.8750,35.0938,34.6250,35.0625,5041400,16.3267
1997-07-16,35.0625,35.7500,35.0313,35.4375,5546200,16.5013
1997-07-17,35.4375,35.9688,34.5313,34.9375,7063600,16.2685
1997-07-18,34.9063,34.9063,34.5313,34.6250,9139600,16.1230
1997-07-21,34.4375,34.4375,33.8750,34.1563,6144800,15.9047
1997-07-22,34.4063,35.1250,34.4063,35.0625,8252800,16.3267
1997-07-23,35.0625,35.3750,34.5000,34.5313,6741600,16.0793
1997-07-24,34.5313,35.2188,34.2188,35.0938,6158800,16.3412
1997-07-25,35.0938,35.4688,34.9375,35.0625,5221000,16.3267
1997-07-28,35.0625,35.2188,34.6875,34.8438,3888000,16.2248
1997-07-29,34.8438,35.0000,34.3750,34.8438,5037800,16.2248
1997-07-30,34.8438,35.0938,34.6563,34.9375,4879000,16.2685
1997-07-31,34.9375,34.9688,34.4375,34.5625,6088000,16.0939
1997-08-01,34.5625,35.0000,34.1250,34.3125,7182200,15.9775
1997-08-04,34.3125,34.6250,34.0625,34.4688,4070000,16.0502
1997-08-05,34.4063,34.4063,34.0000,34.0000,4023600,15.8319
1997-08-06,34.0000,34.3125,33.7188,34.0625,7832200,15.8611
1997-08-07,33.9688,33.9688,33.2813,33.2813,7551600,15.4973
1997-08-08,32.8750,32.8750,31.3438,31.3438,18877800,14.5951
1997-08-11,31.3438,31.7500,29.8125,30.8750,25320000,14.3768
1997-08-12,30.8750,31.1250,30.3125,30.4688,14184800,14.1876
1997-08-13,30.4688,31.0938,29.9375,30.2188,14515800,14.0712
1997-08-14,30.2188,30.5313,29.7500,30.0313,10822200,13.9839
1997-08-15,29.9688,29.9688,29.0313,29.3750,12587600,13.6783
1997-08-18,29.3750,30.1875,29.0313,30.1875,12737600,14.0567
1997-08-19,30.1875,30.4688,30.1875,30.4063,10347800,14.1585
1997-08-20,30.4063,30.9063,30.2500,30.7500,9331400,14.3186
1997-08-21,30.7500,30.8125,29.9688,30.2813,8738400,14.1003
1997-08-22,30.2813,30.3438,29.4375,30.3438,7904800,14.1294
1997-08-25,30.3438,30.6250,29.7188,29.8438,5655800,13.8966
1997-08-26,29.8438,30.0000,29.5000,29.5000,6479800,13.7365
1997-08-27,29.5000,29.5000,28.5938,29.3125,10290200,13.6492
1997-08-28,29.3125,29.4063,28.5625,29.1250,9693800,13.5619
1997-08-29,29.1250,29.1250,28.6250,28.6563,9787600,13.3437
1997-09-02,28.6563,29.9688,28.5000,29.9375,9126200,13.9403
1997-09-03,29.9375,30.1563,29.5000,29.5000,7742000,13.7365
1997-09-04,29.5000,29.8750,29.1563,29.8125,7006200,13.8821
1997-09-05,29.8125,30.3125,29.8125,29.9375,7411800,13.9403
1997-09-08,29.9375,30.3125,29.5625,29.5625,5261200,13.7656
1997-09-09,29.5625,29.6563,29.1563,29.3750,8264600,13.6783
1997-09-10,29.3750,29.5938,28.7813,28.8125,6071800,13.4164
1997-09-11,28.7500,28.7500,27.6875,28.0625,15022400,13.0990
1997-09-12,28.0625,28.6250,27.5313,28.5313,13883800,13.3178
1997-09-15,28.5313,29.0313,28.5313,28.7813,7217600,13.4345
1997-09-16,28.9688,30.0625,28.9688,29.6250,9876400,13.8283
1997-09-17,29.6250,29.9688,29.4063,29.5313,6530000,13.7846
1997-09-18,29.5313,29.6563,29.2500,29.4063,7354800,13.7262
1997-09-19,29.4063,29.5938,29.0625,29.5938,10150800,13.8137
1997-09-22,29.8125,30.0938,29.8125,29.9219,5835000,13.9669
1997-09-23,29.9219,30.0938,29.6875,29.8750,4942000,13.9450
1997-09-24,29.8750,30.5625,29.8750,30.3125,9592800,14.1492
1997-09-25,30.3125,31.0313,30.2188,30.6250,10278200,14.2951
1997-09-26,30.7188,30.9688,30.7188,30.9688,5492200,14.4556
1997-09-29,31.1563,31.5625,31.1563,31.2813,8656800,14.6015
1997-09-30,31.2500,31.2500,30.4375,30.5000,6843200,14.2368
1997-10-01,30.5000,30.9688,30.5000,30.9688,6044800,14.4556
1997-10-02,30.9688,31.4375,30.8750,31.4375,6401600,14.6744
1997-10-03,31.4375,31.8438,30.5625,31.1875,8069800,14.5577
1997-10-06,31.3750,31.6563,31.3750,31.4375,4511000,14.6744
1997-10-07,31.5000,32.1250,31.5000,31.9063,6927400,14.8932
1997-10-08,31.9063,32.0625,31.2500,31.3750,6040800,14.6452
1997-10-09,31.1250,31.1250,30.7813,30.9063,5424000,14.4264
1997-10-10,30.9063,30.9375,30.4375,30.8438,3591200,14.3972
1997-10-13,30.8125,30.8125,30.5938,30.6563,3216400,14.3097
1997-10-14,30.6563,31.0938,30.1875,30.3750,6600200,14.1784
1997-10-15,30.2813,30.2813,29.8125,29.9063,6319200,13.9596
1997-10-16,29.9063,30.4688,29.2813,29.4688,7278600,13.7554
1997-10-17,29.4688,29.5625,28.5313,29.2500,11165600,13.6533
1997-10-20,29.2500,29.5625,28.7500,29.4063,8186800,13.7262
1997-10-21,29.4063,30.0625,29.3438,30.0000,6119400,14.0034
1997-10-22,30.0000,30.0938,29.4375,29.6563,4598200,13.8429
1997-10-23,29.1875,29.1875,28.4063,28.8438,13684000,13.4637
1997-10-24,28.8438,29.5938,27.5625,27.7500,15190400,12.9531
1997-10-27,27.7500,28.4375,26.5625,26.7813,16333400,12.5009
1997-10-28,26.7813,28.9688,25.0000,28.8750,25395200,13.4783
1997-10-29,28.8750,29.4688,28.2188,28.5625,14566400,13.3324
1997-10-30,28.5625,29.3125,28.0000,28.0000,9341400,13.0698
1997-10-31,28.1563,28.8125,28.1563,28.3125,8183600,13.2157
1997-11-03,28.5000,29.2188,28.5000,29.1250,6505000,13.5950
1997-11-04,29.0938,29.0938,28.5938,29.0313,6270600,13.5512
1997-11-05,29.0313,29.3438,28.7500,28.8125,5635600,13.4491
1997-11-06,28.8125,29.1563,28.5313,28.9375,6092000,13.5074
1997-11-07,28.7188,28.7188,27.9688,28.5000,7584800,13.3032
1997-11-10,28.5000,28.7188,27.8125,27.8750,6303800,13.0115
1997-11-11,28.0000,28.4063,28.0000,28.2813,4647200,13.2011
1997-11-12,28.2813,28.8125,28.0313,28.2188,7542400,13.1719
1997-11-13,28.3750,28.8125,28.3750,28.7188,7904800,13.4053
1997-11-14,28.7188,28.9063,28.2500,28.7813,6647400,13.4345
1997-11-17,29.1250,30.0625,29.1250,29.8125,8549800,13.9159
1997-11-18,29.8125,30.2813,29.6250,29.8750,7615600,13.9450
1997-11-19,29.8750,31.0625,29.7500,31.0625,10506400,14.4993
1997-11-20,31.3125,31.9063,31.3125,31.7500,10096600,14.8202
1997-11-21,31.7500,31.8750,31.2188,31.8750,9488000,14.8786
1997-11-24,31.7813,31.7813,31.2813,31.2813,6105200,14.6015
1997-11-25,31.3438,32.1563,31.3438,32.0625,7393200,14.9661
1997-11-26,32.0313,32.0313,31.1875,31.1875,6400400,14.5895
1997-11-28,31.2188,31.5000,31.2188,31.2500,1953200,14.6188
1997-12-01,31.2813,32.3750,31.2813,32.2813,7679400,15.1012
1997-12-02,32.4688,33.0938,32.4688,32.9375,11096000,15.4082
1997-12-03,32.9375,33.0625,32.4063,32.9063,6606400,15.3936
1997-12-04,32.9063,33.0000,32.2500,32.4063,6271800,15.1597
1997-12-05,32.4063,33.2500,32.3750,33.0313,5987400,15.4520
1997-12-08,32.8750,32.8750,31.5000,31.7813,10053200,14.8673
1997-12-09,31.7813,31.9688,31.4375,31.8125,6445200,14.8819
1997-12-10,31.8125,32.0625,31.4688,31.9375,6047600,14.9404
1997-12-11,31.9375,32.0625,31.5938,31.8125,6752200,14.8819
1997-12-12,31.9375,32.6563,31.9375,32.4688,6554600,15.1889
1997-12-15,32.5000,33.1563,32.5000,32.9375,7177200,15.4082
1997-12-16,32.9375,33.0938,32.5313,32.8438,4456200,15.3643
1997-12-17,32.8438,33.1563,32.6875,32.9375,4877400,15.4082
1997-12-18,32.9375,33.1875,32.0938,32.1250,7065800,15.0281
1997-12-19,32.1250,32.9063,31.1250,32.7188,15696800,15.3059
1997-12-22,32.7188,33.3438,32.5625,33.0313,7435400,15.4520
1997-12-23,33.0313,33.0313,32.4063,32.5000,4260800,15.2035
1997-12-24,32.5000,32.5625,32.1875,32.3125,2728200,15.1158
1997-12-26,32.3125,32.6563,32.1875,32.1875,1067400,15.0573
1997-12-29,32.6563,33.1875,32.6563,33.1563,3854800,15.5105
1997-12-30,33.2813,33.5938,33.2813,33.5313,4494400,15.6860
1997-12-31,33.4688,33.4688,33.0938,33.3438,3640600,15.5982
1998-01-02,33.3438,33.5000,32.9688,33.4688,5443200,15.6567
1998-01-05,33.4375,33.4375,32.6250,33.2188,7691600,15.5398
1998-01-06,33.2188,33.3125,32.9063,33.0625,5448200,15.4667
1998-01-07,33.0625,33.0938,32.5625,33.0938,5357200,15.4813
1998-01-08,33.0938,33.5000,32.8750,33.3125,6323800,15.5836
1998-01-09,33.3125,33.3438,32.0313,32.0625,8747200,14.9989
1998-01-12,32.0625,33.0938,31.1250,33.0313,8895200,15.4520
1998-01-13,33.0313,33.0938,32.3125,32.6875,6400000,15.2912
1998-01-14,32.6250,32.6250,32.1250,32.3125,5673200,15.1158
1998-01-15,32.2188,32.2188,31.7813,31.8750,4166800,14.9111
1998-01-16,32.1563,32.5938,32.1563,32.5000,8217000,15.2035
1998-01-20,32.5313,32.9688,32.5313,32.9688,4942000,15.4228
1998-01-21,32.9688,32.9688,32.5000,32.7500,4477400,15.3205
1998-01-22,32.7500,33.0000,32.3438,32.7188,5446400,15.3059
1998-01-23,32.7188,32.8125,31.8125,31.9063,5033800,14.9258
1998-01-26,31.9063,32.1563,31.2188,31.5313,5051800,14.7503
1998-01-27,31.5313,32.0625,31.4063,31.6250,5669200,14.7942
1998-01-28,31.6250,32.3750,31.1875,32.0625,10064600,14.9989
1998-01-29,32.0938,32.7813,32.0938,32.3750,6681000,15.1451
1998-01-30,32.3750,32.5000,32.2500,32.3750,4994800,15.1451
1998-02-02,32.6250,33.5625,32.6250,33.3438,10112200,15.5982
1998-02-03,33.3438,33.8125,33.2500,33.7500,7294600,15.7883
1998-02-04,33.7188,33.7188,33.3750,33.5313,5980800,15.6860
1998-02-05,33.5313,33.8125,33.4063,33.7813,7490600,15.8029
1998-02-06,33.7813,34.0313,33.5938,33.5938,4298600,15.7152
1998-02-09,33.5938,33.7188,33.5000,33.6875,3552000,15.7590
1998-02-10,33.6875,34.1875,33.6875,33.9688,5323400,15.8906
1998-02-11,33.9688,34.4375,33.9063,34.4375,4338000,16.1099
1998-02-12,34.4375,34.7813,33.9688,34.6250,5871600,16.1976
1998-02-13,34.5938,34.5938,34.1250,34.2813,4396200,16.0368
1998-02-17,34.2813,34.6250,34.0938,34.2500,4680800,16.0222
1998-02-18,34.2500,34.9063,34.0625,34.5625,4588800,16.1684
1998-02-19,34.5000,34.5000,34.2188,34.3750,3483200,16.0807
1998-02-20,34.3750,34.8438,34.2500,34.7813,5884200,16.2707
1998-02-23,34.7813,34.8750,34.3125,34.5938,4430200,16.1830
1998-02-24,34.5313,34.5313,34.0313,34.1563,4511200,15.9783
1998-02-25,34.2188,34.5313,34.2188,34.3125,3796400,16.0514
1998-02-26,34.3125,34.6250,34.1875,34.4375,2958600,16.1099
1998-02-27,34.4375,34.4688,34.1563,34.3125,3544200,16.0514
1998-03-02,34.3125,34.3438,33.9688,34.0000,5421800,15.9052
1998-03-03,34.0000,34.1250,33.7813,34.0938,3897800,15.9491
1998-03-04,34.0938,34.3750,33.8125,34.3750,5010400,16.0807
1998-03-05,34.3750,34.9063,34.1875,34.6563,7645400,16.2122
1998-03-06,34.7813,35.3750,34.7813,35.2500,9568800,16.4900
1998-03-09,35.2500,36.5938,35.2500,36.2813,9636000,16.9724
1998-03-10,36.2813,36.4688,36.2813,36.3125,5093400,16.9870
1998-03-11,36.2500,36.2500,35.9375,36.2188,4748400,16.9782
1998-03-12,36.2188,36.2188,35.8125,35.8125,4878600,16.7878
1998-03-13,35.8125,36.0000,35.1875,35.2813,4027200,16.5388
1998-03-16,35.4063,36.0938,35.4063,35.8750,4828000,16.8171
1998-03-17,35.8750,36.2188,35.6875,36.2188,4683000,16.9782
1998-03-18,36.2188,37.5000,36.1250,37.4063,8973400,17.5349
1998-03-19,37.4063,37.6250,37.1250,37.4688,5914400,17.5642
1998-03-20,37.4688,38.7500,37.4688,38.7500,10567600,18.1648
1998-03-23,38.3125,38.3125,37.6250,37.9375,7623200,17.7839
1998-03-24,37.9375,38.3750,37.7188,38.0000,5543200,17.8132
1998-03-25,38.0000,38.1875,37.7188,38.0938,5285200,17.8572
1998-03-26,38.0938,38.4688,37.6563,38.2188,4528000,17.9158
1998-03-27,38.2188,38.2500,37.4375,37.5313,5057400,17.5935
1998-03-30,38.1563,39.6563,38.1563,39.1875,10732000,18.3699
1998-03-31,39.1875,39.3438,38.5625,38.7188,6896200,18.1502
1998-04-01,38.7188,40.3438,38.7188,40.3125,8855000,18.8973
1998-04-02,40.3125,40.6875,39.9063,40.5625,6690000,19.0144
1998-04-03,40.5625,40.5625,39.9063,40.2188,6801200,18.8533
1998-04-06,40.2188,40.6563,39.6250,39.6250,7718800,18.5750
1998-04-07,39.5625,39.5625,38.9688,39.5000,6177200,18.5164
1998-04-08,39.5000,39.6563,38.6250,39.0313,5503200,18.2967
1998-04-09,39.0313,39.4375,38.9063,39.2813,3912000,18.4138
1998-04-13,39.1563,39.1563,38.4375,38.8750,5482600,18.2234
1998-04-14,38.8750,39.0000,38.4063,38.9063,4980600,18.2380
1998-04-15,38.9063,39.0000,37.8125,38.3438,6630600,17.9744
1998-04-16,38.3438,38.4688,36.9375,37.4063,7165000,17.5349
1998-04-17,37.4063,38.5000,36.8438,38.4063,8330600,18.0037
1998-04-20,38.4063,38.5625,37.5000,37.6563,6923400,17.6521
1998-04-21,37.6563,37.8750,37.0938,37.3438,5545200,17.5056
1998-04-22,37.3438,38.2500,37.0000,37.8750,6809400,17.7546
1998-04-23,37.8125,37.8125,37.2188,37.3750,5773000,17.5202
1998-04-24,37.3750,37.4688,36.5000,36.8125,4950200,17.2566
1998-04-27,36.7188,36.7188,35.9375,36.1875,6224600,16.9636
1998-04-28,36.2188,37.0313,36.2188,36.2188,5871600,16.9782
1998-04-29,36.3125,37.1875,36.3125,36.8438,5490400,17.2712
1998-04-30,37.0938,38.0313,37.0938,37.9375,5719200,17.7839
1998-05-01,37.9375,38.1563,37.5313,38.0938,4886600,17.8572
1998-05-04,38.0938,38.4063,38.0625,38.1250,4467400,17.8718
1998-05-05,38.1250,38.1250,37.4063,38.0313,3733400,17.8279
1998-05-06,38.0313,38.3125,37.8125,38.0000,4714200,17.8132
1998-05-07,38.0000,38.1250,37.6875,37.8438,5112200,17.7400
1998-05-08,37.8750,38.7500,37.8750,38.2188,5470000,17.9158
1998-05-11,38.4375,38.9688,38.4375,38.7188,5788400,18.1502
1998-05-12,38.7188,38.9375,38.3750,38.8750,4218400,18.2234
1998-05-13,38.8750,39.0938,38.5000,38.6250,4853800,18.1062
1998-05-14,38.6250,39.2188,38.4375,38.8750,4586200,18.2234
1998-05-15,38.8750,39.1250,38.3750,38.4375,5917800,18.0183
1998-05-18,38.4375,38.8750,38.4375,38.6875,4417000,18.1355
1998-05-19,38.8125,39.1875,38.8125,39.0313,4154400,18.2967
1998-05-20,39.0313,39.9375,38.9063,39.9063,5574400,18.7068
1998-05-21,39.9063,40.4688,39.6250,39.7188,6537400,18.6189
1998-05-22,39.7188,39.8750,39.1563,39.4063,3618600,18.4724
1998-05-26,39.4063,39.5000,38.6875,38.6875,4409400,18.1355
1998-05-27,38.6875,39.1250,38.2500,39.1250,6239800,18.3406
1998-05-28,39.1250,39.5938,38.8750,39.4688,4448800,18.5017
1998-05-29,39.4688,39.8438,39.1875,39.1875,5249000,18.3699
1998-06-01,39.2188,39.8750,39.2188,39.7500,4791800,18.6336
1998-06-02,39.7500,40.0938,39.5938,39.8125,6249600,18.6629
1998-06-03,39.8125,39.9688,39.6250,39.7188,4311200,18.6189
1998-06-04,39.7188,40.1875,39.3125,40.0938,5252800,18.7947
1998-06-05,40.0938,41.0313,40.0313,41.0313,6399000,19.2342
1998-06-08,41.0313,41.3750,40.4063,40.5313,5750800,18.9998
1998-06-09,40.5313,41.2188,40.3750,40.8125,4434600,19.1316
1998-06-10,40.8125,41.1250,40.4063,40.6250,4824600,19.0437
1998-06-11,40.6250,40.6563,39.7813,39.8438,4921800,18.7121
1998-06-12,39.8438,40.5000,39.6250,40.3438,6615600,18.9469
1998-06-15,40.3438,40.5938,39.6563,39.6563,7135400,18.6240
1998-06-16,39.5625,39.5625,38.8750,39.5000,8235400,18.5506
1998-06-17,39.5000,40.8438,39.4375,40.1563,9051800,18.8588
1998-06-18,40.1563,40.8125,40.0625,40.6875,5445800,19.1083
1998-06-19,40.6875,40.8438,39.9688,40.1875,9234000,18.8735
1998-06-22,40.1875,40.9375,40.0938,40.5625,4806400,19.0496
1998-06-23,40.5625,41.3750,40.4063,41.2813,6769400,19.3872
1998-06-24,41.2813,42.1875,41.0000,42.0625,6937600,19.7541
1998-06-25,42.0625,43.2500,41.9063,42.4375,9885000,19.9302
1998-06-26,42.4375,43.0938,42.3750,42.9063,8196000,20.1503
1998-06-29,42.9688,43.4063,42.9688,43.0000,5139000,20.1944
1998-06-30,43.0000,43.0938,42.5313,42.7500,5523000,20.0769
1998-07-01,42.7500,42.9063,42.3750,42.8750,4725000,20.1356
1998-07-02,42.7813,42.7813,42.5313,42.6875,3156400,20.0476
1998-07-06,42.6875,43.5625,42.5000,43.3750,4839200,20.3705
1998-07-07,43.3750,43.8125,42.8750,42.9688,5350400,20.1797
1998-07-08,42.9688,43.6875,42.8438,43.5938,3905800,20.4732
1998-07-09,43.5938,43.6563,42.7500,43.3438,5358600,20.3558
1998-07-10,43.3438,43.9688,43.0938,43.5938,4149800,20.4732
1998-07-13,43.5938,43.8750,43.1563,43.4375,4086800,20.3998
1998-07-14,43.4375,44.0625,43.3438,43.9688,4133400,20.6493
1998-07-15,43.9688,44.4688,43.8438,43.9063,4610600,20.6200
1998-07-16,43.7500,43.7500,43.0000,43.5938,7432400,20.4732
1998-07-17,43.5000,43.5000,43.0313,43.0625,4504600,20.2237
1998-07-20,43.0625,43.0625,42.0938,42.2813,4772200,19.8568
1998-07-21,42.2813,42.5000,42.0625,42.1250,5066000,19.7834
1998-07-22,42.1250,42.2188,41.7500,41.9375,6065000,19.6954
1998-07-23,41.9375,42.3125,41.5000,41.5000,5557200,19.4899
1998-07-24,41.5000,42.1250,41.4063,41.7188,5388400,19.5926
1998-07-27,41.7188,42.8750,41.2500,42.4688,5778200,19.9449
1998-07-28,42.1875,42.1875,41.0313,41.6875,7995600,19.5780
1998-07-29,41.6875,41.8125,40.5313,40.9375,5920800,19.2257
1998-07-30,41.0625,42.0000,41.0625,41.3750,5448400,19.4312
1998-07-31,41.3750,41.5938,39.6875,40.2500,7155400,18.9029
1998-08-03,40.2500,41.8125,40.2500,41.0625,7708600,19.2844
1998-08-04,41.0313,41.0313,39.3125,39.3125,10426400,18.4626
1998-08-05,39.3125,40.6250,38.8125,40.1875,10670800,18.8735
1998-08-06,40.1875,41.0938,39.9375,40.8125,7165400,19.1670
1998-08-07,40.8125,40.9688,39.6250,40.2188,7050600,18.8882
1998-08-10,40.2188,40.8125,39.8125,40.0625,5342400,18.8148
1998-08-11,39.8125,39.8125,39.1250,39.7500,9676400,18.6680
1998-08-12,39.7500,39.9688,39.2188,39.8438,7563600,18.7121
1998-08-13,39.8438,39.9063,38.9375,39.3750,7293000,18.4919
1998-08-14,39.3750,39.5938,37.7813,38.4063,8536600,18.0370
1998-08-17,38.4063,39.6875,37.8750,39.5313,6840800,18.5653
1998-08-18,39.5313,39.7188,39.0625,39.5313,6955000,18.5653
1998-08-19,39.5313,39.5313,39.0313,39.3438,6990000,18.4772
1998-08-20,39.3438,40.0625,39.0938,39.7188,6390800,18.6534
1998-08-21,39.7188,39.8125,38.4063,39.6563,9367000,18.6240
1998-08-24,39.6875,40.1563,39.6875,39.8125,7309600,18.6974
1998-08-25,39.8125,40.7188,39.5625,40.0625,8049000,18.8148
1998-08-26,40.0625,40.0938,39.1563,39.5938,7588200,18.5947
1998-08-27,38.3438,38.3438,37.3125,37.3750,14306800,17.5527
1998-08-28,37.3750,37.5938,36.0313,36.3750,11394400,17.0830
1998-08-31,36.3750,36.6250,32.5313,32.5625,17622600,15.2925
1998-09-01,32.8750,34.9375,32.8750,34.1250,21049400,16.0263
1998-09-02,34.1250,34.3125,32.0625,32.1250,13993000,15.0871
1998-09-03,31.5625,31.5625,30.4063,30.9688,16590400,14.5440
1998-09-04,30.9688,31.8125,29.9375,31.0625,11775400,14.5881
1998-09-08,31.0625,32.5000,30.9688,31.7500,12435000,14.9109
1998-09-09,31.7500,32.4375,31.3125,31.3125,9759000,14.7055
1998-09-10,30.7500,30.7500,30.0938,30.4375,8980000,14.2945
1998-09-11,30.4375,31.5000,30.0313,31.2188,10586400,14.6977
1998-09-14,31.5313,32.3438,31.5313,31.6563,9153400,14.9036
1998-09-15,31.4375,31.4375,30.3125,30.5938,9017400,14.4034
1998-09-16,30.5938,31.2500,30.2500,31.2188,11189800,14.6977
1998-09-17,30.8750,30.8750,30.0938,30.4063,8112600,14.3151
1998-09-18,30.4063,30.8438,30.0625,30.6875,11760200,14.4476
1998-09-21,30.4688,30.4688,29.5313,29.5938,9576600,13.9326
1998-09-22,29.5938,30.0000,28.0000,28.1875,18296200,13.2706
1998-09-23,28.3125,29.8438,28.3125,29.0000,19143800,13.6531
1998-09-24,29.0000,29.1250,27.8125,28.3438,13441200,13.3441
1998-09-25,28.3125,28.3125,26.8125,28.0938,22417400,13.2264
1998-09-28,28.0938,28.7500,27.8750,28.6250,10600400,13.4765
1998-09-29,28.7188,29.6875,28.7188,29.3438,11792600,13.8149
1998-09-30,29.3438,29.3750,28.6563,28.8125,8855600,13.5648
1998-10-01,28.5625,28.5625,27.6875,28.1250,10727400,13.2411
1998-10-02,28.1250,29.7500,27.7813,29.4688,9135000,13.8738
1998-10-05,29.4688,31.1250,29.2813,30.7188,13577600,14.4623
1998-10-06,30.7188,32.0313,30.6250,31.4063,11782600,14.7859
1998-10-07,31.4063,32.4063,31.1250,31.6563,14195000,14.9036
1998-10-08,31.6563,32.8125,31.3125,32.2500,19223400,15.1832
1998-10-09,32.2500,32.6875,31.3750,31.9063,12344200,15.0213
1998-10-12,31.9063,32.4375,31.2813,31.3438,6925600,14.7565
1998-10-13,31.3438,32.2813,31.2500,32.0000,6529800,15.0655
1998-10-14,32.0000,32.8750,31.6563,32.1875,7365000,15.1537
1998-10-15,32.1875,34.0625,31.8125,33.7500,9293400,15.8894
1998-10-16,33.7813,34.7188,33.7813,34.5938,12202000,16.2866
1998-10-19,34.5938,34.6563,34.1563,34.1875,5674200,16.0953
1998-10-20,34.1875,35.0313,33.4688,33.5313,9094600,15.7864
1998-10-21,33.5313,33.8438,33.2500,33.5000,6495200,15.7717
1998-10-22,33.5000,34.8125,33.1250,34.5625,5868600,16.2719
1998-10-23,34.5625,35.1250,34.4063,35.1250,5981000,16.5367
1998-10-26,35.1250,35.3125,34.5938,34.9375,5451200,16.4484
1998-10-27,34.9375,35.2813,33.8125,34.0000,5916400,16.0071
1998-10-28,34.0000,34.3125,33.7500,33.7813,4026400,15.9041
1998-10-29,33.7813,33.9688,32.9375,33.9063,7195600,15.9629
1998-10-30,33.9063,34.2500,33.3438,33.7813,6692400,15.9041
1998-11-02,34.0313,35.7500,34.0313,35.5000,9283200,16.7133
1998-11-03,35.5000,36.8750,35.1875,36.4688,8025800,17.1693
1998-11-04,36.4688,36.7188,35.6250,36.0625,7711200,16.9781
1998-11-05,36.0625,36.3750,35.1875,36.3438,6525200,17.1105
1998-11-06,36.3438,36.4375,35.8438,36.3125,4482200,17.0958
1998-11-09,36.2813,36.2813,35.3125,35.7813,5172600,16.8457
1998-11-10,35.7813,36.2813,35.3750,36.0625,4875200,16.9781
1998-11-11,35.8125,35.8125,35.0000,35.6875,4811800,16.8015
1998-11-12,35.4688,35.4688,35.0938,35.2813,3060800,16.6103
1998-11-13,35.2813,35.4375,34.6563,34.8750,4091800,16.4190
1998-11-16,34.8750,35.2188,34.3125,35.0000,5620600,16.4779
1998-11-17,35.0313,35.9688,35.0313,35.0938,5343400,16.5220
1998-11-18,35.0938,35.5000,34.8125,35.4688,4803200,16.6986
1998-11-19,35.4688,36.1563,35.4375,35.6875,5638400,16.8015
1998-11-20,35.8125,36.4375,35.8125,36.4063,7155000,17.1399
1998-11-23,36.4375,37.7188,36.4375,37.7188,7152400,17.7578
1998-11-24,37.6563,37.6563,36.5938,36.7500,5388600,17.3018
1998-11-25,36.7500,37.0625,36.4375,36.6563,3677600,17.2576
1998-11-27,36.4375,36.4375,35.7813,35.8438,2473200,16.9097
1998-11-30,35.6250,35.6250,34.8750,35.0313,5605600,16.5264
1998-12-01,35.0313,35.2500,34.5625,34.9375,5802800,16.4822
1998-12-02,34.8750,34.8750,34.2500,34.7813,4906600,16.4084
1998-12-03,34.6250,34.6250,34.0625,34.0625,5482600,16.0694
1998-12-04,34.1875,34.9063,34.1875,34.5000,4587800,16.2758
1998-12-07,34.5000,34.5313,33.8750,34.3125,4261200,16.1873
1998-12-08,34.3125,34.3125,33.5313,34.3125,5514400,16.1873
1998-12-09,33.8125,33.8125,32.8125,33.5625,9133600,15.8335
1998-12-10,33.4375,33.4375,32.6563,33.0313,7677400,15.5829
1998-12-11,32.1250,32.1250,30.9688,31.4375,20779000,14.8310
1998-12-14,31.4375,32.0938,31.1563,31.7188,12979600,14.9637
1998-12-15,31.9375,32.9688,31.9375,32.9688,8851200,15.5534
1998-12-16,32.9688,33.4063,32.2813,32.4375,7611800,15.3028
1998-12-17,32.4375,32.9375,32.2188,32.3750,5113400,15.2733
1998-12-18,32.3750,32.8125,32.3438,32.7813,9373800,15.4649
1998-12-21,32.7813,33.5313,32.7813,32.8750,7210800,15.5092
1998-12-22,32.8750,34.0938,32.5000,33.7188,7083000,15.9072
1998-12-23,33.8125,35.1563,33.8125,34.9688,6984000,16.4969
1998-12-24,34.9688,35.0625,34.7188,34.7188,2035000,16.3790
1998-12-28,34.7188,34.9688,33.8750,34.4375,3217400,16.2463
1998-12-29,34.4375,34.9375,34.2813,34.6563,4220600,16.3495
1998-12-30,34.6563,34.8438,33.9063,33.9063,4415400,15.9957
1998-12-31,33.9063,33.9063,33.0313,33.5000,5425000,15.8040
1999-01-04,33.5000,34.4375,33.0625,33.5938,7358200,15.8482
1999-01-05,33.5938,34.4375,33.3750,34.2813,6733800,16.1726
1999-01-06,34.2813,35.1875,34.0000,35.1250,9957800,16.5706
1999-01-07,35.0000,35.0000,34.1250,34.7188,6032000,16.3790
1999-01-08,34.6875,34.6875,33.4063,34.0000,8961600,16.0399
1999-01-11,33.5625,33.5625,32.6250,33.0313,10087600,15.5829
1999-01-12,33.0313,33.2813,32.6250,32.7188,8370000,15.4354
1999-01-13,32.7188,32.7813,31.8125,32.5938,8561400,15.3765
1999-01-14,32.5313,32.5313,31.3750,31.7500,10179400,14.9784
1999-01-15,31.7813,32.5000,31.7813,32.4063,9702600,15.2880
1999-01-19,32.4063,32.5313,31.3750,32.0625,8228400,15.1259
1999-01-20,32.0625,32.0938,31.5000,31.7188,7395200,14.9637
1999-01-21,31.5938,31.5938,30.4688,30.7813,12716600,14.5214
1999-01-22,30.7188,30.7188,29.7813,30.4375,15610600,14.3592
1999-01-25,30.4375,31.5000,30.0313,31.4688,10226800,14.8457
1999-01-26,31.4688,31.6250,30.0313,31.2813,11162000,14.7573
1999-01-27,31.2813,32.3750,30.7813,31.9688,9598600,15.0816
1999-01-28,31.9688,32.8438,31.7813,32.5625,10326600,15.3617
1999-01-29,32.5625,32.9375,32.2500,32.6563,8236000,15.4060
1999-02-01,32.6563,32.9063,32.0000,32.0000,7864400,15.0964
1999-02-02,32.0000,32.6250,31.5938,32.6250,8544600,15.3912
1999-02-03,32.6250,32.9375,32.0625,32.2500,8492600,15.2143
1999-02-04,32.0938,32.0938,31.3125,31.7813,8295600,14.9932
1999-02-05,31.7813,31.9688,30.9063,31.0313,6035000,14.6393
1999-02-08,31.0313,31.3125,30.6563,30.7500,5983000,14.5067
1999-02-09,30.7500,31.6875,30.6563,30.9688,8243600,14.6099
1999-02-10,31.0000,31.8125,31.0000,31.8125,5970200,15.0079
1999-02-11,31.8125,32.4375,31.4375,32.1875,5863800,15.1848
1999-02-12,32.1875,32.4688,31.3438,31.9375,5048600,15.0669
1999-02-16,32.0313,32.5000,32.0313,32.4375,5821800,15.3028
1999-02-17,32.4375,32.6250,31.7500,32.1563,6282000,15.1701
1999-02-18,32.1563,32.6563,31.9688,32.3125,5313800,15.2438
1999-02-19,32.3125,32.9375,32.0313,32.8750,9922600,15.5092
1999-02-22,32.6875,32.6875,32.1875,32.2188,9985600,15.1996
1999-02-23,32.1875,32.1875,31.0313,31.3750,10619200,14.8015
1999-02-24,31.3750,32.3438,31.3750,31.4063,8784400,14.8163
1999-02-25,31.4063,32.2500,31.2813,32.1250,8244400,15.1553
1999-02-26,32.1250,32.4375,31.3438,31.9375,8363200,15.0669
1999-03-01,31.9375,31.9688,31.3125,31.8438,5425000,15.0227
1999-03-02,31.7500,31.7500,30.6250,31.0625,9608200,14.6541
1999-03-03,31.0625,31.0625,30.4063,30.8125,6140200,14.5361
1999-03-04,30.8125,31.6563,30.8125,31.4688,8276200,14.8457
1999-03-05,31.5313,32.1563,31.5313,31.9688,8542800,15.0816
1999-03-08,31.9688,32.0000,31.5313,32.0000,6003800,15.0964
1999-03-09,32.0000,32.0625,31.4063,31.5000,6796200,14.8605
1999-03-10,31.5000,31.6875,31.0938,31.4375,6008800,14.8310
1999-03-11,31.8750,33.3125,31.8750,33.1875,17270800,15.6965
1999-03-12,33.5313,34.9688,33.5313,34.7188,16184600,16.4207
1999-03-15,34.7188,34.7188,34.1250,34.3438,8657200,16.2434
1999-03-16,34.3438,34.7500,34.0625,34.3438,6542600,16.2434
1999-03-17,34.3438,34.4688,33.3125,33.4063,6938800,15.8000
1999-03-18,33.4063,34.2813,33.4063,34.1250,8341800,16.1399
1999-03-19,34.1250,34.4375,33.7500,33.7500,8632800,15.9626
1999-03-22,33.7500,34.1875,33.6250,33.8438,5739800,16.0069
1999-03-23,33.2500,33.2500,32.4063,32.9375,12744000,15.5783
1999-03-24,32.9375,33.0938,32.3438,32.6875,6156600,15.4600
1999-03-25,32.6875,33.0938,32.4688,32.9375,5522000,15.5783
1999-03-26,32.6563,32.6563,31.9063,32.6563,7042800,15.4453
1999-03-29,32.6563,33.9375,32.3125,32.4063,7931400,15.3270
1999-03-30,31.7188,31.7188,30.6875,31.6250,21393400,14.9575
1999-03-31,31.5625,31.5625,30.4063,30.6875,13089800,14.5141
1999-04-01,30.6875,30.8438,30.0313,30.4688,9611200,14.4107
1999-04-05,30.4688,30.5938,30.0625,30.2500,8302400,14.3072
1999-04-06,30.2500,30.3750,29.8125,29.9063,10912000,14.1446
1999-04-07,29.8438,29.8438,28.8125,29.4688,15249200,13.9377
1999-04-08,29.4688,30.6250,29.4688,30.4375,13011600,14.3959
1999-04-09,30.4375,30.7188,29.9063,30.3750,8467400,14.3663
1999-04-12,30.3750,31.0000,29.9063,30.9375,9582000,14.6323
1999-04-13,31.5000,32.3750,31.5000,31.6563,11245000,14.9723
1999-04-14,31.6563,31.8750,31.2500,31.7188,8003000,15.0019
1999-04-15,31.7188,32.2500,31.7188,32.1250,8768000,15.1940
1999-04-16,32.1250,32.8750,31.7500,32.8438,9169600,15.5339
1999-04-19,32.8438,33.5313,32.0313,32.4688,12480200,15.3566
1999-04-20,32.4688,32.7500,31.8125,32.6250,6711400,15.4305
1999-04-21,32.7500,34.0625,32.7500,33.7813,13177000,15.9773
1999-04-22,33.7813,33.9375,33.1250,33.2500,9231800,15.7261
1999-04-23,33.2500,33.8750,33.0000,33.2500,5469600,15.7261
1999-04-26,33.2500,33.6875,32.6563,33.5625,4614600,15.8739
1999-04-27,33.6563,34.7188,33.6563,34.7188,9852200,16.4207
1999-04-28,34.5313,34.5313,33.8750,33.9688,5784400,16.0660
1999-04-29,33.9688,34.3125,33.6875,33.9063,5667600,16.0365
1999-04-30,33.9063,34.4063,33.4375,34.0313,7045400,16.0956
1999-05-03,34.0313,34.5938,33.6250,34.5000,5654800,16.3173
1999-05-04,34.5000,34.5000,33.8125,34.3438,5216800,16.2434
1999-05-05,34.3438,35.3750,34.0625,35.2500,10742800,16.6720
1999-05-06,35.2500,35.4375,34.2500,34.5625,8282800,16.3468
1999-05-07,34.5313,34.5313,33.7813,33.8750,5550200,16.0217
1999-05-10,33.8750,34.0938,33.2500,33.5313,6254400,15.8591
1999-05-11,33.5313,33.7500,32.8125,33.4688,5540600,15.8295
1999-05-12,33.4375,33.4375,32.3750,33.2188,5440200,15.7113
1999-05-13,33.1875,33.1875,32.7188,32.8750,6660000,15.5487
1999-05-14,32.8750,32.9375,32.1563,32.6250,5762400,15.4305
1999-05-17,32.6250,33.6250,32.5625,33.5625,6298000,15.8739
1999-05-18,33.9063,34.5313,33.9063,34.3750,10695000,16.2582
1999-05-19,34.3750,34.3750,33.7500,34.2188,5608400,16.1843
1999-05-20,34.2188,34.2188,33.7813,33.9688,4121600,16.0660
1999-05-21,33.9688,34.6250,33.8125,34.0000,6302200,16.0808
1999-05-24,34.0000,34.2188,33.2500,33.4063,5638400,15.8000
1999-05-25,33.4063,34.4063,33.3438,33.5000,8837600,15.8443
1999-05-26,33.5313,34.5938,33.5313,34.2500,8707600,16.1990
1999-05-27,34.2500,34.3438,33.6875,34.0625,6468200,16.1104
1999-05-28,34.0625,34.7188,34.0000,34.2500,5551000,16.1990
1999-06-01,34.2500,34.7188,33.8438,34.5625,6923400,16.3468
1999-06-02,34.4375,34.4375,34.0625,34.3125,3718200,16.2286
1999-06-03,34.3125,34.4688,34.1563,34.4063,4614400,16.2729
1999-06-04,34.4063,34.9375,34.2188,34.8750,6448400,16.4946
1999-06-07,34.7188,34.7188,33.8125,33.8750,4600000,16.0217
1999-06-08,33.8750,34.2188,33.4063,33.8750,5791000,16.0217
1999-06-09,33.7500,33.7500,33.3125,33.5000,4262600,15.8443
1999-06-10,33.2188,33.2188,32.6875,33.0625,4696200,15.6374
1999-06-11,33.0625,33.1250,32.0000,32.2188,5896600,15.2753
1999-06-14,32.2188,32.7813,31.9063,32.4063,5623200,15.3642
1999-06-15,32.1250,32.1250,31.5938,31.8750,7671400,15.1123
1999-06-16,31.8750,32.4063,31.5000,31.9375,7770800,15.1420
1999-06-17,31.9375,32.5625,31.9063,32.2813,7760200,15.3049
1999-06-18,32.2188,32.2188,31.5625,31.7188,13430600,15.0382
1999-06-21,31.6563,31.6563,30.6875,30.7813,12047400,14.5938
1999-06-22,30.7813,32.3750,30.6563,31.3125,14922400,14.8456
1999-06-23,31.3125,31.7500,30.8125,30.8750,10523600,14.6382
1999-06-24,30.8750,31.4688,30.6250,31.3125,10789400,14.8456
1999-06-25,31.3125,31.6563,30.6875,30.9375,6839200,14.6678
1999-06-28,30.9375,30.9375,30.3438,30.5313,8389800,14.4752
1999-06-29,30.5313,30.5938,30.1875,30.5938,8821600,14.5049
1999-06-30,30.5938,31.3125,30.3750,31.0000,15421400,14.6975
1999-07-01,31.0625,32.5625,31.0625,32.4375,14922400,15.3790
1999-07-02,32.4375,32.7500,32.0938,32.4063,8407400,15.3642
1999-07-06,32.2500,32.2500,31.5938,31.8125,6175800,15.0827
1999-07-07,31.7813,31.7813,31.2500,31.5000,6491000,14.9345
1999-07-08,31.5000,32.0938,31.1875,31.5625,5172800,14.9642
1999-07-09,31.6563,32.2813,31.6563,31.8125,5405200,15.0827
1999-07-12,31.8125,32.0000,31.2500,31.5313,4791800,14.9493
1999-07-13,31.4375,31.4375,31.0000,31.2188,5662800,14.8012
1999-07-14,31.0938,31.0938,30.7813,30.9375,5309600,14.6678
1999-07-15,31.3125,32.1250,31.3125,32.0000,9338400,15.1716
1999-07-16,32.0000,32.5000,31.8438,32.5000,7277000,15.4086
1999-07-19,32.4688,32.4688,31.3750,31.5938,6306800,14.9790
1999-07-20,31.5938,31.9375,31.2813,31.4688,5544200,14.9197
1999-07-21,31.4688,32.0625,31.2813,31.3125,7261400,14.8456
1999-07-22,31.3125,31.8438,31.0313,31.5625,6185000,14.9642
1999-07-23,31.4688,31.4688,30.7813,31.1250,5908400,14.7567
1999-07-26,31.1250,31.8125,30.7813,31.5313,5491400,14.9493
1999-07-27,31.5313,31.5938,31.0625,31.2500,5647200,14.8160
1999-07-28,31.1250,31.1250,30.5625,30.6875,6001800,14.5493
1999-07-29,30.6875,30.9375,30.3750,30.7500,6723000,14.5790
1999-07-30,30.7500,30.8438,30.1250,30.2813,5677200,14.3567
1999-08-02,30.2813,30.5938,30.0000,30.0313,5161000,14.2382
1999-08-03,30.0625,30.5625,30.0625,30.4063,5486000,14.4160
1999-08-04,30.4063,30.9375,30.0625,30.0625,6119600,14.2530
1999-08-05,30.0625,30.8125,29.8750,30.4375,7089400,14.4308
1999-08-06,30.4375,30.6250,29.2500,29.6250,7642000,14.0456
1999-08-09,29.6250,30.1250,29.5313,29.8750,4808600,14.1641
1999-08-10,29.8750,30.1875,29.7500,29.9063,4855000,14.1789
1999-08-11,29.9063,30.0000,29.2500,29.7188,6254800,14.0900
1999-08-12,29.7188,30.4063,29.7188,30.0625,5596600,14.2530
1999-08-13,30.0625,30.3438,29.6563,29.9063,4847400,14.1789
1999-08-16,29.8438,29.8438,29.3750,29.6875,4236800,14.0752
1999-08-17,29.6875,30.1250,29.5625,30.0625,3749200,14.2530
1999-08-18,29.8125,29.8125,29.2188,29.2500,5697000,13.8678
1999-08-19,29.2500,29.3125,28.8438,29.0313,9124000,13.7641
1999-08-20,29.0313,29.5313,28.7813,29.4063,7397800,13.9419
1999-08-23,29.4063,29.9063,29.1563,29.4063,7271200,13.9419
1999-08-24,29.4063,29.8125,29.2188,29.6250,6457000,14.0456
1999-08-25,29.6563,30.8750,29.6563,30.6563,10551000,14.5345
1999-08-26,30.6563,31.2188,30.6250,30.7813,6892800,14.5938
1999-08-27,30.7813,31.0313,30.5000,31.0313,5256200,14.7123
1999-08-30,31.0313,31.1875,30.1875,30.4375,4504600,14.4308
1999-08-31,30.4375,30.6250,29.8750,29.9063,6173800,14.1789
1999-09-01,29.9063,30.2500,29.5938,30.0000,4987600,14.2234
1999-09-02,29.8750,29.8750,29.3438,29.7500,4256000,14.1048
1999-09-03,29.0313,29.0313,28.3125,28.6875,15629600,13.6011
1999-09-07,28.6875,28.7500,26.8750,27.3125,20932600,12.9492
1999-09-08,27.3125,27.9375,27.2813,27.6250,16796800,13.0973
1999-09-09,27.6250,28.0000,27.2500,27.5000,8579800,13.0381
1999-09-10,27.5000,27.6563,27.3125,27.5625,6515000,13.0677
1999-09-13,27.5625,27.8750,27.4063,27.6875,5002200,13.1652
1999-09-14,27.5000,27.5000,27.1875,27.3750,6496000,13.0166
1999-09-15,27.3750,27.7813,27.0313,27.0313,7234000,12.8531
1999-09-16,27.0313,27.3438,26.8125,27.0313,6510400,12.8531
1999-09-17,27.0313,27.3750,26.7813,27.0000,10967400,12.8383
1999-09-20,27.0000,27.4375,27.0000,27.1250,7170800,12.8977
1999-09-21,27.1250,27.3125,26.7188,26.8750,7690400,12.7789
1999-09-22,26.8438,26.8438,26.1563,26.2188,11921400,12.4668
1999-09-23,26.2188,26.5938,25.4063,25.4688,12639800,12.1102
1999-09-24,25.4688,26.0000,25.4688,25.5625,10570800,12.1548
1999-09-27,25.5625,26.0313,25.4375,25.5000,9242000,12.1251
1999-09-28,25.5000,25.6563,24.7813,25.3750,13730200,12.0656
1999-09-29,25.3750,25.3750,24.3750,24.4375,12171000,11.6198
1999-09-30,24.4375,24.7188,23.9688,24.1250,16804000,11.4713
1999-10-01,24.1250,24.5938,23.8750,24.5313,11814600,11.6644
1999-10-04,24.5313,24.9063,23.7813,23.7813,13134600,11.3078
1999-10-05,23.7813,24.1250,23.6563,23.9688,13728200,11.3970
1999-10-06,24.0313,25.9688,24.0313,25.9688,16290200,12.3479
1999-10-07,25.9688,26.4375,25.9063,26.0000,11634400,12.3628
1999-10-08,26.0313,26.9688,26.0313,26.5313,10347400,12.6154
1999-10-11,26.5313,26.7500,26.0313,26.1875,5630800,12.4520
1999-10-12,26.0000,26.0000,25.0625,25.2813,9377800,12.0210
1999-10-13,25.2813,25.3125,24.7500,24.8438,8828000,11.8130
1999-10-14,24.8750,25.7188,24.8750,25.2813,9138200,12.0210
1999-10-15,25.2813,25.5000,24.8125,24.9688,9028200,11.8725
1999-10-18,24.9688,25.5000,24.8750,25.5000,7876800,12.1251
1999-10-19,25.7500,26.4375,25.7500,26.4063,11870400,12.5560
1999-10-20,26.4063,26.8125,26.2813,26.3750,8752000,12.5411
1999-10-21,26.3750,27.2188,26.1875,27.1563,11963800,12.9126
1999-10-22,27.2813,27.9688,27.2813,27.6250,14658400,13.1355
1999-10-25,27.6250,28.2813,27.5000,28.1563,8613400,13.3881
1999-10-26,28.1563,28.5000,27.7500,27.7500,9280400,13.1949
1999-10-27,27.7500,28.5938,27.7500,28.4688,7181800,13.5367
1999-10-28,28.7813,29.4063,28.7813,29.4063,10987600,13.9824
1999-10-29,29.4063,29.6875,29.1250,29.5000,8153200,14.0270
1999-11-01,29.5000,29.6875,28.9375,29.5000,8425200,14.0270
1999-11-02,29.4688,29.4688,28.6563,28.8750,6453600,13.7298
1999-11-03,28.8750,28.8750,28.0313,28.4375,7917400,13.5218
1999-11-04,28.4375,28.7500,28.0313,28.3438,7537000,13.4772
1999-11-05,28.8125,29.2188,28.8125,29.0625,8209600,13.8190
1999-11-08,29.0625,29.4688,28.8438,29.4063,5470000,13.9824
1999-11-09,29.4063,29.4063,28.6250,28.8438,4456400,13.7150
1999-11-10,28.8438,29.1250,28.5000,28.9375,5149000,13.7596
1999-11-11,28.9375,28.9688,28.2500,28.3750,4844600,13.4921
1999-11-12,28.3750,28.7500,28.2813,28.7500,4832600,13.6704
1999-11-15,28.7500,29.1563,28.7500,29.1250,5541800,13.8487
1999-11-16,29.1250,29.6250,28.8750,29.6250,6558800,14.0865
1999-11-17,29.6250,30.0000,29.2500,29.9688,7905000,14.2499
1999-11-18,29.9688,30.4063,29.6250,30.2188,6596400,14.3688
1999-11-19,30.2188,30.3438,29.8438,30.2500,7501800,14.3836
1999-11-22,30.7500,33.0313,30.7500,32.6875,25021800,15.5427
1999-11-23,32.9063,33.4688,32.9063,33.3438,19265800,15.8547
1999-11-24,33.3438,34.2188,33.0938,33.9688,11651200,16.1519
1999-11-26,33.9375,33.9375,33.2813,33.2813,3306600,15.8250
1999-11-29,33.2813,33.5938,32.8750,33.5313,8520200,15.9823
1999-11-30,33.5313,33.9688,33.2500,33.6563,7551000,16.0419
1999-12-01,33.6563,34.5000,33.3438,34.0938,10861600,16.2504
1999-12-02,33.9688,33.9688,33.5000,33.7188,4753600,16.0716
1999-12-03,33.9063,34.5000,33.9063,34.1563,7668200,16.2802
1999-12-06,34.0938,34.0938,31.3125,32.3047,26527600,15.3976
1999-12-07,31.3750,31.3750,29.3750,29.5000,36138200,14.0608
1999-12-08,29.6875,30.4375,29.6875,30.0000,20022800,14.2991
1999-12-09,30.0313,31.0938,30.0313,31.0625,13725400,14.8056
1999-12-10,31.0625,31.6875,31.0625,31.6250,11719000,15.0737
1999-12-13,31.5000,31.5000,30.6875,31.0000,5586200,14.7758
1999-12-14,30.9688,30.9688,30.5313,30.6250,7121200,14.5970
1999-12-15,30.5938,30.5938,29.6875,29.9375,9054200,14.2693
1999-12-16,29.9375,30.1875,28.9375,29.2500,10605200,13.9417
1999-12-17,29.2500,29.9375,28.6875,29.8750,16030000,14.2396
1999-12-20,29.8750,30.1875,29.2500,29.7813,7583600,14.1949
1999-12-21,29.7813,30.0000,29.0625,29.2188,6346400,13.9268
1999-12-22,29.2500,30.3750,29.2500,29.2500,9053400,13.9417
1999-12-23,29.4063,30.1250,29.4063,29.6250,6739400,14.1204
1999-12-27,29.6250,29.9688,29.2813,29.7500,6182400,14.1800
1999-12-28,29.7500,29.8125,29.3438,29.5625,4732200,14.0906
1999-12-29,29.5625,29.9375,29.3125,29.4688,3655600,14.0459
1999-12-30,29.4688,29.7188,29.2188,29.2188,3969200,13.9268
1999-12-31,29.2188,29.4375,29.0313,29.1250,2829800,13.8821
2000-01-03,29.0000,29.0000,27.6250,28.1875,10997000,13.4352
2000-01-04,28.1875,28.4063,27.8125,28.2188,7308000,13.4501
2000-01-05,28.2188,28.7188,28.0313,28.4688,9457400,13.5693
2000-01-06,28.4688,28.8438,28.2813,28.5000,7129200,13.5842
2000-01-07,28.9375,30.3750,28.9375,30.3750,11474000,14.4779
2000-01-10,30.3750,30.4688,29.3750,29.4063,8723800,14.0161
2000-01-11,30.0625,30.6250,30.0625,30.4063,9398000,14.4928
2000-01-12,30.4063,30.9063,30.2188,30.7500,8389800,14.6566
2000-01-13,30.7188,30.7188,30.2188,30.2813,6106000,14.4332
2000-01-14,30.3438,30.9688,30.3438,30.5313,7513200,14.5523
2000-01-18,30.5313,32.5000,30.5313,32.5000,18350800,15.4907
2000-01-19,32.5000,32.6250,32.0313,32.6250,12813400,15.5503
2000-01-20,32.6250,32.9688,32.5625,32.9375,11539800,15.6993
2000-01-21,32.9375,33.4375,32.8750,33.4375,11385800,15.9376
2000-01-24,33.3750,33.3750,31.7813,32.4375,11306000,15.4609
2000-01-25,32.4375,33.0313,31.4375,32.9375,9718600,15.6993
2000-01-26,32.7500,32.7500,31.3750,31.5313,23723800,15.0290
2000-01-27,31.3438,31.3438,29.2188,29.7500,17550800,14.1800
2000-01-28,29.7500,29.7813,28.4688,28.4688,10875200,13.5693
2000-01-31,28.4688,29.3750,28.2813,28.7188,10734600,13.6884
2000-02-01,28.7188,29.1875,28.1563,29.0625,8114600,13.8523
2000-02-02,28.9375,28.9375,28.0313,28.1875,7164000,13.4352
2000-02-03,28.1875,28.3750,27.5313,27.6250,9464400,13.1671
2000-02-04,27.6250,28.8750,27.5313,28.1250,11501800,13.4054
2000-02-07,28.1250,28.8125,27.7813,28.4375,7742800,13.5544
2000-02-08,28.4375,28.9375,28.3750,28.5938,8261200,13.6289
2000-02-09,28.5938,28.8750,28.3750,28.5000,7948600,13.5842
2000-02-10,28.5000,28.6875,28.1250,28.3438,8031000,13.5097
2000-02-11,27.9688,27.9688,27.4375,27.7813,7688600,13.2416
2000-02-14,27.6250,27.6250,26.9063,27.0625,7134000,12.8990
2000-02-15,27.0625,27.8750,26.6250,27.8438,7850800,13.2714
2000-02-16,27.7188,27.7188,26.6250,26.7813,6869200,12.7650
2000-02-17,26.7813,26.7813,25.5938,26.1563,11661000,12.4671
2000-02-18,26.1563,26.1563,25.3750,25.6875,11443400,12.2436
2000-02-22,25.6875,26.3125,25.2500,25.8750,10543000,12.3330
2000-02-23,25.7188,25.7188,25.0000,25.6250,11021600,12.2139
2000-02-24,25.2500,25.2500,24.1563,24.9063,15451600,11.8713
2000-02-25,24.9063,25.3438,24.0313,24.3438,10905200,11.6032
2000-02-28,24.3438,24.8438,23.7813,24.6563,10790800,11.7521
2000-02-29,24.4063,24.4063,23.8125,24.3125,10346200,11.5883
2000-03-01,24.5938,25.6875,24.5938,25.5000,15612200,12.1543
2000-03-02,25.5000,25.9063,24.6875,24.8125,11358600,11.8266
2000-03-03,24.8125,25.1875,24.5313,25.0625,9010600,11.9457
2000-03-06,24.7500,24.7500,24.1563,24.5000,7866000,11.6776
2000-03-07,24.5000,24.5000,22.4063,23.5625,23440200,11.2308
2000-03-08,23.5625,24.0313,22.9375,23.7500,14441600,11.3202
2000-03-09,23.7500,23.7813,22.9375,23.3750,12389400,11.1414
2000-03-10,23.3125,23.3125,22.0313,22.7500,14059200,10.8435
2000-03-13,22.1563,22.1563,21.5625,21.8750,15646400,10.4656
2000-03-14,21.8750,22.1563,21.4375,21.6563,11162000,10.3609
2000-03-15,21.7500,23.9063,21.7500,23.7813,22138200,11.3776
2000-03-16,24.2813,24.9375,24.2813,24.8750,17610200,11.9008
2000-03-17,24.8750,24.9688,24.3750,24.5625,14530800,11.7513
2000-03-20,24.5000,24.5000,24.0313,24.2813,6755200,11.6168
2000-03-21,24.2813,24.8438,23.6875,24.7188,8575800,11.8261
2000-03-22,24.5000,24.5000,23.0938,23.5313,11884200,11.2579
2000-03-23,23.5313,24.1875,23.2188,23.5000,10333800,11.2430
2000-03-24,23.5000,23.5938,23.1875,23.5000,8769200,11.2430
2000-03-27,23.5000,23.5625,22.6250,22.6250,10535400,10.8244
2000-03-28,22.6250,23.2500,22.4375,22.4375,13673000,10.7347
2000-03-29,22.6563,23.5313,22.6563,23.4375,16292600,11.2131
2000-03-30,23.5625,24.9688,23.5625,24.2813,18795200,11.6168
2000-03-31,24.2813,24.3438,23.4688,23.4688,8857000,11.2280
2000-04-03,23.6250,24.9688,23.6250,24.6563,14186800,11.7962
2000-04-04,24.6563,26.1875,24.0938,26.1875,27390200,12.5288
2000-04-05,25.4688,25.4688,23.6875,23.8125,20256600,11.3925
2000-04-06,23.8125,23.9688,22.3750,22.8750,20675000,10.9440
2000-04-07,22.8750,23.2188,22.3750,23.0938,12374000,11.0486
2000-04-10,23.0938,23.5938,22.4375,22.5000,12903000,10.7646
2000-04-11,22.8438,23.8750,22.8438,23.5938,12096400,11.2878
2000-04-12,23.8438,24.9688,23.8438,24.2500,15586400,11.6018
2000-04-13,24.2500,24.3125,23.5625,23.6250,8892800,11.3028
2000-04-14,23.6250,23.7813,23.0313,23.5000,9488200,11.2430
2000-04-17,23.5000,24.3125,23.1250,24.2500,10710200,11.6018
2000-04-18,24.2500,24.5625,23.1875,24.3125,13001000,11.6317
2000-04-19,24.3125,24.8438,23.9688,24.5938,10073200,11.7663
2000-04-20,24.5938,24.7188,24.0000,24.7188,8278600,11.8261
2000-04-24,24.7188,25.2188,24.5000,24.8125,9377600,11.8709
2000-04-25,24.8125,25.2500,24.0938,25.2500,8711600,12.0802
2000-04-26,25.0625,25.0625,24.4375,24.7188,9536200,11.8261
2000-04-27,24.5625,24.5625,23.7188,24.1250,9023200,11.5420
2000-04-28,24.1250,24.1875,23.3750,23.6250,7568800,11.3028
2000-05-01,23.5000,23.5000,23.1250,23.1250,7754000,11.0636
2000-05-02,23.1250,23.7813,22.9688,23.1250,9209400,11.0636
2000-05-03,23.1250,24.4063,23.0625,24.2500,14397400,11.6018
2000-05-04,24.2500,24.5938,23.6563,24.2500,6842400,11.6018
2000-05-05,24.0000,24.0000,23.3750,23.5313,5999200,11.2579
2000-05-08,23.8125,24.2500,23.8125,24.2500,6013000,11.6018
2000-05-09,24.9688,25.6250,24.9688,25.2500,22386000,12.0802
2000-05-10,25.2500,26.5000,25.2500,26.4063,21062000,12.6334
2000-05-11,26.5000,26.9063,26.5000,26.7813,15919400,12.8128
2000-05-12,26.5000,26.5000,25.7500,26.1250,7498200,12.4989
2000-05-15,26.1250,26.3750,25.5000,25.8750,8056600,12.3793
2000-05-16,25.3750,25.3750,24.3125,24.4688,16476600,11.7065
2000-05-17,24.4688,24.5938,24.0000,24.1250,8448600,11.5420
2000-05-18,24.1250,24.9375,24.0938,24.7188,8098600,11.8261
2000-05-19,24.7188,25.1563,24.5313,25.0313,10053600,11.9756
2000-05-22,25.0313,25.3438,24.7188,25.3438,9716400,12.1251
2000-05-23,25.0938,25.0938,24.8438,25.0000,7210000,11.9606
2000-05-24,25.0938,26.5313,25.0938,26.3438,10788000,12.6035
2000-05-25,26.3438,26.4688,26.0000,26.3438,7731800,12.6035
2000-05-26,26.6250,27.5000,26.6250,27.2813,12380200,13.0520
2000-05-30,27.2813,27.5000,26.5313,26.9375,7451200,12.8876
2000-05-31,26.9375,26.9375,26.3750,26.6875,5541000,12.7680
2000-06-01,26.6875,27.3125,26.5313,26.6250,5993800,12.7381
2000-06-02,26.6250,26.6250,26.0625,26.2813,6324800,12.5736
2000-06-05,26.2813,26.4375,25.8750,26.0000,4837400,12.4391
2000-06-06,25.9688,25.9688,25.5313,25.9063,6609200,12.3942
2000-06-07,25.9375,26.6250,25.9375,26.5000,6865200,12.6783
2000-06-08,26.5000,26.5000,25.9375,26.4063,7779000,12.6334
2000-06-09,26.4063,26.6875,26.0625,26.1563,4966000,12.5138
2000-06-12,26.1563,26.7188,26.1250,26.3125,4122600,12.5886
2000-06-13,26.4063,27.0000,26.4063,26.6875,5626200,12.8094
2000-06-14,26.6875,27.0625,26.1875,26.5000,10165800,12.7194
2000-06-15,26.9063,28.0625,26.9063,27.9375,20672400,13.4093
2000-06-16,27.9375,28.0938,27.5625,27.7500,14330400,13.3193
2000-06-19,27.4375,27.4375,27.0000,27.2188,6989800,13.0643
2000-06-20,26.8125,26.8125,26.3438,26.4688,6947800,12.7044
2000-06-21,26.5000,27.1563,26.5000,26.7500,8780600,12.8394
2000-06-22,26.7500,28.2500,26.5000,28.0625,11664600,13.4693
2000-06-23,28.0625,29.1563,27.8125,28.9375,15346000,13.8893
2000-06-26,28.9375,29.6250,28.7500,29.5000,9900400,14.1593
2000-06-27,29.4375,29.4375,28.7500,28.9375,10429600,13.8893
2000-06-28,29.1875,30.4375,29.1875,30.0234,18989000,14.4105
2000-06-29,30.0234,30.0938,29.3750,29.5313,12743200,14.1743
2000-06-30,29.4063,29.4063,28.1250,28.7188,19122800,13.7843
2000-07-03,28.9063,29.2500,28.9063,29.0938,7707200,13.9643
2000-07-05,29.1250,29.5938,29.1250,29.3750,6960400,14.0993
2000-07-06,29.3750,29.4688,28.9063,29.4688,5041200,14.1443
2000-07-07,29.4688,29.6250,29.1875,29.3750,5043200,14.0993
2000-07-10,29.3438,29.3438,28.6250,28.7813,6447200,13.8143
2000-07-11,28.7500,28.7500,27.9063,28.0938,8134200,13.4843
2000-07-12,28.0938,28.2500,27.6250,28.0625,7153800,13.4693
2000-07-13,28.2188,29.0625,28.2188,28.9688,8450600,13.9043
2000-07-14,28.9688,29.2188,28.5000,28.8125,4648000,13.8293
2000-07-17,28.8125,28.8125,28.2813,28.6719,7003000,13.7618
2000-07-18,28.6719,29.3750,28.3125,29.0938,7595200,13.9643
2000-07-19,29.3750,30.3125,29.3750,30.2500,16435400,14.5193
2000-07-20,30.2500,30.3438,29.9375,30.2500,9225600,14.5193
2000-07-21,30.2500,30.6250,30.1797,30.4297,8141200,14.6055
2000-07-24,30.0000,30.0000,29.5313,29.6250,6808200,14.2193
2000-07-25,29.6250,29.6563,29.4063,29.6250,4664400,14.2193
2000-07-26,29.6250,30.0000,29.3125,29.4063,10162400,14.1143
2000-07-27,29.8438,30.5938,29.8438,30.2188,9117200,14.5043
2000-07-28,30.2188,31.5000,30.0313,31.3438,13619000,15.0442
2000-07-31,31.1875,31.1875,30.6250,30.6563,8017000,14.7143
2000-08-01,30.6563,32.0000,30.6563,31.5000,9321400,15.1192
2000-08-02,31.5000,31.5313,31.1250,31.4688,6662400,15.1042
2000-08-03,31.4688,31.8750,31.0313,31.5000,6653400,15.1192
2000-08-04,31.3125,31.3125,30.5625,31.0625,6006600,14.9093
2000-08-07,30.8750,30.8750,30.5625,30.6875,4263600,14.7293
2000-08-08,30.6875,31.1875,30.2500,30.4688,6135800,14.6243
2000-08-09,30.2188,30.2188,29.8438,29.9063,7111600,14.3543
2000-08-10,30.0313,30.8750,30.0313,30.5000,6214800,14.6393
2000-08-11,30.5000,31.3750,30.5000,31.1250,6165400,14.9393
2000-08-14,31.1250,31.6250,31.1250,31.5313,5329400,15.1342
2000-08-15,31.2813,31.2813,30.8125,31.0000,4402600,14.8793
2000-08-16,30.6875,30.6875,29.7500,30.3438,11729200,14.5643
2000-08-17,30.3125,30.3125,29.7813,29.8438,5834000,14.3243
2000-08-18,29.8438,30.1563,29.7500,30.1563,5274600,14.4743
2000-08-21,29.9688,29.9688,29.5625,29.9063,5735000,14.3543
2000-08-22,29.9063,29.9688,29.0000,29.0000,4243400,13.9193
2000-08-23,29.0000,29.5938,28.9688,29.3984,7007400,14.1105
2000-08-24,29.3984,29.5000,28.9375,28.9688,4619200,13.9043
2000-08-25,28.7188,28.7188,27.5000,28.0000,13902000,13.4393
2000-08-28,28.3438,28.8750,28.3438,28.5000,12625800,13.6793
2000-08-29,28.4375,28.4375,28.0313,28.1563,5934600,13.5143
2000-08-30,28.0000,28.0000,26.9063,27.1250,9392800,13.0193
2000-08-31,27.0938,27.0938,25.7500,26.3203,16123800,12.6331
2000-09-01,26.6875,27.2500,26.6875,27.1250,10053000,13.0193
2000-09-05,27.1250,28.5313,26.7500,28.1563,11223000,13.5143
2000-09-06,27.4688,27.4688,27.0313,27.1563,9854000,13.0343
2000-09-07,27.1563,27.2813,26.6250,27.0000,7458200,12.9594
2000-09-08,27.0000,27.5938,26.9063,27.2813,5253600,13.0943
2000-09-11,27.2813,27.3438,26.1563,26.5000,7846000,12.7194
2000-09-12,26.5000,26.9375,26.0938,26.7500,8248000,12.8394
2000-09-13,26.7500,26.8438,26.0313,26.2500,6986400,12.6395
2000-09-14,25.9375,25.9375,24.9688,25.5000,11181600,12.2784
2000-09-15,25.5000,26.0625,25.2500,25.4063,12373800,12.2333
2000-09-18,25.4063,26.7500,25.3750,26.5625,8759800,12.7900
2000-09-19,26.5625,26.7500,26.0313,26.4375,7630400,12.7298
2000-09-20,26.3438,26.3438,24.7188,25.1250,14690200,12.0978
2000-09-21,25.1250,25.4063,24.5938,24.7813,10247200,11.9323
2000-09-22,25.4375,26.4688,25.4375,26.4375,16349000,12.7298
2000-09-25,26.4375,27.1250,26.3125,26.7813,8079600,12.8953
2000-09-26,26.7813,27.5625,26.6250,27.4688,10269400,13.2264
2000-09-27,27.4688,27.9375,27.0000,27.8125,10414600,13.3919
2000-09-28,27.8125,27.8125,27.0625,27.7188,8353200,13.3467
2000-09-29,27.7188,28.3125,27.5000,27.5625,11962600,13.2715
2000-10-02,27.6250,28.5000,27.6250,28.5000,9516000,13.7229
2000-10-03,28.5000,28.6875,28.0625,28.1563,7380800,13.5574
2000-10-04,28.1563,28.6250,28.0000,28.6250,8279000,13.7831
2000-10-05,28.6563,29.6875,28.6563,29.5625,10596400,14.2345
2000-10-06,29.5625,29.5938,28.8750,29.2188,9617400,14.0690
2000-10-09,29.2188,29.4063,28.9063,28.9063,4073000,13.9185
2000-10-10,28.9063,29.6563,28.5313,29.0938,6280600,14.0088
2000-10-11,29.0938,29.7813,28.8750,29.2813,7904000,14.0991
2000-10-12,29.2813,29.3750,28.1875,28.6250,8552800,13.7831
2000-10-13,28.6250,28.8438,28.1875,28.5938,7312400,13.7681
2000-10-16,28.5938,29.6250,28.5000,29.3125,7054600,14.1141
2000-10-17,29.3125,29.4688,28.5000,28.9688,6069800,13.9486
2000-10-18,28.9688,29.4375,28.4063,29.0938,7339400,14.0088
2000-10-19,28.7188,28.7188,28.0625,28.5625,5797600,13.7530
2000-10-20,27.8750,27.8750,26.8750,27.4063,14655200,13.1963
2000-10-23,27.4063,27.9688,26.9375,27.6563,7077800,13.3167
2000-10-24,27.6563,28.0938,27.2188,28.0625,6334800,13.5123
2000-10-25,28.0625,29.2188,27.8125,28.9688,9350200,13.9486
2000-10-26,28.9688,29.6563,28.2188,29.3438,9351000,14.1292
2000-10-27,29.3438,29.6563,28.8125,29.4688,7562200,14.1894
2000-10-30,29.4688,30.2500,29.4375,29.9375,10526800,14.4151
2000-10-31,29.9375,30.4688,29.3438,30.1875,9830000,14.5355
2000-11-01,30.1875,30.7188,30.1563,30.4375,8289000,14.6558
2000-11-02,30.4375,30.7188,30.0313,30.3750,9108400,14.6257
2000-11-03,30.2500,30.2500,29.5625,29.6563,6068400,14.2797
2000-11-06,29.6563,30.5000,29.4063,30.2500,5558200,14.5656
2000-11-07,30.2500,30.4375,29.9063,30.0313,4236000,14.4602
2000-11-08,30.0313,30.3125,29.5313,30.0938,5048200,14.4903
2000-11-09,30.0938,31.3438,29.9375,31.1563,11855000,15.0019
2000-11-10,31.1563,31.5313,30.9375,30.9375,10323400,14.8966
2000-11-13,30.8125,30.8125,30.1875,30.5313,8175800,14.7010
2000-11-14,30.5313,30.6563,29.8125,30.2813,7423400,14.5806
2000-11-15,30.2813,30.7500,30.1250,30.6563,7506600,14.7612
2000-11-16,30.6563,31.1563,30.5313,30.9688,7607400,14.9116
2000-11-17,30.9688,31.4063,30.5625,30.7188,12093800,14.7913
2000-11-20,29.4375,29.4375,27.9688,28.2813,19313200,13.6176
2000-11-21,28.2813,28.7500,27.6250,27.6250,13995800,13.3016
2000-11-22,29.1250,30.1563,29.1250,29.7813,13403800,14.3399
2000-11-24,29.7500,29.7500,29.3125,29.5000,3905000,14.2044
2000-11-27,29.5000,30.0313,29.0313,29.7813,6476800,14.3399
2000-11-28,29.9375,30.3750,29.9375,30.2188,5817800,14.5505
2000-11-29,30.2188,31.2500,29.8750,31.0625,9692000,14.9990
2000-11-30,31.0625,31.3125,30.7188,31.3125,12816400,15.1197
2000-12-01,31.1875,31.1875,30.6563,31.0938,8201200,15.0141
2000-12-04,31.0938,31.6875,30.9375,31.3750,8572200,15.1499
2000-12-05,31.3750,31.4063,30.3438,30.7188,9266800,14.8330
2000-12-06,30.7188,30.9063,30.1875,30.4375,7761200,14.6972
2000-12-07,30.4375,31.5313,30.2813,31.1875,7895200,15.0593
2000-12-08,30.9922,30.9922,30.3125,30.4375,8300800,14.6972
2000-12-11,30.0938,30.0938,29.0938,29.1563,11578000,14.0785
2000-12-12,29.1563,29.3438,28.8125,29.0000,8008200,14.0031
2000-12-13,29.0000,29.1563,28.6250,28.9063,7409800,13.9578
2000-12-14,28.7188,28.7188,27.8750,28.5000,10047600,13.7616
2000-12-15,28.3438,28.3438,26.7500,26.7500,27540400,12.9166
2000-12-18,26.8125,27.7813,26.8125,27.4375,10304600,13.2486
2000-12-19,27.4375,28.9688,27.3438,28.3750,11688200,13.7013
2000-12-20,28.3750,29.0000,27.7813,28.1250,13344200,13.5806
2000-12-21,28.1250,29.8125,28.0625,29.6875,11930800,14.3350
2000-12-22,29.5000,29.5000,28.7500,29.4375,7483600,14.2143
2000-12-26,29.4375,30.0000,29.3125,30.0000,5670000,14.4859
2000-12-27,30.0000,30.6875,30.0000,30.2813,7711000,14.6217
2000-12-28,30.2813,30.9688,30.2813,30.5313,5520800,14.7424
2000-12-29,30.5313,30.5625,30.0938,30.4688,4970400,14.7123
2001-01-02,30.4688,30.9688,30.1250,30.4063,10606000,14.6821
2001-01-03,30.4063,31.0938,29.5313,29.6250,12469600,14.3049
2001-01-04,29.4375,29.4375,28.3750,28.7813,14770600,13.8974
2001-01-05,28.7813,29.3750,28.7500,28.8438,7960200,13.9276
2001-01-08,28.9063,29.8438,28.9063,29.3125,9529200,14.1540
2001-01-09,29.3125,29.9688,28.8125,29.6875,8516200,14.3350
2001-01-10,29.6250,29.6250,28.9375,29.5625,7963200,14.2747
2001-01-11,29.4375,29.4375,28.5625,28.6875,6909000,13.8522
2001-01-12,28.6875,28.7188,28.1250,28.3125,7212000,13.6711
2001-01-16,28.3125,28.6563,28.0938,28.5000,7163600,13.7616
2001-01-17,28.5313,29.3438,28.5313,28.9688,7651800,13.9880
2001-01-18,28.9688,29.3438,28.4688,28.5625,7014400,13.7918
2001-01-19,28.5625,28.5625,27.6563,27.9063,9824200,13.4749
2001-01-22,27.9063,28.0313,27.5938,27.8438,6874600,13.4448
2001-01-23,27.8438,28.5938,27.7188,28.4375,7707800,13.7315
2001-01-24,28.4375,29.0313,28.0625,29.0313,9189400,14.0181
2001-01-25,29.0313,29.5000,28.9063,29.3125,7486800,14.1540
2001-01-26,29.3125,29.5938,28.7500,28.9688,6394600,13.9880
2001-01-29,28.8000,28.8500,28.2650,28.5600,5123000,13.7906
2001-01-30,28.6300,29.1350,28.6300,28.9550,5507600,13.9813
2001-01-31,28.9550,29.1000,28.2850,29.0000,8614000,14.0031
2001-02-01,28.7500,28.7500,28.3050,28.7200,6720800,13.8679
2001-02-02,28.7200,28.9900,28.5950,28.8700,6059400,13.9403
2001-02-05,28.8700,29.8050,28.8100,29.6000,9183600,14.2928
2001-02-06,29.6000,29.8850,29.1700,29.7100,6257000,14.3459
2001-02-07,29.7100,30.2700,29.6350,30.0000,9615600,14.4859
2001-02-08,30.0000,30.4950,29.7800,30.3050,6654600,14.6332
2001-02-09,30.3050,30.4700,29.9750,30.0700,4456400,14.5197
2001-02-12,30.0700,30.4350,29.7500,30.4100,6766000,14.6839
2001-02-13,30.0400,30.0400,29.7250,29.9800,6660600,14.4763
2001-02-14,29.9250,29.9250,29.5650,29.7500,5678000,14.3652
2001-02-15,29.4750,29.4750,28.4950,29.1850,11421200,14.0924
2001-02-16,29.2050,29.7400,29.2050,29.6800,7635600,14.3314
2001-02-20,29.6800,30.4900,29.2000,29.2350,15772000,14.1165
2001-02-21,28.1500,28.1500,27.0600,27.4600,19289000,13.2595
2001-02-22,27.4600,27.4600,25.7050,26.4950,18957800,12.7935
2001-02-23,26.4000,26.4000,25.7550,26.0000,9069200,12.5545
2001-02-26,26.0000,26.2900,25.7250,26.2350,9415600,12.6679
2001-02-27,26.2350,26.4150,25.7700,26.0000,7369600,12.5545
2001-02-28,26.0000,26.5750,25.9550,26.5150,11189600,12.8031
2001-03-01,26.5150,26.9500,26.1750,26.3500,9725000,12.7235
2001-03-02,26.3500,26.5250,26.0050,26.2750,9115800,12.6873
2001-03-05,25.6500,25.6500,24.7650,25.1000,14449600,12.1199
2001-03-06,25.1000,25.1000,24.6950,24.9000,9274600,12.0233
2001-03-07,24.9000,25.4000,24.9000,25.2150,10325800,12.1754
2001-03-08,25.2150,25.7350,25.1100,25.7000,9774600,12.4096
2001-03-09,25.7000,25.9400,25.4850,25.7500,7863400,12.4338
2001-03-12,25.6500,25.6500,25.0150,25.0500,7984800,12.0958
2001-03-13,24.5050,24.5050,24.1500,24.3750,10361200,11.8123
2001-03-14,24.1550,24.1550,23.1300,23.8350,14145800,11.5506
2001-03-15,23.8350,23.8750,23.1000,23.8250,9442800,11.5457
2001-03-16,23.8250,24.8700,23.5550,24.3250,18494000,11.7880
2001-03-19,24.3250,24.5500,24.0200,24.2000,7439600,11.7274
2001-03-20,24.2000,24.3900,23.5250,23.7150,8841200,11.4924
2001-03-21,23.7150,24.0000,22.6250,22.6250,18423000,10.9642
2001-03-22,22.6250,23.1000,22.2450,22.8600,14688800,11.0781
2001-03-23,22.7500,22.7500,22.0000,22.7500,15672800,11.0248
2001-03-26,22.7500,23.0500,22.2500,22.4500,11227600,10.8794
2001-03-27,22.4500,23.4700,22.2850,23.3050,13466000,11.2937
2001-03-28,23.3050,23.6250,22.4250,22.9750,14176000,11.1338
2001-03-29,22.6000,22.6000,21.8800,22.2600,15293800,10.7873
2001-03-30,22.2600,22.7500,22.2000,22.5800,10279600,10.9424
2001-04-02,22.5800,23.4600,22.4300,22.9250,10424800,11.1096
2001-04-03,22.8500,22.8500,22.0900,22.3300,9345400,10.8212
2001-04-04,22.3300,23.0250,22.0850,22.6250,8798600,10.9642
2001-04-05,22.6250,23.3000,22.3100,22.6500,9242200,10.9763
2001-04-06,22.6500,22.6750,21.9250,22.5000,7907800,10.9036
2001-04-09,22.5000,22.7950,21.9500,21.9500,8231600,10.6371
2001-04-10,21.9500,22.1500,21.6050,21.8250,11896400,10.5765
2001-04-11,21.8250,22.3750,21.1850,22.0650,13748400,10.6928
2001-04-12,22.0650,22.4500,21.3250,22.2850,10429200,10.7994
2001-04-16,22.2850,22.7500,22.0750,22.7050,8287000,11.0030
2001-04-17,22.7050,22.8500,22.4050,22.8500,8815800,11.0732
2001-04-18,22.8550,23.5400,22.8550,23.3750,14767400,11.3276
2001-04-19,23.3750,23.8850,23.0200,23.7500,10836400,11.5094
2001-04-20,23.6250,23.6250,23.1400,23.5000,9167200,11.3882
2001-04-23,23.5150,23.9500,23.5150,23.7250,6661000,11.4973
2001-04-24,23.7250,24.2250,23.5850,23.6950,8686800,11.4827
2001-04-25,23.7000,24.2000,23.7000,24.1000,6495400,11.6790
2001-04-26,23.9900,23.9900,23.4500,23.4500,8592800,11.3640
2001-04-27,23.4500,23.7500,23.0000,23.5000,6961800,11.3882
2001-04-30,23.3750,23.3750,22.9250,23.0950,7674000,11.1920
2001-05-01,23.0950,24.1000,23.0650,23.8150,8458000,11.5409
2001-05-02,23.8150,23.9500,23.5750,23.7850,7669600,11.5263
2001-05-03,23.7800,23.7800,23.2000,23.3750,8591600,11.3276
2001-05-04,23.3750,23.4850,22.9100,23.4150,8819000,11.3470
2001-05-07,23.4150,23.4500,23.2050,23.4100,7014600,11.3446
2001-05-08,23.3500,23.3500,23.0050,23.2850,6875600,11.2840
2001-05-09,23.2850,23.2850,22.7000,22.8800,10038000,11.0878
2001-05-10,22.8800,23.1250,22.7600,22.8050,7317200,11.0514
2001-05-11,22.8050,22.9500,22.3000,22.6450,9636400,10.9739
2001-05-14,22.6750,23.0550,22.6750,23.0050,7585600,11.1483
2001-05-15,23.0050,23.0550,22.6050,22.9500,6936400,11.1217
2001-05-16,22.9500,24.2050,22.7650,24.1150,11359000,11.6863
2001-05-17,24.1150,24.3500,23.8250,24.0650,9574800,11.6620
2001-05-18,24.0650,24.1500,23.8500,24.0500,6726000,11.6548
2001-05-21,24.0500,24.1750,23.6550,24.1450,7996600,11.7008
2001-05-22,24.0750,24.0750,23.7750,23.9000,5928600,11.5821
2001-05-23,23.9000,24.3500,23.6500,24.3500,8525800,11.8001
2001-05-24,24.3500,24.6750,24.2500,24.5450,6694000,11.8946
2001-05-25,24.5450,24.5500,23.9450,24.0850,4007000,11.6717
2001-05-29,24.0850,24.3950,24.0750,24.1700,4531800,11.7129
2001-05-30,24.1700,24.3250,23.8850,23.9400,5220400,11.6014
2001-05-31,23.7700,23.7700,23.4750,23.7000,7223400,11.4851
2001-06-01,23.7000,23.9500,23.5000,23.9050,6972600,11.5845
2001-06-04,23.8000,23.8000,23.4500,23.7850,4484800,11.5263
2001-06-05,23.7850,23.8350,23.2400,23.8100,6841400,11.5385
2001-06-06,23.7450,23.7450,23.1800,23.3750,7095400,11.3276
2001-06-07,23.3750,23.5950,22.9300,23.0600,6785400,11.1750
2001-06-08,23.0600,23.1150,22.8250,23.0000,4425000,11.1459
2001-06-11,23.0000,23.0600,22.7550,22.9650,3476200,11.1290
2001-06-12,22.9650,23.0650,22.7550,22.9550,4899400,11.1241
2001-06-13,22.9500,22.9500,22.7000,22.9250,5575600,11.1533
2001-06-14,22.8450,22.8450,22.4200,22.5100,7021600,10.9514
2001-06-15,22.5100,22.5950,22.0550,22.1300,13749800,10.7665
2001-06-18,22.1300,22.2250,21.7350,21.8850,6354400,10.6473
2001-06-19,21.8850,22.0450,21.7700,21.8750,5441000,10.6425
2001-06-20,21.8750,22.1200,21.7250,21.9650,8301800,10.6863
2001-06-21,21.9650,22.2400,21.7750,21.7950,10298800,10.6035
2001-06-22,21.7950,21.8550,21.2950,21.4250,9211200,10.4235
2001-06-25,21.6300,22.1000,21.6300,21.7950,14690600,10.6035
2001-06-26,21.7950,22.1500,21.5150,21.9750,20446600,10.6911
2001-06-27,21.9750,22.1750,21.8750,22.0900,12653800,10.7471
2001-06-28,22.1100,22.7050,22.1100,22.6750,15615000,11.0317
2001-06-29,22.7500,22.8300,22.4300,22.5000,13146800,10.9465
2001-07-02,22.5000,23.0250,22.3350,22.8000,7314800,11.0925
2001-07-03,22.8050,22.9950,22.8050,22.9700,3896200,11.1752
2001-07-05,22.9400,22.9400,22.5100,22.6200,5515000,11.0049
2001-07-06,22.6200,22.7450,22.2850,22.3000,5020200,10.8492
2001-07-09,22.3000,22.8400,22.2800,22.6100,4552000,11.0001
2001-07-10,22.6100,22.6450,22.2250,22.3350,9439200,10.8663
2001-07-11,22.3350,22.8750,22.1450,22.7550,7234200,11.0706
2001-07-12,22.7500,22.7500,22.4500,22.7450,6950800,11.0657
2001-07-13,22.7450,23.0700,22.5550,23.0050,6472800,11.1922
2001-07-16,23.0250,23.4900,23.0250,23.4900,8402400,11.4282
2001-07-17,23.4900,23.6000,22.9550,23.5650,7532000,11.4647
2001-07-18,23.4750,23.4750,22.8050,23.1100,8188800,11.2433
2001-07-19,23.1100,23.4450,22.9000,23.3500,5038400,11.3601
2001-07-20,23.3500,23.3850,22.8950,23.0550,7086000,11.2166
2001-07-23,23.0250,23.0250,22.1200,22.2400,10382000,10.8200
2001-07-24,22.2400,22.3000,21.8250,22.1000,9968400,10.7519
2001-07-25,22.1000,22.5150,22.0050,22.4900,7287400,10.9417
2001-07-26,22.4900,22.5050,22.2000,22.5000,6933200,10.9465
2001-07-27,22.5000,22.5450,22.1000,22.3950,4724000,10.8955
2001-07-30,22.2700,22.3950,22.0050,22.1300,5806800,10.7665
2001-07-31,22.1300,22.3700,21.9000,22.3000,8695000,10.8492
2001-08-01,22.3500,22.3750,21.8800,22.0400,7926000,10.7227
2001-08-02,22.1750,22.2200,21.7500,21.9550,10578800,10.6814
2001-08-03,22.1000,22.3900,22.0500,22.3500,11690800,10.8736
2001-08-06,22.3900,22.4900,22.1500,22.3050,7596400,10.8517
2001-08-07,22.3450,22.4400,22.2050,22.4400,8588000,10.9173
2001-08-08,22.4000,22.9150,22.2800,22.7500,13201200,11.0682
2001-08-09,22.6600,22.8500,22.5000,22.8050,9790400,11.0949
2001-08-10,22.6450,22.9900,22.2250,22.8350,7793800,11.1095
2001-08-13,22.7500,22.9750,22.6750,22.9000,5174200,11.1411
2001-08-14,22.9500,23.0500,22.8500,23.0200,6728200,11.1995
2001-08-15,23.1000,23.8500,23.0750,23.7900,15860400,11.5741
2001-08-16,23.7900,23.8800,23.4600,23.8550,9601600,11.6058
2001-08-17,23.8550,23.9450,23.5050,23.7700,6383600,11.5644
2001-08-20,23.9500,24.2700,23.8550,24.2700,8027400,11.8077
2001-08-21,24.2500,24.3900,24.0300,24.1550,8164600,11.7517
2001-08-22,24.1550,24.1750,23.9050,24.1250,7915600,11.7371
2001-08-23,24.2400,24.8000,24.1050,24.7250,9309600,12.0290
2001-08-24,24.7000,24.9250,24.4050,24.6050,8325400,11.9706
2001-08-27,24.5000,24.6150,24.2000,24.2550,8020400,11.8004
2001-08-28,24.2550,24.2550,23.8000,23.9350,6329800,11.6447
2001-08-29,23.9750,24.0500,23.6550,23.8500,5472200,11.6033
2001-08-30,24.0500,24.8750,24.0300,24.3950,13128600,11.8685
2001-08-31,24.1600,24.5400,24.1500,24.3350,7670800,11.8393
2001-09-04,24.4600,25.1950,24.2300,24.7500,14190400,12.0412
2001-09-05,24.4000,25.3500,24.4000,25.2250,13798400,12.2723
2001-09-06,25.1800,25.1800,24.7150,24.7550,10386200,12.0436
2001-09-07,24.6300,24.9900,24.5750,24.8650,12133000,12.0971
2001-09-10,24.8700,25.0900,24.7500,24.9750,13732600,12.2389
2001-09-17,24.7500,25.1000,24.3550,25.1000,20256600,12.3446
2001-09-18,25.1500,25.1550,24.4750,24.7350,11112000,12.1651
2001-09-19,24.8600,24.9700,24.1650,24.7500,14416000,12.1725
2001-09-20,24.4050,24.7050,24.1500,24.1750,16598600,11.8897
2001-09-21,23.0000,23.9150,22.6250,23.4000,23054200,11.5085
2001-09-24,23.4050,24.3500,23.4050,24.0150,13608400,11.8110
2001-09-25,23.9250,24.6300,23.9050,24.0000,17787200,11.8036
2001-09-26,23.9500,24.0000,23.3800,23.4450,11593800,11.5306
2001-09-27,23.4900,23.5350,23.2500,23.4750,11084800,11.5454
2001-09-28,23.5250,23.6250,23.3550,23.4250,11554000,11.5208
2001-10-01,23.2500,23.3650,22.9250,23.0450,12393400,11.3339
2001-10-02,23.1250,23.2350,22.7550,23.0850,9414200,11.3536
2001-10-03,22.9750,23.0000,22.6800,22.9000,11105800,11.2626
2001-10-04,22.5000,22.6400,22.4100,22.5800,12277400,11.1052
2001-10-05,22.5000,22.9500,22.1450,22.7500,10504800,11.1888
2001-10-08,22.7350,23.2450,22.6800,23.0750,6919000,11.3487
2001-10-09,22.8750,23.1200,22.7400,23.0900,5939800,11.3560
2001-10-10,23.0750,23.1750,22.8550,23.0750,8301800,11.3487
2001-10-11,23.0000,23.2500,22.8000,23.0250,9565400,11.3241
2001-10-12,22.5750,22.6700,22.0050,22.4000,16640000,11.0167
2001-10-15,22.1000,22.4000,22.0250,22.2500,9715400,10.9429
2001-10-16,22.2500,22.4000,22.1500,22.2700,9620000,10.9528
2001-10-17,22.3950,22.4450,22.1250,22.1400,10608200,10.8888
2001-10-18,22.1750,23.1000,22.1750,23.0600,15165200,11.3413
2001-10-19,23.6000,24.4400,23.5050,24.2950,23672000,11.9487
2001-10-22,24.0550,24.4950,23.8750,24.4900,12130800,12.0446
2001-10-23,24.4900,24.4900,24.1500,24.4350,8877600,12.0175
2001-10-24,24.3300,24.4950,24.2700,24.3850,6779200,11.9930
2001-10-25,24.1300,24.7450,24.1250,24.7200,7438400,12.1577
2001-10-26,24.5000,24.7450,24.4400,24.5700,6475600,12.0839
2001-10-29,24.5000,24.5750,24.2500,24.3050,5771000,11.9536
2001-10-30,24.0500,24.4000,23.7850,24.0800,7737200,11.8429
2001-10-31,24.0800,24.1550,23.8700,23.9400,6391000,11.7741
2001-11-01,23.7000,24.3400,23.6800,24.2950,7242800,11.9487
2001-11-02,24.0100,24.4750,23.9500,24.4400,5705000,12.0200
2001-11-05,24.1500,24.8000,24.1500,24.6500,7725800,12.1233
2001-11-06,24.5250,24.9250,24.4300,24.9250,6333000,12.2585
2001-11-07,24.7000,24.9500,24.5550,24.7000,5599600,12.1479
2001-11-08,24.6250,24.8000,24.4000,24.5350,7392800,12.0667
2001-11-09,24.3800,24.6750,24.2750,24.6100,5188800,12.1036
2001-11-12,24.4800,24.7500,24.3650,24.6600,4106200,12.1282
2001-11-13,24.7000,24.8600,24.5700,24.8250,5599600,12.2094
2001-11-14,24.8750,25.0350,24.8000,25.0000,8670400,12.2954
2001-11-15,25.0500,25.2250,24.8750,25.0000,10053200,12.2954
2001-11-16,25.2150,25.2150,24.8900,24.9650,8534600,12.2782
2001-11-19,25.0500,25.1000,24.5550,24.7350,6804200,12.1651
2001-11-20,24.4500,24.6250,24.3500,24.5000,7764200,12.0495
2001-11-21,24.3000,24.5000,24.2650,24.3800,4568600,11.9905
2001-11-23,24.2550,24.5750,24.2550,24.5750,2171600,12.0864
2001-11-26,24.4750,24.5450,24.0500,24.1550,8057400,11.8798
2001-11-27,24.1550,24.1900,23.7550,23.9950,7262400,11.8011
2001-11-28,23.6050,23.6900,23.2850,23.3750,9075800,11.5395
2001-11-29,23.4750,23.6400,23.2300,23.5400,7146400,11.6210
2001-11-30,23.5000,23.6250,23.3800,23.4800,6975200,11.5913
2001-12-03,23.1750,23.3750,23.0550,23.2650,8425800,11.4852
2001-12-04,23.4700,23.5250,23.1450,23.2750,7857600,11.4901
2001-12-05,23.6400,23.7000,23.4800,23.5600,12115800,11.6308
2001-12-06,23.3500,23.4450,23.0800,23.2150,7025800,11.4605
2001-12-07,23.0900,23.4500,23.0500,23.3000,6653800,11.5025
2001-12-10,23.0800,23.4350,22.7550,22.8150,7431400,11.2631
2001-12-11,22.8750,23.1050,22.7750,22.8250,7332600,11.2680
2001-12-12,22.8250,23.0650,22.7250,22.9900,8400000,11.3494
2001-12-13,22.9250,23.2500,22.8800,23.1150,10977800,11.4112
2001-12-14,23.1000,23.3600,23.0400,23.1250,6786600,11.4161
2001-12-17,23.3250,23.3250,22.9000,23.0750,8741400,11.3914
2001-12-18,23.2250,23.2750,22.9400,23.2500,9842800,11.4778
2001-12-19,23.1250,23.9750,23.1250,23.7450,15066400,11.7222
2001-12-20,23.6250,24.0500,23.6200,23.8800,9772400,11.7888
2001-12-21,24.0750,24.3900,23.8850,24.3900,16875000,12.0406
2001-12-24,24.3900,24.4000,24.0550,24.1850,5177400,11.9394
2001-12-26,24.0250,24.3900,23.9000,24.2600,4803000,11.9764
2001-12-27,23.7500,23.9700,23.7350,23.9700,7931600,11.8332
2001-12-28,23.6550,23.7200,23.4950,23.5850,8710400,11.6432
2001-12-31,23.6250,23.8500,23.4750,23.5750,6934000,11.6382
2002-01-02,23.4000,23.8200,23.1300,23.7350,8848000,11.7172
2002-01-03,23.8250,23.8250,23.2500,23.4250,10789800,11.5642
2002-01-04,23.3000,23.3200,23.0100,23.2150,10145600,11.4605
2002-01-07,22.9500,23.5000,22.4000,22.6100,17142800,11.1618
2002-01-08,22.7350,22.7350,22.3150,22.3250,12292800,11.0212
2002-01-09,22.2500,22.5450,22.2350,22.2800,12000600,10.9989
2002-01-10,22.3050,22.4750,22.2450,22.3900,9222800,11.0532
2002-01-11,22.4750,22.8000,22.3350,22.6500,11290600,11.1816
2002-01-14,22.5000,22.5850,22.1500,22.2500,16115200,10.9841
2002-01-15,22.3750,22.4050,22.0200,22.1750,12015800,10.9471
2002-01-16,22.2800,22.4000,21.9650,22.0750,10501000,10.8977
2002-01-17,22.2000,22.6000,22.1550,22.5250,9838000,11.1199
2002-01-18,22.5500,22.7250,22.5050,22.7200,9820800,11.2161
2002-01-22,22.7200,22.9700,22.6000,22.9500,9442400,11.3297
2002-01-23,22.8750,22.8800,22.0000,22.3900,13132600,11.0532
2002-01-24,22.5000,22.5500,21.8850,22.1100,13154000,10.9150
2002-01-25,22.0500,22.6950,22.0100,22.5750,8429800,11.1446
2002-01-28,22.4250,22.6250,22.2550,22.6050,9345200,11.1594
2002-01-29,22.5000,22.5750,22.0000,22.0000,15979600,10.8607
2002-01-30,22.1250,22.1450,21.8050,21.9250,11985000,10.8237
2002-01-31,22.0500,22.1000,21.7500,21.8750,18087600,10.7990
2002-02-01,21.8750,22.3500,21.8500,22.3400,14601200,11.0286
2002-02-04,22.3400,22.4950,22.1800,22.3400,9806000,11.0286
2002-02-05,22.4450,23.0450,22.3000,22.8750,15225200,11.2927
2002-02-06,22.9000,23.2600,22.6050,23.2500,15027600,11.4778
2002-02-07,22.9500,23.2050,22.8750,22.9400,8603800,11.3248
2002-02-08,22.7050,22.9350,22.5150,22.9250,6663800,11.3174
2002-02-11,22.6500,23.1200,22.6500,23.0700,9030800,11.3889
2002-02-12,22.8000,23.0650,22.7500,23.0550,6057000,11.3815
2002-02-13,22.8750,23.1900,22.7550,23.1900,7968400,11.4482
2002-02-14,23.0750,23.5000,23.0000,23.4950,8097800,11.5987
2002-02-15,23.5000,23.5250,23.3250,23.4750,12432600,11.5889
2002-02-19,23.1750,23.4350,23.0200,23.1450,6432600,11.4260
2002-02-20,23.0000,23.5000,22.7100,23.4400,7912000,11.5716
2002-02-21,23.3750,23.6150,22.9400,23.0000,9376200,11.3544
2002-02-22,23.0000,23.7500,22.9500,23.6500,12420400,11.6753
2002-02-25,23.6500,23.8400,23.5000,23.6850,8480200,11.6925
2002-02-26,23.6900,23.8250,23.3050,23.4950,8453000,11.5987
2002-02-27,23.4750,23.9900,23.4000,23.7400,8153200,11.7197
2002-02-28,23.9500,24.0000,23.6750,23.6950,8506200,11.6975
2002-03-01,23.4800,24.2250,23.4800,24.2050,9108000,11.9492
2002-03-04,24.0550,24.2000,23.6000,23.8850,9246600,11.7913
2002-03-05,23.7600,23.9600,23.6250,23.8000,8700000,11.7493
2002-03-06,23.5750,24.0000,23.5600,23.7700,7829200,11.7345
2002-03-07,23.5500,23.5950,23.1750,23.4750,11507000,11.5889
2002-03-08,23.7450,24.0850,23.7000,23.9250,7939800,11.8110
2002-03-11,24.0500,24.0500,23.7000,23.7900,6068800,11.7444
2002-03-12,23.7000,24.0500,23.5050,24.0450,6878800,11.8703
2002-03-13,23.8500,24.0500,23.8000,23.9750,6989600,11.8851
2002-03-14,24.0250,24.1700,23.8900,23.9450,8102200,11.8703
2002-03-15,24.1750,24.5250,24.1050,24.3200,14707200,12.0562
2002-03-18,24.4000,24.5600,24.0900,24.3350,8276200,12.0636
2002-03-19,24.4500,24.7150,24.4250,24.6000,8382400,12.1950
2002-03-20,24.6000,24.8850,24.5600,24.7050,7312000,12.2470
2002-03-21,24.9900,25.3850,24.9350,25.2000,15073200,12.4924
2002-03-22,25.2050,25.7400,25.1250,25.6250,13291000,12.7031
2002-03-25,25.7250,26.0450,25.6750,25.8750,15111000,12.8270
2002-03-26,25.8750,26.3400,25.8700,26.3000,16579000,13.0377
2002-03-27,25.9800,26.1700,25.9250,26.1450,19315200,12.9609
2002-03-28,26.1450,26.2250,25.9700,26.1300,10190400,12.9534
2002-04-01,26.0000,26.1750,25.7800,26.1500,7959000,12.9633
2002-04-02,26.1000,26.1450,25.8500,26.1400,8597800,12.9584
2002-04-03,25.9800,26.0800,25.7500,25.8700,8403000,12.8245
2002-04-04,25.8700,26.2050,25.7800,26.0100,9461600,12.8939
2002-04-05,25.9500,26.1400,25.8050,26.0900,5724800,12.9336
2002-04-08,25.8000,26.5500,25.7700,26.5000,10295200,13.1369
2002-04-09,26.5000,26.7750,26.3750,26.6750,8951600,13.2236
2002-04-10,26.5500,27.2250,26.5100,27.1100,8325400,13.4392
2002-04-11,27.0550,27.0600,26.5100,26.5700,8850800,13.1716
2002-04-12,26.3750,26.7500,26.2450,26.6800,7078600,13.2261
2002-04-15,26.4250,26.5050,26.1050,26.1950,8734000,12.9856
2002-04-16,26.1950,26.9500,25.9000,26.9400,12718200,13.3550
2002-04-17,26.8250,27.0300,26.6300,26.9600,8254800,13.3649
2002-04-18,26.9750,27.1000,26.6050,26.8550,7437000,13.3128
2002-04-19,26.8600,27.4900,26.8000,27.4550,9241200,13.6103
2002-04-22,27.4950,27.9250,27.3850,27.6500,11199000,13.7069
2002-04-23,27.5250,27.5750,27.1300,27.2600,7624600,13.5136
2002-04-24,27.3700,27.5300,27.2500,27.4900,9417000,13.6276
2002-04-25,27.4750,27.5000,27.0750,27.4900,8991200,13.6276
2002-04-26,27.4550,27.5450,27.2250,27.2250,6252400,13.4963
2002-04-29,27.2250,27.5400,27.0350,27.3200,8159000,13.5433
2002-04-30,27.4450,28.0200,27.3650,27.7550,13047600,13.7590
2002-05-01,27.8800,28.9550,27.8500,28.8100,16158400,14.2820
2002-05-02,28.7000,28.8950,28.5450,28.8200,13051000,14.2869
2002-05-03,28.5000,28.5850,28.1250,28.4300,9020600,14.0936
2002-05-06,28.4000,28.5500,28.2500,28.2950,7796400,14.0267
2002-05-07,28.4900,28.4900,28.1250,28.3250,8967400,14.0416
2002-05-08,28.3000,28.4850,27.9200,28.2500,10446000,14.0044
2002-05-09,28.3000,28.4450,28.2050,28.2500,5404200,14.0044
2002-05-10,28.2000,28.4500,28.1000,28.1800,6790600,13.9697
2002-05-13,28.0000,28.4500,27.9750,28.4450,6302000,14.1010
2002-05-14,28.4250,28.4500,28.1650,28.3250,7122000,14.0416
2002-05-15,28.2000,28.4150,28.1000,28.3450,7274000,14.0515
2002-05-16,28.4750,28.6000,28.2000,28.5250,7680800,14.1407
2002-05-17,28.4750,28.6250,28.2800,28.5000,7058200,14.1283
2002-05-20,28.3750,28.5000,27.9500,28.1000,5421200,13.9300
2002-05-21,28.1000,28.1750,27.6250,27.7300,8376200,13.7466
2002-05-22,27.7750,28.1500,27.7550,28.1000,5470000,13.9300
2002-05-23,28.1000,28.3450,27.8850,28.3450,5719400,14.0515
2002-05-24,28.3700,28.7400,27.8800,28.1000,6929000,13.9300
2002-05-28,27.9750,28.0750,27.2750,27.3200,7020000,13.5433
2002-05-29,27.2500,27.2500,26.9050,27.0750,8976200,13.4219
2002-05-30,26.9500,27.3000,26.9000,27.1950,9656800,13.4814
2002-05-31,27.4500,27.8450,27.3400,27.7800,8404400,13.7714
2002-06-03,27.4500,27.7000,26.9950,27.0150,6607600,13.3922
2002-06-04,26.7000,27.0000,26.4750,27.0000,10837400,13.3847
2002-06-05,27.0000,27.7250,26.8050,27.7000,8356200,13.7317
2002-06-06,27.7250,27.7250,26.9800,27.0750,7283600,13.4219
2002-06-07,27.0000,27.2250,26.8750,27.0250,7087200,13.3971
2002-06-10,26.9750,27.1000,26.8100,26.8650,6861800,13.3178
2002-06-11,26.9000,27.4750,26.8650,27.0000,11366200,13.3847
2002-06-12,27.0000,27.4750,26.9050,27.2400,10515600,13.5539
2002-06-13,27.2450,27.4950,27.0250,27.2500,7487600,13.5589
2002-06-14,27.1000,27.4450,26.8500,27.4250,9062000,13.6459
2002-06-17,27.4000,27.6950,27.3450,27.6250,7105600,13.7455
2002-06-18,27.5000,27.7200,27.4500,27.6500,7294800,13.7579
2002-06-19,27.6500,28.0350,27.4050,27.5400,9771000,13.7032
2002-06-20,27.5750,28.1750,27.5550,27.8600,10251400,13.8624
2002-06-21,27.4550,28.0250,27.4550,28.0000,17739400,13.9320
2002-06-24,28.0000,28.5950,27.9500,28.4750,11513800,14.1684
2002-06-25,28.4750,28.5700,27.4150,27.7250,11779200,13.7952
2002-06-26,27.2500,27.9000,27.1700,27.7700,13409200,13.8176
2002-06-27,27.8950,28.2250,27.4150,28.0450,11711000,13.9544
2002-06-28,28.1700,28.7250,27.8900,28.0000,14290600,13.9320
2002-07-01,28.1250,28.5500,28.1250,28.1750,10267600,14.0191
2002-07-02,28.4750,28.6000,28.0750,28.3400,12085600,14.1012
2002-07-03,28.2150,28.4500,28.0150,28.3050,12984600,14.0838
2002-07-05,27.9000,28.2500,27.7800,28.2350,6698000,14.0490
2002-07-08,28.3500,28.7500,28.2800,28.6400,10446200,14.2505
2002-07-09,28.5500,28.6150,28.0600,28.2200,18088000,14.0415
2002-07-10,28.2200,28.4750,27.1750,27.3500,15884200,13.6086
2002-07-11,27.0000,27.2000,26.0800,26.5550,25808200,13.2131
2002-07-12,26.5000,26.5000,25.3500,25.5250,17365800,12.7006
2002-07-15,25.3750,26.1250,24.6950,26.0000,18263000,12.9369
2002-07-16,25.5250,25.8500,25.0450,25.1850,13761800,12.5314
2002-07-17,25.6000,25.9750,24.8750,25.0000,19555200,12.4393
2002-07-18,25.0250,25.1800,23.6400,23.9650,15981000,11.9243
2002-07-19,23.4650,23.6000,22.3700,22.5450,20025800,11.2178
2002-07-22,22.5900,23.6500,22.4500,22.9450,23931200,11.4168
2002-07-23,22.3500,22.9900,22.1000,22.2900,23664800,11.0909
2002-07-24,21.8000,23.5500,21.8000,23.4250,26732200,11.6556
2002-07-25,23.3500,24.1250,22.9500,23.7800,14898000,11.8323
2002-07-26,23.8000,24.0050,23.4250,23.7250,10545200,11.8049
2002-07-29,24.0000,24.8000,23.9350,24.7150,12973200,12.2975
2002-07-30,24.6000,24.6000,23.8050,24.0750,10814600,11.9791
2002-07-31,24.0750,24.9950,24.0750,24.9700,14246800,12.4244
2002-08-01,24.9250,25.3750,24.7250,24.9650,11129800,12.4219
2002-08-02,25.0000,25.4200,24.6500,25.0500,8567400,12.4642
2002-08-05,25.0500,25.0500,24.0500,24.1800,9946400,12.0313
2002-08-06,24.4900,24.8750,23.7750,23.9350,10717200,11.9094
2002-08-07,24.1450,24.5050,23.8000,24.5050,9408400,12.1930
2002-08-08,24.5250,25.4100,24.4200,25.4100,8422000,12.6433
2002-08-09,25.3700,25.7200,25.1450,25.5500,8503400,12.7130
2002-08-12,25.1000,25.5250,25.0300,25.4050,7161800,12.6408
2002-08-13,25.0000,25.7250,24.9800,25.1300,7377800,12.5040
2002-08-14,25.1300,26.0500,24.7900,25.9750,9480800,12.9245
2002-08-15,26.0000,26.2850,25.5050,25.7050,10489200,12.7901
2002-08-16,25.7050,26.3500,25.6250,26.0950,9989400,12.9842
2002-08-19,26.2200,26.2200,25.6350,25.8500,9767400,12.8623
2002-08-20,25.6000,25.9750,25.4600,25.8150,8636000,12.8449
2002-08-21,26.0500,26.4050,25.6750,26.3700,8965200,13.1210
2002-08-22,26.3700,26.4950,25.8850,26.2000,6997800,13.0364
2002-08-23,26.2000,26.7000,26.1000,26.3500,7769400,13.1111
2002-08-26,26.3500,26.6200,26.0550,26.5050,6329600,13.1882
2002-08-27,26.5150,26.6000,26.0000,26.2600,7990600,13.0663
2002-08-28,26.1000,26.1200,25.4000,25.6400,8312000,12.7578
2002-08-29,25.3250,25.6400,25.0000,25.2000,7309200,12.5388
2002-08-30,25.1000,26.0500,25.0750,25.5000,9969000,12.6881
2002-09-03,25.2000,25.3450,24.7400,24.9600,10677800,12.4194
2002-09-04,25.0000,25.4250,25.0000,25.2500,9965400,12.5637
2002-09-05,25.0250,25.0900,24.5400,24.6750,7905000,12.2776
2002-09-06,24.8750,25.1500,24.5600,24.9450,5966000,12.4120
2002-09-09,24.7800,25.5350,24.7550,25.1750,5963400,12.5264
2002-09-10,25.2500,25.5750,25.0300,25.4850,5660800,12.6807
2002-09-11,25.7900,25.7950,25.4700,25.5500,5970600,12.7631
2002-09-12,25.1750,25.2650,24.6800,24.7750,6457800,12.3759
2002-09-13,24.6500,24.9500,24.5550,24.8250,7089800,12.4009
2002-09-16,24.9250,25.4500,24.7750,25.3400,7943400,12.6582
2002-09-17,25.6000,25.7000,24.4700,24.4750,11016200,12.2261
2002-09-18,24.3500,24.9650,24.2750,24.6500,8992800,12.3135
2002-09-19,24.0000,24.1500,23.5200,23.8350,12532600,11.9064
2002-09-20,23.9000,24.2500,23.5850,23.7600,17571600,11.8689
2002-09-23,23.5600,23.8450,23.2050,23.5000,7769800,11.7390
2002-09-24,23.4500,23.9500,23.3500,23.6000,9446400,11.7890
2002-09-25,23.9000,24.5750,23.6000,24.2450,10466000,12.1112
2002-09-26,24.2450,24.3400,23.7550,24.2150,10570000,12.0962
2002-09-27,24.2150,24.6500,24.1000,24.2450,8752400,12.1112
2002-09-30,23.9000,24.2500,23.7250,23.9800,10303000,11.9788
2002-10-01,24.2000,25.0500,24.1250,25.0300,11120400,12.5033
2002-10-02,25.0750,25.5000,24.9000,24.9500,11077400,12.4634
2002-10-03,25.1500,25.7000,25.0500,25.3100,11420000,12.6432
2002-10-04,25.6000,25.8450,25.3500,25.4500,10234200,12.7131
2002-10-07,25.4150,25.9450,25.0050,25.0650,12451400,12.5208
2002-10-08,25.5000,26.4100,25.3800,26.0600,14686400,13.0178
2002-10-09,25.7500,26.2500,25.5050,25.8150,11657800,12.8955
2002-10-10,25.7000,26.0000,25.2100,25.7300,12181800,12.8530
2002-10-11,25.7000,26.0000,25.3600,25.7250,12385000,12.8505
2002-10-14,25.6000,26.3400,25.5800,26.2750,8373800,13.1252
2002-10-15,26.2750,26.5500,25.6250,26.2400,13850800,13.1078
2002-10-16,25.0000,25.0000,23.4400,23.6000,37382000,11.7890
2002-10-17,23.8500,23.9250,22.2850,22.9500,33108000,11.4643
2002-10-18,22.7500,23.3250,22.5600,23.1950,17405000,11.5867
2002-10-21,23.5500,24.0500,23.4500,24.0000,15011400,11.9888
2002-10-22,24.0000,24.3700,23.6650,23.9400,10844600,11.9588
2002-10-23,23.9450,24.0900,23.6150,23.9700,10801200,11.9738
2002-10-24,24.0500,24.0900,23.2600,23.4450,10427200,11.7116
2002-10-25,23.4650,23.5750,23.1850,23.4850,9369200,11.7315
2002-10-28,23.4900,23.4900,22.8350,22.9650,9626800,11.4718
2002-10-29,22.8750,23.1950,22.5100,23.1900,11569200,11.5842
2002-10-30,23.1000,23.5400,23.0550,23.4250,10282800,11.7016
2002-10-31,23.3600,23.5800,22.9500,23.2400,11850000,11.6092
2002-11-01,23.2400,23.5300,22.8250,23.4150,10783000,11.6966
2002-11-04,23.4200,23.4500,22.7500,22.8500,13604200,11.4143
2002-11-05,22.9250,23.2250,22.9200,23.1800,10645200,11.5792
2002-11-06,23.1550,23.1600,22.4500,22.7000,19806600,11.3394
2002-11-07,22.6000,22.6950,22.3000,22.4100,11576200,11.1945
2002-11-08,22.3250,22.6000,22.2400,22.2600,10365600,11.1196
2002-11-11,22.2550,22.4950,22.1300,22.2800,8224600,11.1296
2002-11-12,22.5500,22.7050,22.1050,22.1550,11236800,11.0672
2002-11-13,22.2500,22.9250,22.2000,22.6150,11831600,11.2969
2002-11-14,22.8750,22.9600,22.5650,22.5700,9944400,11.2745
2002-11-15,22.5700,23.0000,22.5050,22.9850,13655600,11.4818
2002-11-18,23.1000,23.1450,22.7950,22.9600,8862400,11.4693
2002-11-19,22.9600,23.5800,22.9250,23.1950,11389800,11.5867
2002-11-20,23.3450,23.3450,22.7050,23.0400,11292800,11.5092
2002-11-21,23.2500,23.2500,22.4600,22.8800,16084800,11.4293
2002-11-22,23.0000,23.0900,22.3750,22.7050,9489600,11.3419
2002-11-25,22.5250,22.7000,22.3850,22.5550,10346400,11.2670
2002-11-26,22.3100,22.5950,22.2900,22.4000,10625800,11.2394
2002-11-27,22.5000,23.1950,22.4000,23.1150,10498000,11.5981
2002-11-29,23.0750,23.0750,22.7600,22.8200,5242200,11.4501
2002-12-02,23.0900,23.0950,22.5250,22.6000,10058000,11.3397
2002-12-03,22.7500,22.9400,22.3950,22.4500,13710800,11.2645
2002-12-04,22.3500,23.1000,22.3150,22.8200,12994600,11.4501
2002-12-05,22.8250,22.8950,22.4000,22.5150,8642800,11.2971
2002-12-06,22.4000,22.8100,22.4000,22.7000,7989600,11.3899
2002-12-09,22.6000,22.8450,22.4300,22.5500,8486400,11.3146
2002-12-10,22.5550,23.2500,22.5500,23.2500,12368400,11.6659
2002-12-11,23.2250,23.4550,23.0100,23.3750,15685200,11.7286
2002-12-12,23.1500,23.1550,22.6750,22.9350,11997200,11.5078
2002-12-13,22.3750,23.2100,22.2500,22.9250,15263600,11.5028
2002-12-16,22.9250,22.9950,22.6500,22.8650,12417200,11.4727
2002-12-17,22.9250,22.9800,22.4250,22.4600,11792200,11.2695
2002-12-18,22.4500,22.4700,22.1850,22.2700,11923600,11.1741
2002-12-19,22.1750,22.2500,21.7850,22.0600,13308200,11.0688
2002-12-20,22.1250,22.1700,21.9450,22.0400,16630800,11.0587
2002-12-23,22.0500,22.3000,21.9400,22.1950,10149600,11.1365
2002-12-24,21.9250,22.1800,21.9250,22.1150,3392600,11.0964
2002-12-26,22.1000,22.3500,22.0500,22.0750,4606400,11.0763
2002-12-27,22.0000,22.1350,21.6150,21.7350,6725200,10.9057
2002-12-30,21.7850,21.8850,21.4500,21.7550,10272400,10.9157
2002-12-31,21.7300,22.0500,21.6300,21.9200,8993400,10.9985
2003-01-02,22.0750,22.4950,22.0250,22.4250,9358800,11.2519
2003-01-03,22.4300,22.4600,22.1100,22.3700,6184400,11.2243
2003-01-06,22.3000,22.5750,22.1700,22.4600,7796000,11.2695
2003-01-07,22.2500,22.3750,22.1000,22.1800,7628000,11.1290
2003-01-08,22.3000,22.3750,21.9500,22.0350,6403600,11.0562
2003-01-09,21.9500,22.3400,21.8500,22.2650,9030200,11.1716
2003-01-10,22.1750,22.6900,22.1550,22.6000,10570200,11.3397
2003-01-13,22.6500,22.9750,22.5500,22.8800,9982800,11.4802
2003-01-14,22.7500,22.8750,22.5100,22.8650,10436800,11.4727
2003-01-15,22.8650,22.8750,22.4200,22.4500,8891200,11.2645
2003-01-16,22.5400,22.8700,22.5050,22.8350,7965400,11.4576
2003-01-17,22.7500,23.0050,22.5200,22.5500,10638400,11.3146
2003-01-21,22.6000,22.7950,22.2550,22.3600,7587600,11.2193
2003-01-22,22.3650,22.7900,22.2050,22.2750,8775000,11.1767
2003-01-23,22.2800,22.4050,21.9350,21.9500,11129000,11.0136
2003-01-24,22.0000,22.0100,21.3750,21.4150,11273200,10.7451
2003-01-27,21.1750,21.3800,20.7600,20.8950,13448600,10.4842
2003-01-28,21.0000,21.0000,20.5000,20.5500,17152600,10.3111
2003-01-29,20.5500,20.5500,19.9050,20.2750,26361200,10.1731
2003-01-30,20.3750,20.3850,19.6000,19.6000,24866000,9.8345
2003-01-31,19.6500,20.2750,19.5750,20.2300,23750000,10.1506
2003-02-03,20.2750,20.3100,20.0450,20.0750,12605400,10.0728
2003-02-04,20.0050,20.2850,19.8500,20.1650,12553800,10.1179
2003-02-05,20.2750,20.3750,19.9300,20.0250,11931800,10.0477
2003-02-06,20.0250,20.1500,19.8250,19.9550,10054200,10.0126
2003-02-07,20.0500,20.1200,19.7500,19.7650,9516400,9.9172
2003-02-10,19.8500,20.1450,19.6750,20.0300,9055200,10.0502
2003-02-11,19.9500,20.0550,19.4250,19.5000,15029400,9.7843
2003-02-12,19.6900,20.1250,19.6550,19.8700,18589400,9.9699
2003-02-13,19.8900,20.1450,19.6500,19.9900,10950400,10.0301
2003-02-14,20.0750,20.5000,19.9500,20.4000,10808000,10.2359
2003-02-18,20.4750,20.7600,20.3250,20.5500,9979800,10.3111
2003-02-19,20.5950,20.5950,20.1500,20.3350,7042800,10.2032
2003-02-20,20.2400,20.4000,20.0150,20.0250,8909400,10.0477
2003-02-21,20.1500,20.3400,20.0000,20.3200,11297600,10.1957
2003-02-24,20.3150,20.3150,19.9100,19.9100,8390400,9.9900
2003-02-25,19.8500,20.2200,19.7500,20.1900,11328800,10.1305
2003-02-26,20.1500,20.1600,19.7600,19.8600,9374600,9.9649
2003-02-27,19.9250,20.3150,19.8550,20.1300,9354000,10.1004
2003-02-28,20.1300,20.3200,19.9750,20.1100,8920800,10.0904
2003-03-03,20.0800,20.2200,19.6050,19.6050,11912800,9.8370
2003-03-04,19.6150,19.6150,19.1550,19.1850,12807600,9.6262
2003-03-05,18.7250,19.1850,18.5050,18.7750,23918800,9.4205
2003-03-06,18.7750,18.8800,18.6000,18.7750,14582000,9.4205
2003-03-07,18.5750,18.9200,18.5750,18.8500,14152600,9.4581
2003-03-10,18.7000,18.8000,18.5050,18.5350,11275400,9.3001
2003-03-11,18.5500,19.1000,18.5500,18.8300,12187600,9.4481
2003-03-12,18.7500,19.1250,18.7400,19.0250,17142400,9.6020
2003-03-13,19.2900,19.7250,19.2500,19.7250,16248600,9.9553
2003-03-14,19.8250,20.0050,19.7300,19.9500,13410200,10.0689
2003-03-17,19.9500,20.4950,19.8500,20.4950,14134200,10.3440
2003-03-18,20.5100,20.5100,20.1500,20.4850,12957600,10.3389
2003-03-19,20.4850,20.9250,20.3800,20.9050,12900000,10.5509
2003-03-20,20.9050,20.9250,20.4750,20.7650,9475400,10.4802
2003-03-21,20.9750,21.1500,20.6500,21.1250,13678800,10.6619
2003-03-24,20.9000,20.9950,20.3850,20.4550,9899400,10.3238
2003-03-25,20.4500,20.5950,20.2850,20.5000,10120200,10.3465
2003-03-26,20.5250,20.5300,20.3300,20.3650,9894800,10.2783
2003-03-27,20.2400,20.6250,20.0700,20.4300,8500400,10.3112
2003-03-28,20.4300,20.5400,20.2150,20.3650,7672600,10.2783
2003-03-31,20.1600,20.3400,19.8550,20.2400,11954400,10.2153
2003-04-01,20.2500,20.2900,19.9400,20.1950,13867600,10.1925
2003-04-02,20.5750,20.8650,20.5000,20.7250,10338600,10.4600
2003-04-03,20.7250,20.7700,20.4750,20.6000,8541200,10.3969
2003-04-04,21.0550,21.3000,20.5750,20.9500,8908400,10.5736
2003-04-07,21.2750,21.3300,20.8000,20.8500,10194400,10.5231
2003-04-08,20.9750,21.0250,20.8050,20.9250,6925600,10.5610
2003-04-09,20.9900,21.3300,20.7150,20.8350,8999200,10.5155
2003-04-10,20.9250,20.9400,20.6500,20.7200,6655400,10.4575
2003-04-11,20.8750,20.9750,20.6500,20.7150,6974600,10.4550
2003-04-14,20.7150,21.2450,20.7150,21.2050,6648400,10.7023
2003-04-15,21.2500,21.4250,20.9950,21.2650,7816600,10.7326
2003-04-16,20.3250,20.8500,19.7550,19.9500,30495000,10.0689
2003-04-17,19.9600,20.3150,19.5000,20.2000,23306200,10.1951
2003-04-21,20.2750,20.4000,19.9600,20.0550,7049600,10.1219
2003-04-22,19.9500,20.2200,19.8400,20.2050,13456200,10.1976
2003-04-23,20.1400,20.2500,19.8500,20.0000,12061000,10.0941
2003-04-24,19.9750,20.0500,19.6250,19.9550,11738600,10.0714
2003-04-25,20.0250,20.0700,19.6250,19.7100,10260400,9.9478
2003-04-28,19.9200,20.2750,19.8750,20.1650,11037600,10.1774
2003-04-29,20.1650,20.5000,20.1650,20.4150,10469400,10.3036
2003-04-30,20.3100,20.4250,20.0650,20.2000,12709600,10.1951
2003-05-01,20.2000,20.2950,19.7200,20.2200,10425800,10.2052
2003-05-02,20.1000,20.5450,20.0900,20.5000,10687800,10.3465
2003-05-05,20.5000,20.5500,20.1500,20.2650,7072000,10.2279
2003-05-06,20.4250,20.6500,20.3100,20.5100,10097000,10.3515
2003-05-07,21.2550,21.7350,21.1300,21.6350,31069400,10.9193
2003-05-08,21.5250,21.6800,21.3600,21.4400,15021800,10.8209
2003-05-09,21.8000,22.0900,21.7100,21.9950,16121800,11.1010
2003-05-12,21.9950,22.3600,21.9350,22.2500,10735400,11.2297
2003-05-13,22.1500,22.2300,21.8150,22.1250,9108200,11.1666
2003-05-14,22.3000,22.3100,21.9500,22.1250,7854800,11.1666
2003-05-15,22.2500,22.4900,22.2250,22.3200,8908800,11.2650
2003-05-16,22.3750,22.4900,21.9750,21.9750,9979000,11.0909
2003-05-19,21.8500,22.1850,21.8100,22.0550,9228400,11.1313
2003-05-20,22.1000,22.2850,21.9850,22.2600,12090000,11.2348
2003-05-21,22.1250,22.1800,21.9050,22.0700,10507000,11.1389
2003-05-22,22.0700,22.4350,22.0450,22.2650,10194600,11.2373
2003-05-23,22.1500,22.3550,22.0250,22.0950,5883000,11.1515
2003-05-27,21.9900,22.4250,21.9250,22.3300,8908200,11.2701
2003-05-28,22.2650,22.3050,22.0600,22.0800,10108800,11.1439
2003-05-29,22.1750,22.6500,22.1750,22.3100,14845000,11.2600
2003-05-30,22.5400,22.9750,22.4950,22.7850,11478200,11.4997
2003-06-02,22.9700,23.1100,22.6700,22.9000,9052200,11.5578
2003-06-03,23.0250,23.1900,22.8750,23.0550,7629800,11.6360
2003-06-04,22.9500,23.3350,22.9000,23.2950,7991000,11.7571
2003-06-05,23.2950,23.4250,23.1550,23.3900,7891800,11.8051
2003-06-06,23.4300,23.6250,23.3500,23.4450,8624800,11.8328
2003-06-09,23.2000,23.4950,23.2000,23.4350,6309400,11.8278
2003-06-10,23.4350,23.4350,23.1400,23.3000,8389400,11.7597
2003-06-11,23.1900,23.4000,22.7950,23.4000,8274400,11.8661
2003-06-12,23.2550,23.7250,23.2350,23.7250,8487200,12.0309
2003-06-13,23.7000,23.7900,23.5050,23.6750,6256000,12.0056
2003-06-16,23.7250,24.1000,23.6500,24.1000,8161800,12.2211
2003-06-17,24.0500,24.1700,23.3900,23.6000,18057400,11.9676
2003-06-18,23.3550,23.6250,23.3300,23.5000,10643600,11.9169
2003-06-19,23.4000,23.4500,22.9700,23.0600,10096200,11.6937
2003-06-20,23.1700,23.3350,23.0500,23.2350,14901800,11.7825
2003-06-23,23.1400,23.4000,22.8900,23.3750,10415200,11.8535
2003-06-24,23.3250,23.6500,23.2850,23.5850,8915600,11.9600
2003-06-25,23.5900,23.7350,23.3050,23.3200,9179400,11.8256
2003-06-26,23.2500,23.4700,23.1450,23.4400,8056600,11.8864
2003-06-27,23.4250,23.6200,23.2150,23.2550,6847400,11.7926
2003-06-30,23.1750,23.3050,22.9450,23.2050,13898000,11.7673
2003-07-01,23.1250,23.3200,22.9500,23.2450,11637800,11.7875
2003-07-02,23.2250,23.2600,23.0200,23.1900,8860000,11.7597
2003-07-03,23.0750,23.2250,22.9500,23.1150,6110800,11.7216
2003-07-07,23.1150,23.1750,22.4750,22.4750,21706800,11.3971
2003-07-08,22.4750,22.4750,22.0500,22.1100,23908400,11.2120
2003-07-09,22.0500,22.2500,21.8400,21.9400,15254400,11.1258
2003-07-10,21.9900,22.1750,21.9050,22.0050,12264000,11.1587
2003-07-11,21.6750,22.0550,21.6750,21.9550,14111800,11.1334
2003-07-14,22.0750,22.3650,22.0100,22.1400,14658800,11.2272
2003-07-15,22.1500,22.2150,21.8500,21.9950,11134400,11.1537
2003-07-16,21.7250,22.0750,21.1400,21.4550,20595200,10.8798
2003-07-17,22.1400,22.3850,22.0600,22.3800,22579200,11.3489
2003-07-18,22.4600,22.4900,22.2100,22.4500,14723800,11.3844
2003-07-21,22.5000,22.5700,22.3200,22.5000,10212600,11.4098
2003-07-22,22.6000,22.6700,22.3700,22.5450,8531800,11.4326
2003-07-23,22.6250,22.6500,22.3350,22.5850,7824200,11.4529
2003-07-24,22.5950,22.8800,22.2600,22.2600,8869800,11.2881
2003-07-25,22.2550,22.5350,21.9000,22.5200,9610600,11.4199
2003-07-28,22.4600,22.4700,22.2250,22.3150,8532200,11.3159
2003-07-29,22.3750,22.6400,22.1750,22.4300,11342000,11.3743
2003-07-30,22.6000,22.7750,22.4600,22.6900,10619200,11.5061
2003-07-31,22.7350,23.1150,22.4850,22.4850,13449000,11.4022
2003-08-01,22.2500,22.6200,22.2000,22.3750,9515400,11.3464
2003-08-04,22.2500,22.5400,22.1250,22.4450,6996200,11.3819
2003-08-05,22.4250,22.4450,22.1350,22.1800,8277600,11.2475
2003-08-06,22.0750,22.2400,21.9450,22.0500,8778400,11.1816
2003-08-07,22.1500,22.4800,22.0900,22.3900,7603600,11.3540
2003-08-08,22.4500,22.4850,22.3100,22.4250,6387000,11.3717
2003-08-11,22.4000,22.4250,22.1650,22.3100,5639400,11.3134
2003-08-12,22.4100,22.4100,22.1000,22.3250,7505200,11.3210
2003-08-13,22.3700,22.3700,22.1000,22.2550,7626800,11.2855
2003-08-14,22.3500,22.5850,22.2350,22.5300,7240000,11.4250
2003-08-15,22.5600,22.5600,22.4050,22.5050,4643000,11.4123
2003-08-18,22.5050,22.5500,22.3800,22.4300,6087800,11.3743
2003-08-19,22.3550,22.4350,21.9700,22.1500,8300000,11.2323
2003-08-20,22.0000,22.0150,21.8300,21.9450,7283800,11.1283
2003-08-21,21.9650,22.0950,21.7350,21.8050,8552400,11.0573
2003-08-22,21.8750,22.0350,21.6000,21.6400,9080800,10.9736
2003-08-25,21.7250,22.0350,21.6400,22.0350,6703200,11.1740
2003-08-26,21.9250,22.2500,21.8200,22.1150,7485000,11.2145
2003-08-27,22.1150,22.1150,21.8750,21.9800,6206400,11.1461
2003-08-28,21.8600,21.9800,21.7900,21.9150,7210000,11.1131
2003-08-29,21.8500,21.9200,21.7100,21.7600,7710800,11.0345
2003-09-02,21.7150,21.9250,21.5400,21.8900,12356200,11.1004
2003-09-03,21.8900,22.0450,21.7550,21.8550,13377400,11.0827
2003-09-04,21.9550,22.2950,21.9050,22.2500,11328200,11.2830
2003-09-05,22.2500,22.4000,21.9850,22.0750,7674400,11.1942
2003-09-08,22.2000,22.2350,22.0500,22.1350,6593400,11.2247
2003-09-09,22.0100,22.4000,22.0050,22.1750,8581200,11.2450
2003-09-10,22.2550,22.6250,22.2400,22.4750,11486800,11.3971
2003-09-11,22.5750,22.5900,22.2000,22.2400,11522200,11.3334
2003-09-12,22.0600,22.1050,21.8450,21.9950,10193200,11.2085
2003-09-15,21.9950,21.9950,21.7350,21.7500,10719000,11.0837
2003-09-16,21.5350,21.5650,21.2650,21.4600,18932800,10.9359
2003-09-17,21.4600,21.6750,21.3600,21.5050,9438000,10.9588
2003-09-18,21.7000,21.9950,21.6600,21.8000,10341800,11.1092
2003-09-19,21.8000,21.8100,21.5550,21.5900,11161200,11.0021
2003-09-22,21.5900,21.7950,21.3500,21.6200,10950600,11.0174
2003-09-23,21.7450,21.8200,21.5700,21.7100,10899600,11.0633
2003-09-24,21.7750,21.8000,21.3950,21.4950,11325200,10.9537
2003-09-25,21.4900,21.7000,21.4450,21.5250,9619200,10.9690
2003-09-26,21.5000,21.6400,21.4350,21.5150,9366000,10.9639
2003-09-29,21.5050,21.7500,21.4300,21.5350,9579600,10.9741
2003-09-30,21.4750,21.6950,21.3000,21.4800,10289200,10.9461
2003-10-01,21.5000,21.9450,21.5000,21.9450,12962800,11.1830
2003-10-02,21.9750,22.1700,21.8500,22.1250,8843800,11.2748
2003-10-03,22.5650,22.7200,21.9150,22.0200,9913200,11.2213
2003-10-06,22.1000,22.2700,22.0450,22.2050,6665600,11.3155
2003-10-07,22.1300,22.3800,22.0800,22.3300,9547800,11.3792
2003-10-08,22.2000,22.2500,21.9850,22.1200,6935800,11.2722
2003-10-09,22.2450,22.2500,21.8800,21.9650,10227000,11.1932
2003-10-10,21.8950,22.0450,21.8550,21.9150,6999600,11.1678
2003-10-13,22.0250,22.1250,21.9100,22.0700,6840400,11.2467
2003-10-14,22.0000,22.3700,21.9250,22.2750,8420400,11.3512
2003-10-15,22.5750,22.7600,22.5000,22.5500,17331800,11.4914
2003-10-16,22.2550,22.5050,22.2500,22.5000,13005400,11.4659
2003-10-17,22.5950,22.6300,22.3550,22.5250,11085000,11.4786
2003-10-20,22.6000,22.8250,22.4800,22.8050,8543600,11.6213
2003-10-21,22.9400,22.9850,22.8000,22.8950,9734600,11.6672
2003-10-22,22.6950,22.9100,22.5750,22.6600,8019800,11.5474
2003-10-23,22.6100,22.7950,22.5050,22.7600,7373400,11.5984
2003-10-24,22.5250,22.7000,22.4200,22.7000,7056400,11.5678
2003-10-27,22.7000,22.7700,22.5550,22.5950,5982200,11.5143
2003-10-28,22.8250,22.8250,22.3800,22.6900,9601000,11.5627
2003-10-29,22.6900,23.1150,22.6900,22.9250,12100000,11.6825
2003-10-30,22.9250,23.0700,22.7700,23.0000,8750000,11.7207
2003-10-31,23.0050,23.2000,22.8750,23.2000,11217600,11.8226
2003-11-03,23.2000,23.3950,23.1000,23.3400,9327800,11.8939
2003-11-04,23.2500,23.5000,23.2500,23.4500,8834800,11.9500
2003-11-05,23.3850,23.4950,23.2650,23.4900,7830200,11.9704
2003-11-06,23.4500,23.5200,23.3500,23.5100,6969200,11.9806
2003-11-07,23.3750,23.5050,23.2000,23.3150,7444000,11.8812
2003-11-10,23.2250,23.4000,23.2250,23.3100,4864800,11.8786
2003-11-11,23.3150,23.4200,23.1800,23.2600,5364600,11.8532
2003-11-12,23.1800,23.5850,23.1450,23.5400,6520200,11.9959
2003-11-13,23.3250,23.5200,23.2800,23.4650,6847000,11.9576
2003-11-14,23.3850,23.4950,23.2450,23.3450,7043000,11.8965
2003-11-17,23.2300,23.4050,23.1350,23.3400,6101200,11.8939
2003-11-18,23.2600,23.3900,23.1550,23.2500,8956000,11.8481
2003-11-19,23.3000,23.4500,23.2500,23.4300,8055200,11.9398
2003-11-20,23.3750,23.4600,23.0600,23.2250,7387000,11.8353
2003-11-21,23.1850,23.2600,23.1000,23.2100,6645800,11.8277
2003-11-24,23.1950,23.4400,23.1150,23.2100,7904400,11.8277
2003-11-25,23.1500,23.3900,23.0950,23.2850,6966800,11.8659
2003-11-26,23.1650,23.3750,23.0900,23.3450,6502000,11.9530
2003-11-28,23.1250,23.3500,23.1100,23.2500,3406000,11.9043
2003-12-01,23.3250,23.5250,23.1950,23.5100,8321200,12.0374
2003-12-02,23.4550,23.5350,23.2700,23.5050,9536000,12.0349
2003-12-03,23.5000,23.8450,23.5000,23.7000,10977400,12.1347
2003-12-04,23.6250,23.6950,23.4550,23.5800,8888200,12.0733
2003-12-05,23.4250,23.5000,23.2500,23.4450,8945000,12.0042
2003-12-08,23.3750,23.9700,23.3050,23.8750,14496200,12.2243
2003-12-09,23.7300,23.9950,23.7300,23.8800,10372600,12.2269
2003-12-10,23.8300,24.2000,23.8300,24.0950,10398600,12.3370
2003-12-11,24.0700,24.3100,23.9400,24.1950,10501000,12.3882
2003-12-12,24.2500,24.7650,24.1250,24.6850,13889800,12.6390
2003-12-15,24.9050,24.9300,24.7750,24.8950,16332800,12.7466
2003-12-16,24.9850,25.4500,24.9000,25.3400,17192800,12.9744
2003-12-17,25.2750,25.3650,24.9600,25.0850,11163200,12.8438
2003-12-18,24.9850,25.0950,24.7050,24.9700,14947200,12.7850
2003-12-19,25.0150,25.1000,24.8800,25.0500,14125000,12.8259
2003-12-22,25.0250,25.0850,24.8750,25.0800,9522400,12.8413
2003-12-23,25.0750,25.1750,24.9550,25.0850,7370200,12.8438
2003-12-24,25.0050,25.0600,24.9150,24.9500,3341400,12.7747
2003-12-26,24.9750,25.0400,24.9350,24.9800,2147400,12.7901
2003-12-29,24.9450,25.0800,24.8850,25.0800,7101400,12.8413
2003-12-30,25.0000,25.4150,24.9800,25.2600,7118600,12.9335
2003-12-31,25.2600,25.4050,25.2000,25.3750,6974600,12.9923
2004-01-02,25.4000,25.4950,25.0050,25.1750,7210200,12.8899
2004-01-05,25.1750,25.2950,25.0300,25.2050,9740200,12.9053
2004-01-06,25.1100,25.1850,25.0600,25.1000,8223200,12.8515
2004-01-07,25.1000,25.1200,24.8600,24.9400,10242800,12.7696
2004-01-08,24.9050,25.0800,24.8300,25.0600,9070800,12.8310
2004-01-09,25.0600,25.4050,24.7900,24.7950,13127800,12.6954
2004-01-12,24.7500,25.0300,24.7250,25.0050,9204400,12.8029
2004-01-13,24.8800,25.1000,24.7950,24.8550,8906000,12.7261
2004-01-14,24.8600,24.9250,24.8000,24.9000,7565200,12.7491
2004-01-15,24.7000,24.8950,24.5900,24.8650,9990200,12.7312
2004-01-16,24.8650,25.0150,24.7950,24.9400,8282800,12.7696
2004-01-20,24.8500,25.0300,24.8250,24.9650,8777000,12.7824
2004-01-21,24.9100,24.9950,24.8300,24.8900,7990200,12.7440
2004-01-22,24.7650,24.8500,24.5150,24.6650,11138600,12.6288
2004-01-23,24.7000,25.0750,24.6750,25.0200,11214600,12.8106
2004-01-26,24.9500,25.2000,24.9150,25.0950,8437000,12.8490
2004-01-27,25.0200,25.2900,24.9900,24.9950,8519400,12.7978
2004-01-28,24.9000,25.1450,24.5700,24.6950,10017800,12.6442
2004-01-29,24.6250,25.0750,24.5500,24.7950,8916600,12.6954
2004-01-30,24.5500,24.7000,24.3250,24.6200,12398200,12.6058
2004-02-02,24.5000,24.9850,24.4600,24.8050,8595600,12.7005
2004-02-03,24.7300,25.0000,24.6600,24.9150,7749600,12.7568
2004-02-04,24.7150,24.9900,24.6950,24.8750,9109400,12.7363
2004-02-05,24.8000,25.2900,24.7900,25.1900,10215800,12.8976
2004-02-06,25.1250,25.5000,25.1150,25.4950,10103000,13.0538
2004-02-09,25.5500,26.3900,25.5500,26.2000,11581000,13.4147
2004-02-10,26.1750,26.2000,25.9550,26.0850,10408000,13.3559
2004-02-11,25.8000,25.9700,25.5550,25.9000,11974200,13.2611
2004-02-12,25.6600,25.8500,25.6450,25.7700,6958200,13.1946
2004-02-13,25.9900,25.9900,25.5250,25.5700,8566200,13.0922
2004-02-17,25.6500,25.6900,25.4500,25.5700,7491600,13.0922
2004-02-18,25.5700,25.6750,25.4550,25.6200,7385200,13.1178
2004-02-19,25.5750,25.6900,25.4250,25.5000,9698800,13.0563
2004-02-20,25.2250,25.4850,25.0800,25.4700,14664600,13.0410
2004-02-23,25.2750,25.5500,25.1250,25.1700,11319600,12.8874
2004-02-24,25.1100,25.2250,24.7700,24.8900,14578400,12.7440
2004-02-25,24.8000,25.0200,24.7850,24.8250,10332400,12.7107
2004-02-26,24.8200,24.9750,24.7350,24.9150,9824000,12.7568
2004-02-27,24.5600,25.1700,24.3100,24.9800,14180400,12.7901
2004-03-01,24.8650,24.9150,24.6500,24.8100,15142800,12.7030
2004-03-02,24.7000,24.8550,24.5100,24.6400,12598600,12.6160
2004-03-03,24.5000,24.6550,24.5000,24.5700,11588800,12.5802
2004-03-04,24.4500,24.5250,24.2750,24.4150,8508000,12.5008
2004-03-05,24.3750,25.1250,24.2900,25.0500,22941800,12.8259
2004-03-08,24.9900,25.1000,24.8800,24.9300,12211400,12.7645
2004-03-09,24.8750,25.3000,24.8100,25.0900,12788400,12.8464
2004-03-10,25.0900,25.2350,24.8600,24.9500,11676000,12.7747
2004-03-11,24.7750,24.8100,24.0500,24.0900,18371000,12.3965
2004-03-12,24.1700,24.2250,23.8400,24.2250,15979600,12.4660
2004-03-15,24.3250,24.3800,23.7900,23.8550,16688400,12.2756
2004-03-16,24.0000,24.2250,23.9250,24.0800,11500800,12.3914
2004-03-17,24.1900,24.5050,24.1000,24.4400,9687000,12.5766
2004-03-18,24.4350,24.7500,24.4350,24.5200,9101600,12.6178
2004-03-19,24.5250,24.6100,24.3100,24.3900,12974200,12.5509
2004-03-22,24.1750,24.3900,23.9750,24.1250,11216800,12.4145
2004-03-23,24.1500,24.2450,24.0350,24.0650,8855600,12.3836
2004-03-24,24.1500,24.3000,24.0750,24.2450,10076200,12.4763
2004-03-25,24.3250,24.3850,24.0650,24.3800,8376600,12.5457
2004-03-26,24.3000,24.5800,24.1750,24.3900,8349200,12.5509
2004-03-29,24.6900,24.9100,24.5900,24.7000,9608200,12.7104
2004-03-30,24.7750,25.1800,24.7300,25.1150,14505400,12.9240
2004-03-31,25.0300,25.2400,24.9150,25.1500,10403200,12.9420
2004-04-01,25.2400,25.3300,25.1150,25.2900,8979400,13.0140
2004-04-02,25.5250,25.5300,25.3150,25.4650,9452800,13.1041
2004-04-05,25.3750,25.4250,25.2450,25.2900,9491000,13.0140
2004-04-06,25.1000,25.5600,25.0700,25.4350,9925800,13.0886
2004-04-07,25.3500,25.6250,25.2900,25.5400,11291200,13.1427
2004-04-08,25.6600,25.7850,25.5000,25.6200,8024800,13.1838
2004-04-12,25.5250,25.6100,25.3850,25.4250,9983600,13.0835
2004-04-13,25.4300,25.4950,25.2750,25.4450,12863000,13.0938
2004-04-14,25.4000,25.7500,25.3550,25.5950,8876400,13.1710
2004-04-15,25.7200,25.8500,25.5100,25.6000,8750000,13.1735
2004-04-16,25.7250,26.0250,25.6300,25.9650,10517000,13.3614
2004-04-19,26.1500,26.7500,26.1500,26.5000,17597800,13.6367
2004-04-20,26.5250,26.5400,26.1050,26.1400,9239600,13.4514
2004-04-21,25.8000,26.3500,25.7500,26.0650,14946400,13.4128
2004-04-22,25.3500,25.8000,25.3500,25.7300,18415600,13.2404
2004-04-23,25.6250,25.6750,25.3750,25.5250,13696000,13.1349
2004-04-26,25.5250,25.5900,25.2600,25.3450,11161600,13.0423
2004-04-27,25.3750,25.3950,25.2550,25.3550,11534200,13.0475
2004-04-28,25.3500,25.3950,25.0750,25.1050,9501200,12.9188
2004-04-29,25.0700,25.3200,24.8900,25.2300,10371400,12.9831
2004-04-30,25.2300,25.6150,25.1250,25.2850,10971200,13.0114
2004-05-03,25.3250,25.4750,25.1400,25.3100,8053800,13.0243
2004-05-04,25.2600,25.2750,24.9500,25.1350,10786000,12.9343
2004-05-05,25.4000,25.6100,25.1750,25.5450,11156200,13.1452
2004-05-06,25.3750,25.7150,25.3750,25.5350,9009600,13.1401
2004-05-07,25.4500,25.7900,25.3300,25.3700,10231800,13.0552
2004-05-10,25.2500,25.3000,24.8800,24.9650,13490400,12.8468
2004-05-11,24.7000,25.0500,24.6500,25.0250,10300800,12.8777
2004-05-12,25.0000,25.0000,24.6350,24.9600,8902400,12.8442
2004-05-13,24.8350,24.9450,24.6250,24.8050,7085000,12.7644
2004-05-14,24.6800,25.0200,24.6450,25.0000,8548800,12.8648
2004-05-17,24.8150,25.0600,24.7550,24.9050,7597800,12.8159
2004-05-18,24.8500,25.2400,24.7650,25.0500,9899400,12.8905
2004-05-19,25.0150,25.0800,24.6550,24.6800,9078400,12.7001
2004-05-20,24.5900,24.9750,24.5850,24.8150,7053400,12.7696
2004-05-21,25.1350,25.1350,24.6500,24.6900,9992000,12.7053
2004-05-24,24.8000,24.9550,24.7000,24.9150,9990000,12.8210
2004-05-25,24.8500,25.2600,24.7650,25.1950,11520800,12.9651
2004-05-26,25.2100,25.3550,24.9800,25.1100,7401600,12.9214
2004-05-27,25.4500,25.7050,25.4150,25.6600,11214800,13.2044
2004-05-28,25.6900,25.7500,25.5950,25.6750,7948400,13.2121
2004-06-01,25.6000,25.7750,25.3600,25.5350,6464000,13.1401
2004-06-02,25.8000,26.0050,25.7450,25.9700,11810600,13.3639
2004-06-03,25.9750,26.0850,25.8500,25.8850,8386800,13.3202
2004-06-04,26.0100,26.2450,25.9000,26.1350,7293600,13.4488
2004-06-07,26.1350,26.3750,26.0550,26.3550,7378000,13.5620
2004-06-08,26.2000,26.3250,26.1350,26.3050,8212000,13.5363
2004-06-09,25.9500,26.0000,25.7100,25.8800,13833400,13.3176
2004-06-10,26.0000,26.0000,25.6150,25.8150,9386000,13.2842
2004-06-14,25.6150,25.7450,25.5000,25.6900,7353400,13.2842
2004-06-15,25.9250,25.9250,25.4750,25.6150,9286200,13.2454
2004-06-16,25.5450,25.6150,25.3750,25.5950,7924400,13.2350
2004-06-17,25.5950,25.6100,25.4800,25.5450,6106800,13.2092
2004-06-18,25.4250,25.7350,25.3450,25.6950,10107400,13.2868
2004-06-21,25.6500,25.8400,25.5750,25.5850,5516800,13.2299
2004-06-22,25.4900,25.6400,25.4000,25.5100,7195000,13.1911
2004-06-23,25.5300,25.6900,25.3500,25.6500,6094000,13.2635
2004-06-24,25.5750,25.6950,25.4750,25.5200,6205600,13.1963
2004-06-25,25.5600,25.6700,25.0500,25.0500,10580800,12.9532
2004-06-28,25.1750,25.3800,25.1300,25.1950,7731600,13.0282
2004-06-29,25.2000,25.4250,25.2000,25.2700,6743400,13.0670
2004-06-30,25.2250,25.3200,25.1200,25.2400,8854000,13.0515
2004-07-01,25.2550,25.4400,25.1000,25.1800,9761200,13.0205
2004-07-02,25.3000,25.5700,25.2300,25.2650,6780200,13.0644
2004-07-06,25.2300,25.5250,25.2100,25.3300,5764600,13.0980
2004-07-07,25.2550,25.3500,25.0900,25.2100,6745000,13.0360
2004-07-08,25.2650,25.5650,25.2050,25.2800,8869200,13.0722
2004-07-09,25.2850,25.5100,25.1750,25.5100,6813400,13.1911
2004-07-12,25.5100,25.6950,25.2650,25.4150,6718600,13.1420
2004-07-13,25.2100,25.4000,25.1950,25.3300,5210600,13.0980
2004-07-14,25.2550,25.6750,25.2500,25.5800,8310000,13.2273
2004-07-15,25.6750,25.6800,25.3850,25.4200,8425000,13.1446
2004-07-16,25.6250,25.6250,25.1550,25.2900,7449600,13.0773
2004-07-19,25.3250,25.3450,25.0250,25.1700,9049600,13.0153
2004-07-20,25.0450,25.1650,24.9100,25.0400,8366800,12.9481
2004-07-21,24.9750,25.1700,24.6000,24.6000,9999800,12.7205
2004-07-22,24.5250,24.6150,24.2750,24.4850,8141800,12.6611
2004-07-23,23.4300,23.4300,22.0550,22.5850,50347800,11.6786
2004-07-26,22.6750,22.7350,22.0600,22.1500,21925000,11.4537
2004-07-27,22.1750,22.2800,21.7250,21.8750,27922000,11.3115
2004-07-28,21.8750,22.0800,21.7700,21.8400,25208600,11.2934
2004-07-29,21.8400,21.8400,21.4000,21.5300,26268800,11.1331
2004-07-30,21.5350,21.9900,21.5300,21.9300,17788200,11.3399
2004-08-02,21.8950,22.3000,21.8350,22.1050,15973400,11.4304
2004-08-03,22.1450,22.1850,21.9500,22.0550,12271600,11.4045
2004-08-04,21.9300,22.2600,21.9100,22.1000,10292400,11.4278
2004-08-05,22.1000,22.2400,21.8750,21.9250,15254600,11.3373
2004-08-06,21.8700,21.9450,21.6150,21.7500,17143200,11.2468
2004-08-09,21.7500,21.8300,21.5750,21.6100,9179800,11.1744
2004-08-10,21.6250,21.7350,21.5300,21.7300,10483200,11.2365
2004-08-11,21.7300,22.3100,21.6250,22.2250,13898400,11.4924
2004-08-12,22.2200,22.3200,21.9000,21.9200,11305000,11.3347
2004-08-13,21.9200,22.2000,21.8550,22.1850,8895200,11.4718
2004-08-16,22.2500,22.3250,22.0650,22.2600,9069400,11.5105
2004-08-17,22.2600,22.4100,22.1200,22.1650,8221200,11.4614
2004-08-18,22.2000,22.3050,22.0750,22.2850,8944000,11.5235
2004-08-19,22.1750,22.2750,21.8250,22.0100,10514000,11.3813
2004-08-20,21.9500,22.1050,21.7800,22.1050,9611600,11.4304
2004-08-23,22.1200,22.3600,22.0000,22.1700,8768200,11.4640
2004-08-24,22.2500,22.2500,21.9950,22.0100,9699600,11.3813
2004-08-25,21.9900,22.2250,21.8550,22.1700,9734400,11.4640
2004-08-26,22.1700,22.3250,22.0900,22.2300,5642400,11.4950
2004-08-27,22.2750,22.4450,22.2500,22.3600,5444200,11.5623
2004-08-30,22.2500,22.3350,22.1700,22.1750,5287800,11.4666
2004-08-31,22.1900,22.3600,22.0100,22.3550,7030200,11.5597
2004-09-01,22.4000,22.4300,22.1500,22.3200,7076200,11.5416
2004-09-02,22.3200,22.7350,22.2750,22.6950,10707400,11.7355
2004-09-03,22.7200,22.9400,22.7050,22.7450,9841800,11.7613
2004-09-07,22.8500,22.9000,22.5750,22.8250,8490200,11.8027
2004-09-08,22.6750,22.6750,21.7000,21.7250,23239400,11.2339
2004-09-09,21.6500,21.8150,21.5100,21.7550,18173800,11.2494
2004-09-10,21.5250,21.5950,21.3350,21.4800,20256000,11.1072
2004-09-13,21.4000,21.4850,21.2500,21.4000,18311200,11.1306
2004-09-14,21.2750,21.5950,21.2750,21.4350,18448400,11.1488
2004-09-15,20.4100,20.6200,20.1900,20.5800,61406200,10.7041
2004-09-16,20.6050,20.6750,19.9750,20.0200,43299200,10.4128
2004-09-17,19.9750,20.2900,19.9750,20.1500,24090600,10.4805
2004-09-20,20.2000,20.2450,20.0550,20.2200,14747000,10.5169
2004-09-21,20.3250,20.4950,20.1850,20.3650,15514000,10.5923
2004-09-22,20.3850,20.4750,20.2000,20.2100,20142000,10.5117
2004-09-23,20.2150,20.3250,20.0100,20.0100,15195200,10.4076
2004-09-24,20.0050,20.0500,19.8650,19.9950,14931800,10.3998
2004-09-27,19.6150,19.9950,19.6150,19.8150,17705800,10.3062
2004-09-28,19.9000,20.0300,19.8500,19.9950,13817200,10.3998
2004-09-29,19.9000,20.0500,19.8200,20.0050,13398800,10.4050
2004-09-30,20.0800,20.1950,19.9550,20.0250,12534000,10.4154
2004-10-01,20.2400,20.3850,20.1400,20.1550,15593800,10.4831
2004-10-04,20.1750,20.4500,20.1750,20.3750,13469800,10.5975
2004-10-05,20.3750,20.5700,20.2950,20.3200,15395400,10.5689
2004-10-06,20.2950,20.4500,20.2200,20.4500,12522200,10.6365
2004-10-07,20.4750,20.4800,20.0550,20.0600,8238000,10.4336
2004-10-08,20.0300,20.1450,19.9550,20.0000,13898800,10.4024
2004-10-11,20.0600,20.0800,19.9050,20.0050,7699200,10.4050
2004-10-12,19.8300,19.9250,19.7850,19.8900,11810200,10.3452
2004-10-13,19.8900,19.9450,19.6250,19.6950,12224000,10.2438
2004-10-14,19.7500,19.8850,19.5750,19.5750,10283600,10.1814
2004-10-15,19.7450,19.7450,19.5300,19.6000,14591400,10.1944
2004-10-18,19.5500,19.6600,19.5050,19.6200,10428200,10.2048
2004-10-19,19.8750,19.8750,19.6000,19.6900,15291600,10.2412
2004-10-20,19.6400,19.7500,19.6300,19.7250,11038000,10.2594
2004-10-21,19.6500,19.7600,19.5750,19.7400,11923600,10.2672
2004-10-22,20.0000,20.1250,19.3750,19.4500,22106400,10.1164
2004-10-25,19.5100,19.5150,19.2050,19.3250,14432800,10.0514
2004-10-26,19.3750,19.7500,19.1500,19.6500,16715800,10.2204
2004-10-27,19.5650,20.2150,19.4650,20.2150,17942400,10.5143
2004-10-28,20.1650,20.3750,19.9950,20.2450,12326400,10.5299
2004-10-29,20.4500,20.4500,20.2500,20.3300,16822600,10.5741
2004-11-01,20.3500,20.3900,20.1550,20.2650,11649200,10.5403
2004-11-02,20.0000,20.6250,20.0000,20.3250,12005400,10.5715
2004-11-03,20.3900,20.5400,20.3000,20.4250,13773800,10.6235
2004-11-04,20.4950,20.7400,20.4600,20.6800,17884000,10.7561
2004-11-05,20.8350,20.8700,20.5750,20.7000,12283600,10.7665
2004-11-08,20.7750,20.8000,20.5900,20.6400,10122200,10.7353
2004-11-09,20.7250,20.7800,20.6050,20.6200,10215800,10.7249
2004-11-10,20.7400,20.7450,20.5050,20.5850,10052000,10.7067
2004-11-11,20.0850,20.5500,19.6800,20.4800,37510800,10.6521
2004-11-12,20.3550,20.4050,20.0500,20.3950,23008600,10.6079
2004-11-15,20.3500,20.4050,20.2100,20.2900,13567400,10.5533
2004-11-16,20.2950,20.5000,20.0750,20.1250,14366400,10.4675
2004-11-17,20.1500,20.3950,19.9550,20.1400,14161200,10.4753
2004-11-18,20.2400,20.2450,20.0300,20.1400,12628600,10.4753
2004-11-19,20.1000,20.1850,19.8550,19.8650,18230600,10.3322
2004-11-22,19.9500,19.9500,19.7400,19.9350,14761600,10.3686
2004-11-23,19.9000,19.9250,19.6950,19.8550,15814800,10.3270
2004-11-24,19.9000,19.9150,19.8000,19.9000,11893600,10.3504
2004-11-26,19.8500,19.9700,19.8400,19.9300,6474800,10.3660
2004-11-29,20.0000,20.0000,19.6750,19.8550,13666800,10.3922
2004-11-30,19.7650,19.8550,19.6050,19.6550,16382800,10.2875
2004-12-01,19.7250,19.8850,19.6500,19.8850,20019800,10.4079
2004-12-02,19.8850,20.2500,19.8500,20.2100,25100400,10.5780
2004-12-03,20.2550,20.6250,20.2500,20.3550,20564000,10.6539
2004-12-06,20.3850,20.4100,20.1250,20.1950,11860600,10.5702
2004-12-07,20.1950,20.2500,20.0650,20.0800,11603200,10.5100
2004-12-08,20.1800,20.2450,20.0850,20.1950,12023200,10.5702
2004-12-09,20.0700,20.4600,20.0350,20.4050,15715600,10.6801
2004-12-10,20.1250,20.3700,20.1250,20.2650,10780000,10.6068
2004-12-13,20.3000,20.4550,20.1200,20.4300,13432400,10.6932
2004-12-14,20.4300,20.7050,20.3950,20.6500,14325800,10.8083
2004-12-15,20.7250,20.7800,20.5050,20.7350,12765800,10.8528
2004-12-16,20.7450,20.7950,20.4750,20.5650,13292600,10.7638
2004-12-17,20.4950,20.6450,20.4750,20.4750,22433000,10.7167
2004-12-20,20.6000,20.6050,20.4000,20.4750,11756400,10.7167
2004-12-21,20.4750,20.5800,20.4000,20.5000,14368000,10.7298
2004-12-22,20.5050,20.8950,20.5000,20.7900,14404000,10.8816
2004-12-23,20.7500,20.9000,20.6600,20.7550,8831800,10.8633
2004-12-27,20.7300,20.9350,20.7250,20.8250,8800600,10.8999
2004-12-28,20.8750,20.9400,20.7600,20.9250,10439400,10.9522
2004-12-29,20.8650,20.8700,20.6500,20.7800,10343200,10.8764
2004-12-30,20.7500,20.9550,20.6600,20.8250,9978600,10.8999
2004-12-31,20.8400,20.9450,20.7700,20.8200,9805800,10.8973
2005-01-03,20.9500,20.9850,20.7050,20.7700,14072000,10.8711
2005-01-04,20.7700,20.8250,20.4500,20.4800,16860200,10.7193
2005-01-05,20.5000,20.6000,20.3700,20.3850,13271000,10.6696
2005-01-06,20.3450,20.5750,20.2750,20.5550,10038600,10.7586
2005-01-07,20.5350,20.7300,20.4250,20.5800,9732800,10.7717
2005-01-10,20.5350,20.7650,20.5050,20.6950,10577000,10.8319
2005-01-11,20.6300,20.6600,20.5050,20.5800,10594000,10.7717
2005-01-12,20.5850,20.6250,20.4250,20.5800,10857200,10.7717
2005-01-13,20.5800,20.5950,20.3050,20.3700,9431200,10.6618
2005-01-14,20.3750,20.5550,20.3750,20.4850,8296400,10.7220
2005-01-18,20.3600,20.6300,20.3000,20.6250,10045800,10.7952
2005-01-19,20.5450,20.7200,20.5400,20.5500,8542600,10.7560
2005-01-20,20.5100,20.7700,20.3350,20.6650,13351600,10.8162
2005-01-21,20.6200,20.7000,20.4050,20.4550,13431600,10.7062
2005-01-24,20.4750,20.5900,20.3750,20.4800,13641800,10.7193
2005-01-25,20.5750,20.7150,20.5400,20.6200,9709400,10.7926
2005-01-26,20.5750,20.9350,20.5750,20.8400,15601000,10.9078
2005-01-27,20.8400,21.0000,20.7650,20.8800,11226400,10.9287
2005-01-28,20.7650,20.8150,20.6050,20.7450,13453000,10.8580
2005-01-31,20.8850,20.9150,20.6950,20.7450,14094600,10.8580
2005-02-01,20.7500,20.7500,20.5650,20.7100,10813000,10.8397
2005-02-02,20.7250,20.9650,20.6800,20.9600,13188200,10.9706
2005-02-03,20.9500,20.9600,20.8000,20.8700,9620200,10.9235
2005-02-04,20.8050,21.2550,20.7800,21.2350,15542400,11.1145
2005-02-07,21.2950,21.2950,21.1300,21.2450,8667000,11.1197
2005-02-08,21.3300,21.4400,21.2200,21.3250,9454600,11.1616
2005-02-09,21.4050,21.5550,21.2000,21.3800,14255400,11.1904
2005-02-10,21.4400,21.5500,21.1300,21.2500,8683800,11.1223
2005-02-11,21.1650,21.5400,21.1650,21.3800,10168000,11.1904
2005-02-14,21.4800,21.4850,21.3250,21.4300,6977200,11.2166
2005-02-15,21.4700,21.4700,21.1050,21.3250,11663400,11.1616
2005-02-16,21.9200,22.0750,21.5750,21.6500,33930000,11.3317
2005-02-17,21.6700,21.6750,21.4050,21.5000,14434800,11.2532
2005-02-18,21.5350,21.5350,21.3800,21.4800,11256600,11.2427
2005-02-22,21.4000,21.5750,21.2300,21.3950,17063600,11.1982
2005-02-23,21.3950,21.4600,21.2000,21.2900,11546800,11.1433
2005-02-24,21.3150,21.4100,21.2050,21.3300,9311000,11.1642
2005-02-25,21.3500,21.5250,21.1850,21.5100,10707200,11.2584
2005-02-28,21.4300,21.5700,21.3450,21.4000,13223200,11.2009
2005-03-01,21.4000,21.7000,21.3800,21.6350,9999400,11.3239
2005-03-02,21.5100,21.7000,21.4300,21.5200,9719200,11.2637
2005-03-03,21.5950,21.7150,21.5250,21.5900,9450000,11.3003
2005-03-04,21.7200,21.8850,21.6250,21.8200,13141400,11.4207
2005-03-07,21.7700,21.9250,21.7550,21.8600,9485000,11.4416
2005-03-08,21.7850,21.9000,21.6750,21.7100,11534600,11.3631
2005-03-09,21.6100,21.7150,21.4000,21.6050,12479200,11.3082
2005-03-10,21.6250,21.6950,21.4850,21.5350,9968600,11.2715
2005-03-11,21.4500,21.4550,21.1500,21.2400,11803400,11.1899
2005-03-14,21.3000,21.3750,21.0500,21.1700,11332000,11.1530
2005-03-15,21.2500,21.3500,21.0900,21.1200,10415800,11.1266
2005-03-16,21.1250,21.2500,20.9200,20.9700,14509600,11.0476
2005-03-17,20.9400,21.0750,20.8750,21.0000,8479200,11.0634
2005-03-18,21.0050,21.0550,20.7000,20.7300,31165400,10.9212
2005-03-21,20.8100,20.8450,20.6250,20.8000,13221800,10.9581
2005-03-22,20.8200,20.9350,20.6400,20.7000,13188600,10.9054
2005-03-23,20.6500,20.6850,20.5300,20.5900,13798200,10.8474
2005-03-24,20.7150,20.7150,20.4550,20.6000,10321600,10.8527
2005-03-28,20.7050,20.7950,20.5450,20.5600,11567800,10.8316
2005-03-29,20.6000,20.7250,20.5450,20.6950,10896000,10.9027
2005-03-30,20.7250,21.0050,20.7250,20.9750,13239800,11.0503
2005-03-31,20.9550,20.9550,20.7550,20.8350,9457400,10.9765
2005-04-01,20.9150,20.9750,20.6450,20.6900,11705200,10.9001
2005-04-04,20.8000,20.8000,20.6250,20.7350,9298200,10.9238
2005-04-05,20.8200,20.9750,20.7500,20.9300,8743600,11.0265
2005-04-06,20.9950,21.0400,20.8000,20.8550,8363000,10.9870
2005-04-07,20.9100,21.1300,20.9100,21.0600,10670200,11.0950
2005-04-08,21.1100,21.2000,21.0250,21.0500,7767400,11.0898
2005-04-11,21.1250,21.1400,20.9050,20.9350,9955200,11.0292
2005-04-12,20.8850,21.2050,20.8450,21.1650,14217000,11.1503
2005-04-13,21.1650,21.2850,21.0050,21.0500,13992400,11.0898
2005-04-14,21.1000,21.2350,21.0100,21.0350,13765800,11.0819
2005-04-15,21.0400,21.0650,20.5750,20.6450,14048600,10.8764
2005-04-18,20.5600,20.6650,20.3700,20.4850,15410600,10.7921
2005-04-19,21.3500,21.4600,21.0300,21.2000,25291800,11.1688
2005-04-20,21.2600,21.2750,20.8150,20.9400,16812400,11.0318
2005-04-21,21.1500,21.1500,20.8700,20.9900,16392600,11.0582
2005-04-22,20.9750,21.2800,20.9450,21.0650,13380200,11.0977
2005-04-25,21.2150,21.3650,21.0550,21.3400,12265400,11.2425
2005-04-26,21.3400,21.6550,21.3000,21.4800,17567600,11.3163
2005-04-27,21.4450,21.4750,21.2400,21.4100,10492600,11.2794
2005-04-28,21.3150,21.4600,21.3100,21.3450,10612000,11.2452
2005-04-29,21.3550,21.7500,21.3000,21.7200,16370800,11.4427
2005-05-02,21.7450,21.8100,21.6200,21.7850,10587800,11.4770
2005-05-03,21.7850,22.0100,21.7600,21.8800,13355600,11.5270
2005-05-04,21.9900,22.1200,21.8450,21.9650,11776000,11.5718
2005-05-05,21.8900,22.1200,21.8800,22.0750,9011800,11.6298
2005-05-06,22.1100,22.2650,22.0500,22.0950,11362800,11.6403
2005-05-09,22.1000,22.3000,22.0500,22.2850,9263200,11.7404
2005-05-10,22.0600,22.2050,22.0100,22.1150,8607000,11.6508
2005-05-11,22.0650,22.1600,21.8950,22.1350,9109200,11.6614
2005-05-12,22.0850,22.3750,21.8750,22.0850,7955200,11.6350
2005-05-13,22.2350,22.2350,21.9350,22.0550,9995000,11.6192
2005-05-16,22.1050,22.1800,22.0400,22.1300,5694200,11.6587
2005-05-17,22.0150,22.2400,21.8650,22.2000,8947200,11.6956
2005-05-18,22.2200,22.4700,22.1750,22.4600,12734800,11.8326
2005-05-19,22.4700,22.6300,22.4400,22.6250,12546400,11.9195
2005-05-20,22.6000,22.6000,22.3750,22.5250,12042800,11.8668
2005-05-23,22.4850,22.5850,22.4150,22.4850,10954600,11.8458
2005-05-24,22.3850,22.5700,22.3800,22.5100,7739800,11.8589
2005-05-25,22.4350,22.6000,22.4150,22.4500,7436800,11.8273
2005-05-26,22.4700,22.5250,22.4200,22.4450,6121200,11.8247
2005-05-27,22.4450,22.5200,22.3750,22.4650,6379200,11.8352
2005-05-31,22.3850,22.4000,22.1850,22.3150,12964600,11.7562
2005-06-01,22.2700,22.4650,22.2150,22.2950,9291200,11.7457
2005-06-02,22.2300,22.4250,22.1500,22.3900,11104000,11.7957
2005-06-03,22.3100,22.3250,21.9250,22.1150,9711200,11.6508
2005-06-06,22.0050,22.0850,21.9000,21.9850,8067200,11.5824
2005-06-07,22.0150,22.2350,21.9850,22.0550,7902600,11.6192
2005-06-08,22.0650,22.1100,21.8800,21.9500,8908600,11.5639
2005-06-09,21.8500,21.9550,21.7250,21.8250,10212600,11.4981
2005-06-10,21.8650,21.9800,21.7800,21.9750,9273400,11.5771
2005-06-13,21.8000,21.9750,21.7350,21.7950,8915400,11.5559
2005-06-14,21.7950,22.0000,21.7950,21.8650,9641600,11.5930
2005-06-15,21.9250,21.9250,21.7000,21.8200,9612200,11.5691
2005-06-16,21.8500,21.9700,21.7050,21.8900,7681600,11.6062
2005-06-17,22.0750,22.1000,21.8850,22.0250,14473400,11.6778
2005-06-20,21.9000,22.0250,21.8800,21.9550,5860800,11.6407
2005-06-21,21.9000,21.9750,21.7800,21.8400,7781000,11.5797
2005-06-22,21.8400,21.9100,21.6300,21.7150,10469000,11.5135
2005-06-23,21.6750,21.7500,21.5000,21.5350,9401400,11.4180
2005-06-24,21.4650,21.5000,21.0650,21.1000,15487000,11.1874
2005-06-27,21.1250,21.2350,21.0400,21.1650,9165200,11.2218
2005-06-28,21.3450,21.4950,21.2350,21.4350,10173800,11.3650
2005-06-29,21.4300,21.4450,21.3100,21.3500,7701000,11.3199
2005-06-30,21.2800,21.3150,20.8350,20.8750,20526600,11.0681
2005-07-01,20.9800,21.2500,20.9250,21.1050,15284600,11.1900
2005-07-05,21.2300,21.3150,21.1000,21.2000,11501200,11.2404
2005-07-06,21.1200,21.1600,20.9600,20.9750,10375800,11.1211
2005-07-07,20.7700,21.0250,20.6950,20.8800,12983600,11.0707
2005-07-08,20.9750,21.4250,20.8750,21.3650,12800400,11.3279
2005-07-11,21.3500,21.5050,21.2700,21.3850,10255400,11.3385
2005-07-12,21.4700,21.5650,21.2700,21.4100,12893000,11.3517
2005-07-13,21.3250,21.4850,21.3200,21.4650,7104800,11.3809
2005-07-14,21.4950,21.6650,21.4750,21.5900,12267200,11.4472
2005-07-15,21.5100,21.5750,21.3650,21.5400,9868200,11.4207
2005-07-18,21.5400,21.7000,21.4550,21.4650,7096600,11.3809
2005-07-19,21.6100,21.7100,21.4600,21.6650,10527000,11.4869
2005-07-20,21.6650,21.7750,21.4800,21.6650,12966800,11.4869
2005-07-21,22.1650,22.2850,21.7650,21.9750,26064600,11.6513
2005-07-22,21.8500,22.0800,21.5750,22.0150,14347600,11.6725
2005-07-25,22.0400,22.0950,21.7200,21.8250,10391800,11.5718
2005-07-26,21.8250,22.0350,21.7850,21.8450,11479600,11.5824
2005-07-27,21.9500,22.0950,21.8400,22.0050,11134200,11.6672
2005-07-28,22.1150,22.3050,22.0000,22.1950,12293000,11.7680
2005-07-29,22.1450,22.2100,21.8800,21.8800,9949400,11.6009
2005-08-01,21.9950,22.0350,21.8250,21.9350,10047400,11.6301
2005-08-02,21.9250,22.1750,21.9150,22.1400,8803400,11.7388
2005-08-03,21.9950,22.3500,21.9350,22.3350,12820200,11.8422
2005-08-04,22.2000,22.2800,22.0450,22.1800,9906400,11.7600
2005-08-05,22.0500,22.1000,21.8000,22.0300,8597800,11.6805
2005-08-08,22.0250,22.0300,21.7300,21.8350,7319400,11.5771
2005-08-09,21.9350,22.0700,21.8750,22.0500,8243200,11.6911
2005-08-10,22.1300,22.2150,21.9150,21.9500,8072000,11.6381
2005-08-11,21.8500,22.0650,21.8050,22.0550,8301200,11.6937
2005-08-12,21.9350,22.0450,21.7000,21.7900,8020000,11.5532
2005-08-15,21.7500,21.8550,21.7150,21.7700,5786800,11.5426
2005-08-16,21.8000,21.8150,21.5900,21.6500,8983000,11.4790
2005-08-17,21.5800,21.7100,21.5550,21.6550,11194000,11.4816
2005-08-18,21.6800,21.8400,21.6100,21.7650,13145600,11.5400
2005-08-19,22.1750,22.3550,22.1300,22.1950,23074000,11.7680
2005-08-22,22.2800,22.3750,21.9800,22.1350,12600200,11.7361
2005-08-23,22.1500,22.1650,21.9800,22.0950,8960200,11.7149
2005-08-24,22.1200,22.2050,21.8750,21.9150,10785200,11.6195
2005-08-25,21.8600,21.9650,21.7500,21.9050,7725800,11.6142
2005-08-26,21.8200,21.9550,21.7750,21.7850,10020600,11.5506
2005-08-29,21.6800,22.0500,21.6700,22.0000,6421200,11.6646
2005-08-30,21.9000,21.9600,21.6000,21.6950,13138600,11.5029
2005-08-31,21.6800,22.0300,21.5600,22.0000,15536400,11.6646
2005-09-01,21.9050,22.1550,21.8100,21.9400,9958400,11.6328
2005-09-02,22.0350,22.0800,21.8500,21.9500,8507600,11.6381
2005-09-06,22.1750,22.3450,22.1750,22.2600,10253200,11.8024
2005-09-07,22.2950,22.3550,22.1250,22.3250,12324400,11.8369
2005-09-08,21.8500,22.1450,21.8400,22.1400,17879000,11.7388
2005-09-09,22.1400,22.1700,21.9550,22.0250,15940800,11.6778
2005-09-12,21.9500,22.2000,21.9500,22.1250,9145200,11.7308
2005-09-13,21.7850,21.9350,21.7750,21.8300,12303000,11.6481
2005-09-14,21.8100,21.9150,21.6950,21.7600,10005200,11.6108
2005-09-15,21.8000,21.8550,21.6700,21.8150,10943200,11.6401
2005-09-16,21.8500,21.9200,21.6150,21.7000,39747600,11.5788
2005-09-19,21.6750,21.7750,21.5800,21.6800,11264800,11.5681
2005-09-20,21.6500,21.6850,21.4400,21.4500,14977600,11.4454
2005-09-21,21.2550,21.3000,21.0750,21.1250,14035400,11.2720
2005-09-22,21.0550,21.1300,20.9250,21.1100,12395200,11.2640
2005-09-23,21.1250,21.3050,21.1200,21.1750,10658200,11.2986
2005-09-26,21.2750,21.3650,21.0000,21.1850,15488400,11.3040
2005-09-27,21.1500,21.4050,21.1500,21.1650,10018800,11.2933
2005-09-28,21.2900,21.5000,21.1750,21.4350,11590600,11.4374
2005-09-29,21.4700,21.5550,21.2750,21.5500,15022800,11.4987
2005-09-30,21.5950,21.6950,21.4800,21.5950,9953400,11.5227
2005-10-03,21.6050,21.7300,21.5600,21.6050,13063800,11.5281
2005-10-04,21.6850,21.8000,21.5050,21.5200,9836800,11.4827
2005-10-05,21.4800,21.5900,21.3100,21.3100,10305600,11.3707
2005-10-06,21.3250,21.4400,21.2200,21.3550,13721400,11.3947
2005-10-07,21.3200,21.3350,21.0200,21.1000,14741800,11.2586
2005-10-10,21.0700,21.1450,20.9300,20.9900,12022200,11.1999
2005-10-11,20.9250,21.0000,20.7900,20.8300,11594800,11.1146
2005-10-12,20.7650,21.0000,20.7550,20.8600,17748200,11.1306
2005-10-13,20.7500,20.9600,20.7500,20.8600,9680400,11.1306
2005-10-14,20.8600,21.1100,20.7750,21.0350,10720800,11.2239
2005-10-17,20.9750,21.1650,20.9600,21.0450,9956200,11.2293
2005-10-18,21.0050,21.1100,20.8750,20.8750,11762000,11.1386
2005-10-19,20.8850,20.9500,20.6400,20.9000,14578800,11.1519
2005-10-20,21.4500,21.4700,21.0400,21.0500,21683000,11.2319
2005-10-21,21.1950,21.3200,20.9050,20.9650,13578600,11.1866
2005-10-24,21.0900,21.2450,21.0300,21.2000,11878600,11.3120
2005-10-25,21.1250,21.3000,21.0300,21.2300,11748200,11.3280
2005-10-26,21.2400,21.4250,21.1550,21.1700,10462600,11.2960
2005-10-27,21.1750,21.2500,21.0600,21.0750,8195200,11.2453
2005-10-28,21.2000,21.4850,21.1700,21.4150,12878000,11.4267
2005-10-31,21.3000,21.4850,21.2000,21.3900,19920400,11.4134
2005-11-01,21.3100,21.4050,21.2350,21.3250,11631400,11.3787
2005-11-02,21.2900,21.3200,21.1950,21.2750,12415400,11.3520
2005-11-03,21.3150,21.3950,21.2450,21.2900,9076400,11.3600
2005-11-04,21.3300,21.3500,21.0150,21.1500,11434800,11.2853
2005-11-07,21.1750,21.2350,21.0550,21.2050,10704000,11.3146
2005-11-08,21.2050,21.2700,21.0000,21.0700,9146200,11.2426
2005-11-09,21.0850,21.2050,21.0100,21.0900,9225400,11.2533
2005-11-10,21.1900,21.3350,21.1150,21.2600,9571800,11.3440
2005-11-11,21.2250,21.3800,21.1200,21.3800,8627000,11.4080
2005-11-14,21.3600,21.3950,21.2400,21.2900,6991200,11.3600
2005-11-15,21.2350,21.3350,21.1250,21.2300,8944200,11.3280
2005-11-16,21.2200,21.2500,21.0600,21.0700,10351400,11.2426
2005-11-17,21.0900,21.1550,20.9350,20.9350,14969200,11.1706
2005-11-18,21.2350,21.2400,20.9450,21.1000,17160400,11.2586
2005-11-21,21.1600,21.1600,21.0200,21.0750,13533000,11.2453
2005-11-22,21.0800,21.2150,21.0350,21.1700,13147600,11.2960
2005-11-23,21.2250,21.4050,21.1800,21.3250,9917600,11.3787
2005-11-25,21.4250,21.4600,21.3650,21.4000,3958400,11.4187
2005-11-28,21.4750,21.6400,21.3750,21.3900,15625800,11.4134
2005-11-29,21.4200,21.6250,21.3950,21.5250,14827800,11.5611
2005-11-30,21.5150,21.5900,21.3350,21.3450,13232000,11.4644
2005-12-01,21.3500,21.4600,21.3500,21.4200,10905200,11.5047
2005-12-02,21.3150,21.4650,21.3050,21.4100,8286800,11.4993
2005-12-05,21.3550,21.5150,21.3000,21.3250,9906000,11.4536
2005-12-06,21.3150,21.3650,21.1750,21.2700,16146600,11.4241
2005-12-07,21.2050,21.3400,20.9850,21.1000,12944600,11.3328
2005-12-08,21.0450,21.0700,20.8550,20.9400,13954400,11.2469
2005-12-09,20.9150,20.9950,20.6250,20.7550,18714200,11.1475
2005-12-12,20.7150,20.8600,20.5500,20.5750,19171400,11.0508
2005-12-13,20.6050,20.6150,20.3850,20.4800,20553000,10.9998
2005-12-14,20.5600,20.7000,20.4850,20.5450,13085800,11.0347
2005-12-15,20.5000,20.6150,20.4250,20.5800,13107800,11.0535
2005-12-16,20.6650,20.7550,20.5800,20.6050,16554200,11.0669
2005-12-19,20.5550,20.8800,20.5550,20.7100,14156200,11.1233
2005-12-20,20.7550,20.7750,20.5700,20.6100,11937600,11.0696
2005-12-21,20.5800,20.7200,20.5400,20.6050,9821400,11.0669
2005-12-22,20.6150,20.6450,20.5050,20.6400,11072200,11.0857
2005-12-23,20.6050,20.6400,20.5550,20.5750,5063200,11.0508
2005-12-27,20.5500,20.6750,20.3200,20.4850,14248000,11.0025
2005-12-28,20.4900,20.5750,20.3650,20.3900,9763000,10.9515
2005-12-29,20.3350,20.4500,20.2100,20.3000,11163400,10.9031
2005-12-30,20.1900,20.3350,20.1550,20.1550,11743200,10.8252
2006-01-03,20.3950,20.4950,20.1750,20.4500,13640800,10.9837
2006-01-04,20.4950,20.5350,20.3300,20.4100,19993200,10.9622
2006-01-05,20.3600,20.5650,20.2900,20.5100,16613000,11.0159
2006-01-06,20.5300,20.7800,20.4300,20.7050,17122800,11.1206
2006-01-09,20.7450,20.8350,20.6250,20.8050,13819600,11.1744
2006-01-10,20.5900,20.8650,20.5900,20.8250,13849800,11.1851
2006-01-11,20.8300,20.9050,20.7350,20.8350,10574400,11.1905
2006-01-12,20.6400,20.8150,20.6400,20.7200,17086000,11.1287
2006-01-13,20.6900,20.7750,20.5250,20.6550,10548400,11.0938
2006-01-17,20.5400,20.6400,20.4500,20.5150,11574000,11.0186
2006-01-18,20.5000,20.5000,20.3000,20.4100,12906200,10.9622
2006-01-19,20.4700,20.5700,20.3000,20.4650,10907600,10.9917
2006-01-20,20.4150,20.4350,19.6800,20.0450,18971600,10.7662
2006-01-23,20.0000,20.3300,20.0000,20.2500,13222200,10.8763
2006-01-24,20.6000,20.6500,20.3500,20.4500,15888400,10.9837
2006-01-25,20.5700,20.5950,20.4500,20.5700,13699000,11.0481
2006-01-26,20.6400,20.7900,20.5750,20.7400,14573200,11.1394
2006-01-27,20.7400,20.9950,20.6100,20.9850,13646400,11.2710
2006-01-30,20.9250,20.9800,20.7700,20.8750,12143400,11.2120
2006-01-31,20.8700,20.8700,20.6050,20.6900,13115000,11.1126
2006-02-01,20.5950,20.7700,20.5150,20.7500,12966600,11.1448
2006-02-02,20.6600,20.7550,20.4900,20.6150,12468400,11.0723
2006-02-03,20.5100,20.6150,20.2600,20.4400,12538000,10.9783
2006-02-06,20.4150,20.5000,20.3150,20.4700,13500600,10.9944
2006-02-07,20.7000,20.7400,20.3050,20.5150,20573000,11.0186
2006-02-08,20.6300,20.6450,20.3350,20.6150,18185800,11.0723
2006-02-09,20.5600,20.7100,20.4500,20.5000,15045200,11.0105
2006-02-10,20.4550,20.7100,20.3550,20.5800,12782000,11.0535
2006-02-13,20.6900,20.6900,20.3150,20.3700,11791600,10.9407
2006-02-14,20.4950,20.7200,20.4700,20.6700,14048800,11.1018
2006-02-15,20.6950,20.7200,20.5550,20.6700,13561600,11.1018
2006-02-16,20.6400,20.8100,20.5800,20.7950,14381400,11.1690
2006-02-17,20.8200,20.9500,20.6150,20.8950,14525200,11.2227
2006-02-21,20.8950,21.0200,20.8000,20.9250,20793200,11.2388
2006-02-22,21.0250,21.0850,20.9600,21.0400,11821200,11.3006
2006-02-23,21.0900,21.1550,20.9700,21.0150,9523400,11.2871
2006-02-24,21.0050,21.1700,20.9200,21.1150,10691400,11.3408
2006-02-27,21.1400,21.2650,21.0900,21.2650,13199800,11.4214
2006-02-28,21.2600,21.2900,20.9600,20.9850,16189400,11.2710
2006-03-01,20.9500,21.1900,20.9250,21.1550,11036800,11.3623
2006-03-02,21.0350,21.0750,20.8500,20.9550,11537800,11.2549
2006-03-03,20.8150,21.0250,20.7850,20.9000,10586800,11.2254
2006-03-06,20.8850,21.0950,20.8500,20.9750,10945800,11.2657
2006-03-07,20.9750,21.0200,20.8500,20.9000,11242600,11.2254
2006-03-08,20.8600,21.2550,20.8500,21.1150,13843000,11.3408
2006-03-09,21.0600,21.2950,21.0600,21.2000,13296600,11.3865
2006-03-10,21.3100,21.4650,21.2650,21.3850,15399000,11.4859
2006-03-13,21.2950,21.4000,21.2050,21.2450,13502200,11.4940
2006-03-14,21.2350,21.4350,21.2200,21.3950,11377200,11.5751
2006-03-15,21.3450,21.4100,21.2750,21.3650,12805400,11.5589
2006-03-16,21.3550,21.3800,21.2550,21.3450,14209000,11.5481
2006-03-17,21.3450,21.4200,21.2900,21.3950,16508800,11.5751
2006-03-20,21.4100,21.4950,21.3450,21.4450,11851600,11.6022
2006-03-21,21.4000,21.4300,21.2550,21.3750,14625800,11.5643
2006-03-22,21.4100,21.4750,21.3450,21.3850,16481600,11.5697
2006-03-23,21.3750,21.4200,21.1000,21.2050,12053200,11.4723
2006-03-24,21.1750,21.3800,21.1650,21.3300,9723600,11.5400
2006-03-27,21.2800,21.3250,21.1650,21.1950,9339200,11.4669
2006-03-28,21.1550,21.2450,21.0550,21.0800,10910400,11.4047
2006-03-29,21.0500,21.1750,21.0100,21.0800,8702000,11.4047
2006-03-30,20.9900,21.1300,20.9500,21.0600,13586200,11.3939
2006-03-31,21.0600,21.0950,20.9050,20.9350,14535800,11.3263
2006-04-03,21.0500,21.1150,20.9000,20.9350,11291600,11.3263
2006-04-04,20.9100,21.0650,20.8400,21.0400,9257600,11.3831
2006-04-05,21.0250,21.0400,20.8750,20.9750,13148800,11.3479
2006-04-06,21.0000,21.0000,20.7900,20.8450,10988400,11.2776
2006-04-07,20.8950,20.9400,20.6550,20.6750,11893400,11.1856
2006-04-10,20.6750,20.7500,20.6100,20.7400,7726200,11.2208
2006-04-11,21.0050,21.0050,20.5350,20.6450,11085200,11.1694
2006-04-12,20.6300,20.6700,20.4500,20.5750,10010000,11.1315
2006-04-13,20.5850,20.7150,20.5400,20.6300,9029000,11.1613
2006-04-17,20.6500,20.7000,20.4300,20.5200,9270800,11.1017
2006-04-18,20.5250,20.7450,20.5250,20.6500,11528400,11.1721
2006-04-19,20.7400,21.0600,20.7000,20.8450,16677600,11.2776
2006-04-20,20.8700,21.1200,20.7750,20.9050,12246600,11.3100
2006-04-21,21.0050,21.0100,20.8450,20.9250,13110600,11.3209
2006-04-24,20.8750,20.9500,20.7600,20.7800,12466400,11.2424
2006-04-25,20.7750,20.8100,20.6250,20.6750,12600800,11.1856
2006-04-26,20.6750,20.8900,20.6750,20.8600,12248600,11.2857
2006-04-27,20.8150,21.0700,20.8050,21.0250,13146400,11.3750
2006-04-28,21.0050,21.0450,20.9150,20.9800,11529400,11.3506
2006-05-01,21.0450,21.0950,20.9550,20.9850,13265600,11.3533
2006-05-02,21.0500,21.1500,20.9950,21.1200,10551400,11.4264
2006-05-03,21.0750,21.1150,20.9150,20.9600,14313200,11.3398
2006-05-04,20.9750,21.0650,20.9000,21.0400,13301800,11.3831
2006-05-05,21.1350,21.4450,21.0200,21.3550,18958000,11.5535
2006-05-08,21.4250,21.8700,21.4100,21.6850,27358400,11.7320
2006-05-09,21.5900,21.8350,21.5900,21.8350,13929600,11.8132
2006-05-10,21.8350,21.8800,21.7350,21.7900,14902400,11.7888
2006-05-11,21.7700,21.7950,21.6350,21.6900,16969400,11.7347
2006-05-12,21.6400,21.6950,21.5550,21.5900,14767800,11.6806
2006-05-15,21.5950,22.0000,21.5250,21.9700,18623200,11.8862
2006-05-16,22.0700,22.1000,21.8200,21.9200,16978000,11.8592
2006-05-17,21.8800,21.9850,21.6000,21.7750,19862400,11.7807
2006-05-18,21.7900,21.9600,21.6800,21.7750,15375800,11.7807
2006-05-19,21.8700,21.8750,21.6350,21.8250,16014600,11.8078
2006-05-22,21.7750,21.8650,21.6900,21.8000,15634200,11.7942
2006-05-23,21.8650,21.8850,21.7600,21.7900,13705800,11.7888
2006-05-24,21.7600,22.0850,21.7250,22.0150,20534800,11.9106
2006-05-25,22.0950,22.1850,21.9250,22.1850,14125400,12.0025
2006-05-26,22.2450,22.3800,22.1100,22.2450,12337000,12.0350
2006-05-30,22.1050,22.1600,21.8150,21.8350,16652200,11.8132
2006-05-31,21.8500,22.0450,21.7800,22.0150,14599800,11.9106
2006-06-01,21.9900,22.0250,21.8350,21.9600,9973400,11.8808
2006-06-02,21.8750,22.0650,21.8000,21.9450,12120400,11.8727
2006-06-05,21.8950,21.9400,21.6950,21.7150,11428600,11.7483
2006-06-06,21.8000,21.8550,21.6000,21.7500,16578600,11.7672
2006-06-07,21.8100,21.9000,21.6750,21.6900,11577400,11.7347
2006-06-08,21.7350,21.7600,21.5250,21.6950,23080400,11.7374
2006-06-09,21.9000,21.9200,21.7150,21.7750,13947800,11.7807
2006-06-12,21.8350,21.8400,21.6350,21.6550,13990600,11.7158
2006-06-13,21.5900,21.6250,21.3800,21.4550,18118600,11.6913
2006-06-14,21.4150,21.5600,21.2450,21.4050,12402600,11.6640
2006-06-15,21.4750,21.5600,21.2600,21.5200,14639400,11.7267
2006-06-16,21.4650,21.6850,21.4650,21.6050,16754800,11.7730
2006-06-19,21.6050,21.6650,21.3650,21.4650,11623000,11.6967
2006-06-20,21.4500,21.5600,21.3500,21.4000,11303800,11.6613
2006-06-21,21.3400,21.5700,21.3400,21.5050,9266400,11.7185
2006-06-22,21.5100,21.5250,21.3100,21.4350,8044600,11.6804
2006-06-23,21.3700,21.5100,21.3500,21.3750,7681400,11.6477
2006-06-26,21.3650,21.4350,21.2450,21.4150,9625600,11.6695
2006-06-27,21.3450,21.3900,21.1350,21.2550,12008800,11.5823
2006-06-28,21.2150,21.2800,21.1800,21.2100,10224200,11.5578
2006-06-29,21.2750,21.5750,21.2100,21.5300,14379000,11.7321
2006-06-30,21.6200,21.7450,21.5100,21.5100,22568000,11.7213
2006-07-03,21.6000,21.7250,21.5550,21.6850,5875600,11.8166
2006-07-05,21.6000,21.6850,21.4200,21.5100,11837800,11.7213
2006-07-06,21.5900,21.7950,21.5200,21.6650,10246000,11.8057
2006-07-07,21.6150,21.7450,21.5600,21.5900,5874000,11.7648
2006-07-10,21.6500,21.8750,21.6200,21.8150,9588800,11.8875
2006-07-11,21.8500,22.0400,21.8100,21.9050,15525400,11.9365
2006-07-12,21.9150,21.9350,21.7200,21.7850,8300400,11.8711
2006-07-13,21.7500,21.8250,21.4250,21.5500,12870400,11.7430
2006-07-14,21.5000,21.5900,21.1850,21.3250,13775200,11.6204
2006-07-17,21.2800,21.4150,21.2700,21.3500,11175800,11.6341
2006-07-18,21.6750,21.8600,21.5350,21.7750,23951200,11.8657
2006-07-19,21.9450,21.9550,21.7750,21.9100,16154800,11.9392
2006-07-20,21.9050,21.9850,21.8250,21.9200,10657600,11.9447
2006-07-21,22.1600,22.1600,21.8850,21.9500,18399800,11.9610
2006-07-24,21.9350,22.0800,21.9350,22.0000,11459200,11.9883
2006-07-25,21.9350,22.1950,21.8600,22.1250,10983800,12.0564
2006-07-26,22.0500,22.3200,22.0200,22.2250,16632800,12.1109
2006-07-27,22.2750,22.3200,22.1100,22.1550,12820000,12.0727
2006-07-28,22.2450,22.3350,22.1550,22.2600,12831000,12.1299
2006-07-31,22.2600,22.3950,22.2150,22.2500,12836200,12.1245
2006-08-01,22.2500,22.3200,22.1200,22.1550,9094400,12.0727
2006-08-02,22.1450,22.2450,22.0950,22.1550,9120600,12.0727
2006-08-03,22.1000,22.1750,21.9450,22.0100,11378000,11.9937
2006-08-04,22.0950,22.1000,21.8750,21.9250,9781800,11.9474
2006-08-07,21.9250,21.9800,21.7400,21.8050,10029400,11.8820
2006-08-08,21.9050,22.0000,21.8500,21.9050,8162800,11.9365
2006-08-09,21.9750,22.0500,21.8550,21.8750,7719000,11.9201
2006-08-10,21.8850,22.0900,21.8550,21.9500,8430600,11.9610
2006-08-11,21.8600,21.9400,21.8050,21.8800,5677400,11.9229
2006-08-14,21.9950,22.0750,21.9400,21.9950,8528800,11.9855
2006-08-15,22.1200,22.1750,22.0550,22.1600,9501200,12.0754
2006-08-16,22.1950,22.2300,22.1050,22.1650,9839400,12.0782
2006-08-17,22.0800,22.1600,21.9750,22.0900,9517200,12.0373
2006-08-18,21.8800,22.2100,21.8800,22.1550,9963000,12.0727
2006-08-21,22.1750,22.2700,22.0400,22.0950,8328400,12.0400
2006-08-22,22.1400,22.2600,22.0600,22.2050,8017800,12.1000
2006-08-23,22.1650,22.2200,22.0650,22.1600,7561200,12.0754
2006-08-24,22.1500,22.3000,22.0900,22.2550,10326200,12.1272
2006-08-25,22.2250,22.3100,22.1750,22.2600,5025800,12.1299
2006-08-28,22.2600,22.4900,22.1750,22.3550,8918600,12.1817
2006-08-29,22.3400,22.5800,22.3250,22.5700,14100000,12.2989
2006-08-30,22.6100,22.7000,22.4650,22.4800,12119200,12.2498
2006-08-31,22.5600,22.5700,22.4000,22.4050,7306800,12.2090
2006-09-01,22.4900,22.5650,22.4350,22.5350,7852000,12.2798
2006-09-05,22.5050,22.5350,22.4050,22.4900,8144800,12.2553
2006-09-06,22.3050,22.4300,22.2550,22.3500,9858000,12.1790
2006-09-07,22.3250,22.3500,22.1850,22.2450,14780600,12.1218
2006-09-08,22.2150,22.3350,22.1600,22.3000,8646200,12.1517
2006-09-11,22.1500,22.4350,22.1500,22.2750,8995000,12.1381
2006-09-12,22.2350,22.4850,22.2350,22.3900,10300800,12.2008
2006-09-13,22.3900,22.3900,22.2250,22.3050,10795800,12.2392
2006-09-14,22.2100,22.3750,22.2100,22.2900,7799800,12.2310
2006-09-15,22.3500,22.4150,22.2350,22.3000,15846400,12.2365
2006-09-18,22.2600,22.3950,22.1400,22.2200,8969000,12.1926
2006-09-19,22.2700,22.2800,22.1100,22.1900,8292600,12.1761
2006-09-20,22.2150,22.3000,22.1450,22.2250,8288200,12.1953
2006-09-21,22.2250,22.2750,22.0350,22.1000,12089600,12.1267
2006-09-22,22.0500,22.1000,21.9700,21.9950,9691600,12.0691
2006-09-25,22.0850,22.3050,22.0050,22.2000,12606800,12.1816
2006-09-26,22.2350,22.3650,22.1550,22.3200,10611400,12.2474
2006-09-27,22.2750,22.4500,22.1700,22.3550,11340200,12.2666
2006-09-28,22.4050,22.4950,22.3350,22.4750,9706200,12.3325
2006-09-29,22.3950,22.4750,22.3150,22.3400,9214800,12.2584
2006-10-02,22.4500,22.4650,22.2500,22.2500,9450600,12.2090
2006-10-03,22.2500,22.4100,22.2500,22.2800,10755000,12.2255
2006-10-04,21.8950,22.4100,21.8950,22.4000,10242000,12.2913
2006-10-05,22.3600,22.4750,22.3400,22.4150,8949800,12.2995
2006-10-06,22.4100,22.4450,22.3300,22.3800,10106200,12.2803
2006-10-09,22.2750,22.3300,22.0850,22.2100,15335800,12.1871
2006-10-10,22.2350,22.2450,21.9750,22.0300,25847200,12.0883
2006-10-11,21.9950,22.0750,21.9500,22.0600,10412400,12.1048
2006-10-12,22.1000,22.1250,21.9800,22.0250,11042400,12.0856
2006-10-13,22.0600,22.1000,21.9300,22.0100,16628600,12.0773
2006-10-16,22.0750,22.2400,22.0000,22.1250,14568800,12.1404
2006-10-17,22.0500,22.1150,21.8750,21.8950,16209800,12.0142
2006-10-18,21.9600,22.0750,21.8600,21.9800,20173800,12.0609
2006-10-19,22.3500,22.5700,22.3000,22.4550,35323000,12.3215
2006-10-20,22.6050,23.5600,22.5500,23.3750,53627400,12.8263
2006-10-23,23.3750,23.7500,23.3500,23.6400,30265400,12.9717
2006-10-24,23.5250,23.6200,23.4450,23.5150,20931600,12.9031
2006-10-25,23.5750,23.6400,23.5000,23.5950,14119400,12.9470
2006-10-26,23.5800,23.6000,23.4450,23.5700,15688600,12.9333
2006-10-27,23.4800,23.5100,23.3800,23.4350,13495800,12.8592
2006-10-30,23.4850,23.5950,23.3300,23.3800,10973600,12.8291
2006-10-31,23.4100,23.4700,23.2550,23.3600,12161800,12.8181
2006-11-01,23.3700,23.4500,23.2500,23.3200,10464600,12.7961
2006-11-02,23.2550,23.4150,23.2050,23.3550,15476800,12.8153
2006-11-03,23.4000,23.4150,23.2000,23.2500,11942600,12.7577
2006-11-06,23.3500,23.4500,23.1650,23.4050,18737000,12.8428
2006-11-07,23.3350,23.5050,23.2850,23.4600,16346000,12.8730
2006-11-08,23.3300,23.5000,23.2650,23.4400,14765000,12.8620
2006-11-09,23.3500,23.5050,23.2650,23.3250,16073600,12.7989
2006-11-10,23.3250,23.3750,23.1400,23.2350,9880800,12.7495
2006-11-13,23.2050,23.3000,23.0950,23.2050,13673200,12.7330
2006-11-14,23.1650,23.3050,23.0800,23.2750,16383000,12.7715
2006-11-15,23.2350,23.3750,23.1850,23.3250,19823800,12.7989
2006-11-16,23.4000,23.5950,23.3750,23.5700,14747000,12.9333
2006-11-17,23.5650,23.6850,23.5250,23.6300,18904800,12.9662
2006-11-20,23.5550,23.6800,23.4800,23.5200,12338400,12.9059
2006-11-21,23.4350,23.5800,23.4100,23.4950,12110600,12.8922
2006-11-22,23.5000,23.5900,23.4400,23.5500,7258600,12.9224
2006-11-24,23.4500,23.5950,23.4250,23.4600,4565800,12.8730
2006-11-27,23.4300,23.4800,23.1950,23.2750,18962400,12.7715
2006-11-28,23.1850,23.4750,23.1750,23.3400,14540000,12.8071
2006-11-29,23.3000,23.4050,23.1800,23.3200,15077800,12.8817
2006-11-30,23.2250,23.5050,23.2050,23.4150,21071200,12.9342
2006-12-01,23.3250,23.3600,23.1150,23.2850,15461000,12.8624
2006-12-04,23.3650,23.6300,23.2700,23.4150,14004400,12.9342
2006-12-05,23.4950,24.0000,23.4250,24.0000,26343400,13.2573
2006-12-06,24.0250,24.2700,23.9650,24.1900,29681000,13.3623
2006-12-07,24.2900,24.4900,24.2450,24.3600,24190600,13.4562
2006-12-08,24.3900,24.4900,24.3250,24.4550,16320400,13.5086
2006-12-11,24.4250,24.5800,24.2900,24.4050,18181400,13.4810
2006-12-12,24.3800,24.5800,24.3500,24.4500,16227000,13.5059
2006-12-13,24.5700,24.5700,24.3300,24.4200,12960800,13.4893
2006-12-14,24.4450,24.5850,24.3650,24.5000,15830200,13.5335
2006-12-15,24.5000,24.6750,24.1900,24.4650,23760200,13.5142
2006-12-18,24.4250,24.5500,24.4100,24.4500,10438400,13.5059
2006-12-19,24.3350,24.4300,24.2000,24.3850,15461400,13.4700
2006-12-20,24.3650,24.4100,24.3200,24.3750,12103600,13.4645
2006-12-21,24.3750,24.4350,24.3150,24.3300,14383200,13.4396
2006-12-22,24.3650,24.4000,24.1250,24.1900,7878000,13.3623
2006-12-26,24.2050,24.3000,24.1550,24.2750,5260400,13.4092
2006-12-27,24.3450,24.3900,24.1450,24.3450,9620800,13.4479
2006-12-28,24.3250,24.4050,24.2500,24.2700,7907000,13.4065
2006-12-29,24.2150,24.3250,24.0950,24.1250,12339600,13.3264
2007-01-03,24.1800,24.4400,24.1400,24.2900,15753400,13.4175
2007-01-04,24.2100,24.3500,24.1250,24.3000,11810400,13.4230
2007-01-05,24.2500,24.2850,24.0850,24.1300,11607000,13.3291
2007-01-08,24.0050,24.3350,24.0050,24.2850,17551000,13.4147
2007-01-09,24.2700,24.4150,24.2300,24.3050,13724000,13.4258
2007-01-10,24.2450,24.3950,24.1850,24.3400,8928000,13.4451
2007-01-11,24.3750,24.4350,24.3000,24.3700,11009600,13.4617
2007-01-12,24.3000,24.3350,24.1250,24.2750,13667200,13.4092
2007-01-16,24.2400,24.3450,24.1700,24.2500,12685200,13.3954
2007-01-17,24.2650,24.4300,24.2400,24.3000,14400200,13.4230
2007-01-18,24.2100,24.5000,24.1000,24.1750,15223000,13.3540
2007-01-19,24.2050,24.2150,24.0350,24.1300,13008200,13.3291
2007-01-22,24.0550,24.1750,23.9950,24.0150,12198800,13.2656
2007-01-23,24.0750,24.1150,23.9700,24.0600,12149000,13.2905
2007-01-24,24.0950,24.1000,23.9700,24.0650,8641600,13.2932
2007-01-25,24.0350,24.1100,23.9500,23.9700,11596600,13.2407
2007-01-26,24.0000,24.0500,23.9000,23.9150,14459000,13.2104
2007-01-29,23.8800,23.9600,23.7800,23.8550,10077800,13.1772
2007-01-30,23.9150,23.9750,23.8200,23.9050,8986000,13.2048
2007-01-31,23.9000,23.9850,23.7450,23.9400,10604400,13.2242
2007-02-01,23.9950,24.1350,23.9250,24.0500,10398600,13.2849
2007-02-02,24.0500,24.2050,24.0200,24.1200,10703600,13.3236
2007-02-05,24.0550,24.1200,23.9200,23.9500,9192800,13.2297
2007-02-06,24.0000,24.0800,23.9300,24.0250,11168800,13.2711
2007-02-07,24.0150,24.0650,23.9300,24.0150,9242400,13.2656
2007-02-08,23.9750,24.0250,23.8250,23.9300,9076600,13.2186
2007-02-09,23.8600,23.9950,23.8200,23.8800,9828400,13.1910
2007-02-12,23.9250,24.1850,23.9000,23.9600,13925400,13.2352
2007-02-13,24.0500,24.2100,24.0450,24.1050,19411800,13.3153
2007-02-14,24.2500,24.2750,23.8650,23.9400,32846800,13.2242
2007-02-15,23.9950,24.0500,23.7900,23.9250,19195000,13.2159
2007-02-16,24.0000,24.0500,23.8800,23.9350,17492200,13.2214
2007-02-20,23.7600,23.9400,23.7500,23.8900,17828800,13.1965
2007-02-21,23.7750,23.8900,23.7600,23.7850,16489600,13.1386
2007-02-22,23.8450,23.8700,23.6100,23.6500,16721000,13.0640
2007-02-23,23.8350,23.9650,23.5900,23.6300,29516200,13.0529
2007-02-26,23.8500,23.9500,23.7900,23.8600,18709000,13.1800
2007-02-27,23.7350,23.9200,22.7800,23.1950,30318600,12.8126
2007-02-28,23.3750,23.4500,23.1600,23.3400,27629200,12.8927
2007-03-01,23.2100,23.4650,23.1350,23.2600,27342000,12.8485
2007-03-02,23.2250,23.4650,22.9050,22.9450,34050600,12.6745
2007-03-05,22.9500,23.3550,22.8850,23.1450,29572400,12.7850
2007-03-06,23.3450,23.5300,23.2750,23.4650,25097800,12.9618
2007-03-07,23.3800,23.5000,23.3300,23.3750,26321800,12.9121
2007-03-08,23.4500,23.6800,23.4450,23.5750,17422400,13.0225
2007-03-09,23.6150,23.8350,23.5750,23.7850,26127200,13.1386
2007-03-12,23.7850,23.9950,23.7350,23.9750,26009000,13.2435
2007-03-13,23.6750,23.9350,23.4800,23.5300,32198000,13.0905
2007-03-14,23.6250,23.6700,23.2950,23.5200,32553400,13.0849
2007-03-15,23.4750,23.5650,23.3400,23.5400,19059000,13.0961
2007-03-16,23.6250,23.6550,23.4100,23.6050,28231600,13.1322
2007-03-19,23.6700,23.7500,23.5200,23.6650,15513600,13.1656
2007-03-20,23.7100,23.8750,23.6200,23.8100,14456000,13.2463
2007-03-21,23.8500,24.1750,23.6850,24.1300,24361000,13.4243
2007-03-22,23.9550,24.2200,23.9550,24.1250,16486800,13.4215
2007-03-23,24.0650,24.1350,23.9850,24.0250,16012200,13.3659
2007-03-26,23.9750,24.0950,23.8400,24.0750,14385200,13.3937
2007-03-27,24.0000,24.0850,23.9250,24.0100,13230600,13.3575
2007-03-28,23.8950,24.1500,23.7950,23.9550,22657800,13.3270
2007-03-29,23.8050,24.2000,23.4250,24.0550,18947800,13.3826
2007-03-30,24.1300,24.2500,23.8000,24.0000,17937600,13.3520
2007-04-02,24.1000,24.3300,24.0250,24.2600,22443400,13.4966
2007-04-03,24.2650,24.5750,24.2650,24.4950,19033200,13.6274
2007-04-04,24.5050,24.8200,24.4700,24.7300,22203000,13.7581
2007-04-05,24.6700,24.8850,24.6500,24.7600,17959200,13.7748
2007-04-09,24.8000,24.9750,24.7150,24.8150,14632800,13.8054
2007-04-10,24.8900,25.1550,24.8250,25.0400,26317400,13.9306
2007-04-11,25.0400,25.1000,24.8000,24.8200,24374000,13.8082
2007-04-12,24.8250,24.9750,24.3250,24.8350,15512400,13.8165
2007-04-13,25.1450,25.1450,24.7450,24.9400,13829600,13.8749
2007-04-16,25.0050,25.2200,24.9650,25.1350,20130200,13.9834
2007-04-17,25.5250,26.0900,25.3800,25.7850,50341600,14.3450
2007-04-18,25.7950,25.8700,25.6750,25.8300,22955600,14.3701
2007-04-19,25.6800,25.9500,25.6550,25.8750,18696200,14.3951
2007-04-20,26.0250,26.0750,25.8100,26.0450,21201000,14.4897
2007-04-23,26.0450,26.1000,25.7950,25.8250,14465800,14.3673
2007-04-24,25.9900,25.9900,25.6850,25.8550,16117400,14.3840
2007-04-25,25.9950,26.0300,25.7450,25.8700,21349800,14.3923
2007-04-26,25.9950,26.1150,25.9250,26.0400,15173600,14.4869
2007-04-27,25.9250,26.0600,25.8750,26.0300,13926200,14.4813
2007-04-30,25.9600,26.1750,25.9250,26.0950,23486000,14.5175
2007-05-01,26.0950,26.3200,26.0650,26.3150,20552200,14.6399
2007-05-02,26.3000,26.4650,26.2500,26.3550,17473000,14.6621
2007-05-03,26.4000,26.5000,26.2950,26.4550,16194400,14.7178
2007-05-04,26.5000,26.6600,26.4750,26.6050,18067000,14.8012
2007-05-07,26.6050,26.8250,26.5750,26.8050,14151800,14.9125
2007-05-08,26.6800,26.7600,26.4600,26.5350,15197400,14.7623
2007-05-09,26.5450,26.7000,26.4250,26.5550,11234400,14.7734
2007-05-10,26.4750,26.5200,26.2150,26.2400,14908400,14.5982
2007-05-11,26.2250,26.3650,26.0850,26.3450,12985200,14.6566
2007-05-14,26.2700,26.4800,26.2500,26.3000,13295800,14.6315
2007-05-15,26.1500,26.3950,26.0800,26.2300,31652800,14.5926
2007-05-16,26.2500,26.3950,26.0650,26.3700,16792200,14.6705
2007-05-17,26.4900,26.4950,26.0500,26.1000,18808400,14.5203
2007-05-18,26.1800,26.3250,26.0450,26.3150,25827200,14.6399
2007-05-21,26.3150,26.4100,25.8750,25.9550,26409400,14.4396
2007-05-22,25.9750,25.9850,25.7100,25.7400,19057200,14.3200
2007-05-23,25.8200,25.8850,25.6200,25.6650,15167600,14.2783
2007-05-24,25.6350,25.8750,25.5750,25.6200,17765600,14.2532
2007-05-25,25.7800,26.0900,25.7450,25.9450,18502400,14.4341
2007-05-29,26.0150,26.1750,25.9550,26.0900,16716400,14.5147
2007-05-30,26.1850,26.5250,25.9600,26.5250,29334600,14.7567
2007-05-31,26.4800,26.7300,26.4400,26.4950,21255400,14.7400
2007-06-01,26.5050,26.5650,26.2150,26.4000,17018400,14.6872
2007-06-04,26.3800,26.4000,26.1050,26.3350,20438800,14.6510
2007-06-05,26.2350,26.3250,26.0500,26.1600,19282600,14.5537
2007-06-06,26.1250,26.1600,25.9200,26.0000,11280800,14.4647
2007-06-07,25.9950,26.0400,25.6300,25.6900,18724600,14.2922
2007-06-08,25.6250,25.8600,25.5150,25.8350,13315200,14.3728
2007-06-11,25.8350,25.9250,25.6600,25.8150,21803400,14.3617
2007-06-12,25.6700,25.8850,25.5300,25.5700,22790200,14.2254
2007-06-13,25.5850,25.7500,25.5300,25.6800,20020800,14.3822
2007-06-14,25.6800,25.8450,25.5350,25.6550,17990600,14.3682
2007-06-15,25.7950,26.0700,25.6800,25.7900,26360400,14.4439
2007-06-18,25.7900,26.0050,25.7650,25.8800,11100800,14.4943
2007-06-19,25.7900,25.8400,25.5550,25.6950,21341400,14.3906
2007-06-20,25.7700,26.0400,25.6600,25.7450,19981600,14.4186
2007-06-21,25.7000,26.0750,25.6800,26.0450,18870400,14.5867
2007-06-22,26.0250,26.1300,25.7200,25.8100,30157400,14.4551
2007-06-25,25.8350,26.0200,25.7500,25.8850,21450600,14.4971
2007-06-26,25.9500,26.1700,25.8100,25.9750,22278800,14.5475
2007-06-27,25.8750,26.2600,25.8750,26.2200,18175600,14.6847
2007-06-28,26.1600,26.4600,26.1100,26.3150,16126400,14.7379
2007-06-29,26.4200,26.4750,25.9750,26.1550,19029200,14.6483
2007-07-02,26.3250,26.4950,26.1600,26.2800,18294600,14.7183
2007-07-03,26.4050,26.4900,26.2500,26.4500,8382800,14.8135
2007-07-05,26.4500,26.5000,26.2400,26.3350,10865400,14.7491
2007-07-06,26.2750,26.3250,26.1500,26.3000,12349600,14.7295
2007-07-09,26.3650,26.5000,26.2850,26.3500,19237800,14.7575
2007-07-10,26.4700,26.4700,26.0350,26.0500,14505200,14.5895
2007-07-11,26.0050,26.1350,25.9000,26.0450,12185400,14.5867
2007-07-12,26.0750,26.3250,26.0250,26.3150,23446200,14.7379
2007-07-13,26.3150,26.6300,26.2450,26.5550,16634800,14.8723
2007-07-16,26.7000,27.2450,26.6800,26.9250,33549400,15.0795
2007-07-17,27.1650,27.1900,26.4050,26.5850,33030000,14.8891
2007-07-18,26.6550,26.7900,26.5350,26.7150,28491200,14.9619
2007-07-19,26.9500,26.9700,26.7150,26.8500,14462400,15.0375
2007-07-20,26.8700,26.9500,26.5450,26.6050,22396600,14.9003
2007-07-23,26.6650,26.8750,26.5750,26.8200,14063800,15.0207
2007-07-24,26.4850,26.9000,26.4800,26.6100,18704400,14.9031
2007-07-25,26.7350,27.1000,26.5900,27.0250,25611600,15.1355
2007-07-26,26.5750,27.1100,26.2800,26.4900,29326200,14.8359
2007-07-27,26.4600,26.5450,26.1100,26.1400,24074400,14.6399
2007-07-30,26.5300,26.9250,25.8950,26.1950,19912000,14.6707
2007-07-31,26.3700,26.4350,26.0200,26.0550,19887000,14.5923
2007-08-01,26.1800,26.7400,26.0900,26.6350,24743400,14.9171
2007-08-02,26.5800,26.9000,26.5800,26.8300,19595400,15.0263
2007-08-03,26.9100,27.1250,26.6200,26.6400,22044200,14.9199
2007-08-06,26.5750,27.1250,26.5750,27.1150,23334800,15.1859
2007-08-07,26.9750,27.3950,26.8550,27.2300,22657200,15.2503
2007-08-08,27.1950,27.9400,27.1900,27.9300,25070400,15.6424
2007-08-09,27.4050,28.3550,27.4050,27.9250,34244000,15.6396
2007-08-10,27.7000,28.0650,27.0500,27.4900,29816800,15.3959
2007-08-13,27.4950,27.5500,27.1050,27.2600,19106400,15.2671
2007-08-14,27.3900,27.4250,26.9000,27.0700,26200600,15.1607
2007-08-15,27.0800,27.3350,26.8050,26.9150,14280600,15.0739
2007-08-16,26.7500,27.1450,26.4150,26.7900,29002000,15.0039
2007-08-17,27.4650,28.4250,26.5800,27.2250,28468600,15.2475
2007-08-20,27.1900,27.4400,27.0750,27.2600,15993800,15.2671
2007-08-21,27.2000,27.4250,26.9900,27.0150,16781600,15.1299
2007-08-22,27.1850,27.2500,26.8900,26.9750,15279400,15.1075
2007-08-23,26.9400,27.0850,26.8100,26.9900,13930000,15.1159
2007-08-24,26.8250,27.3650,26.8250,27.0000,13493400,15.1215
2007-08-27,26.9900,27.0750,26.8500,27.0050,9995800,15.1243
2007-08-28,27.0000,27.0000,26.5900,26.6300,15706000,14.9143
2007-08-29,26.7400,26.8500,26.5400,26.7550,15922800,14.9843
2007-08-30,26.6100,26.8200,26.5650,26.7000,13982600,14.9535
2007-08-31,26.8850,26.9900,26.6950,26.8900,15035200,15.0599
2007-09-04,26.8350,27.2200,26.8350,27.1850,12463000,15.2251
2007-09-05,27.0650,27.1750,26.6800,26.8450,18938600,15.0347
2007-09-06,26.7750,27.5200,26.6000,27.3300,19000200,15.3063
2007-09-07,27.2950,27.5000,27.0550,27.2950,23982600,15.2867
2007-09-10,27.3000,27.5100,27.1450,27.2850,20339400,15.2811
2007-09-11,27.3550,27.9700,27.3500,27.8300,23866200,15.5864
2007-09-12,27.8000,28.1800,27.6400,27.9200,18437000,15.7329
2007-09-13,27.9750,28.1000,27.8100,27.9350,14353000,15.7413
2007-09-14,27.8600,28.2800,27.8300,28.2000,15459800,15.8907
2007-09-17,28.0000,28.0500,27.5200,27.6400,21078400,15.5751
2007-09-18,27.7050,28.2150,27.7050,28.2050,19898800,15.8935
2007-09-19,28.2500,28.3800,27.9400,28.3100,17220600,15.9526
2007-09-20,28.2800,28.3250,28.0800,28.1550,12583400,15.8653
2007-09-21,28.1900,28.4300,28.1550,28.2750,21948800,15.9329
2007-09-24,28.2550,28.6900,28.2550,28.3500,20872800,15.9752
2007-09-25,28.3450,28.6350,28.2700,28.5100,15230200,16.0653
2007-09-26,28.5850,28.8400,28.4550,28.6750,14776200,16.1583
2007-09-27,28.6550,28.7950,28.5650,28.6650,14274400,16.1527
2007-09-28,28.6500,28.8900,28.5150,28.7350,13061200,16.1921
2007-10-01,28.8050,29.1650,28.7800,28.9500,19918600,16.3133
2007-10-02,29.0000,29.0800,28.8200,28.9600,17565600,16.3189
2007-10-03,28.8750,29.0150,28.6850,28.7850,12628400,16.2203
2007-10-04,28.8250,29.0650,28.7850,28.9350,11534600,16.3048
2007-10-05,28.9850,29.1400,28.9150,29.0350,10896400,16.3612
2007-10-08,28.9800,29.0650,28.8450,28.9000,6021600,16.2851
2007-10-09,28.8000,28.9400,28.6500,28.9400,16272000,16.3077
2007-10-10,28.9950,29.1000,28.8900,28.9350,13236400,16.3048
2007-10-11,29.0000,29.0900,28.4600,28.5950,12950600,16.1132
2007-10-12,28.6000,28.9650,28.5750,28.9000,10410200,16.2851
2007-10-15,29.0450,29.1150,28.5800,28.8200,13801000,16.2400
2007-10-16,28.8350,29.0500,28.7150,28.8800,14228200,16.2738
2007-10-17,29.1750,29.7150,29.0300,29.5450,32814800,16.6486
2007-10-18,29.5200,29.8250,29.3850,29.6800,20771800,16.7246
2007-10-19,29.7650,29.8750,29.3450,29.3800,24173600,16.5556
2007-10-22,29.2700,29.7000,29.1950,29.6250,18251800,16.6936
2007-10-23,29.6550,29.8900,29.6250,29.8750,11663000,16.8345
2007-10-24,29.7500,30.1000,29.6800,30.0900,18633200,16.9557
2007-10-25,30.1150,30.7300,30.0450,30.6500,19553800,17.2712
2007-10-26,30.6700,30.7950,30.4400,30.7850,16187400,17.3473
2007-10-29,30.7500,31.0150,30.6450,30.9200,16951200,17.4234
2007-10-30,30.9150,31.0750,30.6750,30.8650,13738200,17.3924
2007-10-31,30.9950,31.0300,30.5650,30.8800,16640000,17.4008
2007-11-01,30.8150,31.0000,30.4100,30.4500,20035400,17.1585
2007-11-02,30.5700,30.5750,30.0050,30.2550,17152600,17.0486
2007-11-05,30.2500,30.3650,29.9600,30.1700,17845400,17.0007
2007-11-06,30.1950,30.5450,30.1250,30.5050,15285600,17.1895
2007-11-07,30.4500,30.5000,29.9650,29.9800,14486800,16.8937
2007-11-08,30.3600,30.8200,29.9500,30.7350,26091200,17.3191
2007-11-09,30.7500,30.8750,30.3150,30.4150,18189800,17.1388
2007-11-12,30.3200,30.4300,29.9000,29.9300,16680200,16.8655
2007-11-13,30.1200,30.6000,29.8250,30.5200,15326800,17.1980
2007-11-14,30.6500,30.8750,30.3750,30.6800,16542800,17.2881
2007-11-15,30.4950,31.2050,30.4950,30.9750,21229800,17.4544
2007-11-16,31.1200,31.3600,30.8500,31.3100,21454000,17.6431
2007-11-19,31.2500,31.2800,31.0050,31.1500,16893400,17.5530
2007-11-20,31.2600,31.5500,31.0500,31.3950,21572400,17.6910
2007-11-21,31.3950,31.7250,31.0700,31.1250,18067800,17.5389
2007-11-23,31.2700,31.3750,30.9600,31.1500,9446000,17.5530
2007-11-26,31.1750,31.4300,30.8000,30.8650,16760800,17.3924
2007-11-27,30.9750,31.6550,30.8400,31.4900,21048000,17.7446
2007-11-28,31.6100,31.6100,31.2450,31.4950,25499000,17.8437
2007-11-29,31.4550,31.5850,31.3100,31.3950,15031600,17.7871
2007-11-30,31.5500,31.5500,30.8600,31.0500,21684200,17.5916
2007-12-03,31.0500,31.5000,30.9800,31.1000,17112000,17.6199
2007-12-04,30.9750,31.4700,30.7550,31.3750,16878600,17.7757
2007-12-05,31.4200,31.5250,31.2250,31.5250,14622000,17.8607
2007-12-06,31.4550,31.5850,31.1900,31.5350,15824600,17.8664
2007-12-07,31.5300,31.8750,31.5300,31.5750,13413800,17.8890
2007-12-10,31.5400,31.7500,31.4400,31.6350,8487800,17.9230
2007-12-11,31.6200,31.9450,31.4700,31.4850,17336600,17.8380
2007-12-12,31.6150,32.0250,31.4750,31.8850,23241400,18.0647
2007-12-13,31.7900,32.0700,31.6900,32.0450,12418200,18.1553
2007-12-14,31.8800,32.1600,31.8700,31.9050,19006000,18.0760
2007-12-17,32.0000,32.0750,31.1400,31.2350,23869200,17.6964
2007-12-18,31.4000,31.4050,30.9400,31.1100,23756400,17.6256
2007-12-19,31.1000,31.5000,31.0500,31.4250,14402000,17.8041
2007-12-20,31.3750,31.4800,30.9500,31.1400,15065400,17.6426
2007-12-21,31.2500,31.7350,31.1500,31.5350,25318800,17.8664
2007-12-24,31.5200,31.7250,31.4000,31.6050,4593800,17.9060
2007-12-26,31.7250,31.7250,31.3800,31.5050,9484400,17.8494
2007-12-27,31.4500,31.6000,31.1050,31.1500,7729800,17.6483
2007-12-28,31.1600,31.3800,31.0000,31.1350,8346400,17.6398
2007-12-31,31.0300,31.1000,30.6100,30.6850,11729200,17.3848
2008-01-02,30.7250,30.7900,30.3650,30.5450,15453800,17.3055
2008-01-03,30.5850,31.0500,30.5350,30.8650,13902600,17.4868
2008-01-04,30.8400,31.3550,30.8350,30.9250,18027400,17.5208
2008-01-07,31.0500,31.7200,30.9500,31.6550,23782000,17.9344
2008-01-08,31.7950,32.2000,31.6550,31.7850,20883200,18.0080
2008-01-09,31.8100,32.6550,31.8000,32.6350,35949600,18.4896
2008-01-10,32.5000,32.7950,32.3550,32.7800,28944200,18.5717
2008-01-11,32.6900,32.6900,31.7300,31.8850,32147800,18.0647
2008-01-14,31.8750,32.2600,31.8750,32.1500,22931400,18.2148
2008-01-15,31.8150,32.1000,31.7800,31.8050,22999400,18.0194
2008-01-16,31.6400,31.9250,31.2400,31.3250,25334000,17.7474
2008-01-17,31.6250,31.6550,30.9500,31.0200,37273000,17.5746
2008-01-18,31.1700,31.2250,30.0800,30.3700,33758200,17.2063
2008-01-22,29.3650,29.7000,28.8550,29.3950,37369800,16.6539
2008-01-23,28.7650,29.4700,28.2450,29.4350,32257400,16.6766
2008-01-24,29.5800,30.0100,29.4700,29.9400,30700600,16.9627
2008-01-25,30.1700,30.1700,29.1150,29.2050,25926400,16.5463
2008-01-28,29.1850,29.7100,29.0250,29.7050,18341400,16.8296
2008-01-29,29.8300,29.8300,29.1400,29.2750,26833600,16.5860
2008-01-30,29.2500,29.4200,28.7800,28.8850,23066800,16.3650
2008-01-31,28.6500,29.6800,28.6200,29.5000,24041800,16.7134
2008-02-01,29.6450,29.9850,29.2550,29.6300,16520200,16.7871
2008-02-04,29.7100,29.7250,29.2350,29.3150,15315800,16.6086
2008-02-05,29.2400,29.2500,28.6550,28.7000,24709600,16.2602
2008-02-06,28.9500,29.0950,28.7850,28.8550,16816400,16.3480
2008-02-07,28.9200,29.3400,28.9200,29.2250,23313200,16.5576
2008-02-08,29.5450,29.8900,29.4950,29.6250,20221800,16.7843
2008-02-11,29.6750,29.8500,29.4000,29.7500,13635800,16.8551
2008-02-12,29.9000,30.2500,29.8250,29.9600,23823800,16.9740
2008-02-13,30.2250,30.2250,29.5050,29.6950,29032000,16.8239
2008-02-14,29.7600,29.8450,29.2000,29.2750,25045400,16.5860
2008-02-15,29.2200,29.4100,29.0050,29.3800,20761400,16.6454
2008-02-19,29.5000,29.5250,28.9850,29.0500,17218000,16.4585
2008-02-20,29.0400,29.1400,28.7750,29.1150,14832000,16.4953
2008-02-21,29.1600,29.2800,28.8650,28.9950,17465200,16.4273
2008-02-22,29.0000,29.1650,28.6950,29.1300,14768400,16.5038
2008-02-25,29.1000,29.5350,29.1000,29.3850,16020800,16.6483
2008-02-26,29.3000,29.7950,29.1600,29.7600,16807800,16.8607
2008-02-27,29.6400,30.2050,29.6400,30.0250,19804800,17.0109
2008-02-28,30.0000,30.0600,29.5750,29.7300,15436000,16.8437
2008-02-29,29.5500,29.6650,29.0900,29.2300,15967400,16.5605
2008-03-03,29.1750,29.5750,29.1750,29.5100,12492600,16.7191
2008-03-04,29.2950,29.7900,29.2600,29.6850,20105800,16.8182
2008-03-05,29.6200,30.0000,29.5150,29.8400,16079400,16.9061
2008-03-06,29.7550,29.9250,29.5100,29.5500,14563200,16.7418
2008-03-07,29.3750,29.7000,29.2500,29.4250,18332600,16.6709
2008-03-10,29.4250,29.6700,29.3250,29.3300,18909600,16.6171
2008-03-11,29.5050,29.8400,29.4350,29.7350,29836200,16.8466
2008-03-12,29.5750,29.7450,29.4800,29.5950,22601200,16.8751
2008-03-13,29.3400,29.5500,29.1550,29.4650,17542000,16.8010
2008-03-14,29.4650,29.4650,28.5650,28.7650,26531400,16.4018
2008-03-17,28.4500,29.0100,28.3750,28.8450,21630200,16.4474
2008-03-18,29.1000,29.7050,28.9700,29.7050,18364800,16.9378
2008-03-19,29.6850,30.4150,29.6850,29.9800,23258600,17.0946
2008-03-20,30.0800,30.5700,30.0200,30.5200,31028600,17.4025
2008-03-24,30.6250,30.7500,30.2700,30.5900,14037600,17.4424
2008-03-25,30.5900,30.9100,30.5350,30.7050,15298200,17.5080
2008-03-26,30.7050,30.8500,30.5000,30.5750,16547800,17.4339
2008-03-27,30.6800,30.9500,30.6050,30.6550,16830400,17.4795
2008-03-28,30.7900,30.8000,30.4400,30.4700,13671600,17.3740
2008-03-31,30.4000,30.6000,30.3200,30.4350,18541400,17.3540
2008-04-01,30.5050,30.7500,30.4500,30.7200,25873200,17.5166
2008-04-02,30.6850,30.6850,30.1050,30.2300,18167000,17.2372
2008-04-03,30.1450,30.4500,30.1250,30.2800,16176200,17.2657
2008-04-04,30.2650,30.4650,30.1000,30.1250,15262800,17.1773
2008-04-07,30.1350,30.3050,30.1350,30.1850,16193200,17.2115
2008-04-08,30.1350,30.2850,29.9350,30.2550,19942800,17.2514
2008-04-09,30.2500,30.4150,30.1550,30.3900,12995600,17.3284
2008-04-10,30.4400,30.7400,30.2350,30.6650,14842200,17.4852
2008-04-11,30.5100,30.7500,30.0450,30.1450,15567600,17.1887
2008-04-14,30.1950,30.6750,30.0750,30.5000,20029600,17.3911
2008-04-15,30.5150,30.6100,30.2100,30.4700,23441800,17.3740
2008-04-16,30.8750,30.9200,30.2700,30.5750,23117600,17.4339
2008-04-17,30.4950,30.6900,30.2700,30.3400,16659800,17.2999
2008-04-18,30.3800,30.5400,29.8250,30.0550,22254200,17.1374
2008-04-21,29.9600,30.2200,29.8250,30.1750,12428800,17.2058
2008-04-22,30.1100,30.2000,29.8500,29.9450,17274000,17.0747
2008-04-23,29.8800,30.1950,29.8800,30.1600,18987200,17.1973
2008-04-24,30.1400,30.5000,29.8950,30.1250,12836600,17.1773
2008-04-25,30.1250,30.2500,29.4800,29.6650,18802400,16.9150
2008-04-28,29.6650,29.9500,29.4300,29.4900,16098000,16.8152
2008-04-29,29.4000,29.5000,29.1850,29.3600,14869000,16.7411
2008-04-30,29.3600,29.8850,29.3450,29.4350,23359200,16.7838
2008-05-01,29.3050,29.5800,29.2000,29.5450,15127600,16.8466
2008-05-02,29.5450,29.7500,29.3000,29.3850,16519000,16.7553
2008-05-05,29.3850,29.4900,29.0700,29.1900,14121400,16.6441
2008-05-06,29.1250,29.1900,28.9400,29.1350,13390400,16.6128
2008-05-07,29.1350,29.1400,28.4950,28.5150,29866200,16.2593
2008-05-08,28.6750,28.7850,28.0250,28.1450,28002800,16.0483
2008-05-09,28.1450,28.1700,27.9150,28.0750,20830000,16.0084
2008-05-12,28.0900,28.2300,28.0000,28.2000,17243400,16.0797
2008-05-13,28.1450,28.3800,28.1350,28.2500,20876800,16.1082
2008-05-14,28.3200,28.5000,28.0950,28.2700,20732200,16.1196
2008-05-15,28.2500,28.5850,28.1300,28.5050,16503200,16.2536
2008-05-16,28.5300,28.7000,28.3900,28.5350,17961000,16.2707
2008-05-19,28.5500,28.9200,28.4700,28.7600,20009200,16.3990
2008-05-20,28.7500,28.8250,28.4800,28.5450,17955200,16.2764
2008-05-21,28.4550,28.6500,28.2250,28.3250,25203800,16.1509
2008-05-22,28.3400,29.2100,28.2650,29.1350,25230600,16.6128
2008-05-23,29.0550,29.5200,29.0050,29.3150,30583000,16.7154
2008-05-27,29.2750,29.3500,29.0550,29.2950,15614200,16.7040
2008-05-28,29.4200,29.4200,28.6700,28.7200,24045600,16.3762
2008-05-29,28.7650,29.0650,28.5700,28.9350,24705200,16.4987
2008-05-30,28.8450,28.9950,28.5100,28.6300,26831600,16.3248
2008-06-02,28.5250,28.6850,28.2250,28.5000,19121200,16.2507
2008-06-03,28.4300,28.6250,28.1450,28.2000,18839800,16.0797
2008-06-04,28.1250,28.4850,28.1250,28.3500,14971800,16.1652
2008-06-05,28.3750,28.6300,28.2300,28.5950,15701400,16.3049
2008-06-06,28.5050,28.5550,27.8700,27.9000,24947800,15.9086
2008-06-09,27.7500,28.1250,27.7500,27.9300,19351600,15.9257
2008-06-10,28.0650,29.3000,28.0000,29.0050,32680000,16.5387
2008-06-11,28.8600,28.9150,28.5050,28.5700,23459000,16.3981
2008-06-12,28.6550,28.7950,28.3750,28.5700,19044000,16.3981
2008-06-13,28.5150,28.5500,26.9600,27.7100,61756600,15.9044
2008-06-16,27.7100,27.7600,27.0200,27.0900,35384800,15.5486
2008-06-17,27.2750,27.3500,26.9800,26.9800,28668600,15.4854
2008-06-18,26.8900,27.0000,26.5550,26.5800,26037200,15.2559
2008-06-19,26.7000,26.8000,26.5000,26.6800,25221200,15.3133
2008-06-20,26.5350,26.9450,26.4650,26.8300,33273000,15.3994
2008-06-23,26.9250,26.9250,26.5100,26.6300,17910600,15.2846
2008-06-24,26.5000,26.7600,26.3150,26.6850,21827400,15.3161
2008-06-25,26.7300,27.2900,26.7000,27.0500,23750600,15.5256
2008-06-26,26.9600,27.3100,26.5650,26.6100,30532200,15.2731
2008-06-27,26.5850,26.6200,25.9150,25.9200,35673200,14.8770
2008-06-30,25.9300,26.4500,25.7200,25.9900,30142000,14.9172
2008-07-01,25.9600,25.9600,25.4600,25.5000,35340600,14.6360
2008-07-02,25.5050,25.7800,25.4350,25.6850,32505400,14.7422
2008-07-03,25.6850,25.8750,25.5950,25.7400,14904400,14.7737
2008-07-07,25.8350,25.8900,25.5000,25.6450,23402400,14.7192
2008-07-08,25.5400,25.8400,25.5000,25.7350,26657400,14.7709
2008-07-09,25.8150,25.8200,25.4300,25.4450,23205400,14.6044
2008-07-10,25.4750,25.4750,24.8500,25.0200,30312600,14.3605
2008-07-11,24.8300,25.2500,24.7600,25.1350,26927400,14.4265
2008-07-14,25.2700,25.6300,25.2700,25.4800,25123000,14.6245
2008-07-15,25.3250,26.0000,25.2950,25.8950,38457400,14.8627
2008-07-16,25.9400,26.3000,25.6250,26.1700,27188400,15.0205
2008-07-17,25.6000,25.6800,24.8500,25.1700,79214400,14.4466
2008-07-18,25.2400,25.2400,24.8250,25.0150,36493800,14.3576
2008-07-21,25.0500,25.0500,24.7200,24.8000,21760400,14.2342
2008-07-22,25.0600,26.0600,25.0300,25.6750,43142600,14.7364
2008-07-23,25.7600,26.2750,25.5100,26.2500,25824200,15.0665
2008-07-24,26.2150,26.4450,25.7650,25.9300,21340400,14.8828
2008-07-25,26.1250,26.1250,25.7650,26.0300,16853600,14.9402
2008-07-28,26.0000,26.0300,25.5550,25.5750,14040000,14.6790
2008-07-29,25.6050,25.9050,25.5600,25.7850,16244800,14.7996
2008-07-30,25.9250,26.0000,25.5000,25.6550,19487000,14.7249
2008-07-31,25.7500,25.9250,25.6100,25.7500,21216800,14.7795
2008-08-01,25.9700,26.6100,25.8700,26.5700,33156000,15.2501
2008-08-04,26.5600,27.0400,26.4500,26.9500,22279000,15.4682
2008-08-05,27.0500,27.5000,27.0250,27.4550,25483200,15.7581
2008-08-06,27.4350,27.7400,27.3000,27.6800,20380000,15.8872
2008-08-07,27.5800,27.5800,26.9200,27.0050,19928800,15.4998
2008-08-08,27.0000,27.7650,26.8550,27.7050,19658200,15.9016
2008-08-11,27.5700,27.9150,27.4250,27.6750,14183600,15.8844
2008-08-12,27.5950,27.9100,27.0600,27.3950,16690800,15.7236
2008-08-13,27.2800,27.7200,27.2000,27.6050,19036800,15.8442
2008-08-14,27.5250,27.9200,27.3750,27.5100,15411800,15.7897
2008-08-15,27.6100,27.8100,27.3750,27.5300,23892000,15.8011
2008-08-18,27.5350,27.6800,26.9700,27.1650,21137600,15.5916
2008-08-19,27.1150,27.2950,26.9900,27.1650,16564200,15.5916
2008-08-20,27.2750,27.3700,26.9500,27.1750,11033200,15.5974
2008-08-21,27.0950,27.1200,26.6100,26.7550,11670800,15.3563
2008-08-22,26.8100,27.2550,26.7050,27.1850,14812600,15.6031
2008-08-25,27.0700,27.2950,26.6850,26.7850,12329200,15.3735
2008-08-26,26.7850,26.9450,26.5750,26.7600,9461400,15.3592
2008-08-27,26.7950,27.0050,26.6100,26.8950,13595400,15.4367
2008-08-28,26.6250,26.7850,26.4500,26.5600,20861000,15.2444
2008-08-29,26.5450,26.5450,26.0200,26.0350,17841200,14.9431
2008-09-02,26.1100,26.4800,25.9550,25.9800,25723800,14.9115
2008-09-03,25.8300,26.0200,25.6350,25.8300,22448800,14.8254
2008-09-04,25.8700,26.1400,25.6000,25.8550,25899000,14.8398
2008-09-05,25.8450,26.0550,25.7400,25.9650,18284200,14.9029
2008-09-08,26.3600,26.7650,26.1500,26.6900,22306800,15.3190
2008-09-09,26.5850,27.2600,26.5850,26.9400,29463600,15.4625
2008-09-10,27.0350,27.0500,26.6550,26.9050,24609000,15.4424
2008-09-11,26.5950,27.2900,26.5250,27.0750,27409200,15.6505
2008-09-12,26.9250,27.2750,26.7750,27.2500,20364200,15.7517
2008-09-15,26.8800,27.8850,26.7700,27.3750,32162400,15.8239
2008-09-16,27.0150,27.5150,26.8500,27.4250,32829400,15.8528
2008-09-17,27.2800,27.4450,26.3250,26.3300,37536000,15.2199
2008-09-18,26.6100,27.0200,26.0500,26.6950,40347200,15.4308
2008-09-19,27.3750,27.3750,25.0600,26.3600,47807400,15.2372
2008-09-22,26.2550,26.3300,25.6550,25.6900,23355200,14.8499
2008-09-23,25.7150,26.1700,25.2850,25.3400,25686000,14.6476
2008-09-24,25.5000,25.5500,24.9350,25.0950,21740600,14.5060
2008-09-25,25.2000,26.1150,25.1800,25.7300,26174800,14.8730
2008-09-26,25.4700,26.3300,25.4200,26.2400,27516800,15.1678
2008-09-29,26.0400,26.4800,25.2050,25.5150,39031200,14.7488
2008-09-30,25.9050,26.4500,25.5050,26.4400,35193200,15.2834
2008-10-01,26.3100,27.1400,26.2600,27.0800,29096400,15.6534
2008-10-02,26.5250,27.1350,26.4500,26.8000,30669000,15.4915
2008-10-03,26.8900,27.5000,26.1950,26.2850,27695800,15.1938
2008-10-06,25.6700,26.1450,24.3600,25.4600,46243600,14.7170
2008-10-07,25.6500,25.7750,24.5400,24.6500,34820200,14.2487
2008-10-08,24.3250,24.8000,23.2250,23.7050,49084200,13.7025
2008-10-09,23.7850,23.8150,21.6500,21.6500,46288400,12.5146
2008-10-10,21.0250,22.5250,20.1450,20.7500,73567200,11.9944
2008-10-13,21.7150,23.7650,21.6050,23.6300,50478400,13.6591
2008-10-14,23.5500,23.5500,21.3250,21.8650,57665600,12.6389
2008-10-15,23.4150,23.6650,21.9550,22.1050,56256000,12.7776
2008-10-16,22.4000,22.9550,21.0650,22.8900,53069400,13.2314
2008-10-17,22.4800,23.0850,21.4550,22.1000,42030000,12.7747
2008-10-20,22.5450,23.4350,22.2650,23.2300,27773000,13.4279
2008-10-21,23.1800,23.5650,23.0000,23.0150,21927000,13.3036
2008-10-22,22.8000,23.1100,22.1100,22.6900,31891200,13.1158
2008-10-23,22.8000,22.8000,20.7500,21.5300,56321200,12.4452
2008-10-24,20.5000,21.5000,20.5000,20.8050,40797600,12.0262
2008-10-27,20.5750,21.6100,20.5000,20.5050,29412000,11.8528
2008-10-28,20.7800,22.6600,20.5600,22.6250,36079600,13.0782
2008-10-29,22.3000,22.9000,21.7500,21.9250,29859200,12.6736
2008-10-30,22.4700,22.7500,21.9350,22.3300,25942200,12.9077
2008-10-31,22.5700,23.0000,21.7500,22.0300,31870200,12.7343
2008-11-03,22.2550,22.8250,22.0800,22.7250,18576200,13.1360
2008-11-04,23.3500,23.4950,22.8050,23.0150,23774200,13.3036
2008-11-05,22.8600,23.2200,22.3000,22.3650,23496800,12.9279
2008-11-06,22.3750,22.7300,21.9300,22.2450,34002800,12.8586
2008-11-07,22.4200,23.4600,22.2450,23.1250,29180800,13.3672
2008-11-10,23.4350,23.6450,22.5550,22.9500,22561600,13.2661
2008-11-11,22.7950,22.8900,21.9650,22.2200,27487000,12.8441
2008-11-12,21.8450,22.2850,21.4050,21.9150,35027800,12.6678
2008-11-13,21.9250,23.1850,21.6600,23.1400,37546800,13.3759
2008-11-14,22.7950,23.5900,22.4900,22.5100,33382200,13.0117
2008-11-17,22.3100,22.4650,21.6000,21.9850,30672000,12.7083
2008-11-18,21.6600,21.8750,21.0150,21.7450,38923200,12.5695
2008-11-19,21.8250,22.3000,21.1050,21.1350,32379800,12.2169
2008-11-20,21.0000,21.8800,20.5000,20.5350,42268800,11.8701
2008-11-21,20.8200,22.1450,20.2500,22.0000,50104800,12.7169
2008-11-24,22.2450,23.0550,21.8500,22.6150,36720800,13.0724
2008-11-25,22.9150,23.2550,22.1300,22.5350,32370600,13.0262
2008-11-26,22.1300,22.7250,21.8750,22.6900,21349000,13.2273
2008-11-28,22.6000,23.4550,22.6000,23.4350,12565600,13.6616
2008-12-01,23.0950,23.2550,22.1500,22.1650,25153200,12.9213
2008-12-02,22.5100,22.5100,21.4700,21.9650,28670000,12.8047
2008-12-03,21.8350,23.2000,21.7500,23.0700,39894200,13.4488
2008-12-04,22.7850,23.2850,22.1050,22.3750,32059200,13.0437
2008-12-05,22.1650,23.0450,21.7100,22.9900,28276200,13.4022
2008-12-08,23.2450,23.5300,22.7200,22.9900,26908400,13.4022
2008-12-09,22.7650,23.2750,22.1900,22.4150,26635000,13.0670
2008-12-10,22.2350,22.9400,22.2350,22.6550,29363800,13.2069
2008-12-11,22.5900,22.8200,21.9500,22.1100,33283400,12.8892
2008-12-12,21.8750,22.3200,21.5000,22.2850,30458000,12.9912
2008-12-15,22.4400,22.6350,21.9200,22.4850,20399200,13.1078
2008-12-16,22.6350,23.3950,22.3650,23.2300,35063000,13.5421
2008-12-17,23.0400,23.2250,22.5050,22.7400,26407400,13.2565
2008-12-18,23.0350,23.2250,22.3850,22.5900,31094400,13.1690
2008-12-19,22.7250,23.0050,22.0900,22.2150,50547600,12.9504
2008-12-22,22.3650,22.4050,22.0000,22.3300,22376800,13.0174
2008-12-23,22.3650,22.5650,21.9300,21.9850,20176200,12.8163
2008-12-24,22.0250,22.1750,22.0000,22.0500,5316600,12.8542
2008-12-26,22.2050,22.4650,22.1350,22.2900,9626600,12.9941
2008-12-29,22.4300,22.4300,21.8600,22.2050,13950600,12.9446
2008-12-30,22.3100,22.5700,22.2700,22.4650,16001800,13.0961
2008-12-31,22.5850,22.7500,22.5300,22.6350,15550400,13.1952
2009-01-02,22.7000,23.0000,22.5200,22.9500,16355800,13.3789
2009-01-05,22.7850,22.9450,22.5900,22.7200,20237200,13.2448
2009-01-06,22.8500,22.9850,22.2300,22.3550,21307800,13.0320
2009-01-07,22.1100,22.5900,22.1100,22.4650,21581000,13.0961
2009-01-08,22.4200,22.6400,22.2800,22.6200,20087000,13.1865
2009-01-09,22.6150,22.6300,22.1250,22.3000,19802400,13.0000
2009-01-12,22.2300,22.3350,21.7550,21.8650,20469800,12.7464
2009-01-13,21.9000,22.1600,21.8100,22.0100,22602400,12.8309
2009-01-14,21.7500,21.7650,21.1350,21.3100,27053600,12.4228
2009-01-15,21.2850,21.6950,21.2000,21.6800,28061600,12.6385
2009-01-16,21.9500,22.2400,21.7350,21.9200,28353200,12.7784
2009-01-20,21.8900,22.2500,21.4400,21.4400,28331800,12.4986
2009-01-21,21.7000,21.7250,21.0800,21.6450,23800600,12.6181
2009-01-22,21.3200,21.6150,21.1500,21.5600,23489400,12.5686
2009-01-23,21.3250,21.3300,20.7800,21.1000,31255800,12.3004
2009-01-26,21.1500,21.6900,21.0600,21.5150,25210800,12.5423
2009-01-27,21.6400,21.9650,21.5000,21.6650,19822800,12.6298
2009-01-28,22.0000,22.0000,21.6250,21.9300,18563600,12.7843
2009-01-29,21.8500,22.2450,21.6700,21.7750,21258400,12.6939
2009-01-30,21.7200,21.8400,21.2650,21.3600,22607400,12.4520
2009-02-02,21.1050,21.2500,20.7650,21.1200,15966800,12.3121
2009-02-03,21.2500,21.7500,20.9900,21.6600,17950000,12.6269
2009-02-04,21.6750,21.7750,21.1400,21.2000,18307000,12.3587
2009-02-05,21.1100,21.4450,20.9550,21.3450,22119800,12.4432
2009-02-06,21.3650,21.8450,21.3300,21.7750,18722400,12.6939
2009-02-09,21.6600,21.6800,21.0000,21.1550,19688400,12.3325
2009-02-10,21.0050,21.1550,20.1400,20.3350,45488000,11.8544
2009-02-11,20.4800,20.7950,20.4800,20.6350,21237400,12.0293
2009-02-12,21.3250,22.2250,21.0750,22.1950,61226200,12.9387
2009-02-13,22.1000,22.1900,21.8450,21.9250,22736400,12.7813
2009-02-17,21.5000,21.5950,21.2200,21.3000,26421200,12.4170
2009-02-18,21.3900,21.5200,21.1250,21.3400,18108200,12.4403
2009-02-19,21.5550,21.8600,21.3400,21.6500,19813000,12.6210
2009-02-20,21.4850,21.7350,21.1900,21.4200,30173200,12.4869
2009-02-23,21.5100,21.5950,20.9600,21.0450,23461400,12.2683
2009-02-24,21.3600,21.6000,21.0950,21.5300,26216000,12.5511
2009-02-25,21.4700,21.6400,21.0800,21.1850,26349400,12.3499
2009-02-26,21.3850,21.3850,20.5050,20.5350,21334000,11.9710
2009-02-27,20.4800,20.6450,20.2250,20.4250,35448000,11.9069
2009-03-02,20.2250,20.3600,19.8100,19.8450,31199000,11.5688
2009-03-03,19.9050,20.1500,19.3800,19.4150,37264600,11.3181
2009-03-04,19.6250,20.1600,19.4200,19.8650,33883400,11.5804
2009-03-05,19.5800,19.7200,18.7200,18.9250,36464600,11.0325
2009-03-06,19.0750,19.6050,19.0500,19.5500,33002400,11.3968
2009-03-09,19.7400,19.9350,19.3650,19.3750,35127400,11.2948
2009-03-10,19.8150,19.8350,19.3250,19.5800,35181400,11.4143
2009-03-11,19.5800,19.9750,19.5250,19.7850,27254000,11.6559
2009-03-12,19.7900,20.4300,19.6750,20.4200,25473600,12.0299
2009-03-13,20.5400,20.7250,20.2150,20.6100,24396800,12.1419
2009-03-16,20.7300,21.0050,20.5600,20.6350,23204000,12.1566
2009-03-17,20.6700,20.8350,20.4100,20.7250,20241600,12.2096
2009-03-18,20.6500,21.1250,20.5000,20.8250,28792800,12.2685
2009-03-19,20.9250,21.1250,20.9000,21.0900,22777600,12.4247
2009-03-20,21.1600,21.5700,21.1550,21.3200,38328800,12.5602
2009-03-23,21.5800,22.0700,21.5000,22.0700,26501400,13.0020
2009-03-24,21.8000,22.1700,21.7050,22.0100,21878800,12.9667
2009-03-25,22.2000,22.4450,22.0150,22.3750,24485400,13.1817
2009-03-26,22.4750,22.5000,21.9100,22.4250,27807800,13.2111
2009-03-27,22.2150,22.6000,22.2150,22.5500,23103600,13.2848
2009-03-30,22.2500,22.3300,21.7150,21.9600,22905800,12.9372
2009-03-31,22.1350,22.3600,21.9300,21.9750,23836600,12.9460
2009-04-01,21.8800,22.4950,21.7500,22.4300,21254800,13.2141
2009-04-02,22.6500,22.9150,22.3250,22.6700,24926400,13.3555
2009-04-03,22.6850,22.8800,22.2400,22.4850,17886600,13.2465
2009-04-06,22.3500,22.6150,22.2700,22.4950,16084000,13.2524
2009-04-07,22.4200,22.5850,22.2300,22.3100,15666200,13.1434
2009-04-08,22.3450,22.5700,22.2600,22.4950,13595600,13.2524
2009-04-09,22.8550,22.8650,22.4100,22.4950,16203000,13.2524
2009-04-13,22.4750,22.4850,22.2000,22.3650,13174400,13.1758
2009-04-14,22.3000,22.3000,21.9050,22.1050,16458200,13.0226
2009-04-15,22.1000,22.5600,22.0500,22.5150,16665600,13.2642
2009-04-16,22.6850,22.7550,22.1700,22.5500,17325600,13.2848
2009-04-17,22.6250,22.7200,22.3300,22.5100,22426000,13.2612
2009-04-20,22.4250,22.5000,21.9050,22.1650,27665400,13.0580
2009-04-21,22.0800,22.4750,21.3100,21.5450,37523000,12.6927
2009-04-22,21.6000,21.6100,21.3000,21.4650,28969200,12.6456
2009-04-23,21.5350,21.5750,21.3450,21.4600,28034600,12.6426
2009-04-24,21.4750,21.5450,21.2850,21.3950,29316200,12.6043
2009-04-27,21.2100,21.4850,21.0400,21.1200,23763600,12.4423
2009-04-28,21.0550,21.2750,21.0000,21.1400,18167600,12.4541
2009-04-29,21.1850,21.5450,21.1800,21.3550,20426400,12.5808
2009-04-30,21.5650,22.0350,21.4000,21.5250,35959200,12.6809
2009-05-01,21.5700,21.6050,21.0900,21.2350,21220200,12.5101
2009-05-04,21.3000,21.6200,21.1150,21.5850,26789000,12.7163
2009-05-05,21.6600,21.8750,21.5100,21.5700,22393600,12.7074
2009-05-06,21.7500,21.7950,21.3750,21.4700,19488600,12.6485
2009-05-07,21.6600,21.6600,21.2850,21.4000,27057600,12.6073
2009-05-08,21.4750,21.5850,21.2550,21.4600,24158600,12.6426
2009-05-11,21.3650,21.5950,21.2700,21.3750,18437800,12.5926
2009-05-12,21.4800,22.3450,21.4300,22.2000,37052200,13.0786
2009-05-13,22.0150,22.1950,21.7200,21.8150,23717800,12.8518
2009-05-14,21.9600,22.5850,21.9550,22.4500,34590000,13.2259
2009-05-15,22.4150,22.5400,22.3150,22.4800,34102200,13.2435
2009-05-18,22.5700,23.0600,22.3400,23.0350,28462000,13.5705
2009-05-19,23.0700,23.4650,22.9100,23.3200,31889400,13.7384
2009-05-20,23.4050,23.6450,23.2700,23.5000,33379200,13.8444
2009-05-21,23.3200,23.4100,23.2000,23.3400,28366400,13.7502
2009-05-22,23.3350,23.8550,23.3200,23.6500,24576400,13.9328
2009-05-26,23.5000,23.7400,23.4400,23.6050,28784800,13.9063
2009-05-27,23.5650,23.5950,23.2700,23.3150,19064800,13.7355
2009-05-28,23.3250,23.6000,23.1800,23.4500,18940200,13.8150
2009-05-29,23.5050,24.5800,23.4750,24.5800,45436800,14.4807
2009-06-01,24.6250,24.7250,24.3600,24.5100,42668400,14.4395
2009-06-02,24.5050,24.9650,24.4400,24.8300,33442000,14.6280
2009-06-03,24.6700,24.7500,24.3850,24.5450,26862800,14.4601
2009-06-04,24.5700,24.8950,24.3550,24.8800,21710200,14.6574
2009-06-05,24.9550,24.9700,24.6150,24.7200,19833400,14.5632
2009-06-08,24.6150,24.8150,24.4050,24.6900,15849400,14.5455
2009-06-09,24.7550,24.8000,24.4300,24.5450,20304400,14.4601
2009-06-10,24.6500,24.6800,24.0250,24.2050,28236200,14.2598
2009-06-11,24.0600,24.6050,24.0400,24.2900,20569000,14.4321
2009-06-12,24.3400,24.5200,24.2400,24.4450,17240800,14.5242
2009-06-15,24.3050,24.3300,24.0500,24.0550,17630000,14.2925
2009-06-16,24.0950,24.1650,23.9100,23.9150,15866200,14.2093
2009-06-17,23.9400,24.3200,23.9200,23.9650,16653800,14.2390
2009-06-18,23.9950,24.8200,23.9800,24.7750,24154600,14.7203
2009-06-19,24.8650,24.9450,24.3550,24.4050,30718400,14.5004
2009-06-22,24.2600,24.4050,23.9950,23.9950,21359600,14.2568
2009-06-23,24.0950,24.2650,23.8750,23.9000,18727000,14.2004
2009-06-24,24.0600,24.2450,23.6800,23.7500,17777000,14.1112
2009-06-25,23.7100,24.0150,23.5900,23.9250,20630200,14.2152
2009-06-26,23.8600,24.1450,23.8150,24.0650,26200600,14.2984
2009-06-29,24.0700,24.2500,24.0600,24.1450,17526600,14.3459
2009-06-30,24.1050,24.1250,23.9050,23.9950,31447400,14.2568
2009-07-01,24.2400,24.8000,24.2050,24.5900,24212400,14.6103
2009-07-02,24.3850,24.7150,24.3850,24.4400,22199200,14.5212
2009-07-06,24.3400,24.5250,24.1900,24.5000,16671800,14.5569
2009-07-07,24.3650,24.5850,24.2750,24.3200,17109000,14.4499
2009-07-08,24.2750,24.4400,24.0850,24.2550,21321000,14.4113
2009-07-09,24.3600,24.4250,24.2550,24.3550,17427000,14.4707
2009-07-10,24.2500,24.4350,24.0100,24.1550,15619200,14.3519
2009-07-13,24.1900,24.5900,24.0500,24.5250,20608400,14.5717
2009-07-14,24.5100,24.6750,24.3700,24.6450,15369200,14.6430
2009-07-15,24.7350,25.2900,24.6950,25.2650,20127200,15.0114
2009-07-16,25.1750,25.4400,25.0800,25.3950,15817800,15.0886
2009-07-17,25.1550,25.2750,25.0150,25.1600,19808400,14.9490
2009-07-20,25.3050,25.5150,25.0350,25.5150,19104800,15.1599
2009-07-21,25.4150,25.4150,24.9000,25.1750,28738600,14.9579
2009-07-22,25.1600,25.1700,24.4250,24.5650,28358800,14.5955
2009-07-23,24.5650,25.0100,24.4400,24.5900,26749000,14.6103
2009-07-24,24.7050,24.8200,24.4200,24.6800,16574000,14.6638
2009-07-27,24.6800,24.7950,24.5750,24.7600,16257600,14.7113
2009-07-28,24.7150,24.8750,24.5000,24.6950,16079600,14.6727
2009-07-29,24.7100,24.9700,24.5450,24.6400,18125000,14.6400
2009-07-30,24.9100,25.2500,24.7750,24.8350,19436600,14.7559
2009-07-31,24.8200,25.1000,24.7500,24.9200,16822200,14.8064
2009-08-03,25.0150,25.0500,24.6500,24.8000,18436000,14.7351
2009-08-04,24.7800,25.0750,24.6750,24.7500,17580200,14.7054
2009-08-05,24.7550,24.7950,24.5000,24.5850,15010000,14.6074
2009-08-06,24.7050,24.7750,24.6000,24.6950,13811600,14.6727
2009-08-07,24.8300,24.8750,24.5850,24.6700,13305400,14.6579
2009-08-10,24.6300,24.7400,24.4900,24.7200,13499200,14.6876
2009-08-11,24.7100,24.7400,24.4750,24.5200,12509000,14.5687
2009-08-12,24.4800,24.5450,24.2150,24.2300,24894800,14.3964
2009-08-13,24.2150,24.3250,23.7100,24.0600,26560600,14.2954
2009-08-14,24.0250,24.2350,24.0000,24.2350,14806400,14.3994
2009-08-17,24.2200,24.3950,24.0600,24.3500,16211600,14.4677
2009-08-18,24.3750,24.4750,24.2400,24.3050,15516200,14.4410
2009-08-19,24.1600,24.7400,24.1600,24.6800,17039600,14.6638
2009-08-20,24.6950,24.7900,24.5600,24.7100,11873200,14.6816
2009-08-21,24.8000,24.9900,24.6250,24.9550,17650000,14.8272
2009-08-24,24.9000,24.9000,24.4050,24.5300,21742400,14.5747
2009-08-25,24.5600,24.5750,24.3450,24.3700,21427800,14.4796
2009-08-26,24.4100,24.6600,24.3500,24.5900,13591400,14.6103
2009-08-27,24.5900,24.8200,24.3800,24.7200,13884800,14.6876
2009-08-28,24.8100,24.8200,24.4600,24.5300,13716200,14.5747
2009-08-31,24.4200,24.6850,24.2500,24.3850,21321600,14.4885
2009-09-01,24.3600,24.6250,24.1900,24.2650,24552800,14.4172
2009-09-02,24.2750,25.1500,24.2750,24.9000,40824000,14.7945
2009-09-03,24.8150,24.9250,24.6150,24.7900,22579800,14.7292
2009-09-04,24.6500,25.0400,24.5250,24.9750,15117600,14.8391
2009-09-08,24.9700,25.3950,24.8600,25.2050,31283600,14.9757
2009-09-09,25.1950,25.4050,25.1200,25.3150,15813000,15.0411
2009-09-10,25.2650,25.4000,25.0800,25.2900,21545000,15.0262
2009-09-11,25.0650,25.8700,25.0000,25.7550,34130200,15.4276
2009-09-14,25.5400,26.2350,25.4550,26.0800,33162200,15.6223
2009-09-15,26.0400,26.2900,25.8250,26.2250,27725400,15.7091
2009-09-16,26.2200,26.4100,25.9500,26.3350,26104600,15.7750
2009-09-17,26.2500,26.7250,26.2100,26.7100,27358600,15.9996
2009-09-18,26.8400,27.0600,26.6500,26.8800,124169000,16.1015
2009-09-21,26.7400,26.8800,26.3900,26.5000,24711600,15.8738
2009-09-22,26.6550,26.6550,26.3650,26.4250,19425600,15.8289
2009-09-23,26.4700,26.5750,26.0850,26.2900,20835200,15.7481
2009-09-24,26.2900,26.5700,26.1150,26.1700,24283000,15.6762
2009-09-25,26.1650,26.6400,26.1350,26.4850,21737000,15.8649
2009-09-28,26.5150,26.8150,26.4500,26.5650,15193400,15.9128
2009-09-29,26.7000,26.7700,26.5950,26.6550,17321200,15.9667
2009-09-30,26.6600,26.9750,26.3000,26.8500,28275800,16.0835
2009-10-01,26.7000,26.8500,26.5200,26.5600,28071000,15.9098
2009-10-02,26.5300,27.0400,26.4550,26.9350,25169000,16.1344
2009-10-05,26.9050,27.0000,26.6500,26.9000,15554600,16.1135
2009-10-06,26.9050,27.3250,26.8300,27.1600,19109800,16.2692
2009-10-07,27.4300,27.6400,27.1600,27.4050,20761400,16.4160
2009-10-08,27.5050,27.5050,27.1600,27.2950,18030400,16.3501
2009-10-09,27.3350,27.4500,27.1250,27.3250,11828400,16.3680
2009-10-12,27.4150,27.6250,27.2650,27.3950,16013800,16.4100
2009-10-13,27.3850,27.4800,27.2750,27.4000,11937400,16.4130
2009-10-14,27.4600,27.5150,27.2950,27.4200,16081000,16.4249
2009-10-15,27.3650,27.6050,27.1750,27.4600,24241800,16.4489
2009-10-16,27.4600,27.6000,27.3450,27.5050,22090800,16.4759
2009-10-19,27.5700,27.7500,27.3350,27.3950,20656000,16.4100
2009-10-20,26.7950,27.0750,26.5900,27.0350,26859600,16.1943
2009-10-21,26.9100,27.3450,26.8500,27.0350,16511200,16.1943
2009-10-22,26.7900,27.1350,26.7050,27.0750,16361000,16.2183
2009-10-23,26.9550,27.0750,26.5600,26.6200,21709400,15.9457
2009-10-26,26.5400,27.1500,26.3550,26.6150,21567600,15.9427
2009-10-27,26.6200,26.9600,26.5450,26.7300,14735200,16.0116
2009-10-28,26.6250,27.0000,26.6150,26.7550,16017200,16.0266
2009-10-29,26.7600,27.0550,26.5750,27.0450,14807000,16.2003
2009-10-30,27.0300,27.1350,26.5550,26.6550,21812200,15.9667
2009-11-02,26.7550,26.9600,26.5800,26.8600,18603600,16.0895
2009-11-03,26.8250,26.8400,26.3850,26.5600,16314800,15.9098
2009-11-04,26.7100,27.0000,26.5150,26.7450,14114400,16.0206
2009-11-05,26.7550,27.2400,26.7250,27.2000,16305800,16.2932
2009-11-06,26.9850,27.2500,26.9050,27.2450,10680400,16.3201
2009-11-09,27.2950,27.7500,27.0850,27.7400,19230400,16.6166
2009-11-10,27.6750,28.0950,27.6250,27.9050,16139400,16.7155
2009-11-11,28.0300,28.1350,27.8700,28.0650,14304600,16.8113
2009-11-12,28.0550,28.1900,27.9250,27.9700,15196000,16.7544
2009-11-13,28.0300,28.3500,27.9500,28.2300,23351000,16.9101
2009-11-16,28.3250,28.5450,28.2150,28.3700,16239400,16.9940
2009-11-17,28.3200,28.4600,28.2250,28.4350,11344000,17.0329
2009-11-18,28.4650,28.5000,28.1450,28.2900,15253200,16.9461
2009-11-19,28.1200,28.4900,28.0200,28.4400,18154400,17.0359
2009-11-20,28.3450,28.8450,28.3450,28.7400,20697600,17.2156
2009-11-23,28.8550,29.1750,28.8550,29.1200,18542400,17.4433
2009-11-24,29.2150,29.2150,28.9300,29.0950,15581400,17.4283
2009-11-25,29.1850,29.1850,28.9950,29.0550,13380600,17.4043
2009-11-27,28.4900,28.7650,28.2000,28.5900,15675400,17.2475
2009-11-30,28.6450,28.6600,28.4000,28.6000,18884800,17.2535
2009-12-01,28.7950,29.1300,28.6900,29.0400,15359800,17.5190
2009-12-02,28.9150,29.1000,28.8400,28.9800,13599400,17.4827
2009-12-03,29.0450,29.0450,28.5800,28.6350,20241800,17.2746
2009-12-04,28.8000,29.0150,28.4050,28.7450,24927200,17.3410
2009-12-07,28.4800,29.0500,28.3500,28.9350,16705400,17.4556
2009-12-08,28.7650,28.8700,28.5350,28.8400,18290800,17.3983
2009-12-09,28.7250,28.9250,28.5150,28.9150,19494600,17.4435
2009-12-10,28.9900,29.4600,28.9600,29.2900,30755400,17.6698
2009-12-11,29.3000,29.7000,29.3000,29.5550,30435600,17.8296
2009-12-14,29.5550,29.7250,29.4600,29.5200,16670200,17.8085
2009-12-15,29.5750,29.5950,29.4250,29.5300,15299800,17.8146
2009-12-16,29.4750,29.6000,29.1900,29.2100,19605000,17.6215
2009-12-17,29.1300,29.1350,28.4700,28.4900,25472000,17.1872
2009-12-18,28.6300,28.6300,28.1550,28.4600,37737800,17.1691
2009-12-21,28.5100,28.8050,28.4500,28.5900,14616200,17.2475
2009-12-22,28.5750,28.7900,28.5450,28.6350,12111800,17.2746
2009-12-23,28.6000,28.7500,28.4950,28.6450,10937600,17.2807
2009-12-24,28.7450,28.7550,28.5250,28.7200,5814200,17.3259
2009-12-28,28.7050,28.7900,28.6400,28.7200,7679600,17.3259
2009-12-29,28.7250,28.9850,28.7250,28.8700,9551000,17.4164
2009-12-30,28.8700,28.9500,28.7400,28.8400,9625200,17.3983
2009-12-31,28.7900,28.8750,28.4650,28.5000,10848800,17.1932
2010-01-04,28.5800,28.6100,28.4500,28.5200,13870400,17.2052
2010-01-05,28.4250,28.4950,28.0700,28.1750,23172400,16.9971
2010-01-06,28.1750,28.2200,27.9900,28.1650,19264600,16.9911
2010-01-07,28.1650,28.1850,27.8750,28.0950,13234600,16.9489
2010-01-08,27.7300,27.8200,27.3750,27.5750,28712400,16.6352
2010-01-11,27.5750,28.2250,27.4000,28.1350,28642400,16.9730
2010-01-12,28.0450,28.5000,28.0300,28.4400,23269800,17.1570
2010-01-13,28.4300,28.7150,28.3450,28.5150,15157400,17.2022
2010-01-14,28.5200,28.6250,28.3850,28.5650,12392600,17.2324
2010-01-15,28.4750,28.6750,28.0200,28.1450,27460800,16.9790
2010-01-19,28.1100,28.2450,27.9600,28.2100,14615400,17.0182
2010-01-20,28.0800,28.1950,27.6450,27.7500,18810200,16.7407
2010-01-21,27.7750,27.7900,27.0950,27.1850,27396800,16.3999
2010-01-22,27.1750,27.4300,26.9900,27.1200,23551400,16.3607
2010-01-25,27.2450,27.2700,26.9400,27.1750,16853200,16.3939
2010-01-26,27.0350,27.2500,26.9350,27.0700,15515000,16.3305
2010-01-27,27.0000,27.3300,26.8500,27.2550,20414800,16.4421
2010-01-28,27.3550,27.4200,27.0650,27.0900,20905200,16.3426
2010-01-29,27.2200,27.4700,26.9500,27.1250,22146800,16.3637
2010-02-01,27.2550,27.2800,27.0000,27.1900,14517600,16.4029
2010-02-02,27.2650,27.6050,27.0750,27.5250,16888600,16.6050
2010-02-03,27.4600,27.4800,27.2650,27.4350,15899400,16.5507
2010-02-04,27.2750,27.3400,26.7000,26.7150,21342800,16.1163
2010-02-05,26.6200,26.7150,26.2650,26.5450,29285000,16.0138
2010-02-08,26.6350,26.6350,26.2850,26.3250,16721200,15.8811
2010-02-09,26.8450,27.4900,26.6850,27.0050,31495000,16.2913
2010-02-10,27.3000,27.3000,26.5850,26.8950,18717600,16.2249
2010-02-11,26.8000,27.1650,26.6350,27.1100,26327200,16.3546
2010-02-12,26.9600,27.2000,26.8100,26.9900,24640000,16.2822
2010-02-16,27.2550,27.4100,26.9650,27.4100,19339400,16.5356
2010-02-17,27.4050,27.7750,27.3800,27.6650,17064600,16.6895
2010-02-18,27.5750,27.9600,27.5750,27.9550,17264600,16.8644
2010-02-19,27.9000,27.9500,27.5900,27.8600,18944800,16.8071
2010-02-22,27.9000,27.9300,27.6350,27.6900,13487600,16.7045
2010-02-23,27.7050,27.8000,27.3950,27.4150,14835600,16.5386
2010-02-24,27.5000,27.5900,27.3450,27.5800,14470600,16.6382
2010-02-25,26.5700,26.7900,26.3050,26.5600,63648600,16.0228
2010-02-26,26.5450,26.5450,26.1150,26.3600,63095400,15.9022
2010-03-01,26.6100,26.6850,26.3950,26.6350,39449800,16.0681
2010-03-02,26.6900,26.8450,26.5750,26.6500,24506200,16.0771
2010-03-03,26.6500,27.0600,26.5900,26.9650,26574200,16.2672
2010-03-04,27.3500,27.5200,27.1600,27.2350,28983200,16.4301
2010-03-05,27.3450,27.4750,27.1800,27.3500,24238600,16.4994
2010-03-08,27.3600,27.4350,27.1600,27.2300,18915600,16.4270
2010-03-09,27.1700,27.2950,26.9750,27.0900,23070000,16.3426
2010-03-10,27.1300,27.1850,27.0200,27.1000,21574800,16.3486
2010-03-11,26.8900,26.8900,26.5000,26.8000,29130600,16.2999
2010-03-12,26.8450,26.8850,26.6300,26.6750,22334400,16.2239
2010-03-15,26.8650,26.9200,26.6850,26.8250,23874000,16.3152
2010-03-16,26.9000,26.9350,26.7850,26.8500,22287800,16.3304
2010-03-17,26.9100,26.9950,26.8000,26.9200,26074400,16.3729
2010-03-18,26.9500,27.0200,26.8700,26.9750,23496200,16.4064
2010-03-19,27.3750,27.5300,26.8000,27.3750,43610800,16.6497
2010-03-22,27.2450,27.4250,27.2000,27.2700,18127400,16.5858
2010-03-23,27.3550,27.6700,27.2050,27.6500,19081200,16.8169
2010-03-24,27.6100,27.6800,27.3050,27.3100,17052600,16.6101
2010-03-25,27.4550,27.5900,27.3250,27.4000,16638800,16.6649
2010-03-26,27.3950,27.4850,27.2500,27.3250,16276800,16.6193
2010-03-29,27.4000,27.4800,27.3350,27.3850,13853600,16.6558
2010-03-30,27.4500,27.5250,27.3050,27.4350,13631600,16.6862
2010-03-31,27.3950,27.6450,27.2500,27.5000,22922000,16.7257
2010-04-01,27.6800,27.7150,27.5650,27.6500,14346000,16.8169
2010-04-05,27.7800,27.7800,27.3250,27.4300,19191800,16.6831
2010-04-06,27.4200,27.4200,27.1100,27.1450,17604200,16.5098
2010-04-07,27.1500,27.1500,26.7800,26.9100,24060800,16.3669
2010-04-08,26.8900,26.8900,26.7200,26.8800,19466800,16.3486
2010-04-09,26.9550,27.3050,26.9250,27.2950,20640600,16.6010
2010-04-12,27.3250,27.4300,27.2550,27.3800,16930400,16.6527
2010-04-13,27.3400,27.5400,27.3250,27.5100,15055000,16.7318
2010-04-14,27.5150,27.5300,27.3250,27.4750,13865200,16.7105
2010-04-15,27.3800,27.3850,27.0650,27.1300,20351000,16.5007
2010-04-16,27.1150,27.5700,27.0850,27.4850,35075600,16.7166
2010-04-19,27.4900,27.6600,27.4600,27.6600,26468600,16.8230
2010-04-20,27.6100,27.6450,27.1600,27.2350,32508800,16.5645
2010-04-21,27.2850,27.2900,27.0000,27.0950,19263200,16.4794
2010-04-22,27.0700,27.2550,27.0000,27.1550,20295600,16.5159
2010-04-23,27.2300,27.2300,26.8700,26.9400,21675400,16.3851
2010-04-26,27.0000,27.1750,26.8650,26.8650,17890800,16.3395
2010-04-27,26.8300,26.9300,26.4200,26.4350,27600400,16.0780
2010-04-28,26.5050,26.7850,26.2800,26.6800,24754600,16.2270
2010-04-29,26.8100,27.0950,26.7800,26.8700,17437600,16.3425
2010-04-30,26.8100,26.9800,26.7000,26.7250,19349600,16.2543
2010-05-03,26.8550,26.9750,26.6350,26.8800,16123400,16.3486
2010-05-04,26.6950,26.9000,26.5250,26.5900,23282800,16.1722
2010-05-05,26.7150,26.9500,26.6000,26.8300,23670400,16.3182
2010-05-06,26.8350,27.1000,25.6050,26.1500,47912000,15.9046
2010-05-07,26.0950,26.4200,25.7700,26.3350,43535600,16.0171
2010-05-10,26.9250,27.0450,26.6250,27.0200,35311400,16.4338
2010-05-11,26.8100,27.0350,26.7500,26.8050,23165200,16.3030
2010-05-12,26.9000,27.0500,26.7100,27.0100,24005400,16.4277
2010-05-13,26.9750,27.0000,26.7250,26.7450,19319800,16.2665
2010-05-14,26.6800,26.8250,26.4300,26.6700,25868200,16.2209
2010-05-17,26.7400,26.7750,26.4250,26.7050,17393400,16.2422
2010-05-18,26.8500,26.8600,26.5400,26.5500,20435600,16.1479
2010-05-19,26.5000,26.6750,26.2300,26.5600,21119200,16.1540
2010-05-20,26.2500,26.2500,25.7650,25.7700,29290400,15.6735
2010-05-21,25.4200,25.8600,25.1500,25.7950,34233400,15.6887
2010-05-24,25.6050,25.9350,25.5100,25.7300,16832600,15.6492
2010-05-25,25.1850,25.3650,24.9700,25.3100,28693800,15.3937
2010-05-26,25.4150,25.4400,24.9700,25.0400,32607800,15.2295
2010-05-27,25.3050,25.6250,25.1300,25.6150,22663600,15.5792
2010-05-28,25.5900,25.9750,25.5000,25.7000,23577000,15.6309
2010-06-01,25.5600,26.0550,25.3650,25.6450,24274800,15.5975
2010-06-02,25.7700,26.2050,25.5850,26.2050,18742200,15.9381
2010-06-03,26.3350,26.5000,26.2250,26.3750,23564400,16.0415
2010-06-04,26.0700,26.0700,25.5100,25.6350,23942800,15.5914
2010-06-07,25.6150,25.7500,25.3850,25.4000,20177800,15.4485
2010-06-08,25.3950,25.9100,25.2600,25.7800,22429800,15.6796
2010-06-09,25.7800,25.9250,25.5850,25.6750,17645800,15.6157
2010-06-10,25.9300,26.2500,25.9300,26.2250,18790000,15.9502
2010-06-11,25.8550,25.8650,25.5650,25.8250,14946000,15.8398
2010-06-14,25.9700,25.9850,25.7300,25.7550,13656400,15.7969
2010-06-15,25.9150,26.1000,25.7800,26.0900,16368600,16.0024
2010-06-16,25.9150,26.2200,25.8850,26.2000,16784800,16.0698
2010-06-17,26.2500,26.3500,26.0200,26.1800,20740200,16.0576
2010-06-18,26.1950,26.3650,26.1300,26.1550,28405800,16.0422
2010-06-21,26.4100,26.4900,26.1350,26.2400,18346400,16.0944
2010-06-22,26.2300,26.5400,26.2150,26.2300,20805000,16.0882
2010-06-23,26.2800,26.3250,26.0050,26.1200,20718000,16.0208
2010-06-24,26.0550,26.2400,25.8350,25.9000,17401400,15.8858
2010-06-25,25.8950,25.9650,25.1300,25.1300,57969600,15.4135
2010-06-28,25.3650,25.6900,25.3050,25.5400,23525400,15.6650
2010-06-29,25.2900,25.4750,25.0500,25.1650,23502600,15.4350
2010-06-30,25.1900,25.2900,25.0050,25.0600,21933800,15.3706
2010-07-01,25.1500,25.1500,24.7350,25.0150,26030800,15.3430
2010-07-02,25.1100,25.2300,24.9250,25.0250,16270200,15.3491
2010-07-06,25.2950,25.3400,25.0100,25.2150,18338200,15.4657
2010-07-07,25.2700,25.7950,25.1500,25.7350,23480000,15.7846
2010-07-08,25.8400,26.2200,25.7800,26.2100,21562600,16.0760
2010-07-09,26.1800,26.2450,26.0350,26.2000,12948000,16.0698
2010-07-12,26.0800,26.2350,25.9750,26.2250,10770600,16.0852
2010-07-13,26.3700,26.4750,26.3000,26.3600,13706400,16.1680
2010-07-14,26.2800,26.4600,26.2100,26.4100,12392600,16.1986
2010-07-15,26.3600,26.4750,26.1600,26.4250,14970600,16.2078
2010-07-16,26.3850,26.5400,26.1050,26.1850,19563800,16.0606
2010-07-19,26.2700,26.2850,26.0250,26.1350,11367400,16.0300
2010-07-20,25.9850,26.6800,25.9600,26.6200,19539000,16.3275
2010-07-21,26.7500,27.3950,26.6400,27.0400,36364000,16.5850
2010-07-22,27.0050,27.3400,26.9850,27.1300,20692000,16.6402
2010-07-23,27.1000,27.4150,26.9800,27.3750,16177400,16.7905
2010-07-26,27.4150,27.4900,27.3500,27.4700,13305800,16.8488
2010-07-27,27.4550,27.6250,27.4100,27.5250,17905400,16.8825
2010-07-28,27.5250,27.6000,27.3850,27.4400,12954800,16.8304
2010-07-29,27.5400,27.6550,27.3300,27.4950,18292600,16.8641
2010-07-30,27.3550,27.6450,27.2150,27.5550,16672600,16.9009
2010-08-02,27.9100,28.2450,27.8250,28.2050,32091200,17.2996
2010-08-03,28.1350,28.2650,28.0300,28.1900,15427400,17.2904
2010-08-04,28.2600,28.3500,28.1050,28.2750,11974400,17.3425
2010-08-05,28.2050,28.2100,27.9000,28.1850,15099800,17.2873
2010-08-06,28.0500,28.3950,27.8250,28.3750,18090600,17.4039
2010-08-09,28.1850,28.7000,28.1800,28.5550,18731000,17.5143
2010-08-10,28.3200,28.7000,28.2600,28.4900,15376000,17.4744
2010-08-11,28.1200,28.3750,27.9900,28.0200,24302000,17.1861
2010-08-12,27.7650,27.9350,27.6750,27.8450,18782800,17.0788
2010-08-13,27.8200,27.9900,27.6850,27.8650,14906800,17.0911
2010-08-16,27.7550,27.9650,27.5600,27.9400,13958400,17.1371
2010-08-17,28.0100,28.2100,27.7500,28.0600,18060600,17.2107
2010-08-18,28.0550,28.0600,27.8050,27.9200,16616800,17.1248
2010-08-19,27.8650,27.8650,27.4850,27.6400,18781400,16.9531
2010-08-20,27.4600,27.7200,27.4600,27.6500,19263200,16.9592
2010-08-23,27.7550,27.9350,27.7050,27.8000,15240000,17.0512
2010-08-24,27.5750,27.9700,27.5750,27.8300,24366400,17.0696
2010-08-25,27.7100,27.8550,27.5300,27.6950,15853800,16.9868
2010-08-26,27.7150,27.7600,27.4850,27.5800,14817400,16.9163
2010-08-27,27.7200,28.1000,27.5150,28.0800,19665600,17.2229
2010-08-30,28.1000,28.1200,27.7550,27.7750,10220000,17.0359
2010-08-31,27.6000,28.0200,27.5000,27.9400,18567800,17.1371
2010-09-01,28.1900,28.6600,28.1350,28.6550,24166000,17.5756
2010-09-02,28.7100,28.7100,28.4300,28.6900,14701200,17.5971
2010-09-03,28.6800,28.8000,28.5450,28.7800,14865400,17.6523
2010-09-07,28.7600,28.9050,28.7000,28.8150,14392200,17.6738
2010-09-08,28.8650,29.1050,28.8500,28.9150,18378800,17.7351
2010-09-09,29.1150,29.2450,28.9050,29.1450,18106600,17.8762
2010-09-10,29.1400,29.3200,29.0000,29.2600,18445600,17.9467
2010-09-13,29.2400,29.2500,28.8750,29.0150,18019600,17.9312
2010-09-14,28.9250,29.0600,28.7750,28.7950,20985200,17.7953
2010-09-15,28.6850,28.8000,28.6100,28.7100,17402400,17.7428
2010-09-16,28.7000,28.8400,28.6250,28.7550,16574000,17.7706
2010-09-17,28.8250,28.9900,28.7050,28.7800,19971200,17.7860
2010-09-20,28.8100,29.0000,28.7750,28.9850,14062200,17.9127
2010-09-21,28.9050,29.1000,28.8250,29.0550,14754000,17.9560
2010-09-22,29.0750,29.2600,29.0500,29.1150,15176000,17.9930
2010-09-23,29.0100,29.1450,28.8600,28.9350,12696000,17.8818
2010-09-24,29.1600,29.4000,29.1150,29.3100,13812000,18.1136
2010-09-27,29.3750,29.4300,29.2750,29.3000,10544400,18.1074
2010-09-28,29.2950,29.6150,29.1800,29.5500,19884000,18.2619
2010-09-29,29.5000,29.5000,29.2100,29.3800,15742000,18.1568
2010-09-30,29.4300,29.5800,29.1250,29.2600,15849600,18.0826
2010-10-01,29.5200,29.6200,29.2600,29.5600,16454400,18.2681
2010-10-04,29.4650,29.5200,29.2750,29.4400,11523800,18.1939
2010-10-05,29.5750,29.8600,29.5050,29.8300,20063000,18.4349
2010-10-06,29.8150,29.9050,29.6800,29.9000,14123400,18.4782
2010-10-07,29.8350,29.8400,29.6000,29.7200,14960800,18.3669
2010-10-08,29.7400,29.8500,29.5300,29.7050,16189400,18.3577
2010-10-11,29.7800,29.8100,29.6650,29.7800,12997000,18.4040
2010-10-12,29.6700,29.9000,29.6700,29.8000,16164400,18.4164
2010-10-13,29.8600,29.9850,29.8300,29.9700,24011000,18.5214
2010-10-14,29.9700,29.9900,29.8400,29.9550,14491600,18.5122
2010-10-15,29.9800,29.9900,29.8700,29.9700,19697600,18.5214
2010-10-18,29.9050,30.0000,29.9000,30.0000,19661800,18.5400
2010-10-19,29.9800,30.2350,29.9150,30.1700,35052800,18.6450
2010-10-20,30.1850,30.8400,30.1850,30.5750,32398000,18.8953
2010-10-21,30.5050,30.8750,30.5050,30.7350,23266400,18.9942
2010-10-22,30.7450,30.8700,30.7150,30.8050,9534600,19.0375
2010-10-25,30.6450,30.8750,30.4950,30.5050,21228200,18.8521
2010-10-26,30.3950,30.6850,30.3850,30.6200,15502200,18.9231
2010-10-27,30.5100,30.6000,30.1500,30.5950,19029400,18.9077
2010-10-28,30.6400,30.7800,30.4400,30.6050,16533600,18.9139
2010-10-29,30.5750,30.7500,30.5150,30.6600,14239600,18.9479
2010-11-01,30.6850,30.9750,30.6050,30.8550,17996800,19.0684
2010-11-02,30.9000,30.9700,30.8900,30.9300,13196000,19.1147
2010-11-03,30.9150,30.9750,30.6400,30.9750,15687400,19.1425
2010-11-04,30.9700,31.3250,30.9400,31.2250,27487000,19.2970
2010-11-05,31.2100,31.3250,31.0000,31.2900,16013800,19.3372
2010-11-08,31.2500,31.2850,31.1500,31.2300,11142200,19.3001
2010-11-09,31.2450,31.3550,31.1750,31.3200,16637600,19.3557
2010-11-10,31.2800,31.3200,31.1500,31.2750,18013800,19.3279
2010-11-11,31.2450,31.4000,31.1800,31.4000,16253600,19.4052
2010-11-12,31.3600,31.4800,31.1950,31.4600,20022800,19.4423
2010-11-15,31.4450,31.6650,31.4100,31.4800,22949400,19.4546
2010-11-16,31.4550,31.4900,30.9100,31.0400,23609000,19.1827
2010-11-17,31.0700,31.3600,31.0500,31.2600,16749200,19.3186
2010-11-18,31.4400,31.9750,31.4250,31.9200,41436000,19.7265
2010-11-19,31.8000,32.1650,31.7750,32.1600,40774800,19.8749
2010-11-22,32.0300,32.1550,31.7900,32.1350,33680600,19.8594
2010-11-23,31.9650,32.0000,31.6400,31.8100,17662200,19.6585
2010-11-24,31.9200,32.3150,31.9100,32.3050,16093000,19.9645
2010-11-26,32.0600,32.1850,32.0000,32.0550,9016800,19.8100
2010-11-29,31.7750,31.8250,31.4350,31.6950,22397800,19.7228
2010-11-30,31.4750,31.7900,31.4600,31.5850,23550600,19.6544
2010-12-01,31.9700,32.4000,31.9150,32.3500,20951600,20.1304
2010-12-02,32.3250,32.4800,32.2550,32.4500,22773600,20.1927
2010-12-03,32.4000,32.4700,32.2400,32.2500,20677800,20.0682
2010-12-06,32.1850,32.2450,31.9950,31.9950,22221600,19.9095
2010-12-07,32.1950,32.2850,32.0600,32.0700,19714600,19.9562
2010-12-08,32.0350,32.2200,32.0350,32.1950,18226600,20.0340
2010-12-09,32.3050,32.4550,32.2800,32.4150,19622400,20.1709
2010-12-10,32.4350,32.4500,32.1400,32.3250,17909400,20.1149
2010-12-13,32.1950,32.4850,32.1500,32.4250,18748400,20.1771
2010-12-14,32.4150,32.4400,31.8500,31.9500,27936800,19.8815
2010-12-15,31.9500,32.4750,31.8750,32.3700,26126600,20.1429
2010-12-16,32.4250,32.7150,32.3450,32.6700,28817200,20.3296
2010-12-17,32.5100,32.8750,32.4250,32.8500,29294200,20.4416
2010-12-20,32.7300,32.8700,32.5950,32.6550,18271400,20.3202
2010-12-21,32.6750,32.8000,32.5800,32.7450,18720200,20.3762
2010-12-22,32.7050,32.7950,32.5150,32.7950,15419800,20.4073
2010-12-23,32.7600,32.9400,32.7350,32.7900,13063600,20.4042
2010-12-27,32.7750,32.7750,32.5300,32.5350,9923800,20.2456
2010-12-28,32.5600,32.7150,32.5300,32.6800,9861600,20.3358
2010-12-29,32.6950,32.8300,32.6750,32.7250,8747200,20.3638
2010-12-30,32.7150,32.8000,32.6800,32.7500,9285800,20.3793
2010-12-31,32.6800,32.9000,32.6800,32.8850,10773400,20.4633
2011-01-03,32.9400,32.9400,32.5550,32.6100,18945600,20.2922
2011-01-04,32.5100,32.5950,31.9050,31.9350,27940400,19.8722
2011-01-05,31.8950,31.9750,31.4300,31.7450,34379000,19.7540
2011-01-06,31.8100,31.8300,31.4150,31.5150,21712400,19.6108
2011-01-07,31.3900,31.5000,31.2800,31.4600,16592800,19.5766
2011-01-10,31.3500,31.6000,31.2800,31.5300,14904600,19.6202
2011-01-11,31.6700,31.7100,31.3350,31.3450,15504000,19.5051
2011-01-12,31.6050,31.6800,31.3500,31.5200,14223200,19.6139
2011-01-13,31.6250,31.9300,31.5650,31.7000,17947600,19.7260
2011-01-14,31.6850,31.6850,31.4900,31.5650,12631400,19.6419
2011-01-18,31.6050,31.8700,31.5850,31.7400,16344000,19.7508
2011-01-19,31.8400,31.9600,31.5950,31.7100,18326800,19.7322
2011-01-20,31.8100,31.9400,31.3750,31.4650,20580000,19.5797
2011-01-21,31.5900,31.6000,31.3600,31.3850,16708200,19.5299
2011-01-24,31.4350,31.6350,31.3400,31.6250,15062800,19.6793
2011-01-25,31.6100,31.6550,31.2700,31.4800,18195800,19.5891
2011-01-26,31.5850,31.6450,31.4300,31.4800,13657000,19.5891
2011-01-27,31.5950,31.6050,31.3200,31.3500,13520400,19.5082
2011-01-28,31.4250,31.6400,31.0700,31.1050,23842400,19.3557
2011-01-31,31.1600,31.4250,30.9450,31.4250,15717800,19.5548
2011-02-01,31.4400,31.6600,31.4250,31.5250,16028000,19.6171
2011-02-02,31.5750,31.7400,31.2800,31.4300,15595200,19.5579
2011-02-03,31.3500,31.4900,31.0650,31.2850,12997400,19.4677
2011-02-04,31.3250,31.4300,31.1800,31.2800,9374600,19.4646
2011-02-07,31.3350,31.3350,31.1600,31.2600,12012800,19.4522
2011-02-08,31.2150,31.4600,31.1700,31.4350,13056800,19.5611
2011-02-09,32.0500,32.3750,31.4350,31.5750,29979600,19.6482
2011-02-10,31.5800,31.7700,31.4100,31.7700,18352400,19.7695
2011-02-11,31.6150,31.8300,31.5600,31.7850,19098000,19.7788
2011-02-14,31.8350,31.8750,31.5000,31.5700,12122600,19.6451
2011-02-15,31.4550,31.6100,31.2750,31.5950,16289200,19.6606
2011-02-16,31.5400,31.7450,31.4400,31.7000,12992800,19.7260
2011-02-17,31.6900,32.3600,31.6350,32.2750,18450600,20.0838
2011-02-18,32.3000,32.3250,32.0600,32.2750,24652400,20.0838
2011-02-22,31.6800,32.1350,31.6650,31.8800,17950200,19.8380
2011-02-23,31.8900,32.1700,31.8500,31.9550,18192200,19.8846
2011-02-24,32.1000,32.1850,31.8550,31.9400,17057000,19.8753
2011-02-25,31.8850,32.2000,31.8550,32.1550,11435400,20.0091
2011-02-28,32.0850,32.2400,31.9300,31.9600,19370000,19.8877
2011-03-01,32.1400,32.6250,32.1000,32.4550,31084000,20.1958
2011-03-02,32.2950,32.4100,32.0650,32.2150,20776000,20.0464
2011-03-03,32.3950,32.9400,32.3900,32.7850,29005800,20.4011
2011-03-04,32.6950,32.7750,32.3850,32.6050,23050800,20.2891
2011-03-07,32.6600,32.8700,32.2400,32.6100,23630000,20.2922
2011-03-08,32.7000,32.9200,32.6100,32.8200,20717600,20.4229
2011-03-09,32.7650,32.8400,32.6300,32.8100,14819200,20.4167
2011-03-10,32.6250,32.7700,32.4850,32.6450,17761800,20.3140
2011-03-11,32.4600,32.5550,32.2350,32.4050,12006400,20.3109
2011-03-14,32.1700,32.3050,31.7650,31.9700,17802600,20.0382
2011-03-15,31.4750,31.6350,31.1750,31.5150,25421200,19.7530
2011-03-16,31.3450,31.4350,30.6450,30.8000,31957200,19.3049
2011-03-17,31.2150,31.3950,30.9550,31.1400,20128800,19.5180
2011-03-18,31.4850,31.6500,31.2250,31.3500,23653000,19.6496
2011-03-21,31.5650,31.9300,31.5250,31.7850,12545600,19.9223
2011-03-22,31.8400,31.8850,31.6250,31.7550,8418800,19.9035
2011-03-23,31.6450,32.2650,31.6250,32.1350,12962600,20.1416
2011-03-24,32.2900,32.5350,32.2800,32.3450,13312800,20.2733
2011-03-25,32.4350,32.6950,32.4100,32.6100,12419400,20.4394
2011-03-28,32.6000,32.7450,32.5150,32.5150,11600200,20.3798
2011-03-29,32.6000,32.8650,32.5400,32.8600,11569600,20.5961
2011-03-30,32.8600,33.2450,32.8050,33.0200,18826200,20.6963
2011-03-31,32.9800,33.4250,32.9800,33.1700,17723000,20.7904
2011-04-01,33.4450,33.7400,33.3000,33.6100,18720200,21.0661
2011-04-04,33.6100,33.8950,33.5800,33.8300,13485600,21.2040
2011-04-05,33.7500,33.8850,33.6550,33.7350,12470200,21.1445
2011-04-06,33.7750,33.9100,33.6050,33.8150,14099800,21.1946
2011-04-07,33.7150,33.8750,33.4700,33.7200,12734600,21.1351
2011-04-08,33.6950,33.8200,33.4300,33.6350,11201800,21.0818
2011-04-11,33.6300,33.9200,33.4000,33.7000,14664000,21.1225
2011-04-12,33.4900,33.5650,33.2050,33.4500,16587400,20.9658
2011-04-13,33.6150,33.7350,33.4850,33.6400,8497400,21.0849
2011-04-14,33.6700,34.2350,33.5450,34.1550,23879600,21.4077
2011-04-15,34.1650,34.1750,33.9350,34.0050,17532200,21.3137
2011-04-18,33.7850,33.8250,33.3200,33.6550,16104600,21.0943
2011-04-19,33.6050,33.7500,33.4750,33.5450,10701800,21.0254
2011-04-20,33.9450,34.0250,33.8050,33.9250,12817800,21.2636
2011-04-21,33.9450,34.0850,33.7350,33.9400,10948800,21.2730
2011-04-25,33.9750,33.9900,33.6600,33.8700,10709200,21.2291
2011-04-26,33.3200,33.5150,32.9050,33.4650,32800000,20.9752
2011-04-27,33.6850,33.7100,33.2800,33.5000,16872600,20.9972
2011-04-28,33.4700,33.7250,33.3300,33.7050,14084400,21.1257
2011-04-29,33.7800,33.8850,33.6350,33.7300,14824200,21.1413
2011-05-02,33.8800,33.9300,33.7850,33.8600,12514200,21.2228
2011-05-03,33.8600,33.9500,33.7850,33.9400,10542400,21.2730
2011-05-04,33.9300,33.9650,33.6000,33.7300,13529000,21.1413
2011-05-05,33.8500,33.8700,33.2000,33.3500,14206200,20.9032
2011-05-06,33.7200,33.7900,33.3650,33.4500,17042600,20.9658
2011-05-09,33.4300,33.6400,33.4150,33.4750,8884200,20.9815
2011-05-10,33.5000,33.7300,33.4900,33.6700,11111800,21.1037
2011-05-11,33.6450,33.8350,33.4500,33.6600,11215400,21.0975
2011-05-12,33.6800,34.2150,33.5850,34.1550,17097400,21.4077
2011-05-13,34.1350,34.3850,34.0100,34.0900,16011000,21.3670
2011-05-16,34.0500,34.1150,33.8600,33.9150,12364600,21.2573
2011-05-17,33.8650,34.0900,33.7500,33.9950,13276400,21.3075
2011-05-18,34.0000,34.1750,33.8250,34.1500,13418000,21.4046
2011-05-19,34.2050,34.3500,34.0050,34.2300,12960200,21.4547
2011-05-20,34.1600,34.2600,33.9450,34.1500,12970600,21.4046
2011-05-23,33.7950,33.9500,33.5900,33.7450,13230200,21.1508
2011-05-24,33.8300,33.8900,33.6050,33.7350,10881000,21.1445
2011-05-25,33.6400,33.7500,33.4100,33.4550,13132000,20.9690
2011-05-26,33.3700,33.4550,33.1500,33.3500,14872400,20.9032
2011-05-27,33.4350,33.5750,33.2400,33.2550,9097400,20.8436
2011-05-31,33.4700,33.6200,33.3200,33.4050,20294000,20.9376
2011-06-01,33.3000,33.5900,33.3000,33.3800,14883000,20.9220
2011-06-02,33.3250,33.3800,32.8100,33.0200,14264200,20.6963
2011-06-03,32.6350,32.9150,32.6050,32.7650,12937800,20.5365
2011-06-06,32.7550,32.8850,32.6800,32.7100,10445400,20.5020
2011-06-07,32.7600,32.8550,32.5900,32.6000,11522000,20.4331
2011-06-08,32.6150,32.7650,32.5350,32.7000,11753000,20.4958
2011-06-09,32.7200,33.1600,32.6350,32.9450,13112000,20.6493
2011-06-10,32.8400,32.9100,32.6200,32.6950,14003200,20.4926
2011-06-13,32.5500,32.6250,32.3950,32.5600,19081600,20.5558
2011-06-14,32.7000,32.9200,32.6500,32.8050,14045000,20.7104
2011-06-15,32.7050,32.7500,32.3200,32.4850,16378400,20.5084
2011-06-16,32.4850,32.8800,32.4000,32.7450,15538800,20.6726
2011-06-17,32.9400,33.1150,32.8100,32.8100,21317400,20.7136
2011-06-20,32.6850,33.0700,32.6850,32.9150,11091800,20.7799
2011-06-21,33.0550,33.1450,32.8850,33.1300,14265000,20.9156
2011-06-22,33.1450,33.4100,33.0550,33.2000,15701200,20.9598
2011-06-23,32.9650,32.9850,32.2150,32.4900,26467800,20.5116
2011-06-24,32.5350,32.6900,32.3600,32.4650,32073800,20.4958
2011-06-27,32.4250,32.7300,32.4250,32.6050,14777600,20.5842
2011-06-28,32.7600,33.0500,32.6750,33.0150,12932400,20.8430
2011-06-29,33.0950,33.4150,33.0900,33.3550,17035400,21.0577
2011-06-30,33.4900,33.7450,33.4100,33.6450,15594600,21.2407
2011-07-01,33.5100,34.0450,33.5100,34.0450,16487000,21.4933
2011-07-05,34.0400,34.3950,34.0400,34.1500,14801200,21.5596
2011-07-06,34.1550,34.3750,34.1450,34.2650,11486000,21.6322
2011-07-07,34.4100,34.4450,34.2900,34.3750,12423400,21.7016
2011-07-08,34.1750,34.3400,34.0600,34.3400,12671600,21.6795
2011-07-11,33.8750,34.1400,33.8550,34.0500,14152400,21.4964
2011-07-12,33.9850,34.2200,33.8650,33.9250,13343400,21.4175
2011-07-13,34.0850,34.2150,33.8850,34.0300,14688000,21.4838
2011-07-14,33.9850,34.1650,33.6850,33.8350,15011200,21.3607
2011-07-15,33.9250,33.9350,33.6400,33.7650,17491600,21.3165
2011-07-18,33.6300,33.7150,33.2950,33.5600,14792000,21.1871
2011-07-19,33.8500,34.8900,33.7650,34.6600,37415400,21.8815
2011-07-20,34.6250,34.6700,34.4000,34.4350,15833800,21.7395
2011-07-21,34.4100,34.8100,34.2500,34.6700,22086600,21.8878
2011-07-22,34.7750,34.9100,34.7400,34.8650,13323200,22.0110
2011-07-25,34.5600,34.7800,34.5050,34.6300,13154800,21.8626
2011-07-26,34.6750,34.7300,34.5450,34.5950,11830600,21.8405
2011-07-27,34.3850,34.6250,34.2700,34.3450,18677600,21.6827
2011-07-28,34.3250,34.6400,34.3100,34.4050,15270200,21.7206
2011-07-29,34.1800,34.4250,33.9500,34.0050,20545600,21.4680
2011-08-01,34.2500,34.2550,33.5600,33.8650,17654200,21.3796
2011-08-02,33.7000,33.8050,33.5350,33.5350,18127600,21.1713
2011-08-03,33.5000,34.2800,33.4750,34.2000,28086000,21.5911
2011-08-04,33.8850,34.0650,32.8700,32.9100,32324800,20.7767
2011-08-05,33.1350,33.6300,32.5200,33.3850,43916600,21.0766
2011-08-08,33.0900,33.6050,32.4750,32.5600,50096800,20.5558
2011-08-09,32.9100,33.4350,31.7950,33.3400,43128400,21.0482
2011-08-10,33.1200,33.2500,31.8500,31.9800,38237200,20.1896
2011-08-11,32.0000,33.6550,31.9550,33.2350,38406600,20.9819
2011-08-12,33.3800,33.8750,33.2000,33.5700,20310400,21.1934
2011-08-15,33.7350,34.2100,33.6300,34.1000,23081600,21.5280
2011-08-16,33.8450,34.2400,33.7850,34.0850,21413800,21.5185
2011-08-17,34.2300,34.6750,34.0800,34.6400,23176000,21.8689
2011-08-18,34.1250,34.4700,33.5300,33.8800,39569000,21.3891
2011-08-19,33.7650,34.1400,33.4300,33.5500,30478200,21.1808
2011-08-22,34.0050,34.0300,33.5850,33.6350,19652800,21.2344
2011-08-23,33.7350,34.5300,33.6600,34.5300,23951200,21.7995
2011-08-24,34.4150,34.8550,34.2750,34.8400,19475400,21.9952
2011-08-25,34.8000,34.8000,33.8800,33.9850,25320000,21.4554
2011-08-26,33.9650,34.3850,33.3500,34.2500,19849600,21.6227
2011-08-29,34.4800,34.9250,34.4350,34.8650,17660600,22.0110
2011-08-30,34.8900,35.1400,34.7600,34.9300,31678000,22.0520
2011-08-31,34.9350,35.3850,34.8300,35.2250,22322800,22.2382
2011-09-01,35.0450,35.5500,34.8900,35.2250,23530000,22.2382
2011-09-02,34.8600,34.9950,34.7500,34.8700,17530000,22.0141
2011-09-06,33.7150,34.7700,33.6950,34.7150,25784600,21.9163
2011-09-07,35.0050,35.4250,34.9550,35.4000,21287400,22.3487
2011-09-08,35.3300,35.8850,35.2750,35.5850,24867600,22.4655
2011-09-09,35.3050,35.3250,34.3650,34.6850,32891200,21.8973
2011-09-12,34.2250,34.7700,34.1000,34.6900,29144200,21.9005
2011-09-13,34.4800,34.6650,34.2900,34.5500,21421800,21.9609
2011-09-14,34.6700,35.2500,34.2700,34.8850,22250000,22.1738
2011-09-15,34.9550,35.5100,34.9250,35.5100,21186000,22.5711
2011-09-16,35.6900,35.8400,35.5100,35.6150,34620600,22.6378
2011-09-19,35.0350,35.3450,34.9750,35.2450,28571200,22.4026
2011-09-20,35.3950,35.7400,35.2600,35.3250,18313400,22.4535
2011-09-21,35.4250,35.5350,34.6350,34.6400,23531000,22.0181
2011-09-22,33.6850,34.0750,33.3100,33.9100,36341000,21.5541
2011-09-23,33.6800,33.8550,33.4350,33.7100,24284400,21.4269
2011-09-26,34.0050,34.4450,33.8300,34.3800,24008200,21.8528
2011-09-27,35.0600,35.2050,34.6400,34.7850,22249200,22.1102
2011-09-28,34.9100,35.0800,33.9450,34.0300,19032600,21.6303
2011-09-29,34.4550,34.8200,34.0950,34.5250,21372600,21.9450
2011-09-30,34.2250,34.5500,33.7800,33.7800,25026200,21.4714
2011-10-03,33.2950,33.4600,32.5600,32.7100,38471200,20.7913
2011-10-04,32.4200,32.7150,31.6700,32.6150,30800000,20.7309
2011-10-05,32.7350,32.8000,32.2750,32.7650,23037800,20.8263
2011-10-06,32.9850,33.0000,32.2250,32.6950,25205400,20.7818
2011-10-07,33.2550,33.2550,32.6950,32.9500,18857800,20.9439
2011-10-10,33.2800,33.4650,33.0050,33.4500,12354400,21.2617
2011-10-11,33.3650,33.6000,33.2950,33.4000,11161000,21.2299
2011-10-12,33.6250,33.9850,33.3950,33.7400,17549600,21.4460
2011-10-13,33.6550,33.7900,33.4450,33.7000,12909400,21.4206
2011-10-14,34.1000,34.1000,33.6750,33.9250,13503000,21.5636
2011-10-17,33.9100,33.9250,33.4100,33.5000,20232800,21.2935
2011-10-18,33.6200,33.7450,33.2000,33.3700,23650600,21.2108
2011-10-19,33.4950,33.9100,33.4350,33.5150,15389400,21.3030
2011-10-20,33.7450,33.7900,33.2850,33.5600,13323600,21.3316
2011-10-21,33.9700,34.1600,33.7300,34.0950,23146600,21.6717
2011-10-24,34.2000,34.3250,33.8050,33.9350,13609200,21.5699
2011-10-25,33.9550,33.9650,33.4000,33.4750,14228200,21.2776
2011-10-26,33.6450,33.7700,33.2050,33.7350,16041200,21.4428
2011-10-27,34.4650,34.5450,34.0500,34.2850,26704600,21.7924
2011-10-28,34.2600,34.4900,34.1950,34.4650,17307400,21.9068
2011-10-31,34.3250,34.5250,34.1450,34.1600,18998600,21.7130
2011-11-01,33.5650,33.7500,33.3900,33.5200,23682800,21.3062
2011-11-02,33.7100,34.0300,33.6750,33.8850,14538600,21.5382
2011-11-03,34.0500,34.4100,34.0050,34.3250,17363400,21.8178
2011-11-04,33.9800,34.0750,33.6450,33.8900,15177200,21.5413
2011-11-07,33.8300,34.1350,33.6400,34.1050,12513800,21.6780
2011-11-08,34.1450,34.3600,33.9000,34.3250,12063600,21.8178
2011-11-09,33.9250,33.9950,33.4300,33.5150,18243400,21.3030
2011-11-10,33.8050,33.8750,33.4550,33.6950,16201600,21.4174
2011-11-11,33.9850,34.3050,33.9750,34.0600,12882400,21.6494
2011-11-14,33.8950,33.9850,33.7100,33.8950,9428600,21.5445
2011-11-15,33.8900,34.2250,33.7400,34.0000,12217600,21.6113
2011-11-16,33.8350,33.9000,33.4550,33.5050,17781400,21.2966
2011-11-17,33.4700,33.6950,33.0500,33.3100,17467200,21.1727
2011-11-18,33.6050,33.8550,33.4500,33.6950,18688400,21.4174
2011-11-21,33.3450,33.4400,32.6950,32.9750,18588200,20.9598
2011-11-22,32.8050,33.1800,32.7700,32.9850,11787600,20.9661
2011-11-23,32.7300,32.7500,32.4000,32.4350,14089600,20.6165
2011-11-25,32.5750,32.6800,32.3700,32.3700,7572600,20.5752
2011-11-28,32.6300,32.8750,32.3750,32.5850,21318200,20.7119
2011-11-29,32.5850,33.2500,32.5050,33.0950,21656200,21.1888
2011-11-30,33.6700,33.9800,33.3600,33.6150,25300400,21.5218
2011-12-01,33.5000,33.7900,33.3400,33.4150,15429000,21.3937
2011-12-02,33.7300,33.7750,33.0850,33.1900,21170400,21.2497
2011-12-05,33.4700,33.5950,32.9400,33.1550,17955200,21.2272
2011-12-06,33.2450,33.5100,33.0700,33.3400,16730800,21.3457
2011-12-07,33.2750,33.5350,33.1000,33.3900,16832800,21.3777
2011-12-08,33.3500,33.6200,33.2800,33.3650,16118200,21.3617
2011-12-09,33.5550,33.8750,33.4600,33.7850,18298200,21.6306
2011-12-12,33.6300,33.7500,33.1600,33.4450,13380200,21.4129
2011-12-13,33.5450,33.6350,33.1450,33.2400,14276200,21.2817
2011-12-14,33.1250,33.4550,33.0350,33.1300,15762200,21.2112
2011-12-15,33.4550,33.6950,33.3950,33.4450,13474600,21.4129
2011-12-16,33.7350,33.8600,33.6300,33.7200,23957200,21.5890
2011-12-19,33.7300,33.9350,33.6100,33.6850,11762000,21.5666
2011-12-20,33.9400,34.3200,33.9150,34.2000,15931000,21.8963
2011-12-21,34.2600,34.9000,34.1600,34.7850,18730400,22.2708
2011-12-22,34.6700,34.8000,34.4450,34.5950,15586800,22.1492
2011-12-23,34.6150,34.9850,34.6050,34.9700,9255200,22.3893
2011-12-27,34.9050,35.1000,34.9050,34.9400,10099800,22.3701
2011-12-28,34.9100,35.0250,34.7000,34.7550,8210000,22.2516
2011-12-29,34.8000,35.0950,34.7550,35.0800,8734000,22.4597
2011-12-30,35.0000,35.1450,34.9850,34.9850,7862000,22.3989
2012-01-03,35.0750,35.3550,35.0500,35.0700,15639600,22.4533
2012-01-04,34.9550,35.0350,34.7500,34.8500,14239200,22.3125
2012-01-05,34.8800,34.9350,34.6750,34.6850,14287600,22.2068
2012-01-06,34.7350,34.8150,34.3100,34.4650,13646600,22.0660
2012-01-09,34.5000,34.5850,34.4000,34.4650,10522600,22.0660
2012-01-10,34.7350,34.7600,34.5550,34.6700,12964400,22.1972
2012-01-11,34.1850,34.3850,33.7750,34.0300,23428800,21.7875
2012-01-12,34.2100,34.2500,33.6750,33.7850,15237000,21.6306
2012-01-13,33.6700,33.7150,33.2850,33.4950,19991800,21.4449
2012-01-17,33.8700,33.9400,33.6600,33.6750,15577000,21.5602
2012-01-18,33.7300,33.9100,33.5900,33.7950,13282200,21.6370
2012-01-19,33.8250,33.8700,33.6300,33.7250,13544800,21.5922
2012-01-20,33.7700,34.0600,33.7000,34.0450,19158600,21.7971
2012-01-23,34.0000,34.3100,33.9550,34.2650,13803200,21.9379
2012-01-24,34.0800,34.2500,33.8550,33.9500,14751200,21.7362
2012-01-25,33.9550,34.2500,33.7700,34.2150,14476000,21.9059
2012-01-26,34.3100,34.3100,33.8800,34.0050,14721000,21.7715
2012-01-27,33.9550,34.0700,33.6150,33.7200,16825000,21.5890
2012-01-30,33.6450,33.7850,33.5150,33.7300,10591600,21.5954
2012-01-31,33.9900,33.9900,33.5900,33.7650,13543400,21.6178
2012-02-01,33.9400,34.1700,33.9000,33.9250,14915000,21.7202
2012-02-02,34.0350,34.1200,33.8750,33.9150,13150000,21.7138
2012-02-03,34.1300,34.2450,33.9200,34.0400,16555800,21.7939
2012-02-06,33.9200,34.1150,33.8500,34.0150,14586400,21.7779
2012-02-07,34.0450,34.7250,33.8150,34.2750,24269600,21.9443
2012-02-08,34.4200,34.4250,34.1000,34.1650,16428400,21.8739
2012-02-09,34.1800,34.1950,33.8850,33.9850,16311400,21.7587
2012-02-10,33.7650,33.9700,33.7100,33.9700,10994600,21.7490
2012-02-13,34.2100,34.3000,34.0450,34.2200,11091000,21.9091
2012-02-14,34.2350,34.4650,34.0500,34.4500,12596000,22.0564
2012-02-15,34.6150,34.6250,34.1150,34.2000,14776800,21.8963
2012-02-16,34.3050,34.4950,34.2100,34.4300,11752000,22.0436
2012-02-17,34.5350,34.5850,34.3000,34.5250,14841800,22.1044
2012-02-21,34.4400,34.5250,34.2500,34.4100,13424800,22.0308
2012-02-22,34.3000,34.6700,34.3000,34.6250,13766400,22.1684
2012-02-23,34.5450,34.6500,34.4600,34.5900,11120000,22.1460
2012-02-24,34.6750,34.7500,34.4150,34.5000,12485400,22.0884
2012-02-27,34.3450,34.5000,34.2600,34.4150,12086200,22.0340
2012-02-28,34.4750,34.5500,34.4000,34.4250,9049000,22.0404
2012-02-29,34.4500,34.9900,34.4500,34.9300,23464400,22.3637
2012-03-01,34.9350,34.9800,34.6950,34.8000,15294200,22.2804
2012-03-02,34.7050,34.8000,34.4850,34.5900,11995800,22.1460
2012-03-05,34.5100,34.6700,34.5000,34.6150,10338600,22.1620
2012-03-06,34.4100,34.5450,34.3200,34.3800,13161200,22.0115
2012-03-07,34.3750,34.4700,34.2500,34.3950,10933800,22.0212
2012-03-08,34.5900,34.7500,34.5500,34.6350,33754800,22.1748
2012-03-09,34.7150,34.8700,34.6550,34.7550,36742600,22.2516
2012-03-12,34.7400,35.1700,34.6700,35.0750,18143600,22.4565
2012-03-13,34.7550,35.1450,34.7550,35.1250,18068000,22.6532
2012-03-14,35.1300,35.3100,35.0500,35.1100,12918000,22.6436
2012-03-15,35.1350,35.1700,34.8900,35.1650,17991400,22.6790
2012-03-16,35.1900,35.2300,34.9400,35.0800,22898800,22.6242
2012-03-19,35.1050,35.2650,35.0000,35.2000,10652400,22.7016
2012-03-20,35.0150,35.3850,34.9650,35.2950,10180400,22.7629
2012-03-21,35.2400,35.7000,35.1750,35.5600,19870800,22.9338
2012-03-22,35.5050,35.7900,35.4700,35.7100,14252800,23.0305
2012-03-23,35.7000,35.8000,35.6450,35.7450,16206600,23.0531
2012-03-26,35.8700,35.9500,35.7950,35.9500,11536400,23.1853
2012-03-27,35.9100,35.9900,35.8250,35.9350,11430400,23.1756
2012-03-28,35.9800,36.4100,35.9500,36.3300,26260600,23.4304
2012-03-29,36.1750,37.1950,36.1350,36.9050,41063600,23.8012
2012-03-30,36.8100,37.0700,36.6550,37.0050,26555800,23.8657
2012-04-02,36.9150,37.1000,36.8200,37.0700,14579000,23.9076
2012-04-03,36.8350,37.0400,36.7300,36.8800,12989200,23.7851
2012-04-04,36.6450,36.8000,36.6050,36.7300,12487400,23.6883
2012-04-05,36.6400,36.7600,36.5350,36.7350,11531400,23.6916
2012-04-09,36.4800,36.5550,36.3700,36.4350,9806800,23.4981
2012-04-10,36.2900,36.3100,35.9750,36.0100,17290600,23.2240
2012-04-11,36.2150,36.2350,35.9200,36.0600,12026600,23.2562
2012-04-12,36.0750,36.1300,35.9100,36.1100,10640600,23.2885
2012-04-13,36.1100,36.3000,35.9700,35.9700,10525600,23.1982
2012-04-16,36.1100,36.3950,36.0700,36.2200,14147600,23.3594
2012-04-17,36.5900,37.2400,36.5900,36.9750,22614400,23.8463
2012-04-18,36.9100,37.1750,36.8650,37.0850,11779800,23.9173
2012-04-19,37.1450,37.1700,36.7100,36.9100,10731200,23.8044
2012-04-20,36.9800,37.1750,36.8700,37.0650,13461000,23.9044
2012-04-23,36.9900,37.0350,36.6650,36.8450,10472200,23.7625
2012-04-24,36.9600,37.1750,36.8550,37.0600,10288000,23.9012
2012-04-25,37.2700,37.5250,37.1550,37.4650,18596000,24.1624
2012-04-26,37.4750,37.9850,37.4100,37.8550,16782000,24.4139
2012-04-27,37.9800,38.9100,37.9600,38.3150,25103000,24.7105
2012-04-30,38.2100,38.4500,37.9650,38.1600,26517600,24.6106
2012-05-01,38.2700,38.5000,38.1400,38.4650,13841000,24.8073
2012-05-02,38.3700,38.6250,38.3200,38.5800,16558600,24.8815
2012-05-03,38.6800,38.8200,38.6000,38.7200,15612000,24.9718
2012-05-04,38.6550,38.8000,38.4800,38.5000,13160800,24.8299
2012-05-07,38.4850,38.7250,38.4250,38.6400,8965400,24.9202
2012-05-08,38.5050,38.6400,38.3100,38.5700,10561600,24.8750
2012-05-09,38.2950,38.5950,38.2450,38.3900,14070800,24.7589
2012-05-10,38.6050,38.8500,38.6000,38.7050,12659200,24.9621
2012-05-11,38.6000,38.8700,38.6000,38.7350,10604000,24.9814
2012-05-14,38.5600,38.6250,38.3100,38.4350,15411800,24.7879
2012-05-15,38.2800,38.5750,38.1300,38.2850,16397800,24.6912
2012-05-16,38.3300,38.4200,37.9600,38.1650,17804400,24.6138
2012-05-17,38.0850,38.1500,37.4950,37.5600,22310800,24.2236
2012-05-18,37.6250,37.6450,36.7350,37.0250,31913000,23.8786
2012-05-21,37.1050,37.3000,37.0650,37.2550,13488800,24.0269
2012-05-22,37.2900,37.2900,36.9550,37.0950,15260600,23.9237
2012-05-23,37.0000,37.2850,36.9100,37.2750,18000000,24.0398
2012-05-24,37.3950,37.9250,37.3000,37.7800,20204600,24.3655
2012-05-25,37.8100,37.8450,37.5050,37.6150,8999600,24.2591
2012-05-29,37.8650,37.8650,37.5300,37.7300,10533800,24.3333
2012-05-30,37.5350,37.6250,37.4100,37.5300,13884600,24.2043
2012-05-31,37.4800,37.6100,37.3300,37.3650,15147600,24.0979
2012-06-01,36.9950,37.2250,36.5050,36.5450,20843400,23.5690
2012-06-04,36.5150,36.8700,36.2800,36.8200,13397200,23.7464
2012-06-05,36.6650,36.8200,36.5250,36.6200,12275200,23.6174
2012-06-06,36.6950,37.3050,36.6500,37.3050,12496400,24.0592
2012-06-07,37.4950,37.5300,37.1000,37.1400,14342800,23.9528
2012-06-08,37.0800,37.6850,37.0750,37.6200,11594200,24.2623
2012-06-11,37.8600,37.8900,37.3100,37.3300,10657200,24.0753
2012-06-12,37.4900,37.6250,37.1700,37.6000,11911200,24.2494
2012-06-13,37.3050,37.5650,37.2350,37.3450,9376200,24.2494
2012-06-14,37.3950,38.0000,37.3500,37.8700,13945400,24.5903
2012-06-15,38.0600,38.1000,37.7100,38.0450,19748800,24.7040
2012-06-18,37.9800,38.2100,37.8850,37.9900,10457200,24.6683
2012-06-19,38.1250,38.1250,37.8300,37.8700,11115400,24.5903
2012-06-20,37.8450,37.8700,37.4200,37.7800,14706800,24.5319
2012-06-21,37.8950,37.9950,37.3100,37.3350,12804000,24.2429
2012-06-22,37.4750,37.6500,37.4300,37.4700,15252800,24.3306
2012-06-25,37.2300,37.4200,37.0850,37.3850,9734200,24.2754
2012-06-26,37.4950,37.6800,37.1000,37.5400,11859400,24.3760
2012-06-27,37.6200,38.2400,37.6200,38.1700,13644400,24.7851
2012-06-28,38.0500,38.3350,37.8450,38.2850,10891200,24.8598
2012-06-29,38.5650,39.0950,38.5400,39.0950,18519800,25.3858
2012-07-02,39.0500,39.5000,39.0050,39.4600,13350200,25.6228
2012-07-03,39.4450,39.6800,39.3550,39.5800,7335000,25.7007
2012-07-05,39.5100,39.5700,39.1000,39.2250,10546400,25.4702
2012-07-06,39.0100,39.1450,38.9200,39.0750,10036000,25.3728
2012-07-09,39.0300,39.1050,38.8550,38.9900,8615600,25.3176
2012-07-10,39.2650,39.2700,38.9100,38.9900,11583400,25.3176
2012-07-11,38.9500,38.9750,38.5750,38.7300,13645600,25.1488
2012-07-12,38.5150,38.6350,38.2600,38.3200,19104000,24.8825
2012-07-13,38.3150,38.7950,38.1700,38.6400,13307400,25.0903
2012-07-16,38.5500,38.7000,38.1000,38.2400,17575600,24.8306
2012-07-17,39.0300,39.3300,38.3800,38.8450,21209600,25.2234
2012-07-18,38.8200,38.8400,38.4100,38.7200,13852000,25.1423
2012-07-19,38.7600,38.8000,38.2500,38.7750,18050400,25.1780
2012-07-20,38.6350,38.6750,38.3950,38.5150,16436000,25.0092
2012-07-23,38.2750,38.5000,38.1850,38.4400,10655800,24.9604
2012-07-24,38.4500,38.4750,38.0500,38.3300,10445800,24.8890
2012-07-25,38.4750,38.6100,38.3650,38.5100,9020400,25.0059
2012-07-26,38.8500,39.4550,38.8500,39.4250,14144600,25.6000
2012-07-27,39.5250,40.1200,39.4500,40.0050,17825000,25.9767
2012-07-30,39.8850,40.5850,39.7850,40.5600,15947800,26.3371
2012-07-31,40.3500,40.6650,40.1950,40.4000,16333600,26.2331
2012-08-01,40.4850,40.6250,40.2950,40.5050,12954600,26.3013
2012-08-02,40.3650,40.5000,39.7600,39.8750,13393200,25.8922
2012-08-03,40.0950,40.4950,40.0050,40.4150,11834200,26.2429
2012-08-06,40.5050,40.6250,40.3100,40.3200,9179400,26.1812
2012-08-07,40.4200,40.4900,39.8750,39.8850,12782800,25.8987
2012-08-08,39.8550,40.0000,39.6800,39.7800,8790200,25.8306
2012-08-09,39.7350,39.8900,39.4150,39.6200,9583400,25.7267
2012-08-10,39.5800,39.6050,39.3050,39.3950,40577600,25.5806
2012-08-13,39.3100,39.3900,39.0500,39.3000,8898200,25.5189
2012-08-14,39.6000,39.6700,39.2500,39.3800,10841200,25.5708
2012-08-15,39.4200,39.5500,39.2300,39.3500,7692500,25.5513
2012-08-16,39.4000,39.6300,39.3100,39.5500,8824100,25.6812
2012-08-17,39.6600,39.7300,39.2700,39.5300,10541000,25.6682
2012-08-20,39.5400,39.5900,39.2600,39.4700,9211800,25.6293
2012-08-21,39.4100,39.6900,39.2300,39.2600,8329000,25.4929
2012-08-22,39.1400,39.2500,38.6900,38.7700,13479200,25.1747
2012-08-23,38.8100,38.8400,38.0200,38.1100,14973300,24.7462
2012-08-24,38.0700,38.5500,38.0700,38.4700,9317800,24.9799
2012-08-27,38.5600,38.5600,38.1200,38.1700,9589400,24.7851
2012-08-28,38.1400,38.3200,37.7700,38.0000,16148800,24.6747
2012-08-29,38.0500,38.0500,37.3800,37.4600,23435400,24.3241
2012-08-30,37.3800,37.6300,37.1300,37.1400,17041800,24.1163
2012-08-31,37.4100,37.5800,37.1500,37.4000,20710300,24.2851
2012-09-04,37.5200,37.5900,37.2200,37.2800,17293400,24.2072
2012-09-05,37.3600,37.6200,37.1100,37.5100,20839200,24.3566
2012-09-06,37.7800,38.3000,37.7000,38.1500,19851400,24.7721
2012-09-07,38.3800,38.5000,37.7400,37.9000,16391700,24.6098
2012-09-10,37.9600,37.9800,37.5900,37.6600,18216900,24.4540
2012-09-11,37.6300,37.8300,37.5600,37.7700,16505000,24.5254
2012-09-12,37.7900,37.8300,37.5100,37.5500,14632200,24.5483
2012-09-13,37.7300,38.4900,37.6100,38.3500,23803400,25.0713
2012-09-14,38.5500,38.5500,38.0100,38.1200,25087400,24.9209
2012-09-17,38.1600,38.3800,38.0300,38.3500,23594400,25.0713
2012-09-18,38.3800,39.0000,38.3000,38.6200,24373700,25.2478
2012-09-19,38.6600,38.8100,38.4100,38.5200,26276800,25.1824
2012-09-20,38.3900,38.8700,38.3800,38.6400,26953000,25.2609
2012-09-21,38.7300,38.7400,37.8800,38.0300,98967500,24.8621
2012-09-24,37.8100,38.2400,37.8100,38.1200,21902000,24.9209
2012-09-25,38.2100,38.2700,37.6600,37.6800,20299200,24.6333
2012-09-26,37.7800,38.1900,37.7400,37.7600,16677400,24.6856
2012-09-27,38.0600,38.3500,37.9000,38.3100,15176100,25.0451
2012-09-28,38.1700,38.2200,37.9000,37.9300,22721200,24.7967
2012-10-01,38.1600,38.6000,38.1500,38.3800,16671400,25.0909
2012-10-02,38.5600,38.6900,38.1100,38.3400,10276000,25.0647
2012-10-03,38.3200,38.5200,38.1400,38.2400,13637100,24.9994
2012-10-04,38.4600,38.5500,38.1900,38.3300,9654500,25.0582
2012-10-05,38.4900,38.6000,38.2500,38.5800,12287900,25.2216
2012-10-08,38.5400,38.6800,38.4400,38.5800,9434600,25.2216
2012-10-09,38.5000,38.8300,38.4600,38.5600,13078700,25.2086
2012-10-10,38.6500,38.7300,38.0500,38.0900,13754500,24.9013
2012-10-11,38.2000,38.2800,38.0200,38.1100,10843800,24.9144
2012-10-12,38.2600,38.3900,38.1100,38.2300,12059700,24.9928
2012-10-15,38.0900,38.2500,38.0100,38.1300,13785100,24.9275
2012-10-16,38.1800,38.2200,37.4400,37.9000,25811800,24.7771
2012-10-17,38.0600,38.1500,37.7000,37.7400,15449600,24.6725
2012-10-18,37.7600,38.0700,37.4600,37.8400,23063300,24.7379
2012-10-19,37.9300,37.9400,37.4000,37.4000,19864500,24.4502
2012-10-22,37.3700,37.4800,36.9600,37.2300,13340500,24.3391
2012-10-23,36.9600,36.9800,36.5400,36.6100,13287300,23.9338
2012-10-24,36.6000,37.0400,36.6000,36.8800,13531400,24.1103
2012-10-25,37.0000,37.1900,36.8500,37.0900,10457900,24.2476
2012-10-26,37.1200,37.2600,36.7800,37.0400,11896500,24.2149
2012-10-31,37.1600,37.4100,36.9200,37.1800,11643500,24.3064
2012-11-01,37.1500,37.5600,37.1500,37.3300,10622300,24.4045
2012-11-02,37.5800,37.6500,37.0000,37.0800,11237500,24.2410
2012-11-05,36.9500,36.9900,36.6300,36.7700,12139600,24.0383
2012-11-06,36.9200,37.4800,36.8600,37.4200,11448400,24.4633
2012-11-07,37.2800,37.3900,36.4000,36.7200,16745000,24.0057
2012-11-08,36.6500,37.1100,36.3600,36.3600,12921700,23.7703
2012-11-09,36.0500,36.5200,36.0500,36.2900,11520300,23.7245
2012-11-12,36.2900,36.2900,35.9900,36.0800,10169700,23.5873
2012-11-13,36.0300,36.5600,35.9800,36.1600,12105200,23.6396
2012-11-14,36.1900,36.3600,35.8700,36.0100,13508300,23.5415
2012-11-15,35.9000,36.4800,35.8600,36.4300,17643600,23.8161
2012-11-16,36.4900,36.6500,36.2700,36.5600,15624800,23.9011
2012-11-19,36.8500,37.2900,36.8100,37.2400,14076200,24.3456
2012-11-20,37.2300,37.2700,36.8500,37.2500,12278600,24.3521
2012-11-21,37.3300,37.4700,37.2200,37.3900,8631300,24.4437
2012-11-23,37.5500,37.9500,37.4900,37.9300,5365500,24.7967
2012-11-26,37.5800,37.7800,37.2300,37.3600,13217000,24.4241
2012-11-27,37.4400,37.7900,37.3400,37.4200,11873700,24.4633
2012-11-28,37.0600,37.5700,36.8000,37.5600,14846300,24.7233
2012-11-29,37.6800,37.9700,37.5000,37.9700,12433700,24.9932
2012-11-30,37.9400,37.9800,37.6600,37.9200,13039500,24.9603
2012-12-03,37.9000,37.9400,37.3300,37.3800,12864900,24.6048
2012-12-04,37.3100,37.4900,37.1400,37.1500,11794200,24.4534
2012-12-05,37.2000,37.5000,37.0800,37.3100,14561400,24.5587
2012-12-06,37.3400,37.4400,37.3000,37.3800,8974700,24.6048
2012-12-07,37.4400,37.7400,37.3900,37.7100,10654700,24.8220
2012-12-10,37.7000,37.7800,37.5100,37.6400,8603200,24.7759
2012-12-11,37.6300,37.9900,37.5800,37.8600,10671300,24.9208
2012-12-12,37.8900,37.9300,37.5000,37.6400,14681700,24.7759
2012-12-13,37.7000,37.7900,37.5300,37.6000,11442100,24.7496
2012-12-14,37.5200,37.7700,37.5000,37.6600,11800900,24.7891
2012-12-17,37.7900,37.8200,37.3800,37.5000,17588900,24.6838
2012-12-18,37.5300,37.7000,37.1300,37.2800,17952100,24.5390
2012-12-19,37.2500,37.2900,36.7700,36.7800,17991900,24.2099
2012-12-20,36.6900,37.1000,36.6500,37.0500,16182700,24.3876
2012-12-21,37.0000,37.1900,36.5300,36.8900,27942400,24.2823
2012-12-24,36.7200,36.8000,36.5700,36.7300,4851800,24.1770
2012-12-26,36.7000,36.8000,36.2400,36.4200,9982100,23.9729
2012-12-27,36.3500,36.5500,36.2000,36.4200,11380600,23.9729
2012-12-28,36.2200,36.4200,35.9500,35.9700,14053400,23.6767
2012-12-31,35.8800,36.2800,35.5800,36.2500,15651400,23.8610
2013-01-02,36.9900,37.6000,36.6600,37.6000,21872400,24.7496
2013-01-03,37.4500,37.6000,37.1100,37.6000,16357900,24.7496
2013-01-04,37.6500,37.8700,37.5200,37.6600,15311300,24.7891
2013-01-07,37.5200,37.5200,37.1000,37.3000,14610200,24.5522
2013-01-08,37.1900,37.2800,36.9100,37.0400,14324300,24.3810
2013-01-09,37.2000,37.2000,36.8300,37.0300,10563700,24.3744
2013-01-10,37.1200,37.1700,36.7600,36.9600,15603700,24.3284
2013-01-11,36.8400,36.9400,36.5200,36.9100,15644800,24.2954
2013-01-14,36.9500,37.1100,36.8000,36.9900,11001500,24.3481
2013-01-15,36.9900,37.4300,36.8000,37.3200,12721600,24.5653
2013-01-16,37.2100,37.4200,37.1200,37.3200,9168000,24.5653
2013-01-17,37.4300,37.6600,37.3300,37.5100,12121800,24.6904
2013-01-18,37.4900,37.7100,37.3100,37.7000,14056100,24.8154
2013-01-22,37.7400,37.7400,37.0500,37.1300,21249400,24.4403
2013-01-23,37.0800,37.2600,37.0400,37.1300,13570200,24.4403
2013-01-24,37.2000,37.2500,37.0000,37.1100,13258900,24.4271
2013-01-25,37.1800,37.2500,36.9100,37.0500,14040700,24.3876
2013-01-28,37.0700,37.1100,36.8600,37.0100,13386500,24.3613
2013-01-29,36.8800,37.5700,36.8600,37.4200,17705800,24.6311
2013-01-30,37.4000,37.6100,37.3200,37.5000,13219400,24.6838
2013-01-31,37.5300,37.5300,37.1100,37.2400,12969100,24.5127
2013-02-01,37.5400,37.7100,37.3700,37.5400,11932600,24.7101
2013-02-04,37.4800,37.5800,37.3000,37.3500,9456300,24.5851
2013-02-05,37.5600,38.1600,37.5600,38.1400,17897300,25.1051
2013-02-06,38.1300,38.4300,38.0000,38.3100,16823700,25.2170
2013-02-07,38.4200,39.0600,38.3500,38.9100,18805300,25.6119
2013-02-08,38.8500,38.9400,38.6000,38.7700,12308000,25.5198
2013-02-11,38.7100,38.8300,38.4100,38.6100,12159900,25.4144
2013-02-12,38.1100,38.1600,37.2800,37.5600,30700500,24.7233
2013-02-13,37.6700,37.9400,37.0100,37.2100,19943800,24.4929
2013-02-14,37.2400,37.5100,36.7000,36.8400,22748600,24.2494
2013-02-15,36.9400,37.4200,36.5400,37.4200,25204300,24.6311
2013-02-19,37.5100,37.7700,37.4600,37.6700,14850600,24.7957
2013-02-20,37.7000,37.8800,37.4100,37.7300,12949300,24.8352
2013-02-21,37.6200,37.7900,37.4300,37.7100,14135100,24.8220
2013-02-22,37.7600,38.5200,37.7100,38.5200,20102800,25.3552
2013-02-25,38.5600,38.7200,37.7200,37.7200,15874600,24.8286
2013-02-26,37.9500,38.1900,37.7800,38.1100,15770000,25.0853
2013-02-27,38.0300,38.5400,37.9200,38.4500,14271100,25.3091
2013-02-28,38.4700,38.9700,38.4200,38.7200,19005500,25.4868
2013-03-01,38.4900,38.7900,38.4900,38.7000,13724500,25.4737
2013-03-04,38.6000,38.8200,38.4500,38.8200,9934300,25.5527
2013-03-05,38.9800,39.0000,38.5600,38.6800,13240700,25.4605
2013-03-06,38.8000,39.0400,38.7000,39.0200,11653900,25.6843
2013-03-07,39.0400,39.1900,38.8400,39.1200,15094900,25.7501
2013-03-08,39.1700,39.4200,39.0300,39.2200,11183600,25.8160
2013-03-11,39.2000,39.3800,39.1800,39.3100,9200400,25.8752
2013-03-12,39.2800,39.3100,38.8000,38.9600,11375900,25.6448
2013-03-13,38.8200,38.8700,38.5500,38.5900,14358300,25.5851
2013-03-14,38.8200,39.1200,38.6600,39.0200,14572500,25.8702
2013-03-15,38.8200,38.9400,38.6600,38.8300,20781900,25.7443
2013-03-18,38.6100,38.9400,38.5700,38.7600,11479900,25.6979
2013-03-19,38.9200,39.4000,38.8200,39.3300,15192000,26.0758
2013-03-20,39.4000,39.9200,39.3600,39.8700,19271900,26.4338
2013-03-21,39.8500,40.4300,39.7600,40.0700,23063600,26.5664
2013-03-22,39.9800,40.2800,39.8900,40.0400,16128500,26.5465
2013-03-25,40.1100,40.2500,39.9600,40.1200,15718400,26.5995
2013-03-26,40.1300,40.7000,40.1300,40.6900,13666500,26.9774
2013-03-27,40.4500,40.5400,40.0600,40.2200,14559900,26.6658
2013-03-28,40.3800,40.6000,40.0200,40.4400,14227200,26.8117
2013-04-01,40.3900,40.4900,40.1700,40.4500,8200500,26.8183
2013-04-02,40.4300,40.9000,40.4200,40.7200,13359200,26.9973
2013-04-03,40.7800,40.8200,40.0800,40.1700,13639200,26.6327
2013-04-04,40.2700,40.5900,40.2000,40.5400,11435900,26.8780
2013-04-05,40.2100,40.3600,40.0100,40.0800,10729500,26.5730
2013-04-08,40.0600,40.8700,39.7700,40.8600,22757900,27.0902
2013-04-09,40.8100,41.1300,40.5100,40.7100,21056100,26.9907
2013-04-10,40.7800,41.1700,40.7100,41.0700,9703700,27.2294
2013-04-11,41.1300,41.4100,41.0600,41.1800,10962500,27.3023
2013-04-12,40.9100,41.1100,40.6800,41.0800,10394700,27.2360
2013-04-15,40.8500,40.9900,40.0500,40.0900,16050600,26.5797
2013-04-16,41.4000,42.4800,41.2500,42.3700,32135700,28.0913
2013-04-17,42.1400,42.7000,42.0300,42.5500,24208000,28.2106
2013-04-18,42.4800,42.6500,42.0900,42.1000,16034200,27.9123
2013-04-19,42.2800,42.7700,42.2000,42.6600,13875800,28.2836
2013-04-22,42.5200,42.8500,42.4000,42.7200,10544100,28.3233
2013-04-23,42.7800,42.9600,42.2600,42.7000,11216200,28.3101
2013-04-24,42.6400,42.9000,42.1000,42.1500,11368200,27.9454
2013-04-25,42.2600,42.5400,42.0800,42.3500,10197100,28.0780
2013-04-26,42.1800,42.4300,42.0900,42.1000,15159800,27.9123
2013-04-29,42.2400,42.2900,41.9200,42.2400,11311100,28.0051
2013-04-30,42.1500,42.3900,41.8800,42.3300,13432200,28.0648
2013-05-01,42.1500,42.5600,42.1400,42.2100,8710600,27.9852
2013-05-02,41.6600,42.1600,41.4900,41.9600,18709600,27.8195
2013-05-03,42.1700,42.4200,41.9600,42.2400,11757800,28.0051
2013-05-06,42.2900,42.2900,41.8700,42.0800,9356100,27.8990
2013-05-07,42.2100,42.7100,42.1500,42.7000,13785300,28.3101
2013-05-08,42.5400,42.6800,42.1600,42.4600,12636300,28.1510
2013-05-09,42.5100,42.5600,42.0000,42.1200,10113700,27.9256
2013-05-10,42.1100,42.2400,41.8500,42.1500,9927000,27.9454
2013-05-13,42.1400,42.4400,42.0000,42.1900,9291000,27.9719
2013-05-14,42.1800,42.6700,42.0100,42.5200,13023900,28.1907
2013-05-15,42.5000,43.1000,42.3900,42.9200,12306200,28.4559
2013-05-16,42.9100,43.4300,42.7900,43.0900,12330000,28.5686
2013-05-17,43.0500,43.1300,42.5600,42.9700,12611200,28.4891
2013-05-20,42.9500,42.9500,42.3000,42.3800,9966000,28.0979
2013-05-21,42.4800,42.5600,42.0700,42.3400,9148800,28.0714
2013-05-22,42.2800,42.8600,42.0400,42.2500,13615600,28.0117
2013-05-23,41.9300,42.0700,41.5600,41.9300,10934200,27.7996
2013-05-24,41.5400,42.3700,41.5000,42.2400,11542100,28.0051
2013-05-28,42.6000,43.0500,42.4000,42.5500,14412100,28.2106
2013-05-29,42.3400,42.4300,41.3100,41.4000,16986600,27.4482
2013-05-30,41.4900,41.6000,40.7500,40.7700,20874500,27.0305
2013-05-31,40.6500,40.7700,39.9900,39.9900,26184400,26.5133
2013-06-03,39.9500,40.8400,39.6300,40.8100,16577200,27.0570
2013-06-04,41.5900,41.7200,40.9500,41.4200,19241000,27.4614
2013-06-05,41.4000,41.4000,40.6000,40.6500,16429300,26.9509
2013-06-06,40.5500,40.7900,40.3100,40.7900,11171600,27.0437
2013-06-07,41.2000,41.7300,40.9800,41.4100,14459600,27.4548
2013-06-10,41.5000,41.5200,41.0400,41.1800,11247400,27.3023
2013-06-11,40.8800,40.9800,40.4000,40.7900,16491600,27.0437
2013-06-12,40.7900,40.9400,40.2800,40.3900,11611100,26.9636
2013-06-13,40.3100,40.4800,39.6800,40.4100,17861200,26.9770
2013-06-14,40.3800,40.7900,40.2600,40.3400,13635100,26.9303
2013-06-17,40.5400,40.9100,40.4000,40.6800,12409200,27.1572
2013-06-18,40.7000,40.9900,40.5700,40.9300,9893100,27.3241
2013-06-19,41.0100,41.4400,40.4100,40.4100,16936100,26.9770
2013-06-20,40.2700,40.3500,38.9700,39.1300,24899700,26.1225
2013-06-21,39.6300,39.9700,39.3000,39.7600,21938300,26.5431
2013-06-24,39.4500,40.0100,39.1300,39.5300,16433700,26.3895
2013-06-25,39.8200,39.9300,39.4400,39.7200,12942100,26.5164
2013-06-26,40.0800,40.4800,40.0600,40.3300,13855600,26.9236
2013-06-27,40.6500,40.8800,40.2400,40.2600,11459100,26.8769
2013-06-28,40.2500,40.4400,40.1000,40.1100,16316000,26.7767
2013-07-01,40.5000,40.9200,40.3600,40.4600,10754300,27.0104
2013-07-02,40.4700,40.7400,40.1800,40.3700,12248300,26.9503
2013-07-03,40.2400,40.5600,40.0300,40.4900,5264800,27.0304
2013-07-05,40.7200,40.8000,40.1500,40.5200,10402200,27.0504
2013-07-08,40.6500,40.7600,40.4200,40.5400,9936300,27.0638
2013-07-09,40.8600,41.0700,40.7200,40.8300,8760500,27.2574
2013-07-10,40.9200,40.9600,40.5300,40.6800,9539300,27.1572
2013-07-11,41.0000,41.1500,40.7400,41.0300,13489600,27.3909
2013-07-12,41.0300,41.1300,40.7300,41.0300,10686400,27.3909
2013-07-15,41.0500,41.2500,40.9300,41.0100,11418400,27.3775
2013-07-16,39.7800,40.5000,39.5000,40.2300,33575600,26.8568
2013-07-17,40.5500,40.9800,40.3100,40.8400,18513100,27.2641
2013-07-18,40.8600,41.0700,40.7400,40.8100,9708800,27.2440
2013-07-19,40.8800,41.1000,40.7900,41.0900,11401100,27.4309
2013-07-22,41.0800,41.1400,40.7600,40.8400,9425100,27.2641
2013-07-23,40.9500,41.1300,40.7900,40.9600,9400900,27.3442
2013-07-24,41.1200,41.1300,40.7500,40.8600,10511000,27.2774
2013-07-25,40.8100,40.8800,40.4800,40.8400,9147300,27.2641
2013-07-26,40.6500,40.6500,40.0100,40.6400,12279600,27.1305
2013-07-29,40.6100,40.6800,40.2600,40.2800,10132000,26.8902
2013-07-30,40.4200,40.7300,40.2500,40.3200,10769400,26.9169
2013-07-31,40.4100,40.5800,40.0600,40.0800,13557100,26.7567
2013-08-01,40.4000,40.7500,40.4000,40.5700,12001100,27.0838
2013-08-02,40.0300,40.4100,39.9100,40.2200,25516600,26.8502
2013-08-05,40.1800,40.4700,40.1800,40.2900,9933200,26.8969
2013-08-06,40.2300,40.4300,40.0600,40.3700,8645600,26.9503
2013-08-07,40.3100,40.3300,40.0600,40.1500,9301800,26.8034
2013-08-08,40.3000,40.3600,40.0200,40.2000,9481100,26.8368
2013-08-09,40.2500,40.3200,40.0500,40.1600,9021600,26.8101
2013-08-12,40.0400,40.1000,39.7100,39.8300,13970000,26.5898
2013-08-13,39.9300,40.0500,39.5000,39.6500,13548700,26.4696
2013-08-14,39.5900,39.6800,39.3500,39.5300,13787100,26.3895
2013-08-15,39.3000,39.4000,39.0200,39.0900,14227800,26.0958
2013-08-16,39.0300,39.1800,38.7100,39.0500,20565200,26.0691
2013-08-19,39.0500,39.0900,38.6900,38.7800,11913000,25.8888
2013-08-20,38.8500,39.1400,38.6500,38.6500,10238200,25.8020
2013-08-21,38.6300,38.7000,38.2500,38.2800,15799000,25.5550
2013-08-22,38.3200,38.5200,38.1000,38.3100,10307900,25.5751
2013-08-23,38.6100,38.6100,38.3700,38.5200,11302800,25.7153
2013-08-26,38.6000,38.6000,38.1100,38.1200,12740600,25.4482
2013-08-27,37.9800,38.2400,37.8000,38.1500,16742500,25.4683
2013-08-28,38.0600,38.5300,38.0500,38.3500,19245200,25.6018
2013-08-29,38.4700,38.4700,38.1000,38.1000,14215700,25.4349
2013-08-30,38.1600,38.2800,38.0000,38.1800,14296600,25.4883
2013-09-03,38.2700,38.4000,37.8000,37.9000,19068500,25.3014
2013-09-04,37.8800,38.7300,37.8100,38.5400,19138600,25.7286
2013-09-05,38.6300,38.6900,38.0600,38.2400,14290500,25.5283
2013-09-06,38.3800,38.6200,38.1000,38.3500,13976900,25.6018
2013-09-09,38.5200,38.5500,38.2700,38.5200,10605500,25.7153
2013-09-10,38.7700,38.7800,38.5100,38.6300,11757300,25.7887
2013-09-11,38.6800,38.7800,38.5300,38.7800,11996500,25.8888
2013-09-12,38.5900,38.6100,38.2800,38.4400,12114100,25.8485
2013-09-13,38.5600,38.7400,38.4200,38.6900,11623600,26.0166
2013-09-16,39.0300,39.2000,38.7400,38.8600,13351500,26.1309
2013-09-17,38.8100,39.0900,38.7900,38.7900,12881700,26.0838
2013-09-18,38.8100,39.6000,38.5800,39.5900,18030500,26.6218
2013-09-19,39.6400,39.6700,39.1500,39.3100,14251700,26.4335
2013-09-20,39.3300,39.4000,38.7800,39.4000,30675300,26.4940
2013-09-23,39.1600,39.1900,38.4400,38.6300,19016200,25.9763
2013-09-24,38.7200,38.8700,38.5200,38.5300,15083300,25.9090
2013-09-25,38.6500,38.6800,38.3000,38.3300,11446100,25.7745
2013-09-26,38.4900,38.7400,38.3900,38.7400,10941100,26.0502
2013-09-27,38.5700,38.5800,38.1500,38.4000,12609600,25.8216
2013-09-30,38.1900,38.3000,37.7500,37.8800,18101500,25.4719
2013-10-01,38.0000,38.0900,37.6200,37.9500,13196000,25.5190
2013-10-02,37.8100,37.8100,37.2100,37.4300,25664200,25.1693
2013-10-03,37.4600,37.4600,37.1300,37.1600,14437900,24.9878
2013-10-04,37.2500,37.2700,36.9100,37.2000,17217500,25.0147
2013-10-07,37.0800,37.3800,36.8300,37.0500,16708600,24.9138
2013-10-08,37.1000,37.4100,36.9000,37.2800,20471300,25.0685
2013-10-09,37.3800,37.4200,37.0100,37.0800,18998900,24.9340
2013-10-10,37.7700,37.8600,37.4500,37.7800,17174400,25.4047
2013-10-11,37.9200,37.9200,37.5200,37.7700,14266900,25.3980
2013-10-14,37.5600,37.9500,37.5100,37.9100,14202900,25.4921
2013-10-15,38.1800,38.3700,37.6000,37.6600,21676600,25.3240
2013-10-16,38.0100,38.2400,37.7800,38.0000,17995100,25.5526
2013-10-17,38.0600,38.5600,38.0100,38.5500,15900200,25.9225
2013-10-18,38.5800,38.7800,38.4200,38.7800,18896600,26.0771
2013-10-21,38.9500,38.9500,38.6000,38.8200,12977500,26.1040
2013-10-22,38.8600,39.2500,38.6900,39.0900,17110200,26.2856
2013-10-23,39.0800,39.2500,38.8000,39.0900,12591800,26.2856
2013-10-24,39.1500,39.3700,38.7600,38.8000,17143800,26.0906
2013-10-25,38.8400,39.1300,38.6300,39.0300,14383400,26.2452
2013-10-28,39.0200,39.7400,38.9900,39.6100,16552100,26.6352
2013-10-29,39.5700,39.9600,39.3500,39.8000,14199600,26.7630
2013-10-30,39.8800,39.8900,39.5100,39.6200,12360000,26.6420
2013-10-31,39.5100,39.8600,39.5100,39.5700,14853500,26.6083
2013-11-01,39.5700,39.7200,39.3300,39.6100,12430400,26.6352
2013-11-04,39.7100,39.8100,39.3000,39.5100,10252100,26.5680
2013-11-05,39.3600,39.6400,39.2200,39.5000,10575000,26.5613
2013-11-06,39.6200,40.2200,39.4200,40.0500,17198000,26.9311
2013-11-07,40.0800,40.2500,39.7600,39.8300,16233200,26.7832
2013-11-08,39.7400,40.0500,39.4900,40.0500,11903600,26.9311
2013-11-11,40.0100,40.0500,39.7700,39.8700,9567800,26.8101
2013-11-12,39.9100,39.9900,39.6200,39.8800,10509200,26.8168
2013-11-13,39.8200,40.1200,39.6500,40.1200,11770500,26.9782
2013-11-14,40.0900,40.4400,40.0300,40.2100,10887200,27.0387
2013-11-15,40.1600,40.3200,39.9600,40.2200,12021500,27.0454
2013-11-18,40.2400,40.2400,40.0000,40.1700,9553900,27.0118
2013-11-19,40.1400,40.2300,39.9200,40.1400,11014800,26.9916
2013-11-20,40.0500,40.4500,39.9400,40.0600,14422500,26.9378
2013-11-21,40.2000,40.4900,40.1000,40.4300,26364300,27.1866
2013-11-22,40.3400,40.4600,40.0900,40.4300,26396500,27.1866
2013-11-25,40.4800,40.8800,40.3300,40.3700,14059100,27.1463
2013-11-26,40.4900,40.6000,40.2400,40.2500,14240400,27.0656
2013-11-27,40.0900,40.3800,39.6900,40.1900,9909100,27.2146
2013-11-29,40.2700,40.4800,40.1100,40.1900,8641100,27.2146
2013-12-02,40.1000,40.2000,39.7500,40.0800,16738800,27.1401
2013-12-03,40.0500,40.3900,40.0100,40.3500,16592300,27.3229
2013-12-04,40.2000,40.4700,39.9400,40.3700,13196100,27.3364
2013-12-05,40.2800,40.4000,39.8000,39.8300,18171200,26.9708
2013-12-06,40.0500,40.5000,40.0500,40.4600,12557100,27.3974
2013-12-09,40.4000,40.5000,40.2000,40.4000,12237100,27.3568
2013-12-10,40.2600,40.2900,39.7500,39.8500,15967800,26.9843
2013-12-11,39.9500,40.3400,39.8900,40.1300,14963500,27.1739
2013-12-12,39.9900,40.2100,39.1800,39.2100,19817700,26.5510
2013-12-13,39.4700,39.6400,39.2100,39.2300,14037400,26.5645
2013-12-16,39.4600,39.5700,39.2000,39.2700,14562100,26.5916
2013-12-17,39.1200,39.2500,38.8700,39.1000,17655700,26.4765
2013-12-18,39.2600,40.0800,39.0000,40.0200,23884500,27.0995
2013-12-19,39.9700,40.1000,39.5600,39.8600,14791800,26.9911
2013-12-20,39.9200,40.1900,39.8500,40.0400,22237200,27.1130
2013-12-23,40.1000,40.2400,39.8700,40.1600,10943200,27.1942
2013-12-24,40.1700,40.3100,40.1000,40.1900,4783800,27.2146
2013-12-26,40.2200,40.5400,40.1400,40.4900,8588300,27.4177
2013-12-27,40.6900,40.7900,40.5300,40.6600,6762200,27.5328
2013-12-30,40.7700,41.1400,40.7600,41.0900,10927500,27.8240
2013-12-31,41.1300,41.3900,40.9800,41.3100,11729200,27.9730
2014-01-02,41.1200,41.2300,40.5100,40.6600,12698600,27.5328
2014-01-03,40.6800,40.7300,40.3500,40.4600,10403400,27.3974
2014-01-06,40.4800,40.5900,40.1600,40.2700,11036300,27.2687
2014-01-07,40.4800,40.7200,40.2900,40.3900,11872300,27.3500
2014-01-08,40.4400,40.4400,39.8300,39.9400,15339600,27.0453
2014-01-09,39.9500,40.0000,39.5200,39.7300,14070200,26.9031
2014-01-10,39.9600,40.2900,39.9000,40.1300,13290000,27.1739
2014-01-13,40.0000,40.1300,39.5000,39.5300,14091900,26.7677
2014-01-14,39.6400,39.9200,39.5800,39.6900,12801100,26.8760
2014-01-15,39.8300,39.9400,39.5800,39.7600,12844900,26.9234
2014-01-16,39.7800,39.8200,39.5800,39.7100,11063100,26.8895
2014-01-17,39.7200,39.7500,39.2800,39.2800,13992700,26.5984
2014-01-21,39.6400,39.9200,39.5300,39.9200,17579000,27.0317
2014-01-22,39.9900,40.0900,39.7500,39.9000,9841700,27.0182
2014-01-23,39.6100,39.6400,39.1200,39.2400,14828100,26.5713
2014-01-24,39.0800,39.2500,38.8200,38.8400,16507500,26.3004
2014-01-27,38.8200,38.9800,38.7100,38.7300,14601900,26.2259
2014-01-28,38.7700,39.0800,38.6200,38.8700,8915500,26.3207
2014-01-29,38.5700,38.5700,37.8200,37.9000,23776100,25.6639
2014-01-30,38.0000,38.4100,38.0000,38.1700,13662000,25.8467
2014-01-31,37.9500,38.1600,37.7200,37.8200,16185000,25.6097
2014-02-03,38.0200,38.0200,37.1000,37.2000,23164900,25.1899
2014-02-04,37.4400,37.5500,37.2100,37.4800,17759700,25.3795
2014-02-05,37.4900,37.7200,37.3800,37.6100,13665200,25.4675
2014-02-06,38.7600,38.9400,37.9200,38.0300,22661500,25.7519
2014-02-07,38.1700,38.3500,37.8700,37.9500,20389000,25.6978
2014-02-10,38.0700,38.6200,37.8400,38.5700,20877200,26.1176
2014-02-11,38.6700,38.7800,38.5100,38.6400,15361300,26.1650
2014-02-12,38.8500,38.9200,38.4000,38.5100,10633400,26.0770
2014-02-13,38.1300,38.7600,38.1300,38.6500,10435600,26.1718
2014-02-14,38.6000,39.0200,38.2700,38.9300,16030100,26.3614
2014-02-18,37.9800,38.1100,37.2600,37.4700,46098500,25.3727
2014-02-19,37.5000,37.6000,37.0500,37.1000,26645100,25.1222
2014-02-20,37.0600,37.5200,36.8900,37.3000,22639900,25.2576
2014-02-21,37.5900,37.6200,37.1400,37.1800,19419800,25.1764
2014-02-24,37.3000,37.6000,37.2200,37.5000,24223500,25.3931
2014-02-25,37.6300,37.9400,37.5000,37.7700,22845500,25.5759
2014-02-26,37.9000,37.9400,37.7200,37.8700,18195100,25.6436
2014-02-27,37.8400,38.1100,37.8000,38.0700,18423400,25.7790
2014-02-28,38.0800,38.3900,38.0400,38.2000,15763200,25.8670
2014-03-03,37.8800,38.1600,37.8500,38.1200,18683400,25.8129
2014-03-04,38.3400,38.3900,38.2300,38.3100,20425200,25.9415
2014-03-05,38.4200,38.4500,38.2500,38.3500,14367400,25.9686
2014-03-06,38.4000,38.5500,38.2700,38.4700,14700000,26.0499
2014-03-07,38.5600,38.6100,38.3600,38.5500,17047600,26.1041
2014-03-10,38.5500,38.6500,38.4400,38.6500,14540800,26.1718
2014-03-11,38.8400,38.8400,38.5400,38.8000,13812100,26.2733
2014-03-12,38.2700,38.5000,38.2100,38.4700,15673700,26.2563
2014-03-13,38.4500,38.4900,37.9200,37.9700,18302800,25.9150
2014-03-14,37.9500,38.3200,37.8800,38.1700,14687200,26.0515
2014-03-17,38.1700,38.3700,38.0500,38.2700,19203000,26.1198
2014-03-18,38.2700,38.4600,38.1400,38.4000,16880400,26.2085
2014-03-19,38.3600,38.5900,38.1000,38.1400,20882200,26.0310
2014-03-20,38.1100,38.4700,37.9500,38.4500,13228000,26.2426
2014-03-21,38.7800,38.8300,38.2800,38.4400,19189100,26.2358
2014-03-24,38.4800,38.5300,38.2100,38.4000,15693000,26.2085
2014-03-25,38.4900,38.8000,38.4600,38.6200,16898900,26.3586
2014-03-26,38.6900,38.9400,38.6100,38.6100,15835500,26.3518
2014-03-27,38.5100,39.0000,38.4800,38.8200,13031500,26.4951
2014-03-28,38.8900,39.0300,38.8200,38.9500,11502100,26.5839
2014-03-31,38.9900,39.0300,38.4600,38.6600,24489800,26.3859
2014-04-01,38.5300,38.8900,38.3100,38.4100,20515700,26.2153
2014-04-02,38.4900,38.5400,38.3000,38.3300,15709100,26.1607
2014-04-03,38.3900,38.4900,38.0400,38.0700,18114000,25.9833
2014-04-04,38.2400,38.4800,38.1400,38.2200,15453600,26.0856
2014-04-07,38.2700,38.8900,38.2600,38.6200,17295700,26.3586
2014-04-08,38.6700,38.9000,38.4800,38.9000,14769900,26.5498
2014-04-09,38.8400,38.9900,38.7000,38.9900,12031400,26.6112
2014-04-10,38.9800,39.4000,38.8200,38.8900,21025700,26.5429
2014-04-11,38.8300,39.2200,38.5700,38.6300,18084200,26.3655
2014-04-14,38.7100,38.8000,38.4000,38.7300,19389800,26.4337
2014-04-15,39.8300,40.4700,39.5000,40.1800,47529200,27.4234
2014-04-16,40.1200,40.5900,40.1200,40.5900,21919900,27.7032
2014-04-17,40.4300,40.7200,40.2500,40.7200,18547100,27.7919
2014-04-21,40.4700,40.7600,40.3500,40.7500,12630900,27.8124
2014-04-22,40.5800,40.7600,40.4200,40.7100,17404900,27.7851
2014-04-23,40.7000,40.8100,40.5600,40.7300,12072500,27.7987
2014-04-24,40.7000,40.8900,40.4600,40.7000,11392600,27.7783
2014-04-25,40.4600,41.0100,40.4400,41.0100,16811400,27.9899
2014-04-28,40.8200,41.2800,40.7400,41.0300,20736700,28.0035
2014-04-29,40.9700,41.0300,40.5200,40.5700,18928400,27.6895
2014-04-30,40.6900,40.8800,40.5900,40.7900,12362000,27.8397
2014-05-01,40.7900,40.8000,40.2600,40.7800,15385800,27.8329
2014-05-02,40.7900,40.9600,40.6300,40.9500,14197000,27.9489
2014-05-05,40.6500,40.9300,40.5500,40.7600,10163500,27.8192
2014-05-06,40.5200,40.6600,40.4500,40.4900,9359900,27.6349
2014-05-07,40.7000,40.9700,40.6300,40.9100,11115600,27.9216
2014-05-08,40.8500,40.9600,40.6500,40.7300,8538700,27.7987
2014-05-09,40.7800,40.9500,40.7100,40.8700,8516400,27.8943
2014-05-12,40.8800,40.9700,40.6900,40.8200,8906000,27.8602
2014-05-13,40.8300,41.2200,40.8200,41.1100,11579600,28.0581
2014-05-14,41.0200,41.1800,40.8300,40.8900,10036100,27.9080
2014-05-15,40.6200,40.9600,40.4400,40.5200,12379200,27.6554
2014-05-16,40.5200,40.9100,40.4500,40.8900,13823900,27.9080
2014-05-19,40.6000,40.7300,40.4200,40.7100,7559500,27.7851
2014-05-20,40.8000,40.9300,40.5700,40.5800,9639500,27.6964
2014-05-21,40.5500,40.8800,40.5000,40.8700,8607300,27.8943
2014-05-22,40.7700,40.8400,40.5300,40.5800,8430400,27.6964
2014-05-23,40.6300,40.7000,40.5300,40.5800,6255200,27.6964
2014-05-27,40.5600,40.8200,40.4800,40.7700,11282900,27.8261
2014-05-28,40.7000,40.8900,40.5300,40.5800,7536700,27.6964
2014-05-29,40.6800,40.8700,40.6000,40.6600,9867100,27.7510
2014-05-30,40.5400,40.9200,40.4900,40.9100,10446100,27.9216
2014-06-02,40.7500,40.8900,40.6800,40.8600,7472100,27.8875
2014-06-03,40.7200,41.0000,40.7100,40.8800,10493100,27.9011
2014-06-04,40.9100,40.9200,40.7100,40.7900,7864700,27.8397
2014-06-05,40.7300,41.0000,40.6300,40.8900,10131700,27.9080
2014-06-06,40.9400,41.0600,40.8400,40.9900,8760600,27.9762
2014-06-09,40.8500,41.0900,40.8500,40.9100,7316400,27.9216
2014-06-10,40.8400,41.1500,40.8100,41.0700,9168600,28.0308
2014-06-11,40.9800,41.0600,40.7900,40.8600,9648600,27.8875
2014-06-12,40.4100,40.6800,40.3700,40.4200,11583600,27.7946
2014-06-13,40.3900,40.5300,40.2500,40.3700,9194600,27.7603
2014-06-16,40.1900,40.7700,40.1500,40.6600,12878200,27.9597
2014-06-17,41.1800,41.2000,40.6100,40.9200,26926600,28.1385
2014-06-18,40.7900,41.5700,40.7500,41.5600,18518200,28.5786
2014-06-19,41.5400,41.8700,41.5300,41.7900,13275200,28.7367
2014-06-20,41.8700,41.8800,41.5300,41.6900,23402600,28.6680
2014-06-23,41.4600,41.7400,41.3300,41.7300,13099300,28.6955
2014-06-24,41.5200,41.8900,41.4700,41.8500,14962800,28.7780
2014-06-25,41.6000,41.9800,41.4600,41.9600,17621800,28.8536
2014-06-26,41.9100,42.0500,41.7800,42.0300,16903300,28.9018
2014-06-27,41.9900,42.2900,41.9100,42.1900,18674400,29.0118
2014-06-30,41.9800,42.4900,41.8200,42.3600,14058700,29.1287
2014-07-01,42.3900,42.4500,42.1500,42.2900,11497700,29.0806
2014-07-02,42.3100,42.4100,42.1500,42.2900,6707000,29.0806
2014-07-03,42.2600,42.3200,42.0100,42.2300,7537700,29.0393
2014-07-07,41.9600,42.2000,41.9300,42.1400,8991900,28.9774
2014-07-08,41.9700,42.2500,41.9100,41.9400,10090500,28.8399
2014-07-09,41.9300,42.1600,41.7900,41.9500,9891600,28.8467
2014-07-10,41.5600,42.2900,41.5500,42.2600,12564500,29.0599
2014-07-11,42.1200,42.2500,41.8800,41.9700,9773000,28.8605
2014-07-14,41.9900,42.3900,41.9800,42.3800,11857700,29.1424
2014-07-15,42.4100,42.4300,41.9500,42.1000,10541900,28.9499
2014-07-16,42.2600,42.3900,42.0200,42.1200,10331400,28.9636
2014-07-17,41.9300,42.1500,41.8300,42.0200,9983500,28.8949
2014-07-18,42.1400,42.4700,42.0200,42.4300,19272400,29.1768
2014-07-21,42.1200,42.5700,42.0900,42.4000,17607200,29.1562
2014-07-22,41.1000,41.3300,40.6100,41.1900,24706000,28.3241
2014-07-23,40.9800,41.0500,40.6300,40.8100,17531700,28.0628
2014-07-24,40.9700,41.1000,40.6600,40.9700,14856000,28.1729
2014-07-25,40.9200,41.0400,40.8100,41.0000,10809900,28.1935
2014-07-28,40.9900,41.0000,40.6100,40.6800,11709100,27.9734
2014-07-29,40.7500,40.7800,40.3500,40.3500,10863600,27.7465
2014-07-30,40.4500,40.5000,39.6100,39.6200,20346200,27.2445
2014-07-31,39.5300,39.7300,39.2500,39.2900,15434700,27.0176
2014-08-01,39.1300,39.4900,39.0600,39.2900,13566700,27.0176
2014-08-04,39.4100,39.4600,39.1200,39.4000,11012900,27.0933
2014-08-05,39.3400,39.5300,39.1000,39.1800,11639200,26.9420
2014-08-06,39.1300,39.9600,39.1300,39.9200,17567500,27.4508
2014-08-07,39.9600,40.0100,39.3300,39.3500,14367400,27.0589
2014-08-08,39.3400,39.5800,39.2600,39.4500,13667000,27.1276
2014-08-11,39.5200,39.8700,39.5200,39.5700,14102600,27.2102
2014-08-12,39.5600,39.8400,39.5400,39.6800,13297500,27.2858
2014-08-13,39.7000,40.1000,39.7000,39.9400,9638900,27.4646
2014-08-14,39.9300,40.1900,39.9300,40.1800,6902000,27.6296
2014-08-15,40.8500,41.1500,40.6600,40.8800,23221600,28.1110
2014-08-18,40.7900,41.4200,40.7900,41.3500,14891500,28.4342
2014-08-19,41.3500,41.4800,41.1600,41.2600,10260400,28.3723
2014-08-20,41.1500,41.3400,41.0900,41.2500,6782500,28.3654
2014-08-21,41.2900,41.6900,41.2200,41.4100,11951000,28.4754
2014-08-22,41.2900,41.5200,41.0500,41.1200,11244600,28.2760
2014-08-25,41.3200,41.4500,41.1200,41.4100,10229300,28.4754
2014-08-26,41.4100,41.7000,41.4100,41.6000,8416500,28.6061
2014-08-27,41.5300,41.7100,41.4400,41.6000,7693100,28.6061
2014-08-28,41.5100,41.7000,41.4400,41.6300,9746400,28.6267
2014-08-29,41.6000,41.7500,41.4700,41.7200,7666700,28.6886
2014-09-02,41.5200,41.8400,41.3100,41.6400,9798100,28.6336
2014-09-03,41.6900,41.8500,41.6600,41.7800,8635400,28.7299
2014-09-04,41.8000,42.1700,41.7300,41.8700,16785300,28.7917
2014-09-05,41.8600,41.8600,41.6100,41.8400,12768100,28.7711
2014-09-08,41.6700,41.9400,41.6300,41.7800,9097700,28.7299
2014-09-09,41.7700,42.0300,41.7500,41.9400,11892500,28.8399
2014-09-10,41.9000,42.1900,41.8300,42.1700,17558000,28.9980
2014-09-11,41.6800,42.0600,41.6600,41.9500,19614000,29.0569
2014-09-12,41.9000,41.9200,41.3600,41.4600,12966800,28.7175
2014-09-15,41.4500,41.5800,41.3300,41.5000,12259600,28.7452
2014-09-16,41.2900,41.8000,41.1800,41.6400,15232800,28.8422
2014-09-17,41.7700,41.7800,41.3200,41.6100,16693800,28.8214
2014-09-18,41.7500,41.8800,41.5500,41.7900,12586400,28.9461
2014-09-19,41.9800,42.3500,41.7500,42.0500,47559700,29.1262
2014-09-22,41.8500,42.2500,41.7300,42.2200,11518100,29.2439
2014-09-23,42.0000,42.1600,41.8800,41.8900,10251300,29.0153
2014-09-24,41.8500,42.3400,41.8500,42.2700,13540900,29.2785
2014-09-25,42.0600,42.1700,41.7700,41.7800,11076300,28.9392
2014-09-26,42.0000,42.2500,41.7100,42.2000,9939600,29.2301
2014-09-29,41.9000,42.2600,41.8800,42.2500,12441100,29.2647
2014-09-30,42.1000,42.8100,42.0800,42.6600,22613700,29.5487
2014-10-01,42.5500,42.8500,42.3700,42.7400,30409700,29.6041
2014-10-02,42.6000,42.7800,42.4200,42.6600,16643200,29.5487
2014-10-03,42.8600,43.0700,42.6600,43.0000,14046300,29.7842
2014-10-06,43.0300,43.6800,42.9700,43.6000,20328100,30.1998
2014-10-07,43.4800,44.1400,43.4800,43.9200,24936600,30.4214
2014-10-08,43.5800,44.5600,43.5100,44.5500,26115600,30.8578
2014-10-09,44.4400,44.7500,43.8700,43.8700,25029300,30.3868
2014-10-10,43.8800,44.8700,43.8500,44.4700,25920800,30.8024
2014-10-13,44.2800,44.6300,44.0300,44.0700,20175200,30.5253
2014-10-14,44.0400,44.1200,43.4700,43.6400,21027400,30.2275
2014-10-15,42.7000,43.5300,42.7000,43.2300,22988600,29.9435
2014-10-16,42.6500,42.9400,42.3800,42.5600,22519200,29.4794
2014-10-17,42.6900,43.0300,42.3100,42.8800,23236000,29.7011
2014-10-20,42.7500,43.4700,42.7100,43.2900,17647800,29.9851
2014-10-21,40.8000,41.1900,40.2600,40.6800,55953500,28.1772
2014-10-22,40.1900,41.1100,40.1000,40.6200,27728200,28.1357
2014-10-23,40.9400,41.3800,40.7400,40.8600,23346800,28.3019
2014-10-24,40.9800,41.2700,40.9200,41.0300,13396000,28.4197
2014-10-27,40.7000,40.9100,40.5600,40.7600,17222500,28.2326
2014-10-28,40.7600,40.8600,40.5100,40.5600,18658700,28.0941
2014-10-29,40.6500,41.0300,40.5200,40.9600,25761800,28.3712
2014-10-30,41.0000,41.5900,40.8300,41.4000,18295600,28.6759
2014-10-31,41.8300,41.8900,41.4000,41.8800,18477700,29.0084
2014-11-03,41.7900,42.2800,41.5900,41.8100,13230600,28.9599
2014-11-04,41.7700,42.0500,41.6600,41.8200,10105300,28.9669
2014-11-05,42.3000,42.5400,41.9900,42.3100,20676800,29.3063
2014-11-06,42.4300,42.6200,42.1100,42.2900,11528800,29.2924
2014-11-07,42.4500,42.4600,42.1400,42.3200,11803800,29.3132
2014-11-10,42.2500,42.5700,42.0900,42.3900,9088900,29.3617
2014-11-11,42.3800,42.7100,42.3600,42.5100,8563700,29.4448
2014-11-12,42.5100,42.8900,42.3100,42.7100,12768800,29.5833
2014-11-13,42.6500,43.0800,42.6300,42.7900,12007700,29.6387
2014-11-14,42.7000,42.9700,42.5000,42.7300,10939500,29.5972
2014-11-17,42.7500,42.9900,42.7300,42.9200,10664000,29.7288
2014-11-18,42.9500,43.8600,42.7500,43.5300,26143000,30.1513
2014-11-19,43.6700,44.4300,43.5600,44.2200,25402300,30.6292
2014-11-20,43.9600,44.4200,43.8500,44.2500,13465400,30.6500
2014-11-21,44.5800,44.7400,44.2800,44.5000,14382700,30.8232
2014-11-24,44.5100,44.7800,44.2000,44.2700,12890800,30.6639
2014-11-25,44.2700,44.5900,44.1200,44.4300,10741700,30.7747
2014-11-26,43.9900,44.3700,43.9700,44.2900,9199200,30.8898
2014-11-28,44.1500,45.0000,44.1500,44.8300,10502000,31.2664
2014-12-01,44.1800,44.7700,44.1300,44.5500,10065700,31.0711
2014-12-02,44.3700,44.6700,44.2300,44.5400,9878100,31.0641
2014-12-03,44.4200,44.4400,43.7600,43.8000,15246500,30.5480
2014-12-04,43.6200,43.8400,43.3700,43.5000,13779700,30.3388
2014-12-05,43.5000,43.6100,43.2000,43.5300,12536900,30.3597
2014-12-08,43.5100,43.6300,43.0900,43.1400,12802300,30.0877
2014-12-09,42.1500,42.5300,41.6700,42.0400,25714600,29.3205
2014-12-10,42.0400,42.2400,41.5600,41.6000,18324100,29.0136
2014-12-11,41.6200,42.0100,41.5000,41.5300,16201500,28.9648
2014-12-12,41.3900,41.6100,40.8700,40.9100,18432400,28.5324
2014-12-15,41.1300,41.1800,40.5600,40.5700,23378500,28.2953
2014-12-16,40.2000,41.3100,39.8000,40.3900,23475400,28.1697
2014-12-17,40.4400,41.7600,40.3800,41.5500,20223900,28.9788
2014-12-18,41.8600,42.3900,41.7500,42.3900,18030700,29.5646
2014-12-19,42.4400,42.7900,41.8900,41.9500,24009500,29.2577
2014-12-22,42.1400,42.4400,42.0900,42.3500,11190900,29.5367
2014-12-23,42.5400,43.1400,42.4700,42.9700,13411300,29.9691
2014-12-24,43.1000,43.2300,42.9200,42.9400,6405900,29.9482
2014-12-26,42.9700,43.3000,42.9300,42.9600,6466900,29.9622
2014-12-29,42.8000,43.0600,42.4900,42.8600,8694500,29.8924
2014-12-30,42.7400,42.9900,42.6500,42.7600,9222000,29.8227
2014-12-31,42.9200,42.9400,42.2200,42.2200,9369500,29.4461
2015-01-02,42.2600,42.4000,41.8000,42.1400,9921100,29.3903
2015-01-05,42.6900,42.9700,42.0800,42.1400,26292600,29.3903
2015-01-06,42.4100,42.9400,42.2400,42.4600,16897500,29.6134
2015-01-07,42.8000,43.1100,42.5800,42.9900,13412300,29.9831
2015-01-08,43.1800,43.5700,43.1000,43.5100,21743600,30.3458
2015-01-09,43.4700,43.5600,42.9500,43.0300,12733500,30.0110
2015-01-12,43.0700,43.2000,42.4600,42.6400,11415800,29.7390
2015-01-13,42.8300,43.2400,42.4500,42.6300,12529500,29.7320
2015-01-14,42.0800,42.6000,42.0700,42.5600,13447600,29.6832
2015-01-15,42.8300,42.8600,42.1700,42.3800,11193100,29.5577
2015-01-16,42.3600,42.5900,42.2400,42.5300,15114900,29.6623
2015-01-20,42.7000,43.3300,42.6100,43.1600,17047300,30.1017
2015-01-21,42.8900,43.4300,42.7600,43.3600,10720600,30.2411
2015-01-22,43.3700,43.8300,43.0700,43.7800,14709100,30.5341
2015-01-23,43.6000,43.7500,43.1800,43.3100,12357700,30.2063
2015-01-26,43.1800,43.2300,42.8300,43.0000,11151900,29.9901
2015-01-27,42.5400,42.6400,42.1500,42.3900,15274000,29.5646
2015-01-28,42.5900,42.8000,41.9000,41.9200,14278500,29.2368
2015-01-29,41.7700,42.1500,41.4700,42.1000,13657900,29.3624
2015-01-30,41.8300,41.9300,41.1100,41.1700,19193700,28.7137
2015-02-02,41.2100,41.6300,40.9000,41.5900,15197500,29.0067
2015-02-03,41.7500,41.8500,41.3700,41.6300,13193100,29.0346
2015-02-04,41.7700,42.0900,41.6200,41.6800,16400000,29.0694
2015-02-05,41.8000,41.8200,41.5100,41.7900,11078500,29.1462
2015-02-06,41.6300,41.7600,41.3200,41.4500,12366400,28.9090
2015-02-09,41.3800,41.4500,41.0400,41.2300,13371100,28.7556
2015-02-10,42.9100,43.0300,42.2000,42.4000,32184200,29.5716
2015-02-11,42.1000,42.4900,41.7000,42.3700,20496300,29.5507
2015-02-12,42.4000,42.6600,42.0700,42.1700,13818200,29.4112
2015-02-13,42.0200,42.2300,41.7600,41.9900,10792100,29.2856
2015-02-17,41.8100,41.8800,41.6400,41.8100,12804200,29.1601
2015-02-18,41.7500,41.8000,41.4700,41.7300,9789800,29.1043
2015-02-19,41.6800,42.2400,41.5300,42.1100,16578300,29.3693
2015-02-20,42.0400,42.1100,41.6400,41.9700,15982400,29.2717
2015-02-23,41.7100,42.1700,41.6900,41.8500,11830300,29.1880
2015-02-24,41.8500,42.3300,41.7700,42.1300,12782700,29.3833
2015-02-25,42.1700,42.2400,41.7400,42.0500,10323300,29.3275
2015-02-26,42.0400,42.5500,41.9700,42.4600,14346500,29.6134
2015-02-27,42.5200,43.6600,42.4700,43.3000,28312800,30.1993
2015-03-02,43.3000,43.3000,43.0800,43.2000,13514600,30.1296
2015-03-03,43.1100,43.1600,42.8400,42.9500,10036300,29.9552
2015-03-04,42.9200,42.9800,42.4700,42.5000,16263000,29.6413
2015-03-05,42.5600,42.6100,42.2500,42.4000,9223000,29.5716
2015-03-06,42.1200,42.2000,41.3300,41.5200,18180500,28.9579
2015-03-09,41.5300,41.5500,41.3200,41.3900,10123300,28.8672
2015-03-10,41.1000,41.1500,40.6800,40.6900,14599100,28.3790
2015-03-11,40.7300,40.7300,40.0800,40.1000,18549700,27.9675
2015-03-12,40.1000,40.5700,40.0200,40.5700,17728700,28.5301
2015-03-13,40.4400,40.5700,39.6100,39.9100,17438400,28.0659
2015-03-16,40.0000,40.3500,39.9900,40.2900,15238800,28.3332
2015-03-17,40.6700,40.7300,40.3200,40.5100,21661800,28.4879
2015-03-18,40.4800,40.7900,39.8000,40.6000,26247500,28.5512
2015-03-19,40.4800,40.5200,39.9600,40.0200,16057600,28.1433
2015-03-20,40.0700,40.6600,40.0100,40.6500,31608500,28.5863
2015-03-23,40.6400,40.9400,40.5000,40.6200,17060500,28.5652
2015-03-24,40.9100,40.9900,40.4700,40.4700,13485700,28.4597
2015-03-25,40.5900,40.7000,40.2400,40.4500,22811300,28.4457
2015-03-26,40.3400,40.5600,40.2300,40.3500,17359600,28.3754
2015-03-27,40.4800,40.4800,39.9700,40.0800,14384400,28.1855
2015-03-30,40.1100,40.6100,39.9400,40.5100,12561400,28.4879
2015-03-31,40.5100,40.9000,40.3500,40.5500,16604800,28.5160
2015-04-01,40.7900,40.8100,40.2300,40.6800,14300700,28.6074
2015-04-02,40.7300,40.8700,40.4800,40.6800,14343100,28.6074
2015-04-06,40.7700,41.6100,40.5900,41.1700,19843400,28.9520
2015-04-07,41.0500,41.3700,40.9700,41.0100,9773400,28.8395
2015-04-08,40.9800,41.0900,40.7400,40.8900,8954700,28.7551
2015-04-09,40.8000,41.0800,40.6300,41.0500,12710900,28.8676
2015-04-10,41.0900,41.1600,40.8500,40.8800,8720000,28.7481
2015-04-13,40.9700,40.9700,40.7000,40.7000,9616300,28.6215
2015-04-14,40.5900,40.6500,40.3200,40.5100,11209700,28.4879
2015-04-15,40.5900,40.8100,40.3200,40.4000,11189100,28.4105
2015-04-16,40.4100,40.8600,40.3000,40.6000,13121000,28.5512
2015-04-17,40.4700,40.6600,40.1000,40.3000,15330300,28.3402
2015-04-20,40.4200,40.9000,40.4100,40.6600,13023700,28.5934
2015-04-21,40.6700,40.9900,40.5400,40.7800,19673100,28.6777
2015-04-22,41.5600,41.5700,41.0700,41.3100,26887200,29.0505
2015-04-23,41.2300,41.4100,40.9200,40.9500,17408800,28.7973
2015-04-24,41.0400,41.1200,40.8100,40.8900,11623300,28.7551
2015-04-27,41.0000,41.1500,40.7800,40.8300,10044600,28.7129
2015-04-28,40.9500,40.9700,40.6000,40.7700,12174800,28.6707
2015-04-29,40.6600,40.7500,40.4000,40.4900,11371400,28.4738
2015-04-30,40.4000,40.5800,40.2800,40.5600,12700800,28.5230
2015-05-01,40.5800,40.9300,40.5000,40.9100,10848300,28.7692
2015-05-04,40.8800,41.1000,40.7700,40.9600,10204800,28.8043
2015-05-05,41.1400,41.1400,40.6800,40.7500,11721300,28.6566
2015-05-06,41.0400,41.0900,40.3900,40.6600,11906900,28.5934
2015-05-07,40.5300,40.9100,40.5100,40.7000,13834700,28.6215
2015-05-08,41.0000,41.1700,40.8500,40.9800,11144400,28.8184
2015-05-11,40.9800,41.3900,40.8800,40.9400,10113500,28.7903
2015-05-12,40.7700,40.9600,40.5200,40.6900,12384500,28.6144
2015-05-13,40.7500,41.3600,40.7200,41.0500,13183700,28.8676
2015-05-14,41.3000,41.6000,41.2600,41.5000,9961000,29.1841
2015-05-15,41.4500,41.6900,41.4300,41.5200,8479000,29.1981
2015-05-18,41.4900,41.4900,41.2500,41.3200,11511700,29.0575
2015-05-19,41.2300,41.3900,41.1300,41.3100,9072000,29.0505
2015-05-20,41.3700,41.5900,41.3100,41.3500,10965200,29.0786
2015-05-21,41.2600,41.3200,41.0700,41.2300,9270900,28.9942
2015-05-22,41.1200,41.2400,41.0400,41.2100,11909500,28.9801
2015-05-26,41.1200,41.1800,40.7400,40.9900,15194300,28.8254
2015-05-27,40.9400,41.2000,40.8300,41.1200,9863100,28.9168
2015-05-28,41.2000,41.3000,40.8800,41.1400,9395200,28.9309
2015-05-29,41.1800,41.1800,40.7700,40.9600,19628600,28.8043
2015-06-01,41.3600,41.4100,40.8800,40.9400,12684100,28.7903
2015-06-02,40.8400,41.1600,40.6800,40.9900,11878600,28.8254
2015-06-03,41.1000,41.2100,40.7800,40.8700,8153800,28.7410
2015-06-04,40.7100,40.9800,40.5300,40.5900,10145800,28.5441
2015-06-05,40.4800,40.5200,40.0800,40.1000,15975600,28.1996
2015-06-08,40.1000,40.2600,40.0200,40.1600,14339300,28.2417
2015-06-09,40.1700,40.4200,40.1100,40.2000,10772700,28.2699
2015-06-10,40.3200,40.5400,40.2800,40.3300,11979900,28.3613
2015-06-11,40.1100,40.2500,40.0300,40.1000,11944900,28.4322
2015-06-12,40.0400,40.1200,39.8400,39.9600,15568600,28.3329
2015-06-15,39.8300,39.8600,39.5700,39.5900,11364800,28.0706
2015-06-16,39.6300,40.1600,39.6000,40.0800,12517400,28.4180
2015-06-17,40.0800,40.3200,40.0100,40.2700,13898400,28.5527
2015-06-18,40.1600,40.7400,40.1600,40.6500,16314600,28.8222
2015-06-19,40.5900,40.6500,40.4000,40.4000,23550600,28.6449
2015-06-22,40.5100,40.8100,40.4600,40.4800,8775900,28.7016
2015-06-23,40.4300,40.5200,40.3100,40.3800,11094900,28.6307
2015-06-24,40.3700,40.4500,40.1900,40.1900,10385100,28.4960
2015-06-25,40.2800,40.3400,40.0200,40.0200,10607600,28.3755
2015-06-26,40.1000,40.3500,40.0000,40.0000,16215600,28.3613
2015-06-29,39.8000,39.9800,39.4000,39.4000,15500800,27.9359
2015-06-30,39.6100,39.6100,39.1200,39.2300,14621300,27.8153
2015-07-01,39.3800,39.6000,39.2800,39.5000,11177400,28.0068
2015-07-02,39.6300,39.8100,39.3500,39.4900,8975900,27.9997
2015-07-06,39.3200,39.6000,39.2200,39.4200,10252600,27.9501
2015-07-07,39.4900,40.3800,39.4000,40.2500,20335000,28.5385
2015-07-08,39.9900,40.2300,39.8400,39.8600,11383700,28.2620
2015-07-09,40.4600,40.5800,39.9000,39.9200,13392000,28.3046
2015-07-10,40.2700,40.5200,40.1600,40.3900,13360400,28.6378
2015-07-13,40.5600,40.7700,40.4900,40.6600,9854200,28.8292
2015-07-14,40.9000,41.2600,40.8400,41.1700,19531000,29.1909
2015-07-15,41.1500,41.3600,41.1000,41.1300,11252100,29.1625
2015-07-16,41.4200,41.6000,41.3500,41.4800,10483700,29.4106
2015-07-17,41.3100,41.3200,41.0500,41.2500,9608300,29.2476
2015-07-20,41.3500,41.5400,41.2200,41.3800,10024200,29.3397
2015-07-21,41.3800,41.5200,41.1000,41.1900,13653800,29.2050
2015-07-22,40.8100,41.5900,40.5900,40.9000,15528600,28.9994
2015-07-23,40.9900,41.0200,40.4800,40.8400,13522200,28.9569
2015-07-24,40.7600,40.8300,40.4100,40.4400,10912500,28.6733
2015-07-27,40.2800,40.5800,40.1600,40.5400,10945700,28.7442
2015-07-28,40.6500,40.7300,40.4400,40.5500,11021800,28.7513
2015-07-29,40.5300,40.7100,40.4900,40.5900,8479900,28.7796
2015-07-30,40.5500,40.7500,40.3900,40.5600,9095500,28.7583
2015-07-31,40.8800,41.2200,40.7700,41.0800,15309500,29.1270
2015-08-03,40.8500,41.5500,40.8400,41.5400,14672600,29.4532
2015-08-04,41.5100,41.8700,41.3400,41.8500,17559900,29.6730
2015-08-05,41.9200,42.2200,41.8200,42.1200,15329200,29.8644
2015-08-06,42.0000,42.2500,41.8600,41.9200,11378900,29.7226
2015-08-07,41.8100,41.9700,41.5300,41.7700,10886700,29.6163
2015-08-10,41.8900,41.9900,41.5800,41.6800,9501900,29.5525
2015-08-11,41.4000,41.5700,41.1700,41.4800,11254900,29.4106
2015-08-12,41.1300,41.2600,40.8500,41.2600,9602200,29.2547
2015-08-13,41.2800,41.3800,41.0100,41.1000,10270900,29.1412
2015-08-14,41.0100,41.2500,40.9600,41.2500,9904800,29.2476
2015-08-17,41.0300,41.4500,40.9700,41.3500,8272800,29.3185
2015-08-18,41.2800,41.5300,41.1900,41.3000,11199400,29.2830
2015-08-19,41.1400,41.2400,40.7800,40.7800,15796500,28.9143
2015-08-20,40.5200,40.8200,40.4200,40.5500,14218000,28.7513
2015-08-21,40.1600,40.4700,39.5100,39.5300,28036200,28.0280
2015-08-24,37.9900,38.9400,36.5600,38.3800,44065300,27.2127
2015-08-25,39.1300,39.2800,37.9300,37.9900,31363700,26.9361
2015-08-26,38.7500,38.8300,37.8900,38.7300,23523300,27.4608
2015-08-27,39.0600,39.3800,38.6000,39.2700,18871600,27.8437
2015-08-28,39.1100,39.4700,39.0500,39.4500,14503900,27.9713
2015-08-31,39.1500,39.4500,39.0600,39.3200,12673300,27.8791
2015-09-01,38.6700,39.0300,38.5400,38.7500,23703200,27.4750
2015-09-02,39.0300,39.0700,38.5600,38.9000,14054800,27.5814
2015-09-03,38.9000,39.3400,38.8400,39.1600,13311600,27.7657
2015-09-04,38.6800,38.7900,38.3800,38.5200,15450500,27.3119
2015-09-08,38.8700,39.0300,38.6000,38.9000,15273900,27.5814
2015-09-09,39.1200,39.2100,38.2000,38.3000,13764600,27.1559
2015-09-10,38.3100,38.6500,38.2500,38.4200,14952500,27.2410
2015-09-11,38.0100,38.1900,37.8400,38.1300,11802300,27.2696
2015-09-14,38.2200,38.2200,37.8500,38.1000,8950000,27.2482
2015-09-15,38.0700,38.6300,37.9200,38.5000,13019800,27.5342
2015-09-16,38.6700,39.1900,38.4700,39.1500,22233400,27.9991
2015-09-17,39.1500,39.6100,39.0400,39.3800,21232500,28.1636
2015-09-18,38.8600,39.3000,38.7100,38.9800,27527300,27.8775
2015-09-21,39.0500,39.3100,38.9400,39.1900,12935800,28.0277
2015-09-22,38.6800,38.9900,38.5800,38.7900,15021300,27.7416
2015-09-23,38.7900,38.8800,38.5500,38.7600,8910800,27.7202
2015-09-24,38.5200,39.2000,38.5100,39.1500,19385700,27.9991
2015-09-25,39.4300,40.0800,39.3300,39.6200,22511300,28.3352
2015-09-28,39.5200,39.8200,39.3300,39.5300,19323100,28.2709
2015-09-29,39.5200,39.7100,39.3300,39.6600,14166900,28.3638
2015-09-30,39.8800,40.2300,39.8000,40.1200,19752600,28.6928
2015-10-01,40.2200,40.4700,39.6000,39.8000,19606600,28.4640
2015-10-02,39.5600,40.3900,39.3600,40.3900,15537300,28.8859
2015-10-05,40.4500,41.0500,40.4300,41.0100,15664000,29.3293
2015-10-06,41.0400,41.3400,40.9300,40.9600,14579400,29.2936
2015-10-07,41.1400,41.6100,41.1000,41.5200,14329700,29.6941
2015-10-08,41.2600,41.9900,41.2600,41.9800,11960200,30.0230
2015-10-09,41.8200,42.1200,41.7800,42.0200,13931200,30.0517
2015-10-12,41.8300,42.2900,41.8100,42.0000,12299100,30.0374
2015-10-13,41.8000,41.9100,41.5400,41.6500,12903600,29.7870
2015-10-14,41.5600,41.9600,41.5600,41.6800,14180000,29.8085
2015-10-15,41.8700,42.0300,41.6000,41.9200,11801600,29.9801
2015-10-16,42.1600,42.2100,41.8800,42.0200,20384200,30.0517
2015-10-19,41.9000,42.0600,41.8000,41.9900,15553800,30.0302
2015-10-20,42.0000,42.4000,42.0000,42.2900,16199300,30.2448
2015-10-21,41.9400,42.5200,41.7100,42.1900,19254900,30.1732
2015-10-22,42.4400,43.8500,42.4100,43.2400,35920200,30.9242
2015-10-23,43.3100,43.3100,42.7500,42.7900,18796100,30.6023
2015-10-26,42.7600,42.8900,42.4600,42.5900,14788600,30.4593
2015-10-27,42.5000,42.7700,42.4800,42.6100,30166600,30.4736
2015-10-28,42.7500,42.8400,42.2100,42.7300,13667300,30.5594
2015-10-29,42.6600,42.9000,42.3400,42.7900,9427400,30.6023
2015-10-30,42.8000,42.8600,42.3500,42.3500,15356200,30.2877
2015-11-02,42.3200,42.3600,41.9000,42.2400,16252200,30.2090
2015-11-03,42.1800,42.3200,41.8100,42.1600,9693100,30.1518
2015-11-04,42.2700,42.3900,41.8900,41.9700,10488500,30.0159
2015-11-05,42.0000,42.3500,41.9800,42.3300,9625100,30.2734
2015-11-06,41.9700,42.2200,41.6100,41.9600,11926700,30.0087
2015-11-09,41.7000,41.7900,41.3400,41.5400,10842700,29.7084
2015-11-10,41.4400,41.8100,41.4300,41.7700,8283100,29.8729
2015-11-11,41.9400,42.2000,41.9200,42.0400,9101200,30.0660
2015-11-12,42.0100,42.0500,41.5700,41.5800,10725000,29.7370
2015-11-13,41.4600,41.7800,41.3600,41.3800,11619500,29.5939
2015-11-16,41.4300,42.0000,41.3900,41.9600,11244900,30.0087
2015-11-17,41.8500,42.1500,41.5100,41.6700,12739400,29.8013
2015-11-18,41.7700,42.3500,41.6800,42.2800,12966300,30.2376
2015-11-19,42.3200,43.3000,42.3200,43.1100,24090700,30.8312
2015-11-20,43.3100,43.5800,42.4000,42.4300,19780800,30.3449
2015-11-23,42.5500,43.1800,42.5300,42.9600,13338100,30.7239
2015-11-24,42.7000,43.6000,42.6600,43.3600,15767200,31.0100
2015-11-25,43.3200,43.5000,43.2400,43.3600,10344900,31.0100
2015-11-27,43.0400,43.2400,42.8000,43.1500,7236700,31.0965
2015-11-30,43.1200,43.1500,42.6100,42.6200,16063000,30.7145
2015-12-01,42.7300,43.1000,42.7300,42.8900,11153000,30.9091
2015-12-02,42.8300,42.9300,42.5900,42.7700,12598500,30.8226
2015-12-03,42.7300,42.8900,42.3200,42.4600,15004400,30.5992
2015-12-04,42.5800,43.4800,42.5800,43.2900,16488000,31.1974
2015-12-07,43.3100,43.4400,43.0000,43.2000,12030700,31.1325
2015-12-08,43.0500,43.2500,42.8000,43.0100,10736200,30.9956
2015-12-09,42.7800,43.2700,42.5000,42.6600,12945500,30.7433
2015-12-10,42.7300,43.0700,42.5300,42.7600,15483300,30.8154
2015-12-11,42.6300,42.8300,42.1400,42.2700,17313400,30.4623
2015-12-14,42.3100,42.7600,41.9700,42.4500,20092900,30.5920
2015-12-15,42.8400,43.2400,42.7600,43.0700,17916400,31.0388
2015-12-16,43.2500,43.9100,43.2500,43.8400,21868600,31.5937
2015-12-17,43.8100,43.8900,43.4200,43.4900,14697000,31.3415
2015-12-18,43.3600,43.4200,42.5000,42.5000,24583700,30.6280
2015-12-21,42.8200,42.9400,42.4600,42.7800,10444400,30.8298
2015-12-22,42.8600,43.3900,42.7100,43.2900,12280800,31.1974
2015-12-23,43.3900,43.7300,43.3500,43.6700,9092300,31.4712
2015-12-24,43.4900,43.7200,43.4200,43.5400,3036600,31.3775
2015-12-28,43.4400,43.5200,43.3100,43.4900,6326100,31.3415
2015-12-29,43.5400,43.7800,43.5000,43.7100,7739800,31.5000
2015-12-30,43.7500,43.7700,43.4500,43.5700,5112500,31.3992
2015-12-31,43.3000,43.3400,42.8700,42.9600,9727900,30.9595
2016-01-04,42.3400,42.5000,41.9700,42.4000,16084100,30.5560
2016-01-05,42.3100,42.6300,42.1700,42.5500,15781900,30.6641
2016-01-06,42.2000,42.5100,42.0400,42.3200,16245100,30.4983
2016-01-07,41.6500,42.1100,41.4500,41.6200,20563600,29.9939
2016-01-08,41.6500,42.1200,41.4100,41.5100,14645900,29.9146
2016-01-11,41.5800,41.8600,41.2900,41.5800,15815200,29.9650
2016-01-12,42.3000,42.4500,41.8700,42.1200,21814800,30.3542
2016-01-13,42.1700,42.5700,41.7900,41.8500,16854300,30.1596
2016-01-14,41.9900,42.1700,41.6400,41.8800,16028000,30.1812
2016-01-15,40.9500,41.5900,40.9300,41.5000,21153600,29.9074
2016-01-19,41.7700,42.1200,41.6500,41.9200,15462200,30.2101
2016-01-20,41.4500,41.6200,40.7500,41.3800,19923500,29.8209
2016-01-21,41.4500,41.5100,41.0900,41.3900,15568900,29.8281
2016-01-22,41.6400,42.2400,41.4500,42.0600,15209200,30.3110
2016-01-25,42.2400,42.5000,41.9300,42.1600,12505200,30.3830
2016-01-26,42.1600,42.5000,41.9300,42.0800,13018500,30.3254
2016-01-27,42.1800,42.4600,41.8100,42.0900,14167000,30.3326
2016-01-28,42.1800,42.7200,42.0600,42.5700,16622800,30.6785
2016-01-29,42.8600,43.2600,42.6500,42.9200,20457000,30.9307
2016-02-01,42.6000,43.1500,42.5700,43.0000,17097800,30.9884
2016-02-02,42.7000,42.7900,42.4100,42.4400,12332900,30.5848
2016-02-03,42.8000,42.9400,42.2800,42.7200,15958300,30.7866
2016-02-04,42.5200,42.8900,42.4000,42.5300,14413700,30.6497
2016-02-05,42.9300,42.9900,42.2600,42.4400,17315700,30.5848
2016-02-08,42.1700,42.7000,41.9000,42.6500,17254400,30.7361
2016-02-09,42.2600,43.4900,42.2600,43.3000,24853800,31.2046
2016-02-10,43.3400,43.3900,42.5100,42.5500,16729600,30.6641
2016-02-11,42.0300,42.6100,41.9800,42.4100,16825300,30.5632
2016-02-12,42.7200,43.1400,42.5600,43.1100,15222400,31.0677
2016-02-16,43.3200,43.4600,43.0200,43.3600,12675900,31.2478
2016-02-17,43.4200,43.6200,43.2800,43.4900,12332500,31.3415
2016-02-18,43.6300,43.7300,43.3000,43.6100,11170300,31.4280
2016-02-19,43.5800,43.7700,43.2800,43.7700,12850000,31.5433
2016-02-22,43.7700,44.1600,43.6300,43.9400,20716100,31.6658
2016-02-23,43.7400,44.0500,43.6600,43.6900,11166400,31.4856
2016-02-24,43.5600,43.9400,43.3700,43.9100,10844200,31.6442
2016-02-25,43.9600,44.1800,43.8700,44.1600,10903300,31.8243
2016-02-26,44.0400,44.0600,43.1100,43.1400,18421000,31.0893
2016-02-29,43.1700,43.6100,42.9200,43.1300,15049800,31.0821
2016-03-01,43.3800,43.6900,43.1700,43.6900,12358300,31.4856
2016-03-02,43.4700,43.7700,43.4200,43.7700,12856300,31.5433
2016-03-03,43.6100,43.9800,43.5400,43.9600,13134800,31.6802
2016-03-04,43.7800,44.1500,43.6800,44.1100,13691500,31.7883
2016-03-07,43.9100,44.1400,43.8600,44.0100,10695300,31.7162
2016-03-08,43.9200,44.4700,43.8100,44.3200,18900200,31.9396
2016-03-09,44.3900,44.8300,44.2900,44.8100,18466600,32.2928
2016-03-10,44.8400,45.2600,44.6800,45.2300,28908600,32.5954
2016-03-11,45.0000,45.2500,44.9300,45.2000,16129300,32.8278
2016-03-14,45.0400,45.4200,45.0400,45.2900,13206700,32.8932
2016-03-15,45.0800,45.5600,45.0700,45.2400,13686300,32.8569
2016-03-16,45.0500,45.1700,44.5500,45.0500,15386100,32.7189
2016-03-17,45.0500,45.9100,44.9700,45.7700,24080000,33.2418
2016-03-18,45.8400,45.8700,45.3900,45.6000,23853400,33.1184
2016-03-21,45.4200,45.8700,45.3600,45.6700,9740400,33.1692
2016-03-22,45.5500,45.7300,45.3900,45.5000,13788300,33.0457
2016-03-23,45.4000,45.7100,45.3500,45.4600,9292100,33.0167
2016-03-24,45.4500,45.6000,45.1900,45.5800,10890200,33.1038
2016-03-28,45.5600,45.9300,45.5100,45.8000,13306600,33.2636
2016-03-29,45.8600,46.5100,45.8100,46.4800,25010400,33.7575
2016-03-30,46.6300,46.7300,46.3300,46.5800,14312200,33.8301
2016-03-31,46.5500,46.8800,46.3200,46.3900,15544500,33.6921
2016-04-01,46.1400,46.8700,46.1100,46.8300,14922900,34.0117
2016-04-04,46.8400,46.9300,46.5000,46.8900,10629800,34.0553
2016-04-05,46.6200,46.8100,46.4400,46.5300,10696700,33.7938
2016-04-06,46.5700,46.7300,46.3800,46.7100,9122700,33.9245
2016-04-07,46.5000,46.5800,46.1600,46.3600,9292000,33.6703
2016-04-08,46.4400,46.9800,46.4400,46.8700,11959300,34.0407
2016-04-11,46.9000,47.1300,46.4100,46.4400,11880100,33.7284
2016-04-12,46.4100,46.7600,46.3500,46.6500,11219100,33.8810
2016-04-13,46.7700,46.7800,45.8200,46.0400,13234100,33.4379
2016-04-14,46.0600,46.2200,45.7500,45.8300,12982200,33.2854
2016-04-15,45.8200,46.1600,45.6800,46.1000,13647800,33.4815
2016-04-18,46.1000,46.2800,45.8200,46.2200,11538100,33.5687
2016-04-19,46.3100,46.6200,46.1500,46.6000,14418300,33.8446
2016-04-20,45.3400,45.3800,44.0600,44.3700,40360300,32.2250
2016-04-21,44.2600,44.2800,42.8700,43.6600,37206900,31.7094
2016-04-22,43.7900,44.6600,43.7900,44.5400,25134200,32.3485
2016-04-25,44.5000,44.7200,44.3800,44.7100,11173800,32.4720
2016-04-26,44.9200,44.9600,44.4300,44.5300,13935500,32.3412
2016-04-27,44.6400,44.8600,44.2500,44.6800,11335500,32.4502
2016-04-28,44.5000,44.9000,44.4600,44.6300,10932500,32.4139
2016-04-29,44.5300,44.8600,44.5000,44.8000,11716000,32.5373
2016-05-02,44.5700,45.1900,44.5700,44.9800,12577500,32.6681
2016-05-03,44.8700,45.0700,44.6500,44.8400,10420500,32.5664
2016-05-04,44.7200,45.1100,44.5100,44.9800,9350500,32.6681
2016-05-05,44.9300,45.4900,44.8700,45.0600,8801100,32.7262
2016-05-06,45.0600,45.4100,44.9200,45.3200,8564000,32.9150
2016-05-09,45.3200,45.5000,45.1700,45.2400,8110600,32.8569
2016-05-10,45.4400,45.8400,45.4200,45.7500,8933500,33.2273
2016-05-11,45.7300,45.8800,45.4500,45.4600,8833100,33.0167
2016-05-12,45.5500,45.9000,45.4900,45.8300,10463400,33.2854
2016-05-13,45.7500,45.8300,45.2300,45.3500,10341200,32.9368
2016-05-16,45.1600,45.7300,45.1400,45.6200,9413600,33.1329
2016-05-17,45.4500,45.5600,44.7100,44.7500,17457000,32.5010
2016-05-18,44.5600,44.8300,44.2300,44.4800,12524300,32.3049
2016-05-19,44.2500,44.3900,44.0400,44.3200,10659500,32.1887
2016-05-20,44.5100,44.5400,43.9400,43.9500,12914100,31.9200
2016-05-23,44.0700,44.1600,43.9400,43.9700,13554700,31.9345
2016-05-24,44.1000,44.4200,44.0000,44.3700,12634200,32.2250
2016-05-25,44.5100,44.6300,44.2500,44.3800,9218100,32.2323
2016-05-26,44.5300,44.7700,44.4400,44.6900,8695800,32.4574
2016-05-27,44.7100,44.9600,44.6500,44.7800,7893900,32.5228
2016-05-31,44.9800,44.9800,44.2600,44.6000,18935200,32.3921
2016-06-01,44.6000,44.7800,44.4900,44.7000,8916000,32.4647
2016-06-02,44.7000,44.7200,44.5000,44.7200,6693900,32.4792
2016-06-03,44.7500,45.0500,44.6800,45.0400,13434900,32.7116
2016-06-06,45.0900,45.4800,45.0800,45.3700,10310600,32.9513
2016-06-07,45.3500,45.4800,45.2000,45.3200,9812600,32.9150
2016-06-08,45.2400,45.6600,45.1900,45.5500,7915400,33.0820
2016-06-09,45.3300,45.8000,45.3100,45.7600,8042900,33.2346
2016-06-10,45.6200,46.0100,45.5600,45.9900,12357000,33.4016
2016-06-13,45.4800,45.6700,45.0900,45.1200,10613500,33.0210
2016-06-14,44.8500,45.1300,44.4400,45.0400,11298200,32.9625
2016-06-15,45.1200,45.3400,44.8800,45.0100,8360400,32.9405
2016-06-16,44.8700,45.3400,44.7200,45.3100,11305400,33.1601
2016-06-17,45.1700,45.2200,44.3800,44.7900,20805400,32.7795
2016-06-20,45.0900,45.3100,44.9600,44.9800,10712400,32.9186
2016-06-21,45.1600,45.2800,45.0000,45.1300,7919400,33.0284
2016-06-22,45.2500,45.3300,44.8100,44.8600,10738900,32.8308
2016-06-23,45.0300,45.1700,44.8400,45.0800,9655300,32.9918
2016-06-24,44.2000,44.5600,43.8200,43.9300,26003700,32.1501
2016-06-27,43.6700,43.8900,43.3200,43.7800,15779500,32.0404
2016-06-28,44.0600,44.1900,43.6700,44.1800,16509800,32.3331
2016-06-29,44.3900,44.7100,44.2400,44.4400,12250900,32.5234
2016-06-30,44.5200,45.3300,44.4900,45.3300,16056500,33.1747
2016-07-01,45.3300,45.4100,45.0700,45.1200,11799700,33.0210
2016-07-05,45.1600,45.6700,45.1500,45.4300,12339100,33.2479
2016-07-06,45.5000,45.5500,44.9200,45.2700,10902600,33.1308
2016-07-07,45.4200,45.5200,44.9700,45.0900,9741100,32.9991
2016-07-08,45.3000,45.5200,45.0700,45.3800,11127100,33.2113
2016-07-11,45.3500,45.7700,45.1100,45.5700,10937800,33.3504
2016-07-12,45.6400,45.7100,45.1800,45.5800,9739000,33.3577
2016-07-13,45.6100,45.7600,45.4300,45.7400,8028400,33.4748
2016-07-14,45.7300,45.9400,45.5800,45.6900,7621200,33.4382
2016-07-15,45.8800,45.9000,45.4400,45.6300,10621000,33.3943
2016-07-18,45.6900,45.7000,45.4800,45.6300,7958300,33.3943
2016-07-19,45.4600,45.7100,45.4300,45.6300,7761100,33.3943
2016-07-20,45.7500,45.7700,45.3900,45.5100,8478200,33.3065
2016-07-21,45.3400,45.5100,45.2600,45.4500,8045100,33.2626
2016-07-22,45.5000,45.8400,45.4600,45.8300,8836100,33.5407
2016-07-25,45.8100,45.8300,45.4700,45.5700,9134300,33.3504
2016-07-26,45.5300,45.6500,44.8300,44.8800,15819900,32.8454
2016-07-27,43.9000,44.0600,43.1000,43.4000,37461100,31.7623
2016-07-28,43.2700,43.6900,43.2200,43.6500,13077800,31.9452
2016-07-29,43.7200,43.7500,43.4800,43.6300,16530500,31.9306
2016-08-01,43.6900,43.8300,43.4300,43.4500,12349700,31.7989
2016-08-02,43.3500,43.5800,43.3100,43.5300,12825200,31.8574
2016-08-03,43.6600,43.7000,43.3700,43.6400,12119100,31.9379
2016-08-04,43.5600,43.8000,43.4000,43.5100,11244100,31.8428
2016-08-05,43.6500,43.7500,43.4100,43.4800,10398200,31.8208
2016-08-08,43.4300,43.5200,43.2200,43.4400,8680300,31.7915
2016-08-09,43.5000,43.6400,43.3800,43.4700,7281300,31.8135
2016-08-10,43.6400,43.6900,43.5000,43.6100,8412100,31.9160
2016-08-11,43.7200,43.8700,43.6200,43.7500,11303300,32.0184
2016-08-12,43.9100,44.1900,43.7900,44.0300,10928900,32.2233
2016-08-15,44.1000,44.3300,44.0100,44.2400,10390600,32.3770
2016-08-16,44.2500,44.2500,43.8300,43.8300,9706100,32.0770
2016-08-17,44.0100,44.0700,43.7800,44.0600,11208500,32.2453
2016-08-18,44.0100,44.2600,44.0000,44.1000,9144300,32.2746
2016-08-19,44.0500,44.0600,43.7400,43.9200,9385900,32.1428
2016-08-22,43.9400,43.9500,43.7300,43.7400,8687500,32.0111
2016-08-23,43.8500,43.9800,43.7400,43.8500,8421100,32.0916
2016-08-24,43.8200,43.9400,43.6600,43.8500,11508900,32.0916
2016-08-25,43.8500,43.9400,43.6300,43.6700,9815700,31.9599
2016-08-26,43.7200,43.9200,43.3100,43.3200,11824900,31.7037
2016-08-29,43.3400,43.6100,43.3300,43.5400,9544600,31.8647
2016-08-30,43.4600,43.5300,43.1200,43.2400,9720100,31.6452
2016-08-31,43.4300,43.4600,43.0800,43.4300,10217900,31.7842
2016-09-01,43.2100,43.4100,43.2000,43.3500,8457800,31.7257
2016-09-02,43.5200,43.8300,43.4700,43.6600,9026000,31.9525
2016-09-06,43.7400,43.8000,43.4000,43.7900,8600400,32.0477
2016-09-07,43.7200,43.8000,43.5300,43.6400,8656600,31.9379
2016-09-08,43.6700,43.7300,43.4500,43.6300,10020400,31.9306
2016-09-09,43.4300,43.4300,42.2700,42.2700,23624200,30.9353
2016-09-12,42.3600,43.2300,42.3400,43.1900,15932300,31.6086
2016-09-13,42.7700,42.7700,42.2100,42.2800,12962700,31.1954
2016-09-14,42.2700,42.4100,41.9900,42.1100,9823900,31.0700
2016-09-15,42.0100,42.3900,41.8800,42.3600,10158500,31.2544
2016-09-16,42.1700,42.2600,41.9700,42.1400,16354000,31.0921
2016-09-19,42.1600,42.3700,42.0800,42.1000,7659900,31.0626
2016-09-20,42.3100,42.5300,42.2400,42.3400,8407200,31.2397
2016-09-21,42.2800,42.6100,42.1000,42.5300,13654700,31.3799
2016-09-22,42.7100,43.0100,42.6900,42.9600,9288300,31.6971
2016-09-23,42.8100,42.9400,42.6500,42.7400,8852700,31.5348
2016-09-26,42.7100,42.7200,42.0100,42.0500,15036000,31.0257
2016-09-27,42.1900,42.6300,42.0000,42.5900,11920400,31.4241
2016-09-28,42.6300,42.7600,42.0300,42.1500,15523800,31.0995
2016-09-29,42.0200,42.3900,41.8500,42.0300,12671700,31.0109
2016-09-30,42.2100,42.5000,42.0600,42.3200,14375700,31.2249
2016-10-03,42.3100,42.3100,41.8900,42.0300,11152800,31.0109
2016-10-04,42.3400,42.3400,41.7800,41.8400,13682700,30.8707
2016-10-05,41.9300,42.0700,41.6700,41.8100,9607300,30.8486
2016-10-06,41.6800,41.9400,41.5800,41.7100,9722900,30.7748
2016-10-07,41.8300,41.9400,41.5700,41.7300,8122800,30.7896
2016-10-10,41.9200,41.9900,41.6000,41.7300,8983600,30.7896
2016-10-11,41.6600,41.7000,41.4000,41.5400,12249100,30.6494
2016-10-12,41.6300,41.8400,41.5000,41.7800,12216300,30.8265
2016-10-13,41.6500,41.8900,41.5100,41.7600,17655600,30.8117
2016-10-14,41.8500,41.9100,41.6200,41.6700,9893800,30.7453
2016-10-17,41.7300,41.8600,41.5700,41.6000,10792500,30.6937
2016-10-18,41.8100,42.0000,41.7300,41.9700,11297300,30.9667
2016-10-19,41.9300,42.1200,41.8100,42.0500,16367400,31.0257
2016-10-20,41.9700,42.1100,41.8900,41.9300,10620500,30.9372
2016-10-21,41.8500,42.1700,41.6800,42.1300,14401500,31.0847
2016-10-24,42.3200,42.7700,42.2500,42.5600,13439200,31.4020
2016-10-25,42.6400,42.8800,42.4300,42.5400,16484700,31.3872
2016-10-26,43.0000,43.0300,42.4100,42.4400,16886200,31.3134
2016-10-27,42.6300,42.6500,41.9000,42.1200,14537000,31.0773
2016-10-28,42.2600,42.4700,42.1000,42.2300,13398400,31.1585
2016-10-31,42.1200,42.4100,42.1200,42.4000,13327500,31.2839
2016-11-01,42.4000,42.4300,41.9100,42.1200,12223400,31.0773
2016-11-02,42.1000,42.3400,42.0100,42.0500,12034300,31.0257
2016-11-03,42.2200,42.2200,41.9600,42.0300,11258000,31.0109
2016-11-04,41.8500,42.0400,41.6900,41.6900,14464200,30.7601
2016-11-07,42.0400,42.5000,42.0400,42.4600,14038500,31.3282
2016-11-08,42.3700,42.9800,42.3700,42.8800,12036600,31.6381
2016-11-09,41.7600,42.3200,41.7000,42.2700,21351000,31.1880
2016-11-10,41.8600,42.2600,40.8500,40.9400,33245500,30.2067
2016-11-11,40.9500,41.1300,40.6300,41.0300,13421000,30.2731
2016-11-14,41.1300,41.4200,40.8500,41.1700,19514200,30.3764
2016-11-15,41.1800,41.5200,41.1700,41.4400,16554000,30.5756
2016-11-16,41.4000,41.6500,41.1600,41.2600,12681400,30.4428
2016-11-17,41.2800,41.3000,41.0000,41.1200,12398800,30.3395
2016-11-18,41.0300,41.2000,40.9000,40.9100,16345300,30.1846
2016-11-21,40.9100,41.3600,40.7300,41.3600,12307000,30.5166
2016-11-22,41.4500,41.7000,41.2400,41.3700,12743500,30.5240
2016-11-23,41.2200,41.3100,41.0300,41.1200,9281300,30.3395
2016-11-25,41.3900,41.5800,41.2400,41.5300,7402300,30.6420
2016-11-28,41.5100,41.7900,41.2700,41.7500,19424400,30.8043
2016-11-29,41.5200,41.5200,41.1400,41.1500,11421900,30.6183
2016-11-30,41.0000,41.2000,40.3500,40.3500,22410400,30.0231
2016-12-01,40.3100,40.3900,39.8800,40.1700,20409900,29.8891
2016-12-02,40.3000,40.4900,40.1900,40.3600,11176300,30.0305
2016-12-05,40.3400,40.6900,40.3100,40.6200,15977800,30.2240
2016-12-06,40.7500,40.7700,40.4200,40.5700,11303500,30.1868
2016-12-07,40.5400,41.2900,40.5100,41.2900,13726500,30.7225
2016-12-08,41.0700,41.2100,40.8500,40.9800,13077100,30.4918
2016-12-09,41.5000,42.2200,41.2900,42.0000,28125800,31.2508
2016-12-12,42.0000,42.0100,41.7200,41.9000,17561900,31.1764
2016-12-13,41.7200,41.9600,41.5400,41.7600,18986000,31.0722
2016-12-14,41.8900,41.9900,41.0600,41.2100,17937900,30.6630
2016-12-15,41.1000,41.8100,41.1000,41.5500,14265300,30.9160
2016-12-16,41.6100,41.7600,41.4800,41.7400,19675200,31.0573
2016-12-19,41.6900,41.8000,41.5800,41.6700,8687300,31.0052
2016-12-20,41.7000,41.7200,41.4400,41.6600,10603500,30.9978
2016-12-21,41.6000,41.8300,41.5200,41.5700,9693600,30.9308
2016-12-22,41.5700,41.6200,41.0800,41.5500,11894100,30.9160
2016-12-23,41.6200,41.6900,41.3500,41.6000,6436600,30.9532
2016-12-27,41.5600,41.7600,41.5400,41.6100,6999200,30.9606
2016-12-28,41.4900,41.6700,41.3900,41.3900,8988000,30.7969
2016-12-29,41.3800,41.6900,41.3800,41.6000,6875300,30.9532
2016-12-30,41.6900,41.8400,41.3500,41.4600,11470200,30.8490
2017-01-03,41.5000,41.8100,41.2800,41.8000,14711000,31.1020
2017-01-04,41.8800,41.9700,41.5900,41.6500,9959400,30.9904
2017-01-05,41.6600,41.8600,41.5300,41.7500,8968300,31.0648
2017-01-06,41.7000,41.8100,41.5400,41.7400,10246600,31.0573
2017-01-09,41.2300,41.5800,41.2100,41.3200,14822500,30.7448
2017-01-10,41.4400,41.4400,40.8600,41.0400,19706800,30.5365
2017-01-11,40.8500,41.1200,40.8300,41.0500,9266200,30.5439
2017-01-12,41.0100,41.0400,40.8000,40.9500,8541200,30.4695
2017-01-13,41.0000,41.0400,40.6900,40.8800,8123500,30.4174
2017-01-17,40.8400,41.3000,40.8000,41.2200,12469400,30.6704
2017-01-18,41.2500,41.3800,41.1400,41.2900,10390500,30.7225
2017-01-19,41.1400,41.2900,41.0300,41.1400,10987100,30.6109
2017-01-20,41.2700,41.4400,41.1300,41.3200,14695400,30.7448
2017-01-23,41.3100,41.5000,41.2100,41.4300,11628900,30.8267
2017-01-24,41.4700,41.9700,41.4700,41.9000,17040100,31.1764
2017-01-25,41.9400,42.2500,41.9000,42.1200,12538200,31.3401
2017-01-26,42.0300,42.1100,41.7900,41.8100,8976800,31.1094
2017-01-27,41.9100,41.9500,41.4200,41.4500,12967400,30.8415
2017-01-30,41.3000,41.4800,41.2100,41.3800,11626200,30.7895
2017-01-31,41.3900,41.6900,41.3600,41.5700,12678000,30.9308
2017-02-01,41.5200,41.6600,41.2500,41.2600,11136100,30.7002
2017-02-02,41.4100,41.4900,41.2500,41.4000,9459700,30.8043
2017-02-03,41.5800,41.7900,41.4600,41.5400,11882400,30.9085
2017-02-06,41.5300,41.6700,41.4000,41.5600,15742800,30.9234
2017-02-07,41.7000,41.9800,41.6700,41.9000,13315200,31.1764
2017-02-08,41.9100,42.1500,41.8400,42.0200,14219700,31.2657
2017-02-09,42.0200,42.0200,40.7200,41.2500,27240300,30.6927
2017-02-10,41.0200,41.2000,40.5500,40.5800,28847300,30.1942
2017-02-13,40.7700,40.8300,40.5000,40.6200,23617100,30.2240
2017-02-14,40.3800,40.6000,40.2200,40.5300,32177800,30.1570
2017-02-15,40.4200,40.6300,40.4000,40.4400,26600800,30.0900
2017-02-16,40.5500,41.2800,40.5000,41.2000,22214800,30.6555
2017-02-17,41.1300,41.3600,41.0500,41.2300,15065100,30.6779
2017-02-21,41.2000,41.5000,41.2000,41.4600,17072600,30.8490
2017-02-22,41.5100,41.6800,41.4000,41.6000,11186800,30.9532
2017-02-23,41.6700,42.0000,41.6200,41.6600,12856800,30.9978
2017-02-24,41.7000,41.9100,41.6000,41.7800,13215300,31.0871
2017-02-27,41.7500,41.7500,41.5900,41.6700,12186400,31.0052
2017-02-28,41.6800,42.0700,41.6400,41.9600,15946800,31.2210
2017-03-01,42.0100,42.3500,41.8800,42.1600,14662000,31.3698
2017-03-02,42.0800,42.5600,42.0700,42.4700,15507600,31.6005
2017-03-03,42.4700,42.4900,42.2500,42.4800,11740000,31.6079
2017-03-06,42.3400,42.4300,42.1200,42.1800,16307800,31.3847
2017-03-07,42.0000,42.2400,41.9500,41.9900,11273700,31.2434
2017-03-08,42.0000,42.0300,41.7400,41.9900,14636000,31.2434
2017-03-09,42.0900,42.1100,41.9200,42.0300,14496400,31.2731
2017-03-10,42.2300,42.4000,42.1500,42.2900,16369700,31.4666
2017-03-13,41.9200,42.1200,41.8400,42.0300,12831500,31.5491
2017-03-14,41.9800,42.1000,41.8300,41.9700,9844500,31.5041
2017-03-15,41.9800,42.2800,41.9700,42.1200,22757800,31.6167
2017-03-16,42.0300,42.3900,41.9000,42.2500,16004200,31.7143
2017-03-17,42.2800,42.3500,42.0100,42.0300,37526500,31.5491
2017-03-20,42.1000,42.3400,42.0700,42.1800,11484200,31.6617
2017-03-21,42.3100,42.6300,42.2100,42.5000,17187300,31.9019
2017-03-22,42.5600,42.7000,42.2500,42.3800,11605500,31.8119
2017-03-23,42.2100,42.3900,42.0600,42.1700,11503300,31.6542
2017-03-24,42.2300,42.2500,41.9100,42.1200,13804400,31.6167
2017-03-27,42.1100,42.3400,42.0500,42.3200,12387400,31.7668
2017-03-28,42.2400,42.5600,42.2400,42.4300,14123800,31.8494
2017-03-29,42.5100,42.5300,42.2900,42.4200,9580100,31.8419
2017-03-30,42.3500,42.6200,42.2600,42.6000,11999900,31.9770
2017-03-31,42.5500,42.6500,42.4300,42.4400,11551800,31.8569
2017-04-03,42.5800,42.6300,42.2700,42.4100,11240000,31.8344
2017-04-04,42.5100,42.6900,42.3700,42.6800,10946200,32.0370
2017-04-05,42.6500,42.8600,42.5300,42.5700,10142800,31.9545
2017-04-06,42.5800,42.7600,42.4700,42.6700,14597800,32.0295
2017-04-07,42.6400,42.7400,42.5100,42.6100,11028800,31.9845
2017-04-10,42.7300,42.8000,42.5600,42.6900,9426900,32.0445
2017-04-11,42.6800,42.7500,42.5200,42.6600,8909400,32.0220
2017-04-12,42.5400,42.9900,42.5100,42.9400,13417200,32.2322
2017-04-13,42.8700,43.0800,42.7800,42.7900,9891900,32.1196
2017-04-17,42.7900,43.0700,42.7800,43.0700,11318100,32.3298
2017-04-18,43.1100,43.5900,43.0900,43.4800,13181600,32.6376
2017-04-19,43.7400,43.7900,43.1900,43.2300,13893100,32.4499
2017-04-20,43.2000,43.3000,43.0500,43.0900,10838300,32.3448
2017-04-21,42.9800,43.1000,42.8900,43.0700,13833800,32.3298
2017-04-24,43.2400,43.4300,43.1500,43.2800,16703800,32.4874
2017-04-25,42.8500,43.4300,42.8200,43.1100,18745100,32.3598
2017-04-26,43.0600,43.4300,42.9800,43.2400,13626600,32.4574
2017-04-27,43.1700,43.2800,42.9200,43.0100,10386200,32.2847
2017-04-28,42.9600,43.2000,42.8500,43.1500,10337800,32.3898
2017-05-01,43.1500,43.5000,43.1000,43.2200,13208200,32.4424
2017-05-02,43.2200,43.4400,43.1600,43.3900,11823900,32.5700
2017-05-03,43.3300,43.4900,43.1500,43.3200,10389000,32.5174
2017-05-04,43.4200,43.8100,43.4000,43.6600,10193100,32.7727
2017-05-05,43.7900,43.8400,43.5600,43.6900,8133000,32.7952
2017-05-08,43.5900,43.9100,43.5400,43.8900,14284300,32.9453
2017-05-09,43.8900,43.8900,43.3800,43.5100,8694400,32.6601
2017-05-10,43.4800,43.6200,43.3600,43.5700,7597700,32.7051
2017-05-11,43.4900,43.6800,43.4300,43.6700,6860100,32.7802
2017-05-12,43.6400,43.6800,43.4600,43.5900,7275800,32.7201
2017-05-15,43.4600,43.7600,43.4600,43.7300,8493000,32.8252
2017-05-16,43.8700,44.1100,43.7700,43.8500,10454100,32.9153
2017-05-17,43.8500,44.1700,43.7100,43.9300,14538800,32.9753
2017-05-18,43.8700,43.9600,43.6400,43.8000,13832200,32.8778
2017-05-19,43.8500,44.0000,43.7600,43.9000,11796800,32.9528
2017-05-22,43.8900,44.2200,43.8100,44.1800,12857900,33.1630
2017-05-23,44.2500,44.6000,44.2100,44.3900,11996100,33.3206
2017-05-24,44.5100,45.0900,44.5100,45.0300,12738300,33.8010
2017-05-25,45.0000,45.4800,44.9700,45.4100,16704200,34.0863
2017-05-26,45.3500,45.5600,45.3300,45.3900,11341400,34.0713
2017-05-30,45.1600,45.4600,45.1100,45.4300,13093500,34.1013
2017-05-31,45.4300,45.7000,45.3700,45.4700,14148000,34.1313
2017-06-01,45.4500,45.7900,45.2300,45.7900,11049300,34.3715
2017-06-02,45.8300,45.8900,45.6100,45.8900,9923700,34.4466
2017-06-05,45.7800,45.9900,45.6900,45.9900,10015200,34.5216
2017-06-06,45.9000,46.0600,45.7800,45.9800,9836700,34.5141
2017-06-07,45.5000,45.7000,45.3500,45.5100,12776300,34.1613
2017-06-08,45.5100,45.5100,45.0300,45.1300,12879000,33.8761
2017-06-09,45.0600,45.3500,44.9700,45.3200,9358800,34.0187
2017-06-12,45.3200,45.4800,45.2000,45.3300,11228500,34.0262
2017-06-13,45.0000,45.1100,44.8000,45.0300,10023400,34.0792
2017-06-14,45.1800,45.4700,45.1600,45.3000,11497500,34.2836
2017-06-15,45.1800,45.3400,45.0400,45.2500,9908700,34.2457
2017-06-16,45.3100,45.3500,45.0100,45.3100,27025300,34.2911
2017-06-19,45.3500,45.3800,45.1000,45.3800,7624700,34.3441
2017-06-20,45.3500,45.8700,45.3200,45.6100,14920900,34.5181
2017-06-21,45.6200,45.6800,45.1700,45.2200,9515800,34.2230
2017-06-22,45.1700,45.2800,45.0300,45.0700,7446300,34.1095
2017-06-23,45.0500,45.3800,45.0300,45.2500,9544800,34.2457
2017-06-26,45.3200,45.5100,45.3000,45.4300,7747100,34.3819
2017-06-27,45.3400,45.4000,45.0000,45.0500,11432200,34.0943
2017-06-28,45.2500,45.5000,45.2300,45.3200,9218800,34.2987
2017-06-29,45.1300,45.2400,44.6500,44.8300,9283500,33.9278
2017-06-30,44.8900,45.1200,44.8500,44.8500,9352800,33.9430
2017-07-03,45.1100,45.2700,44.7600,44.7600,6434500,33.8749
2017-07-05,44.7900,44.9900,44.7300,44.8200,6853600,33.9203
2017-07-06,44.7200,44.8500,44.2900,44.4000,13113000,33.6024
2017-07-07,44.4700,44.5200,44.2400,44.3900,9566000,33.5949
2017-07-10,44.4500,44.5800,44.2300,44.3800,9672000,33.5873
2017-07-11,44.3200,44.4800,44.1500,44.3300,10300700,33.5494
2017-07-12,44.5900,44.7700,44.4400,44.5100,7737400,33.6857
2017-07-13,44.4900,44.5300,44.3700,44.4300,6371900,33.6251
2017-07-14,44.5200,44.7200,44.5000,44.6800,8558700,33.8143
2017-07-17,44.6600,44.7900,44.6100,44.7300,7189200,33.8522
2017-07-18,44.7800,44.8500,44.6200,44.6700,9037200,33.8068
2017-07-19,44.6700,44.8400,44.5500,44.8300,6986900,33.9278
2017-07-20,44.9000,44.9800,44.7500,44.8200,7430300,33.9203
2017-07-21,44.7800,45.0700,44.6700,45.0300,8545600,34.0792
2017-07-24,45.0400,45.0500,44.8300,44.8400,9103600,33.9354
2017-07-25,45.0200,45.2900,44.9400,45.2400,14096300,34.2381
2017-07-26,44.5500,45.7900,44.3100,45.7400,13608900,34.6165
2017-07-27,45.8000,46.4300,45.7000,46.1200,15195200,34.9041
2017-07-28,46.0000,46.1200,45.7300,46.0100,11945300,34.8209
2017-07-31,46.0000,46.0800,45.7900,45.8400,13622900,34.6922
2017-08-01,45.9700,46.0600,45.6500,45.7000,10306800,34.5863
2017-08-02,45.6000,46.0000,45.3800,45.5900,10187900,34.5030
2017-08-03,45.6500,45.9500,45.6300,45.6700,14261400,34.5636
2017-08-04,45.6700,45.7600,45.4700,45.5000,9523600,34.4349
2017-08-07,45.5200,45.7600,45.5000,45.6400,6226300,34.5408
2017-08-08,45.6400,45.8200,45.5500,45.6000,5747900,34.5106
2017-08-09,45.5600,45.6600,45.3300,45.5900,9635300,34.5030
2017-08-10,45.5600,45.8400,45.4600,45.7400,8901600,34.6165
2017-08-11,45.8600,45.9000,45.5700,45.5900,8357600,34.5030
2017-08-14,45.6700,45.9400,45.6200,45.8000,8421200,34.6619
2017-08-15,45.8000,46.2500,45.8000,46.1900,9638100,34.9571
2017-08-16,46.1500,46.3400,46.1200,46.2000,8087300,34.9647
2017-08-17,46.1200,46.3300,45.8500,45.8600,8477000,34.7074
2017-08-18,45.8000,45.9000,45.6300,45.6700,10879800,34.5636
2017-08-21,45.6700,45.8000,45.5600,45.6800,9429700,34.5711
2017-08-22,45.7000,45.7500,45.5400,45.6000,10536700,34.5106
2017-08-23,45.6300,45.6600,45.4400,45.5400,6528400,34.4652
2017-08-24,45.5400,45.6100,45.3100,45.4100,7534400,34.3668
2017-08-25,45.6000,45.7600,45.5600,45.5700,8807100,34.4879
2017-08-28,45.6300,45.6900,45.3800,45.4200,8024000,34.3744
2017-08-29,45.4000,45.5700,45.2500,45.4500,7762200,34.3971
2017-08-30,45.3600,45.5400,45.2900,45.3900,7134900,34.3516
2017-08-31,45.4000,45.6500,45.3400,45.5500,14264600,34.4727
2017-09-01,45.6400,45.8000,45.5400,45.7800,7391200,34.6468
2017-09-05,45.7500,45.9300,45.6500,45.9200,9916700,34.7528
2017-09-06,45.9800,46.0400,45.7900,45.9600,9238900,34.7830
2017-09-07,46.0100,46.3200,45.9600,46.2800,9418400,35.0252
2017-09-08,46.1900,46.3700,46.0200,46.3000,10534900,35.0403
2017-09-11,46.3500,46.5900,46.2200,46.5200,10430300,35.2069
2017-09-12,46.5000,46.7500,46.4500,46.7200,8567600,35.3582
2017-09-13,46.6800,46.9800,46.6500,46.8700,10218000,35.4717
2017-09-14,46.4000,46.4700,45.9400,46.1100,13768800,35.1742
2017-09-15,46.3000,46.3600,46.0000,46.1800,16141400,35.2276
2017-09-18,46.1500,46.2400,45.9100,46.1100,8535300,35.1742
2017-09-19,46.1400,46.1900,45.8900,45.9800,7297900,35.0751
2017-09-20,45.7600,46.1500,45.5500,45.7800,11026600,34.9225
2017-09-21,45.7100,45.7900,45.3600,45.4000,7555300,34.6326
2017-09-22,45.4500,45.6300,45.3700,45.4900,8024800,34.7013
2017-09-25,45.5000,45.7600,45.3500,45.6900,9215300,34.8538
2017-09-26,45.6900,45.8700,45.5600,45.5700,6480100,34.7623
2017-09-27,45.4700,45.5000,44.3800,44.6400,14816200,34.0529
2017-09-28,44.6700,45.0000,44.6500,44.9100,8789500,34.2588
2017-09-29,44.8600,45.1100,44.7900,45.0100,10082200,34.3351
2017-10-02,45.0500,45.2700,44.7500,44.8000,10707800,34.1749
2017-10-03,44.8600,45.2600,44.7600,45.1900,12038100,34.4724
2017-10-04,45.1100,45.5600,44.9400,45.5000,14060300,34.7089
2017-10-05,45.5100,45.7500,45.5000,45.5200,10215300,34.7242
2017-10-06,45.3900,45.5200,45.2800,45.4900,5437900,34.7013
2017-10-09,45.5500,45.6500,45.3400,45.4100,5268300,34.6402
2017-10-10,45.6000,45.9000,45.5300,45.8700,6310400,34.9911
2017-10-11,45.8800,46.1000,45.8700,46.1000,6638200,35.1666
2017-10-12,45.9800,46.1400,45.9400,46.1100,7710200,35.1742
2017-10-13,46.2500,46.3800,46.1500,46.1800,7126000,35.2276
2017-10-16,46.1200,46.7500,46.1000,46.6200,12708600,35.5633
2017-10-17,46.5300,46.6300,46.3100,46.5200,7699400,35.4870
2017-10-18,46.4100,46.5400,46.2400,46.4000,6272200,35.3954
2017-10-19,46.3700,46.7900,46.3200,46.5900,7515500,35.5404
2017-10-20,46.5800,46.5900,46.2800,46.3800,9646800,35.3802
2017-10-23,46.3800,46.6500,46.2300,46.3200,7153600,35.3344
2017-10-24,46.2600,46.2900,45.9500,46.1800,9539500,35.2276
2017-10-25,46.3700,46.7600,45.9300,46.0500,11994200,35.1285
2017-10-26,46.3200,46.7500,46.2200,46.2300,10569100,35.2658
2017-10-27,46.1300,46.3300,45.9100,46.0700,9988000,35.1437
2017-10-30,46.0000,46.0700,45.8200,45.8600,7201900,34.9835
2017-10-31,45.9200,46.1700,45.8400,45.9800,6560500,35.0751
2017-11-01,45.7500,46.0900,45.6300,45.8000,7067600,34.9377
2017-11-02,45.8100,45.9500,45.7500,45.8800,8317800,34.9988
2017-11-03,45.9700,46.1600,45.9200,45.9700,4730400,35.0674
2017-11-06,45.9100,45.9200,45.4200,45.4700,7451300,34.6860
2017-11-07,45.4100,45.9500,45.3100,45.9400,9868000,35.0445
2017-11-08,45.9800,46.1900,45.8700,46.1800,7586900,35.2276
2017-11-09,46.1200,46.3900,46.0200,46.2300,6532400,35.2658
2017-11-10,46.2000,46.6400,46.1400,46.5400,8022900,35.5022
2017-11-13,46.6000,46.8200,46.5400,46.7200,7653600,35.6396
2017-11-14,46.7100,47.4800,46.6200,47.4300,17200700,36.1812
2017-11-15,47.3200,47.4600,46.7800,46.8100,12419100,35.7082
2017-11-16,46.9500,46.9800,46.5100,46.5500,12506400,35.5099
2017-11-17,46.3400,46.3800,45.2500,45.7100,19720700,34.8691
2017-11-20,45.6500,45.8800,45.4200,45.4600,19160900,34.6784
2017-11-21,45.5600,45.9500,45.5400,45.7800,10280800,34.9225
2017-11-22,45.8900,45.9300,45.5400,45.8400,8434400,34.9683
2017-11-24,45.8900,46.0500,45.8600,45.8800,2996300,34.9988
2017-11-27,45.8800,45.9900,45.8100,45.9000,5649200,35.0140
2017-11-28,45.9900,46.1500,45.7800,45.8300,8432800,34.9606
2017-11-29,45.7700,45.8200,45.2100,45.5000,16502100,34.7089
2017-11-30,45.1400,45.8400,45.0300,45.7700,17147600,35.2011
2017-12-01,45.8000,46.0200,45.2100,45.9700,12468800,35.3549
2017-12-04,45.9900,46.3800,45.7700,46.2300,17523600,35.5549
2017-12-05,46.2500,46.4400,46.0600,46.2600,13670800,35.5780
2017-12-06,46.3600,46.4800,46.2600,46.4500,8154000,35.7241
2017-12-07,46.2900,46.3200,45.7200,45.7800,9106500,35.2088
2017-12-08,45.7000,45.7300,45.0500,45.3100,13238600,34.8473
2017-12-11,45.3100,45.4100,44.9200,45.3300,9698700,34.8627
2017-12-12,45.2500,45.5200,45.0600,45.2900,13999300,34.8320
2017-12-13,45.4500,46.0500,45.4000,45.9000,12418700,35.3011
2017-12-14,45.8100,46.1700,45.8000,46.0300,9029000,35.4011
2017-12-15,46.2900,46.4200,46.0400,46.1900,21181600,35.5241
2017-12-18,46.2000,46.3800,45.9100,45.9300,10156800,35.3242
2017-12-19,46.0400,46.3800,45.9100,46.1300,8253200,35.4780
2017-12-20,46.2100,46.3000,45.9600,46.0800,7311000,35.4395
2017-12-21,46.1400,46.2200,45.5600,45.6000,9657100,35.0704
2017-12-22,45.6900,45.7300,45.5500,45.5900,5406300,35.0627
2017-12-26,45.7000,45.8600,45.6100,45.8100,6100400,35.2319
2017-12-27,45.9000,45.9400,45.7200,45.9300,5660600,35.3242
2017-12-28,45.9100,45.9900,45.6400,45.7200,6538900,35.1627
2017-12-29,45.7000,46.1800,45.6900,45.8800,8371500,35.2857
2018-01-02,45.9100,45.9400,45.5100,45.5400,10872200,35.0242
2018-01-03,45.4900,45.6900,45.3400,45.4400,12635600,34.9473
2018-01-04,45.5600,46.2200,45.4500,46.0800,12709400,35.4395
2018-01-05,46.0200,46.2000,45.7900,46.0700,13113100,35.4318
2018-01-08,45.9500,46.1000,45.8800,46.0000,7068600,35.3780
2018-01-09,46.0000,46.3600,45.9400,46.2300,9962400,35.5549
2018-01-10,46.2300,46.2600,45.9300,46.0700,10700700,35.4318
2018-01-11,46.2300,46.2300,45.8600,46.0400,7583200,35.4088
2018-01-12,46.2800,46.3900,46.0300,46.1500,14570100,35.4934
2018-01-16,46.1500,46.6200,46.1400,46.5300,16459300,35.7856
2018-01-17,46.5800,47.0000,46.5500,46.8200,12143100,36.0087
2018-01-18,46.7500,47.0700,46.6100,46.8800,11952900,36.0548
2018-01-19,46.9900,47.2500,46.8700,47.1600,16187400,36.2701
2018-01-22,47.1400,47.5000,47.0900,47.3800,9577400,36.4394
2018-01-23,47.2100,47.7000,47.1300,47.4500,11463700,36.4932
2018-01-24,47.5300,47.9500,47.4800,47.8300,15964500,36.7854
2018-01-25,47.7000,48.0000,47.7000,47.8400,11755000,36.7931
2018-01-26,47.7800,48.6200,47.7400,48.5300,16671200,37.3238
2018-01-29,48.2100,48.4600,47.5800,47.7000,11662600,36.6855
2018-01-30,47.7300,48.1600,47.4000,47.4100,12404800,36.4624
2018-01-31,47.4500,47.9000,47.3700,47.5900,10960100,36.6008
2018-02-01,47.4100,47.7300,47.1100,47.4500,10279400,36.4932
2018-02-02,47.3500,47.4100,46.6300,46.7300,12912300,35.9394
2018-02-05,46.6500,46.9200,44.4100,44.8900,23261500,34.5243
2018-02-06,43.8700,44.7400,43.4400,44.6700,25184300,34.3551
2018-02-07,44.5800,45.5000,44.2800,44.5600,18041600,34.2705
2018-02-08,44.6200,44.6200,43.0700,43.1000,23295300,33.1477
2018-02-09,43.3600,43.4600,42.1900,43.1300,22853100,33.1707
2018-02-12,43.5600,44.2300,43.3700,43.9700,14689000,33.8168
2018-02-13,43.9200,44.4100,43.6900,44.1900,13163200,33.9860
2018-02-14,44.0200,44.1900,43.6300,44.1000,13457900,33.9167
2018-02-15,44.2500,44.8300,44.1200,44.7800,13467300,34.4397
2018-02-16,45.5700,45.6400,44.7200,44.9800,17202300,34.5935
2018-02-20,44.7500,44.8300,43.9400,43.9900,14137300,33.8321
2018-02-21,44.1100,44.2600,43.3300,43.3400,12792900,33.3322
2018-02-22,43.4300,43.8200,43.2200,43.5200,12377800,33.4707
2018-02-23,43.5800,44.0600,43.4200,44.0400,8277200,33.8706
2018-02-26,44.2300,44.3900,43.8100,44.0300,12713300,33.8629
2018-02-27,44.1500,44.3100,43.6200,43.6200,12774400,33.5476
2018-02-28,43.8300,43.9100,43.2200,43.2200,11929400,33.2399
2018-03-01,43.1000,43.6400,42.8200,43.4300,17746800,33.4015
2018-03-02,43.2500,43.8000,43.2400,43.7200,14050100,33.6245
2018-03-05,43.5700,43.9400,43.5000,43.8900,11992700,33.7552
2018-03-06,43.9500,44.0500,43.5900,43.9300,10010500,33.7860
2018-03-07,43.5900,43.9200,43.4700,43.8200,10881700,33.7014
2018-03-08,43.9000,44.4600,43.8000,44.4500,12361100,34.1859
2018-03-09,44.5700,44.8200,44.3900,44.8200,9778600,34.4705
2018-03-12,44.9500,45.0900,44.3300,44.5300,11857700,34.2475
2018-03-13,44.6700,44.8300,44.4000,44.5700,11342100,34.2782
2018-03-14,44.3800,44.4300,43.7300,43.7800,15321200,33.9679
2018-03-15,43.8800,44.0000,43.5500,43.6700,12456700,33.8825
2018-03-16,43.7000,44.0200,43.4500,43.4600,26603300,33.7196
2018-03-19,43.4600,43.7100,43.1800,43.2600,12380300,33.5644
2018-03-20,43.3200,43.4800,43.0100,43.1600,13559800,33.4868
2018-03-21,43.1300,43.4500,42.7900,43.0000,13054000,33.3627
2018-03-22,42.8800,43.3700,42.7000,42.7600,12274100,33.1765
2018-03-23,42.8200,43.1600,42.2900,42.3300,13475200,32.8428
2018-03-26,42.6100,42.8100,42.2500,42.6900,11276100,33.1222
2018-03-27,42.7000,43.3100,42.5300,42.8900,11627000,33.2773
2018-03-28,43.0000,43.7000,43.0000,43.3200,16277400,33.6110
2018-03-29,43.5400,43.9200,43.2900,43.4300,10450500,33.6963
2018-04-02,43.4400,43.5000,42.4700,42.6700,14207900,33.1066
2018-04-03,42.9800,43.5400,42.8400,43.3800,15484600,33.6575
2018-04-04,43.1400,44.4000,43.1100,44.2400,13563300,34.3248
2018-04-05,44.2800,44.6100,43.9400,44.4000,11707800,34.4489
2018-04-06,44.2800,44.5200,43.7100,43.9200,11495100,34.0765
2018-04-09,44.0300,44.3100,43.7800,43.8300,11913400,34.0067
2018-04-10,44.0700,44.1800,43.7200,43.9900,10379500,34.1308
2018-04-11,43.8100,44.1400,43.7600,43.9900,8424300,34.1308
2018-04-12,44.0800,44.4100,43.9500,44.0300,8476400,34.1618
2018-04-13,44.1900,44.6900,44.1400,44.5100,10774200,34.5342
2018-04-16,44.6500,44.8900,44.4000,44.6800,8962100,34.6661
2018-04-17,44.9500,45.0300,44.6500,44.8800,8406400,34.8213
2018-04-18,44.9000,44.9700,44.3300,44.5100,7429000,34.5342
2018-04-19,44.3400,44.4700,44.0200,44.3100,10370400,34.3791
2018-04-20,44.3100,44.4100,43.5800,43.7400,14690700,33.9368
2018-04-23,43.7400,43.9900,43.5600,43.9800,11878500,34.1230
2018-04-24,43.9800,44.1000,42.7300,43.0700,18523900,33.4170
2018-04-25,42.7400,42.8900,41.9100,42.4300,20774700,32.9204
2018-04-26,42.4000,43.1000,42.2600,42.7500,13561000,33.1687
2018-04-27,42.7300,43.3400,42.7100,43.3100,9777900,33.6032
2018-04-30,43.5000,43.6900,42.9700,43.2100,16037700,33.5256
2018-05-01,42.9600,42.9900,42.1800,42.5900,11514200,33.0446
2018-05-02,42.4000,42.5900,41.9400,42.0600,13736400,32.6334
2018-05-03,42.2200,42.4000,41.5200,41.8900,18352200,32.5014
2018-05-04,41.7900,42.5000,41.7700,42.3600,10946200,32.8661
2018-05-07,42.3400,42.4900,41.9600,42.1400,9336000,32.6954
2018-05-08,41.9700,42.0900,41.6900,41.8100,15062200,32.4394
2018-05-09,41.9700,42.2300,41.6700,41.7800,9295200,32.4161
2018-05-10,41.9900,42.3600,41.9400,42.1800,7924200,32.7265
2018-05-11,42.2400,42.4700,42.0400,42.1400,6331900,32.6954
2018-05-14,42.2500,42.3200,41.9000,42.0400,10715500,32.6178
2018-05-15,41.7800,41.9200,41.4500,41.7200,16449700,32.3696
2018-05-16,41.7400,41.9400,41.5400,41.5500,11590500,32.2377
2018-05-17,42.0100,42.3500,41.8700,42.3000,14857400,32.8196
2018-05-18,42.3000,42.3800,42.0800,42.1800,11950200,32.7265
2018-05-21,42.3100,42.5200,42.2700,42.4100,9110200,32.9049
2018-05-22,42.5000,42.6000,42.2100,42.2500,8222900,32.7808
2018-05-23,42.2500,42.4500,41.9300,42.4000,8971400,32.8972
2018-05-24,42.4000,42.4700,42.1900,42.3200,9269600,32.8351
2018-05-25,42.3400,42.5800,42.2000,42.4000,8806500,32.8972
2018-05-29,42.1200,42.8500,42.1000,42.6800,14826900,33.1144
2018-05-30,42.7700,43.2800,42.7000,43.1300,10114200,33.4635
2018-05-31,43.2000,43.2100,42.6800,43.0000,15571300,33.3627
2018-06-01,43.1000,43.3200,43.0400,43.1200,10664700,33.4558
2018-06-04,43.3600,43.5900,43.2900,43.4900,11727600,33.7429
2018-06-05,43.5000,43.5400,43.1000,43.1100,9975900,33.4480
2018-06-06,43.0600,43.4600,43.0400,43.4600,9202900,33.7196
2018-06-07,43.3300,43.7300,43.3300,43.4400,11948100,33.7041
2018-06-08,43.5700,44.0000,43.5600,43.9500,12078800,34.0998
2018-06-11,43.9500,44.2500,43.8900,44.1300,7526100,34.2394
2018-06-12,44.1300,44.4200,44.0800,44.4100,8243300,34.4567
2018-06-13,44.3500,44.5200,44.1500,44.1800,16745000,34.2782
2018-06-14,43.7500,43.8500,43.5200,43.5800,12696200,34.1138
2018-06-15,43.5600,44.1500,43.4500,44.1200,21562500,34.5365
2018-06-18,43.8800,43.9600,43.4000,43.5500,12161900,34.0903
2018-06-19,43.3000,43.7500,43.2000,43.6000,12936400,34.1295
2018-06-20,43.6200,43.7800,43.2300,43.2600,10893700,33.8633
2018-06-21,43.2700,43.3000,42.9600,43.0900,10465200,33.7303
2018-06-22,43.1500,43.4100,43.0800,43.2500,14924400,33.8555
2018-06-25,43.1600,43.7500,43.1600,43.5800,12092400,34.1138
2018-06-26,43.5600,43.8400,43.2800,43.3300,13974700,33.9181
2018-06-27,43.3300,43.6100,42.9900,43.0700,15332600,33.7146
2018-06-28,43.2400,43.6800,43.1700,43.4700,12668900,34.0277
2018-06-29,43.5700,44.1000,43.3100,43.8600,11485600,34.3330
2018-07-02,43.7800,44.1600,43.5800,43.7500,9232500,34.2469
2018-07-03,44.0600,44.3300,43.9900,43.9900,8214300,34.4348
2018-07-05,44.1600,44.6700,44.1300,44.6600,11653000,34.9592
2018-07-06,44.6700,44.9400,44.5800,44.6400,8733900,34.9436
2018-07-09,44.5400,44.7300,44.3400,44.4000,7373100,34.7557
2018-07-10,44.5100,45.0000,44.5000,44.9700,10606100,35.2019
2018-07-11,44.9900,45.0000,44.6400,44.7900,7715600,35.0610
2018-07-12,44.8300,44.9600,44.4900,44.6700,6331600,34.9671
2018-07-13,44.7000,44.7800,44.4700,44.7400,5585900,35.0219
2018-07-16,44.7300,44.8000,44.5300,44.7300,5831400,35.0140
2018-07-17,44.7500,45.3900,44.6800,45.2500,11592200,35.4211
2018-07-18,45.1900,45.2900,44.8400,45.1200,7351600,35.3193
2018-07-19,44.9900,45.4300,44.9200,45.1100,10097500,35.3115
2018-07-20,45.0200,45.2800,44.9000,45.2800,8588400,35.4446
2018-07-23,45.2800,45.3600,44.7700,44.9500,9055700,35.1863
2018-07-24,44.7800,45.2700,44.6100,45.2600,13786100,35.4289
2018-07-25,46.0000,46.5800,45.7500,46.0900,21330600,36.0786
2018-07-26,46.3600,46.5900,46.2000,46.2400,12673100,36.1960
2018-07-27,46.3200,46.5000,46.0600,46.2100,10516900,36.1725
2018-07-30,46.1000,46.4400,46.0500,46.2300,8967900,36.1882
2018-07-31,46.4000,46.6700,46.3100,46.6300,12438800,36.5013
2018-08-01,46.4500,46.4900,46.1700,46.3900,9904100,36.3135
2018-08-02,46.4800,46.6300,46.1800,46.1800,12009700,36.1491
2018-08-03,46.2300,46.7600,46.1400,46.6200,11462800,36.4935
2018-08-06,46.6000,46.8700,46.5500,46.6500,10056100,36.5170
2018-08-07,46.5200,46.6100,46.1300,46.5000,8632900,36.3996
2018-08-08,46.4900,46.5600,46.1200,46.1500,6810000,36.1256
2018-08-09,46.2500,46.4200,46.0800,46.3500,8924100,36.2821
2018-08-10,46.2100,46.4200,45.9700,46.0800,7535400,36.0708
2018-08-13,46.0500,46.1300,45.7000,45.8300,8143400,35.8751
2018-08-14,45.9100,46.1000,45.8700,45.8900,6846100,35.9221
2018-08-15,45.7700,46.1500,45.6500,46.0800,9686400,36.0708
2018-08-16,46.1100,46.3800,45.9700,46.2200,10600700,36.1804
2018-08-17,46.2900,46.7300,46.2400,46.6000,8885700,36.4778
2018-08-20,46.6800,46.8700,46.5900,46.7300,6392000,36.5796
2018-08-21,46.7300,46.7500,46.2100,46.2200,13986300,36.1804
2018-08-22,46.3400,46.3800,45.9200,45.9300,7159100,35.9534
2018-08-23,45.8900,46.0800,45.6900,45.7000,13144900,35.7733
2018-08-24,45.6500,45.8000,45.5800,45.6300,10952900,35.7185
2018-08-27,46.0500,46.0500,45.5600,45.6900,9581200,35.7655
2018-08-28,45.6500,45.7300,45.2800,45.3700,8476800,35.5150
2018-08-29,45.2500,45.4200,45.2200,45.3300,12410900,35.4837
2018-08-30,45.2800,45.3200,44.8900,44.9500,9716500,35.1863
2018-08-31,45.0000,45.0700,44.3900,44.5700,19834100,34.8888
2018-09-04,44.6000,44.9000,44.5100,44.7600,11138500,35.0375
2018-09-05,44.6600,45.4200,44.6600,45.3800,10554900,35.5228
2018-09-06,45.4000,46.0000,45.3000,45.7700,11439400,35.8281
2018-09-07,45.6000,45.8200,45.2800,45.7200,10208100,35.7890
2018-09-10,45.9100,46.3100,45.8000,46.0600,8568900,36.0551
2018-09-11,46.1000,46.1500,45.8800,46.0200,9278300,36.0238
2018-09-12,46.1600,46.3000,46.0200,46.2400,13216400,36.1960
2018-09-13,46.0100,46.1200,45.7100,45.8300,8294800,36.1802
2018-09-14,45.9200,46.0300,45.6100,45.9900,7612900,36.3066
2018-09-17,46.0000,46.3300,45.9100,46.3200,8527300,36.5671
2018-09-18,46.3900,46.5300,45.9300,45.9300,9847400,36.2592
2018-09-19,46.0000,46.1100,45.8700,45.9600,7119000,36.2829
2018-09-20,46.2200,46.6800,46.1500,46.6400,9736700,36.8197
2018-09-21,46.6400,46.6900,46.3800,46.5800,19240300,36.7723
2018-09-24,46.4900,46.5300,45.8400,46.0700,10778900,36.3697
2018-09-25,46.0600,46.1800,45.6100,45.6800,7919100,36.0618
2018-09-26,45.7700,46.0700,45.5700,45.8500,10162600,36.1960
2018-09-27,45.7300,46.1800,45.6800,46.0100,10826900,36.3223
2018-09-28,46.0000,46.1900,45.9700,46.1900,9071900,36.4644
2018-10-01,46.1700,46.3500,46.0500,46.2300,9364700,36.4960
2018-10-02,46.2800,46.5600,46.0600,46.5100,7462700,36.7171
2018-10-03,46.4600,46.5500,45.8000,45.8700,10542300,36.2118
2018-10-04,45.6600,45.9000,45.4300,45.8500,9582300,36.1960
2018-10-05,45.9400,46.1600,45.6900,45.8800,8734100,36.2197
2018-10-08,45.9900,46.5800,45.9700,46.4800,9808100,36.6934
2018-10-09,46.3800,46.5500,46.2200,46.3900,10824500,36.6223
2018-10-10,46.3000,46.7000,45.6700,45.6800,13917000,36.0618
2018-10-11,45.8000,45.9700,44.5000,44.6400,17677900,35.2408
2018-10-12,44.4800,44.8800,44.2500,44.6800,12420100,35.2724
2018-10-15,44.6400,45.2700,44.5900,44.9100,11608500,35.4540
2018-10-16,45.0200,45.6000,44.8600,45.4900,10442500,35.9118
2018-10-17,45.4100,45.9900,45.3600,45.8600,11055800,36.2039
2018-10-18,45.9000,46.0800,45.4600,45.6100,12716900,36.0066
2018-10-19,45.8300,46.4900,45.8300,46.3300,13989200,36.5750
2018-10-22,46.3700,46.4600,45.8100,45.9700,14283600,36.2908
2018-10-23,45.6200,46.4600,45.4500,46.3600,17483900,36.5987
2018-10-24,46.3300,47.3900,46.2400,46.7300,21626000,36.8908
2018-10-25,46.6500,46.7400,46.1200,46.5100,14220200,36.7171
2018-10-26,46.3700,46.4800,45.4300,45.9200,21458000,36.2513
2018-10-29,46.1500,46.5600,46.0500,46.4600,20932200,36.6776
2018-10-30,46.6200,47.7400,46.0400,47.6300,20895400,37.6012
2018-10-31,47.5000,48.0800,47.2200,47.8800,25309400,37.7986
2018-11-01,47.8100,48.1500,47.3000,47.7400,16494500,37.6881
2018-11-02,47.8200,48.0000,47.4400,48.0000,17584900,37.8933
2018-11-05,48.0000,48.7800,47.9200,48.6900,16543500,38.4381
2018-11-06,48.6500,49.1300,48.6000,49.1100,14373400,38.7696
2018-11-07,49.3900,49.5500,49.0300,49.3700,12239700,38.9749
2018-11-08,49.1200,49.3700,49.1000,49.3300,9762800,38.9433
2018-11-09,49.3900,49.8900,49.3600,49.6800,12398100,39.2196
2018-11-12,49.6100,50.2400,49.5400,49.8700,13918300,39.3696
2018-11-13,49.8100,50.0000,49.5800,49.8600,13872900,39.3617
2018-11-14,49.8500,49.9400,49.5900,49.7600,12106800,39.2828
2018-11-15,49.6600,49.7500,49.2700,49.7400,12080100,39.2670
2018-11-16,49.6600,50.2500,49.6300,50.1700,13405800,39.6064
2018-11-19,50.3100,50.7600,50.2500,50.5100,13575800,39.8748
2018-11-20,50.8200,50.8400,49.2100,49.3800,16255300,38.9828
2018-11-21,49.2300,49.4400,48.5900,48.7300,13559200,38.4696
2018-11-23,48.7500,49.2300,48.5500,49.0200,4792500,38.6986
2018-11-26,49.0100,49.2300,48.6700,48.8700,9341900,38.5801
2018-11-27,48.8800,49.4100,48.7300,49.3700,9180700,38.9749
2018-11-28,49.2100,49.7200,49.2100,49.7100,11368700,39.2433
2018-11-29,49.2800,49.4300,48.9700,48.9800,11564300,38.9728
2018-11-30,49.0000,50.4900,48.9900,50.4000,25538200,40.1026
2018-12-03,49.8700,49.9600,48.8900,49.6900,14877200,39.5377
2018-12-04,49.9700,50.5100,49.5000,49.5800,19059900,39.4502
2018-12-06,49.5100,49.6300,48.6600,49.3800,17674900,39.2910
2018-12-07,49.5700,49.6800,48.8800,49.0900,15565700,39.0603
2018-12-10,49.4500,49.4500,48.4700,49.2400,12331100,39.1796
2018-12-11,49.5900,50.0100,49.1800,49.5400,18083600,39.4184
2018-12-12,49.9500,50.0200,49.1900,49.2200,12316900,39.1637
2018-12-13,48.7200,49.6100,48.5700,49.4700,13766200,39.3626
2018-12-14,49.2300,49.5200,49.0200,49.3400,13835900,39.2592
2018-12-17,49.3400,49.5300,48.0200,48.3300,18482700,38.4556
2018-12-18,48.6100,48.8300,47.8500,48.3200,14765700,38.4476
2018-12-19,48.2400,48.7600,47.6200,47.9000,17903800,38.1134
2018-12-20,47.8100,48.1300,47.1000,47.5400,21130000,37.8270
2018-12-21,47.2600,48.7500,47.2300,47.5700,32477700,37.8508
2018-12-24,47.6200,47.8700,45.8300,45.9600,10733700,36.5698
2018-12-26,45.8800,46.9600,45.6600,46.9400,14342600,37.3496
2018-12-27,46.7400,47.5500,46.0300,47.5300,16966500,37.8190
2018-12-28,47.8900,48.0100,47.0300,47.2000,13218200,37.5564
2018-12-31,47.4900,47.5400,46.9600,47.3500,10576300,37.6758
2019-01-02,46.9400,47.2200,46.5600,46.9300,11603700,37.3416
2019-01-03,46.8200,47.3700,46.5300,46.6400,14714400,37.1108
2019-01-04,46.7500,47.5700,46.6400,47.5700,13013700,37.8508
2019-01-07,47.5700,47.7500,46.9000,46.9500,13135500,37.3575
2019-01-08,47.2500,47.5700,47.0400,47.4800,15420700,37.7792
2019-01-09,47.0800,47.2800,46.4300,46.5700,18032500,37.0552
2019-01-10,46.6600,47.0900,46.3400,47.0700,15976600,37.4530
2019-01-11,47.2900,47.3600,46.9700,47.3400,11088600,37.6678
2019-01-14,47.2500,47.4000,46.9900,47.1500,11514300,37.5166
2019-01-15,46.8900,47.6000,46.8100,47.5700,11342900,37.8508
2019-01-16,47.4000,47.4700,46.8600,46.9200,16907800,37.3336
2019-01-17,46.9200,47.1400,46.8800,47.0600,12044600,37.4450
2019-01-18,47.2500,47.6900,47.1200,47.6100,12760700,37.8827
2019-01-22,47.7000,47.7900,47.2100,47.7200,11700400,37.9702
2019-01-23,47.8200,48.2900,47.6500,48.2700,12058300,38.4078
2019-01-24,48.1100,48.1100,47.3800,47.6900,10272000,37.9463
2019-01-25,47.8800,48.0300,47.2400,47.3700,12066500,37.6917
2019-01-28,47.2200,47.3000,46.9400,47.1700,9966900,37.5326
2019-01-29,47.2000,47.6300,47.1300,47.4000,11998600,37.7156
2019-01-30,47.2500,47.8900,47.1900,47.8600,12952500,38.0816
2019-01-31,47.8500,48.7800,47.4700,48.1300,32181500,38.2964
2019-02-01,48.4800,48.7800,48.4000,48.7000,19130100,38.7500
2019-02-04,48.7000,49.4500,48.5400,49.2500,15105700,39.1876
2019-02-05,49.3300,49.4700,49.1000,49.2600,12651900,39.1955
2019-02-06,49.2100,49.3600,49.0200,49.2600,8689100,39.1955
2019-02-07,49.1700,49.4600,49.0000,49.4200,10047800,39.3229
2019-02-08,49.3700,49.5000,49.1100,49.5000,9813300,39.3865
2019-02-11,49.5700,49.8800,49.4800,49.6100,9369300,39.4740
2019-02-12,49.6900,49.8000,49.4600,49.6600,10983300,39.5138
2019-02-13,49.6100,49.9400,49.5600,49.7900,12748800,39.6173
2019-02-14,46.7000,46.9600,45.5000,45.5900,58905400,36.2754
2019-02-15,45.9000,46.2600,45.2000,45.2400,35701600,35.9969
2019-02-19,45.3200,45.5900,44.7700,44.8300,25511300,35.6707
2019-02-20,44.9100,45.2400,44.8000,45.1000,27464000,35.8855
2019-02-21,45.0000,45.9100,44.9600,45.8600,23121200,36.4902
2019-02-22,45.7600,45.9500,45.2000,45.2800,24728400,36.0287
2019-02-25,45.4400,45.5700,44.8400,44.9400,23774400,35.7582
2019-02-26,45.1000,45.1400,44.6600,44.6900,20463200,35.5593
2019-02-27,44.6000,45.0200,44.4200,44.9400,17827500,35.7582
2019-02-28,45.1200,45.6100,45.1100,45.3400,22533900,36.0765
2019-03-01,45.4700,45.6400,45.2000,45.3800,16291600,36.1083
2019-03-04,45.5300,45.6700,45.3000,45.6500,15973800,36.3231
2019-03-05,45.6500,45.7000,45.4000,45.6000,13062300,36.2833
2019-03-06,45.6700,45.7900,45.4400,45.4500,14232100,36.1640
2019-03-07,45.4900,45.5300,45.1300,45.2800,12084000,36.0287
2019-03-08,45.1500,45.2500,44.6100,44.8400,15579100,35.6786
2019-03-11,45.1400,46.2400,45.1000,46.1800,22126900,36.7448
2019-03-12,45.9500,46.2500,45.9000,46.0500,19348500,36.6414
2019-03-13,46.1300,46.3400,45.9100,46.2200,16222500,36.7767
2019-03-14,45.8400,46.1100,45.6300,45.7000,18504100,36.6804
2019-03-15,45.7200,45.9000,45.1400,45.3000,47254500,36.3593
2019-03-18,45.4300,45.6800,45.3600,45.4100,24006400,36.4476
2019-03-19,45.5500,45.6900,45.3400,45.5600,14987000,36.5680
2019-03-20,45.4000,45.9000,45.1800,45.5300,13376100,36.5439
2019-03-21,45.5300,45.7600,45.4400,45.5100,20043000,36.5278
2019-03-22,45.4600,46.1100,45.4600,45.9300,19055900,36.8649
2019-03-25,45.8600,46.2000,45.7900,46.0300,11668200,36.9452
2019-03-26,46.1700,46.7900,46.1700,46.6400,11434900,37.4348
2019-03-27,46.6500,46.9100,46.3300,46.6100,11543600,37.4107
2019-03-28,46.6800,46.9200,46.4800,46.5800,11121100,37.3867
2019-03-29,46.6700,46.9100,46.4800,46.8600,16045600,37.6114
2019-04-01,46.9900,47.1700,46.5900,46.7200,11522700,37.4990
2019-04-02,46.7500,46.9300,46.5700,46.5700,8495000,37.3786
2019-04-03,46.4200,46.5900,46.0400,46.1800,12854500,37.0656
2019-04-04,46.3400,46.5400,46.1100,46.4800,7814900,37.3064
2019-04-05,46.4900,46.5800,46.2000,46.4700,7677600,37.2984
2019-04-08,46.5400,46.5700,46.2700,46.5500,9421300,37.3626
2019-04-09,46.4500,46.7200,46.2700,46.6700,8641800,37.4589
2019-04-10,46.8400,47.0000,46.5600,46.6400,8059900,37.4348
2019-04-11,46.7200,46.7500,46.5400,46.7100,7352400,37.4910
2019-04-12,46.6700,46.9300,46.5700,46.7400,10690000,37.5151
2019-04-15,46.8800,47.0400,46.7000,47.0000,10261300,37.7238
2019-04-16,47.0500,47.1000,46.7000,46.9500,10804600,37.6836
2019-04-17,47.2000,47.5500,47.1500,47.2800,11849300,37.9485
2019-04-18,47.3300,47.5800,47.2700,47.4800,12167000,38.1090
2019-04-22,47.4000,47.6100,47.0200,47.4000,9834700,38.0448
2019-04-23,48.0900,48.7200,47.5500,48.2100,25327800,38.6950
2019-04-24,48.0300,48.2300,47.9200,47.9800,15997300,38.5103
2019-04-25,47.7400,47.8900,47.4700,47.8400,11444400,38.3980
2019-04-26,47.9900,48.4500,47.9800,48.2600,10154300,38.7351
2019-04-29,48.1700,48.4500,48.1100,48.4200,9731500,38.8635
2019-04-30,48.5300,49.1800,48.3900,49.0600,17912900,39.3772
2019-05-01,48.9500,49.0800,48.5500,48.5900,10551200,39.0000
2019-05-02,48.5300,48.7700,48.2700,48.3900,8724600,38.8394
2019-05-03,48.6000,48.9600,48.5200,48.7200,7076900,39.1043
2019-05-06,48.3300,48.6100,48.2600,48.4700,8657800,38.9036
2019-05-07,48.2300,48.2900,47.7700,48.0000,12487500,38.5264
2019-05-08,48.0500,48.2300,47.8200,47.8500,9281400,38.4060
2019-05-09,47.8000,47.9800,47.0700,47.4000,11450500,38.0448
2019-05-10,47.4100,48.3000,47.4000,48.1900,9653800,38.6789
2019-05-13,47.9100,48.1300,47.7300,48.0500,11911500,38.5665
2019-05-14,48.5300,49.3200,48.3500,48.6900,16844200,39.0802
2019-05-15,48.6700,49.3800,48.6000,49.1800,11422500,39.4735
2019-05-16,49.2700,49.6600,49.2100,49.5800,17771300,39.7946
2019-05-17,49.2700,49.5500,49.1700,49.2000,11257000,39.4896
2019-05-20,49.0400,49.1400,48.7600,48.8500,13850500,39.2086
2019-05-21,49.0000,49.0300,48.4500,48.6000,10587400,39.0080
2019-05-22,48.7800,49.7100,48.7200,49.6500,16050400,39.8507
2019-05-23,49.5000,49.9000,49.4600,49.8500,12199400,40.0113
2019-05-24,49.8200,49.8900,49.5300,49.6100,6887600,39.8186
2019-05-28,49.6000,49.6700,49.0300,49.1000,18614000,39.4093
2019-05-29,48.7400,49.0300,48.4100,48.6100,12534600,39.0160
2019-05-30,48.7200,49.3100,48.6700,49.2500,9087200,39.5297
2019-05-31,49.0000,49.3100,48.7800,49.1300,11368600,39.4334
2019-06-03,49.1600,49.9800,49.0200,49.9800,14167200,40.1156
2019-06-04,50.0000,50.2800,49.6200,50.0000,12010600,40.1317
2019-06-05,50.0100,51.1400,49.6900,50.7800,15837600,40.7577
2019-06-06,50.9100,51.5400,50.5900,51.4000,15190400,41.2554
2019-06-07,51.4700,52.1900,51.4500,51.4900,15293600,41.3276
2019-06-10,51.5400,51.5400,51.0900,51.3800,9737400,41.2393
2019-06-11,51.4500,51.5900,51.1800,51.3300,9915600,41.1992
2019-06-12,51.5000,52.1400,51.4700,51.6400,11088100,41.4480
2019-06-13,51.4600,51.7000,50.7800,51.1300,10353600,41.3590
2019-06-14,51.0500,51.5300,51.0500,51.3100,8694300,41.5046
2019-06-17,51.2500,51.4800,50.6100,50.8700,12322400,41.1487
2019-06-18,51.2500,51.3000,50.5300,50.6400,9221100,40.9626
2019-06-19,50.5400,51.2400,50.4700,51.1200,9414100,41.3509
2019-06-20,51.5000,51.7900,51.3500,51.6600,10656600,41.7877
2019-06-21,51.5300,51.8900,51.4100,51.5500,21264400,41.6987
2019-06-24,51.7400,52.2000,51.7000,51.9200,10780000,41.9980
2019-06-25,52.0000,52.1000,51.6400,51.7600,11519900,41.8686
2019-06-26,51.5200,51.6400,51.0900,51.1200,12405100,41.3509
2019-06-27,51.2900,51.4000,50.9700,51.0800,12374900,41.3186
2019-06-28,51.2700,51.4000,50.5200,50.9200,16339900,41.1891
2019-07-01,51.0700,51.6300,50.7800,51.6000,14976400,41.7392
2019-07-02,51.7800,52.0500,51.5500,51.9800,8569200,42.0466
2019-07-03,52.0000,52.3300,52.0000,52.1000,7253700,42.1436
2019-07-05,51.8900,52.1200,51.4800,52.1100,8916300,42.1517
2019-07-08,52.2000,52.3300,51.8900,52.0000,9495100,42.0628
2019-07-09,51.7200,51.9700,51.4300,51.5900,10584900,41.7311
2019-07-10,51.8000,51.9700,51.6600,51.8200,7620900,41.9172
2019-07-11,51.9900,52.0600,51.6600,52.0400,10376500,42.0951
2019-07-12,52.2500,52.2900,51.9100,52.1200,7347400,42.1598
2019-07-15,52.2800,52.2900,51.8700,52.1300,5876100,42.1679
2019-07-16,51.9600,52.4700,51.8100,52.1400,7132500,42.1760
2019-07-17,52.2200,52.2600,52.0100,52.1800,8264200,42.2083
2019-07-18,52.0400,52.1700,51.6700,52.0300,11911800,42.0870
2019-07-19,52.1400,52.1500,51.3700,51.3900,10355500,41.5693
2019-07-22,51.5200,51.5200,51.1300,51.2200,12090700,41.4318
2019-07-23,53.2500,54.6400,52.7600,54.3300,33417900,43.9475
2019-07-24,54.1200,54.8200,53.6200,53.7800,15633400,43.5026
2019-07-25,53.6300,53.8000,52.7200,53.0700,19135000,42.9283
2019-07-26,53.3400,54.3100,53.1900,54.1700,11451900,43.8181
2019-07-29,54.1700,54.3000,53.9000,53.9900,12283900,43.6725
2019-07-30,53.9600,54.3000,53.5700,53.7200,8127100,43.4540
2019-07-31,53.5100,53.5100,52.0400,52.6300,16865500,42.5723
2019-08-01,52.7800,53.2000,52.0100,52.0300,19527200,42.0870
2019-08-02,51.9100,52.7300,51.9100,52.3300,13102300,42.3297
2019-08-05,52.3900,52.6600,51.4000,51.6500,19986500,41.7796
2019-08-06,51.8700,52.7600,51.6100,52.2700,19903100,42.2811
2019-08-07,52.2700,53.3900,51.7700,53.1800,17937000,43.0173
2019-08-08,53.2100,53.7800,52.8500,53.6900,10799000,43.4298
2019-08-09,53.7900,53.9000,53.0800,53.4200,9260900,43.2114
2019-08-12,53.2800,53.4400,52.9900,53.2000,6588600,43.0334
2019-08-13,52.9000,53.6100,52.8700,53.5000,8581200,43.2761
2019-08-14,53.3400,53.9700,52.9700,52.9900,17088900,42.8636
2019-08-15,53.4300,54.0000,53.2300,53.8700,12393200,43.5754
2019-08-16,53.9800,54.4900,53.9500,54.4100,14288700,44.0122
2019-08-19,54.4400,54.7800,54.3100,54.6900,10936200,44.2387
2019-08-20,54.6200,54.6800,53.8400,53.8800,8176700,43.5835
2019-08-21,54.2500,54.4100,53.8500,54.1000,10886500,43.7614
2019-08-22,54.1200,54.6400,54.1000,54.4900,7467900,44.0769
2019-08-23,54.4200,54.7100,53.3900,53.7400,14160400,43.4702
2019-08-26,54.0000,54.5400,53.7300,54.5400,9226900,44.1174
2019-08-27,54.7000,54.9500,54.4100,54.7200,13537000,44.2630
2019-08-28,54.6600,55.1500,54.4200,55.1100,10046400,44.5784
2019-08-29,55.2600,55.3400,54.6000,55.0500,9262800,44.5299
2019-08-30,55.1600,55.2200,54.8100,55.0400,8746700,44.5218
2019-09-03,54.9800,55.3300,54.8700,55.3000,12991400,44.7321
2019-09-04,55.3500,55.9200,55.3000,55.7700,10718100,45.1123
2019-09-05,55.7500,55.7700,55.0300,55.1200,13677000,44.5865
2019-09-06,55.4400,55.4400,54.7600,55.2300,9093500,44.6755
2019-09-09,55.0300,55.0800,54.3600,54.5200,10814900,44.1012
2019-09-10,54.2300,54.4400,53.8500,54.4000,12038200,44.0041
2019-09-11,54.2900,54.8000,53.9700,54.7700,9740400,44.3034
2019-09-12,55.1000,55.3100,54.9800,55.1100,12357900,44.5784
2019-09-13,54.4800,54.7900,54.0700,54.2600,11486100,44.2118
2019-09-16,54.1000,54.3400,53.6300,53.9600,11172000,43.9673
2019-09-17,54.1000,54.7000,53.9600,54.2400,11347400,44.1955
2019-09-18,54.2000,54.2900,53.8200,54.2300,9700400,44.1873
2019-09-19,54.2300,54.6000,54.1300,54.5200,7560300,44.4236
2019-09-20,54.6900,54.6900,53.9000,53.9100,19211500,43.9266
2019-09-23,53.9100,54.3600,53.8800,54.1400,6485300,44.1140
2019-09-24,54.2500,54.6100,54.0400,54.3000,10093000,44.2443
2019-09-25,54.4400,54.4800,54.0000,54.1700,10248400,44.1384
2019-09-26,54.4700,54.5800,54.1300,54.3900,10031200,44.3177
2019-09-27,54.5600,54.6400,54.0000,54.3100,7939900,44.2525
2019-09-30,54.1500,54.6800,54.1500,54.4400,9808700,44.3584
2019-10-01,54.5300,54.7800,54.0100,54.6500,14261500,44.5295
2019-10-02,54.2100,54.4400,52.9000,53.0800,14343600,43.2503
2019-10-03,53.5000,53.9800,52.8200,53.8400,13817500,43.8695
2019-10-04,54.0000,54.5400,53.8900,54.5400,9295400,44.4399
2019-10-07,54.3300,54.3600,53.7700,53.8700,5964900,43.8940
2019-10-08,53.8800,54.0700,53.4500,53.5800,13301900,43.6577
2019-10-09,54.0600,54.0700,53.5400,53.8300,7135000,43.8614
2019-10-10,53.5500,53.8800,53.3600,53.6600,8942900,43.7229
2019-10-11,53.6500,53.7000,53.2000,53.3000,8981700,43.4296
2019-10-14,53.4900,53.6800,53.2200,53.3000,7306300,43.4296
2019-10-15,53.4300,53.6800,53.2700,53.5100,9564300,43.6006
2019-10-16,53.4600,53.5700,53.1300,53.4900,10454800,43.5844
2019-10-17,53.6900,54.1200,53.5800,53.7900,13190300,43.8288
2019-10-18,55.0000,55.3900,54.4500,54.7800,18122400,44.6355
2019-10-21,54.4500,54.5600,53.6800,54.2300,12778900,44.1873
2019-10-22,54.2300,54.4200,53.7400,53.8500,9533400,43.8777
2019-10-23,54.0600,54.6600,54.0100,54.6400,8556600,44.5214
2019-10-24,54.5700,54.8200,54.4900,54.6100,11051400,44.4969
2019-10-25,54.5500,54.5600,53.6700,53.7500,9782400,43.7962
2019-10-28,53.7400,53.9500,53.3700,53.5700,8866100,43.6495
2019-10-29,53.3900,53.6600,53.2600,53.4100,7999700,43.5192
2019-10-30,53.5200,54.0500,53.1600,53.9400,8620900,43.9510
2019-10-31,53.9600,54.4700,53.8500,54.4300,13982000,44.3503
2019-11-01,54.6300,54.7400,53.8500,53.9000,9889500,43.9184
2019-11-04,53.9600,54.0000,52.9700,53.1400,17515100,43.2992
2019-11-05,52.8900,52.8900,52.1200,52.4200,19284000,42.7125
2019-11-06,52.5300,52.8000,52.4100,52.8000,13288900,43.0221
2019-11-07,52.8800,53.0000,51.9600,52.2900,11725500,42.6066
2019-11-08,52.4600,52.6000,52.0900,52.2100,7141800,42.5414
2019-11-11,52.3300,52.3700,51.7800,51.8400,8198300,42.2399
2019-11-12,51.9100,51.9100,51.5800,51.7100,12656900,42.1340
2019-11-13,52.1800,52.4500,51.9600,52.4100,12257900,42.7044
2019-11-14,52.5300,52.6700,52.3500,52.6300,8660300,42.8836
2019-11-15,52.6400,52.6800,52.3800,52.6700,8982400,42.9162
2019-11-18,52.6800,53.4400,52.6700,53.0300,13782000,43.2095
2019-11-19,53.1500,53.3100,52.8700,53.0800,12679500,43.2503
2019-11-20,53.1000,53.4000,53.0100,53.2200,11970300,43.3644
2019-11-21,53.1100,53.3400,52.7800,52.9600,7856100,43.1525
2019-11-22,52.9600,53.1900,52.7500,53.0300,9113300,43.2095
2019-11-25,53.2800,53.3900,52.7700,53.2200,10963500,43.3644
2019-11-26,53.3100,53.9400,53.2200,53.9000,13219800,43.9184
2019-11-27,53.9300,54.1000,53.6000,53.9500,9595200,43.9592
2019-11-29,53.7000,53.7300,53.2200,53.4000,7222300,43.8360
2019-12-02,53.3200,53.7500,52.8500,53.7500,13173800,44.1233
2019-12-03,53.7100,53.8400,53.4000,53.8000,14498300,44.1644
2019-12-04,53.8000,54.3100,53.7200,54.2900,13624000,44.5666
2019-12-05,54.2100,54.2900,53.8300,54.1900,14068100,44.4845
2019-12-06,54.3100,54.5000,54.1700,54.4200,7843500,44.6733
2019-12-09,54.3000,54.5100,54.0200,54.0700,13887200,44.3860
2019-12-10,54.0400,54.0700,53.7300,53.7700,8993900,44.1398
2019-12-11,53.9400,54.1500,53.6600,53.9500,8879100,44.2875
2019-12-12,54.0100,54.4500,53.9400,54.1400,11233300,44.4435
2019-12-13,53.9400,54.5500,53.8400,54.4200,13072200,44.6733
2019-12-16,54.6900,54.8300,54.3700,54.4200,9538100,44.6733
2019-12-17,54.4000,54.5800,54.2900,54.4200,9230000,44.6733
2019-12-18,54.5300,54.7500,53.8900,53.9100,15132100,44.2547
2019-12-19,54.0400,54.3400,53.9200,54.3200,13385900,44.5913
2019-12-20,54.9400,55.2000,54.4700,54.9700,23832800,45.1249
2019-12-23,55.0000,55.2400,54.8400,54.9100,9300800,45.0756
2019-12-24,54.8000,55.0000,54.6400,54.7100,3359300,44.9114
2019-12-26,54.9200,55.0200,54.7900,55.0200,6228500,45.1659
2019-12-27,55.0100,55.4500,55.0000,55.3500,6895500,45.4368
2019-12-30,55.1800,55.3900,55.0600,55.2700,6431700,45.3711
2019-12-31,55.2000,55.3800,54.9800,55.3500,7982600,45.4368
2020-01-02,55.3200,55.4300,54.7600,54.9900,11867700,45.1413
2020-01-03,54.3200,54.9900,54.0900,54.6900,11354500,44.8950
2020-01-06,54.6500,54.9100,54.5200,54.6700,14698300,44.8786
2020-01-07,54.4500,54.6000,54.1500,54.2500,9973900,44.5338
2020-01-08,54.2700,54.6400,54.1500,54.3500,10676000,44.6159
2020-01-09,55.0000,55.4000,54.8400,55.3400,15398000,45.4286
2020-01-10,55.4800,55.9300,55.4500,55.5300,13040100,45.5845
2020-01-13,55.5300,56.2300,55.4200,56.1300,14302900,46.0771
2020-01-14,56.2400,56.2900,55.8300,56.0000,16345300,45.9704
2020-01-15,56.0000,56.9800,56.0000,56.7000,17735400,46.5450
2020-01-16,56.8500,56.9500,56.6100,56.8200,10234100,46.6435
2020-01-17,56.8700,57.1500,56.8000,56.9400,14264300,46.7420
2020-01-21,56.8500,57.2500,56.5700,57.1700,11968900,46.9308
2020-01-22,57.2500,57.6400,57.1800,57.6100,12869600,47.2920
2020-01-23,57.3800,57.8500,57.2400,57.8300,12858900,47.4726
2020-01-24,57.8500,57.8700,57.4600,57.6800,8594300,47.3495
2020-01-27,57.2100,57.8500,57.1300,57.4800,14359900,47.1853
2020-01-28,57.4500,57.7500,56.9700,57.0100,15240200,46.7995
2020-01-29,57.0000,57.2600,56.6600,57.0100,13163600,46.7995
2020-01-30,57.9300,58.9800,57.7600,58.8600,20225600,48.3181
2020-01-31,58.9700,59.0800,58.1500,58.4000,17685200,47.9405
2020-02-03,58.7500,58.9700,58.5200,58.5800,12333600,48.0883
2020-02-04,58.7500,59.4500,58.6200,58.8400,15417900,48.3017
2020-02-05,58.9000,59.0800,58.5400,58.8500,11414900,48.3099
2020-02-06,58.9800,59.3400,58.8400,58.9900,9347000,48.4249
2020-02-07,58.8800,59.3200,58.8500,59.1900,8757800,48.5890
2020-02-10,59.3200,59.8400,59.2900,59.7500,7984900,49.0487
2020-02-11,59.7200,59.8000,59.3200,59.5900,7431200,48.9174
2020-02-12,59.4800,59.7700,59.3200,59.4100,9179100,48.7696
2020-02-13,59.3800,59.8400,59.2100,59.6100,8173200,48.9338
2020-02-14,59.6300,60.0700,59.6200,59.9500,9965500,49.2129
2020-02-18,59.8100,59.9300,59.4500,59.5300,10075700,48.8681
2020-02-19,59.5100,60.0000,59.4700,59.7700,6265700,49.0652
2020-02-20,59.6800,59.8600,59.1100,59.7200,7597200,49.0241
2020-02-21,59.5100,60.1300,59.4300,60.1300,10842400,49.3607
2020-02-24,59.1100,59.8000,58.5700,58.6500,14415500,48.1458
2020-02-25,58.7000,59.2000,57.6200,57.8200,15915100,47.4644
2020-02-26,57.9800,58.4700,57.4800,57.6000,15837800,47.2838
2020-02-27,57.1500,57.8900,54.8800,54.9300,23754000,45.0920
2020-02-28,53.8300,53.8900,51.5800,53.4900,40890600,43.9099
2020-03-02,53.9300,55.9600,53.7000,55.9200,25698600,45.9047
2020-03-03,56.7600,57.4900,55.6400,56.0600,27099200,46.0196
2020-03-04,56.4100,59.0000,56.4100,58.9200,20526100,48.3674
2020-03-05,57.8000,58.1700,56.1900,56.7400,17948500,46.5778
2020-03-06,54.9400,55.9100,53.9800,55.2600,22353900,45.3629
2020-03-09,52.0500,53.5800,51.4800,51.8600,27898300,42.5718
2020-03-10,53.2200,53.8000,51.1700,53.6600,27457400,44.0495
2020-03-11,52.3500,52.6500,51.1400,52.2100,22653900,42.8592
2020-03-12,48.5400,49.9300,46.6900,47.1600,31913100,38.7136
2020-03-13,49.5100,49.5600,46.6100,48.4700,33697200,40.1380
2020-03-16,42.2400,47.8800,41.1700,45.2600,28682300,37.4797
2020-03-17,45.8800,47.5000,45.3700,47.1800,32106700,39.0697
2020-03-18,44.7400,45.1500,41.5900,44.8500,35408300,37.1402
2020-03-19,44.3600,44.6600,41.0400,41.8300,41956900,34.6394
2020-03-20,41.9500,42.0700,37.5100,38.3000,51513500,31.7162
2020-03-23,38.7600,38.8900,36.2700,37.5600,44978500,31.1034
2020-03-24,41.2200,41.4000,38.8300,39.4500,49096200,32.6685
2020-03-25,40.6300,43.4500,39.9100,41.6100,42511700,34.4572
2020-03-26,42.8400,45.2700,42.4500,44.2900,37821700,36.6765
2020-03-27,43.6600,44.0300,42.4000,42.8100,23297900,35.4509
2020-03-30,43.0400,45.5600,43.0400,45.0000,23446000,37.2645
2020-03-31,45.0700,45.5100,44.0600,44.2500,25373900,36.6434
2020-04-01,42.4800,43.6500,41.8000,42.1200,21936400,34.8795
2020-04-02,42.2200,44.1900,41.8600,43.9500,17621900,36.3949
2020-04-03,43.5800,44.3400,43.3100,43.8300,14207100,36.2956
2020-04-06,45.3900,47.0100,44.6900,46.6700,22850000,38.6474
2020-04-07,48.5000,48.6000,46.4800,46.5100,21279600,38.5149
2020-04-08,46.6400,48.0900,46.3300,47.8200,18937100,39.5997
2020-04-09,48.4400,49.7300,48.3500,49.0000,19165300,40.5768
2020-04-13,48.3500,48.6400,46.5000,46.9300,19586000,38.8627
2020-04-14,47.9400,49.2500,46.9300,48.9200,21801900,40.5106
2020-04-15,47.7100,48.4000,47.4100,47.6100,12893200,39.4258
2020-04-16,47.4000,47.8500,46.7600,47.1000,17606800,39.0035
2020-04-17,48.3000,48.3000,47.3700,48.0600,19844600,39.7984
2020-04-20,47.7900,48.0000,46.3100,46.5300,18957900,38.5314
2020-04-21,45.8800,46.9000,44.2600,45.3800,26863700,37.5791
2020-04-22,46.0500,46.1500,45.5000,45.6800,15811600,37.8276
2020-04-23,45.9500,46.1000,44.9700,45.0700,17668200,37.3224
2020-04-24,45.5000,45.7500,45.1200,45.4300,15175000,37.6205
2020-04-27,46.0000,46.9800,45.7100,46.7800,19175500,38.7385
2020-04-28,47.9000,48.0000,46.5700,46.7400,17246700,38.7053
2020-04-29,47.2700,47.8600,46.8800,47.1200,15780000,39.0200
2020-04-30,47.0000,47.0000,45.7000,45.8900,20801100,38.0015
2020-05-01,45.6200,46.3900,45.2100,45.6000,14290400,37.7613
2020-05-04,45.3200,45.4800,44.6000,45.1400,22544200,37.3804
2020-05-05,45.3600,46.1000,45.1500,45.4000,13370500,37.5957
2020-05-06,45.4000,45.6300,44.7200,44.7500,11892900,37.0574
2020-05-07,45.1500,45.2400,44.5000,44.6000,16466000,36.9332
2020-05-08,45.0800,46.2200,44.8800,46.1100,13985100,38.1836
2020-05-11,45.6900,46.1100,45.5200,45.5400,10874600,37.7116
2020-05-12,45.6000,45.8500,44.8000,44.8200,13424400,37.1154
2020-05-13,44.7100,44.7800,43.5200,43.9400,15854800,36.3867
2020-05-14,43.3800,44.0600,43.2300,43.7000,18000800,36.1879
2020-05-15,43.9600,44.6900,43.2000,43.2600,31579400,35.8235
2020-05-18,44.8200,45.3900,44.1300,44.9700,26118500,37.2396
2020-05-19,45.0100,45.3300,44.2500,44.5400,17839900,36.8835
2020-05-20,45.2000,46.1700,45.0200,45.8900,22295900,38.0015
2020-05-21,46.0800,46.0900,45.0300,45.1700,13193500,37.4052
2020-05-22,45.2200,45.3100,44.6500,45.0300,13008400,37.2893
2020-05-26,46.9200,46.9300,45.9300,46.0900,22223100,38.1671
2020-05-27,47.0000,47.0900,46.1700,46.7300,18447600,38.6971
2020-05-28,47.3000,47.4600,46.8200,47.0900,16230600,38.9952
2020-05-29,46.6800,47.1900,46.1400,46.6800,51125000,38.6557
2020-06-01,46.6600,47.2300,46.5900,46.9900,17010700,38.9124
2020-06-02,47.1600,47.2800,46.5600,46.9000,15255100,38.8378
2020-06-03,47.2700,48.1200,47.1200,47.9000,15508300,39.6659
2020-06-04,47.9400,48.2700,47.3800,47.9200,13604700,39.6825
2020-06-05,48.5400,49.4900,48.4600,49.0900,20504800,40.6514
2020-06-08,49.5400,49.9700,49.4700,49.8500,19896700,41.2807
2020-06-09,49.5900,49.5900,48.6800,49.0000,16713700,40.5768
2020-06-10,49.1600,49.2700,48.5700,48.6200,15716600,40.2622
2020-06-11,47.8100,47.9200,45.4600,45.5400,26070400,37.7116
2020-06-12,46.2100,46.2500,45.0100,45.6000,21822700,38.1044
2020-06-15,44.5700,46.4500,44.4700,46.3000,15622300,38.6893
2020-06-16,47.5600,47.6900,46.1900,46.7700,18803500,39.0820
2020-06-17,46.7800,47.0600,46.4400,46.5800,12602800,38.9233
2020-06-18,46.3000,47.0400,46.0700,46.9900,9380800,39.2659
2020-06-19,47.7700,47.7900,46.0200,46.0200,30464600,38.4553
2020-06-22,46.0300,46.1500,45.3800,45.7400,20876200,38.2214
2020-06-23,46.0000,46.2900,45.5800,45.6400,14675300,38.1378
2020-06-24,45.3700,45.4400,44.5000,44.6500,17631800,37.3105
2020-06-25,44.4700,44.9800,44.0300,44.9300,13829700,37.5445
2020-06-26,44.9200,45.0100,43.5100,43.5700,21955100,36.4080
2020-06-29,44.0000,44.5700,43.5500,44.3600,17603900,37.0682
2020-06-30,44.2500,44.8300,44.0400,44.6800,23679800,37.3356
2020-07-01,44.9300,45.5300,44.7100,44.8200,14316500,37.4526
2020-07-02,45.2900,45.4300,44.8000,44.8800,15111900,37.5027
2020-07-06,45.1400,45.2700,44.6100,45.2300,15146000,37.7952
2020-07-07,45.0000,45.5000,44.8000,45.2100,13043600,37.7785
2020-07-08,45.1400,45.1800,44.4700,45.0700,13851200,37.6615
2020-07-09,45.0500,45.0500,43.8300,43.9100,16087100,36.6922
2020-07-10,43.8800,45.2500,43.8600,45.1500,15627800,37.7283
2020-07-13,45.5300,45.6800,44.9600,45.2500,16705300,37.8119
2020-07-14,44.9100,45.9400,44.6700,45.8700,17080100,38.3300
2020-07-15,46.3000,47.1900,46.2000,46.4000,23738000,38.7729
2020-07-16,46.2600,46.6900,45.9400,46.1500,13306100,38.5640
2020-07-17,46.4700,46.9100,46.1300,46.8200,13899800,39.1238
2020-07-20,46.7200,46.8300,45.8500,46.1200,16633200,38.5389
2020-07-21,47.5200,47.9900,46.9300,47.2000,25681500,39.4414
2020-07-22,47.9300,48.5200,47.0300,48.4800,29831200,40.5110
2020-07-23,48.4700,48.5700,48.0300,48.2800,15935000,40.3438
2020-07-24,48.4000,48.8000,48.0700,48.4900,16196800,40.5193
2020-07-27,48.1800,48.5100,48.1800,48.4800,17346500,40.5110
2020-07-28,48.3400,49.2800,48.1000,48.1800,13872700,40.2603
2020-07-29,48.1400,48.5000,47.8200,48.0200,13758100,40.1266
2020-07-30,47.6700,48.2300,47.2000,47.6900,17276500,39.8508
2020-07-31,47.4400,47.7700,46.7300,47.2400,14849200,39.4748
2020-08-03,47.1400,47.3600,46.2300,46.3000,14137500,38.6893
2020-08-04,46.2900,46.8600,46.2200,46.6900,11717200,39.0152
2020-08-05,46.9000,47.2700,46.8100,47.2200,10498700,39.4581
2020-08-06,46.6600,47.5300,46.6000,47.4800,10745000,39.6753
2020-08-07,47.4700,48.0800,47.2100,47.8000,11669700,39.9427
2020-08-10,48.0600,48.2800,47.6600,47.7200,11888000,39.8759
2020-08-11,48.4600,48.6500,47.7000,47.9300,16531600,40.0514
2020-08-12,48.3000,48.6900,48.1200,48.4300,9562200,40.4692
2020-08-13,48.2600,48.7300,48.0600,48.3800,9882900,40.4274
2020-08-14,48.3400,48.6900,48.0300,48.4500,10075800,40.4859
2020-08-17,48.3200,48.7500,48.2000,48.2100,9102400,40.2853
2020-08-18,48.2000,48.5000,47.9600,48.4200,9829000,40.4608
2020-08-19,48.1200,48.3800,47.2200,47.3700,17371000,39.5834
2020-08-20,47.2700,47.6000,47.0900,47.3500,11308700,39.5667
2020-08-21,47.3400,47.5000,46.9700,47.2800,14734100,39.5082
2020-08-24,47.4300,47.9800,47.1800,47.9700,9257700,40.0848
2020-08-25,48.0000,48.0500,47.6500,47.9100,7827800,40.0347
2020-08-26,47.7600,48.1800,47.4700,48.1600,10124200,40.2436
2020-08-27,48.2500,48.8200,48.2000,48.2300,10931600,40.3021
2020-08-28,48.7500,49.8500,48.5300,49.8300,16420300,41.6390
2020-08-31,49.8000,50.0700,49.3500,49.5300,18510800,41.3884
2020-09-01,49.3100,49.3500,48.8300,49.1200,12588400,41.0457
2020-09-02,49.3600,51.3600,49.3600,51.1900,26332600,42.7755
2020-09-03,51.4000,52.1400,50.1000,50.4800,22289400,42.1822
2020-09-04,50.9400,51.4700,50.2800,51.0400,21019500,42.6502
2020-09-08,50.9300,51.0400,49.3600,49.8100,17776700,41.6223
2020-09-09,49.6000,50.7600,49.5500,50.1900,15252300,41.9399
2020-09-10,50.3500,50.6800,49.9500,50.0000,15439500,41.7811
2020-09-11,50.4000,51.2000,50.1000,51.0600,18272300,42.6669
2020-09-14,50.9700,51.2300,50.5700,50.7100,10911700,42.7174
2020-09-15,51.0000,51.3800,50.8400,51.0500,12838400,43.0038
2020-09-16,50.9500,51.4500,50.7400,50.7900,15353900,42.7848
2020-09-17,50.2200,50.6300,49.9400,50.5500,13287100,42.5826
2020-09-18,50.7500,51.1600,50.2100,50.4500,23816600,42.4984
2020-09-21,49.7500,50.0200,48.6100,49.0900,17514800,41.3527
2020-09-22,49.1100,50.0400,49.0700,49.6600,13034600,41.8329
2020-09-23,49.7300,49.9200,48.1700,48.2100,17121200,40.6114
2020-09-24,48.2100,49.1000,47.5600,48.7000,16788100,41.0242
2020-09-25,48.2000,48.7600,47.9800,48.7200,12603400,41.0411
2020-09-28,49.3100,49.7100,49.1400,49.2800,11215700,41.5128
2020-09-29,49.3900,49.5600,48.9100,48.9200,12426600,41.2095
2020-09-30,49.2700,49.6200,48.8900,49.3700,15755900,41.5886
2020-10-01,49.4400,49.6600,48.5900,49.1800,17577300,41.4286
2020-10-02,48.7600,49.5800,48.5500,49.3600,13610100,41.5802
2020-10-05,49.4300,49.5500,49.1200,49.3800,10628700,41.5970
2020-10-06,49.5500,49.7300,48.8300,48.9400,10077400,41.2264
2020-10-07,49.0200,49.7600,48.9500,49.5600,10135600,41.7487
2020-10-08,49.7100,50.5400,49.5400,50.4600,12143900,42.5068
2020-10-09,50.6700,51.2300,50.6000,50.8100,11407800,42.8017
2020-10-12,50.8400,51.5300,50.8300,51.0900,11386500,43.0375
2020-10-13,50.9900,50.9900,49.9000,50.2200,14365300,42.3046
2020-10-14,50.0500,50.4900,49.6500,50.1200,10582100,42.2204
2020-10-15,49.4000,50.1300,49.3000,49.9900,9961700,42.1109
2020-10-16,49.9900,50.3500,49.8700,50.0300,13569800,42.1446
2020-10-19,50.0300,50.4800,49.4600,49.6200,9930400,41.7992
2020-10-20,49.8900,50.6200,49.7900,50.2500,10970700,42.3299
2020-10-21,49.9600,50.4300,49.7700,49.9900,12517400,42.1109
2020-10-22,51.1700,51.2000,50.3800,50.6800,20189200,42.6921
2020-10-23,51.0000,51.1800,50.4700,50.5200,13491300,42.5573
2020-10-26,50.3400,50.5100,49.2000,49.8000,14696400,41.9508
2020-10-27,49.8100,50.2900,49.5500,49.9000,13892100,42.0351
2020-10-28,49.0000,49.1500,47.7800,47.9600,19886200,40.4008
2020-10-29,47.7300,48.4800,47.3000,48.0200,15369900,40.4514
2020-10-30,47.8100,48.1200,47.3700,48.0600,15804000,40.4851
2020-11-02,48.7500,48.9500,48.2400,48.6200,15156100,40.9568
2020-11-03,49.2200,49.9600,49.0000,49.3500,15285100,41.5718
2020-11-04,49.4300,50.2100,49.0800,49.1700,12930800,41.4201
2020-11-05,49.7600,50.2100,49.3400,49.4400,12452400,41.6476
2020-11-06,49.6500,49.9900,49.2500,49.4500,9294900,41.6560
2020-11-09,52.5000,53.2600,52.0700,52.5700,33442000,44.2842
2020-11-10,52.5700,54.2800,52.4500,53.9800,29706700,45.4720
2020-11-11,53.9300,54.3000,53.3300,53.5800,17399900,45.1351
2020-11-12,53.0500,53.2100,52.6100,53.0100,15024400,44.6549
2020-11-13,53.2500,53.5000,52.8900,53.4500,12447900,45.0255
2020-11-16,54.5000,54.6200,53.2800,53.8500,14908200,45.3625
2020-11-17,53.6600,53.7500,53.0300,53.6800,14248400,45.2193
2020-11-18,53.7500,54.0200,52.5600,52.6100,15278200,44.3179
2020-11-19,52.4900,53.2300,51.9500,53.1300,17189500,44.7560
2020-11-20,53.1900,53.2500,52.5900,52.6700,15645600,44.3685
2020-11-23,52.9500,53.1700,52.2000,52.6800,13191900,44.3769
2020-11-24,53.1400,53.5900,53.0200,53.2200,13827600,44.8318
2020-11-25,53.0700,53.2800,52.7900,52.9300,10194800,44.5875
2020-11-27,53.1100,53.1900,52.6100,52.7000,8499300,44.3938
2020-11-30,52.0900,52.1900,51.0800,51.6000,43203600,43.8079
2020-12-01,52.1400,52.3300,51.7900,52.0400,18968800,44.1815
2020-12-02,51.9000,52.1300,51.6400,52.1100,14913100,44.2409
2020-12-03,51.9000,52.9400,51.9000,52.7800,17318900,44.8098
2020-12-04,52.7800,53.8700,52.7600,53.8500,18122400,45.7182
2020-12-07,53.7600,53.7800,52.7000,52.9900,16210900,44.9880
2020-12-08,52.9400,53.4800,52.7900,53.1800,12485800,45.1493
2020-12-09,53.3700,53.6000,53.0000,53.3300,11508400,45.2767
2020-12-10,53.4000,53.5100,52.9800,53.0500,12097300,45.0390
2020-12-11,52.8000,53.5400,52.7800,53.3500,10638100,45.2937
2020-12-14,53.6500,53.8400,53.1800,53.2700,22292000,45.2258
2020-12-15,53.7900,54.2200,53.6000,53.8400,16193700,45.7097
2020-12-16,53.6000,53.8000,52.9400,53.0600,15679600,45.0475
2020-12-17,53.3000,53.7100,53.1500,53.2700,12677300,45.2258
2020-12-18,53.0800,53.8400,52.6200,53.7400,35480100,45.6248
2020-12-21,52.6800,53.0000,51.9800,52.8100,14926600,44.8352
2020-12-22,52.8100,53.1800,52.3900,52.7600,9689500,44.7928
2020-12-23,52.9500,53.3900,52.9400,53.0800,7040300,45.0645
2020-12-24,53.0200,53.5500,53.0200,53.4400,3265500,45.3701
2020-12-28,53.8500,54.4400,53.7300,54.1600,9020500,45.9814
2020-12-29,54.4500,54.4900,54.0200,54.1300,8320600,45.9559
2020-12-30,54.0500,54.6300,54.0300,54.4400,8142700,46.2191
2020-12-31,54.4500,54.9300,54.2700,54.8400,8495000,46.5587
2021-01-04,54.2700,54.6300,52.0300,52.7600,25611100,44.7928
2021-01-05,52.3300,52.6200,52.0300,52.1800,20323800,44.3004
2021-01-06,51.9700,52.0200,50.1900,50.5200,38724500,42.8910
2021-01-07,50.0900,50.2600,49.5200,49.9600,53225700,42.4156
2021-01-08,50.0300,51.1300,49.8400,51.0800,29674000,43.3665
2021-01-11,50.6200,50.8600,49.9500,50.2000,19304400,42.6194
2021-01-12,50.0400,50.3700,49.7600,50.1100,18538700,42.5430
2021-01-13,49.9800,50.3600,49.9500,50.1600,18864100,42.5854
2021-01-14,50.1600,50.1800,49.2200,49.2300,34303600,41.7958
2021-01-15,49.1600,49.1800,48.5300,48.7000,24366800,41.3459
2021-01-19,48.7400,49.0400,48.2400,48.5100,29114500,41.1846
2021-01-20,48.5400,48.8200,48.3100,48.6800,23115800,41.3289
2021-01-21,48.7800,49.0900,48.4600,48.9500,19702500,41.5581
2021-01-22,48.8100,48.9400,48.4900,48.4900,15400300,41.1676
2021-01-25,48.4200,48.8400,48.2400,48.7800,16604200,41.4138
2021-01-26,48.9100,49.4000,48.6100,49.2900,12922600,41.8468
2021-01-27,48.8900,49.3200,48.2300,48.5300,21242400,41.2015
2021-01-28,48.6900,49.5000,48.6100,49.1500,17498900,41.7279
2021-01-29,49.0300,49.1200,48.1100,48.1500,18670300,40.8789
2021-02-01,48.2700,48.6900,48.1800,48.4800,12183600,41.1591
2021-02-02,48.8000,49.3500,48.6300,48.9600,13319800,41.5666
2021-02-03,48.9500,49.0900,48.6700,48.7700,12274100,41.4053
2021-02-04,48.9600,49.0700,48.6500,49.0100,20597400,41.6091
2021-02-05,49.5000,49.7800,49.2700,49.6500,12742000,42.1524
2021-02-08,49.9600,50.1700,49.4900,49.9200,17833200,42.3817
2021-02-09,49.8500,50.0200,49.6300,49.7000,14592900,42.1949
2021-02-10,50.4100,50.5800,49.5300,49.6000,22965400,42.1100
2021-02-11,49.8100,50.5900,49.8000,50.3000,21928600,42.7043
2021-02-12,50.5700,50.8500,50.3900,50.6900,13137100,43.0354
2021-02-16,50.6200,50.7200,50.1600,50.2700,15093400,42.6788
2021-02-17,50.0000,50.4900,49.8900,50.1300,12794300,42.5599
2021-02-18,50.1600,50.8500,50.0300,50.7700,12747100,43.1033
2021-02-19,50.7900,50.8300,49.9700,50.1100,15968800,42.5430
2021-02-22,49.8500,50.8800,49.6700,50.6300,14370900,42.9844
2021-02-23,51.0000,51.5100,50.4200,50.5400,16222300,42.9080
2021-02-24,50.3900,50.9000,50.1300,50.7100,14442000,43.0523
2021-02-25,50.4700,50.7500,49.9800,50.1700,14211100,42.5939
2021-02-26,50.2000,50.2100,48.9700,48.9900,23638400,41.5921
2021-03-01,49.4400,50.4400,49.4000,49.9000,13901200,42.3647
2021-03-02,49.8400,50.5600,49.7000,50.1000,11755100,42.5345
2021-03-03,49.7200,50.5600,49.7100,49.9800,15410700,42.4326
2021-03-04,50.3100,51.0900,49.6200,49.9400,22036400,42.3986
2021-03-05,50.0500,50.9500,49.9000,50.7900,21310800,43.1203
2021-03-08,51.4700,52.4900,51.1600,51.6400,25084900,43.8419
2021-03-09,51.7200,51.8800,50.8200,50.8600,23082700,43.1797
2021-03-10,51.1800,51.6300,50.7200,51.4400,21331600,43.6721
2021-03-11,51.4100,51.4300,50.8100,50.8800,17417700,43.1967
2021-03-12,50.5900,50.6800,50.2000,50.3600,17598600,43.1111
2021-03-15,50.5000,51.1200,50.4700,51.0300,13411900,43.6846
2021-03-16,51.2000,51.5200,51.0400,51.2200,14214200,43.8473
2021-03-17,51.2500,51.6200,51.1500,51.2400,17502700,43.8644
2021-03-18,51.0600,51.1900,50.4900,50.5700,18007300,43.2908
2021-03-19,50.4600,51.0800,50.1700,50.8100,67845700,43.4963
2021-03-22,50.3200,51.0800,50.3200,51.0000,17911400,43.6590
2021-03-23,50.9900,51.6500,50.8300,51.3900,16936700,43.9928
2021-03-24,51.1700,51.8900,51.1500,51.5200,14997400,44.1041
2021-03-25,51.7000,52.0600,51.1700,52.0200,17091900,44.5321
2021-03-26,52.1400,53.1100,51.7600,53.0400,17126700,45.4053
2021-03-29,52.7300,53.9400,52.7100,53.8500,17514100,46.0987
2021-03-30,53.7500,53.7900,52.9300,53.1500,14871800,45.4995
2021-03-31,53.0300,53.1700,52.5000,52.7100,15826500,45.1228
2021-04-01,52.9600,53.1500,52.4600,52.5100,15834700,44.9516
2021-04-05,52.3500,53.2200,52.2900,52.8100,16368700,45.2084
2021-04-06,53.0400,53.6500,52.9000,53.1900,15614300,45.5337
2021-04-07,53.2800,53.5000,53.1200,53.2800,10062700,45.6108
2021-04-08,53.1700,53.3800,52.9700,53.1200,9695600,45.4738
2021-04-09,53.1700,53.2800,52.8100,53.1800,10828200,45.5251
2021-04-12,53.3300,53.5500,53.1000,53.3500,8565300,45.6707
2021-04-13,53.0400,53.2900,52.8100,53.0900,11071700,45.4481
2021-04-14,52.9800,53.1900,52.6500,53.0800,9787600,45.4396
2021-04-15,53.1300,53.6600,53.1200,53.3300,13078100,45.6536
2021-04-16,53.7400,53.8000,53.3800,53.6800,17974100,45.9532
2021-04-19,54.0000,54.3600,53.3000,54.0000,19352900,46.2271
2021-04-20,53.8400,54.5900,53.8100,54.1700,14419200,46.3727
2021-04-21,54.2400,54.7400,54.2400,54.6100,13866500,46.7493
2021-04-22,54.4700,54.8700,54.3200,54.4400,12558900,46.6038
2021-04-23,54.4000,54.5900,54.1700,54.4700,9020500,46.6295
2021-04-26,54.4700,54.5100,53.5800,53.6600,11684600,45.9361
2021-04-27,53.5600,53.7000,53.3200,53.5800,9852400,45.8676
2021-04-28,53.9800,54.0500,53.4400,53.5900,10868100,45.8761
2021-04-29,53.5400,54.3600,53.4300,54.2600,15391000,46.4497
2021-04-30,54.2500,54.2700,53.6900,53.9800,14912600,46.2100
2021-05-03,54.2700,54.8000,54.1600,54.4800,10417900,46.6380
2021-05-04,54.5700,54.6200,53.9400,54.1400,14151000,46.3470
2021-05-05,54.1400,54.2400,53.7100,54.0000,9665900,46.2271
2021-05-06,54.1200,54.6100,54.0500,54.5400,11572700,46.6894
2021-05-07,54.4400,54.7700,54.1600,54.5100,10637500,46.6637
2021-05-10,54.8800,55.5000,54.8300,54.9100,15545800,47.0061
2021-05-11,55.0300,55.1400,54.0500,54.3200,12986700,46.5011
2021-05-12,54.3600,54.5600,53.8800,54.0400,15836500,46.2614
2021-05-13,53.9700,54.7800,53.8300,54.5100,15475800,46.6637
2021-05-14,54.9000,55.1000,54.6900,54.7300,11725300,46.8520
2021-05-17,54.8400,55.0200,54.5000,54.6400,12119800,46.7750
2021-05-18,54.3900,54.5600,54.1000,54.3400,13232500,46.5182
2021-05-19,54.1200,54.1800,53.6100,54.1700,15126100,46.3727
2021-05-20,54.1200,54.8000,54.1200,54.6500,10948400,46.7836
2021-05-21,54.8000,55.1200,54.2200,54.6200,16033200,46.7579
2021-05-24,54.6300,54.9300,54.4900,54.8000,10326100,46.9120
2021-05-25,54.8200,54.8200,54.3500,54.7900,11916500,46.9034
2021-05-26,54.9800,55.0500,54.5900,55.0300,16064300,47.1089
2021-05-27,55.2100,55.5700,54.7800,55.4900,59109600,47.5026
2021-05-28,55.3500,55.7100,55.2000,55.2900,17011600,47.3314
2021-06-01,55.3400,55.6500,55.1000,55.2800,13304000,47.3229
2021-06-02,55.5000,55.5600,55.2600,55.5000,11328500,47.5112
2021-06-03,55.1800,55.7400,55.1000,55.6400,17364300,47.6311
2021-06-04,55.9000,56.4800,55.7800,56.2400,18935100,48.1447
2021-06-07,56.3100,56.3400,55.8100,56.0400,14010800,47.9735
2021-06-08,56.2500,56.2500,55.5500,55.6500,10968300,47.6396
2021-06-09,55.7500,55.9200,55.4800,55.4800,9838800,47.4941
2021-06-10,55.9100,56.1200,55.7600,55.9100,12444400,47.8622
2021-06-11,55.9900,56.2100,55.6600,56.1600,11825800,48.0762
2021-06-14,55.6900,55.7100,55.2000,55.5500,9710800,47.9123
2021-06-15,55.7800,55.7900,55.1900,55.4100,11154200,47.7916
2021-06-16,55.4400,55.4600,54.6400,54.6700,15211700,47.1533
2021-06-17,54.6700,55.1500,54.6500,54.9500,10658400,47.3948
2021-06-18,54.5100,54.6200,53.7200,53.7700,31445600,46.3771
2021-06-21,54.2200,54.4300,54.0000,54.3600,14404300,46.8859
2021-06-22,54.3400,54.8500,54.2600,54.5600,13072800,47.0584
2021-06-23,54.5600,54.6000,54.1100,54.1200,12339200,46.6789
2021-06-24,54.2600,54.4200,54.0000,54.3900,11488400,46.9118
2021-06-25,54.2400,54.4700,54.0100,54.3200,18880300,46.8514
2021-06-28,54.2500,54.3700,54.0000,54.2600,10556900,46.7997
2021-06-29,54.1300,54.3400,53.7200,53.8600,12300900,46.4547
2021-06-30,53.8000,54.1800,53.7500,54.1100,14614200,46.6703
2021-07-01,54.3400,54.4800,53.8600,53.9600,13214700,46.5409
2021-07-02,54.0000,54.4500,54.0000,54.1800,10604600,46.7307
2021-07-06,53.9900,54.0900,53.5500,53.8800,15278200,46.4719
2021-07-07,53.7200,54.3800,53.7200,54.3200,14377700,46.8514
2021-07-08,54.0100,54.1700,53.7400,54.1300,11943900,46.6876
2021-07-09,54.2500,54.5200,54.1800,54.4600,10847000,46.9722
2021-07-12,54.3200,54.6000,54.2700,54.4800,15107600,46.9894
2021-07-13,54.9500,55.3000,54.7500,55.0200,15170800,47.4552
2021-07-14,55.0200,56.3500,54.9600,56.2600,22002700,48.5247
2021-07-15,56.2400,56.4700,55.9100,56.4400,15068200,48.6800
2021-07-16,56.4600,56.6800,56.2600,56.4000,14860500,48.6455
2021-07-19,56.0800,56.3500,55.1600,55.7300,19527000,48.0676
2021-07-20,55.7300,56.3300,55.5200,55.8300,16257900,48.1538
2021-07-21,57.3300,57.5600,56.4300,56.5500,20918200,48.7748
2021-07-22,56.6200,56.7400,56.0500,56.4700,13402700,48.7058
2021-07-23,56.5900,57.3300,56.4500,57.0100,12144000,49.1716
2021-07-26,56.8900,57.1200,56.5600,57.0600,8681100,49.2147
2021-07-27,57.1100,57.5400,56.9200,57.2600,12794400,49.3872
2021-07-28,56.9900,57.1600,56.6300,56.7400,9858000,48.9387
2021-07-29,57.0700,57.2500,56.8600,57.0500,9599100,49.2061
2021-07-30,57.1500,57.2500,56.9000,57.0300,11727000,49.1888
2021-08-02,57.2000,57.2400,56.7100,56.8800,9778000,49.0595
2021-08-03,57.0000,57.0000,56.7500,56.9200,8825500,49.0940
2021-08-04,56.7500,56.9500,56.0100,56.1000,11888400,48.3867
2021-08-05,56.4400,56.5900,56.2900,56.5000,9806800,48.7317
2021-08-06,56.6000,56.7400,56.4400,56.6400,10409300,48.8525
2021-08-09,56.8000,56.8800,56.4300,56.6500,8859900,48.8611
2021-08-10,56.8400,57.1700,56.6600,56.8000,10906900,48.9905
2021-08-11,56.8900,57.1800,56.7100,56.7300,8370700,48.9301
2021-08-12,56.7300,56.9800,56.7300,56.8400,6169200,49.0250
2021-08-13,56.8100,57.3000,56.7700,57.2300,7714200,49.3613
2021-08-16,57.2000,57.4900,57.0300,57.4800,7972000,49.5770
2021-08-17,57.4600,57.5600,57.0100,57.2800,10346400,49.4045
2021-08-18,57.1900,57.2300,56.4200,56.5000,13873700,48.7317
2021-08-19,56.0600,56.9800,55.9500,56.8600,9223700,49.0422
2021-08-20,56.8400,57.0300,56.5800,56.6400,10543600,48.8525
2021-08-23,56.6700,56.7500,56.3800,56.4400,8912800,48.6800
2021-08-24,56.6400,56.6400,55.9000,56.0100,12067200,48.3091
2021-08-25,56.0600,56.1700,55.7300,56.0700,11270700,48.3608
2021-08-26,55.9500,55.9800,55.5100,55.5400,10331500,47.9037
2021-08-27,55.6600,55.7900,55.4500,55.6500,8844100,47.9986
2021-08-30,55.6900,56.2000,55.6400,56.1800,10034700,48.4557
2021-08-31,56.1600,56.5200,56.0000,56.3100,14185700,48.5678
2021-09-01,56.3800,56.8000,56.2800,56.6900,9518900,48.8956
2021-09-02,56.7700,57.0300,56.4100,56.7700,11653200,48.9646
2021-09-03,56.4600,56.7700,56.2500,56.7300,13220400,48.9301
2021-09-07,56.6000,56.6900,55.5100,55.6700,20035300,48.0158
2021-09-08,55.6100,56.4800,55.6100,56.4200,12040100,48.6627
2021-09-09,56.1800,56.4200,55.8000,55.8600,12545400,48.1797
2021-09-10,56.0100,56.1300,55.5200,55.6100,10573700,47.9641
2021-09-13,55.7400,56.4000,55.7400,56.0700,20274300,48.3608
2021-09-14,55.9200,55.9800,55.5500,55.6900,13918900,48.3956
2021-09-15,55.6800,56.0000,55.4200,55.8800,15746000,48.5607
2021-09-16,55.7200,55.9900,54.8200,55.3500,17430400,48.1001
2021-09-17,55.0200,55.1900,54.3700,54.4400,33370200,47.3093
2021-09-20,54.1100,54.4000,53.7300,54.0600,27542500,46.9791
2021-09-21,54.3900,54.8200,53.9400,54.0500,16418200,46.9704
2021-09-22,54.5100,54.5600,54.0600,54.1300,12719700,47.0399
2021-09-23,54.2600,54.6200,54.0000,54.0400,13836200,46.9617
2021-09-24,54.0000,54.2400,53.8600,53.8900,9682200,46.8314
2021-09-27,53.8500,54.2500,53.5700,53.6100,12429500,46.5880
2021-09-28,53.4600,53.4600,52.4300,52.6400,19926100,45.7451
2021-09-29,52.6400,53.1600,52.5600,52.9600,13941500,46.0232
2021-09-30,53.1700,53.3300,52.4300,52.4700,17672000,45.5974
2021-10-01,52.7800,53.2000,52.5700,53.0200,16277400,46.0753
2021-10-04,53.0600,53.5300,52.4000,52.9900,18973400,46.0492
2021-10-05,53.0200,53.4700,52.9300,53.0800,17173100,46.1275
2021-10-06,52.7700,53.7700,52.5100,53.7100,21284500,46.6749
2021-10-07,53.9900,54.2800,53.8100,53.8800,13774400,46.8227
2021-10-08,54.0000,54.3900,53.9000,54.1200,13786800,47.0312
2021-10-11,54.2100,54.3900,54.0100,54.2300,12378500,47.1268
2021-10-12,54.4200,54.8300,54.2200,54.2300,19474400,47.1268
2021-10-13,54.1700,54.4300,53.7900,54.2400,12143300,47.1355
2021-10-14,54.3900,54.8100,54.3100,54.6100,13704000,47.4571
2021-10-15,54.6400,54.8800,54.2900,54.4800,17867000,47.3441
2021-10-18,54.3500,54.3900,53.8600,53.9400,15861800,46.8748
2021-10-19,54.0400,54.2000,53.7700,54.1500,11068500,47.0573
2021-10-20,54.1800,54.7600,54.1100,54.6300,12474800,47.4744
2021-10-21,54.6000,54.6700,54.2100,54.3500,14388300,47.2311
2021-10-22,54.3900,54.5300,54.0700,54.4500,12828600,47.3180
2021-10-25,54.3800,54.4700,54.0200,54.2300,11855000,47.1268
2021-10-26,54.3200,54.5800,54.2300,54.4700,12086700,47.3354
2021-10-27,55.9700,56.0800,55.2700,55.5200,24019800,48.2479
2021-10-28,55.7500,56.1100,55.6200,56.0400,15928000,48.6997
2021-10-29,55.8700,56.4700,55.7800,56.3700,24463700,48.9865
2021-11-01,56.3900,56.4000,55.9000,56.1700,11651100,48.8127
2021-11-02,56.4700,56.5000,55.9700,56.1000,11498900,48.7519
2021-11-03,56.0000,56.3300,55.7800,56.2900,10788300,48.9170
2021-11-04,56.1100,56.6300,56.0300,56.6000,10820200,49.1864
2021-11-05,56.8400,57.1600,56.5900,56.8400,12886700,49.3950
2021-11-08,56.7500,56.8900,56.1300,56.3300,12828000,48.9518
2021-11-09,56.4100,56.5200,56.0900,56.4900,10155800,49.0908
2021-11-10,56.5400,56.9200,56.2900,56.7200,8813600,49.2907
2021-11-11,56.8300,56.8800,56.5700,56.7400,7257700,49.3081
2021-11-12,56.7500,56.9900,56.5500,56.6100,10162500,49.1951
2021-11-15,56.5300,56.6800,56.2700,56.6200,10289200,49.2038
2021-11-16,56.6200,56.9400,56.1900,56.2200,13756500,48.8562
2021-11-17,56.0400,56.0500,55.6500,55.9100,13288700,48.5868
2021-11-18,55.8300,55.9300,55.1400,55.4100,15380100,48.1523
2021-11-19,55.4400,55.4900,54.9000,55.1300,15813700,47.9089
2021-11-22,55.1000,56.0200,55.0800,55.4700,16905600,48.2044
2021-11-23,55.6600,56.1100,55.5000,55.8800,13835900,48.5607
2021-11-24,55.7100,55.8400,55.0300,55.4300,12598900,48.1697
2021-11-26,54.5900,54.7500,53.5800,53.7300,14754300,46.6923
2021-11-29,54.0500,54.7300,53.9300,54.5800,22712500,47.4310
2021-11-30,53.6000,53.6300,52.4400,52.4500,30485200,45.9334
2021-12-01,52.9800,53.5200,52.2800,52.3000,18719600,45.8021
2021-12-02,52.6000,53.3400,52.5100,53.0700,17074200,46.4764
2021-12-03,53.3300,53.6100,52.9800,53.5400,21064400,46.8880
2021-12-06,54.3100,55.2500,54.1400,54.9100,26624100,48.0878
2021-12-07,55.0200,55.4200,54.8500,55.2100,23832700,48.3505
2021-12-08,55.1200,55.3500,54.3600,55.0000,18026300,48.1666
2021-12-09,54.7500,55.1300,54.5900,54.8600,13846400,48.0440
2021-12-10,55.2500,56.3200,55.0700,56.2800,23153600,49.2876
2021-12-13,56.9800,57.9300,56.9600,57.7600,31362800,50.5837
2021-12-14,57.4000,58.1700,57.4000,57.8000,24806600,50.6187
2021-12-15,57.9300,58.2500,57.6500,58.0600,24923800,50.8464
2021-12-16,57.9800,58.8800,57.9000,58.6500,24696900,51.3631
2021-12-17,58.4900,58.9200,57.7000,57.7300,51874400,50.5574
2021-12-20,57.2000,57.7800,57.0000,57.5400,20879500,50.3910
2021-12-21,57.6100,57.9700,57.5300,57.7700,15864900,50.5925
2021-12-22,57.7100,58.1900,57.4900,58.1800,12447400,50.9515
2021-12-23,58.5200,58.6100,57.9400,58.2200,11027300,50.9866
2021-12-27,58.0000,58.6900,58.0000,58.6500,9860000,51.3631
2021-12-28,58.4000,58.9400,58.3000,58.8800,8979900,51.5646
2021-12-29,58.9500,59.1000,58.6600,58.9500,9996000,51.6259
2021-12-30,59.0600,59.2300,58.7600,58.7800,7703900,51.4770
2021-12-31,58.7500,59.3500,58.7000,59.2100,10021300,51.8536
2022-01-03,58.8200,59.3100,58.3800,59.3000,20187300,51.9324
2022-01-04,59.7300,60.5400,59.5900,60.2900,26141600,52.7994
2022-01-05,60.0900,61.2000,60.0500,60.7900,22507300,53.2372
2022-01-06,60.4700,61.1200,60.4400,60.4700,17902300,52.9570
2022-01-07,60.2800,60.7200,60.0600,60.3300,12307900,52.8344
2022-01-10,60.5500,60.8200,60.1800,60.4300,20954300,52.9220
2022-01-11,60.4300,60.4900,59.8400,60.4500,19369600,52.9395
2022-01-12,60.5300,60.6900,60.1900,60.5400,15753800,53.0183
2022-01-13,60.5400,61.0400,60.3900,60.9000,14318000,53.3336
2022-01-14,60.9400,61.4500,60.3600,61.3900,19729600,53.7627
2022-01-18,61.0600,61.1900,60.4500,60.9000,21976700,53.3336
2022-01-19,60.6600,61.1800,60.5600,61.0000,18654700,53.4212
2022-01-20,61.0000,61.4400,60.7200,60.7500,23002400,53.2022
2022-01-21,61.0800,61.3000,60.4000,60.4500,26643200,52.9395
2022-01-24,59.9000,60.3500,58.5700,59.9600,30185100,52.5104
2022-01-25,59.3600,60.0500,58.6900,59.8200,19027100,52.3878
2022-01-26,59.7900,60.3500,59.2100,59.6000,19190200,52.1951
2022-01-27,59.8800,60.9300,59.5000,59.6500,18893800,52.2389
2022-01-28,59.3900,60.8900,58.9400,60.8400,19101500,53.2810
2022-01-31,60.3000,61.1400,60.1500,61.0100,22045300,53.4299
2022-02-01,60.9100,61.1400,60.1600,60.5600,20841700,53.0358
2022-02-02,60.6200,61.2700,60.5600,61.1800,20225600,53.5788
2022-02-03,60.9400,61.7800,60.5900,61.6100,19440500,53.9554
2022-02-04,61.4900,61.6800,60.5700,60.9600,17403700,53.3861
2022-02-07,61.3800,61.7200,60.8600,61.6000,17846400,53.9466
2022-02-08,61.8300,62.3300,61.7400,62.0000,18771700,54.2969
2022-02-09,62.1700,62.3200,60.9000,61.0400,23595600,53.4562
2022-02-10,60.3600,62.3000,60.2000,61.3800,23561500,53.7540
2022-02-11,61.7700,61.9800,60.1500,60.2900,22781400,52.7994
2022-02-14,60.1600,60.7900,59.2800,60.6800,23641300,53.1409
2022-02-15,60.9600,61.7800,60.6300,60.9100,13408700,53.3424
2022-02-16,60.8600,61.4000,60.5600,60.9000,15484700,53.3336
2022-02-17,60.5500,62.2800,60.4100,62.1200,21468700,54.4020
2022-02-18,62.1200,62.8200,61.9900,62.5400,21975000,54.7698
2022-02-22,62.4300,62.6400,61.7200,62.2800,21731400,54.5421
2022-02-23,62.2400,62.3300,61.3400,61.5900,19248500,53.9379
2022-02-24,59.9700,60.6200,59.2200,60.5100,27207400,52.9920
2022-02-25,60.9400,62.9000,60.9200,62.8500,21487800,55.0413
2022-02-28,61.6500,62.3400,61.4100,62.2400,25879100,54.5071
2022-03-01,62.1400,62.7500,61.5100,61.9700,15871100,54.2706
2022-03-02,62.2300,62.8800,61.7800,62.4300,17319100,54.6735
2022-03-03,62.6100,63.0200,62.2900,62.4700,21262800,54.7085
2022-03-04,61.4600,62.5900,61.2000,62.5700,17163000,54.7961
2022-03-07,62.0100,62.0700,60.7200,61.0800,29151400,53.4912
2022-03-08,61.4500,61.5400,58.5900,58.6600,30242100,51.3719
2022-03-09,59.8200,59.8400,58.6600,58.9600,23022700,51.6346
2022-03-10,58.4800,58.6600,57.5000,57.8800,20887300,50.6888
2022-03-11,57.9600,58.8500,57.8600,57.9200,19855600,50.7238
2022-03-14,57.9700,59.0400,57.9700,58.5400,17799400,51.6592
2022-03-15,59.0800,59.8900,58.9800,59.6200,18607200,52.6123
2022-03-16,59.7800,59.9400,58.6100,59.4600,17347300,52.4711
2022-03-17,59.4600,60.1400,59.2300,60.0900,15586200,53.0271
2022-03-18,60.3000,60.3000,59.7100,60.1000,30197800,53.0359
2022-03-21,60.5000,61.1000,60.2500,60.5800,17440100,53.4595
2022-03-22,60.9300,60.9500,60.0600,60.8000,17559500,53.6536
2022-03-23,60.7500,60.9800,60.0000,60.4000,15529200,53.3006
2022-03-24,60.6400,61.0200,60.4600,60.9800,13151300,53.8124
2022-03-25,61.1200,61.6100,61.0500,61.5300,12259800,54.2978
2022-03-28,61.5300,61.9400,61.2100,61.9200,11485200,54.6420
2022-03-29,62.2100,62.5300,61.7400,62.1600,14720600,54.8537
2022-03-30,62.0100,62.2100,61.5600,62.2100,13641000,54.8979
2022-03-31,62.2200,62.6400,62.0000,62.0000,16822900,54.7125
2022-04-01,62.3300,62.9500,62.0900,62.8700,12644900,55.4803
2022-04-04,62.6000,62.7900,61.7200,62.5400,11505800,55.1891
2022-04-05,62.4000,63.2400,62.3700,62.4700,15721200,55.1273
2022-04-06,62.7700,63.2600,62.3000,63.1000,19267400,55.6833
2022-04-07,63.1300,63.6700,62.7100,63.4400,13960800,55.9833
2022-04-08,63.4800,64.0400,63.1600,63.8300,12703500,56.3274
2022-04-11,63.9100,64.3000,63.6400,63.8100,12720100,56.3098
2022-04-12,64.3800,64.8100,63.8900,64.5600,18089900,56.9717
2022-04-13,64.4400,64.8700,64.2300,64.7300,11883000,57.1217
2022-04-14,64.9600,65.5700,64.8200,65.0200,16388400,57.3776
2022-04-18,64.7700,65.1800,64.1800,64.4400,11679400,56.8658
2022-04-19,64.5000,65.2500,64.4400,65.0700,11993800,57.4217
2022-04-20,65.4400,66.2400,65.4000,65.9600,14827100,58.2071
2022-04-21,65.9800,67.0000,65.7200,66.2100,15120400,58.4277
2022-04-22,66.0800,66.3400,65.1800,65.2500,14902200,57.5805
2022-04-25,67.0000,67.2000,64.7800,65.9400,25082000,58.1894
2022-04-26,65.5200,66.3700,65.0400,65.0500,21982600,57.4041
2022-04-27,65.0000,66.2800,65.0000,65.5600,16971000,57.8541
2022-04-28,64.6600,66.2800,64.5000,66.1900,22010600,58.4101
2022-04-29,65.8700,66.0300,64.4900,64.6100,20137100,57.0158
2022-05-02,65.2800,65.3100,62.5800,63.4400,24970300,55.9833
2022-05-03,63.7200,63.9400,62.6700,63.0800,21686300,55.6656
2022-05-04,63.0000,65.1200,62.9400,65.0300,19780200,57.3864
2022-05-05,64.6900,65.0300,64.0100,64.5100,20155200,56.9275
2022-05-06,64.2000,65.3100,64.0700,64.7400,18984000,57.1305
2022-05-09,64.4700,65.3600,64.0400,64.6100,20055300,57.0158
2022-05-10,64.5000,65.3200,63.8500,64.0100,21322200,56.4863
2022-05-11,64.3300,65.2000,63.9600,64.3100,19648400,56.7510
2022-05-12,64.1600,64.5300,63.2100,64.5100,22574700,56.9275
2022-05-13,64.8100,65.8000,64.1200,65.7200,16167000,57.9953
2022-05-16,65.4400,66.3800,65.4400,65.9600,13223200,58.2071
2022-05-17,66.1000,66.1000,65.0100,65.7800,21300600,58.0482
2022-05-18,65.4200,65.5200,60.9600,61.2000,31437300,54.0066
2022-05-19,60.9600,60.9600,59.6600,60.0000,31493900,52.9476
2022-05-20,60.4900,61.2400,59.6600,60.9800,29133800,53.8124
2022-05-23,61.6500,63.1000,61.5900,62.8600,19406900,55.4715
2022-05-24,62.8800,64.1900,62.7500,64.0200,16154200,56.4951
2022-05-25,64.0000,64.4700,63.6000,64.0700,15360500,56.5392
2022-05-26,64.0700,65.1000,63.9600,64.3000,16159800,56.7422
2022-05-27,64.2600,64.8300,64.1400,64.6800,17709000,57.0775
2022-05-31,64.0800,64.3200,63.0500,63.3800,43159000,55.9303
2022-06-01,63.4200,63.6800,62.1300,63.0700,15408300,55.6568
2022-06-02,63.1800,63.7400,62.1100,63.7300,14586000,56.2392
2022-06-03,63.5700,63.6300,62.8100,62.9700,13539900,55.5685
2022-06-06,63.3300,63.7700,62.6600,62.8700,15112800,55.4803
2022-06-07,62.3800,63.3700,62.2200,63.2500,17886300,55.8156
2022-06-08,62.9900,63.2100,62.5600,62.8900,10211500,55.4979
2022-06-09,62.8700,63.3500,61.7800,61.8000,13382200,54.5360
2022-06-10,61.0100,61.8900,60.4600,61.4100,14967600,54.1919
2022-06-13,60.7500,62.2900,60.6700,61.3400,23064200,54.1301
2022-06-14,60.7300,60.8900,58.6600,59.2300,24620000,52.6458
2022-06-15,60.0000,60.6400,58.9700,59.6700,19684700,53.0369
2022-06-16,58.6400,59.5200,58.2500,59.0700,15053800,52.5036
2022-06-17,59.7000,60.1300,59.1300,59.4300,34781900,52.8235
2022-06-21,59.4900,60.8800,59.0100,60.7000,17705000,53.9524
2022-06-22,60.6000,61.4500,60.3200,61.1500,15207100,54.3523
2022-06-23,61.3000,61.9100,61.2300,61.8800,17190900,55.0012
2022-06-24,62.1100,63.0600,62.1100,63.0400,18147100,56.0322
2022-06-27,62.9800,63.2900,62.6300,62.9100,12142100,55.9167
2022-06-28,63.0800,63.7600,62.1100,62.2800,13150100,55.3567
2022-06-29,62.5400,63.1100,62.4300,62.7300,11795500,55.7567
2022-06-30,62.3200,63.1100,62.1600,62.9100,15514200,55.9167
2022-07-01,63.1200,64.4500,62.8200,64.3800,15143200,57.2233
2022-07-05,64.1800,64.1800,62.4200,63.2800,15921200,56.2456
2022-07-06,63.6000,64.0900,63.1900,63.4100,13450500,56.3611
2022-07-07,63.2600,63.5800,62.7000,62.9100,14828400,55.9167
2022-07-08,63.0300,63.4200,62.8800,63.1400,11311500,56.1211
2022-07-11,62.9900,63.4600,62.5900,62.9400,12702100,55.9434
2022-07-12,63.0000,63.4500,62.4700,62.6700,14731100,55.7034
2022-07-13,62.3300,63.0000,61.9800,62.3800,13145300,55.4456
2022-07-14,61.3300,62.2500,61.3000,62.1800,14433000,55.2678
2022-07-15,62.7500,62.9700,62.0700,62.5000,21968400,55.5523
2022-07-18,62.5200,62.5600,61.5100,61.6500,10780800,54.7968
2022-07-19,62.0900,62.6500,61.9300,62.5300,10998200,55.5789
2022-07-20,62.4000,62.5800,61.1500,61.5000,11010500,54.6634
2022-07-21,61.2600,61.8800,60.7900,61.3600,11959600,54.5390
2022-07-22,61.3800,61.8700,61.3200,61.5900,11644700,54.7434
2022-07-25,61.5500,62.3000,61.3100,62.1900,14941700,55.2767
2022-07-26,62.7500,63.8000,62.5300,63.2100,20118000,56.1833
2022-07-27,62.8800,63.1900,61.7900,63.0100,12142900,56.0056
2022-07-28,62.9200,64.2500,62.8900,64.0600,10837000,56.9388
2022-07-29,63.7100,64.2900,63.6300,64.1700,13734200,57.0366
2022-08-01,64.0900,65.0400,64.0300,64.5200,12831500,57.3477
2022-08-02,64.5900,64.6000,63.4300,63.6400,15241900,56.5655
2022-08-03,63.5500,64.1000,63.3100,63.9200,11317000,56.8144
2022-08-04,63.6400,63.7300,62.9200,63.6700,11795600,56.5922
2022-08-05,63.6300,63.6300,62.6700,63.3800,10445400,56.3344
2022-08-08,63.5000,63.8100,62.7500,62.9700,9165200,55.9700
2022-08-09,63.1800,63.3100,62.8500,63.0500,7910900,56.0411
2022-08-10,63.6300,63.7900,63.1000,63.6500,8857300,56.5744
2022-08-11,63.6900,63.9900,63.0800,63.2200,8507800,56.1922
2022-08-12,63.4300,63.7600,63.0900,63.7000,9489300,56.6189
2022-08-15,63.6400,64.6900,63.5700,64.5000,9863300,57.3299
2022-08-16,64.5700,65.2300,64.3300,65.0300,9569600,57.8010
2022-08-17,64.8300,65.2200,64.7600,64.8800,8144000,57.6677
2022-08-18,64.9600,65.3500,64.7100,65.2200,6532000,57.9699
2022-08-19,65.2100,65.4700,64.9600,65.1700,8921100,57.9255
2022-08-22,64.8400,64.9200,63.9900,64.2000,9087900,57.0633
2022-08-23,63.8200,64.3700,63.6800,64.2700,8443800,57.1255
2022-08-24,64.2400,64.5800,64.0500,64.3600,6844700,57.2055
2022-08-25,64.3600,64.7100,63.9000,64.6700,7913900,57.4810
2022-08-26,64.7300,64.8000,62.9800,63.1100,10089500,56.0945
2022-08-29,62.6900,63.0300,62.4100,62.7300,9115900,55.7567
2022-08-30,62.9100,62.9100,61.9900,62.1500,8456800,55.2412
2022-08-31,62.3800,62.5300,61.7000,61.7100,14633600,54.8501
2022-09-01,61.5800,62.0400,61.2900,62.0000,14939700,55.1078
2022-09-02,62.3900,62.7700,60.9000,61.1500,11809800,54.3523
2022-09-06,61.2900,61.9700,60.9900,61.1800,12181800,54.3790
2022-09-07,61.3200,62.4900,61.3200,62.3100,13290700,55.3834
2022-09-08,62.0800,62.3000,61.3400,62.1200,17193500,55.2145
2022-09-09,62.1700,62.8800,61.8600,62.3200,11855900,55.3923
2022-09-12,62.4300,62.8100,62.2700,62.5000,13026900,55.5523
2022-09-13,62.2000,62.2200,60.2800,60.4700,18532800,53.7479
2022-09-14,60.6400,61.0800,60.4400,60.7900,12881600,54.0324
2022-09-15,60.4000,60.4000,59.3600,59.5300,11451900,53.2982
2022-09-16,59.6600,59.8000,59.1100,59.5400,20493500,53.3071
2022-09-19,59.3900,60.1000,59.2300,59.9900,12596200,53.7100
2022-09-20,59.6800,60.0300,59.3200,59.9000,11984600,53.6295
2022-09-21,60.1400,60.7000,59.3900,59.4000,14165300,53.1818
2022-09-22,59.5500,59.7300,59.2000,59.2600,11657600,53.0565
2022-09-23,58.9600,59.1000,58.0000,58.6000,14824000,52.4656
2022-09-26,58.4900,58.5700,57.6900,57.8700,18670100,51.8120
2022-09-27,58.0800,58.3700,56.3100,56.3800,23829300,50.4779
2022-09-28,56.6600,57.2500,55.9100,56.9800,21480100,51.0151
2022-09-29,57.0900,57.2900,56.0000,56.5700,14570700,50.6481
2022-09-30,56.8700,57.1300,56.0000,56.0200,16124600,50.1556
2022-10-03,56.3600,56.8500,56.0600,56.6500,16277600,50.7197
2022-10-04,56.9500,57.8100,56.4600,56.7800,18861400,50.8361
2022-10-05,56.5000,56.6500,55.5100,56.2400,14324900,50.3526
2022-10-06,56.0000,56.1000,54.8700,55.0300,17192800,49.2693
2022-10-07,54.9900,55.0900,54.2500,54.5100,11479800,48.8037
2022-10-10,54.6000,54.9600,54.0200,54.3900,10239100,48.6963
2022-10-11,54.4600,55.2200,54.2400,54.4800,14303900,48.7768
2022-10-12,55.2300,56.0400,55.0400,55.1400,18377400,49.3678
2022-10-13,54.4800,56.0800,54.2600,55.8700,16220700,50.0213
2022-10-14,56.2900,56.4700,54.9400,54.9800,15997900,49.2245
2022-10-17,55.6300,56.2200,55.5700,55.6900,13721400,49.8602
2022-10-18,56.3100,56.7800,56.1000,56.4400,11823100,50.5317
2022-10-19,56.3100,56.5400,55.7300,55.9600,10182300,50.1019
2022-10-20,55.7700,55.9200,54.9600,55.0800,16905100,49.3140
2022-10-21,55.0000,56.1100,54.9900,55.9600,15034100,50.1019
2022-10-24,56.6400,57.7300,56.5700,57.5700,17416700,51.5434
2022-10-25,59.0400,59.1100,57.7500,58.9500,28829900,52.7789
2022-10-26,59.0100,59.7800,58.8600,59.3900,15831400,53.1729
2022-10-27,59.7700,59.8400,59.3800,59.5300,16026100,53.2982
2022-10-28,59.5700,60.9100,59.4700,60.7600,12888900,54.3994
2022-10-31,60.5100,60.5700,59.6700,59.8500,14016400,53.5847
2022-11-01,60.0300,60.2900,59.3700,59.6400,10659500,53.3967
2022-11-02,59.6400,60.2300,58.7700,58.8100,14549200,52.6536
2022-11-03,58.1100,59.0000,58.1000,58.7800,9194000,52.6267
2022-11-04,59.3000,59.5900,58.5600,59.2600,9725900,53.0565
2022-11-07,59.2600,59.7700,59.2400,59.4900,8849700,53.2624
2022-11-08,59.7500,59.7900,58.9400,59.6000,10081600,53.3609
2022-11-09,59.5900,59.6400,58.7500,58.7700,10115200,52.6178
2022-11-10,60.2500,61.0400,59.6800,60.8800,16804800,54.5069
2022-11-11,61.3700,61.4500,60.2100,61.3200,18972100,54.9008
2022-11-14,61.3200,61.7200,60.7100,60.7300,16361000,54.3726
2022-11-15,61.1300,61.4500,60.0000,60.6300,13295800,54.2830
2022-11-16,60.7900,61.0300,60.2900,60.5200,14199500,54.1846
2022-11-17,60.1900,60.7400,60.1300,60.7100,11212600,54.3547
2022-11-18,60.9900,61.3700,60.8000,61.1400,10415600,54.7397
2022-11-21,61.4100,62.2100,61.2000,62.0800,15399400,55.5813
2022-11-22,62.4700,62.5000,62.0500,62.3500,12319600,55.8230
2022-11-23,62.4900,62.7900,62.3000,62.6300,8990400,56.0737
2022-11-25,62.7300,62.8100,62.3800,62.6900,5165500,56.1274
2022-11-28,62.6900,63.1000,62.5600,62.7000,12267500,56.1363
2022-11-29,62.5200,62.5700,61.9800,62.4800,10969600,55.9394
2022-11-30,62.0100,63.6800,61.7500,63.6100,30433900,57.3550
2022-12-01,63.6100,64.1100,63.4300,63.7900,12001400,57.5173
2022-12-02,63.6100,64.5200,63.4000,64.3500,13643500,58.0222
2022-12-05,63.4100,63.8000,63.2600,63.4700,9185100,57.2288
2022-12-06,63.5200,63.8800,63.2300,63.4400,10099500,57.2017
2022-12-07,63.4500,63.7200,63.2500,63.5400,12307600,57.2919
2022-12-08,63.6000,63.8500,63.3500,63.8100,9946200,57.5353
2022-12-09,63.6100,63.8400,63.0900,63.1400,13914900,56.9312
2022-12-12,63.3000,64.0100,63.0100,63.9700,11647900,57.6796
2022-12-13,64.5900,64.7000,63.8000,63.9900,17521600,57.6976
2022-12-14,64.1900,64.6500,63.5700,63.9900,12826700,57.6976
2022-12-15,63.5900,63.8900,62.4900,63.1100,12212300,56.9042
2022-12-16,62.7500,63.1400,62.3300,62.7500,33631500,56.5796
2022-12-19,62.8300,63.4100,62.4700,62.8400,10919700,56.6607
2022-12-20,62.8200,63.1500,62.7500,62.7900,10286500,56.6156
2022-12-21,63.0700,64.0500,63.0700,63.8000,10411300,57.5263
2022-12-22,63.4200,63.5900,62.6500,63.3400,9666700,57.1115
2022-12-23,63.5000,63.8700,63.2000,63.8200,6463300,57.5443
2022-12-27,63.9300,64.2900,63.7100,64.2100,7320700,57.8960
2022-12-28,64.4600,64.6500,63.4900,63.5700,7159400,57.3189
2022-12-29,63.8000,64.1500,63.7000,63.9500,7169300,57.6616
2022-12-30,63.9200,63.9200,63.1700,63.6100,7650200,57.3550
2023-01-03,63.5600,63.5600,62.1800,62.9500,12180500,56.7599
2023-01-04,63.1500,63.3300,62.5100,62.9200,13387900,56.7328
2023-01-05,62.6000,62.8000,62.0800,62.2000,9814700,56.0836
2023-01-06,62.9100,63.6700,62.5800,63.4000,9990000,57.1656
2023-01-09,63.3000,63.7200,62.5800,62.6100,9442600,56.4533
2023-01-10,62.6000,62.7300,61.9200,62.1300,10134600,56.0205
2023-01-11,62.3800,62.5600,61.4100,62.0100,10823000,55.9123
2023-01-12,62.1100,62.1800,60.9700,61.2100,13907300,55.1910
2023-01-13,60.7000,61.4600,60.5900,61.4300,13986400,55.3894
2023-01-17,61.7300,62.3800,61.5600,61.6800,18327800,55.6148
2023-01-18,61.5100,61.5900,59.6800,59.8100,19679400,53.9287
2023-01-19,59.7300,60.6400,59.7100,59.7200,14894500,53.8475
2023-01-20,59.7200,60.0900,59.4000,60.0800,14237700,54.1721
2023-01-23,60.2800,60.5700,60.0500,60.2300,12613400,54.3074
2023-01-24,60.0800,61.8500,59.8000,60.5500,10103300,54.5959
2023-01-25,60.2000,60.9400,59.8900,60.9300,11265800,54.9385
2023-01-26,60.8100,61.1000,60.5700,60.8100,11884800,54.8303
2023-01-27,60.8400,60.9600,60.3700,60.4900,14087000,54.5418
2023-01-30,60.5400,61.1700,60.4600,60.6400,15632000,54.6770
2023-01-31,60.9800,61.3400,60.5100,61.3200,14344400,55.2902
2023-02-01,61.1400,61.5800,60.6200,61.3300,12535400,55.2992
2023-02-02,60.8000,61.0200,59.9100,60.2800,16947200,54.3524
2023-02-03,60.3500,60.4200,59.2300,59.8300,15404400,53.9467
2023-02-06,59.7900,60.3400,59.7200,60.1700,11330900,54.2533
2023-02-07,59.6700,60.2400,59.5400,60.0700,14922700,54.1631
2023-02-08,59.9200,59.9200,59.5900,59.7200,11012000,53.8475
2023-02-09,60.1500,60.3200,59.6000,59.6200,12515300,53.7573
2023-02-10,59.7200,59.9000,58.8800,59.6200,14420700,53.7573
2023-02-13,59.9000,60.7600,59.7300,60.6000,16191800,54.6410
2023-02-14,60.2100,60.9000,59.5600,59.5900,20505700,53.7303
2023-02-15,59.9000,59.9300,59.2300,59.5900,13171400,53.7303
2023-02-16,59.2300,59.8200,58.9500,59.2200,16538300,53.3967
2023-02-17,59.5000,60.2300,59.3800,60.1200,16814700,54.2082
2023-02-21,59.9900,60.2300,59.7200,59.8000,14278300,53.9196
2023-02-22,59.8500,60.3600,59.7500,59.9800,12409600,54.0819
2023-02-23,60.0100,60.4200,59.8100,60.0900,12222800,54.1811
2023-02-24,59.6800,59.9100,59.3900,59.8400,9736200,53.9557
2023-02-27,60.1800,60.3000,59.7400,59.8200,8849800,53.9377
2023-02-28,59.7000,59.7000,59.1400,59.5100,16082200,53.6582
2023-03-01,59.1300,59.1800,58.3700,58.8600,13275800,53.0721
2023-03-02,58.8400,59.7800,58.8000,59.7200,11758300,53.8475
2023-03-03,59.5500,59.6800,59.2100,59.4400,13101800,53.5950
2023-03-06,59.2600,60.3800,59.2200,60.3600,16282700,54.4246
2023-03-07,60.4900,60.5700,59.7500,60.0100,13961200,54.1090
2023-03-08,60.0400,60.3300,59.7300,60.0400,10851600,54.1360
2023-03-09,60.5400,60.5400,59.2800,59.4600,13900900,53.6131
2023-03-10,59.7000,60.1400,58.9900,59.2100,13745800,53.3877
2023-03-13,59.2900,60.8700,59.2500,59.8100,21956000,53.9287
2023-03-14,60.0000,60.4600,59.3500,60.0300,19496900,54.1270
2023-03-15,59.4300,60.4800,59.2400,60.4300,21089900,54.4877
2023-03-16,60.0900,60.3400,59.7000,60.3000,15658300,54.7875
2023-03-17,60.3100,60.3500,59.6400,60.0200,27351200,54.5331
2023-03-20,60.1600,60.6000,59.9700,60.6000,12904100,55.0601
2023-03-21,60.5700,60.7500,59.8800,60.3200,13716500,54.8057
2023-03-22,60.4000,60.8700,60.0300,60.0500,10494200,54.5604
2023-03-23,60.0900,60.3900,59.7200,59.9200,15479000,54.4423
2023-03-24,60.2500,61.0200,59.9100,60.9000,12975600,55.3327
2023-03-27,61.1400,61.4800,60.9500,61.3500,12777400,55.7415
2023-03-28,61.3900,61.7400,61.2700,61.4200,10925700,55.8051
2023-03-29,61.7200,61.9500,61.5900,61.8600,9441000,56.2049
2023-03-30,61.8800,62.0900,61.6600,61.8500,9870700,56.1958
2023-03-31,62.0600,62.2500,61.8700,62.0300,14440900,56.3594
2023-04-03,62.3000,62.5200,61.8600,62.4000,12300700,56.6956
2023-04-04,62.3900,62.7400,62.0800,62.2100,11433400,56.5229
2023-04-05,62.5300,63.0200,62.5000,62.8000,12789600,57.0590
2023-04-06,62.8600,63.0400,62.3800,62.8400,9644200,57.0953
2023-04-10,62.4900,62.6900,62.0200,62.6900,7952600,56.9590
2023-04-11,62.6500,62.7100,62.4000,62.5800,9913000,56.8591
2023-04-12,62.4800,63.0300,62.3100,62.6900,9593700,56.9590
2023-04-13,62.7600,63.1600,62.4800,63.1500,9871400,57.3770
2023-04-14,63.0500,63.1500,62.7800,63.0500,8946000,57.2861
2023-04-17,63.3200,63.5300,63.1400,63.4600,9452400,57.6586
2023-04-18,63.5100,63.6000,63.1900,63.5600,9035700,57.7495
2023-04-19,63.7300,63.8300,63.4300,63.6800,9769500,57.8585
2023-04-20,63.6300,64.0000,63.4400,63.9600,10706400,58.1129
2023-04-21,64.0000,64.2700,63.8000,64.0500,12931100,58.1947
2023-04-24,64.7500,64.9900,63.6200,63.9500,15532300,58.1038
2023-04-25,64.1700,64.1700,63.6300,63.8500,12818900,58.0130
2023-04-26,63.5600,63.7700,63.3900,63.5500,13179600,57.7404
2023-04-27,63.5300,63.7600,63.1100,63.6800,13795800,57.8585
2023-04-28,63.6100,64.1600,63.4800,64.1500,13687600,58.2856
2023-05-01,64.1500,64.6900,64.0600,64.3000,9091500,58.4219
2023-05-02,64.1400,64.1400,63.2700,64.0100,10948400,58.1584
2023-05-03,64.0200,64.1800,63.5800,63.6500,11084600,57.8313
2023-05-04,63.7400,63.9300,63.5100,63.7200,11938300,57.8949
2023-05-05,63.6400,64.2100,63.6300,64.0200,9039000,58.1674
2023-05-08,63.8100,64.0600,63.6100,63.9200,7240700,58.0766
2023-05-09,63.6400,63.7500,63.2800,63.3900,9067700,57.5950
2023-05-10,63.3200,63.6400,62.9900,63.5000,10134000,57.6950
2023-05-11,63.5800,63.9300,63.0100,63.8600,9581500,58.0221
2023-05-12,63.8600,64.1900,63.7000,64.1100,8740800,58.2492
2023-05-15,64.2200,64.2500,63.7100,63.9400,8150000,58.0948
2023-05-16,63.9000,63.9000,63.1600,63.2200,9129600,57.4406
2023-05-17,63.4000,63.4200,62.7300,63.1500,11583000,57.3770
2023-05-18,63.0100,63.0400,62.5700,62.8000,13595100,57.0590
2023-05-19,63.0400,63.1000,62.6100,62.8300,14251400,57.0862
2023-05-22,62.7900,62.8700,61.4400,61.5100,15055400,55.8869
2023-05-23,61.5100,61.6700,61.1700,61.4000,13932700,55.7870
2023-05-24,61.3800,61.4300,60.7200,60.8800,11090100,55.3145
2023-05-25,60.4700,60.7300,60.1500,60.4100,14463600,54.8875
2023-05-26,60.4500,60.6400,60.1100,60.2600,12570300,54.7512
2023-05-30,60.0900,60.2000,59.5200,59.7800,15634200,54.3151
2023-05-31,59.9200,60.2800,59.3700,59.6600,59432200,54.2060
2023-06-01,59.9400,60.1700,59.7700,60.0000,13402700,54.5150
2023-06-02,60.2700,61.3200,60.0800,61.1600,15259800,55.5689
2023-06-05,61.0000,61.4400,60.5500,60.7500,12915600,55.1964
2023-06-06,60.9500,60.9900,60.1200,60.3100,10943500,54.7966
2023-06-07,60.0100,60.3600,59.8200,60.2200,16817900,54.7148
2023-06-08,60.1300,60.4100,59.9800,60.3700,15585900,54.8511
2023-06-09,60.2700,60.6700,60.1700,60.4700,12581500,54.9420
2023-06-12,60.5900,60.6500,60.0200,60.2100,14208900,54.7058
2023-06-13,60.2100,60.6700,60.0400,60.4500,13397800,54.9238
2023-06-14,60.7300,61.0800,60.6000,60.8600,14099700,55.2963
2023-06-15,60.6100,61.3000,60.3400,61.2300,15271400,56.0562
2023-06-16,61.6000,62.1700,61.4800,61.6700,26738000,56.4590
2023-06-20,61.5900,61.9600,61.2400,61.2600,13971800,56.0837
2023-06-21,61.3100,61.7200,60.9800,61.4300,13948700,56.2393
2023-06-22,61.8100,62.1000,61.5900,61.8500,15193400,56.6238
2023-06-23,61.9400,61.9700,61.1800,61.2000,25112100,56.0287
2023-06-26,61.2100,61.2900,60.3900,61.2200,12856100,56.0471
2023-06-27,61.2200,61.3600,60.9800,61.0900,9068500,55.9280
2023-06-28,60.8800,61.0400,60.4000,60.5200,11173200,55.4062
2023-06-29,60.2200,60.3500,59.7700,60.0200,17142300,54.9484
2023-06-30,60.0000,60.3500,59.8700,60.2200,19739200,55.1315
2023-07-03,60.2000,60.6300,60.0300,60.5800,9694500,55.4611
2023-07-05,60.2800,61.1000,60.1600,61.0300,14716600,55.8731
2023-07-06,60.7300,61.0200,60.5000,60.5600,12603900,55.4428
2023-07-07,60.3100,60.5000,59.7300,59.7600,14574000,54.7104
2023-07-10,59.9700,60.1500,59.1400,59.3100,15480600,54.2984
2023-07-11,59.4600,59.5600,58.8400,59.5200,15967700,54.4907
2023-07-12,59.7500,60.0500,59.4500,59.8400,14241300,54.7837
2023-07-13,60.1200,60.4600,59.9800,60.3500,11269800,55.2506
2023-07-14,60.1400,61.0400,60.0900,60.9000,11634200,55.7541
2023-07-17,60.7600,61.1000,60.4900,60.8100,10014300,55.6717
2023-07-18,60.9600,61.2500,60.4100,60.5700,11152900,55.4520
2023-07-19,60.7700,61.7900,60.6800,61.6400,12936000,56.4316
2023-07-20,61.6800,62.4100,61.6700,62.3900,11563000,57.1182
2023-07-21,62.4600,62.6800,62.2400,62.4400,12815100,57.1640
2023-07-24,62.4200,62.8100,62.4000,62.4600,10251100,57.1823
2023-07-25,62.3000,62.3900,62.0500,62.2500,13422700,56.9900
2023-07-26,61.8600,63.1700,61.3900,63.0500,17145500,57.7224
2023-07-27,63.0500,63.2700,62.3800,62.4400,11517100,57.1640
2023-07-28,62.5900,62.7700,62.2200,62.4800,9721800,57.2006
2023-07-31,62.4500,62.4500,61.7300,61.9300,15577900,56.6971
2023-08-01,62.0900,62.3600,61.6200,61.7700,9281600,56.5506
2023-08-02,61.5600,62.5900,61.5600,61.9600,11059400,56.7245
2023-08-03,61.8700,62.1200,61.5300,61.6400,8037400,56.4316
2023-08-04,61.6800,61.8900,60.6200,60.7100,9359300,55.5801
2023-08-07,60.7900,61.3300,60.7400,61.1900,6982600,56.0196
2023-08-08,61.1900,61.3500,60.6200,60.9200,7956100,55.7724
2023-08-09,60.9100,61.6300,60.7500,61.0600,7904100,55.9006
2023-08-10,61.3500,61.7300,60.7900,60.9200,7870300,55.7724
2023-08-11,60.8400,61.2000,60.6900,61.1700,8483900,56.0013
2023-08-14,61.3200,61.4800,60.7500,60.8800,7176300,55.7358
2023-08-15,60.6900,60.9000,60.3700,60.4700,7187400,55.3604
2023-08-16,60.5400,60.8200,60.4000,60.4800,8372300,55.3696
2023-08-17,60.5800,61.0200,60.4500,60.6100,12873500,55.4886
2023-08-18,60.5400,61.0900,60.3700,60.9500,11083800,55.7999
2023-08-21,60.8600,60.9300,60.3200,60.4300,8648500,55.3238
2023-08-22,60.3400,60.5800,59.9800,60.0600,9411500,54.9851
2023-08-23,60.2000,60.4400,60.1600,60.2700,7749500,55.1773
2023-08-24,60.2700,60.8800,60.0900,60.1100,8955100,55.0308
2023-08-25,60.4100,60.5700,60.0100,60.3900,7629200,55.2872
2023-08-28,60.5500,60.7300,60.3700,60.5600,6254300,55.4428
2023-08-29,60.5600,60.6300,60.1500,60.5000,8189600,55.3879
2023-08-30,60.6400,60.7400,60.2900,60.4700,9447900,55.3604
2023-08-31,60.3000,60.4700,59.8100,59.8300,14663500,54.7745
2023-09-01,60.0000,60.1300,59.1200,59.3100,11262300,54.2984
2023-09-05,59.2500,59.3200,58.6700,58.8200,12474600,53.8498
2023-09-06,58.6200,58.8300,58.4200,58.7800,13923500,53.8132
2023-09-07,58.9500,59.1600,58.3000,58.3300,17628600,53.4012
2023-09-08,58.3000,58.4100,58.0100,58.3300,14312300,53.4012
2023-09-11,58.4000,58.9900,58.2300,58.8800,14767400,53.9048
2023-09-12,58.9900,59.0000,58.1900,58.3000,12292700,53.3738
2023-09-13,58.4000,58.6800,58.3400,58.4400,12641400,53.5019
2023-09-14,58.2400,58.5900,58.1900,58.4600,12311600,53.9449
2023-09-15,58.4100,58.6400,57.7500,57.9400,55727500,53.4650
2023-09-18,57.9800,58.3500,57.6300,58.3000,13617400,53.7972
2023-09-19,58.2600,58.3900,57.9200,58.1800,11998900,53.6865
2023-09-20,58.3000,58.8300,58.0800,58.4400,14766600,53.9264
2023-09-21,58.3700,58.4200,57.4200,57.5400,15941800,53.0959
2023-09-22,57.8500,57.9700,57.5000,57.6000,14644100,53.1513
2023-09-25,57.4000,57.4900,56.7400,57.0000,12358800,52.5976
2023-09-26,56.7300,56.9000,56.4000,56.5300,11194700,52.1639
2023-09-27,56.4200,56.5300,55.6800,55.9500,13766300,51.6287
2023-09-28,56.2300,56.3200,55.7000,55.8100,12484800,51.4995
2023-09-29,56.1400,56.2700,55.6200,55.9800,12271600,51.6564
2023-10-02,55.9100,56.0100,55.0800,55.4800,11792500,51.1950
2023-10-03,55.1600,55.4300,54.7800,54.8800,13604200,50.6414
2023-10-04,54.8900,55.2800,54.7100,55.0400,12100500,50.7890
2023-10-05,54.7400,54.9500,52.2400,52.3800,29878100,48.3345
2023-10-06,52.0400,53.2900,51.5500,53.1400,30298900,49.0358
2023-10-09,52.9600,53.1500,52.1100,52.8800,15704700,48.7958
2023-10-10,54.1300,54.3300,53.5600,54.0300,20909700,49.8570
2023-10-11,54.2200,54.2800,53.0200,53.7100,21138900,49.5617
2023-10-12,53.7600,53.8300,52.4300,52.8100,19330400,48.7313
2023-10-13,52.7400,53.4200,52.6400,52.8900,14494600,48.8051
2023-10-16,53.0200,53.5600,52.8400,53.4300,12816800,49.3034
2023-10-17,53.3100,54.1000,53.2100,54.0700,16457200,49.8939
2023-10-18,54.1000,54.5300,53.9200,54.0500,12809500,49.8755
2023-10-19,54.1600,54.7600,53.8600,54.3500,16202200,50.1523
2023-10-20,54.5300,55.0200,54.4400,54.5700,15686400,50.3553
2023-10-23,54.3800,54.8900,54.0500,54.0800,21212700,49.9032
2023-10-24,55.6500,56.1700,55.3000,55.6400,25290800,51.3427
2023-10-25,55.7600,56.2200,55.5600,56.1200,16701000,51.7856
2023-10-26,56.3700,56.6300,55.7200,55.7800,16228400,51.4719
2023-10-27,55.5500,56.1400,55.1000,55.2400,13626500,50.9736
2023-10-30,55.4300,56.2800,55.4200,56.1500,15014300,51.8133
2023-10-31,56.5700,56.7200,56.1500,56.4900,16639400,52.1270
2023-11-01,56.8000,56.8800,56.2600,56.4400,14110800,52.0809
2023-11-02,56.5000,57.1500,56.3600,57.0900,13087200,52.6807
2023-11-03,57.4000,57.5900,56.7000,56.7400,13958700,52.3577
2023-11-06,56.7800,57.2800,56.7400,56.9700,12673200,52.5700
2023-11-07,56.9200,57.4000,56.7300,57.1800,10449300,52.7637
2023-11-08,57.3200,57.4700,56.9200,57.0900,13744000,52.6807
2023-11-09,57.0300,57.1400,56.3700,56.6600,12021100,52.2839
2023-11-10,56.8700,56.9300,56.0600,56.7200,11678900,52.3393
2023-11-13,56.6200,57.1000,56.6000,56.9300,12798200,52.5330
2023-11-14,57.0200,57.2400,56.8100,57.1000,12697100,52.6899
2023-11-15,57.3000,57.3400,56.7500,57.2100,10201900,52.7914
2023-11-16,57.2500,57.5300,56.8100,57.1500,16010400,52.7361
2023-11-17,57.1900,57.3400,56.7000,57.2600,14475800,52.8376
2023-11-20,57.0500,57.5800,56.9600,57.4000,13051000,52.9667
2023-11-21,57.4600,58.0400,57.3300,58.0300,13891600,53.5481
2023-11-22,58.2600,58.5400,58.1300,58.4200,11320600,53.9080
2023-11-24,58.4600,58.7500,58.3400,58.5700,4816000,54.0464
2023-11-27,58.5400,58.6900,58.2700,58.4600,16246500,53.9449
2023-11-28,58.4000,58.8300,58.3600,58.5800,13739600,54.0556
2023-11-29,58.5800,58.6700,58.1000,58.2300,11263600,53.7326
2023-11-30,57.9600,58.4600,57.6000,58.4400,22727500,54.3558
2023-12-01,58.2700,58.6900,58.2400,58.6400,15371200,54.5418
2023-12-04,58.5900,58.9600,58.4400,58.5700,14942200,54.4767
2023-12-05,58.5500,58.8300,58.4200,58.6600,11891500,54.5604
2023-12-06,58.5600,58.7300,58.2100,58.6000,14868500,54.5046
2023-12-07,58.6700,58.8900,58.3900,58.7400,11587900,54.6348
2023-12-08,58.7400,58.7500,58.3700,58.6100,11178700,54.5139
2023-12-11,58.8300,59.0900,58.5000,59.0400,14524800,54.9139
2023-12-12,59.2000,59.4200,58.9000,59.4200,12899000,55.2673
2023-12-13,59.4500,60.0200,59.2600,59.9300,16196800,55.7417
2023-12-14,59.9700,60.0400,58.7700,59.0400,22478300,54.9139
2023-12-15,58.8300,59.1700,57.8000,58.6000,65177400,54.5046
2023-12-18,58.8000,59.4900,58.6200,59.0200,16717700,54.8953
2023-12-19,59.0000,59.2000,58.6400,58.8300,14612200,54.7186
2023-12-20,58.5000,58.6700,57.5700,57.6100,17701000,53.5838
2023-12-21,57.8500,58.0700,57.4700,57.9900,11725100,53.9373
2023-12-22,58.1200,58.4600,58.0200,58.3200,9029400,54.2442
2023-12-26,58.0600,58.7100,58.0600,58.5600,6422500,54.4674
2023-12-27,58.6400,58.7700,58.4000,58.7100,8560100,54.6069
2023-12-28,58.6500,58.8700,58.5300,58.7500,8400100,54.6441
2023-12-29,58.7400,58.9800,58.6300,58.9300,9244300,54.8116
2024-01-02,58.8000,59.8800,58.6700,59.8200,16322600,55.6394
2024-01-03,59.9300,60.2000,59.7600,59.9600,14830600,55.7696
2024-01-04,60.0500,60.2600,59.6600,59.7600,12912900,55.5836
2024-01-05,59.8000,59.9500,59.0900,59.6700,10412800,55.4999
2024-01-08,59.6800,60.1800,59.4200,60.1100,11554600,55.9091
2024-01-09,59.9900,60.1400,59.6200,60.0000,10493700,55.8068
2024-01-10,60.2200,60.4100,59.9800,60.2000,12258000,55.9928
2024-01-11,60.2500,60.2600,59.6900,59.8100,13754200,55.6301
2024-01-12,60.0800,60.4600,59.8700,60.3900,13218000,56.1695
2024-01-16,60.3900,60.4300,59.8500,59.9900,11826900,55.7975
2024-01-17,59.8600,60.2100,59.8200,59.9900,8982100,55.7975
2024-01-18,59.6900,60.2300,59.5300,60.1600,10397700,55.9556
2024-01-19,60.2600,60.2800,59.6400,59.8300,14392600,55.6487
2024-01-22,59.7600,60.0700,59.4400,59.5700,14314300,55.4068
2024-01-23,59.5300,60.0000,59.4600,59.8500,14481600,55.6673
2024-01-24,59.8000,59.8100,58.8900,58.9100,16370500,54.7930
2024-01-25,59.0100,59.1700,58.6600,59.1600,14899700,55.0255
2024-01-26,59.2500,59.4900,59.1300,59.3700,13025100,55.2208
2024-01-29,59.3400,59.7900,59.1700,59.7300,14547100,55.5557
2024-01-30,59.8500,60.0200,59.4500,59.9000,22061500,55.7138
2024-01-31,60.1000,60.4500,59.2900,59.4900,22837000,55.3324
2024-02-01,59.5700,61.0100,59.3600,60.9800,15870900,56.7183
2024-02-02,60.8200,60.8700,60.2300,60.5400,17544900,56.3091
2024-02-05,60.3800,60.3800,59.8800,60.0400,12759600,55.8440
2024-02-06,59.9600,60.0500,59.6800,59.9400,12775200,55.7510
2024-02-07,60.0700,60.2100,59.9400,59.9900,10259900,55.7975
2024-02-08,59.8900,59.9700,59.4100,59.8300,12874800,55.6487
2024-02-09,59.4700,59.5800,59.0300,59.5600,15235300,55.3975
2024-02-12,59.6600,59.7600,58.9600,59.7000,13516800,55.5278
2024-02-13,59.5000,60.6600,58.7900,59.3500,24195700,55.2022
2024-02-14,59.1700,59.5900,59.0400,59.2900,15872500,55.1464
2024-02-15,59.4200,59.5900,59.1300,59.4000,13695800,55.2487
2024-02-16,59.3500,59.6200,58.9600,59.3900,13947100,55.2394
2024-02-20,59.6000,60.8400,59.5100,60.7000,18339300,56.4579
2024-02-21,60.9900,61.2800,60.8300,61.2400,14373000,56.9601
2024-02-22,60.9900,61.2500,60.5000,61.1500,12982800,56.8764
2024-02-23,61.0900,61.6200,61.0000,61.2000,13612900,56.9229
2024-02-26,61.2400,61.2700,60.6600,60.7100,10336100,56.4672
2024-02-27,60.5400,60.7800,60.1200,60.3400,9931100,56.1230
2024-02-28,60.3700,60.4900,60.0600,60.4000,8076500,56.1788
2024-02-29,60.3500,60.6400,59.9000,60.0200,18152700,55.8254
2024-03-01,59.9000,59.9000,59.3400,59.5300,10927600,55.3696
2024-03-04,59.2300,59.9500,59.2200,59.8100,10150200,55.6301
2024-03-05,59.9100,60.1100,59.4200,59.5200,12310000,55.3603
2024-03-06,59.5200,60.0000,59.3800,59.5500,12378800,55.3882
2024-03-07,59.6900,59.7700,59.2400,59.4400,13686900,55.2859
2024-03-08,59.3000,59.7900,58.9700,59.5200,13239000,55.3603
2024-03-11,59.7800,60.2900,59.5800,60.2400,14114300,56.0300
2024-03-12,60.3200,60.7500,60.2100,60.5000,12684600,56.2718
2024-03-13,60.8800,61.2100,60.8000,61.1200,13909500,56.8485
2024-03-14,60.5800,60.8000,60.4000,60.5000,13996600,56.7220
2024-03-15,60.0200,60.4500,59.6400,59.8800,36849900,56.1407
2024-03-18,59.8900,60.4000,59.8000,60.1300,15856700,56.3751
2024-03-19,60.2400,60.3500,60.0600,60.2300,15030600,56.4688
2024-03-20,60.1800,60.8100,60.1600,60.7500,15258800,56.9563
2024-03-21,60.5600,60.9900,60.3200,60.4700,13067100,56.6938
2024-03-22,60.5200,60.7900,60.4300,60.4900,11502800,56.7126
2024-03-25,60.4800,60.7100,60.1200,60.4000,13144700,56.6282
2024-03-26,60.5000,60.7100,60.3800,60.5400,13277400,56.7595
2024-03-27,60.7900,61.4300,60.7000,61.0300,12551200,57.2189
2024-03-28,61.1400,61.2600,61.0000,61.1800,13683500,57.3595
2024-04-01,61.1800,61.3000,60.6300,60.6800,11668700,56.8907
2024-04-02,60.4500,60.7300,60.1100,60.1500,13017300,56.3938
2024-04-03,60.0500,60.3900,59.7800,59.8300,13672900,56.0938
2024-04-04,60.0900,60.1500,59.1700,59.3000,14320700,55.5969
2024-04-05,59.2500,59.6800,58.9100,59.5100,10157800,55.7938
2024-04-08,59.4000,59.4700,59.0700,59.2700,10284500,55.5688
2024-04-09,59.4800,59.7400,59.1300,59.7200,10779100,55.9907
2024-04-10,59.3200,59.3900,58.6900,58.9200,11861900,55.2406
2024-04-11,59.1500,59.3700,58.7900,59.0500,11109000,55.3625
2024-04-12,58.9500,59.0100,58.1300,58.2800,12250900,54.6406
2024-04-15,58.6100,58.8100,58.0400,58.1400,12425000,54.5093
2024-04-16,58.2500,58.3800,57.9300,58.0600,11236800,54.4343
2024-04-17,58.2800,58.5600,58.1000,58.5100,13805100,54.8562
2024-04-18,58.6200,58.9800,58.5400,58.9100,11125900,55.2312
2024-04-19,59.1000,60.3600,59.0000,60.1700,21207900,56.4126
2024-04-22,60.1400,60.6300,59.7200,60.5500,15624500,56.7688
2024-04-23,60.5300,60.6800,60.1300,60.6400,13689100,56.8532
2024-04-24,60.3200,61.6500,59.8400,61.5500,19548300,57.7064
2024-04-25,61.8700,62.5900,61.3700,61.7400,19048500,57.8845
2024-04-26,61.5500,61.9300,61.3500,61.7400,10994300,57.8845
2024-04-29,61.9200,62.0500,61.5300,62.0400,13409300,58.1658
2024-04-30,62.1400,62.8300,61.4700,61.7700,19349200,57.9126
2024-05-01,61.8000,62.5700,61.2100,61.9300,16729800,58.0626
2024-05-02,62.1800,62.4000,61.7200,61.9900,10991300,58.1189
2024-05-03,61.9900,62.3300,61.6400,62.1700,11628700,58.2877
2024-05-06,62.3000,62.3800,61.9000,62.3500,9310700,58.4564
2024-05-07,62.7600,62.8200,62.2500,62.6200,9807000,58.7096
2024-05-08,62.8500,62.9700,62.4800,62.8500,10484400,58.9252
2024-05-09,62.8100,63.1500,62.7500,62.8800,9113700,58.9533
2024-05-10,62.9200,63.3600,62.7900,63.2600,8371700,59.3096
2024-05-13,63.2400,63.6200,63.1800,63.5800,10137600,59.6096
2024-05-14,63.5800,63.7600,62.8000,63.1000,10852200,59.1596
2024-05-15,63.0600,63.3900,63.0000,63.1300,9838900,59.1877
2024-05-16,63.2400,63.7300,63.0700,63.3200,10228000,59.3659
2024-05-17,63.3400,63.3700,62.9400,63.0300,11539000,59.0940
2024-05-20,62.9300,63.0100,62.4600,62.5700,11000900,58.6627
2024-05-21,62.8200,62.9800,62.4400,62.9100,9796200,58.9815
2024-05-22,62.7100,63.0200,62.6600,63.0000,7419400,59.0658
2024-05-23,62.4900,62.8800,62.0500,62.0900,9834300,58.2127
2024-05-24,62.2200,62.4200,61.9700,62.0000,8203100,58.1283
2024-05-28,61.7900,62.1300,61.4000,61.8200,12347000,57.9595
2024-05-29,61.4700,61.8800,61.0700,61.7000,11861800,57.8470
2024-05-30,61.8500,62.0800,61.6000,61.9700,9433800,58.1002
2024-05-31,61.9900,63.0300,61.6900,62.9300,19816600,59.0002
2024-06-03,62.7100,63.0900,62.4500,62.9300,9369000,59.0002
2024-06-04,63.2000,63.9700,62.9400,63.9400,11895600,59.9471
2024-06-05,63.9900,64.0700,63.3500,63.9200,9632500,59.9284
2024-06-06,63.9200,64.3600,63.8400,64.1500,8658500,60.1440
2024-06-07,64.0900,64.2200,63.8100,63.9100,9523100,59.9190
2024-06-10,63.9400,63.9900,63.3700,63.5900,15685300,59.6190
2024-06-11,63.5900,63.6500,63.0700,63.5500,8396000,59.5815
2024-06-12,63.6900,63.6900,62.6900,62.8800,9569600,58.9533
2024-06-13,62.8600,63.0400,62.4500,62.9900,9668900,59.0565
2024-06-14,62.3800,62.6900,62.0900,62.5500,8179200,59.0990
2024-06-17,62.3700,62.9000,62.1800,62.6200,10532700,59.1651
2024-06-18,62.5300,62.8200,62.4400,62.6300,10651700,59.1746
2024-06-20,62.4000,62.7400,61.9500,62.1800,13306300,58.7494
2024-06-21,62.1800,63.1000,62.1800,62.7700,28278100,59.3068
2024-06-24,62.9900,64.0600,62.9100,63.9700,13212500,60.4406
2024-06-25,63.9400,64.0700,63.5100,63.8400,10235300,60.3178
2024-06-26,63.4000,64.1100,63.2300,64.0500,9402500,60.5162
2024-06-27,64.0500,64.2700,63.6200,63.9100,8494100,60.3839
2024-06-28,63.9000,64.0600,63.5200,63.6500,17358800,60.1383
2024-07-01,64.0300,64.3000,63.1200,63.2800,10033400,59.7887
2024-07-02,63.2600,63.3800,62.8600,63.1500,8878200,59.6659
2024-07-03,63.1900,63.6700,62.9300,63.3300,9154200,59.8359
2024-07-05,63.3300,63.7900,63.0000,63.7600,11735500,60.2422
2024-07-08,63.5900,63.5900,62.8400,62.9600,11235100,59.4864
2024-07-09,63.0600,63.2300,62.5900,62.6900,11657500,59.2313
2024-07-10,62.7200,62.8600,62.2900,62.8300,11930400,59.3635
2024-07-11,62.6400,63.4600,62.4000,63.1000,11431600,59.6186
2024-07-12,63.4600,64.1100,63.3900,63.7000,9201500,60.1855
2024-07-15,63.7900,63.9400,63.3500,63.4100,8207500,59.9115
2024-07-16,63.4300,64.3100,63.3900,64.2700,9025100,60.7241
2024-07-17,64.4700,65.3900,64.4100,65.2100,12508200,61.6122
2024-07-18,64.8000,65.8100,64.7200,65.1900,11128200,61.5933
2024-07-19,65.6400,65.6400,64.8200,65.2900,13775700,61.6878
2024-07-22,65.2500,65.2900,64.3200,64.7700,11794200,61.1965
2024-07-23,65.4300,66.0400,64.8500,64.9600,11810300,61.3760
2024-07-24,65.0900,65.9700,64.8300,65.8100,13244600,62.1791
2024-07-25,66.0400,66.8900,65.8600,66.0700,16328600,62.4248
2024-07-26,66.0700,67.1100,66.0100,67.0500,13530100,63.3507
2024-07-29,66.8800,67.0300,66.3900,66.8300,12140200,63.1428
2024-07-30,66.4800,67.8300,66.3600,67.6800,13258000,63.9459
2024-07-31,67.5000,67.6100,66.6100,66.7400,15576800,63.0578
2024-08-01,67.0000,68.1100,66.7000,67.9600,16495900,64.2105
2024-08-02,68.5300,69.6700,67.6900,69.3300,22514800,65.5049
2024-08-05,68.9900,69.5500,67.7300,68.1000,25484300,64.3428
2024-08-06,68.1500,68.8400,67.7700,68.0500,12969100,64.2955
2024-08-07,68.0500,69.1800,67.8300,68.4600,13365300,64.6829
2024-08-08,68.0000,68.8600,67.8500,68.7300,15240900,64.9380
2024-08-09,68.7000,68.7900,68.2500,68.6800,12080400,64.8908
2024-08-12,68.4500,68.5400,67.8300,68.1700,11012300,64.4089
2024-08-13,68.0800,68.6100,68.0100,68.4600,9877600,64.6829
2024-08-14,68.2300,68.8900,68.1300,68.5800,14328000,64.7963
2024-08-15,68.6200,68.9200,68.5000,68.6500,11285100,64.8624
2024-08-16,68.8400,69.3000,68.6400,69.1800,12651200,65.3632
2024-08-19,69.3500,69.4200,68.8500,68.9800,9843900,65.1742
2024-08-20,68.9900,69.3900,68.7700,69.3800,11957400,65.5521
2024-08-21,69.4800,70.1300,69.3300,69.5700,8792400,65.7317
2024-08-22,69.9200,69.9200,68.7900,69.3300,12509200,65.5049
2024-08-23,69.4000,69.8500,68.9400,69.7900,11834700,65.9395
2024-08-26,69.8300,70.9200,69.7300,70.8400,12912200,66.9316
2024-08-27,71.3200,71.5300,71.0500,71.5000,16988400,67.5552
2024-08-28,71.6100,71.8100,71.3000,71.7500,13272600,67.7914
2024-08-29,71.9000,72.2200,71.2300,72.0500,17201700,68.0748
2024-08-30,72.2000,72.5700,71.7800,72.4700,18624200,68.4717
2024-09-03,72.4400,73.2900,72.2500,73.0100,14755800,68.9819
2024-09-04,73.3000,73.5300,71.9100,72.5600,18140800,68.5567
2024-09-05,72.6200,72.6800,70.9800,71.1700,23866100,67.2434
2024-09-06,70.9900,71.6700,70.8900,71.1400,17485700,67.2150
2024-09-09,71.2300,72.3100,70.9800,71.8500,12939300,67.8859
2024-09-10,71.9700,72.4200,71.5200,71.5500,10277600,67.6024
2024-09-11,71.3600,71.3700,70.5700,71.0800,11418200,67.1584
2024-09-12,71.0000,71.3800,70.6600,71.2300,12337800,67.3001
2024-09-13,70.8400,71.4700,70.4800,71.4100,11073800,67.9327
2024-09-16,71.7700,72.2400,71.6200,72.1000,10786500,68.5891
2024-09-17,71.9000,72.3500,71.7200,71.8000,12974400,68.3037
2024-09-18,71.8900,72.3800,71.2700,71.7500,10719700,68.2561
2024-09-19,71.5600,71.9400,70.6000,70.6200,13635600,67.1812
2024-09-20,70.4100,71.8000,70.3800,71.6400,48578500,68.1515
2024-09-23,71.5500,72.2000,71.1800,71.7300,11613000,68.2371
2024-09-24,71.2200,71.8200,70.6000,71.3300,13330600,67.8566
2024-09-25,71.7100,71.9200,71.3100,71.4500,12329100,67.9707
2024-09-26,70.8600,71.6100,70.8400,71.4000,10815200,67.9232
2024-09-27,71.5400,72.2000,71.4600,71.7900,11175700,68.2942
2024-09-30,72.0000,72.2000,71.6900,71.8600,18015300,68.3608
2024-10-01,72.1000,72.7500,71.6300,71.7100,13294500,68.2181
2024-10-02,71.3900,71.4300,70.4100,71.0100,11155500,67.5522
2024-10-03,70.8600,70.9900,70.2000,70.5200,9374800,67.0860
2024-10-04,69.9600,70.2800,69.7200,70.1700,12684800,66.7531
2024-10-07,70.0500,70.1000,68.8700,69.0100,14512000,65.6496
2024-10-08,69.0400,69.4400,68.8600,69.1800,13549700,65.8113
2024-10-09,69.1900,69.7400,69.0700,69.5700,9037700,66.1823
2024-10-10,69.8300,69.9100,68.9900,69.2500,8635200,65.8779
2024-10-11,69.4600,69.5900,69.0000,69.5700,8786300,66.1823
2024-10-14,69.5700,70.4700,69.4700,70.3400,7659300,66.9148
2024-10-15,70.4600,71.2100,70.1600,70.3400,10358700,66.9148
2024-10-16,70.0900,70.7000,69.9700,70.5700,7937300,67.1336
2024-10-17,70.6300,70.6900,69.5800,69.9000,14674600,66.4962
2024-10-18,69.8700,70.5500,69.6100,70.4400,15087500,67.0099
2024-10-21,70.0000,70.3300,69.3100,69.4500,11981200,66.0681
2024-10-22,69.0000,69.7500,68.6800,69.4500,18603300,66.0681
2024-10-23,66.9900,68.7000,66.5800,68.0100,24655200,64.6983
2024-10-24,67.6500,68.0400,66.9500,67.3000,17568800,64.0228
2024-10-25,67.0700,67.7000,66.7900,66.9200,11138100,63.6613
2024-10-28,66.9600,67.4000,66.6000,66.6700,10761400,63.4235
2024-10-29,66.2900,66.3400,65.5200,65.5600,16525900,62.3676
2024-10-30,65.5100,66.5400,65.3200,65.9200,14177800,62.7100
2024-10-31,65.8100,65.9900,65.2600,65.3100,13383700,62.1297
2024-11-01,65.4700,65.6600,64.8900,65.0100,12163100,61.8443
2024-11-04,65.0800,65.4200,64.6500,65.1100,10984500,61.9395
2024-11-05,64.6400,65.4700,64.6400,65.3700,8780200,62.1868
2024-11-06,64.4200,64.8600,63.1800,63.7000,22899300,60.5981
2024-11-07,64.2900,64.3900,63.6000,63.6600,14856100,60.5601
2024-11-08,63.9100,64.2400,63.7400,63.9200,14719300,60.8074
2024-11-11,63.9900,64.1200,63.2500,63.3600,13980900,60.2747
2024-11-12,63.6800,63.7500,63.1200,63.2000,15021000,60.1225
2024-11-13,63.0500,63.2600,62.4900,63.0000,13177600,59.9322
2024-11-14,63.1100,63.1100,62.4300,62.5500,15910800,59.5041
2024-11-15,62.4900,62.6300,61.3900,61.7400,26284300,58.7336
2024-11-18,61.8500,62.1400,61.5600,61.8600,16062100,58.8477
2024-11-19,61.9000,62.6200,61.6300,62.5900,16254800,59.5422
2024-11-20,62.7000,63.0100,62.0200,62.9900,18904900,59.9227
2024-11-21,63.1500,63.8100,62.9500,63.7600,17292300,60.6552
2024-11-22,64.2400,64.4800,63.6500,63.9200,19562200,60.8074
2024-11-25,64.3200,64.7100,63.8400,64.3800,36805300,61.2450
2024-11-26,64.3100,64.6400,64.0600,64.5500,14473300,61.4067
2024-11-27,64.9600,65.1000,64.2500,64.4300,13263400,61.2926
2024-11-29,64.0200,64.2500,63.7700,64.0800,10648400,61.4220
2024-12-02,64.0500,64.1900,63.3500,63.6500,16500100,61.0098
2024-12-03,63.7200,64.0800,63.0300,63.5200,24874500,60.8852
2024-12-04,63.2800,63.3500,61.9000,62.2100,28137700,59.6296
2024-12-05,62.4700,63.1200,62.1000,62.9200,21040400,60.3101
2024-12-06,62.8300,63.3600,62.5100,62.5300,15581100,59.9363
2024-12-09,62.6900,62.9300,61.9000,62.6000,22348300,60.0034
2024-12-10,62.7000,63.0400,61.7900,62.9100,14949400,60.3005
2024-12-11,63.0000,63.6300,62.4000,62.6400,32819000,60.0417
2024-12-12,63.5500,63.9200,63.2200,63.8400,17542100,61.1919
2024-12-13,63.5700,63.8400,63.1100,63.1200,13429000,60.5018
2024-12-16,63.2300,63.8600,62.3500,62.5500,24559700,59.9554
2024-12-17,62.4500,63.5500,62.3200,63.4000,21902400,60.7702
2024-12-18,62.8100,63.6400,62.7900,62.8500,20946100,60.2430
2024-12-19,62.7000,63.1700,62.4000,62.4500,21300600,59.8596
2024-12-20,62.4700,63.0600,62.2800,62.5500,42458100,59.9554
2024-12-23,62.5000,62.7600,61.5300,62.3800,13010800,59.7925
2024-12-24,62.2000,62.8400,62.0100,62.8400,5019100,60.2334
2024-12-26,62.6200,62.7400,62.4000,62.5700,7943800,59.9746
2024-12-27,62.4500,62.9500,62.2100,62.4500,8542800,59.8596
2024-12-30,62.3400,62.3400,61.6800,62.0300,8972200,59.4570
2024-12-31,62.0200,62.4300,61.8000,62.2600,9256700,59.6775
2025-01-02,62.3500,62.7500,61.6200,61.8400,12991000,59.2749
2025-01-03,61.9000,62.0800,61.6200,61.7500,10403200,59.1886
2025-01-06,61.5000,61.5700,60.6600,60.8100,17924200,58.2876
2025-01-07,61.1100,61.7200,60.6200,60.8400,17799600,58.3164
2025-01-08,60.9900,61.7700,60.9300,61.7100,14412400,59.1503
2025-01-10,61.5800,61.6500,60.7300,61.0700,22425000,58.5368
2025-01-13,61.1300,61.8500,60.7100,61.6500,18016200,59.0928
2025-01-14,61.6600,62.0700,61.3000,62.0400,16658300,59.4666
2025-01-15,62.3300,62.6200,61.6800,61.7700,16187200,59.2078
2025-01-16,61.4200,62.3000,61.3200,62.2500,12585500,59.6679
2025-01-17,62.3100,62.7700,62.1700,62.7100,17948900,60.1088
2025-01-21,62.9000,63.2300,62.3000,62.4200,19817100,59.8308
2025-01-22,62.1200,62.2900,61.6600,61.7800,18191900,59.2174
2025-01-23,61.8000,61.9800,61.3700,61.5300,16528400,58.9778
2025-01-24,61.7200,62.0100,61.4400,61.9200,19244600,59.3516
2025-01-27,62.8700,64.1800,62.4700,63.8700,20742900,61.2207
2025-01-28,63.5100,64.0400,62.2800,62.3600,14956000,59.7733
2025-01-29,62.5600,63.3600,62.5500,62.8300,11325600,60.2238
2025-01-30,63.8500,64.2900,63.2300,64.0500,13201000,61.3932
2025-01-31,63.7000,63.9300,63.3900,63.4800,12096800,60.8469
2025-02-03,63.1800,63.6300,62.4300,63.3500,12067900,60.7223
2025-02-04,63.6100,63.6300,62.3500,62.6700,15678000,60.0705
2025-02-05,62.7200,63.2900,62.5900,63.1200,10686800,60.5018
2025-02-06,63.6200,63.7400,62.9100,63.3600,13423400,60.7318
2025-02-07,63.4300,63.9200,63.2700,63.8400,13184700,61.1919
2025-02-10,64.1000,64.6500,63.6600,64.5500,16154300,61.8725
2025-02-11,67.5000,67.6700,66.4100,67.6000,30589100,64.7960
2025-02-12,66.8700,68.8200,66.8700,68.7100,26033800,65.8599
2025-02-13,69.0000,69.6100,68.7600,69.5000,24393100,66.6172
2025-02-14,69.3600,70.0300,68.7600,68.8700,20779100,66.0133
2025-02-18,68.5500,69.3700,68.4200,69.0500,15569100,66.1858
2025-02-19,69.2100,70.1300,69.1700,70.0700,16032300,67.1635
2025-02-20,69.7100,70.0700,69.4200,70.0400,13398000,67.1348
2025-02-21,70.3200,71.6000,70.1300,71.3500,21662300,68.3904
2025-02-24,70.8400,71.7300,70.3300,70.5900,21418400,67.6620
2025-02-25,70.8600,71.7700,70.7300,71.4900,21555600,68.5246
2025-02-26,71.2700,71.2800,70.5300,70.8000,14531200,67.8632
2025-02-27,70.7200,71.5400,70.4200,70.8700,16789500,67.9303
2025-02-28,71.4500,71.5700,70.5600,71.2100,22167400,68.2562
2025-03-03,70.2400,72.3600,69.7300,72.3200,21717600,69.3202
2025-03-04,72.0700,72.6500,69.8800,70.1900,25411900,67.2785
2025-03-05,69.9000,70.7400,69.8400,70.0800,23933600,67.1731
2025-03-06,70.4100,70.5300,69.4500,70.4600,21694000,67.5373
2025-03-07,69.6500,71.8200,69.6500,71.4300,28393300,68.4671
2025-03-10,71.9600,73.2200,71.3200,71.4500,25251200,68.4863
2025-03-11,71.8800,72.0400,70.6100,71.0400,28076400,68.0933
2025-03-12,70.3700,70.7300,69.7400,69.9400,18923300,67.0389
2025-03-13,70.2500,70.2500,69.2800,69.6200,15746600,66.7322
2025-03-14,68.5100,69.2600,68.3800,69.1600,14205100,66.7805
2025-03-17,69.2400,70.1700,69.0800,70.1200,15634800,67.7074
2025-03-18,70.1100,70.1900,69.3000,69.3800,12657600,66.9929
2025-03-19,68.5500,69.3800,68.5400,69.2800,14780000,66.8963
2025-03-20,69.3100,69.8100,69.0900,69.7100,16295300,67.3115
2025-03-21,69.7100,69.9700,68.1800,68.6700,47479500,66.3073
2025-03-24,68.8000,69.0800,68.3300,68.9500,12575400,66.5777
2025-03-25,68.9500,69.0800,68.6000,68.8100,12513900,66.4425
2025-03-26,68.9200,70.3500,68.9000,70.0200,14478200,67.6109
2025-03-27,70.1800,70.9900,70.0700,70.7400,11663400,68.3061
2025-03-28,70.8100,71.3200,69.5300,70.3700,17412900,67.9488
2025-03-31,70.7300,71.9400,70.4900,71.6200,24016900,69.1558
2025-04-01,71.6800,71.9100,71.1900,71.8700,15309100,69.3972
2025-04-02,71.9600,72.3600,71.0500,71.3300,14606500,68.8758
2025-04-03,72.4800,73.9500,72.3200,73.1800,24959600,70.6622
2025-04-04,72.4200,73.0100,69.7900,69.9300,26517300,67.5240
2025-04-07,66.2300,69.3800,66.0500,68.3700,34258400,66.0177
2025-04-08,68.9600,69.9800,67.7600,68.4200,22774400,66.0659
2025-04-09,67.9200,70.4700,67.2800,69.9500,27918700,67.5433
2025-04-10,70.1900,71.2100,68.9800,70.7600,22450200,68.3254
2025-04-11,70.9100,71.8500,70.5400,71.4300,19988200,68.9724
2025-04-14,71.3000,72.6600,70.9300,72.4500,13930200,69.9573
2025-04-15,72.6200,72.6300,71.7200,71.8600,14965500,69.3876
2025-04-16,72.3600,72.6700,71.3900,71.6800,15276200,69.2138
2025-04-17,71.9000,73.4300,71.7200,73.0000,20754500,70.4883
2025-04-21,73.3800,73.4700,71.8200,72.7700,16037200,70.2663
2025-04-22,73.0000,74.3800,72.9200,73.9000,15613500,71.3574
2025-04-23,73.2900,73.9500,72.3800,73.3000,16353900,70.7780
2025-04-24,73.0200,73.4300,72.3000,72.5200,16893900,70.0249
2025-04-25,72.6500,72.9200,71.1300,71.9100,16316000,69.4359
2025-04-28,72.0800,72.2600,71.3100,71.7900,15997500,69.3200
2025-04-29,71.1900,72.7100,70.2800,72.3500,16244100,69.8607
2025-04-30,73.3500,73.4800,71.6900,72.5500,21074700,70.0538
2025-05-01,72.0000,72.0400,71.2300,71.2900,18034200,68.8372
2025-05-02,71.5000,71.8200,71.1000,71.6500,12629600,69.1848
2025-05-05,71.6700,71.8000,71.0100,71.7000,11932700,69.2331
2025-05-06,71.6800,71.9000,71.1600,71.7200,12705500,69.2524
2025-05-07,71.7200,72.6900,71.6700,72.4000,15018200,69.9090
2025-05-08,72.2000,72.4700,71.1300,71.1700,14371100,68.7213
2025-05-09,70.9900,71.1500,70.4600,70.5200,11228900,68.0937
2025-05-12,70.1500,70.3300,68.7000,69.5300,21539000,67.1377
2025-05-13,69.5900,69.6900,68.8700,68.9600,14389100,66.5873
2025-05-14,68.8800,69.3400,68.5800,69.1600,16286800,66.7805
2025-05-15,69.7000,71.7300,69.6000,71.6100,19817100,69.1462
2025-05-16,71.8600,72.2600,71.4300,72.0000,18441200,69.5228
2025-05-19,72.0300,72.1700,71.6400,71.9300,13282800,69.4552
2025-05-20,71.8000,72.1300,71.4300,71.6900,12137800,69.2234
2025-05-21,71.6900,72.0800,71.5800,71.8500,12094400,69.3779
2025-05-22,71.8400,71.9900,70.9600,71.1400,11101800,68.6923
2025-05-23,71.5400,71.9800,70.6900,71.7700,12822100,69.3007
2025-05-27,71.7400,72.2200,71.5600,71.7800,10666100,69.3103
2025-05-28,71.7000,71.9000,71.0500,71.1500,8710900,68.7020
2025-05-29,71.0000,71.6600,70.4600,71.4900,10291100,69.0303
2025-05-30,71.6100,72.4700,71.6100,72.1000,28019500,69.6193
2025-06-02,72.0300,72.0400,71.3600,72.0000,10202700,69.5228
2025-06-03,71.7100,71.7800,70.4700,71.1600,20139800,68.7117
2025-06-04,71.2600,71.8500,70.6800,71.3700,13565900,68.9144
2025-06-05,71.3800,71.4600,70.8300,70.9100,13531400,68.4703
2025-06-06,71.0800,71.4800,70.9400,71.3500,9524000,68.8951
2025-06-09,71.3500,71.8300,71.0900,71.7700,12281300,69.3007
2025-06-10,71.9000,72.6900,71.7600,72.3500,12265000,69.8607
2025-06-11,72.2700,72.3600,71.7600,72.0700,12718500,69.5903
2025-06-12,72.2500,72.4000,71.6000,72.2400,12806900,69.7545
2025-06-13,71.7700,71.8800,70.7300,71.0200,17467200,69.0640
2025-06-16,71.2000,71.6200,70.2400,70.5200,15045900,68.5778
2025-06-17,70.3800,70.4600,69.5800,69.6200,15437000,67.7026
2025-06-18,70.0000,70.0000,69.0900,69.2100,16227600,67.3039
2025-06-20,69.0900,69.5600,68.7800,68.8400,40859400,66.9441
2025-06-23,69.1400,69.8100,68.9700,69.7400,21822800,67.8193
2025-06-24,69.9400,70.3500,69.6900,70.2100,15216100,68.2764
2025-06-25,69.9300,70.0200,69.4300,69.6300,12540400,67.7123
2025-06-26,69.7000,69.9200,69.1500,69.4700,14454100,67.5567
2025-06-27,69.5900,70.5600,69.4700,70.3300,23470700,68.3931
2025-06-30,70.1300,70.7900,70.0900,70.7500,15429000,68.8015
2025-07-01,70.9900,72.4500,70.9000,71.6700,21729300,69.6961
2025-07-02,71.6900,71.8300,70.7400,70.9100,13050200,68.9571
2025-07-03,71.0400,71.4000,70.4500,71.3500,9440500,69.3850
2025-07-07,71.3700,71.3700,70.8000,71.0100,16984700,69.0543
2025-07-08,70.6800,70.6800,69.8800,70.2400,17115500,68.3055
2025-07-09,70.1600,70.2500,68.9700,69.4800,33704100,67.5665
2025-07-10,69.2900,69.8500,69.1600,69.7700,14608400,67.8485
2025-07-11,69.5700,70.1600,69.2500,69.8700,12916700,67.9457
2025-07-14,69.8000,70.0800,69.2700,69.4700,13983200,67.5567
2025-07-15,69.5100,69.5500,69.1500,69.3600,12639800,67.4498
2025-07-16,69.3500,69.5000,68.7900,69.2700,13178300,67.3622
2025-07-17,69.8100,70.6900,69.5100,70.5900,20464700,68.6459
2025-07-18,70.4400,70.7000,69.8300,69.8500,14928000,67.9263
2025-07-21,70.1900,70.6200,69.9300,70.0700,17811700,68.1402
2025-07-22,69.4500,70.2600,68.6900,69.6600,22339900,67.7415
2025-07-23,69.6600,69.7400,68.6000,69.1600,21030000,67.2553
2025-07-24,69.2600,69.5500,68.9900,69.1000,12511400,67.1969
2025-07-25,69.1300,69.2300,68.7500,69.1700,12574800,67.2650
2025-07-28,68.7400,68.9000,68.0600,68.0900,13668800,66.2147
2025-07-29,68.3400,69.4200,68.1500,69.3800,16223400,67.4692
2025-07-30,69.1100,69.3300,68.5300,68.7500,10448200,66.8566
2025-07-31,68.1500,68.6500,67.7400,67.8900,17193400,66.0203
2025-08-01,68.6000,69.0400,68.2700,68.8600,16107500,66.9635
2025-08-04,68.7200,69.0800,68.3100,68.9600,10701500,67.0608
2025-08-05,68.9000,69.4900,68.7500,69.0500,11993400,67.1483
2025-08-06,69.1200,69.8000,68.6300,69.5100,10783000,67.5956
2025-08-07,69.4600,70.7200,69.3300,70.4300,15790800,68.4903
2025-08-08,70.3600,70.8700,70.0800,70.3400,9232700,68.4028
2025-08-11,70.3000,70.8600,69.9600,70.7500,10909400,68.8015
2025-08-12,70.8200,71.0600,70.2200,70.7100,11061100,68.7626
2025-08-13,70.6900,70.7700,70.2300,70.4600,10356500,68.5195
2025-08-14,70.3800,70.4600,69.3900,69.5500,10722400,67.6345
2025-08-15,69.7400,70.3900,69.5700,69.9200,12381100,67.9943
2025-08-18,69.9800,70.0500,69.0500,69.1300,14094900,67.2261
2025-08-19,69.3000,70.2200,69.2400,70.1300,13862200,68.1986
2025-08-20,70.7400,71.7100,70.4100,70.7000,17530800,68.7529
2025-08-21,70.6000,70.9100,70.3300,70.6600,8840400,68.7140
2025-08-22,70.9600,71.0200,69.9200,70.1300,12999600,68.1986
2025-08-25,70.1100,70.2300,68.7200,68.9300,13634600,67.0316
2025-08-26,69.0400,69.0800,68.5800,68.7300,17964200,66.8371
2025-08-27,68.8200,68.8700,68.4700,68.8300,11562700,66.9344
2025-08-28,68.8800,68.9000,68.2800,68.3600,16209900,66.4773
2025-08-29,68.6700,69.1400,68.4300,68.9900,14601100,67.0900
2025-09-02,68.9600,69.3400,68.2600,69.0600,24770100,67.1580
2025-09-03,68.6600,69.1000,67.3700,68.9900,33581500,67.0900
2025-09-04,69.1100,69.4600,68.1100,68.2500,16736000,66.3703
2025-09-05,68.0100,68.5800,67.8700,67.9600,23978000,66.0883
2025-09-08,67.8600,67.8800,67.1600,67.4300,21671700,65.5729
2025-09-09,67.2800,68.1100,67.2800,67.8600,14120600,65.9911
2025-09-10,67.7900,68.0900,67.2100,67.8200,16041900,65.9522
2025-09-11,67.9200,68.1700,67.5800,67.6200,15128700,65.7577
2025-09-12,67.6000,67.7200,66.9400,67.0100,18712400,65.1645
2025-09-15,66.6800,66.7800,66.1000,66.2100,15986100,64.8803
2025-09-16,66.3500,66.5100,66.0600,66.2400,18555900,64.9097
2025-09-17,66.4100,67.1300,66.4100,67.0400,17372300,65.6936
2025-09-18,66.8000,67.0400,66.3500,66.4600,17722900,65.1253
2025-09-19,66.4900,66.7300,66.0500,66.4300,31192900,65.0959
2025-09-22,66.1600,66.5900,66.0800,66.2100,13298700,64.8803
2025-09-23,66.3500,66.7600,65.9000,66.7100,15072800,65.3703
2025-09-24,66.4100,66.7800,65.9600,66.4500,14759300,65.1155
2025-09-25,66.7500,66.9200,65.9500,65.9800,14395000,64.6549
2025-09-26,66.0700,66.3300,65.5000,65.6700,17821600,64.3512
2025-09-29,65.6700,66.1000,65.3500,66.0400,14818500,64.7137
2025-09-30,66.0700,66.6400,65.9600,66.3200,13815000,64.9881
2025-10-01,66.5100,66.8300,66.2900,66.7800,14877500,65.4389
2025-10-02,66.5300,66.6500,65.8600,66.1000,14350700,64.7725
2025-10-03,66.1000,66.9900,66.0400,66.6500,12249200,65.3115
2025-10-06,66.4900,66.5000,65.8400,66.1000,14333300,64.7725
2025-10-07,66.2200,67.2600,65.8700,66.7900,13328300,65.4487
2025-10-08,66.6700,66.8700,66.0600,66.1200,12606700,64.7921
2025-10-09,66.2900,66.8000,66.1200,66.3700,12705200,65.0371
2025-10-10,66.5200,67.4000,66.3800,67.0400,17991700,65.6936
2025-10-13,66.2300,66.8000,66.0000,66.8000,13690000,65.4585
2025-10-14,66.8700,67.5700,66.7500,67.5100,14245600,66.1542
2025-10-15,67.2700,67.7200,66.9200,67.0800,11193700,65.7328
2025-10-16,67.1800,68.1100,67.1600,67.5900,15707200,66.2326
2025-10-17,68.0000,68.5000,67.8000,68.4400,15541800,67.0655
2025-10-20,68.4300,68.6400,67.9200,68.4400,17786800,67.0655
2025-10-21,70.5700,71.3900,70.2300,71.2200,33651300,69.7897
2025-10-22,71.3600,71.6200,70.5100,70.8100,18293000,69.3879
2025-10-23,70.8100,70.9300,69.7200,69.9400,13989400,68.5354
2025-10-24,69.9100,70.0500,69.6500,69.7100,15688200,68.3100
2025-10-27,69.7800,70.1200,69.2500,70.0600,13800000,68.6530
2025-10-28,70.0500,70.9000,69.9500,70.1600,12730500,68.7510
2025-10-29,69.9200,70.0300,68.1600,68.3500,19789600,66.9773
2025-10-30,68.4500,69.2900,68.3900,68.9800,14751700,67.5947
2025-10-31,68.5500,69.0700,67.9000,68.9000,16742700,67.5163
2025-11-03,68.8000,68.8900,67.6600,67.9700,15660400,66.6050
2025-11-04,68.4700,68.7300,68.1600,68.6600,12743800,67.2811
2025-11-05,68.6600,68.8300,68.1800,68.5100,12850100,67.1341
2025-11-06,68.3000,69.1400,67.9200,69.0600,15906700,67.6731
2025-11-07,69.8100,70.8700,69.4100,70.5500,25108300,69.1332
2025-11-10,70.0100,70.6600,69.4400,70.5200,15318000,69.1038
2025-11-11,70.9800,71.7500,70.6600,71.6100,16160200,70.1719
2025-11-12,71.4900,71.8900,71.3400,71.5100,13612600,70.0739
2025-11-13,71.4200,71.6700,71.0000,71.0700,14002800,69.6427
2025-11-14,71.4100,71.6400,70.6000,71.1600,13172000,69.7309
2025-11-17,71.2000,71.5300,70.6200,70.6800,14772300,69.2605
2025-11-18,70.9900,71.3400,70.5700,71.2200,12838900,69.7897
2025-11-19,71.2000,71.4500,70.8100,71.1100,12401500,69.6819
2025-11-20,70.9500,71.4800,70.6100,71.2100,15396500,69.7799
2025-11-21,71.6800,73.1900,71.4900,72.9500,26492500,71.4850
2025-11-24,73.1600,73.1600,71.5700,72.5900,39818600,71.1322
2025-11-25,72.8000,72.9300,72.1400,72.6100,17451200,71.1518
2025-11-26,72.6000,73.0900,72.3900,72.8800,11795100,71.4164
2025-11-28,73.0000,73.2300,72.7600,73.1200,7423000,71.6515
2025-12-01,72.6000,72.9100,71.9300,71.9500,14388100,71.0003
2025-12-02,71.8000,71.8000,70.4300,70.6700,19871300,69.7372
2025-12-03,70.8800,71.4000,70.6100,70.8100,17001700,69.8753
2025-12-04,70.8300,71.3400,70.3700,70.4500,17710000,69.5201
2025-12-05,70.3200,70.7100,69.8700,70.0000,13978200,69.0760
2025-12-08,69.8400,70.3800,69.4900,70.2500,17775100,69.3227
2025-12-09,70.3700,70.6300,69.8300,70.0900,13010600,69.1648
2025-12-10,70.3900,70.5300,69.7800,70.2100,29789400,69.2832
2025-12-11,70.5500,70.6900,68.7900,69.1100,23124200,68.1977
2025-12-12,69.1100,70.6200,69.0400,70.5200,18444500,69.5891
2025-12-15,70.4300,71.3200,70.3200,70.9700,18660100,70.0332
2025-12-16,71.3000,71.3000,70.3200,70.3700,17370000,69.4411
2025-12-17,70.5700,70.9200,70.3100,70.6700,13672700,69.7372
2025-12-18,70.2700,70.8000,70.1700,70.3600,15524800,69.4312
2025-12-19,70.0600,70.7700,70.0300,70.0600,36911100,69.1352
2025-12-22,69.9300,70.2200,69.6600,70.2100,12828500,69.2832
2025-12-23,70.2000,70.2600,69.6900,69.8700,9471000,68.9477
2025-12-24,69.9000,70.1600,69.7500,70.1100,4515300,69.1845
2025-12-26,69.9500,70.1600,69.7300,69.8700,5711400,68.9477
2025-12-29,70.0000,70.4200,69.8500,70.1600,9686900,69.2339
2025-12-30,70.0000,70.2400,69.8000,70.0700,8610900,69.1451
2025-12-31,70.0700,70.1600,69.8800,69.9100,8127800,68.9872
2026-01-02,69.8500,69.8700,68.9800,69.1200,12151300,68.2076
2026-01-05,68.9200,68.9200,67.9200,67.9400,21186600,67.0432
2026-01-06,68.0100,68.2500,67.5900,67.8400,21019900,66.9445
2026-01-07,67.9900,68.0700,67.2700,67.5400,20223400,66.6485
2026-01-08,67.5400,69.4600,67.4500,69.3700,19237000,68.4543
2026-01-09,69.4300,70.6600,69.1200,70.5100,19638600,69.5793
2026-01-12,70.9000,70.9700,70.2400,70.5000,20582500,69.5694
2026-01-13,70.4200,71.2400,70.2700,71.2400,18324800,70.2996
2026-01-14,71.1700,71.7100,70.8100,71.4400,16739100,70.4970
2026-01-15,71.5900,71.6000,70.3700,70.4800,15464100,69.5497
2026-01-16,70.2900,70.7400,70.0400,70.4400,20027500,69.5102
2026-01-20,70.0000,71.7800,69.7900,71.7500,22152200,70.8029
2026-01-21,71.9800,72.2400,70.8300,72.0100,21660600,71.0595
2026-01-22,71.8300,72.0400,71.4400,71.8700,13962800,70.9213
2026-01-23,72.0200,73.0600,71.7800,72.8800,18307100,71.9180
2026-01-26,72.8600,73.3000,72.5400,72.5600,14017400,71.6022
2026-01-27,72.4400,73.5600,72.2700,73.5500,13239200,72.5791
2026-01-28,73.2100,73.6200,72.5700,73.0600,14633700,72.0956
2026-01-29,73.1800,74.0900,73.1400,73.4300,20862100,72.4607
2026-01-30,73.7100,74.9000,73.5400,74.8100,26420500,73.8225
2026-02-02,75.0100,75.7000,74.4000,75.3300,19301500,74.3356
2026-02-03,75.2700,77.5000,75.1300,76.8900,27007100,75.8750
2026-02-04,77.2700,78.1100,77.0800,77.3500,28607300,76.3290
2026-02-05,77.8200,78.8600,77.5900,78.5100,21633500,77.4737
2026-02-06,78.5000,79.2000,78.2600,79.0300,18512400,77.9868
2026-02-09,78.6700,79.1100,77.5400,77.9700,23415600,76.9408
2026-02-10,76.6300,77.5100,76.0100,76.8100,28848200,75.7961
2026-02-11,76.8800,79.0500,76.5800,78.6000,22649700,77.5625
2026-02-12,78.9800,80.4100,78.7900,79.0000,26043500,77.9572
2026-02-13,78.4500,79.4000,78.1300,78.6800,16711900,77.6414
2026-02-17,78.9900,79.6400,78.7400,79.5600,16260200,78.5098
2026-02-18,79.5000,79.8400,78.9200,79.4900,16304900,78.4407
2026-02-19,79.4600,79.6700,78.5900,78.9100,14924700,77.8684
2026-02-20,79.3300,79.8400,78.8900,79.8400,17175100,78.7861
2026-02-23,79.5200,80.8500,79.5000,80.5600,17157700,79.4966
2026-02-24,80.5400,81.0900,79.8500,80.7200,16448500,79.6545
2026-02-25,80.4000,80.6900,79.5600,80.4700,18086900,79.4078
2026-02-26,80.7500,80.8900,80.0200,80.5000,12843200,79.4374
2026-02-27,80.9400,82.0000,80.8200,81.5600,28483500,80.4834
2026-03-02,81.2500,81.4000,80.1500,80.2200,18137200,79.1611
2026-03-03,79.8600,80.0800,78.5600,79.3400,20549300,78.2927
2026-03-04,79.2900,79.4700,77.7500,78.1000,21011800,77.0691
2026-03-05,77.6800,77.7200,76.5000,77.0300,23165700,76.0132
2026-03-06,76.8000,77.1900,76.3500,77.0400,15516000,76.0231
2026-03-09,76.6200,78.0700,76.5300,77.8000,18554100,76.7730
2026-03-10,77.4800,78.4100,77.1000,77.8800,17243900,76.8520
2026-03-11,77.7100,77.7100,76.6000,77.6300,11546800,76.6053
2026-03-12,77.4200,78.1600,76.9000,77.6100,16842200,76.5855
2026-03-13,77.4700,78.0500,77.1900,77.3400,11974500,76.8439
2026-03-16,78.0000,78.4300,77.7400,77.8200,11761200,77.3208
2026-03-17,78.0000,78.3000,77.4500,77.5800,14900100,77.0823
2026-03-18,77.0800,77.1300,75.8500,75.9700,13134600,75.4827
2026-03-19,76.0000,76.4500,75.5300,75.5500,13023300,75.0654
2026-03-20,75.5700,76.0500,74.3900,74.7500,33298700,74.2705
2026-03-23,75.3400,75.4500,74.5500,75.1100,15054900,74.6282
2026-03-24,74.8600,75.6900,74.6300,74.6700,15653700,74.1910
2026-03-25,74.5900,75.6500,74.0700,75.2500,14787900,74.7673
2026-03-26,75.1900,75.7500,74.6500,74.6900,11202100,74.2109
2026-03-27,74.8200,76.0500,74.7000,75.7100,17461000,75.2243
2026-03-30,75.9300,77.0000,75.7200,76.2700,18502800,75.7807
2026-03-31,76.5300,77.0200,75.5100,76.0500,18301800,75.5621
2026-04-01,76.1500,76.3600,75.2600,76.0800,15834300,75.5920
2026-04-02,76.5800,76.9600,76.1200,76.7200,14573400,76.2279
2026-04-06,76.6400,77.2800,76.2200,77.2200,8259900,76.7246
2026-04-07,77.2000,77.6000,75.6300,75.9100,12769200,75.4230
2026-04-08,75.8100,77.3700,75.3200,77.2900,12331300,76.7942
2026-04-09,76.6500,78.2900,76.3700,78.1800,14311000,77.6785
2026-04-10,77.9800,78.1700,77.3100,77.4700,11081400,76.9730
2026-04-13,77.3200,77.4500,75.8300,76.4100,12696200,75.9198
2026-04-14,75.9700,76.6200,75.8000,75.9000,12397600,75.4131
2026-04-15,75.7400,75.7400,74.7200,75.3100,16212100,74.8269
2026-04-16,75.0300,75.8400,74.9000,75.1800,11501900,74.6977
2026-04-17,74.9500,76.0600,74.8000,75.7400,15033900,75.2541
2026-04-20,75.8200,76.2200,75.3600,75.4800,10141800,74.9958
2026-04-21,75.4800,75.5300,74.6200,74.7000,11806900,74.2208
2026-04-22,74.9000,75.3800,74.5500,74.6300,9352300,74.1513
2026-04-23,75.4400,76.6600,75.1600,76.2800,12060300,75.7907
2026-04-24,76.7100,77.0100,76.1700,76.6300,12008700,76.1384
2026-04-27,76.7100,76.7100,75.4000,75.4400,15812200,74.9561
2026-04-28,79.5200,80.3200,78.0800,78.3500,30710700,77.8474
2026-04-29,78.3700,79.2800,78.1900,78.8700,18294700,78.3641
2026-04-30,78.8000,79.1200,78.3300,78.7600,15142200,78.2548
2026-05-01,79.2900,79.6400,78.0400,78.5800,12610400,78.0759
2026-05-04,78.0600,78.7700,77.7300,78.1900,12672400,77.6884
2026-05-05,78.1900,78.7800,77.7400,78.4800,11637500,77.9766
2026-05-06,78.7800,79.3300,78.5700,79.2300,14060300,78.7217
2026-05-07,78.7900,79.1500,78.1000,78.4300,16531400,77.9269
2026-05-08,78.5700,79.2000,78.1200,78.4200,12447200,77.9169
2026-05-11,78.1600,78.7300,77.8400,78.6600,10967900,78.1554
2026-05-12,79.0000,80.3200,78.2800,80.0300,19883100,79.5166
2026-05-13,79.8700,81.0300,79.8400,80.2600,12357000,79.7451
2026-05-14,80.7300,80.9200,79.9100,80.4500,10642000,79.9339
2026-05-15,81.3600,81.3600,80.4500,80.8200,17527200,80.3016
2026-05-18,80.8700,81.3900,80.3900,81.2000,12375500,80.6791
2026-05-19,81.4100,82.6600,81.2600,81.9200,16595200,81.3945
2026-05-20,82.1700,82.4000,81.5200,81.5500,16999700,81.0269
2026-05-21,81.7900,81.8000,80.7200,81.1700,15708400,80.6493
2026-05-22,81.1800,81.6800,80.9200,81.4800,8240200,80.9573
2026-05-26,80.8400,81.6000,80.2400,80.4600,13004200,79.9439
2026-05-27,81.1000,82.5100,80.8000,81.6200,13209600,81.0964
2026-05-28,81.3200,81.7600,80.3400,80.4100,14691400,79.8942
2026-05-29,80.0400,80.3300,78.9100,79.0100,32477000,78.5032
2026-06-01,78.5800,79.2000,78.4300,78.6400,12776300,78.1355
2026-06-02,78.8800,79.2000,78.2500,78.4100,12533200,77.9070
2026-06-03,78.2900,79.0300,78.1100,78.7600,14964300,78.2548
2026-06-04,79.7800,80.0400,76.8100,76.8200,19361600,76.3272
2026-06-05,77.5100,80.7400,77.4800,79.4800,25708100,78.9701
2026-06-08,79.3100,79.9300,79.1000,79.5400,12828900,79.0298
2026-06-09,79.5500,81.7600,79.3800,81.3400,20591600,80.8182
2026-06-10,82.6800,83.8500,82.1200,83.5900,20880500,83.0538
2026-06-11,83.9200,84.0400,82.4900,82.5300,14264500,82.0006
2026-06-12,82.7100,82.8900,81.8700,82.6200,11757700,82.0900
2026-06-15,81.0800,81.2000,80.2500,80.9100,20055200,80.9100
2026-06-16,81.1500,81.3900,79.8400,80.2800,17565100,80.2800
2026-06-17,79.9500,80.3300,78.9900,79.9300,17055400,79.9300
2026-06-18,79.8700,80.0100,78.7400,79.3900,46857900,79.3900
2026-06-22,79.2500,80.0600,79.0600,79.5300,21205900,79.5300
2026-06-23,81.3300,81.3300,79.8300,80.3100,16854000,80.3100
2026-06-24,80.8900,81.5800,80.5600,80.6000,20632600,80.6000
2026-06-25,80.5300,81.3800,79.9700,80.4200,16021400,80.4200
2026-06-26,80.9600,82.8100,80.7000,82.6300,53357500,82.6300
2026-06-29,82.8300,83.6200,82.2100,82.6500,15015800,82.6500
2026-06-30,82.5000,82.5400,81.0100,81.2700,16422100,81.2700
2026-07-01,81.7000,81.9800,80.9600,81.2900,21734800,81.2900
2026-07-02,81.6300,84.1400,81.4000,84.1400,18308400,84.1400
2026-07-06,84.1000,84.5600,82.3200,82.9600,18992600,82.9600
2026-07-07,84.6000,85.6800,83.6400,84.0500,17835200,84.0500
2026-07-08,84.1700,84.8300,83.2700,83.4000,14160000,83.4000
2026-07-09,82.0900,82.8200,81.7100,82.6300,15782500,82.6300
2026-07-10,82.7300,83.7400,82.4100,83.4900,10694600,83.4900
2026-07-13,83.9000,84.6800,83.6700,84.2500,12085800,84.2500
2026-07-14,84.1700,84.6300,83.0800,83.0800,13775400,83.0800
2026-07-15,82.9300,83.2400,82.2300,82.4500,18383800,82.4500
2026-07-16,83.5000,84.9500,83.2800,84.9200,17889900,84.9200
2026-07-17,85.3700,85.5600,80.8300,81.5600,32903000,81.5600
2026-07-20,81.5500,82.3700,81.3000,82.1200,14967200,82.1200
2026-07-21,81.9700,82.4000,81.3200,81.9700,12949400,81.9700
2026-07-22,82.8500,82.9200,81.9600,82.2000,11701300,82.2000
2026-07-23,81.6700,81.8700,80.8800,81.1700,13755600,81.1700
2026-07-24,81.5700,82.3300,80.9000,82.2500,11980400,82.2500
2026-07-27,83.0800,84.1400,82.5000,84.0700,19937600,84.0700
2026-07-28,88.3000,90.2200,86.2500,88.2700,34982900,88.2700
2026-07-29,88.6500,90.9200,88.6400,89.0800,21711700,89.0800
2026-07-30,87.6300,88.6400,87.2100,88.4900,17616100,88.4900
2026-07-31,87.6600,88.0000,86.8200,87.5900,14725900,87.5900
2026-08-03,88.4800,88.4800,86.6300,86.8600,23197100,86.8600
2026-08-04,85.7900,86.6800,85.1600,86.5600,17085700,86.5600
2026-08-05,87.0500,87.1500,86.1900,86.8300,15868600,86.8300
2026-08-06,87.8600,87.9700,86.4200,86.8500,13568500,86.8500
2026-08-07,86.5100,87.1700,86.1900,87.0500,11221700,87.0500
2026-08-10,87.1100,87.5300,86.4300,86.8700,13710800,86.8700
2026-08-11,86.6200,87.0500,86.1100,86.4800,16018000,86.4800
2026-08-12,85.7800,87.2900,85.6600,86.7100,12651900,86.7100
2026-08-13,87.1400,87.7500,86.9100,87.4200,10140600,87.4200
2026-08-14,87.3000,87.9700,87.2000,87.7100,9166400,87.7100
2026-08-17,87.3000,88.0200,86.8500,86.9800,12056400,86.9800
2026-08-18,88.4000,88.9600,87.8800,88.8200,12524500,88.8200
2026-08-19,88.5900,90.7600,88.5900,90.3500,15993900,90.3500
2026-08-20,90.1800,91.8700,89.7300,90.5000,14928000,90.5000
2026-08-21,90.8500,91.2000,90.3200,91.1000,15595800,91.1000
2026-08-24,92.1200,92.4900,91.4500,91.9900,14787700,91.9900
2026-08-25,91.5700,92.0800,91.3000,91.6400,11940100,91.6400
2026-08-26,92.2100,92.2100,90.0000,90.0800,17133900,90.0800
2026-08-27,89.4100,90.0300,88.9600,89.0600,13452600,89.0600
2026-08-28,89.2100,90.0400,89.0700,89.6600,9887200,89.6600
2026-08-31,89.5100,89.5300,88.6000,88.6700,23764800,88.6700
2026-09-01,89.5900,89.7800,87.8100,88.0000,14824100,88.0000
