date,open,high,low,close,volume,adj_close
2000-09-15,491.0000,493.7500,490.0000,493.7500,445,493.7500
2000-09-18,483.2500,486.0000,482.5000,484.0000,382,484.0000
2000-09-19,485.0000,485.5000,483.5000,484.2500,325,484.2500
2000-09-20,483.5000,484.2500,483.2500,483.2500,321,483.2500
2000-09-21,486.7500,488.0000,486.0000,486.5000,330,486.5000
2000-09-22,490.0000,491.5000,489.5000,491.0000,293,491.0000
2000-09-25,495.7500,496.5000,494.0000,496.5000,178,496.5000
2000-09-26,494.5000,496.5000,494.5000,496.5000,208,496.5000
2000-09-27,493.2500,494.5000,492.5000,492.5000,328,492.5000
2000-09-28,495.2500,497.0000,495.2500,497.0000,379,497.0000
2000-09-29,498.0000,499.0000,497.5000,499.0000,799,499.0000
2000-10-02,488.2500,488.7500,486.0000,488.5000,258,488.5000
2000-10-03,489.2500,489.2500,487.7500,488.5000,435,488.5000
2000-10-04,488.2500,489.0000,487.0000,489.0000,233,489.0000
2000-10-05,485.5000,485.7500,485.2500,485.7500,266,485.7500
2000-10-06,484.0000,486.0000,484.0000,486.0000,231,486.0000
2000-10-09,484.0000,484.5000,483.2500,484.5000,187,484.5000
2000-10-10,482.7500,483.0000,482.5000,483.0000,311,483.0000
2000-10-11,485.0000,485.5000,485.0000,485.0000,1017,485.0000
2000-10-12,477.7500,479.5000,476.0000,478.0000,422,478.0000
2000-10-13,473.7500,474.5000,473.0000,473.2500,372,473.2500
2000-10-16,465.2500,466.0000,465.0000,465.0000,509,465.0000
2000-10-17,465.0000,467.7500,464.7500,467.7500,167,467.7500
2000-10-18,467.7500,468.0000,467.0000,468.0000,302,468.0000
2000-10-19,468.0000,468.0000,467.2500,468.0000,309,468.0000
2000-10-20,472.0000,474.2500,472.0000,473.2500,136,473.2500
2000-10-23,468.0000,468.5000,467.5000,468.5000,142,468.5000
2000-10-24,462.5000,464.0000,462.5000,463.5000,178,463.5000
2000-10-25,467.7500,468.5000,467.0000,467.2500,123,467.2500
2000-10-26,467.0000,468.2500,467.0000,467.0000,94,467.0000
2000-10-27,461.0000,462.0000,461.0000,461.0000,141,461.0000
2000-10-30,456.5000,458.0000,456.5000,457.7500,228,457.7500
2000-10-31,455.7500,456.0000,454.7500,455.2500,10948,455.2500
2000-11-01,459.5000,466.2500,459.0000,462.7500,124,462.7500
2000-11-02,464.5000,469.2500,464.5000,468.2500,21,468.2500
2000-11-03,473.0000,474.0000,472.7500,473.5000,9,473.5000
2000-11-06,474.2500,475.0000,474.2500,475.0000,4,475.0000
2000-11-07,474.0000,474.0000,473.2500,473.5000,6,473.5000
2000-11-08,474.7500,475.5000,474.7500,475.5000,1,475.5000
2000-11-09,474.0000,474.5000,474.0000,474.0000,1,474.0000
2000-11-10,474.0000,474.0000,474.0000,467.2500,2,467.2500
2000-11-13,462.5000,462.7500,462.2500,462.5000,14,462.5000
2000-11-14,467.5000,467.5000,467.2500,472.0000,319,472.0000
2000-11-15,479.0000,480.0000,478.5000,478.5000,256,478.5000
2000-11-16,481.0000,481.5000,480.0000,481.0000,57,481.0000
2000-11-17,477.0000,479.0000,477.0000,479.0000,300,479.0000
2000-11-20,486.2500,490.7500,486.2500,490.7500,382,490.7500
2000-11-21,493.0000,493.0000,491.2500,491.2500,232,491.2500
2000-11-22,489.0000,489.5000,488.5000,491.0000,501,491.0000
2000-11-24,492.0000,495.2500,492.0000,495.2500,354,495.2500
2000-11-27,500.5000,508.0000,500.2500,507.5000,195,507.5000
2000-11-28,497.0000,497.2500,496.0000,497.0000,795,497.0000
2000-11-29,500.5000,505.5000,498.7500,505.5000,303,505.5000
2000-11-30,499.2500,503.7500,499.2500,502.0000,386,502.0000
2000-12-01,506.5000,507.5000,505.0000,506.7500,325,506.7500
2000-12-04,508.0000,508.0000,503.5000,505.2500,159,505.2500
2000-12-05,504.0000,504.0000,501.5000,502.0000,249,502.0000
2000-12-06,500.0000,500.0000,498.5000,499.7500,892,499.7500
2000-12-07,507.0000,510.0000,506.7500,509.7500,311,509.7500
2000-12-08,503.0000,503.0000,499.5000,500.0000,411,500.0000
2000-12-11,510.0000,511.0000,508.5000,509.0000,277,509.0000
2000-12-12,511.0000,513.7500,511.0000,512.0000,141,512.0000
2000-12-13,506.2500,507.5000,505.5000,506.0000,166,506.0000
2000-12-14,506.0000,508.7500,506.0000,508.7500,76,508.7500
2000-12-15,504.0000,506.0000,503.5000,505.0000,579,505.0000
2000-12-18,508.5000,513.0000,508.0000,513.0000,76,513.0000
2000-12-19,509.7500,510.0000,508.0000,508.0000,183,508.0000
2000-12-20,511.0000,512.0000,510.0000,512.0000,35,512.0000
2000-12-21,507.7500,508.5000,506.5000,507.2500,73,507.2500
2000-12-22,509.0000,511.7500,509.0000,511.0000,27547,511.0000
2000-12-26,510.0000,510.7500,504.7500,505.2500,198,505.2500
2000-12-27,503.7500,503.7500,499.5000,501.7500,39,501.7500
2000-12-28,498.0000,499.0000,498.0000,499.0000,43,499.0000
2000-12-29,497.5000,499.0000,497.5000,499.0000,4,499.0000
2001-01-02,500.0000,500.5000,500.0000,500.0000,5,500.0000
2001-01-03,493.7500,493.7500,493.7500,493.7500,3,493.7500
2001-01-04,498.0000,499.5000,498.0000,499.5000,7,499.5000
2001-01-05,493.0000,493.7500,493.0000,493.7500,11,493.7500
2001-01-08,488.0000,488.0000,488.0000,488.0000,11,488.0000
2001-01-09,488.0000,488.0000,488.0000,491.0000,1021,491.0000
2001-01-10,494.0000,494.7500,489.5000,490.5000,3,490.5000
2001-01-11,482.0000,482.0000,480.0000,482.0000,0,482.0000
2001-01-12,480.5000,482.0000,476.0000,479.2500,268,479.2500
2001-01-16,482.0000,482.5000,480.0000,481.0000,415,481.0000
2001-01-17,476.7500,477.0000,475.0000,477.0000,237,477.0000
2001-01-18,472.5000,474.7500,472.0000,473.5000,454,473.5000
2001-01-19,473.2500,476.0000,473.0000,476.0000,237,476.0000
2001-01-22,470.2500,470.7500,469.2500,469.5000,454,469.5000
2001-01-23,476.2500,477.5000,476.0000,477.5000,193,477.5000
2001-01-24,467.7500,468.5000,467.2500,468.0000,146,468.0000
2001-01-25,469.7500,470.0000,469.0000,469.0000,193,469.0000
2001-01-26,465.0000,467.0000,465.0000,467.0000,146,467.0000
2001-01-29,460.0000,460.0000,457.7500,459.7500,259,459.7500
2001-01-30,459.7500,461.2500,459.7500,461.2500,76,461.2500
2001-01-31,460.7500,461.0000,459.7500,459.7500,119,459.7500
2001-02-01,459.0000,459.5000,458.2500,458.2500,160,458.2500
2001-02-02,462.2500,463.0000,462.2500,463.0000,202,463.0000
2001-02-05,467.7500,468.5000,467.0000,468.0000,33,468.0000
2001-02-06,462.0000,462.2500,461.0000,461.0000,42,461.0000
2001-02-07,464.2500,465.5000,464.0000,465.2500,164,465.2500
2001-02-08,463.0000,463.5000,462.2500,463.0000,42,463.0000
2001-02-09,453.0000,453.0000,452.0000,453.0000,191,453.0000
2001-02-12,455.0000,456.5000,454.5000,456.5000,0,456.5000
2001-02-13,452.5000,453.7500,449.5000,450.0000,129,450.0000
2001-02-14,449.5000,451.2500,449.5000,451.2500,58,451.2500
2001-02-15,452.0000,453.2500,451.7500,453.2500,54,453.2500
2001-02-16,450.2500,451.7500,450.0000,451.7500,311,451.7500
2001-02-20,456.2500,459.0000,456.0000,458.5000,64,458.5000
2001-02-21,454.0000,455.0000,453.7500,454.0000,119,454.0000
2001-02-22,457.5000,460.0000,457.5000,459.0000,24436,459.0000
2001-02-23,452.5000,453.5000,447.0000,448.0000,50,448.0000
2001-02-26,447.2500,448.7500,447.2500,447.7500,22,447.7500
2001-02-27,449.7500,450.5000,449.7500,450.5000,60,450.5000
2001-02-28,451.0000,454.7500,451.0000,454.7500,20,454.7500
2001-03-01,453.0000,454.5000,453.0000,453.7500,16,453.7500
2001-03-02,457.0000,460.0000,456.7500,460.0000,4294,460.0000
2001-03-05,456.5000,463.5000,456.0000,456.5000,8,456.5000
2001-03-06,456.7500,456.7500,453.5000,456.5000,1,456.5000
2001-03-07,463.0000,463.0000,461.7500,463.0000,12,463.0000
2001-03-08,459.5000,459.5000,458.5000,458.5000,2013,458.5000
2001-03-09,456.5000,461.0000,455.0000,456.7500,1,456.7500
2001-03-12,455.0000,455.0000,455.0000,455.0000,1,455.0000
2001-03-13,455.0000,455.0000,455.0000,459.0000,0,459.0000
2001-03-14,450.0000,451.0000,442.0000,442.0000,287,442.0000
2001-03-15,444.0000,445.0000,442.5000,444.5000,174,444.5000
2001-03-16,445.5000,447.0000,445.0000,447.0000,38,447.0000
2001-03-19,443.0000,444.2500,442.5000,444.2500,105,444.2500
2001-03-20,443.2500,445.7500,443.2500,445.7500,106,445.7500
2001-03-21,446.2500,446.5000,445.5000,445.5000,199,445.5000
2001-03-22,443.2500,445.0000,438.5000,438.5000,260,438.5000
2001-03-23,434.5000,436.2500,434.5000,435.5000,137,435.5000
2001-03-26,438.0000,439.7500,438.0000,439.7500,146,439.7500
2001-03-27,442.0000,442.5000,441.0000,441.0000,81,441.0000
2001-03-28,445.0000,445.0000,444.0000,444.0000,93,444.0000
2001-03-29,441.2500,441.7500,440.5000,441.5000,396,441.5000
2001-03-30,436.5000,438.7500,436.0000,436.0000,93,436.0000
2001-04-02,432.2500,433.2500,431.7500,431.7500,101,431.7500
2001-04-03,431.7500,432.2500,429.0000,430.0000,69,430.0000
2001-04-04,430.0000,431.0000,429.5000,430.0000,174,430.0000
2001-04-05,437.0000,439.0000,437.0000,439.0000,111,439.0000
2001-04-06,437.0000,439.0000,437.0000,437.5000,35,437.5000
2001-04-09,435.5000,437.7500,435.5000,437.7500,167,437.7500
2001-04-10,441.0000,442.0000,440.7500,442.0000,132,442.0000
2001-04-11,433.0000,434.5000,433.0000,434.5000,44,434.5000
2001-04-12,436.7500,437.2500,436.7500,437.2500,89,437.2500
2001-04-16,434.0000,435.5000,434.0000,434.7500,59,434.7500
2001-04-17,432.5000,432.5000,431.2500,431.5000,247,431.5000
2001-04-18,429.5000,430.0000,426.5000,428.2500,186,428.2500
2001-04-19,434.0000,434.5000,432.0000,434.5000,134,434.5000
2001-04-20,429.0000,431.0000,429.0000,431.0000,120,431.0000
2001-04-23,428.7500,430.0000,428.7500,429.2500,17,429.2500
2001-04-24,422.5000,423.0000,422.5000,423.0000,52,423.0000
2001-04-25,425.0000,426.0000,424.5000,425.0000,17,425.0000
2001-04-26,422.0000,426.0000,422.0000,424.7500,95,424.7500
2001-04-27,428.5000,430.0000,427.7500,430.0000,253,430.0000
2001-04-30,423.5000,424.5000,422.0000,422.0000,25,422.0000
2001-05-01,433.0000,433.0000,431.7500,431.7500,35,431.7500
2001-05-02,433.0000,433.0000,431.7500,436.0000,3,436.0000
2001-05-03,440.0000,440.0000,440.0000,440.0000,3,440.0000
2001-05-04,440.0000,440.0000,440.0000,442.7500,3,442.7500
2001-05-07,440.0000,440.0000,440.0000,442.7500,1,442.7500
2001-05-08,440.2500,442.5000,440.2500,440.2500,1,440.2500
2001-05-09,440.2500,440.2500,440.2500,447.5000,1,447.5000
2001-05-10,447.5000,447.5000,447.5000,447.5000,4,447.5000
2001-05-14,444.7500,444.7500,443.0000,443.0000,241,443.0000
2001-05-15,443.0000,445.7500,442.5000,443.5000,141,443.5000
2001-05-16,444.0000,444.0000,443.0000,443.2500,251,443.2500
2001-05-17,447.0000,447.5000,446.2500,447.2500,244,447.2500
2001-05-18,450.0000,451.0000,449.5000,451.0000,137,451.0000
2001-05-21,448.0000,448.5000,446.2500,446.5000,125,446.5000
2001-05-22,443.7500,444.7500,443.2500,443.2500,118,443.2500
2001-05-23,444.5000,447.0000,444.5000,445.2500,224,445.2500
2001-05-24,446.2500,448.0000,446.2500,448.0000,242,448.0000
2001-05-25,449.7500,450.0000,449.2500,450.0000,175,450.0000
2001-05-29,448.0000,448.5000,446.5000,446.7500,446,446.7500
2001-05-30,439.5000,440.5000,439.0000,439.5000,185,439.5000
2001-05-31,437.7500,439.2500,437.7500,438.0000,446,438.0000
2001-06-01,450.5000,454.2500,450.5000,454.2500,202,454.2500
2001-06-04,454.0000,454.0000,451.5000,453.7500,489,453.7500
2001-06-05,453.0000,457.5000,453.0000,457.0000,197,457.0000
2001-06-06,452.2500,453.7500,452.0000,452.0000,426,452.0000
2001-06-07,461.5000,462.7500,460.5000,461.5000,273,461.5000
2001-06-08,461.2500,461.2500,458.0000,458.7500,397,458.7500
2001-06-12,471.5000,473.7500,471.2500,473.0000,218,473.0000
2001-06-13,473.5000,473.5000,472.0000,473.0000,169,473.0000
2001-06-14,474.0000,475.0000,472.5000,474.7500,218,474.7500
2001-06-15,470.5000,470.7500,469.5000,469.5000,784,469.5000
2001-06-18,458.5000,461.5000,457.2500,461.5000,284,461.5000
2001-06-19,465.0000,468.0000,464.2500,464.2500,784,464.2500
2001-06-20,468.2500,470.5000,468.2500,470.0000,5,470.0000
2001-06-21,458.5000,459.0000,457.7500,458.5000,60,458.5000
2001-06-22,453.0000,454.5000,453.0000,453.5000,4,453.5000
2001-06-25,447.0000,447.7500,447.0000,447.0000,8,447.0000
2001-06-26,444.5000,445.0000,444.2500,445.0000,52,445.0000
2001-06-27,449.5000,451.0000,449.5000,451.0000,62,451.0000
2001-06-28,456.0000,457.0000,455.2500,456.0000,46,456.0000
2001-06-29,455.7500,457.5000,455.0000,457.5000,103,457.5000
2001-07-02,471.7500,474.0000,471.7500,471.7500,144,471.7500
2001-07-03,482.7500,483.7500,481.5000,481.5000,122,481.5000
2001-07-05,482.0000,482.2500,476.0000,482.2500,144,482.2500
2001-07-06,487.2500,487.5000,486.0000,487.5000,123,487.5000
2001-07-09,485.5000,486.0000,482.0000,486.0000,148,486.0000
2001-07-10,496.2500,502.0000,494.7500,502.0000,429,502.0000
2001-07-11,502.7500,505.0000,501.5000,505.0000,148,505.0000
2001-07-12,510.5000,515.0000,509.5000,513.0000,533,513.0000
2001-07-13,527.0000,529.7500,523.5000,525.0000,148,525.0000
2001-07-16,521.5000,523.0000,518.5000,519.0000,533,519.0000
2001-07-17,514.0000,532.5000,514.0000,529.0000,148,529.0000
2001-07-18,525.5000,528.5000,513.0000,514.5000,63,514.5000
2001-07-19,513.7500,519.0000,513.0000,517.5000,305,517.5000
2001-07-20,513.0000,514.7500,510.0000,510.0000,63,510.0000
2001-07-23,490.2500,493.0000,489.5000,492.0000,96,492.0000
2001-07-24,512.0000,515.2500,509.0000,509.2500,291,509.2500
2001-07-25,503.5000,508.7500,502.2500,504.5000,254,504.5000
2001-07-26,510.7500,516.0000,510.7500,516.0000,291,516.0000
2001-07-27,507.0000,511.0000,506.5000,510.5000,90,510.5000
2001-07-30,515.0000,517.0000,512.0000,515.0000,160,515.0000
2001-07-31,499.0000,499.0000,493.5000,496.2500,52,496.2500
2001-08-01,513.0000,517.7500,513.0000,513.7500,160,513.7500
2001-08-02,509.0000,513.0000,509.0000,512.0000,52,512.0000
2001-08-03,494.0000,498.0000,494.0000,498.0000,128,498.0000
2001-08-06,494.0000,498.0000,494.0000,498.0000,24,498.0000
2001-08-07,494.0000,498.0000,494.0000,501.5000,24,501.5000
2001-08-08,508.5000,508.5000,508.5000,508.5000,5,508.5000
2001-08-09,518.0000,519.0000,518.0000,518.0000,1,518.0000
2001-08-10,514.0000,516.5000,514.0000,514.0000,1,514.0000
2001-08-14,514.0000,516.5000,514.0000,524.5000,49,524.5000
2001-08-15,511.0000,513.0000,509.5000,512.0000,60,512.0000
2001-08-16,517.2500,518.5000,516.0000,516.0000,36,516.0000
2001-08-17,503.5000,505.5000,503.2500,505.0000,40,505.0000
2001-08-20,498.7500,498.7500,493.0000,494.2500,26,494.2500
2001-08-21,495.0000,495.0000,492.7500,493.0000,6,493.0000
2001-08-22,490.5000,492.5000,490.0000,492.5000,74,492.5000
2001-08-23,486.5000,487.5000,485.5000,485.5000,28,485.5000
2001-08-24,482.0000,482.0000,479.5000,479.5000,74,479.5000
2001-08-27,478.0000,478.0000,475.0000,477.5000,29,477.5000
2001-08-28,486.2500,486.5000,484.5000,485.5000,4,485.5000
2001-08-29,474.0000,476.7500,474.0000,475.2500,6,475.2500
2001-08-30,480.2500,480.2500,479.0000,479.0000,37,479.0000
2001-08-31,473.5000,474.5000,473.0000,474.5000,6,474.5000
2001-09-04,473.5000,478.0000,473.0000,474.5000,2,474.5000
2001-09-05,479.2500,479.2500,479.2500,479.2500,2,479.2500
2001-09-06,479.2500,479.2500,479.2500,473.0000,1,473.0000
2001-09-07,465.7500,465.7500,465.5000,465.7500,2,465.7500
2001-09-10,465.7500,465.7500,464.0000,465.7500,1,465.7500
2001-09-11,465.2500,465.2500,465.2500,465.2500,2,465.2500
2001-09-12,464.7500,464.7500,464.7500,464.7500,2,464.7500
2001-09-13,480.0000,480.0000,480.0000,480.0000,479,480.0000
2001-09-17,473.0000,475.0000,472.0000,473.0000,148,473.0000
2001-09-18,478.7500,480.0000,478.5000,479.0000,84,479.0000
2001-09-19,475.0000,475.0000,473.0000,474.5000,148,474.5000
2001-09-20,469.2500,471.0000,468.5000,469.0000,412,469.0000
2001-09-21,473.5000,476.0000,473.0000,473.0000,985,473.0000
2001-09-24,469.7500,475.0000,469.5000,470.5000,412,470.5000
2001-09-25,468.0000,469.5000,467.5000,469.0000,274,469.0000
2001-09-26,463.0000,464.5000,462.7500,463.2500,182,463.2500
2001-09-27,465.2500,467.0000,465.2500,467.0000,1300,467.0000
2001-09-28,461.2500,461.5000,455.5000,460.2500,182,460.2500
2001-10-01,451.0000,452.0000,450.5000,451.2500,1300,451.2500
2001-10-02,452.0000,453.0000,452.0000,452.0000,149,452.0000
2001-10-03,452.5000,452.7500,451.0000,451.7500,200,451.7500
2001-10-04,451.2500,452.2500,451.2500,451.2500,255,451.2500
2001-10-05,450.2500,451.0000,450.0000,450.7500,500,450.7500
2001-10-08,452.0000,454.5000,451.5000,454.2500,255,454.2500
2001-10-09,453.5000,454.0000,452.5000,454.0000,165,454.0000
2001-10-10,451.0000,451.2500,450.5000,451.0000,482,451.0000
2001-10-11,448.2500,449.5000,448.2500,449.0000,521,449.0000
2001-10-12,447.5000,447.5000,446.0000,446.5000,268,446.5000
2001-10-15,435.2500,437.0000,435.2500,437.0000,567,437.0000
2001-10-16,429.0000,430.5000,428.7500,430.5000,395,430.5000
2001-10-17,430.5000,431.0000,430.2500,430.5000,795,430.5000
2001-10-18,433.5000,435.2500,433.0000,435.2500,278,435.2500
2001-10-19,430.7500,431.0000,429.5000,431.0000,337,431.0000
2001-10-22,421.5000,424.0000,421.5000,423.0000,860,423.0000
2001-10-23,420.5000,422.7500,420.0000,422.5000,698,422.5000
2001-10-24,420.5000,422.0000,419.7500,422.0000,860,422.0000
2001-10-25,423.5000,424.5000,423.2500,424.5000,277,424.5000
2001-10-26,428.0000,428.2500,427.0000,428.2500,442,428.2500
2001-10-29,425.0000,426.5000,425.0000,425.7500,277,425.7500
2001-10-30,426.5000,427.7500,426.2500,427.7500,354,427.7500
2001-10-31,431.2500,431.5000,429.7500,431.0000,228,431.0000
2001-11-01,428.0000,428.7500,428.0000,428.7500,59,428.7500
2001-11-02,434.0000,434.5000,432.2500,434.0000,12,434.0000
2001-11-05,432.5000,432.5000,432.5000,432.5000,59,432.5000
2001-11-06,432.5000,432.5000,432.5000,435.5000,23,435.5000
2001-11-07,432.7500,432.7500,432.0000,432.0000,32,432.0000
2001-11-08,439.5000,439.5000,438.5000,438.5000,7,438.5000
2001-11-09,436.5000,436.5000,436.5000,436.5000,10,436.5000
2001-11-12,441.5000,442.5000,441.0000,442.5000,30,442.5000
2001-11-13,445.0000,445.2500,445.0000,445.2500,8,445.2500
2001-11-14,442.2500,445.0000,442.2500,445.0000,243,445.0000
2001-11-15,447.0000,448.2500,446.5000,446.5000,165,446.5000
2001-11-16,446.2500,447.2500,446.0000,446.0000,383,446.0000
2001-11-19,452.0000,453.5000,451.5000,453.5000,240,453.5000
2001-11-20,452.2500,453.5000,451.7500,452.7500,302,452.7500
2001-11-21,448.2500,449.7500,448.0000,449.7500,143,449.7500
2001-11-23,450.0000,452.7500,450.0000,452.7500,129,452.7500
2001-11-26,451.2500,452.0000,451.2500,451.5000,397,451.5000
2001-11-27,441.7500,443.0000,441.5000,443.0000,129,443.0000
2001-11-28,443.2500,444.0000,442.0000,443.0000,224,443.0000
2001-11-29,435.0000,437.5000,435.0000,437.0000,205,437.0000
2001-11-30,436.5000,441.0000,436.5000,439.5000,431,439.5000
2001-12-03,444.0000,447.0000,444.0000,447.0000,131,447.0000
2001-12-04,446.5000,446.7500,446.0000,446.0000,79,446.0000
2001-12-05,444.0000,444.7500,443.0000,444.7500,122,444.7500
2001-12-06,442.5000,444.0000,442.5000,444.0000,408,444.0000
2001-12-07,441.0000,441.0000,439.0000,439.7500,392,439.7500
2001-12-10,445.0000,445.2500,444.0000,445.2500,372,445.2500
2001-12-11,443.0000,443.0000,441.2500,442.5000,364,442.5000
2001-12-12,436.7500,437.0000,436.0000,436.7500,305,436.7500
2001-12-13,432.0000,433.7500,432.0000,433.7500,133,433.7500
2001-12-14,434.2500,435.0000,434.2500,435.0000,256,435.0000
2001-12-17,436.5000,438.0000,436.0000,437.5000,87,437.5000
2001-12-18,436.2500,436.7500,436.2500,436.7500,272,436.7500
2001-12-19,432.0000,432.2500,431.2500,432.2500,91,432.2500
2001-12-20,435.0000,435.7500,435.0000,435.5000,118,435.5000
2001-12-21,435.5000,436.5000,435.5000,435.7500,118,435.7500
2001-12-24,435.5000,435.5000,435.5000,435.5000,71,435.5000
2001-12-27,428.2500,429.0000,428.2500,428.7500,41,428.7500
2001-12-28,427.0000,428.5000,427.0000,428.5000,71,428.5000
2001-12-31,423.7500,424.0000,423.5000,423.7500,46,423.7500
2002-01-02,421.7500,422.7500,421.7500,422.7500,45,422.7500
2002-01-03,418.0000,418.5000,418.0000,418.5000,17,418.5000
2002-01-04,423.7500,423.7500,423.5000,423.5000,81,423.5000
2002-01-07,424.0000,428.0000,424.0000,428.0000,45,428.0000
2002-01-08,430.0000,431.5000,430.0000,430.0000,81,430.0000
2002-01-09,436.2500,436.5000,436.0000,436.0000,1,436.0000
2002-01-10,440.0000,440.0000,440.0000,440.0000,1,440.0000
2002-01-11,440.0000,440.0000,440.0000,433.2500,2,433.2500
2002-01-14,446.5000,447.0000,446.5000,446.0000,249,446.0000
2002-01-15,446.2500,446.7500,446.0000,446.0000,327,446.0000
2002-01-16,445.5000,445.7500,444.0000,445.0000,1067,445.0000
2002-01-17,452.0000,452.5000,450.5000,451.2500,316,451.2500
2002-01-18,450.2500,451.2500,450.0000,450.2500,839,450.2500
2002-01-22,447.0000,449.0000,446.0000,447.2500,976,447.2500
2002-01-23,438.2500,441.7500,438.2500,439.5000,839,439.5000
2002-01-24,433.7500,435.5000,433.7500,434.0000,881,434.0000
2002-01-25,438.0000,439.0000,437.0000,438.7500,1006,438.7500
2002-01-28,428.5000,429.2500,427.5000,428.5000,417,428.5000
2002-01-29,431.0000,432.0000,430.7500,431.0000,436,431.0000
2002-01-30,427.7500,428.0000,427.0000,427.0000,240,427.0000
2002-01-31,428.0000,429.5000,428.0000,429.5000,280,429.5000
2002-02-01,430.2500,431.0000,430.0000,430.2500,490,430.2500
2002-02-04,428.0000,431.5000,428.0000,428.7500,158,428.7500
2002-02-05,433.5000,434.0000,433.0000,433.0000,140,433.0000
2002-02-06,432.5000,433.7500,432.5000,432.7500,750,432.7500
2002-02-07,427.7500,429.0000,427.5000,429.0000,281,429.0000
2002-02-08,431.7500,433.0000,431.5000,432.0000,287,432.0000
2002-02-11,429.5000,430.0000,428.7500,428.7500,110,428.7500
2002-02-12,431.0000,431.5000,431.0000,431.2500,187,431.2500
2002-02-13,436.0000,436.2500,435.5000,436.0000,110,436.0000
2002-02-14,439.0000,439.7500,438.7500,439.2500,306,439.2500
2002-02-15,435.5000,436.2500,435.2500,435.2500,365,435.2500
2002-02-19,437.7500,438.0000,436.2500,437.5000,306,437.5000
2002-02-20,438.0000,439.0000,437.5000,437.5000,215,437.5000
2002-02-21,444.5000,444.7500,443.7500,444.2500,160,444.2500
2002-02-22,444.0000,444.0000,443.0000,443.2500,280,443.2500
2002-02-25,443.0000,443.0000,441.0000,441.2500,122,441.2500
2002-02-26,436.0000,436.5000,435.5000,436.5000,322,436.5000
2002-02-27,437.0000,438.5000,437.0000,438.0000,160,438.0000
2002-02-28,441.5000,443.0000,441.5000,442.5000,248,442.5000
2002-03-01,437.7500,437.7500,435.0000,435.0000,71,435.0000
2002-03-04,444.0000,444.0000,443.0000,443.0000,1,443.0000
2002-03-05,443.0000,443.5000,441.7500,443.0000,71,443.0000
2002-03-06,449.0000,449.0000,447.7500,448.5000,62,448.5000
2002-03-07,446.0000,453.2500,446.0000,453.0000,2,453.0000
2002-03-08,449.5000,451.0000,449.5000,451.0000,8,451.0000
2002-03-11,456.5000,456.5000,455.0000,455.0000,8,455.0000
2002-03-12,456.5000,456.5000,455.0000,458.0000,5,458.0000
2002-03-13,455.0000,455.0000,455.0000,455.0000,5,455.0000
2002-03-14,455.0000,455.0000,455.0000,456.0000,200,456.0000
2002-03-15,468.0000,468.0000,466.7500,467.5000,378,467.5000
2002-03-18,471.0000,472.0000,470.5000,470.5000,442,470.5000
2002-03-19,460.7500,461.5000,460.5000,461.0000,328,461.0000
2002-03-20,463.5000,464.2500,463.5000,464.0000,199,464.0000
2002-03-21,458.5000,459.0000,457.7500,458.5000,206,458.5000
2002-03-22,459.5000,461.2500,459.2500,461.2500,360,461.2500
2002-03-25,464.0000,466.0000,463.2500,465.5000,99,465.5000
2002-03-26,462.5000,464.0000,462.5000,463.7500,306,463.7500
2002-03-27,467.2500,468.7500,467.0000,468.7500,1028,468.7500
2002-03-28,471.5000,473.5000,471.0000,473.5000,410,473.5000
2002-04-01,475.0000,475.7500,474.0000,474.2500,159,474.2500
2002-04-02,475.7500,476.7500,475.7500,476.0000,297,476.0000
2002-04-03,472.5000,472.7500,471.2500,472.0000,424,472.0000
2002-04-04,461.5000,463.0000,461.5000,462.0000,399,462.0000
2002-04-05,459.5000,461.5000,459.5000,460.5000,119,460.5000
2002-04-08,463.5000,464.5000,463.2500,463.2500,175,463.2500
2002-04-09,458.0000,459.2500,458.0000,459.2500,249,459.2500
2002-04-10,461.0000,462.2500,461.0000,461.7500,217,461.7500
2002-04-11,460.7500,461.2500,459.0000,458.0000,274,458.0000
2002-04-12,458.0000,458.0000,455.5000,461.0000,117,461.0000
2002-04-15,461.7500,461.7500,460.2500,456.5000,41,456.5000
2002-04-16,456.5000,457.7500,456.5000,463.2500,89,463.2500
2002-04-17,463.0000,463.0000,461.2500,473.2500,435,473.2500
2002-04-18,472.5000,473.0000,471.0000,470.2500,116,470.2500
2002-04-19,470.0000,472.0000,470.0000,472.0000,95,472.0000
2002-04-22,472.0000,475.2500,472.0000,470.5000,122,470.5000
2002-04-23,470.0000,470.2500,469.0000,474.0000,287,474.0000
2002-04-24,475.0000,478.0000,475.0000,479.5000,670,479.5000
2002-04-25,479.2500,480.7500,478.0000,474.0000,75,474.0000
2002-04-26,474.0000,475.0000,474.0000,467.5000,153,467.5000
2002-04-29,467.0000,467.7500,467.0000,461.7500,51,461.7500
2002-04-30,461.7500,462.5000,461.7500,462.2500,12,462.2500
2002-05-01,462.0000,463.0000,462.0000,460.2500,17,460.2500
2002-05-02,461.0000,461.0000,461.0000,459.2500,1,459.2500
2002-05-03,459.0000,459.0000,459.0000,459.0000,1,459.0000
2002-05-06,455.5000,455.5000,455.5000,460.7500,1,460.7500
2002-05-07,461.0000,461.0000,461.0000,461.0000,22,461.0000
2002-05-08,467.2500,467.2500,467.2500,467.2500,10,467.2500
2002-05-09,473.0000,473.0000,473.0000,473.0000,10,473.0000
2002-05-10,468.2500,468.2500,468.2500,468.2500,10,468.2500
2002-05-13,477.5000,477.5000,477.5000,477.5000,2,477.5000
2002-05-14,474.2500,474.2500,474.0000,474.5000,180,474.5000
2002-05-15,476.0000,478.0000,475.2500,482.0000,400,482.0000
2002-05-16,481.0000,481.5000,479.7500,484.7500,325,484.7500
2002-05-17,484.7500,485.5000,484.5000,487.5000,420,487.5000
2002-05-20,485.0000,486.7500,484.5000,491.2500,343,491.2500
2002-05-21,491.7500,492.2500,491.0000,490.5000,836,490.5000
2002-05-22,490.5000,495.5000,489.5000,493.0000,329,493.0000
2002-05-23,493.5000,493.7500,492.5000,491.5000,202,491.5000
2002-05-24,489.5000,490.7500,488.0000,488.0000,622,488.0000
2002-05-28,489.0000,489.5000,488.0000,497.2500,500,497.2500
2002-05-29,497.5000,498.0000,497.0000,496.2500,117,496.2500
2002-05-30,495.5000,496.2500,495.0000,501.2500,278,501.2500
2002-05-31,501.0000,502.7500,500.5000,508.7500,829,508.7500
2002-06-03,506.7500,506.7500,503.7500,505.5000,122,505.5000
2002-06-04,504.7500,506.5000,504.2500,509.7500,199,509.7500
2002-06-05,509.0000,510.2500,508.5000,513.7500,371,513.7500
2002-06-06,513.7500,515.2500,513.7500,513.2500,145,513.2500
2002-06-07,513.2500,513.5000,512.0000,507.5000,441,507.5000
2002-06-10,505.5000,506.0000,503.5000,500.5000,268,500.5000
2002-06-11,500.0000,503.0000,500.0000,500.5000,200,500.5000
2002-06-12,500.5000,502.2500,500.5000,493.2500,317,493.2500
2002-06-13,493.2500,494.5000,493.0000,501.2500,247,501.2500
2002-06-14,501.0000,502.5000,500.5000,497.0000,421,497.0000
2002-06-17,495.7500,496.5000,495.0000,498.7500,72,498.7500
2002-06-18,499.2500,499.2500,498.5000,493.0000,109,493.0000
2002-06-19,492.5000,493.0000,492.0000,491.5000,378,491.5000
2002-06-20,492.0000,492.0000,491.0000,487.5000,346,487.5000
2002-06-21,488.0000,489.0000,487.0000,495.0000,509,495.0000
2002-06-24,499.7500,503.0000,499.7500,505.2500,321,505.2500
2002-06-25,507.0000,507.0000,506.0000,503.2500,243,503.2500
2002-06-26,503.0000,503.2500,499.7500,514.0000,238,514.0000
2002-06-27,513.0000,514.0000,512.5000,522.0000,146,522.0000
2002-06-28,522.2500,524.5000,520.7500,536.5000,79,536.5000
2002-07-01,537.0000,545.7500,537.0000,549.5000,106,549.5000
2002-07-02,549.7500,555.5000,549.7500,544.2500,140,544.2500
2002-07-03,544.2500,546.2500,541.2500,556.5000,83,556.5000
2002-07-05,561.0000,561.0000,554.0000,569.7500,150,569.7500
2002-07-08,566.0000,570.5000,566.0000,573.5000,19,573.5000
2002-07-09,576.0000,581.0000,575.0000,587.5000,33,587.5000
2002-07-10,587.5000,588.0000,587.0000,584.5000,17,584.5000
2002-07-11,588.5000,591.0000,588.5000,576.5000,17,576.5000
2002-07-12,578.0000,578.0000,578.0000,578.0000,468,578.0000
2002-07-15,560.0000,566.7500,560.0000,570.0000,454,570.0000
2002-07-16,577.0000,583.7500,577.0000,579.7500,156,579.7500
2002-07-17,579.7500,579.7500,574.5000,576.7500,416,576.7500
2002-07-18,576.0000,576.0000,572.5000,577.5000,493,577.5000
2002-07-19,573.2500,573.2500,569.0000,575.2500,568,575.2500
2002-07-22,585.0000,590.0000,581.0000,593.7500,521,593.7500
2002-07-23,605.0000,605.0000,589.5000,576.0000,161,576.0000
2002-07-24,576.0000,580.0000,576.0000,584.0000,240,584.0000
2002-07-25,584.0000,584.7500,577.0000,567.7500,240,567.7500
2002-07-26,569.5000,572.0000,568.0000,550.7500,384,550.7500
2002-07-29,544.0000,544.0000,536.0000,534.7500,35,534.7500
2002-07-30,537.0000,537.0000,535.2500,544.5000,244,544.5000
2002-07-31,545.0000,557.7500,545.0000,567.5000,61,567.5000
2002-08-01,572.5000,580.5000,572.5000,568.5000,29,568.5000
2002-08-02,568.0000,570.0000,565.0000,561.2500,65,561.2500
2002-08-05,554.5000,554.5000,540.0000,559.2500,5,559.2500
2002-08-06,559.2500,559.2500,559.2500,564.7500,7,564.7500
2002-08-07,560.0000,564.0000,560.0000,560.0000,11,560.0000
2002-08-08,560.0000,560.5000,560.0000,557.7500,13,557.7500
2002-08-09,559.0000,559.0000,557.5000,568.0000,13,568.0000
2002-08-12,590.5000,590.5000,590.5000,590.5000,24,590.5000
2002-08-13,595.0000,595.0000,588.0000,593.2500,1,593.2500
2002-08-14,590.0000,590.0000,590.0000,602.0000,120,602.0000
2002-08-15,593.0000,600.0000,591.0000,592.2500,174,592.2500
2002-08-16,591.0000,593.7500,587.0000,583.2500,137,583.2500
2002-08-19,578.0000,583.0000,575.0000,569.0000,89,569.0000
2002-08-20,566.0000,568.0000,564.5000,551.7500,134,551.7500
2002-08-21,550.0000,558.2500,550.0000,554.2500,157,554.2500
2002-08-22,554.0000,557.5000,551.0000,548.0000,90,548.0000
2002-08-23,548.2500,548.2500,543.0000,552.0000,54,552.0000
2002-08-26,553.5000,556.5000,553.5000,553.7500,19,553.7500
2002-08-27,553.2500,555.0000,553.2500,562.7500,56,562.7500
2002-08-28,563.0000,567.2500,562.0000,559.5000,56,559.5000
2002-08-29,559.5000,561.0000,559.5000,555.2500,17,555.2500
2002-08-30,555.5000,556.5000,555.5000,559.0000,108,559.0000
2002-09-03,566.7500,567.2500,565.0000,559.7500,85,559.7500
2002-09-04,559.7500,562.0000,558.7500,563.2500,85,563.2500
2002-09-05,565.5000,565.5000,565.5000,565.5000,17,565.5000
2002-09-06,565.5000,567.0000,565.5000,565.0000,75,565.0000
2002-09-09,565.7500,570.7500,565.7500,573.5000,14,573.5000
2002-09-10,581.0000,581.0000,581.0000,581.0000,8,581.0000
2002-09-11,581.0000,581.0000,580.0000,591.5000,8,591.5000
2002-09-12,578.0000,578.0000,578.0000,578.0000,4,578.0000
2002-09-13,579.0000,579.0000,573.7500,563.5000,586,563.5000
2002-09-16,563.0000,566.5000,563.0000,572.5000,715,572.5000
2002-09-17,573.0000,576.0000,571.0000,573.0000,348,573.0000
2002-09-18,572.7500,574.2500,572.5000,572.0000,308,572.0000
2002-09-19,571.5000,573.5000,570.7500,564.0000,308,564.0000
2002-09-20,562.5000,563.7500,562.0000,564.5000,492,564.5000
2002-09-23,564.0000,564.0000,561.5000,553.2500,311,553.2500
2002-09-24,553.0000,555.0000,553.0000,561.7500,488,561.7500
2002-09-25,562.0000,563.0000,561.2500,558.7500,295,558.7500
2002-09-26,558.0000,562.0000,558.0000,565.5000,331,565.5000
2002-09-27,565.2500,567.0000,564.2500,560.2500,625,560.2500
2002-09-30,558.5000,560.0000,557.7500,545.7500,559,545.7500
2002-10-01,545.7500,547.7500,545.0000,542.0000,636,542.0000
2002-10-02,542.5000,545.7500,541.0000,537.5000,233,537.5000
2002-10-03,538.5000,539.0000,537.5000,538.0000,273,538.0000
2002-10-04,538.0000,538.7500,537.5000,539.5000,351,539.5000
2002-10-07,539.2500,539.2500,537.5000,539.7500,255,539.7500
2002-10-08,539.5000,540.0000,538.5000,535.2500,402,535.2500
2002-10-09,534.5000,535.0000,534.0000,523.5000,829,523.5000
2002-10-10,523.5000,525.0000,523.0000,524.7500,492,524.7500
2002-10-11,525.0000,529.0000,525.0000,528.5000,408,528.5000
2002-10-14,528.0000,529.5000,526.2500,532.5000,315,532.5000
2002-10-15,531.2500,532.5000,531.2500,547.7500,835,547.7500
2002-10-16,546.7500,551.0000,546.5000,547.0000,359,547.0000
2002-10-17,547.0000,547.0000,541.0000,550.7500,433,550.7500
2002-10-18,550.2500,553.0000,550.2500,546.0000,306,546.0000
2002-10-21,546.0000,548.2500,545.2500,551.0000,565,551.0000
2002-10-22,550.0000,550.0000,546.2500,546.5000,240,546.5000
2002-10-23,546.5000,549.0000,546.5000,554.5000,428,554.5000
2002-10-24,554.0000,555.5000,553.5000,557.5000,341,557.5000
2002-10-25,557.0000,557.5000,556.2500,557.0000,331,557.0000
2002-10-28,553.5000,554.0000,552.0000,545.5000,723,545.5000
2002-10-29,545.5000,550.5000,545.5000,557.0000,525,557.0000
2002-10-30,557.0000,562.0000,556.5000,557.0000,323,557.0000
2002-10-31,556.5000,560.2500,555.2500,565.2500,27,565.2500
2002-11-01,565.0000,565.5000,564.0000,568.5000,65,568.5000
2002-11-04,566.0000,568.5000,566.0000,575.2500,65,575.2500
2002-11-05,575.0000,577.0000,575.0000,578.2500,40,578.2500
2002-11-06,576.0000,581.0000,576.0000,580.5000,3,580.5000
2002-11-07,582.0000,582.2500,582.0000,574.0000,3,574.0000
2002-11-08,573.0000,573.0000,573.0000,563.2500,18,563.2500
2002-11-11,563.2500,564.5000,561.0000,574.0000,7,574.0000
2002-11-12,580.0000,581.0000,578.0000,569.5000,21,569.5000
2002-11-13,569.5000,569.5000,568.0000,567.2500,6,567.2500
2002-11-14,565.2500,565.2500,565.0000,569.5000,446,569.5000
2002-11-15,567.0000,567.7500,566.2500,563.2500,227,563.2500
2002-11-18,563.0000,564.0000,562.0000,566.5000,380,566.5000
2002-11-19,566.0000,568.0000,565.5000,573.7500,512,573.7500
2002-11-20,573.7500,575.0000,573.5000,575.7500,153,575.7500
2002-11-21,575.0000,575.2500,574.0000,569.5000,208,569.5000
2002-11-22,568.7500,569.5000,568.0000,571.7500,167,571.7500
2002-11-25,571.7500,573.0000,569.0000,572.2500,137,572.2500
2002-11-26,572.2500,572.5000,571.7500,573.0000,287,573.0000
2002-11-27,573.0000,576.0000,573.0000,577.2500,379,577.2500
2002-11-29,578.0000,580.7500,578.0000,578.7500,986,578.7500
2002-12-02,579.5000,584.5000,579.0000,578.5000,500,578.5000
2002-12-03,578.0000,578.0000,575.5000,564.5000,422,564.5000
2002-12-04,564.0000,565.5000,563.5000,566.2500,245,566.2500
2002-12-05,567.0000,568.5000,566.5000,562.0000,366,562.0000
2002-12-06,564.5000,565.0000,562.5000,563.2500,328,563.2500
2002-12-09,560.0000,562.5000,560.0000,562.0000,299,562.0000
2002-12-10,562.0000,563.5000,561.0000,564.0000,169,564.0000
2002-12-11,564.0000,565.0000,563.7500,568.0000,375,568.0000
2002-12-12,568.0000,568.0000,566.0000,576.0000,414,576.0000
2002-12-13,575.0000,576.0000,574.0000,572.0000,323,572.0000
2002-12-16,571.5000,573.0000,571.5000,561.5000,819,561.5000
2002-12-17,559.7500,561.2500,558.5000,556.0000,256,556.0000
2002-12-18,556.0000,557.0000,554.5000,560.2500,249,560.2500
2002-12-19,560.5000,561.7500,560.5000,563.7500,206,563.7500
2002-12-20,564.7500,566.5000,564.2500,572.0000,222,572.0000
2002-12-23,572.0000,572.5000,571.0000,572.7500,222,572.7500
2002-12-24,572.7500,572.7500,572.7500,572.7500,222,572.7500
2002-12-26,565.7500,565.7500,565.7500,565.7500,62,565.7500
2002-12-27,566.5000,566.7500,565.5000,569.7500,66,569.7500
2002-12-30,568.5000,569.5000,568.5000,565.7500,116,565.7500
2002-12-31,565.5000,565.7500,565.0000,569.5000,55,569.5000
2003-01-02,570.0000,571.0000,569.0000,584.5000,171,584.5000
2003-01-03,582.5000,583.0000,582.0000,582.2500,14,582.2500
2003-01-06,581.2500,581.2500,580.7500,582.0000,107,582.0000
2003-01-07,581.2500,581.5000,580.0000,585.2500,11,585.2500
2003-01-08,587.0000,590.0000,587.0000,589.5000,11,589.5000
2003-01-09,586.5000,586.5000,586.5000,586.5000,12,586.5000
2003-01-10,590.5000,592.5000,590.5000,564.7500,11,564.7500
2003-01-13,565.5000,565.5000,564.2500,560.2500,20,560.2500
2003-01-14,562.0000,562.0000,562.0000,555.0000,283,555.0000
2003-01-15,550.2500,550.5000,548.7500,549.7500,334,549.7500
2003-01-16,549.5000,550.2500,548.5000,549.0000,547,549.0000
2003-01-17,550.0000,551.0000,549.5000,556.0000,477,556.0000
2003-01-21,555.5000,556.7500,554.0000,556.0000,166,556.0000
2003-01-22,555.5000,556.0000,555.0000,560.0000,336,560.0000
2003-01-23,560.0000,560.7500,558.7500,561.5000,309,561.5000
2003-01-24,561.5000,561.7500,560.5000,569.0000,1334,569.0000
2003-01-27,569.5000,574.2500,569.5000,567.2500,213,567.2500
2003-01-28,567.0000,568.2500,567.0000,573.2500,470,573.2500
2003-01-29,573.0000,573.2500,569.0000,561.2500,445,561.2500
2003-01-30,561.5000,563.2500,561.2500,568.5000,300,568.5000
2003-01-31,568.0000,568.7500,567.5000,564.0000,650,564.0000
2003-02-03,562.0000,563.0000,559.7500,568.0000,269,568.0000
2003-02-04,568.0000,569.5000,567.7500,570.5000,491,570.5000
2003-02-05,570.0000,571.5000,569.5000,563.0000,528,563.0000
2003-02-06,562.0000,562.0000,559.5000,562.5000,180,562.5000
2003-02-07,562.5000,563.7500,562.5000,555.7500,375,555.7500
2003-02-10,556.0000,558.5000,556.0000,564.7500,602,564.7500
2003-02-11,565.2500,566.7500,564.5000,572.0000,710,572.0000
2003-02-12,571.5000,572.0000,571.0000,563.2500,280,563.2500
2003-02-13,562.5000,565.0000,562.5000,571.7500,280,571.7500
2003-02-14,571.7500,573.2500,571.2500,573.0000,279,573.0000
2003-02-18,571.2500,572.0000,570.2500,574.0000,147,574.0000
2003-02-19,573.0000,573.7500,572.2500,571.7500,403,571.7500
2003-02-20,570.0000,570.0000,566.0000,568.5000,212,568.5000
2003-02-21,569.0000,570.2500,569.0000,574.0000,130,574.0000
2003-02-24,572.5000,572.7500,572.2500,572.2500,103,572.2500
2003-02-25,572.5000,573.7500,572.5000,576.2500,97,576.2500
2003-02-26,575.0000,576.2500,575.0000,579.2500,208,579.2500
2003-02-27,578.0000,580.0000,578.0000,581.5000,59,581.5000
2003-02-28,580.0000,581.5000,579.0000,577.0000,82,577.0000
2003-03-03,576.7500,580.7500,576.7500,576.5000,92,576.5000
2003-03-04,576.0000,580.0000,576.0000,572.7500,18,572.7500
2003-03-05,572.7500,573.0000,571.5000,568.5000,22,568.5000
2003-03-06,568.2500,568.2500,568.0000,562.5000,3,562.5000
2003-03-07,563.0000,563.5000,563.0000,564.5000,1,564.5000
2003-03-10,566.2500,566.2500,566.2500,566.5000,1,566.5000
2003-03-11,569.0000,569.0000,567.2500,567.7500,7,567.7500
2003-03-12,566.7500,566.7500,566.7500,566.7500,7,566.7500
2003-03-13,576.0000,576.0000,576.0000,576.0000,7,576.0000
2003-03-14,577.7500,577.7500,577.7500,577.7500,235,577.7500
2003-03-17,572.7500,574.0000,572.5000,568.2500,228,568.2500
2003-03-18,568.0000,568.2500,566.7500,574.0000,229,574.0000
2003-03-19,573.2500,574.0000,571.5000,570.5000,211,570.5000
2003-03-20,570.5000,572.0000,570.0000,574.5000,131,574.5000
2003-03-21,574.5000,574.7500,574.0000,576.7500,319,576.7500
2003-03-24,575.7500,576.2500,574.7500,569.7500,280,569.7500
2003-03-25,569.5000,569.7500,568.2500,573.5000,139,573.5000
2003-03-26,573.2500,573.2500,572.2500,569.0000,164,569.0000
2003-03-27,569.0000,570.2500,569.0000,580.2500,496,580.2500
2003-03-28,579.2500,579.2500,578.5000,580.0000,415,580.0000
2003-03-31,579.7500,580.5000,579.5000,574.5000,351,574.5000
2003-04-01,575.0000,576.5000,575.0000,573.7500,290,573.7500
2003-04-02,574.2500,575.5000,574.2500,586.7500,314,586.7500
2003-04-03,585.7500,586.5000,585.2500,585.2500,249,585.2500
2003-04-04,585.0000,585.0000,583.5000,590.7500,695,590.7500
2003-04-07,590.2500,596.7500,590.0000,598.7500,337,598.7500
2003-04-08,598.0000,598.5000,597.0000,601.0000,379,601.0000
2003-04-09,601.0000,602.0000,600.5000,604.0000,528,604.0000
2003-04-10,603.7500,606.5000,603.7500,601.0000,338,601.0000
2003-04-11,601.0000,601.0000,598.5000,600.2500,325,600.2500
2003-04-14,599.5000,602.7500,599.0000,607.7500,431,607.7500
2003-04-15,607.5000,609.0000,607.5000,610.5000,200,610.5000
2003-04-16,610.0000,611.7500,610.0000,609.2500,126,609.2500
2003-04-17,608.5000,608.5000,607.0000,622.0000,126,622.0000
2003-04-21,621.2500,621.7500,617.0000,616.5000,109,616.5000
2003-04-22,616.2500,618.0000,616.2500,610.0000,188,610.0000
2003-04-23,609.5000,610.5000,609.0000,603.0000,150,603.0000
2003-04-24,603.0000,604.0000,602.5000,602.5000,235,602.5000
2003-04-25,601.7500,601.7500,600.0000,599.0000,521,599.0000
2003-04-28,601.0000,603.0000,601.0000,605.0000,48,605.0000
2003-04-29,606.0000,606.0000,605.0000,620.7500,199,620.7500
2003-04-30,620.0000,621.7500,619.5000,623.5000,85,623.5000
2003-05-01,620.7500,621.5000,620.5000,625.7500,11,625.7500
2003-05-02,623.7500,624.2500,623.7500,626.2500,25,626.2500
2003-05-05,624.7500,628.5000,624.7500,623.7500,11,623.7500
2003-05-06,620.2500,620.2500,620.0000,625.0000,37,625.0000
2003-05-07,627.0000,627.2500,627.0000,623.0000,37,623.0000
2003-05-08,621.2500,621.2500,621.2500,621.2500,37,621.2500
2003-05-09,636.2500,636.2500,636.2500,636.2500,1,636.2500
2003-05-12,638.0000,638.0000,638.0000,642.2500,2,642.2500
2003-05-13,639.0000,639.0000,639.0000,642.5000,29,642.5000
2003-05-14,644.0000,644.0000,644.0000,644.0000,506,644.0000
2003-05-15,649.2500,652.7500,649.2500,648.7500,461,648.7500
2003-05-16,648.5000,648.5000,647.0000,642.0000,1132,642.0000
2003-05-19,639.0000,639.7500,635.5000,637.0000,181,637.0000
2003-05-20,636.0000,636.7500,635.5000,642.7500,419,642.7500
2003-05-21,640.7500,642.5000,640.5000,640.0000,182,640.0000
2003-05-22,639.5000,640.0000,638.7500,626.7500,341,626.7500
2003-05-23,626.5000,627.0000,625.0000,628.2500,900,628.2500
2003-05-27,628.0000,628.2500,622.0000,630.5000,171,630.5000
2003-05-28,629.2500,630.7500,629.0000,623.0000,730,623.0000
2003-05-29,622.5000,623.0000,620.2500,630.0000,234,630.0000
2003-05-30,631.5000,631.5000,629.2500,624.5000,855,624.5000
2003-06-02,620.5000,622.0000,619.5000,612.5000,445,612.5000
2003-06-03,612.0000,612.5000,611.0000,610.2500,172,610.2500
2003-06-04,610.2500,611.5000,610.2500,615.2500,436,615.2500
2003-06-05,615.2500,616.5000,614.2500,618.7500,407,618.7500
2003-06-06,619.0000,621.7500,618.5000,631.5000,407,631.5000
2003-06-09,631.0000,631.0000,627.5000,625.5000,160,625.5000
2003-06-10,625.0000,626.2500,624.2500,633.5000,459,633.5000
2003-06-11,633.0000,637.0000,633.0000,629.5000,223,629.5000
2003-06-12,629.0000,629.7500,627.7500,624.5000,402,624.5000
2003-06-13,624.5000,625.0000,622.5000,614.5000,677,614.5000
2003-06-16,613.0000,615.7500,611.7500,617.2500,205,617.2500
2003-06-17,616.2500,617.2500,615.0000,621.2500,302,621.2500
2003-06-18,621.5000,624.0000,621.5000,629.0000,1074,629.0000
2003-06-19,629.0000,632.0000,628.5000,630.0000,430,630.0000
2003-06-20,628.2500,629.7500,628.0000,629.2500,430,629.2500
2003-06-23,628.5000,630.2500,627.0000,630.2500,279,630.2500
2003-06-24,630.0000,632.0000,629.0000,635.7500,69,635.7500
2003-06-25,635.5000,636.0000,635.0000,642.7500,205,642.7500
2003-06-26,642.0000,642.5000,640.7500,628.2500,45,628.2500
2003-06-27,628.0000,630.0000,628.0000,631.5000,45,631.5000
2003-06-30,631.0000,632.5000,630.0000,621.2500,22,621.2500
2003-07-01,622.0000,622.0000,619.5000,626.2500,57,626.2500
2003-07-02,624.5000,625.5000,624.0000,628.7500,74,628.7500
2003-07-03,628.5000,631.5000,628.5000,626.7500,116,626.7500
2003-07-07,625.5000,629.0000,620.0000,620.5000,7,620.5000
2003-07-08,622.0000,622.0000,622.0000,613.7500,49,613.7500
2003-07-09,615.7500,615.7500,613.0000,619.0000,1,619.0000
2003-07-10,615.5000,615.5000,615.5000,614.5000,2,614.5000
2003-07-11,616.0000,616.7500,616.0000,620.7500,2,620.7500
2003-07-14,610.0000,610.0000,610.0000,610.0000,105,610.0000
2003-07-15,599.0000,599.0000,598.0000,585.2500,244,585.2500
2003-07-16,585.5000,586.5000,585.0000,582.0000,118,582.0000
2003-07-17,582.2500,585.0000,582.2500,572.7500,104,572.7500
2003-07-18,572.7500,573.5000,571.5000,560.5000,177,560.5000
2003-07-21,560.0000,563.0000,558.5000,557.7500,217,557.7500
2003-07-22,558.5000,560.5000,558.5000,561.7500,87,561.7500
2003-07-23,560.7500,562.0000,559.5000,556.7500,43,556.7500
2003-07-24,557.5000,559.7500,557.2500,547.7500,51,547.7500
2003-07-25,548.0000,548.0000,546.0000,549.5000,102,549.5000
2003-07-28,550.0000,556.2500,550.0000,554.2500,35,554.2500
2003-07-29,555.5000,556.0000,555.5000,539.5000,130,539.5000
2003-07-30,539.5000,539.5000,532.5000,534.5000,20,534.5000
2003-07-31,534.5000,535.0000,534.0000,532.5000,20,532.5000
2003-08-01,533.0000,534.5000,533.0000,537.5000,14,537.5000
2003-08-04,539.2500,539.7500,536.0000,539.5000,6,539.5000
2003-08-05,544.5000,544.5000,541.2500,542.0000,6,542.0000
2003-08-06,540.0000,540.0000,540.0000,540.0000,6,540.0000
2003-08-07,543.0000,543.0000,543.0000,543.0000,1,543.0000
2003-08-08,541.0000,541.0000,541.0000,548.5000,1,548.5000
2003-08-11,556.5000,556.5000,556.5000,556.5000,1,556.5000
2003-08-12,556.5000,556.5000,556.5000,571.2500,1,571.2500
2003-08-13,564.5000,564.5000,564.5000,564.5000,1,564.5000
2003-08-14,583.0000,583.0000,583.0000,583.0000,42,583.0000
2003-08-15,552.0000,552.0000,549.0000,552.2500,203,552.2500
2003-08-18,562.5000,571.5000,562.5000,582.2500,203,582.2500
2003-08-19,581.0000,581.0000,572.2500,567.7500,186,567.7500
2003-08-20,572.0000,576.5000,571.0000,576.5000,89,576.5000
2003-08-21,578.0000,587.0000,578.0000,578.5000,42,578.5000
2003-08-22,581.2500,582.0000,577.0000,586.2500,67,586.2500
2003-08-25,586.5000,590.0000,580.5000,586.2500,66,586.2500
2003-08-26,595.0000,597.7500,592.0000,576.7500,10,576.7500
2003-08-27,580.0000,580.0000,579.5000,582.5000,39,582.5000
2003-08-28,580.0000,582.5000,580.0000,590.5000,141,590.5000
2003-08-29,589.2500,592.5000,589.2500,595.0000,35,595.0000
2003-09-02,582.0000,586.0000,581.7500,579.7500,35,579.7500
2003-09-03,586.2500,586.2500,586.2500,586.2500,35,586.2500
2003-09-04,605.7500,605.7500,605.7500,605.7500,35,605.7500
2003-09-05,608.0000,608.0000,608.0000,608.0000,8,608.0000
2003-09-08,608.0000,612.0000,608.0000,605.2500,1,605.2500
2003-09-09,659.0000,659.0000,659.0000,615.5000,1,615.5000
2003-09-10,616.5000,616.5000,616.5000,616.5000,1,616.5000
2003-09-11,637.5000,637.5000,637.5000,637.5000,1,637.5000
2003-09-12,648.0000,648.0000,648.0000,648.0000,666,648.0000
2003-09-15,620.5000,625.5000,620.5000,619.0000,468,619.0000
2003-09-16,620.5000,622.0000,620.5000,610.7500,294,610.7500
2003-09-17,610.7500,611.2500,610.0000,617.2500,572,617.2500
2003-09-18,618.5000,621.2500,618.2500,627.0000,373,627.0000
2003-09-19,626.5000,629.0000,626.5000,638.0000,373,638.0000
2003-09-22,638.0000,648.0000,638.0000,651.2500,940,651.2500
2003-09-23,651.7500,654.5000,648.5000,651.0000,651,651.0000
2003-09-24,651.2500,652.7500,651.0000,653.0000,544,653.0000
2003-09-25,653.5000,657.2500,653.2500,655.5000,794,655.5000
2003-09-26,655.5000,655.5000,651.5000,656.5000,1417,656.5000
2003-09-29,657.0000,667.7500,657.0000,683.2500,1143,683.2500
2003-09-30,682.0000,684.5000,681.5000,677.2500,727,677.2500
2003-10-01,677.2500,682.2500,677.2500,687.2500,1381,687.2500
2003-10-02,687.2500,700.2500,687.0000,697.0000,664,697.0000
2003-10-03,695.7500,696.5000,694.0000,678.0000,1130,678.0000
2003-10-06,676.0000,676.0000,672.0000,684.0000,871,684.0000
2003-10-07,685.5000,689.0000,685.0000,687.7500,310,687.7500
2003-10-08,686.7500,687.5000,685.5000,678.5000,478,678.5000
2003-10-09,677.7500,682.0000,677.5000,692.5000,1002,692.5000
2003-10-10,692.0000,697.0000,691.0000,713.5000,2765,713.5000
2003-10-13,714.0000,726.5000,713.5000,731.5000,1662,731.5000
2003-10-14,731.5000,743.5000,730.5000,741.5000,1366,741.5000
2003-10-15,741.0000,741.0000,732.2500,727.5000,881,727.5000
2003-10-16,727.0000,730.5000,722.0000,725.5000,1013,725.5000
2003-10-17,726.0000,733.5000,726.0000,729.2500,983,729.2500
2003-10-20,729.7500,738.2500,729.5000,729.2500,734,729.2500
2003-10-21,729.2500,730.0000,724.0000,730.2500,858,730.2500
2003-10-22,730.5000,735.2500,730.2500,749.7500,2244,749.7500
2003-10-23,750.5000,765.0000,750.5000,763.7500,714,763.7500
2003-10-24,763.0000,768.7500,761.5000,762.5000,726,762.5000
2003-10-27,765.2500,780.0000,765.2500,758.5000,597,758.5000
2003-10-28,757.0000,765.2500,756.0000,782.0000,567,782.0000
2003-10-29,783.5000,793.0000,783.5000,800.0000,417,800.0000
2003-10-30,799.7500,803.5000,795.0000,793.5000,794,793.5000
2003-10-31,794.0000,801.7500,791.7500,794.2500,176,794.2500
2003-11-03,795.0000,803.5000,795.0000,790.0000,66,790.0000
2003-11-04,791.2500,791.5000,787.5000,757.0000,65,757.0000
2003-11-05,755.0000,755.0000,745.7500,765.2500,30,765.2500
2003-11-06,768.2500,772.2500,768.2500,757.7500,32,757.7500
2003-11-07,753.0000,753.0000,751.0000,743.0000,37,743.0000
2003-11-10,738.5000,738.5000,736.0000,757.5000,20,757.5000
2003-11-11,764.0000,764.0000,764.0000,777.0000,4,777.0000
2003-11-12,783.0000,783.0000,781.0000,769.0000,1,769.0000
2003-11-13,771.0000,771.0000,771.0000,771.0000,3,771.0000
2003-11-14,768.0000,768.0000,768.0000,773.0000,805,773.0000
2003-11-17,782.5000,784.5000,774.7500,780.0000,660,780.0000
2003-11-18,778.0000,780.5000,776.0000,777.0000,657,777.0000
2003-11-19,775.0000,776.7500,773.0000,748.7500,794,748.7500
2003-11-20,747.0000,750.0000,744.5000,759.2500,39899,759.2500
2003-11-21,757.5000,760.5000,739.5000,753.5000,59370,753.5000
2003-11-24,748.0000,752.5000,735.0000,737.2500,47776,737.2500
2003-11-25,734.0000,747.0000,730.7500,746.0000,43596,746.0000
2003-11-26,745.0000,751.5000,742.0000,745.7500,28625,745.7500
2003-11-28,747.5000,758.0000,747.0000,756.2500,22659,756.2500
2003-12-01,758.5000,762.7500,751.5000,761.0000,35686,761.0000
2003-12-02,753.0000,777.0000,753.0000,773.2500,52432,773.2500
2003-12-03,773.0000,784.0000,773.0000,778.2500,42828,778.2500
2003-12-04,774.0000,780.5000,767.0000,769.0000,40412,769.0000
2003-12-05,766.0000,771.5000,758.0000,760.5000,38833,760.5000
2003-12-08,761.5000,774.5000,761.5000,770.7500,34797,770.7500
2003-12-09,773.7500,788.0000,772.0000,787.0000,44946,787.0000
2003-12-10,787.0000,789.0000,777.0000,785.0000,35604,785.0000
2003-12-11,779.0000,782.0000,763.0000,766.7500,44270,766.7500
2003-12-12,764.5000,779.5000,764.5000,776.2500,38933,776.2500
2003-12-15,775.0000,779.5000,766.0000,773.0000,25286,773.0000
2003-12-16,771.5000,772.5000,758.0000,764.2500,20037,764.2500
2003-12-17,766.0000,772.0000,763.0000,768.5000,18981,768.5000
2003-12-18,766.0000,766.5000,754.0000,759.5000,16413,759.5000
2003-12-19,770.0000,774.0000,762.0000,764.7500,13618,764.7500
2003-12-22,757.0000,760.0000,753.0000,753.7500,15064,753.7500
2003-12-23,744.0000,751.0000,741.0000,741.2500,16678,741.2500
2003-12-24,728.0000,761.5000,728.0000,759.7500,13556,759.7500
2003-12-26,761.0000,793.0000,760.0000,792.0000,19946,792.0000
2003-12-29,789.0000,794.0000,782.0000,784.5000,18424,784.5000
2003-12-30,776.0000,784.5000,771.0000,777.5000,15344,777.5000
2003-12-31,777.0000,791.0000,777.0000,789.0000,93,789.0000
2004-01-02,792.5000,792.5000,792.5000,792.5000,10,792.5000
2004-01-05,790.0000,799.0000,790.0000,796.7500,24,796.7500
2004-01-06,796.7500,801.0000,796.7500,796.2500,26,796.2500
2004-01-07,796.7500,798.0000,790.0000,787.5000,78,787.5000
2004-01-08,788.5000,788.5000,784.7500,793.5000,78,793.5000
2004-01-09,790.0000,790.0000,790.0000,790.0000,22,790.0000
2004-01-12,788.0000,788.0000,785.0000,816.5000,24,816.5000
2004-01-13,814.0000,817.5000,814.0000,833.0000,24,833.0000
2004-01-14,830.0000,830.0000,829.0000,830.0000,725,830.0000
2004-01-15,841.0000,844.7500,838.5000,835.0000,464,835.0000
2004-01-16,834.0000,834.7500,828.7500,835.7500,908,835.7500
2004-01-20,834.0000,836.0000,831.0000,828.2500,360,828.2500
2004-01-21,828.0000,830.0000,827.0000,842.0000,914,842.0000
2004-01-22,842.5000,845.0000,840.5000,840.5000,517,840.5000
2004-01-23,837.5000,838.5000,836.5000,839.2500,1269,839.2500
2004-01-26,839.0000,849.5000,838.5000,847.5000,783,847.5000
2004-01-27,844.0000,848.7500,843.2500,835.5000,1235,835.5000
2004-01-28,832.7500,832.7500,826.0000,804.7500,843,804.7500
2004-01-29,804.0000,807.5000,802.5000,809.0000,674,809.0000
2004-01-30,810.0000,815.0000,810.0000,819.5000,999,819.5000
2004-02-02,813.0000,814.0000,809.0000,793.0000,460,793.0000
2004-02-03,793.0000,795.0000,792.0000,802.5000,443,802.5000
2004-02-04,803.0000,805.0000,802.5000,805.7500,168,805.7500
2004-02-05,805.7500,806.2500,805.0000,832.2500,1184,832.2500
2004-02-06,832.0000,844.2500,832.0000,840.0000,2535,840.0000
2004-02-09,830.0000,831.0000,819.0000,847.5000,981,847.5000
2004-02-10,846.5000,854.2500,846.5000,834.7500,1528,834.7500
2004-02-11,832.0000,835.5000,823.5000,838.0000,266,838.0000
2004-02-12,838.2500,842.0000,838.2500,822.0000,544,822.0000
2004-02-13,818.5000,822.0000,817.0000,829.0000,977,829.0000
2004-02-17,832.0000,842.5000,832.0000,851.0000,265,851.0000
2004-02-18,850.5000,854.7500,849.7500,854.5000,134,854.5000
2004-02-19,852.5000,855.0000,851.7500,880.0000,900,880.0000
2004-02-20,880.0000,893.5000,880.0000,893.0000,758,893.0000
2004-02-23,901.0000,911.7500,901.0000,911.5000,305,911.5000
2004-02-24,910.0000,911.0000,905.5000,929.7500,523,929.7500
2004-02-25,929.0000,951.5000,929.0000,933.7500,112,933.7500
2004-02-26,936.0000,938.7500,929.2500,928.0000,226,928.0000
2004-02-27,926.2500,927.2500,919.5000,942.5000,99,942.5000
2004-03-01,943.7500,955.0000,943.7500,962.2500,61,962.2500
2004-03-02,962.2500,962.5000,957.0000,931.0000,190,931.0000
2004-03-03,929.5000,935.5000,925.7500,942.0000,8,942.0000
2004-03-04,942.0000,952.5000,942.0000,932.5000,1,932.5000
2004-03-05,932.7500,932.7500,932.7500,933.7500,8,933.7500
2004-03-08,934.0000,934.0000,927.2500,911.5000,1,911.5000
2004-03-09,916.7500,916.7500,916.7500,942.0000,1,942.0000
2004-03-10,923.5000,923.5000,923.5000,923.5000,5,923.5000
2004-03-11,925.2500,925.5000,920.0000,944.0000,7,944.0000
2004-03-12,950.0000,951.5000,950.0000,954.0000,1896,954.0000
2004-03-15,953.0000,968.5000,953.0000,978.2500,1258,978.2500
2004-03-16,980.0000,983.7500,979.2500,989.0000,940,989.0000
2004-03-17,990.0000,993.5000,975.5000,994.0000,1981,994.0000
2004-03-18,996.5000,1004.5000,995.7500,1018.0000,1569,1018.0000
2004-03-19,1020.0000,1022.5000,1013.0000,1024.0000,2408,1024.0000
2004-03-22,1036.0000,1044.0000,1036.0000,1055.7500,1466,1055.7500
2004-03-23,1055.7500,1055.7500,1042.5000,1052.0000,1506,1052.0000
2004-03-24,1052.0000,1063.7500,1052.0000,1023.5000,1175,1023.5000
2004-03-25,1024.5000,1031.0000,1024.2500,1028.5000,868,1028.5000
2004-03-26,1031.5000,1036.2500,1031.5000,1013.0000,954,1013.0000
2004-03-29,1013.0000,1023.0000,1012.0000,1013.0000,381,1013.0000
2004-03-30,1013.7500,1016.7500,1012.0000,1016.2500,587,1016.2500
2004-03-31,1016.0000,1017.5000,1014.0000,995.0000,1201,995.0000
2004-04-01,1000.0000,1004.0000,999.2500,1029.5000,1270,1029.5000
2004-04-02,1035.5000,1041.0000,1031.0000,1045.5000,1178,1045.5000
2004-04-05,1047.0000,1056.0000,1047.0000,1024.5000,892,1024.5000
2004-04-06,1022.0000,1025.2500,1015.2500,1009.0000,1136,1009.0000
2004-04-07,1014.0000,1022.2500,1014.0000,1016.0000,732,1016.0000
2004-04-08,1020.0000,1021.0000,1015.0000,988.0000,2059,988.0000
2004-04-12,990.0000,993.0000,977.0000,967.0000,830,967.0000
2004-04-13,965.2500,968.0000,962.5000,971.5000,432,971.5000
2004-04-14,974.0000,976.0000,972.2500,1013.0000,1091,1013.0000
2004-04-15,1016.0000,1030.0000,1016.0000,963.0000,1560,963.0000
2004-04-16,956.2500,965.7500,950.5000,965.0000,614,965.0000
2004-04-19,970.2500,975.7500,959.0000,969.0000,246,969.0000
2004-04-20,968.0000,969.5000,965.5000,952.7500,509,952.7500
2004-04-21,952.7500,952.7500,947.0000,935.0000,710,935.0000
2004-04-22,937.7500,943.5000,935.0000,947.0000,572,947.0000
2004-04-23,950.5000,955.5000,944.0000,967.0000,408,967.0000
2004-04-26,968.7500,968.7500,962.2500,964.5000,201,964.5000
2004-04-27,964.5000,967.2500,963.5000,1003.0000,184,1003.0000
2004-04-28,1005.0000,1005.7500,994.5000,996.5000,231,996.5000
2004-04-29,996.5000,1002.5000,995.0000,1014.5000,307,1014.5000
2004-04-30,1016.7500,1021.7500,1015.0000,1034.0000,169,1034.0000
2004-05-03,1036.0000,1037.0000,1030.0000,1041.5000,85,1041.5000
2004-05-04,1040.7500,1040.7500,1038.0000,1038.2500,25,1038.2500
2004-05-05,1041.2500,1041.2500,1038.0000,1034.5000,44,1034.5000
2004-05-06,1034.5000,1035.0000,1033.0000,1018.0000,64,1018.0000
2004-05-07,1018.0000,1019.0000,1013.7500,1050.5000,31,1050.5000
2004-05-10,1049.5000,1049.5000,1037.0000,1040.5000,18,1040.5000
2004-05-11,1045.0000,1047.5000,1044.0000,1053.5000,62,1053.5000
2004-05-12,1053.5000,1056.5000,1050.0000,991.5000,97,991.5000
2004-05-13,995.5000,997.5000,993.0000,1013.0000,15,1013.0000
2004-05-14,1015.0000,1015.0000,1010.0000,969.0000,5751,969.0000
2004-05-17,924.5000,925.0000,904.0000,905.5000,2199,905.5000
2004-05-18,905.5000,915.7500,901.0000,874.0000,1976,874.0000
2004-05-19,873.0000,881.5000,871.0000,907.5000,1503,907.5000
2004-05-20,913.0000,913.0000,894.0000,869.0000,1583,869.0000
2004-05-21,866.7500,871.7500,860.0000,872.5000,2139,872.5000
2004-05-24,882.5000,883.0000,868.0000,866.0000,658,866.0000
2004-05-25,863.7500,874.0000,863.7500,882.2500,689,882.2500
2004-05-26,885.0000,892.0000,879.2500,872.0000,1276,872.0000
2004-05-27,870.5000,871.5000,863.0000,822.0000,1620,822.0000
2004-05-28,817.5000,826.0000,812.0000,814.0000,2898,814.0000
2004-06-01,828.0000,854.0000,828.0000,864.0000,2588,864.0000
2004-06-02,869.0000,876.0000,859.2500,849.5000,1958,849.5000
2004-06-03,843.7500,844.2500,826.0000,806.0000,1157,806.0000
2004-06-04,807.7500,816.7500,800.7500,838.5000,1928,838.5000
2004-06-07,826.7500,826.7500,816.0000,849.0000,803,849.0000
2004-06-08,846.0000,854.0000,842.7500,852.0000,583,852.0000
2004-06-09,851.2500,855.5000,848.5000,852.0000,510,852.0000
2004-06-10,852.5000,855.0000,851.0000,847.0000,510,847.0000
2004-06-11,847.0000,847.7500,841.0000,847.0000,1013,847.0000
2004-06-14,853.0000,855.0000,844.0000,872.5000,951,872.5000
2004-06-15,873.0000,879.2500,871.2500,884.0000,1475,884.0000
2004-06-16,882.0000,883.5000,872.0000,869.5000,733,869.5000
2004-06-17,872.0000,879.7500,871.2500,863.0000,933,863.0000
2004-06-18,863.0000,863.0000,851.0000,872.0000,385,872.0000
2004-06-21,871.7500,873.0000,865.0000,888.5000,389,888.5000
2004-06-22,891.5000,893.0000,890.0000,887.0000,524,887.0000
2004-06-23,890.0000,894.0000,887.0000,917.5000,922,917.5000
2004-06-24,920.0000,927.7500,918.7500,921.5000,642,921.5000
2004-06-25,919.2500,923.5000,913.7500,920.5000,366,920.5000
2004-06-28,911.0000,918.0000,911.0000,885.0000,390,885.0000
2004-06-29,895.0000,899.5000,892.0000,894.5000,246,894.5000
2004-06-30,894.0000,895.0000,887.7500,893.0000,196,893.0000
2004-07-01,892.0000,904.7500,892.0000,933.5000,352,933.5000
2004-07-02,934.2500,948.0000,934.0000,939.5000,281,939.5000
2004-07-06,942.7500,950.0000,935.7500,979.5000,181,979.5000
2004-07-07,980.0000,990.0000,979.0000,961.5000,173,961.5000
2004-07-08,967.5000,968.0000,960.2500,972.5000,159,972.5000
2004-07-09,976.0000,979.0000,967.5000,954.0000,55,954.0000
2004-07-12,954.7500,955.0000,944.5000,937.0000,159,937.0000
2004-07-13,924.0000,924.0000,911.2500,911.0000,22,911.0000
2004-07-14,913.2500,913.2500,890.0000,862.5000,584,862.5000
2004-07-15,781.0000,782.0000,772.5000,751.0000,1222,751.0000
2004-07-16,742.5000,745.0000,738.0000,707.5000,701,707.5000
2004-07-19,705.2500,706.5000,699.5000,707.5000,387,707.5000
2004-07-20,706.5000,710.5000,705.0000,725.0000,324,725.0000
2004-07-21,725.0000,734.0000,725.0000,707.5000,266,707.5000
2004-07-22,707.0000,709.7500,704.0000,657.5000,253,657.5000
2004-07-23,652.7500,659.0000,650.0000,669.5000,262,669.5000
2004-07-26,662.5000,662.5000,640.0000,669.0000,191,669.0000
2004-07-27,670.2500,674.7500,669.0000,665.5000,108,665.5000
2004-07-28,662.0000,666.0000,660.0000,627.0000,111,627.0000
2004-07-29,631.0000,637.7500,630.5000,624.5000,144,624.5000
2004-07-30,625.2500,629.7500,621.0000,599.5000,13,599.5000
2004-08-02,591.0000,599.5000,591.0000,598.0000,44,598.0000
2004-08-03,599.0000,599.0000,585.0000,599.5000,3,599.5000
2004-08-04,599.0000,599.0000,599.0000,590.0000,13,590.0000
2004-08-05,591.0000,592.0000,590.0000,609.5000,6,609.5000
2004-08-06,610.0000,616.5000,610.0000,606.7500,2,606.7500
2004-08-09,613.0000,613.0000,613.0000,614.5000,10,614.5000
2004-08-10,610.0000,610.0000,605.5000,630.5000,1,630.5000
2004-08-11,629.0000,629.0000,629.0000,637.0000,14,637.0000
2004-08-12,638.5000,640.5000,637.5000,687.5000,14,687.5000
2004-08-13,652.0000,652.0000,652.0000,652.0000,17,652.0000
2004-08-16,581.2500,581.2500,577.0000,575.5000,92,575.5000
2004-08-17,580.2500,584.0000,579.7500,591.7500,11,591.7500
2004-08-18,588.0000,589.5000,587.2500,600.2500,48,600.2500
2004-08-19,600.0000,602.5000,599.2500,598.2500,121,598.2500
2004-08-20,599.0000,599.0000,593.5000,594.7500,99,594.7500
2004-08-23,590.5000,593.0000,588.0000,623.0000,95,623.0000
2004-08-24,619.5000,621.0000,618.0000,620.0000,23,620.0000
2004-08-25,619.7500,620.0000,619.0000,623.2500,179,623.2500
2004-08-26,621.0000,625.5000,620.0000,616.7500,82,616.7500
2004-08-27,616.7500,621.0000,615.7500,600.5000,71,600.5000
2004-08-30,602.0000,610.0000,602.0000,622.5000,42,622.5000
2004-08-31,630.0000,630.0000,629.0000,627.2500,12,627.2500
2004-09-01,625.0000,625.0000,623.2500,636.5000,2,636.5000
2004-09-02,634.5000,634.5000,630.5000,627.7500,2,627.7500
2004-09-03,614.7500,614.7500,614.7500,614.7500,15,614.7500
2004-09-07,607.7500,607.7500,600.0000,588.0000,2,588.0000
2004-09-08,593.0000,593.0000,593.0000,581.5000,2,581.5000
2004-09-09,577.5000,582.0000,577.5000,581.2500,5,581.2500
2004-09-10,579.7500,579.7500,579.7500,563.0000,5,563.0000
2004-09-13,561.0000,561.0000,561.0000,561.0000,5,561.0000
2004-09-14,560.0000,560.0000,560.0000,560.0000,408,560.0000
2004-09-15,565.0000,569.5000,563.5000,566.5000,600,566.5000
2004-09-16,566.0000,575.0000,566.0000,557.2500,656,557.2500
2004-09-17,556.5000,559.7500,555.0000,553.0000,1332,553.0000
2004-09-20,552.2500,552.2500,548.0000,543.7500,575,543.7500
2004-09-21,542.7500,544.0000,541.5000,542.2500,629,542.2500
2004-09-22,542.2500,545.0000,542.2500,538.2500,607,538.2500
2004-09-23,538.5000,541.0000,537.2500,537.7500,495,537.7500
2004-09-24,537.5000,537.7500,535.0000,523.5000,1713,523.5000
2004-09-27,522.5000,528.0000,521.5000,531.0000,1101,531.0000
2004-09-28,530.0000,532.0000,527.5000,531.5000,601,531.5000
2004-09-29,532.0000,536.0000,531.2500,533.5000,739,533.5000
2004-09-30,532.5000,532.7500,527.5000,527.0000,572,527.0000
2004-10-01,527.7500,529.7500,527.0000,534.5000,1149,534.5000
2004-10-04,532.5000,534.0000,526.0000,525.2500,987,525.2500
2004-10-05,526.0000,526.7500,522.5000,524.0000,987,524.0000
2004-10-06,524.0000,524.7500,520.2500,526.2500,1075,526.2500
2004-10-07,525.2500,528.0000,525.0000,525.7500,585,525.7500
2004-10-08,525.5000,527.5000,525.2500,528.5000,1110,528.5000
2004-10-11,527.0000,531.0000,525.7500,539.0000,2054,539.0000
2004-10-12,538.7500,539.0000,532.0000,513.0000,1035,513.0000
2004-10-13,513.5000,514.2500,509.5000,509.5000,515,509.5000
2004-10-14,509.5000,512.0000,508.7500,515.5000,444,515.5000
2004-10-15,514.2500,515.0000,513.5000,514.0000,1219,514.0000
2004-10-18,512.7500,513.2500,507.7500,514.7500,406,514.7500
2004-10-19,515.5000,515.5000,513.5000,527.7500,1009,527.7500
2004-10-20,527.0000,528.0000,525.5000,532.5000,315,532.5000
2004-10-21,532.2500,533.7500,531.7500,528.0000,609,528.0000
2004-10-22,527.2500,527.5000,525.5000,530.0000,1016,530.0000
2004-10-25,530.0000,534.5000,529.7500,541.0000,967,541.0000
2004-10-26,540.0000,542.7500,539.0000,539.0000,651,539.0000
2004-10-27,537.5000,538.7500,536.0000,530.0000,428,530.0000
2004-10-28,529.5000,530.5000,528.5000,529.5000,247,529.5000
2004-10-29,530.5000,533.0000,529.0000,527.5000,17,527.5000
2004-11-01,525.0000,525.0000,525.0000,518.0000,63,518.0000
2004-11-02,516.7500,519.0000,516.7500,528.0000,23,528.0000
2004-11-03,527.0000,527.5000,524.0000,524.2500,131,524.2500
2004-11-04,522.7500,523.2500,522.0000,509.5000,78,509.5000
2004-11-05,509.0000,509.0000,507.0000,505.0000,17,505.0000
2004-11-08,504.5000,504.5000,503.0000,502.0000,2,502.0000
2004-11-09,504.0000,504.0000,504.0000,510.5000,47,510.5000
2004-11-10,510.0000,515.0000,510.0000,523.0000,27,523.0000
2004-11-11,523.0000,523.0000,523.0000,520.5000,5,520.5000
2004-11-12,518.0000,518.0000,518.0000,523.5000,899,523.5000
2004-11-15,524.0000,532.2500,523.7500,535.7500,1313,535.7500
2004-11-16,535.2500,539.0000,535.2500,540.5000,1804,540.5000
2004-11-17,541.5000,548.2500,541.5000,553.0000,1351,553.0000
2004-11-18,550.7500,553.7500,548.5000,555.0000,443,555.0000
2004-11-19,554.0000,554.7500,552.5000,550.5000,739,550.5000
2004-11-22,550.5000,553.0000,548.5000,554.5000,1622,554.5000
2004-11-23,555.2500,558.5000,554.7500,561.2500,1749,561.2500
2004-11-24,558.2500,559.0000,554.2500,554.0000,267,554.0000
2004-11-26,554.0000,556.7500,553.2500,548.5000,605,548.5000
2004-11-29,548.0000,548.5000,542.5000,539.5000,375,539.5000
2004-11-30,537.7500,538.7500,537.5000,534.7500,816,534.7500
2004-12-01,534.7500,538.2500,534.0000,528.0000,495,528.0000
2004-12-02,527.2500,529.5000,525.7500,520.7500,594,520.7500
2004-12-03,520.2500,521.7500,519.7500,525.7500,627,525.7500
2004-12-06,525.7500,529.5000,525.7500,529.7500,524,529.7500
2004-12-07,529.7500,530.7500,527.7500,522.0000,1116,522.0000
2004-12-08,520.5000,521.5000,518.0000,529.2500,767,529.2500
2004-12-09,529.0000,530.7500,528.0000,526.5000,730,526.5000
2004-12-10,525.5000,526.2500,523.2500,533.0000,689,533.0000
2004-12-13,534.0000,538.0000,534.0000,546.7500,785,546.7500
2004-12-14,546.0000,546.5000,545.0000,550.2500,175,550.2500
2004-12-15,549.7500,549.7500,548.0000,546.0000,359,546.0000
2004-12-16,546.0000,548.0000,545.2500,544.5000,415,544.5000
2004-12-17,544.0000,544.5000,541.7500,548.7500,1072,548.7500
2004-12-20,549.7500,559.0000,549.7500,550.0000,270,550.0000
2004-12-21,549.5000,549.5000,548.0000,549.0000,140,549.0000
2004-12-22,547.2500,548.0000,546.0000,546.2500,111,546.2500
2004-12-23,546.0000,548.2500,545.5000,550.5000,448,550.5000
2004-12-27,551.0000,554.7500,550.7500,558.5000,189,558.5000
2004-12-28,556.7500,557.0000,553.5000,551.2500,179,551.2500
2004-12-29,550.7500,554.0000,549.5000,546.7500,92,546.7500
2004-12-30,545.7500,549.0000,545.7500,547.7500,92,547.7500
2004-12-31,547.7500,547.7500,547.7500,547.7500,144,547.7500
2005-01-03,546.0000,546.0000,541.5000,537.2500,47,537.2500
2005-01-04,536.5000,536.5000,535.5000,529.7500,54,529.7500
2005-01-05,530.0000,531.5000,529.5000,534.0000,37,534.0000
2005-01-06,534.5000,536.2500,534.5000,541.7500,35,541.7500
2005-01-07,541.0000,546.5000,541.0000,551.7500,17,551.7500
2005-01-10,550.2500,550.2500,549.2500,560.0000,65,560.0000
2005-01-11,559.0000,562.5000,559.0000,557.5000,10,557.5000
2005-01-12,555.0000,555.0000,555.0000,554.0000,11,554.0000
2005-01-13,553.2500,553.2500,553.2500,557.5000,10,557.5000
2005-01-14,557.5000,557.5000,557.5000,542.0000,3364,542.0000
2005-01-18,518.0000,518.5000,512.5000,513.5000,684,513.5000
2005-01-19,513.7500,516.0000,513.7500,517.7500,875,517.7500
2005-01-20,517.5000,518.0000,515.7500,523.2500,484,523.2500
2005-01-21,523.0000,523.2500,521.0000,516.7500,1279,516.7500
2005-01-24,518.5000,522.2500,518.5000,520.0000,449,520.0000
2005-01-25,519.5000,521.5000,517.0000,526.0000,570,526.0000
2005-01-26,526.0000,527.0000,524.0000,523.0000,406,523.0000
2005-01-27,522.0000,522.5000,520.0000,515.7500,859,515.7500
2005-01-28,515.2500,517.0000,514.7500,514.0000,2050,514.0000
2005-01-31,510.0000,511.7500,509.0000,514.7500,604,514.7500
2005-02-01,515.2500,516.5000,515.0000,507.0000,1107,507.0000
2005-02-02,507.0000,507.7500,505.5000,505.2500,328,505.2500
2005-02-03,505.2500,507.7500,504.7500,502.0000,534,502.0000
2005-02-04,502.0000,503.2500,501.0000,499.5000,357,499.5000
2005-02-07,499.0000,501.0000,498.5000,501.2500,433,501.2500
2005-02-08,501.7500,502.5000,501.5000,503.5000,775,503.5000
2005-02-09,503.0000,504.2500,503.0000,510.7500,813,510.7500
2005-02-10,510.0000,513.0000,509.5000,516.0000,557,516.0000
2005-02-11,515.0000,517.2500,514.2500,525.7500,3185,525.7500
2005-02-14,526.0000,534.7500,526.0000,535.7500,1601,535.7500
2005-02-15,535.0000,537.0000,533.2500,535.2500,654,535.2500
2005-02-16,533.5000,533.7500,530.0000,535.0000,955,535.0000
2005-02-17,540.0000,548.0000,533.5000,552.0000,2103,552.0000
2005-02-18,549.0000,555.0000,549.0000,552.5000,1407,552.5000
2005-02-22,556.0000,571.0000,556.0000,577.0000,675,577.0000
2005-02-23,573.0000,573.0000,568.5000,576.7500,493,576.7500
2005-02-24,572.5000,578.0000,570.7500,569.0000,409,569.0000
2005-02-25,566.5000,578.7500,566.5000,597.5000,457,597.5000
2005-02-28,598.5000,617.5000,598.5000,615.5000,134,615.5000
2005-03-01,611.0000,611.0000,606.0000,605.0000,120,605.0000
2005-03-02,606.0000,619.0000,606.0000,618.7500,21,618.7500
2005-03-03,612.2500,612.2500,612.2500,620.0000,163,620.0000
2005-03-04,620.0000,625.0000,615.7500,622.7500,37,622.7500
2005-03-07,626.0000,628.7500,626.0000,608.5000,25,608.5000
2005-03-08,619.5000,619.5000,619.5000,619.5000,27,619.5000
2005-03-09,624.0000,624.0000,624.0000,624.0000,2,624.0000
2005-03-10,626.2500,626.2500,626.2500,633.2500,16,633.2500
2005-03-11,636.0000,636.5000,636.0000,656.7500,24,656.7500
2005-03-14,657.0000,657.0000,648.7500,654.0000,2650,654.0000
2005-03-15,656.0000,674.0000,656.0000,681.0000,3330,681.0000
2005-03-16,679.7500,691.7500,679.5000,673.5000,2036,673.5000
2005-03-17,672.0000,678.5000,669.2500,671.5000,3826,671.5000
2005-03-18,671.0000,679.5000,661.0000,649.0000,2945,649.0000
2005-03-21,647.0000,652.5000,642.0000,626.5000,1505,626.5000
2005-03-22,627.5000,631.7500,627.5000,627.2500,3091,627.2500
2005-03-23,624.0000,624.0000,617.0000,623.2500,2329,623.2500
2005-03-24,623.2500,625.5000,617.0000,628.7500,1316,628.7500
2005-03-28,628.0000,631.0000,624.0000,625.7500,742,625.7500
2005-03-29,623.2500,626.7500,622.5000,624.0000,771,624.0000
2005-03-30,624.0000,627.7500,623.5000,641.0000,2115,641.0000
2005-03-31,641.0000,648.0000,641.0000,627.5000,2518,627.5000
2005-04-01,630.0000,632.0000,625.0000,614.0000,1290,614.0000
2005-04-04,615.0000,618.0000,612.5000,615.0000,475,615.0000
2005-04-05,613.7500,615.5000,613.0000,617.5000,400,617.5000
2005-04-06,617.5000,618.7500,616.0000,623.2500,1102,623.2500
2005-04-07,623.5000,629.0000,623.5000,623.5000,853,623.5000
2005-04-08,625.7500,628.0000,624.7500,612.0000,1033,612.0000
2005-04-11,612.0000,615.5000,610.0000,616.7500,2332,616.7500
2005-04-12,618.5000,624.0000,618.5000,617.5000,860,617.5000
2005-04-13,616.0000,616.0000,613.2500,623.2500,855,623.2500
2005-04-14,622.2500,624.7500,621.2500,617.0000,503,617.0000
2005-04-15,616.0000,618.5000,613.2500,616.2500,505,616.2500
2005-04-18,615.2500,615.2500,611.0000,609.5000,338,609.5000
2005-04-19,609.0000,615.0000,609.0000,631.0000,831,631.0000
2005-04-20,631.2500,637.0000,631.0000,630.7500,322,630.7500
2005-04-21,631.0000,633.7500,627.0000,637.7500,157,637.7500
2005-04-22,635.7500,640.0000,635.7500,633.0000,527,633.0000
2005-04-25,637.0000,642.7500,636.0000,635.2500,109,635.2500
2005-04-26,634.0000,638.0000,633.7500,636.7500,225,636.7500
2005-04-27,638.0000,639.0000,636.5000,627.2500,341,627.2500
2005-04-28,627.0000,634.5000,627.0000,618.0000,521,618.0000
2005-04-29,617.7500,617.7500,616.2500,619.2500,211,619.2500
2005-05-02,615.0000,615.0000,611.0000,619.2500,147,619.2500
2005-05-03,621.5000,623.0000,621.5000,618.7500,68,618.7500
2005-05-04,618.5000,622.2500,618.5000,620.0000,75,620.0000
2005-05-05,622.2500,624.2500,622.2500,623.5000,1,623.5000
2005-05-06,623.0000,623.0000,623.0000,635.0000,15,635.0000
2005-05-09,634.0000,638.0000,634.0000,632.0000,20,632.0000
2005-05-10,634.0000,634.0000,634.0000,628.2500,20,628.2500
2005-05-11,628.0000,628.0000,628.0000,628.0000,2,628.0000
2005-05-12,630.0000,637.0000,630.0000,619.7500,25,619.7500
2005-05-13,622.0000,622.0000,619.5000,603.7500,1855,603.7500
2005-05-16,612.7500,618.5000,612.5000,623.5000,1978,623.5000
2005-05-17,624.0000,626.0000,618.7500,620.7500,1236,620.7500
2005-05-18,621.2500,624.5000,617.5000,633.2500,1739,633.2500
2005-05-19,633.2500,638.2500,631.7500,629.2500,769,629.2500
2005-05-20,628.5000,634.0000,628.2500,632.0000,2348,632.0000
2005-05-23,636.0000,645.2500,636.0000,640.0000,792,640.0000
2005-05-24,639.5000,641.0000,638.2500,645.5000,1304,645.5000
2005-05-25,645.5000,648.5000,645.5000,666.5000,1586,666.5000
2005-05-26,664.2500,667.0000,663.0000,676.0000,2633,676.0000
2005-05-27,675.5000,681.0000,669.5000,667.7500,3423,667.7500
2005-05-31,681.7500,687.0000,679.2500,680.2500,1286,680.2500
2005-06-01,676.7500,678.7500,674.0000,685.2500,2003,685.2500
2005-06-02,684.0000,684.2500,677.0000,668.5000,1156,668.5000
2005-06-03,666.7500,670.5000,664.5000,675.2500,3278,675.2500
2005-06-06,687.5000,694.5000,685.7500,677.7500,1532,677.7500
2005-06-07,675.7500,683.5000,673.7500,674.7500,1330,674.7500
2005-06-08,671.5000,673.0000,668.7500,667.5000,3591,667.5000
2005-06-09,659.7500,664.7500,657.5000,673.2500,1365,673.2500
2005-06-10,673.0000,680.0000,671.2500,666.2500,3328,666.2500
2005-06-13,674.2500,679.7500,670.5000,680.5000,1553,680.5000
2005-06-14,678.0000,680.5000,675.0000,689.7500,1510,689.7500
2005-06-15,690.7500,697.5000,688.2500,702.5000,1917,702.5000
2005-06-16,701.5000,710.5000,701.5000,700.7500,1284,700.7500
2005-06-17,698.7500,714.2500,698.5000,724.0000,3973,724.0000
2005-06-20,742.0000,752.0000,740.0000,739.0000,1191,739.0000
2005-06-21,738.0000,741.0000,728.5000,735.2500,2216,735.2500
2005-06-22,739.0000,757.5000,739.0000,737.0000,842,737.0000
2005-06-23,735.0000,744.0000,733.0000,725.7500,1639,725.7500
2005-06-24,726.7500,740.2500,726.7500,744.5000,1366,744.5000
2005-06-27,750.0000,755.0000,727.5000,694.5000,1295,694.5000
2005-06-28,694.5000,700.0000,677.0000,666.7500,514,666.7500
2005-06-29,670.5000,677.2500,670.5000,672.0000,817,672.0000
2005-06-30,671.5000,679.0000,658.0000,651.7500,172,651.7500
2005-07-01,656.5000,667.2500,656.5000,673.5000,33,673.5000
2005-07-05,675.5000,685.5000,675.5000,712.2500,58,712.2500
2005-07-06,715.7500,715.7500,709.7500,696.2500,348,696.2500
2005-07-07,700.0000,706.0000,668.0000,692.0000,69,692.0000
2005-07-08,680.0000,683.0000,676.7500,675.5000,242,675.5000
2005-07-11,664.0000,668.2500,655.7500,688.0000,242,688.0000
2005-07-12,698.5000,698.5000,698.5000,698.5000,0,698.5000
2005-07-13,711.5000,711.5000,711.5000,711.5000,5,711.5000
2005-07-14,710.0000,711.7500,710.0000,723.0000,567,723.0000
2005-07-15,717.0000,726.2500,712.7500,721.0000,939,721.0000
2005-07-18,731.0000,738.0000,715.0000,717.2500,248,717.2500
2005-07-19,712.2500,720.0000,711.7500,682.5000,513,682.5000
2005-07-20,683.2500,684.0000,670.2500,684.5000,501,684.5000
2005-07-21,686.7500,689.2500,672.2500,669.5000,652,669.5000
2005-07-22,669.0000,677.7500,665.7500,669.2500,544,669.2500
2005-07-25,668.7500,670.0000,660.2500,669.7500,234,669.7500
2005-07-26,669.7500,683.0000,667.7500,676.0000,156,676.0000
2005-07-27,671.0000,680.0000,667.2500,673.7500,145,673.7500
2005-07-28,673.7500,683.0000,673.5000,684.2500,310,684.2500
2005-07-29,685.0000,688.7500,684.2500,671.7500,574,671.7500
2005-08-01,678.0000,678.0000,666.0000,673.0000,171,673.0000
2005-08-02,680.0000,681.0000,676.0000,689.5000,197,689.5000
2005-08-03,689.5000,692.2500,683.2500,670.0000,103,670.0000
2005-08-04,669.5000,670.0000,668.2500,671.2500,11,671.2500
2005-08-05,671.0000,677.0000,667.5000,658.5000,107,658.5000
2005-08-08,669.0000,672.0000,668.5000,660.5000,8,660.5000
2005-08-09,657.0000,657.0000,654.0000,643.0000,51,643.0000
2005-08-10,643.0000,643.0000,639.0000,643.5000,2,643.5000
2005-08-11,642.0000,644.0000,642.0000,641.0000,2,641.0000
2005-08-12,643.0000,643.0000,643.0000,643.0000,92,643.0000
2005-08-15,636.0000,639.0000,630.0000,612.7500,186,612.7500
2005-08-16,613.0000,613.7500,608.2500,616.7500,158,616.7500
2005-08-17,615.7500,617.5000,610.2500,615.0000,153,615.0000
2005-08-18,614.7500,616.5000,611.0000,609.7500,204,609.7500
2005-08-19,609.0000,609.7500,606.2500,597.2500,111,597.2500
2005-08-22,597.2500,604.0000,597.2500,607.2500,294,607.2500
2005-08-23,609.2500,615.7500,609.2500,610.7500,69,610.7500
2005-08-24,610.5000,611.0000,609.0000,602.5000,287,602.5000
2005-08-25,602.7500,605.0000,600.7500,587.0000,353,587.0000
2005-08-26,587.0000,588.5000,584.0000,591.0000,382,591.0000
2005-08-29,590.0000,600.5000,590.0000,594.0000,102,594.0000
2005-08-30,592.0000,595.5000,591.5000,599.7500,55,599.7500
2005-08-31,599.7500,604.0000,599.7500,586.7500,69,586.7500
2005-09-01,589.0000,592.7500,589.0000,595.7500,10,595.7500
2005-09-02,600.0000,600.0000,600.0000,588.5000,16,588.5000
2005-09-06,592.0000,593.0000,591.7500,604.7500,5,604.7500
2005-09-07,601.5000,602.0000,601.2500,595.0000,1,595.0000
2005-09-08,594.0000,594.0000,594.0000,590.5000,1,590.5000
2005-09-09,580.5000,580.5000,580.5000,580.5000,1,580.5000
2005-09-12,580.0000,580.0000,580.0000,575.0000,3,575.0000
2005-09-13,573.5000,573.5000,573.5000,576.0000,1,576.0000
2005-09-14,576.0000,576.0000,576.0000,569.5000,1054,569.5000
2005-09-15,579.2500,579.5000,575.2500,568.7500,1501,568.7500
2005-09-16,567.5000,573.2500,566.2500,571.2500,997,571.2500
2005-09-19,570.0000,574.2500,568.2500,576.0000,372,576.0000
2005-09-20,577.2500,578.5000,576.0000,572.0000,883,572.0000
2005-09-21,572.0000,576.0000,570.7500,577.7500,524,577.7500
2005-09-22,578.0000,579.2500,574.5000,580.5000,802,580.5000
2005-09-23,580.5000,583.5000,579.5000,574.0000,739,574.0000
2005-09-26,573.0000,575.2500,572.2500,567.5000,544,567.5000
2005-09-27,567.0000,567.2500,565.5000,557.5000,800,557.5000
2005-09-28,556.5000,559.5000,556.5000,562.7500,308,562.7500
2005-09-29,562.2500,563.5000,562.0000,560.5000,524,560.5000
2005-09-30,560.0000,562.5000,560.0000,573.2500,955,573.2500
2005-10-03,572.7500,574.7500,572.0000,581.0000,2119,581.0000
2005-10-04,577.0000,577.0000,571.0000,562.5000,501,562.5000
2005-10-05,562.0000,565.2500,562.0000,563.5000,444,563.5000
2005-10-06,563.2500,566.2500,563.2500,564.2500,533,564.2500
2005-10-07,564.0000,566.0000,562.2500,564.2500,976,564.2500
2005-10-10,563.5000,564.0000,562.0000,555.5000,1161,555.5000
2005-10-11,554.7500,560.5000,554.0000,563.5000,1617,563.5000
2005-10-12,562.5000,564.7500,560.0000,589.0000,2079,589.0000
2005-10-13,587.0000,589.0000,585.2500,588.2500,1853,588.2500
2005-10-14,588.5000,595.0000,588.0000,589.5000,1137,589.5000
2005-10-17,588.0000,592.0000,586.2500,591.2500,2047,591.2500
2005-10-18,591.0000,597.0000,587.0000,584.5000,841,584.5000
2005-10-19,584.0000,587.0000,583.5000,589.2500,1134,589.2500
2005-10-20,589.0000,590.5000,583.5000,585.0000,2485,585.0000
2005-10-21,585.0000,585.7500,575.7500,572.2500,1114,572.2500
2005-10-24,571.0000,571.7500,568.5000,575.0000,404,575.0000
2005-10-25,575.0000,576.5000,571.7500,578.0000,243,578.0000
2005-10-26,577.5000,578.0000,575.2500,571.5000,514,571.5000
2005-10-27,570.0000,573.0000,570.0000,571.0000,283,571.0000
2005-10-28,571.0000,571.5000,569.0000,565.0000,533,565.0000
2005-10-31,565.0000,565.0000,563.5000,564.7500,260,564.7500
2005-11-01,565.0000,569.0000,564.0000,574.5000,236,574.5000
2005-11-02,572.5000,578.5000,570.0000,573.5000,413,573.5000
2005-11-03,573.5000,575.0000,573.5000,591.7500,24,591.7500
2005-11-04,591.0000,594.0000,589.0000,580.5000,81,580.5000
2005-11-07,585.2500,585.2500,577.5000,571.5000,37,571.5000
2005-11-08,571.5000,572.5000,571.5000,574.2500,21,574.2500
2005-11-09,572.0000,572.0000,572.0000,578.2500,74,578.2500
2005-11-10,578.5000,581.2500,578.2500,577.0000,9,577.0000
2005-11-11,580.2500,580.2500,577.7500,593.0000,19,593.0000
2005-11-14,602.7500,602.7500,593.0000,590.2500,722,590.2500
2005-11-15,595.7500,598.2500,595.7500,592.2500,513,592.2500
2005-11-16,592.0000,594.5000,591.0000,576.7500,926,576.7500
2005-11-17,576.0000,580.0000,576.0000,579.2500,703,579.2500
2005-11-18,578.0000,579.5000,574.0000,569.7500,746,569.7500
2005-11-21,572.0000,573.0000,570.2500,572.2500,393,572.2500
2005-11-22,572.5000,575.0000,572.2500,572.2500,451,572.2500
2005-11-23,572.0000,572.2500,570.0000,562.0000,451,562.0000
2005-11-24,562.0000,562.0000,562.0000,562.0000,1020,562.0000
2005-11-25,561.0000,561.7500,558.0000,554.2500,1770,554.2500
2005-11-28,555.0000,557.2500,544.2500,558.2500,1470,558.2500
2005-11-29,559.5000,560.0000,552.5000,554.0000,1441,554.0000
2005-11-30,553.0000,558.2500,551.2500,558.0000,752,558.0000
2005-12-01,558.0000,559.5000,555.7500,559.7500,751,559.7500
2005-12-02,559.7500,561.0000,557.0000,562.7500,606,562.7500
2005-12-05,563.0000,564.0000,562.0000,573.2500,851,573.2500
2005-12-06,572.5000,573.5000,571.5000,564.0000,562,564.0000
2005-12-07,562.7500,563.5000,561.2500,559.0000,772,559.0000
2005-12-08,559.2500,561.7500,557.0000,566.7500,1394,566.7500
2005-12-09,566.2500,570.0000,565.2500,568.7500,2288,568.7500
2005-12-12,571.0000,579.2500,570.0000,584.0000,1570,584.0000
2005-12-13,582.2500,585.0000,579.0000,597.5000,2972,597.5000
2005-12-14,597.0000,598.5000,594.5000,592.5000,1150,592.5000
2005-12-15,590.2500,591.5000,588.2500,587.2500,1541,587.2500
2005-12-16,585.0000,596.0000,584.7500,592.2500,1252,592.2500
2005-12-19,593.0000,598.7500,592.2500,608.5000,1288,608.5000
2005-12-20,607.0000,609.0000,606.0000,605.2500,1413,605.2500
2005-12-21,602.5000,604.2500,597.0000,606.5000,691,606.5000
2005-12-22,606.0000,614.5000,606.0000,612.7500,364,612.7500
2005-12-23,612.5000,615.2500,611.5000,613.0000,598,613.0000
2005-12-27,613.7500,619.5000,606.5000,611.5000,300,611.5000
2005-12-28,611.0000,613.5000,607.5000,611.0000,150,611.0000
2005-12-29,610.0000,610.0000,605.5000,597.7500,129,597.7500
2005-12-30,596.5000,597.5000,595.0000,602.0000,132,602.0000
2006-01-03,608.0000,613.5000,608.0000,617.5000,280,617.5000
2006-01-04,617.0000,618.7500,616.0000,621.0000,35,621.0000
2006-01-05,620.0000,620.0000,617.0000,608.0000,27,608.0000
2006-01-06,609.5000,611.0000,608.7500,600.5000,146,600.5000
2006-01-09,598.2500,598.2500,589.0000,584.0000,116,584.0000
2006-01-10,585.0000,585.0000,585.0000,578.2500,31,578.2500
2006-01-11,578.7500,578.7500,578.7500,574.5000,120,574.5000
2006-01-12,574.5000,574.5000,573.0000,562.0000,120,562.0000
2006-01-13,565.0000,565.0000,565.0000,565.0000,2654,565.0000
2006-01-17,572.2500,579.2500,571.7500,571.2500,2203,571.2500
2006-01-18,570.5000,572.0000,565.5000,565.7500,1067,565.7500
2006-01-19,566.0000,568.7500,565.7500,565.0000,1012,565.0000
2006-01-20,565.0000,568.2500,564.5000,568.0000,3512,568.0000
2006-01-23,573.2500,576.2500,568.5000,574.5000,880,574.5000
2006-01-24,574.0000,575.2500,573.0000,571.2500,2095,571.2500
2006-01-25,569.7500,574.5000,568.7500,567.0000,980,567.0000
2006-01-26,566.5000,569.5000,566.2500,573.0000,4005,573.0000
2006-01-27,575.0000,583.0000,574.0000,589.2500,5643,589.2500
2006-01-30,593.5000,606.2500,593.2500,598.7500,2467,598.7500
2006-01-31,598.0000,598.7500,593.5000,594.2500,3062,594.2500
2006-02-01,593.0000,594.5000,583.0000,579.5000,1091,579.5000
2006-02-02,578.7500,581.2500,577.7500,584.0000,2663,584.0000
2006-02-03,584.0000,589.5000,584.0000,594.7500,4447,594.7500
2006-02-06,589.2500,604.5000,594.0000,587.0000,1283,587.0000
2006-02-07,587.2500,591.5000,586.5000,574.0000,3368,574.0000
2006-02-08,574.2500,575.0000,571.0000,578.0000,1691,578.0000
2006-02-09,580.2500,583.0000,577.5000,587.7500,3699,587.7500
2006-02-10,589.2500,591.2500,580.2500,582.2500,4865,582.2500
2006-02-13,584.0000,587.5000,578.2500,584.2500,1197,584.2500
2006-02-14,585.5000,586.0000,582.5000,583.2500,760,583.2500
2006-02-15,583.0000,584.0000,580.5000,587.0000,1028,587.0000
2006-02-16,585.5000,587.0000,583.0000,591.5000,448,591.5000
2006-02-17,590.7500,594.5000,590.0000,601.2500,1475,601.2500
2006-02-21,600.0000,601.0000,593.0000,587.5000,588,587.5000
2006-02-22,587.5000,589.2500,585.0000,574.0000,852,574.0000
2006-02-23,574.0000,576.5000,573.0000,571.7500,1087,571.7500
2006-02-24,572.0000,579.7500,572.0000,577.2500,987,577.2500
2006-02-27,575.2500,580.0000,572.7500,579.5000,566,579.5000
2006-02-28,579.7500,580.5000,576.0000,580.2500,28,580.2500
2006-03-01,580.0000,580.7500,577.5000,577.5000,320,577.5000
2006-03-02,577.5000,577.5000,574.7500,591.0000,59,591.0000
2006-03-03,590.7500,591.0000,588.5000,593.2500,22,593.2500
2006-03-06,587.0000,587.2500,583.0000,587.0000,6,587.0000
2006-03-07,586.5000,586.5000,586.5000,578.0000,114,578.0000
2006-03-08,572.2500,572.2500,572.2500,572.2500,4,572.2500
2006-03-09,577.7500,577.7500,575.0000,576.5000,8,576.5000
2006-03-10,575.5000,575.5000,573.0000,578.2500,41,578.2500
2006-03-13,574.0000,574.0000,573.2500,573.5000,15,573.5000
2006-03-14,572.0000,572.0000,571.2500,574.7500,666,574.7500
2006-03-15,587.0000,588.7500,586.5000,584.2500,858,584.2500
2006-03-16,583.2500,585.5000,582.2500,576.2500,757,576.2500
2006-03-17,576.0000,579.0000,575.5000,576.5000,2097,576.5000
2006-03-20,576.5000,581.0000,573.5000,572.5000,776,572.5000
2006-03-21,573.0000,575.0000,573.0000,575.2500,1336,575.2500
2006-03-22,575.0000,579.2500,574.0000,577.0000,1032,577.0000
2006-03-23,576.7500,576.7500,573.0000,574.7500,323,574.7500
2006-03-24,575.0000,577.5000,575.0000,573.7500,4458,573.7500
2006-03-27,573.7500,579.0000,572.5000,579.5000,667,579.5000
2006-03-28,578.7500,580.7500,578.0000,581.5000,882,581.5000
2006-03-29,581.5000,583.7500,580.7500,582.5000,607,582.5000
2006-03-30,581.5000,583.5000,581.0000,587.7500,988,587.7500
2006-03-31,586.5000,588.0000,586.2500,571.5000,2192,571.5000
2006-04-03,570.5000,574.0000,568.5000,565.0000,895,565.0000
2006-04-04,564.5000,565.0000,562.2500,558.7500,1039,558.7500
2006-04-05,558.5000,560.5000,556.7500,561.5000,1293,561.5000
2006-04-06,561.0000,565.7500,561.0000,564.0000,1456,564.0000
2006-04-07,562.5000,563.0000,558.7500,557.7500,2905,557.7500
2006-04-10,557.0000,557.7500,555.2500,555.2500,1681,555.2500
2006-04-11,554.5000,558.7500,553.2500,562.5000,817,562.5000
2006-04-12,562.5000,563.2500,560.2500,560.5000,697,560.5000
2006-04-13,560.5000,562.2500,559.2500,563.0000,1313,563.0000
2006-04-17,562.0000,569.0000,561.7500,571.5000,374,571.5000
2006-04-18,570.0000,571.0000,568.5000,575.5000,776,575.5000
2006-04-19,574.7500,575.5000,573.0000,574.0000,316,574.0000
2006-04-20,573.0000,575.7500,572.0000,571.2500,496,571.2500
2006-04-21,569.7500,570.2500,567.0000,569.7500,1316,569.7500
2006-04-24,570.0000,576.5000,570.0000,574.2500,1007,574.2500
2006-04-25,573.0000,574.5000,572.7500,579.5000,580,579.5000
2006-04-26,578.7500,579.0000,577.0000,575.7500,622,575.7500
2006-04-27,574.5000,576.0000,572.2500,575.2500,1348,575.2500
2006-04-28,575.5000,582.0000,575.2500,587.2500,880,587.2500
2006-05-01,585.0000,591.5000,585.0000,593.2500,240,593.2500
2006-05-02,594.5000,596.0000,592.0000,590.5000,135,590.5000
2006-05-03,592.7500,592.7500,592.7500,592.7500,5,592.7500
2006-05-04,591.7500,591.7500,591.7500,590.7500,5,590.7500
2006-05-05,594.5000,594.5000,594.5000,594.5000,5,594.5000
2006-05-08,593.0000,593.0000,590.0000,586.0000,5,586.0000
2006-05-09,588.7500,588.7500,588.0000,592.5000,103,592.5000
2006-05-10,595.5000,595.5000,595.2500,593.2500,11,593.2500
2006-05-11,591.0000,591.0000,590.0000,602.7500,8,602.7500
2006-05-12,603.2500,604.0000,603.2500,600.0000,2768,600.0000
2006-05-15,615.0000,617.0000,608.0000,604.5000,2761,604.5000
2006-05-16,603.7500,604.2500,595.0000,602.7500,1419,602.7500
2006-05-17,603.2500,607.0000,602.5000,604.0000,1503,604.0000
2006-05-18,604.0000,604.2500,600.5000,598.0000,1306,598.0000
2006-05-19,597.7500,598.2500,595.0000,587.0000,3403,587.0000
2006-05-22,590.5000,591.0000,581.0000,582.5000,2104,582.5000
2006-05-23,583.5000,587.0000,582.2500,586.7500,1753,586.7500
2006-05-24,585.2500,589.0000,584.2500,582.5000,1298,582.5000
2006-05-25,582.0000,583.5000,580.2500,584.2500,1266,584.2500
2006-05-26,584.2500,586.7500,584.0000,582.5000,4063,582.5000
2006-05-30,582.0000,587.2500,578.7500,583.5000,2298,583.5000
2006-05-31,583.0000,584.7500,580.2500,579.5000,3837,579.5000
2006-06-01,580.2500,581.0000,574.7500,586.7500,1744,586.7500
2006-06-02,586.0000,588.0000,583.0000,609.0000,4098,609.0000
2006-06-05,603.5000,607.2500,603.5000,603.2500,4978,603.2500
2006-06-06,603.0000,605.0000,599.5000,593.5000,1059,593.5000
2006-06-07,595.2500,596.0000,593.2500,597.0000,1393,597.0000
2006-06-08,596.0000,597.0000,592.7500,587.7500,1680,587.7500
2006-06-09,587.0000,590.5000,586.0000,585.7500,4555,585.7500
2006-06-12,596.7500,599.5000,592.0000,600.0000,2505,600.0000
2006-06-13,600.5000,600.7500,593.5000,595.7500,1498,595.7500
2006-06-14,597.2500,599.0000,593.2500,589.5000,846,589.5000
2006-06-15,590.0000,594.0000,590.0000,592.5000,1130,592.5000
2006-06-16,594.5000,598.5000,594.5000,600.2500,1220,600.2500
2006-06-19,595.2500,595.5000,592.0000,584.5000,1562,584.5000
2006-06-20,584.5000,586.7500,583.2500,585.2500,662,585.2500
2006-06-21,584.7500,587.5000,584.0000,586.2500,457,586.2500
2006-06-22,587.7500,589.0000,586.7500,583.0000,399,583.0000
2006-06-23,582.7500,583.5000,580.5000,580.5000,1479,580.5000
2006-06-26,581.0000,581.0000,575.5000,569.5000,342,569.5000
2006-06-27,569.0000,572.5000,569.0000,578.0000,575,578.0000
2006-06-28,578.0000,580.0000,574.2500,578.5000,319,578.5000
2006-06-29,577.2500,581.5000,577.0000,581.7500,349,581.7500
2006-06-30,582.0000,589.0000,582.0000,594.7500,810,594.7500
2006-07-03,602.5000,605.0000,600.0000,601.5000,769,601.5000
2006-07-05,603.2500,607.0000,597.7500,594.5000,629,594.5000
2006-07-06,594.2500,597.2500,594.0000,608.5000,1035,608.5000
2006-07-07,607.5000,607.7500,598.0000,602.0000,647,602.0000
2006-07-10,610.0000,610.0000,605.0000,603.0000,680,603.0000
2006-07-11,606.0000,610.0000,606.0000,607.0000,651,607.0000
2006-07-12,603.0000,603.0000,603.0000,603.0000,651,603.0000
2006-07-13,597.5000,597.5000,597.5000,597.5000,18,597.5000
2006-07-14,597.5000,597.5000,592.2500,602.0000,202,602.0000
2006-07-17,598.7500,600.0000,594.5000,590.0000,307,590.0000
2006-07-18,590.7500,593.0000,589.0000,589.0000,725,589.0000
2006-07-19,589.0000,590.0000,583.0000,585.7500,380,585.7500
2006-07-20,585.0000,589.0000,584.5000,584.2500,346,584.2500
2006-07-21,584.0000,585.0000,580.0000,577.0000,365,577.0000
2006-07-24,577.2500,580.5000,575.0000,583.2500,849,583.2500
2006-07-25,584.5000,590.0000,584.5000,585.2500,756,585.2500
2006-07-26,586.7500,588.0000,585.0000,581.7500,135,581.7500
2006-07-27,581.2500,583.0000,578.2500,574.0000,546,574.0000
2006-07-28,574.5000,577.5000,574.5000,576.5000,625,576.5000
2006-07-31,578.2500,584.5000,578.2500,579.5000,678,579.5000
2006-08-01,578.0000,579.0000,573.5000,573.5000,250,573.5000
2006-08-02,579.2500,584.0000,578.2500,581.7500,85,581.7500
2006-08-03,577.5000,577.5000,575.0000,576.0000,3,576.0000
2006-08-04,576.7500,581.0000,575.0000,577.5000,166,577.5000
2006-08-07,573.7500,573.7500,562.0000,563.2500,267,563.2500
2006-08-08,564.0000,564.0000,558.0000,557.5000,312,557.5000
2006-08-09,559.0000,559.0000,559.0000,562.0000,121,562.0000
2006-08-10,562.0000,562.0000,558.5000,557.0000,17,557.0000
2006-08-11,555.0000,555.0000,555.0000,551.0000,3,551.0000
2006-08-14,551.0000,551.0000,551.0000,549.7500,963,549.7500
2006-08-15,556.2500,558.0000,553.7500,556.5000,718,556.5000
2006-08-16,555.0000,560.2500,551.2500,552.2500,626,552.2500
2006-08-17,551.5000,554.0000,548.5000,551.5000,707,551.5000
2006-08-18,551.5000,552.5000,546.2500,547.0000,1670,547.0000
2006-08-21,547.0000,549.0000,545.2500,548.2500,971,548.2500
2006-08-22,548.0000,550.0000,547.0000,549.2500,1360,549.2500
2006-08-23,549.0000,555.0000,549.0000,552.2500,2226,552.2500
2006-08-24,552.0000,555.0000,548.0000,551.5000,2013,551.5000
2006-08-25,549.7500,550.7500,541.7500,543.0000,1479,543.0000
2006-08-28,541.5000,543.0000,537.2500,537.7500,1749,537.7500
2006-08-29,537.2500,540.5000,536.7500,537.0000,2566,537.0000
2006-08-30,537.0000,543.2500,535.5000,542.0000,2704,542.0000
2006-08-31,541.0000,543.5000,537.7500,542.2500,1022,542.2500
2006-09-01,542.0000,543.5000,538.7500,538.5000,387,538.5000
2006-09-05,538.0000,549.5000,538.0000,541.2500,452,541.2500
2006-09-06,540.7500,540.7500,539.2500,534.0000,192,534.0000
2006-09-07,531.2500,531.2500,531.2500,538.5000,191,538.5000
2006-09-08,537.5000,539.0000,537.5000,537.0000,11,537.0000
2006-09-11,534.2500,534.2500,533.2500,532.0000,5,532.0000
2006-09-12,527.2500,527.2500,527.2500,527.2500,206,527.2500
2006-09-13,530.0000,530.0000,530.0000,530.0000,206,530.0000
2006-09-14,532.0000,532.0000,532.0000,532.0000,21298,532.0000
2006-09-15,544.5000,558.0000,542.7500,549.7500,16588,549.7500
2006-09-18,555.5000,557.7500,551.2500,553.0000,17941,553.0000
2006-09-19,552.5000,555.0000,543.5000,544.2500,21133,544.2500
2006-09-20,543.7500,551.7500,542.5000,549.2500,19825,549.2500
2006-09-21,549.7500,561.7500,549.0000,558.0000,18394,558.0000
2006-09-22,557.0000,558.2500,548.5000,549.2500,26136,549.2500
2006-09-25,549.0000,549.2500,539.5000,545.0000,18594,545.0000
2006-09-26,544.5000,550.5000,544.2500,546.7500,15443,546.7500
2006-09-27,546.2500,548.7500,542.2500,542.5000,25532,542.5000
2006-09-28,542.7500,554.0000,542.0000,552.7500,25043,552.7500
2006-09-29,552.0000,555.0000,545.5000,547.5000,19449,547.5000
2006-10-02,547.2500,554.7500,544.7500,545.2500,9649,545.2500
2006-10-03,545.0000,545.0000,540.5000,542.5000,29368,542.5000
2006-10-04,542.5000,562.7500,541.0000,555.2500,37679,555.2500
2006-10-05,556.0000,567.2500,554.0000,565.5000,27519,565.5000
2006-10-06,564.7500,570.2500,562.5000,564.0000,27550,564.0000
2006-10-09,563.0000,575.7500,560.5000,574.5000,33391,574.5000
2006-10-10,572.0000,574.5000,560.0000,560.5000,25659,560.5000
2006-10-11,559.7500,569.2500,558.7500,562.2500,41657,562.2500
2006-10-12,561.0000,590.0000,559.0000,579.7500,29248,579.7500
2006-10-13,578.7500,594.7500,578.2500,591.5000,23713,591.5000
2006-10-16,589.0000,593.2500,585.5000,589.0000,31911,589.0000
2006-10-17,588.2500,603.2500,587.5000,600.5000,27508,600.5000
2006-10-18,599.7500,605.7500,594.7500,604.5000,32812,604.5000
2006-10-19,605.0000,614.0000,603.7500,608.0000,22497,608.0000
2006-10-20,608.0000,613.7500,604.5000,606.5000,17987,606.5000
2006-10-23,606.0000,618.0000,602.0000,617.5000,18659,617.5000
2006-10-24,617.0000,625.5000,614.2500,623.5000,16232,623.5000
2006-10-25,623.0000,641.0000,620.7500,622.0000,12992,622.0000
2006-10-26,621.2500,632.5000,612.5000,627.7500,8935,627.7500
2006-10-27,626.2500,639.5000,626.2500,635.5000,10861,635.5000
2006-10-30,633.5000,643.0000,632.5000,639.7500,8055,639.7500
2006-10-31,639.0000,641.0000,630.0000,630.2500,6353,630.2500
2006-11-01,630.0000,646.0000,628.2500,645.0000,6017,645.0000
2006-11-02,646.2500,669.0000,645.2500,648.2500,3292,648.2500
2006-11-03,647.7500,656.0000,642.2500,649.0000,595,649.0000
2006-11-06,645.2500,653.0000,643.0000,649.2500,938,649.2500
2006-11-07,649.5000,657.7500,645.5000,654.7500,779,654.7500
2006-11-08,655.0000,670.5000,655.0000,666.2500,921,666.2500
2006-11-09,665.5000,668.5000,656.5000,657.5000,730,657.5000
2006-11-10,655.0000,657.7500,649.0000,651.2500,423,651.2500
2006-11-13,653.7500,657.5000,644.5000,646.5000,213,646.5000
2006-11-14,645.0000,655.0000,645.0000,656.0000,30446,656.0000
2006-11-15,671.2500,677.7500,662.0000,663.7500,34013,663.7500
2006-11-16,663.0000,670.7500,651.0000,656.5000,25971,656.5000
2006-11-17,657.5000,661.0000,652.2500,660.5000,32607,660.5000
2006-11-20,663.0000,677.0000,662.2500,667.5000,15768,667.5000
2006-11-21,667.7500,673.7500,666.5000,673.0000,21301,673.0000
2006-11-22,674.7500,679.5000,668.2500,674.0000,21301,674.0000
2006-11-23,674.0000,674.0000,674.0000,674.0000,13660,674.0000
2006-11-24,672.7500,687.2500,670.2500,684.2500,30651,684.2500
2006-11-27,684.2500,695.7500,683.7500,688.0000,21655,688.0000
2006-11-28,688.2500,689.7500,681.7500,686.2500,23359,686.2500
2006-11-29,686.5000,691.0000,676.0000,682.2500,32327,682.2500
2006-11-30,684.0000,688.7500,677.7500,685.5000,29382,685.5000
2006-12-01,686.0000,687.5000,675.5000,677.0000,32098,677.0000
2006-12-04,673.2500,675.0000,659.0000,659.2500,25445,659.2500
2006-12-05,657.5000,665.5000,655.2500,664.2500,28933,664.2500
2006-12-06,663.7500,664.7500,652.7500,654.2500,28151,654.2500
2006-12-07,654.2500,663.0000,652.5000,662.0000,36565,662.0000
2006-12-08,663.0000,665.5000,655.2500,656.0000,38668,656.0000
2006-12-11,656.0000,669.0000,652.5000,666.7500,31165,666.7500
2006-12-12,667.2500,670.0000,661.2500,663.0000,31137,663.0000
2006-12-13,662.0000,663.7500,653.2500,661.0000,18708,661.0000
2006-12-14,660.7500,668.5000,659.0000,662.7500,13383,662.7500
2006-12-15,661.0000,662.5000,654.0000,657.5000,15998,657.5000
2006-12-18,657.5000,658.7500,642.7500,648.0000,15897,648.0000
2006-12-19,647.2500,654.2500,647.0000,653.5000,9349,653.5000
2006-12-20,653.0000,656.0000,646.2500,648.2500,10944,648.2500
2006-12-21,648.7500,655.5000,648.7500,650.2500,4795,650.2500
2006-12-22,650.0000,659.7500,650.0000,659.5000,7316,659.5000
2006-12-26,663.0000,675.7500,663.0000,671.5000,5513,671.5000
2006-12-27,670.7500,675.0000,667.7500,669.5000,8701,669.5000
2006-12-28,668.0000,679.5000,668.0000,675.7500,5877,675.7500
2006-12-29,675.5000,684.5000,672.5000,683.5000,4887,683.5000
2007-01-03,680.7500,682.5000,668.2500,669.2500,3387,669.2500
2007-01-04,667.0000,674.5000,659.7500,662.7500,2798,662.7500
2007-01-05,664.7500,667.0000,657.7500,668.0000,1311,668.0000
2007-01-08,664.5000,668.2500,662.2500,665.0000,1736,665.0000
2007-01-09,663.0000,663.0000,650.0000,653.5000,846,653.5000
2007-01-10,651.0000,656.0000,645.5000,653.7500,508,653.7500
2007-01-11,658.7500,665.5000,656.5000,664.0000,1,664.0000
2007-01-12,661.5000,707.2500,660.0000,706.0000,55514,706.0000
2007-01-16,716.0000,721.0000,705.5000,708.5000,53747,708.5000
2007-01-17,708.5000,726.7500,707.5000,722.0000,44581,722.0000
2007-01-18,723.0000,732.0000,713.5000,716.2500,34671,716.2500
2007-01-19,717.2500,723.7500,712.5000,717.7500,32373,717.7500
2007-01-22,713.5000,723.7500,708.0000,717.2500,29654,717.2500
2007-01-23,717.5000,727.5000,716.5000,727.2500,40223,727.2500
2007-01-24,727.5000,728.7500,712.7500,715.0000,33468,715.0000
2007-01-25,717.0000,722.0000,707.2500,713.2500,23036,713.2500
2007-01-26,716.0000,716.0000,708.5000,710.5000,37766,710.5000
2007-01-29,713.0000,715.5000,704.5000,709.5000,40171,709.5000
2007-01-30,710.0000,722.0000,706.5000,721.0000,34622,721.0000
2007-01-31,720.5000,729.0000,717.2500,719.5000,37748,719.5000
2007-02-01,719.5000,729.5000,717.5000,721.5000,39858,721.5000
2007-02-02,720.0000,737.7500,718.5000,736.7500,36444,736.7500
2007-02-05,737.5000,747.5000,734.5000,740.0000,50066,740.0000
2007-02-06,739.0000,746.7500,737.0000,738.7500,49853,738.7500
2007-02-07,739.0000,748.2500,737.0000,741.0000,35618,741.0000
2007-02-08,741.7500,746.7500,737.2500,743.7500,71255,743.7500
2007-02-09,746.7500,757.0000,733.7500,749.2500,35433,749.2500
2007-02-12,748.2500,752.0000,741.0000,745.2500,40291,745.2500
2007-02-13,744.2500,755.7500,743.2500,755.0000,39359,755.0000
2007-02-14,755.5000,757.5000,748.5000,750.5000,53552,750.5000
2007-02-15,752.2500,759.5000,751.2500,758.7500,39488,758.7500
2007-02-16,758.7500,768.5000,754.2500,767.0000,21613,767.0000
2007-02-20,766.7500,772.2500,762.5000,771.0000,27356,771.0000
2007-02-21,770.7500,788.2500,764.7500,781.2500,23062,781.2500
2007-02-22,780.7500,791.0000,779.7500,783.7500,13074,783.7500
2007-02-23,782.0000,786.7500,775.2500,778.2500,10726,778.2500
2007-02-26,778.5000,789.7500,777.0000,778.7500,10964,778.7500
2007-02-27,778.0000,779.5000,756.0000,763.5000,5631,763.5000
2007-02-28,762.7500,773.5000,757.2500,773.2500,5159,773.2500
2007-03-01,773.0000,773.5000,740.0000,746.2500,7474,746.2500
2007-03-02,747.0000,748.0000,735.7500,739.0000,2734,739.0000
2007-03-05,735.0000,736.5000,724.5000,735.7500,1713,735.7500
2007-03-06,736.0000,739.0000,732.0000,733.0000,2208,733.0000
2007-03-07,732.7500,748.2500,731.5000,742.7500,745,742.7500
2007-03-08,747.5000,749.0000,744.0000,745.0000,342,745.0000
2007-03-09,745.0000,746.0000,738.7500,746.5000,452,746.5000
2007-03-12,747.5000,755.5000,744.7500,752.2500,452,752.2500
2007-03-13,753.0000,757.5000,743.0000,744.0000,158,744.0000
2007-03-14,741.0000,741.5000,735.5000,736.5000,40567,736.5000
2007-03-15,754.2500,759.0000,748.7500,750.5000,27913,750.5000
2007-03-16,749.0000,758.5000,744.7500,753.5000,50096,753.5000
2007-03-19,756.2500,760.2500,749.5000,759.5000,35309,759.5000
2007-03-20,759.5000,765.2500,756.7500,764.7500,30703,764.7500
2007-03-21,766.2500,772.0000,764.2500,766.5000,32905,766.5000
2007-03-22,766.0000,772.0000,763.5000,771.7500,26780,771.7500
2007-03-23,771.0000,774.7500,769.0000,769.5000,31050,769.5000
2007-03-26,767.5000,769.0000,752.0000,758.5000,38527,758.5000
2007-03-27,758.0000,761.7500,754.7500,757.0000,23125,757.0000
2007-03-28,757.0000,772.2500,756.5000,770.7500,39565,770.7500
2007-03-29,770.5000,779.0000,767.2500,778.2500,43339,778.2500
2007-03-30,776.0000,779.0000,742.0000,761.2500,82076,761.2500
2007-04-02,756.5000,786.5000,751.2500,779.0000,95179,779.0000
2007-04-03,778.5000,782.7500,760.7500,763.7500,46556,763.7500
2007-04-04,764.2500,772.7500,760.2500,761.0000,44144,761.0000
2007-04-05,761.7500,765.5000,758.2500,760.5000,31989,760.5000
2007-04-09,765.5000,775.0000,748.5000,749.0000,60834,749.0000
2007-04-10,749.2500,753.0000,740.2500,742.5000,58787,742.5000
2007-04-11,744.2500,750.0000,741.5000,746.5000,45302,746.5000
2007-04-12,744.0000,746.7500,732.0000,738.2500,67750,738.2500
2007-04-13,738.0000,746.0000,732.7500,738.0000,51323,738.0000
2007-04-16,733.2500,742.2500,730.2500,736.0000,24636,736.0000
2007-04-17,735.5000,737.7500,722.5000,724.0000,23840,724.0000
2007-04-18,722.0000,724.0000,713.5000,715.5000,27453,715.5000
2007-04-19,714.7500,724.0000,714.5000,718.2500,12654,718.2500
2007-04-20,717.7500,724.7500,714.5000,723.2500,10833,723.2500
2007-04-23,723.2500,725.2500,716.2500,721.2500,12517,721.2500
2007-04-24,720.0000,721.2500,709.2500,709.7500,9279,709.7500
2007-04-25,709.5000,733.0000,708.5000,721.5000,9774,721.5000
2007-04-26,721.2500,726.5000,717.0000,718.2500,14503,718.2500
2007-04-27,718.0000,726.5000,717.2500,723.0000,16070,723.0000
2007-04-30,722.7500,735.2500,717.5000,728.5000,12026,728.5000
2007-05-01,728.5000,743.7500,724.5000,741.2500,6645,741.2500
2007-05-02,739.0000,744.2500,732.5000,734.2500,4856,734.2500
2007-05-03,730.5000,743.2500,730.5000,733.7500,2497,733.7500
2007-05-04,735.0000,738.7500,730.0000,733.5000,2022,733.5000
2007-05-07,734.5000,736.0000,725.0000,729.0000,1812,729.0000
2007-05-08,730.0000,730.0000,722.0000,726.0000,1118,726.0000
2007-05-09,730.7500,735.0000,730.2500,733.7500,531,733.7500
2007-05-10,734.0000,734.0000,732.0000,733.0000,316,733.0000
2007-05-11,733.0000,752.5000,733.0000,750.0000,149,750.0000
2007-05-14,754.0000,760.5000,753.0000,762.2500,41963,762.2500
2007-05-15,766.7500,781.5000,765.5000,778.0000,43297,778.0000
2007-05-16,777.5000,796.5000,777.2500,792.7500,70068,792.7500
2007-05-17,792.7500,796.7500,786.5000,792.7500,39185,792.7500
2007-05-18,796.0000,796.7500,790.2500,792.5000,27230,792.5000
2007-05-21,790.0000,803.0000,787.5000,800.5000,42351,800.5000
2007-05-22,798.0000,802.0000,791.2500,793.2500,39294,793.2500
2007-05-23,789.5000,803.0000,788.0000,800.5000,37824,800.5000
2007-05-24,801.7500,809.2500,800.2500,805.2500,46858,805.2500
2007-05-25,804.0000,814.2500,803.5000,812.5000,36704,812.5000
2007-05-29,809.0000,813.7500,796.7500,797.5000,43082,797.5000
2007-05-30,797.0000,810.7500,791.7500,808.2500,55436,808.2500
2007-05-31,807.5000,815.7500,799.0000,806.2500,54631,806.2500
2007-06-01,807.5000,819.5000,805.0000,817.5000,56304,817.5000
2007-06-04,817.2500,823.0000,813.5000,815.7500,41506,815.7500
2007-06-05,822.0000,830.0000,816.7500,828.2500,59086,828.2500
2007-06-06,828.5000,834.5000,816.0000,822.2500,59070,822.2500
2007-06-07,822.5000,833.0000,818.7500,832.0000,54341,832.0000
2007-06-08,834.2500,835.7500,806.7500,821.5000,73083,821.5000
2007-06-11,838.0000,848.7500,822.2500,830.0000,62280,830.0000
2007-06-12,826.2500,832.5000,822.7500,826.5000,49004,826.5000
2007-06-13,826.2500,828.7500,815.0000,825.7500,59294,825.7500
2007-06-14,824.7500,837.7500,823.2500,827.5000,39293,827.5000
2007-06-15,828.7500,848.0000,827.0000,847.2500,34521,847.2500
2007-06-18,857.2500,863.0000,845.5000,855.2500,33494,855.2500
2007-06-19,855.0000,856.5000,826.7500,829.0000,38664,829.0000
2007-06-20,828.5000,852.0000,828.5000,839.0000,38465,839.0000
2007-06-21,842.2500,847.7500,813.2500,818.5000,34922,818.5000
2007-06-22,820.0000,821.7500,791.7500,797.0000,36612,797.0000
2007-06-25,800.0000,805.5000,793.7500,804.2500,35116,804.2500
2007-06-26,803.2500,811.7500,798.7500,807.0000,24627,807.0000
2007-06-27,804.5000,811.0000,794.7500,803.5000,18765,803.5000
2007-06-28,803.5000,811.5000,800.7500,809.7500,13905,809.7500
2007-06-29,810.0000,878.5000,807.7500,850.0000,21359,850.0000
2007-07-02,854.2500,871.2500,850.0000,865.0000,7505,865.0000
2007-07-03,865.5000,866.5000,849.2500,850.5000,7599,850.5000
2007-07-05,860.0000,862.5000,850.0000,854.5000,4616,854.5000
2007-07-06,857.2500,866.0000,857.2500,864.7500,6515,864.7500
2007-07-09,861.0000,872.7500,855.0000,870.0000,4894,870.0000
2007-07-10,865.0000,887.7500,865.0000,889.0000,6866,889.0000
2007-07-11,885.7500,896.0000,885.5000,891.0000,2397,891.0000
2007-07-12,895.0000,909.7500,894.0000,910.0000,1937,910.0000
2007-07-13,908.0000,909.2500,900.0000,913.0000,4515,913.0000
2007-07-16,908.0000,908.0000,871.7500,871.7500,7328,871.7500
2007-07-17,861.7500,874.0000,828.5000,833.7500,11488,833.7500
2007-07-18,835.0000,852.5000,835.0000,851.2500,12160,851.2500
2007-07-19,852.5000,862.2500,837.0000,856.0000,8815,856.0000
2007-07-20,858.0000,867.5000,843.2500,850.2500,6366,850.2500
2007-07-23,843.7500,843.7500,809.2500,816.2500,9393,816.2500
2007-07-24,818.0000,828.0000,813.5000,820.2500,5834,820.2500
2007-07-25,821.0000,824.7500,814.0000,815.0000,10419,815.0000
2007-07-26,815.0000,830.7500,808.7500,821.5000,7350,821.5000
2007-07-27,821.0000,824.0000,811.7500,815.5000,12556,815.5000
2007-07-30,818.0000,825.0000,815.5000,822.7500,19018,822.7500
2007-07-31,823.5000,838.0000,823.5000,834.0000,11921,834.0000
2007-08-01,834.5000,842.7500,823.5000,825.7500,10742,825.7500
2007-08-02,827.0000,835.5000,826.7500,831.0000,5663,831.0000
2007-08-03,833.0000,841.2500,833.0000,839.0000,4781,839.0000
2007-08-06,825.0000,828.5000,817.0000,826.0000,4769,826.0000
2007-08-07,826.7500,839.5000,824.0000,838.5000,3131,838.5000
2007-08-08,838.0000,854.5000,838.0000,855.0000,2397,855.0000
2007-08-09,857.0000,857.0000,848.7500,858.0000,1178,858.0000
2007-08-10,840.7500,854.2500,840.7500,850.0000,431,850.0000
2007-08-13,859.2500,865.7500,859.0000,861.0000,754,861.0000
2007-08-14,860.0000,860.0000,845.5000,850.0000,4519,850.0000
2007-08-15,848.7500,855.0000,835.7500,839.0000,2908,839.0000
2007-08-16,838.2500,838.2500,789.0000,799.2500,11916,799.2500
2007-08-17,799.2500,814.0000,798.2500,811.5000,3740,811.5000
2007-08-20,806.0000,813.5000,804.0000,811.7500,3592,811.7500
2007-08-21,811.5000,824.2500,811.5000,815.7500,5469,815.7500
2007-08-22,815.7500,834.5000,815.7500,831.2500,3956,831.2500
2007-08-23,831.0000,852.0000,831.0000,842.0000,3240,842.0000
2007-08-24,840.2500,850.5000,838.5000,849.0000,5207,849.0000
2007-08-27,845.0000,857.2500,837.2500,856.5000,5601,856.5000
2007-08-28,850.0000,860.0000,848.2500,855.2500,6675,855.2500
2007-08-29,853.0000,861.7500,848.7500,858.5000,8908,858.5000
2007-08-30,859.0000,878.0000,856.0000,870.5000,10348,870.5000
2007-08-31,870.0000,880.5000,867.0000,868.0000,9569,868.0000
2007-09-04,875.2500,899.2500,875.2500,892.5000,6867,892.5000
2007-09-05,892.7500,899.5000,885.0000,889.0000,6756,889.0000
2007-09-06,885.5000,887.5000,874.7500,878.0000,4832,878.0000
2007-09-07,879.5000,892.7500,872.5000,891.0000,3549,891.0000
2007-09-10,895.0000,902.2500,890.7500,903.5000,3285,903.5000
2007-09-11,900.0000,902.0000,899.7500,905.0000,1528,905.0000
2007-09-12,906.2500,939.2500,906.0000,925.0000,867,925.0000
2007-09-13,926.7500,928.2500,923.0000,928.0000,140,928.0000
2007-09-14,931.2500,943.0000,931.2500,941.0000,62994,941.0000
2007-09-17,963.0000,974.7500,960.0000,968.5000,69023,968.5000
2007-09-18,966.0000,977.7500,960.2500,969.5000,58259,969.5000
2007-09-19,971.2500,977.0000,952.7500,971.0000,68679,971.0000
2007-09-20,969.0000,996.7500,967.5000,988.5000,60826,988.5000
2007-09-21,990.0000,993.0000,978.2500,979.0000,56710,979.0000
2007-09-24,977.5000,987.0000,971.0000,978.7500,53599,978.7500
2007-09-25,975.7500,982.7500,970.0000,973.0000,47776,973.0000
2007-09-26,971.0000,992.2500,970.5000,990.7500,56635,990.7500
2007-09-27,991.5000,1017.7500,991.0000,1009.0000,74294,1009.0000
2007-09-28,1007.5000,1012.0000,985.5000,991.2500,68533,991.2500
2007-10-01,991.5000,999.2500,985.5000,991.5000,46571,991.5000
2007-10-02,991.2500,994.0000,941.5000,943.7500,110060,943.7500
2007-10-03,944.5000,957.5000,931.0000,951.0000,83925,951.0000
2007-10-04,951.2500,958.5000,946.0000,954.2500,52308,954.2500
2007-10-05,954.5000,958.0000,937.2500,940.5000,82416,940.5000
2007-10-08,937.0000,939.2500,922.7500,925.5000,78555,925.5000
2007-10-09,923.0000,952.7500,922.0000,950.2500,81044,950.2500
2007-10-10,952.5000,970.0000,951.5000,968.2500,74671,968.2500
2007-10-11,969.5000,984.2500,963.0000,981.5000,72104,981.5000
2007-10-12,979.0000,993.2500,973.2500,976.7500,89802,976.7500
2007-10-15,977.2500,992.2500,972.5000,987.0000,58495,987.0000
2007-10-16,986.5000,994.0000,974.2500,977.5000,44789,977.5000
2007-10-17,975.0000,988.0000,967.5000,974.2500,59329,974.2500
2007-10-18,974.0000,996.7500,973.0000,991.5000,56957,991.5000
2007-10-19,987.7500,994.0000,975.5000,983.2500,46119,983.2500
2007-10-22,979.0000,984.5000,961.0000,976.5000,60882,976.5000
2007-10-23,976.5000,988.0000,976.2500,981.7500,53611,981.7500
2007-10-24,980.7500,987.0000,974.0000,976.2500,44272,976.2500
2007-10-25,976.5000,996.7500,975.0000,994.7500,40997,994.7500
2007-10-26,993.7500,1007.0000,992.5000,995.5000,36555,995.5000
2007-10-29,1000.0000,1013.7500,996.0000,1011.0000,45139,1011.0000
2007-10-30,1008.5000,1010.2500,990.5000,992.0000,42021,992.0000
2007-10-31,990.2500,1016.5000,987.7500,1010.0000,34617,1010.0000
2007-11-01,1009.5000,1018.5000,964.2500,990.7500,28124,990.7500
2007-11-02,990.0000,1010.0000,988.2500,1001.7500,12854,1001.7500
2007-11-05,996.0000,1009.0000,993.2500,1005.7500,7327,1005.7500
2007-11-06,1005.7500,1036.5000,1004.0000,1029.5000,9222,1029.5000
2007-11-07,1028.0000,1038.0000,1015.2500,1023.7500,5448,1023.7500
2007-11-08,1021.0000,1033.2500,1020.0000,1028.0000,2643,1028.0000
2007-11-09,1027.0000,1043.0000,1019.7500,1043.0000,1339,1043.0000
2007-11-12,1037.2500,1037.5000,1021.0000,1032.7500,1345,1032.7500
2007-11-13,1031.5000,1046.7500,1031.5000,1044.2500,1907,1044.2500
2007-11-14,1045.0000,1068.2500,1043.5000,1066.0000,60548,1066.0000
2007-11-15,1079.5000,1083.2500,1070.5000,1078.7500,63782,1078.7500
2007-11-16,1078.7500,1087.5000,1076.2500,1077.7500,56233,1077.7500
2007-11-19,1079.0000,1090.0000,1069.5000,1070.5000,52959,1070.5000
2007-11-20,1069.0000,1088.2500,1053.0000,1087.0000,56462,1087.0000
2007-11-21,1087.5000,1089.5000,1078.0000,1084.0000,36783,1084.0000
2007-11-23,1084.0000,1103.2500,1082.5000,1100.2500,40952,1100.2500
2007-11-26,1100.5000,1114.0000,1092.0000,1103.7500,66312,1103.7500
2007-11-27,1099.0000,1101.5000,1082.5000,1091.0000,54722,1091.0000
2007-11-28,1093.2500,1097.7500,1080.5000,1096.7500,67584,1096.7500
2007-11-29,1097.0000,1107.0000,1094.0000,1098.0000,49438,1098.0000
2007-11-30,1097.2500,1097.7500,1075.5000,1080.0000,60587,1080.0000
2007-12-03,1083.2500,1091.0000,1068.5000,1078.7500,60519,1078.7500
2007-12-04,1082.2500,1094.5000,1078.2500,1091.5000,56885,1091.5000
2007-12-05,1090.2500,1105.2500,1089.2500,1099.5000,62879,1099.5000
2007-12-06,1097.0000,1103.5000,1088.7500,1098.7500,58774,1098.7500
2007-12-07,1100.0000,1122.0000,1099.5000,1119.7500,79978,1119.7500
2007-12-10,1117.5000,1127.5000,1115.0000,1125.7500,60568,1125.7500
2007-12-11,1123.2500,1137.0000,1122.0000,1135.5000,69557,1135.5000
2007-12-12,1131.2500,1153.2500,1124.5000,1151.5000,81717,1151.5000
2007-12-13,1151.0000,1161.0000,1144.2500,1146.0000,91915,1146.0000
2007-12-14,1146.0000,1164.5000,1144.7500,1157.0000,62751,1157.0000
2007-12-17,1157.5000,1173.7500,1149.0000,1156.7500,58215,1156.7500
2007-12-18,1157.0000,1161.7500,1146.2500,1149.7500,57731,1149.7500
2007-12-19,1152.0000,1160.5000,1148.7500,1159.0000,43542,1159.0000
2007-12-20,1159.5000,1168.2500,1154.5000,1160.7500,51346,1160.7500
2007-12-21,1160.0000,1177.7500,1158.2500,1177.5000,44443,1177.5000
2007-12-24,1175.0000,1184.0000,1170.0000,1181.0000,11239,1181.0000
2007-12-26,1191.0000,1227.0000,1190.0000,1220.7500,21845,1220.7500
2007-12-27,1220.5000,1224.2500,1209.2500,1212.5000,25829,1212.5000
2007-12-28,1211.0000,1230.0000,1165.0000,1207.7500,26725,1207.7500
2007-12-31,1197.0000,1202.0000,1180.7500,1199.0000,20777,1199.0000
2008-01-02,1206.2500,1246.7500,1206.2500,1232.5000,18605,1232.5000
2008-01-03,1233.5000,1253.5000,1230.2500,1251.5000,13656,1251.5000
2008-01-04,1254.7500,1262.2500,1236.0000,1249.0000,9660,1249.0000
2008-01-07,1244.2500,1249.0000,1232.7500,1236.0000,7416,1236.0000
2008-01-08,1239.2500,1265.5000,1239.2500,1256.5000,5332,1256.5000
2008-01-09,1255.5000,1262.5000,1247.5000,1249.0000,4381,1249.0000
2008-01-10,1247.2500,1252.5000,1237.7500,1244.0000,1443,1244.0000
2008-01-11,1245.0000,1295.2500,1245.0000,1286.0000,1443,1286.0000
2008-01-14,1286.0000,1320.0000,1286.0000,1297.0000,64728,1297.0000
2008-01-15,1293.2500,1314.2500,1281.2500,1301.5000,64728,1301.5000
2008-01-16,1296.5000,1301.2500,1251.7500,1277.0000,64728,1277.0000
2008-01-17,1279.0000,1312.2500,1262.5000,1271.0000,64728,1271.0000
2008-01-18,1265.2500,1277.0000,1244.0000,1263.0000,116003,1263.0000
2008-01-22,1240.0000,1255.5000,1214.0000,1239.5000,112662,1239.5000
2008-01-23,1238.0000,1251.2500,1189.5000,1189.5000,112775,1189.5000
2008-01-24,1198.2500,1239.0000,1197.0000,1230.5000,91695,1230.5000
2008-01-25,1235.5000,1253.0000,1226.2500,1243.0000,81500,1243.0000
2008-01-28,1244.0000,1259.5000,1228.2500,1253.7500,74489,1253.7500
2008-01-29,1256.2500,1268.0000,1247.2500,1266.7500,76170,1266.7500
2008-01-30,1270.7500,1278.5000,1258.7500,1275.7500,70797,1275.7500
2008-01-31,1274.2500,1279.5000,1262.2500,1274.5000,76552,1274.5000
2008-02-01,1275.2500,1298.5000,1275.2500,1287.2500,78537,1287.2500
2008-02-04,1289.5000,1328.0000,1288.5000,1326.0000,97045,1326.0000
2008-02-05,1328.2500,1330.0000,1309.5000,1323.0000,89741,1323.0000
2008-02-06,1329.2500,1373.0000,1316.0000,1318.5000,154753,1318.5000
2008-02-07,1315.5000,1334.5000,1301.0000,1331.5000,121024,1331.5000
2008-02-08,1336.5000,1374.5000,1329.5000,1339.0000,139129,1339.0000
2008-02-11,1345.2500,1354.5000,1313.5000,1326.0000,86426,1326.0000
2008-02-12,1327.0000,1346.5000,1306.5000,1321.0000,100100,1321.0000
2008-02-13,1319.7500,1334.0000,1312.0000,1328.5000,82917,1328.5000
2008-02-14,1333.2500,1369.5000,1329.0000,1368.0000,73105,1368.0000
2008-02-15,1371.2500,1387.0000,1357.2500,1373.7500,77428,1373.7500
2008-02-19,1375.0000,1411.0000,1375.0000,1398.5000,83917,1398.5000
2008-02-20,1400.7500,1401.7500,1388.2500,1397.7500,54992,1397.7500
2008-02-21,1399.2500,1418.5000,1388.7500,1405.7500,57242,1405.7500
2008-02-22,1408.2500,1422.2500,1398.2500,1420.0000,38324,1420.0000
2008-02-25,1425.0000,1467.2500,1423.5000,1452.0000,46375,1452.0000
2008-02-26,1451.2500,1475.5000,1425.5000,1466.7500,37241,1466.7500
2008-02-27,1469.2500,1474.5000,1443.2500,1459.0000,34980,1459.0000
2008-02-28,1455.0000,1500.0000,1453.2500,1498.5000,52353,1498.5000
2008-02-29,1496.7500,1522.2500,1486.5000,1522.0000,29781,1522.0000
2008-03-03,1519.5000,1571.0000,1519.5000,1544.5000,19470,1544.5000
2008-03-04,1548.7500,1565.2500,1486.0000,1494.0000,18623,1494.0000
2008-03-05,1501.7500,1537.2500,1463.0000,1490.5000,10057,1490.5000
2008-03-06,1496.0000,1514.5000,1415.0000,1443.0000,7030,1443.0000
2008-03-07,1436.5000,1442.5000,1343.0000,1341.0000,6011,1341.0000
2008-03-10,1341.0000,1393.0000,1328.2500,1388.0000,6898,1388.0000
2008-03-11,1390.0000,1417.5000,1375.0000,1392.5000,2313,1392.5000
2008-03-12,1377.2500,1393.5000,1368.7500,1379.0000,1408,1379.0000
2008-03-13,1376.5000,1407.5000,1376.0000,1387.0000,771,1387.0000
2008-03-14,1396.0000,1396.0000,1338.5000,1340.0000,66845,1340.0000
2008-03-17,1352.0000,1374.2500,1302.7500,1302.7500,31918,1302.7500
2008-03-18,1254.5000,1318.7500,1252.7500,1307.0000,118504,1307.0000
2008-03-19,1308.0000,1315.5000,1257.0000,1257.0000,47701,1257.0000
2008-03-20,1229.5000,1236.0000,1207.0000,1207.0000,75337,1207.0000
2008-03-24,1210.7500,1257.0000,1210.7500,1257.0000,69857,1257.0000
2008-03-25,1275.7500,1307.0000,1269.5000,1307.0000,33580,1307.0000
2008-03-26,1357.0000,1357.0000,1325.0000,1352.0000,99729,1352.0000
2008-03-27,1345.5000,1351.7500,1325.5000,1327.2500,64318,1327.2500
2008-03-28,1322.2500,1337.5000,1258.2500,1267.2500,66487,1267.2500
2008-03-31,1280.0000,1300.0000,1197.2500,1197.2500,48201,1197.2500
2008-04-01,1167.0000,1229.7500,1106.5000,1211.0000,152342,1211.0000
2008-04-02,1222.2500,1246.7500,1187.0000,1243.0000,100041,1243.0000
2008-04-03,1250.2500,1263.5000,1231.7500,1257.0000,74229,1257.0000
2008-04-04,1260.5000,1279.0000,1254.5000,1277.0000,58681,1277.0000
2008-04-07,1275.7500,1295.0000,1245.0000,1255.0000,84574,1255.0000
2008-04-08,1245.0000,1269.0000,1245.0000,1251.5000,90172,1251.5000
2008-04-09,1255.0000,1321.5000,1254.7500,1313.0000,105418,1313.0000
2008-04-10,1317.0000,1380.5000,1314.0000,1356.0000,130343,1356.0000
2008-04-11,1354.0000,1361.0000,1327.5000,1332.5000,88492,1332.5000
2008-04-14,1344.2500,1376.2500,1319.7500,1372.5000,89560,1372.5000
2008-04-15,1374.5000,1398.0000,1369.0000,1380.0000,69358,1380.0000
2008-04-16,1379.5000,1392.0000,1333.5000,1344.7500,85170,1344.7500
2008-04-17,1345.0000,1367.2500,1327.0000,1350.5000,45881,1350.5000
2008-04-18,1352.5000,1370.2500,1315.0000,1361.5000,32390,1361.5000
2008-04-21,1362.0000,1364.0000,1291.5000,1315.5000,41279,1315.5000
2008-04-22,1316.0000,1384.5000,1307.0000,1374.7500,39079,1374.7500
2008-04-23,1385.5000,1395.2500,1360.0000,1372.0000,43312,1372.0000
2008-04-24,1370.0000,1379.0000,1340.0000,1348.7500,46727,1348.7500
2008-04-25,1348.5000,1360.7500,1320.0000,1325.7500,33311,1325.7500
2008-04-28,1330.5000,1345.0000,1266.0000,1283.5000,52005,1283.5000
2008-04-29,1287.0000,1294.0000,1266.5000,1279.5000,31248,1279.5000
2008-04-30,1276.2500,1335.7500,1268.5000,1301.7500,19869,1301.7500
2008-05-01,1305.0000,1313.0000,1226.2500,1258.7500,9688,1258.7500
2008-05-02,1252.0000,1300.0000,1251.0000,1292.5000,6619,1292.5000
2008-05-05,1284.5000,1298.7500,1269.2500,1273.0000,8743,1273.0000
2008-05-06,1272.0000,1321.0000,1264.5000,1264.5000,3864,1264.5000
2008-05-07,1268.2500,1298.7500,1265.2500,1297.2500,1488,1297.2500
2008-05-08,1301.5000,1307.0000,1286.5000,1298.2500,1195,1298.2500
2008-05-09,1304.0000,1353.2500,1301.0000,1349.5000,1656,1349.5000
2008-05-12,1358.2500,1361.7500,1335.5000,1335.0000,1397,1335.0000
2008-05-13,1335.0000,1365.5000,1331.0000,1374.5000,902,1374.5000
2008-05-14,1377.0000,1381.5000,1365.0000,1371.0000,54758,1371.0000
2008-05-15,1379.0000,1380.0000,1311.0000,1347.5000,85114,1347.5000
2008-05-16,1350.5000,1402.0000,1349.5000,1378.0000,72717,1378.0000
2008-05-19,1377.2500,1377.2500,1321.5000,1333.0000,65873,1333.0000
2008-05-20,1340.5000,1363.5000,1323.0000,1331.5000,60112,1331.5000
2008-05-21,1329.2500,1358.0000,1326.0000,1349.0000,67742,1349.0000
2008-05-22,1350.2500,1367.2500,1312.5000,1324.7500,79457,1324.7500
2008-05-23,1324.0000,1372.0000,1322.7500,1368.0000,70520,1368.0000
2008-05-27,1384.0000,1390.0000,1340.0000,1347.7500,66697,1347.7500
2008-05-28,1345.0000,1385.0000,1336.5000,1372.7500,77931,1372.7500
2008-05-29,1372.2500,1376.0000,1307.7500,1322.7500,105441,1322.7500
2008-05-30,1316.0000,1365.0000,1308.0000,1363.5000,85600,1363.5000
2008-06-02,1357.0000,1384.5000,1353.0000,1365.5000,71215,1365.5000
2008-06-03,1364.7500,1384.0000,1346.5000,1359.5000,83711,1359.5000
2008-06-04,1362.0000,1400.0000,1348.5000,1389.0000,76842,1389.0000
2008-06-05,1392.0000,1456.0000,1390.2500,1452.0000,140793,1452.0000
2008-06-06,1452.7500,1487.7500,1448.5000,1457.5000,111277,1457.5000
2008-06-09,1469.2500,1489.5000,1446.5000,1452.0000,114141,1452.0000
2008-06-10,1453.5000,1465.7500,1419.0000,1446.5000,108036,1446.5000
2008-06-11,1453.5000,1516.5000,1452.2500,1516.5000,91301,1516.5000
2008-06-12,1530.7500,1546.7500,1492.2500,1536.5000,122786,1536.5000
2008-06-13,1537.0000,1571.7500,1520.2500,1560.0000,106149,1560.0000
2008-06-16,1569.7500,1588.5000,1523.5000,1534.0000,106190,1534.0000
2008-06-17,1532.7500,1566.7500,1524.0000,1558.0000,75162,1558.0000
2008-06-18,1558.0000,1573.2500,1539.2500,1556.0000,58585,1556.0000
2008-06-19,1558.2500,1566.0000,1515.0000,1545.5000,71557,1545.5000
2008-06-20,1545.7500,1569.5000,1522.0000,1532.5000,69225,1532.5000
2008-06-23,1522.0000,1525.0000,1489.7500,1515.0000,66704,1515.0000
2008-06-24,1519.0000,1528.7500,1492.2500,1501.0000,54943,1501.0000
2008-06-25,1500.0000,1539.5000,1491.0000,1537.5000,51262,1537.5000
2008-06-26,1537.0000,1580.0000,1533.5000,1574.2500,55879,1574.2500
2008-06-27,1574.2500,1593.0000,1572.0000,1581.5000,42290,1581.5000
2008-06-30,1581.7500,1607.2500,1561.5000,1605.0000,19851,1605.0000
2008-07-01,1604.7500,1630.0000,1600.0000,1628.0000,12668,1628.0000
2008-07-02,1635.2500,1649.7500,1614.0000,1645.7500,9580,1645.7500
2008-07-03,1648.7500,1663.0000,1621.7500,1658.0000,4965,1658.0000
2008-07-07,1641.7500,1641.7500,1567.2500,1589.0000,8804,1589.0000
2008-07-08,1596.0000,1596.0000,1518.5000,1561.0000,3781,1561.0000
2008-07-09,1576.7500,1582.2500,1565.0000,1578.0000,2667,1578.0000
2008-07-10,1578.0000,1610.2500,1570.0000,1609.5000,2294,1609.5000
2008-07-11,1618.0000,1645.2500,1599.0000,1630.5000,1921,1630.5000
2008-07-14,1603.7500,1603.7500,1581.0000,1595.0000,24419,1595.0000
2008-07-15,1578.0000,1604.0000,1537.2500,1542.0000,46917,1542.0000
2008-07-16,1540.5000,1584.2500,1516.5000,1573.0000,29725,1573.0000
2008-07-17,1575.2500,1585.7500,1513.2500,1521.0000,39209,1521.0000
2008-07-18,1517.7500,1532.5000,1470.2500,1470.0000,30577,1470.0000
2008-07-21,1455.7500,1469.2500,1408.5000,1409.5000,54051,1409.5000
2008-07-22,1410.7500,1430.7500,1384.7500,1416.7500,32107,1416.7500
2008-07-23,1416.0000,1421.2500,1372.5000,1394.2500,25005,1394.2500
2008-07-24,1389.7500,1407.7500,1368.5000,1385.0000,23783,1385.0000
2008-07-25,1387.0000,1407.0000,1372.0000,1398.7500,25016,1398.7500
2008-07-28,1404.0000,1429.7500,1384.2500,1400.2500,32184,1400.2500
2008-07-29,1404.7500,1407.0000,1354.2500,1384.2500,35185,1384.2500
2008-07-30,1386.5000,1400.0000,1364.2500,1394.0000,29361,1394.0000
2008-07-31,1394.0000,1410.0000,1378.0000,1395.7500,10494,1395.7500
2008-08-01,1395.0000,1404.5000,1355.7500,1357.7500,5135,1357.7500
2008-08-04,1348.0000,1350.7500,1268.0000,1287.0000,5672,1287.0000
2008-08-05,1274.2500,1298.0000,1243.0000,1262.5000,3594,1262.5000
2008-08-06,1256.5000,1268.5000,1196.7500,1220.5000,2182,1220.5000
2008-08-07,1222.5000,1257.5000,1222.5000,1243.0000,1467,1243.0000
2008-08-08,1249.0000,1249.0000,1186.2500,1199.0000,1715,1199.0000
2008-08-11,1200.0000,1222.0000,1194.0000,1215.0000,787,1215.0000
2008-08-12,1200.0000,1225.2500,1200.0000,1220.0000,445,1220.0000
2008-08-13,1224.0000,1285.7500,1222.0000,1270.0000,528,1270.0000
2008-08-14,1288.7500,1291.0000,1237.5000,1245.5000,11308,1245.5000
2008-08-15,1265.0000,1267.0000,1196.0000,1211.5000,7163,1211.5000
2008-08-18,1220.0000,1281.5000,1205.0000,1279.0000,9698,1279.0000
2008-08-19,1277.5000,1331.2500,1250.0000,1267.0000,9677,1267.0000
2008-08-20,1274.7500,1309.0000,1267.7500,1293.7500,11780,1293.7500
2008-08-21,1294.7500,1363.7500,1291.0000,1341.0000,10202,1341.0000
2008-08-22,1341.0000,1341.0000,1308.2500,1321.0000,8919,1321.0000
2008-08-25,1341.5000,1363.0000,1331.0000,1339.2500,12715,1339.2500
2008-08-26,1337.0000,1346.5000,1302.0000,1337.5000,9004,1337.5000
2008-08-27,1337.7500,1364.5000,1325.7500,1348.0000,16168,1348.0000
2008-08-28,1348.0000,1350.0000,1313.7500,1332.5000,12906,1332.5000
2008-08-29,1332.5000,1348.5000,1328.0000,1332.0000,4358,1332.0000
2008-09-02,1306.0000,1306.0000,1265.5000,1301.5000,2261,1301.5000
2008-09-03,1311.0000,1315.5000,1231.7500,1251.0000,3270,1251.0000
2008-09-04,1251.2500,1260.0000,1233.7500,1234.0000,1641,1234.0000
2008-09-05,1210.0000,1215.7500,1173.7500,1180.0000,791,1180.0000
2008-09-08,1194.5000,1200.5000,1178.0000,1194.5000,725,1194.5000
2008-09-09,1192.0000,1210.2500,1163.7500,1209.0000,628,1209.0000
2008-09-10,1203.0000,1206.0000,1184.0000,1181.5000,1137,1181.5000
2008-09-11,1191.0000,1218.2500,1170.7500,1216.0000,1503,1216.0000
2008-09-12,1235.0000,1379.0000,1235.0000,1490.0000,107486,1490.0000
2008-09-15,1208.0000,1210.0000,1155.2500,1179.0000,105662,1179.0000
2008-09-16,1168.7500,1179.0000,1110.2500,1124.0000,124148,1124.0000
2008-09-17,1123.5000,1144.0000,1107.0000,1139.0000,122597,1139.0000
2008-09-18,1135.7500,1151.5000,1099.5000,1116.0000,105469,1116.0000
2008-09-19,1120.5000,1157.7500,1117.0000,1143.5000,77277,1143.5000
2008-09-22,1144.2500,1212.2500,1134.0000,1205.0000,103410,1205.0000
2008-09-23,1203.7500,1211.0000,1168.2500,1187.0000,90004,1187.0000
2008-09-24,1192.0000,1208.0000,1178.2500,1187.0000,76199,1187.0000
2008-09-25,1187.7500,1204.5000,1168.2500,1183.0000,81560,1183.0000
2008-09-26,1183.5000,1197.7500,1155.7500,1164.0000,67982,1164.0000
2008-09-29,1159.5000,1160.5000,1094.0000,1094.0000,63271,1094.0000
2008-09-30,1077.7500,1096.0000,1039.0000,1045.0000,121727,1045.0000
2008-10-01,1054.7500,1066.0000,1039.2500,1053.0000,94769,1053.0000
2008-10-02,1053.5000,1059.2500,992.2500,1004.0000,113619,1004.0000
2008-10-03,1004.0000,1023.7500,991.2500,992.0000,96340,992.0000
2008-10-06,971.0000,983.0000,922.0000,922.0000,89745,922.0000
2008-10-07,922.7500,951.5000,916.7500,926.0000,116320,926.0000
2008-10-08,930.0000,989.0000,911.0000,964.0000,124068,964.0000
2008-10-09,960.0000,990.0000,947.0000,980.0000,95188,980.0000
2008-10-10,951.5000,955.0000,910.0000,910.0000,48654,910.0000
2008-10-13,902.7500,938.7500,881.5000,928.0000,103546,928.0000
2008-10-14,936.5000,958.0000,893.2500,896.0000,101989,896.0000
2008-10-15,894.0000,911.0000,846.5000,858.0000,108313,858.0000
2008-10-16,850.0000,874.7500,825.0000,867.0000,113002,867.0000
2008-10-17,881.5000,909.0000,876.5000,894.0000,99557,894.0000
2008-10-20,890.7500,934.5000,890.0000,929.0000,101124,929.0000
2008-10-21,934.5000,944.5000,892.0000,908.0000,115614,908.0000
2008-10-22,910.5000,912.7500,858.0000,859.0000,88133,859.0000
2008-10-23,861.5000,906.7500,850.0000,884.5000,87246,884.5000
2008-10-24,895.7500,920.2500,844.2500,863.7500,97707,863.7500
2008-10-27,879.5000,904.0000,851.2500,893.0000,87817,893.0000
2008-10-28,903.0000,952.0000,862.2500,878.7500,125693,878.7500
2008-10-29,896.0000,948.7500,890.5000,937.2500,78876,937.2500
2008-10-30,935.7500,964.0000,918.5000,934.0000,49760,934.0000
2008-10-31,933.7500,940.0000,910.0000,925.2500,25726,925.2500
2008-11-03,922.7500,949.0000,912.5000,928.2500,21905,928.2500
2008-11-04,926.2500,972.0000,914.7500,949.5000,16594,949.5000
2008-11-05,950.7500,955.7500,893.7500,894.7500,11006,894.7500
2008-11-06,894.7500,904.5000,874.2500,899.5000,11435,899.5000
2008-11-07,896.0000,918.0000,894.7500,911.7500,7211,911.7500
2008-11-10,944.7500,946.2500,910.2500,940.0000,6433,940.0000
2008-11-11,930.0000,936.5000,889.2500,908.0000,3964,908.0000
2008-11-12,903.5000,912.2500,880.2500,885.2500,2702,885.2500
2008-11-13,875.0000,902.7500,865.0000,887.0000,2542,887.0000
2008-11-14,903.0000,903.0000,873.2500,878.0000,48947,878.0000
2008-11-17,890.0000,917.7500,885.0000,906.5000,72159,906.5000
2008-11-18,904.0000,913.0000,892.5000,902.0000,61865,902.0000
2008-11-19,902.7500,921.2500,893.2500,897.0000,66840,897.0000
2008-11-20,888.2500,891.0000,854.5000,856.0000,96332,856.0000
2008-11-21,850.5000,862.7500,835.2500,840.0000,72244,840.0000
2008-11-24,852.0000,899.7500,841.5000,884.0000,76786,884.0000
2008-11-25,883.5000,892.7500,871.0000,883.0000,65724,883.0000
2008-11-26,885.5000,898.7500,881.2500,886.0000,49039,886.0000
2008-11-28,888.5000,895.7500,870.0000,883.0000,26902,883.0000
2008-12-01,879.2500,882.7500,841.0000,846.0000,61169,846.0000
2008-12-02,841.7500,857.2500,826.0000,827.0000,86324,827.0000
2008-12-03,830.2500,844.0000,819.2500,830.0000,80595,830.0000
2008-12-04,832.2500,834.0000,808.0000,811.0000,82285,811.0000
2008-12-05,811.0000,811.0000,776.2500,783.5000,101361,783.5000
2008-12-08,789.2500,827.5000,788.5000,820.5000,84414,820.5000
2008-12-09,821.2500,827.2500,809.2500,813.0000,84377,813.0000
2008-12-10,813.0000,842.0000,810.7500,829.5000,87263,829.5000
2008-12-11,830.2500,865.7500,826.7500,856.5000,90418,856.5000
2008-12-12,851.5000,864.0000,828.0000,854.0000,96273,854.0000
2008-12-15,856.0000,877.2500,843.5000,846.0000,81488,846.0000
2008-12-16,846.0000,863.0000,840.0000,858.5000,68580,858.5000
2008-12-17,868.2500,877.2500,850.7500,864.0000,90610,864.0000
2008-12-18,861.0000,873.2500,854.5000,869.5000,44099,869.5000
2008-12-19,864.7500,869.5000,859.5000,868.2500,35405,868.2500
2008-12-22,872.5000,895.0000,862.2500,886.5000,47926,886.5000
2008-12-23,883.0000,901.2500,877.7500,901.0000,42302,901.0000
2008-12-24,899.7500,916.7500,896.7500,915.7500,19894,915.7500
2008-12-26,920.5000,963.0000,920.2500,951.7500,21277,951.7500
2008-12-29,954.0000,976.2500,930.2500,938.5000,42329,938.5000
2008-12-30,935.5000,951.0000,931.5000,945.7500,35206,945.7500
2008-12-31,942.5000,975.2500,936.0000,972.2500,16411,972.2500
2009-01-02,965.0000,985.7500,963.0000,970.0000,14287,970.0000
2009-01-05,970.0000,986.5000,960.0000,983.7500,14204,983.7500
2009-01-06,980.0000,1018.0000,979.5000,1014.2500,11088,1014.2500
2009-01-07,1013.0000,1018.7500,989.5000,990.0000,5703,990.0000
2009-01-08,983.5000,1004.2500,978.5000,989.0000,5374,989.0000
2009-01-09,994.0000,1040.2500,993.5000,1037.5000,1996,1037.5000
2009-01-12,1040.0000,1046.5000,951.2500,954.0000,1750,954.0000
2009-01-13,961.5000,988.5000,961.5000,969.5000,1238,969.5000
2009-01-14,979.0000,987.2500,962.0000,978.0000,88530,978.0000
2009-01-15,969.0000,1025.0000,957.7500,994.5000,132543,994.5000
2009-01-16,997.5000,1022.7500,997.2500,1020.0000,85832,1020.0000
2009-01-20,1018.2500,1037.0000,977.5000,992.0000,101814,992.0000
2009-01-21,990.0000,1021.0000,986.5000,1020.5000,82806,1020.5000
2009-01-22,1021.2500,1034.7500,996.2500,1012.0000,91246,1012.0000
2009-01-23,1008.0000,1034.2500,1001.5000,1009.0000,118140,1009.0000
2009-01-26,1015.0000,1041.5000,991.5000,1009.0000,96777,1009.0000
2009-01-27,1007.0000,1017.2500,973.0000,976.0000,81612,976.0000
2009-01-28,978.7500,994.0000,966.0000,982.5000,72551,982.5000
2009-01-29,983.5000,984.7500,965.2500,970.5000,56906,970.5000
2009-01-30,973.2500,989.5000,965.0000,980.0000,56906,980.0000
2009-02-02,972.5000,976.2500,943.2500,959.5000,78746,959.5000
2009-02-03,958.7500,962.7500,934.5000,946.0000,91186,946.0000
2009-02-04,945.2500,968.2500,944.2500,949.5000,92254,949.5000
2009-02-05,947.7500,987.7500,946.2500,980.0000,80863,980.0000
2009-02-06,979.0000,1007.7500,976.7500,1001.0000,96649,1001.0000
2009-02-09,997.0000,1019.0000,991.5000,1002.0000,82869,1002.0000
2009-02-10,1000.0000,1010.0000,982.2500,994.0000,84859,994.0000
2009-02-11,988.2500,996.0000,976.0000,978.0000,86828,978.0000
2009-02-12,978.0000,985.2500,967.5000,968.5000,81827,968.5000
2009-02-13,970.0000,981.5000,955.0000,955.5000,66630,955.5000
2009-02-17,955.0000,960.0000,899.0000,903.0000,92798,903.0000
2009-02-18,902.0000,909.7500,885.2500,887.5000,90027,887.5000
2009-02-19,885.5000,902.0000,881.2500,884.5000,79621,884.5000
2009-02-20,883.0000,889.2500,854.0000,862.5000,87839,862.5000
2009-02-23,864.5000,894.5000,860.7500,872.7500,73765,872.7500
2009-02-24,870.2500,881.5000,865.2500,881.0000,39757,881.0000
2009-02-25,880.2500,890.7500,863.0000,878.0000,41558,878.0000
2009-02-26,878.0000,889.5000,858.0000,869.2500,36884,869.2500
2009-02-27,865.5000,879.2500,851.0000,874.5000,12578,874.5000
2009-03-02,869.5000,874.0000,843.0000,848.5000,5946,848.5000
2009-03-03,846.5000,864.5000,846.5000,863.0000,5498,863.0000
2009-03-04,860.0000,888.2500,860.0000,875.5000,3110,875.5000
2009-03-05,876.0000,876.5000,853.0000,862.5000,2415,862.5000
2009-03-06,867.0000,888.5000,867.0000,879.0000,1771,879.0000
2009-03-09,892.2500,892.2500,879.0000,881.0000,826,881.0000
2009-03-10,881.0000,905.0000,881.0000,889.0000,714,889.0000
2009-03-11,889.0000,899.0000,870.2500,875.0000,435,875.0000
2009-03-12,875.0000,897.0000,875.0000,899.0000,608,899.0000
2009-03-13,898.0000,903.5000,881.7500,882.5000,64528,882.5000
2009-03-16,869.2500,918.0000,864.7500,911.0000,95910,911.0000
2009-03-17,908.5000,921.7500,902.7500,913.0000,74041,913.0000
2009-03-18,913.0000,920.7500,909.0000,915.0000,53267,915.0000
2009-03-19,929.5000,952.7500,928.2500,940.5000,91583,940.5000
2009-03-20,937.0000,953.0000,935.2500,952.0000,69007,952.0000
2009-03-23,952.2500,981.2500,950.7500,955.5000,76475,955.5000
2009-03-24,956.5000,970.7500,948.2500,967.0000,69182,967.0000
2009-03-25,965.0000,971.0000,948.0000,951.0000,86827,951.0000
2009-03-26,950.7500,962.0000,941.2500,944.0000,66467,944.0000
2009-03-27,943.0000,948.7500,916.0000,917.0000,79941,917.0000
2009-03-30,917.5000,924.0000,897.0000,904.5000,70956,904.5000
2009-03-31,904.5000,954.0000,904.5000,952.0000,103109,952.0000
2009-04-01,949.0000,959.7500,943.0000,952.0000,65782,952.0000
2009-04-02,951.7500,987.5000,951.0000,977.0000,91786,977.0000
2009-04-03,974.2500,997.5000,972.0000,995.5000,70332,995.5000
2009-04-06,995.2500,1009.0000,983.0000,994.0000,83140,994.0000
2009-04-07,994.7500,1006.0000,987.2500,989.5000,97974,989.5000
2009-04-08,986.5000,1011.2500,981.5000,1006.0000,102116,1006.0000
2009-04-09,1005.0000,1030.7500,1005.0000,1007.0000,97818,1007.0000
2009-04-13,1007.0000,1023.0000,998.2500,1021.5000,71496,1021.5000
2009-04-14,1019.2500,1043.5000,1015.0000,1036.0000,109675,1036.0000
2009-04-15,1035.0000,1046.5000,1028.5000,1035.0000,85474,1035.0000
2009-04-16,1035.0000,1058.5000,1034.5000,1058.5000,100640,1058.5000
2009-04-17,1057.7500,1073.0000,1048.0000,1051.0000,111188,1051.0000
2009-04-20,1047.2500,1064.0000,1017.0000,1018.5000,72949,1018.5000
2009-04-21,1020.7500,1042.7500,1012.7500,1038.0000,71968,1038.0000
2009-04-22,1041.0000,1051.0000,1035.2500,1046.0000,40032,1046.0000
2009-04-23,1046.0000,1063.7500,1033.7500,1037.7500,43145,1037.7500
2009-04-24,1035.7500,1046.7500,1029.0000,1040.2500,27118,1040.2500
2009-04-27,1034.0000,1034.0000,984.5000,1004.7500,38496,1004.7500
2009-04-28,1007.5000,1017.7500,988.0000,989.5000,33780,989.5000
2009-04-29,990.0000,1034.7500,986.0000,1034.0000,34156,1034.0000
2009-04-30,1031.7500,1072.0000,1029.7500,1070.0000,23117,1070.0000
2009-05-01,1068.2500,1103.5000,1060.7500,1102.0000,5244,1102.0000
2009-05-04,1098.5000,1133.2500,1047.0000,1115.2500,3327,1115.2500
2009-05-05,1120.0000,1127.0000,1107.0000,1116.0000,2635,1116.0000
2009-05-06,1116.2500,1133.2500,1115.0000,1135.0000,2105,1135.0000
2009-05-07,1132.2500,1145.0000,1116.0000,1119.0000,1813,1119.0000
2009-05-08,1126.0000,1132.7500,1118.0000,1134.0000,2010,1134.0000
2009-05-11,1120.0000,1134.0000,1113.0000,1130.0000,2010,1130.0000
2009-05-12,1129.0000,1137.0000,1115.0000,1137.5000,793,1137.5000
2009-05-13,1156.7500,1156.7500,1135.7500,1150.0000,651,1150.0000
2009-05-14,1150.0000,1166.0000,1140.0000,1166.0000,92517,1166.0000
2009-05-15,1146.0000,1156.2500,1124.7500,1130.5000,80095,1130.5000
2009-05-18,1125.0000,1148.2500,1113.5000,1146.5000,70539,1146.5000
2009-05-19,1146.0000,1169.2500,1141.0000,1162.0000,84935,1162.0000
2009-05-20,1161.7500,1189.5000,1160.0000,1169.0000,101894,1169.0000
2009-05-21,1166.0000,1177.5000,1150.0000,1175.0000,77541,1175.0000
2009-05-22,1174.0000,1184.7500,1164.0000,1166.0000,67138,1166.0000
2009-05-26,1155.2500,1187.5000,1151.0000,1185.5000,83020,1185.5000
2009-05-27,1191.0000,1200.7500,1177.7500,1187.0000,94011,1187.0000
2009-05-28,1181.2500,1197.5000,1175.2500,1179.0000,77914,1179.0000
2009-05-29,1177.2500,1193.0000,1175.2500,1184.0000,72105,1184.0000
2009-06-01,1186.0000,1227.0000,1183.0000,1218.5000,97966,1218.5000
2009-06-02,1218.0000,1221.7500,1200.5000,1209.0000,71037,1209.0000
2009-06-03,1210.5000,1212.7500,1181.0000,1182.0000,84924,1182.0000
2009-06-04,1182.0000,1232.0000,1177.0000,1230.0000,92737,1230.0000
2009-06-05,1231.0000,1236.5000,1211.5000,1225.5000,83368,1225.5000
2009-06-08,1227.0000,1239.7500,1216.0000,1232.5000,87744,1232.5000
2009-06-09,1234.0000,1249.0000,1226.7500,1243.5000,90915,1243.5000
2009-06-10,1240.0000,1255.5000,1237.5000,1246.0000,99293,1246.0000
2009-06-11,1249.2500,1291.2500,1248.2500,1267.0000,114543,1267.0000
2009-06-12,1268.0000,1281.7500,1235.5000,1245.5000,82868,1245.5000
2009-06-15,1244.0000,1254.5000,1197.0000,1197.0000,78277,1197.0000
2009-06-16,1202.0000,1219.0000,1187.5000,1201.2500,71112,1201.2500
2009-06-17,1203.0000,1215.0000,1188.0000,1206.2500,72146,1206.2500
2009-06-18,1211.0000,1226.0000,1199.0000,1213.7500,57248,1213.7500
2009-06-19,1217.7500,1225.7500,1175.5000,1179.0000,67108,1179.0000
2009-06-22,1184.0000,1184.5000,1150.5000,1151.5000,65480,1151.5000
2009-06-23,1152.2500,1182.0000,1152.2500,1179.0000,41210,1179.0000
2009-06-24,1179.0000,1194.5000,1170.5000,1185.0000,42577,1185.0000
2009-06-25,1182.7500,1202.0000,1180.0000,1196.0000,49306,1196.0000
2009-06-26,1195.7500,1209.7500,1194.7500,1201.0000,49303,1201.0000
2009-06-29,1200.0000,1225.2500,1196.0000,1215.0000,46951,1215.0000
2009-06-30,1220.0000,1232.5000,1190.0000,1226.2500,20912,1226.2500
2009-07-01,1228.0000,1265.5000,1228.0000,1258.5000,10156,1258.5000
2009-07-02,1258.5000,1258.5000,1223.0000,1243.0000,4076,1243.0000
2009-07-06,1239.0000,1239.0000,1197.0000,1200.0000,2378,1200.0000
2009-07-07,1202.0000,1206.0000,1118.2500,1133.5000,4203,1133.5000
2009-07-08,1138.2500,1146.5000,1079.0000,1084.0000,2531,1084.0000
2009-07-09,1085.2500,1114.7500,1063.0000,1110.5000,1149,1110.5000
2009-07-10,1110.0000,1136.2500,1072.2500,1128.2500,1298,1128.2500
2009-07-13,1111.5000,1140.0000,1073.7500,1091.5000,820,1091.5000
2009-07-14,1079.7500,1087.7500,1058.2500,1074.0000,24695,1074.0000
2009-07-15,1037.0000,1063.7500,1018.0000,1020.5000,28439,1020.5000
2009-07-16,1023.5000,1029.0000,970.2500,976.0000,38113,976.0000
2009-07-17,977.2500,1011.0000,977.2500,1009.5000,20114,1009.5000
2009-07-20,1013.2500,1034.2500,1006.5000,1033.0000,16789,1033.0000
2009-07-21,1034.2500,1040.0000,1005.2500,1014.5000,23005,1014.5000
2009-07-22,1014.2500,1026.7500,1009.2500,1018.5000,13178,1018.5000
2009-07-23,1021.0000,1037.0000,1018.0000,1023.5000,17871,1023.5000
2009-07-24,1023.5000,1030.7500,1019.5000,1021.0000,16157,1021.0000
2009-07-27,1019.2500,1025.7500,1011.2500,1021.2500,16762,1021.2500
2009-07-28,1022.7500,1059.7500,1020.2500,1054.5000,21474,1054.5000
2009-07-29,1053.0000,1066.7500,1035.7500,1057.5000,21681,1057.5000
2009-07-30,1057.2500,1134.2500,1057.2500,1128.2500,23737,1128.2500
2009-07-31,1127.7500,1140.0000,1110.5000,1134.0000,9086,1134.0000
2009-08-03,1140.5000,1190.5000,1140.5000,1173.5000,5204,1173.5000
2009-08-04,1168.5000,1178.7500,1160.0000,1165.0000,3027,1165.0000
2009-08-05,1176.0000,1182.7500,1154.0000,1175.0000,2034,1175.0000
2009-08-06,1174.0000,1176.0000,1149.7500,1170.5000,1148,1170.5000
2009-08-07,1161.2500,1192.0000,1160.5000,1184.5000,906,1184.5000
2009-08-10,1167.7500,1194.0000,1166.7500,1170.5000,1851,1170.5000
2009-08-11,1172.5000,1226.0000,1168.0000,1216.5000,2522,1216.5000
2009-08-12,1210.2500,1226.5000,1190.0000,1216.0000,1662,1216.0000
2009-08-13,1221.5000,1241.2500,1187.2500,1187.2500,1774,1187.2500
2009-08-14,1175.5000,1175.5000,1106.0000,1100.0000,15172,1100.0000
2009-08-17,1019.0000,1025.5000,977.0000,988.0000,12975,988.0000
2009-08-18,988.0000,1002.5000,976.7500,995.5000,7889,995.5000
2009-08-19,998.0000,1005.0000,979.7500,997.0000,9522,997.0000
2009-08-20,997.0000,1007.2500,993.7500,999.2500,10277,999.2500
2009-08-21,1006.0000,1035.7500,998.0000,1023.0000,12429,1023.0000
2009-08-24,1036.2500,1080.0000,1036.2500,1080.0000,12724,1080.0000
2009-08-25,1077.0000,1108.0000,1072.7500,1091.0000,13501,1091.0000
2009-08-26,1092.5000,1101.5000,1080.0000,1090.5000,6318,1090.5000
2009-08-27,1091.0000,1116.5000,1090.2500,1114.2500,7601,1114.2500
2009-08-28,1115.2500,1164.7500,1111.0000,1135.7500,7643,1135.7500
2009-08-31,1139.5000,1147.0000,1094.0000,1100.0000,1845,1100.0000
2009-09-01,1100.0000,1114.2500,1011.7500,1014.0000,1860,1014.0000
2009-09-02,1014.7500,1022.5000,1002.0000,1009.2500,698,1009.2500
2009-09-03,1009.0000,1018.0000,969.0000,982.0000,930,982.0000
2009-09-04,982.0000,983.7500,958.0000,961.0000,437,961.0000
2009-09-08,954.2500,981.0000,951.0000,969.0000,303,969.0000
2009-09-09,975.0000,978.5000,960.0000,961.5000,366,961.5000
2009-09-10,974.5000,979.0000,961.5000,973.5000,249,973.5000
2009-09-11,969.2500,990.0000,962.5000,984.5000,544,984.5000
2009-09-14,990.5000,990.5000,920.0000,925.0000,74347,925.0000
2009-09-15,906.5000,977.7500,901.5000,960.0000,136096,960.0000
2009-09-16,959.0000,960.7500,928.2500,950.5000,92225,950.5000
2009-09-17,950.0000,962.7500,937.2500,953.0000,77117,953.0000
2009-09-18,950.5000,958.0000,936.0000,941.0000,58331,941.0000
2009-09-21,938.5000,939.7500,909.2500,913.5000,71900,913.5000
2009-09-22,912.5000,927.2500,903.2500,922.0000,76722,922.0000
2009-09-23,921.5000,926.0000,902.0000,920.5000,63072,920.5000
2009-09-24,915.5000,929.7500,904.5000,919.5000,67080,919.5000
2009-09-25,919.0000,931.7500,916.0000,926.0000,51459,926.0000
2009-09-28,928.7500,937.2500,912.7500,919.5000,50387,919.5000
2009-09-29,918.5000,928.7500,910.5000,917.0000,64290,917.0000
2009-09-30,916.7500,931.2500,906.5000,927.0000,81552,927.0000
2009-10-01,924.7500,932.7500,914.7500,918.0000,76084,918.0000
2009-10-02,917.0000,918.0000,885.0000,885.0000,105374,885.0000
2009-10-05,883.2500,897.7500,878.7500,885.0000,88871,885.0000
2009-10-06,884.5000,921.0000,884.2500,910.0000,105629,910.0000
2009-10-07,908.2500,916.0000,904.5000,912.0000,87410,912.0000
2009-10-08,911.0000,942.0000,910.7500,936.0000,125584,936.0000
2009-10-09,933.2500,968.5000,930.2500,964.0000,132235,964.0000
2009-10-12,968.5000,1000.7500,960.0000,999.0000,123947,999.0000
2009-10-13,996.5000,1012.2500,987.0000,993.0000,126476,993.0000
2009-10-14,993.2500,1008.7500,988.2500,994.0000,96997,994.0000
2009-10-15,994.0000,999.0000,971.0000,983.0000,111756,983.0000
2009-10-16,980.0000,996.5000,974.0000,977.5000,72628,977.5000
2009-10-19,977.5000,997.5000,972.5000,996.2500,78976,996.2500
2009-10-20,996.2500,1004.7500,979.7500,982.5000,97505,982.5000
2009-10-21,982.0000,1015.0000,977.2500,1008.5000,131148,1008.5000
2009-10-22,1003.0000,1009.5000,994.0000,1005.5000,100527,1005.5000
2009-10-23,1005.0000,1028.0000,1001.0000,1006.0000,108072,1006.0000
2009-10-26,1009.7500,1019.7500,981.0000,986.5000,106461,986.5000
2009-10-27,986.5000,993.5000,969.2500,973.5000,108434,973.5000
2009-10-28,972.7500,978.5000,959.2500,968.5000,82106,968.5000
2009-10-29,968.0000,989.7500,963.2500,985.5000,83811,985.5000
2009-10-30,986.0000,988.7500,967.7500,978.0000,47836,978.0000
2009-11-02,968.5000,1006.2500,962.0000,997.5000,24869,997.5000
2009-11-03,996.2500,1018.2500,986.5000,1006.7500,29920,1006.7500
2009-11-04,1005.0000,1018.0000,991.7500,995.5000,20073,995.5000
2009-11-05,991.0000,995.7500,967.0000,967.0000,12263,967.0000
2009-11-06,966.7500,978.2500,948.2500,948.0000,9260,948.0000
2009-11-09,945.2500,966.5000,945.0000,964.2500,9342,964.2500
2009-11-10,965.0000,968.2500,946.0000,961.5000,5749,961.5000
2009-11-11,958.7500,978.7500,957.0000,963.7500,4780,963.7500
2009-11-12,964.0000,988.7500,955.0000,982.2500,1980,982.2500
2009-11-13,982.0000,1000.7500,980.5000,984.0000,80992,984.0000
2009-11-16,1001.2500,1011.7500,991.5000,1010.0000,76950,1010.0000
2009-11-17,1007.0000,1031.7500,1003.0000,1029.5000,84389,1029.5000
2009-11-18,1027.0000,1049.0000,1023.5000,1027.0000,99039,1027.0000
2009-11-19,1027.0000,1048.7500,1016.0000,1039.0000,89096,1039.0000
2009-11-20,1041.0000,1050.0000,1031.5000,1046.0000,76373,1046.0000
2009-11-23,1048.0000,1066.7500,1038.0000,1042.0000,93858,1042.0000
2009-11-24,1040.5000,1049.2500,1032.0000,1046.0000,76488,1046.0000
2009-11-25,1046.0000,1055.5000,1034.0000,1054.5000,84039,1054.5000
2009-11-27,1039.2500,1056.7500,1021.0000,1053.0000,52777,1053.0000
2009-11-30,1054.2500,1069.2500,1050.5000,1060.5000,93909,1060.5000
2009-12-01,1058.5000,1078.5000,1052.5000,1059.5000,88019,1059.5000
2009-12-02,1057.7500,1064.5000,1032.2500,1034.0000,97073,1034.0000
2009-12-03,1035.2500,1050.7500,1033.2500,1047.0000,83955,1047.0000
2009-12-04,1044.2500,1053.7500,1031.0000,1043.0000,75753,1043.0000
2009-12-07,1045.5000,1061.5000,1038.5000,1053.0000,91295,1053.0000
2009-12-08,1053.2500,1063.7500,1042.5000,1044.0000,95941,1044.0000
2009-12-09,1043.7500,1051.5000,1021.5000,1028.5000,120468,1028.5000
2009-12-10,1028.5000,1033.5000,1019.0000,1027.0000,88961,1027.0000
2009-12-11,1028.2500,1041.2500,1020.0000,1035.0000,96194,1035.0000
2009-12-14,1032.7500,1059.0000,1023.5000,1055.0000,102437,1055.0000
2009-12-15,1054.7500,1068.5000,1049.5000,1055.0000,89296,1055.0000
2009-12-16,1054.5000,1069.7500,1051.5000,1059.5000,73656,1059.5000
2009-12-17,1058.7500,1063.2500,1015.5000,1022.0000,107849,1022.0000
2009-12-18,1024.0000,1032.5000,1008.2500,1012.0000,77888,1012.0000
2009-12-21,1012.5000,1020.0000,999.7500,1001.0000,60443,1001.0000
2009-12-22,1001.0000,1010.0000,984.5000,991.0000,81698,991.0000
2009-12-23,991.0000,1001.7500,990.0000,1001.2500,40103,1001.2500
2009-12-24,1000.0000,1009.0000,997.0000,999.5000,29932,999.5000
2009-12-28,1000.0000,1034.0000,996.7500,1029.0000,48111,1029.0000
2009-12-29,1028.7500,1040.0000,1020.2500,1038.0000,47325,1038.0000
2009-12-30,1033.0000,1043.7500,1026.7500,1036.2500,42686,1036.2500
2009-12-31,1035.0000,1052.2500,1032.7500,1039.7500,29084,1039.7500
2010-01-04,1043.0000,1065.5000,1041.2500,1049.5000,25947,1049.5000
2010-01-05,1047.0000,1056.0000,1042.0000,1052.2500,21073,1052.2500
2010-01-06,1050.0000,1058.5000,1042.7500,1050.5000,17567,1050.5000
2010-01-07,1050.5000,1052.0000,1016.5000,1017.7500,11750,1017.7500
2010-01-08,1018.2500,1018.2500,1005.0000,1013.0000,11750,1013.0000
2010-01-11,1014.0000,1022.0000,997.5000,1001.7500,11750,1001.7500
2010-01-12,999.5000,1001.2500,962.0000,969.5000,11750,969.5000
2010-01-13,965.5000,983.7500,964.0000,983.5000,1939,983.5000
2010-01-14,983.7500,984.2500,967.5000,968.5000,80001,968.5000
2010-01-15,983.5000,988.7500,971.7500,974.0000,76864,974.0000
2010-01-19,974.0000,984.0000,962.7500,963.5000,77967,963.5000
2010-01-20,963.7500,971.0000,940.7500,950.0000,91082,950.0000
2010-01-21,950.0000,959.5000,948.5000,954.0000,63882,954.0000
2010-01-22,956.0000,957.0000,945.5000,951.5000,54161,951.5000
2010-01-25,955.0000,956.0000,935.2500,940.5000,72563,940.5000
2010-01-26,941.0000,949.5000,932.5000,947.5000,81769,947.5000
2010-01-27,945.7500,946.5000,928.5000,929.0000,73154,929.0000
2010-01-28,931.2500,937.5000,921.0000,931.7500,82360,931.7500
2010-01-29,931.5000,936.7500,913.7500,914.0000,85062,914.0000
2010-02-01,915.2500,924.7500,908.2500,909.7500,84217,909.7500
2010-02-02,911.2500,930.0000,905.2500,925.5000,91665,925.5000
2010-02-03,926.5000,934.0000,908.0000,908.0000,81861,908.0000
2010-02-04,911.2500,916.0000,900.0000,914.0000,92907,914.0000
2010-02-05,914.0000,921.5000,909.0000,913.5000,104735,913.5000
2010-02-08,919.7500,939.7500,918.7500,929.5000,95026,929.5000
2010-02-09,929.5000,944.0000,920.0000,924.5000,120623,924.5000
2010-02-10,924.0000,939.7500,918.7500,937.5000,116039,937.5000
2010-02-11,938.0000,950.5000,936.0000,943.0000,108012,943.0000
2010-02-12,942.0000,946.5000,926.0000,945.0000,80635,945.0000
2010-02-16,948.0000,966.0000,945.2500,965.5000,82989,965.5000
2010-02-17,963.5000,964.0000,948.0000,951.5000,71599,951.5000
2010-02-18,952.0000,957.7500,942.0000,948.0000,60035,948.0000
2010-02-19,939.5000,948.5000,931.7500,945.0000,50516,945.0000
2010-02-22,946.2500,962.5000,944.2500,961.5000,78385,961.5000
2010-02-23,960.0000,978.7500,952.0000,952.5000,90583,952.5000
2010-02-24,952.5000,963.0000,945.2500,955.5000,62137,955.5000
2010-02-25,954.7500,957.0000,934.7500,941.5000,37834,941.5000
2010-02-26,940.5000,953.2500,937.7500,951.0000,22885,951.0000
2010-03-01,954.2500,959.0000,944.0000,952.5000,12750,952.5000
2010-03-02,952.0000,959.5000,948.5000,954.2500,9441,954.2500
2010-03-03,954.7500,962.5000,954.0000,954.5000,8676,954.5000
2010-03-04,952.0000,952.0000,928.0000,932.5000,6843,932.5000
2010-03-05,934.7500,939.5000,929.7500,934.7500,3818,934.7500
2010-03-08,938.0000,944.7500,932.0000,940.5000,1461,940.5000
2010-03-09,941.0000,941.0000,929.0000,941.5000,865,941.5000
2010-03-10,941.2500,956.7500,936.7500,952.0000,572,952.0000
2010-03-11,956.0000,956.0000,924.7500,925.5000,409,925.5000
2010-03-12,931.5000,934.0000,924.0000,926.0000,66451,926.0000
2010-03-15,926.2500,933.2500,921.7500,930.0000,55498,930.0000
2010-03-16,930.5000,948.0000,930.5000,945.0000,71579,945.0000
2010-03-17,944.0000,962.2500,942.0000,959.0000,69677,959.0000
2010-03-18,957.5000,962.5000,947.2500,959.5000,64849,959.5000
2010-03-19,959.5000,964.0000,952.2500,961.7500,45955,961.7500
2010-03-22,959.7500,975.0000,956.5000,968.5000,67630,968.5000
2010-03-23,966.7500,976.5000,964.7500,968.0000,62583,968.0000
2010-03-24,967.7500,967.7500,953.2500,960.0000,60563,960.0000
2010-03-25,958.0000,966.5000,942.0000,942.5000,79415,942.5000
2010-03-26,942.7500,955.0000,941.7500,952.0000,62101,952.0000
2010-03-29,952.5000,977.5000,951.5000,967.5000,96574,967.5000
2010-03-30,967.5000,974.2500,960.2500,974.0000,76370,974.0000
2010-03-31,972.0000,977.0000,930.5000,941.0000,131018,941.0000
2010-04-01,940.0000,947.0000,932.5000,942.0000,30,942.0000
2010-04-05,942.0000,946.0000,932.7500,936.0000,47924,936.0000
2010-04-06,936.0000,944.7500,932.7500,944.5000,53024,944.5000
2010-04-07,942.5000,957.0000,938.7500,952.5000,74371,952.5000
2010-04-08,950.2500,953.7500,945.2500,946.5000,64665,946.5000
2010-04-09,946.0000,963.7500,943.2500,952.2500,89029,952.2500
2010-04-12,954.5000,965.5000,952.7500,960.0000,107406,960.0000
2010-04-13,958.2500,972.2500,954.2500,968.0000,123181,968.0000
2010-04-14,968.0000,976.0000,965.0000,969.0000,92109,969.0000
2010-04-15,968.5000,985.5000,964.2500,984.0000,91261,984.0000
2010-04-16,983.0000,989.7500,978.2500,985.2500,67874,985.2500
2010-04-19,981.5000,985.2500,972.2500,976.7500,52032,976.7500
2010-04-20,977.5000,987.7500,977.5000,984.0000,39834,984.0000
2010-04-21,985.0000,1005.0000,983.0000,995.5000,48564,995.5000
2010-04-22,995.0000,1005.0000,991.0000,1004.2500,34834,1004.2500
2010-04-23,1002.2500,1006.5000,996.5000,1000.0000,32219,1000.0000
2010-04-26,996.0000,1009.5000,995.2500,998.7500,42125,998.7500
2010-04-27,997.7500,1001.0000,981.5000,982.7500,37245,982.7500
2010-04-28,982.0000,992.0000,977.5000,982.7500,43069,982.7500
2010-04-29,983.0000,995.2500,982.7500,985.7500,35022,985.7500
2010-04-30,985.0000,992.2500,983.0000,989.5000,13964,989.5000
2010-05-03,988.2500,992.0000,973.2500,975.7500,15217,975.7500
2010-05-04,975.2500,980.5000,963.7500,977.0000,11422,977.0000
2010-05-05,978.5000,983.0000,967.2500,968.2500,9530,968.2500
2010-05-06,969.0000,973.0000,941.5000,945.5000,7481,945.5000
2010-05-07,945.7500,955.5000,940.0000,951.2500,3834,951.2500
2010-05-10,954.2500,960.2500,951.0000,952.7500,2194,952.7500
2010-05-11,953.0000,961.0000,946.5000,958.2500,1532,958.2500
2010-05-12,958.7500,967.7500,955.0000,959.5000,1034,959.5000
2010-05-13,958.2500,965.7500,956.0000,960.5000,839,960.5000
2010-05-14,960.5000,960.5000,946.7500,948.0000,59375,948.0000
2010-05-17,954.0000,955.0000,937.5000,941.0000,62149,941.0000
2010-05-18,943.0000,949.5000,936.0000,939.5000,59875,939.5000
2010-05-19,938.5000,948.5000,935.7500,938.5000,77434,938.5000
2010-05-20,941.5000,947.7500,931.0000,944.0000,80994,944.0000
2010-05-21,944.7500,950.5000,939.0000,941.0000,64210,941.0000
2010-05-24,941.0000,952.5000,940.0000,940.5000,60987,940.5000
2010-05-25,939.0000,941.0000,927.5000,930.5000,59077,930.5000
2010-05-26,934.2500,939.7500,933.0000,938.0000,51696,938.0000
2010-05-27,936.7500,953.7500,936.0000,951.7500,65148,951.7500
2010-05-28,951.7500,956.0000,936.5000,937.7500,68360,937.7500
2010-06-01,939.2500,943.7500,930.5000,932.0000,57229,932.0000
2010-06-02,931.5000,936.7500,930.5000,932.5000,47760,932.5000
2010-06-03,934.0000,957.5000,933.5000,955.0000,87817,955.0000
2010-06-04,955.0000,958.2500,931.5000,935.0000,78812,935.0000
2010-06-07,934.0000,939.0000,928.2500,935.0000,71789,935.0000
2010-06-08,934.0000,937.5000,926.0000,931.0000,77801,931.0000
2010-06-09,929.7500,951.7500,926.2500,943.5000,108439,943.5000
2010-06-10,942.7500,952.0000,930.5000,935.0000,93353,935.0000
2010-06-11,935.0000,947.0000,930.5000,946.2500,65189,946.2500
2010-06-14,945.0000,958.7500,944.7500,951.5000,69139,951.5000
2010-06-15,949.7500,961.7500,947.2500,949.5000,58688,949.5000
2010-06-16,949.5000,961.7500,949.0000,957.7500,47071,957.7500
2010-06-17,957.0000,964.0000,951.0000,952.0000,53904,952.0000
2010-06-18,953.5000,961.2500,952.5000,961.0000,48574,961.0000
2010-06-21,965.2500,971.5000,958.7500,963.2500,48323,963.2500
2010-06-22,963.2500,970.0000,961.7500,965.5000,37116,965.5000
2010-06-23,964.2500,966.2500,957.0000,958.0000,44664,958.0000
2010-06-24,958.0000,965.0000,955.2500,955.5000,36751,955.5000
2010-06-25,956.0000,960.7500,955.0000,957.0000,33554,957.0000
2010-06-28,958.2500,961.0000,953.2500,955.0000,48179,955.0000
2010-06-29,957.5000,961.0000,946.0000,947.2500,36315,947.2500
2010-06-30,948.5000,973.0000,945.0000,948.5000,12654,948.5000
2010-07-01,948.5000,954.2500,943.2500,953.5000,7003,953.5000
2010-07-02,951.0000,967.2500,950.5000,962.7500,5497,962.7500
2010-07-06,962.5000,976.2500,959.5000,964.2500,2499,964.2500
2010-07-07,964.0000,994.5000,964.0000,993.0000,4037,993.0000
2010-07-08,989.5000,1022.2500,987.7500,1012.5000,2660,1012.5000
2010-07-09,1012.5000,1030.0000,1010.7500,1025.5000,2387,1025.5000
2010-07-12,1024.7500,1043.0000,1017.5000,1031.7500,1476,1031.7500
2010-07-13,1034.0000,1040.5000,1026.5000,1030.5000,1519,1030.5000
2010-07-14,1030.5000,1038.5000,1025.7500,1036.0000,29398,1036.0000
2010-07-15,995.7500,1021.7500,989.0000,1019.0000,36600,1019.0000
2010-07-16,1018.0000,1027.0000,1013.0000,1019.5000,22257,1019.5000
2010-07-19,1007.2500,1022.2500,1003.5000,1008.0000,26417,1008.0000
2010-07-20,1006.7500,1014.2500,998.5000,1011.7500,20147,1011.7500
2010-07-21,1012.0000,1020.0000,1007.5000,1015.2500,19617,1015.2500
2010-07-22,1013.5000,1026.0000,1008.7500,1016.0000,24284,1016.0000
2010-07-23,1015.2500,1022.0000,1012.0000,1017.0000,16530,1017.0000
2010-07-26,1014.0000,1015.5000,994.2500,998.2500,23565,998.2500
2010-07-27,997.5000,1005.0000,994.5000,998.0000,24867,998.0000
2010-07-28,998.0000,1015.0000,997.7500,1010.5000,26787,1010.5000
2010-07-29,1012.5000,1028.2500,1011.5000,1026.7500,24245,1026.7500
2010-07-30,1026.2500,1054.7500,1026.2500,1052.5000,10588,1052.5000
2010-08-02,1051.7500,1073.0000,1049.0000,1053.2500,4855,1053.2500
2010-08-03,1051.0000,1054.0000,1037.5000,1053.5000,3978,1053.5000
2010-08-04,1048.0000,1065.7500,1048.0000,1053.0000,2210,1053.0000
2010-08-05,1054.0000,1080.0000,1045.5000,1055.0000,1490,1055.0000
2010-08-06,1052.2500,1061.2500,1046.5000,1059.0000,754,1059.0000
2010-08-09,1057.7500,1067.0000,1046.7500,1048.5000,1337,1048.5000
2010-08-10,1047.0000,1047.0000,1033.7500,1036.2500,1669,1036.2500
2010-08-11,1038.0000,1053.0000,1035.0000,1044.5000,794,1044.5000
2010-08-12,1049.5000,1063.5000,1038.0000,1057.0000,604,1057.0000
2010-08-13,1075.0000,1079.0000,1052.7500,1052.0000,6509,1052.0000
2010-08-16,1042.2500,1050.2500,1031.2500,1034.0000,5877,1034.0000
2010-08-17,1029.5000,1047.7500,1029.5000,1045.2500,8048,1045.2500
2010-08-18,1044.7500,1049.0000,1026.2500,1035.2500,7520,1035.2500
2010-08-19,1035.0000,1043.7500,1012.5000,1016.7500,9681,1016.7500
2010-08-20,1017.0000,1019.2500,1005.7500,1009.2500,4686,1009.2500
2010-08-23,1009.0000,1016.5000,1003.0000,1007.0000,7370,1007.0000
2010-08-24,1007.0000,1009.7500,995.0000,999.5000,8683,999.5000
2010-08-25,999.2500,1005.7500,994.2500,1000.0000,8004,1000.0000
2010-08-26,1000.5000,1014.0000,1000.5000,1013.0000,13174,1013.0000
2010-08-27,1013.2500,1024.7500,1013.2500,1022.0000,12416,1022.0000
2010-08-30,1024.2500,1029.0000,1016.0000,1018.0000,7947,1018.0000
2010-08-31,1015.0000,1024.2500,1005.0000,1008.0000,4596,1008.0000
2010-09-01,1008.7500,1015.2500,1003.7500,1004.5000,1029,1004.5000
2010-09-02,1005.7500,1007.5000,999.5000,1007.5000,611,1007.5000
2010-09-03,1008.5000,1030.0000,1008.0000,1029.7500,798,1029.7500
2010-09-07,1031.2500,1040.7500,1024.7500,1043.7500,823,1043.7500
2010-09-08,1041.0000,1049.0000,1040.2500,1041.2500,412,1041.2500
2010-09-09,1036.2500,1039.7500,1030.7500,1037.7500,354,1037.7500
2010-09-10,1025.0000,1031.0000,1022.2500,1023.5000,396,1023.5000
2010-09-13,1021.0000,1031.0000,1018.7500,1025.2500,699,1025.2500
2010-09-14,1026.7500,1030.5000,1018.2500,1025.0000,70449,1025.0000
2010-09-15,1035.0000,1045.0000,1034.2500,1042.5000,57340,1042.5000
2010-09-16,1043.0000,1046.5000,1033.0000,1036.2500,53363,1036.2500
2010-09-17,1036.7500,1072.0000,1036.7500,1069.0000,108643,1069.0000
2010-09-20,1069.0000,1099.5000,1068.2500,1084.5000,110019,1084.5000
2010-09-21,1083.7500,1093.7500,1079.2500,1080.0000,81117,1080.0000
2010-09-22,1080.0000,1092.7500,1079.5000,1088.5000,68667,1088.5000
2010-09-23,1091.0000,1098.2500,1079.5000,1093.5000,77455,1093.5000
2010-09-24,1093.0000,1128.2500,1090.0000,1126.0000,114040,1126.0000
2010-09-27,1126.0000,1144.0000,1122.0000,1128.5000,99884,1128.5000
2010-09-28,1127.0000,1135.5000,1105.5000,1110.0000,81866,1110.0000
2010-09-29,1108.0000,1110.2500,1083.5000,1099.0000,104151,1099.0000
2010-09-30,1098.7500,1109.7500,1082.2500,1106.7500,105038,1106.7500
2010-10-01,1105.5000,1106.5000,1055.0000,1057.0000,157685,1057.0000
2010-10-04,1055.0000,1061.5000,1042.0000,1054.0000,114014,1054.0000
2010-10-05,1053.7500,1077.7500,1049.7500,1071.7500,96028,1071.7500
2010-10-06,1070.0000,1075.2500,1061.5000,1062.0000,68872,1062.0000
2010-10-07,1061.7500,1074.5000,1061.0000,1065.0000,106692,1065.0000
2010-10-08,1064.0000,1135.0000,1062.0000,1135.0000,51463,1135.0000
2010-10-11,1155.0000,1188.7500,1150.7500,1152.5000,205354,1152.5000
2010-10-12,1154.0000,1185.7500,1154.0000,1178.5000,140947,1178.5000
2010-10-13,1177.5000,1194.5000,1172.0000,1176.5000,153311,1176.5000
2010-10-14,1176.5000,1194.5000,1176.0000,1188.5000,115964,1188.5000
2010-10-15,1189.0000,1204.2500,1183.5000,1185.0000,98889,1185.0000
2010-10-18,1182.0000,1188.0000,1175.0000,1184.0000,109140,1184.0000
2010-10-19,1184.2500,1195.0000,1165.5000,1180.0000,122594,1180.0000
2010-10-20,1178.0000,1214.0000,1173.7500,1212.0000,129209,1212.0000
2010-10-21,1212.0000,1223.5000,1201.5000,1201.5000,118179,1201.5000
2010-10-22,1203.0000,1212.5000,1198.7500,1199.5000,109086,1199.5000
2010-10-25,1202.5000,1223.5000,1199.0000,1217.7500,123174,1217.7500
2010-10-26,1217.0000,1224.0000,1208.5000,1219.0000,97376,1219.0000
2010-10-27,1221.7500,1229.0000,1199.0000,1223.7500,98133,1223.7500
2010-10-28,1222.7500,1236.7500,1218.0000,1225.0000,87273,1225.0000
2010-10-29,1224.2500,1227.0000,1214.2500,1226.0000,33951,1226.0000
2010-11-01,1230.2500,1236.5000,1218.5000,1225.2500,18885,1225.2500
2010-11-02,1225.2500,1232.5000,1220.7500,1223.7500,14956,1223.7500
2010-11-03,1225.2500,1230.0000,1212.5000,1227.5000,7493,1227.5000
2010-11-04,1230.5000,1268.0000,1229.0000,1264.7500,6964,1264.7500
2010-11-05,1264.7500,1277.0000,1261.0000,1273.5000,6964,1273.5000
2010-11-08,1273.7500,1278.5000,1263.7500,1264.5000,3870,1264.5000
2010-11-09,1263.5000,1333.7500,1262.0000,1319.2500,5980,1319.2500
2010-11-10,1315.2500,1319.5000,1305.0000,1309.5000,4055,1309.5000
2010-11-11,1311.7500,1332.5000,1309.0000,1330.2500,1540,1330.2500
2010-11-12,1335.0000,1337.7500,1260.0000,1263.0000,158446,1263.0000
2010-11-15,1266.0000,1307.5000,1252.2500,1286.5000,122807,1286.5000
2010-11-16,1286.2500,1289.7500,1216.5000,1219.7500,154393,1219.7500
2010-11-17,1221.2500,1232.5000,1175.2500,1205.0000,130907,1205.0000
2010-11-18,1208.7500,1245.5000,1193.7500,1242.0000,92815,1242.0000
2010-11-19,1244.0000,1256.0000,1200.5000,1201.5000,109606,1201.5000
2010-11-22,1196.0000,1223.0000,1190.0000,1221.5000,90552,1221.5000
2010-11-23,1225.0000,1246.5000,1201.5000,1239.0000,109152,1239.0000
2010-11-24,1241.2500,1258.2500,1237.0000,1255.0000,73060,1255.0000
2010-11-26,1257.2500,1262.2500,1235.7500,1238.5000,45484,1238.5000
2010-11-29,1240.0000,1248.5000,1226.5000,1235.0000,79168,1235.0000
2010-11-30,1238.0000,1247.2500,1227.7500,1243.0000,70192,1243.0000
2010-12-01,1243.0000,1284.0000,1240.2500,1283.0000,100564,1283.0000
2010-12-02,1282.0000,1287.0000,1273.7500,1279.7500,87542,1279.7500
2010-12-03,1278.0000,1301.5000,1274.0000,1300.2500,113968,1300.2500
2010-12-06,1304.0000,1306.7500,1280.2500,1288.5000,107989,1288.5000
2010-12-07,1288.5000,1303.2500,1282.2500,1285.5000,121753,1285.5000
2010-12-08,1283.0000,1296.5000,1266.5000,1296.0000,112131,1296.0000
2010-12-09,1296.0000,1299.0000,1278.2500,1281.5000,78572,1281.5000
2010-12-10,1283.2500,1288.5000,1267.7500,1273.0000,102141,1273.0000
2010-12-13,1269.5000,1304.7500,1257.0000,1302.5000,106042,1302.5000
2010-12-14,1300.0000,1311.2500,1292.5000,1296.0000,91214,1296.0000
2010-12-15,1293.0000,1314.7500,1290.7500,1296.5000,132344,1296.5000
2010-12-16,1295.5000,1303.7500,1285.0000,1289.0000,96341,1289.0000
2010-12-17,1288.7500,1300.0000,1283.5000,1298.7500,83684,1298.7500
2010-12-20,1302.7500,1318.0000,1295.5000,1315.2500,88360,1315.2500
2010-12-21,1315.2500,1328.0000,1311.5000,1326.2500,84123,1326.2500
2010-12-22,1324.5000,1333.0000,1317.5000,1328.7500,69733,1328.7500
2010-12-23,1329.2500,1355.0000,1328.0000,1349.5000,65471,1349.5000
2010-12-27,1341.0000,1378.2500,1339.2500,1373.0000,45949,1373.0000
2010-12-28,1373.0000,1385.2500,1372.0000,1375.7500,52754,1375.7500
2010-12-29,1374.0000,1377.5000,1363.5000,1366.0000,50413,1366.0000
2010-12-30,1366.0000,1374.0000,1359.5000,1366.0000,24732,1366.0000
2010-12-31,1367.2500,1394.5000,1366.5000,1393.7500,11684,1393.7500
2011-01-03,1388.5000,1399.5000,1367.0000,1370.2500,9249,1370.2500
2011-01-04,1369.5000,1381.7500,1350.2500,1361.0000,5881,1361.0000
2011-01-05,1362.0000,1387.2500,1354.0000,1386.0000,9691,1386.0000
2011-01-06,1384.5000,1390.0000,1369.7500,1369.5000,3582,1369.5000
2011-01-07,1365.5000,1370.7500,1353.0000,1357.7500,3304,1357.7500
2011-01-10,1361.7500,1385.7500,1361.0000,1373.2500,3394,1373.2500
2011-01-11,1376.5000,1380.0000,1349.0000,1350.5000,2216,1350.5000
2011-01-12,1354.0000,1420.5000,1353.7500,1409.0000,1271,1409.0000
2011-01-13,1412.7500,1426.0000,1407.5000,1410.0000,1558,1410.0000
2011-01-14,1413.2500,1415.0000,1399.5000,1406.5000,76245,1406.5000
2011-01-18,1412.2500,1430.0000,1408.2500,1413.2500,93778,1413.2500
2011-01-19,1416.5000,1431.7500,1402.2500,1411.5000,122583,1411.5000
2011-01-20,1413.0000,1421.0000,1383.5000,1414.2500,111340,1414.2500
2011-01-21,1415.7500,1427.0000,1405.0000,1412.2500,111994,1412.2500
2011-01-24,1412.5000,1426.5000,1396.7500,1404.5000,87474,1404.5000
2011-01-25,1404.2500,1408.0000,1370.2500,1374.5000,122405,1374.5000
2011-01-26,1375.5000,1391.0000,1364.2500,1385.5000,83339,1385.5000
2011-01-27,1389.2500,1400.0000,1378.0000,1399.5000,83207,1399.5000
2011-01-28,1401.5000,1423.2500,1392.5000,1398.0000,135660,1398.0000
2011-01-31,1395.2500,1413.2500,1394.5000,1413.0000,80125,1413.0000
2011-02-01,1413.5000,1440.5000,1408.2500,1438.0000,119431,1438.0000
2011-02-02,1439.5000,1452.0000,1433.5000,1444.0000,82257,1444.0000
2011-02-03,1446.0000,1452.5000,1434.0000,1435.5000,85852,1435.5000
2011-02-04,1438.5000,1442.7500,1422.2500,1433.5000,78364,1433.5000
2011-02-07,1438.0000,1443.7500,1421.2500,1424.5000,89659,1424.5000
2011-02-08,1425.0000,1435.5000,1414.0000,1434.2500,110561,1434.2500
2011-02-09,1437.0000,1455.7500,1435.0000,1451.0000,120796,1451.0000
2011-02-10,1451.2500,1455.0000,1430.0000,1433.0000,112316,1433.0000
2011-02-11,1433.0000,1442.2500,1410.2500,1416.0000,137725,1416.0000
2011-02-14,1419.0000,1424.7500,1400.0000,1402.7500,119509,1402.7500
2011-02-15,1403.0000,1409.2500,1364.7500,1368.0000,144806,1368.0000
2011-02-16,1369.0000,1376.0000,1357.0000,1366.0000,121591,1366.0000
2011-02-17,1366.0000,1406.7500,1366.0000,1404.5000,130312,1404.5000
2011-02-18,1406.5000,1410.0000,1361.7500,1368.0000,119679,1368.0000
2011-02-22,1379.0000,1385.7500,1298.0000,1298.0000,135942,1298.0000
2011-02-23,1297.0000,1322.0000,1284.7500,1320.0000,87718,1320.0000
2011-02-24,1321.5000,1325.7500,1299.0000,1318.2500,55507,1318.2500
2011-02-25,1318.2500,1388.5000,1312.0000,1365.5000,47405,1365.5000
2011-02-28,1367.5000,1372.2500,1349.5000,1357.2500,21470,1357.2500
2011-03-01,1360.0000,1369.0000,1347.2500,1367.5000,9490,1367.5000
2011-03-02,1365.0000,1391.7500,1364.5000,1387.2500,6864,1387.2500
2011-03-03,1385.0000,1406.7500,1380.0000,1405.5000,3646,1405.5000
2011-03-04,1404.7500,1418.0000,1392.0000,1407.7500,5382,1407.7500
2011-03-07,1407.7500,1407.7500,1380.0000,1387.7500,3289,1387.7500
2011-03-08,1389.2500,1389.2500,1368.0000,1375.5000,3098,1375.5000
2011-03-09,1369.0000,1377.5000,1345.0000,1344.0000,2627,1344.0000
2011-03-10,1335.0000,1358.2500,1318.0000,1348.7500,1300,1348.7500
2011-03-11,1339.2500,1339.2500,1310.0000,1326.5000,544,1326.5000
2011-03-14,1323.7500,1332.5000,1311.5000,1329.0000,72096,1329.0000
2011-03-15,1342.0000,1346.0000,1270.0000,1270.0000,160944,1270.0000
2011-03-16,1273.5000,1308.0000,1273.5000,1287.0000,115627,1287.0000
2011-03-17,1286.7500,1346.7500,1285.2500,1335.2500,105300,1335.2500
2011-03-18,1336.2500,1385.7500,1322.7500,1362.5000,124866,1362.5000
2011-03-21,1369.2500,1376.7500,1351.5000,1363.0000,89426,1363.0000
2011-03-22,1363.5000,1365.7500,1344.0000,1365.5000,63138,1365.5000
2011-03-23,1367.0000,1372.0000,1351.0000,1351.2500,62385,1351.2500
2011-03-24,1350.0000,1358.0000,1338.0000,1354.5000,88608,1354.5000
2011-03-25,1356.5000,1367.7500,1353.2500,1358.2500,72510,1358.2500
2011-03-28,1360.0000,1369.0000,1347.0000,1348.5000,61244,1348.5000
2011-03-29,1345.2500,1369.0000,1341.0000,1361.5000,80620,1361.5000
2011-03-30,1362.0000,1374.0000,1355.7500,1372.0000,74995,1372.0000
2011-03-31,1373.0000,1432.0000,1368.5000,1410.2500,108576,1410.2500
2011-04-01,1411.5000,1416.5000,1386.5000,1393.7500,113003,1393.7500
2011-04-04,1393.5000,1402.7500,1379.0000,1384.0000,93610,1384.0000
2011-04-05,1384.5000,1389.7500,1366.5000,1373.2500,86278,1373.2500
2011-04-06,1374.0000,1388.2500,1372.7500,1376.5000,88358,1376.5000
2011-04-07,1376.0000,1383.2500,1360.5000,1363.5000,111295,1363.5000
2011-04-08,1363.0000,1394.0000,1362.5000,1392.2500,111015,1392.2500
2011-04-11,1395.5000,1406.5000,1364.0000,1368.5000,114512,1368.5000
2011-04-12,1369.0000,1370.2500,1318.2500,1329.7500,140396,1329.7500
2011-04-13,1332.5000,1349.0000,1328.2500,1333.5000,96885,1333.5000
2011-04-14,1335.2500,1337.7500,1316.5000,1331.0000,79709,1331.0000
2011-04-15,1332.7500,1338.5000,1322.2500,1331.7500,73463,1331.7500
2011-04-18,1331.7500,1350.5000,1320.7500,1344.2500,83080,1344.2500
2011-04-19,1344.5000,1349.0000,1336.5000,1342.0000,74374,1342.0000
2011-04-20,1341.2500,1373.2500,1340.7500,1357.7500,71712,1357.7500
2011-04-21,1357.0000,1382.0000,1351.7500,1380.5000,73226,1380.5000
2011-04-25,1380.7500,1391.2500,1372.2500,1389.5000,63654,1389.5000
2011-04-26,1389.0000,1390.0000,1371.7500,1382.7500,59906,1382.7500
2011-04-27,1382.7500,1390.2500,1361.5000,1378.0000,53492,1378.0000
2011-04-28,1379.2500,1393.5000,1334.2500,1350.2500,54743,1350.2500
2011-04-29,1348.0000,1393.5000,1341.7500,1392.7500,19328,1392.7500
2011-05-02,1389.5000,1400.0000,1380.5000,1390.2500,5234,1390.2500
2011-05-03,1390.2500,1394.7500,1352.0000,1359.2500,5704,1359.2500
2011-05-04,1362.2500,1362.2500,1344.0000,1350.5000,2087,1350.5000
2011-05-05,1354.0000,1354.0000,1309.0000,1319.7500,1792,1319.7500
2011-05-06,1318.2500,1338.7500,1308.5000,1325.0000,2705,1325.0000
2011-05-09,1330.0000,1339.2500,1329.5000,1335.0000,1158,1335.0000
2011-05-10,1335.2500,1352.2500,1335.2500,1340.0000,820,1340.0000
2011-05-11,1340.0000,1340.0000,1319.0000,1333.5000,572,1333.5000
2011-05-12,1333.5000,1352.2500,1320.5000,1345.2500,482,1345.2500
2011-05-13,1351.5000,1352.0000,1331.0000,1337.0000,84353,1337.0000
2011-05-16,1330.0000,1344.0000,1322.5000,1326.5000,68277,1326.5000
2011-05-17,1324.7500,1342.7500,1312.2500,1341.0000,103046,1341.0000
2011-05-18,1340.7500,1387.5000,1340.7500,1379.5000,118262,1379.5000
2011-05-19,1377.0000,1389.0000,1369.2500,1379.5000,80605,1379.5000
2011-05-20,1377.2500,1396.0000,1365.0000,1380.2500,85706,1380.2500
2011-05-23,1386.0000,1393.0000,1366.0000,1373.7500,75480,1373.7500
2011-05-24,1373.7500,1389.0000,1365.7500,1372.2500,81161,1372.2500
2011-05-25,1373.0000,1387.0000,1372.5000,1377.0000,68753,1377.0000
2011-05-26,1378.0000,1398.2500,1377.0000,1384.7500,91456,1384.7500
2011-05-27,1387.7500,1394.2500,1376.2500,1379.7500,66398,1379.7500
2011-05-31,1371.5000,1391.2500,1366.5000,1376.0000,86334,1376.0000
2011-06-01,1377.5000,1390.0000,1370.0000,1386.2500,81193,1386.2500
2011-06-02,1386.0000,1411.5000,1383.7500,1407.0000,108926,1407.0000
2011-06-03,1406.7500,1419.5000,1404.5000,1414.5000,79159,1414.5000
2011-06-06,1415.7500,1418.2500,1382.2500,1383.2500,99425,1383.2500
2011-06-07,1382.7500,1394.7500,1380.2500,1394.0000,108072,1394.0000
2011-06-08,1392.2500,1417.0000,1385.0000,1401.5000,115628,1401.5000
2011-06-09,1400.0000,1413.2500,1386.2500,1393.7500,111737,1393.7500
2011-06-10,1396.2500,1397.5000,1377.2500,1387.2500,97627,1387.2500
2011-06-13,1385.2500,1390.5000,1378.5000,1382.7500,77738,1382.7500
2011-06-14,1382.2500,1387.0000,1353.5000,1368.0000,101593,1368.0000
2011-06-15,1368.0000,1375.5000,1354.5000,1368.0000,94166,1368.0000
2011-06-16,1370.2500,1373.0000,1348.5000,1350.5000,85809,1350.5000
2011-06-17,1350.5000,1357.2500,1330.5000,1333.0000,84043,1333.0000
2011-06-20,1336.0000,1346.0000,1331.7500,1335.7500,57969,1335.7500
2011-06-21,1338.2500,1354.7500,1337.7500,1348.7500,51448,1348.7500
2011-06-22,1348.7500,1351.7500,1320.5000,1330.2500,78446,1330.2500
2011-06-23,1331.2500,1333.2500,1292.7500,1317.7500,68283,1317.7500
2011-06-24,1318.5000,1328.7500,1311.5000,1320.2500,79696,1320.2500
2011-06-27,1318.2500,1330.7500,1310.0000,1329.7500,69586,1329.7500
2011-06-28,1334.0000,1346.2500,1328.0000,1330.7500,48313,1330.7500
2011-06-29,1331.5000,1350.0000,1326.5000,1334.2500,41246,1334.2500
2011-06-30,1335.5000,1342.5000,1290.0000,1306.2500,13495,1306.2500
2011-07-01,1308.5000,1330.0000,1307.2500,1322.2500,7597,1322.2500
2011-07-05,1330.5000,1340.0000,1322.0000,1332.2500,2786,1332.2500
2011-07-06,1330.0000,1336.7500,1321.2500,1331.0000,4996,1331.0000
2011-07-07,1331.2500,1350.0000,1331.2500,1345.5000,3849,1345.5000
2011-07-08,1346.5000,1355.2500,1341.7500,1352.0000,1520,1352.0000
2011-07-11,1356.2500,1359.2500,1343.7500,1352.5000,2098,1352.5000
2011-07-12,1352.5000,1366.5000,1342.0000,1366.5000,3121,1366.5000
2011-07-13,1363.0000,1392.7500,1361.0000,1387.0000,442,1387.0000
2011-07-14,1390.2500,1396.7500,1390.2500,1390.5000,18414,1390.5000
2011-07-15,1382.0000,1397.0000,1376.5000,1385.7500,20379,1385.7500
2011-07-18,1385.7500,1391.7500,1370.0000,1385.5000,15691,1385.5000
2011-07-19,1389.0000,1408.0000,1375.5000,1379.2500,24180,1379.2500
2011-07-20,1379.7500,1390.7500,1373.0000,1378.2500,22501,1378.2500
2011-07-21,1377.7500,1386.2500,1369.7500,1380.2500,25611,1380.2500
2011-07-22,1379.7500,1388.5000,1374.7500,1380.2500,25749,1380.2500
2011-07-25,1369.2500,1371.5000,1351.5000,1365.5000,27768,1365.5000
2011-07-26,1366.2500,1383.7500,1363.0000,1383.0000,31675,1383.0000
2011-07-27,1383.0000,1388.0000,1368.5000,1375.7500,29578,1375.7500
2011-07-28,1373.2500,1380.0000,1367.0000,1367.7500,29584,1367.7500
2011-07-29,1365.7500,1373.7500,1349.0000,1354.2500,9231,1354.2500
2011-08-01,1354.2500,1371.0000,1354.2500,1358.7500,3678,1358.7500
2011-08-02,1360.0000,1377.5000,1348.5000,1373.0000,3645,1373.0000
2011-08-03,1373.0000,1374.2500,1356.7500,1364.0000,2388,1364.0000
2011-08-04,1357.5000,1357.5000,1334.0000,1339.2500,2220,1339.2500
2011-08-05,1333.2500,1340.0000,1316.0000,1331.5000,1774,1331.5000
2011-08-08,1323.0000,1323.0000,1307.0000,1309.2500,1289,1309.2500
2011-08-09,1300.0000,1320.0000,1286.0000,1298.7500,666,1298.7500
2011-08-10,1312.7500,1312.7500,1296.0000,1300.7500,1007,1300.7500
2011-08-11,1349.7500,1349.7500,1332.2500,1333.7500,461,1333.7500
2011-08-12,1343.2500,1347.5000,1329.0000,1337.0000,9498,1337.0000
2011-08-15,1331.0000,1344.7500,1331.0000,1343.5000,8755,1343.5000
2011-08-16,1343.0000,1345.0000,1333.5000,1340.0000,13434,1340.0000
2011-08-17,1340.5000,1361.0000,1337.7500,1356.7500,15012,1356.7500
2011-08-18,1356.7500,1359.0000,1336.0000,1352.0000,8710,1352.0000
2011-08-19,1348.7500,1366.0000,1340.0000,1359.7500,10231,1359.7500
2011-08-22,1366.5000,1379.5000,1362.2500,1376.5000,13587,1376.5000
2011-08-23,1376.5000,1392.0000,1376.5000,1389.5000,15840,1389.5000
2011-08-24,1390.0000,1396.2500,1381.5000,1386.5000,19556,1386.5000
2011-08-25,1384.7500,1391.2500,1377.7500,1386.0000,14482,1386.0000
2011-08-26,1384.0000,1418.0000,1379.0000,1414.7500,21689,1414.7500
2011-08-29,1413.5000,1438.7500,1411.2500,1438.0000,14810,1438.0000
2011-08-30,1440.5000,1450.2500,1430.0000,1448.7500,15584,1448.7500
2011-08-31,1447.7500,1456.0000,1442.0000,1449.0000,7120,1449.0000
2011-09-01,1439.0000,1446.2500,1422.5000,1424.7500,10055,1424.7500
2011-09-02,1431.0000,1441.7500,1426.0000,1436.0000,6235,1436.0000
2011-09-06,1426.2500,1426.2500,1402.2500,1413.5000,4749,1413.5000
2011-09-07,1415.2500,1420.2500,1402.7500,1411.0000,3657,1411.0000
2011-09-08,1412.0000,1412.7500,1402.5000,1407.2500,2545,1407.2500
2011-09-09,1405.7500,1416.5000,1402.5000,1416.5000,1878,1416.5000
2011-09-12,1415.0000,1415.0000,1381.5000,1387.5000,1431,1387.5000
2011-09-13,1389.5000,1389.5000,1374.0000,1381.2500,932,1381.2500
2011-09-14,1383.7500,1383.7500,1383.7500,1374.0000,90183,1374.0000
2011-09-15,1384.7500,1387.0000,1356.5000,1358.7500,139562,1358.7500
2011-09-16,1358.7500,1368.7500,1350.2500,1355.5000,101023,1355.5000
2011-09-19,1356.2500,1357.5000,1326.0000,1336.0000,119166,1336.0000
2011-09-20,1341.0000,1350.2500,1335.2500,1338.0000,93484,1338.0000
2011-09-21,1337.0000,1345.2500,1320.0000,1320.5000,120377,1320.5000
2011-09-22,1319.0000,1319.5000,1281.0000,1283.0000,161224,1283.0000
2011-09-23,1286.0000,1289.2500,1250.0000,1258.0000,146461,1258.0000
2011-09-26,1265.2500,1267.2500,1226.0000,1259.7500,141110,1259.7500
2011-09-27,1262.2500,1278.7500,1259.0000,1263.0000,112498,1263.0000
2011-09-28,1260.5000,1261.2500,1221.2500,1223.5000,153818,1223.5000
2011-09-29,1222.7500,1238.0000,1209.2500,1230.0000,137133,1230.0000
2011-09-30,1231.0000,1238.7500,1175.0000,1179.0000,192883,1179.0000
2011-10-03,1176.2500,1189.7500,1162.0000,1177.5000,141449,1177.5000
2011-10-04,1174.5000,1179.0000,1152.0000,1160.0000,160218,1160.0000
2011-10-05,1164.5000,1174.0000,1161.0000,1163.7500,126647,1163.7500
2011-10-06,1165.0000,1182.7500,1158.5000,1163.7500,113464,1163.7500
2011-10-07,1163.2500,1170.0000,1152.2500,1158.2500,118950,1158.2500
2011-10-10,1158.2500,1193.0000,1158.2500,1177.5000,148259,1177.5000
2011-10-11,1180.0000,1245.5000,1174.5000,1235.5000,243131,1235.5000
2011-10-12,1234.0000,1246.7500,1211.5000,1239.5000,189238,1239.5000
2011-10-13,1237.7500,1258.0000,1230.2500,1257.0000,180233,1257.0000
2011-10-14,1258.0000,1275.7500,1249.0000,1270.0000,154116,1270.0000
2011-10-17,1269.0000,1272.0000,1250.0000,1253.0000,111271,1253.0000
2011-10-18,1253.0000,1253.0000,1226.5000,1250.7500,147779,1250.7500
2011-10-19,1250.7500,1259.0000,1223.5000,1225.0000,141052,1225.0000
2011-10-20,1225.0000,1226.2500,1201.5000,1225.0000,145646,1225.0000
2011-10-21,1225.0000,1245.7500,1212.2500,1212.2500,172929,1212.2500
2011-10-24,1212.0000,1239.7500,1209.5000,1226.7500,99778,1226.7500
2011-10-25,1226.0000,1236.0000,1217.5000,1225.5000,103812,1225.5000
2011-10-26,1223.2500,1233.5000,1210.0000,1210.5000,93403,1210.5000
2011-10-27,1211.5000,1243.0000,1210.5000,1235.0000,96804,1235.0000
2011-10-28,1235.0000,1241.7500,1215.2500,1217.0000,69013,1217.0000
2011-10-31,1217.0000,1219.0000,1193.5000,1207.5000,30111,1207.5000
2011-11-01,1204.5000,1212.7500,1180.5000,1192.2500,21307,1192.2500
2011-11-02,1189.7500,1208.0000,1187.5000,1193.5000,11622,1193.5000
2011-11-03,1192.7500,1222.7500,1192.7500,1219.2500,6563,1219.2500
2011-11-04,1219.0000,1220.2500,1211.0000,1212.5000,3636,1212.5000
2011-11-07,1212.5000,1213.2500,1188.5000,1192.2500,7114,1192.2500
2011-11-08,1194.0000,1206.5000,1192.7500,1195.2500,5536,1195.2500
2011-11-09,1196.2500,1201.5000,1174.0000,1175.7500,3910,1175.7500
2011-11-10,1175.0000,1180.0000,1158.2500,1158.0000,2435,1158.0000
2011-11-11,1160.0000,1168.0000,1159.2500,1166.0000,1387,1166.0000
2011-11-14,1171.2500,1180.0000,1168.7500,1172.0000,67925,1172.0000
2011-11-15,1178.2500,1206.2500,1178.2500,1200.2500,112669,1200.2500
2011-11-16,1199.7500,1203.0000,1182.7500,1187.7500,85911,1187.7500
2011-11-17,1186.7500,1192.0000,1162.0000,1168.2500,99484,1168.2500
2011-11-18,1170.0000,1177.5000,1152.7500,1168.2500,81760,1168.2500
2011-11-21,1171.0000,1174.2500,1145.0000,1148.0000,84219,1148.0000
2011-11-22,1147.5000,1155.7500,1141.0000,1153.0000,96590,1153.0000
2011-11-23,1155.0000,1158.5000,1121.0000,1122.5000,109881,1122.5000
2011-11-25,1120.5000,1125.7500,1102.7500,1106.5000,70938,1106.5000
2011-11-28,1114.5000,1127.2500,1114.0000,1121.0000,85002,1121.0000
2011-11-29,1124.2500,1138.5000,1115.0000,1125.0000,95258,1125.0000
2011-11-30,1122.7500,1146.0000,1111.5000,1131.2500,114768,1131.2500
2011-12-01,1133.2500,1143.7500,1116.2500,1128.0000,110277,1128.0000
2011-12-02,1130.2500,1144.5000,1128.2500,1135.7500,86445,1135.7500
2011-12-05,1140.0000,1148.5000,1122.0000,1126.2500,88752,1126.2500
2011-12-06,1126.0000,1131.7500,1120.2500,1129.5000,82019,1129.5000
2011-12-07,1130.5000,1137.0000,1123.7500,1131.0000,88796,1131.0000
2011-12-08,1131.5000,1136.5000,1121.2500,1132.5000,115642,1132.5000
2011-12-09,1131.0000,1133.5000,1100.2500,1107.0000,154898,1107.0000
2011-12-12,1108.0000,1115.0000,1095.0000,1112.0000,109597,1112.0000
2011-12-13,1112.0000,1127.0000,1106.2500,1118.5000,107292,1118.5000
2011-12-14,1115.2500,1119.2500,1094.2500,1100.0000,130074,1100.0000
2011-12-15,1100.7500,1114.0000,1100.2500,1111.7500,85020,1111.7500
2011-12-16,1112.2500,1130.5000,1111.5000,1130.0000,99647,1130.0000
2011-12-19,1137.2500,1148.7500,1131.7500,1137.0000,77637,1137.0000
2011-12-20,1137.0000,1149.7500,1135.5000,1144.5000,82124,1144.5000
2011-12-21,1144.5000,1159.0000,1132.2500,1153.7500,79410,1153.7500
2011-12-22,1152.2500,1168.0000,1144.2500,1162.2500,76744,1162.2500
2011-12-23,1160.7500,1167.2500,1156.5000,1163.0000,38893,1163.0000
2011-12-27,1172.7500,1206.0000,1172.7500,1199.7500,72938,1199.7500
2011-12-28,1196.2500,1209.0000,1183.7500,1198.2500,63730,1198.2500
2011-12-29,1196.7500,1201.7500,1183.5000,1187.5000,46741,1187.5000
2011-12-30,1186.0000,1206.5000,1185.0000,1198.5000,14470,1198.5000
2012-01-03,1223.7500,1235.0000,1214.2500,1218.2500,13078,1218.2500
2012-01-04,1218.2500,1226.0000,1211.7500,1221.5000,11213,1221.5000
2012-01-05,1221.5000,1224.5000,1200.0000,1201.2500,9107,1201.2500
2012-01-06,1198.0000,1209.0000,1188.2500,1189.5000,5725,1189.5000
2012-01-09,1193.5000,1227.0000,1191.2500,1225.7500,3239,1225.7500
2012-01-10,1224.5000,1228.5000,1214.5000,1223.7500,1495,1223.7500
2012-01-11,1221.5000,1221.5000,1195.0000,1197.5000,982,1197.5000
2012-01-12,1199.7500,1206.0000,1150.0000,1178.5000,740,1178.5000
2012-01-13,1179.0000,1183.2500,1160.0000,1160.0000,127505,1160.0000
2012-01-17,1163.0000,1187.0000,1162.7500,1183.5000,102904,1183.5000
2012-01-18,1182.5000,1187.2500,1172.2500,1183.5000,108813,1183.5000
2012-01-19,1184.0000,1197.5000,1181.5000,1197.0000,101302,1197.0000
2012-01-20,1197.5000,1204.0000,1183.0000,1187.0000,87860,1187.0000
2012-01-23,1194.0000,1219.0000,1192.0000,1217.5000,98348,1217.5000
2012-01-24,1213.7500,1229.5000,1203.7500,1220.0000,102469,1220.0000
2012-01-25,1219.2500,1226.2500,1208.5000,1213.5000,81822,1213.5000
2012-01-26,1213.5000,1231.0000,1213.2500,1222.7500,84528,1222.7500
2012-01-27,1221.7500,1225.7500,1215.0000,1219.0000,60554,1219.0000
2012-01-30,1214.2500,1218.5000,1184.7500,1185.2500,110514,1185.2500
2012-01-31,1186.7500,1201.2500,1184.2500,1199.0000,109498,1199.0000
2012-02-01,1202.0000,1219.0000,1202.0000,1215.2500,103352,1215.2500
2012-02-02,1213.5000,1224.7500,1206.2500,1217.0000,96532,1217.0000
2012-02-03,1217.0000,1236.5000,1214.0000,1232.5000,101505,1232.5000
2012-02-06,1230.7500,1244.0000,1230.7500,1233.0000,106641,1233.0000
2012-02-07,1232.0000,1239.5000,1227.0000,1232.0000,97375,1232.0000
2012-02-08,1230.2500,1244.7500,1222.7500,1231.5000,103893,1231.5000
2012-02-09,1229.5000,1247.5000,1222.7500,1227.5000,133129,1227.5000
2012-02-10,1229.2500,1230.7500,1215.0000,1229.0000,95447,1229.0000
2012-02-13,1238.0000,1254.0000,1232.0000,1252.0000,143518,1252.0000
2012-02-14,1252.0000,1261.7500,1245.5000,1255.0000,121808,1255.0000
2012-02-15,1254.7500,1269.0000,1249.0000,1261.0000,121999,1261.0000
2012-02-16,1260.5000,1264.5000,1246.2500,1258.2500,108157,1258.2500
2012-02-17,1258.0000,1273.2500,1256.2500,1267.5000,88310,1267.5000
2012-02-21,1271.0000,1276.0000,1260.0000,1271.0000,98178,1271.0000
2012-02-22,1267.7500,1272.2500,1261.5000,1272.2500,94449,1272.2500
2012-02-23,1271.0000,1280.0000,1266.5000,1276.7500,108306,1276.7500
2012-02-24,1276.5000,1284.7500,1272.0000,1279.0000,106390,1279.0000
2012-02-27,1278.0000,1295.0000,1276.5000,1293.7500,73387,1293.7500
2012-02-28,1291.5000,1307.0000,1291.5000,1305.2500,53192,1305.2500
2012-02-29,1304.2500,1317.5000,1301.5000,1313.5000,21121,1313.5000
2012-03-01,1307.7500,1317.5000,1300.0000,1316.7500,7137,1316.7500
2012-03-02,1316.0000,1328.2500,1311.5000,1328.2500,6989,1328.2500
2012-03-05,1325.0000,1330.7500,1319.2500,1319.2500,3138,1319.2500
2012-03-06,1317.0000,1330.5000,1310.0000,1329.7500,2553,1329.7500
2012-03-07,1329.5000,1332.2500,1320.0000,1321.5000,2119,1321.5000
2012-03-08,1321.2500,1332.5000,1320.5000,1332.5000,1884,1332.5000
2012-03-09,1335.7500,1349.5000,1325.5000,1331.7500,1220,1331.7500
2012-03-12,1332.0000,1335.2500,1327.7500,1330.5000,1014,1330.5000
2012-03-13,1329.5000,1352.7500,1328.5000,1348.7500,833,1348.7500
2012-03-14,1348.7500,1356.0000,1347.0000,1356.0000,99569,1356.0000
2012-03-15,1352.2500,1370.0000,1352.0000,1369.0000,99612,1369.0000
2012-03-16,1368.5000,1377.5000,1363.5000,1374.0000,96440,1374.0000
2012-03-19,1374.2500,1378.0000,1362.5000,1366.5000,76048,1366.5000
2012-03-20,1367.0000,1368.0000,1341.7500,1345.0000,117640,1345.0000
2012-03-21,1345.0000,1358.0000,1344.7500,1355.0000,89731,1355.0000
2012-03-22,1355.0000,1360.0000,1338.5000,1349.5000,97000,1349.5000
2012-03-23,1350.2500,1369.5000,1349.5000,1365.7500,93950,1365.7500
2012-03-26,1365.7500,1388.5000,1364.0000,1379.5000,109894,1379.5000
2012-03-27,1379.7500,1387.2500,1368.7500,1369.7500,122644,1369.7500
2012-03-28,1370.7500,1379.0000,1364.0000,1367.5000,91500,1367.5000
2012-03-29,1369.0000,1376.5000,1351.0000,1355.5000,126649,1355.5000
2012-03-30,1355.5000,1416.0000,1353.5000,1403.0000,157501,1403.0000
2012-04-02,1407.0000,1433.7500,1406.5000,1421.0000,136790,1421.0000
2012-04-03,1421.0000,1434.2500,1414.0000,1416.7500,100870,1416.7500
2012-04-04,1414.5000,1429.7500,1408.2500,1419.5000,126375,1419.5000
2012-04-05,1420.0000,1434.2500,1414.7500,1434.0000,10,1434.0000
2012-04-09,1431.0000,1446.7500,1423.5000,1431.0000,89287,1431.0000
2012-04-10,1431.0000,1452.2500,1421.7500,1426.0000,163221,1426.0000
2012-04-11,1428.0000,1431.2500,1415.0000,1422.0000,102354,1422.0000
2012-04-12,1423.2500,1444.5000,1420.0000,1441.0000,106415,1441.0000
2012-04-13,1442.5000,1447.7500,1431.2500,1436.7500,109436,1436.7500
2012-04-16,1434.5000,1435.7500,1415.5000,1420.0000,84110,1420.0000
2012-04-17,1420.2500,1434.5000,1418.2500,1425.7500,89852,1425.7500
2012-04-18,1425.0000,1434.0000,1403.7500,1407.7500,68118,1407.7500
2012-04-19,1409.2500,1430.0000,1407.0000,1415.7500,72457,1415.7500
2012-04-20,1415.2500,1454.0000,1413.0000,1446.7500,90809,1446.7500
2012-04-23,1446.0000,1453.0000,1436.0000,1437.2500,58926,1437.2500
2012-04-24,1437.0000,1467.5000,1433.7500,1461.2500,56841,1461.2500
2012-04-25,1461.0000,1493.0000,1461.0000,1473.5000,57852,1473.5000
2012-04-26,1473.0000,1481.5000,1463.0000,1481.2500,62414,1481.2500
2012-04-27,1483.2500,1509.0000,1483.2500,1496.7500,33163,1496.7500
2012-04-30,1490.2500,1503.7500,1480.2500,1503.0000,18637,1503.0000
2012-05-01,1500.2500,1500.2500,1487.5000,1497.7500,9507,1497.7500
2012-05-02,1494.7500,1508.2500,1478.0000,1480.0000,5415,1480.0000
2012-05-03,1477.0000,1482.7500,1461.0000,1468.7500,3420,1468.7500
2012-05-04,1468.7500,1475.0000,1458.0000,1475.0000,2145,1475.0000
2012-05-07,1472.0000,1472.7500,1458.0000,1463.5000,1258,1463.5000
2012-05-08,1466.7500,1466.7500,1434.5000,1437.7500,1806,1437.7500
2012-05-09,1435.0000,1435.5000,1411.0000,1427.7500,1698,1427.7500
2012-05-10,1427.5000,1455.0000,1427.5000,1452.2500,283,1452.2500
2012-05-11,1448.0000,1448.0000,1402.7500,1404.0000,796,1404.0000
2012-05-14,1400.0000,1400.0000,1373.5000,1390.0000,148835,1390.0000
2012-05-15,1385.5000,1415.7500,1380.0000,1413.0000,138598,1413.0000
2012-05-16,1413.5000,1423.0000,1386.2500,1422.0000,131249,1422.0000
2012-05-17,1423.7500,1449.7500,1420.2500,1438.0000,107784,1438.0000
2012-05-18,1435.0000,1438.7500,1405.0000,1405.0000,88009,1405.0000
2012-05-21,1413.7500,1423.0000,1408.5000,1412.5000,73082,1412.5000
2012-05-22,1410.7500,1417.7500,1375.0000,1382.2500,117953,1382.2500
2012-05-23,1382.5000,1382.7500,1351.0000,1362.5000,124246,1362.5000
2012-05-24,1367.5000,1387.7500,1367.5000,1376.0000,84911,1376.0000
2012-05-25,1380.0000,1386.5000,1371.5000,1382.0000,65113,1382.0000
2012-05-29,1383.0000,1402.0000,1379.2500,1386.7500,81906,1386.7500
2012-05-30,1388.0000,1394.5000,1364.2500,1373.2500,86184,1373.2500
2012-05-31,1377.2500,1377.5000,1339.5000,1340.0000,113433,1340.0000
2012-06-01,1340.7500,1358.0000,1317.5000,1344.2500,122529,1344.2500
2012-06-04,1350.0000,1355.7500,1331.5000,1340.0000,76619,1340.0000
2012-06-05,1340.5000,1360.2500,1340.5000,1349.5000,81935,1349.5000
2012-06-06,1353.5000,1392.0000,1352.7500,1386.2500,102726,1386.2500
2012-06-07,1386.0000,1430.0000,1383.2500,1428.0000,113429,1428.0000
2012-06-08,1425.2500,1439.0000,1408.2500,1426.2500,118117,1426.2500
2012-06-11,1426.0000,1445.5000,1418.0000,1424.7500,81841,1424.7500
2012-06-12,1425.5000,1449.2500,1416.2500,1435.0000,114267,1435.0000
2012-06-13,1433.5000,1437.5000,1404.7500,1408.2500,96805,1408.2500
2012-06-14,1408.2500,1415.7500,1384.0000,1386.0000,83581,1386.0000
2012-06-15,1389.7500,1401.5000,1370.7500,1376.0000,92839,1376.0000
2012-06-18,1383.0000,1396.2500,1375.2500,1384.2500,88328,1384.2500
2012-06-19,1390.0000,1451.5000,1389.0000,1433.7500,118151,1433.7500
2012-06-20,1434.0000,1447.2500,1426.2500,1446.5000,75242,1446.5000
2012-06-21,1443.0000,1456.5000,1431.0000,1438.5000,73678,1438.5000
2012-06-22,1437.0000,1464.2500,1435.0000,1442.5000,64024,1442.5000
2012-06-25,1461.5000,1491.2500,1458.5000,1482.5000,52669,1482.5000
2012-06-26,1489.7500,1496.7500,1466.0000,1470.5000,43300,1470.5000
2012-06-27,1471.5000,1497.5000,1467.0000,1471.0000,43476,1471.0000
2012-06-28,1475.0000,1481.0000,1455.7500,1466.0000,37453,1466.0000
2012-06-29,1467.5000,1517.7500,1466.0000,1512.7500,19004,1512.7500
2012-07-02,1526.0000,1542.0000,1522.5000,1532.2500,9024,1532.2500
2012-07-03,1545.2500,1578.0000,1534.5000,1572.2500,4044,1572.2500
2012-07-05,1588.5000,1644.5000,1586.7500,1626.5000,6761,1626.5000
2012-07-06,1625.7500,1634.7500,1605.0000,1619.7500,4222,1619.7500
2012-07-09,1637.5000,1679.5000,1637.5000,1665.0000,4607,1665.0000
2012-07-10,1660.2500,1672.2500,1644.0000,1648.7500,3756,1648.7500
2012-07-11,1652.7500,1679.5000,1605.2500,1623.0000,2335,1623.0000
2012-07-12,1627.0000,1645.0000,1612.5000,1625.7500,1961,1625.7500
2012-07-13,1630.0000,1650.0000,1630.0000,1642.0000,22167,1642.0000
2012-07-16,1613.0000,1636.0000,1610.0000,1633.7500,28066,1633.7500
2012-07-17,1643.2500,1647.7500,1616.7500,1639.0000,30000,1639.0000
2012-07-18,1639.0000,1685.5000,1626.0000,1683.5000,41661,1683.5000
2012-07-19,1682.0000,1749.0000,1677.5000,1733.7500,50885,1733.7500
2012-07-20,1731.5000,1777.7500,1729.0000,1757.5000,39733,1757.5000
2012-07-23,1761.0000,1762.7500,1687.5000,1698.5000,33773,1698.5000
2012-07-24,1702.2500,1706.2500,1628.5000,1649.2500,33431,1649.2500
2012-07-25,1645.5000,1701.7500,1618.0000,1694.2500,41310,1694.2500
2012-07-26,1687.2500,1697.0000,1648.7500,1655.7500,40717,1655.7500
2012-07-27,1654.0000,1694.7500,1641.0000,1684.2500,37101,1684.2500
2012-07-30,1698.7500,1727.2500,1698.7500,1725.7500,25537,1725.7500
2012-07-31,1722.0000,1742.0000,1711.5000,1721.0000,15532,1721.0000
2012-08-01,1721.0000,1736.0000,1651.0000,1682.2500,11074,1682.2500
2012-08-02,1695.7500,1697.0000,1635.7500,1653.0000,4130,1653.0000
2012-08-03,1653.0000,1669.5000,1639.2500,1656.2500,1920,1656.2500
2012-08-06,1630.0000,1630.0000,1606.7500,1607.5000,1512,1607.5000
2012-08-07,1607.0000,1627.5000,1603.0000,1605.2500,2064,1605.2500
2012-08-08,1608.2500,1630.2500,1602.0000,1630.0000,1334,1630.0000
2012-08-09,1633.7500,1695.0000,1633.7500,1694.5000,1011,1694.5000
2012-08-10,1700.0000,1738.5000,1694.5000,1709.5000,446,1709.5000
2012-08-13,1710.0000,1713.7500,1656.2500,1656.2500,445,1656.2500
2012-08-14,1659.2500,1690.0000,1659.2500,1680.0000,12189,1680.0000
2012-08-15,1623.0000,1661.5000,1623.0000,1659.7500,9545,1659.7500
2012-08-16,1659.5000,1672.7500,1646.2500,1656.2500,11740,1656.2500
2012-08-17,1653.7500,1673.0000,1649.5000,1671.0000,7574,1671.0000
2012-08-20,1670.2500,1705.0000,1667.0000,1703.7500,14065,1703.7500
2012-08-21,1703.7500,1754.7500,1702.7500,1753.5000,18311,1753.5000
2012-08-22,1751.7500,1755.5000,1735.0000,1748.0000,11540,1748.0000
2012-08-23,1750.5000,1764.7500,1720.0000,1727.2500,16830,1727.2500
2012-08-24,1729.5000,1749.2500,1723.7500,1737.5000,15782,1737.5000
2012-08-27,1748.2500,1765.5000,1724.0000,1729.7500,9921,1729.7500
2012-08-28,1735.2500,1742.0000,1710.7500,1732.5000,8277,1732.5000
2012-08-29,1736.0000,1764.7500,1728.2500,1763.2500,8143,1763.2500
2012-08-30,1763.2500,1780.7500,1748.0000,1770.2500,11067,1770.2500
2012-08-31,1766.5000,1771.0000,1753.0000,1764.5000,2730,1764.5000
2012-09-04,1778.5000,1794.7500,1760.5000,1771.0000,1985,1771.0000
2012-09-05,1768.5000,1771.5000,1744.2500,1748.0000,1461,1748.0000
2012-09-06,1743.7500,1751.7500,1726.0000,1744.5000,1210,1744.5000
2012-09-07,1744.5000,1747.5000,1722.0000,1731.7500,524,1731.7500
2012-09-10,1715.0000,1732.0000,1711.7500,1713.0000,792,1713.0000
2012-09-11,1713.0000,1715.7500,1695.5000,1696.5000,764,1696.5000
2012-09-12,1700.0000,1744.0000,1688.5000,1740.7500,520,1740.7500
2012-09-13,1738.0000,1744.2500,1731.0000,1743.5000,383,1743.5000
2012-09-14,1743.5000,1760.2500,1736.5000,1736.5000,113787,1736.5000
2012-09-17,1733.2500,1736.2500,1669.0000,1669.0000,167468,1669.0000
2012-09-18,1660.0000,1669.0000,1630.5000,1640.0000,183122,1640.0000
2012-09-19,1643.0000,1675.7500,1643.0000,1669.5000,111816,1669.5000
2012-09-20,1668.0000,1686.0000,1616.0000,1618.7500,190026,1618.7500
2012-09-21,1620.2500,1639.0000,1607.5000,1621.7500,135462,1621.7500
2012-09-24,1621.7500,1626.0000,1590.2500,1610.0000,132015,1610.0000
2012-09-25,1608.2500,1625.5000,1604.2500,1611.5000,107344,1611.5000
2012-09-26,1611.0000,1613.2500,1565.0000,1573.0000,146255,1573.0000
2012-09-27,1573.5000,1584.0000,1557.5000,1570.7500,140165,1570.7500
2012-09-28,1570.0000,1613.7500,1559.5000,1601.0000,201224,1601.0000
2012-10-01,1596.5000,1600.0000,1558.0000,1560.2500,135722,1560.2500
2012-10-02,1559.7500,1561.2500,1526.5000,1530.5000,158462,1530.5000
2012-10-03,1531.5000,1543.7500,1504.0000,1531.7500,165835,1531.7500
2012-10-04,1532.0000,1568.7500,1531.0000,1551.5000,136541,1551.5000
2012-10-05,1552.0000,1569.5000,1544.5000,1551.5000,145075,1551.5000
2012-10-08,1553.5000,1561.0000,1537.5000,1551.0000,118673,1551.0000
2012-10-09,1550.5000,1574.0000,1547.0000,1550.0000,135427,1550.0000
2012-10-10,1547.7500,1550.0000,1518.0000,1523.2500,153713,1523.2500
2012-10-11,1523.0000,1568.0000,1521.2500,1548.5000,209081,1548.5000
2012-10-12,1548.0000,1553.5000,1510.0000,1522.5000,133054,1522.5000
2012-10-15,1519.0000,1520.0000,1485.7500,1492.5000,129430,1492.5000
2012-10-16,1494.0000,1514.7500,1493.0000,1493.7500,103736,1493.7500
2012-10-17,1493.7500,1511.2500,1487.2500,1509.2500,80780,1509.2500
2012-10-18,1509.0000,1547.7500,1507.5000,1545.5000,144016,1545.5000
2012-10-19,1544.7500,1555.7500,1532.2500,1534.2500,114775,1534.2500
2012-10-22,1530.7500,1558.5000,1526.5000,1546.5000,118869,1546.5000
2012-10-23,1546.5000,1555.0000,1529.0000,1553.2500,95184,1553.2500
2012-10-24,1554.7500,1574.7500,1549.2500,1570.5000,136436,1570.5000
2012-10-25,1570.0000,1574.5000,1557.2500,1564.0000,96987,1564.0000
2012-10-26,1562.5000,1566.7500,1552.5000,1561.2500,106493,1561.2500
2012-10-31,1532.0000,1555.0000,1531.5000,1547.0000,34194,1547.0000
2012-11-01,1547.0000,1570.2500,1546.7500,1558.5000,15081,1558.5000
2012-11-02,1558.0000,1558.0000,1524.7500,1527.0000,13233,1527.0000
2012-11-05,1522.2500,1525.0000,1503.5000,1504.2500,9670,1504.2500
2012-11-06,1506.7500,1525.7500,1505.7500,1516.7500,5592,1516.7500
2012-11-07,1519.0000,1522.7500,1500.2500,1508.7500,2551,1508.7500
2012-11-08,1507.2500,1513.0000,1499.0000,1499.2500,2234,1499.2500
2012-11-09,1500.0000,1501.0000,1451.0000,1452.0000,11301,1452.0000
2012-11-12,1452.2500,1452.2500,1406.0000,1411.0000,1445,1411.0000
2012-11-13,1422.0000,1427.0000,1400.7500,1427.0000,1838,1427.0000
2012-11-14,1428.5000,1445.2500,1427.7500,1432.7500,86458,1432.7500
2012-11-15,1420.0000,1427.7500,1401.0000,1402.0000,75222,1402.0000
2012-11-16,1403.2500,1409.2500,1372.2500,1383.2500,111038,1383.2500
2012-11-19,1386.7500,1402.7500,1385.5000,1394.7500,76443,1394.7500
2012-11-20,1395.2500,1416.0000,1380.7500,1412.7500,93560,1412.7500
2012-11-21,1412.0000,1424.0000,1399.2500,1408.2500,69796,1408.2500
2012-11-23,1422.0000,1427.0000,1414.5000,1418.7500,32994,1418.7500
2012-11-26,1419.7500,1435.5000,1416.7500,1424.7500,77140,1424.7500
2012-11-27,1424.7500,1451.0000,1423.0000,1449.2500,91378,1449.2500
2012-11-28,1450.2500,1456.7500,1440.0000,1446.2500,81547,1446.2500
2012-11-29,1447.0000,1460.0000,1441.2500,1448.0000,95313,1448.0000
2012-11-30,1448.5000,1452.0000,1429.0000,1438.7500,74804,1438.7500
2012-12-03,1443.7500,1462.7500,1442.0000,1453.7500,93809,1453.7500
2012-12-04,1453.0000,1461.0000,1436.0000,1455.5000,84049,1455.5000
2012-12-05,1455.0000,1479.7500,1453.5000,1479.2500,96796,1479.2500
2012-12-06,1477.7500,1492.5000,1473.2500,1491.2500,101950,1491.2500
2012-12-07,1490.7500,1498.2500,1470.0000,1472.2500,144339,1472.2500
2012-12-10,1470.0000,1477.0000,1453.0000,1474.7500,134366,1474.7500
2012-12-11,1474.7500,1487.7500,1464.2500,1472.0000,153947,1472.0000
2012-12-12,1473.0000,1478.7500,1457.2500,1473.5000,131637,1473.5000
2012-12-13,1471.2500,1490.0000,1465.0000,1476.5000,124841,1476.5000
2012-12-14,1475.5000,1497.0000,1474.2500,1496.0000,85466,1496.0000
2012-12-17,1496.0000,1508.7500,1492.5000,1496.2500,92953,1496.2500
2012-12-18,1496.0000,1501.7500,1462.5000,1466.0000,133472,1466.0000
2012-12-19,1468.0000,1472.2500,1433.0000,1437.0000,119698,1437.0000
2012-12-20,1438.2500,1441.2500,1402.7500,1408.7500,113846,1408.7500
2012-12-21,1408.7500,1438.7500,1408.5000,1430.7500,61980,1430.7500
2012-12-24,1432.5000,1443.5000,1428.5000,1439.7500,16653,1439.7500
2012-12-26,1444.7500,1447.2500,1421.2500,1424.5000,32196,1424.5000
2012-12-27,1423.7500,1437.0000,1415.7500,1418.7500,43756,1418.7500
2012-12-28,1419.0000,1431.7500,1417.5000,1424.0000,38035,1424.0000
2012-12-31,1423.0000,1433.7500,1409.5000,1418.7500,12657,1418.7500
2013-01-02,1437.0000,1444.2500,1398.5000,1405.5000,11297,1405.5000
2013-01-03,1406.5000,1407.5000,1386.2500,1403.0000,6272,1403.0000
2013-01-04,1403.2500,1414.0000,1378.0000,1389.0000,7087,1389.0000
2013-01-07,1381.0000,1411.7500,1381.0000,1410.7500,2123,1410.7500
2013-01-08,1412.0000,1420.0000,1405.0000,1413.7500,2435,1413.7500
2013-01-09,1413.5000,1423.0000,1409.2500,1419.7500,1396,1419.7500
2013-01-10,1421.0000,1429.5000,1414.5000,1417.5000,1253,1417.5000
2013-01-11,1417.5000,1425.0000,1402.0000,1424.7500,1516,1424.7500
2013-01-14,1420.7500,1464.2500,1420.7500,1459.7500,146903,1459.7500
2013-01-15,1416.7500,1436.2500,1408.0000,1413.5000,103624,1413.5000
2013-01-16,1413.0000,1439.0000,1412.2500,1436.5000,94398,1436.5000
2013-01-17,1436.0000,1448.0000,1422.2500,1430.2500,111879,1430.2500
2013-01-18,1431.0000,1438.5000,1421.0000,1429.2500,76707,1429.2500
2013-01-22,1440.0000,1460.7500,1436.0000,1451.7500,111637,1451.7500
2013-01-23,1449.0000,1458.0000,1432.0000,1437.0000,90653,1437.0000
2013-01-24,1437.0000,1439.0000,1415.0000,1435.2500,83913,1435.2500
2013-01-25,1436.0000,1445.0000,1426.0000,1441.0000,95885,1441.0000
2013-01-28,1446.5000,1452.5000,1434.7500,1447.7500,86823,1447.7500
2013-01-29,1445.7500,1458.0000,1441.0000,1451.7500,84650,1451.7500
2013-01-30,1450.2500,1481.7500,1447.0000,1478.7500,138947,1478.7500
2013-01-31,1477.2500,1484.2500,1455.0000,1468.5000,138487,1468.5000
2013-02-01,1470.0000,1486.5000,1463.7500,1474.2500,94849,1474.2500
2013-02-04,1483.7500,1498.0000,1475.5000,1488.7500,95992,1488.7500
2013-02-05,1488.0000,1496.5000,1478.0000,1495.5000,90371,1495.5000
2013-02-06,1495.0000,1495.0000,1477.0000,1487.5000,107825,1487.5000
2013-02-07,1488.5000,1497.0000,1478.0000,1486.7500,131635,1486.7500
2013-02-08,1486.2500,1494.7500,1451.0000,1452.5000,166712,1452.5000
2013-02-11,1450.0000,1450.7500,1429.2500,1431.5000,117728,1431.5000
2013-02-12,1431.2500,1438.5000,1417.0000,1420.7500,113176,1420.7500
2013-02-13,1423.0000,1428.7500,1404.5000,1423.0000,104862,1423.0000
2013-02-14,1423.7500,1428.7500,1406.0000,1418.0000,95572,1418.0000
2013-02-15,1419.0000,1428.0000,1415.0000,1424.5000,90717,1424.5000
2013-02-19,1432.5000,1474.2500,1432.2500,1470.2500,145035,1470.2500
2013-02-20,1469.7500,1492.0000,1466.5000,1482.7500,118253,1482.7500
2013-02-21,1480.7500,1494.5000,1470.5000,1487.7500,118866,1487.7500
2013-02-22,1487.0000,1516.5000,1459.5000,1461.2500,139375,1461.2500
2013-02-25,1461.2500,1470.2500,1438.5000,1451.2500,74054,1451.2500
2013-02-26,1450.0000,1459.0000,1436.2500,1447.7500,64608,1447.7500
2013-02-27,1449.5000,1466.5000,1441.5000,1457.5000,45526,1457.5000
2013-02-28,1458.0000,1487.7500,1454.0000,1474.2500,28018,1474.2500
2013-03-01,1473.5000,1478.5000,1453.7500,1464.5000,11613,1464.5000
2013-03-04,1462.2500,1492.2500,1460.0000,1490.2500,8398,1490.2500
2013-03-05,1488.5000,1511.0000,1488.5000,1496.5000,6281,1496.5000
2013-03-06,1496.5000,1503.2500,1482.0000,1484.5000,3337,1484.5000
2013-03-07,1482.0000,1503.5000,1480.5000,1503.5000,3350,1503.5000
2013-03-08,1503.5000,1516.0000,1490.0000,1508.5000,1788,1508.5000
2013-03-11,1516.7500,1518.0000,1504.0000,1514.7500,585,1514.7500
2013-03-12,1515.0000,1516.0000,1488.7500,1489.7500,840,1489.7500
2013-03-13,1492.2500,1495.0000,1467.0000,1475.0000,527,1475.0000
2013-03-14,1475.0000,1475.0000,1450.0000,1457.2500,95062,1457.2500
2013-03-15,1439.0000,1445.2500,1422.5000,1426.0000,95326,1426.0000
2013-03-18,1424.0000,1425.2500,1404.2500,1409.5000,112973,1409.5000
2013-03-19,1409.5000,1418.7500,1403.0000,1406.7500,97365,1406.7500
2013-03-20,1407.0000,1422.0000,1406.2500,1419.7500,76440,1419.7500
2013-03-21,1420.5000,1451.5000,1419.5000,1449.0000,98509,1449.0000
2013-03-22,1447.0000,1448.7500,1433.0000,1440.5000,79281,1440.5000
2013-03-25,1440.5000,1445.5000,1430.5000,1437.2500,62846,1437.2500
2013-03-26,1437.0000,1449.5000,1434.0000,1447.7500,61945,1447.7500
2013-03-27,1447.7500,1457.7500,1443.5000,1453.7500,58313,1453.7500
2013-03-28,1455.5000,1459.7500,1397.0000,1404.7500,155928,1404.7500
2013-04-01,1401.5000,1408.2500,1386.2500,1390.7500,96120,1390.7500
2013-04-02,1393.5000,1405.7500,1386.0000,1394.0000,98588,1394.0000
2013-04-03,1395.2500,1397.2500,1375.5000,1380.2500,100704,1380.2500
2013-04-04,1381.5000,1383.7500,1361.0000,1372.0000,95365,1372.0000
2013-04-05,1372.0000,1373.5000,1354.5000,1361.7500,102344,1361.7500
2013-04-08,1360.2500,1380.0000,1356.2500,1378.0000,105310,1378.0000
2013-04-09,1378.7500,1397.0000,1375.5000,1395.5000,123394,1395.5000
2013-04-10,1394.5000,1409.7500,1385.5000,1392.7500,113167,1392.7500
2013-04-11,1392.7500,1406.2500,1382.5000,1402.0000,122393,1402.0000
2013-04-12,1401.2500,1419.0000,1399.5000,1413.0000,103806,1413.0000
2013-04-15,1413.0000,1419.7500,1393.7500,1395.0000,100251,1395.0000
2013-04-16,1394.5000,1417.0000,1389.0000,1411.5000,102038,1411.5000
2013-04-17,1411.0000,1429.7500,1406.0000,1422.2500,87099,1422.2500
2013-04-18,1420.0000,1441.5000,1419.0000,1430.5000,79831,1430.5000
2013-04-19,1430.5000,1441.0000,1422.0000,1428.2500,44549,1428.2500
2013-04-22,1424.0000,1426.7500,1408.0000,1417.2500,57241,1417.2500
2013-04-23,1417.0000,1430.0000,1417.0000,1419.7500,77582,1419.7500
2013-04-24,1419.2500,1426.0000,1402.0000,1404.0000,62113,1404.0000
2013-04-25,1404.0000,1424.7500,1403.5000,1423.5000,61879,1423.5000
2013-04-26,1420.7500,1432.0000,1417.2500,1430.7500,53807,1430.7500
2013-04-29,1430.0000,1475.0000,1425.0000,1471.7500,45051,1471.7500
2013-04-30,1470.0000,1488.7500,1464.0000,1467.7500,18406,1467.7500
2013-05-01,1466.2500,1466.2500,1429.2500,1437.5000,10416,1437.5000
2013-05-02,1439.7500,1454.2500,1435.7500,1441.0000,4084,1441.0000
2013-05-03,1440.0000,1471.0000,1440.0000,1455.0000,2880,1455.0000
2013-05-06,1450.2500,1469.0000,1442.0000,1444.5000,1827,1444.5000
2013-05-07,1445.0000,1464.0000,1445.0000,1463.5000,1345,1463.5000
2013-05-08,1463.2500,1485.0000,1461.5000,1479.0000,2419,1479.0000
2013-05-09,1475.2500,1500.2500,1475.2500,1491.2500,1692,1491.2500
2013-05-10,1490.7500,1503.7500,1481.0000,1488.2500,1968,1488.2500
2013-05-13,1486.5000,1527.2500,1486.5000,1521.0000,2147,1521.0000
2013-05-14,1522.0000,1545.0000,1514.7500,1524.5000,75010,1524.5000
2013-05-15,1414.7500,1422.7500,1402.2500,1412.7500,79798,1412.7500
2013-05-16,1412.7500,1431.0000,1408.2500,1427.5000,88796,1427.5000
2013-05-17,1427.5000,1449.2500,1424.0000,1448.5000,111419,1448.5000
2013-05-20,1446.2500,1466.0000,1443.2500,1464.5000,107222,1464.5000
2013-05-21,1460.5000,1479.2500,1456.0000,1478.2500,125501,1478.2500
2013-05-22,1477.0000,1494.7500,1470.5000,1494.2500,115680,1494.2500
2013-05-23,1492.5000,1546.7500,1487.5000,1499.5000,187905,1499.5000
2013-05-24,1493.0000,1505.7500,1471.2500,1476.2500,119652,1476.2500
2013-05-28,1475.0000,1528.5000,1472.5000,1509.2500,105640,1509.2500
2013-05-29,1505.0000,1519.0000,1490.0000,1501.7500,80708,1501.7500
2013-05-30,1502.0000,1507.5000,1487.0000,1495.7500,52524,1495.7500
2013-05-31,1494.2500,1523.0000,1494.2500,1510.0000,80189,1510.0000
2013-06-03,1509.5000,1540.7500,1509.0000,1532.5000,84969,1532.5000
2013-06-04,1531.7500,1533.0000,1518.0000,1528.7500,56812,1528.7500
2013-06-05,1528.0000,1549.0000,1523.2500,1532.0000,101120,1532.0000
2013-06-06,1532.0000,1534.2500,1519.2500,1527.2500,76211,1527.2500
2013-06-07,1528.0000,1542.0000,1521.2500,1528.2500,80293,1528.2500
2013-06-10,1522.7500,1527.0000,1502.5000,1511.7500,90119,1511.7500
2013-06-11,1515.5000,1544.0000,1514.7500,1540.5000,93870,1540.5000
2013-06-12,1539.7500,1558.7500,1530.5000,1540.7500,110605,1540.7500
2013-06-13,1540.0000,1543.5000,1506.5000,1510.2500,94100,1510.2500
2013-06-14,1510.0000,1522.0000,1506.0000,1516.5000,55355,1516.5000
2013-06-17,1508.2500,1519.5000,1490.0000,1512.5000,50982,1512.5000
2013-06-18,1511.7500,1530.0000,1510.0000,1510.7500,67843,1510.7500
2013-06-19,1513.0000,1527.0000,1505.2500,1523.0000,58940,1523.0000
2013-06-20,1521.2500,1522.0000,1495.7500,1497.5000,45803,1497.5000
2013-06-21,1497.0000,1505.7500,1488.7500,1493.2500,61612,1493.2500
2013-06-24,1489.7500,1514.0000,1485.5000,1512.0000,52587,1512.0000
2013-06-25,1511.7500,1527.7500,1507.0000,1525.2500,52405,1525.2500
2013-06-26,1524.0000,1535.0000,1516.5000,1534.2500,52563,1534.2500
2013-06-27,1532.2500,1550.7500,1530.2500,1548.5000,39906,1548.5000
2013-06-28,1547.5000,1574.5000,1538.0000,1564.5000,17119,1564.5000
2013-07-01,1565.5000,1604.2500,1560.0000,1570.5000,4749,1570.5000
2013-07-02,1570.7500,1584.7500,1565.0000,1573.0000,1612,1573.0000
2013-07-03,1574.0000,1593.0000,1572.7500,1583.5000,2482,1583.5000
2013-07-05,1584.7500,1595.0000,1584.7500,1588.0000,1140,1588.0000
2013-07-08,1585.5000,1616.2500,1585.0000,1609.2500,1980,1609.2500
2013-07-09,1609.7500,1630.0000,1607.0000,1613.2500,3023,1613.2500
2013-07-10,1617.7500,1627.2500,1585.0000,1591.7500,2506,1591.7500
2013-07-11,1593.7500,1610.5000,1580.0000,1601.2500,1680,1601.2500
2013-07-12,1595.0000,1610.0000,1534.5000,1563.2500,34640,1563.2500
2013-07-15,1424.0000,1458.0000,1419.5000,1453.7500,31883,1453.7500
2013-07-16,1456.7500,1488.0000,1453.0000,1475.2500,33964,1475.2500
2013-07-17,1475.2500,1482.0000,1464.2500,1477.5000,20853,1477.5000
2013-07-18,1475.0000,1477.5000,1458.5000,1469.2500,23876,1469.2500
2013-07-19,1469.0000,1492.7500,1469.0000,1490.7500,26799,1490.7500
2013-07-22,1491.0000,1525.5000,1487.0000,1520.2500,29915,1520.2500
2013-07-23,1515.0000,1526.2500,1460.0000,1462.5000,45710,1462.5000
2013-07-24,1460.0000,1466.2500,1392.5000,1392.5000,48325,1392.5000
2013-07-25,1388.2500,1396.5000,1348.5000,1355.2500,29089,1355.2500
2013-07-26,1353.5000,1360.2500,1330.5000,1349.7500,25460,1349.7500
2013-07-29,1345.5000,1370.5000,1328.7500,1367.5000,17663,1367.5000
2013-07-30,1370.0000,1379.7500,1347.7500,1350.0000,13491,1350.0000
2013-07-31,1350.0000,1375.5000,1343.5000,1374.0000,4285,1374.0000
2013-08-01,1371.7500,1387.0000,1354.5000,1357.7500,3800,1357.7500
2013-08-02,1358.0000,1370.0000,1328.5000,1331.0000,1670,1331.0000
2013-08-05,1332.5000,1336.0000,1318.5000,1329.7500,1073,1329.7500
2013-08-06,1330.0000,1335.0000,1318.2500,1324.2500,689,1324.2500
2013-08-07,1323.2500,1335.0000,1313.7500,1327.7500,720,1327.7500
2013-08-08,1328.0000,1358.0000,1328.0000,1355.7500,896,1355.7500
2013-08-09,1354.7500,1366.2500,1340.0000,1340.7500,757,1340.7500
2013-08-12,1339.7500,1374.0000,1338.2500,1373.7500,482,1373.7500
2013-08-13,1374.0000,1386.5000,1358.0000,1359.7500,449,1359.7500
2013-08-14,1347.0000,1376.0000,1347.0000,1368.0000,11285,1368.0000
2013-08-15,1271.7500,1294.0000,1271.0000,1288.2500,17639,1288.2500
2013-08-16,1287.7500,1296.0000,1282.5000,1283.2500,14233,1283.2500
2013-08-19,1296.5000,1324.7500,1295.0000,1322.0000,20059,1322.0000
2013-08-20,1320.7500,1326.7500,1304.0000,1309.2500,11955,1309.2500
2013-08-21,1308.0000,1335.7500,1304.2500,1333.0000,17957,1333.0000
2013-08-22,1327.0000,1342.0000,1316.5000,1322.0000,13711,1322.0000
2013-08-23,1326.0000,1369.0000,1325.7500,1365.2500,18028,1365.2500
2013-08-26,1382.5000,1435.2500,1382.2500,1427.7500,12961,1427.7500
2013-08-27,1425.0000,1449.0000,1412.0000,1414.0000,8028,1414.0000
2013-08-28,1414.2500,1435.0000,1408.5000,1433.0000,12481,1433.0000
2013-08-29,1435.0000,1453.7500,1421.2500,1430.0000,9732,1430.0000
2013-08-30,1434.5000,1434.5000,1414.2500,1424.0000,2867,1424.0000
2013-09-03,1454.0000,1467.7500,1431.0000,1435.5000,3790,1435.5000
2013-09-04,1432.7500,1432.7500,1389.0000,1397.7500,1805,1397.7500
2013-09-05,1402.7500,1423.7500,1380.2500,1423.0000,1317,1423.0000
2013-09-06,1428.7500,1440.0000,1422.0000,1437.0000,989,1437.0000
2013-09-09,1448.7500,1448.7500,1402.7500,1404.2500,671,1404.2500
2013-09-10,1390.7500,1405.0000,1386.2500,1403.7500,378,1403.7500
2013-09-11,1403.0000,1408.5000,1400.0000,1405.2500,224,1405.2500
2013-09-12,1410.0000,1442.0000,1385.0000,1442.0000,296,1442.0000
2013-09-13,1435.0000,1499.5000,1431.0000,1488.7500,103430,1488.7500
2013-09-16,1374.0000,1375.2500,1342.7500,1348.2500,122652,1348.2500
2013-09-17,1349.0000,1366.5000,1332.0000,1342.5000,150137,1342.5000
2013-09-18,1341.5000,1349.7500,1335.0000,1347.7500,87033,1347.7500
2013-09-19,1352.5000,1361.2500,1331.2500,1339.5000,102649,1339.5000
2013-09-20,1340.5000,1340.5000,1311.7500,1315.2500,118735,1315.2500
2013-09-23,1310.0000,1317.7500,1305.5000,1307.7500,80316,1307.7500
2013-09-24,1306.5000,1322.7500,1305.2500,1312.5000,73052,1312.5000
2013-09-25,1311.5000,1328.0000,1306.5000,1321.7500,101566,1321.7500
2013-09-26,1320.0000,1322.7500,1311.2500,1316.7500,72707,1316.7500
2013-09-27,1316.5000,1327.7500,1311.5000,1319.7500,91120,1319.7500
2013-09-30,1312.7500,1317.0000,1281.0000,1282.7500,169923,1282.7500
2013-10-01,1278.5000,1278.7500,1263.5000,1268.0000,123503,1268.0000
2013-10-02,1267.5000,1282.0000,1263.7500,1273.7500,128886,1273.7500
2013-10-03,1273.0000,1289.7500,1271.0000,1288.2500,116591,1288.2500
2013-10-04,1286.2500,1298.0000,1280.0000,1295.0000,107858,1295.0000
2013-10-07,1292.2500,1305.0000,1288.5000,1296.5000,107027,1296.5000
2013-10-08,1296.2500,1305.7500,1283.7500,1288.7500,149055,1288.7500
2013-10-09,1287.5000,1293.0000,1281.2500,1287.7500,128973,1287.7500
2013-10-10,1286.5000,1302.0000,1285.5000,1288.0000,150688,1288.0000
2013-10-11,1286.0000,1288.0000,1266.0000,1266.7500,147378,1266.7500
2013-10-14,1263.7500,1280.0000,1261.7500,1273.0000,115468,1273.0000
2013-10-15,1271.0000,1276.7500,1264.2500,1267.0000,92847,1267.0000
2013-10-16,1267.0000,1279.5000,1266.0000,1276.5000,119977,1276.5000
2013-10-17,1276.2500,1296.0000,1274.7500,1293.2500,131533,1293.2500
2013-10-18,1291.2500,1301.5000,1287.5000,1291.2500,113246,1291.2500
2013-10-21,1289.0000,1304.0000,1288.5000,1303.2500,99173,1303.2500
2013-10-22,1300.7500,1305.5000,1292.0000,1302.2500,117953,1302.2500
2013-10-23,1299.0000,1318.7500,1296.7500,1310.0000,139166,1310.0000
2013-10-24,1309.0000,1318.0000,1306.0000,1309.7500,111457,1309.7500
2013-10-25,1309.0000,1312.7500,1299.2500,1300.0000,104191,1300.0000
2013-10-28,1300.0000,1301.2500,1270.2500,1271.2500,124280,1271.2500
2013-10-29,1270.0000,1280.5000,1268.0000,1279.0000,95488,1279.0000
2013-10-30,1279.0000,1292.5000,1279.0000,1287.5000,72297,1287.5000
2013-10-31,1287.0000,1300.0000,1279.5000,1280.2500,25853,1280.2500
2013-11-01,1280.0000,1285.0000,1265.0000,1266.0000,14331,1266.0000
2013-11-04,1263.0000,1271.2500,1260.0000,1264.0000,13883,1264.0000
2013-11-05,1264.7500,1271.7500,1255.0000,1259.2500,4988,1259.2500
2013-11-06,1259.0000,1269.7500,1258.5000,1263.0000,3332,1263.0000
2013-11-07,1263.0000,1289.5000,1262.5000,1278.7500,2509,1278.7500
2013-11-08,1277.2500,1306.0000,1274.7500,1306.0000,1957,1306.0000
2013-11-11,1305.0000,1312.0000,1296.0000,1308.0000,1942,1308.0000
2013-11-12,1305.2500,1325.0000,1304.0000,1319.2500,1518,1319.2500
2013-11-13,1319.2500,1322.2500,1312.0000,1319.7500,940,1319.7500
2013-11-14,1317.5000,1323.7500,1314.7500,1317.2500,77295,1317.2500
2013-11-15,1312.7500,1315.7500,1278.0000,1280.5000,106848,1280.5000
2013-11-18,1280.0000,1290.0000,1276.5000,1287.5000,72543,1287.5000
2013-11-19,1285.5000,1294.0000,1268.2500,1276.2500,114103,1276.2500
2013-11-20,1277.0000,1283.7500,1270.2500,1273.7500,71551,1273.7500
2013-11-21,1275.2500,1292.5000,1275.2500,1291.5000,92414,1291.5000
2013-11-22,1290.7500,1322.0000,1290.5000,1319.5000,131379,1319.5000
2013-11-25,1318.5000,1334.5000,1309.2500,1329.2500,111656,1329.2500
2013-11-26,1327.0000,1330.7500,1316.7500,1329.2500,102374,1329.2500
2013-11-27,1327.5000,1341.0000,1318.2500,1320.0000,105162,1320.0000
2013-11-29,1328.5000,1339.5000,1327.0000,1336.5000,56777,1336.5000
2013-12-02,1335.7500,1346.0000,1319.2500,1321.2500,100676,1321.2500
2013-12-03,1320.7500,1329.0000,1311.2500,1319.7500,92773,1319.7500
2013-12-04,1320.0000,1334.5000,1311.5000,1329.5000,108326,1329.5000
2013-12-05,1328.0000,1333.0000,1316.0000,1328.0000,105555,1328.0000
2013-12-06,1328.0000,1328.0000,1316.5000,1325.5000,89331,1325.5000
2013-12-09,1324.7500,1346.7500,1324.5000,1343.7500,119248,1343.7500
2013-12-10,1342.7500,1353.5000,1330.5000,1338.2500,151495,1338.2500
2013-12-11,1339.2500,1345.5000,1334.5000,1344.0000,95905,1344.0000
2013-12-12,1343.0000,1347.0000,1318.5000,1323.7500,142780,1323.7500
2013-12-13,1323.0000,1328.0000,1312.2500,1327.5000,73351,1327.5000
2013-12-16,1328.0000,1343.5000,1319.0000,1337.7500,96158,1337.7500
2013-12-17,1336.0000,1350.0000,1328.5000,1346.5000,110864,1346.5000
2013-12-18,1344.0000,1351.0000,1323.2500,1324.0000,119032,1324.0000
2013-12-19,1325.0000,1329.7500,1315.7500,1327.0000,107255,1327.0000
2013-12-20,1325.7500,1345.0000,1321.5000,1339.0000,75189,1339.0000
2013-12-23,1343.5000,1347.0000,1327.0000,1328.5000,57204,1328.5000
2013-12-24,1328.5000,1338.0000,1325.0000,1333.7500,20848,1333.7500
2013-12-26,1332.0000,1332.0000,1316.7500,1318.7500,49390,1318.7500
2013-12-27,1318.7500,1332.5000,1318.7500,1331.5000,40255,1331.5000
2013-12-30,1324.7500,1333.2500,1319.2500,1328.2500,45721,1328.2500
2013-12-31,1327.7500,1331.0000,1309.0000,1312.5000,21149,1312.5000
2014-01-02,1312.5000,1312.5000,1280.2500,1287.0000,8675,1287.0000
2014-01-03,1287.0000,1294.0000,1281.7500,1289.2500,7385,1289.2500
2014-01-06,1291.2500,1301.5000,1290.0000,1296.7500,2906,1296.7500
2014-01-07,1297.0000,1305.5000,1287.2500,1299.5000,2600,1299.5000
2014-01-08,1299.2500,1304.5000,1292.2500,1300.7500,3050,1300.7500
2014-01-09,1300.7500,1307.5000,1296.2500,1296.2500,2454,1296.2500
2014-01-10,1297.2500,1320.0000,1297.2500,1303.7500,1142,1303.7500
2014-01-13,1301.7500,1327.5000,1296.0000,1326.7500,1070,1326.7500
2014-01-14,1327.0000,1339.0000,1314.7500,1339.0000,125170,1339.0000
2014-01-15,1305.2500,1321.0000,1303.2500,1318.0000,96559,1318.0000
2014-01-16,1316.5000,1330.5000,1311.0000,1315.0000,101482,1315.0000
2014-01-17,1312.7500,1318.5000,1305.5000,1316.5000,76571,1316.5000
2014-01-21,1313.0000,1314.0000,1280.0000,1280.5000,120155,1280.5000
2014-01-22,1279.7500,1286.0000,1272.0000,1279.5000,101694,1279.5000
2014-01-23,1279.7500,1296.7500,1275.2500,1277.0000,107872,1277.0000
2014-01-24,1275.7500,1287.0000,1263.5000,1284.7500,110447,1284.7500
2014-01-27,1286.0000,1293.0000,1279.0000,1287.7500,91707,1287.7500
2014-01-28,1287.2500,1290.0000,1277.5000,1285.5000,58970,1285.5000
2014-01-29,1284.7500,1286.0000,1266.0000,1269.2500,100762,1269.2500
2014-01-30,1269.0000,1286.5000,1260.0000,1275.0000,127093,1275.0000
2014-01-31,1275.5000,1284.0000,1271.5000,1282.7500,71001,1282.7500
2014-02-03,1281.7500,1299.7500,1278.5000,1292.7500,91717,1292.7500
2014-02-04,1292.7500,1316.0000,1291.0000,1313.2500,114579,1313.2500
2014-02-05,1312.0000,1321.2500,1305.0000,1316.2500,112133,1316.2500
2014-02-06,1315.2500,1334.5000,1314.7500,1325.7500,110834,1325.7500
2014-02-07,1324.0000,1332.5000,1320.0000,1331.5000,86853,1331.5000
2014-02-10,1327.0000,1340.0000,1318.5000,1325.5000,138644,1325.5000
2014-02-11,1323.2500,1337.5000,1312.5000,1334.7500,136598,1334.7500
2014-02-12,1335.0000,1340.0000,1322.0000,1323.0000,120903,1323.0000
2014-02-13,1323.0000,1347.5000,1322.5000,1344.2500,146027,1344.2500
2014-02-14,1342.2500,1356.0000,1336.7500,1337.5000,104800,1337.5000
2014-02-18,1337.2500,1361.7500,1335.5000,1361.0000,110545,1361.0000
2014-02-19,1360.5000,1371.7500,1351.0000,1354.2500,91724,1354.2500
2014-02-20,1354.0000,1361.0000,1343.7500,1358.2500,89864,1358.2500
2014-02-21,1358.5000,1372.2500,1351.5000,1370.7500,87981,1370.7500
2014-02-24,1370.2500,1389.7500,1369.2500,1386.5000,75579,1386.5000
2014-02-25,1384.2500,1400.0000,1377.0000,1399.0000,75676,1399.0000
2014-02-26,1397.0000,1408.0000,1392.2500,1407.2500,76292,1407.2500
2014-02-27,1405.2500,1452.0000,1392.0000,1393.5000,65635,1393.5000
2014-02-28,1395.2500,1415.0000,1384.7500,1414.2500,13053,1414.2500
2014-03-03,1418.5000,1438.7500,1401.0000,1407.2500,5480,1407.2500
2014-03-04,1404.0000,1422.2500,1402.2500,1418.0000,4703,1418.0000
2014-03-05,1421.5000,1424.0000,1407.0000,1420.0000,2695,1420.0000
2014-03-06,1421.7500,1438.2500,1418.7500,1437.5000,1159,1437.5000
2014-03-07,1436.5000,1460.0000,1435.2500,1457.5000,1384,1457.5000
2014-03-10,1451.2500,1451.2500,1417.7500,1419.2500,2362,1419.2500
2014-03-11,1415.2500,1430.2500,1411.5000,1411.5000,786,1411.5000
2014-03-12,1402.0000,1402.5000,1363.5000,1381.7500,855,1381.7500
2014-03-13,1382.2500,1404.2500,1377.0000,1390.7500,673,1390.7500
2014-03-14,1389.0000,1390.7500,1376.0000,1376.0000,82163,1376.0000
2014-03-17,1388.0000,1395.7500,1375.5000,1391.7500,73501,1391.7500
2014-03-18,1390.0000,1419.5000,1384.5000,1418.2500,86122,1418.2500
2014-03-19,1416.5000,1442.0000,1416.5000,1431.2500,84021,1431.2500
2014-03-20,1430.5000,1456.5000,1422.2500,1433.7500,115248,1433.7500
2014-03-21,1433.5000,1435.7500,1405.2500,1408.7500,77887,1408.7500
2014-03-24,1404.5000,1432.7500,1393.2500,1425.5000,79050,1425.5000
2014-03-25,1425.7500,1436.0000,1416.0000,1428.0000,59859,1428.0000
2014-03-26,1426.0000,1441.7500,1420.7500,1440.0000,64024,1440.0000
2014-03-27,1439.5000,1450.5000,1430.5000,1436.5000,66708,1436.5000
2014-03-28,1436.0000,1443.5000,1428.2500,1436.5000,59818,1436.5000
2014-03-31,1433.5000,1466.5000,1423.0000,1464.0000,114538,1464.0000
2014-04-01,1463.0000,1491.5000,1460.5000,1484.5000,99416,1484.5000
2014-04-02,1483.2500,1496.0000,1456.0000,1462.2500,115773,1462.2500
2014-04-03,1462.2500,1480.7500,1458.2500,1475.2500,86242,1475.2500
2014-04-04,1474.7500,1487.0000,1463.0000,1473.7500,72120,1473.7500
2014-04-07,1472.2500,1479.5000,1459.5000,1464.2500,80388,1464.2500
2014-04-08,1464.2500,1483.5000,1462.0000,1482.5000,97342,1482.5000
2014-04-09,1482.5000,1512.0000,1481.5000,1495.2500,131665,1495.2500
2014-04-10,1494.7500,1495.0000,1476.2500,1482.2500,80017,1482.2500
2014-04-11,1481.7500,1482.2500,1460.7500,1463.0000,92904,1463.0000
2014-04-14,1462.2500,1478.0000,1461.2500,1476.2500,92763,1476.2500
2014-04-15,1476.2500,1509.2500,1473.5000,1501.2500,95184,1501.2500
2014-04-16,1500.2500,1522.7500,1499.5000,1518.7500,68875,1518.7500
2014-04-17,1518.0000,1531.7500,1504.0000,1514.0000,63784,1514.0000
2014-04-21,1515.0000,1525.0000,1486.0000,1498.7500,46278,1498.7500
2014-04-22,1502.0000,1508.7500,1477.2500,1479.7500,84296,1479.7500
2014-04-23,1480.0000,1487.2500,1466.7500,1468.5000,61378,1468.5000
2014-04-24,1468.5000,1474.0000,1464.0000,1472.0000,66517,1472.0000
2014-04-25,1472.0000,1500.0000,1472.0000,1498.0000,78178,1498.0000
2014-04-28,1502.2500,1520.5000,1499.2500,1508.2500,60343,1508.2500
2014-04-29,1508.2500,1527.5000,1503.7500,1524.0000,41472,1524.0000
2014-04-30,1525.0000,1532.0000,1516.0000,1530.7500,15264,1530.7500
2014-05-01,1528.0000,1529.7500,1472.5000,1473.5000,7456,1473.5000
2014-05-02,1475.7500,1483.7500,1465.0000,1480.7500,2947,1480.7500
2014-05-05,1481.7500,1490.0000,1471.2500,1472.0000,3125,1472.0000
2014-05-06,1470.0000,1471.7500,1451.5000,1464.0000,3019,1464.0000
2014-05-07,1459.2500,1459.2500,1443.7500,1451.0000,2858,1451.0000
2014-05-08,1451.0000,1475.7500,1451.0000,1474.2500,1128,1474.2500
2014-05-09,1470.0000,1504.5000,1463.7500,1501.0000,1026,1501.0000
2014-05-12,1497.2500,1504.5000,1481.2500,1483.7500,510,1483.7500
2014-05-13,1484.0000,1504.2500,1480.0000,1502.2500,435,1502.2500
2014-05-14,1503.7500,1503.7500,1486.0000,1496.2500,90590,1496.2500
2014-05-15,1486.0000,1493.5000,1462.5000,1470.2500,99019,1470.2500
2014-05-16,1469.2500,1478.5000,1461.5000,1465.0000,62692,1465.0000
2014-05-19,1463.7500,1492.7500,1456.2500,1485.2500,94674,1485.2500
2014-05-20,1484.0000,1501.0000,1468.5000,1469.7500,85714,1469.7500
2014-05-21,1469.0000,1507.7500,1467.5000,1505.2500,92239,1505.2500
2014-05-22,1505.0000,1536.7500,1503.0000,1518.7500,127419,1518.7500
2014-05-23,1519.0000,1529.0000,1512.2500,1515.5000,61663,1515.5000
2014-05-27,1510.5000,1515.5000,1486.5000,1488.7500,79673,1488.7500
2014-05-28,1488.2500,1502.0000,1482.7500,1497.7500,59173,1497.7500
2014-05-29,1498.0000,1508.7500,1493.2500,1499.0000,60119,1499.0000
2014-05-30,1501.5000,1506.5000,1491.0000,1493.2500,53201,1493.2500
2014-06-02,1488.0000,1511.7500,1478.2500,1500.5000,80719,1500.5000
2014-06-03,1497.5000,1502.0000,1475.0000,1481.2500,94325,1481.2500
2014-06-04,1481.2500,1495.7500,1475.7500,1482.5000,77246,1482.5000
2014-06-05,1482.5000,1487.2500,1460.0000,1460.5000,100870,1460.5000
2014-06-06,1461.0000,1466.5000,1456.0000,1457.0000,79585,1457.0000
2014-06-09,1458.2500,1469.7500,1452.0000,1457.0000,90654,1457.0000
2014-06-10,1457.0000,1475.2500,1454.2500,1462.5000,96312,1462.5000
2014-06-11,1461.7500,1466.5000,1444.5000,1445.5000,116254,1445.5000
2014-06-12,1444.0000,1452.7500,1410.0000,1415.2500,139658,1415.2500
2014-06-13,1415.0000,1429.0000,1411.0000,1425.7500,62657,1425.7500
2014-06-16,1427.7500,1435.5000,1417.5000,1421.7500,77649,1421.7500
2014-06-17,1421.5000,1425.2500,1395.7500,1398.2500,92060,1398.2500
2014-06-18,1398.5000,1419.0000,1393.5000,1409.0000,67269,1409.0000
2014-06-19,1409.5000,1422.0000,1406.0000,1420.7500,51600,1420.7500
2014-06-20,1421.5000,1423.0000,1402.2500,1415.7500,62962,1415.7500
2014-06-23,1423.0000,1434.5000,1404.5000,1424.7500,62252,1424.7500
2014-06-24,1423.0000,1423.0000,1407.0000,1413.5000,60215,1413.5000
2014-06-25,1413.7500,1422.0000,1411.2500,1415.7500,49180,1415.7500
2014-06-26,1416.5000,1438.7500,1415.0000,1437.0000,52923,1437.0000
2014-06-27,1433.5000,1440.7500,1425.7500,1432.0000,46875,1432.0000
2014-06-30,1427.7500,1448.0000,1372.7500,1400.5000,17766,1400.5000
2014-07-01,1400.5000,1409.2500,1380.0000,1400.0000,5871,1400.0000
2014-07-02,1399.7500,1410.0000,1392.5000,1392.5000,5674,1392.5000
2014-07-03,1395.5000,1399.7500,1387.0000,1387.7500,2692,1387.7500
2014-07-07,1386.0000,1386.0000,1358.0000,1363.0000,1891,1363.0000
2014-07-08,1362.2500,1363.2500,1325.5000,1329.7500,2956,1329.7500
2014-07-09,1325.7500,1337.0000,1314.0000,1334.5000,1044,1334.5000
2014-07-10,1330.0000,1347.7500,1326.0000,1329.7500,958,1329.7500
2014-07-11,1329.7500,1340.2500,1249.2500,1295.7500,992,1295.7500
2014-07-14,1302.5000,1308.5000,1293.5000,1295.0000,26519,1295.0000
2014-07-15,1194.2500,1195.0000,1153.2500,1180.5000,48077,1180.5000
2014-07-16,1180.5000,1203.5000,1180.5000,1187.2500,24155,1187.2500
2014-07-17,1189.0000,1200.0000,1172.2500,1174.7500,23518,1174.7500
2014-07-18,1174.0000,1184.7500,1171.2500,1176.7500,15949,1176.7500
2014-07-21,1173.7500,1185.0000,1166.0000,1175.7500,19792,1175.7500
2014-07-22,1175.0000,1196.5000,1172.7500,1184.0000,25581,1184.0000
2014-07-23,1183.2500,1204.7500,1181.7500,1201.0000,28082,1201.0000
2014-07-24,1199.7500,1232.7500,1199.0000,1207.5000,25494,1207.5000
2014-07-25,1206.5000,1214.5000,1197.7500,1212.2500,17799,1212.2500
2014-07-28,1219.0000,1239.7500,1217.0000,1236.5000,21524,1236.5000
2014-07-29,1240.0000,1242.2500,1219.2500,1226.5000,24637,1226.5000
2014-07-30,1226.5000,1235.7500,1215.0000,1220.5000,17853,1220.5000
2014-07-31,1219.7500,1231.2500,1217.5000,1224.5000,4135,1224.5000
2014-08-01,1224.2500,1225.7500,1210.7500,1215.0000,3604,1215.0000
2014-08-04,1212.0000,1235.7500,1210.0000,1232.5000,1836,1232.5000
2014-08-05,1226.7500,1226.7500,1215.5000,1222.7500,2375,1222.7500
2014-08-06,1222.7500,1237.2500,1219.5000,1237.0000,1153,1237.0000
2014-08-07,1237.0000,1250.0000,1234.7500,1250.0000,1404,1250.0000
2014-08-08,1249.7500,1285.0000,1249.7500,1284.7500,1201,1284.7500
2014-08-11,1281.0000,1336.2500,1281.0000,1314.7500,1495,1314.7500
2014-08-12,1315.0000,1315.0000,1281.0000,1290.0000,592,1290.0000
2014-08-13,1290.0000,1293.0000,1245.0000,1264.5000,801,1264.5000
2014-08-14,1255.0000,1300.0000,1224.5000,1224.5000,11391,1224.5000
2014-08-15,1097.5000,1113.5000,1090.7500,1102.5000,11052,1102.5000
2014-08-18,1101.7500,1121.0000,1099.0000,1115.5000,14302,1115.5000
2014-08-19,1112.5000,1122.5000,1106.5000,1120.2500,14811,1120.2500
2014-08-20,1119.2500,1133.0000,1114.0000,1119.7500,19824,1119.7500
2014-08-21,1119.7500,1140.0000,1119.7500,1136.2500,16302,1136.2500
2014-08-22,1137.0000,1170.5000,1137.0000,1166.0000,22454,1166.0000
2014-08-25,1161.5000,1189.2500,1122.2500,1125.7500,16195,1125.7500
2014-08-26,1123.0000,1123.0000,1072.7500,1075.5000,11001,1075.5000
2014-08-27,1070.0000,1107.7500,1064.2500,1085.7500,7382,1085.7500
2014-08-28,1085.0000,1123.0000,1068.7500,1073.7500,4112,1073.7500
2014-08-29,1070.2500,1095.7500,1070.2500,1089.5000,747,1089.5000
2014-09-02,1090.2500,1108.0000,1085.0000,1097.2500,388,1097.2500
2014-09-03,1091.7500,1092.2500,1065.2500,1080.7500,340,1080.7500
2014-09-04,1080.0000,1082.5000,1064.0000,1064.2500,416,1064.2500
2014-09-05,1068.5000,1088.7500,1068.5000,1085.5000,160,1085.5000
2014-09-08,1090.0000,1095.0000,1076.2500,1090.7500,124,1090.7500
2014-09-09,1090.0000,1094.5000,1076.0000,1076.5000,94,1076.5000
2014-09-10,1077.0000,1086.7500,1071.0000,1071.0000,66,1071.0000
2014-09-11,1071.0000,1071.0000,1045.0000,1061.5000,84,1061.5000
2014-09-12,1066.0000,1110.5000,1065.0000,1091.0000,90810,1091.0000
2014-09-15,976.7500,994.5000,974.2500,989.5000,101027,989.5000
2014-09-16,989.2500,999.7500,976.7500,980.7500,122776,980.7500
2014-09-17,980.0000,988.0000,977.5000,982.5000,72378,982.5000
2014-09-18,982.5000,986.5000,970.7500,971.5000,76860,971.5000
2014-09-19,971.2500,972.0000,956.0000,957.0000,95315,957.0000
2014-09-22,953.0000,954.7500,934.2500,938.2500,136531,938.2500
2014-09-23,936.0000,944.5000,931.0000,936.2500,84494,936.2500
2014-09-24,935.0000,942.0000,934.2500,936.7500,96008,936.7500
2014-09-25,936.0000,941.7500,922.2500,922.7500,118910,922.7500
2014-09-26,922.0000,924.7500,909.7500,910.2500,101564,910.2500
2014-09-29,907.2500,924.5000,905.5000,923.5000,115774,923.5000
2014-09-30,922.0000,930.0000,909.7500,913.2500,174090,913.2500
2014-10-01,911.0000,919.7500,904.0000,916.7500,109740,916.7500
2014-10-02,915.2500,925.5000,912.5000,924.5000,101126,924.5000
2014-10-03,924.0000,927.7500,910.5000,912.2500,104413,912.2500
2014-10-06,914.0000,943.0000,912.2500,942.2500,145530,942.2500
2014-10-07,941.0000,955.0000,933.2500,940.7500,186992,940.7500
2014-10-08,939.0000,949.7500,926.5000,935.0000,132461,935.0000
2014-10-09,934.0000,945.0000,932.5000,942.0000,128358,942.0000
2014-10-10,939.5000,951.2500,921.2500,922.5000,216265,922.5000
2014-10-13,920.0000,951.0000,915.7500,945.2500,180331,945.2500
2014-10-14,943.7500,970.5000,943.2500,964.7500,225993,964.7500
2014-10-15,962.5000,978.5000,950.7500,952.5000,188824,952.5000
2014-10-16,949.5000,967.5000,949.2500,966.5000,119955,966.5000
2014-10-17,966.0000,972.7500,951.2500,951.7500,116590,951.7500
2014-10-20,950.0000,950.7500,936.0000,944.2500,126596,944.2500
2014-10-21,944.0000,966.7500,942.7500,964.2500,169993,964.2500
2014-10-22,961.2500,982.5000,960.2500,962.7500,164736,962.7500
2014-10-23,960.7500,994.2500,956.0000,993.2500,182447,993.2500
2014-10-24,991.5000,1002.0000,976.5000,977.5000,180599,977.5000
2014-10-27,973.5000,1008.2500,967.7500,1006.0000,157476,1006.0000
2014-10-28,1004.2500,1034.5000,1000.0000,1008.0000,152117,1008.0000
2014-10-29,1005.0000,1045.0000,1004.0000,1043.0000,122706,1043.0000
2014-10-30,1042.5000,1053.7500,1023.5000,1024.2500,83976,1024.2500
2014-10-31,1023.0000,1052.2500,1012.2500,1046.5000,30601,1046.5000
2014-11-03,1043.0000,1045.5000,1025.0000,1028.7500,14610,1028.7500
2014-11-04,1027.2500,1029.0000,1005.0000,1010.0000,9676,1010.0000
2014-11-05,1009.7500,1021.0000,996.0000,1020.5000,6907,1020.5000
2014-11-06,1020.5000,1044.0000,1012.2500,1031.0000,7396,1031.0000
2014-11-07,1031.0000,1042.2500,1022.5000,1040.2500,3069,1040.2500
2014-11-10,1040.2500,1060.5000,1024.2500,1027.5000,2978,1027.5000
2014-11-11,1025.7500,1075.0000,1023.2500,1066.5000,3897,1066.5000
2014-11-12,1067.2500,1086.7500,1044.5000,1048.2500,3349,1048.2500
2014-11-13,1048.5000,1068.2500,1044.7500,1050.5000,1897,1050.5000
2014-11-14,1046.5000,1047.7500,1021.0000,1021.0000,113071,1021.0000
2014-11-17,1023.0000,1038.5000,1014.5000,1036.2500,117856,1036.2500
2014-11-18,1036.7500,1042.0000,1021.0000,1023.2500,83250,1023.2500
2014-11-19,1024.0000,1025.0000,1003.7500,1004.7500,86192,1004.7500
2014-11-20,1005.7500,1022.2500,1005.0000,1020.5000,83032,1020.5000
2014-11-21,1020.5000,1040.0000,1013.5000,1039.0000,129765,1039.0000
2014-11-24,1036.2500,1038.7500,1026.7500,1033.7500,81614,1033.7500
2014-11-25,1033.7500,1054.0000,1033.0000,1051.0000,98567,1051.0000
2014-11-26,1049.2500,1054.7500,1038.5000,1047.0000,71418,1047.0000
2014-11-28,1041.0000,1051.5000,1013.0000,1016.0000,82915,1016.0000
2014-12-01,1010.7500,1022.5000,1006.5000,1017.0000,102853,1017.0000
2014-12-02,1017.0000,1022.0000,995.0000,995.7500,116216,995.7500
2014-12-03,995.5000,999.5000,983.7500,998.2500,110020,998.2500
2014-12-04,998.5000,1016.5000,991.5000,1010.5000,109731,1010.5000
2014-12-05,1009.7500,1040.7500,1003.5000,1036.0000,148264,1036.0000
2014-12-08,1035.0000,1050.5000,1030.0000,1043.7500,142323,1043.7500
2014-12-09,1043.0000,1050.0000,1038.5000,1049.2500,104304,1049.2500
2014-12-10,1047.7500,1060.2500,1027.7500,1032.0000,166290,1032.0000
2014-12-11,1032.7500,1048.2500,1025.7500,1042.2500,125928,1042.2500
2014-12-12,1039.0000,1054.0000,1031.5000,1047.2500,115616,1047.2500
2014-12-15,1050.0000,1055.0000,1035.5000,1039.5000,119888,1039.5000
2014-12-16,1034.2500,1039.0000,1021.5000,1023.5000,145997,1023.5000
2014-12-17,1022.5000,1034.0000,1015.0000,1027.0000,105153,1027.0000
2014-12-18,1027.0000,1040.0000,1024.0000,1035.0000,95220,1035.0000
2014-12-19,1034.7500,1035.7500,1022.5000,1030.5000,83810,1030.5000
2014-12-22,1029.0000,1042.2500,1025.2500,1038.2500,70529,1038.2500
2014-12-23,1036.5000,1048.0000,1033.2500,1038.5000,68196,1038.5000
2014-12-24,1036.5000,1041.5000,1025.5000,1028.7500,43141,1028.7500
2014-12-26,1028.5000,1048.5000,1028.5000,1047.5000,34306,1047.5000
2014-12-29,1045.7500,1061.7500,1039.0000,1041.7500,57333,1041.7500
2014-12-30,1041.5000,1049.7500,1036.2500,1037.7500,50456,1037.7500
2014-12-31,1035.5000,1041.5000,1017.5000,1019.2500,19027,1019.2500
2015-01-02,1017.7500,1017.7500,1002.2500,1002.5000,9173,1002.5000
2015-01-05,1002.5000,1041.2500,1001.5000,1039.7500,7451,1039.7500
2015-01-06,1037.5000,1052.5000,1034.0000,1051.0000,3994,1051.0000
2015-01-07,1049.7500,1055.2500,1044.5000,1052.7500,3888,1052.7500
2015-01-08,1051.5000,1057.0000,1042.7500,1045.0000,4042,1045.0000
2015-01-09,1044.2500,1052.0000,1041.2500,1051.5000,3320,1051.5000
2015-01-12,1047.0000,1058.7500,1013.0000,1013.5000,3313,1013.5000
2015-01-13,1017.5000,1022.2500,998.0000,1000.0000,1454,1000.0000
2015-01-14,1003.5000,1004.0000,991.7500,992.5000,119424,992.5000
2015-01-15,1014.5000,1019.7500,985.2500,991.0000,152445,991.0000
2015-01-16,991.2500,996.0000,983.0000,991.7500,96009,991.7500
2015-01-20,982.0000,986.7500,972.2500,982.0000,114400,982.0000
2015-01-21,983.5000,991.0000,977.5000,983.5000,110963,983.5000
2015-01-22,984.2500,992.5000,975.0000,976.7500,90812,976.7500
2015-01-23,977.0000,980.5000,967.2500,972.7500,107015,972.7500
2015-01-26,971.7500,984.2500,967.0000,983.5000,85312,983.5000
2015-01-27,982.2500,985.5000,972.2500,973.7500,101221,973.7500
2015-01-28,972.7500,977.7500,966.2500,970.2500,95595,970.2500
2015-01-29,969.5000,977.7500,967.0000,968.2500,110658,968.2500
2015-01-30,968.0000,972.7500,955.0000,961.0000,107062,961.0000
2015-02-02,961.0000,970.5000,956.5000,959.5000,86688,959.5000
2015-02-03,959.7500,999.0000,959.7500,987.0000,183638,987.0000
2015-02-04,985.2500,990.2500,967.5000,972.0000,121561,972.0000
2015-02-05,970.0000,982.7500,969.2500,981.2500,92627,981.2500
2015-02-06,981.2500,987.5000,971.2500,973.5000,113427,973.5000
2015-02-09,973.5000,983.2500,972.0000,978.5000,109143,978.5000
2015-02-10,978.2500,986.0000,967.0000,969.0000,171876,969.0000
2015-02-11,970.7500,981.0000,966.0000,977.7500,163833,977.7500
2015-02-12,977.2500,985.0000,973.5000,983.7500,144053,983.7500
2015-02-13,982.7500,997.7500,982.7500,990.5000,128959,990.5000
2015-02-17,992.0000,1009.0000,991.5000,1007.7500,104614,1007.7500
2015-02-18,1007.0000,1012.2500,990.7500,995.7500,99252,995.7500
2015-02-19,995.2500,1017.0000,993.7500,1007.2500,139528,1007.2500
2015-02-20,1006.7500,1009.7500,998.7500,999.2500,85918,999.2500
2015-02-23,1000.5000,1006.5000,992.0000,999.2500,66189,999.2500
2015-02-24,999.2500,1029.0000,999.0000,1016.0000,111284,1016.0000
2015-02-25,1015.0000,1021.5000,1002.0000,1007.7500,55241,1007.7500
2015-02-26,1007.5000,1024.7500,1006.0000,1024.0000,59154,1024.0000
2015-02-27,1023.0000,1035.5000,1020.0000,1030.7500,17636,1030.7500
2015-03-02,1029.7500,1037.2500,1008.7500,1011.2500,8388,1011.2500
2015-03-03,1011.7500,1015.0000,998.5000,1008.7500,8847,1008.7500
2015-03-04,1008.7500,1010.2500,988.2500,989.0000,5138,989.0000
2015-03-05,990.0000,991.2500,979.0000,979.2500,3378,979.2500
2015-03-06,979.0000,980.7500,971.0000,979.2500,3313,979.2500
2015-03-09,983.0000,993.2500,981.2500,988.2500,1714,988.2500
2015-03-10,987.2500,989.0000,978.0000,980.0000,1138,980.0000
2015-03-11,979.0000,991.5000,979.0000,989.0000,841,989.0000
2015-03-12,989.0000,992.5000,981.7500,986.5000,777,986.5000
2015-03-13,986.5000,986.5000,968.2500,968.2500,121550,968.2500
2015-03-16,972.5000,978.0000,967.5000,969.2500,82671,969.2500
2015-03-17,968.0000,973.0000,953.5000,954.5000,113419,954.5000
2015-03-18,954.5000,967.0000,953.5000,965.0000,102716,965.0000
2015-03-19,969.2500,980.2500,956.5000,961.7500,111075,961.7500
2015-03-20,961.7500,980.0000,960.0000,973.7500,126233,973.7500
2015-03-23,974.5000,990.0000,973.2500,983.5000,99545,983.5000
2015-03-24,983.7500,985.0000,975.7500,981.7500,90487,981.7500
2015-03-25,982.7500,987.7500,978.0000,978.7500,113333,978.7500
2015-03-26,977.0000,981.5000,972.0000,974.5000,101275,974.5000
2015-03-27,974.0000,976.2500,965.0000,967.2500,93855,967.2500
2015-03-30,968.0000,976.7500,965.0000,967.7500,88920,967.7500
2015-03-31,967.0000,981.0000,951.2500,973.2500,173826,973.2500
2015-04-01,973.2500,991.7500,972.7500,989.7500,159165,989.7500
2015-04-02,988.0000,993.0000,980.7500,986.0000,107812,986.0000
2015-04-06,985.0000,990.2500,978.0000,978.5000,59977,978.5000
2015-04-07,977.7500,984.0000,970.0000,971.0000,107655,971.0000
2015-04-08,971.0000,975.0000,967.7500,971.5000,108285,971.5000
2015-04-09,971.2500,972.0000,950.2500,953.5000,170266,953.5000
2015-04-10,954.0000,958.5000,944.5000,951.5000,125611,951.5000
2015-04-13,948.0000,957.5000,945.7500,948.7500,103494,948.7500
2015-04-14,948.7500,961.5000,948.5000,960.2500,142042,960.2500
2015-04-15,959.2500,976.7500,958.7500,965.0000,155426,965.0000
2015-04-16,964.0000,970.2500,955.5000,966.0000,90548,966.0000
2015-04-17,965.2500,972.5000,963.0000,968.7500,90527,968.7500
2015-04-20,968.0000,981.0000,967.5000,977.5000,110574,977.5000
2015-04-21,976.7500,977.0000,968.7500,975.2500,67881,975.2500
2015-04-22,973.7500,976.5000,965.2500,970.5000,108165,970.5000
2015-04-23,971.2500,983.0000,971.0000,978.2500,83196,978.2500
2015-04-24,978.0000,981.0000,966.7500,969.7500,62779,969.7500
2015-04-27,968.0000,979.0000,965.0000,973.0000,62813,973.0000
2015-04-28,972.0000,988.5000,972.0000,977.5000,78014,977.5000
2015-04-29,977.0000,989.7500,974.0000,988.5000,51626,988.5000
2015-04-30,989.0000,997.2500,975.0000,978.5000,13903,978.5000
2015-05-01,979.7500,980.5000,964.5000,968.5000,5974,968.5000
2015-05-04,968.0000,984.0000,966.7500,983.0000,3949,983.0000
2015-05-05,982.5000,994.5000,981.5000,993.5000,2787,993.5000
2015-05-06,993.2500,1000.5000,988.2500,990.5000,2348,990.5000
2015-05-07,990.5000,992.5000,979.2500,981.5000,2962,981.5000
2015-05-08,982.7500,986.2500,977.7500,984.5000,1691,984.5000
2015-05-11,983.0000,989.0000,981.5000,983.0000,1315,983.0000
2015-05-12,982.0000,991.2500,967.0000,967.0000,1362,967.0000
2015-05-13,974.5000,978.5000,970.5000,975.0000,1392,975.0000
2015-05-14,976.7500,978.7500,963.0000,963.0000,98841,963.0000
2015-05-15,957.2500,961.2500,950.2500,953.2500,94596,953.2500
2015-05-18,953.2500,964.5000,950.0000,954.5000,89562,954.5000
2015-05-19,953.2500,956.0000,942.0000,946.2500,119636,946.2500
2015-05-20,946.2500,947.2500,936.5000,941.2500,94327,941.2500
2015-05-21,941.2500,946.5000,937.2500,938.5000,90906,938.5000
2015-05-22,938.0000,942.5000,922.7500,924.2500,115966,924.2500
2015-05-26,923.7500,930.5000,920.5000,922.5000,106436,922.5000
2015-05-27,922.0000,931.7500,922.0000,927.0000,107395,927.0000
2015-05-28,927.0000,934.2500,922.0000,926.0000,108108,926.0000
2015-05-29,926.0000,937.5000,924.7500,934.0000,112312,934.0000
2015-06-01,931.0000,935.0000,921.5000,926.0000,115283,926.0000
2015-06-02,926.0000,944.5000,925.2500,940.7500,117943,940.7500
2015-06-03,941.5000,945.5000,931.5000,935.2500,129165,935.2500
2015-06-04,934.7500,948.7500,932.0000,946.5000,115650,946.5000
2015-06-05,944.5000,952.0000,935.2500,937.7500,127998,937.7500
2015-06-08,938.2500,951.0000,935.2500,944.2500,109450,944.2500
2015-06-09,946.0000,955.0000,943.2500,951.5000,134068,951.5000
2015-06-10,951.5000,957.7500,944.5000,949.5000,151232,949.5000
2015-06-11,947.2500,953.0000,938.0000,940.0000,129713,940.0000
2015-06-12,939.0000,947.0000,933.2500,940.0000,113304,940.0000
2015-06-15,940.0000,943.7500,930.2500,937.7500,112442,937.7500
2015-06-16,939.0000,959.0000,938.7500,957.5000,129787,957.5000
2015-06-17,957.5000,972.0000,957.5000,969.0000,136516,969.0000
2015-06-18,967.0000,981.7500,962.0000,977.7500,140565,977.7500
2015-06-19,976.0000,981.5000,966.5000,971.5000,102493,971.5000
2015-06-22,972.5000,990.0000,971.5000,989.5000,99654,989.5000
2015-06-23,989.5000,996.0000,978.0000,987.5000,107174,987.5000
2015-06-24,987.2500,990.5000,979.0000,981.7500,80675,981.7500
2015-06-25,981.0000,1002.5000,980.0000,1000.2500,90872,1000.2500
2015-06-26,999.0000,1024.5000,997.7500,1002.0000,100939,1002.0000
2015-06-29,997.2500,1014.7500,995.0000,1002.5000,51498,1002.5000
2015-06-30,1000.5000,1059.2500,993.7500,1056.2500,20171,1056.2500
2015-07-01,1053.5000,1060.2500,1038.7500,1044.0000,8751,1044.0000
2015-07-02,1041.7500,1055.0000,1032.0000,1045.2500,3991,1045.2500
2015-07-06,1037.0000,1042.5000,1026.2500,1033.7500,1974,1033.7500
2015-07-07,1029.0000,1033.7500,1001.0000,1002.0000,2096,1002.0000
2015-07-08,1008.2500,1016.0000,999.0000,1006.2500,1512,1006.2500
2015-07-09,1008.7500,1042.2500,1008.7500,1037.7500,883,1037.7500
2015-07-10,1037.2500,1059.0000,1035.0000,1043.5000,829,1043.5000
2015-07-13,1044.5000,1051.5000,1034.7500,1045.2500,531,1045.2500
2015-07-14,1052.5000,1060.0000,1039.0000,1039.0000,34977,1039.0000
2015-07-15,1030.0000,1035.0000,1014.2500,1025.0000,28280,1025.0000
2015-07-16,1027.2500,1038.2500,1015.2500,1019.0000,24162,1019.0000
2015-07-17,1016.5000,1021.2500,1007.5000,1014.7500,19460,1014.7500
2015-07-20,1012.0000,1012.7500,998.2500,1007.7500,27829,1007.7500
2015-07-21,1011.0000,1020.0000,1008.2500,1018.7500,30275,1018.7500
2015-07-22,1018.7500,1027.5000,1011.5000,1020.7500,43514,1020.7500
2015-07-23,1021.2500,1029.0000,1004.2500,1010.0000,48381,1010.0000
2015-07-24,1010.5000,1011.2500,988.7500,991.2500,43122,991.2500
2015-07-27,988.0000,988.2500,959.7500,961.2500,28464,961.2500
2015-07-28,963.0000,976.7500,962.7500,974.7500,26707,974.7500
2015-07-29,976.7500,988.7500,971.7500,983.0000,28191,983.0000
2015-07-30,982.0000,1002.2500,982.0000,990.2500,25531,990.2500
2015-07-31,993.0000,995.2500,979.0000,980.7500,9157,980.7500
2015-08-03,978.0000,983.7500,971.5000,977.5000,3428,977.5000
2015-08-04,977.5000,986.5000,971.0000,976.0000,2126,976.0000
2015-08-05,974.5000,992.2500,974.5000,991.7500,1067,991.7500
2015-08-06,991.0000,992.0000,983.7500,985.5000,1537,985.5000
2015-08-07,982.0000,1010.2500,982.0000,1009.0000,1000,1009.0000
2015-08-10,1010.5000,1045.7500,1010.5000,1044.7500,1700,1044.7500
2015-08-11,1039.0000,1039.5000,1013.0000,1014.0000,824,1014.0000
2015-08-12,1018.7500,1018.7500,950.0000,951.0000,916,951.0000
2015-08-13,953.0000,995.0000,953.0000,993.0000,848,993.0000
2015-08-14,991.2500,991.2500,965.0000,978.5000,10557,978.5000
2015-08-17,920.0000,933.5000,919.2500,927.0000,12809,927.0000
2015-08-18,925.2500,929.2500,912.2500,913.2500,14548,913.2500
2015-08-19,913.0000,917.2500,899.7500,903.5000,16772,903.5000
2015-08-20,904.7500,923.0000,898.2500,921.5000,18829,921.5000
2015-08-21,920.0000,921.0000,903.7500,905.2500,21281,905.2500
2015-08-24,899.5000,906.2500,874.0000,892.7500,18851,892.7500
2015-08-25,893.0000,908.0000,888.0000,894.2500,16197,894.2500
2015-08-26,893.2500,898.5000,877.0000,877.7500,15241,877.7500
2015-08-27,879.5000,894.2500,879.5000,886.2500,15895,886.2500
2015-08-28,887.2500,895.7500,884.0000,893.2500,9497,893.2500
2015-08-31,894.2500,898.0000,880.7500,897.5000,2125,897.5000
2015-09-01,891.7500,894.7500,878.7500,884.7500,1376,884.7500
2015-09-02,882.5000,888.5000,874.2500,883.7500,910,883.7500
2015-09-03,883.7500,891.2500,878.5000,879.7500,991,879.7500
2015-09-04,879.7500,885.5000,877.0000,877.2500,879,877.2500
2015-09-08,884.0000,895.0000,882.2500,890.7500,923,890.7500
2015-09-09,888.2500,894.0000,882.5000,882.7500,573,882.7500
2015-09-10,882.7500,888.0000,882.7500,884.5000,351,884.5000
2015-09-11,886.0000,888.7500,866.0000,887.7500,454,887.7500
2015-09-14,887.2500,898.0000,882.7500,882.7500,108353,882.7500
2015-09-15,886.5000,894.5000,883.0000,889.0000,106777,889.0000
2015-09-16,889.0000,894.5000,883.2500,887.2500,120932,887.2500
2015-09-17,886.7500,890.5000,880.5000,884.5000,79487,884.5000
2015-09-18,883.7500,886.5000,866.5000,867.2500,119982,867.2500
2015-09-21,868.0000,877.2500,865.0000,874.2500,98206,874.2500
2015-09-22,871.2500,873.5000,861.0000,861.7500,118016,861.7500
2015-09-23,861.2500,869.5000,861.0000,863.7500,106538,863.7500
2015-09-24,863.0000,869.2500,858.0000,868.0000,112270,868.0000
2015-09-25,869.0000,890.0000,869.0000,889.2500,154414,889.2500
2015-09-28,888.0000,892.0000,875.7500,876.7500,122366,876.7500
2015-09-29,876.2500,884.7500,873.5000,884.2500,106478,884.2500
2015-09-30,883.5000,902.2500,881.2500,892.0000,196549,892.0000
2015-10-01,891.5000,899.2500,876.7500,877.2500,170663,877.2500
2015-10-02,877.0000,882.0000,868.2500,874.2500,169182,874.2500
2015-10-05,874.0000,886.0000,872.0000,884.2500,110820,884.2500
2015-10-06,879.2500,895.5000,879.2500,888.0000,134181,888.0000
2015-10-07,887.2500,896.0000,885.7500,891.0000,120545,891.0000
2015-10-08,890.0000,891.7500,880.0000,881.2500,152530,881.2500
2015-10-09,880.5000,897.0000,871.5000,885.7500,236991,885.7500
2015-10-12,885.5000,894.5000,885.5000,887.5000,127467,887.5000
2015-10-13,886.2500,915.0000,886.0000,914.0000,239517,914.0000
2015-10-14,912.0000,919.7500,909.0000,910.5000,172208,910.5000
2015-10-15,909.0000,915.7500,904.0000,905.2500,141941,905.2500
2015-10-16,904.2500,910.5000,897.2500,898.2500,141192,898.2500
2015-10-19,897.5000,900.5000,890.7500,891.0000,154119,891.0000
2015-10-20,890.2500,901.7500,889.5000,896.0000,149191,896.0000
2015-10-21,896.0000,907.0000,894.5000,905.2500,141806,905.2500
2015-10-22,905.0000,913.0000,897.5000,898.7500,161695,898.7500
2015-10-23,898.7500,901.0000,892.0000,895.5000,135626,895.5000
2015-10-26,895.0000,899.5000,884.0000,885.0000,146578,885.0000
2015-10-27,885.7500,895.2500,882.0000,891.2500,97849,891.2500
2015-10-28,890.5000,891.0000,881.0000,881.5000,109033,881.5000
2015-10-29,881.0000,885.0000,873.2500,878.7500,81621,878.7500
2015-10-30,877.0000,886.7500,876.7500,883.7500,23113,883.7500
2015-11-02,883.7500,889.2500,877.2500,877.7500,8873,877.7500
2015-11-03,878.5000,887.5000,875.0000,878.5000,7186,878.5000
2015-11-04,878.5000,886.2500,878.5000,882.0000,4218,882.0000
2015-11-05,882.5000,882.5000,867.2500,867.7500,3089,867.7500
2015-11-06,868.0000,873.0000,863.2500,871.2500,1643,871.2500
2015-11-09,872.0000,877.2500,871.2500,873.5000,2415,873.5000
2015-11-10,875.0000,875.2500,859.2500,864.5000,1793,864.5000
2015-11-11,865.7500,869.7500,863.5000,868.5000,1574,868.5000
2015-11-12,869.7500,874.7500,865.2500,869.2500,1521,869.2500
2015-11-13,871.7500,871.7500,859.0000,859.0000,70652,859.0000
2015-11-16,854.2500,860.5000,851.2500,859.5000,72785,859.5000
2015-11-17,859.5000,865.0000,857.7500,864.0000,73486,864.0000
2015-11-18,864.0000,867.5000,852.5000,857.7500,126821,857.7500
2015-11-19,858.0000,863.0000,852.5000,860.0000,96810,860.0000
2015-11-20,860.0000,861.2500,852.0000,857.5000,111562,857.5000
2015-11-23,855.0000,865.2500,844.2500,864.2500,135936,864.2500
2015-11-24,864.0000,869.2500,861.2500,863.7500,94127,863.7500
2015-11-25,863.0000,877.0000,861.5000,875.2500,105565,875.2500
2015-11-27,874.2500,877.7500,871.0000,873.0000,62645,873.0000
2015-11-30,873.0000,883.2500,870.2500,881.0000,109282,881.0000
2015-12-01,881.0000,891.7500,880.0000,889.2500,120518,889.2500
2015-12-02,889.0000,894.7500,884.5000,892.2500,113712,892.2500
2015-12-03,891.0000,898.0000,885.0000,897.5000,115330,897.5000
2015-12-04,897.0000,907.0000,892.7500,906.0000,124907,906.0000
2015-12-07,906.0000,909.7500,881.2500,882.2500,160092,882.2500
2015-12-08,886.0000,887.0000,872.7500,876.7500,155245,876.7500
2015-12-09,877.0000,883.7500,869.7500,876.7500,122830,876.7500
2015-12-10,877.0000,886.5000,872.7500,878.2500,116291,878.2500
2015-12-11,878.2500,884.2500,870.0000,870.7500,130808,870.7500
2015-12-14,870.7500,877.7500,868.0000,874.2500,105495,874.2500
2015-12-15,873.5000,877.5000,866.5000,867.2500,115700,867.2500
2015-12-16,867.0000,871.0000,856.0000,862.5000,138449,862.5000
2015-12-17,860.0000,878.2500,854.0000,877.0000,155857,877.0000
2015-12-18,876.0000,893.5000,873.2500,892.2500,138493,892.2500
2015-12-21,892.0000,896.2500,887.0000,891.2500,80678,891.2500
2015-12-22,891.0000,895.0000,885.0000,885.2500,64155,885.2500
2015-12-23,885.0000,888.7500,881.0000,881.7500,66400,881.7500
2015-12-24,882.7500,885.0000,875.0000,875.2500,36085,875.2500
2015-12-28,873.0000,874.5000,864.0000,865.0000,54719,865.0000
2015-12-29,866.5000,876.2500,865.0000,870.0000,55929,870.0000
2015-12-30,870.0000,878.2500,869.0000,875.5000,34292,875.5000
2015-12-31,875.0000,879.2500,870.0000,871.2500,13719,871.2500
2016-01-04,870.7500,873.5000,861.7500,864.5000,9343,864.5000
2016-01-05,866.2500,873.2500,866.2500,867.7500,5460,867.7500
2016-01-06,867.0000,878.0000,861.7500,875.7500,3910,875.7500
2016-01-07,875.7500,880.0000,869.7500,877.0000,3615,877.0000
2016-01-08,877.5000,884.7500,877.5000,879.5000,3592,879.5000
2016-01-11,880.0000,885.7500,878.0000,881.0000,1143,881.0000
2016-01-12,881.5000,899.5000,875.5000,890.7500,2427,890.7500
2016-01-13,892.0000,899.0000,890.7500,899.0000,1184,899.0000
2016-01-14,897.0000,900.5000,892.0000,896.0000,114563,896.0000
2016-01-15,882.2500,882.7500,871.0000,879.0000,120442,879.0000
2016-01-19,881.0000,888.0000,880.5000,883.5000,120808,883.5000
2016-01-20,882.0000,883.7500,870.5000,874.0000,137886,874.0000
2016-01-21,874.5000,885.7500,872.2500,878.5000,147352,878.5000
2016-01-22,879.0000,886.5000,874.5000,876.5000,101537,876.5000
2016-01-25,876.5000,882.0000,870.7500,880.5000,115141,880.5000
2016-01-26,879.7500,882.5000,875.5000,876.5000,95467,876.5000
2016-01-27,876.0000,885.0000,875.5000,883.0000,120976,883.0000
2016-01-28,882.5000,884.2500,867.2500,867.7500,151110,867.7500
2016-01-29,868.7500,883.0000,867.0000,882.2500,137841,882.2500
2016-02-01,883.0000,883.2500,876.0000,880.7500,101524,880.7500
2016-02-02,880.2500,889.5000,878.2500,886.2500,142056,886.2500
2016-02-03,885.5000,886.0000,874.2500,876.7500,137447,876.7500
2016-02-04,878.0000,884.2500,872.7500,874.5000,160779,874.5000
2016-02-05,875.7500,879.0000,867.2500,867.5000,150936,867.5000
2016-02-08,867.5000,868.7500,861.5000,862.5000,114019,862.5000
2016-02-09,862.7500,866.5000,859.5000,863.2500,136517,863.2500
2016-02-10,863.5000,866.2500,861.5000,862.2500,112212,862.2500
2016-02-11,862.2500,874.2500,862.0000,873.5000,145579,873.5000
2016-02-12,873.0000,875.5000,868.5000,872.7500,91788,872.7500
2016-02-16,875.5000,882.7500,873.2500,879.7500,168027,879.7500
2016-02-17,879.0000,885.2500,876.7500,882.5000,171253,882.5000
2016-02-18,882.2500,882.7500,878.0000,879.7500,131756,879.7500
2016-02-19,879.5000,881.7500,877.7500,878.2500,123010,878.2500
2016-02-22,881.7500,887.5000,880.2500,881.0000,143714,881.0000
2016-02-23,880.0000,880.2500,868.0000,869.2500,110272,869.2500
2016-02-24,869.2500,870.5000,864.5000,867.5000,91102,867.5000
2016-02-25,867.0000,871.0000,858.5000,859.0000,83698,859.0000
2016-02-26,860.0000,862.5000,854.5000,855.0000,58897,855.0000
2016-02-29,854.0000,857.0000,852.0000,853.0000,12540,853.0000
2016-03-01,853.0000,858.2500,849.7500,850.7500,9982,850.7500
2016-03-02,850.2500,857.5000,849.0000,854.2500,7854,854.2500
2016-03-03,855.0000,858.0000,850.5000,856.2500,4904,856.2500
2016-03-04,860.5000,871.7500,860.5000,870.5000,6143,870.5000
2016-03-07,875.0000,879.7500,873.0000,873.5000,1293,873.5000
2016-03-08,872.0000,877.5000,870.7500,877.5000,787,877.5000
2016-03-09,880.0000,882.5000,877.5000,880.0000,398,880.0000
2016-03-10,880.0000,882.5000,875.5000,881.7500,313,881.7500
2016-03-11,882.7500,888.7500,882.7500,888.0000,135,888.0000
2016-03-14,889.0000,890.0000,888.0000,888.0000,98258,888.0000
2016-03-15,894.7500,895.5000,888.5000,892.0000,101683,892.0000
2016-03-16,891.5000,894.7500,886.0000,894.5000,94822,894.5000
2016-03-17,895.0000,904.5000,893.5000,897.7500,148891,897.7500
2016-03-18,897.0000,904.7500,896.0000,897.5000,80428,897.5000
2016-03-21,895.0000,905.0000,892.2500,902.0000,109825,902.0000
2016-03-22,901.5000,914.0000,900.0000,910.2500,181690,910.2500
2016-03-23,909.5000,912.5000,901.5000,905.2500,119595,905.2500
2016-03-24,905.2500,911.7500,902.0000,910.5000,118016,910.5000
2016-03-28,911.0000,914.7500,906.2500,909.0000,91130,909.0000
2016-03-29,908.2500,917.0000,907.0000,916.0000,127052,916.0000
2016-03-30,915.2500,917.0000,908.2500,909.0000,126146,909.0000
2016-03-31,908.5000,914.0000,896.0000,910.7500,216652,910.7500
2016-04-01,909.2500,920.0000,908.2500,918.2500,126750,918.2500
2016-04-04,918.5000,922.2500,912.7500,913.5000,104289,913.5000
2016-04-05,911.5000,916.5000,904.0000,904.7500,124866,904.7500
2016-04-06,904.2500,909.7500,901.0000,908.0000,119318,908.0000
2016-04-07,908.0000,909.7500,903.5000,904.5000,133446,904.5000
2016-04-08,905.2500,917.0000,903.0000,916.7500,157543,916.7500
2016-04-11,916.2500,929.5000,915.5000,928.2500,182496,928.2500
2016-04-12,927.5000,938.7500,924.7500,936.2500,220988,936.2500
2016-04-13,938.0000,957.7500,937.2500,955.7500,249399,955.7500
2016-04-14,955.2500,959.5000,945.5000,948.0000,178212,948.0000
2016-04-15,947.5000,958.2500,946.5000,956.0000,167980,956.0000
2016-04-18,955.0000,964.2500,949.7500,954.2500,151588,954.2500
2016-04-19,954.2500,987.0000,953.0000,985.5000,213324,985.5000
2016-04-20,981.5000,1012.2500,975.7500,1009.7500,222893,1009.7500
2016-04-21,1007.7500,1034.7500,1002.5000,1018.7500,134189,1018.7500
2016-04-22,1016.7500,1017.2500,979.0000,987.0000,110533,987.0000
2016-04-25,985.0000,1020.0000,977.2500,999.7500,73925,999.7500
2016-04-26,999.2500,1018.7500,991.7500,1017.7500,88136,1017.7500
2016-04-27,1017.0000,1020.0000,1002.0000,1019.0000,57506,1019.0000
2016-04-28,1015.5000,1036.7500,1008.5000,1018.0000,44049,1018.0000
2016-04-29,1015.2500,1029.0000,1009.0000,1021.0000,15257,1021.0000
2016-05-02,1021.5000,1036.2500,1012.2500,1035.5000,7457,1035.5000
2016-05-03,1035.0000,1047.5000,1015.0000,1021.5000,5036,1021.5000
2016-05-04,1017.0000,1036.0000,1012.7500,1024.5000,6322,1024.5000
2016-05-05,1027.2500,1035.5000,1003.5000,1003.5000,2663,1003.5000
2016-05-06,1002.0000,1030.0000,1000.0000,1026.2500,1539,1026.2500
2016-05-09,1031.2500,1032.0000,1012.0000,1018.7500,698,1018.7500
2016-05-10,1018.5000,1082.0000,1018.5000,1076.0000,1003,1076.0000
2016-05-11,1072.2500,1082.2500,1065.5000,1069.7500,648,1069.7500
2016-05-12,1070.0000,1080.5000,1055.7500,1064.5000,550,1064.5000
2016-05-13,1056.5000,1059.7500,1052.0000,1055.0000,113596,1055.0000
2016-05-16,1063.0000,1071.7500,1055.0000,1064.5000,99920,1064.5000
2016-05-17,1063.7500,1086.7500,1062.7500,1080.2500,134099,1080.2500
2016-05-18,1079.5000,1088.0000,1063.7500,1075.2500,143649,1075.2500
2016-05-19,1073.7500,1074.7500,1051.0000,1071.5000,159865,1071.5000
2016-05-20,1071.7500,1087.5000,1063.2500,1074.2500,207878,1074.2500
2016-05-23,1074.2500,1079.0000,1052.0000,1058.5000,138858,1058.5000
2016-05-24,1057.5000,1069.7500,1043.5000,1054.7500,143916,1054.7500
2016-05-25,1056.7500,1088.0000,1054.7500,1085.5000,153001,1085.5000
2016-05-26,1084.7500,1098.0000,1073.2500,1079.7500,153388,1079.7500
2016-05-27,1079.0000,1090.7500,1071.7500,1086.5000,123316,1086.5000
2016-05-31,1086.0000,1096.0000,1077.0000,1078.5000,115268,1078.5000
2016-06-01,1078.7500,1102.5000,1068.0000,1099.7500,158403,1099.7500
2016-06-02,1101.2500,1146.0000,1100.7500,1144.2500,233772,1144.2500
2016-06-03,1142.0000,1169.0000,1127.2500,1132.0000,188388,1132.0000
2016-06-06,1143.2500,1162.0000,1136.0000,1138.2500,131250,1138.2500
2016-06-07,1136.7500,1148.7500,1129.0000,1141.2500,159669,1141.2500
2016-06-08,1140.2500,1189.2500,1138.0000,1177.7500,194856,1177.7500
2016-06-09,1177.0000,1185.0000,1166.2500,1176.0000,146291,1176.0000
2016-06-10,1174.5000,1208.5000,1168.7500,1178.2500,204412,1178.2500
2016-06-13,1191.7500,1198.7500,1167.2500,1169.0000,150246,1169.0000
2016-06-14,1168.0000,1176.5000,1152.7500,1169.5000,128076,1169.5000
2016-06-15,1171.2500,1178.0000,1154.5000,1156.0000,103310,1156.0000
2016-06-16,1155.5000,1160.0000,1128.5000,1134.5000,104442,1134.5000
2016-06-17,1133.7500,1160.0000,1132.5000,1159.5000,88085,1159.5000
2016-06-20,1153.5000,1156.7500,1140.2500,1143.5000,57507,1143.5000
2016-06-21,1145.0000,1151.7500,1128.7500,1133.2500,96099,1133.2500
2016-06-22,1131.5000,1147.0000,1126.0000,1137.5000,98340,1137.5000
2016-06-23,1139.0000,1143.0000,1123.0000,1124.5000,83315,1124.5000
2016-06-24,1124.7500,1132.0000,1099.2500,1103.0000,87656,1103.0000
2016-06-27,1104.2500,1138.5000,1103.0000,1133.0000,52415,1133.0000
2016-06-28,1130.5000,1165.5000,1128.2500,1150.5000,48614,1150.5000
2016-06-29,1148.2500,1155.7500,1140.0000,1144.5000,33419,1144.5000
2016-06-30,1145.0000,1182.0000,1122.0000,1175.0000,17579,1175.0000
2016-07-01,1175.0000,1176.5000,1164.7500,1168.7500,6745,1168.7500
2016-07-05,1150.2500,1150.2500,1110.0000,1117.0000,2887,1117.0000
2016-07-06,1115.0000,1117.7500,1070.0000,1106.2500,3075,1106.2500
2016-07-07,1111.2500,1111.7500,1054.2500,1054.2500,1133,1054.2500
2016-07-08,1054.0000,1090.7500,1053.5000,1089.7500,1670,1089.7500
2016-07-11,1105.0000,1105.0000,1081.7500,1082.7500,1344,1082.7500
2016-07-12,1080.0000,1107.2500,1080.0000,1107.2500,757,1107.2500
2016-07-13,1112.2500,1140.0000,1112.2500,1128.0000,404,1128.0000
2016-07-14,1133.5000,1143.5000,1111.5000,1111.5000,38236,1111.5000
2016-07-15,1083.0000,1097.5000,1057.0000,1072.5000,32322,1072.5000
2016-07-18,1062.0000,1082.2500,1050.2500,1078.2500,50729,1078.2500
2016-07-19,1076.5000,1079.0000,1041.0000,1044.0000,45502,1044.0000
2016-07-20,1047.0000,1056.2500,1025.0000,1027.0000,32485,1027.0000
2016-07-21,1026.0000,1042.5000,1023.7500,1032.5000,26545,1032.5000
2016-07-22,1034.2500,1037.0000,985.0000,1006.5000,52620,1006.5000
2016-07-25,998.2500,1010.5000,981.7500,983.7500,40930,983.7500
2016-07-26,984.0000,1002.7500,980.5000,993.5000,40125,993.5000
2016-07-27,994.0000,1015.5000,991.2500,1010.5000,45394,1010.5000
2016-07-28,1012.5000,1022.0000,998.0000,1003.5000,33849,1003.5000
2016-07-29,1005.2500,1034.2500,996.2500,1032.5000,12802,1032.5000
2016-08-01,1024.5000,1030.7500,992.0000,996.0000,4443,996.0000
2016-08-02,994.2500,998.5000,976.0000,985.2500,5283,985.2500
2016-08-03,987.0000,1000.5000,985.7500,990.5000,4121,990.5000
2016-08-04,990.0000,1000.2500,985.2500,990.5000,1591,990.5000
2016-08-05,990.5000,1012.0000,990.5000,1003.7500,1775,1003.7500
2016-08-08,1012.5000,1018.7500,1006.2500,1018.7500,1472,1018.7500
2016-08-09,1018.0000,1032.0000,1011.5000,1022.0000,865,1022.0000
2016-08-10,1027.0000,1030.5000,1008.0000,1017.0000,1843,1017.0000
2016-08-11,1022.2500,1028.0000,1017.5000,1022.2500,1327,1022.2500
2016-08-12,1023.5000,1023.5000,994.5000,1003.2500,18362,1003.2500
2016-08-15,998.5000,1026.5000,997.0000,1023.7500,14535,1023.7500
2016-08-16,1022.2500,1028.5000,1012.2500,1019.5000,14832,1019.5000
2016-08-17,1020.7500,1031.0000,1016.0000,1030.5000,12925,1030.5000
2016-08-18,1037.0000,1037.0000,1012.0000,1032.2500,13690,1032.2500
2016-08-19,1032.5000,1035.0000,1017.0000,1027.0000,11596,1027.0000
2016-08-22,1025.5000,1041.2500,1023.0000,1035.2500,9720,1035.2500
2016-08-23,1030.5000,1036.7500,1026.5000,1034.2500,8486,1034.2500
2016-08-24,1033.5000,1036.0000,1022.0000,1030.7500,13884,1030.7500
2016-08-25,1029.7500,1029.7500,997.0000,998.2500,27147,998.2500
2016-08-26,996.5000,1002.2500,982.5000,990.7500,17878,990.7500
2016-08-29,991.7500,998.2500,981.5000,983.2500,13450,983.2500
2016-08-30,984.0000,986.0000,960.5000,965.5000,11672,965.5000
2016-08-31,966.5000,970.5000,956.0000,960.0000,3145,960.0000
2016-09-01,960.2500,965.0000,954.0000,959.0000,809,959.0000
2016-09-02,960.0000,971.0000,960.0000,968.5000,639,968.5000
2016-09-06,969.0000,978.0000,965.5000,974.2500,1159,974.2500
2016-09-07,980.5000,993.5000,980.5000,991.7500,900,991.7500
2016-09-08,994.5000,999.2500,987.7500,992.0000,592,992.0000
2016-09-09,989.5000,999.7500,988.5000,997.2500,942,997.2500
2016-09-12,990.2500,1006.7500,980.0000,984.5000,385,984.5000
2016-09-13,982.5000,982.5000,968.2500,968.2500,256,968.2500
2016-09-14,971.7500,972.0000,967.7500,972.0000,99458,972.0000
2016-09-15,943.0000,953.0000,941.2500,950.5000,76306,950.5000
2016-09-16,949.0000,969.0000,945.7500,966.0000,102819,966.0000
2016-09-19,970.5000,981.2500,966.2500,972.5000,96833,972.5000
2016-09-20,973.5000,994.0000,970.7500,989.7500,116064,989.7500
2016-09-21,988.2500,990.2500,971.5000,975.5000,104727,975.5000
2016-09-22,975.0000,983.5000,970.2500,976.5000,90697,976.5000
2016-09-23,975.0000,976.2500,952.5000,955.0000,138512,955.0000
2016-09-26,951.5000,960.2500,943.7500,945.2500,114173,945.2500
2016-09-27,946.7500,953.5000,934.0000,952.5000,153261,952.5000
2016-09-28,951.7500,955.7500,944.5000,945.5000,114901,945.5000
2016-09-29,947.0000,957.2500,946.0000,950.2500,101651,950.2500
2016-09-30,950.0000,958.5000,943.0000,954.0000,155973,954.0000
2016-10-03,952.5000,975.0000,946.5000,973.0000,139848,973.0000
2016-10-04,970.7500,972.0000,960.2500,963.5000,123524,963.5000
2016-10-05,963.5000,967.5000,950.5000,956.7500,139606,956.7500
2016-10-06,956.0000,959.7500,947.2500,958.5000,114537,958.5000
2016-10-07,958.7500,973.2500,955.2500,956.7500,173884,956.7500
2016-10-11,953.5000,960.7500,951.5000,954.2500,147788,954.2500
2016-10-12,953.0000,971.2500,943.2500,945.5000,233145,945.5000
2016-10-13,946.0000,959.5000,937.2500,956.2500,178127,956.2500
2016-10-14,955.5000,974.2500,952.0000,962.5000,186056,962.5000
2016-10-17,961.7500,979.0000,961.0000,978.2500,158663,978.2500
2016-10-18,977.5000,987.0000,971.5000,972.5000,178280,972.5000
2016-10-19,972.0000,982.7500,971.0000,981.5000,133115,981.5000
2016-10-20,981.2500,989.7500,973.2500,975.5000,136370,975.5000
2016-10-21,976.2500,984.2500,974.5000,983.0000,140150,983.0000
2016-10-24,982.7500,999.7500,980.0000,992.0000,177604,992.0000
2016-10-25,991.2500,997.0000,981.2500,990.7500,176985,990.7500
2016-10-26,990.2500,1011.0000,988.7500,1010.0000,149629,1010.0000
2016-10-27,1008.5000,1020.0000,1002.7500,1014.2500,101226,1014.2500
2016-10-28,1013.0000,1017.5000,999.5000,1001.2500,75224,1001.2500
2016-10-31,1002.0000,1008.0000,996.2500,1002.2500,18438,1002.2500
2016-11-01,1002.0000,1005.2500,983.0000,984.2500,11397,984.2500
2016-11-02,983.0000,986.2500,973.5000,976.7500,8873,976.7500
2016-11-03,976.5000,984.5000,976.5000,979.7500,4007,979.7500
2016-11-04,980.5000,985.5000,975.0000,981.5000,4407,981.5000
2016-11-07,981.7500,992.0000,981.7500,989.2500,4549,989.2500
2016-11-08,989.5000,1011.2500,989.0000,1001.7500,3434,1001.7500
2016-11-09,1000.0000,1007.0000,975.5000,982.0000,3399,982.0000
2016-11-10,982.2500,1007.7500,982.0000,989.0000,2172,989.0000
2016-11-14,980.7500,982.2500,968.0000,971.0000,101692,971.0000
2016-11-15,985.5000,992.7500,978.7500,989.5000,86739,989.5000
2016-11-16,993.2500,997.7500,982.7500,985.7500,94098,985.7500
2016-11-17,985.2500,993.7500,981.0000,989.5000,87755,989.5000
2016-11-18,989.0000,996.5000,982.2500,993.7500,75940,993.7500
2016-11-21,995.5000,1021.5000,995.5000,1020.2500,150570,1020.2500
2016-11-22,1020.0000,1033.2500,1015.2500,1030.0000,131446,1030.0000
2016-11-23,1030.2500,1035.7500,1017.2500,1034.2500,136725,1034.2500
2016-11-25,1032.0000,1046.7500,1029.5000,1046.0000,76517,1046.0000
2016-11-28,1043.2500,1065.0000,1042.5000,1056.0000,161412,1056.0000
2016-11-29,1055.0000,1058.7500,1039.2500,1042.5000,126698,1042.5000
2016-11-30,1043.0000,1052.7500,1031.2500,1032.2500,133965,1032.2500
2016-12-01,1033.5000,1040.0000,1022.2500,1029.7500,128533,1029.7500
2016-12-02,1033.0000,1037.7500,1026.5000,1027.5000,84039,1027.5000
2016-12-05,1030.5000,1049.7500,1027.7500,1043.5000,125624,1043.5000
2016-12-06,1042.5000,1061.7500,1039.0000,1047.7500,135200,1047.7500
2016-12-07,1047.0000,1053.0000,1039.7500,1049.0000,127733,1049.0000
2016-12-08,1049.0000,1049.0000,1023.5000,1027.0000,171728,1027.0000
2016-12-09,1026.0000,1039.5000,1021.5000,1037.5000,136393,1037.5000
2016-12-12,1041.7500,1047.5000,1026.5000,1031.0000,145111,1031.0000
2016-12-13,1031.2500,1038.7500,1025.2500,1028.0000,132890,1028.0000
2016-12-14,1027.2500,1029.2500,1020.7500,1023.7500,128094,1023.7500
2016-12-15,1023.5000,1038.5000,1018.5000,1029.0000,147570,1029.0000
2016-12-16,1029.2500,1038.0000,1023.0000,1036.7500,95865,1036.7500
2016-12-19,1034.0000,1039.0000,1020.5000,1021.5000,136168,1021.5000
2016-12-20,1021.2500,1024.0000,1004.0000,1005.2500,124535,1005.2500
2016-12-21,1005.2500,1012.2500,1005.0000,1006.7500,80135,1006.7500
2016-12-22,1007.7500,1008.7500,993.5000,994.5000,108937,994.5000
2016-12-23,994.2500,996.7500,987.7500,989.0000,67094,989.0000
2016-12-27,989.7500,1015.2500,989.2500,1014.7500,82741,1014.7500
2016-12-28,1014.0000,1018.7500,1001.5000,1006.7500,54617,1006.7500
2016-12-29,1006.5000,1014.0000,1002.0000,1003.2500,46236,1003.2500
2016-12-30,1003.5000,1010.5000,995.0000,996.5000,13373,996.5000
2017-01-03,996.0000,1002.7500,986.5000,986.7500,6581,986.7500
2017-01-04,986.0000,1006.5000,984.0000,1006.2500,6191,1006.2500
2017-01-05,1005.5000,1006.0000,998.2500,1003.5000,2991,1003.5000
2017-01-06,1003.5000,1003.5000,985.0000,986.0000,3350,986.0000
2017-01-09,986.2500,996.7500,986.0000,996.5000,2857,996.5000
2017-01-10,993.7500,1005.7500,990.0000,1005.5000,2449,1005.5000
2017-01-11,1004.5000,1004.5000,993.0000,1003.0000,1835,1003.0000
2017-01-12,1002.7500,1033.0000,998.5000,1032.0000,813,1032.0000
2017-01-13,1029.5000,1043.0000,1025.5000,1042.5000,145461,1042.5000
2017-01-17,1054.0000,1075.5000,1052.0000,1069.2500,201105,1069.2500
2017-01-18,1068.0000,1080.0000,1062.5000,1075.0000,144024,1075.0000
2017-01-19,1073.0000,1077.2500,1066.7500,1070.2500,108397,1070.2500
2017-01-20,1070.0000,1071.2500,1060.0000,1067.5000,112856,1067.5000
2017-01-23,1067.5000,1069.7500,1055.2500,1057.7500,92566,1057.7500
2017-01-24,1059.7500,1068.0000,1051.2500,1058.5000,95242,1058.5000
2017-01-25,1057.0000,1060.0000,1050.0000,1055.2500,83009,1055.2500
2017-01-26,1055.5000,1058.5000,1045.5000,1049.5000,91972,1049.5000
2017-01-27,1047.0000,1052.0000,1043.2500,1049.2500,68283,1049.2500
2017-01-30,1044.0000,1044.2500,1019.2500,1022.7500,126814,1022.7500
2017-01-31,1023.0000,1026.5000,1019.5000,1024.5000,83518,1024.5000
2017-02-01,1024.5000,1037.5000,1017.0000,1036.7500,107158,1036.7500
2017-02-02,1037.2500,1041.7500,1031.2500,1037.2500,101520,1037.2500
2017-02-03,1036.7500,1044.2500,1026.2500,1027.0000,105988,1027.0000
2017-02-06,1027.0000,1042.5000,1026.2500,1036.0000,119985,1036.0000
2017-02-07,1038.2500,1043.2500,1032.0000,1042.7500,131436,1042.7500
2017-02-08,1041.7500,1059.7500,1040.0000,1058.7500,166533,1058.7500
2017-02-09,1057.0000,1061.5000,1045.0000,1050.5000,141506,1050.5000
2017-02-10,1050.0000,1063.5000,1047.5000,1059.0000,133684,1059.0000
2017-02-13,1059.2500,1061.7500,1050.5000,1054.2500,174155,1054.2500
2017-02-14,1055.0000,1056.0000,1042.5000,1045.0000,118663,1045.0000
2017-02-15,1045.2500,1061.5000,1040.2500,1061.2500,128043,1061.2500
2017-02-16,1060.2500,1062.7500,1042.2500,1043.7500,130043,1043.7500
2017-02-17,1043.0000,1046.2500,1031.0000,1032.5000,142009,1032.5000
2017-02-21,1033.2500,1044.5000,1026.0000,1026.2500,143010,1026.2500
2017-02-22,1027.2500,1031.7500,1022.2500,1022.7500,96385,1022.7500
2017-02-23,1023.0000,1027.0000,1010.0000,1011.5000,148623,1011.5000
2017-02-24,1012.2500,1016.2500,1009.2500,1013.5000,92509,1013.5000
2017-02-27,1015.5000,1018.5000,1006.0000,1011.0000,62578,1011.0000
2017-02-28,1013.0000,1045.0000,1012.5000,1025.0000,17713,1025.0000
2017-03-01,1025.2500,1041.5000,1025.0000,1041.2500,7430,1041.2500
2017-03-02,1039.7500,1040.2500,1022.0000,1026.7500,6067,1026.7500
2017-03-03,1027.5000,1030.2500,1019.5000,1027.0000,4968,1027.0000
2017-03-06,1027.5000,1036.2500,1026.0000,1026.7500,4623,1026.7500
2017-03-07,1026.7500,1027.0000,1012.0000,1014.7500,3547,1014.7500
2017-03-08,1014.0000,1014.7500,1008.0000,1011.0000,5319,1011.0000
2017-03-09,1009.0000,1009.0000,995.7500,1000.2500,4953,1000.2500
2017-03-10,999.5000,1001.7500,992.7500,996.2500,970,996.2500
2017-03-13,996.2500,1000.0000,995.5000,996.2500,984,996.2500
2017-03-14,996.5000,996.5000,983.0000,987.2500,112349,987.2500
2017-03-15,998.7500,1007.7500,995.2500,998.0000,75422,998.0000
2017-03-16,1000.0000,1006.5000,995.7500,1001.5000,83777,1001.5000
2017-03-17,1001.5000,1004.5000,994.2500,1000.0000,61551,1000.0000
2017-03-20,1003.7500,1008.7500,998.2500,999.5000,82382,999.5000
2017-03-21,1000.0000,1008.0000,995.0000,1001.5000,103325,1001.5000
2017-03-22,1001.0000,1003.2500,994.0000,999.7500,82164,999.7500
2017-03-23,999.2500,1002.0000,990.2500,991.0000,94685,991.0000
2017-03-24,990.5000,991.0000,972.2500,975.7500,116483,975.7500
2017-03-27,976.0000,978.5000,968.2500,971.5000,91218,971.5000
2017-03-28,971.2500,976.5000,970.0000,972.0000,92837,972.0000
2017-03-29,970.5000,976.0000,967.2500,969.0000,95072,969.0000
2017-03-30,969.5000,970.0000,961.0000,963.0000,77471,963.0000
2017-03-31,961.7500,966.5000,944.2500,946.0000,182739,946.0000
2017-04-03,946.2500,949.2500,937.2500,938.2500,94599,938.2500
2017-04-04,939.2500,942.7500,936.5000,937.7500,120200,937.7500
2017-04-05,937.5000,948.5000,937.2500,944.2500,146303,944.2500
2017-04-06,944.0000,946.5000,938.5000,941.5000,84594,941.5000
2017-04-07,938.5000,945.5000,937.5000,942.0000,99239,942.0000
2017-04-10,944.2500,949.0000,939.2500,941.7500,87487,941.7500
2017-04-11,941.7500,945.0000,929.7500,939.2500,136337,939.2500
2017-04-12,942.2500,951.5000,941.2500,947.7500,119407,947.7500
2017-04-13,947.2500,959.5000,946.7500,955.5000,128013,955.5000
2017-04-17,958.7500,962.0000,951.5000,953.2500,106836,953.2500
2017-04-18,952.5000,955.0000,939.7500,946.0000,154742,946.0000
2017-04-19,947.0000,954.5000,942.7500,950.2500,105926,950.2500
2017-04-20,950.0000,955.7500,946.0000,946.7500,115885,946.7500
2017-04-21,946.0000,952.7500,944.7500,951.0000,130802,951.0000
2017-04-24,951.5000,962.2500,951.5000,961.2500,99172,961.2500
2017-04-25,959.0000,961.0000,954.0000,954.5000,84731,954.5000
2017-04-26,955.0000,958.0000,944.5000,945.7500,107831,945.7500
2017-04-27,944.5000,950.5000,943.5000,945.7500,59309,945.7500
2017-04-28,945.0000,947.0000,941.5000,945.2500,13917,945.2500
2017-05-01,950.0000,963.0000,950.0000,959.0000,6794,959.0000
2017-05-02,958.5000,967.7500,955.0000,958.0000,6949,958.0000
2017-05-03,959.5000,966.0000,959.0000,965.5000,3728,965.5000
2017-05-04,965.2500,970.5000,961.7500,965.2500,1604,965.2500
2017-05-05,965.5000,973.5000,960.0000,963.0000,1231,963.0000
2017-05-08,962.5000,962.5000,954.5000,956.2500,1055,956.2500
2017-05-09,956.2500,968.0000,956.2500,965.2500,449,965.2500
2017-05-10,965.2500,980.0000,958.5000,961.7500,167,961.7500
2017-05-11,962.5000,965.0000,955.0000,956.0000,489,956.0000
2017-05-12,953.5000,954.0000,953.5000,954.0000,64617,954.0000
2017-05-15,962.5000,973.0000,962.0000,965.2500,77844,965.2500
2017-05-16,964.7500,977.2500,964.0000,976.2500,94232,976.2500
2017-05-17,975.5000,980.5000,973.5000,975.7500,81966,975.7500
2017-05-18,972.5000,972.5000,942.7500,944.7500,250660,944.7500
2017-05-19,945.5000,956.2500,944.5000,953.0000,101723,953.0000
2017-05-22,953.0000,961.0000,953.0000,956.5000,82508,956.5000
2017-05-23,956.2500,959.2500,947.0000,948.2500,91457,948.2500
2017-05-24,948.5000,952.0000,943.0000,948.2500,90335,948.2500
2017-05-25,947.7500,952.2500,938.2500,939.5000,94347,939.5000
2017-05-26,939.5000,941.0000,925.2500,926.5000,107952,926.5000
2017-05-30,926.0000,928.5000,910.5000,912.7500,134220,912.7500
2017-05-31,915.2500,920.5000,909.5000,916.0000,130785,916.0000
2017-06-01,916.0000,920.7500,911.5000,912.2500,78635,912.2500
2017-06-02,912.2500,924.0000,910.7500,921.2500,86248,921.2500
2017-06-05,924.5000,926.5000,917.7500,922.0000,98539,922.0000
2017-06-06,921.0000,934.2500,920.0000,923.5000,122797,923.5000
2017-06-07,924.5000,934.5000,924.5000,930.7500,143611,930.7500
2017-06-08,931.0000,944.7500,930.7500,938.0000,137587,938.0000
2017-06-09,937.0000,944.0000,932.7500,941.5000,136983,941.5000
2017-06-12,942.0000,943.2500,930.2500,931.2500,115351,931.2500
2017-06-13,933.7500,941.5000,931.7500,932.5000,122202,932.5000
2017-06-14,932.0000,939.0000,931.0000,931.7500,88734,931.7500
2017-06-15,931.7500,938.5000,925.5000,934.7500,105034,934.7500
2017-06-16,935.7500,942.2500,932.0000,939.0000,95007,939.0000
2017-06-19,936.5000,947.5000,933.7500,937.7500,95604,937.7500
2017-06-20,937.2500,940.7500,926.0000,927.7500,116399,927.7500
2017-06-21,928.0000,932.5000,917.0000,918.7500,116464,918.7500
2017-06-22,919.2500,920.5000,903.0000,904.0000,137676,904.0000
2017-06-23,906.5000,909.0000,900.2500,904.5000,142320,904.5000
2017-06-26,904.0000,912.2500,903.7500,906.7500,83976,906.7500
2017-06-27,909.0000,918.0000,909.0000,911.2500,89490,911.2500
2017-06-28,910.5000,917.5000,910.5000,914.0000,106115,914.0000
2017-06-29,914.2500,927.7500,914.2500,915.5000,66183,915.5000
2017-06-30,915.0000,945.5000,912.2500,942.2500,12776,942.2500
2017-07-03,949.5000,976.0000,949.5000,964.7500,4575,964.7500
2017-07-05,971.7500,981.0000,964.0000,976.2500,4435,976.2500
2017-07-06,979.0000,980.7500,970.0000,980.7500,2199,980.7500
2017-07-07,979.0000,997.5000,979.0000,996.0000,1409,996.0000
2017-07-10,1001.0000,1024.5000,1001.0000,1020.2500,1019,1020.2500
2017-07-11,1027.7500,1027.7500,1010.5000,1025.2500,647,1025.2500
2017-07-12,1023.0000,1024.2500,1010.7500,1016.7500,382,1016.7500
2017-07-13,997.0000,997.0000,972.5000,972.5000,289,972.5000
2017-07-14,978.0000,987.0000,978.0000,985.2500,37218,985.2500
2017-07-17,989.0000,995.0000,981.7500,985.0000,30306,985.0000
2017-07-18,997.2500,1004.2500,985.7500,989.5000,36919,989.5000
2017-07-19,990.2500,1004.7500,984.5000,999.7500,35118,999.7500
2017-07-20,999.0000,1017.2500,995.0000,1013.2500,38660,1013.2500
2017-07-21,1011.2500,1013.2500,1001.7500,1009.0000,43742,1009.0000
2017-07-24,1000.2500,1000.5000,985.7500,997.5000,48981,997.5000
2017-07-25,1012.0000,1022.7500,981.0000,981.5000,60667,981.5000
2017-07-26,980.0000,991.0000,973.2500,988.7500,39673,988.7500
2017-07-27,991.7500,1000.7500,987.5000,994.7500,47804,994.7500
2017-07-28,992.7500,1007.5000,989.7500,1000.7500,36039,1000.7500
2017-07-31,991.5000,996.5000,982.5000,994.5000,13530,994.5000
2017-08-01,985.2500,986.7500,958.2500,959.5000,6446,959.5000
2017-08-02,960.7500,968.2500,960.0000,966.5000,3217,966.5000
2017-08-03,965.5000,965.5000,945.5000,950.5000,1734,950.5000
2017-08-04,948.0000,954.0000,948.0000,949.2500,2095,949.2500
2017-08-07,956.0000,960.5000,952.5000,959.7500,755,959.7500
2017-08-08,967.0000,967.5000,962.5000,963.0000,480,963.0000
2017-08-09,964.0000,965.2500,958.0000,963.0000,190,963.0000
2017-08-10,963.7500,974.7500,930.7500,930.7500,60,930.7500
2017-08-11,934.0000,935.7500,931.2500,935.5000,109,935.5000
2017-08-14,926.5000,926.5000,925.0000,925.5000,17141,925.5000
2017-08-15,932.7500,934.2500,920.2500,921.7500,27865,921.7500
2017-08-16,921.2500,925.2500,917.2500,921.7500,17676,921.7500
2017-08-17,924.0000,931.7500,922.0000,930.2500,19581,930.2500
2017-08-18,929.7500,939.0000,927.7500,937.5000,21323,937.5000
2017-08-21,935.2500,936.0000,930.2500,932.5000,14643,932.5000
2017-08-22,931.2500,938.5000,927.7500,933.7500,17264,933.7500
2017-08-23,940.2500,943.2500,929.0000,935.0000,22119,935.0000
2017-08-24,934.0000,942.7500,932.2500,941.2500,21364,941.2500
2017-08-25,939.5000,941.7500,937.2500,939.0000,21628,939.0000
2017-08-28,936.0000,944.0000,932.5000,935.2500,21286,935.2500
2017-08-29,934.5000,937.2500,929.5000,930.7500,18217,930.7500
2017-08-30,929.7500,933.7500,921.7500,923.0000,20326,923.0000
2017-08-31,923.5000,939.7500,923.5000,936.2500,4217,936.2500
2017-09-01,937.2500,943.2500,935.5000,942.0000,1686,942.0000
2017-09-05,945.0000,965.0000,945.0000,960.5000,1399,960.5000
2017-09-06,960.5000,968.2500,960.0000,964.5000,910,964.5000
2017-09-07,963.0000,970.0000,959.2500,963.2500,330,963.2500
2017-09-08,966.7500,968.0000,956.2500,956.5000,152,956.5000
2017-09-11,955.0000,955.5000,952.0000,954.7500,51,954.7500
2017-09-12,955.2500,955.2500,937.5000,944.2500,52,944.2500
2017-09-13,949.0000,953.0000,944.0000,953.0000,18,953.0000
2017-09-14,967.5000,969.0000,967.2500,967.2500,138275,967.2500
2017-09-15,975.5000,977.7500,967.2500,968.7500,109445,968.7500
2017-09-18,966.2500,976.5000,966.0000,967.7500,102033,967.7500
2017-09-19,968.5000,971.7500,958.5000,965.5000,111414,965.5000
2017-09-20,966.0000,974.0000,964.7500,970.0000,88348,970.0000
2017-09-21,969.5000,973.0000,963.0000,970.7500,115371,970.7500
2017-09-22,970.0000,987.0000,969.0000,984.2500,170900,984.2500
2017-09-25,983.5000,985.7500,971.0000,971.2500,128038,971.2500
2017-09-26,971.2500,974.2500,962.5000,963.5000,146295,963.5000
2017-09-27,963.5000,968.5000,958.0000,965.5000,113888,965.5000
2017-09-28,965.2500,966.0000,957.5000,959.5000,108641,959.5000
2017-09-29,959.2500,976.0000,955.2500,968.2500,171916,968.2500
2017-10-02,967.5000,968.0000,956.2500,957.2500,114376,957.2500
2017-10-03,956.7500,961.2500,952.5000,955.2500,94821,955.2500
2017-10-04,955.2500,961.7500,952.7500,958.2500,95416,958.2500
2017-10-05,958.2500,971.0000,957.7500,968.2500,149317,968.2500
2017-10-06,968.0000,973.7500,963.5000,972.2500,119722,972.2500
2017-10-09,974.5000,977.0000,965.2500,966.7500,137150,966.7500
2017-10-10,966.2500,975.7500,964.2500,966.0000,136485,966.0000
2017-10-11,965.5000,967.5000,963.5000,965.2500,152000,965.2500
2017-10-12,965.0000,997.7500,959.0000,992.0000,293877,992.0000
2017-10-13,991.0000,1003.2500,990.2500,1000.2500,225131,1000.2500
2017-10-16,998.0000,999.0000,990.2500,991.0000,165302,991.0000
2017-10-17,990.0000,990.5000,982.5000,984.7500,134302,984.7500
2017-10-18,984.7500,988.5000,981.7500,984.2500,110266,984.2500
2017-10-19,983.7500,989.0000,983.0000,986.5000,141515,986.5000
2017-10-20,985.2500,994.2500,978.0000,978.7500,180890,978.7500
2017-10-23,977.0000,982.7500,975.0000,980.7500,170989,980.7500
2017-10-24,980.0000,983.0000,972.7500,975.5000,136868,975.5000
2017-10-25,975.7500,983.2500,975.2500,975.5000,165668,975.5000
2017-10-26,975.5000,978.7500,970.2500,971.2500,147355,971.2500
2017-10-27,971.0000,976.5000,969.7500,975.2500,176451,975.2500
2017-10-30,975.2500,981.5000,971.2500,972.7500,129929,972.7500
2017-10-31,972.7500,977.5000,971.0000,973.7500,22828,973.7500
2017-11-01,974.5000,984.5000,973.7500,981.0000,12626,981.0000
2017-11-02,979.5000,989.5000,979.5000,989.0000,9600,989.0000
2017-11-03,988.2500,988.5000,976.0000,977.0000,5268,977.0000
2017-11-06,977.2500,985.5000,975.2500,984.0000,2450,984.0000
2017-11-07,986.0000,988.2500,981.7500,986.0000,3775,986.0000
2017-11-08,985.2500,988.7500,984.2500,988.0000,3182,988.0000
2017-11-09,988.0000,994.5000,974.0000,975.2500,3173,975.2500
2017-11-10,976.7500,981.2500,974.5000,977.2500,1163,977.2500
2017-11-13,977.2500,978.0000,963.2500,963.5000,1164,963.5000
2017-11-14,966.0000,967.2500,958.5000,959.0000,101927,959.0000
2017-11-15,969.0000,978.0000,968.0000,976.2500,98303,976.2500
2017-11-16,976.5000,978.2500,970.2500,972.0000,90050,972.0000
2017-11-17,972.7500,992.0000,971.5000,990.5000,124540,990.5000
2017-11-20,990.0000,992.0000,983.0000,990.0000,95756,990.0000
2017-11-21,990.0000,991.2500,986.2500,989.0000,75304,989.0000
2017-11-22,988.5000,999.5000,987.5000,997.2500,53761,997.2500
2017-11-24,995.0000,999.7500,991.0000,993.2500,60329,993.2500
2017-11-27,993.7500,1001.5000,990.5000,996.0000,133815,996.0000
2017-11-28,996.0000,996.0000,987.5000,993.0000,96755,993.0000
2017-11-29,993.2500,996.5000,989.2500,992.5000,84307,992.5000
2017-11-30,992.7500,993.0000,985.0000,985.7500,121206,985.7500
2017-12-01,985.7500,995.7500,985.5000,994.2500,136840,994.2500
2017-12-04,998.2500,1008.5000,996.7500,998.5000,165467,998.5000
2017-12-05,998.5000,1015.0000,997.5000,1008.5000,157924,1008.5000
2017-12-06,1008.0000,1014.2500,995.0000,1002.7500,194108,1002.7500
2017-12-07,1003.5000,1006.5000,988.2500,992.0000,162921,992.0000
2017-12-08,991.7500,996.5000,986.0000,989.7500,129075,989.7500
2017-12-11,989.0000,989.0000,981.5000,982.5000,139320,982.5000
2017-12-12,981.7500,986.2500,975.0000,975.7500,161910,975.7500
2017-12-13,976.0000,981.5000,976.0000,979.2500,106371,979.2500
2017-12-14,979.5000,981.0000,966.5000,967.7500,125196,967.7500
2017-12-15,968.0000,972.2500,964.0000,967.2500,119812,967.2500
2017-12-18,970.5000,970.5000,957.2500,961.5000,114985,961.5000
2017-12-19,962.2500,964.0000,955.0000,956.0000,104929,956.0000
2017-12-20,955.7500,960.0000,952.7500,954.0000,133019,954.0000
2017-12-21,953.5000,956.7500,947.5000,948.7500,111244,948.7500
2017-12-22,948.0000,952.0000,946.5000,949.5000,47530,949.5000
2017-12-26,952.2500,963.0000,952.2500,959.2500,57390,959.2500
2017-12-27,958.7500,964.7500,953.5000,955.5000,79032,955.5000
2017-12-28,955.0000,955.7500,943.2500,945.7500,68163,945.7500
2017-12-29,945.0000,953.2500,944.2500,951.7500,11423,951.7500
2018-01-02,956.5000,960.0000,949.5000,955.0000,2900,955.0000
2018-01-03,956.2500,960.5000,955.0000,959.7500,2582,959.7500
2018-01-04,959.2500,960.0000,950.2500,959.2500,2133,959.2500
2018-01-05,960.0000,966.5000,960.0000,961.5000,1278,961.5000
2018-01-08,960.7500,962.2500,951.5000,958.2500,988,958.2500
2018-01-09,958.7500,959.2500,953.5000,955.7500,580,955.7500
2018-01-10,953.2500,954.0000,944.5000,947.0000,574,947.0000
2018-01-11,946.0000,948.2500,940.0000,940.5000,204,940.5000
2018-01-12,940.2500,944.0000,937.2500,944.0000,149724,944.0000
2018-01-16,965.0000,970.0000,963.2500,968.0000,97797,968.0000
2018-01-17,966.2500,969.2500,961.2500,968.7500,91701,968.7500
2018-01-18,968.7500,974.7500,966.5000,973.0000,74574,973.0000
2018-01-19,972.5000,982.7500,972.0000,977.2500,105770,977.2500
2018-01-22,980.5000,987.2500,980.0000,984.2500,124262,984.2500
2018-01-23,983.0000,988.7500,979.5000,986.2500,107959,986.2500
2018-01-24,985.7500,994.7500,980.2500,992.2500,139169,992.2500
2018-01-25,992.0000,1002.0000,987.0000,992.2500,154146,992.2500
2018-01-26,990.2500,995.5000,983.7500,985.5000,110339,985.5000
2018-01-29,992.2500,998.7500,986.2500,991.5000,143395,991.5000
2018-01-30,994.5000,1004.7500,988.2500,1000.2500,169083,1000.2500
2018-01-31,1000.0000,1002.0000,989.0000,995.7500,165828,995.7500
2018-02-01,995.2500,995.5000,977.5000,985.0000,159220,985.0000
2018-02-02,985.7500,986.2500,977.0000,978.7500,100314,978.7500
2018-02-05,976.2500,977.5000,969.5000,969.7500,128425,969.7500
2018-02-06,969.7500,987.5000,967.7500,986.2500,179233,986.2500
2018-02-07,988.7500,993.7500,982.0000,983.0000,167291,983.0000
2018-02-08,983.2500,996.0000,977.7500,987.7500,230204,987.7500
2018-02-09,987.5000,989.7500,979.7500,983.0000,164565,983.0000
2018-02-12,995.5000,1004.2500,989.0000,1001.7500,215178,1001.7500
2018-02-13,1001.0000,1013.5000,998.7500,1011.7500,177145,1011.7500
2018-02-14,1011.2500,1019.5000,1006.0000,1017.2500,154450,1017.2500
2018-02-15,1016.5000,1024.7500,1015.5000,1024.2500,158344,1024.2500
2018-02-16,1023.5000,1028.2500,1012.0000,1021.5000,146731,1021.5000
2018-02-20,1031.5000,1039.0000,1024.5000,1026.5000,193966,1026.5000
2018-02-21,1027.7500,1038.2500,1019.2500,1034.2500,133023,1034.2500
2018-02-22,1034.0000,1037.0000,1027.2500,1032.0000,108212,1032.0000
2018-02-23,1031.0000,1039.5000,1028.0000,1036.2500,108212,1036.2500
2018-02-26,1039.5000,1047.7500,1034.0000,1034.2500,136487,1034.2500
2018-02-27,1034.0000,1044.2500,1031.7500,1038.0000,78531,1038.0000
2018-02-28,1037.7500,1048.0000,1035.0000,1045.0000,14916,1045.0000
2018-03-01,1043.7500,1057.5000,1041.0000,1057.5000,7733,1057.5000
2018-03-02,1057.0000,1071.0000,1053.5000,1060.7500,5525,1060.7500
2018-03-05,1063.5000,1068.0000,1056.7500,1066.7500,3045,1066.7500
2018-03-06,1066.0000,1067.0000,1060.7500,1064.5000,2839,1064.5000
2018-03-07,1058.0000,1063.0000,1054.5000,1055.0000,2360,1055.0000
2018-03-08,1052.5000,1057.2500,1047.0000,1053.7500,493,1053.7500
2018-03-09,1049.7500,1049.7500,1029.2500,1029.2500,390,1029.2500
2018-03-12,1023.0000,1034.2500,1023.0000,1033.2500,1590,1033.2500
2018-03-13,1035.5000,1043.2500,1035.5000,1040.5000,249,1040.5000
2018-03-14,1042.2500,1042.7500,1028.5000,1028.5000,148683,1028.5000
2018-03-15,1031.0000,1046.2500,1027.0000,1040.7500,123213,1040.7500
2018-03-16,1042.0000,1050.0000,1040.7500,1049.5000,78281,1049.5000
2018-03-19,1045.2500,1045.5000,1021.7500,1022.5000,131023,1022.5000
2018-03-20,1022.2500,1029.7500,1022.2500,1028.2500,78890,1028.2500
2018-03-21,1029.5000,1037.2500,1024.7500,1029.7500,101951,1029.7500
2018-03-22,1032.0000,1035.5000,1022.2500,1029.7500,99281,1029.7500
2018-03-23,1026.5000,1034.2500,1009.2500,1028.2500,164881,1028.2500
2018-03-26,1026.2500,1040.2500,1025.0000,1025.5000,100548,1025.5000
2018-03-27,1027.0000,1031.2500,1017.2500,1019.5000,98041,1019.5000
2018-03-28,1019.5000,1023.2500,1015.0000,1018.0000,104492,1018.0000
2018-03-29,1019.5000,1050.7500,1012.5000,1044.7500,177841,1044.7500
2018-04-02,1045.2500,1060.5000,1035.2500,1035.5000,108570,1035.5000
2018-04-03,1036.2500,1048.7500,1035.7500,1038.0000,135404,1038.0000
2018-04-04,1038.7500,1041.7500,983.5000,1015.2500,352462,1015.2500
2018-04-05,1015.5000,1034.0000,1011.7500,1031.2500,219539,1031.2500
2018-04-06,1003.0000,1037.2500,1003.0000,1033.7500,164385,1033.7500
2018-04-09,1038.2500,1056.7500,1037.5000,1047.0000,171846,1047.0000
2018-04-10,1045.5000,1064.0000,1045.0000,1050.0000,171444,1050.0000
2018-04-11,1050.7500,1058.7500,1047.2500,1047.7500,121591,1047.7500
2018-04-12,1047.7500,1061.7500,1047.2500,1060.7500,186951,1060.7500
2018-04-13,1060.2500,1067.2500,1051.5000,1054.2500,118735,1054.2500
2018-04-16,1054.2500,1058.7500,1041.5000,1042.0000,101597,1042.0000
2018-04-17,1043.2500,1049.2500,1040.0000,1046.0000,81326,1046.0000
2018-04-18,1046.2500,1052.5000,1039.0000,1041.7500,94271,1041.7500
2018-04-19,1041.7500,1044.7500,1032.7500,1037.2500,95799,1037.2500
2018-04-20,1037.0000,1038.5000,1027.7500,1028.7500,74206,1028.7500
2018-04-23,1027.5000,1033.2500,1017.2500,1020.7500,72696,1020.7500
2018-04-24,1020.7500,1026.2500,1016.2500,1022.2500,90059,1022.2500
2018-04-25,1022.2500,1033.2500,1020.5000,1027.5000,68707,1027.5000
2018-04-26,1027.2500,1034.5000,1024.0000,1028.0000,79917,1028.0000
2018-04-27,1028.5000,1046.7500,1019.0000,1045.0000,64971,1045.0000
2018-04-30,1046.2500,1056.5000,1036.7500,1037.7500,10337,1037.7500
2018-05-01,1038.7500,1044.0000,1031.2500,1042.5000,6794,1042.5000
2018-05-02,1041.2500,1041.2500,1029.2500,1032.7500,5489,1032.7500
2018-05-03,1032.7500,1043.2500,1024.7500,1043.2500,3158,1043.2500
2018-05-04,1038.5000,1039.0000,1027.0000,1027.2500,1314,1027.2500
2018-05-07,1025.0000,1025.0000,1001.2500,1002.2500,1657,1002.2500
2018-05-08,1004.2500,1011.7500,1002.2500,1011.2500,784,1011.2500
2018-05-09,1011.2500,1011.7500,1002.2500,1007.2500,712,1007.2500
2018-05-10,1008.0000,1018.0000,1007.2500,1013.2500,389,1013.2500
2018-05-11,1008.7500,1008.7500,993.2500,994.7500,103,994.7500
2018-05-14,1007.2500,1013.5000,1007.2500,1013.0000,131052,1013.0000
2018-05-15,1017.2500,1025.2500,1005.2500,1018.7500,115400,1018.7500
2018-05-16,1017.7500,1018.5000,998.7500,999.7500,100892,999.7500
2018-05-17,1001.0000,1007.5000,992.5000,995.0000,92145,995.0000
2018-05-18,995.7500,1007.7500,992.7500,998.5000,122151,998.5000
2018-05-21,1017.5000,1027.0000,1011.5000,1025.2500,147490,1025.2500
2018-05-22,1022.0000,1036.0000,1020.2500,1030.5000,106181,1030.5000
2018-05-23,1030.5000,1039.7500,1027.7500,1039.2500,90467,1039.2500
2018-05-24,1039.7500,1050.7500,1035.5000,1035.7500,122485,1035.7500
2018-05-25,1036.7500,1044.0000,1035.5000,1041.5000,79808,1041.5000
2018-05-29,1045.2500,1049.5000,1028.0000,1030.5000,128700,1030.5000
2018-05-30,1030.5000,1031.7500,1014.7500,1023.0000,134683,1023.0000
2018-05-31,1023.0000,1030.7500,1013.5000,1018.5000,103115,1018.5000
2018-06-01,1019.2500,1026.5000,1015.0000,1021.2500,99974,1021.2500
2018-06-04,1013.2500,1014.5000,1001.2500,1001.7500,101111,1001.7500
2018-06-05,1002.2500,1006.7500,997.2500,1001.2500,127577,1001.2500
2018-06-06,1004.5000,1008.2500,993.7500,994.2500,90708,994.2500
2018-06-07,995.0000,998.2500,973.0000,974.2500,173223,974.2500
2018-06-08,974.2500,976.2500,962.5000,969.2500,132153,969.2500
2018-06-11,966.7500,972.2500,953.2500,953.7500,136802,953.7500
2018-06-12,956.5000,963.2500,952.0000,954.0000,137200,954.0000
2018-06-13,954.0000,958.5000,934.2500,936.0000,188399,936.0000
2018-06-14,933.7500,937.7500,924.0000,927.2500,118204,927.2500
2018-06-15,933.7500,937.7500,903.0000,905.5000,169719,905.5000
2018-06-18,905.5000,914.0000,897.2500,908.5000,139697,908.5000
2018-06-19,905.0000,905.7500,841.5000,889.0000,196376,889.0000
2018-06-20,890.7500,896.0000,877.0000,889.5000,126765,889.5000
2018-06-21,889.5000,891.2500,878.2500,880.5000,99476,880.5000
2018-06-22,879.2500,897.5000,878.7500,894.5000,128481,894.5000
2018-06-25,896.5000,899.0000,871.7500,874.5000,89323,874.5000
2018-06-26,873.2500,881.0000,862.5000,867.2500,88854,867.2500
2018-06-27,868.0000,878.0000,866.0000,867.5000,87401,867.5000
2018-06-28,865.2500,869.5000,859.5000,861.2500,43758,861.2500
2018-06-29,861.2500,876.5000,857.5000,858.5000,11057,858.5000
2018-07-02,860.0000,861.2500,845.7500,848.5000,5569,848.5000
2018-07-03,849.5000,852.7500,843.0000,844.0000,0,844.0000
2018-07-05,843.5000,845.0000,834.0000,835.5000,3567,835.5000
2018-07-06,836.0000,877.2500,836.0000,874.0000,2510,874.0000
2018-07-09,867.5000,867.5000,848.2500,851.7500,1258,851.7500
2018-07-10,849.0000,860.2500,847.5000,852.2500,866,852.2500
2018-07-11,840.5000,842.2500,829.5000,829.7500,1166,829.7500
2018-07-12,832.7500,833.2500,826.0000,830.0000,154,830.0000
2018-07-13,831.5000,831.5000,814.0000,814.0000,23846,814.0000
2018-07-16,818.5000,838.0000,810.5000,829.5000,28635,829.5000
2018-07-17,833.2500,843.5000,830.0000,839.5000,37736,839.5000
2018-07-18,839.0000,847.5000,834.7500,842.2500,18546,842.2500
2018-07-19,842.0000,846.7500,836.7500,846.0000,26561,846.0000
2018-07-20,846.0000,853.2500,841.2500,849.7500,26319,849.7500
2018-07-23,853.2500,854.7500,847.2500,847.7500,31905,847.7500
2018-07-24,844.0000,862.7500,842.5000,858.0000,39163,858.0000
2018-07-25,860.0000,863.0000,852.0000,860.7500,33013,860.7500
2018-07-26,870.0000,881.0000,858.2500,861.2500,49688,861.2500
2018-07-27,858.2500,874.0000,858.2500,870.5000,47143,870.5000
2018-07-30,878.5000,881.2500,871.2500,875.0000,59118,875.0000
2018-07-31,875.5000,906.0000,873.2500,903.7500,15115,903.7500
2018-08-01,898.0000,898.0000,884.7500,886.7500,11347,886.7500
2018-08-02,886.7500,886.7500,875.0000,882.5000,4368,882.5000
2018-08-03,878.5000,886.5000,870.5000,886.2500,2608,886.2500
2018-08-06,880.5000,881.0000,872.5000,877.2500,1754,877.2500
2018-08-07,887.7500,891.2500,883.2500,889.2500,2138,889.2500
2018-08-08,892.0000,895.7500,889.7500,893.7500,1415,893.7500
2018-08-09,890.5000,890.5000,887.5000,887.7500,635,887.7500
2018-08-10,886.2500,886.2500,845.2500,846.0000,304,846.0000
2018-08-13,838.0000,853.5000,838.0000,853.5000,139,853.5000
2018-08-14,858.5000,864.5000,856.5000,864.5000,16365,864.5000
2018-08-15,867.7500,872.5000,856.5000,857.5000,10749,857.5000
2018-08-16,859.7500,888.2500,854.5000,885.5000,19406,885.5000
2018-08-17,884.7500,887.5000,871.0000,881.5000,19408,881.5000
2018-08-20,889.7500,896.0000,880.5000,881.7500,10658,881.7500
2018-08-21,874.0000,883.2500,873.5000,874.5000,18546,874.5000
2018-08-22,873.5000,873.7500,857.2500,858.2500,21139,858.2500
2018-08-23,857.5000,861.7500,842.0000,842.0000,19488,842.0000
2018-08-24,841.5000,848.5000,840.7500,842.0000,29279,842.0000
2018-08-27,838.2500,840.0000,824.7500,834.7500,29914,834.7500
2018-08-28,833.2500,836.5000,820.2500,820.5000,26658,820.5000
2018-08-29,820.7500,830.7500,820.0000,823.2500,24291,823.2500
2018-08-30,823.0000,831.5000,817.0000,819.5000,16391,819.5000
2018-08-31,816.0000,833.2500,816.0000,833.0000,0,833.0000
2018-09-04,832.0000,838.7500,826.5000,832.0000,1583,832.0000
2018-09-05,835.2500,835.2500,825.5000,825.5000,822,825.5000
2018-09-06,828.2500,829.7500,824.2500,826.7500,571,826.7500
2018-09-07,826.5000,833.2500,826.5000,832.0000,402,832.0000
2018-09-10,832.2500,838.2500,832.2500,833.5000,173,833.5000
2018-09-11,836.7500,836.7500,820.2500,820.2500,351,820.2500
2018-09-12,820.5000,829.0000,811.5000,829.0000,644,829.0000
2018-09-13,828.2500,831.7500,822.7500,822.7500,64,822.7500
2018-09-14,821.5000,821.5000,821.5000,821.5000,70421,821.5000
2018-09-17,827.5000,829.7500,821.5000,823.5000,72673,823.5000
2018-09-18,821.0000,825.2500,812.2500,814.0000,94047,814.0000
2018-09-19,813.7500,831.7500,813.2500,830.0000,80961,830.0000
2018-09-20,830.0000,855.0000,825.2500,850.2500,163230,850.2500
2018-09-21,846.2500,849.7500,841.2500,847.2500,88697,847.2500
2018-09-24,844.0000,845.2500,838.2500,841.0000,74829,841.0000
2018-09-25,841.2500,858.0000,837.2500,845.7500,160953,845.7500
2018-09-26,846.2500,854.0000,845.7500,850.0000,89464,850.0000
2018-09-27,848.2500,859.0000,846.5000,855.0000,76059,855.0000
2018-09-28,854.2500,859.2500,842.0000,845.5000,143042,845.5000
2018-10-01,845.5000,864.0000,843.0000,857.7500,152163,857.7500
2018-10-02,856.7500,867.2500,853.0000,866.0000,117212,866.0000
2018-10-03,866.0000,870.2500,860.5000,861.5000,98123,861.5000
2018-10-04,860.0000,868.5000,858.5000,859.2500,102929,859.2500
2018-10-05,860.0000,870.2500,851.5000,869.0000,167588,869.0000
2018-10-08,870.0000,874.7500,862.5000,869.7500,123432,869.7500
2018-10-09,869.7500,872.5000,859.2500,863.0000,141122,863.0000
2018-10-10,863.0000,864.7500,847.2500,852.2500,135163,852.2500
2018-10-11,852.0000,864.0000,847.0000,858.2500,161159,858.2500
2018-10-12,859.5000,868.0000,858.5000,867.5000,85795,867.5000
2018-10-15,867.0000,892.0000,863.5000,891.5000,150598,891.5000
2018-10-16,891.2500,891.2500,879.2500,884.7500,106588,884.7500
2018-10-17,883.5000,889.7500,882.0000,885.7500,101638,885.7500
2018-10-18,882.2500,883.7500,862.7500,863.5000,125411,863.5000
2018-10-19,865.2500,866.2500,856.2500,856.7500,120379,856.7500
2018-10-22,855.7500,863.0000,855.5000,858.5000,124570,858.5000
2018-10-23,857.5000,862.7500,851.0000,857.5000,107486,857.5000
2018-10-24,855.7500,856.7500,850.0000,850.2500,187127,850.2500
2018-10-25,850.0000,851.0000,840.0000,841.7500,130130,841.7500
2018-10-26,842.0000,849.2500,841.0000,845.0000,120782,845.0000
2018-10-29,845.0000,852.5000,837.2500,839.0000,114907,839.0000
2018-10-30,839.0000,842.0000,832.2500,833.5000,107969,833.5000
2018-10-31,832.7500,842.2500,831.7500,839.0000,18050,839.0000
2018-11-01,837.0000,875.0000,832.7500,869.0000,17055,869.0000
2018-11-02,868.0000,888.5000,866.5000,875.2500,11996,875.2500
2018-11-05,877.0000,880.0000,870.5000,873.0000,7226,873.0000
2018-11-06,872.2500,874.5000,866.7500,872.0000,4267,872.0000
2018-11-07,872.0000,873.7500,865.0000,867.7500,4552,867.7500
2018-11-08,867.0000,871.2500,853.0000,867.5000,3663,867.5000
2018-11-09,867.0000,875.7500,863.2500,875.2500,3311,875.2500
2018-11-12,874.0000,874.0000,868.2500,871.7500,3178,871.7500
2018-11-13,871.7500,876.2500,867.2500,867.2500,2529,867.2500
2018-11-14,869.2500,875.2500,869.2500,870.5000,71293,870.5000
2018-11-15,884.2500,897.5000,883.7500,888.7500,87077,888.7500
2018-11-16,889.7500,894.7500,881.7500,892.2500,76599,892.2500
2018-11-19,892.0000,892.2500,871.2500,873.7500,95488,873.7500
2018-11-20,874.2500,885.7500,870.5000,881.0000,68069,881.0000
2018-11-21,882.0000,889.0000,876.0000,883.0000,68295,883.0000
2018-11-23,881.2500,884.5000,880.0000,881.0000,35988,881.0000
2018-11-26,881.0000,883.0000,857.0000,862.2500,123317,862.2500
2018-11-27,862.5000,880.0000,858.2500,875.5000,98671,875.5000
2018-11-28,876.2500,895.0000,874.0000,890.5000,118516,890.5000
2018-11-29,890.0000,894.5000,882.5000,887.2500,91228,887.2500
2018-11-30,887.2500,896.5000,886.0000,894.7500,97858,894.7500
2018-12-03,919.7500,923.7500,904.5000,905.7500,178080,905.7500
2018-12-04,903.2500,913.0000,899.5000,911.7500,107528,911.7500
2018-12-06,911.5000,912.2500,897.0000,909.5000,127436,909.5000
2018-12-07,910.0000,918.0000,907.5000,916.7500,112608,916.7500
2018-12-10,912.0000,916.5000,908.5000,909.7500,109608,909.7500
2018-12-11,907.7500,917.2500,906.0000,915.0000,114414,915.0000
2018-12-12,916.0000,928.0000,915.2500,920.0000,121344,920.0000
2018-12-13,918.7500,920.0000,905.2500,907.0000,120802,907.0000
2018-12-14,907.2500,910.0000,900.0000,900.5000,93463,900.5000
2018-12-17,900.7500,909.2500,900.2500,904.7500,76021,904.7500
2018-12-18,902.7500,912.2500,902.7500,907.7500,91101,907.7500
2018-12-19,907.0000,909.7500,899.2500,900.0000,115946,900.0000
2018-12-20,900.0000,905.5000,892.7500,893.5000,95834,893.5000
2018-12-21,891.5000,894.7500,883.2500,884.7500,93658,884.7500
2018-12-24,883.2500,886.5000,879.5000,884.0000,30790,884.0000
2018-12-26,885.0000,888.7500,869.5000,870.0000,56380,870.0000
2018-12-27,870.7500,876.0000,867.0000,869.0000,66899,869.0000
2018-12-28,870.5000,886.2500,870.0000,882.7500,46910,882.7500
2018-12-31,885.5000,889.0000,879.2500,882.5000,13220,882.5000
2019-01-02,881.5000,897.7500,880.7500,894.7500,8393,894.7500
2019-01-03,893.5000,900.7500,892.2500,900.2500,5149,900.2500
2019-01-04,898.2500,910.0000,898.2500,909.5000,6571,909.5000
2019-01-07,909.5000,915.7500,909.5000,912.2500,4350,912.2500
2019-01-08,911.7500,912.5000,903.0000,906.2500,3286,906.2500
2019-01-09,905.5000,913.7500,905.2500,911.5000,2759,911.5000
2019-01-10,908.0000,911.2500,895.0000,895.5000,1094,895.5000
2019-01-11,897.2500,901.2500,897.2500,899.2500,287,899.2500
2019-01-14,895.2500,895.2500,890.7500,890.7500,75988,890.7500
2019-01-15,904.2500,908.0000,892.5000,893.2500,107769,893.2500
2019-01-16,895.5000,900.0000,891.2500,894.5000,87043,894.5000
2019-01-17,895.5000,912.0000,894.2500,907.7500,103132,907.7500
2019-01-18,908.2500,920.2500,905.7500,916.7500,112894,916.7500
2019-01-22,916.5000,919.5000,899.5000,909.2500,126766,909.2500
2019-01-23,911.0000,918.2500,910.5000,915.0000,72124,915.0000
2019-01-24,915.0000,919.5000,909.2500,916.0000,85832,916.0000
2019-01-25,915.7500,926.2500,913.0000,925.2500,103755,925.2500
2019-01-28,923.5000,925.0000,915.7500,923.2500,69622,923.2500
2019-01-29,921.7500,922.2500,916.7500,919.0000,86953,919.0000
2019-01-30,919.0000,924.0000,917.2500,921.0000,68239,921.0000
2019-01-31,919.5000,926.7500,913.2500,915.2500,98081,915.2500
2019-02-01,921.0000,931.2500,917.0000,917.7500,168136,917.7500
2019-02-04,917.0000,923.7500,915.5000,918.5000,76590,918.5000
2019-02-05,917.7500,921.0000,913.5000,920.2500,83109,920.2500
2019-02-06,920.0000,922.5000,917.5000,921.7500,98810,921.7500
2019-02-07,919.5000,921.5000,910.5000,913.2500,120903,913.2500
2019-02-08,913.0000,918.0000,908.0000,914.5000,134648,914.5000
2019-02-11,914.7500,918.7500,903.5000,905.0000,124095,905.0000
2019-02-12,905.5000,919.7500,905.5000,917.5000,126536,917.5000
2019-02-13,916.7500,920.0000,913.7500,916.5000,87709,916.5000
2019-02-14,915.7500,918.2500,903.0000,903.5000,111538,903.5000
2019-02-15,905.2500,909.7500,901.2500,907.5000,113607,907.5000
2019-02-19,907.2500,911.2500,894.7500,900.7500,119260,900.7500
2019-02-20,902.0000,905.0000,893.2500,902.5000,132174,902.5000
2019-02-21,902.7500,916.7500,900.0000,911.0000,169207,911.0000
2019-02-22,910.2500,914.7500,907.5000,910.2500,127436,910.2500
2019-02-25,918.0000,921.0000,910.2500,911.7500,108509,911.7500
2019-02-26,910.0000,910.7500,899.0000,903.7500,88696,903.7500
2019-02-27,903.0000,910.0000,900.7500,903.5000,69356,903.5000
2019-02-28,903.0000,905.2500,897.0000,897.5000,13006,897.5000
2019-03-01,897.2500,905.0000,888.2500,899.2500,8373,899.2500
2019-03-04,901.2500,912.2500,901.2500,903.2500,4165,903.2500
2019-03-05,904.7500,904.7500,896.7500,901.2500,3339,901.2500
2019-03-06,900.5000,903.5000,889.5000,889.7500,2100,889.7500
2019-03-07,892.0000,893.7500,887.0000,890.7500,2606,890.7500
2019-03-08,891.0000,891.5000,880.0000,883.7500,1275,883.7500
2019-03-11,884.5000,884.5000,877.7500,877.7500,436,877.7500
2019-03-12,880.5000,885.0000,880.2500,884.7500,237,884.7500
2019-03-13,882.7500,889.2500,882.5000,889.0000,215,889.0000
2019-03-14,889.5000,889.5000,889.5000,889.5000,87983,889.5000
2019-03-15,899.2500,911.0000,898.2500,909.2500,97847,909.2500
2019-03-18,910.0000,911.5000,901.7500,905.7500,68441,905.7500
2019-03-19,905.5000,909.5000,900.2500,904.0000,78731,904.0000
2019-03-20,902.7500,906.5000,899.2500,906.0000,73221,906.0000
2019-03-21,906.0000,912.0000,903.5000,910.5000,79287,910.5000
2019-03-22,909.7500,912.0000,903.0000,903.7500,91931,903.7500
2019-03-25,904.5000,908.2500,901.5000,906.5000,62221,906.5000
2019-03-26,905.5000,907.5000,899.5000,900.7500,64159,900.7500
2019-03-27,900.2500,900.7500,886.0000,887.5000,108413,887.5000
2019-03-28,888.0000,891.7500,886.5000,889.5000,71399,889.5000
2019-03-29,888.7500,892.7500,883.0000,884.2500,96062,884.2500
2019-04-01,884.0000,899.0000,883.7500,895.5000,116288,895.5000
2019-04-02,895.7500,901.2500,892.5000,900.0000,78593,900.0000
2019-04-03,899.2500,903.0000,894.7500,898.7500,63617,898.7500
2019-04-04,898.2500,907.2500,897.0000,906.5000,112219,906.5000
2019-04-05,904.5000,904.7500,896.2500,899.0000,102769,899.0000
2019-04-08,899.0000,903.5000,898.0000,898.7500,113476,898.7500
2019-04-09,898.2500,902.2500,894.7500,898.7500,95488,898.7500
2019-04-10,898.7500,903.7500,897.2500,902.0000,110699,902.0000
2019-04-11,901.2500,904.0000,893.5000,895.2500,98642,895.2500
2019-04-12,895.0000,898.5000,893.7500,895.2500,82118,895.2500
2019-04-15,895.0000,902.0000,894.7500,898.7500,105410,898.7500
2019-04-16,898.2500,899.0000,886.2500,888.0000,115185,888.0000
2019-04-17,887.7500,890.5000,878.5000,879.0000,105530,879.0000
2019-04-18,878.7500,882.0000,876.5000,880.5000,77262,880.5000
2019-04-22,881.5000,883.2500,876.2500,877.0000,80529,877.0000
2019-04-23,877.0000,878.7500,860.7500,862.0000,168391,862.0000
2019-04-24,862.0000,865.2500,854.5000,855.2500,87642,855.2500
2019-04-25,854.7500,862.7500,853.5000,859.2500,124152,859.2500
2019-04-26,858.5000,859.7500,852.5000,853.7500,142904,853.7500
2019-04-29,854.7500,859.5000,847.2500,847.5000,81581,847.5000
2019-04-30,848.0000,851.0000,838.5000,841.2500,11508,841.2500
2019-05-01,841.0000,843.0000,831.7500,839.5000,9763,839.5000
2019-05-02,840.0000,840.5000,829.7500,830.5000,5556,830.5000
2019-05-03,830.5000,832.7500,828.7500,829.5000,3485,829.5000
2019-05-06,816.5000,819.7500,804.5000,817.5000,2686,817.5000
2019-05-07,815.0000,821.7500,815.0000,817.7500,2555,817.7500
2019-05-08,819.2500,820.2500,812.7500,814.2500,1990,814.2500
2019-05-09,810.0000,810.5000,795.2500,800.2500,680,800.2500
2019-05-10,800.2500,804.0000,795.2500,797.0000,712,797.0000
2019-05-13,790.2500,791.0000,780.5000,791.0000,369,791.0000
2019-05-14,810.0000,817.7500,810.0000,817.7500,167862,817.7500
2019-05-15,832.0000,848.2500,827.0000,835.5000,182209,835.5000
2019-05-16,834.0000,845.0000,834.0000,839.7500,106299,839.7500
2019-05-17,840.7500,841.7500,820.5000,821.7500,119427,821.7500
2019-05-20,828.2500,838.7500,824.7500,831.7500,113522,831.7500
2019-05-21,842.7500,846.5000,819.0000,822.0000,188028,822.0000
2019-05-22,819.5000,835.0000,819.0000,828.5000,124467,828.5000
2019-05-23,828.5000,834.0000,817.0000,821.5000,125848,821.5000
2019-05-24,821.5000,831.5000,820.0000,829.7500,94258,829.7500
2019-05-28,840.0000,858.2500,837.5000,856.0000,148619,856.0000
2019-05-29,866.0000,892.7500,863.5000,872.0000,216536,872.0000
2019-05-30,871.5000,889.5000,863.5000,889.0000,138936,889.0000
2019-05-31,889.0000,890.7500,876.5000,877.7500,120397,877.7500
2019-06-03,875.7500,886.5000,873.5000,879.0000,127513,879.0000
2019-06-04,891.2500,894.5000,878.5000,881.7500,146836,881.7500
2019-06-05,882.0000,882.7500,868.2500,869.7500,133437,869.7500
2019-06-06,869.7500,872.2500,857.7500,868.7500,115535,868.7500
2019-06-07,868.7500,871.5000,855.0000,856.2500,126250,856.2500
2019-06-10,853.7500,866.0000,848.2500,858.5000,109009,858.5000
2019-06-11,855.5000,863.5000,850.2500,859.2500,138285,859.2500
2019-06-12,857.2500,883.2500,853.2500,878.0000,168960,878.0000
2019-06-13,878.0000,888.7500,877.7500,888.0000,122373,888.0000
2019-06-14,887.5000,898.2500,885.2500,896.7500,131228,896.7500
2019-06-17,901.0000,914.0000,900.7500,912.7500,164353,912.7500
2019-06-18,918.2500,921.5000,902.7500,913.5000,154004,913.5000
2019-06-19,912.5000,913.5000,901.5000,903.2500,149148,903.2500
2019-06-20,901.2500,917.5000,896.5000,915.5000,147071,915.5000
2019-06-21,915.0000,917.2500,902.5000,902.7500,139463,902.7500
2019-06-24,902.0000,911.2500,899.5000,909.0000,110371,909.0000
2019-06-25,915.0000,917.7500,900.5000,903.5000,141144,903.5000
2019-06-26,902.0000,902.0000,893.2500,894.2500,108709,894.2500
2019-06-27,893.2500,898.2500,883.5000,887.7500,74477,887.7500
2019-06-28,889.2500,906.0000,887.2500,899.7500,16083,899.7500
2019-07-01,910.7500,910.7500,884.0000,885.5000,4732,885.5000
2019-07-02,886.2500,888.2500,876.2500,876.2500,2636,876.2500
2019-07-03,875.5000,885.7500,873.5000,885.2500,3531,885.2500
2019-07-05,884.0000,884.7500,871.7500,872.2500,1991,872.2500
2019-07-08,878.0000,878.5000,870.0000,875.2500,1340,875.2500
2019-07-09,872.2500,882.7500,870.7500,882.7500,936,882.7500
2019-07-10,884.5000,893.0000,880.7500,893.0000,651,893.0000
2019-07-11,894.0000,896.2500,890.7500,896.2500,208,896.2500
2019-07-12,902.2500,906.7500,902.2500,906.7500,29186,906.7500
2019-07-15,915.2500,918.0000,900.5000,901.7500,26785,901.7500
2019-07-16,899.7500,900.0000,885.0000,887.7500,64645,887.7500
2019-07-17,887.5000,894.2500,881.5000,882.5000,32882,882.5000
2019-07-18,880.0000,885.7500,875.5000,881.2500,34663,881.2500
2019-07-19,881.7500,905.7500,879.5000,901.5000,53086,901.5000
2019-07-22,901.5000,904.2500,887.5000,888.2500,35788,888.2500
2019-07-23,888.5000,892.5000,881.0000,885.7500,25780,885.7500
2019-07-24,886.0000,895.0000,883.7500,891.0000,47514,891.0000
2019-07-25,891.0000,896.0000,881.0000,882.5000,42118,882.5000
2019-07-26,883.5000,890.0000,881.5000,883.2500,62234,883.2500
2019-07-29,882.5000,890.7500,881.7500,885.7500,74809,885.7500
2019-07-30,884.7500,887.0000,871.5000,878.7500,52783,878.7500
2019-07-31,876.5000,882.0000,862.7500,864.0000,10230,864.0000
2019-08-01,862.7500,863.7500,842.7500,847.0000,6821,847.0000
2019-08-02,849.0000,853.5000,845.2500,850.2500,4626,850.2500
2019-08-05,852.2500,854.0000,837.2500,850.2500,3186,850.2500
2019-08-06,848.5000,853.2500,847.0000,847.7500,2306,847.7500
2019-08-07,848.2500,848.7500,844.2500,848.7500,2532,848.7500
2019-08-08,851.7500,865.0000,851.7500,865.0000,2028,865.0000
2019-08-09,871.7500,875.2500,866.0000,873.7500,1592,873.7500
2019-08-12,871.0000,871.0000,860.0000,861.5000,324,861.5000
2019-08-13,872.0000,872.0000,871.2500,872.0000,145,872.0000
2019-08-14,869.5000,869.5000,861.0000,861.0000,21321,861.0000
2019-08-15,866.7500,872.0000,857.7500,858.0000,13755,858.0000
2019-08-16,858.2500,868.0000,858.2500,867.2500,14071,867.2500
2019-08-19,862.2500,865.0000,852.0000,854.0000,14187,854.0000
2019-08-20,856.2500,862.0000,853.0000,855.7500,14785,855.7500
2019-08-21,855.7500,864.0000,854.2500,860.5000,10768,860.5000
2019-08-22,860.5000,869.5000,855.2500,856.0000,18766,856.0000
2019-08-23,855.5000,859.2500,842.0000,843.2500,35504,843.2500
2019-08-26,842.0000,857.2500,842.0000,853.7500,39661,853.7500
2019-08-27,851.5000,852.0000,843.0000,846.2500,51663,846.2500
2019-08-28,846.2500,854.7500,839.5000,852.7500,41347,852.7500
2019-08-29,852.7500,860.5000,852.5000,856.2500,42036,856.2500
2019-08-30,856.2500,864.7500,855.0000,857.0000,6659,857.0000
2019-09-03,855.5000,856.5000,848.7500,856.5000,2239,856.5000
2019-09-04,856.5000,863.7500,852.5000,862.5000,2164,862.5000
2019-09-05,863.0000,863.0000,846.7500,849.7500,1293,849.7500
2019-09-06,853.5000,853.5000,844.7500,845.0000,657,845.0000
2019-09-09,843.0000,847.7500,839.7500,845.0000,617,845.0000
2019-09-10,847.2500,859.2500,845.5000,859.2500,465,859.2500
2019-09-11,853.7500,854.0000,851.5000,854.0000,648,854.0000
2019-09-12,862.7500,883.0000,862.7500,883.0000,198,883.0000
2019-09-13,890.0000,890.2500,884.7500,884.7500,103085,884.7500
2019-09-16,903.2500,904.7500,894.2500,900.0000,90735,900.0000
2019-09-17,900.0000,900.0000,888.2500,893.7500,91238,893.7500
2019-09-18,895.2500,897.0000,886.7500,888.7500,61671,888.7500
2019-09-19,889.2500,895.0000,886.2500,893.0000,88652,893.0000
2019-09-20,893.0000,893.5000,880.7500,882.7500,96181,882.7500
2019-09-23,882.7500,899.2500,882.7500,892.5000,121013,892.5000
2019-09-24,892.5000,899.0000,890.5000,894.2500,96225,894.2500
2019-09-25,894.0000,897.7500,885.2500,889.2500,99066,889.2500
2019-09-26,888.0000,895.5000,886.7500,888.5000,83062,888.5000
2019-09-27,887.7500,889.2500,881.5000,883.0000,67140,883.0000
2019-09-30,884.7500,906.7500,883.7500,906.0000,163353,906.0000
2019-10-01,904.0000,920.0000,903.2500,919.5000,182135,919.5000
2019-10-02,917.2500,918.7500,911.7500,913.7500,114727,913.7500
2019-10-03,913.0000,918.5000,908.0000,911.7500,109300,911.7500
2019-10-04,911.0000,921.2500,909.5000,916.2500,88001,916.2500
2019-10-07,916.5000,919.5000,911.5000,915.2500,131284,915.2500
2019-10-08,915.0000,923.7500,910.5000,920.5000,149426,920.5000
2019-10-09,918.5000,931.5000,918.2500,923.7500,165142,923.7500
2019-10-10,919.5000,934.0000,918.7500,923.5000,170687,923.5000
2019-10-11,923.7500,939.2500,923.5000,936.0000,131889,936.0000
2019-10-14,940.5000,945.0000,930.5000,940.5000,131889,940.5000
2019-10-15,938.7500,944.2500,933.2500,934.0000,129605,934.0000
2019-10-16,933.0000,938.7500,927.5000,928.0000,102683,928.0000
2019-10-17,928.0000,940.7500,927.2500,931.5000,119451,931.5000
2019-10-18,931.0000,938.5000,930.5000,934.0000,120202,934.0000
2019-10-21,930.7500,940.0000,930.2500,933.2500,132043,933.2500
2019-10-22,932.5000,945.2500,931.0000,934.0000,162322,934.0000
2019-10-23,934.0000,939.0000,927.7500,933.7500,183773,933.7500
2019-10-24,933.7500,939.0000,932.7500,933.2500,133429,933.2500
2019-10-25,933.5000,937.2500,919.5000,920.2500,190315,920.2500
2019-10-28,921.5000,926.0000,920.2500,920.7500,132478,920.7500
2019-10-29,921.0000,925.2500,916.0000,918.2500,147901,918.2500
2019-10-30,917.7500,921.5000,915.2500,916.0000,110262,916.0000
2019-10-31,915.7500,920.2500,910.5000,916.7500,14167,916.7500
2019-11-01,915.5000,926.5000,915.0000,924.2500,7099,924.2500
2019-11-04,923.2500,929.7500,921.0000,925.7500,1287,925.7500
2019-11-05,925.2500,928.7500,920.0000,921.7500,660,921.7500
2019-11-06,922.2500,922.2500,914.2500,915.0000,1583,915.0000
2019-11-07,916.5000,927.0000,915.0000,925.0000,793,925.0000
2019-11-08,924.5000,926.2500,915.7500,919.5000,610,919.5000
2019-11-11,916.5000,917.2500,904.2500,905.0000,798,905.0000
2019-11-12,906.0000,909.2500,905.0000,905.7500,158,905.7500
2019-11-13,906.5000,909.2500,902.0000,902.5000,342,902.5000
2019-11-14,900.7500,901.7500,900.2500,900.2500,88541,900.2500
2019-11-15,918.2500,923.5000,915.2500,918.2500,80816,918.2500
2019-11-18,919.0000,921.7500,910.0000,910.2500,83364,910.2500
2019-11-19,910.5000,917.0000,910.0000,911.5000,90805,911.5000
2019-11-20,910.5000,915.7500,904.2500,905.0000,118388,905.0000
2019-11-21,905.2500,909.2500,900.2500,901.0000,97029,901.0000
2019-11-22,900.5000,903.5000,895.5000,897.0000,84251,897.0000
2019-11-25,898.0000,902.5000,892.0000,892.5000,77560,892.5000
2019-11-26,892.7500,895.0000,882.7500,884.2500,104621,884.2500
2019-11-27,884.7500,887.5000,881.2500,882.0000,88224,882.0000
2019-11-29,883.2500,884.7500,875.7500,876.7500,66997,876.7500
2019-12-02,877.7500,883.0000,867.5000,870.5000,125372,870.5000
2019-12-03,873.5000,875.7500,868.2500,871.0000,111142,871.0000
2019-12-04,872.2500,880.0000,871.5000,878.0000,102632,878.0000
2019-12-05,878.0000,888.7500,877.2500,884.2500,108171,884.2500
2019-12-06,884.7500,894.0000,884.5000,889.5000,159565,889.5000
2019-12-09,891.7500,903.5000,889.7500,897.2500,179217,897.2500
2019-12-10,897.5000,902.2500,896.2500,901.2500,100653,901.2500
2019-12-11,898.7500,902.0000,892.0000,893.5000,154948,893.5000
2019-12-12,893.0000,901.7500,888.2500,898.2500,129658,898.2500
2019-12-13,906.0000,917.0000,901.5000,907.5000,167011,907.5000
2019-12-16,912.5000,922.7500,912.5000,922.0000,108734,922.0000
2019-12-17,921.2500,931.0000,920.2500,928.7500,137658,928.7500
2019-12-18,928.0000,930.0000,923.0000,928.5000,98044,928.5000
2019-12-19,926.7500,929.2500,921.2500,924.5000,82259,924.5000
2019-12-20,925.0000,930.0000,924.0000,928.2500,88295,928.2500
2019-12-23,929.0000,937.0000,927.5000,934.0000,100647,934.0000
2019-12-24,933.0000,937.5000,929.0000,936.5000,45245,936.5000
2019-12-26,937.7500,940.0000,936.7500,937.7500,42300,937.7500
2019-12-27,937.2500,941.5000,928.7500,929.5000,72394,929.5000
2019-12-30,929.0000,941.0000,927.2500,939.5000,54975,939.5000
2019-12-31,939.2500,943.5000,933.7500,943.0000,10926,943.0000
2020-01-02,943.2500,949.0000,941.7500,944.2500,2217,944.2500
2020-01-03,944.5000,945.2500,926.7500,930.5000,2272,930.5000
2020-01-06,929.2500,936.2500,929.0000,932.7500,1524,932.7500
2020-01-07,933.5000,935.0000,928.7500,935.0000,866,935.0000
2020-01-08,936.2500,940.0000,935.7500,938.2500,576,938.2500
2020-01-09,943.2500,943.2500,931.0000,933.7500,345,933.7500
2020-01-10,931.5000,935.5000,927.5000,935.0000,203,935.0000
2020-01-13,938.5000,938.5000,929.2500,929.2500,82,929.2500
2020-01-14,929.0000,934.7500,928.5000,928.5000,84463,928.5000
2020-01-15,942.0000,943.2500,928.2500,928.7500,119742,928.7500
2020-01-16,929.7500,930.2500,922.0000,924.0000,101998,924.0000
2020-01-17,924.5000,933.5000,920.0000,929.7500,90936,929.7500
2020-01-21,930.0000,931.5000,915.2500,916.0000,119955,916.0000
2020-01-22,917.0000,922.0000,913.2500,913.7500,92153,913.7500
2020-01-23,914.0000,914.7500,904.0000,909.5000,98543,909.5000
2020-01-24,909.2500,909.2500,900.7500,902.0000,77349,902.0000
2020-01-27,899.2500,900.0000,888.2500,897.2500,107839,897.2500
2020-01-28,897.5000,898.0000,888.5000,895.0000,86749,895.0000
2020-01-29,896.0000,903.0000,890.7500,893.0000,77353,893.0000
2020-01-30,893.5000,893.7500,875.5000,876.2500,123089,876.2500
2020-01-31,880.0000,882.7500,872.2500,872.5000,88324,872.5000
2020-02-03,870.7500,878.7500,868.7500,877.0000,138975,877.0000
2020-02-04,876.2500,887.0000,873.7500,879.5000,102451,879.5000
2020-02-05,880.0000,888.0000,878.0000,880.0000,75259,880.0000
2020-02-06,880.0000,886.2500,876.7500,881.0000,110541,881.0000
2020-02-07,883.2500,884.7500,876.2500,882.0000,124917,882.0000
2020-02-10,883.0000,889.7500,879.5000,884.2500,145123,884.2500
2020-02-11,885.7500,889.0000,878.0000,884.7500,134299,884.7500
2020-02-12,885.5000,893.0000,881.5000,892.5000,163370,892.5000
2020-02-13,891.0000,899.7500,888.5000,896.2500,193428,896.2500
2020-02-14,896.2500,899.2500,890.0000,893.7500,130575,893.7500
2020-02-18,894.7500,898.5000,889.2500,892.2500,133199,892.2500
2020-02-19,892.2500,898.2500,885.0000,897.2500,142100,897.2500
2020-02-20,896.5000,898.0000,891.2500,892.7500,99285,892.7500
2020-02-21,892.0000,902.0000,887.5000,890.5000,139963,890.5000
2020-02-24,888.0000,888.5000,870.7500,874.2500,91246,874.2500
2020-02-25,875.5000,880.7500,873.2500,879.0000,56793,879.0000
2020-02-26,879.5000,888.2500,875.5000,881.0000,86864,881.0000
2020-02-27,880.5000,887.7500,866.7500,886.2500,67399,886.2500
2020-02-28,886.2500,887.2500,874.5000,883.5000,11811,883.5000
2020-03-02,883.7500,895.0000,883.7500,890.5000,4084,890.5000
2020-03-03,891.2500,895.5000,889.2500,893.0000,3011,893.0000
2020-03-04,898.5000,900.7500,897.2500,898.7500,657,898.7500
2020-03-05,896.5000,896.5000,889.0000,889.0000,291,889.0000
2020-03-06,890.7500,892.0000,882.0000,883.2500,406,883.2500
2020-03-09,865.0000,871.7500,861.7500,863.5000,223,863.5000
2020-03-10,874.2500,879.5000,871.5000,873.0000,380,873.0000
2020-03-11,876.2500,878.5000,867.7500,867.7500,228,867.7500
2020-03-12,871.2500,871.2500,853.7500,855.0000,8,855.0000
2020-03-13,846.7500,846.7500,846.7500,846.7500,157825,846.7500
2020-03-16,842.0000,854.7500,821.0000,821.7500,162521,821.7500
2020-03-17,824.7500,832.5000,822.0000,824.2500,124052,824.2500
2020-03-18,824.5000,838.5000,822.2500,825.5000,131550,825.5000
2020-03-19,829.2500,855.7500,825.0000,843.2500,146051,843.2500
2020-03-20,845.7500,864.7500,845.5000,862.5000,123550,862.5000
2020-03-23,860.0000,885.2500,858.2500,884.0000,137562,884.0000
2020-03-24,884.0000,887.7500,872.5000,886.7500,101830,886.7500
2020-03-25,885.0000,897.0000,880.5000,881.5000,101240,881.5000
2020-03-26,882.5000,884.5000,871.2500,880.2500,92600,880.2500
2020-03-27,879.0000,888.7500,875.2500,881.5000,85866,881.5000
2020-03-30,880.0000,892.5000,876.7500,882.2500,75012,882.2500
2020-03-31,882.5000,887.5000,875.7500,886.0000,100917,886.0000
2020-04-01,885.7500,887.2500,860.7500,862.7500,91934,862.7500
2020-04-02,864.7500,870.0000,857.0000,858.7500,89450,858.7500
2020-04-03,859.7500,864.5000,850.5000,854.2500,83592,854.2500
2020-04-06,853.5000,859.0000,848.5000,855.5000,68720,855.5000
2020-04-07,856.0000,862.2500,854.2500,854.7500,86188,854.7500
2020-04-08,855.7500,860.5000,851.7500,854.5000,79057,854.5000
2020-04-09,855.5000,867.0000,853.7500,863.5000,105524,863.5000
2020-04-13,864.0000,870.0000,850.5000,854.2500,89265,854.2500
2020-04-14,854.7500,856.5000,845.7500,847.0000,102334,847.0000
2020-04-15,847.5000,852.5000,838.7500,842.0000,111556,842.0000
2020-04-16,840.7500,846.7500,835.2500,836.7500,64484,836.7500
2020-04-17,839.2500,842.7500,831.7500,832.5000,56944,832.5000
2020-04-20,833.5000,835.7500,824.5000,826.5000,52383,826.5000
2020-04-21,826.0000,833.5000,808.2500,830.7500,85886,830.7500
2020-04-22,831.2500,839.0000,827.0000,834.7500,79892,834.7500
2020-04-23,834.7500,848.7500,833.7500,839.2500,67541,839.2500
2020-04-24,840.0000,843.7500,827.5000,832.2500,68404,832.2500
2020-04-27,831.2500,838.7500,827.2500,829.0000,60072,829.0000
2020-04-28,829.5000,835.5000,822.5000,826.0000,63296,826.0000
2020-04-29,825.5000,835.0000,824.7500,831.7500,32364,831.7500
2020-04-30,833.7500,851.0000,833.7500,850.2500,5384,850.2500
2020-05-01,849.7500,850.7500,842.7500,847.2500,2586,847.2500
2020-05-04,843.5000,843.5000,831.0000,834.0000,675,834.0000
2020-05-05,833.2500,838.2500,832.5000,838.2500,543,838.2500
2020-05-06,838.2500,838.2500,829.5000,830.5000,319,830.5000
2020-05-07,834.2500,845.2500,831.0000,841.5000,456,841.5000
2020-05-08,842.0000,856.2500,842.0000,848.7500,404,848.7500
2020-05-11,857.0000,857.0000,851.5000,852.2500,155,852.2500
2020-05-12,852.7500,854.7500,847.5000,849.2500,60,849.2500
2020-05-13,841.7500,842.2500,836.0000,836.0000,40,836.0000
2020-05-14,837.0000,837.0000,835.2500,835.2500,66851,835.2500
2020-05-15,838.0000,843.0000,836.5000,838.5000,64517,838.5000
2020-05-18,840.5000,847.7500,838.7500,845.0000,65172,845.0000
2020-05-19,846.0000,848.5000,839.2500,842.5000,71624,842.5000
2020-05-20,842.0000,849.5000,842.0000,846.7500,63343,846.7500
2020-05-21,846.7500,848.5000,833.7500,835.0000,96034,835.0000
2020-05-22,835.2500,839.5000,828.5000,833.2500,95907,833.2500
2020-05-26,832.5000,849.0000,832.2500,847.0000,120908,847.0000
2020-05-27,848.0000,851.2500,843.5000,848.5000,89189,848.5000
2020-05-28,848.5000,852.2500,838.7500,847.0000,82411,847.0000
2020-05-29,846.0000,846.0000,837.0000,840.7500,93470,840.7500
2020-06-01,843.5000,849.0000,834.0000,840.5000,119172,840.5000
2020-06-02,840.0000,856.0000,838.5000,850.5000,125683,850.5000
2020-06-03,851.7500,858.0000,851.2500,857.5000,107887,857.5000
2020-06-04,857.0000,873.2500,855.2500,867.7500,150610,867.7500
2020-06-05,868.0000,873.5000,865.2500,867.7500,138816,867.7500
2020-06-08,869.2500,871.5000,861.7500,864.7500,117154,864.7500
2020-06-09,864.0000,866.5000,856.5000,863.2500,141206,863.2500
2020-06-10,863.2500,869.2500,863.0000,865.5000,117232,865.5000
2020-06-11,865.0000,869.5000,861.0000,866.0000,114073,866.0000
2020-06-12,866.5000,873.0000,863.5000,871.2500,134400,871.2500
2020-06-15,870.5000,871.7500,864.2500,869.0000,103929,869.0000
2020-06-16,870.7500,873.0000,864.7500,867.0000,108921,867.0000
2020-06-17,866.5000,875.7500,860.0000,871.2500,115263,871.2500
2020-06-18,871.0000,876.5000,870.0000,873.0000,101429,873.0000
2020-06-19,873.0000,880.5000,871.5000,876.5000,87950,876.5000
2020-06-22,875.2500,879.7500,872.5000,876.2500,94353,876.2500
2020-06-23,876.7500,879.0000,865.0000,875.0000,121219,875.0000
2020-06-24,875.5000,877.5000,870.0000,870.7500,90927,870.7500
2020-06-25,870.5000,871.5000,861.7500,869.2500,69955,869.2500
2020-06-26,869.0000,871.7500,862.7500,865.0000,97228,865.0000
2020-06-29,864.0000,869.5000,860.0000,866.5000,37709,866.5000
2020-06-30,865.0000,891.0000,864.0000,884.2500,10148,884.2500
2020-07-01,883.7500,898.5000,883.2500,893.7500,4084,893.7500
2020-07-02,893.7500,898.0000,890.2500,892.5000,791,892.5000
2020-07-06,897.5000,901.5000,897.0000,898.5000,762,898.5000
2020-07-07,894.0000,899.2500,894.0000,895.2500,285,895.2500
2020-07-08,891.2500,898.7500,891.2500,894.7500,371,894.7500
2020-07-09,903.0000,907.0000,898.2500,898.2500,171,898.2500
2020-07-10,898.5000,900.7500,888.7500,891.5000,67,891.5000
2020-07-13,888.0000,888.7500,876.5000,876.5000,21,876.5000
2020-07-14,882.2500,882.2500,882.2500,882.2500,30476,882.2500
2020-07-15,879.2500,887.5000,877.5000,886.2500,29421,886.2500
2020-07-16,887.5000,896.0000,886.7500,893.5000,29648,893.5000
2020-07-17,893.2500,898.7500,892.7500,898.0000,23350,898.0000
2020-07-20,898.5000,905.5000,897.0000,903.0000,27127,903.0000
2020-07-21,902.5000,902.5000,895.0000,896.5000,28322,896.5000
2020-07-22,896.5000,901.2500,892.0000,899.2500,26710,899.2500
2020-07-23,898.7500,907.0000,897.5000,906.2500,27924,906.2500
2020-07-24,906.0000,910.0000,901.5000,904.7500,32453,904.7500
2020-07-27,904.0000,909.2500,901.5000,906.5000,30189,906.5000
2020-07-28,903.0000,903.0000,893.0000,896.7500,45927,896.7500
2020-07-29,896.7500,898.0000,891.5000,891.5000,46758,891.5000
2020-07-30,891.0000,893.5000,884.2500,891.7500,18187,891.7500
2020-07-31,893.5000,899.2500,893.5000,897.5000,5040,897.5000
2020-08-03,898.5000,903.0000,893.0000,897.5000,1059,897.5000
2020-08-04,893.5000,893.5000,881.0000,883.7500,1115,883.7500
2020-08-05,884.0000,884.0000,880.0000,882.0000,609,882.0000
2020-08-06,882.0000,886.0000,880.0000,880.7500,207,880.7500
2020-08-07,878.0000,878.7500,870.2500,870.2500,451,870.2500
2020-08-10,869.5000,878.2500,869.5000,876.5000,79,876.5000
2020-08-11,878.5000,879.5000,878.0000,878.0000,275,878.0000
2020-08-12,880.7500,890.5000,878.0000,890.5000,447,890.5000
2020-08-13,894.7500,910.5000,894.7500,907.2500,344,907.2500
2020-08-14,903.0000,903.5000,903.0000,903.5000,15669,903.5000
2020-08-17,899.5000,915.0000,899.0000,912.5000,26203,912.5000
2020-08-18,912.0000,914.7500,908.0000,912.0000,34101,912.0000
2020-08-19,910.5000,917.7500,907.7500,912.5000,15732,912.5000
2020-08-20,911.7500,914.0000,900.5000,903.0000,16782,903.0000
2020-08-21,904.5000,907.7500,899.5000,900.7500,26635,900.7500
2020-08-24,901.0000,907.7500,896.7500,899.7500,17315,899.7500
2020-08-25,905.0000,914.7500,905.0000,913.7500,22496,913.7500
2020-08-26,914.0000,920.2500,914.0000,919.5000,15086,919.5000
2020-08-27,919.7500,943.7500,919.5000,937.2500,16175,937.2500
2020-08-28,935.7500,952.5000,935.7500,950.5000,12103,950.5000
2020-08-31,960.2500,967.0000,950.7500,951.2500,1130,951.2500
2020-09-01,948.0000,956.5000,945.0000,955.0000,553,955.0000
2020-09-02,951.5000,962.5000,947.5000,962.5000,360,962.5000
2020-09-03,962.5000,968.7500,962.5000,968.7500,323,968.7500
2020-09-04,970.0000,971.0000,969.5000,969.5000,85,969.5000
2020-09-08,975.7500,975.7500,965.0000,973.0000,83,973.0000
2020-09-09,974.2500,979.7500,974.2500,979.7500,62,979.7500
2020-09-10,983.5000,986.2500,982.5000,985.0000,32,985.0000
2020-09-11,992.0000,1025.0000,992.0000,1005.5000,63,1005.5000
2020-09-14,1019.2500,1019.2500,1019.2500,1019.2500,137347,1019.2500
2020-09-15,1001.0000,1005.7500,990.2500,991.5000,135852,991.5000
2020-09-16,991.0000,1013.7500,985.0000,1011.2500,176360,1011.2500
2020-09-17,1011.5000,1032.2500,1005.0000,1028.5000,259968,1028.5000
2020-09-18,1028.0000,1046.7500,1027.2500,1043.5000,188266,1043.5000
2020-09-21,1041.0000,1045.2500,1020.5000,1022.5000,198261,1022.5000
2020-09-22,1020.2500,1037.0000,1013.2500,1019.7500,169336,1019.7500
2020-09-23,1020.5000,1025.5000,1011.0000,1014.5000,135269,1014.5000
2020-09-24,1012.5000,1014.7500,997.2500,1000.0000,175815,1000.0000
2020-09-25,999.0000,1008.0000,995.2500,1002.5000,115655,1002.5000
2020-09-28,1002.0000,1007.5000,991.5000,996.2500,117222,996.2500
2020-09-29,994.0000,997.7500,985.7500,993.0000,120596,993.0000
2020-09-30,992.2500,1034.7500,987.5000,1023.5000,220274,1023.5000
2020-10-01,1023.2500,1035.0000,1021.7500,1023.5000,141785,1023.5000
2020-10-02,1024.0000,1028.0000,1013.0000,1020.7500,136558,1020.7500
2020-10-05,1019.7500,1025.5000,1016.0000,1021.5000,112442,1021.5000
2020-10-06,1021.5000,1053.7500,1021.2500,1044.0000,212107,1044.0000
2020-10-07,1041.2500,1059.7500,1037.2500,1051.0000,236406,1051.0000
2020-10-08,1051.2500,1069.0000,1048.5000,1050.0000,239775,1050.0000
2020-10-09,1050.2500,1079.7500,1047.0000,1065.5000,264053,1065.5000
2020-10-12,1065.2500,1073.5000,1031.5000,1033.7500,262222,1033.7500
2020-10-13,1034.0000,1046.0000,1032.5000,1044.0000,171633,1044.0000
2020-10-14,1043.0000,1059.7500,1039.7500,1056.2500,161954,1056.2500
2020-10-15,1057.5000,1064.2500,1037.2500,1062.2500,158655,1062.2500
2020-10-16,1062.7500,1070.7500,1048.7500,1050.0000,138422,1050.0000
2020-10-19,1051.2500,1058.2500,1047.7500,1054.2500,117717,1054.2500
2020-10-20,1055.7500,1065.7500,1051.2500,1064.0000,120566,1064.0000
2020-10-21,1065.0000,1077.0000,1064.2500,1072.0000,127982,1072.0000
2020-10-22,1072.2500,1085.2500,1063.5000,1073.7500,149124,1073.7500
2020-10-23,1071.2500,1088.5000,1065.7500,1083.7500,173835,1083.7500
2020-10-26,1083.7500,1089.7500,1078.0000,1087.7500,111054,1087.7500
2020-10-27,1086.0000,1094.0000,1081.7500,1082.2500,111439,1082.2500
2020-10-28,1081.7500,1081.7500,1056.7500,1057.2500,100102,1057.2500
2020-10-29,1058.5000,1062.2500,1051.0000,1051.7500,63846,1051.7500
2020-10-30,1051.0000,1062.2500,1047.0000,1056.5000,12667,1056.5000
2020-11-02,1053.5000,1053.5000,1042.0000,1050.7500,3660,1050.7500
2020-11-03,1051.0000,1068.5000,1051.0000,1059.0000,2656,1059.0000
2020-11-04,1061.5000,1081.5000,1056.2500,1079.0000,1304,1079.0000
2020-11-05,1080.0000,1111.2500,1079.5000,1101.7500,2013,1101.7500
2020-11-06,1101.0000,1107.5000,1095.7500,1098.5000,1031,1098.5000
2020-11-09,1097.7500,1113.2500,1096.7500,1105.0000,808,1105.0000
2020-11-10,1106.7500,1145.2500,1102.2500,1138.2500,582,1138.2500
2020-11-11,1137.0000,1150.2500,1136.0000,1143.2500,489,1143.2500
2020-11-12,1136.2500,1140.7500,1132.2500,1137.0000,451,1137.0000
2020-11-13,1139.5000,1145.0000,1139.5000,1141.5000,118177,1141.5000
2020-11-16,1150.2500,1155.2500,1144.0000,1153.5000,93941,1153.5000
2020-11-17,1157.0000,1178.2500,1156.2500,1169.7500,148053,1169.7500
2020-11-18,1170.2500,1189.7500,1167.7500,1175.7500,165853,1175.7500
2020-11-19,1174.0000,1181.2500,1161.7500,1177.5000,130563,1177.5000
2020-11-20,1179.0000,1196.7500,1176.7500,1181.0000,149969,1181.0000
2020-11-23,1195.5000,1200.0000,1186.0000,1191.5000,113186,1191.5000
2020-11-24,1190.7500,1194.0000,1174.0000,1191.2500,126040,1191.2500
2020-11-25,1197.5000,1198.5000,1183.2500,1184.0000,85398,1184.0000
2020-11-27,1186.0000,1194.0000,1179.2500,1191.7500,49078,1191.7500
2020-11-30,1198.0000,1199.0000,1168.0000,1168.5000,127702,1168.5000
2020-12-01,1169.2500,1176.0000,1161.2500,1162.0000,109296,1162.0000
2020-12-02,1163.7500,1164.0000,1142.5000,1153.0000,134260,1153.0000
2020-12-03,1154.2500,1170.7500,1152.0000,1168.2500,93899,1168.2500
2020-12-04,1168.0000,1172.5000,1157.7500,1163.0000,98159,1163.0000
2020-12-07,1160.0000,1169.0000,1149.0000,1158.5000,165902,1158.5000
2020-12-08,1157.5000,1160.2500,1142.7500,1145.7500,176569,1145.7500
2020-12-09,1146.0000,1160.7500,1145.5000,1158.5000,121502,1158.5000
2020-12-10,1159.7500,1178.0000,1150.2500,1152.7500,202110,1152.7500
2020-12-11,1155.2500,1162.7500,1151.0000,1160.5000,129424,1160.5000
2020-12-14,1164.7500,1173.0000,1161.2500,1169.5000,101997,1169.5000
2020-12-15,1170.7500,1185.7500,1162.0000,1184.2500,128713,1184.2500
2020-12-16,1187.0000,1195.0000,1181.7500,1183.7500,122886,1183.7500
2020-12-17,1183.2500,1203.0000,1179.7500,1201.2500,125030,1201.2500
2020-12-18,1202.7500,1224.7500,1201.5000,1220.0000,110919,1220.0000
2020-12-21,1225.2500,1244.0000,1213.5000,1243.2500,129147,1243.2500
2020-12-22,1244.5000,1252.2500,1236.7500,1247.2500,102551,1247.2500
2020-12-23,1248.2500,1266.7500,1240.5000,1258.7500,93382,1258.7500
2020-12-24,1260.2500,1274.2500,1259.7500,1263.5000,41312,1263.5000
2020-12-28,1273.0000,1279.5000,1245.0000,1255.2500,56756,1255.2500
2020-12-29,1253.7500,1298.7500,1245.0000,1295.5000,43283,1295.5000
2020-12-30,1295.0000,1308.2500,1279.7500,1303.7500,24625,1303.7500
2020-12-31,1302.2500,1321.5000,1299.2500,1315.2500,3634,1315.2500
2021-01-04,1324.0000,1349.7500,1306.2500,1316.5000,2421,1316.5000
2021-01-05,1319.2500,1373.5000,1319.2500,1350.0000,1194,1350.0000
2021-01-06,1359.7500,1376.2500,1359.7500,1365.2500,880,1365.2500
2021-01-07,1368.0000,1368.0000,1347.0000,1360.5000,1097,1360.5000
2021-01-08,1366.5000,1383.7500,1366.0000,1375.7500,810,1375.7500
2021-01-11,1381.5000,1384.5000,1360.0000,1374.5000,365,1374.5000
2021-01-12,1377.2500,1430.0000,1367.5000,1422.0000,331,1422.0000
2021-01-13,1433.5000,1438.2500,1410.7500,1411.0000,242,1411.0000
2021-01-14,1413.0000,1436.5000,1413.0000,1436.5000,109224,1436.5000
2021-01-15,1432.2500,1434.5000,1413.5000,1416.7500,102084,1416.7500
2021-01-19,1419.0000,1421.2500,1383.2500,1385.7500,129335,1385.7500
2021-01-20,1384.5000,1384.5000,1352.0000,1369.5000,182300,1369.5000
2021-01-21,1369.0000,1387.0000,1365.5000,1370.2500,118977,1370.2500
2021-01-22,1367.0000,1367.0000,1305.2500,1311.7500,203991,1311.7500
2021-01-25,1308.7500,1352.2500,1298.0000,1343.5000,150390,1343.5000
2021-01-26,1348.2500,1376.5000,1333.5000,1370.2500,116570,1370.2500
2021-01-27,1376.0000,1394.7500,1364.5000,1374.7500,176959,1374.7500
2021-01-28,1371.7500,1391.2500,1345.5000,1353.2500,147312,1353.2500
2021-01-29,1353.2500,1376.7500,1335.5000,1370.0000,140139,1370.0000
2021-02-01,1375.0000,1383.0000,1349.2500,1365.2500,122610,1365.2500
2021-02-02,1366.0000,1372.0000,1341.5000,1354.7500,101229,1354.7500
2021-02-03,1354.5000,1372.5000,1342.5000,1371.2500,104412,1371.2500
2021-02-04,1374.0000,1381.5000,1364.5000,1372.5000,105595,1372.5000
2021-02-05,1370.7500,1382.7500,1365.5000,1366.7500,125252,1366.7500
2021-02-08,1368.7500,1392.5000,1364.7500,1387.7500,132805,1387.7500
2021-02-09,1391.0000,1409.5000,1377.5000,1401.7500,183992,1401.7500
2021-02-10,1404.5000,1404.7500,1352.2500,1354.0000,171264,1354.0000
2021-02-11,1352.7500,1379.7500,1337.2500,1367.5000,133481,1367.5000
2021-02-12,1368.5000,1377.2500,1362.0000,1372.0000,89711,1372.0000
2021-02-16,1385.7500,1394.0000,1373.7500,1384.7500,115890,1384.7500
2021-02-17,1386.2500,1390.0000,1376.2500,1383.7500,75855,1383.7500
2021-02-18,1385.0000,1391.2500,1370.0000,1375.0000,114634,1375.0000
2021-02-19,1376.2500,1388.7500,1366.5000,1377.2500,140822,1377.2500
2021-02-22,1384.7500,1388.5000,1371.0000,1383.7500,124120,1383.7500
2021-02-23,1383.7500,1425.0000,1380.7500,1406.0000,88637,1406.0000
2021-02-24,1407.2500,1426.5000,1406.7500,1423.7500,66143,1423.7500
2021-02-25,1423.5000,1443.0000,1391.7500,1406.0000,44673,1406.0000
2021-02-26,1404.0000,1408.2500,1380.0000,1405.2500,5701,1405.2500
2021-03-01,1415.7500,1422.0000,1392.0000,1392.5000,1258,1392.5000
2021-03-02,1395.0000,1416.0000,1383.5000,1414.0000,680,1414.0000
2021-03-03,1412.0000,1417.5000,1400.2500,1410.7500,619,1410.7500
2021-03-04,1418.7500,1441.0000,1409.5000,1415.2500,385,1415.2500
2021-03-05,1414.2500,1437.2500,1414.2500,1434.2500,171,1434.2500
2021-03-08,1447.0000,1453.5000,1436.0000,1437.7500,149,1437.7500
2021-03-09,1442.2500,1443.5000,1430.0000,1441.2500,186,1441.2500
2021-03-10,1441.2500,1441.5000,1411.2500,1411.5000,340,1411.5000
2021-03-11,1407.7500,1421.7500,1407.7500,1415.5000,180,1415.5000
2021-03-12,1425.0000,1425.0000,1395.7500,1415.7500,100480,1415.7500
2021-03-15,1409.2500,1423.7500,1402.0000,1419.5000,82218,1419.5000
2021-03-16,1420.0000,1425.0000,1412.7500,1423.2500,71215,1423.2500
2021-03-17,1424.0000,1425.2500,1408.0000,1417.7500,69409,1417.7500
2021-03-18,1417.2500,1419.0000,1390.5000,1392.2500,93486,1392.2500
2021-03-19,1391.0000,1418.2500,1390.0000,1416.2500,86775,1416.2500
2021-03-22,1418.7500,1423.7500,1405.2500,1417.5000,77293,1417.5000
2021-03-23,1418.7500,1435.0000,1414.2500,1423.2500,108200,1423.2500
2021-03-24,1421.7500,1433.5000,1418.2500,1432.7500,78103,1432.7500
2021-03-25,1430.7500,1431.7500,1410.5000,1414.2500,104662,1414.2500
2021-03-26,1414.0000,1419.0000,1399.0000,1400.5000,100389,1400.5000
2021-03-29,1400.5000,1402.7500,1383.0000,1393.0000,98533,1393.0000
2021-03-30,1393.0000,1394.7500,1364.2500,1366.7500,96925,1366.7500
2021-03-31,1368.7500,1436.7500,1364.7500,1436.7500,128593,1436.7500
2021-04-01,1444.0000,1456.2500,1398.5000,1402.0000,169783,1402.0000
2021-04-05,1410.0000,1421.0000,1405.2500,1412.7500,63975,1412.7500
2021-04-06,1412.7500,1431.0000,1412.5000,1418.7500,81203,1418.7500
2021-04-07,1420.5000,1427.5000,1403.7500,1408.7500,84843,1408.7500
2021-04-08,1408.7500,1422.5000,1404.5000,1415.2500,98187,1415.2500
2021-04-09,1416.0000,1419.0000,1400.7500,1403.0000,113734,1403.0000
2021-04-12,1403.2500,1407.2500,1379.5000,1382.0000,134732,1382.0000
2021-04-13,1385.2500,1398.7500,1378.0000,1389.5000,119433,1389.5000
2021-04-14,1391.5000,1416.2500,1389.2500,1410.0000,113554,1410.0000
2021-04-15,1410.0000,1421.0000,1407.5000,1418.2500,85081,1418.2500
2021-04-16,1419.0000,1437.7500,1418.0000,1433.2500,88555,1433.2500
2021-04-19,1439.7500,1454.5000,1434.7500,1449.7500,78228,1449.7500
2021-04-20,1450.5000,1485.5000,1450.0000,1472.0000,91627,1472.0000
2021-04-21,1475.0000,1499.7500,1467.5000,1497.2500,88608,1497.2500
2021-04-22,1498.7500,1543.0000,1498.2500,1533.2500,115383,1533.2500
2021-04-23,1534.0000,1549.7500,1520.0000,1539.7500,112190,1539.7500
2021-04-26,1548.7500,1573.0000,1540.5000,1569.0000,84662,1569.0000
2021-04-27,1572.2500,1608.7500,1548.0000,1549.7500,77706,1549.7500
2021-04-28,1545.2500,1589.0000,1524.2500,1557.7500,66001,1557.7500
2021-04-29,1549.0000,1573.7500,1538.0000,1542.5000,22542,1542.5000
2021-04-30,1534.0000,1573.5000,1527.5000,1571.0000,4669,1571.0000
2021-05-03,1579.0000,1600.0000,1553.5000,1560.2500,1617,1560.2500
2021-05-04,1571.0000,1590.7500,1571.0000,1577.0000,1618,1577.0000
2021-05-05,1591.2500,1591.2500,1573.7500,1582.0000,631,1582.0000
2021-05-06,1590.5000,1609.0000,1589.7500,1605.5000,588,1605.5000
2021-05-07,1614.5000,1630.2500,1602.5000,1621.0000,508,1621.0000
2021-05-10,1621.0000,1627.0000,1613.2500,1620.0000,396,1620.0000
2021-05-11,1614.5000,1650.2500,1608.2500,1637.5000,128,1637.5000
2021-05-12,1666.2500,1677.2500,1660.2500,1660.5000,172,1660.5000
2021-05-13,1657.0000,1657.0000,1598.0000,1612.2500,199,1612.2500
2021-05-14,1625.0000,1625.0000,1603.7500,1603.7500,104663,1603.7500
2021-05-17,1584.7500,1603.2500,1575.5000,1587.5000,84850,1587.5000
2021-05-18,1588.2500,1604.7500,1569.0000,1574.2500,100081,1574.2500
2021-05-19,1576.0000,1576.2500,1522.0000,1538.2500,125738,1538.2500
2021-05-20,1547.0000,1553.7500,1523.0000,1533.2500,74949,1533.2500
2021-05-21,1534.0000,1540.7500,1512.2500,1526.2500,87016,1526.2500
2021-05-24,1520.7500,1525.7500,1506.2500,1522.7500,78380,1522.7500
2021-05-25,1523.7500,1538.2500,1499.0000,1511.7500,98163,1511.7500
2021-05-26,1512.5000,1525.5000,1489.2500,1503.5000,101218,1503.5000
2021-05-27,1508.0000,1539.2500,1492.0000,1537.0000,87612,1537.0000
2021-05-28,1538.0000,1555.7500,1522.7500,1530.5000,74559,1530.5000
2021-06-01,1542.0000,1578.5000,1537.2500,1548.5000,97373,1548.5000
2021-06-02,1546.0000,1567.7500,1541.7500,1562.5000,93696,1562.5000
2021-06-03,1565.5000,1589.0000,1543.5000,1549.2500,91793,1549.2500
2021-06-04,1548.2500,1587.0000,1545.2500,1583.7500,80384,1583.7500
2021-06-07,1599.7500,1623.5000,1558.5000,1560.2500,145331,1560.2500
2021-06-08,1571.0000,1597.5000,1561.5000,1580.0000,141918,1580.0000
2021-06-09,1584.2500,1586.7500,1550.0000,1562.5000,117025,1562.5000
2021-06-10,1562.5000,1576.5000,1537.2500,1544.0000,144526,1544.0000
2021-06-11,1544.5000,1551.2500,1496.5000,1508.5000,155417,1508.5000
2021-06-14,1504.2500,1504.2500,1455.0000,1472.2500,106170,1472.2500
2021-06-15,1483.5000,1488.2500,1460.0000,1465.7500,103081,1465.7500
2021-06-16,1468.2500,1475.0000,1442.5000,1448.5000,74804,1448.5000
2021-06-17,1443.0000,1450.0000,1323.5000,1329.7500,121978,1329.7500
2021-06-18,1330.7500,1408.2500,1330.7500,1396.0000,100857,1396.0000
2021-06-21,1374.0000,1422.5000,1370.0000,1415.0000,64081,1415.0000
2021-06-22,1420.0000,1427.2500,1393.2500,1394.5000,67595,1394.5000
2021-06-23,1392.0000,1406.7500,1381.0000,1385.0000,65951,1385.0000
2021-06-24,1382.5000,1385.0000,1345.7500,1371.2500,57347,1371.2500
2021-06-25,1369.5000,1384.7500,1325.7500,1329.7500,97444,1329.7500
2021-06-28,1329.7500,1365.5000,1326.0000,1357.0000,51276,1357.0000
2021-06-29,1370.0000,1372.5000,1348.0000,1359.7500,20510,1359.7500
2021-06-30,1360.0000,1454.2500,1336.2500,1450.0000,4559,1450.0000
2021-07-01,1450.2500,1480.0000,1438.0000,1446.7500,2182,1446.7500
2021-07-02,1447.0000,1465.0000,1441.7500,1451.7500,1542,1451.7500
2021-07-06,1420.0000,1420.0000,1353.0000,1363.7500,586,1363.7500
2021-07-07,1399.0000,1402.0000,1366.7500,1386.5000,795,1386.5000
2021-07-08,1380.7500,1398.7500,1380.7500,1390.2500,507,1390.2500
2021-07-09,1387.5000,1404.5000,1387.5000,1404.0000,329,1404.0000
2021-07-12,1408.7500,1432.5000,1408.7500,1432.5000,105,1432.5000
2021-07-13,1436.0000,1449.2500,1434.0000,1438.0000,172,1438.0000
2021-07-14,1438.0000,1475.7500,1438.0000,1467.7500,36423,1467.7500
2021-07-15,1453.2500,1461.0000,1440.7500,1447.5000,30128,1447.5000
2021-07-16,1449.5000,1473.7500,1444.0000,1454.7500,31628,1454.7500
2021-07-19,1475.0000,1480.0000,1426.2500,1428.0000,24475,1428.0000
2021-07-20,1434.2500,1452.7500,1429.2500,1443.5000,33664,1443.5000
2021-07-21,1449.2500,1451.5000,1428.7500,1439.2500,21426,1439.2500
2021-07-22,1439.7500,1440.2500,1391.2500,1416.2500,30714,1416.2500
2021-07-23,1418.2500,1419.7500,1396.0000,1401.0000,23499,1401.0000
2021-07-26,1405.0000,1415.5000,1380.0000,1412.7500,25875,1412.7500
2021-07-27,1419.2500,1442.7500,1412.5000,1418.2500,22129,1418.2500
2021-07-28,1422.7500,1435.7500,1410.5000,1432.0000,21549,1432.0000
2021-07-29,1431.7500,1449.7500,1427.7500,1434.2500,17953,1434.2500
2021-07-30,1435.0000,1441.0000,1405.7500,1414.7500,2967,1414.7500
2021-08-02,1419.2500,1425.5000,1404.0000,1418.7500,1153,1418.7500
2021-08-03,1409.0000,1412.0000,1380.5000,1392.2500,2286,1392.2500
2021-08-04,1390.2500,1406.5000,1390.2500,1403.5000,2841,1403.5000
2021-08-05,1403.5000,1415.0000,1393.5000,1402.5000,1246,1402.5000
2021-08-06,1398.5000,1422.2500,1398.5000,1422.2500,957,1422.2500
2021-08-09,1426.0000,1443.7500,1418.5000,1433.7500,446,1433.7500
2021-08-10,1439.5000,1460.7500,1439.5000,1447.5000,812,1447.5000
2021-08-11,1448.5000,1466.0000,1403.0000,1405.5000,285,1405.5000
2021-08-12,1411.0000,1428.7500,1394.7500,1401.5000,37,1401.5000
2021-08-13,1408.7500,1434.5000,1408.7500,1424.2500,20560,1424.2500
2021-08-16,1373.2500,1385.5000,1367.7500,1376.0000,13440,1376.0000
2021-08-17,1379.5000,1386.5000,1365.0000,1369.0000,12021,1369.0000
2021-08-18,1370.0000,1372.7500,1352.7500,1358.2500,10179,1358.2500
2021-08-19,1358.0000,1358.0000,1316.7500,1323.0000,17626,1323.0000
2021-08-20,1324.2500,1337.2500,1281.5000,1293.7500,18268,1293.7500
2021-08-23,1293.0000,1311.7500,1290.5000,1294.0000,13922,1294.0000
2021-08-24,1301.2500,1343.5000,1294.2500,1337.0000,25598,1337.0000
2021-08-25,1337.0000,1355.5000,1329.0000,1346.0000,24442,1346.0000
2021-08-26,1345.0000,1373.7500,1341.5000,1367.5000,23771,1367.5000
2021-08-27,1364.2500,1368.2500,1324.0000,1359.2500,16506,1359.2500
2021-08-30,1357.2500,1359.2500,1297.0000,1304.7500,7248,1304.7500
2021-08-31,1310.0000,1312.7500,1293.0000,1298.7500,1682,1298.7500
2021-09-01,1291.5000,1291.5000,1272.5000,1277.7500,663,1277.7500
2021-09-02,1275.5000,1284.0000,1269.2500,1279.2500,354,1279.2500
2021-09-03,1290.5000,1290.5000,1283.0000,1283.0000,62,1283.0000
2021-09-07,1288.0000,1292.0000,1268.7500,1268.7500,31,1268.7500
2021-09-08,1270.7500,1272.2500,1269.5000,1270.7500,30,1270.7500
2021-09-09,1260.0000,1267.2500,1258.0000,1258.7500,175,1258.7500
2021-09-10,1261.2500,1280.5000,1259.0000,1275.2500,49,1275.2500
2021-09-13,1271.7500,1272.5000,1271.7500,1272.5000,22,1272.5000
2021-09-14,1283.5000,1283.5000,1276.5000,1276.5000,72169,1276.5000
2021-09-15,1283.5000,1296.0000,1276.0000,1294.5000,91389,1294.5000
2021-09-16,1296.5000,1308.0000,1291.2500,1296.0000,75853,1296.0000
2021-09-17,1295.5000,1298.5000,1278.2500,1284.0000,72388,1284.0000
2021-09-20,1285.0000,1286.0000,1262.0000,1262.5000,94112,1262.5000
2021-09-21,1263.0000,1275.5000,1257.5000,1274.0000,78941,1274.0000
2021-09-22,1274.5000,1285.0000,1270.2500,1282.7500,75666,1282.7500
2021-09-23,1282.5000,1290.2500,1275.7500,1284.2500,70612,1284.2500
2021-09-24,1283.2500,1290.0000,1278.2500,1285.0000,64911,1285.0000
2021-09-27,1284.0000,1297.0000,1282.0000,1287.5000,96607,1287.5000
2021-09-28,1286.7500,1287.0000,1275.0000,1277.0000,88017,1277.0000
2021-09-29,1276.2500,1288.5000,1272.7500,1283.7500,91807,1283.7500
2021-09-30,1282.0000,1295.0000,1249.0000,1256.0000,202394,1256.0000
2021-10-01,1255.0000,1262.2500,1242.0000,1246.5000,117447,1246.5000
2021-10-04,1242.7500,1247.7500,1235.0000,1235.7500,111356,1235.7500
2021-10-05,1234.2500,1256.2500,1231.0000,1250.5000,119391,1250.5000
2021-10-06,1250.0000,1255.5000,1239.2500,1242.0000,83888,1242.0000
2021-10-07,1242.0000,1249.5000,1233.5000,1247.2500,120772,1247.2500
2021-10-08,1246.5000,1262.5000,1242.0000,1243.0000,143586,1243.0000
2021-10-11,1240.5000,1251.2500,1227.0000,1228.2500,112209,1228.2500
2021-10-12,1226.5000,1230.7500,1194.7500,1198.2500,183780,1198.2500
2021-10-13,1198.5000,1211.2500,1184.5000,1195.2500,186725,1195.2500
2021-10-14,1196.0000,1207.7500,1193.5000,1206.2500,127035,1206.2500
2021-10-15,1205.7500,1221.0000,1202.0000,1217.7500,111808,1217.7500
2021-10-18,1218.0000,1225.2500,1210.0000,1221.5000,99058,1221.5000
2021-10-19,1220.5000,1239.2500,1216.2500,1228.0000,139462,1228.0000
2021-10-20,1227.7500,1249.5000,1224.7500,1245.5000,134395,1245.5000
2021-10-21,1243.2500,1249.5000,1222.0000,1224.0000,105786,1224.0000
2021-10-22,1224.0000,1230.5000,1217.0000,1220.5000,176315,1220.5000
2021-10-25,1218.7500,1238.2500,1216.0000,1237.2500,137468,1237.2500
2021-10-26,1236.2500,1246.2500,1230.0000,1238.0000,94349,1238.0000
2021-10-27,1237.2500,1257.5000,1227.0000,1239.2500,122469,1239.2500
2021-10-28,1238.5000,1249.5000,1229.5000,1233.7500,73201,1233.7500
2021-10-29,1230.2500,1242.0000,1227.7500,1235.7500,10990,1235.7500
2021-11-01,1236.2500,1246.5000,1225.0000,1236.7500,3899,1236.7500
2021-11-02,1236.5000,1250.2500,1234.7500,1244.0000,2003,1244.0000
2021-11-03,1242.2500,1245.0000,1228.5000,1231.5000,1263,1231.5000
2021-11-04,1230.5000,1233.2500,1205.5000,1209.2500,2676,1209.2500
2021-11-05,1210.0000,1211.2500,1191.0000,1192.2500,776,1192.2500
2021-11-08,1190.0000,1196.0000,1177.7500,1178.0000,596,1178.0000
2021-11-09,1178.0000,1213.7500,1171.2500,1199.5000,512,1199.5000
2021-11-10,1200.0000,1209.7500,1198.5000,1203.5000,825,1203.5000
2021-11-11,1204.5000,1217.0000,1200.0000,1212.2500,336,1212.2500
2021-11-12,1215.0000,1237.7500,1215.0000,1234.0000,104151,1234.0000
2021-11-15,1242.2500,1259.7500,1238.0000,1257.2500,94353,1257.2500
2021-11-16,1255.7500,1261.5000,1248.5000,1251.2500,80591,1251.2500
2021-11-17,1252.0000,1289.2500,1250.7500,1277.0000,146987,1277.0000
2021-11-18,1276.5000,1287.2500,1262.7500,1265.2500,103205,1265.2500
2021-11-19,1265.5000,1277.2500,1257.0000,1263.2500,78709,1263.2500
2021-11-22,1264.2500,1279.5000,1260.0000,1274.2500,70634,1274.2500
2021-11-23,1274.2500,1279.2500,1263.0000,1273.0000,65548,1273.0000
2021-11-24,1273.7500,1281.0000,1263.2500,1266.5000,72906,1266.5000
2021-11-26,1252.0000,1254.0000,1240.2500,1252.7500,88520,1252.7500
2021-11-29,1260.7500,1268.5000,1240.7500,1241.5000,82284,1241.5000
2021-11-30,1241.5000,1244.7500,1214.2500,1217.2500,132640,1217.2500
2021-12-01,1222.0000,1237.0000,1216.2500,1228.2500,105476,1228.2500
2021-12-02,1229.7500,1249.0000,1221.0000,1244.2500,94962,1244.2500
2021-12-03,1244.5000,1270.0000,1244.2500,1267.2500,94245,1267.2500
2021-12-06,1271.7500,1274.7500,1254.5000,1261.5000,75260,1261.5000
2021-12-07,1262.2500,1268.5000,1243.0000,1250.2500,171655,1250.2500
2021-12-08,1252.2500,1264.0000,1238.2500,1261.0000,122041,1261.0000
2021-12-09,1260.2500,1267.0000,1247.0000,1264.5000,102868,1264.5000
2021-12-10,1264.2500,1276.5000,1259.2500,1267.7500,112572,1267.7500
2021-12-13,1271.0000,1271.0000,1243.2500,1244.0000,116561,1244.0000
2021-12-14,1246.0000,1267.0000,1237.5000,1259.5000,102492,1259.5000
2021-12-15,1260.0000,1266.5000,1251.0000,1262.5000,91939,1262.5000
2021-12-16,1262.0000,1280.7500,1258.7500,1277.2500,115189,1277.2500
2021-12-17,1276.2500,1297.5000,1274.7500,1285.2500,122742,1285.2500
2021-12-20,1289.5000,1296.2500,1278.5000,1292.2500,83928,1292.2500
2021-12-21,1292.0000,1313.5000,1286.5000,1308.0000,81517,1308.0000
2021-12-22,1306.0000,1333.2500,1304.7500,1328.7500,68991,1328.7500
2021-12-23,1326.0000,1334.0000,1321.0000,1332.0000,60005,1332.0000
2021-12-27,1337.5000,1363.5000,1333.7500,1362.5000,54478,1362.5000
2021-12-28,1360.5000,1375.7500,1354.0000,1359.2500,40328,1359.2500
2021-12-29,1359.5000,1364.2500,1345.5000,1356.5000,51167,1356.5000
2021-12-30,1354.7500,1358.0000,1323.2500,1327.7500,16224,1327.7500
2021-12-31,1328.5000,1337.7500,1328.0000,1328.7500,2572,1328.7500
2022-01-03,1340.2500,1357.0000,1332.0000,1344.0000,3434,1344.0000
2022-01-04,1346.0000,1380.5000,1346.0000,1378.7500,2450,1378.7500
2022-01-05,1377.7500,1387.7500,1372.0000,1384.2500,1101,1384.2500
2022-01-06,1380.0000,1382.0000,1363.0000,1377.2500,691,1377.2500
2022-01-07,1373.5000,1405.5000,1368.0000,1401.5000,254,1401.5000
2022-01-10,1394.0000,1396.0000,1374.7500,1374.7500,73,1374.7500
2022-01-11,1378.0000,1382.0000,1365.5000,1376.7500,57,1376.7500
2022-01-12,1373.5000,1391.7500,1370.0000,1391.2500,293,1391.2500
2022-01-13,1368.0000,1370.0000,1359.2500,1365.2500,415,1365.2500
2022-01-14,1356.7500,1356.7500,1356.7500,1356.7500,86045,1356.7500
2022-01-18,1360.0000,1368.7500,1349.7500,1361.2500,124254,1361.2500
2022-01-19,1363.5000,1392.5000,1363.5000,1391.2500,107595,1391.2500
2022-01-20,1388.2500,1429.5000,1387.5000,1425.7500,149817,1425.7500
2022-01-21,1420.0000,1426.0000,1405.2500,1414.2500,104361,1414.2500
2022-01-24,1419.5000,1423.7500,1382.5000,1403.0000,134866,1403.0000
2022-01-25,1405.0000,1413.7500,1393.2500,1407.2500,107870,1407.2500
2022-01-26,1405.7500,1443.7500,1393.7500,1440.0000,139954,1440.0000
2022-01-27,1436.0000,1456.5000,1428.5000,1448.2500,143879,1448.2500
2022-01-28,1446.5000,1479.0000,1441.5000,1470.0000,148673,1470.0000
2022-01-31,1474.0000,1496.7500,1473.5000,1490.5000,111725,1490.5000
2022-02-01,1490.0000,1539.0000,1485.0000,1528.5000,157814,1528.5000
2022-02-02,1528.0000,1564.0000,1526.0000,1545.2500,175949,1545.2500
2022-02-03,1544.0000,1560.0000,1529.0000,1544.2500,133829,1544.2500
2022-02-04,1544.5000,1560.2500,1532.0000,1553.5000,116119,1553.5000
2022-02-07,1571.0000,1589.5000,1565.2500,1581.7500,178009,1581.7500
2022-02-08,1585.0000,1586.5000,1559.0000,1569.0000,176069,1569.0000
2022-02-09,1570.5000,1599.5000,1566.5000,1594.7500,190630,1594.7500
2022-02-10,1594.7500,1633.0000,1565.5000,1574.2500,255540,1574.2500
2022-02-11,1573.0000,1594.7500,1563.5000,1583.0000,184659,1583.0000
2022-02-14,1587.0000,1599.5000,1551.5000,1570.0000,125494,1570.0000
2022-02-15,1569.2500,1577.0000,1542.2500,1551.2500,147743,1551.2500
2022-02-16,1552.2500,1589.7500,1547.0000,1587.5000,100187,1587.5000
2022-02-17,1585.2500,1606.0000,1576.5000,1592.0000,114032,1592.0000
2022-02-18,1590.5000,1608.5000,1587.5000,1601.5000,107148,1601.5000
2022-02-22,1609.0000,1641.2500,1602.2500,1635.0000,117091,1635.0000
2022-02-23,1637.5000,1679.5000,1636.5000,1675.0000,98545,1675.0000
2022-02-24,1676.2500,1765.0000,1656.0000,1661.5000,70087,1661.5000
2022-02-25,1661.5000,1678.5000,1585.5000,1590.2500,26189,1590.2500
2022-02-28,1642.5000,1660.7500,1621.0000,1644.2500,4729,1644.2500
2022-03-01,1648.2500,1709.0000,1648.2500,1705.5000,1432,1705.5000
2022-03-02,1708.0000,1708.0000,1668.0000,1677.5000,1342,1677.5000
2022-03-03,1690.2500,1707.5000,1680.2500,1680.2500,1585,1680.2500
2022-03-04,1684.0000,1700.2500,1659.2500,1676.2500,305,1676.2500
2022-03-07,1696.5000,1706.2500,1674.2500,1674.2500,298,1674.2500
2022-03-08,1674.5000,1708.0000,1674.2500,1704.5000,243,1704.5000
2022-03-09,1727.7500,1745.2500,1684.5000,1686.5000,566,1686.5000
2022-03-10,1687.7500,1716.2500,1681.2500,1700.0000,223,1700.0000
2022-03-11,1706.5000,1707.2500,1680.7500,1690.7500,333,1690.7500
2022-03-14,1708.0000,1710.0000,1687.2500,1687.2500,73458,1687.2500
2022-03-15,1674.0000,1674.0000,1638.0000,1658.7500,70449,1658.7500
2022-03-16,1661.0000,1681.2500,1645.2500,1649.2500,65232,1649.2500
2022-03-17,1649.2500,1677.5000,1647.2500,1668.5000,74317,1668.5000
2022-03-18,1669.7500,1689.0000,1651.5000,1668.0000,67110,1668.0000
2022-03-21,1673.0000,1710.0000,1666.7500,1691.0000,82394,1691.0000
2022-03-22,1692.7500,1720.7500,1686.0000,1696.5000,80750,1696.5000
2022-03-23,1695.5000,1736.5000,1691.0000,1718.7500,75495,1718.7500
2022-03-24,1722.2500,1730.0000,1697.5000,1700.7500,72414,1700.7500
2022-03-25,1702.0000,1714.2500,1684.7500,1710.2500,64501,1710.2500
2022-03-28,1703.0000,1710.0000,1661.0000,1664.2500,76627,1664.2500
2022-03-29,1662.5000,1673.0000,1622.0000,1643.0000,107185,1643.0000
2022-03-30,1644.0000,1683.7500,1638.7500,1664.0000,67718,1664.0000
2022-03-31,1666.7500,1680.0000,1613.5000,1618.2500,96368,1618.2500
2022-04-01,1620.7500,1628.5000,1580.7500,1582.7500,102861,1582.7500
2022-04-04,1584.0000,1606.0000,1576.7500,1602.2500,71525,1602.2500
2022-04-05,1605.0000,1635.2500,1604.2500,1631.0000,66277,1631.0000
2022-04-06,1630.0000,1643.0000,1615.0000,1619.5000,75082,1619.5000
2022-04-07,1620.0000,1652.7500,1614.7500,1645.5000,114549,1645.5000
2022-04-08,1647.7500,1689.7500,1645.5000,1689.0000,116406,1689.0000
2022-04-11,1691.0000,1697.5000,1651.5000,1655.2500,113893,1655.2500
2022-04-12,1658.7500,1682.7500,1657.0000,1670.2500,104828,1670.2500
2022-04-13,1672.2500,1681.2500,1652.0000,1676.0000,117939,1676.0000
2022-04-14,1678.5000,1692.5000,1670.0000,1682.2500,78738,1682.2500
2022-04-18,1688.7500,1720.5000,1688.5000,1714.7500,83054,1714.7500
2022-04-19,1712.0000,1730.0000,1705.2500,1716.5000,71593,1716.5000
2022-04-20,1718.0000,1750.0000,1714.5000,1746.7500,89812,1746.7500
2022-04-21,1747.5000,1752.7500,1728.2500,1748.2500,86056,1748.2500
2022-04-22,1747.5000,1757.5000,1704.2500,1716.0000,85149,1716.0000
2022-04-25,1715.0000,1723.2500,1685.7500,1703.5000,76951,1703.5000
2022-04-26,1704.2500,1726.2500,1693.2500,1705.2500,59609,1705.2500
2022-04-27,1706.0000,1735.5000,1700.0000,1726.5000,49610,1726.5000
2022-04-28,1728.2500,1734.0000,1703.7500,1706.5000,26981,1706.5000
2022-04-29,1711.0000,1727.7500,1707.0000,1708.2500,3083,1708.2500
2022-05-02,1712.2500,1712.2500,1664.0000,1674.0000,1445,1674.0000
2022-05-03,1671.5000,1688.0000,1659.0000,1659.0000,706,1659.0000
2022-05-04,1659.5000,1672.7500,1652.5000,1669.7500,869,1669.7500
2022-05-05,1682.5000,1699.5000,1674.5000,1678.5000,843,1678.5000
2022-05-06,1671.0000,1674.0000,1654.0000,1655.5000,352,1655.5000
2022-05-09,1652.5000,1652.5000,1615.2500,1621.0000,309,1621.0000
2022-05-10,1626.0000,1641.5000,1623.5000,1630.0000,395,1630.0000
2022-05-11,1629.0000,1658.0000,1629.0000,1650.2500,319,1650.2500
2022-05-12,1641.5000,1664.2500,1635.5000,1660.2500,66,1660.2500
2022-05-13,1712.2500,1723.2500,1712.2500,1723.2500,83090,1723.2500
2022-05-16,1657.5000,1668.0000,1650.2500,1656.5000,63372,1656.5000
2022-05-17,1655.0000,1684.2500,1645.2500,1678.0000,76915,1678.0000
2022-05-18,1678.0000,1686.7500,1657.0000,1662.7500,86177,1662.7500
2022-05-19,1663.7500,1697.0000,1660.7500,1690.5000,102891,1690.5000
2022-05-20,1691.0000,1710.7500,1683.2500,1705.2500,90964,1705.2500
2022-05-23,1706.0000,1720.0000,1685.0000,1687.0000,87419,1687.0000
2022-05-24,1687.7500,1696.7500,1673.5000,1693.0000,78583,1693.0000
2022-05-25,1694.2500,1697.7500,1665.5000,1681.0000,82862,1681.0000
2022-05-26,1675.2500,1737.0000,1667.2500,1726.5000,144069,1726.5000
2022-05-27,1725.7500,1744.2500,1718.7500,1732.2500,93346,1732.2500
2022-05-31,1737.7500,1749.2500,1673.7500,1683.2500,147012,1683.2500
2022-06-01,1687.2500,1706.5000,1675.2500,1690.2500,104722,1690.2500
2022-06-02,1690.2500,1740.7500,1681.2500,1729.2500,111106,1729.2500
2022-06-03,1728.7500,1730.5000,1694.0000,1697.7500,86973,1697.7500
2022-06-06,1709.0000,1717.7500,1690.0000,1699.2500,82275,1699.2500
2022-06-07,1699.2500,1732.7500,1692.2500,1728.2500,147738,1728.2500
2022-06-08,1729.2500,1758.0000,1726.5000,1740.0000,138385,1740.0000
2022-06-09,1741.0000,1784.0000,1728.5000,1769.0000,172229,1769.0000
2022-06-10,1770.5000,1775.5000,1742.7500,1745.5000,140826,1745.5000
2022-06-13,1751.5000,1757.0000,1702.0000,1707.5000,125077,1707.5000
2022-06-14,1707.5000,1728.2500,1697.0000,1698.5000,100752,1698.5000
2022-06-15,1698.0000,1705.0000,1682.2500,1693.7500,101623,1693.7500
2022-06-16,1696.7500,1715.5000,1690.5000,1709.5000,70574,1709.5000
2022-06-17,1712.5000,1724.5000,1700.5000,1702.0000,84650,1702.0000
2022-06-21,1695.0000,1702.0000,1675.7500,1681.0000,100676,1681.0000
2022-06-22,1684.2500,1685.0000,1647.5000,1652.7500,102256,1652.7500
2022-06-23,1654.0000,1655.5000,1590.0000,1593.2500,128173,1593.2500
2022-06-24,1588.2500,1620.5000,1583.0000,1610.7500,92486,1610.7500
2022-06-27,1599.0000,1636.2500,1593.0000,1630.5000,69643,1630.5000
2022-06-28,1637.0000,1668.2500,1633.5000,1663.7500,59698,1663.7500
2022-06-29,1663.7500,1684.2500,1653.0000,1674.2500,35558,1674.2500
2022-06-30,1671.0000,1702.7500,1653.7500,1675.0000,6466,1675.0000
2022-07-01,1675.0000,1683.2500,1622.0000,1626.0000,5313,1626.0000
2022-07-05,1620.0000,1624.2500,1572.0000,1575.2500,2235,1575.2500
2022-07-06,1583.0000,1596.2500,1560.0000,1580.2500,2309,1580.2500
2022-07-07,1591.0000,1620.0000,1589.0000,1591.2500,744,1591.2500
2022-07-08,1602.2500,1635.0000,1596.2500,1630.2500,399,1630.2500
2022-07-11,1645.0000,1660.0000,1637.0000,1641.0000,384,1641.0000
2022-07-12,1650.0000,1656.0000,1592.5000,1592.7500,395,1592.7500
2022-07-13,1573.5000,1634.5000,1573.5000,1588.2500,60,1588.2500
2022-07-14,1659.7500,1659.7500,1561.7500,1610.0000,23094,1610.0000
2022-07-15,1477.5000,1490.0000,1456.2500,1466.0000,22609,1466.0000
2022-07-18,1478.2500,1513.5000,1465.5000,1497.2500,22423,1497.2500
2022-07-19,1498.5000,1499.5000,1456.0000,1477.2500,19403,1477.2500
2022-07-20,1476.0000,1477.0000,1446.0000,1449.0000,26111,1449.0000
2022-07-21,1449.5000,1457.5000,1413.5000,1418.5000,27254,1418.5000
2022-07-22,1420.0000,1444.7500,1407.7500,1434.5000,27240,1434.5000
2022-07-25,1450.0000,1474.0000,1433.7500,1473.0000,24846,1473.0000
2022-07-26,1481.0000,1535.5000,1481.0000,1532.7500,28936,1532.7500
2022-07-27,1532.0000,1582.7500,1531.2500,1578.7500,31657,1578.7500
2022-07-28,1581.0000,1621.0000,1578.7500,1609.2500,14499,1609.2500
2022-07-29,1609.2500,1671.0000,1609.2500,1637.0000,4783,1637.0000
2022-08-01,1650.0000,1650.0000,1577.7500,1594.2500,1378,1594.2500
2022-08-02,1589.0000,1607.5000,1565.0000,1569.2500,1342,1569.2500
2022-08-03,1569.7500,1586.7500,1545.7500,1558.0000,872,1558.0000
2022-08-04,1552.0000,1618.0000,1552.0000,1615.0000,396,1615.0000
2022-08-05,1624.7500,1624.7500,1598.2500,1614.7500,240,1614.7500
2022-08-08,1605.5000,1629.0000,1603.0000,1619.5000,350,1619.5000
2022-08-09,1632.0000,1693.2500,1632.0000,1693.2500,427,1693.2500
2022-08-10,1715.0000,1730.7500,1688.0000,1688.7500,239,1688.7500
2022-08-11,1690.0000,1737.7500,1690.0000,1709.5000,93,1709.5000
2022-08-12,1682.5000,1696.0000,1669.2500,1669.2500,17217,1669.2500
2022-08-15,1521.0000,1530.7500,1464.2500,1494.0000,13073,1494.0000
2022-08-16,1490.2500,1494.5000,1443.7500,1454.2500,12286,1454.2500
2022-08-17,1454.7500,1479.0000,1454.0000,1475.2500,8838,1475.2500
2022-08-18,1475.0000,1499.7500,1467.2500,1495.5000,8579,1495.5000
2022-08-19,1496.7500,1499.2500,1475.7500,1488.7500,5821,1488.7500
2022-08-22,1484.2500,1534.5000,1478.0000,1527.0000,10433,1527.0000
2022-08-23,1530.0000,1581.0000,1528.2500,1566.7500,13082,1566.7500
2022-08-24,1568.7500,1596.0000,1553.2500,1560.7500,12242,1560.7500
2022-08-25,1560.0000,1575.7500,1550.2500,1552.5000,9648,1552.5000
2022-08-26,1553.2500,1614.0000,1552.0000,1605.2500,14850,1605.2500
2022-08-29,1606.2500,1612.2500,1530.5000,1534.7500,11281,1534.7500
2022-08-30,1534.5000,1538.5000,1480.0000,1513.0000,4540,1513.0000
2022-08-31,1514.7500,1524.5000,1493.2500,1507.5000,578,1507.5000
2022-09-01,1511.2500,1511.2500,1469.0000,1472.7500,697,1472.7500
2022-09-02,1480.0000,1518.5000,1480.0000,1510.5000,123,1510.5000
2022-09-06,1493.0000,1493.0000,1487.5000,1490.0000,82,1490.0000
2022-09-07,1485.2500,1503.7500,1466.7500,1466.7500,54,1466.7500
2022-09-08,1484.2500,1484.5000,1470.5000,1470.5000,59,1470.5000
2022-09-09,1481.0000,1489.2500,1481.0000,1489.2500,9,1489.2500
2022-09-12,1480.5000,1558.2500,1472.5000,1549.7500,25,1549.7500
2022-09-13,1556.0000,1556.0000,1525.0000,1534.2500,170,1534.2500
2022-09-14,1503.7500,1506.2500,1503.7500,1503.7500,110615,1503.7500
2022-09-15,1456.0000,1468.5000,1444.0000,1451.5000,100629,1451.5000
2022-09-16,1449.0000,1455.0000,1433.7500,1448.5000,85172,1448.5000
2022-09-19,1446.0000,1465.7500,1438.2500,1461.2500,88514,1461.2500
2022-09-20,1461.7500,1485.5000,1450.7500,1478.7500,107521,1478.7500
2022-09-21,1476.5000,1488.7500,1459.5000,1461.2500,95500,1461.2500
2022-09-22,1456.5000,1476.0000,1448.7500,1457.0000,115426,1457.0000
2022-09-23,1455.0000,1456.0000,1420.5000,1425.7500,120138,1425.7500
2022-09-26,1424.5000,1433.7500,1408.2500,1411.2500,125611,1411.2500
2022-09-27,1411.2500,1437.2500,1407.0000,1408.0000,144461,1408.0000
2022-09-28,1409.0000,1412.5000,1390.7500,1408.7500,153869,1408.7500
2022-09-29,1408.7500,1423.7500,1403.2500,1410.7500,157471,1410.7500
2022-09-30,1410.5000,1425.7500,1363.2500,1364.7500,185769,1364.7500
2022-10-03,1364.0000,1376.5000,1361.2500,1374.0000,122444,1374.0000
2022-10-04,1373.7500,1395.0000,1371.7500,1383.5000,119917,1383.5000
2022-10-05,1382.7500,1385.2500,1362.5000,1369.7500,108763,1369.7500
2022-10-06,1369.5000,1376.7500,1350.0000,1358.0000,110344,1358.0000
2022-10-07,1358.0000,1373.5000,1350.7500,1367.0000,140543,1367.0000
2022-10-10,1367.0000,1398.7500,1366.5000,1374.0000,196819,1374.0000
2022-10-11,1373.2500,1385.2500,1365.2500,1376.2500,126082,1376.2500
2022-10-12,1373.0000,1414.0000,1367.5000,1396.0000,220285,1396.0000
2022-10-13,1394.5000,1405.0000,1378.7500,1395.7500,145762,1395.7500
2022-10-14,1394.0000,1410.0000,1382.7500,1383.7500,123738,1383.7500
2022-10-17,1381.5000,1395.0000,1376.2500,1385.2500,116449,1385.2500
2022-10-18,1383.0000,1390.0000,1364.2500,1372.0000,143267,1372.0000
2022-10-19,1371.7500,1378.5000,1357.0000,1372.5000,105181,1372.5000
2022-10-20,1371.0000,1396.5000,1370.2500,1391.5000,130958,1391.5000
2022-10-21,1390.2500,1398.5000,1375.5000,1395.5000,116214,1395.5000
2022-10-24,1393.0000,1393.0000,1368.2500,1372.0000,118812,1372.0000
2022-10-25,1372.0000,1386.5000,1366.0000,1382.0000,98749,1382.0000
2022-10-26,1381.5000,1397.7500,1378.7500,1381.7500,107710,1381.7500
2022-10-27,1381.2500,1394.7500,1378.2500,1382.2500,79221,1382.2500
2022-10-28,1382.0000,1390.7500,1370.0000,1387.7500,66790,1387.7500
2022-10-31,1400.0000,1411.2500,1385.5000,1407.0000,10073,1407.0000
2022-11-01,1405.5000,1436.5000,1403.7500,1435.7500,5327,1435.7500
2022-11-02,1434.5000,1445.0000,1421.2500,1440.0000,2357,1440.0000
2022-11-03,1435.5000,1440.0000,1416.5000,1426.7500,989,1426.7500
2022-11-04,1424.2500,1453.7500,1424.2500,1451.5000,473,1451.5000
2022-11-07,1445.0000,1457.5000,1439.0000,1440.0000,1472,1440.0000
2022-11-08,1440.7500,1446.0000,1436.0000,1444.0000,1250,1444.0000
2022-11-09,1444.5000,1460.7500,1435.5000,1459.7500,820,1459.7500
2022-11-10,1464.0000,1465.0000,1430.2500,1430.5000,510,1430.5000
2022-11-11,1439.0000,1463.7500,1439.0000,1455.5000,236,1455.5000
2022-11-14,1460.0000,1460.0000,1435.7500,1441.7500,78858,1441.7500
2022-11-15,1440.0000,1464.7500,1432.5000,1457.2500,99988,1457.2500
2022-11-16,1454.7500,1455.0000,1423.2500,1429.2500,96622,1429.2500
2022-11-17,1430.0000,1431.7500,1406.7500,1417.0000,88314,1417.0000
2022-11-18,1419.0000,1430.7500,1412.2500,1428.2500,63078,1428.2500
2022-11-21,1427.2500,1438.0000,1417.2500,1436.7500,69911,1436.7500
2022-11-22,1436.0000,1443.5000,1428.2500,1429.7500,69272,1429.7500
2022-11-23,1431.5000,1441.0000,1422.2500,1436.0000,67115,1436.0000
2022-11-25,1436.7500,1448.0000,1431.0000,1436.2500,41566,1436.2500
2022-11-28,1428.2500,1461.7500,1424.0000,1457.2500,102364,1457.2500
2022-11-29,1454.7500,1468.5000,1449.0000,1459.5000,91119,1459.5000
2022-11-30,1457.2500,1478.5000,1457.2500,1469.5000,93201,1469.5000
2022-12-01,1466.0000,1469.7500,1425.2500,1429.7500,134068,1429.7500
2022-12-02,1432.0000,1443.0000,1425.5000,1438.5000,91648,1438.5000
2022-12-05,1440.5000,1451.0000,1435.2500,1437.7500,82713,1437.7500
2022-12-06,1437.5000,1472.5000,1437.0000,1455.0000,126974,1455.0000
2022-12-07,1456.0000,1478.0000,1455.7500,1472.0000,145108,1472.0000
2022-12-08,1471.0000,1492.2500,1468.0000,1486.2500,141915,1486.2500
2022-12-09,1484.2500,1492.7500,1477.7500,1483.7500,96091,1483.7500
2022-12-12,1483.5000,1483.5000,1457.7500,1460.5000,125861,1460.5000
2022-12-13,1461.2500,1487.7500,1460.7500,1479.7500,145783,1479.7500
2022-12-14,1479.5000,1487.0000,1468.0000,1482.2500,112117,1482.2500
2022-12-15,1481.0000,1486.0000,1468.0000,1473.5000,97511,1473.5000
2022-12-16,1473.5000,1486.0000,1465.5000,1480.0000,69325,1480.0000
2022-12-19,1470.0000,1476.0000,1460.0000,1460.7500,101717,1460.7500
2022-12-20,1461.7500,1486.7500,1460.2500,1478.5000,111696,1478.5000
2022-12-21,1477.0000,1489.0000,1475.2500,1481.0000,84786,1481.0000
2022-12-22,1480.0000,1484.0000,1463.5000,1467.7500,75905,1467.7500
2022-12-23,1468.7500,1484.0000,1466.2500,1479.0000,52836,1479.0000
2022-12-27,1490.0000,1516.7500,1478.2500,1482.2500,61925,1482.2500
2022-12-28,1483.5000,1509.7500,1482.7500,1506.5000,42705,1506.5000
2022-12-29,1504.7500,1516.2500,1501.2500,1508.7500,27307,1508.7500
2022-12-30,1508.0000,1532.2500,1507.7500,1519.2500,7092,1519.2500
2023-01-03,1519.2500,1523.2500,1485.0000,1487.2500,2951,1487.2500
2023-01-04,1491.7500,1496.2500,1477.2500,1478.2500,2200,1478.2500
2023-01-05,1481.2500,1481.2500,1462.0000,1466.7500,1169,1466.7500
2023-01-06,1471.7500,1503.2500,1471.7500,1501.5000,2024,1501.5000
2023-01-09,1506.0000,1513.0000,1502.0000,1503.5000,446,1503.5000
2023-01-10,1501.5000,1518.5000,1501.5000,1510.0000,350,1510.0000
2023-01-11,1515.2500,1520.5000,1510.0000,1515.0000,617,1515.0000
2023-01-12,1511.5000,1541.7500,1511.5000,1529.5000,491,1529.5000
2023-01-13,1525.0000,1538.2500,1525.0000,1538.2500,104971,1538.2500
2023-01-17,1518.7500,1541.0000,1512.5000,1539.7500,118314,1539.7500
2023-01-18,1537.0000,1548.5000,1511.2500,1524.5000,133372,1524.5000
2023-01-19,1523.5000,1528.5000,1509.0000,1514.7500,124401,1514.7500
2023-01-20,1514.2500,1521.7500,1504.0000,1506.5000,98916,1506.5000
2023-01-23,1500.0000,1503.0000,1479.7500,1490.2500,134889,1490.2500
2023-01-24,1491.5000,1506.5000,1487.0000,1488.5000,129464,1488.5000
2023-01-25,1488.2500,1504.7500,1478.2500,1502.5000,119104,1502.5000
2023-01-26,1506.5000,1526.2500,1500.0000,1523.5000,123245,1523.5000
2023-01-27,1521.7500,1527.0000,1506.5000,1509.5000,101755,1509.5000
2023-01-30,1516.2500,1538.0000,1516.2500,1535.2500,123619,1535.2500
2023-01-31,1533.5000,1543.7500,1524.5000,1538.0000,126434,1538.0000
2023-02-01,1537.5000,1542.7500,1510.7500,1520.2500,129978,1520.2500
2023-02-02,1522.7500,1537.7500,1522.5000,1534.2500,99742,1534.2500
2023-02-03,1533.5000,1539.7500,1524.7500,1532.0000,101436,1532.0000
2023-02-06,1532.0000,1535.5000,1516.7500,1521.2500,131712,1521.2500
2023-02-07,1521.0000,1530.5000,1511.0000,1515.2500,164240,1515.2500
2023-02-08,1516.0000,1527.7500,1505.7500,1519.7500,177793,1519.7500
2023-02-09,1518.5000,1533.7500,1512.0000,1519.2500,189473,1519.2500
2023-02-10,1518.0000,1543.2500,1515.5000,1542.5000,173799,1542.5000
2023-02-13,1542.0000,1555.5000,1537.0000,1542.7500,162409,1542.7500
2023-02-14,1542.0000,1544.7500,1532.7500,1537.5000,115529,1537.5000
2023-02-15,1536.5000,1537.0000,1516.5000,1525.7500,132117,1525.7500
2023-02-16,1525.2500,1532.2500,1520.5000,1526.5000,115376,1526.5000
2023-02-17,1526.0000,1533.2500,1524.2500,1527.2500,93637,1527.2500
2023-02-21,1536.5000,1549.0000,1535.0000,1548.7500,115702,1548.7500
2023-02-22,1546.7500,1554.0000,1538.0000,1539.5000,90517,1539.5000
2023-02-23,1539.7500,1545.2500,1532.7500,1534.2500,85546,1534.2500
2023-02-24,1536.2500,1544.2500,1526.0000,1529.0000,71895,1529.0000
2023-02-27,1529.5000,1533.5000,1515.2500,1518.2500,43689,1518.2500
2023-02-28,1518.2500,1518.2500,1489.5000,1490.5000,9027,1490.5000
2023-03-01,1491.5000,1509.5000,1491.5000,1504.2500,2793,1504.2500
2023-03-02,1504.5000,1526.5000,1501.5000,1519.7500,2029,1519.7500
2023-03-03,1519.5000,1537.0000,1519.2500,1530.5000,1607,1530.5000
2023-03-06,1528.7500,1550.0000,1523.7500,1541.0000,1130,1541.0000
2023-03-07,1538.0000,1538.0000,1523.7500,1525.2500,645,1525.2500
2023-03-08,1525.2500,1539.0000,1524.5000,1526.7500,272,1526.7500
2023-03-09,1529.5000,1535.5000,1516.0000,1520.0000,224,1520.0000
2023-03-10,1515.0000,1521.7500,1511.0000,1513.0000,467,1513.0000
2023-03-13,1521.7500,1524.7500,1500.0000,1500.0000,139,1500.0000
2023-03-14,1501.0000,1502.5000,1499.7500,1499.7500,108201,1499.7500
2023-03-15,1494.0000,1500.0000,1480.0000,1489.2500,115247,1489.2500
2023-03-16,1489.2500,1498.0000,1478.0000,1491.5000,107038,1491.5000
2023-03-17,1492.5000,1498.0000,1470.0000,1476.5000,119474,1476.5000
2023-03-20,1473.0000,1487.7500,1462.0000,1486.0000,122780,1486.0000
2023-03-21,1483.7500,1497.0000,1465.0000,1467.0000,101494,1467.0000
2023-03-22,1467.7500,1472.0000,1443.2500,1448.5000,141743,1448.5000
2023-03-23,1450.0000,1454.2500,1415.2500,1419.5000,157574,1419.5000
2023-03-24,1419.5000,1432.0000,1405.0000,1428.2500,143036,1428.2500
2023-03-27,1428.7500,1445.5000,1423.2500,1442.2500,98099,1442.2500
2023-03-28,1441.5000,1469.7500,1439.7500,1467.7500,122627,1467.7500
2023-03-29,1466.0000,1479.7500,1462.5000,1477.2500,105996,1477.2500
2023-03-30,1476.5000,1483.5000,1471.0000,1474.5000,110079,1474.5000
2023-03-31,1473.2500,1513.7500,1468.0000,1505.5000,167862,1505.5000
2023-04-03,1510.0000,1527.7500,1509.7500,1522.0000,121608,1522.0000
2023-04-04,1520.0000,1523.7500,1505.5000,1517.5000,112285,1517.5000
2023-04-05,1517.5000,1527.0000,1506.5000,1511.0000,124119,1511.0000
2023-04-06,1510.0000,1510.2500,1483.2500,1492.5000,0,1492.5000
2023-04-10,1493.2500,1499.7500,1482.5000,1487.2500,105039,1487.2500
2023-04-11,1487.7500,1507.5000,1486.2500,1497.2500,156745,1497.2500
2023-04-12,1497.5000,1510.5000,1491.0000,1504.2500,132897,1504.2500
2023-04-13,1504.2500,1522.2500,1500.5000,1501.0000,132337,1501.0000
2023-04-14,1502.0000,1503.7500,1490.0000,1500.5000,118382,1500.5000
2023-04-17,1500.5000,1519.0000,1496.2500,1517.0000,85451,1517.0000
2023-04-18,1515.7500,1531.5000,1511.0000,1519.2500,99155,1519.2500
2023-04-19,1517.2500,1521.5000,1506.0000,1506.5000,95853,1506.5000
2023-04-20,1505.0000,1506.0000,1488.2500,1497.5000,95685,1497.5000
2023-04-21,1497.0000,1500.0000,1480.0000,1483.5000,89795,1483.5000
2023-04-24,1483.5000,1500.0000,1463.2500,1465.2500,87803,1465.2500
2023-04-25,1463.5000,1471.2500,1437.7500,1445.2500,62592,1445.2500
2023-04-26,1445.2500,1456.5000,1434.0000,1436.0000,51187,1436.0000
2023-04-27,1435.0000,1443.0000,1420.7500,1426.7500,22194,1426.7500
2023-04-28,1432.7500,1449.0000,1425.0000,1444.2500,3373,1444.2500
2023-05-01,1444.5000,1455.2500,1441.0000,1454.7500,601,1454.7500
2023-05-02,1460.0000,1467.0000,1437.5000,1439.5000,634,1439.5000
2023-05-03,1435.0000,1449.0000,1422.0000,1448.0000,733,1448.0000
2023-05-04,1448.0000,1454.0000,1438.7500,1448.5000,424,1448.5000
2023-05-05,1452.0000,1470.0000,1452.0000,1469.0000,242,1469.0000
2023-05-08,1477.0000,1477.0000,1464.5000,1468.7500,267,1468.7500
2023-05-09,1467.7500,1467.7500,1448.7500,1451.7500,327,1451.7500
2023-05-10,1459.7500,1459.7500,1436.0000,1436.5000,106,1436.5000
2023-05-11,1437.7500,1446.0000,1420.0000,1443.2500,137,1443.2500
2023-05-12,1435.0000,1435.0000,1435.0000,1435.0000,124961,1435.0000
2023-05-15,1388.7500,1411.5000,1386.2500,1400.7500,111854,1400.7500
2023-05-16,1400.0000,1401.7500,1358.7500,1364.0000,149242,1364.0000
2023-05-17,1365.0000,1365.7500,1332.7500,1337.0000,145517,1337.0000
2023-05-18,1336.5000,1348.0000,1323.2500,1333.2500,124325,1333.2500
2023-05-19,1333.2500,1345.0000,1304.7500,1307.2500,135856,1307.2500
2023-05-22,1308.2500,1344.2500,1304.7500,1341.2500,143213,1341.2500
2023-05-23,1341.0000,1341.2500,1315.5000,1322.5000,111359,1322.5000
2023-05-24,1322.5000,1337.7500,1316.0000,1324.5000,95312,1324.5000
2023-05-25,1324.2500,1333.5000,1305.0000,1324.0000,131878,1324.0000
2023-05-26,1323.7500,1343.5000,1322.0000,1337.2500,104197,1337.2500
2023-05-30,1337.2500,1337.2500,1294.2500,1296.5000,128256,1296.5000
2023-05-31,1298.0000,1302.7500,1270.7500,1299.7500,137386,1299.7500
2023-06-01,1299.7500,1335.2500,1299.2500,1329.5000,132076,1329.5000
2023-06-02,1329.0000,1355.2500,1322.0000,1352.5000,120303,1352.5000
2023-06-05,1353.2500,1361.5000,1343.5000,1350.0000,98182,1350.0000
2023-06-06,1352.0000,1364.0000,1340.2500,1353.2500,129813,1353.2500
2023-06-07,1353.2500,1370.7500,1350.0000,1360.7500,143477,1360.7500
2023-06-08,1358.0000,1371.7500,1352.0000,1363.2500,152587,1363.2500
2023-06-09,1360.5000,1388.0000,1356.2500,1386.5000,142158,1386.5000
2023-06-12,1390.0000,1392.7500,1368.5000,1372.7500,122300,1372.7500
2023-06-13,1373.2500,1415.5000,1371.7500,1399.2500,161567,1399.2500
2023-06-14,1398.7500,1399.0000,1380.0000,1388.2500,124157,1388.2500
2023-06-15,1389.7500,1432.0000,1387.5000,1428.2500,144129,1428.2500
2023-06-16,1426.0000,1468.2500,1426.0000,1466.5000,158732,1466.5000
2023-06-20,1472.7500,1489.2500,1459.7500,1477.2500,126378,1477.2500
2023-06-21,1489.0000,1521.2500,1479.0000,1514.7500,105944,1514.7500
2023-06-22,1513.2500,1519.5000,1468.5000,1500.5000,100736,1500.5000
2023-06-23,1500.0000,1501.5000,1470.2500,1494.5000,83289,1494.5000
2023-06-26,1486.2500,1525.0000,1477.7500,1521.0000,51073,1521.0000
2023-06-27,1523.0000,1524.7500,1490.0000,1495.0000,50206,1495.0000
2023-06-28,1486.7500,1499.7500,1435.7500,1451.0000,34817,1451.0000
2023-06-29,1447.7500,1485.5000,1445.2500,1483.0000,23201,1483.0000
2023-06-30,1482.0000,1568.0000,1480.2500,1557.2500,5228,1557.2500
2023-07-03,1557.2500,1616.5000,1556.0000,1562.0000,1870,1562.0000
2023-07-05,1562.2500,1589.0000,1544.0000,1547.2500,1034,1547.2500
2023-07-06,1538.2500,1544.0000,1519.2500,1525.7500,507,1525.7500
2023-07-07,1523.5000,1523.5000,1480.0000,1485.5000,417,1485.5000
2023-07-10,1484.0000,1524.7500,1484.0000,1508.0000,94,1508.0000
2023-07-11,1515.7500,1533.5000,1515.7500,1520.5000,209,1520.5000
2023-07-12,1545.5000,1545.5000,1477.0000,1488.5000,132,1488.5000
2023-07-13,1489.0000,1518.0000,1489.0000,1518.0000,72,1518.0000
2023-07-14,1507.0000,1511.5000,1495.7500,1495.7500,27708,1495.7500
2023-07-17,1490.7500,1497.0000,1477.7500,1484.0000,25571,1484.0000
2023-07-18,1476.5000,1501.0000,1474.2500,1492.0000,26908,1492.0000
2023-07-19,1492.0000,1518.2500,1485.0000,1491.5000,33338,1491.5000
2023-07-20,1489.0000,1501.5000,1480.7500,1495.0000,28198,1495.0000
2023-07-21,1491.7500,1504.0000,1485.0000,1501.0000,28372,1501.0000
2023-07-24,1507.5000,1537.0000,1500.0000,1523.2500,29203,1523.2500
2023-07-25,1521.7500,1527.2500,1502.7500,1515.5000,25259,1515.5000
2023-07-26,1513.7500,1558.0000,1506.0000,1546.2500,30605,1546.2500
2023-07-27,1549.0000,1580.7500,1529.2500,1532.0000,25445,1532.0000
2023-07-28,1530.5000,1531.5000,1483.5000,1486.7500,13888,1486.7500
2023-07-31,1486.5000,1486.5000,1430.2500,1445.7500,2352,1445.7500
2023-08-01,1446.5000,1465.0000,1433.7500,1446.7500,2092,1446.7500
2023-08-02,1447.2500,1447.2500,1420.2500,1429.7500,744,1429.7500
2023-08-03,1431.0000,1445.0000,1424.7500,1428.7500,1505,1428.7500
2023-08-04,1446.0000,1446.0000,1434.0000,1444.0000,323,1444.0000
2023-08-07,1430.0000,1430.0000,1405.0000,1414.5000,212,1414.5000
2023-08-08,1400.2500,1431.2500,1395.0000,1430.0000,382,1430.0000
2023-08-09,1436.0000,1438.0000,1430.7500,1431.5000,104,1431.5000
2023-08-10,1431.7500,1438.5000,1410.0000,1412.0000,82,1412.0000
2023-08-11,1353.2500,1409.0000,1353.2500,1401.2500,25,1401.2500
2023-08-14,1422.0000,1422.0000,1391.0000,1391.0000,7906,1391.0000
2023-08-15,1344.2500,1348.7500,1319.5000,1323.2500,15884,1323.2500
2023-08-16,1323.7500,1344.2500,1321.2500,1334.7500,9256,1334.7500
2023-08-17,1337.0000,1347.7500,1332.5000,1336.7500,12549,1336.7500
2023-08-18,1338.0000,1365.5000,1337.7500,1362.7500,11335,1362.7500
2023-08-21,1369.0000,1386.7500,1364.5000,1370.0000,13759,1370.0000
2023-08-22,1369.5000,1381.0000,1341.7500,1351.5000,8855,1351.5000
2023-08-23,1350.2500,1362.2500,1333.7500,1359.5000,16285,1359.5000
2023-08-24,1359.5000,1370.7500,1352.0000,1365.7500,8107,1365.7500
2023-08-25,1364.0000,1382.0000,1361.2500,1381.0000,14320,1381.0000
2023-08-28,1388.2500,1400.7500,1383.7500,1395.2500,10112,1395.2500
2023-08-29,1382.7500,1394.0000,1380.5000,1382.0000,9140,1382.0000
2023-08-30,1378.5000,1391.7500,1366.7500,1381.2500,9727,1381.2500
2023-08-31,1381.0000,1381.0000,1360.0000,1360.0000,853,1360.0000
2023-09-01,1362.0000,1374.0000,1355.0000,1356.2500,422,1356.2500
2023-09-05,1359.5000,1359.5000,1348.0000,1349.0000,85,1349.0000
2023-09-06,1365.5000,1365.5000,1359.5000,1360.2500,102,1360.2500
2023-09-07,1349.5000,1350.0000,1345.0000,1345.0000,310,1345.0000
2023-09-08,1339.0000,1349.5000,1339.0000,1349.5000,198,1349.5000
2023-09-11,1352.5000,1352.5000,1352.0000,1352.5000,36,1352.5000
2023-09-12,1348.7500,1348.7500,1331.7500,1331.7500,274,1331.7500
2023-09-13,1325.5000,1336.0000,1325.5000,1336.0000,201,1336.0000
2023-09-14,1343.7500,1343.7500,1343.7500,1343.7500,138778,1343.7500
2023-09-15,1360.5000,1367.7500,1338.2500,1340.2500,114647,1340.2500
2023-09-18,1340.0000,1344.5000,1315.5000,1316.7500,137195,1316.7500
2023-09-19,1315.0000,1319.7500,1308.0000,1315.5000,138842,1315.5000
2023-09-20,1315.2500,1322.7500,1310.2500,1320.0000,112121,1320.0000
2023-09-21,1319.7500,1322.0000,1293.0000,1293.7500,140563,1293.7500
2023-09-22,1294.0000,1303.0000,1292.5000,1296.2500,121669,1296.2500
2023-09-25,1295.2500,1300.0000,1284.5000,1297.7500,101011,1297.7500
2023-09-26,1299.2500,1307.7500,1289.0000,1302.7500,135125,1302.7500
2023-09-27,1302.7500,1317.0000,1297.5000,1303.2500,146484,1303.2500
2023-09-28,1303.0000,1307.0000,1287.0000,1300.5000,151183,1300.5000
2023-09-29,1300.5000,1305.5000,1272.5000,1275.0000,169945,1275.0000
2023-10-02,1272.5000,1279.5000,1265.7500,1277.0000,156106,1277.0000
2023-10-03,1276.5000,1278.7500,1256.7500,1272.7500,191994,1272.7500
2023-10-04,1272.0000,1285.0000,1268.7500,1273.0000,126709,1273.0000
2023-10-05,1271.7500,1283.7500,1262.0000,1280.7500,143482,1280.7500
2023-10-06,1279.5000,1287.2500,1263.5000,1266.0000,156382,1266.0000
2023-10-09,1267.0000,1277.5000,1258.2500,1264.2500,162794,1264.2500
2023-10-10,1263.0000,1273.2500,1254.2500,1271.5000,161646,1271.5000
2023-10-11,1271.5000,1274.2500,1251.0000,1252.5000,185252,1252.5000
2023-10-12,1252.5000,1299.7500,1250.5000,1290.0000,235474,1290.0000
2023-10-13,1286.7500,1298.5000,1273.5000,1280.2500,139748,1280.2500
2023-10-16,1280.0000,1289.0000,1279.5000,1286.2500,111494,1286.2500
2023-10-17,1286.0000,1303.5000,1285.5000,1296.7500,135410,1296.7500
2023-10-18,1297.0000,1313.0000,1293.2500,1311.0000,163209,1311.0000
2023-10-19,1311.0000,1317.7500,1300.2500,1315.5000,182300,1315.5000
2023-10-20,1315.0000,1318.5000,1301.0000,1302.2500,143729,1302.2500
2023-10-23,1302.0000,1304.0000,1286.0000,1286.7500,119491,1286.7500
2023-10-24,1287.0000,1297.7500,1280.5000,1295.2500,125254,1295.2500
2023-10-25,1293.0000,1301.2500,1278.0000,1288.2500,111043,1288.2500
2023-10-26,1287.5000,1297.7500,1277.5000,1279.5000,105810,1279.5000
2023-10-27,1279.2500,1303.5000,1277.7500,1297.2500,108290,1297.2500
2023-10-30,1297.0000,1308.7500,1281.0000,1282.7500,77497,1282.7500
2023-10-31,1283.0000,1300.0000,1276.0000,1287.0000,7814,1287.0000
2023-11-01,1290.0000,1296.7500,1283.2500,1291.2500,2816,1291.2500
2023-11-02,1290.2500,1306.2500,1290.2500,1304.0000,1729,1304.0000
2023-11-03,1303.5000,1330.0000,1302.2500,1327.5000,2203,1327.5000
2023-11-06,1327.5000,1345.2500,1327.5000,1340.5000,1020,1340.5000
2023-11-07,1339.5000,1366.0000,1336.5000,1348.7500,2165,1348.7500
2023-11-08,1352.0000,1368.7500,1348.0000,1349.0000,217,1349.0000
2023-11-09,1351.0000,1353.5000,1326.5000,1327.7500,92,1327.7500
2023-11-10,1328.0000,1335.0000,1325.2500,1333.5000,163,1333.5000
2023-11-13,1335.0000,1369.0000,1333.7500,1368.0000,284,1368.0000
2023-11-14,1372.0000,1372.0000,1358.5000,1368.7500,121756,1368.7500
2023-11-15,1389.0000,1398.5000,1379.5000,1385.0000,112125,1385.0000
2023-11-16,1385.0000,1387.7500,1353.7500,1360.2500,139084,1360.2500
2023-11-17,1360.0000,1361.5000,1336.7500,1340.2500,125658,1340.2500
2023-11-20,1339.2500,1368.0000,1327.0000,1367.2500,126688,1367.2500
2023-11-21,1365.5000,1389.2500,1364.0000,1377.2500,131504,1377.2500
2023-11-22,1377.0000,1378.5000,1354.2500,1356.5000,123978,1356.5000
2023-11-24,1354.5000,1355.0000,1329.5000,1330.7500,79518,1330.7500
2023-11-27,1329.5000,1339.0000,1323.5000,1329.7500,108127,1329.7500
2023-11-28,1330.2500,1350.0000,1329.5000,1346.5000,122211,1346.5000
2023-11-29,1346.5000,1352.0000,1337.0000,1347.0000,110829,1347.0000
2023-11-30,1347.0000,1351.5000,1339.2500,1342.7500,106352,1342.7500
2023-12-01,1342.0000,1343.5000,1323.5000,1325.0000,133231,1325.0000
2023-12-04,1322.5000,1329.2500,1303.5000,1306.2500,145541,1306.2500
2023-12-05,1307.2500,1315.2500,1294.0000,1305.5000,127531,1305.5000
2023-12-06,1309.2500,1313.5000,1293.7500,1295.5000,114902,1295.5000
2023-12-07,1296.0000,1318.2500,1292.0000,1311.7500,142340,1311.7500
2023-12-08,1312.5000,1330.7500,1299.0000,1304.0000,143886,1304.0000
2023-12-11,1309.5000,1338.5000,1307.0000,1336.0000,156810,1336.0000
2023-12-12,1337.2500,1344.0000,1320.5000,1323.7500,151132,1323.7500
2023-12-13,1323.0000,1323.5000,1302.5000,1307.5000,134421,1307.5000
2023-12-14,1311.0000,1319.2500,1304.0000,1314.0000,92835,1314.0000
2023-12-15,1317.0000,1320.5000,1304.0000,1315.7500,104871,1315.7500
2023-12-18,1318.0000,1328.0000,1307.0000,1327.0000,105952,1327.0000
2023-12-19,1326.5000,1328.7500,1309.5000,1312.5000,136922,1312.5000
2023-12-20,1312.5000,1321.7500,1305.5000,1308.2500,101196,1308.2500
2023-12-21,1309.5000,1310.0000,1295.0000,1297.2500,71637,1297.2500
2023-12-22,1296.7500,1308.0000,1294.0000,1299.7500,52365,1299.7500
2023-12-26,1299.7500,1314.5000,1296.0000,1313.2500,34317,1313.2500
2023-12-27,1310.5000,1318.7500,1303.0000,1316.7500,37407,1316.7500
2023-12-28,1315.7500,1324.2500,1303.0000,1305.2500,23869,1305.2500
2023-12-29,1304.7500,1311.7500,1292.2500,1293.5000,6682,1293.5000
2024-01-02,1289.5000,1289.5000,1266.0000,1274.0000,2675,1274.0000
2024-01-03,1271.5000,1275.2500,1268.0000,1269.5000,2363,1269.5000
2024-01-04,1274.2500,1274.2500,1260.2500,1262.0000,353,1262.0000
2024-01-05,1261.2500,1261.2500,1249.7500,1249.7500,1000,1249.7500
2024-01-08,1252.7500,1252.7500,1233.2500,1239.5000,255,1239.5000
2024-01-09,1238.5000,1243.0000,1228.7500,1241.5000,158,1241.5000
2024-01-10,1241.5000,1241.5000,1228.7500,1228.7500,307,1228.7500
2024-01-11,1234.0000,1235.5000,1231.2500,1231.2500,220,1231.2500
2024-01-12,1239.7500,1240.2500,1205.7500,1205.7500,237245,1205.7500
2024-01-16,1227.0000,1237.7500,1220.7500,1227.2500,140122,1227.2500
2024-01-17,1227.2500,1231.0000,1205.0000,1205.7500,138322,1205.7500
2024-01-18,1206.0000,1216.0000,1201.0000,1213.5000,112771,1213.5000
2024-01-19,1213.0000,1227.0000,1210.7500,1213.2500,96455,1213.2500
2024-01-22,1216.7500,1225.7500,1209.5000,1224.2500,94437,1224.2500
2024-01-23,1224.2500,1240.5000,1221.5000,1239.5000,107718,1239.5000
2024-01-24,1239.0000,1246.0000,1235.2500,1240.2500,130579,1240.2500
2024-01-25,1240.0000,1247.5000,1215.5000,1223.0000,138526,1223.0000
2024-01-26,1223.5000,1230.7500,1208.5000,1209.2500,112232,1209.2500
2024-01-29,1210.7500,1212.5000,1191.5000,1194.2500,160776,1194.2500
2024-01-30,1193.7500,1221.2500,1187.7500,1218.7500,133600,1218.7500
2024-01-31,1218.7500,1223.0000,1206.7500,1222.2500,131031,1222.2500
2024-02-01,1221.2500,1221.7500,1199.5000,1203.2500,117651,1203.2500
2024-02-02,1203.2500,1208.2500,1186.7500,1188.5000,101687,1188.5000
2024-02-05,1190.0000,1198.5000,1179.5000,1196.2500,133159,1196.2500
2024-02-06,1196.0000,1205.5000,1193.7500,1199.5000,104104,1199.5000
2024-02-07,1199.0000,1202.0000,1179.2500,1189.0000,137235,1189.0000
2024-02-08,1187.0000,1204.7500,1180.5000,1193.5000,165204,1193.5000
2024-02-09,1195.0000,1198.0000,1181.5000,1183.5000,120117,1183.5000
2024-02-12,1183.7500,1196.7500,1182.5000,1193.0000,114463,1193.0000
2024-02-13,1191.7500,1197.5000,1183.0000,1186.2500,132884,1186.2500
2024-02-14,1186.2500,1190.0000,1168.2500,1170.5000,128628,1170.5000
2024-02-15,1168.0000,1174.7500,1160.2500,1162.2500,135571,1162.2500
2024-02-16,1163.7500,1173.7500,1162.2500,1172.2500,99941,1172.2500
2024-02-20,1177.7500,1188.5000,1174.0000,1179.0000,145020,1179.0000
2024-02-21,1179.0000,1179.2500,1157.5000,1160.7500,113652,1160.7500
2024-02-22,1161.0000,1167.2500,1146.7500,1147.7500,136672,1147.7500
2024-02-23,1148.0000,1154.0000,1130.2500,1133.0000,125088,1133.0000
2024-02-26,1137.0000,1142.2500,1124.7500,1136.0000,98731,1136.0000
2024-02-27,1136.0000,1152.2500,1128.7500,1131.2500,79533,1131.2500
2024-02-28,1132.2500,1144.5000,1124.7500,1134.0000,37481,1134.0000
2024-02-29,1132.0000,1136.0000,1115.0000,1128.2500,4459,1128.2500
2024-03-01,1128.2500,1143.5000,1126.7500,1143.0000,763,1143.0000
2024-03-04,1152.0000,1158.0000,1145.0000,1147.0000,404,1147.0000
2024-03-05,1147.0000,1147.0000,1138.7500,1140.7500,1080,1140.7500
2024-03-06,1138.5000,1140.2500,1132.2500,1140.2500,287,1140.2500
2024-03-07,1155.0000,1157.0000,1151.0000,1157.0000,443,1157.0000
2024-03-08,1157.0000,1170.5000,1145.5000,1170.5000,199,1170.5000
2024-03-11,1170.0000,1170.7500,1165.0000,1165.0000,42,1165.0000
2024-03-12,1167.0000,1182.0000,1167.0000,1182.0000,73,1182.0000
2024-03-13,1178.2500,1182.7500,1173.7500,1181.7500,24,1181.7500
2024-03-14,1182.0000,1198.5000,1180.7500,1180.7500,164064,1180.7500
2024-03-15,1194.5000,1200.0000,1183.5000,1198.2500,117888,1198.2500
2024-03-18,1198.5000,1206.0000,1186.7500,1187.7500,97550,1187.7500
2024-03-19,1188.0000,1192.2500,1181.0000,1185.5000,103620,1185.5000
2024-03-20,1185.5000,1211.7500,1183.5000,1209.5000,161255,1209.5000
2024-03-21,1209.0000,1226.7500,1204.0000,1212.0000,150049,1212.0000
2024-03-22,1211.0000,1211.2500,1189.2500,1192.5000,121895,1192.5000
2024-03-25,1194.0000,1210.0000,1188.5000,1209.2500,106767,1209.2500
2024-03-26,1207.5000,1208.0000,1197.7500,1199.0000,119009,1199.0000
2024-03-27,1196.7500,1198.0000,1189.5000,1192.5000,104399,1192.5000
2024-03-28,1191.7500,1199.5000,1177.0000,1191.5000,160360,1191.5000
2024-04-01,1196.2500,1201.7500,1181.5000,1185.7500,104397,1185.7500
2024-04-02,1185.5000,1199.7500,1171.0000,1174.0000,173481,1174.0000
2024-04-03,1175.5000,1186.7500,1168.5000,1182.2500,160346,1182.2500
2024-04-04,1182.2500,1186.7500,1170.2500,1180.0000,119935,1180.0000
2024-04-05,1178.0000,1190.7500,1173.0000,1185.0000,162613,1185.0000
2024-04-08,1187.7500,1193.2500,1180.5000,1181.5000,159389,1181.5000
2024-04-09,1181.5000,1184.2500,1172.0000,1174.5000,167029,1174.5000
2024-04-10,1174.7500,1180.7500,1163.0000,1164.7500,156535,1164.7500
2024-04-11,1163.7500,1166.2500,1151.0000,1159.2500,163734,1159.2500
2024-04-12,1158.5000,1179.7500,1154.0000,1174.0000,160130,1174.0000
2024-04-15,1173.2500,1176.0000,1155.5000,1158.2500,134465,1158.2500
2024-04-16,1157.2500,1163.0000,1143.2500,1145.0000,148376,1145.0000
2024-04-17,1145.0000,1155.2500,1141.7500,1149.5000,104230,1149.5000
2024-04-18,1149.0000,1149.7500,1133.0000,1134.2500,109349,1134.2500
2024-04-19,1134.0000,1153.0000,1131.7500,1150.5000,124590,1150.5000
2024-04-22,1147.7500,1167.0000,1144.5000,1161.0000,107395,1161.0000
2024-04-23,1161.0000,1169.0000,1158.0000,1167.5000,112266,1167.5000
2024-04-24,1166.5000,1177.5000,1164.0000,1166.0000,92302,1166.0000
2024-04-25,1164.7500,1166.5000,1150.5000,1162.7500,106684,1162.7500
2024-04-26,1162.2500,1164.0000,1155.0000,1159.5000,78879,1159.5000
2024-04-29,1158.5000,1171.7500,1157.0000,1160.7500,58269,1160.7500
2024-04-30,1158.7500,1163.0000,1141.0000,1145.5000,5743,1145.5000
2024-05-01,1145.0000,1156.2500,1141.0000,1155.7500,3404,1155.7500
2024-05-02,1155.7500,1200.0000,1155.7500,1190.0000,2408,1190.0000
2024-05-03,1193.0000,1202.0000,1193.0000,1201.7500,711,1201.7500
2024-05-06,1197.0000,1236.5000,1197.0000,1234.7500,486,1234.7500
2024-05-07,1234.5000,1240.5000,1230.0000,1232.2500,51,1232.2500
2024-05-08,1233.5000,1233.5000,1211.2500,1212.7500,87,1212.7500
2024-05-09,1216.5000,1218.0000,1192.5000,1192.7500,66,1192.7500
2024-05-10,1196.7500,1205.0000,1195.0000,1205.0000,82,1205.0000
2024-05-13,1205.5000,1205.5000,1205.5000,1205.5000,6,1205.5000
2024-05-14,1199.0000,1199.0000,1199.0000,1199.0000,115517,1199.0000
2024-05-15,1215.0000,1232.2500,1209.5000,1213.5000,124938,1213.5000
2024-05-16,1214.0000,1219.7500,1210.0000,1216.2500,99241,1216.2500
2024-05-17,1216.5000,1231.2500,1215.2500,1228.0000,133101,1228.0000
2024-05-20,1227.2500,1250.7500,1224.0000,1248.0000,171388,1248.0000
2024-05-21,1246.5000,1249.2500,1230.0000,1236.2500,126275,1236.2500
2024-05-22,1235.0000,1249.7500,1233.2500,1246.2500,125072,1246.2500
2024-05-23,1245.7500,1258.2500,1236.0000,1239.2500,136099,1239.2500
2024-05-24,1239.0000,1251.0000,1236.0000,1248.0000,107257,1248.0000
2024-05-28,1250.2500,1254.7500,1226.2500,1229.5000,140138,1229.5000
2024-05-29,1229.0000,1231.2500,1212.5000,1214.0000,123723,1214.0000
2024-05-30,1213.0000,1220.0000,1207.2500,1209.7500,107751,1209.7500
2024-05-31,1209.7500,1223.7500,1202.7500,1205.0000,106393,1205.0000
2024-06-03,1204.2500,1205.5000,1182.5000,1184.5000,119994,1184.5000
2024-06-04,1184.0000,1189.5000,1176.0000,1179.0000,145530,1179.0000
2024-06-05,1180.2500,1191.7500,1175.2500,1177.2500,154196,1177.2500
2024-06-06,1176.5000,1204.5000,1176.0000,1200.0000,162161,1200.0000
2024-06-07,1200.5000,1202.5000,1174.2500,1179.2500,175688,1179.2500
2024-06-10,1179.2500,1190.7500,1175.5000,1188.2500,139377,1188.2500
2024-06-11,1188.2500,1193.0000,1177.0000,1178.0000,160774,1178.0000
2024-06-12,1177.2500,1186.5000,1171.0000,1177.2500,161099,1177.2500
2024-06-13,1177.0000,1191.2500,1171.0000,1189.5000,149824,1189.5000
2024-06-14,1188.7500,1189.0000,1178.0000,1179.7500,132144,1179.7500
2024-06-17,1179.0000,1179.0000,1157.5000,1157.7500,138815,1157.7500
2024-06-18,1158.2500,1175.7500,1156.5000,1174.0000,148950,1174.0000
2024-06-20,1173.0000,1175.7500,1155.0000,1155.2500,146080,1155.2500
2024-06-21,1156.0000,1168.7500,1156.0000,1160.5000,111374,1160.5000
2024-06-24,1160.5000,1179.5000,1156.2500,1175.2500,88889,1175.2500
2024-06-25,1175.0000,1180.0000,1157.7500,1163.2500,83116,1163.2500
2024-06-26,1163.0000,1177.5000,1160.0000,1162.7500,67870,1162.7500
2024-06-27,1161.5000,1169.5000,1150.7500,1152.2500,32512,1152.2500
2024-06-28,1152.0000,1167.0000,1146.2500,1150.5000,4183,1150.5000
2024-07-01,1148.2500,1161.7500,1148.2500,1159.5000,1313,1159.5000
2024-07-02,1159.2500,1175.0000,1159.2500,1165.0000,1375,1165.0000
2024-07-03,1162.2500,1180.2500,1162.0000,1176.5000,924,1176.5000
2024-07-05,1172.2500,1191.5000,1172.2500,1188.5000,812,1188.5000
2024-07-08,1181.7500,1181.7500,1167.2500,1174.2500,985,1174.2500
2024-07-09,1177.0000,1185.0000,1160.0000,1161.5000,839,1161.5000
2024-07-10,1165.2500,1165.2500,1135.7500,1141.2500,698,1141.2500
2024-07-11,1145.0000,1145.0000,1137.0000,1142.7500,108,1142.7500
2024-07-12,1134.5000,1134.5000,1134.5000,1134.5000,41399,1134.5000
2024-07-15,1100.0000,1101.0000,1075.7500,1078.0000,35655,1078.0000
2024-07-16,1076.7500,1096.5000,1076.7500,1090.5000,37408,1090.5000
2024-07-17,1090.0000,1102.5000,1090.0000,1097.2500,41677,1097.2500
2024-07-18,1097.5000,1101.0000,1089.0000,1098.5000,35569,1098.5000
2024-07-19,1098.0000,1107.7500,1095.0000,1097.2500,25658,1097.2500
2024-07-22,1100.5000,1119.7500,1100.5000,1117.7500,40798,1117.7500
2024-07-23,1116.5000,1129.0000,1111.0000,1117.5000,51623,1117.5000
2024-07-24,1115.2500,1123.2500,1104.5000,1111.0000,34547,1111.0000
2024-07-25,1111.0000,1120.5000,1103.5000,1116.0000,38157,1116.0000
2024-07-26,1113.2500,1117.2500,1071.5000,1077.5000,61437,1077.5000
2024-07-29,1073.7500,1073.7500,1030.7500,1054.7500,37618,1054.7500
2024-07-30,1054.7500,1059.0000,1023.7500,1027.2500,16709,1027.2500
2024-07-31,1027.2500,1048.5000,1020.5000,1028.5000,2651,1028.5000
2024-08-01,1030.0000,1034.0000,1019.5000,1022.0000,1384,1022.0000
2024-08-02,1022.0000,1031.5000,1019.0000,1029.2500,633,1029.2500
2024-08-05,1040.0000,1045.0000,1021.5000,1044.2500,64,1044.2500
2024-08-06,1033.0000,1038.2500,1028.5000,1028.5000,694,1028.5000
2024-08-07,1020.7500,1023.2500,1017.2500,1020.2500,195,1020.2500
2024-08-08,1023.2500,1023.2500,1009.7500,1009.7500,172,1009.7500
2024-08-09,1018.0000,1028.0000,1014.5000,1028.0000,24,1028.0000
2024-08-12,1020.5000,1038.2500,1012.0000,1012.0000,12,1012.0000
2024-08-13,1003.0000,1003.0000,989.0000,989.0000,19,989.0000
2024-08-14,989.5000,989.7500,979.7500,979.7500,15972,979.7500
2024-08-15,951.7500,961.0000,950.5000,951.5000,15039,951.5000
2024-08-16,950.5000,952.5000,936.2500,938.7500,17420,938.7500
2024-08-19,938.0000,957.5000,938.0000,956.2500,15833,956.2500
2024-08-20,955.2500,966.2500,950.7500,957.2500,13630,957.2500
2024-08-21,957.0000,966.0000,955.5000,963.0000,12788,963.0000
2024-08-22,962.0000,963.0000,940.0000,941.2500,17660,941.2500
2024-08-23,941.7500,954.0000,941.2500,952.0000,16814,952.0000
2024-08-26,943.5000,961.2500,939.2500,959.7500,18427,959.7500
2024-08-27,959.0000,971.7500,957.0000,967.5000,13636,967.5000
2024-08-28,968.2500,969.5000,953.5000,958.5000,10273,958.5000
2024-08-29,957.2500,975.0000,957.0000,973.7500,10556,973.7500
2024-08-30,974.5000,987.5000,971.5000,982.0000,2055,982.0000
2024-09-03,978.7500,1007.5000,978.7500,997.0000,518,997.0000
2024-09-04,987.5000,1006.0000,987.5000,1006.0000,382,1006.0000
2024-09-05,999.5000,1008.2500,999.5000,1008.2500,309,1008.2500
2024-09-06,1008.0000,1008.0000,989.2500,989.2500,122,989.2500
2024-09-09,1000.2500,1000.2500,1000.0000,1000.0000,122,1000.0000
2024-09-10,980.2500,981.7500,977.5000,977.5000,59,977.5000
2024-09-11,978.2500,979.7500,978.2500,979.7500,25,979.7500
2024-09-12,987.5000,991.5000,987.5000,991.5000,4,991.5000
2024-09-13,986.7500,986.7500,986.7500,986.7500,120065,986.7500
2024-09-16,1005.0000,1012.0000,999.0000,1004.5000,79098,1004.5000
2024-09-17,1003.7500,1011.0000,1002.0000,1006.0000,80303,1006.0000
2024-09-18,1007.0000,1022.0000,1006.2500,1014.0000,147447,1014.0000
2024-09-19,1015.0000,1018.2500,1006.7500,1013.2500,116585,1013.2500
2024-09-20,1012.5000,1019.0000,1001.2500,1012.0000,128091,1012.0000
2024-09-23,1012.0000,1041.7500,1012.0000,1039.2500,220319,1039.2500
2024-09-24,1037.0000,1058.2500,1032.7500,1042.2500,206134,1042.2500
2024-09-25,1042.0000,1054.5000,1031.2500,1053.2500,175631,1053.2500
2024-09-26,1051.7500,1064.7500,1039.7500,1041.0000,191090,1041.0000
2024-09-27,1039.7500,1069.5000,1034.2500,1065.7500,237043,1065.7500
2024-09-30,1060.2500,1069.7500,1052.0000,1057.0000,167653,1057.0000
2024-10-01,1055.7500,1065.5000,1045.0000,1057.2500,165015,1057.2500
2024-10-02,1055.0000,1063.7500,1042.5000,1056.0000,158797,1056.0000
2024-10-03,1053.7500,1056.2500,1041.7500,1046.0000,126126,1046.0000
2024-10-04,1045.0000,1055.2500,1036.2500,1037.7500,136658,1037.7500
2024-10-07,1033.5000,1039.0000,1026.5000,1034.0000,170260,1034.0000
2024-10-08,1032.5000,1039.5000,1011.5000,1016.2500,215735,1016.2500
2024-10-09,1015.0000,1027.2500,1011.5000,1020.2500,185293,1020.2500
2024-10-10,1019.7500,1025.5000,1011.7500,1014.7500,158953,1014.7500
2024-10-11,1014.5000,1023.7500,1004.0000,1005.5000,213825,1005.5000
2024-10-14,1002.0000,1008.5000,995.5000,996.0000,165943,996.0000
2024-10-15,995.0000,996.0000,981.0000,991.0000,239187,991.0000
2024-10-16,991.0000,1001.5000,978.2500,980.0000,247535,980.0000
2024-10-17,978.7500,991.2500,968.2500,988.7500,236377,988.7500
2024-10-18,989.5000,995.5000,969.2500,970.0000,229536,970.0000
2024-10-21,970.0000,983.7500,969.0000,981.0000,184725,981.0000
2024-10-22,980.5000,997.0000,976.7500,991.7500,185249,991.7500
2024-10-23,992.0000,999.7500,985.0000,997.5000,157963,997.5000
2024-10-24,997.5000,1012.2500,994.2500,996.2500,190684,996.2500
2024-10-25,996.2500,996.2500,984.0000,987.7500,143812,987.7500
2024-10-28,984.0000,985.5000,973.5000,974.0000,109011,974.0000
2024-10-29,974.7500,980.5000,965.0000,965.2500,82001,965.2500
2024-10-30,965.0000,979.0000,963.7500,976.5000,57700,976.5000
2024-10-31,977.5000,985.5000,975.5000,982.5000,7820,982.5000
2024-11-01,984.2500,997.2500,978.2500,982.5000,3051,982.5000
2024-11-04,990.0000,995.0000,982.5000,987.2500,1524,987.2500
2024-11-05,992.2500,996.7500,991.0000,993.7500,629,993.7500
2024-11-06,991.7500,997.5000,973.0000,994.5000,391,994.5000
2024-11-07,997.0000,1015.5000,989.7500,1015.5000,545,1015.5000
2024-11-08,1015.0000,1030.0000,1006.0000,1016.7500,427,1016.7500
2024-11-11,1020.7500,1025.7500,1011.0000,1011.7500,212,1011.7500
2024-11-12,1011.7500,1011.7500,998.7500,1003.5000,209,1003.5000
2024-11-13,1001.2500,1004.2500,999.0000,1004.2500,86,1004.2500
2024-11-14,990.2500,990.2500,985.7500,985.7500,152378,985.7500
2024-11-15,988.0000,1005.2500,987.2500,998.5000,140153,998.5000
2024-11-18,1002.5000,1011.5000,989.5000,1009.7500,107221,1009.7500
2024-11-19,1009.7500,1012.7500,995.2500,998.5000,114559,998.5000
2024-11-20,998.5000,1001.5000,985.2500,990.5000,110520,990.5000
2024-11-21,991.0000,998.7500,976.2500,977.7500,145233,977.7500
2024-11-22,980.7500,985.2500,975.2500,983.5000,113875,983.5000
2024-11-25,987.5000,993.2500,983.0000,985.7500,100522,985.7500
2024-11-26,980.0000,991.2500,976.7500,983.5000,131739,983.5000
2024-11-27,984.0000,994.2500,983.2500,988.7500,134095,988.7500
2024-11-29,993.2500,998.0000,982.7500,989.5000,77392,989.5000
2024-12-02,989.5000,990.5000,977.5000,985.2500,124010,985.2500
2024-12-03,985.0000,999.0000,983.5000,991.7500,135065,991.7500
2024-12-04,991.5000,992.0000,980.5000,983.7500,113543,983.7500
2024-12-05,983.5000,994.7500,982.2500,993.7500,109222,993.7500
2024-12-06,993.0000,997.5000,987.7500,993.7500,150604,993.7500
2024-12-09,992.2500,1003.5000,985.7500,990.0000,155123,990.0000
2024-12-10,990.0000,1000.0000,988.5000,994.7500,162231,994.7500
2024-12-11,994.0000,1001.0000,988.0000,995.5000,177510,995.5000
2024-12-12,995.0000,998.2500,988.5000,995.7500,178084,995.7500
2024-12-13,994.2500,995.0000,986.0000,988.2500,97052,988.2500
2024-12-16,987.5000,993.5000,981.0000,982.0000,126195,982.0000
2024-12-17,982.5000,986.2500,970.5000,976.7500,170736,976.7500
2024-12-18,976.7500,977.5000,950.2500,951.7500,171410,951.7500
2024-12-19,950.2500,964.7500,945.2500,963.0000,170407,963.0000
2024-12-20,962.5000,977.5000,960.0000,974.5000,110119,974.5000
2024-12-23,974.5000,979.2500,968.0000,969.5000,73622,969.5000
2024-12-24,968.2500,975.7500,966.0000,975.2500,28802,975.2500
2024-12-26,979.0000,989.7500,975.0000,988.0000,70637,988.0000
2024-12-27,986.5000,989.2500,979.2500,980.0000,56059,980.0000
2024-12-30,983.5000,994.7500,974.7500,982.0000,39468,982.0000
2024-12-31,980.5000,999.5000,980.0000,998.2500,5238,998.2500
2025-01-02,996.5000,1004.0000,990.7500,999.5000,1299,999.5000
2025-01-03,1002.2500,1002.2500,978.7500,981.0000,912,981.0000
2025-01-06,982.7500,997.5000,982.7500,992.5000,598,992.5000
2025-01-07,991.0000,993.2500,982.5000,992.2500,265,992.2500
2025-01-08,994.0000,994.0000,985.7500,987.5000,308,987.5000
2025-01-09,982.7500,992.2500,980.5000,992.2500,168,992.2500
2025-01-10,992.0000,1018.5000,992.0000,1013.5000,435,1013.5000
2025-01-13,1022.0000,1044.0000,1021.5000,1041.5000,202,1041.5000
2025-01-14,1043.0000,1049.0000,1035.0000,1043.0000,220603,1043.0000
2025-01-15,1046.0000,1054.0000,1039.7500,1042.7500,139448,1042.7500
2025-01-16,1042.0000,1042.7500,1018.5000,1019.0000,162099,1019.0000
2025-01-17,1019.0000,1039.0000,1019.0000,1034.0000,189419,1034.0000
2025-01-21,1045.0000,1068.0000,1039.0000,1067.2500,215089,1067.2500
2025-01-22,1066.0000,1073.5000,1051.7500,1056.0000,214743,1056.0000
2025-01-23,1055.0000,1076.2500,1047.7500,1065.5000,148819,1065.5000
2025-01-24,1051.0000,1063.0000,1046.7500,1055.7500,177241,1055.7500
2025-01-27,1050.0000,1051.0000,1040.0000,1045.0000,127356,1045.0000
2025-01-28,1042.7500,1050.7500,1041.0000,1045.0000,129003,1045.0000
2025-01-29,1045.0000,1061.7500,1044.5000,1060.5000,128051,1060.5000
2025-01-30,1060.0000,1060.5000,1042.0000,1044.0000,135406,1044.0000
2025-01-31,1042.7500,1052.0000,1034.0000,1042.0000,154522,1042.0000
2025-02-03,1032.0000,1060.2500,1031.7500,1058.2500,164396,1058.2500
2025-02-04,1057.5000,1077.2500,1048.2500,1075.0000,182908,1075.0000
2025-02-05,1073.5000,1079.7500,1053.0000,1057.0000,166300,1057.0000
2025-02-06,1057.2500,1066.5000,1049.7500,1060.5000,129164,1060.5000
2025-02-07,1060.5000,1063.7500,1047.5000,1049.5000,154226,1049.5000
2025-02-10,1046.5000,1052.2500,1043.0000,1049.5000,128319,1049.5000
2025-02-11,1049.0000,1057.0000,1041.5000,1043.5000,149758,1043.5000
2025-02-12,1043.5000,1047.0000,1024.5000,1027.7500,171577,1027.7500
2025-02-13,1028.5000,1032.5000,1024.0000,1030.0000,147392,1030.0000
2025-02-14,1030.0000,1046.7500,1029.5000,1036.0000,120772,1036.0000
2025-02-18,1033.0000,1041.7500,1026.0000,1038.5000,123334,1038.5000
2025-02-19,1037.0000,1047.7500,1029.2500,1031.7500,133961,1031.7500
2025-02-20,1032.2500,1046.0000,1031.7500,1045.5000,112590,1045.5000
2025-02-21,1043.7500,1049.2500,1036.5000,1039.5000,115932,1039.5000
2025-02-24,1038.2500,1043.0000,1027.0000,1029.0000,101531,1029.0000
2025-02-25,1029.0000,1035.0000,1019.5000,1031.2500,117588,1031.2500
2025-02-26,1030.0000,1032.7500,1021.2500,1024.5000,74754,1024.5000
2025-02-27,1024.0000,1034.0000,1021.0000,1022.7500,37040,1022.7500
2025-02-28,1023.2500,1031.5000,1011.0000,1011.5000,1982,1011.5000
2025-03-03,1012.0000,1014.5000,995.2500,998.2500,2052,998.2500
2025-03-04,995.2500,1000.2500,978.0000,984.0000,928,984.0000
2025-03-05,991.0000,998.7500,983.2500,997.7500,276,997.7500
2025-03-06,999.0000,1019.2500,999.0000,1014.0000,416,1014.0000
2025-03-07,1011.0000,1015.0000,1010.0000,1010.2500,112,1010.2500
2025-03-10,1013.0000,1013.0000,999.7500,999.7500,89,999.7500
2025-03-11,998.0000,1006.2500,997.0000,997.7500,66,997.7500
2025-03-12,997.5000,997.5000,982.7500,987.5000,39,987.5000
2025-03-13,999.2500,999.2500,996.7500,996.7500,33,996.7500
2025-03-14,999.2500,999.2500,999.2500,999.2500,101125,999.2500
2025-03-17,1016.2500,1021.7500,1010.2500,1015.5000,80925,1015.5000
2025-03-18,1015.0000,1021.7500,1011.2500,1012.7500,100675,1012.7500
2025-03-19,1012.0000,1016.0000,1006.5000,1008.2500,124450,1008.2500
2025-03-20,1009.0000,1014.5000,1004.0000,1013.0000,117385,1013.0000
2025-03-21,1013.5000,1016.7500,1004.2500,1009.7500,101376,1009.7500
2025-03-24,1010.0000,1011.5000,1003.2500,1007.2500,88648,1007.2500
2025-03-25,1007.0000,1007.7500,998.2500,1001.7500,99523,1001.7500
2025-03-26,1002.7500,1008.7500,997.5000,1001.0000,103851,1001.0000
2025-03-27,1001.0000,1017.7500,999.7500,1016.7500,111192,1016.7500
2025-03-28,1015.0000,1023.5000,1009.0000,1023.0000,120885,1023.0000
2025-03-31,1023.0000,1031.5000,1013.2500,1014.7500,160036,1014.7500
2025-04-01,1014.7500,1034.7500,1010.5000,1034.2500,167012,1034.2500
2025-04-02,1032.0000,1033.0000,1024.5000,1029.5000,129992,1029.5000
2025-04-03,1011.0000,1020.2500,1005.2500,1011.5000,169499,1011.5000
2025-04-04,1011.0000,1012.7500,970.2500,977.0000,269757,977.0000
2025-04-07,971.7500,993.5000,969.5000,983.0000,272593,983.0000
2025-04-08,983.2500,1002.2500,982.5000,992.7500,216115,992.7500
2025-04-09,989.0000,1015.5000,987.5000,1012.7500,205523,1012.7500
2025-04-10,1015.2500,1029.5000,1010.7500,1029.0000,192962,1029.0000
2025-04-11,1026.5000,1044.5000,1021.7500,1042.7500,191945,1042.7500
2025-04-14,1040.7500,1049.5000,1036.7500,1041.7500,117322,1041.7500
2025-04-15,1040.5000,1041.2500,1030.7500,1036.0000,126985,1036.0000
2025-04-16,1035.2500,1045.7500,1028.0000,1038.7500,113594,1038.7500
2025-04-17,1038.0000,1045.2500,1032.0000,1036.5000,88269,1036.5000
2025-04-21,1039.7500,1043.7500,1029.0000,1029.5000,56324,1029.5000
2025-04-22,1030.7500,1039.5000,1030.0000,1035.0000,78848,1035.0000
2025-04-23,1037.5000,1046.0000,1034.2500,1040.2500,105262,1040.2500
2025-04-24,1042.0000,1055.0000,1039.0000,1053.0000,95258,1053.0000
2025-04-25,1053.0000,1058.0000,1046.7500,1049.7500,80595,1049.7500
2025-04-28,1049.5000,1054.0000,1041.5000,1052.0000,69123,1052.0000
2025-04-29,1051.5000,1052.7500,1034.7500,1041.0000,38351,1041.0000
2025-04-30,1040.5000,1042.5000,1028.2500,1034.7500,3242,1034.7500
2025-05-01,1034.5000,1043.0000,1027.0000,1040.2500,2080,1040.2500
2025-05-02,1039.5000,1051.5000,1039.5000,1048.7500,1388,1048.7500
2025-05-05,1044.5000,1046.5000,1037.0000,1038.0000,682,1038.0000
2025-05-06,1038.0000,1038.0000,1030.0000,1034.7500,282,1034.7500
2025-05-07,1038.0000,1045.0000,1030.0000,1030.5000,204,1030.5000
2025-05-08,1030.0000,1039.0000,1029.0000,1036.7500,61,1036.7500
2025-05-09,1036.5000,1048.0000,1036.5000,1044.0000,53,1044.0000
2025-05-12,1046.0000,1066.0000,1046.0000,1066.0000,75,1066.0000
2025-05-13,1069.0000,1071.0000,1067.2500,1067.2500,31,1067.2500
2025-05-14,1075.0000,1075.0000,1048.2500,1067.0000,124910,1067.0000
2025-05-15,1073.0000,1073.2500,1046.0000,1051.2500,172955,1051.2500
2025-05-16,1052.5000,1059.7500,1047.2500,1050.0000,114733,1050.0000
2025-05-19,1050.2500,1056.0000,1045.7500,1050.7500,78345,1050.7500
2025-05-20,1050.7500,1056.7500,1046.2500,1053.0000,92812,1053.0000
2025-05-21,1052.7500,1067.5000,1052.7500,1062.7500,129770,1062.7500
2025-05-22,1057.0000,1070.7500,1051.0000,1067.5000,114369,1067.5000
2025-05-23,1071.0000,1073.2500,1055.5000,1060.2500,105119,1060.2500
2025-05-27,1061.2500,1067.7500,1059.0000,1062.5000,85012,1062.5000
2025-05-28,1061.7500,1064.2500,1047.5000,1048.5000,94732,1048.5000
2025-05-29,1055.5000,1055.7500,1040.0000,1051.7500,121364,1051.7500
2025-05-30,1049.0000,1050.5000,1040.2500,1041.7500,103024,1041.7500
2025-06-02,1042.2500,1042.7500,1032.5000,1033.5000,110582,1033.5000
2025-06-03,1034.5000,1044.0000,1032.7500,1040.7500,103958,1040.7500
2025-06-04,1040.5000,1053.0000,1037.7500,1045.0000,136377,1045.0000
2025-06-05,1044.7500,1056.7500,1040.0000,1051.7500,0,1051.7500
2025-06-06,1050.7500,1060.5000,1047.0000,1057.2500,130387,1057.2500
2025-06-09,1057.5000,1061.7500,1053.5000,1056.0000,120715,1056.0000
2025-06-10,1057.2500,1063.7500,1055.7500,1057.7500,139464,1057.7500
2025-06-11,1057.7500,1062.7500,1049.2500,1050.5000,159137,1050.5000
2025-06-12,1049.0000,1056.2500,1038.5000,1042.2500,228330,1042.2500
2025-06-13,1042.2500,1071.0000,1040.7500,1069.7500,211601,1069.7500
2025-06-16,1069.5000,1079.2500,1064.2500,1069.7500,159294,1069.7500
2025-06-17,1069.7500,1075.2500,1063.7500,1074.0000,132731,1074.0000
2025-06-18,1072.2500,1079.7500,1069.5000,1074.7500,0,1074.7500
2025-06-20,1074.0000,1080.5000,1067.0000,1068.0000,104762,1068.0000
2025-06-23,1072.5000,1073.7500,1056.0000,1058.7500,105102,1058.7500
2025-06-24,1055.0000,1062.2500,1046.2500,1046.7500,98635,1046.7500
2025-06-25,1047.2500,1054.7500,1023.5000,1025.2500,114571,1025.2500
2025-06-26,1027.2500,1030.5000,1017.2500,1022.7500,61878,1022.7500
2025-06-27,1023.2500,1034.2500,1020.0000,1027.7500,26684,1027.7500
2025-06-30,1030.0000,1039.2500,1018.2500,1024.2500,5015,1024.2500
2025-07-01,1022.0000,1026.5000,1012.2500,1024.7500,1119,1024.7500
2025-07-02,1027.2500,1050.7500,1027.2500,1050.5000,863,1050.5000
2025-07-03,1055.2500,1061.5000,1050.5000,1056.2500,0,1056.2500
2025-07-07,1040.7500,1051.0000,1030.2500,1031.7500,1227,1031.7500
2025-07-08,1038.7500,1040.5000,1024.2500,1024.2500,239,1024.2500
2025-07-09,1023.5000,1023.5000,1012.2500,1012.2500,18,1012.2500
2025-07-10,1005.2500,1013.0000,1004.5000,1012.5000,48,1012.5000
2025-07-11,1012.5000,1015.5000,1004.0000,1004.0000,22,1004.0000
2025-07-14,1002.0000,1002.0000,997.0000,997.0000,41417,997.0000
2025-07-15,997.2500,1002.5000,993.0000,995.0000,31994,995.0000
2025-07-16,996.2500,1014.5000,996.0000,1013.5000,33432,1013.5000
2025-07-17,1012.5000,1022.5000,1009.5000,1021.5000,36536,1021.5000
2025-07-18,1021.2500,1037.2500,1020.2500,1027.7500,46931,1027.7500
2025-07-21,1024.0000,1028.5000,1011.5000,1015.0000,36572,1015.0000
2025-07-22,1016.0000,1017.5000,1005.0000,1010.2500,57095,1010.2500
2025-07-23,1010.5000,1019.2500,1004.7500,1005.7500,56306,1005.7500
2025-07-24,1005.0000,1010.7500,999.0000,1004.2500,68411,1004.2500
2025-07-25,1004.7500,1008.2500,996.5000,998.7500,50674,998.7500
2025-07-28,995.0000,996.2500,986.7500,988.7500,59017,988.7500
2025-07-29,987.7500,990.7500,976.7500,981.7500,51072,981.7500
2025-07-30,982.0000,984.0000,967.5000,967.7500,26906,967.7500
2025-07-31,970.2500,972.5000,960.7500,961.7500,2159,961.7500
2025-08-01,962.0000,965.2500,961.7500,961.7500,446,961.7500
2025-08-04,969.5000,970.2500,968.2500,969.0000,484,969.0000
2025-08-05,969.0000,970.2500,968.0000,969.0000,306,969.0000
2025-08-06,973.7500,977.5000,961.5000,961.5000,142,961.5000
2025-08-07,966.0000,971.7500,966.0000,971.7500,22,971.7500
2025-08-08,968.5000,975.7500,966.7500,966.7500,206,966.7500
2025-08-11,988.0000,991.7500,988.0000,989.5000,26,989.5000
2025-08-12,978.5000,1011.7500,975.0000,1011.7500,157,1011.7500
2025-08-13,1013.5000,1025.5000,1013.5000,1023.5000,59,1023.5000
2025-08-14,1008.5000,1008.5000,1008.5000,1008.5000,27617,1008.5000
2025-08-15,1008.5000,1023.0000,1005.7500,1022.2500,19843,1022.2500
2025-08-18,1021.5000,1027.0000,1014.2500,1020.7500,17318,1020.7500
2025-08-19,1021.5000,1025.2500,1009.7500,1013.0000,18605,1013.0000
2025-08-20,1013.0000,1019.2500,1011.0000,1015.0000,14436,1015.0000
2025-08-21,1015.0000,1035.2500,1011.5000,1034.5000,35172,1034.5000
2025-08-22,1032.7500,1040.5000,1030.5000,1036.5000,23422,1036.5000
2025-08-25,1036.0000,1039.5000,1023.5000,1025.5000,30733,1025.5000
2025-08-26,1025.0000,1034.5000,1019.5000,1028.7500,23442,1028.7500
2025-08-27,1028.2500,1033.2500,1024.0000,1027.2500,18842,1027.2500
2025-08-28,1027.7500,1030.7500,1019.5000,1028.2500,19385,1028.2500
2025-08-29,1028.0000,1037.0000,1024.0000,1036.7500,0,1036.7500
2025-09-02,1035.0000,1035.0000,1019.5000,1025.7500,1134,1025.7500
2025-09-03,1019.2500,1019.7500,1015.5000,1016.0000,583,1016.0000
2025-09-04,1012.0000,1012.0000,1007.5000,1012.0000,409,1012.0000
2025-09-05,1015.0000,1015.0000,1006.5000,1006.5000,127,1006.5000
2025-09-08,1007.5000,1013.5000,1005.5000,1013.5000,65,1013.5000
2025-09-09,1011.5000,1011.5000,1011.5000,1011.5000,18,1011.5000
2025-09-10,1007.7500,1009.7500,1005.5000,1005.5000,20,1005.5000
2025-09-11,1015.2500,1015.2500,1015.2500,1015.2500,17,1015.2500
2025-09-12,1025.7500,1025.7500,1025.7500,1025.7500,185166,1025.7500
2025-09-15,1043.0000,1051.2500,1039.7500,1042.7500,119751,1042.7500
2025-09-16,1043.0000,1052.5000,1041.7500,1049.7500,109074,1049.7500
2025-09-17,1049.2500,1052.7500,1042.0000,1043.7500,106461,1043.7500
2025-09-18,1043.7500,1044.5000,1035.2500,1037.5000,99218,1037.5000
2025-09-19,1038.5000,1047.7500,1024.0000,1025.5000,184812,1025.5000
2025-09-22,1024.2500,1025.0000,1006.2500,1011.0000,188011,1011.0000
2025-09-23,1010.7500,1015.5000,1005.0000,1012.0000,147291,1012.0000
2025-09-24,1011.2500,1020.2500,1005.7500,1009.0000,155373,1009.0000
2025-09-25,1008.5000,1017.0000,1006.5000,1012.2500,132635,1012.2500
2025-09-26,1012.0000,1015.7500,1008.7500,1013.7500,103466,1013.7500
2025-09-29,1011.7500,1013.7500,1006.0000,1010.5000,103672,1010.5000
2025-09-30,1009.2500,1009.2500,1000.5000,1001.7500,160384,1001.7500
2025-10-01,1000.2500,1020.0000,993.7500,1013.0000,207983,1013.0000
2025-10-02,1013.0000,1025.5000,1008.2500,1023.7500,169691,1023.7500
2025-10-03,1021.0000,1028.7500,1016.5000,1018.0000,137811,1018.0000
2025-10-06,1015.2500,1023.2500,1014.0000,1017.7500,117346,1017.7500
2025-10-07,1017.0000,1025.5000,1016.0000,1022.0000,153295,1022.0000
2025-10-08,1021.2500,1030.0000,1020.0000,1029.5000,199782,1029.5000
2025-10-09,1029.0000,1030.0000,1020.7500,1022.2500,212396,1022.2500
2025-10-10,1021.5000,1024.7500,1002.5000,1006.7500,239699,1006.7500
2025-10-13,1006.0000,1013.0000,1003.0000,1007.7500,239699,1007.7500
2025-10-14,1007.0000,1009.7500,1001.0000,1006.5000,143602,1006.5000
2025-10-15,1006.5000,1011.7500,1002.0000,1006.5000,147308,1006.5000
2025-10-16,1006.2500,1019.7500,1006.0000,1010.7500,145818,1010.7500
2025-10-17,1010.7500,1021.5000,1010.5000,1019.5000,163412,1019.5000
2025-10-20,1020.0000,1033.7500,1019.7500,1031.7500,183111,1031.7500
2025-10-21,1031.7500,1038.0000,1027.7500,1030.7500,173746,1030.7500
2025-10-22,1030.0000,1038.0000,1027.5000,1034.7500,206187,1034.7500
2025-10-23,1034.7500,1045.0000,1033.5000,1044.7500,145526,1044.7500
2025-10-24,1044.2500,1045.5000,1040.7500,1041.7500,154262,1041.7500
2025-10-27,1052.5000,1072.7500,1052.2500,1067.2500,178679,1067.2500
2025-10-28,1066.5000,1091.5000,1065.2500,1078.2500,136145,1078.2500
2025-10-29,1075.7500,1084.7500,1068.5000,1080.2500,83363,1080.2500
2025-10-30,1077.5000,1101.0000,1057.0000,1091.2500,54356,1091.2500
2025-10-31,1089.2500,1100.0000,1085.2500,1099.7500,7984,1099.7500
2025-11-03,1099.0000,1120.7500,1099.0000,1119.7500,0,1119.7500
2025-11-04,1116.5000,1119.0000,1100.7500,1108.2500,1309,1108.2500
2025-11-05,1106.2500,1120.2500,1106.2500,1119.7500,1495,1119.7500
2025-11-06,1115.0000,1115.0000,1090.0000,1091.7500,662,1091.7500
2025-11-07,1093.5000,1102.5000,1093.2500,1101.7500,350,1101.7500
2025-11-10,1106.2500,1116.0000,1106.2500,1116.0000,635,1116.0000
2025-11-11,1110.5000,1115.0000,1106.0000,1113.2500,196,1113.2500
2025-11-12,1120.7500,1120.7500,1110.0000,1120.5000,99,1120.5000
2025-11-13,1120.2500,1135.7500,1115.5000,1132.0000,148,1132.0000
2025-11-14,1133.0000,1138.7500,1112.7500,1112.7500,217050,1112.7500
2025-11-17,1120.0000,1160.2500,1114.2500,1157.2500,233035,1157.2500
2025-11-18,1155.5000,1169.5000,1147.7500,1153.5000,186560,1153.5000
2025-11-19,1152.2500,1152.5000,1135.0000,1136.2500,118644,1136.2500
2025-11-20,1135.5000,1142.7500,1121.5000,1122.5000,128502,1122.5000
2025-11-21,1122.5000,1127.5000,1113.2500,1125.0000,123067,1125.0000
2025-11-24,1128.2500,1131.0000,1116.2500,1123.2500,109625,1123.2500
2025-11-25,1121.7500,1128.7500,1117.2500,1124.7500,115334,1124.7500
2025-11-26,1125.5000,1135.2500,1122.7500,1131.5000,104778,1131.5000
2025-11-28,1131.7500,1138.7500,1129.7500,1137.7500,38009,1137.7500
2025-12-01,1140.0000,1142.2500,1127.0000,1128.0000,117117,1128.0000
2025-12-02,1126.5000,1135.7500,1123.2500,1124.7500,134455,1124.7500
2025-12-03,1125.2500,1130.7500,1115.5000,1115.7500,127538,1115.7500
2025-12-04,1117.0000,1124.5000,1114.0000,1119.5000,134989,1119.5000
2025-12-05,1119.2500,1121.0000,1104.5000,1105.2500,140332,1105.2500
2025-12-08,1105.0000,1107.5000,1092.2500,1093.7500,170570,1093.7500
2025-12-09,1093.7500,1094.7500,1084.5000,1087.2500,185665,1087.2500
2025-12-10,1087.5000,1093.2500,1081.5000,1091.2500,148748,1091.2500
2025-12-11,1091.0000,1096.0000,1086.2500,1093.5000,149794,1093.5000
2025-12-12,1093.0000,1094.5000,1075.7500,1076.7500,131283,1076.7500
2025-12-15,1074.5000,1080.0000,1067.0000,1071.7500,184066,1071.7500
2025-12-16,1072.0000,1076.2500,1059.5000,1062.7500,138914,1062.7500
2025-12-17,1063.5000,1067.5000,1053.5000,1058.2500,130593,1058.2500
2025-12-18,1058.2500,1061.2500,1051.0000,1052.2500,115444,1052.2500
2025-12-19,1052.2500,1054.0000,1047.0000,1049.2500,101057,1049.2500
2025-12-22,1048.5000,1056.0000,1048.5000,1053.2500,102352,1053.2500
2025-12-23,1053.5000,1057.7500,1049.7500,1051.5000,98420,1051.5000
2025-12-24,1051.2500,1064.7500,1050.7500,1063.2500,48593,1063.2500
2025-12-26,1067.0000,1069.2500,1057.0000,1058.7500,43839,1058.7500
2025-12-29,1060.5000,1063.5000,1049.0000,1049.5000,61737,1049.5000
2025-12-30,1049.5000,1053.5000,1044.0000,1046.2500,38187,1046.2500
2025-12-31,1045.0000,1046.7500,1030.0000,1030.5000,5656,1030.5000
2026-01-02,1030.0000,1030.0000,1022.0000,1029.5000,1541,1029.5000
2026-01-05,1036.7500,1048.0000,1035.7500,1047.2500,1159,1047.2500
2026-01-06,1048.2500,1053.0000,1042.0000,1042.0000,527,1042.0000
2026-01-07,1044.7500,1055.0000,1044.7500,1052.7500,233,1052.7500
2026-01-08,1050.2500,1053.0000,1047.0000,1047.0000,183,1047.0000
2026-01-09,1047.5000,1053.0000,1047.5000,1048.5000,73,1048.5000
2026-01-12,1053.7500,1056.5000,1033.0000,1033.0000,101,1033.0000
2026-01-13,1029.2500,1029.7500,1023.2500,1023.2500,83,1023.2500
2026-01-14,1027.2500,1033.2500,1027.2500,1030.5000,120636,1030.5000
2026-01-15,1043.5000,1058.2500,1041.5000,1053.0000,145382,1053.0000
2026-01-16,1053.0000,1059.0000,1047.7500,1057.7500,106931,1057.7500
2026-01-20,1053.0000,1061.7500,1052.0000,1053.0000,113531,1053.0000
2026-01-21,1053.2500,1069.2500,1053.0000,1064.5000,135831,1064.5000
2026-01-22,1064.5000,1072.5000,1060.5000,1064.0000,137094,1064.0000
2026-01-23,1063.5000,1071.5000,1061.2500,1067.7500,92591,1067.7500
2026-01-26,1067.7500,1076.2500,1059.7500,1061.7500,97874,1061.7500
2026-01-27,1060.2500,1069.5000,1058.5000,1067.2500,81662,1067.2500
2026-01-28,1067.2500,1084.7500,1067.0000,1075.0000,144498,1075.0000
2026-01-29,1075.0000,1085.5000,1069.0000,1072.2500,144858,1072.2500
2026-01-30,1072.5000,1074.0000,1061.0000,1064.2500,139897,1064.2500
2026-02-02,1063.5000,1064.0000,1051.7500,1060.2500,116096,1060.2500
2026-02-03,1060.5000,1071.0000,1060.0000,1065.7500,120567,1065.7500
2026-02-04,1066.7500,1115.2500,1059.5000,1092.2500,378682,1092.2500
2026-02-05,1090.2500,1113.2500,1086.7500,1112.2500,264645,1112.2500
2026-02-06,1108.5000,1137.7500,1102.0000,1115.2500,320174,1115.2500
2026-02-09,1112.2500,1116.2500,1106.0000,1110.7500,178112,1110.7500
2026-02-10,1110.0000,1124.0000,1106.2500,1122.5000,189639,1122.5000
2026-02-11,1122.5000,1128.2500,1113.0000,1124.0000,164105,1124.0000
2026-02-12,1129.5000,1141.5000,1128.5000,1137.2500,211362,1137.2500
2026-02-13,1136.0000,1139.5000,1122.0000,1133.0000,149612,1133.0000
2026-02-17,1132.2500,1139.2500,1125.7500,1134.0000,111218,1134.0000
2026-02-18,1135.0000,1144.0000,1127.7500,1133.5000,112939,1133.5000
2026-02-19,1132.2500,1142.0000,1129.2500,1141.0000,89799,1141.0000
2026-02-20,1141.0000,1148.2500,1121.5000,1137.5000,127824,1137.5000
2026-02-23,1134.0000,1148.5000,1127.5000,1134.2500,124820,1134.2500
2026-02-24,1134.5000,1141.5000,1128.0000,1139.5000,80634,1139.5000
2026-02-25,1138.7500,1150.0000,1132.2500,1148.2500,61256,1148.2500
2026-02-26,1147.7500,1156.0000,1129.2500,1147.7500,33914,1147.7500
2026-02-27,1147.5000,1161.0000,1146.0000,1157.2500,3391,1157.2500
2026-03-02,1165.0000,1169.7500,1146.5000,1150.0000,1303,1150.0000
2026-03-03,1153.0000,1169.2500,1149.5000,1155.7500,1168,1155.7500
2026-03-04,1157.5000,1159.0000,1152.0000,1154.5000,498,1154.5000
2026-03-05,1159.5000,1165.2500,1153.5000,1163.7500,370,1163.7500
2026-03-06,1170.0000,1185.0000,1170.0000,1185.0000,183,1185.0000
2026-03-09,1195.5000,1214.7500,1178.7500,1180.5000,130,1180.5000
2026-03-10,1180.0000,1191.2500,1174.7500,1187.2500,107,1187.2500
2026-03-11,1202.7500,1211.7500,1200.5000,1200.5000,148,1200.5000
2026-03-12,1215.7500,1223.2500,1213.0000,1213.0000,69,1213.0000
2026-03-13,1200.2500,1211.0000,1200.2500,1211.0000,143763,1211.0000
2026-03-16,1214.0000,1214.0000,1155.2500,1155.2500,246832,1155.2500
2026-03-17,1147.0000,1170.5000,1145.2500,1157.0000,226253,1157.0000
2026-03-18,1156.2500,1165.2500,1148.0000,1161.7500,127547,1161.7500
2026-03-19,1165.0000,1173.5000,1157.0000,1168.5000,126121,1168.5000
2026-03-20,1166.0000,1176.0000,1159.5000,1161.2500,97252,1161.2500
2026-03-23,1160.0000,1171.5000,1152.5000,1163.5000,106430,1163.5000
2026-03-24,1164.2500,1166.7500,1153.7500,1155.0000,110638,1155.0000
2026-03-25,1153.5000,1176.7500,1151.5000,1171.7500,120496,1171.7500
2026-03-26,1173.0000,1179.7500,1167.0000,1173.7500,101877,1173.7500
2026-03-27,1172.0000,1178.7500,1155.7500,1159.2500,115720,1159.2500
2026-03-30,1165.0000,1170.0000,1158.2500,1159.7500,82484,1159.7500
2026-03-31,1159.0000,1177.7500,1156.0000,1171.0000,125889,1171.0000
2026-04-01,1171.5000,1174.7500,1153.0000,1168.5000,112701,1168.5000
2026-04-02,1167.2500,1174.2500,1162.0000,1163.5000,0,1163.5000
2026-04-06,1164.5000,1169.7500,1158.7500,1166.7500,62851,1166.7500
2026-04-07,1164.7500,1170.5000,1155.2500,1158.2500,105838,1158.2500
2026-04-08,1152.0000,1163.0000,1140.5000,1162.0000,142190,1162.0000
2026-04-09,1162.0000,1170.5000,1159.7500,1165.2500,125074,1165.2500
2026-04-10,1166.5000,1179.2500,1164.5000,1175.7500,149588,1175.7500
2026-04-13,1177.0000,1183.7500,1160.0000,1162.2500,150296,1162.2500
2026-04-14,1160.5000,1168.5000,1156.0000,1158.0000,129741,1158.0000
2026-04-15,1156.7500,1171.0000,1156.7500,1167.0000,160531,1167.0000
2026-04-16,1165.7500,1170.0000,1162.2500,1163.7500,132169,1163.7500
2026-04-17,1162.7500,1167.5000,1151.5000,1167.2500,124953,1167.2500
2026-04-20,1167.2500,1171.7500,1161.0000,1165.7500,81179,1165.7500
2026-04-21,1165.5000,1178.5000,1165.0000,1174.5000,103908,1174.5000
2026-04-22,1175.0000,1184.7500,1162.7500,1164.5000,113573,1164.5000
2026-04-23,1165.0000,1168.5000,1157.5000,1159.7500,106571,1159.7500
2026-04-24,1160.2500,1164.2500,1156.7500,1163.7500,68471,1163.7500
2026-04-27,1162.0000,1179.7500,1162.0000,1177.2500,81448,1177.2500
2026-04-28,1175.7500,1177.7500,1167.0000,1173.0000,91445,1173.0000
2026-04-29,1173.2500,1183.7500,1171.0000,1182.2500,38803,1182.2500
2026-04-30,1182.5000,1190.0000,1175.5000,1182.0000,3372,1182.0000
2026-05-01,1179.7500,1188.0000,1178.7500,1187.7500,2046,1187.7500
2026-05-04,1192.7500,1210.7500,1192.7500,1207.5000,845,1207.5000
2026-05-05,1215.2500,1215.2500,1194.5000,1195.7500,540,1195.7500
2026-05-06,1196.2500,1196.2500,1175.0000,1179.0000,252,1179.0000
2026-05-07,1176.0000,1178.5000,1167.5000,1177.0000,276,1177.0000
2026-05-08,1180.2500,1194.5000,1180.2500,1194.2500,151,1194.2500
2026-05-11,1197.0000,1209.2500,1197.0000,1199.7500,115,1199.7500
2026-05-12,1204.0000,1213.5000,1203.0000,1213.5000,94,1213.5000
2026-05-13,1213.7500,1222.0000,1209.5000,1215.2500,126,1215.2500
2026-05-14,1210.2500,1210.2500,1174.5000,1174.5000,274891,1174.5000
2026-05-15,1193.7500,1202.0000,1172.2500,1177.0000,172123,1177.0000
2026-05-18,1202.2500,1218.5000,1191.0000,1213.0000,189268,1213.0000
2026-05-19,1213.0000,1220.7500,1208.0000,1209.5000,107278,1209.5000
2026-05-20,1210.0000,1212.0000,1196.0000,1199.7500,105957,1199.7500
2026-05-21,1199.0000,1204.0000,1191.0000,1194.2500,100858,1194.2500
2026-05-22,1193.7500,1201.5000,1190.5000,1196.5000,79295,1196.5000
2026-05-26,1192.0000,1193.5000,1184.5000,1186.0000,95376,1186.0000
2026-05-27,1185.5000,1191.2500,1179.7500,1185.2500,96239,1185.2500
2026-05-28,1186.0000,1196.0000,1185.0000,1194.5000,108394,1194.5000
2026-05-29,1198.0000,1200.7500,1182.7500,1186.7500,122544,1186.7500
2026-06-01,1186.7500,1194.5000,1177.7500,1180.7500,109000,1180.7500
2026-06-02,1181.5000,1182.7500,1163.0000,1165.2500,150085,1165.2500
2026-06-03,1167.5000,1172.7500,1152.5000,1154.0000,146845,1154.0000
2026-06-04,1153.2500,1155.2500,1120.5000,1129.5000,169190,1129.5000
2026-06-05,1130.2500,1132.2500,1117.5000,1121.5000,165660,1121.5000
2026-06-08,1122.2500,1125.2500,1111.2500,1115.7500,146893,1115.7500
2026-06-09,1116.2500,1118.5000,1110.2500,1113.7500,153585,1113.7500
2026-06-10,1113.7500,1129.7500,1113.0000,1123.0000,159784,1123.0000
2026-06-11,1123.5000,1125.0000,1108.2500,1115.0000,138491,1115.0000
2026-06-12,1115.0000,1119.7500,1109.2500,1113.5000,78465,1113.5000
2026-06-15,1111.0000,1119.7500,1102.5000,1119.2500,105184,1119.2500
2026-06-16,1119.0000,1138.5000,1107.5000,1130.0000,130321,1130.0000
2026-06-17,1130.0000,1140.5000,1128.2500,1132.0000,87007,1132.0000
2026-06-18,1132.0000,1134.7500,1118.5000,1122.7500,88659,1122.7500
2026-06-22,1125.0000,1130.5000,1115.0000,1115.7500,122725,1115.7500
2026-06-23,1116.2500,1123.7500,1114.0000,1117.0000,99709,1117.0000
2026-06-24,1117.0000,1121.0000,1107.0000,1108.7500,82057,1108.7500
2026-06-25,1107.0000,1131.2500,1104.5000,1127.5000,88122,1127.5000
2026-06-26,1127.5000,1128.0000,1118.7500,1126.2500,70484,1126.2500
2026-06-29,1124.7500,1124.7500,1106.5000,1108.7500,40404,1108.7500
2026-06-30,1109.0000,1127.5000,1098.7500,1116.7500,3252,1116.7500
2026-07-01,1115.0000,1133.0000,1114.0000,1126.2500,692,1126.2500
2026-07-02,1126.2500,1135.5000,1126.2500,1131.7500,1045,1131.7500
2026-07-06,1139.2500,1186.5000,1139.2500,1182.2500,337,1182.2500
2026-07-07,1180.5000,1200.2500,1178.5000,1196.7500,310,1196.7500
2026-07-08,1194.0000,1207.7500,1194.0000,1195.0000,46,1195.0000
2026-07-09,1193.0000,1197.0000,1179.7500,1179.7500,78,1179.7500
2026-07-10,1190.0000,1197.5000,1184.5000,1196.5000,46,1196.5000
2026-07-13,1204.2500,1208.0000,1201.5000,1202.0000,63,1202.0000
2026-07-14,1210.0000,1210.0000,1206.7500,1207.2500,36368,1207.2500
2026-07-15,1191.0000,1204.7500,1185.0000,1202.2500,43372,1202.2500
2026-07-16,1202.0000,1207.7500,1193.2500,1195.0000,36978,1195.0000
2026-07-17,1195.0000,1205.2500,1186.7500,1204.5000,29949,1204.5000
2026-07-20,1210.0000,1231.7500,1209.0000,1226.0000,42326,1226.0000
2026-07-21,1220.0000,1227.5000,1211.2500,1219.5000,48306,1219.5000
2026-07-22,1219.0000,1238.0000,1216.5000,1233.0000,53580,1233.0000
2026-07-23,1232.0000,1242.0000,1230.5000,1237.5000,43966,1237.5000
2026-07-24,1236.7500,1250.5000,1232.5000,1248.0000,50033,1248.0000
2026-07-27,1240.5000,1244.7500,1205.5000,1208.5000,41284,1208.5000
2026-07-28,1210.2500,1217.0000,1202.2500,1212.0000,47641,1212.0000
2026-07-29,1213.5000,1217.2500,1175.5000,1178.0000,28402,1178.0000
2026-07-30,1178.0000,1184.7500,1169.0000,1177.2500,18767,1177.2500
2026-07-31,1177.0000,1181.0000,1166.7500,1172.0000,3019,1172.0000
2026-08-03,1163.7500,1175.5000,1163.7500,1168.7500,1493,1168.7500
2026-08-04,1172.0000,1173.0000,1149.2500,1155.0000,587,1155.0000
2026-08-05,1149.2500,1152.2500,1146.2500,1151.5000,70,1151.5000
2026-08-06,1151.7500,1157.5000,1151.2500,1157.2500,135,1157.2500
2026-08-07,1165.5000,1165.5000,1156.5000,1156.5000,59,1156.5000
2026-08-10,1160.5000,1161.5000,1157.7500,1157.7500,28,1157.7500
2026-08-11,1152.2500,1152.2500,1145.5000,1147.5000,6,1147.5000
2026-08-12,1155.0000,1168.0000,1155.0000,1164.7500,44,1164.7500
2026-08-13,1165.7500,1168.2500,1165.5000,1168.2500,140,1168.2500
2026-08-14,1173.7500,1173.7500,1173.7500,1173.7500,18241,1173.7500
2026-08-17,1178.5000,1203.0000,1173.5000,1201.0000,29146,1201.0000
2026-08-18,1199.7500,1215.2500,1198.2500,1200.7500,21476,1200.7500
2026-08-19,1199.2500,1224.5000,1198.2500,1222.2500,21836,1222.2500
2026-08-20,1221.0000,1228.2500,1218.5000,1220.7500,21217,1220.7500
2026-08-21,1218.7500,1225.7500,1209.7500,1225.0000,20499,1225.0000
2026-08-24,1224.7500,1225.7500,1205.2500,1216.0000,35626,1216.0000
2026-08-25,1215.0000,1229.5000,1209.5000,1228.0000,19938,1228.0000
2026-08-26,1228.5000,1259.2500,1223.2500,1254.2500,17322,1254.2500
2026-08-27,1250.5000,1260.5000,1239.7500,1256.5000,9338,1256.5000
2026-08-28,1257.5000,1278.2500,1257.5000,1276.2500,7638,1276.2500
2026-08-31,1274.5000,1278.5000,1266.0000,1275.2500,340,1275.2500
2026-09-01,1304.0000,1306.7500,1304.0000,1306.7500,214,1306.7500
2026-09-02,1300.7500,1301.7500,1293.7500,1301.7500,200,1301.7500
2026-09-03,1295.5000,1306.2500,1284.0000,1306.2500,183,1306.2500
2026-09-04,1308.0000,1308.0000,1293.7500,1293.7500,26,1293.7500
2026-09-08,1298.0000,1302.5000,1297.7500,1302.5000,53,1302.5000
2026-09-09,1303.5000,1307.0000,1295.2500,1295.2500,21,1295.2500
2026-09-10,1300.7500,1318.2500,1300.7500,1316.0000,6,1316.0000
2026-09-11,1296.0000,1296.0000,1280.2500,1280.2500,3,1280.2500
2026-09-14,1285.2500,1285.2500,1285.2500,1285.2500,140746,1285.2500
2026-09-15,1303.2500,1319.5000,1294.2500,1318.7500,130387,1318.7500
2026-09-16,1318.0000,1332.2500,1313.5000,1320.5000,122054,1320.5000
2026-09-17,1319.5000,1331.7500,1312.0000,1319.7500,145289,1319.7500
2026-09-18,1317.5000,1322.0000,1300.0000,1303.5000,123932,1303.5000
2026-09-21,1304.0000,1328.5000,1303.5000,1328.0000,137564,1328.0000
2026-09-22,1327.0000,1331.5000,1318.5000,1325.5000,117696,1325.5000
2026-09-23,1324.7500,1327.2500,1311.0000,1318.0000,128115,1318.0000
2026-09-24,1310.0000,1327.7500,1310.0000,1317.5000,140637,1317.5000
2026-09-25,1317.5000,1320.5000,1297.5000,1319.0000,193676,1319.0000
2026-09-28,1319.0000,1322.5000,1279.2500,1288.2500,226871,1288.2500
2026-09-29,1287.0000,1304.0000,1284.0000,1297.7500,148577,1297.7500
2026-09-30,1296.7500,1311.5000,1289.7500,1293.0000,178661,1293.0000
2026-10-01,1291.0000,1295.0000,1273.7500,1284.0000,157732,1284.0000
2026-10-02,1283.0000,1285.7500,1273.2500,1278.2500,125114,1278.2500
2026-10-05,1278.0000,1297.2500,1273.7500,1280.7500,147665,1280.7500
2026-10-06,1280.0000,1305.0000,1278.2500,1303.0000,147665,1303.0000
2026-10-08,1294.0000,1295.2500,1293.0000,1294.0000,1954,1294.0000
