date,open,high,low,close,volume,adj_close
2000-07-17,248.0000,248.0000,243.7500,244.0000,7233,244.0000
2000-07-18,244.2500,247.5000,241.0000,241.2500,6523,241.2500
2000-07-19,241.2500,246.0000,239.0000,245.0000,7136,245.0000
2000-07-20,244.0000,247.5000,244.0000,247.0000,3792,247.0000
2000-07-21,247.0000,248.5000,246.5000,247.2500,4380,247.2500
2000-07-24,247.2500,249.5000,242.5000,245.5000,4393,245.5000
2000-07-25,244.7500,247.0000,243.0000,245.5000,5973,245.5000
2000-07-26,245.5000,247.5000,243.0000,244.2500,3755,244.2500
2000-07-27,244.2500,247.7500,244.2500,245.7500,5397,245.7500
2000-07-28,246.0000,252.0000,246.0000,248.5000,5698,248.5000
2000-07-31,247.7500,248.2500,245.2500,246.0000,6131,246.0000
2000-08-01,246.2500,249.7500,242.5000,245.0000,6981,245.0000
2000-08-02,245.0000,247.2500,244.5000,246.5000,5729,246.5000
2000-08-03,246.2500,247.5000,241.7500,242.2500,7054,242.2500
2000-08-04,241.5000,241.5000,236.5000,236.5000,6080,236.5000
2000-08-07,237.0000,239.7500,233.0000,233.5000,6493,233.5000
2000-08-08,234.5000,237.0000,234.0000,236.5000,8204,236.5000
2000-08-09,236.0000,237.5000,233.5000,235.5000,7031,235.5000
2000-08-10,235.5000,238.0000,235.0000,235.7500,10411,235.7500
2000-08-11,236.0000,238.0000,232.5000,236.7500,7029,236.7500
2000-08-14,237.0000,239.0000,236.0000,238.5000,2579,238.5000
2000-08-15,239.0000,241.5000,238.2500,240.5000,3775,240.5000
2000-08-16,241.0000,244.5000,241.0000,243.5000,6007,243.5000
2000-08-17,244.7500,245.5000,238.5000,239.5000,4709,239.5000
2000-08-18,239.5000,241.2500,237.5000,238.5000,5945,238.5000
2000-08-21,238.7500,238.7500,234.0000,236.2500,5510,236.2500
2000-08-22,236.5000,238.0000,234.5000,234.7500,5745,234.7500
2000-08-23,234.7500,235.2500,232.0000,233.7500,3472,233.7500
2000-08-24,234.0000,240.5000,233.7500,240.5000,8565,240.5000
2000-08-25,240.0000,244.2500,240.0000,241.5000,8198,241.5000
2000-08-28,245.0000,247.0000,241.5000,242.5000,7918,242.5000
2000-08-29,243.5000,251.0000,243.5000,250.2500,10671,250.2500
2000-08-30,249.0000,250.7500,245.7500,246.2500,9,246.2500
2000-08-31,248.0000,251.0000,248.0000,251.0000,11,251.0000
2000-09-01,250.7500,251.7500,250.7500,251.0000,11,251.0000
2000-09-05,250.7500,251.0000,250.7500,250.2500,11,250.2500
2000-09-06,250.7500,251.0000,250.7500,253.0000,11,253.0000
2000-09-08,250.7500,251.0000,250.7500,249.5000,11,249.5000
2000-09-11,250.7500,251.0000,250.7500,250.5000,11,250.5000
2000-09-12,250.7500,251.0000,250.7500,249.2500,4,249.2500
2000-09-13,250.7500,251.0000,250.7500,245.0000,4,245.0000
2000-09-14,250.7500,251.0000,250.7500,242.0000,100,242.0000
2000-09-15,254.0000,254.5000,253.5000,254.5000,199,254.5000
2000-09-18,253.5000,253.5000,252.0000,252.2500,112,252.2500
2000-09-19,256.0000,256.5000,255.2500,256.5000,173,256.5000
2000-09-20,248.7500,249.2500,248.0000,248.0000,384,248.0000
2000-09-21,248.7500,250.0000,247.0000,247.0000,101,247.0000
2000-09-22,247.2500,248.2500,246.7500,247.5000,278,247.5000
2000-09-25,251.5000,255.0000,251.5000,255.0000,55,255.0000
2000-09-26,253.7500,254.5000,253.2500,254.2500,122,254.2500
2000-09-27,254.7500,255.0000,253.0000,253.0000,269,253.0000
2000-09-28,258.7500,259.7500,258.5000,259.7500,229,259.7500
2000-09-29,259.2500,259.5000,258.0000,258.0000,843,258.0000
2000-10-02,265.5000,272.0000,265.5000,270.5000,142,270.5000
2000-10-03,267.2500,269.0000,266.0000,269.0000,176,269.0000
2000-10-04,268.0000,268.5000,266.7500,266.7500,306,266.7500
2000-10-05,266.5000,267.5000,265.2500,265.2500,48,265.2500
2000-10-06,267.0000,267.5000,266.0000,266.5000,436,266.5000
2000-10-09,269.2500,269.2500,267.5000,267.5000,61,267.5000
2000-10-10,267.5000,268.0000,266.5000,267.0000,252,267.0000
2000-10-11,275.2500,275.5000,273.5000,273.5000,292,273.5000
2000-10-12,276.7500,277.2500,275.0000,277.2500,218,277.2500
2000-10-13,272.5000,273.2500,272.0000,272.7500,301,272.7500
2000-10-16,267.0000,270.0000,265.5000,266.0000,210,266.0000
2000-10-17,271.0000,274.0000,271.0000,271.5000,55,271.5000
2000-10-18,268.0000,270.0000,266.7500,266.7500,176,266.7500
2000-10-19,264.0000,264.7500,263.5000,264.7500,195,264.7500
2000-10-20,259.7500,261.0000,258.5000,259.5000,114,259.5000
2000-10-23,260.0000,260.0000,259.0000,260.0000,51,260.0000
2000-10-24,257.7500,258.5000,257.2500,258.5000,72,258.5000
2000-10-25,257.5000,257.7500,256.5000,256.5000,52,256.5000
2000-10-26,255.0000,256.0000,254.7500,255.5000,44,255.5000
2000-10-27,256.5000,257.5000,256.2500,256.2500,137,256.2500
2000-10-30,259.0000,260.5000,258.2500,260.5000,110,260.5000
2000-10-31,256.0000,256.0000,253.5000,253.5000,154,253.5000
2000-11-02,255.0000,258.0000,255.0000,256.7500,91,256.7500
2000-11-03,260.0000,262.0000,260.0000,261.5000,113,261.5000
2000-11-06,264.0000,265.5000,263.7500,265.5000,127,265.5000
2000-11-07,263.0000,263.0000,261.5000,261.5000,71,261.5000
2000-11-08,263.2500,263.5000,262.2500,263.2500,153,263.2500
2000-11-09,265.7500,266.2500,265.7500,266.2500,210,266.2500
2000-11-10,258.2500,258.2500,256.0000,256.2500,98,256.2500
2000-11-13,258.0000,258.0000,255.5000,257.0000,69,257.0000
2000-11-14,258.0000,258.0000,256.7500,258.0000,90,258.0000
2000-11-15,256.0000,258.0000,255.5000,255.5000,158,255.5000
2000-11-16,254.5000,255.2500,253.0000,253.0000,52,253.0000
2000-11-17,255.0000,256.2500,255.0000,256.2500,94,256.2500
2000-11-20,256.5000,258.0000,256.5000,257.7500,134,257.7500
2000-11-21,255.0000,256.5000,254.5000,255.7500,140,255.7500
2000-11-22,255.2500,258.0000,253.7500,257.5000,166,257.5000
2000-11-24,259.0000,263.0000,258.0000,260.2500,57,260.2500
2000-11-27,261.0000,261.7500,260.7500,261.0000,102,261.0000
2000-11-28,257.2500,257.2500,255.5000,256.5000,75,256.5000
2000-11-29,254.5000,256.2500,254.5000,256.2500,314,256.2500
2000-11-30,251.5000,253.5000,251.5000,252.5000,70,252.5000
2000-12-01,256.0000,257.5000,256.0000,256.2500,2,256.2500
2000-12-04,260.5000,260.7500,260.5000,260.5000,2,260.5000
2000-12-05,260.5000,260.5000,260.5000,262.0000,40,262.0000
2000-12-15,268.0000,269.0000,267.5000,267.5000,259,267.5000
2000-12-18,265.5000,268.0000,265.0000,266.7500,40,266.7500
2000-12-19,269.0000,269.5000,267.0000,269.5000,82,269.5000
2000-12-20,274.0000,274.2500,272.7500,273.5000,45,273.5000
2000-12-21,271.0000,271.7500,270.5000,271.7500,258,271.7500
2000-12-22,273.0000,275.7500,273.0000,275.7500,57,275.7500
2000-12-27,274.0000,274.5000,273.0000,274.0000,56,274.0000
2000-12-28,272.5000,273.5000,272.0000,272.0000,37,272.0000
2000-12-29,271.5000,273.0000,271.5000,272.7500,295,272.7500
2001-01-02,278.5000,278.5000,277.0000,277.2500,90,277.2500
2001-01-03,276.2500,276.7500,275.5000,275.7500,352,275.7500
2001-01-04,283.0000,283.2500,282.5000,283.0000,218,283.0000
2001-01-05,284.5000,284.5000,284.0000,284.2500,138,284.2500
2001-01-08,283.5000,283.5000,281.2500,281.2500,276,281.2500
2001-01-09,282.5000,283.0000,281.0000,281.0000,152,281.0000
2001-01-10,284.5000,286.0000,284.5000,285.5000,237,285.5000
2001-01-11,288.5000,289.0000,288.0000,288.2500,243,288.2500
2001-01-12,289.0000,289.5000,288.0000,288.0000,181,288.0000
2001-01-16,287.7500,288.0000,287.0000,287.0000,269,287.0000
2001-01-17,284.5000,284.5000,283.0000,283.0000,127,283.0000
2001-01-18,283.5000,284.2500,283.0000,284.2500,79,284.2500
2001-01-19,284.5000,286.0000,284.2500,285.5000,127,285.5000
2001-01-22,286.0000,286.2500,285.0000,286.0000,79,286.0000
2001-01-23,285.5000,286.0000,284.5000,285.2500,36,285.2500
2001-01-24,286.0000,286.5000,285.7500,286.5000,40,286.5000
2001-01-25,285.5000,285.5000,285.0000,285.0000,184,285.0000
2001-01-26,279.0000,280.5000,278.7500,278.7500,40,278.7500
2001-01-29,276.0000,276.2500,274.7500,274.7500,144,274.7500
2001-01-30,269.2500,271.0000,269.0000,271.0000,129,271.0000
2001-01-31,270.5000,271.0000,268.0000,271.0000,49,271.0000
2001-02-01,273.5000,273.5000,272.5000,273.0000,106,273.0000
2001-02-02,271.0000,271.0000,269.2500,269.2500,114,269.2500
2001-02-05,272.5000,276.0000,271.5000,271.5000,462,271.5000
2001-02-06,267.5000,268.5000,265.7500,267.5000,23,267.5000
2001-02-07,267.0000,267.0000,266.2500,267.0000,49,267.0000
2001-02-08,267.0000,267.7500,267.0000,267.5000,23,267.5000
2001-02-09,267.0000,267.5000,267.0000,267.2500,52,267.2500
2001-02-12,266.0000,267.2500,265.7500,266.0000,141,266.0000
2001-02-14,263.5000,265.0000,263.0000,265.0000,162,265.0000
2001-02-15,268.0000,268.5000,267.7500,268.5000,174,268.5000
2001-02-16,267.0000,269.0000,267.0000,269.0000,162,269.0000
2001-02-20,265.2500,268.0000,265.2500,267.0000,28,267.0000
2001-02-21,267.0000,267.0000,266.2500,267.0000,83,267.0000
2001-02-22,262.5000,263.0000,262.2500,263.0000,62,263.0000
2001-02-26,260.0000,260.0000,259.5000,259.7500,18,259.7500
2001-02-27,260.2500,260.2500,259.0000,260.0000,26,260.0000
2001-02-28,258.5000,269.0000,257.5000,257.5000,8,257.5000
2001-03-01,267.5000,267.7500,265.7500,267.7500,8,267.7500
2001-03-02,267.5000,267.7500,265.7500,266.7500,1,266.7500
2001-03-06,274.0000,274.2500,274.0000,274.0000,1,274.0000
2001-03-07,274.0000,274.0000,274.0000,272.2500,2,272.2500
2001-03-09,268.0000,268.0000,268.0000,268.0000,2,268.0000
2001-03-12,268.0000,270.2500,268.0000,277.0000,133,277.0000
2001-03-15,284.7500,285.0000,283.5000,284.0000,266,284.0000
2001-03-16,273.7500,274.5000,273.0000,273.0000,97,273.0000
2001-03-19,270.0000,271.2500,270.0000,271.2500,68,271.2500
2001-03-20,269.5000,269.5000,267.5000,268.7500,108,268.7500
2001-03-21,271.2500,271.2500,269.7500,269.7500,58,269.7500
2001-03-22,267.0000,268.0000,266.0000,267.5000,196,267.5000
2001-03-23,260.2500,261.7500,260.2500,261.5000,70,261.5000
2001-03-26,263.2500,265.0000,263.2500,264.5000,178,264.5000
2001-03-27,268.0000,269.5000,267.2500,269.2500,50,269.2500
2001-03-28,266.7500,269.0000,266.5000,269.0000,101,269.0000
2001-03-29,266.0000,266.0000,263.7500,265.0000,22,265.0000
2001-04-02,260.0000,260.5000,259.0000,260.5000,29,260.5000
2001-04-04,262.2500,263.2500,262.2500,263.2500,60,263.2500
2001-04-05,266.5000,268.0000,266.2500,267.5000,16,267.5000
2001-04-06,266.0000,266.7500,265.5000,266.7500,25,266.7500
2001-04-09,262.5000,264.5000,262.5000,264.0000,64,264.0000
2001-04-10,261.5000,263.0000,261.5000,261.7500,160,261.7500
2001-04-11,257.7500,257.7500,256.5000,257.0000,89,257.0000
2001-04-12,261.2500,263.0000,261.2500,263.0000,87,263.0000
2001-04-16,267.2500,270.5000,267.2500,270.5000,55,270.5000
2001-04-17,269.5000,270.5000,268.0000,269.5000,45,269.5000
2001-04-18,265.7500,267.5000,265.5000,265.7500,43,265.7500
2001-04-19,269.0000,269.5000,268.0000,269.5000,10,269.5000
2001-04-20,267.0000,267.7500,267.0000,267.7500,66,267.7500
2001-04-23,267.2500,268.2500,267.2500,268.0000,6,268.0000
2001-04-24,263.7500,265.2500,263.7500,264.7500,25,264.7500
2001-04-25,264.5000,265.0000,264.5000,265.0000,6,265.0000
2001-04-26,268.2500,270.2500,268.2500,270.2500,42,270.2500
2001-04-27,270.2500,270.5000,268.7500,268.7500,45,268.7500
2001-04-30,265.2500,268.7500,265.2500,265.7500,15,265.7500
2001-05-01,273.5000,275.5000,273.5000,275.5000,15,275.5000
2001-05-02,273.5000,275.5000,273.5000,271.0000,15,271.0000
2001-05-03,268.2500,268.2500,268.2500,268.2500,15,268.2500
2001-05-04,263.0000,263.0000,263.0000,263.0000,15,263.0000
2001-05-07,263.0000,263.0000,263.0000,263.0000,15,263.0000
2001-05-09,257.7500,257.7500,257.7500,257.7500,3,257.7500
2001-05-10,256.5000,256.5000,256.5000,256.5000,3,256.5000
2001-05-11,256.5000,256.5000,256.5000,260.0000,3,260.0000
2001-05-14,256.5000,256.5000,256.5000,260.0000,401,260.0000
2001-05-15,279.2500,281.7500,279.0000,279.5000,203,279.5000
2001-05-16,277.0000,277.5000,276.5000,277.0000,121,277.0000
2001-05-17,275.7500,275.7500,274.7500,275.0000,102,275.0000
2001-05-18,276.0000,277.0000,275.0000,275.5000,169,275.5000
2001-05-21,270.7500,270.7500,269.0000,269.7500,293,269.7500
2001-05-22,264.5000,265.0000,263.0000,263.0000,87,263.0000
2001-05-23,260.0000,262.0000,260.0000,262.0000,72,262.0000
2001-05-24,260.5000,261.7500,260.5000,261.7500,34,261.7500
2001-05-25,261.7500,262.5000,261.7500,262.5000,272,262.5000
2001-05-29,260.5000,262.2500,260.2500,260.5000,149,260.5000
2001-05-30,265.7500,267.5000,265.7500,267.5000,277,267.5000
2001-05-31,264.2500,264.7500,264.0000,264.7500,149,264.7500
2001-06-01,266.7500,269.0000,266.7500,269.0000,227,269.0000
2001-06-04,269.5000,269.7500,265.0000,269.5000,195,269.5000
2001-06-05,263.0000,263.5000,263.0000,263.5000,93,263.5000
2001-06-06,260.0000,260.5000,259.5000,259.5000,153,259.5000
2001-06-07,262.0000,263.5000,262.0000,262.7500,63,262.7500
2001-06-08,264.2500,265.0000,263.2500,265.0000,119,265.0000
2001-06-12,261.5000,261.7500,260.5000,260.5000,94,260.5000
2001-06-13,262.7500,264.5000,262.7500,264.5000,323,264.5000
2001-06-14,261.7500,262.0000,259.2500,259.2500,94,259.2500
2001-06-15,258.0000,258.7500,258.0000,258.2500,328,258.2500
2001-06-18,256.0000,256.5000,255.0000,256.5000,279,256.5000
2001-06-19,263.0000,264.0000,263.0000,264.0000,328,264.0000
2001-06-20,261.0000,262.0000,261.0000,262.0000,69,262.0000
2001-06-21,254.5000,256.0000,254.5000,255.0000,71,255.0000
2001-06-22,255.0000,256.0000,254.7500,254.7500,62,254.7500
2001-06-25,251.0000,252.0000,251.0000,251.0000,119,251.0000
2001-06-26,245.2500,248.0000,245.0000,248.0000,77,248.0000
2001-06-27,247.7500,249.0000,247.7500,249.0000,170,249.0000
2001-06-28,247.5000,249.0000,247.5000,249.0000,116,249.0000
2001-06-29,243.0000,244.7500,243.0000,244.7500,7,244.7500
2001-07-02,256.0000,256.0000,246.2500,246.2500,30,246.2500
2001-07-03,250.2500,250.7500,250.0000,250.0000,30,250.0000
2001-07-05,250.2500,250.2500,250.0000,253.5000,30,253.5000
2001-07-06,257.0000,257.0000,257.0000,257.0000,3,257.0000
2001-07-09,257.7500,257.7500,257.7500,257.7500,3,257.7500
2001-07-10,257.7500,257.7500,257.7500,258.2500,3,258.2500
2001-07-11,262.0000,262.0000,262.0000,262.0000,18,262.0000
2001-07-12,267.0000,267.0000,265.0000,265.0000,581,265.0000
2001-07-13,289.7500,291.7500,287.0000,287.7500,234,287.7500
2001-07-16,284.5000,284.5000,282.0000,283.0000,581,283.0000
2001-07-17,282.2500,292.7500,282.2500,290.0000,234,290.0000
2001-07-18,289.0000,290.0000,283.0000,285.7500,427,285.7500
2001-07-19,289.0000,293.2500,288.2500,291.0000,238,291.0000
2001-07-20,290.0000,291.0000,288.2500,289.0000,427,289.0000
2001-07-23,279.2500,283.0000,279.0000,281.0000,246,281.0000
2001-07-24,285.0000,288.5000,285.0000,288.0000,95,288.0000
2001-07-25,281.5000,284.7500,281.5000,284.7500,149,284.7500
2001-07-26,284.0000,284.5000,282.5000,283.5000,95,283.5000
2001-07-27,279.5000,281.5000,279.5000,281.5000,137,281.5000
2001-07-30,279.7500,281.0000,279.0000,279.5000,117,279.5000
2001-07-31,275.0000,276.0000,274.5000,275.0000,71,275.0000
2001-08-01,277.5000,279.5000,277.0000,279.2500,117,279.2500
2001-08-02,274.0000,277.0000,274.0000,276.5000,71,276.5000
2001-08-03,269.5000,271.5000,269.5000,270.2500,15,270.2500
2001-08-06,264.7500,266.5000,264.5000,265.0000,59,265.0000
2001-08-07,266.2500,268.2500,266.2500,267.5000,24,267.5000
2001-08-08,268.0000,269.5000,268.0000,269.5000,69,269.5000
2001-08-09,268.7500,270.0000,268.7500,270.0000,24,270.0000
2001-08-10,271.0000,272.2500,271.0000,271.5000,59,271.5000
2001-08-13,270.0000,271.0000,269.5000,271.0000,56,271.0000
2001-08-14,272.0000,272.2500,270.0000,270.0000,87,270.0000
2001-08-15,268.7500,269.2500,268.0000,269.0000,56,269.0000
2001-08-16,266.7500,267.0000,266.2500,267.0000,33,267.0000
2001-08-17,267.2500,269.0000,267.2500,268.0000,13,268.0000
2001-08-20,265.0000,265.0000,263.5000,264.0000,27,264.0000
2001-08-21,266.0000,267.5000,266.0000,267.0000,59,267.0000
2001-08-22,268.0000,268.5000,267.5000,268.5000,110,268.5000
2001-08-23,271.2500,271.7500,271.2500,271.2500,160,271.2500
2001-08-24,275.2500,276.7500,275.2500,276.0000,110,276.0000
2001-08-27,271.2500,273.0000,271.0000,272.7500,87,272.7500
2001-08-28,273.5000,275.2500,273.5000,275.2500,6,275.2500
2001-08-29,270.0000,270.0000,269.0000,270.0000,87,270.0000
2001-08-30,274.5000,274.5000,274.2500,274.2500,1,274.2500
2001-09-04,277.0000,277.0000,277.0000,277.0000,1,277.0000
2001-09-05,277.0000,277.0000,277.0000,276.5000,1,276.5000
2001-09-06,274.7500,274.7500,274.7500,274.7500,1,274.7500
2001-09-10,271.0000,271.0000,271.0000,271.0000,1,271.0000
2001-09-11,271.0000,271.0000,271.0000,271.0000,1,271.0000
2001-09-12,271.0000,271.0000,271.0000,271.0000,6,271.0000
2001-09-13,274.5000,274.5000,274.5000,274.5000,170,274.5000
2001-09-17,271.0000,272.2500,269.0000,272.2500,129,272.2500
2001-09-18,275.2500,277.0000,275.0000,276.5000,141,276.5000
2001-09-19,268.0000,268.7500,267.0000,268.0000,129,268.0000
2001-09-20,263.2500,263.7500,261.5000,261.5000,66,261.5000
2001-09-21,265.7500,267.0000,265.2500,266.5000,122,266.5000
2001-09-24,267.0000,267.0000,265.7500,266.7500,66,266.7500
2001-09-25,267.0000,267.5000,266.0000,267.2500,32,267.2500
2001-09-26,270.7500,272.0000,270.7500,270.7500,75,270.7500
2001-09-27,276.0000,277.0000,275.2500,276.0000,88,276.0000
2001-09-28,274.2500,275.0000,273.7500,275.0000,75,275.0000
2001-10-01,270.7500,270.7500,269.7500,270.5000,88,270.5000
2001-10-02,266.0000,267.5000,265.5000,266.0000,88,266.0000
2001-10-03,264.0000,264.0000,262.7500,263.7500,104,263.7500
2001-10-04,269.7500,271.5000,269.5000,270.5000,83,270.5000
2001-10-05,273.0000,273.5000,272.5000,272.5000,120,272.5000
2001-10-08,273.5000,275.7500,273.5000,275.0000,83,275.0000
2001-10-09,272.0000,272.7500,271.2500,272.7500,38,272.7500
2001-10-10,275.0000,275.5000,274.0000,274.7500,64,274.7500
2001-10-11,279.0000,279.5000,279.0000,279.2500,151,279.2500
2001-10-12,279.2500,279.7500,278.0000,278.2500,117,278.2500
2001-10-15,275.5000,276.2500,274.5000,274.5000,36,274.5000
2001-10-16,274.0000,274.0000,273.2500,273.5000,112,273.5000
2001-10-17,278.5000,278.5000,277.2500,277.2500,161,277.2500
2001-10-18,285.0000,286.0000,285.0000,286.0000,203,286.0000
2001-10-19,283.0000,289.0000,282.2500,285.5000,136,285.5000
2001-10-22,287.2500,287.5000,286.0000,287.5000,65,287.5000
2001-10-23,281.5000,282.5000,281.5000,281.5000,135,281.5000
2001-10-24,286.0000,286.7500,286.0000,286.2500,65,286.2500
2001-10-25,285.2500,285.2500,283.0000,283.5000,302,283.5000
2001-10-26,290.0000,291.0000,289.2500,290.7500,24,290.7500
2001-10-29,295.0000,295.0000,293.5000,293.5000,302,293.5000
2001-10-30,291.0000,297.0000,290.5000,296.7500,103,296.7500
2001-10-31,295.5000,296.0000,295.0000,295.2500,284,295.2500
2001-11-01,291.5000,292.7500,290.7500,292.2500,34,292.2500
2001-11-02,288.2500,289.0000,288.2500,289.0000,166,289.0000
2001-11-05,285.2500,285.2500,283.0000,283.0000,154,283.0000
2001-11-06,284.5000,286.0000,284.0000,284.0000,70,284.0000
2001-11-07,286.0000,287.0000,286.0000,287.0000,82,287.0000
2001-11-08,287.0000,288.0000,287.0000,287.7500,108,287.7500
2001-11-09,283.5000,283.7500,283.0000,283.5000,100,283.5000
2001-11-12,286.0000,287.5000,285.5000,285.5000,108,285.5000
2001-11-13,283.0000,283.0000,281.0000,281.0000,128,281.0000
2001-11-14,278.0000,278.5000,277.2500,277.5000,108,277.5000
2001-11-15,280.7500,282.0000,280.7500,282.0000,69,282.0000
2001-11-16,280.0000,280.0000,279.2500,280.0000,117,280.0000
2001-11-19,288.2500,290.7500,288.2500,289.2500,114,289.2500
2001-11-20,290.2500,290.2500,289.2500,289.2500,251,289.2500
2001-11-21,286.5000,287.2500,286.5000,287.0000,52,287.0000
2001-11-23,287.0000,289.5000,286.7500,289.5000,61,289.5000
2001-11-26,289.0000,289.7500,288.5000,289.5000,157,289.5000
2001-11-27,277.5000,278.7500,277.5000,278.0000,61,278.0000
2001-11-28,279.5000,279.5000,279.2500,279.5000,61,279.5000
2001-11-29,274.0000,275.0000,274.0000,274.5000,190,274.5000
2001-11-30,273.0000,278.0000,273.0000,278.0000,17,278.0000
2001-12-03,283.7500,283.7500,282.5000,283.0000,22,283.0000
2001-12-04,280.2500,282.0000,278.2500,281.0000,23,281.0000
2001-12-05,275.5000,277.5000,275.5000,277.5000,23,277.5000
2001-12-07,273.0000,273.0000,273.0000,273.0000,3,273.0000
2001-12-10,281.2500,281.2500,276.7500,276.7500,2,276.7500
2001-12-11,276.0000,276.0000,273.5000,276.0000,2,276.0000
2001-12-13,277.0000,277.0000,277.0000,277.0000,2,277.0000
2001-12-14,275.0000,275.0000,275.0000,275.0000,34,275.0000
2001-12-17,287.0000,287.0000,285.5000,286.7500,60,286.7500
2001-12-18,285.7500,287.5000,285.7500,287.5000,95,287.5000
2001-12-19,286.0000,286.5000,284.2500,285.2500,61,285.2500
2001-12-20,293.2500,293.5000,292.5000,293.2500,230,293.2500
2001-12-21,287.5000,287.7500,287.0000,287.7500,230,287.7500
2001-12-24,288.7500,288.7500,288.7500,288.7500,170,288.7500
2001-12-27,285.0000,291.0000,285.0000,288.5000,95,288.5000
2001-12-28,291.0000,292.5000,290.5000,292.5000,170,292.5000
2001-12-31,289.7500,291.0000,289.7500,291.0000,58,291.0000
2002-01-02,290.5000,292.5000,290.0000,292.0000,14,292.0000
2002-01-03,292.7500,292.7500,291.7500,292.2500,253,292.2500
2002-01-04,300.0000,301.2500,300.0000,301.0000,250,301.0000
2002-01-07,307.0000,308.0000,305.2500,308.0000,117,308.0000
2002-01-08,305.0000,305.5000,304.5000,304.5000,250,304.5000
2002-01-09,304.7500,306.0000,304.7500,306.0000,1153,306.0000
2002-01-10,303.7500,304.0000,301.0000,302.0000,70,302.0000
2002-01-11,304.0000,305.0000,303.5000,303.5000,194,303.5000
2002-01-14,308.7500,311.0000,308.2500,308.2500,70,308.2500
2002-01-15,306.5000,307.0000,305.5000,305.7500,200,305.7500
2002-01-16,301.0000,302.0000,299.5000,299.5000,179,299.5000
2002-01-17,304.0000,305.5000,303.5000,303.5000,77,303.5000
2002-01-18,301.0000,302.0000,300.2500,301.0000,185,301.0000
2002-01-22,299.5000,299.5000,296.7500,296.7500,265,296.7500
2002-01-23,295.0000,296.5000,294.5000,295.2500,185,295.2500
2002-01-24,296.5000,297.7500,295.2500,296.7500,50,296.7500
2002-01-25,299.0000,299.5000,298.2500,299.5000,106,299.5000
2002-01-28,298.0000,298.5000,296.7500,298.5000,811,298.5000
2002-01-29,291.2500,293.7500,290.0000,292.0000,115,292.0000
2002-01-30,290.0000,290.5000,289.0000,289.0000,183,289.0000
2002-01-31,284.0000,288.2500,284.0000,286.5000,39,286.5000
2002-02-01,286.7500,287.5000,286.5000,286.5000,68,286.5000
2002-02-04,288.0000,289.5000,288.0000,288.5000,184,288.5000
2002-02-05,280.7500,281.5000,280.5000,281.0000,60,281.0000
2002-02-06,284.0000,284.5000,284.0000,284.5000,163,284.5000
2002-02-07,280.2500,283.0000,280.2500,283.0000,258,283.0000
2002-02-08,282.0000,287.0000,281.7500,283.5000,64,283.5000
2002-02-11,282.0000,282.5000,282.0000,282.0000,14,282.0000
2002-02-12,281.0000,281.7500,281.0000,281.5000,28,281.5000
2002-02-13,281.2500,281.2500,280.2500,280.2500,14,280.2500
2002-02-14,282.5000,283.5000,282.2500,282.5000,9,282.5000
2002-02-15,280.7500,280.7500,280.2500,280.2500,72,280.2500
2002-02-19,276.5000,277.0000,276.2500,276.5000,9,276.5000
2002-02-20,277.7500,278.0000,277.5000,278.0000,67,278.0000
2002-02-21,280.0000,281.0000,280.0000,281.0000,28,281.0000
2002-02-22,278.5000,278.5000,278.0000,278.2500,108,278.2500
2002-02-25,280.7500,281.0000,280.2500,280.5000,47,280.5000
2002-02-26,278.2500,279.0000,277.5000,279.0000,87,279.0000
2002-02-27,276.0000,276.0000,275.7500,275.7500,56,275.7500
2002-02-28,272.0000,273.0000,271.2500,271.5000,30,271.5000
2002-03-01,267.2500,267.5000,267.2500,267.5000,30,267.5000
2002-03-04,270.0000,270.0000,270.0000,270.0000,2,270.0000
2002-03-05,270.5000,271.0000,270.5000,270.5000,2,270.5000
2002-03-06,270.5000,270.5000,270.5000,274.2500,2,274.2500
2002-03-07,274.5000,274.5000,274.5000,274.5000,3,274.5000
2002-03-08,272.0000,272.0000,272.0000,272.0000,3,272.0000
2002-03-11,272.0000,272.0000,272.0000,271.0000,2,271.0000
2002-03-12,267.0000,267.0000,267.0000,267.0000,2,267.0000
2002-03-13,270.0000,270.0000,270.0000,270.0000,2,270.0000
2002-03-14,272.0000,272.0000,272.0000,272.0000,34,272.0000
2002-03-15,280.0000,280.5000,279.0000,279.0000,194,279.0000
2002-03-18,283.7500,284.2500,282.5000,282.7500,128,282.7500
2002-03-19,278.0000,278.5000,278.0000,278.5000,105,278.5000
2002-03-20,282.0000,283.0000,277.2500,277.2500,38,277.2500
2002-03-21,277.2500,278.0000,276.5000,276.5000,193,276.5000
2002-03-22,283.2500,283.7500,281.5000,281.5000,84,281.5000
2002-03-25,281.0000,281.5000,281.0000,281.5000,188,281.5000
2002-03-26,284.0000,285.7500,284.0000,285.5000,60,285.5000
2002-03-27,287.2500,288.0000,286.5000,288.0000,218,288.0000
2002-03-28,294.0000,295.0000,293.2500,294.5000,242,294.5000
2002-04-01,285.5000,286.5000,284.7500,285.2500,249,285.2500
2002-04-02,286.5000,288.0000,286.0000,286.0000,89,286.0000
2002-04-03,283.2500,284.5000,283.2500,284.5000,40,284.5000
2002-04-04,284.0000,284.5000,283.5000,284.5000,102,284.5000
2002-04-05,280.2500,280.5000,278.5000,278.7500,113,278.7500
2002-04-08,277.5000,277.5000,275.5000,276.0000,24,276.0000
2002-04-09,273.5000,274.0000,273.0000,273.7500,80,273.7500
2002-04-10,270.2500,270.2500,270.0000,270.2500,110,270.2500
2002-04-11,272.5000,273.5000,272.5000,271.2500,36,271.2500
2002-04-12,272.0000,272.0000,270.2500,272.5000,46,272.5000
2002-04-15,274.0000,274.5000,273.5000,271.7500,26,271.7500
2002-04-16,272.7500,272.7500,272.0000,275.0000,46,275.0000
2002-04-17,275.0000,275.5000,275.0000,275.7500,12,275.7500
2002-04-18,274.5000,276.2500,274.5000,268.2500,40,268.2500
2002-04-19,269.0000,269.5000,268.2500,267.0000,23,267.0000
2002-04-22,268.0000,268.0000,267.2500,264.7500,15,264.7500
2002-04-23,265.0000,265.7500,265.0000,264.5000,44,264.5000
2002-04-24,264.0000,264.7500,264.0000,263.5000,80,263.5000
2002-04-25,263.5000,263.7500,262.5000,261.0000,23,261.0000
2002-04-26,260.7500,262.0000,260.7500,257.7500,24,257.7500
2002-04-29,258.0000,258.7500,258.0000,256.0000,82,256.0000
2002-04-30,256.5000,258.2500,256.5000,261.7500,1,261.7500
2002-05-01,262.5000,262.5000,262.5000,266.2500,1,266.2500
2002-05-02,266.2500,266.2500,266.2500,258.5000,12,258.5000
2002-05-03,258.0000,258.0000,258.0000,260.2500,12,260.2500
2002-05-06,263.0000,263.0000,263.0000,263.0000,12,263.0000
2002-05-07,267.0000,267.0000,267.0000,267.0000,12,267.0000
2002-05-08,264.0000,264.0000,264.0000,264.0000,12,264.0000
2002-05-09,266.7500,266.7500,266.7500,266.7500,12,266.7500
2002-05-10,265.0000,265.0000,265.0000,265.0000,12,265.0000
2002-05-13,273.5000,273.5000,273.5000,273.5000,12,273.5000
2002-05-14,273.0000,273.0000,273.0000,273.0000,58,273.0000
2002-05-15,278.7500,279.5000,278.0000,283.5000,153,283.5000
2002-05-16,283.5000,284.0000,283.0000,276.5000,133,276.5000
2002-05-17,276.7500,277.5000,276.5000,273.7500,88,273.7500
2002-05-20,273.2500,273.7500,272.5000,276.7500,106,276.7500
2002-05-21,277.2500,278.0000,277.0000,273.0000,63,273.0000
2002-05-22,272.7500,273.7500,272.2500,269.0000,57,269.0000
2002-05-23,269.0000,269.2500,268.0000,271.5000,41,271.5000
2002-05-24,272.5000,272.5000,271.0000,271.0000,41,271.0000
2002-05-28,268.5000,269.2500,268.0000,272.0000,112,272.0000
2002-05-29,272.2500,272.7500,271.7500,276.2500,113,276.2500
2002-05-30,276.2500,276.5000,275.0000,276.5000,111,276.5000
2002-05-31,277.5000,277.5000,276.5000,282.2500,210,282.2500
2002-06-03,282.0000,282.0000,279.7500,286.7500,119,286.7500
2002-06-04,286.7500,287.0000,286.2500,282.0000,66,282.0000
2002-06-05,282.0000,282.7500,281.0000,283.2500,110,283.2500
2002-06-06,283.0000,285.0000,283.0000,280.5000,79,280.5000
2002-06-07,279.5000,281.0000,279.0000,275.0000,259,275.0000
2002-06-10,274.0000,274.0000,272.5000,278.2500,187,278.2500
2002-06-11,278.2500,279.0000,276.5000,279.5000,95,279.5000
2002-06-12,279.0000,280.5000,279.0000,283.5000,83,283.5000
2002-06-13,283.7500,285.0000,283.5000,295.5000,258,295.5000
2002-06-14,295.5000,296.7500,294.5000,294.2500,82,294.2500
2002-06-17,293.5000,293.7500,292.2500,289.2500,68,289.2500
2002-06-18,289.5000,290.7500,289.2500,289.2500,36,289.2500
2002-06-19,289.0000,290.2500,289.0000,291.5000,161,291.5000
2002-06-20,291.5000,294.0000,291.5000,291.2500,35,291.2500
2002-06-21,291.0000,292.5000,290.7500,287.2500,242,287.2500
2002-06-24,287.7500,291.0000,287.7500,291.7500,88,291.7500
2002-06-25,290.7500,292.5000,290.7500,291.0000,21,291.0000
2002-06-26,290.5000,291.0000,290.0000,293.0000,116,293.0000
2002-06-27,293.5000,295.0000,292.0000,306.5000,76,306.5000
2002-06-28,304.0000,304.7500,303.2500,307.0000,13,307.0000
2002-07-01,304.0000,312.0000,304.0000,315.5000,3,315.5000
2002-07-02,316.2500,316.2500,316.2500,316.0000,3,316.0000
2002-07-03,316.0000,316.0000,316.0000,316.0000,3,316.0000
2002-07-05,318.5000,318.5000,318.5000,318.5000,1,318.5000
2002-07-08,316.0000,316.0000,316.0000,314.5000,9,314.5000
2002-07-09,316.5000,318.0000,316.5000,313.0000,9,313.0000
2002-07-10,319.5000,319.5000,319.5000,319.5000,9,319.5000
2002-07-11,326.0000,326.0000,326.0000,326.0000,3,326.0000
2002-07-12,321.5000,321.5000,321.5000,315.2500,362,315.2500
2002-07-15,318.5000,322.2500,318.5000,323.7500,597,323.7500
2002-07-16,327.0000,330.2500,327.0000,334.0000,251,334.0000
2002-07-17,334.0000,334.0000,331.2500,335.0000,116,335.0000
2002-07-18,334.2500,334.2500,331.2500,333.2500,311,333.2500
2002-07-19,332.0000,332.0000,330.5000,330.7500,274,330.7500
2002-07-22,333.5000,337.5000,333.5000,339.7500,182,339.7500
2002-07-23,340.0000,342.0000,337.5000,332.7500,12,332.7500
2002-07-24,332.5000,335.5000,332.5000,336.0000,118,336.0000
2002-07-25,336.0000,337.2500,335.0000,335.0000,118,335.0000
2002-07-26,334.5000,336.0000,334.5000,335.0000,522,335.0000
2002-07-29,332.0000,332.7500,324.7500,326.5000,58,326.5000
2002-07-30,328.2500,328.2500,327.0000,326.0000,192,326.0000
2002-07-31,328.0000,331.2500,328.0000,334.0000,537,334.0000
2002-08-01,335.0000,347.2500,335.0000,334.7500,58,334.7500
2002-08-02,334.7500,336.0000,334.7500,337.0000,356,337.0000
2002-08-05,334.5000,334.5000,331.0000,338.0000,80,338.0000
2002-08-06,339.5000,342.0000,339.2500,341.7500,136,341.7500
2002-08-07,341.7500,341.7500,340.5000,346.2500,28,346.2500
2002-08-08,345.7500,347.0000,345.5000,338.5000,12,338.5000
2002-08-09,340.0000,340.0000,339.0000,344.5000,60,344.5000
2002-08-12,349.7500,350.0000,347.2500,351.7500,69,351.7500
2002-08-13,350.0000,354.0000,350.0000,356.7500,41,356.7500
2002-08-14,356.0000,358.0000,355.5000,357.0000,254,357.0000
2002-08-15,356.5000,359.0000,356.5000,350.5000,180,350.5000
2002-08-16,350.0000,352.0000,349.5000,347.7500,126,347.7500
2002-08-19,347.0000,350.0000,345.0000,349.2500,14,349.2500
2002-08-20,349.0000,349.5000,347.5000,338.7500,105,338.7500
2002-08-21,339.0000,340.5000,338.5000,338.2500,40,338.2500
2002-08-22,338.2500,338.7500,336.0000,340.2500,60,340.2500
2002-08-23,340.0000,340.5000,338.7500,347.7500,51,347.7500
2002-08-26,349.0000,351.0000,349.0000,353.5000,9,353.5000
2002-08-27,353.0000,353.0000,351.2500,352.5000,23,352.5000
2002-08-28,352.0000,355.0000,352.0000,355.2500,23,355.2500
2002-08-29,355.0000,357.7500,355.0000,355.2500,16,355.2500
2002-08-30,355.2500,355.2500,354.7500,362.2500,12,362.2500
2002-09-03,368.0000,370.0000,367.2500,367.0000,12,367.0000
2002-09-04,379.0000,379.0000,379.0000,379.0000,12,379.0000
2002-09-05,386.5000,386.5000,386.5000,386.5000,12,386.5000
2002-09-06,403.5000,403.5000,403.5000,403.5000,12,403.5000
2002-09-09,415.0000,415.0000,415.0000,415.0000,12,415.0000
2002-09-10,414.0000,414.0000,414.0000,414.0000,35,414.0000
2002-09-11,414.0000,414.0000,409.7500,416.0000,35,416.0000
2002-09-12,409.0000,409.0000,409.0000,409.0000,35,409.0000
2002-09-13,395.0000,395.0000,395.0000,395.0000,381,395.0000
2002-09-16,391.0000,396.0000,391.0000,400.7500,403,400.7500
2002-09-17,401.5000,402.0000,400.5000,405.2500,184,405.2500
2002-09-18,405.0000,408.5000,405.0000,413.0000,199,413.0000
2002-09-19,413.0000,415.5000,413.0000,395.5000,199,395.5000
2002-09-20,395.0000,396.0000,391.0000,400.0000,191,400.0000
2002-09-23,401.0000,402.7500,399.0000,389.5000,336,389.5000
2002-09-24,390.0000,390.0000,386.5000,403.5000,464,403.5000
2002-09-25,407.0000,408.0000,405.7500,391.0000,334,391.0000
2002-09-26,391.2500,393.0000,391.0000,402.2500,378,402.2500
2002-09-27,403.5000,405.5000,402.5000,402.5000,151,402.5000
2002-09-30,405.0000,405.0000,402.5000,396.5000,226,396.5000
2002-10-01,397.2500,399.0000,395.0000,396.5000,117,396.5000
2002-10-02,397.0000,400.0000,397.0000,383.5000,310,383.5000
2002-10-03,384.5000,385.5000,383.0000,374.7500,146,374.7500
2002-10-04,375.0000,377.0000,375.0000,376.2500,92,376.2500
2002-10-07,378.0000,378.5000,377.2500,381.7500,76,381.7500
2002-10-08,382.5000,382.7500,381.5000,381.7500,160,381.7500
2002-10-09,382.7500,383.0000,381.5000,372.2500,168,372.2500
2002-10-10,371.2500,374.0000,371.2500,365.7500,210,365.7500
2002-10-11,366.0000,368.0000,366.0000,365.5000,119,365.5000
2002-10-14,367.0000,371.5000,364.0000,363.2500,80,363.2500
2002-10-15,364.0000,364.7500,363.0000,393.2500,3169,393.2500
2002-10-16,399.7500,407.2500,399.0000,408.2500,570,408.2500
2002-10-17,409.2500,409.7500,405.0000,406.0000,117,406.0000
2002-10-18,406.2500,409.2500,406.2500,413.0000,271,413.0000
2002-10-21,413.5000,416.7500,413.2500,408.7500,400,408.7500
2002-10-22,406.5000,409.0000,406.0000,403.7500,73,403.7500
2002-10-23,403.7500,404.5000,403.7500,396.5000,289,396.5000
2002-10-24,398.0000,398.0000,396.0000,411.7500,304,411.7500
2002-10-25,411.5000,413.0000,410.2500,410.5000,210,410.5000
2002-10-28,409.5000,413.0000,409.5000,415.5000,1239,415.5000
2002-10-29,416.5000,419.0000,415.5000,415.7500,680,415.7500
2002-10-30,417.5000,418.7500,415.2500,406.7500,148,406.7500
2002-10-31,407.0000,408.0000,405.5000,402.2500,142,402.2500
2002-11-01,403.0000,404.0000,403.0000,413.5000,66,413.5000
2002-11-04,412.2500,416.0000,412.0000,408.2500,109,408.2500
2002-11-05,409.0000,410.2500,408.0000,400.7500,203,400.7500
2002-11-06,400.5000,400.7500,398.0000,394.5000,256,394.5000
2002-11-07,395.0000,395.7500,394.0000,397.0000,96,397.0000
2002-11-08,396.5000,398.0000,395.5000,382.5000,426,382.5000
2002-11-11,382.5000,382.5000,377.0000,383.5000,505,383.5000
2002-11-12,387.5000,389.5000,385.5000,374.5000,323,374.5000
2002-11-13,376.0000,376.0000,371.0000,381.0000,85,381.0000
2002-11-14,380.0000,382.7500,380.0000,391.2500,210,391.2500
2002-11-15,391.5000,393.2500,391.0000,389.7500,131,389.7500
2002-11-18,389.7500,390.7500,388.0000,382.2500,124,382.2500
2002-11-19,381.2500,382.7500,380.7500,385.0000,127,385.0000
2002-11-20,387.0000,387.0000,383.2500,374.5000,43,374.5000
2002-11-21,373.7500,375.0000,373.5000,374.2500,117,374.2500
2002-11-22,372.5000,376.0000,372.5000,373.7500,95,373.7500
2002-11-25,372.5000,374.7500,372.5000,382.2500,88,382.2500
2002-11-26,381.5000,381.5000,379.0000,374.5000,58,374.5000
2002-11-27,375.0000,375.5000,374.0000,380.5000,144,380.5000
2002-11-29,379.0000,379.0000,374.5000,373.0000,75,373.0000
2002-12-02,376.0000,381.0000,375.0000,372.0000,15,372.0000
2002-12-03,372.7500,373.0000,371.7500,356.5000,1,356.5000
2002-12-04,357.5000,357.5000,356.2500,356.7500,4,356.7500
2002-12-05,354.0000,358.5000,354.0000,347.0000,4,347.0000
2002-12-06,349.2500,349.2500,349.2500,349.2500,4,349.2500
2002-12-09,348.0000,348.0000,348.0000,348.0000,4,348.0000
2002-12-10,339.5000,339.5000,339.5000,339.5000,51,339.5000
2002-12-11,340.0000,340.0000,340.0000,347.5000,51,347.5000
2002-12-12,345.5000,345.5000,345.5000,345.5000,51,345.5000
2002-12-13,344.5000,344.5000,344.5000,344.5000,88,344.5000
2002-12-16,352.2500,352.5000,351.0000,355.0000,87,355.0000
2002-12-17,355.0000,356.5000,354.5000,361.5000,142,361.5000
2002-12-18,361.0000,364.0000,361.0000,356.0000,101,356.0000
2002-12-19,355.7500,357.0000,354.5000,350.2500,174,350.2500
2002-12-20,350.2500,350.2500,347.0000,342.7500,86,342.7500
2002-12-23,342.7500,344.5000,342.5000,345.7500,86,345.7500
2002-12-24,345.7500,345.7500,345.7500,345.7500,86,345.7500
2002-12-26,338.2500,338.2500,338.2500,338.2500,40,338.2500
2002-12-27,338.0000,340.0000,337.7500,333.0000,104,333.0000
2002-12-30,334.0000,334.7500,333.7500,329.0000,108,329.0000
2002-12-31,329.0000,330.0000,328.7500,325.0000,117,325.0000
2003-01-02,325.7500,326.0000,325.0000,328.7500,229,328.7500
2003-01-03,329.0000,330.7500,328.7500,330.5000,95,330.5000
2003-01-06,329.7500,330.0000,328.7500,331.5000,78,331.5000
2003-01-07,331.2500,333.0000,331.0000,327.7500,951,327.7500
2003-01-08,331.0000,335.0000,331.0000,337.0000,117,337.0000
2003-01-09,336.5000,338.7500,335.5000,329.0000,275,329.0000
2003-01-10,329.7500,330.5000,327.0000,319.2500,161,319.2500
2003-01-13,320.0000,321.0000,316.0000,311.2500,308,311.2500
2003-01-14,311.2500,313.0000,309.0000,314.2500,181,314.2500
2003-01-15,314.7500,314.7500,312.7500,312.7500,149,312.7500
2003-01-16,312.0000,314.0000,311.5000,311.0000,38,311.0000
2003-01-17,310.7500,311.0000,310.7500,316.7500,67,316.7500
2003-01-21,317.2500,318.0000,315.5000,319.2500,30,319.2500
2003-01-22,319.0000,320.0000,319.0000,314.5000,230,314.5000
2003-01-23,314.0000,315.0000,313.0000,311.7500,32,311.7500
2003-01-24,311.7500,312.2500,311.0000,318.5000,255,318.5000
2003-01-27,319.0000,322.7500,319.0000,310.5000,65,310.5000
2003-01-28,310.5000,312.0000,310.2500,317.0000,32,317.0000
2003-01-29,317.5000,318.5000,317.5000,313.0000,80,313.0000
2003-01-30,314.0000,315.0000,313.0000,315.0000,38,315.0000
2003-01-31,315.0000,315.5000,315.0000,320.5000,215,320.5000
2003-02-03,320.5000,322.0000,319.5000,323.5000,46,323.5000
2003-02-04,324.0000,324.5000,323.0000,324.0000,85,324.0000
2003-02-05,323.5000,324.0000,320.7500,324.0000,95,324.0000
2003-02-06,324.0000,324.5000,322.5000,327.0000,199,327.0000
2003-02-07,328.0000,331.0000,327.7500,331.0000,202,331.0000
2003-02-10,332.2500,334.0000,330.2500,334.7500,125,334.7500
2003-02-11,333.5000,335.0000,333.5000,330.0000,95,330.0000
2003-02-12,329.0000,330.5000,328.5000,325.5000,148,325.5000
2003-02-13,325.7500,326.0000,324.0000,326.5000,148,326.5000
2003-02-14,326.5000,328.7500,326.5000,334.2500,89,334.2500
2003-02-18,334.7500,335.0000,332.7500,335.5000,33,335.5000
2003-02-19,335.0000,336.0000,334.0000,327.7500,137,327.7500
2003-02-20,326.0000,326.5000,325.5000,332.0000,78,332.0000
2003-02-21,332.0000,334.0000,332.0000,328.5000,248,328.5000
2003-02-24,327.0000,327.5000,325.5000,321.5000,36,321.5000
2003-02-25,322.0000,323.0000,321.7500,320.5000,26,320.5000
2003-02-26,320.5000,321.2500,320.0000,319.7500,122,319.7500
2003-02-27,319.7500,319.7500,319.0000,309.0000,284,309.0000
2003-02-28,308.5000,312.0000,307.5000,312.5000,27,312.5000
2003-03-03,313.7500,316.5000,313.7500,318.2500,12,318.2500
2003-03-04,319.5000,321.0000,319.5000,326.5000,21,326.5000
2003-03-05,339.5000,339.5000,335.7500,321.5000,1,321.5000
2003-03-07,313.0000,313.0000,313.0000,313.0000,5,313.0000
2003-03-10,314.0000,314.0000,314.0000,311.7500,5,311.7500
2003-03-11,314.0000,314.0000,314.0000,311.7500,5,311.7500
2003-03-12,306.5000,306.5000,306.5000,306.5000,5,306.5000
2003-03-13,310.5000,310.5000,310.5000,310.5000,5,310.5000
2003-03-14,311.0000,311.0000,311.0000,311.0000,104,311.0000
2003-03-17,298.5000,300.0000,297.5000,292.7500,105,292.7500
2003-03-18,292.5000,292.7500,291.5000,296.0000,57,296.0000
2003-03-19,296.0000,296.0000,294.5000,294.7500,612,294.7500
2003-03-20,296.0000,299.0000,296.0000,294.7500,165,294.7500
2003-03-21,296.0000,297.5000,293.7500,286.0000,158,286.0000
2003-03-24,285.5000,287.7500,285.2500,281.0000,80,281.0000
2003-03-25,282.0000,282.2500,281.5000,281.0000,41,281.0000
2003-03-26,283.0000,283.0000,282.2500,284.2500,32,284.2500
2003-03-27,284.0000,285.7500,284.0000,283.5000,26,283.5000
2003-03-28,283.5000,284.5000,282.5000,279.2500,125,279.2500
2003-03-31,279.2500,279.5000,278.0000,286.7500,17,286.7500
2003-04-01,286.7500,288.0000,285.0000,283.0000,69,283.0000
2003-04-02,284.0000,286.5000,284.0000,287.5000,36,287.5000
2003-04-03,287.0000,287.7500,287.0000,281.5000,60,281.5000
2003-04-04,282.5000,283.5000,282.5000,285.0000,125,285.0000
2003-04-07,286.5000,288.0000,286.0000,290.2500,69,290.2500
2003-04-08,290.0000,290.0000,288.5000,283.5000,33,283.5000
2003-04-09,284.2500,284.7500,284.0000,287.0000,193,287.0000
2003-04-10,286.5000,288.7500,285.0000,285.5000,23,285.5000
2003-04-11,286.2500,287.0000,284.2500,284.2500,82,284.2500
2003-04-14,284.0000,284.5000,283.5000,280.7500,47,280.7500
2003-04-15,281.0000,283.0000,281.0000,286.0000,41,286.0000
2003-04-16,286.0000,286.0000,284.0000,281.7500,23,281.7500
2003-04-17,281.7500,283.0000,280.2500,286.0000,18,286.0000
2003-04-21,285.5000,286.0000,285.0000,290.2500,58,290.2500
2003-04-22,290.0000,290.7500,289.7500,288.2500,72,288.2500
2003-04-23,288.0000,288.2500,287.0000,294.2500,94,294.2500
2003-04-24,295.0000,298.0000,295.0000,292.7500,8,292.7500
2003-04-25,292.5000,292.5000,292.2500,292.5000,9,292.5000
2003-04-28,292.5000,292.5000,290.5000,285.2500,40,285.2500
2003-04-29,286.0000,286.0000,284.0000,280.0000,39,280.0000
2003-04-30,282.0000,282.0000,279.0000,279.5000,70,279.5000
2003-05-01,278.0000,278.0000,276.7500,275.5000,70,275.5000
2003-05-02,277.5000,277.5000,277.5000,277.5000,2,277.5000
2003-05-05,279.2500,279.2500,279.2500,282.2500,2,282.2500
2003-05-06,287.0000,287.0000,287.0000,287.0000,2,287.0000
2003-05-07,296.0000,296.0000,296.0000,296.0000,2,296.0000
2003-05-08,297.0000,297.0000,297.0000,293.5000,2,293.5000
2003-05-09,317.0000,317.0000,317.0000,317.0000,2,317.0000
2003-05-12,326.0000,326.0000,326.0000,326.0000,3,326.0000
2003-05-13,325.0000,329.0000,324.0000,326.0000,3,326.0000
2003-05-14,325.0000,329.0000,324.0000,326.0000,288,326.0000
2003-05-15,328.5000,329.0000,327.5000,338.7500,302,338.7500
2003-05-16,338.0000,340.2500,338.0000,338.5000,392,338.5000
2003-05-19,337.0000,337.0000,334.2500,328.5000,242,328.5000
2003-05-20,327.0000,328.0000,326.5000,335.0000,154,335.0000
2003-05-21,333.2500,337.0000,333.2500,332.2500,96,332.2500
2003-05-22,332.0000,332.5000,331.0000,325.5000,317,325.5000
2003-05-23,325.5000,325.5000,323.0000,322.7500,281,322.7500
2003-05-27,321.0000,322.0000,320.5000,327.5000,131,327.5000
2003-05-28,327.0000,329.5000,325.2500,319.0000,170,319.0000
2003-05-29,318.5000,319.0000,318.0000,324.0000,142,324.0000
2003-05-30,324.0000,325.2500,324.0000,324.2500,517,324.2500
2003-06-02,325.0000,326.2500,323.0000,318.7500,354,318.7500
2003-06-03,318.7500,320.0000,318.2500,319.5000,171,319.5000
2003-06-04,319.5000,321.0000,319.0000,313.5000,281,313.5000
2003-06-05,314.0000,314.2500,312.5000,320.5000,147,320.5000
2003-06-06,320.0000,321.2500,320.0000,320.5000,147,320.5000
2003-06-09,320.5000,320.5000,319.5000,327.2500,201,327.2500
2003-06-10,327.0000,328.0000,326.5000,333.7500,336,333.7500
2003-06-11,332.7500,334.0000,332.2500,330.5000,207,330.5000
2003-06-12,330.2500,331.0000,329.2500,337.0000,130,337.0000
2003-06-13,336.0000,337.5000,336.0000,317.7500,493,317.7500
2003-06-16,318.0000,320.5000,317.5000,316.0000,125,316.0000
2003-06-17,316.0000,317.0000,314.7500,316.7500,90,316.7500
2003-06-18,317.2500,318.7500,317.2500,316.5000,99,316.5000
2003-06-19,316.5000,317.5000,315.0000,315.7500,313,315.7500
2003-06-20,314.0000,314.0000,312.2500,311.7500,313,311.7500
2003-06-23,310.5000,311.7500,310.5000,307.0000,264,307.0000
2003-06-24,306.0000,306.0000,304.5000,302.2500,49,302.2500
2003-06-25,300.5000,303.2500,300.5000,301.0000,76,301.0000
2003-06-26,301.0000,301.0000,299.7500,298.5000,26,298.5000
2003-06-27,299.7500,300.0000,299.0000,295.2500,26,295.2500
2003-06-30,296.0000,299.0000,296.0000,301.7500,1,301.7500
2003-07-01,303.2500,303.2500,303.2500,306.2500,10,306.2500
2003-07-02,304.0000,304.0000,303.2500,306.5000,10,306.5000
2003-07-03,303.2500,303.2500,303.2500,303.2500,20,303.2500
2003-07-07,301.7500,303.0000,301.7500,298.2500,4,298.2500
2003-07-08,299.0000,299.0000,297.5000,300.0000,50,300.0000
2003-07-09,310.0000,310.0000,310.0000,310.0000,50,310.0000
2003-07-10,309.7500,309.7500,309.7500,309.7500,50,309.7500
2003-07-11,314.5000,314.5000,314.5000,314.5000,50,314.5000
2003-07-14,315.5000,315.5000,315.5000,315.5000,100,315.5000
2003-07-15,318.7500,319.0000,317.0000,315.2500,121,315.2500
2003-07-16,315.2500,315.5000,314.0000,320.7500,267,320.7500
2003-07-17,320.7500,323.0000,320.7500,327.5000,200,327.5000
2003-07-18,326.0000,328.7500,325.0000,335.5000,228,335.5000
2003-07-21,335.0000,335.5000,334.7500,334.5000,100,334.5000
2003-07-22,334.5000,334.5000,333.5000,333.2500,56,333.2500
2003-07-23,333.0000,334.0000,332.7500,346.2500,274,346.2500
2003-07-24,345.5000,346.5000,344.7500,343.5000,174,343.5000
2003-07-25,343.0000,343.0000,341.0000,342.5000,181,342.5000
2003-07-28,341.5000,345.5000,341.5000,349.5000,235,349.5000
2003-07-29,350.0000,352.2500,350.0000,347.2500,154,347.2500
2003-07-30,347.2500,347.2500,343.5000,339.2500,227,339.2500
2003-07-31,339.0000,340.5000,336.2500,348.5000,227,348.5000
2003-08-01,348.5000,350.5000,348.5000,351.0000,96,351.0000
2003-08-04,352.0000,352.0000,349.5000,354.0000,66,354.0000
2003-08-05,354.2500,357.0000,354.2500,349.7500,185,349.7500
2003-08-06,352.0000,353.0000,351.0000,358.5000,74,358.5000
2003-08-07,358.5000,359.7500,358.5000,357.2500,133,357.2500
2003-08-08,356.2500,357.7500,356.2500,357.5000,54,357.5000
2003-08-11,357.0000,357.5000,355.2500,358.5000,54,358.5000
2003-08-12,359.0000,361.5000,359.0000,361.7500,101,361.7500
2003-08-13,360.2500,361.5000,360.2500,365.0000,474,365.0000
2003-08-14,367.0000,371.0000,367.0000,368.2500,56,368.2500
2003-08-15,369.7500,370.0000,368.7500,378.5000,476,378.5000
2003-08-18,381.5000,385.7500,381.5000,383.5000,476,383.5000
2003-08-19,382.0000,382.0000,379.2500,369.2500,112,369.2500
2003-08-20,369.0000,370.2500,368.0000,366.0000,55,366.0000
2003-08-21,366.7500,368.0000,365.0000,363.0000,47,363.0000
2003-08-22,363.0000,364.0000,362.7500,362.7500,59,362.7500
2003-08-25,362.5000,363.0000,361.0000,358.2500,84,358.2500
2003-08-26,362.2500,366.5000,362.2500,361.0000,9,361.0000
2003-08-27,361.0000,362.0000,360.0000,360.7500,9,360.7500
2003-08-28,360.7500,362.0000,360.7500,358.7500,14,358.7500
2003-08-29,359.5000,359.5000,358.7500,367.5000,4,367.5000
2003-09-02,365.2500,365.5000,365.2500,363.2500,2,363.2500
2003-09-03,358.5000,358.5000,358.5000,358.5000,2,358.5000
2003-09-04,354.0000,354.0000,354.0000,354.0000,2,354.0000
2003-09-05,345.0000,345.0000,345.0000,345.0000,2,345.0000
2003-09-08,348.5000,348.5000,348.5000,348.5000,2,348.5000
2003-09-09,347.0000,347.0000,347.0000,347.0000,2,347.0000
2003-09-10,345.0000,345.0000,345.0000,345.0000,2,345.0000
2003-09-11,340.0000,340.0000,340.0000,340.0000,2,340.0000
2003-09-12,338.5000,338.5000,338.5000,338.5000,143,338.5000
2003-09-15,353.2500,353.2500,352.0000,356.2500,213,356.2500
2003-09-16,356.2500,358.5000,356.2500,353.5000,96,353.5000
2003-09-17,353.2500,353.2500,352.0000,349.5000,400,349.5000
2003-09-18,348.0000,348.5000,346.5000,340.7500,378,340.7500
2003-09-19,341.0000,343.5000,341.0000,347.2500,378,347.2500
2003-09-22,346.5000,350.0000,346.5000,345.5000,176,345.5000
2003-09-23,345.7500,346.7500,345.5000,344.7500,170,344.7500
2003-09-24,345.2500,346.5000,345.0000,353.0000,379,353.0000
2003-09-25,353.0000,356.0000,352.5000,360.5000,349,360.5000
2003-09-26,360.5000,362.0000,360.0000,359.5000,299,359.5000
2003-09-29,358.7500,359.0000,357.2500,355.2500,139,355.2500
2003-09-30,355.0000,356.0000,354.7500,360.2500,79,360.2500
2003-10-01,360.2500,360.5000,359.5000,364.2500,407,364.2500
2003-10-02,364.2500,367.2500,364.2500,359.0000,231,359.0000
2003-10-03,359.2500,359.5000,357.5000,352.2500,661,352.2500
2003-10-06,349.0000,349.5000,347.7500,341.0000,497,341.0000
2003-10-07,342.5000,342.5000,339.2500,332.5000,316,332.5000
2003-10-08,333.0000,334.0000,332.0000,327.7500,407,327.7500
2003-10-09,328.0000,328.7500,327.5000,327.2500,179,327.2500
2003-10-10,327.5000,328.2500,327.0000,326.7500,207,326.7500
2003-10-13,328.0000,328.5000,325.7500,334.0000,486,334.0000
2003-10-14,334.0000,336.5000,334.0000,325.5000,180,325.5000
2003-10-15,326.0000,326.2500,323.5000,334.5000,288,334.5000
2003-10-16,335.0000,335.7500,334.0000,336.2500,278,336.2500
2003-10-17,337.2500,337.2500,335.5000,328.2500,154,328.2500
2003-10-20,328.2500,330.5000,328.2500,333.7500,51,333.7500
2003-10-21,333.7500,333.7500,332.7500,340.5000,215,340.5000
2003-10-22,341.0000,342.5000,341.0000,354.5000,1550,354.5000
2003-10-23,354.5000,363.5000,354.5000,369.5000,477,369.5000
2003-10-24,369.0000,370.5000,367.5000,369.2500,867,369.2500
2003-10-27,369.5000,382.0000,369.5000,367.2500,636,367.2500
2003-10-28,366.5000,369.0000,365.2500,377.2500,1144,377.2500
2003-10-29,379.0000,383.2500,379.0000,375.7500,307,375.7500
2003-10-30,375.5000,376.5000,372.5000,369.0000,393,369.0000
2003-10-31,368.7500,369.0000,365.0000,369.5000,189,369.5000
2003-11-03,370.5000,374.0000,367.0000,365.0000,380,365.0000
2003-11-04,367.0000,369.5000,367.0000,363.5000,480,363.5000
2003-11-05,364.7500,365.5000,361.5000,378.0000,605,378.0000
2003-11-06,380.0000,382.5000,379.5000,375.5000,323,375.5000
2003-11-07,375.2500,376.5000,373.0000,378.0000,241,378.0000
2003-11-10,378.0000,382.7500,378.0000,383.0000,329,383.0000
2003-11-11,385.0000,388.0000,385.0000,389.0000,595,389.0000
2003-11-12,389.0000,389.0000,386.0000,403.5000,379,403.5000
2003-11-13,405.0000,406.0000,402.5000,405.7500,190,405.7500
2003-11-14,406.5000,407.2500,404.2500,405.5000,194,405.5000
2003-11-17,405.5000,406.7500,402.2500,399.7500,158,399.7500
2003-11-18,398.7500,399.7500,397.5000,388.2500,259,388.2500
2003-11-19,388.2500,388.7500,385.2500,363.5000,571,363.5000
2003-11-20,364.0000,367.7500,364.0000,373.5000,316,373.5000
2003-11-21,373.7500,375.5000,373.7500,383.2500,24433,383.2500
2003-11-24,398.0000,402.0000,387.0000,390.2500,23876,390.2500
2003-11-25,386.5000,400.0000,384.5000,398.7500,16282,398.7500
2003-11-26,400.0000,402.0000,394.5000,398.5000,14006,398.5000
2003-11-28,400.0000,408.0000,399.0000,406.7500,15102,406.7500
2003-12-01,409.5000,411.0000,405.5000,408.7500,17639,408.7500
2003-12-02,406.5000,408.0000,399.0000,406.5000,23097,406.5000
2003-12-03,408.5000,415.5000,408.5000,414.7500,24893,414.7500
2003-12-04,415.0000,421.5000,410.5000,411.0000,22955,411.0000
2003-12-05,408.0000,408.0000,399.5000,403.2500,16494,403.2500
2003-12-08,404.0000,410.0000,400.0000,409.5000,14662,409.5000
2003-12-09,413.0000,413.7500,402.2500,406.5000,21266,406.5000
2003-12-10,405.0000,406.5000,394.0000,398.7500,26295,398.7500
2003-12-11,396.0000,396.0000,385.2500,389.7500,12224,389.7500
2003-12-12,386.0000,394.5000,384.0000,393.5000,16846,393.5000
2003-12-15,392.0000,393.0000,382.0000,386.5000,12524,386.5000
2003-12-16,383.5000,390.0000,381.5000,389.5000,14147,389.5000
2003-12-17,388.0000,390.5000,382.5000,386.0000,14517,386.0000
2003-12-18,387.5000,395.5000,384.5000,393.2500,14288,393.2500
2003-12-19,396.0000,398.0000,387.0000,394.2500,10865,394.2500
2003-12-22,392.0000,393.0000,385.0000,385.5000,37063,385.5000
2003-12-23,382.0000,382.0000,369.0000,370.5000,23792,370.5000
2003-12-24,359.0000,369.0000,358.0000,363.0000,11590,363.0000
2003-12-26,362.5000,369.5000,362.0000,366.0000,10609,366.0000
2003-12-29,363.5000,370.5000,363.0000,364.0000,431,364.0000
2003-12-30,386.5000,388.5000,386.5000,396.2500,431,396.2500
2003-12-31,386.5000,386.5000,377.0000,377.0000,159,377.0000
2004-01-02,377.5000,383.0000,377.5000,405.7500,799,405.7500
2004-01-05,402.7500,403.5000,398.5000,398.5000,123,398.5000
2004-01-06,399.5000,401.0000,397.5000,394.5000,320,394.5000
2004-01-07,393.5000,394.5000,390.5000,395.5000,536,395.5000
2004-01-08,395.5000,395.5000,391.5000,394.0000,153,394.0000
2004-01-09,394.5000,397.2500,394.0000,385.5000,527,385.5000
2004-01-12,385.0000,388.5000,384.0000,399.2500,878,399.2500
2004-01-13,400.7500,406.0000,398.5000,392.0000,389,392.0000
2004-01-14,393.0000,394.0000,391.0000,395.2500,258,395.2500
2004-01-15,396.0000,398.0000,396.0000,386.2500,395,386.2500
2004-01-16,385.2500,385.2500,382.5000,398.0000,293,398.0000
2004-01-20,398.0000,398.7500,395.2500,395.5000,224,395.5000
2004-01-21,395.5000,397.0000,394.0000,392.0000,214,392.0000
2004-01-22,392.0000,393.0000,391.0000,387.0000,226,387.0000
2004-01-23,385.5000,387.0000,385.5000,381.5000,475,381.5000
2004-01-26,379.5000,381.0000,378.5000,381.2500,329,381.2500
2004-01-27,381.5000,382.0000,377.5000,380.0000,368,380.0000
2004-01-28,380.0000,380.0000,377.5000,374.7500,303,374.7500
2004-01-29,374.2500,376.0000,374.0000,380.2500,339,380.2500
2004-01-30,382.2500,384.5000,382.2500,389.0000,143,389.0000
2004-02-02,388.0000,388.0000,385.5000,385.0000,144,385.0000
2004-02-03,385.2500,386.0000,384.2500,380.5000,135,380.5000
2004-02-04,380.5000,380.7500,379.0000,376.0000,373,376.0000
2004-02-05,375.0000,378.7500,375.0000,381.0000,390,381.0000
2004-02-06,382.5000,385.5000,382.0000,378.5000,401,378.5000
2004-02-09,378.0000,378.0000,375.0000,382.2500,170,382.2500
2004-02-10,383.0000,384.5000,382.5000,384.5000,327,384.5000
2004-02-11,385.2500,387.2500,384.0000,388.5000,83,388.5000
2004-02-12,389.7500,391.0000,389.0000,386.7500,20,386.7500
2004-02-13,386.7500,387.5000,386.7500,380.2500,95,380.2500
2004-02-17,381.5000,383.0000,379.5000,375.2500,293,375.2500
2004-02-18,376.5000,377.0000,374.0000,364.5000,231,364.5000
2004-02-19,365.0000,365.7500,363.7500,372.7500,80,372.7500
2004-02-20,372.7500,375.0000,372.7500,371.5000,186,371.5000
2004-02-23,373.2500,375.5000,371.5000,391.0000,195,391.0000
2004-02-24,390.5000,391.0000,388.5000,392.5000,84,392.5000
2004-02-25,390.5000,393.7500,390.5000,387.2500,48,387.2500
2004-02-26,386.5000,387.0000,386.0000,387.5000,88,387.5000
2004-02-27,386.0000,388.2500,385.0000,380.7500,88,380.7500
2004-03-01,375.0000,375.0000,375.0000,375.0000,88,375.0000
2004-03-02,374.0000,374.0000,374.0000,374.0000,6,374.0000
2004-03-03,372.5000,372.5000,371.2500,369.5000,6,369.5000
2004-03-04,370.7500,370.7500,370.7500,370.7500,6,370.7500
2004-03-05,366.5000,366.5000,366.5000,366.5000,6,366.5000
2004-03-08,360.2500,360.2500,360.2500,360.2500,6,360.2500
2004-03-09,363.0000,363.0000,363.0000,363.0000,6,363.0000
2004-03-10,359.0000,359.0000,359.0000,359.0000,6,359.0000
2004-03-11,355.0000,355.0000,355.0000,355.0000,6,355.0000
2004-03-12,357.0000,357.0000,357.0000,357.0000,257,357.0000
2004-03-15,365.0000,368.7500,365.0000,373.0000,171,373.0000
2004-03-16,373.5000,374.5000,372.0000,372.0000,291,372.0000
2004-03-17,373.0000,375.5000,373.0000,391.5000,492,391.5000
2004-03-18,389.2500,394.2500,389.2500,398.0000,169,398.0000
2004-03-19,397.0000,398.0000,396.0000,392.7500,322,392.7500
2004-03-22,394.5000,398.0000,394.5000,422.7500,798,422.7500
2004-03-23,421.5000,422.0000,418.0000,413.0000,354,413.0000
2004-03-24,413.5000,417.0000,412.7500,412.0000,243,412.0000
2004-03-25,412.0000,412.5000,409.0000,408.0000,330,408.0000
2004-03-26,407.0000,407.0000,405.5000,405.2500,355,405.2500
2004-03-29,406.0000,406.0000,402.7500,405.7500,342,405.7500
2004-03-30,406.7500,408.7500,405.0000,415.2500,125,415.2500
2004-03-31,414.5000,416.0000,413.7500,408.0000,463,408.0000
2004-04-01,408.2500,409.7500,405.5000,410.5000,208,410.5000
2004-04-02,411.0000,412.2500,409.5000,416.2500,378,416.2500
2004-04-05,415.0000,421.0000,415.0000,414.0000,154,414.0000
2004-04-06,412.0000,413.5000,411.0000,416.5000,380,416.5000
2004-04-07,415.0000,417.7500,415.0000,415.0000,693,415.0000
2004-04-08,416.2500,418.5000,415.0000,414.5000,282,414.5000
2004-04-12,413.5000,413.5000,406.0000,407.5000,259,407.5000
2004-04-13,406.5000,407.5000,402.7500,393.0000,300,393.0000
2004-04-14,393.0000,393.2500,390.0000,401.2500,136,401.2500
2004-04-15,402.0000,404.0000,401.5000,383.0000,273,383.0000
2004-04-16,384.0000,385.5000,383.0000,388.5000,297,388.5000
2004-04-19,389.7500,392.5000,387.5000,394.0000,24,394.0000
2004-04-20,394.5000,395.5000,391.0000,397.0000,209,397.0000
2004-04-21,397.7500,399.0000,393.0000,385.0000,41,385.0000
2004-04-22,386.0000,386.0000,383.5000,379.0000,146,379.0000
2004-04-23,379.0000,379.7500,374.2500,373.0000,14,373.0000
2004-04-26,371.0000,371.2500,369.0000,374.0000,52,374.0000
2004-04-27,374.5000,375.5000,374.5000,378.2500,36,378.2500
2004-04-28,381.0000,381.0000,380.2500,372.5000,36,372.5000
2004-04-29,373.2500,373.2500,373.2500,380.0000,30,380.0000
2004-04-30,381.5000,383.0000,380.5000,381.5000,8,381.5000
2004-05-03,380.5000,380.5000,379.7500,387.2500,8,387.2500
2004-05-04,403.5000,403.5000,403.5000,403.5000,8,403.5000
2004-05-05,399.0000,399.0000,399.0000,399.0000,8,399.0000
2004-05-06,394.5000,394.5000,394.5000,394.5000,8,394.5000
2004-05-10,378.5000,378.5000,378.5000,378.5000,8,378.5000
2004-05-11,370.0000,370.0000,370.0000,370.0000,8,370.0000
2004-05-12,362.0000,362.0000,362.0000,362.0000,8,362.0000
2004-05-13,362.2500,362.2500,362.2500,362.2500,8,362.2500
2004-05-14,354.0000,354.0000,354.0000,354.0000,604,354.0000
2004-05-17,358.5000,360.5000,356.0000,367.7500,422,367.7500
2004-05-18,366.7500,368.7500,365.5000,370.5000,349,370.5000
2004-05-19,370.5000,374.0000,370.5000,377.0000,678,377.0000
2004-05-20,377.5000,378.2500,374.0000,370.2500,157,370.2500
2004-05-21,370.0000,370.7500,368.5000,368.2500,380,368.2500
2004-05-24,370.7500,373.0000,370.5000,378.5000,601,378.5000
2004-05-25,378.7500,382.2500,378.0000,378.0000,155,378.0000
2004-05-26,378.5000,379.5000,376.0000,381.5000,165,381.5000
2004-05-27,381.7500,382.2500,380.5000,369.2500,362,369.2500
2004-05-28,368.0000,372.0000,366.2500,362.0000,1741,362.0000
2004-06-01,365.0000,380.0000,365.0000,388.2500,545,388.2500
2004-06-02,387.7500,387.7500,380.5000,375.0000,362,375.0000
2004-06-03,374.5000,374.5000,370.5000,367.2500,189,367.2500
2004-06-04,367.2500,371.0000,367.2500,370.0000,516,370.0000
2004-06-07,368.2500,370.0000,364.2500,363.0000,198,363.0000
2004-06-08,363.0000,365.0000,361.5000,363.0000,316,363.0000
2004-06-09,363.7500,366.0000,363.0000,360.0000,420,360.0000
2004-06-10,361.0000,361.5000,360.5000,350.5000,327,350.5000
2004-06-11,350.5000,352.5000,349.5000,350.5000,467,350.5000
2004-06-14,351.0000,353.2500,349.2500,356.5000,472,356.5000
2004-06-15,356.7500,358.2500,354.7500,351.0000,193,351.0000
2004-06-16,351.0000,353.0000,351.0000,352.0000,258,352.0000
2004-06-17,352.5000,354.7500,352.5000,352.5000,107,352.5000
2004-06-18,352.2500,353.0000,352.0000,352.7500,54,352.7500
2004-06-21,352.0000,352.0000,350.0000,354.2500,88,354.2500
2004-06-22,351.2500,353.5000,351.0000,343.7500,376,343.7500
2004-06-23,344.0000,346.0000,343.2500,345.2500,73,345.2500
2004-06-24,346.0000,347.0000,345.0000,339.5000,132,339.5000
2004-06-25,339.7500,340.0000,339.2500,341.2500,163,341.2500
2004-06-28,343.0000,343.0000,339.5000,338.5000,97,338.5000
2004-06-29,338.7500,342.0000,338.7500,337.5000,220,337.5000
2004-06-30,337.5000,338.0000,336.7500,338.0000,19,338.0000
2004-07-01,335.2500,338.0000,335.2500,330.5000,35,330.5000
2004-07-02,331.0000,332.0000,330.0000,335.0000,7,335.0000
2004-07-06,333.0000,336.0000,333.0000,338.5000,28,338.5000
2004-07-07,338.5000,338.5000,338.5000,341.0000,14,341.0000
2004-07-08,339.7500,342.2500,339.0000,334.0000,14,334.0000
2004-07-09,330.0000,330.0000,330.0000,330.0000,14,330.0000
2004-07-12,339.0000,339.0000,339.0000,339.0000,14,339.0000
2004-07-13,333.0000,333.0000,333.0000,333.0000,14,333.0000
2004-07-14,337.0000,337.0000,337.0000,337.0000,153,337.0000
2004-07-15,345.5000,346.2500,345.0000,333.2500,172,333.2500
2004-07-16,332.0000,333.0000,331.0000,333.2500,166,333.2500
2004-07-19,334.2500,334.2500,332.7500,335.5000,86,335.5000
2004-07-20,335.5000,336.7500,335.5000,331.2500,106,331.2500
2004-07-21,332.0000,332.0000,330.5000,324.0000,168,324.0000
2004-07-22,324.2500,324.7500,323.7500,322.7500,178,322.7500
2004-07-23,323.2500,324.5000,323.0000,328.7500,169,328.7500
2004-07-26,328.7500,329.2500,324.2500,323.7500,61,323.7500
2004-07-27,324.0000,324.5000,321.5000,321.2500,171,321.2500
2004-07-28,321.0000,322.0000,319.5000,314.7500,256,314.7500
2004-07-29,314.7500,315.0000,314.0000,312.7500,41,312.7500
2004-07-30,312.7500,312.7500,310.7500,312.2500,170,312.2500
2004-08-02,310.7500,314.5000,310.7500,317.0000,126,317.0000
2004-08-03,317.0000,318.5000,315.2500,317.0000,415,317.0000
2004-08-04,317.5000,319.5000,317.5000,318.5000,63,318.5000
2004-08-05,319.0000,320.2500,319.0000,321.5000,29,321.5000
2004-08-06,321.5000,322.2500,321.5000,315.7500,359,315.7500
2004-08-09,317.7500,318.7500,316.0000,316.0000,342,316.0000
2004-08-10,316.5000,317.2500,315.0000,312.0000,41,312.0000
2004-08-11,312.7500,314.0000,312.5000,304.7500,168,304.7500
2004-08-12,304.5000,304.7500,303.5000,299.5000,145,299.5000
2004-08-13,300.2500,301.0000,299.5000,299.5000,143,299.5000
2004-08-16,299.5000,299.7500,298.0000,302.7500,65,302.7500
2004-08-17,303.2500,306.0000,303.2500,308.7500,274,308.7500
2004-08-18,308.0000,308.7500,306.0000,301.7500,21,301.7500
2004-08-19,301.2500,302.0000,301.2500,309.5000,63,309.5000
2004-08-20,309.2500,311.0000,309.0000,312.0000,157,312.0000
2004-08-23,312.5000,312.5000,310.0000,321.0000,382,321.0000
2004-08-24,320.0000,320.5000,319.5000,311.5000,140,311.5000
2004-08-25,312.2500,313.0000,311.7500,306.0000,38,306.0000
2004-08-26,306.0000,307.5000,305.5000,305.7500,1,305.7500
2004-08-27,306.5000,306.5000,306.5000,301.5000,37,301.5000
2004-08-30,301.5000,302.7500,301.5000,303.2500,71,303.2500
2004-08-31,302.0000,305.0000,302.0000,309.7500,8,309.7500
2004-09-01,310.2500,310.2500,308.7500,317.5000,52,317.5000
2004-09-02,319.0000,319.0000,317.2500,311.2500,52,311.2500
2004-09-03,308.0000,308.0000,308.0000,308.0000,52,308.0000
2004-09-07,305.7500,305.7500,305.7500,305.7500,1,305.7500
2004-09-08,306.7500,306.7500,306.7500,309.2500,1,309.2500
2004-09-09,311.5000,311.5000,311.5000,311.5000,1,311.5000
2004-09-10,323.0000,323.0000,323.0000,323.0000,1,323.0000
2004-09-13,328.5000,328.5000,328.5000,328.5000,1,328.5000
2004-09-14,327.2500,327.2500,327.2500,327.2500,259,327.2500
2004-09-15,330.5000,332.5000,330.0000,337.2500,285,337.2500
2004-09-16,337.2500,339.2500,336.5000,338.2500,215,338.2500
2004-09-17,337.7500,339.0000,337.0000,333.2500,227,333.2500
2004-09-20,333.2500,333.2500,331.5000,328.7500,127,328.7500
2004-09-21,328.7500,329.2500,328.2500,334.7500,171,334.7500
2004-09-22,335.5000,336.5000,335.0000,325.7500,121,325.7500
2004-09-23,325.7500,326.7500,325.7500,325.2500,480,325.2500
2004-09-24,325.7500,327.7500,325.7500,321.7500,134,321.7500
2004-09-27,321.7500,323.2500,321.5000,320.5000,238,320.5000
2004-09-28,320.0000,320.7500,315.5000,315.7500,131,315.7500
2004-09-29,316.5000,318.5000,316.0000,319.7500,161,319.7500
2004-09-30,319.2500,321.0000,319.0000,306.7500,352,306.7500
2004-10-01,307.5000,308.5000,306.7500,303.7500,278,303.7500
2004-10-04,303.5000,305.5000,302.2500,302.5000,203,302.5000
2004-10-05,303.0000,304.2500,302.2500,306.2500,172,306.2500
2004-10-06,306.0000,306.2500,305.0000,302.0000,192,302.0000
2004-10-07,303.0000,304.0000,301.0000,302.7500,96,302.7500
2004-10-08,302.7500,303.7500,302.0000,303.2500,81,303.2500
2004-10-11,301.0000,303.5000,301.0000,303.0000,204,303.0000
2004-10-12,302.5000,303.5000,301.0000,311.0000,550,311.0000
2004-10-13,311.2500,312.5000,309.5000,312.0000,364,312.0000
2004-10-14,312.0000,313.5000,311.0000,314.0000,151,314.0000
2004-10-15,314.0000,315.0000,313.5000,319.2500,194,319.2500
2004-10-18,318.7500,319.5000,317.0000,314.7500,261,314.7500
2004-10-19,314.2500,315.0000,312.7500,319.2500,114,319.2500
2004-10-20,319.2500,320.5000,319.0000,313.5000,166,313.5000
2004-10-21,312.7500,314.0000,312.2500,311.7500,75,311.7500
2004-10-22,311.7500,312.0000,310.2500,308.5000,61,308.5000
2004-10-25,309.2500,309.7500,308.7500,316.0000,150,316.0000
2004-10-26,315.2500,317.0000,315.2500,315.5000,211,315.5000
2004-10-27,316.0000,316.5000,315.0000,319.2500,574,319.2500
2004-10-28,320.5000,321.7500,318.0000,322.2500,109,322.2500
2004-10-29,321.7500,322.2500,321.5000,316.5000,96,316.5000
2004-11-01,316.5000,316.5000,314.5000,306.2500,90,306.2500
2004-11-02,307.5000,307.5000,305.5000,302.2500,273,302.2500
2004-11-03,302.2500,303.7500,301.7500,300.2500,306,300.2500
2004-11-04,301.5000,302.0000,300.5000,303.0000,89,303.0000
2004-11-05,303.0000,304.0000,301.7500,306.5000,126,306.5000
2004-11-08,306.5000,307.5000,304.7500,308.7500,256,308.7500
2004-11-09,308.7500,310.0000,308.7500,304.5000,192,304.5000
2004-11-10,304.7500,305.7500,304.7500,303.5000,168,303.5000
2004-11-11,303.2500,305.0000,303.2500,302.7500,256,302.7500
2004-11-12,303.0000,303.0000,300.0000,302.7500,174,302.7500
2004-11-15,303.0000,304.2500,303.0000,306.2500,353,306.2500
2004-11-16,306.5000,308.2500,306.5000,310.7500,578,310.7500
2004-11-17,310.7500,314.0000,310.7500,318.5000,324,318.5000
2004-11-18,318.2500,319.0000,317.0000,316.2500,172,316.2500
2004-11-19,315.5000,315.5000,314.5000,309.7500,262,309.7500
2004-11-22,310.5000,310.7500,309.7500,302.0000,263,302.0000
2004-11-23,302.5000,303.5000,302.0000,300.5000,162,300.5000
2004-11-24,302.2500,302.2500,300.5000,299.2500,97,299.2500
2004-11-26,300.0000,301.7500,299.7500,291.2500,300,291.2500
2004-11-29,292.5000,292.7500,290.7500,287.0000,75,287.0000
2004-11-30,288.0000,289.7500,287.7500,289.7500,23,289.7500
2004-12-01,289.5000,290.0000,289.5000,286.0000,20,286.0000
2004-12-02,287.0000,288.0000,286.5000,283.5000,7,283.5000
2004-12-03,291.0000,291.0000,291.0000,291.0000,7,291.0000
2004-12-06,293.0000,293.0000,293.0000,293.0000,7,293.0000
2004-12-07,287.0000,287.0000,287.0000,287.0000,7,287.0000
2004-12-08,287.2500,287.2500,287.2500,287.2500,7,287.2500
2004-12-09,290.0000,290.0000,290.0000,290.0000,7,290.0000
2004-12-10,284.0000,284.0000,284.0000,284.0000,7,284.0000
2004-12-13,286.7500,286.7500,286.7500,286.7500,7,286.7500
2004-12-14,285.0000,285.0000,285.0000,285.0000,441,285.0000
2004-12-15,301.2500,302.7500,301.0000,302.5000,199,302.5000
2004-12-16,304.0000,304.7500,302.7500,297.5000,189,297.5000
2004-12-17,297.7500,298.2500,297.0000,304.2500,869,304.2500
2004-12-20,305.5000,308.2500,305.5000,306.0000,310,306.0000
2004-12-21,305.2500,305.7500,304.2500,305.5000,122,305.5000
2004-12-22,305.7500,306.5000,304.7500,307.0000,144,307.0000
2004-12-23,308.0000,308.2500,307.0000,309.5000,286,309.5000
2004-12-27,310.0000,311.0000,309.7500,305.0000,216,305.0000
2004-12-28,305.0000,305.2500,298.0000,305.0000,77,305.0000
2004-12-29,304.2500,305.7500,304.0000,303.5000,57,303.5000
2004-12-30,303.7500,303.7500,302.5000,307.5000,57,307.5000
2004-12-31,307.5000,307.5000,307.5000,307.5000,294,307.5000
2005-01-03,307.5000,307.5000,305.5000,302.2500,144,302.2500
2005-01-04,301.7500,302.0000,300.5000,296.0000,481,296.0000
2005-01-05,295.7500,298.0000,295.2500,299.7500,181,299.7500
2005-01-06,299.2500,300.7500,299.2500,308.2500,961,308.2500
2005-01-07,309.2500,310.7500,309.0000,309.7500,158,309.7500
2005-01-10,309.2500,309.5000,307.5000,307.7500,397,307.7500
2005-01-11,306.5000,308.2500,306.5000,306.5000,339,306.5000
2005-01-12,306.2500,306.5000,304.7500,307.2500,389,307.2500
2005-01-13,307.5000,307.5000,305.0000,307.5000,278,307.5000
2005-01-14,307.2500,307.5000,306.2500,297.5000,480,297.5000
2005-01-18,297.7500,298.0000,295.5000,296.5000,187,296.5000
2005-01-19,297.0000,298.5000,296.2500,299.0000,149,299.0000
2005-01-20,298.2500,299.5000,298.0000,294.7500,247,294.7500
2005-01-21,295.0000,296.2500,294.7500,295.7500,253,295.7500
2005-01-24,296.5000,297.7500,296.5000,295.2500,51,295.2500
2005-01-25,295.2500,296.0000,294.5000,297.0000,81,297.0000
2005-01-26,297.5000,298.0000,297.5000,295.2500,614,295.2500
2005-01-27,295.0000,295.5000,293.5000,289.5000,230,289.5000
2005-01-28,289.7500,291.0000,289.5000,290.0000,122,290.0000
2005-01-31,289.7500,289.7500,288.2500,291.0000,203,291.0000
2005-02-01,291.2500,292.5000,291.2500,292.2500,286,292.2500
2005-02-02,292.7500,293.0000,291.7500,288.2500,89,288.2500
2005-02-03,288.2500,288.7500,288.0000,289.7500,337,289.7500
2005-02-04,290.0000,290.5000,290.0000,287.7500,179,287.7500
2005-02-07,288.5000,289.7500,288.2500,292.5000,577,292.5000
2005-02-08,294.0000,294.5000,293.5000,291.7500,367,291.7500
2005-02-09,292.0000,292.0000,291.2500,290.0000,248,290.0000
2005-02-10,290.0000,291.0000,289.5000,296.2500,412,296.2500
2005-02-11,295.5000,296.7500,295.2500,294.5000,708,294.5000
2005-02-14,295.0000,297.0000,295.0000,301.7500,330,301.7500
2005-02-15,302.0000,302.7500,300.7500,299.2500,250,299.2500
2005-02-16,298.7500,298.7500,297.5000,292.5000,225,292.5000
2005-02-17,292.5000,294.5000,292.0000,295.5000,285,295.5000
2005-02-18,295.0000,296.2500,295.0000,296.0000,793,296.0000
2005-02-22,297.0000,300.7500,297.0000,312.5000,275,312.5000
2005-02-23,310.5000,311.2500,309.2500,316.0000,121,316.0000
2005-02-24,316.0000,317.5000,315.0000,312.7500,70,312.7500
2005-02-25,310.7500,314.5000,310.7500,323.2500,86,323.2500
2005-02-28,323.7500,329.0000,323.7500,337.2500,39,337.2500
2005-03-01,333.0000,333.0000,331.0000,330.0000,22,330.0000
2005-03-02,331.5000,332.0000,331.5000,332.0000,13,332.0000
2005-03-03,331.0000,331.0000,329.0000,330.0000,11,330.0000
2005-03-04,329.7500,329.7500,325.7500,329.0000,8,329.0000
2005-03-07,330.0000,330.0000,330.0000,323.2500,8,323.2500
2005-03-08,329.0000,329.0000,329.0000,329.0000,8,329.0000
2005-03-09,333.5000,333.5000,333.5000,333.5000,44,333.5000
2005-03-10,332.0000,332.0000,330.2500,340.0000,44,340.0000
2005-03-11,351.5000,351.5000,351.5000,351.5000,44,351.5000
2005-03-14,348.0000,348.0000,348.0000,348.0000,900,348.0000
2005-03-15,354.2500,358.7500,354.0000,368.0000,797,368.0000
2005-03-16,366.0000,370.0000,363.5000,361.0000,768,361.0000
2005-03-17,359.5000,361.0000,357.5000,366.5000,768,366.5000
2005-03-18,365.2500,366.5000,362.5000,356.5000,771,356.5000
2005-03-21,355.2500,356.5000,352.5000,342.5000,441,342.5000
2005-03-22,343.0000,345.0000,342.7500,344.5000,1189,344.5000
2005-03-23,342.7500,343.0000,337.7500,336.7500,717,336.7500
2005-03-24,336.5000,337.5000,333.2500,338.5000,469,338.5000
2005-03-28,337.7500,337.7500,334.2500,336.0000,230,336.0000
2005-03-29,336.2500,336.7500,335.5000,334.5000,290,334.5000
2005-03-30,335.5000,336.5000,335.0000,333.5000,274,333.5000
2005-03-31,334.0000,335.0000,333.0000,331.0000,1024,331.0000
2005-04-01,331.5000,332.5000,328.2500,322.5000,615,322.5000
2005-04-04,322.5000,323.5000,321.2500,316.5000,127,316.5000
2005-04-05,316.5000,317.0000,315.5000,311.2500,544,311.2500
2005-04-06,311.7500,313.5000,310.2500,314.2500,253,314.2500
2005-04-07,314.2500,316.0000,314.0000,314.2500,739,314.2500
2005-04-08,315.2500,315.2500,314.5000,310.0000,223,310.0000
2005-04-11,310.5000,311.7500,310.5000,313.5000,1523,313.5000
2005-04-12,313.5000,316.5000,313.5000,311.0000,890,311.0000
2005-04-13,311.2500,311.2500,309.7500,310.5000,294,310.5000
2005-04-14,311.0000,311.2500,310.0000,309.0000,81,309.0000
2005-04-15,309.0000,309.0000,307.2500,305.2500,363,305.2500
2005-04-18,304.2500,304.2500,301.7500,301.7500,194,301.7500
2005-04-19,302.2500,303.0000,301.5000,308.0000,240,308.0000
2005-04-20,308.0000,312.0000,307.7500,310.7500,28,310.7500
2005-04-21,312.0000,312.2500,311.2500,311.0000,73,311.0000
2005-04-22,310.5000,312.5000,310.0000,309.2500,2068,309.2500
2005-04-25,314.0000,314.0000,312.0000,320.7500,193,320.7500
2005-04-26,319.7500,320.7500,319.5000,322.7500,71,322.7500
2005-04-27,323.2500,324.5000,323.0000,319.5000,16,319.5000
2005-04-28,319.5000,320.5000,319.5000,317.2500,25,317.2500
2005-04-29,318.0000,318.0000,315.0000,318.0000,6,318.0000
2005-05-02,315.0000,315.0000,312.0000,314.5000,6,314.5000
2005-05-03,308.2500,308.2500,308.2500,308.2500,6,308.2500
2005-05-04,308.2500,308.2500,308.2500,308.2500,1,308.2500
2005-05-05,309.0000,309.0000,309.0000,305.0000,1,305.0000
2005-05-06,309.5000,309.5000,309.5000,309.5000,2,309.5000
2005-05-09,309.7500,309.7500,309.7500,305.5000,2,305.5000
2005-05-10,312.5000,312.5000,312.5000,312.5000,0,312.5000
2005-05-11,306.0000,306.0000,306.0000,306.0000,0,306.0000
2005-05-12,301.5000,301.5000,301.5000,301.5000,0,301.5000
2005-05-13,296.5000,296.5000,296.5000,296.5000,673,296.5000
2005-05-16,303.7500,305.7500,303.5000,306.2500,516,306.2500
2005-05-17,307.5000,308.5000,306.0000,310.0000,193,310.0000
2005-05-18,310.0000,311.0000,309.2500,315.0000,406,315.0000
2005-05-19,315.0000,317.5000,315.0000,309.5000,151,309.5000
2005-05-20,309.5000,311.0000,308.7500,313.0000,1126,313.0000
2005-05-23,314.0000,318.0000,314.0000,333.7500,1288,333.7500
2005-05-24,332.0000,334.0000,329.5000,332.0000,781,332.0000
2005-05-25,331.0000,334.0000,329.0000,330.2500,156,330.2500
2005-05-26,329.5000,330.2500,328.0000,337.7500,1250,337.7500
2005-05-27,338.5000,342.0000,337.0000,335.0000,1664,335.0000
2005-05-31,341.0000,342.7500,338.5000,331.7500,351,331.7500
2005-06-01,330.5000,331.7500,330.0000,331.5000,756,331.5000
2005-06-02,330.0000,330.5000,327.7500,323.5000,403,323.5000
2005-06-03,322.2500,323.5000,321.0000,323.2500,1003,323.2500
2005-06-06,325.5000,328.7500,322.7500,322.5000,448,322.5000
2005-06-07,320.5000,322.5000,319.0000,319.2500,480,319.2500
2005-06-08,318.5000,318.7500,317.5000,313.2500,836,313.2500
2005-06-09,312.7500,314.5000,312.5000,314.2500,232,314.2500
2005-06-10,314.5000,316.0000,314.2500,313.5000,912,313.5000
2005-06-13,314.0000,316.2500,314.0000,313.7500,969,313.7500
2005-06-14,314.0000,314.0000,309.5000,316.0000,497,316.0000
2005-06-15,316.0000,318.5000,315.2500,323.0000,650,323.0000
2005-06-16,323.0000,326.2500,322.5000,323.5000,331,323.5000
2005-06-17,323.7500,327.0000,323.5000,327.5000,1345,327.5000
2005-06-20,331.0000,335.5000,327.7500,339.0000,736,339.0000
2005-06-21,338.5000,340.0000,332.2500,335.0000,596,335.0000
2005-06-22,335.0000,340.5000,334.7500,336.0000,597,336.0000
2005-06-23,335.2500,338.5000,334.2500,331.7500,89,331.7500
2005-06-24,331.0000,335.0000,331.0000,339.5000,547,339.5000
2005-06-27,339.5000,340.0000,334.0000,331.0000,287,331.0000
2005-06-28,330.0000,331.5000,326.5000,327.7500,155,327.7500
2005-06-29,328.0000,331.0000,328.0000,328.5000,367,328.5000
2005-06-30,327.0000,328.5000,325.0000,321.5000,12,321.5000
2005-07-01,324.0000,324.0000,322.0000,324.2500,7,324.2500
2005-07-05,324.7500,324.7500,324.7500,337.0000,6,337.0000
2005-07-06,332.0000,332.0000,332.0000,332.0000,242,332.0000
2005-07-07,334.7500,334.7500,334.7500,334.7500,106,334.7500
2005-07-08,333.0000,333.0000,331.0000,328.5000,106,328.5000
2005-07-11,327.0000,327.0000,327.0000,327.0000,11,327.0000
2005-07-12,327.0000,327.7500,327.0000,323.7500,11,323.7500
2005-07-13,332.0000,332.0000,332.0000,332.0000,15,332.0000
2005-07-14,332.0000,332.0000,332.0000,338.0000,576,338.0000
2005-07-15,343.0000,348.0000,342.5000,348.5000,2348,348.5000
2005-07-18,351.5000,352.5000,342.2500,352.2500,884,352.2500
2005-07-19,351.2500,352.0000,350.5000,338.5000,740,338.5000
2005-07-20,338.0000,338.7500,333.5000,333.2500,793,333.2500
2005-07-21,334.2500,334.7500,330.0000,327.0000,707,327.0000
2005-07-22,327.5000,331.0000,327.5000,330.5000,679,330.5000
2005-07-25,331.0000,331.0000,324.7500,325.7500,320,325.7500
2005-07-26,326.5000,329.0000,325.2500,328.5000,370,328.5000
2005-07-27,326.2500,329.2500,325.2500,330.5000,723,330.5000
2005-07-28,331.0000,333.2500,331.0000,333.0000,253,333.0000
2005-07-29,332.5000,334.0000,332.0000,327.7500,610,327.7500
2005-08-01,328.0000,329.2500,326.0000,330.5000,542,330.5000
2005-08-02,331.0000,334.5000,331.0000,332.0000,868,332.0000
2005-08-03,332.5000,332.7500,328.2500,326.0000,586,326.0000
2005-08-04,326.0000,327.0000,323.7500,325.0000,339,325.0000
2005-08-05,325.0000,326.5000,324.2500,320.0000,878,320.0000
2005-08-08,321.7500,325.5000,321.7500,322.2500,196,322.2500
2005-08-09,322.0000,322.0000,320.0000,319.5000,150,319.5000
2005-08-10,319.5000,319.7500,319.0000,323.5000,683,323.5000
2005-08-11,323.5000,324.2500,322.7500,326.2500,240,326.2500
2005-08-12,327.5000,328.2500,325.7500,321.2500,228,321.2500
2005-08-15,320.0000,320.5000,318.5000,315.7500,69,315.7500
2005-08-16,315.2500,317.0000,315.0000,310.2500,209,310.2500
2005-08-17,310.5000,312.5000,310.5000,314.2500,138,314.2500
2005-08-18,314.2500,317.0000,314.2500,320.7500,332,320.7500
2005-08-19,321.0000,321.5000,319.7500,325.2500,131,325.2500
2005-08-22,324.0000,325.5000,322.5000,323.0000,66,323.0000
2005-08-23,322.7500,323.0000,322.2500,317.2500,66,317.2500
2005-08-24,316.5000,317.5000,316.5000,314.0000,54,314.0000
2005-08-25,314.2500,314.2500,311.7500,315.7500,205,315.7500
2005-08-26,315.7500,315.7500,314.7500,312.2500,238,312.2500
2005-08-29,313.2500,315.2500,313.0000,310.5000,306,310.5000
2005-08-30,310.5000,310.5000,309.2500,307.2500,35,307.2500
2005-08-31,307.7500,308.0000,306.7500,301.5000,7,301.5000
2005-09-01,303.0000,307.2500,303.0000,306.7500,1,306.7500
2005-09-02,308.0000,308.0000,308.0000,305.0000,1,305.0000
2005-09-06,305.2500,305.2500,305.2500,305.5000,1,305.5000
2005-09-07,303.5000,303.5000,303.5000,303.5000,0,303.5000
2005-09-08,309.0000,309.0000,309.0000,309.0000,0,309.0000
2005-09-09,313.0000,313.0000,313.0000,313.0000,0,313.0000
2005-09-12,313.0000,313.0000,313.0000,313.0000,0,313.0000
2005-09-13,316.5000,316.5000,316.5000,316.5000,0,316.5000
2005-09-14,311.5000,311.5000,311.5000,311.5000,283,311.5000
2005-09-15,327.2500,327.5000,325.5000,322.7500,251,322.7500
2005-09-16,322.5000,322.7500,321.2500,324.2500,316,324.2500
2005-09-19,324.2500,325.0000,323.5000,320.2500,219,320.2500
2005-09-20,320.5000,320.5000,319.5000,321.2500,68,321.2500
2005-09-21,321.2500,322.5000,320.7500,325.2500,453,325.2500
2005-09-22,325.7500,326.2500,323.7500,332.2500,483,332.2500
2005-09-23,332.5000,334.0000,332.0000,333.5000,504,333.5000
2005-09-26,333.0000,334.0000,332.0000,329.2500,72,329.2500
2005-09-27,329.0000,329.7500,328.5000,327.0000,196,327.0000
2005-09-28,325.2500,327.5000,324.5000,328.7500,199,328.7500
2005-09-29,329.2500,331.0000,329.0000,333.5000,289,333.5000
2005-09-30,333.7500,334.5000,332.0000,346.2500,858,346.2500
2005-10-03,346.2500,348.2500,345.5000,348.7500,360,348.7500
2005-10-04,348.0000,348.2500,344.2500,347.2500,350,347.2500
2005-10-05,347.5000,347.7500,345.7500,345.0000,113,345.0000
2005-10-06,345.7500,346.2500,344.7500,345.2500,119,345.2500
2005-10-07,345.0000,345.2500,343.5000,338.0000,274,338.0000
2005-10-10,338.0000,339.5000,337.5000,339.7500,461,339.7500
2005-10-11,339.7500,342.7500,339.0000,342.7500,319,342.7500
2005-10-12,342.7500,343.7500,341.5000,347.5000,215,347.5000
2005-10-13,347.0000,347.2500,345.7500,343.5000,103,343.5000
2005-10-14,343.2500,344.2500,342.5000,339.0000,263,339.0000
2005-10-17,339.0000,339.2500,337.5000,336.2500,289,336.2500
2005-10-18,336.5000,338.0000,335.0000,328.7500,549,328.7500
2005-10-19,327.5000,329.5000,327.0000,327.7500,444,327.7500
2005-10-20,328.7500,329.5000,326.0000,332.2500,471,332.2500
2005-10-21,332.5000,332.7500,330.0000,330.0000,686,330.0000
2005-10-24,329.2500,329.2500,327.2500,323.2500,452,323.2500
2005-10-25,323.0000,324.2500,322.2500,325.5000,496,325.5000
2005-10-26,325.5000,326.7500,324.7500,323.5000,280,323.5000
2005-10-27,323.5000,325.5000,323.2500,324.5000,117,324.5000
2005-10-28,324.7500,325.5000,322.0000,317.7500,422,317.7500
2005-10-31,317.5000,318.7500,317.0000,317.0000,340,317.0000
2005-11-01,317.5000,319.0000,315.7500,317.0000,248,317.0000
2005-11-02,317.0000,317.5000,315.2500,313.0000,123,313.0000
2005-11-03,313.5000,314.0000,313.0000,313.2500,391,313.2500
2005-11-04,314.0000,315.0000,314.0000,311.2500,241,311.2500
2005-11-07,311.2500,312.2500,310.0000,310.0000,459,310.0000
2005-11-08,310.5000,312.7500,310.0000,313.0000,148,313.0000
2005-11-09,313.2500,315.0000,313.2500,315.0000,814,315.0000
2005-11-10,315.2500,317.5000,315.2500,309.7500,358,309.7500
2005-11-11,310.2500,311.0000,310.0000,311.5000,520,311.5000
2005-11-14,312.0000,314.5000,312.0000,311.7500,379,311.7500
2005-11-15,312.0000,316.0000,311.7500,307.0000,366,307.0000
2005-11-16,308.0000,309.0000,307.2500,306.7500,211,306.7500
2005-11-17,307.2500,307.7500,306.2500,304.7500,134,304.7500
2005-11-18,304.7500,306.0000,303.7500,302.0000,478,302.0000
2005-11-21,301.5000,303.5000,300.0000,298.5000,448,298.5000
2005-11-22,298.2500,300.2500,298.2500,297.0000,215,297.0000
2005-11-23,297.7500,299.2500,297.2500,297.0000,215,297.0000
2005-11-24,297.0000,297.0000,297.0000,297.0000,133,297.0000
2005-11-25,297.5000,298.5000,297.0000,297.0000,138,297.0000
2005-11-28,297.2500,297.2500,295.0000,297.5000,350,297.5000
2005-11-29,299.0000,299.7500,298.5000,300.5000,149,300.5000
2005-11-30,300.5000,301.7500,299.5000,304.0000,11,304.0000
2005-12-01,303.7500,305.5000,303.7500,305.5000,11,305.5000
2005-12-02,303.5000,303.5000,303.5000,303.5000,58,303.5000
2005-12-05,304.5000,304.5000,304.5000,304.5000,58,304.5000
2005-12-06,299.7500,299.7500,299.7500,299.7500,1,299.7500
2005-12-07,299.7500,299.7500,299.7500,297.2500,1,297.2500
2005-12-08,295.5000,295.5000,295.5000,295.5000,1,295.5000
2005-12-09,295.0000,295.0000,295.0000,293.0000,1,293.0000
2005-12-12,299.5000,299.5000,299.5000,299.5000,0,299.5000
2005-12-13,304.0000,304.0000,304.0000,304.0000,0,304.0000
2005-12-14,309.5000,309.5000,309.5000,309.5000,723,309.5000
2005-12-15,323.7500,325.5000,323.5000,318.7500,626,318.7500
2005-12-16,319.0000,321.5000,317.5000,319.7500,392,319.7500
2005-12-19,320.5000,322.5000,318.5000,323.2500,362,323.2500
2005-12-20,323.2500,325.0000,323.2500,328.0000,538,328.0000
2005-12-21,327.2500,328.0000,325.2500,327.5000,1219,327.5000
2005-12-22,328.0000,329.0000,327.5000,330.7500,311,330.7500
2005-12-23,330.7500,332.0000,330.5000,334.5000,388,334.5000
2005-12-27,334.0000,336.0000,333.0000,340.0000,424,340.0000
2005-12-28,340.2500,340.7500,339.2500,345.5000,682,345.5000
2005-12-29,345.0000,345.7500,344.0000,337.2500,986,337.2500
2005-12-30,336.0000,337.0000,335.2500,339.2500,994,339.2500
2006-01-03,340.0000,343.7500,340.0000,346.0000,574,346.0000
2006-01-04,345.0000,345.5000,343.5000,346.2500,607,346.2500
2006-01-05,346.0000,346.7500,343.0000,339.7500,267,339.7500
2006-01-06,338.5000,339.5000,338.2500,330.7500,1269,330.7500
2006-01-09,328.5000,329.2500,326.0000,326.5000,543,326.5000
2006-01-10,327.0000,328.5000,327.0000,329.2500,308,329.2500
2006-01-11,329.5000,330.0000,327.5000,330.5000,248,330.5000
2006-01-12,330.2500,330.7500,329.0000,333.2500,269,333.2500
2006-01-13,332.0000,333.5000,331.5000,334.7500,591,334.7500
2006-01-17,333.2500,336.5000,333.7500,328.7500,357,328.7500
2006-01-18,328.5000,328.7500,326.2500,322.5000,209,322.5000
2006-01-19,323.0000,323.2500,322.2500,326.5000,993,326.5000
2006-01-20,326.2500,328.5000,326.2500,326.5000,770,326.5000
2006-01-23,327.0000,328.2500,325.5000,326.0000,244,326.0000
2006-01-24,325.7500,327.0000,325.0000,332.5000,601,332.5000
2006-01-25,332.0000,335.7500,331.5000,342.0000,674,342.0000
2006-01-26,341.2500,342.0000,340.0000,344.5000,476,344.5000
2006-01-27,344.2500,345.2500,343.5000,343.5000,1221,343.5000
2006-01-30,345.2500,347.5000,343.7500,345.2500,594,345.2500
2006-01-31,345.5000,346.7500,345.5000,343.2500,1404,343.2500
2006-02-01,343.0000,343.5000,339.2500,339.2500,363,339.2500
2006-02-02,338.2500,340.5000,338.2500,347.2500,2333,347.2500
2006-02-03,347.5000,351.2500,347.5000,356.5000,1647,356.5000
2006-02-06,357.0000,359.7500,355.0000,355.0000,499,355.0000
2006-02-07,357.2500,357.2500,355.0000,351.7500,1484,351.7500
2006-02-08,350.2500,350.7500,348.0000,356.7500,1709,356.7500
2006-02-09,357.5000,359.5000,357.0000,363.2500,3503,363.2500
2006-02-10,363.7500,364.7500,357.5000,355.2500,1786,355.2500
2006-02-13,356.0000,359.0000,354.0000,348.0000,426,348.0000
2006-02-14,348.2500,349.0000,346.5000,347.2500,1198,347.2500
2006-02-15,348.0000,348.5000,344.0000,352.0000,1340,352.0000
2006-02-16,352.0000,354.2500,351.5000,359.0000,338,359.0000
2006-02-17,358.5000,359.5000,357.0000,368.0000,1625,368.0000
2006-02-21,367.2500,371.0000,367.0000,372.5000,573,372.5000
2006-02-22,372.2500,372.5000,370.0000,365.5000,884,365.5000
2006-02-23,365.2500,365.2500,362.5000,366.2500,394,366.2500
2006-02-24,366.2500,368.5000,365.5000,368.2500,474,368.2500
2006-02-27,369.7500,369.7500,367.0000,373.2500,632,373.2500
2006-02-28,374.0000,374.0000,371.2500,370.2500,36,370.2500
2006-03-01,367.5000,367.5000,366.0000,362.7500,8,362.7500
2006-03-02,361.2500,361.2500,359.7500,369.0000,24,369.0000
2006-03-03,371.0000,371.0000,367.0000,373.5000,4,373.5000
2006-03-06,370.0000,370.0000,365.2500,370.0000,8,370.0000
2006-03-07,370.0000,370.0000,369.7500,370.5000,13,370.5000
2006-03-08,371.0000,371.0000,371.0000,376.0000,4,376.0000
2006-03-09,375.0000,375.0000,373.0000,370.7500,14,370.7500
2006-03-10,372.0000,372.0000,369.2500,374.5000,5,374.5000
2006-03-13,370.0000,370.0000,366.2500,360.0000,2,360.0000
2006-03-14,353.5000,353.5000,353.2500,352.0000,1463,352.0000
2006-03-15,363.2500,364.2500,361.2500,362.0000,449,362.0000
2006-03-16,362.5000,363.0000,360.0000,352.7500,1532,352.7500
2006-03-17,353.0000,355.7500,351.0000,357.5000,1171,357.5000
2006-03-20,355.2500,355.2500,351.5000,350.2500,421,350.2500
2006-03-21,351.5000,351.5000,350.2500,352.5000,656,352.5000
2006-03-22,352.5000,355.2500,352.5000,349.2500,157,349.2500
2006-03-23,350.0000,350.0000,348.7500,344.0000,376,344.0000
2006-03-24,344.0000,345.0000,343.5000,342.5000,4122,342.5000
2006-03-27,342.2500,343.7500,340.0000,339.7500,461,339.7500
2006-03-28,340.5000,340.7500,339.2500,341.2500,539,341.2500
2006-03-29,342.2500,343.7500,341.7500,341.7500,531,341.7500
2006-03-30,341.2500,341.7500,340.2500,344.5000,1139,344.5000
2006-03-31,343.7500,346.5000,343.0000,347.7500,1372,347.7500
2006-04-03,344.5000,347.5000,344.5000,342.0000,281,342.0000
2006-04-04,342.0000,342.5000,341.0000,342.7500,295,342.7500
2006-04-05,342.5000,343.0000,341.0000,347.0000,970,347.0000
2006-04-06,347.5000,349.7500,347.2500,352.5000,397,352.5000
2006-04-07,352.7500,353.2500,350.5000,351.2500,959,351.2500
2006-04-10,353.2500,356.2500,352.0000,361.0000,678,361.0000
2006-04-11,360.2500,361.2500,357.5000,367.5000,723,367.5000
2006-04-12,367.0000,367.0000,364.0000,360.5000,2282,360.5000
2006-04-13,361.0000,363.2500,360.2500,357.5000,611,357.5000
2006-04-17,354.0000,357.0000,353.7500,349.5000,203,349.5000
2006-04-18,350.2500,351.7500,350.2500,355.0000,409,355.0000
2006-04-19,355.0000,357.5000,355.0000,354.7500,375,354.7500
2006-04-20,354.5000,356.2500,354.5000,353.0000,99,353.0000
2006-04-21,351.5000,353.0000,350.0000,352.7500,2115,352.7500
2006-04-24,354.2500,357.2500,353.0000,350.7500,148,350.7500
2006-04-25,350.5000,350.7500,348.0000,350.0000,285,350.0000
2006-04-26,350.0000,351.7500,348.5000,348.5000,748,348.5000
2006-04-27,348.0000,348.2500,347.2500,342.5000,79,342.5000
2006-04-28,340.2500,342.7500,340.0000,346.2500,5,346.2500
2006-05-01,349.0000,350.2500,349.0000,353.2500,7,353.2500
2006-05-02,356.7500,356.7500,356.5000,355.2500,7,355.2500
2006-05-03,354.0000,354.0000,354.0000,354.0000,0,354.0000
2006-05-04,352.2500,352.2500,352.2500,352.2500,0,352.2500
2006-05-05,361.2500,361.2500,361.2500,361.2500,0,361.2500
2006-05-08,364.0000,364.0000,358.7500,363.5000,0,363.5000
2006-05-09,375.5000,375.5000,375.5000,375.5000,0,375.5000
2006-05-10,377.5000,377.5000,377.5000,377.5000,3,377.5000
2006-05-11,373.0000,373.0000,373.0000,382.5000,3,382.5000
2006-05-12,394.0000,394.0000,394.0000,394.0000,2534,394.0000
2006-05-15,402.7500,406.0000,398.2500,399.5000,1966,399.5000
2006-05-16,399.0000,400.7500,395.2500,403.5000,1788,403.5000
2006-05-17,405.0000,423.0000,403.5000,423.0000,3517,423.0000
2006-05-18,423.0000,423.2500,418.5000,418.5000,1846,418.5000
2006-05-19,418.5000,418.5000,414.0000,416.2500,3030,416.2500
2006-05-22,418.7500,419.0000,409.0000,426.2500,3354,426.2500
2006-05-23,429.7500,430.5000,426.7500,419.7500,1599,419.7500
2006-05-24,418.0000,419.5000,417.7500,411.7500,1461,411.7500
2006-05-25,411.0000,412.2500,404.5000,409.5000,4726,409.5000
2006-05-26,410.2500,413.5000,410.0000,415.5000,2370,415.5000
2006-05-30,417.5000,421.5000,414.0000,412.0000,1588,412.0000
2006-05-31,412.2500,413.5000,406.0000,393.5000,3575,393.5000
2006-06-01,394.2500,396.2500,392.2500,392.0000,1824,392.0000
2006-06-02,395.0000,396.2500,392.5000,403.7500,1653,403.7500
2006-06-05,400.7500,402.7500,400.0000,398.5000,2341,398.5000
2006-06-06,399.0000,399.7500,395.2500,385.0000,1081,385.0000
2006-06-07,386.5000,387.2500,384.5000,387.7500,604,387.7500
2006-06-08,387.5000,388.7500,386.5000,383.5000,537,383.5000
2006-06-09,383.5000,384.5000,382.7500,372.5000,1995,372.5000
2006-06-12,375.5000,378.7500,375.0000,373.7500,1801,373.7500
2006-06-13,374.2500,375.5000,370.0000,369.7500,2277,369.7500
2006-06-14,370.5000,372.0000,368.7500,361.2500,848,361.2500
2006-06-15,361.5000,365.0000,360.5000,361.5000,1612,361.5000
2006-06-16,361.5000,365.5000,361.0000,359.0000,995,359.0000
2006-06-19,359.0000,360.5000,357.0000,358.5000,518,358.5000
2006-06-20,359.2500,363.0000,359.2500,367.0000,459,367.0000
2006-06-21,365.2500,370.0000,364.7500,372.0000,186,372.0000
2006-06-22,373.0000,373.0000,371.7500,365.5000,147,365.5000
2006-06-23,365.5000,366.5000,365.0000,363.2500,334,363.2500
2006-06-26,362.0000,363.2500,360.0000,368.5000,126,368.5000
2006-06-27,368.0000,370.0000,368.0000,378.2500,86,378.2500
2006-06-28,375.0000,378.0000,375.0000,372.0000,72,372.0000
2006-06-29,370.7500,371.0000,367.7500,374.0000,299,374.0000
2006-06-30,376.0000,380.0000,375.0000,371.5000,43,371.5000
2006-07-03,371.5000,378.0000,371.2500,384.2500,10,384.2500
2006-07-05,385.2500,386.2500,382.5000,386.5000,1,386.5000
2006-07-06,390.0000,390.0000,390.0000,390.0000,5,390.0000
2006-07-07,390.0000,391.0000,390.0000,381.5000,22,381.5000
2006-07-10,384.5000,384.5000,381.5000,382.5000,1,382.5000
2006-07-11,388.0000,388.0000,388.0000,398.0000,24,398.0000
2006-07-12,400.0000,400.0000,400.0000,390.0000,4,390.0000
2006-07-13,391.0000,391.0000,390.0000,376.0000,4,376.0000
2006-07-14,366.0000,366.0000,366.0000,366.0000,975,366.0000
2006-07-17,397.0000,401.0000,395.7500,393.0000,613,393.0000
2006-07-18,395.0000,395.7500,393.2500,398.0000,995,398.0000
2006-07-19,397.0000,398.0000,392.2500,393.0000,666,393.0000
2006-07-20,391.5000,394.7500,390.7500,406.5000,1108,406.5000
2006-07-21,405.2500,408.7500,404.0000,407.2500,1165,407.2500
2006-07-24,405.7500,405.7500,400.0000,400.5000,875,400.5000
2006-07-25,402.5000,404.2500,401.2500,393.2500,622,393.2500
2006-07-26,395.0000,396.0000,393.2500,382.0000,2403,382.0000
2006-07-27,383.5000,385.0000,382.5000,387.7500,767,387.7500
2006-07-28,387.7500,389.7500,387.0000,388.5000,2333,388.5000
2006-07-31,389.5000,394.5000,388.7500,397.5000,3686,397.5000
2006-08-01,396.7500,397.5000,391.7500,392.5000,4529,392.5000
2006-08-02,393.0000,403.2500,393.0000,401.5000,4650,401.5000
2006-08-03,401.5000,405.5000,394.5000,395.2500,1709,395.2500
2006-08-04,396.2500,400.0000,395.7500,396.0000,5167,396.0000
2006-08-07,394.5000,396.0000,390.5000,393.0000,9028,393.0000
2006-08-08,392.2500,393.5000,382.7500,384.0000,7075,384.0000
2006-08-09,384.0000,389.2500,382.7500,388.0000,9296,388.0000
2006-08-10,388.0000,390.5000,385.2500,386.5000,6391,386.5000
2006-08-11,386.5000,390.2500,373.0000,373.7500,7996,373.7500
2006-08-14,373.5000,379.0000,369.7500,374.0000,4520,374.0000
2006-08-15,373.5000,378.5000,373.0000,376.7500,2263,376.7500
2006-08-16,376.2500,381.5000,371.2500,371.5000,4364,371.5000
2006-08-17,371.7500,375.0000,362.7500,363.5000,4126,363.5000
2006-08-18,363.7500,366.5000,357.2500,364.5000,1749,364.5000
2006-08-21,364.0000,368.0000,363.0000,365.7500,1945,365.7500
2006-08-22,365.2500,367.0000,358.7500,359.7500,2085,359.7500
2006-08-23,359.5000,369.2500,359.5000,366.0000,3092,366.0000
2006-08-24,365.5000,375.5000,365.5000,375.5000,4420,375.5000
2006-08-25,374.7500,387.7500,373.5000,378.5000,2989,378.5000
2006-08-28,379.0000,388.5000,379.0000,384.7500,3286,384.7500
2006-08-29,384.7500,387.0000,380.0000,380.5000,2914,380.5000
2006-08-30,381.2500,397.0000,380.5000,397.5000,1159,397.5000
2006-08-31,398.2500,404.2500,395.5000,404.0000,691,404.0000
2006-09-01,401.5000,403.2500,397.5000,401.2500,710,401.2500
2006-09-05,406.0000,408.0000,406.0000,404.0000,253,404.0000
2006-09-06,399.2500,399.2500,399.2500,399.0000,304,399.0000
2006-09-07,403.5000,403.5000,403.5000,403.5000,159,403.5000
2006-09-08,401.0000,402.0000,401.0000,400.0000,58,400.0000
2006-09-11,396.5000,396.5000,396.5000,398.0000,30,398.0000
2006-09-12,395.0000,395.0000,395.0000,388.7500,1,388.7500
2006-09-13,389.0000,389.0000,389.0000,381.5000,1,381.5000
2006-09-14,377.0000,377.0000,377.0000,377.0000,11666,377.0000
2006-09-15,391.2500,398.0000,387.5000,392.5000,10062,392.5000
2006-09-18,395.2500,398.5000,392.2500,395.5000,15011,395.5000
2006-09-19,395.7500,411.5000,395.7500,409.0000,19346,409.0000
2006-09-20,410.0000,413.5000,406.2500,407.7500,15165,407.7500
2006-09-21,408.5000,422.2500,407.5000,421.5000,10091,421.5000
2006-09-22,420.7500,421.5000,417.5000,419.0000,14654,419.0000
2006-09-25,418.0000,419.7500,411.2500,413.7500,11954,413.7500
2006-09-26,414.0000,426.5000,414.0000,423.0000,15900,423.0000
2006-09-27,423.7500,430.7500,419.2500,424.2500,34628,424.2500
2006-09-28,424.7500,447.5000,424.5000,445.5000,29239,445.5000
2006-09-29,445.5000,452.7500,442.0000,443.0000,21181,443.0000
2006-10-02,445.0000,458.5000,443.5000,446.0000,6457,446.0000
2006-10-03,446.2500,447.5000,435.2500,439.5000,23505,439.5000
2006-10-04,441.5000,471.0000,440.2500,465.0000,31322,465.0000
2006-10-05,464.0000,486.2500,463.5000,464.0000,19246,464.0000
2006-10-06,465.5000,476.7500,458.5000,464.0000,16053,464.0000
2006-10-09,467.2500,497.2500,466.2500,494.0000,34511,494.0000
2006-10-10,524.0000,524.0000,493.2500,501.0000,16938,501.0000
2006-10-11,501.0000,531.0000,500.5000,531.0000,31806,531.0000
2006-10-12,543.5000,551.0000,511.5000,515.5000,18184,515.5000
2006-10-13,516.5000,538.2500,516.5000,525.5000,13157,525.5000
2006-10-16,525.0000,538.7500,521.5000,542.5000,17869,542.5000
2006-10-17,541.0000,555.0000,528.7500,531.0000,13630,531.0000
2006-10-18,531.2500,531.2500,512.2500,512.5000,12496,512.5000
2006-10-19,512.5000,528.2500,505.5000,513.0000,11751,513.0000
2006-10-20,513.5000,523.0000,502.5000,505.0000,14512,505.0000
2006-10-23,506.5000,521.5000,499.0000,517.0000,12152,517.0000
2006-10-24,517.2500,527.2500,511.5000,522.5000,16630,522.5000
2006-10-25,526.0000,540.0000,515.2500,516.7500,13812,516.7500
2006-10-26,516.2500,517.2500,505.2500,507.5000,16140,507.5000
2006-10-27,509.2500,522.7500,500.2500,508.5000,15717,508.5000
2006-10-30,507.0000,513.5000,497.2500,501.0000,23110,501.0000
2006-10-31,502.2500,503.7500,482.7500,483.0000,19981,483.0000
2006-11-01,485.7500,494.0000,476.5000,487.5000,19232,487.5000
2006-11-02,490.0000,509.0000,488.0000,491.5000,11222,491.5000
2006-11-03,491.0000,493.0000,484.7500,492.5000,11963,492.5000
2006-11-06,495.5000,501.7500,493.5000,498.0000,19854,498.0000
2006-11-07,498.7500,501.0000,493.2500,497.0000,27560,497.0000
2006-11-08,497.5000,518.2500,497.5000,504.0000,25477,504.0000
2006-11-09,505.0000,508.0000,487.0000,488.0000,23496,488.0000
2006-11-10,490.0000,491.2500,478.2500,480.5000,18181,480.5000
2006-11-13,479.0000,487.2500,476.5000,477.0000,23034,477.0000
2006-11-14,477.2500,492.7500,470.5000,486.5000,16832,486.5000
2006-11-15,490.0000,497.0000,481.2500,481.5000,12059,481.5000
2006-11-16,480.2500,485.5000,466.2500,468.7500,5221,468.7500
2006-11-17,471.0000,474.7500,465.0000,474.0000,5708,474.0000
2006-11-20,477.0000,486.2500,471.7500,475.0000,7688,475.0000
2006-11-21,476.0000,480.7500,472.0000,479.7500,5764,479.7500
2006-11-22,482.0000,498.0000,478.0000,486.2500,5764,486.2500
2006-11-23,486.2500,486.2500,486.2500,486.2500,1300,486.2500
2006-11-24,487.2500,501.0000,483.0000,500.0000,3925,500.0000
2006-11-27,501.2500,508.0000,485.7500,490.2500,3088,490.2500
2006-11-28,493.7500,493.7500,480.5000,487.2500,4577,487.2500
2006-11-29,487.0000,492.2500,479.0000,490.5000,2399,490.5000
2006-11-30,491.5000,505.2500,491.0000,502.0000,2028,502.0000
2006-12-01,507.0000,507.0000,497.5000,500.0000,1381,500.0000
2006-12-04,499.0000,500.2500,491.5000,499.5000,918,499.5000
2006-12-05,498.0000,498.5000,493.2500,498.0000,631,498.0000
2006-12-06,495.0000,495.0000,475.0000,475.0000,216,475.0000
2006-12-07,472.0000,476.2500,469.5000,477.5000,124,477.5000
2006-12-08,476.0000,476.0000,468.0000,469.0000,8,469.0000
2006-12-11,470.2500,471.5000,463.5000,475.0000,40,475.0000
2006-12-12,474.5000,477.2500,467.7500,465.0000,7,465.0000
2006-12-13,465.0000,466.5000,464.7500,472.5000,9,472.5000
2006-12-14,472.5000,476.2500,472.5000,477.0000,9926,477.0000
2006-12-15,491.7500,495.0000,486.0000,494.2500,11464,494.2500
2006-12-18,494.5000,494.7500,481.5000,487.5000,12128,487.5000
2006-12-19,487.5000,494.5000,482.2500,492.0000,9595,492.0000
2006-12-20,492.7500,495.0000,486.7500,493.7500,16960,493.7500
2006-12-21,494.0000,504.2500,493.0000,503.2500,14086,503.2500
2006-12-22,504.2500,514.5000,502.2500,514.0000,9649,514.0000
2006-12-26,516.0000,521.2500,513.0000,516.7500,9590,516.7500
2006-12-27,515.7500,518.0000,506.7500,507.0000,10026,507.0000
2006-12-28,507.5000,511.2500,502.5000,504.2500,12316,504.2500
2006-12-29,504.0000,506.7500,494.7500,501.0000,27006,501.0000
2007-01-03,493.0000,493.7500,476.2500,476.5000,22414,476.5000
2007-01-04,478.0000,479.7500,464.5000,467.5000,15557,467.5000
2007-01-05,469.0000,470.7500,462.0000,470.2500,19820,470.2500
2007-01-08,470.0000,471.2500,455.5000,464.0000,22266,464.0000
2007-01-09,461.0000,463.5000,453.0000,453.0000,28888,453.0000
2007-01-10,453.0000,457.5000,447.7500,449.5000,23174,449.5000
2007-01-11,450.5000,464.5000,450.5000,456.5000,6913,456.5000
2007-01-12,458.7500,486.5000,457.2500,479.5000,31960,479.5000
2007-01-16,480.0000,484.5000,463.5000,464.0000,22819,464.0000
2007-01-17,463.7500,480.0000,462.5000,477.0000,24322,477.0000
2007-01-18,477.0000,484.7500,466.7500,471.0000,16383,471.0000
2007-01-19,471.0000,473.0000,464.5000,467.0000,15765,467.0000
2007-01-22,466.0000,470.5000,464.0000,465.0000,21969,465.0000
2007-01-23,466.0000,480.7500,465.5000,480.2500,27608,480.2500
2007-01-24,481.5000,482.5000,463.5000,466.0000,20165,466.0000
2007-01-25,468.2500,472.5000,461.2500,468.7500,13409,468.7500
2007-01-26,468.7500,470.5000,462.2500,463.5000,15215,463.5000
2007-01-29,465.0000,466.2500,455.7500,456.5000,18326,456.5000
2007-01-30,457.5000,461.2500,453.5000,459.5000,23804,459.5000
2007-01-31,460.5000,469.5000,459.5000,467.5000,17325,467.5000
2007-02-01,467.5000,471.7500,459.5000,460.2500,11784,460.2500
2007-02-02,459.5000,464.5000,455.7500,461.2500,10452,461.2500
2007-02-05,462.7500,466.0000,458.5000,458.5000,22120,458.5000
2007-02-06,458.5000,460.5000,450.5000,451.0000,27512,451.0000
2007-02-07,452.5000,455.5000,449.2500,452.0000,28877,452.0000
2007-02-08,452.7500,460.0000,451.5000,457.0000,29226,457.0000
2007-02-09,459.0000,470.5000,457.2500,460.2500,26323,460.2500
2007-02-12,462.5000,464.0000,454.5000,455.7500,21288,455.7500
2007-02-13,456.0000,461.2500,455.0000,459.0000,20044,459.0000
2007-02-14,461.0000,461.2500,448.2500,451.0000,13023,451.0000
2007-02-15,452.0000,456.0000,447.7500,453.2500,19918,453.2500
2007-02-16,453.5000,470.0000,451.7500,468.0000,9040,468.0000
2007-02-20,468.2500,469.5000,462.7500,464.5000,13933,464.5000
2007-02-21,465.5000,479.2500,462.7500,476.0000,13169,476.0000
2007-02-22,477.0000,490.5000,476.0000,489.5000,6468,489.5000
2007-02-23,490.0000,490.0000,483.7500,484.2500,8703,484.2500
2007-02-26,484.7500,494.0000,482.0000,483.0000,6178,483.0000
2007-02-27,482.0000,482.7500,454.7500,470.2500,3670,470.2500
2007-02-28,469.7500,474.7500,465.0000,474.5000,3947,474.5000
2007-03-01,474.2500,474.2500,455.5000,468.0000,1973,468.0000
2007-03-02,462.0000,466.7500,459.0000,459.5000,1157,459.5000
2007-03-05,460.7500,464.2500,453.5000,468.0000,925,468.0000
2007-03-06,468.5000,468.5000,459.7500,459.5000,727,459.5000
2007-03-07,461.7500,466.5000,461.7500,466.5000,118,466.5000
2007-03-08,465.5000,469.2500,463.2500,464.0000,19,464.0000
2007-03-09,463.7500,469.0000,463.7500,465.5000,44,465.5000
2007-03-12,465.5000,465.7500,464.0000,460.0000,44,460.0000
2007-03-13,461.5000,461.5000,455.7500,456.0000,19,456.0000
2007-03-14,455.0000,455.0000,452.7500,446.0000,27324,446.0000
2007-03-15,463.7500,468.0000,455.5000,455.5000,24654,455.5000
2007-03-16,455.0000,466.5000,452.0000,460.7500,22115,460.7500
2007-03-19,462.5000,465.0000,452.0000,455.0000,23616,455.0000
2007-03-20,456.0000,463.7500,453.5000,462.7500,17697,462.7500
2007-03-21,465.0000,469.7500,460.0000,465.5000,17555,465.5000
2007-03-22,466.0000,469.2500,461.0000,467.0000,13720,467.0000
2007-03-23,468.0000,468.7500,460.7500,461.5000,12417,461.5000
2007-03-26,462.0000,466.0000,451.2500,458.0000,16400,458.0000
2007-03-27,458.0000,459.7500,451.7500,454.0000,18975,454.0000
2007-03-28,455.5000,458.7500,452.2500,456.5000,13178,456.5000
2007-03-29,457.5000,469.0000,455.2500,461.0000,19316,461.0000
2007-03-30,461.2500,466.0000,432.2500,438.0000,39006,438.0000
2007-04-02,433.7500,437.7500,412.0000,428.0000,50289,428.0000
2007-04-03,428.0000,431.7500,419.5000,419.0000,28313,419.0000
2007-04-04,420.5000,437.2500,420.5000,431.2500,28581,431.2500
2007-04-05,433.5000,450.0000,432.0000,445.0000,24727,445.0000
2007-04-09,455.0000,474.5000,441.7500,447.5000,46082,447.5000
2007-04-10,448.2500,464.0000,448.0000,457.7500,29983,457.7500
2007-04-11,459.5000,464.2500,456.0000,456.2500,36546,456.2500
2007-04-12,455.5000,463.0000,448.7500,458.0000,32306,458.0000
2007-04-13,461.7500,485.5000,459.7500,478.5000,41485,478.5000
2007-04-16,475.7500,480.0000,471.5000,475.2500,18450,475.2500
2007-04-17,482.2500,489.7500,474.5000,477.5000,15475,477.5000
2007-04-18,475.0000,485.0000,475.0000,474.5000,6949,474.5000
2007-04-19,476.0000,495.7500,474.7500,496.0000,11972,496.0000
2007-04-20,496.0000,514.0000,490.2500,502.0000,14335,502.0000
2007-04-23,503.0000,504.0000,490.2500,494.0000,9747,494.0000
2007-04-24,492.2500,492.2500,479.5000,483.5000,4203,483.5000
2007-04-25,485.5000,513.5000,485.5000,506.2500,5436,506.2500
2007-04-26,509.0000,519.7500,503.5000,507.0000,6565,507.0000
2007-04-27,504.7500,506.2500,492.5000,500.5000,5752,500.5000
2007-04-30,486.0000,497.7500,482.2500,485.5000,3988,485.5000
2007-05-01,480.5000,488.0000,468.5000,488.5000,1938,488.5000
2007-05-02,483.0000,484.5000,477.2500,479.5000,1424,479.5000
2007-05-03,479.0000,483.7500,479.0000,481.0000,1191,481.0000
2007-05-04,476.0000,481.5000,476.0000,482.0000,611,482.0000
2007-05-07,482.2500,484.5000,474.0000,482.0000,461,482.0000
2007-05-08,478.0000,478.0000,468.0000,469.0000,209,469.0000
2007-05-09,473.2500,473.2500,472.5000,471.0000,140,471.0000
2007-05-10,470.2500,474.0000,470.2500,473.0000,64,473.0000
2007-05-11,469.7500,474.7500,469.7500,483.0000,24,483.0000
2007-05-14,493.0000,493.0000,489.0000,489.0000,22512,489.0000
2007-05-15,494.2500,507.5000,488.2500,502.0000,26310,502.0000
2007-05-16,502.7500,504.2500,495.0000,496.7500,18396,496.7500
2007-05-17,496.7500,498.7500,483.2500,485.5000,22656,485.5000
2007-05-18,489.0000,490.2500,470.7500,471.2500,25313,471.2500
2007-05-21,471.2500,480.7500,468.5000,479.5000,23270,479.5000
2007-05-22,478.0000,478.2500,468.2500,471.0000,21306,471.0000
2007-05-23,471.2500,478.7500,471.0000,476.5000,13233,476.5000
2007-05-24,476.7500,493.2500,475.7500,491.0000,26366,491.0000
2007-05-25,492.0000,502.5000,489.2500,501.0000,18984,501.0000
2007-05-29,499.2500,502.5000,488.5000,491.0000,27560,491.0000
2007-05-30,492.2500,512.7500,490.5000,510.7500,31655,510.7500
2007-05-31,511.0000,523.7500,507.7500,517.0000,38197,517.0000
2007-06-01,517.5000,530.2500,515.2500,520.7500,40226,520.7500
2007-06-04,523.2500,530.7500,519.0000,520.2500,30437,520.2500
2007-06-05,521.5000,535.7500,520.2500,527.2500,40572,527.2500
2007-06-06,527.7500,531.5000,515.7500,519.7500,29194,519.7500
2007-06-07,519.0000,528.7500,514.5000,524.5000,34157,524.5000
2007-06-08,524.2500,530.7500,516.2500,527.5000,32577,527.5000
2007-06-11,535.2500,557.5000,533.5000,556.0000,47832,556.0000
2007-06-12,554.7500,576.0000,552.7500,565.0000,54324,565.0000
2007-06-13,565.5000,595.0000,560.5000,589.5000,52514,589.5000
2007-06-14,590.7500,619.2500,589.2500,606.5000,68004,606.5000
2007-06-15,605.2500,612.7500,603.0000,606.5000,34638,606.5000
2007-06-18,608.0000,611.5000,595.7500,601.0000,25911,601.0000
2007-06-19,605.0000,605.0000,578.2500,581.0000,34562,581.0000
2007-06-20,582.0000,611.0000,582.0000,605.0000,28835,605.0000
2007-06-21,606.2500,618.0000,592.2500,606.0000,18421,606.0000
2007-06-22,603.7500,607.7500,586.0000,592.2500,12626,592.2500
2007-06-25,592.7500,596.0000,584.5000,589.5000,14613,589.5000
2007-06-26,589.2500,618.0000,585.0000,608.5000,11900,608.5000
2007-06-27,609.2500,624.0000,597.0000,606.0000,13462,606.0000
2007-06-28,607.5000,616.0000,602.7500,609.0000,11175,609.0000
2007-06-29,609.0000,633.7500,580.5000,582.0000,4302,582.0000
2007-07-02,583.2500,594.2500,564.0000,569.5000,1669,569.5000
2007-07-03,570.0000,575.0000,562.5000,571.5000,2038,571.5000
2007-07-05,580.0000,594.0000,579.5000,591.0000,1218,591.0000
2007-07-06,592.0000,600.0000,589.0000,600.5000,641,600.5000
2007-07-09,601.7500,601.7500,589.0000,588.5000,569,588.5000
2007-07-10,591.2500,601.0000,591.2500,592.0000,319,592.0000
2007-07-11,595.2500,614.0000,595.2500,611.0000,348,611.0000
2007-07-12,617.5000,617.5000,602.7500,611.5000,295,611.5000
2007-07-13,611.5000,616.0000,608.5000,614.0000,20268,614.0000
2007-07-16,611.7500,614.5000,599.5000,601.7500,30539,601.7500
2007-07-17,602.2500,619.0000,600.5000,601.2500,44374,601.2500
2007-07-18,603.0000,627.5000,599.2500,623.5000,34158,623.5000
2007-07-19,624.2500,638.5000,616.0000,620.0000,47495,620.0000
2007-07-20,619.7500,630.2500,613.2500,616.2500,24598,616.2500
2007-07-23,616.2500,622.5000,611.0000,620.2500,31867,620.2500
2007-07-24,622.7500,648.0000,622.0000,642.0000,36063,642.0000
2007-07-25,640.5000,643.2500,630.2500,634.0000,24596,634.0000
2007-07-26,635.0000,664.0000,634.0000,651.0000,63702,651.0000
2007-07-27,651.0000,656.5000,643.5000,653.2500,28608,653.2500
2007-07-30,654.5000,655.2500,632.0000,637.5000,29358,637.5000
2007-07-31,639.0000,640.5000,626.0000,630.0000,33476,630.0000
2007-08-01,630.2500,637.2500,620.0000,636.0000,34276,636.0000
2007-08-02,638.0000,651.7500,638.0000,641.7500,32048,641.7500
2007-08-03,643.5000,651.2500,643.5000,650.0000,15480,650.0000
2007-08-06,647.0000,665.7500,641.2500,664.0000,47983,664.0000
2007-08-07,664.5000,670.7500,658.2500,662.5000,42035,662.5000
2007-08-08,661.5000,681.7500,661.0000,679.0000,37564,679.0000
2007-08-09,678.5000,696.5000,673.7500,673.5000,49367,673.5000
2007-08-10,672.0000,680.5000,661.7500,667.0000,44877,667.0000
2007-08-13,673.0000,677.0000,660.2500,666.5000,38738,666.5000
2007-08-14,669.2500,693.5000,667.2500,692.5000,33095,692.5000
2007-08-15,692.0000,702.7500,678.0000,678.5000,26644,678.5000
2007-08-16,678.5000,682.7500,654.7500,673.0000,19925,673.0000
2007-08-17,674.2500,678.0000,660.5000,672.0000,9510,672.0000
2007-08-20,670.0000,676.5000,663.5000,675.0000,11258,675.0000
2007-08-21,675.0000,693.2500,675.0000,691.5000,10955,691.5000
2007-08-22,691.0000,720.0000,686.2500,718.5000,18387,718.5000
2007-08-23,716.5000,735.0000,708.5000,722.5000,10282,722.5000
2007-08-24,723.5000,732.0000,718.5000,725.7500,9662,725.7500
2007-08-27,725.7500,729.5000,718.7500,722.2500,13475,722.2500
2007-08-28,722.0000,737.7500,718.0000,720.5000,13433,720.5000
2007-08-29,720.7500,742.0000,714.0000,742.0000,10792,742.0000
2007-08-30,742.0000,774.0000,741.7500,770.0000,12286,770.0000
2007-08-31,768.5000,793.5000,761.2500,767.0000,4441,767.0000
2007-09-04,784.0000,811.2500,783.2500,807.0000,4440,807.0000
2007-09-05,808.2500,886.0000,808.2500,842.5000,5186,842.5000
2007-09-06,843.5000,844.0000,808.0000,816.0000,1385,816.0000
2007-09-07,818.5000,838.0000,808.7500,840.0000,1819,840.0000
2007-09-10,837.0000,863.7500,837.0000,849.0000,452,849.0000
2007-09-11,850.0000,867.2500,843.0000,871.0000,270,871.0000
2007-09-12,881.5000,887.7500,838.7500,840.0000,354,840.0000
2007-09-13,845.2500,845.2500,815.5000,825.5000,190,825.5000
2007-09-14,815.0000,841.0000,815.0000,838.0000,41618,838.0000
2007-09-17,854.5000,876.0000,853.7500,875.0000,38929,875.0000
2007-09-18,876.5000,898.0000,865.2500,869.0000,43201,869.0000
2007-09-19,870.7500,875.7500,839.0000,845.0000,38003,845.0000
2007-09-20,845.5000,862.5000,839.5000,850.0000,41479,850.0000
2007-09-21,850.2500,879.7500,850.2500,874.0000,36210,874.0000
2007-09-24,876.0000,896.2500,870.5000,877.7500,34257,877.7500
2007-09-25,879.5000,905.0000,872.7500,887.2500,43089,887.2500
2007-09-26,887.2500,917.2500,885.0000,917.2500,46091,917.2500
2007-09-27,929.2500,946.7500,925.5000,933.0000,46737,933.0000
2007-09-28,933.0000,961.5000,921.7500,939.0000,49470,939.0000
2007-10-01,953.2500,958.5000,941.7500,952.5000,33762,952.5000
2007-10-02,955.0000,959.0000,922.5000,922.5000,27342,922.5000
2007-10-03,913.5000,944.0000,892.5000,927.0000,63924,927.0000
2007-10-04,939.0000,948.0000,904.2500,906.0000,52448,906.0000
2007-10-05,907.2500,912.2500,888.0000,890.0000,41717,890.0000
2007-10-08,886.5000,889.0000,860.0000,860.0000,20495,860.0000
2007-10-09,845.7500,876.2500,835.0000,845.5000,59866,845.5000
2007-10-10,845.0000,858.5000,841.0000,853.0000,41844,853.0000
2007-10-11,853.0000,883.0000,852.0000,883.0000,34455,883.0000
2007-10-12,886.0000,890.0000,853.0000,857.5000,45819,857.5000
2007-10-15,856.0000,863.0000,827.5000,833.5000,42938,833.5000
2007-10-16,832.0000,836.0000,815.5000,828.5000,43414,828.5000
2007-10-17,830.7500,837.5000,818.2500,820.5000,36083,820.5000
2007-10-18,824.0000,831.7500,818.5000,825.5000,29559,825.5000
2007-10-19,827.0000,855.5000,824.2500,855.5000,38799,855.5000
2007-10-22,855.2500,874.2500,837.2500,871.0000,38122,871.0000
2007-10-23,873.2500,878.0000,841.0000,841.0000,45106,841.0000
2007-10-24,838.0000,840.5000,811.0000,811.0000,31782,811.0000
2007-10-25,804.2500,814.7500,790.2500,802.0000,41556,802.0000
2007-10-26,799.7500,810.0000,795.5000,800.0000,27166,800.0000
2007-10-29,800.0000,830.0000,798.5000,828.5000,36410,828.5000
2007-10-30,828.5000,829.0000,808.7500,814.0000,45067,814.0000
2007-10-31,812.7500,823.2500,804.0000,808.0000,36813,808.0000
2007-11-01,811.0000,825.0000,778.0000,778.2500,56769,778.2500
2007-11-02,778.5000,786.5000,774.5000,778.5000,40844,778.5000
2007-11-05,778.0000,792.5000,773.0000,785.0000,34815,785.0000
2007-11-06,787.2500,804.0000,786.2500,797.0000,32875,797.0000
2007-11-07,799.0000,811.0000,786.2500,787.7500,42671,787.7500
2007-11-08,787.2500,791.5000,761.7500,762.0000,44058,762.0000
2007-11-09,762.5000,765.5000,744.7500,762.0000,49684,762.0000
2007-11-12,762.5000,770.5000,748.5000,761.0000,44183,761.0000
2007-11-13,761.0000,765.0000,745.7500,748.0000,43481,748.0000
2007-11-14,748.0000,759.2500,740.7500,752.5000,35156,752.5000
2007-11-15,754.0000,773.2500,753.7500,765.5000,40901,765.5000
2007-11-16,767.7500,770.0000,745.7500,749.5000,35556,749.5000
2007-11-19,750.7500,764.0000,750.2500,756.2500,23744,756.2500
2007-11-20,757.5000,774.7500,749.0000,773.5000,33111,773.5000
2007-11-21,773.7500,803.5000,772.0000,803.5000,25119,803.5000
2007-11-23,810.7500,833.5000,805.5000,826.5000,12015,826.5000
2007-11-26,825.5000,841.0000,811.5000,814.0000,12924,814.0000
2007-11-27,830.5000,830.7500,806.2500,829.0000,13485,829.0000
2007-11-28,831.0000,859.0000,822.0000,859.0000,8903,859.0000
2007-11-29,869.0000,892.0000,859.0000,869.0000,12192,869.0000
2007-11-30,864.0000,888.7500,845.7500,867.0000,9575,867.0000
2007-12-03,865.7500,866.5000,845.2500,855.0000,3976,855.0000
2007-12-04,857.7500,873.7500,855.7500,875.0000,3664,875.0000
2007-12-05,876.0000,876.0000,850.2500,863.7500,4234,863.7500
2007-12-06,855.0000,874.5000,855.0000,871.0000,3220,871.0000
2007-12-07,872.7500,903.7500,871.5000,903.5000,3082,903.5000
2007-12-10,916.2500,927.0000,903.5000,909.0000,1403,909.0000
2007-12-11,910.7500,911.0000,890.0000,894.0000,1018,894.0000
2007-12-12,885.5000,931.0000,885.5000,934.0000,523,934.0000
2007-12-13,934.0000,950.5000,910.7500,934.0000,339,934.0000
2007-12-14,937.0000,948.5000,926.2500,939.0000,49978,939.0000
2007-12-17,984.0000,1009.5000,965.7500,966.0000,66022,966.0000
2007-12-18,969.2500,977.0000,945.5000,952.0000,37540,952.0000
2007-12-19,954.5000,979.0000,947.0000,973.5000,27123,973.5000
2007-12-20,977.0000,983.0000,950.2500,954.0000,31683,954.0000
2007-12-21,954.7500,959.7500,938.2500,949.0000,21390,949.0000
2007-12-24,944.0000,947.0000,928.5000,935.2500,17121,935.2500
2007-12-26,939.0000,952.5000,934.0000,941.2500,14609,941.2500
2007-12-27,940.7500,946.0000,913.0000,915.0000,20921,915.0000
2007-12-28,914.0000,920.2500,885.0000,885.0000,30279,885.0000
2007-12-31,883.0000,899.5000,877.2500,885.0000,18904,885.0000
2008-01-02,892.5000,915.0000,888.2500,915.0000,19795,915.0000
2008-01-03,920.0000,945.0000,919.0000,945.0000,35847,945.0000
2008-01-04,947.0000,958.0000,916.2500,931.5000,43772,931.5000
2008-01-07,926.7500,934.0000,902.0000,903.0000,37282,903.0000
2008-01-08,903.7500,929.7500,895.5000,907.5000,49999,907.5000
2008-01-09,912.2500,916.5000,889.2500,889.5000,41809,889.5000
2008-01-10,887.0000,907.0000,878.5000,882.5000,51394,882.5000
2008-01-11,890.0000,912.5000,885.0000,909.2500,51394,909.2500
2008-01-14,912.5000,939.2500,902.7500,917.0000,51394,917.0000
2008-01-15,914.0000,943.5000,901.0000,932.0000,51394,932.0000
2008-01-16,931.7500,942.7500,902.0000,926.5000,51394,926.5000
2008-01-17,928.5000,956.5000,927.2500,940.5000,51394,940.5000
2008-01-18,940.2500,967.5000,923.5000,962.5000,49162,962.5000
2008-01-22,949.7500,986.5000,932.5000,934.0000,70336,934.0000
2008-01-23,935.0000,951.7500,904.2500,905.0000,56849,905.0000
2008-01-24,914.7500,929.0000,902.2500,909.0000,54230,909.0000
2008-01-25,912.0000,938.5000,903.2500,933.0000,47992,933.0000
2008-01-28,939.7500,963.0000,933.0000,963.0000,44258,963.0000
2008-01-29,974.5000,993.0000,939.2500,944.0000,70331,944.0000
2008-01-30,948.2500,950.5000,921.5000,922.5000,43121,922.5000
2008-01-31,923.0000,942.2500,909.5000,929.5000,45353,929.5000
2008-02-01,934.0000,957.2500,933.5000,943.0000,65887,943.0000
2008-02-04,948.5000,973.0000,948.0000,973.0000,37914,973.0000
2008-02-05,977.7500,1003.0000,972.2500,1003.0000,49367,1003.0000
2008-02-06,1017.5000,1033.0000,1016.0000,1033.0000,48835,1033.0000
2008-02-07,1060.0000,1063.0000,1034.0000,1063.0000,70240,1063.0000
2008-02-08,1079.0000,1093.0000,1079.0000,1093.0000,37942,1093.0000
2008-02-11,1153.0000,1153.0000,1055.0000,1048.0000,113696,1048.0000
2008-02-12,1048.0000,1064.2500,989.0000,1007.0000,74474,1007.0000
2008-02-13,1005.2500,1014.7500,980.0000,991.5000,63197,991.5000
2008-02-14,1009.5000,1044.7500,1002.7500,1032.0000,47731,1032.0000
2008-02-15,1039.2500,1050.5000,1011.5000,1027.5000,33840,1027.5000
2008-02-19,1026.7500,1060.2500,1018.2500,1036.0000,41677,1036.0000
2008-02-20,1042.0000,1042.0000,1008.2500,1020.0000,38718,1020.0000
2008-02-21,1020.7500,1032.5000,1007.7500,1029.5000,22590,1029.5000
2008-02-22,1034.2500,1052.0000,1015.0000,1049.5000,20416,1049.5000
2008-02-25,1051.0000,1109.5000,1051.0000,1109.5000,13269,1109.5000
2008-02-26,1199.5000,1199.5000,1106.5000,1199.5000,19792,1199.5000
2008-02-27,1248.0000,1334.5000,1065.2500,1280.0000,22235,1280.0000
2008-02-28,1229.0000,1260.7500,1160.0000,1169.0000,10902,1169.0000
2008-02-29,1155.0000,1167.0000,1077.2500,1073.0000,4942,1073.0000
2008-03-03,1078.0000,1247.0000,1078.0000,1093.0000,3397,1093.0000
2008-03-04,1088.2500,1116.2500,1044.2500,1077.5000,1425,1077.5000
2008-03-05,1073.2500,1126.7500,1073.2500,1096.0000,1075,1096.0000
2008-03-06,1119.0000,1124.7500,1086.5000,1114.0000,542,1114.0000
2008-03-07,1106.2500,1110.2500,1084.7500,1092.5000,910,1092.5000
2008-03-10,1079.5000,1094.0000,1074.0000,1140.0000,118,1140.0000
2008-03-11,1146.0000,1298.0000,1146.0000,1240.0000,676,1240.0000
2008-03-12,1200.0000,1293.0000,1191.0000,1270.0000,274,1270.0000
2008-03-13,1252.7500,1290.7500,1245.0000,1234.0000,308,1234.0000
2008-03-14,1218.0000,1239.0000,1190.2500,1160.0000,38180,1160.0000
2008-03-17,1184.2500,1222.0000,1131.5000,1131.5000,31590,1131.5000
2008-03-18,1130.0000,1170.0000,1119.7500,1164.0000,27167,1164.0000
2008-03-19,1164.5000,1170.0000,1074.0000,1074.0000,31925,1074.0000
2008-03-20,1077.7500,1094.0000,976.0000,987.5000,63257,987.5000
2008-03-24,987.5000,1062.2500,987.5000,1020.0000,33587,1020.0000
2008-03-25,1026.7500,1118.7500,1015.0000,1067.5000,39963,1067.5000
2008-03-26,1084.0000,1091.2500,1030.2500,1033.0000,36431,1033.0000
2008-03-27,1039.0000,1052.0000,1000.0000,1014.0000,27510,1014.0000
2008-03-28,1012.5000,1022.0000,967.7500,989.0000,28804,989.0000
2008-03-31,998.0000,1015.0000,929.0000,929.0000,28532,929.0000
2008-04-01,929.0000,932.7500,891.5000,895.0000,51718,895.0000
2008-04-02,900.2500,939.7500,898.0000,936.5000,39522,936.5000
2008-04-03,941.0000,954.5000,928.2500,937.0000,25464,937.0000
2008-04-04,940.2500,985.5000,930.5000,974.2500,36027,974.2500
2008-04-07,974.2500,980.5000,922.0000,921.2500,44211,921.2500
2008-04-08,923.5000,944.2500,917.7500,934.0000,39306,934.0000
2008-04-09,939.0000,961.0000,898.5000,934.0000,61248,934.0000
2008-04-10,937.7500,952.0000,918.7500,923.0000,37289,923.0000
2008-04-11,925.0000,935.5000,899.2500,896.5000,53899,896.5000
2008-04-14,898.0000,915.0000,878.0000,896.0000,30662,896.0000
2008-04-15,897.0000,927.7500,893.5000,895.7500,26743,895.7500
2008-04-16,898.2500,925.5000,892.5000,924.5000,14911,924.5000
2008-04-17,924.0000,945.2500,900.0000,913.0000,10833,913.0000
2008-04-18,913.2500,918.7500,863.0000,870.0000,12723,870.0000
2008-04-21,872.5000,872.5000,827.2500,845.7500,16407,845.7500
2008-04-22,850.0000,860.7500,831.0000,851.7500,8594,851.7500
2008-04-23,852.2500,853.0000,808.5000,817.7500,10058,817.7500
2008-04-24,817.2500,822.5000,801.5000,809.2500,8207,809.2500
2008-04-25,810.0000,822.0000,800.0000,800.5000,10394,800.5000
2008-04-28,805.5000,826.0000,800.0000,826.0000,9179,826.0000
2008-04-29,825.0000,830.7500,787.2500,794.0000,10405,794.0000
2008-04-30,792.7500,799.7500,784.2500,787.2500,9537,787.2500
2008-05-01,792.2500,794.7500,764.5000,776.5000,3027,776.5000
2008-05-02,781.5000,798.2500,779.0000,796.0000,1197,796.0000
2008-05-05,804.2500,819.5000,786.0000,792.5000,2723,792.5000
2008-05-06,789.0000,824.2500,788.5000,806.0000,824,806.0000
2008-05-07,805.5000,810.2500,792.2500,795.0000,535,795.0000
2008-05-08,793.0000,824.5000,793.0000,809.0000,386,809.0000
2008-05-09,787.7500,793.0000,780.0000,791.5000,309,791.5000
2008-05-12,789.7500,795.2500,787.7500,793.5000,108,793.5000
2008-05-13,790.0000,795.5000,784.0000,785.5000,224,785.5000
2008-05-14,761.0000,761.0000,761.0000,761.0000,37353,761.0000
2008-05-15,764.7500,775.5000,748.2500,771.5000,43626,771.5000
2008-05-16,770.5000,784.0000,765.7500,775.5000,22353,775.5000
2008-05-19,776.5000,807.2500,771.2500,791.0000,41163,791.0000
2008-05-20,796.0000,809.5000,783.0000,784.0000,33432,784.0000
2008-05-21,782.0000,794.5000,775.0000,778.0000,36152,778.0000
2008-05-22,778.0000,788.0000,743.0000,745.0000,60066,745.0000
2008-05-23,746.7500,759.5000,740.5000,752.5000,32763,752.5000
2008-05-27,754.2500,767.7500,752.5000,759.0000,23734,759.0000
2008-05-28,756.7500,766.5000,743.5000,759.0000,30302,759.0000
2008-05-29,759.7500,762.5000,730.7500,743.5000,40036,743.5000
2008-05-30,743.5000,765.0000,739.7500,761.5000,42560,761.5000
2008-06-02,759.5000,798.2500,759.5000,782.5000,60732,782.5000
2008-06-03,780.0000,782.5000,745.7500,750.5000,65896,750.5000
2008-06-04,752.0000,764.7500,747.0000,753.0000,54902,753.0000
2008-06-05,755.5000,786.2500,753.5000,785.5000,45432,785.5000
2008-06-06,785.0000,829.7500,783.2500,811.0000,68857,811.0000
2008-06-09,822.0000,838.0000,786.5000,788.5000,67880,788.5000
2008-06-10,794.0000,812.5000,786.5000,809.0000,70599,809.0000
2008-06-11,810.2500,869.0000,804.5000,869.0000,48017,869.0000
2008-06-12,883.0000,883.0000,837.7500,851.0000,94244,851.0000
2008-06-13,851.0000,893.0000,838.0000,882.0000,66901,882.0000
2008-06-16,883.0000,913.7500,874.2500,876.5000,52267,876.5000
2008-06-17,873.5000,901.5000,869.0000,898.2500,42895,898.2500
2008-06-18,898.0000,913.5000,885.0000,904.0000,42212,904.0000
2008-06-19,904.0000,910.0000,875.0000,881.0000,42824,881.0000
2008-06-20,881.0000,893.7500,863.2500,866.5000,42944,866.5000
2008-06-23,861.5000,873.5000,842.2500,866.2500,42540,866.2500
2008-06-24,866.0000,883.2500,859.7500,870.0000,37015,870.0000
2008-06-25,869.2500,911.7500,866.5000,901.7500,47858,901.7500
2008-06-26,898.5000,952.7500,898.5000,924.0000,40435,924.0000
2008-06-27,924.0000,940.0000,890.0000,895.5000,37102,895.5000
2008-06-30,886.5000,903.2500,839.0000,843.5000,12426,843.5000
2008-07-01,843.0000,860.2500,839.0000,849.7500,9976,849.7500
2008-07-02,849.7500,868.5000,840.0000,865.2500,6028,865.2500
2008-07-03,868.5000,877.5000,855.2500,872.7500,7222,872.7500
2008-07-07,865.0000,865.0000,813.2500,822.0000,2490,822.0000
2008-07-08,822.5000,827.5000,801.0000,823.2500,2788,823.2500
2008-07-09,829.0000,829.0000,811.0000,814.0000,1216,814.0000
2008-07-10,818.7500,818.7500,803.2500,806.5000,871,806.5000
2008-07-11,809.5000,832.2500,801.0000,819.0000,601,819.0000
2008-07-14,812.2500,814.0000,804.0000,810.0000,23010,810.0000
2008-07-15,818.0000,828.5000,805.7500,811.0000,31701,811.0000
2008-07-16,809.5000,839.0000,796.5000,834.0000,42152,834.0000
2008-07-17,833.0000,842.0000,807.0000,809.5000,44059,809.5000
2008-07-18,808.2500,822.0000,798.2500,804.0000,37060,804.0000
2008-07-21,797.7500,803.0000,786.2500,791.0000,30732,791.0000
2008-07-22,792.2500,802.5000,787.0000,796.7500,33848,796.7500
2008-07-23,796.7500,801.0000,775.0000,783.2500,36081,783.2500
2008-07-24,781.0000,795.0000,777.5000,787.7500,27383,787.7500
2008-07-25,790.0000,822.7500,781.7500,811.0000,33800,811.0000
2008-07-28,814.2500,832.0000,795.0000,797.7500,34235,797.7500
2008-07-29,798.5000,801.2500,777.7500,792.0000,33142,792.0000
2008-07-30,794.5000,799.0000,782.2500,787.7500,26321,787.7500
2008-07-31,788.5000,798.5000,782.0000,783.7500,34638,783.7500
2008-08-01,784.5000,810.2500,782.0000,794.0000,50820,794.0000
2008-08-04,794.0000,798.2500,752.0000,758.7500,52230,758.7500
2008-08-05,758.0000,806.7500,746.0000,780.0000,72316,780.0000
2008-08-06,780.0000,790.0000,751.0000,765.7500,47456,765.7500
2008-08-07,765.5000,825.7500,764.7500,822.2500,69560,822.2500
2008-08-08,823.0000,823.5000,762.5000,765.2500,64065,765.2500
2008-08-11,763.0000,813.5000,761.7500,793.7500,66081,793.7500
2008-08-12,795.5000,799.5000,776.2500,790.2500,50628,790.2500
2008-08-13,790.0000,850.2500,790.0000,850.2500,57707,850.2500
2008-08-14,851.0000,888.0000,834.7500,864.5000,74921,864.5000
2008-08-15,862.5000,863.7500,815.5000,824.2500,42925,824.2500
2008-08-18,823.0000,874.7500,823.0000,859.7500,30324,859.7500
2008-08-19,858.5000,873.2500,841.0000,845.2500,24065,845.2500
2008-08-20,843.0000,877.7500,842.5000,874.7500,18444,874.7500
2008-08-21,873.7500,932.2500,870.0000,897.2500,21925,897.2500
2008-08-22,893.0000,894.7500,863.0000,865.5000,13437,865.5000
2008-08-25,875.0000,885.0000,839.2500,840.2500,16849,840.2500
2008-08-26,840.0000,844.7500,810.5000,830.5000,22769,830.5000
2008-08-27,831.2500,839.5000,797.2500,802.7500,22642,802.7500
2008-08-28,804.2500,807.7500,779.2500,789.0000,25403,789.0000
2008-08-29,789.0000,791.5000,778.0000,779.2500,19876,779.2500
2008-09-02,770.0000,770.0000,734.2500,744.2500,8856,744.2500
2008-09-03,744.0000,757.2500,739.7500,752.2500,6634,752.2500
2008-09-04,758.7500,763.7500,751.2500,755.2500,4725,755.2500
2008-09-05,744.5000,744.5000,721.7500,729.7500,2976,729.7500
2008-09-08,738.0000,740.7500,721.0000,722.7500,2122,722.7500
2008-09-09,720.7500,721.0000,700.0000,711.5000,1514,711.5000
2008-09-10,701.0000,711.0000,698.0000,706.7500,439,706.7500
2008-09-11,699.5000,714.7500,699.5000,707.2500,444,707.2500
2008-09-12,715.7500,724.7500,699.0000,703.7500,52550,703.7500
2008-09-15,728.0000,739.5000,702.0000,727.0000,46012,727.0000
2008-09-16,725.0000,732.0000,686.2500,690.0000,58147,690.0000
2008-09-17,693.2500,728.7500,687.7500,725.7500,59169,725.7500
2008-09-18,728.0000,736.2500,688.7500,692.7500,51317,692.7500
2008-09-19,699.0000,722.5000,690.7500,718.0000,36389,718.0000
2008-09-22,721.7500,757.7500,715.0000,737.7500,44321,737.7500
2008-09-23,738.0000,753.7500,725.7500,750.5000,35875,750.5000
2008-09-24,750.2500,760.0000,723.2500,730.2500,36277,730.2500
2008-09-25,731.0000,741.0000,720.0000,736.2500,29255,736.2500
2008-09-26,731.0000,735.5000,714.7500,716.0000,25563,716.0000
2008-09-29,711.0000,715.7500,666.2500,668.0000,36417,668.0000
2008-09-30,668.0000,689.5000,662.5000,680.0000,45368,680.0000
2008-10-01,683.2500,690.2500,666.0000,669.7500,31595,669.7500
2008-10-02,669.7500,677.7500,631.0000,636.0000,37368,636.0000
2008-10-03,636.7500,654.2500,631.2500,640.2500,28238,640.2500
2008-10-06,631.7500,633.2500,588.5000,595.2500,46054,595.2500
2008-10-07,598.5000,615.7500,594.0000,603.2500,35000,603.2500
2008-10-08,604.2500,619.5000,586.2500,608.0000,29559,608.0000
2008-10-09,609.7500,621.5000,600.0000,604.7500,29150,604.7500
2008-10-10,586.2500,591.7500,557.7500,563.5000,40565,563.5000
2008-10-13,571.0000,595.0000,565.2500,588.5000,27602,588.5000
2008-10-14,597.0000,609.5000,570.0000,573.0000,28670,573.0000
2008-10-15,573.2500,579.7500,554.0000,555.7500,37003,555.7500
2008-10-16,554.7500,561.5000,543.0000,555.2500,37720,555.2500
2008-10-17,564.7500,571.2500,555.2500,566.2500,27551,566.2500
2008-10-20,565.0000,579.0000,554.0000,563.5000,32518,563.5000
2008-10-21,564.5000,571.5000,546.0000,549.0000,31476,549.0000
2008-10-22,552.5000,553.5000,516.0000,517.7500,31586,517.7500
2008-10-23,520.7500,537.7500,518.7500,523.0000,30620,523.0000
2008-10-24,534.0000,539.5000,496.5000,516.2500,36308,516.2500
2008-10-27,525.5000,531.5000,502.5000,529.5000,29849,529.5000
2008-10-28,528.7500,549.5000,511.2500,514.0000,35321,514.0000
2008-10-29,527.7500,574.0000,517.0000,561.2500,53668,561.2500
2008-10-30,560.5000,578.5000,530.5000,538.0000,44775,538.0000
2008-10-31,540.0000,542.5000,524.5000,536.2500,44911,536.2500
2008-11-03,538.7500,575.0000,532.7500,562.0000,50524,562.0000
2008-11-04,552.7500,587.7500,547.5000,572.5000,38266,572.5000
2008-11-05,571.7500,580.2500,533.2500,537.2500,46321,537.2500
2008-11-06,537.5000,539.5000,513.5000,522.5000,46008,522.5000
2008-11-07,520.0000,529.5000,516.5000,521.0000,39729,521.0000
2008-11-10,528.2500,536.2500,505.2500,520.0000,57147,520.0000
2008-11-11,519.2500,526.0000,505.2500,523.2500,50998,523.2500
2008-11-12,522.0000,555.0000,508.5000,533.0000,71626,533.0000
2008-11-13,535.0000,568.5000,521.2500,538.2500,81298,538.2500
2008-11-14,550.0000,559.7500,529.0000,554.2500,51828,554.2500
2008-11-17,551.5000,567.0000,525.5000,533.7500,43280,533.7500
2008-11-18,535.0000,548.5000,526.7500,529.7500,32894,529.7500
2008-11-19,530.2500,540.5000,525.2500,527.0000,24912,527.0000
2008-11-20,521.0000,524.7500,500.5000,511.7500,39287,511.7500
2008-11-21,507.0000,514.0000,496.0000,499.0000,28759,499.0000
2008-11-24,502.2500,559.0000,501.2500,537.5000,42598,537.5000
2008-11-25,537.7500,542.5000,528.5000,534.0000,28222,534.0000
2008-11-26,537.2500,546.5000,525.5000,535.5000,31941,535.5000
2008-11-28,545.2500,546.2500,531.5000,542.5000,21637,542.5000
2008-12-01,541.7500,543.0000,503.5000,509.7500,19310,509.7500
2008-12-02,508.0000,519.7500,504.5000,509.7500,14583,509.7500
2008-12-03,511.0000,514.2500,500.0000,500.7500,9246,500.7500
2008-12-04,498.2500,500.0000,467.0000,467.7500,5275,467.7500
2008-12-05,468.2500,468.5000,455.0000,457.7500,4162,457.7500
2008-12-08,474.7500,481.5000,467.0000,473.0000,2543,473.0000
2008-12-09,475.2500,478.5000,472.0000,472.2500,2371,472.2500
2008-12-10,471.7500,492.5000,471.7500,492.5000,916,492.5000
2008-12-11,490.0000,498.7500,490.0000,491.2500,211,491.2500
2008-12-12,492.0000,508.0000,476.0000,506.7500,40919,506.7500
2008-12-15,516.5000,534.2500,516.0000,520.0000,24895,520.0000
2008-12-16,519.2500,552.0000,515.0000,544.0000,33129,544.0000
2008-12-17,552.7500,561.0000,540.5000,557.5000,37426,557.5000
2008-12-18,556.5000,575.5000,553.5000,571.5000,32653,571.5000
2008-12-19,570.0000,570.0000,558.0000,563.2500,19368,563.2500
2008-12-22,565.5000,570.2500,557.5000,569.0000,13273,569.0000
2008-12-23,568.7500,581.0000,553.0000,575.2500,21738,575.2500
2008-12-24,575.2500,585.2500,572.5000,582.2500,8868,582.2500
2008-12-26,582.0000,602.5000,580.0000,599.2500,10380,599.2500
2008-12-29,599.2500,616.0000,588.2500,592.0000,22156,592.0000
2008-12-30,590.2500,607.0000,584.7500,604.7500,20379,604.7500
2008-12-31,603.5000,615.0000,592.0000,610.7500,23338,610.7500
2009-01-02,606.2500,615.0000,592.0000,611.0000,23818,611.0000
2009-01-05,613.0000,619.5000,596.2500,616.7500,24454,616.7500
2009-01-06,615.0000,645.0000,611.5000,643.5000,43517,643.5000
2009-01-07,641.5000,646.2500,609.5000,613.2500,38683,613.2500
2009-01-08,610.2500,620.7500,598.0000,612.5000,33950,612.5000
2009-01-09,613.7500,632.0000,612.5000,629.5000,32554,629.5000
2009-01-12,629.7500,637.5000,569.5000,569.7500,40154,569.7500
2009-01-13,567.0000,590.0000,561.0000,570.7500,35207,570.7500
2009-01-14,574.7500,581.2500,560.5000,574.2500,30125,574.2500
2009-01-15,573.0000,577.0000,562.7500,568.7500,25267,568.7500
2009-01-16,568.2500,584.7500,568.0000,578.2500,25139,578.2500
2009-01-20,579.0000,588.7500,548.2500,550.0000,38543,550.0000
2009-01-21,553.0000,573.0000,551.7500,571.7500,31129,571.7500
2009-01-22,572.0000,580.5000,560.0000,566.7500,21363,566.7500
2009-01-23,566.5000,598.7500,557.0000,582.7500,56308,582.7500
2009-01-26,583.7500,611.0000,575.2500,592.5000,36588,592.5000
2009-01-27,594.0000,601.0000,581.2500,584.7500,25894,584.7500
2009-01-28,584.2500,600.7500,580.5000,595.2500,25390,595.2500
2009-01-29,595.0000,596.5000,573.0000,578.0000,35761,578.0000
2009-01-30,579.0000,586.7500,566.2500,568.0000,35761,568.0000
2009-02-02,568.0000,571.0000,551.7500,563.7500,32636,563.7500
2009-02-03,561.7500,569.5000,551.0000,552.5000,22780,552.5000
2009-02-04,553.2500,562.0000,538.7500,542.2500,53934,542.2500
2009-02-05,542.2500,567.5000,541.5000,561.7500,36542,561.7500
2009-02-06,562.0000,570.5000,554.0000,557.0000,47783,557.0000
2009-02-09,560.2500,577.0000,556.2500,565.0000,43438,565.0000
2009-02-10,563.0000,566.0000,543.5000,556.0000,47185,556.0000
2009-02-11,553.0000,556.5000,542.0000,543.2500,42456,543.2500
2009-02-12,544.2500,552.2500,537.0000,538.7500,38748,538.7500
2009-02-13,539.2500,545.0000,534.5000,535.5000,29319,535.5000
2009-02-17,536.0000,537.2500,513.0000,515.5000,50170,515.5000
2009-02-18,516.2500,518.2500,510.0000,510.7500,30339,510.7500
2009-02-19,511.0000,523.2500,510.7500,519.5000,48889,519.5000
2009-02-20,520.0000,523.7500,504.5000,519.2500,43526,519.2500
2009-02-23,522.0000,528.2500,508.7500,510.5000,39712,510.5000
2009-02-24,509.0000,517.2500,505.0000,515.2500,28705,515.2500
2009-02-25,517.2500,528.7500,510.0000,524.7500,20864,524.7500
2009-02-26,526.0000,534.0000,512.0000,514.0000,25749,514.0000
2009-02-27,515.7500,517.5000,506.0000,510.5000,23505,510.5000
2009-03-02,508.0000,516.0000,492.0000,494.7500,10251,494.7500
2009-03-03,496.2500,499.0000,488.2500,490.2500,7352,490.2500
2009-03-04,497.0000,512.2500,497.0000,511.7500,3932,511.7500
2009-03-05,515.0000,516.2500,503.2500,504.0000,2130,504.0000
2009-03-06,508.2500,522.2500,508.2500,516.2500,937,516.2500
2009-03-09,516.0000,516.7500,512.7500,513.0000,456,513.0000
2009-03-10,525.2500,527.5000,523.2500,522.7500,314,522.7500
2009-03-11,522.0000,522.5000,496.7500,498.7500,568,498.7500
2009-03-12,501.5000,516.0000,501.5000,515.2500,1373,515.2500
2009-03-13,513.0000,516.2500,506.2500,506.5000,22572,506.5000
2009-03-16,514.2500,546.5000,511.5000,544.2500,52326,544.2500
2009-03-17,540.2500,554.7500,536.7500,552.5000,41956,552.5000
2009-03-18,554.0000,559.0000,528.2500,530.0000,39580,530.0000
2009-03-19,540.5000,559.5000,537.7500,555.2500,33365,555.2500
2009-03-20,556.2500,561.0000,541.0000,550.2500,27808,550.2500
2009-03-23,552.0000,563.0000,545.0000,549.2500,28741,549.2500
2009-03-24,551.7500,552.7500,530.2500,535.0000,33870,535.0000
2009-03-25,536.0000,536.0000,506.7500,508.0000,47773,508.0000
2009-03-26,510.0000,518.0000,507.2500,514.5000,22785,514.5000
2009-03-27,514.0000,517.5000,503.0000,507.2500,21390,507.2500
2009-03-30,509.0000,516.0000,501.0000,512.5000,25890,512.5000
2009-03-31,513.7500,534.0000,508.0000,532.7500,45379,532.7500
2009-04-01,527.7500,531.2500,515.7500,525.5000,52522,525.5000
2009-04-02,525.5000,552.0000,523.5000,550.5000,58003,550.5000
2009-04-03,551.0000,564.7500,546.0000,563.5000,43757,563.5000
2009-04-06,566.0000,572.7500,553.0000,557.0000,31577,557.0000
2009-04-07,557.0000,564.5000,538.7500,539.7500,52496,539.7500
2009-04-08,540.0000,544.7500,531.0000,532.0000,46945,532.0000
2009-04-09,532.5000,543.5000,521.0000,522.0000,57742,522.0000
2009-04-13,522.0000,530.5000,515.2500,523.2500,41375,523.2500
2009-04-14,524.0000,533.2500,518.2500,522.2500,46970,522.2500
2009-04-15,523.0000,530.0000,514.7500,515.2500,37558,515.2500
2009-04-16,516.0000,527.5000,513.5000,524.7500,29717,524.7500
2009-04-17,526.7500,531.7500,520.0000,523.0000,21912,523.0000
2009-04-20,522.0000,525.0000,500.7500,504.5000,41485,504.5000
2009-04-21,504.7500,516.5000,503.5000,509.5000,29092,509.5000
2009-04-22,510.5000,518.0000,509.2500,516.7500,16247,516.7500
2009-04-23,517.7500,533.2500,512.0000,529.2500,26468,529.2500
2009-04-24,530.0000,533.7500,524.7500,532.2500,15211,532.2500
2009-04-27,531.7500,539.0000,507.0000,508.0000,22392,508.0000
2009-04-28,509.7500,518.2500,507.2500,510.5000,14377,510.5000
2009-04-29,510.0000,523.5000,508.7500,520.7500,33114,520.7500
2009-04-30,521.0000,532.7500,518.0000,524.2500,30352,524.2500
2009-05-01,524.7500,560.5000,524.0000,557.2500,13245,557.2500
2009-05-04,546.7500,558.0000,535.0000,538.5000,5470,538.5000
2009-05-05,543.2500,550.0000,539.2500,541.5000,4809,541.5000
2009-05-06,541.5000,548.0000,537.0000,547.7500,3321,547.7500
2009-05-07,554.0000,562.0000,548.0000,559.0000,1260,559.0000
2009-05-08,566.5000,581.2500,566.0000,580.5000,598,580.5000
2009-05-11,575.7500,583.0000,575.7500,580.5000,598,580.5000
2009-05-12,584.5000,584.5000,569.5000,582.5000,924,582.5000
2009-05-13,589.0000,589.5000,577.7500,578.7500,289,578.7500
2009-05-14,573.0000,581.5000,572.0000,581.5000,34230,581.5000
2009-05-15,592.0000,595.2500,575.2500,577.5000,32412,577.5000
2009-05-18,572.0000,599.2500,563.2500,590.5000,50770,590.5000
2009-05-19,589.2500,596.2500,584.0000,588.7500,34244,588.7500
2009-05-20,587.7500,604.7500,585.7500,597.7500,37985,597.7500
2009-05-21,597.2500,601.5000,584.5000,593.5000,35755,593.5000
2009-05-22,593.0000,618.0000,593.0000,612.5000,46178,612.5000
2009-05-26,609.2500,619.7500,602.5000,612.0000,31804,612.0000
2009-05-27,612.7500,628.7500,610.0000,625.7500,39998,625.7500
2009-05-28,623.7500,646.2500,618.0000,630.5000,51775,630.5000
2009-05-29,630.2500,644.5000,625.0000,637.2500,45983,637.2500
2009-06-01,636.7500,677.0000,635.0000,674.5000,65787,674.5000
2009-06-02,672.0000,673.2500,658.2500,669.5000,65951,669.5000
2009-06-03,667.2500,668.5000,614.5000,617.5000,92739,617.5000
2009-06-04,618.2500,642.7500,614.2500,635.2500,62655,635.2500
2009-06-05,639.2500,639.5000,621.0000,623.0000,62365,623.0000
2009-06-08,623.2500,625.0000,595.7500,598.0000,68325,598.0000
2009-06-09,598.2500,617.5000,597.2500,613.7500,61482,613.7500
2009-06-10,613.5000,617.2500,592.0000,596.0000,64856,596.0000
2009-06-11,596.5000,607.5000,589.0000,594.7500,48998,594.7500
2009-06-12,592.0000,598.0000,577.0000,584.7500,38835,584.7500
2009-06-15,587.0000,587.2500,568.0000,575.2500,38797,575.2500
2009-06-16,576.7500,583.5000,564.7500,565.7500,37563,565.7500
2009-06-17,565.5000,572.2500,555.5000,566.0000,62646,566.0000
2009-06-18,568.0000,570.5000,556.0000,560.2500,31956,560.2500
2009-06-19,561.0000,567.7500,552.0000,555.2500,35548,555.2500
2009-06-22,555.0000,555.5000,542.0000,546.0000,41104,546.0000
2009-06-23,546.0000,552.2500,540.7500,546.7500,48684,546.7500
2009-06-24,546.7500,552.5000,536.7500,539.7500,54486,539.7500
2009-06-25,539.5000,541.5000,528.0000,533.0000,38134,533.0000
2009-06-26,533.0000,538.0000,530.5000,534.2500,29826,534.2500
2009-06-29,534.2500,540.0000,525.5000,528.5000,49629,528.5000
2009-06-30,529.0000,536.5000,495.7500,511.2500,21833,511.2500
2009-07-01,517.0000,519.5000,501.5000,506.2500,14395,506.2500
2009-07-02,507.5000,511.0000,499.5000,500.2500,11741,500.2500
2009-07-06,499.0000,501.0000,489.7500,490.5000,7511,490.5000
2009-07-07,491.5000,495.5000,483.5000,483.7500,6892,483.7500
2009-07-08,485.5000,493.5000,485.5000,488.5000,2799,488.5000
2009-07-09,494.2500,497.0000,494.2500,494.2500,1321,494.2500
2009-07-10,494.5000,495.2500,487.7500,491.7500,1607,491.7500
2009-07-13,493.7500,517.0000,491.2500,515.7500,1170,515.7500
2009-07-14,515.2500,516.0000,505.2500,501.7500,35375,501.7500
2009-07-15,530.0000,549.0000,527.7500,534.7500,37769,534.7500
2009-07-16,534.0000,548.7500,528.0000,533.2500,35036,533.2500
2009-07-17,533.0000,547.5000,528.7500,541.7500,28086,541.7500
2009-07-20,541.7500,553.7500,531.7500,542.2500,31287,542.2500
2009-07-21,542.2500,544.2500,530.2500,534.7500,27603,534.7500
2009-07-22,531.0000,532.5000,513.2500,522.0000,49286,522.0000
2009-07-23,522.7500,538.7500,520.2500,531.7500,36572,531.7500
2009-07-24,531.0000,535.5000,515.5000,516.2500,27659,516.2500
2009-07-27,516.2500,523.7500,512.0000,520.5000,22261,520.5000
2009-07-28,520.0000,528.0000,514.5000,516.2500,29740,516.2500
2009-07-29,514.7500,518.0000,505.2500,511.5000,26669,511.5000
2009-07-30,512.0000,527.2500,511.7500,516.2500,37819,516.2500
2009-07-31,516.0000,530.0000,514.7500,528.2500,32936,528.2500
2009-08-03,531.7500,557.5000,528.0000,549.2500,89009,549.2500
2009-08-04,548.7500,550.5000,538.2500,542.2500,39671,542.2500
2009-08-05,542.0000,546.7500,522.2500,528.7500,49325,528.7500
2009-08-06,529.2500,530.0000,499.5000,500.2500,46686,500.2500
2009-08-07,501.0000,505.0000,488.0000,489.5000,76899,489.5000
2009-08-10,488.0000,501.5000,485.2500,494.2500,65231,494.2500
2009-08-11,494.2500,499.7500,483.5000,485.2500,50428,485.2500
2009-08-12,485.7500,491.0000,476.2500,490.2500,42711,490.2500
2009-08-13,487.0000,496.5000,480.2500,481.5000,43190,481.5000
2009-08-14,482.2500,486.5000,473.7500,481.7500,30316,481.7500
2009-08-17,481.2500,481.2500,465.2500,471.7500,27468,471.7500
2009-08-18,470.2500,479.0000,468.5000,470.5000,20916,470.5000
2009-08-19,472.5000,480.7500,457.7500,466.0000,28579,466.0000
2009-08-20,467.0000,471.2500,462.2500,469.0000,11249,469.0000
2009-08-21,468.0000,475.7500,458.7500,460.2500,17899,460.2500
2009-08-24,460.2500,472.5000,459.5000,471.7500,22006,471.7500
2009-08-25,470.7500,489.0000,467.0000,471.0000,15364,471.0000
2009-08-26,471.0000,481.7500,469.7500,478.7500,16571,478.7500
2009-08-27,479.0000,482.5000,464.2500,475.0000,14195,475.0000
2009-08-28,475.0000,481.2500,459.5000,467.0000,30360,467.0000
2009-08-31,467.0000,473.5000,453.2500,471.0000,14438,471.0000
2009-09-01,471.0000,472.0000,454.2500,459.2500,10015,459.2500
2009-09-02,457.0000,460.7500,454.7500,457.0000,5823,457.0000
2009-09-03,456.5000,465.0000,447.2500,451.2500,2893,451.2500
2009-09-04,450.0000,450.0000,445.0000,444.0000,1346,444.0000
2009-09-08,442.2500,446.5000,433.0000,431.5000,777,431.5000
2009-09-09,430.5000,434.7500,426.7500,429.0000,333,429.0000
2009-09-10,429.5000,434.0000,429.5000,432.7500,281,432.7500
2009-09-11,432.7500,440.5000,425.2500,441.7500,157,441.7500
2009-09-14,431.0000,431.0000,431.0000,431.0000,25951,431.0000
2009-09-15,453.2500,481.5000,450.0000,470.5000,51514,470.5000
2009-09-16,469.5000,473.7500,456.2500,467.2500,31700,467.2500
2009-09-17,467.5000,476.7500,458.2500,461.7500,24999,461.7500
2009-09-18,461.5000,465.2500,456.2500,457.2500,20047,457.2500
2009-09-21,457.0000,463.0000,452.7500,456.0000,26199,456.0000
2009-09-22,456.2500,464.5000,452.7500,455.7500,31349,455.7500
2009-09-23,455.5000,469.0000,451.2500,460.0000,39844,460.0000
2009-09-24,457.5000,474.0000,453.7500,473.0000,46192,473.0000
2009-09-25,471.7500,477.2500,448.0000,449.7500,60761,449.7500
2009-09-28,462.0000,462.0000,450.5000,455.7500,30402,455.7500
2009-09-29,456.0000,460.0000,441.2500,447.5000,33411,447.5000
2009-09-30,447.5000,460.0000,439.5000,457.5000,41782,457.5000
2009-10-01,452.0000,454.0000,445.5000,452.7500,25947,452.7500
2009-10-02,451.5000,454.0000,439.2500,441.2500,27474,441.2500
2009-10-05,441.2500,452.0000,439.2500,442.7500,29941,442.7500
2009-10-06,443.0000,471.5000,442.7500,460.2500,46789,460.2500
2009-10-07,458.7500,466.0000,453.7500,463.2500,26401,463.2500
2009-10-08,464.0000,483.0000,462.5000,474.0000,61625,474.0000
2009-10-09,473.2500,474.2500,461.0000,468.0000,38632,468.0000
2009-10-12,470.2500,496.5000,464.7500,494.2500,38270,494.2500
2009-10-13,492.7500,514.5000,486.0000,511.2500,56272,511.2500
2009-10-14,511.5000,529.0000,505.0000,513.0000,55673,513.0000
2009-10-15,512.7500,513.7500,496.2500,505.0000,39749,505.0000
2009-10-16,504.2500,511.2500,495.5000,498.7500,25743,498.7500
2009-10-19,497.2500,523.0000,495.7500,517.7500,41029,517.7500
2009-10-20,517.7500,527.0000,508.0000,517.5000,45349,517.5000
2009-10-21,517.7500,548.5000,514.5000,542.5000,55443,542.5000
2009-10-22,538.2500,555.7500,533.5000,551.7500,53245,551.7500
2009-10-23,551.7500,574.7500,546.7500,547.7500,76800,547.7500
2009-10-26,546.5000,559.7500,526.0000,527.0000,70143,527.0000
2009-10-27,526.0000,529.2500,502.7500,503.2500,56270,503.2500
2009-10-28,503.0000,508.7500,491.2500,494.7500,45955,494.7500
2009-10-29,496.7500,511.2500,494.2500,503.7500,48038,503.7500
2009-10-30,505.0000,509.2500,488.0000,494.2500,48361,494.2500
2009-11-02,490.0000,518.7500,487.7500,516.7500,56540,516.7500
2009-11-03,516.5000,520.7500,504.7500,515.7500,39810,515.7500
2009-11-04,517.0000,528.2500,505.0000,521.0000,47229,521.0000
2009-11-05,520.7500,521.2500,510.7500,512.2500,30257,512.2500
2009-11-06,511.7500,515.2500,496.5000,497.2500,47550,497.2500
2009-11-09,498.0000,524.2500,496.7500,520.0000,55787,520.0000
2009-11-10,518.0000,527.0000,507.7500,523.0000,60450,523.0000
2009-11-11,521.7500,540.0000,519.5000,531.7500,69290,531.7500
2009-11-12,529.0000,541.7500,522.0000,531.7500,79147,531.7500
2009-11-13,531.0000,540.2500,527.5000,539.0000,35850,539.0000
2009-11-16,542.0000,564.0000,535.0000,562.2500,80556,562.2500
2009-11-17,562.2500,575.5000,555.2500,574.7500,69550,574.7500
2009-11-18,573.0000,583.5000,565.2500,566.2500,57575,566.2500
2009-11-19,566.5000,571.5000,549.7500,562.5000,45587,562.5000
2009-11-20,563.2500,572.2500,553.2500,559.7500,35167,559.7500
2009-11-23,559.0000,579.7500,556.5000,557.2500,46052,557.2500
2009-11-24,556.5000,559.7500,531.5000,533.0000,40378,533.0000
2009-11-25,535.2500,554.5000,534.2500,550.2500,34063,550.2500
2009-11-27,538.0000,550.7500,530.5000,548.7500,20034,548.7500
2009-11-30,550.2500,568.2500,550.2500,567.5000,16714,567.5000
2009-12-01,563.0000,576.2500,559.0000,562.5000,11071,562.5000
2009-12-02,560.2500,563.2500,549.2500,554.5000,7994,554.5000
2009-12-03,557.2500,559.7500,548.0000,549.7500,4445,549.7500
2009-12-04,546.0000,554.2500,534.2500,536.7500,3748,536.7500
2009-12-07,537.2500,538.7500,525.7500,526.5000,3161,526.5000
2009-12-08,533.2500,533.2500,516.7500,519.2500,2263,519.2500
2009-12-09,518.0000,522.2500,512.2500,515.0000,1282,515.0000
2009-12-10,518.5000,524.5000,511.0000,517.7500,1006,517.7500
2009-12-11,519.2500,523.0000,512.0000,519.2500,816,519.2500
2009-12-14,517.0000,529.2500,517.0000,525.0000,30960,525.0000
2009-12-15,542.7500,547.0000,536.0000,536.7500,33861,536.7500
2009-12-16,536.0000,544.0000,527.7500,537.2500,40739,537.2500
2009-12-17,537.7500,539.2500,514.2500,518.5000,45340,518.5000
2009-12-18,522.0000,529.0000,515.0000,528.0000,36078,528.0000
2009-12-21,527.2500,530.0000,519.0000,519.5000,19468,519.5000
2009-12-22,518.5000,525.0000,515.2500,523.0000,18945,523.0000
2009-12-23,523.0000,529.7500,518.7500,529.0000,14599,529.0000
2009-12-24,529.2500,531.2500,520.7500,524.5000,10723,524.5000
2009-12-28,524.5000,550.7500,522.5000,550.7500,30953,550.7500
2009-12-29,550.0000,554.7500,540.0000,541.0000,24514,541.0000
2009-12-30,540.0000,550.0000,540.0000,544.7500,19911,544.7500
2009-12-31,543.7500,550.0000,540.0000,541.5000,14383,541.5000
2010-01-04,544.7500,561.2500,544.0000,557.7500,41278,557.7500
2010-01-05,556.7500,561.5000,552.0000,553.0000,36720,553.0000
2010-01-06,552.0000,567.7500,551.0000,567.2500,38503,567.2500
2010-01-07,566.5000,568.0000,556.0000,557.7500,33873,557.7500
2010-01-08,557.5000,570.0000,545.2500,568.5000,33873,568.5000
2010-01-11,569.0000,575.0000,563.7500,572.5000,33873,572.5000
2010-01-12,570.0000,570.5000,520.5000,535.7500,33873,535.7500
2010-01-13,534.7500,538.0000,519.2500,537.0000,60488,537.0000
2010-01-14,536.7500,537.2500,525.5000,527.7500,40114,527.7500
2010-01-15,525.2500,525.7500,509.2500,510.0000,42330,510.0000
2010-01-19,511.0000,515.2500,496.5000,500.5000,49469,500.5000
2010-01-20,501.0000,501.5000,485.2500,497.5000,48241,497.5000
2010-01-21,497.7500,500.5000,493.0000,499.5000,35457,499.5000
2010-01-22,500.5000,502.0000,491.5000,498.5000,30415,498.5000
2010-01-25,500.2500,504.0000,496.2500,498.2500,30539,498.2500
2010-01-26,497.2500,500.5000,491.5000,494.0000,30418,494.0000
2010-01-27,493.5000,495.0000,483.0000,483.7500,42885,483.7500
2010-01-28,485.7500,489.2500,482.7500,487.0000,35797,487.0000
2010-01-29,486.5000,488.5000,473.0000,474.0000,62568,474.0000
2010-02-01,476.0000,483.7500,473.0000,474.7500,57026,474.7500
2010-02-02,474.2500,492.5000,474.2500,487.2500,65546,487.2500
2010-02-03,487.5000,494.7500,468.2500,469.0000,61505,469.0000
2010-02-04,471.0000,482.0000,466.5000,475.7500,50470,475.7500
2010-02-05,475.0000,476.5000,467.0000,473.2500,55763,473.2500
2010-02-08,479.5000,489.0000,476.2500,484.0000,55118,484.0000
2010-02-09,483.0000,488.5000,476.7500,482.2500,63813,482.2500
2010-02-10,483.5000,503.0000,480.7500,496.7500,87561,496.7500
2010-02-11,497.7500,501.5000,486.5000,493.5000,54328,493.5000
2010-02-12,493.5000,493.7500,480.2500,486.5000,40776,486.5000
2010-02-16,490.0000,509.0000,488.2500,505.0000,59297,505.0000
2010-02-17,504.2500,504.7500,492.5000,494.7500,42283,494.7500
2010-02-18,495.0000,499.5000,483.0000,485.0000,40668,485.0000
2010-02-19,481.0000,490.5000,477.5000,489.7500,41882,489.7500
2010-02-22,489.7500,504.0000,485.2500,501.2500,48291,501.2500
2010-02-23,499.2500,501.5000,491.0000,491.7500,34885,491.7500
2010-02-24,492.0000,502.2500,489.5000,500.2500,27762,500.2500
2010-02-25,499.0000,500.5000,488.0000,489.7500,23569,489.7500
2010-02-26,489.5000,507.0000,488.5000,506.5000,6934,506.5000
2010-03-01,508.0000,513.0000,485.0000,492.7500,7920,492.7500
2010-03-02,493.0000,497.2500,487.0000,492.0000,5407,492.0000
2010-03-03,497.2500,503.7500,494.7500,503.5000,2932,503.5000
2010-03-04,501.5000,502.2500,488.0000,490.5000,2358,490.5000
2010-03-05,493.0000,496.7500,482.2500,482.2500,1902,482.2500
2010-03-08,484.0000,487.2500,483.2500,484.5000,1264,484.5000
2010-03-09,483.0000,483.2500,478.2500,478.5000,739,478.5000
2010-03-10,478.0000,478.0000,468.7500,470.7500,462,470.7500
2010-03-11,469.0000,470.7500,466.0000,468.5000,221,468.5000
2010-03-12,469.5000,471.7500,469.5000,472.2500,24060,472.2500
2010-03-15,484.7500,487.0000,476.7500,479.2500,20569,479.2500
2010-03-16,480.2500,489.0000,479.5000,487.0000,26171,487.0000
2010-03-17,487.7500,498.2500,485.2500,496.0000,34563,496.0000
2010-03-18,494.5000,494.7500,484.5000,489.2500,34830,489.2500
2010-03-19,489.2500,490.7500,482.5000,483.7500,21371,483.7500
2010-03-22,484.2500,492.7500,482.2500,486.5000,23468,486.5000
2010-03-23,485.2500,489.0000,475.7500,476.7500,31447,476.7500
2010-03-24,477.0000,478.7500,472.0000,476.0000,24110,476.0000
2010-03-25,475.5000,478.2500,464.5000,466.5000,33361,466.5000
2010-03-26,466.2500,468.7500,464.0000,464.7500,26997,464.7500
2010-03-29,465.5000,471.2500,464.0000,464.7500,32286,464.7500
2010-03-30,464.7500,473.7500,462.2500,472.0000,34897,472.0000
2010-03-31,472.0000,474.2500,450.0000,450.5000,58287,450.5000
2010-04-01,452.5000,457.7500,449.5000,454.7500,68,454.7500
2010-04-05,456.0000,459.5000,447.0000,453.5000,20682,453.5000
2010-04-06,454.0000,470.0000,448.7500,463.5000,46216,463.5000
2010-04-07,463.7500,479.7500,456.5000,475.2500,55200,475.2500
2010-04-08,474.2500,474.7500,467.0000,469.2500,48344,469.2500
2010-04-09,469.5000,478.7500,462.5000,465.7500,48279,465.7500
2010-04-12,469.0000,474.5000,466.0000,467.7500,79561,467.7500
2010-04-13,467.0000,476.5000,463.5000,476.0000,64576,476.0000
2010-04-14,475.2500,482.0000,470.5000,474.7500,69661,474.7500
2010-04-15,474.2500,482.5000,472.5000,480.2500,41466,480.2500
2010-04-16,479.7500,491.2500,476.2500,490.5000,39879,490.5000
2010-04-19,489.0000,489.0000,466.7500,467.7500,35943,467.7500
2010-04-20,469.5000,487.2500,468.5000,486.0000,36954,486.0000
2010-04-21,486.7500,490.0000,481.7500,487.2500,22042,487.2500
2010-04-22,486.5000,499.5000,480.7500,498.5000,18974,498.5000
2010-04-23,498.0000,499.2500,489.7500,493.2500,28265,493.2500
2010-04-26,492.5000,502.5000,449.0000,476.0000,15952,476.0000
2010-04-27,476.7500,481.2500,471.2500,478.2500,14215,478.2500
2010-04-28,477.0000,484.0000,470.7500,476.2500,18448,476.2500
2010-04-29,477.0000,495.2500,477.0000,484.5000,15673,484.5000
2010-04-30,484.0000,493.7500,482.0000,491.7500,10948,491.7500
2010-05-03,493.5000,495.7500,480.5000,490.0000,6940,490.0000
2010-05-04,489.0000,500.5000,483.0000,499.7500,4678,499.7500
2010-05-05,500.5000,501.5000,493.0000,501.0000,4338,501.0000
2010-05-06,500.0000,502.0000,490.0000,497.2500,2863,497.2500
2010-05-07,492.5000,506.2500,490.0000,500.2500,2333,500.2500
2010-05-10,498.0000,502.5000,482.5000,482.5000,776,482.5000
2010-05-11,482.2500,487.2500,481.0000,483.7500,213,483.7500
2010-05-12,485.0000,496.0000,482.0000,482.7500,342,482.7500
2010-05-13,479.2500,479.2500,472.0000,471.0000,542,471.0000
2010-05-14,465.5000,465.5000,463.0000,463.5000,34507,463.5000
2010-05-17,471.0000,474.5000,466.2500,469.0000,32094,469.0000
2010-05-18,469.0000,473.5000,466.0000,467.7500,32717,467.7500
2010-05-19,467.7500,472.0000,465.2500,469.2500,28939,469.2500
2010-05-20,470.5000,472.2500,461.2500,469.7500,42108,469.7500
2010-05-21,469.5000,475.0000,466.5000,472.0000,32362,472.0000
2010-05-24,473.7500,476.0000,466.0000,467.5000,32240,467.5000
2010-05-25,465.5000,466.7500,456.2500,460.5000,41281,460.5000
2010-05-26,462.7500,472.0000,459.0000,461.7500,49496,461.7500
2010-05-27,460.5000,473.5000,458.0000,467.7500,30745,467.7500
2010-05-28,468.5000,473.5000,456.5000,457.7500,66816,457.7500
2010-06-01,457.7500,461.2500,448.7500,450.7500,47763,450.7500
2010-06-02,450.0000,454.5000,442.0000,442.5000,61748,442.5000
2010-06-03,443.5000,448.0000,440.5000,441.7500,51410,441.7500
2010-06-04,442.5000,444.2500,435.2500,435.7500,54534,435.7500
2010-06-07,435.2500,438.5000,431.2500,432.2500,47975,432.2500
2010-06-08,432.2500,436.5000,431.2500,432.2500,57042,432.2500
2010-06-09,432.7500,436.0000,425.5000,428.0000,62604,428.0000
2010-06-10,428.0000,437.5000,426.7500,433.2500,62662,433.2500
2010-06-11,433.0000,449.0000,427.5000,440.7500,92624,440.7500
2010-06-14,442.7500,454.7500,441.7500,451.5000,72669,451.5000
2010-06-15,451.0000,456.2500,445.2500,451.7500,41286,451.7500
2010-06-16,451.5000,468.0000,451.0000,461.2500,70631,461.2500
2010-06-17,461.0000,465.5000,453.5000,462.7500,51215,462.7500
2010-06-18,462.5000,470.0000,458.7500,461.7500,51060,461.7500
2010-06-21,462.7500,469.2500,455.2500,462.0000,42360,462.0000
2010-06-22,461.2500,463.7500,455.7500,460.7500,28367,460.7500
2010-06-23,459.7500,468.5000,458.2500,462.2500,39445,462.2500
2010-06-24,461.2500,470.0000,461.0000,463.0000,32322,463.0000
2010-06-25,462.7500,464.7500,455.2500,456.2500,24162,456.2500
2010-06-28,455.5000,455.5000,444.0000,449.5000,32821,449.5000
2010-06-29,448.2500,448.5000,440.0000,442.0000,25205,442.0000
2010-06-30,441.5000,477.2500,441.5000,464.7500,17201,464.7500
2010-07-01,464.2500,486.0000,461.0000,484.0000,9964,484.0000
2010-07-02,482.5000,492.0000,481.2500,487.7500,6254,487.7500
2010-07-06,487.7500,511.0000,487.7500,492.7500,5525,492.7500
2010-07-07,492.0000,517.0000,492.0000,515.7500,4025,515.7500
2010-07-08,515.0000,534.5000,510.0000,534.0000,3901,534.0000
2010-07-09,529.7500,529.7500,519.7500,523.5000,2714,523.5000
2010-07-12,523.5000,524.5000,520.0000,521.2500,1659,521.2500
2010-07-13,520.0000,536.7500,520.0000,535.7500,332,535.7500
2010-07-14,534.5000,553.2500,533.5000,548.2500,59964,548.2500
2010-07-15,556.7500,598.5000,555.5000,596.2500,93931,596.2500
2010-07-16,595.5000,597.7500,578.7500,587.2500,69220,587.2500
2010-07-19,582.5000,597.7500,575.2500,582.2500,51738,582.2500
2010-07-20,580.5000,581.0000,572.7500,577.0000,37416,577.0000
2010-07-21,577.0000,594.0000,574.0000,588.2500,48904,588.2500
2010-07-22,587.0000,610.0000,583.7500,596.5000,62992,596.5000
2010-07-23,596.0000,603.7500,593.2500,596.2500,35816,596.2500
2010-07-26,596.2500,596.2500,584.5000,589.5000,30102,589.5000
2010-07-27,587.0000,604.0000,582.5000,595.0000,52862,595.0000
2010-07-28,593.0000,623.2500,592.0000,615.5000,61593,615.5000
2010-07-29,615.2500,632.0000,613.0000,627.5000,57886,627.5000
2010-07-30,626.2500,663.0000,625.7500,661.5000,80164,661.5000
2010-08-02,660.0000,711.2500,657.0000,693.2500,115906,693.2500
2010-08-03,692.0000,697.5000,674.7500,680.0000,66221,680.0000
2010-08-04,680.0000,732.0000,678.2500,725.7500,91773,725.7500
2010-08-05,726.2500,785.7500,724.0000,785.7500,88514,785.7500
2010-08-06,788.2500,841.0000,725.7500,725.7500,126816,725.7500
2010-08-09,710.7500,738.2500,684.5000,712.5000,131546,712.5000
2010-08-10,713.0000,718.2500,690.0000,694.7500,99701,694.7500
2010-08-11,695.0000,709.5000,680.5000,694.7500,90223,694.7500
2010-08-12,695.0000,734.5000,689.0000,713.0000,78265,713.0000
2010-08-13,710.0000,724.7500,700.2500,702.5000,40717,702.5000
2010-08-16,700.0000,709.0000,655.7500,663.7500,53329,663.7500
2010-08-17,664.7500,676.7500,649.7500,651.0000,41916,651.0000
2010-08-18,652.7500,665.0000,645.0000,656.0000,22493,656.0000
2010-08-19,657.0000,700.0000,657.0000,681.2500,32289,681.2500
2010-08-20,685.0000,695.7500,670.0000,679.0000,15341,679.0000
2010-08-23,679.0000,697.0000,677.2500,692.2500,15224,692.2500
2010-08-24,691.5000,693.0000,668.2500,674.7500,22088,674.7500
2010-08-25,674.7500,682.7500,646.5000,647.7500,21858,647.7500
2010-08-26,650.2500,665.2500,649.7500,656.5000,15760,656.5000
2010-08-27,657.5000,673.2500,655.0000,662.5000,13926,662.5000
2010-08-30,666.0000,695.2500,665.5000,671.2500,25897,671.2500
2010-08-31,667.0000,679.7500,650.5000,652.5000,16752,652.5000
2010-09-01,654.2500,678.2500,653.0000,675.5000,11173,675.5000
2010-09-02,680.7500,687.0000,680.5000,680.7500,7239,680.7500
2010-09-03,682.0000,709.2500,682.0000,708.2500,4793,708.2500
2010-09-07,711.2500,713.0000,696.0000,702.5000,4238,702.5000
2010-09-08,701.7500,702.0000,678.0000,678.7500,3450,678.7500
2010-09-09,683.7500,707.2500,683.0000,706.7500,2133,706.7500
2010-09-10,704.0000,708.5000,690.2500,704.7500,2842,704.7500
2010-09-13,705.7500,722.0000,705.7500,713.7500,1789,713.7500
2010-09-14,708.2500,709.0000,701.5000,704.5000,44074,704.5000
2010-09-15,735.7500,744.2500,723.0000,726.7500,44548,726.7500
2010-09-16,728.2500,737.7500,711.5000,719.2500,45246,719.2500
2010-09-17,725.5000,743.0000,723.0000,739.2500,41536,739.2500
2010-09-20,738.5000,757.0000,729.0000,731.7500,38596,731.7500
2010-09-21,728.7500,734.0000,716.5000,718.0000,36945,718.0000
2010-09-22,721.0000,732.0000,713.5000,719.7500,37375,719.7500
2010-09-23,720.5000,722.0000,693.0000,697.2500,52999,697.2500
2010-09-24,701.2500,723.0000,697.5000,720.0000,51154,720.0000
2010-09-27,722.0000,731.0000,702.0000,706.5000,37631,706.5000
2010-09-28,705.0000,707.7500,684.5000,684.7500,46561,684.7500
2010-09-29,685.2500,688.2500,663.2500,683.5000,57177,683.5000
2010-09-30,685.7500,686.0000,651.0000,674.0000,75444,674.0000
2010-10-01,674.0000,678.2500,646.5000,655.0000,56388,655.0000
2010-10-04,650.0000,655.7500,643.5000,647.2500,38228,647.2500
2010-10-05,647.7500,667.7500,644.0000,663.5000,48567,663.5000
2010-10-06,664.2500,673.2500,655.0000,658.2500,29587,658.2500
2010-10-07,658.0000,676.2500,656.5000,659.2500,36542,659.2500
2010-10-08,660.7500,719.2500,657.0000,719.2500,41711,719.2500
2010-10-11,737.5000,739.7500,703.0000,709.2500,61235,709.2500
2010-10-12,708.2500,719.7500,703.0000,710.0000,44605,710.0000
2010-10-13,712.0000,722.2500,695.0000,702.7500,50559,702.7500
2010-10-14,702.0000,712.2500,697.5000,700.7500,40266,700.7500
2010-10-15,702.0000,713.7500,695.0000,704.5000,49322,704.5000
2010-10-18,701.7500,709.0000,687.2500,690.0000,41689,690.0000
2010-10-19,691.0000,696.5000,668.2500,671.5000,49092,671.5000
2010-10-20,673.5000,687.7500,673.5000,683.0000,36051,683.0000
2010-10-21,683.0000,692.2500,667.0000,668.7500,33133,668.7500
2010-10-22,670.2500,676.0000,665.0000,670.7500,29604,670.7500
2010-10-25,669.2500,686.0000,669.0000,674.0000,35789,674.0000
2010-10-26,674.0000,699.0000,670.5000,692.0000,61650,692.0000
2010-10-27,694.5000,707.5000,686.5000,702.7500,49922,702.7500
2010-10-28,702.7500,721.7500,700.5000,718.2500,60694,718.2500
2010-10-29,719.7500,725.0000,711.2500,717.2500,57385,717.2500
2010-11-01,724.5000,728.0000,701.2500,702.5000,59548,702.5000
2010-11-02,704.0000,712.2500,692.5000,694.2500,58450,694.2500
2010-11-03,696.5000,699.5000,680.5000,690.2500,57253,690.2500
2010-11-04,695.2500,719.5000,692.7500,713.7500,57185,713.7500
2010-11-05,715.7500,731.5000,705.0000,728.7500,57185,728.7500
2010-11-08,730.0000,739.0000,721.0000,736.2500,66262,736.2500
2010-11-09,737.5000,760.7500,717.2500,721.7500,88653,721.7500
2010-11-10,721.2500,723.5000,695.0000,710.0000,68570,710.0000
2010-11-11,707.2500,723.0000,701.7500,704.0000,73514,704.0000
2010-11-12,704.2500,710.7500,661.2500,669.2500,101953,669.2500
2010-11-15,673.5000,685.0000,667.5000,672.7500,58751,672.7500
2010-11-16,671.0000,674.0000,624.2500,626.2500,95326,626.2500
2010-11-17,627.5000,647.0000,617.7500,632.5000,75379,632.5000
2010-11-18,633.7500,657.2500,633.2500,645.2500,35504,645.2500
2010-11-19,649.7500,657.7500,636.2500,644.5000,44383,644.5000
2010-11-22,643.7500,653.0000,639.0000,645.5000,30081,645.5000
2010-11-23,647.2500,652.2500,634.5000,642.0000,40267,642.0000
2010-11-24,645.0000,656.0000,642.2500,647.5000,29482,647.5000
2010-11-26,647.5000,654.2500,645.5000,648.2500,31350,648.2500
2010-11-29,649.2500,662.0000,647.0000,650.2500,52156,650.2500
2010-11-30,651.2500,657.0000,645.0000,650.2500,18191,650.2500
2010-12-01,653.0000,702.2500,650.5000,697.5000,10560,697.5000
2010-12-02,702.0000,725.0000,693.7500,706.5000,4391,706.5000
2010-12-03,714.2500,737.0000,714.2500,738.0000,2677,738.0000
2010-12-06,747.7500,753.7500,739.0000,752.0000,1377,752.0000
2010-12-07,760.7500,761.5000,736.7500,743.0000,1021,743.0000
2010-12-08,733.0000,750.0000,725.7500,742.0000,575,742.0000
2010-12-09,743.2500,749.2500,742.0000,748.2500,105,748.2500
2010-12-10,743.5000,751.0000,738.7500,735.5000,94,735.5000
2010-12-13,743.0000,743.0000,736.5000,740.2500,105,740.2500
2010-12-14,740.7500,740.7500,720.0000,721.0000,46314,721.0000
2010-12-15,761.0000,776.5000,759.7500,764.7500,41111,764.7500
2010-12-16,764.0000,766.7500,746.0000,749.7500,30866,749.7500
2010-12-17,752.7500,758.0000,742.0000,756.7500,23922,756.7500
2010-12-20,760.5000,776.5000,759.5000,769.5000,26319,769.5000
2010-12-21,770.7500,772.0000,762.0000,765.0000,23700,765.0000
2010-12-22,762.5000,785.2500,756.0000,783.5000,32598,783.5000
2010-12-23,785.0000,788.2500,776.0000,783.0000,19738,783.0000
2010-12-27,775.0000,783.7500,766.0000,780.2500,12064,780.2500
2010-12-28,780.0000,802.0000,779.5000,798.2500,24215,798.2500
2010-12-29,800.0000,806.2500,782.2500,799.2500,25276,799.2500
2010-12-30,799.0000,799.0000,776.5000,784.7500,28967,784.7500
2010-12-31,786.5000,796.2500,780.5000,794.2500,18720,794.2500
2011-01-03,793.5000,825.0000,792.7500,805.5000,41582,805.5000
2011-01-04,803.5000,808.7500,783.2500,789.2500,42111,789.2500
2011-01-05,794.2500,810.2500,776.0000,808.2500,43836,808.2500
2011-01-06,809.0000,809.7500,787.7500,789.0000,38317,789.0000
2011-01-07,789.0000,794.0000,772.0000,774.0000,41870,774.0000
2011-01-10,777.2500,783.0000,766.2500,767.2500,45406,767.2500
2011-01-11,769.7500,776.7500,758.2500,759.5000,41649,759.5000
2011-01-12,761.7500,790.5000,760.0000,770.5000,63833,770.5000
2011-01-13,776.7500,787.5000,769.2500,783.5000,52198,783.5000
2011-01-14,784.2500,784.7500,763.0000,773.2500,58445,773.2500
2011-01-18,777.5000,795.7500,773.5000,793.2500,45206,793.2500
2011-01-19,792.5000,808.0000,792.5000,797.2500,52166,797.2500
2011-01-20,798.0000,805.7500,782.0000,803.5000,47555,803.5000
2011-01-21,805.0000,830.0000,798.7500,824.5000,69697,824.5000
2011-01-24,829.2500,839.5000,823.5000,835.2500,53540,835.2500
2011-01-25,835.2500,839.0000,820.7500,838.2500,63195,838.2500
2011-01-26,840.5000,861.2500,839.7500,856.5000,48711,856.5000
2011-01-27,859.0000,863.5000,845.5000,846.2500,46081,846.2500
2011-01-28,848.0000,849.7500,824.5000,825.7500,60972,825.7500
2011-01-31,824.0000,847.7500,823.0000,840.7500,53841,840.7500
2011-02-01,844.5000,845.0000,831.5000,835.7500,53425,835.7500
2011-02-02,836.0000,864.5000,835.5000,863.0000,59330,863.0000
2011-02-03,862.5000,872.7500,846.0000,859.0000,62142,859.0000
2011-02-04,859.2500,864.7500,842.5000,853.7500,51667,853.7500
2011-02-07,861.0000,869.5000,851.5000,858.7500,63365,858.7500
2011-02-08,859.7500,880.7500,844.0000,874.2500,92302,874.2500
2011-02-09,876.0000,893.2500,875.2500,886.0000,69104,886.0000
2011-02-10,886.0000,886.0000,861.2500,862.7500,75619,862.7500
2011-02-11,865.0000,871.2500,855.5000,867.0000,58881,867.0000
2011-02-14,876.5000,884.7500,869.5000,872.0000,51283,872.0000
2011-02-15,873.0000,874.0000,830.5000,840.2500,95153,840.2500
2011-02-16,843.7500,849.2500,825.5000,837.0000,60655,837.0000
2011-02-17,837.7500,853.5000,837.7500,850.7500,55063,850.7500
2011-02-18,851.2500,852.7500,817.2500,822.2500,64089,822.2500
2011-02-22,825.0000,835.5000,762.2500,762.2500,70284,762.2500
2011-02-23,758.7500,767.7500,723.0000,763.0000,62224,763.0000
2011-02-24,764.0000,769.5000,741.0000,747.2500,26991,747.2500
2011-02-25,749.0000,795.0000,749.0000,776.5000,24017,776.5000
2011-02-28,783.5000,783.5000,764.5000,782.5000,10109,782.5000
2011-03-01,784.5000,784.7500,766.0000,775.7500,4655,775.7500
2011-03-02,771.0000,793.0000,768.7500,776.7500,1356,776.7500
2011-03-03,777.7500,792.2500,777.2500,790.5000,1237,790.5000
2011-03-04,800.2500,802.5000,783.0000,800.5000,172,800.5000
2011-03-07,790.0000,790.0000,766.2500,769.0000,195,769.0000
2011-03-08,774.2500,775.0000,749.2500,751.2500,910,751.2500
2011-03-09,750.7500,763.0000,727.2500,732.2500,193,732.2500
2011-03-10,707.5000,726.5000,707.5000,714.0000,41,714.0000
2011-03-11,696.0000,709.7500,696.0000,695.0000,76,695.0000
2011-03-14,690.0000,699.5000,690.0000,700.5000,39105,700.5000
2011-03-15,722.2500,723.5000,661.0000,667.7500,78878,667.7500
2011-03-16,668.2500,697.5000,656.0000,662.0000,81171,662.0000
2011-03-17,663.2500,718.7500,663.0000,710.2500,57595,710.2500
2011-03-18,708.7500,749.0000,705.5000,723.0000,62659,723.0000
2011-03-21,724.0000,741.7500,717.2500,721.0000,41676,721.0000
2011-03-22,721.2500,728.0000,705.2500,722.2500,44492,722.2500
2011-03-23,725.0000,730.2500,706.0000,714.2500,34716,714.2500
2011-03-24,714.2500,741.7500,710.0000,739.5000,53090,739.5000
2011-03-25,739.5000,753.0000,726.5000,733.2500,45619,733.2500
2011-03-28,736.0000,739.7500,721.0000,725.2500,34681,725.2500
2011-03-29,723.7500,742.0000,721.2500,737.2500,48274,737.2500
2011-03-30,738.2500,741.7500,725.2500,727.2500,41211,727.2500
2011-03-31,726.5000,773.5000,721.7500,763.2500,58811,763.2500
2011-04-01,760.5000,774.0000,744.7500,759.5000,63746,759.5000
2011-04-04,765.5000,792.0000,764.2500,790.0000,55601,790.0000
2011-04-05,788.2500,798.2500,778.5000,786.2500,65767,786.2500
2011-04-06,786.0000,792.5000,777.7500,782.2500,45490,782.2500
2011-04-07,782.2500,793.0000,757.2500,773.2500,67304,773.2500
2011-04-08,772.2500,802.2500,765.7500,797.5000,74701,797.5000
2011-04-11,803.0000,809.2500,786.2500,798.2500,60407,798.2500
2011-04-12,800.5000,802.7500,750.5000,759.5000,76981,759.5000
2011-04-13,761.0000,769.5000,741.2500,752.7500,77742,752.7500
2011-04-14,757.0000,760.7500,733.2500,740.5000,47045,740.5000
2011-04-15,742.5000,748.7500,730.0000,744.2500,55742,744.2500
2011-04-18,745.0000,780.0000,740.5000,775.0000,47853,775.0000
2011-04-19,776.2500,794.0000,774.7500,785.7500,37885,785.7500
2011-04-20,785.7500,808.5000,780.2500,785.0000,30711,785.0000
2011-04-21,785.5000,800.0000,780.0000,799.5000,39743,799.5000
2011-04-25,808.5000,830.0000,806.7500,826.0000,24882,826.0000
2011-04-26,827.0000,829.0000,798.5000,811.2500,22804,811.2500
2011-04-27,811.2500,817.2500,765.0000,777.0000,18882,777.0000
2011-04-28,779.2500,784.2500,737.7500,743.0000,21963,743.0000
2011-04-29,743.0000,769.2500,736.5000,769.2500,4479,769.2500
2011-05-02,772.0000,793.0000,759.2500,759.7500,3035,759.7500
2011-05-03,764.5000,764.5000,748.2500,760.7500,1722,760.7500
2011-05-04,758.0000,758.0000,740.0000,741.0000,1049,741.0000
2011-05-05,741.0000,741.0000,718.0000,722.5000,412,722.5000
2011-05-06,713.2500,738.2500,709.2500,724.5000,95,724.5000
2011-05-09,752.0000,761.2500,752.0000,759.2500,955,759.2500
2011-05-10,765.7500,778.7500,765.7500,769.0000,21,769.0000
2011-05-11,759.7500,759.7500,739.0000,727.7500,80,727.7500
2011-05-12,713.5000,719.7500,707.0000,700.5000,65,700.5000
2011-05-13,701.0000,712.0000,701.0000,696.0000,49031,696.0000
2011-05-16,730.0000,747.7500,729.7500,736.5000,41678,736.5000
2011-05-17,737.0000,766.0000,732.0000,764.0000,57826,764.0000
2011-05-18,768.2500,822.2500,767.0000,817.0000,96596,817.0000
2011-05-19,816.0000,834.5000,805.0000,812.0000,75227,812.0000
2011-05-20,812.5000,818.5000,790.0000,806.5000,63777,806.5000
2011-05-23,816.5000,821.0000,785.2500,803.0000,61542,803.0000
2011-05-24,803.5000,809.7500,777.5000,779.7500,50702,779.7500
2011-05-25,780.0000,800.0000,778.2500,796.5000,43703,796.5000
2011-05-26,800.0000,828.7500,799.2500,814.5000,63795,814.5000
2011-05-27,817.2500,827.0000,803.5000,819.7500,54020,819.7500
2011-05-31,794.0000,807.5000,772.0000,782.2500,86406,782.2500
2011-06-01,782.5000,788.2500,754.2500,759.2500,79412,759.2500
2011-06-02,760.0000,773.5000,758.5000,769.7500,56763,769.7500
2011-06-03,770.0000,781.5000,758.7500,773.7500,61218,773.7500
2011-06-06,772.7500,778.0000,741.0000,744.0000,70949,744.0000
2011-06-07,742.7500,747.0000,731.2500,733.7500,75691,733.7500
2011-06-08,733.2500,759.5000,731.5000,748.0000,80933,748.0000
2011-06-09,749.2500,777.0000,739.0000,745.0000,93271,745.0000
2011-06-10,744.0000,763.7500,737.5000,759.2500,110637,759.2500
2011-06-13,760.7500,770.0000,740.2500,743.0000,74394,743.0000
2011-06-14,743.0000,748.0000,714.2500,731.2500,55466,731.2500
2011-06-15,731.0000,734.2500,701.0000,708.5000,57233,708.5000
2011-06-16,708.7500,717.7500,670.2500,673.2500,64672,673.2500
2011-06-17,674.0000,683.7500,664.0000,672.2500,51422,672.2500
2011-06-20,673.5000,675.0000,654.2500,659.2500,34631,659.2500
2011-06-21,660.7500,679.5000,655.7500,674.2500,33872,674.2500
2011-06-22,674.2500,681.2500,617.2500,638.2500,42329,638.2500
2011-06-23,635.0000,652.0000,606.0000,649.0000,39718,649.0000
2011-06-24,650.0000,659.2500,631.5000,635.7500,25110,635.7500
2011-06-27,636.7500,637.7500,612.5000,622.7500,20737,622.7500
2011-06-28,624.0000,645.0000,623.0000,640.2500,21684,640.2500
2011-06-29,640.0000,664.2500,628.7500,641.2500,22366,641.2500
2011-06-30,643.2500,651.0000,580.2500,584.7500,6507,584.7500
2011-07-01,585.5000,595.2500,565.2500,584.5000,3803,584.5000
2011-07-05,589.2500,615.0000,589.2500,613.7500,1530,613.7500
2011-07-06,613.7500,614.0000,597.5000,611.2500,863,611.2500
2011-07-07,608.2500,634.0000,606.7500,624.5000,1376,624.5000
2011-07-08,624.5000,652.5000,624.5000,650.5000,869,650.5000
2011-07-11,643.0000,643.0000,625.0000,636.0000,288,636.0000
2011-07-12,636.0000,662.0000,617.5000,662.7500,159,662.7500
2011-07-13,669.7500,706.7500,669.7500,702.0000,139,702.0000
2011-07-14,700.0000,701.0000,678.5000,691.2500,52409,691.2500
2011-07-15,707.0000,716.5000,692.5000,694.7500,48658,694.7500
2011-07-18,694.7500,697.2500,676.0000,689.5000,34322,689.5000
2011-07-19,694.7500,727.7500,689.0000,693.5000,50855,693.5000
2011-07-20,693.7500,707.0000,692.5000,697.0000,44447,697.0000
2011-07-21,697.0000,703.0000,671.7500,677.2500,52824,677.2500
2011-07-22,677.0000,694.2500,669.2500,692.2500,45361,692.2500
2011-07-25,683.7500,695.2500,671.5000,688.5000,50141,688.5000
2011-07-26,690.0000,699.0000,679.2500,694.0000,38860,694.0000
2011-07-27,694.7500,712.5000,685.7500,704.7500,44543,704.7500
2011-07-28,703.0000,714.7500,692.2500,693.2500,46023,693.2500
2011-07-29,693.0000,700.0000,669.7500,672.5000,53061,672.5000
2011-08-01,671.2500,690.7500,670.0000,676.5000,46522,676.5000
2011-08-02,677.2500,723.0000,664.2500,718.0000,67010,718.0000
2011-08-03,718.0000,721.5000,705.0000,710.5000,47148,710.5000
2011-08-04,709.0000,710.2500,674.5000,681.7500,64578,681.7500
2011-08-05,680.2500,682.7500,665.2500,679.0000,62559,679.0000
2011-08-08,667.5000,677.5000,642.2500,656.5000,68428,656.5000
2011-08-09,650.5000,687.2500,643.2500,671.7500,82436,671.7500
2011-08-10,677.2500,691.0000,676.0000,685.0000,64438,685.0000
2011-08-11,682.5000,722.7500,680.0000,701.2500,69284,701.2500
2011-08-12,700.0000,718.7500,696.2500,702.5000,34697,702.5000
2011-08-15,704.2500,721.2500,704.2500,712.5000,25788,712.5000
2011-08-16,711.2500,732.7500,704.2500,724.7500,34726,724.7500
2011-08-17,724.7500,739.2500,722.7500,727.5000,28630,727.5000
2011-08-18,727.0000,728.5000,699.5000,707.7500,23517,707.7500
2011-08-19,704.0000,733.5000,701.0000,730.7500,19714,730.7500
2011-08-22,734.0000,748.0000,730.7500,735.5000,14664,735.5000
2011-08-23,735.5000,759.0000,734.7500,757.2500,23795,757.2500
2011-08-24,757.2500,764.0000,745.7500,749.2500,16589,749.2500
2011-08-25,747.2500,764.0000,734.5000,757.2500,20231,757.2500
2011-08-26,755.0000,768.5000,747.5000,762.2500,26609,762.2500
2011-08-29,762.2500,771.5000,755.5000,757.2500,16457,757.2500
2011-08-30,757.7500,759.0000,743.7500,750.2500,18187,750.2500
2011-08-31,745.0000,747.2500,728.2500,745.2500,16355,745.2500
2011-09-01,742.0000,743.7500,713.5000,715.5000,2088,715.5000
2011-09-02,725.0000,730.5000,720.7500,730.0000,1236,730.0000
2011-09-06,720.2500,722.2500,706.5000,716.2500,726,716.2500
2011-09-07,726.0000,726.0000,707.2500,714.7500,1079,714.7500
2011-09-08,709.0000,712.0000,703.0000,709.2500,769,709.2500
2011-09-09,713.5000,713.5000,701.0000,701.0000,243,701.0000
2011-09-12,690.0000,698.7500,686.0000,699.7500,117,699.7500
2011-09-13,698.5000,704.0000,684.5000,688.7500,41,688.7500
2011-09-14,703.5000,709.5000,702.0000,701.7500,45105,701.7500
2011-09-15,705.0000,705.7500,686.0000,696.0000,47317,696.0000
2011-09-16,695.7500,706.0000,687.0000,688.2500,40875,688.2500
2011-09-19,688.0000,691.2500,667.0000,673.0000,48873,673.0000
2011-09-20,675.5000,687.7500,671.0000,674.7500,33443,674.7500
2011-09-21,674.7500,683.0000,666.0000,666.7500,38254,666.7500
2011-09-22,664.5000,664.5000,632.2500,633.7500,64325,633.7500
2011-09-23,636.0000,649.5000,634.0000,640.7500,61395,640.7500
2011-09-26,645.0000,655.7500,624.2500,648.2500,51841,648.2500
2011-09-27,653.0000,670.0000,650.2500,658.2500,47767,658.2500
2011-09-28,655.0000,657.5000,635.0000,638.7500,50277,638.7500
2011-09-29,638.5000,656.2500,627.2500,654.2500,61683,654.2500
2011-09-30,657.0000,661.5000,605.0000,609.2500,92718,609.2500
2011-10-03,609.2500,623.0000,596.7500,619.5000,72493,619.5000
2011-10-04,621.7500,622.7500,596.7500,604.0000,63941,604.0000
2011-10-05,611.0000,628.0000,607.2500,625.2500,49475,625.2500
2011-10-06,626.5000,639.7500,615.0000,616.0000,53310,616.0000
2011-10-07,615.0000,623.0000,606.0000,607.5000,41818,607.5000
2011-10-10,608.0000,629.0000,606.2500,611.5000,39936,611.5000
2011-10-11,611.5000,665.2500,611.0000,660.7500,88907,660.7500
2011-10-12,660.0000,662.7500,620.0000,626.7500,81056,626.7500
2011-10-13,625.2500,630.5000,605.0000,618.0000,58403,618.0000
2011-10-14,617.2500,633.0000,612.2500,622.7500,47217,622.7500
2011-10-17,623.5000,635.2500,619.0000,624.2500,34748,624.2500
2011-10-18,626.2500,630.0000,613.0000,625.2500,40915,625.2500
2011-10-19,626.7500,637.7500,618.0000,619.5000,44916,619.5000
2011-10-20,619.0000,632.2500,613.5000,630.7500,42778,630.7500
2011-10-21,631.0000,649.5000,628.2500,632.0000,60373,632.0000
2011-10-24,632.0000,646.7500,630.5000,642.5000,35762,642.5000
2011-10-25,640.5000,647.0000,634.0000,636.2500,36955,636.2500
2011-10-26,637.5000,643.2500,616.5000,619.5000,51269,619.5000
2011-10-27,620.0000,647.7500,619.5000,644.0000,55843,644.0000
2011-10-28,643.7500,652.7500,636.2500,644.5000,51125,644.5000
2011-10-31,645.0000,648.0000,619.2500,628.2500,50945,628.2500
2011-11-01,629.2500,634.0000,612.0000,630.0000,48064,630.0000
2011-11-02,629.0000,638.5000,620.2500,623.5000,38585,623.5000
2011-11-03,623.5000,644.2500,620.0000,636.0000,51650,636.0000
2011-11-04,636.0000,640.0000,623.2500,636.7500,52917,636.7500
2011-11-07,636.7500,641.0000,630.0000,638.7500,64228,638.7500
2011-11-08,638.7500,659.2500,636.7500,657.0000,78959,657.0000
2011-11-09,656.5000,657.7500,633.0000,643.0000,74145,643.0000
2011-11-10,642.0000,648.7500,618.7500,620.0000,82025,620.0000
2011-11-11,620.0000,625.7500,609.5000,616.7500,59681,616.7500
2011-11-14,616.7500,622.0000,610.2500,615.7500,44505,615.7500
2011-11-15,615.7500,634.2500,612.2500,632.7500,63912,632.7500
2011-11-16,631.7500,639.7500,615.0000,616.7500,57384,616.7500
2011-11-17,616.2500,617.5000,590.2500,592.5000,52299,592.5000
2011-11-18,593.0000,602.5000,586.5000,598.2500,37746,598.2500
2011-11-21,597.7500,602.0000,584.5000,591.5000,27397,591.5000
2011-11-22,592.2500,597.0000,586.0000,594.0000,31348,594.0000
2011-11-23,594.5000,595.5000,577.2500,579.2500,30447,579.2500
2011-11-25,578.5000,586.2500,572.2500,574.5000,20635,574.5000
2011-11-28,578.5000,585.7500,573.5000,574.7500,24248,574.7500
2011-11-29,574.7500,599.2500,572.5000,594.5000,23141,594.5000
2011-11-30,592.0000,609.5000,588.5000,595.7500,5131,595.7500
2011-12-01,598.7500,607.5000,594.0000,602.0000,2304,602.0000
2011-12-02,600.2500,620.0000,600.2500,612.2500,1394,612.2500
2011-12-05,612.7500,617.2500,597.7500,598.7500,883,598.7500
2011-12-06,603.0000,603.0000,588.2500,598.7500,1724,598.7500
2011-12-07,593.0000,594.7500,582.0000,583.0000,586,583.0000
2011-12-08,583.0000,583.5000,575.5000,576.7500,1337,576.7500
2011-12-09,573.5000,575.7500,567.7500,573.5000,1054,573.5000
2011-12-12,574.0000,579.0000,572.0000,575.5000,87,575.5000
2011-12-13,577.7500,597.0000,574.2500,591.7500,210,591.7500
2011-12-14,583.2500,598.0000,583.2500,588.0000,47018,588.0000
2011-12-15,582.7500,588.0000,577.2500,579.2500,34549,579.2500
2011-12-16,578.7500,587.5000,577.2500,583.7500,29368,583.7500
2011-12-19,585.0000,603.0000,581.7500,599.7500,34437,599.7500
2011-12-20,599.0000,608.7500,595.5000,607.7500,33345,607.7500
2011-12-21,607.0000,618.0000,600.0000,617.0000,41643,617.0000
2011-12-22,617.2500,625.7500,611.5000,621.7500,33821,621.7500
2011-12-23,621.7500,627.7500,618.5000,622.0000,22013,622.0000
2011-12-27,627.5000,647.0000,627.0000,644.7500,33464,644.7500
2011-12-28,643.7500,656.0000,641.2500,651.2500,36298,651.2500
2011-12-29,649.7500,654.5000,641.7500,645.2500,34521,645.2500
2011-12-30,644.5000,654.5000,642.2500,652.7500,30937,652.7500
2012-01-03,666.0000,670.7500,653.7500,657.0000,54591,657.0000
2012-01-04,656.2500,663.0000,645.2500,650.0000,45615,650.0000
2012-01-05,649.2500,650.2500,626.5000,629.2500,56222,629.2500
2012-01-06,629.2500,636.7500,624.5000,624.7500,41967,624.7500
2012-01-09,626.0000,645.0000,625.0000,641.7500,59877,641.7500
2012-01-10,640.7500,644.7500,634.2500,639.7500,52292,639.7500
2012-01-11,639.0000,644.0000,632.2500,641.0000,53041,641.0000
2012-01-12,641.5000,648.7500,592.0000,605.0000,99046,605.0000
2012-01-13,605.0000,610.0000,599.0000,602.2500,67189,602.2500
2012-01-17,603.2500,611.7500,601.5000,604.7500,52120,604.7500
2012-01-18,605.2500,606.5000,590.0000,592.2500,56153,592.2500
2012-01-19,592.2500,606.5000,592.0000,605.7500,67995,605.7500
2012-01-20,605.2500,612.0000,597.0000,610.5000,49910,610.5000
2012-01-23,613.5000,621.5000,613.5000,619.7500,47179,619.7500
2012-01-24,620.0000,638.0000,614.0000,633.5000,79746,633.5000
2012-01-25,632.7500,649.7500,629.5000,641.2500,71003,641.2500
2012-01-26,640.7500,658.2500,639.7500,653.5000,67778,653.5000
2012-01-27,653.2500,656.5000,645.0000,647.2500,57109,647.2500
2012-01-30,646.7500,654.0000,635.2500,644.7500,49962,644.7500
2012-01-31,645.0000,667.5000,644.7500,666.0000,82779,666.0000
2012-02-01,667.5000,683.7500,666.2500,674.2500,79706,674.2500
2012-02-02,674.2500,674.2500,657.0000,662.7500,69453,662.7500
2012-02-03,663.0000,671.0000,653.2500,660.7500,55512,660.7500
2012-02-06,660.5000,669.0000,656.2500,668.5000,46376,668.5000
2012-02-07,669.0000,672.0000,655.2500,662.2500,69309,662.2500
2012-02-08,662.0000,670.0000,653.0000,660.7500,59971,660.7500
2012-02-09,660.7500,664.7500,641.7500,646.0000,80778,646.0000
2012-02-10,644.7500,645.7500,628.2500,630.0000,68794,630.0000
2012-02-13,635.0000,642.2500,631.2500,641.2500,73550,641.2500
2012-02-14,641.0000,643.0000,632.5000,635.0000,47655,635.0000
2012-02-15,635.2500,640.5000,624.2500,626.0000,52745,626.0000
2012-02-16,626.5000,632.2500,621.0000,628.7500,53309,628.7500
2012-02-17,626.7500,646.7500,625.7500,644.0000,43159,644.0000
2012-02-21,648.0000,648.7500,623.5000,633.0000,48495,633.0000
2012-02-22,633.0000,645.7500,628.5000,644.5000,46907,644.5000
2012-02-23,644.2500,645.7500,635.2500,641.7500,39711,641.7500
2012-02-24,642.0000,643.7500,632.5000,641.0000,32006,641.0000
2012-02-27,644.0000,647.5000,630.0000,645.7500,31134,645.7500
2012-02-28,643.5000,663.0000,642.5000,662.2500,13856,662.2500
2012-02-29,662.0000,671.5000,658.2500,664.2500,3167,664.2500
2012-03-01,662.0000,666.5000,654.2500,659.2500,1044,659.2500
2012-03-02,656.2500,671.0000,654.7500,670.7500,1334,670.7500
2012-03-05,670.7500,673.0000,666.0000,667.7500,437,667.7500
2012-03-06,666.2500,666.2500,652.0000,654.0000,214,654.0000
2012-03-07,656.0000,657.2500,633.0000,633.0000,531,633.0000
2012-03-08,638.5000,641.0000,630.0000,630.5000,150,630.5000
2012-03-09,635.5000,646.0000,630.0000,638.7500,139,638.7500
2012-03-12,635.2500,652.7500,632.2500,652.7500,262,652.7500
2012-03-13,658.0000,660.7500,647.7500,651.5000,182,651.5000
2012-03-14,646.0000,652.0000,631.0000,651.7500,41955,651.7500
2012-03-15,645.0000,667.2500,643.2500,664.7500,70906,664.7500
2012-03-16,663.0000,673.0000,660.0000,672.0000,46883,672.0000
2012-03-19,671.5000,675.2500,651.2500,652.2500,52968,652.2500
2012-03-20,652.5000,653.2500,640.0000,642.5000,50433,642.5000
2012-03-21,643.2500,647.5000,635.5000,636.2500,38072,636.2500
2012-03-22,636.7500,647.5000,631.2500,646.2500,54660,646.2500
2012-03-23,647.7500,655.2500,646.2500,654.2500,44314,654.2500
2012-03-26,655.5000,670.5000,650.0000,659.5000,67814,659.5000
2012-03-27,659.5000,663.5000,638.7500,639.7500,76485,639.7500
2012-03-28,639.5000,646.2500,630.0000,630.7500,62374,630.7500
2012-03-29,633.2500,635.0000,611.2500,612.5000,76789,612.5000
2012-03-30,613.0000,668.7500,612.7500,660.7500,118402,660.7500
2012-04-02,663.7500,666.5000,649.2500,657.0000,79665,657.0000
2012-04-03,655.7500,659.0000,649.5000,658.0000,55586,658.0000
2012-04-04,658.5000,658.7500,635.5000,639.2500,61565,639.2500
2012-04-05,641.0000,650.0000,636.0000,638.5000,5,638.5000
2012-04-09,637.2500,649.0000,636.5000,643.0000,60188,643.0000
2012-04-10,641.7500,653.2500,624.0000,625.7500,96735,625.7500
2012-04-11,626.2500,633.7500,619.7500,628.0000,70253,628.0000
2012-04-12,628.0000,645.7500,628.0000,639.2500,83130,639.2500
2012-04-13,640.2500,643.2500,618.5000,623.5000,88586,623.5000
2012-04-16,623.2500,625.5000,615.0000,616.2500,49485,616.2500
2012-04-17,617.2500,627.0000,615.0000,615.5000,40351,615.5000
2012-04-18,616.0000,618.7500,604.2500,610.7500,55830,610.7500
2012-04-19,611.7500,628.2500,611.7500,624.7500,33065,624.7500
2012-04-20,625.2500,627.7500,614.2500,615.7500,40295,615.7500
2012-04-23,616.2500,627.7500,614.2500,625.0000,27228,625.0000
2012-04-24,625.0000,639.2500,622.7500,624.5000,27341,624.5000
2012-04-25,624.5000,633.7500,615.0000,616.5000,32696,616.5000
2012-04-26,617.7500,627.7500,615.5000,626.0000,19816,626.0000
2012-04-27,625.2500,646.0000,623.7500,642.2500,27711,642.2500
2012-04-30,645.0000,649.7500,633.7500,647.7500,3904,647.7500
2012-05-01,647.5000,647.5000,633.7500,633.7500,3732,633.7500
2012-05-02,629.5000,630.5000,607.0000,607.0000,1311,607.0000
2012-05-03,607.0000,613.0000,606.7500,608.2500,659,608.2500
2012-05-04,611.2500,611.2500,594.0000,603.7500,784,603.7500
2012-05-07,600.0000,606.2500,595.5000,606.2500,456,606.2500
2012-05-08,612.0000,613.0000,609.0000,609.0000,809,609.0000
2012-05-09,605.5000,605.5000,589.7500,591.2500,781,591.2500
2012-05-10,593.5000,594.7500,591.0000,594.7500,365,594.7500
2012-05-11,593.2500,595.2500,590.0000,592.7500,576,592.7500
2012-05-14,600.2500,604.0000,597.7500,597.7500,36826,597.7500
2012-05-15,597.7500,617.2500,597.5000,608.5000,62763,608.5000
2012-05-16,608.5000,639.7500,604.0000,638.7500,82702,638.7500
2012-05-17,638.2500,658.5000,637.7500,657.7500,100155,657.7500
2012-05-18,656.7500,697.5000,652.5000,695.2500,134342,695.2500
2012-05-21,700.0000,722.0000,682.7500,704.0000,143939,704.0000
2012-05-22,698.5000,702.2500,681.7500,685.5000,110736,685.5000
2012-05-23,683.0000,685.0000,663.5000,665.5000,83959,665.5000
2012-05-24,667.7500,676.5000,661.7500,663.0000,66972,663.0000
2012-05-25,664.7500,688.2500,661.7500,680.0000,72925,680.0000
2012-05-29,675.0000,684.0000,655.2500,656.7500,81727,656.7500
2012-05-30,657.0000,661.2500,644.2500,653.7500,79250,653.7500
2012-05-31,652.5000,653.7500,642.5000,643.7500,70598,643.7500
2012-06-01,643.5000,646.5000,611.0000,612.2500,117506,612.2500
2012-06-04,620.2500,631.5000,613.2500,627.7500,68065,627.7500
2012-06-05,626.2500,631.0000,611.7500,613.2500,66686,613.2500
2012-06-06,612.7500,628.7500,612.7500,624.2500,61757,624.2500
2012-06-07,622.0000,644.7500,620.2500,641.7500,79374,641.7500
2012-06-08,637.5000,638.7500,627.7500,630.2500,79052,630.2500
2012-06-11,629.2500,642.2500,629.0000,630.5000,67687,630.5000
2012-06-12,630.0000,639.7500,613.2500,616.0000,79395,616.0000
2012-06-13,617.0000,623.7500,614.2500,616.0000,64238,616.0000
2012-06-14,615.2500,629.0000,615.0000,623.5000,48784,623.5000
2012-06-15,623.2500,627.7500,607.5000,609.5000,65148,609.5000
2012-06-18,613.5000,634.0000,612.0000,630.2500,54147,630.2500
2012-06-19,630.0000,652.0000,628.2500,649.5000,79394,649.5000
2012-06-20,648.7500,665.2500,639.2500,664.0000,61732,664.0000
2012-06-21,659.7500,682.0000,655.0000,661.7500,63181,661.7500
2012-06-22,659.5000,684.7500,657.7500,673.2500,58722,673.2500
2012-06-25,682.0000,725.2500,682.0000,724.2500,48234,724.2500
2012-06-26,723.2500,738.7500,709.2500,729.0000,25185,729.0000
2012-06-27,727.5000,744.7500,721.5000,732.0000,26581,732.0000
2012-06-28,731.0000,737.2500,723.0000,726.0000,26852,726.0000
2012-06-29,726.0000,743.0000,723.0000,739.0000,8377,739.0000
2012-07-02,741.7500,756.7500,740.2500,754.5000,2310,754.5000
2012-07-03,761.0000,782.2500,757.0000,782.2500,2240,782.2500
2012-07-05,801.0000,824.0000,793.2500,822.5000,2049,822.5000
2012-07-06,818.5000,818.5000,790.2500,791.2500,1305,791.2500
2012-07-09,799.7500,823.7500,799.7500,810.7500,841,810.7500
2012-07-10,806.2500,813.7500,793.0000,804.7500,361,804.7500
2012-07-11,804.7500,831.0000,788.5000,807.7500,202,807.7500
2012-07-12,810.5000,842.0000,810.5000,832.7500,45,832.7500
2012-07-13,831.0000,850.2500,830.2500,842.0000,42285,842.0000
2012-07-16,858.5000,889.0000,856.2500,884.5000,48061,884.5000
2012-07-17,890.2500,898.5000,866.0000,885.0000,55828,885.0000
2012-07-18,885.0000,907.7500,865.5000,903.2500,55132,903.2500
2012-07-19,902.7500,938.0000,896.5000,935.0000,79484,935.0000
2012-07-20,932.0000,944.7500,916.7500,943.2500,70833,943.2500
2012-07-23,944.5000,947.2500,903.7500,912.7500,61782,912.7500
2012-07-24,910.7500,914.2500,852.7500,878.7500,83045,878.7500
2012-07-25,880.2500,909.0000,862.5000,903.2500,67807,903.2500
2012-07-26,901.5000,904.5000,873.7500,884.0000,53384,884.0000
2012-07-27,884.5000,911.0000,879.5000,898.0000,49716,898.0000
2012-07-30,908.0000,919.7500,903.0000,914.5000,42804,914.5000
2012-07-31,911.7500,919.5000,886.0000,888.2500,60843,888.2500
2012-08-01,889.0000,897.0000,861.7500,879.5000,54248,879.5000
2012-08-02,879.0000,889.7500,856.0000,865.0000,45787,865.0000
2012-08-03,863.2500,907.0000,860.5000,891.2500,53330,891.2500
2012-08-06,883.2500,897.2500,876.7500,893.2500,39183,893.2500
2012-08-07,892.0000,904.5000,883.5000,889.0000,53665,889.0000
2012-08-08,889.7500,902.7500,869.2500,899.2500,76111,899.2500
2012-08-09,899.0000,919.5000,898.0000,913.0000,75336,913.0000
2012-08-10,912.7500,931.7500,880.0000,885.2500,86207,885.2500
2012-08-13,882.5000,885.2500,854.7500,856.7500,74319,856.7500
2012-08-14,857.0000,866.0000,838.2500,839.7500,45444,839.7500
2012-08-15,840.0000,850.7500,840.0000,846.7500,35525,846.7500
2012-08-16,848.0000,868.7500,841.2500,861.7500,25173,861.7500
2012-08-17,861.2500,880.0000,861.0000,874.5000,21210,874.5000
2012-08-20,874.0000,883.5000,866.7500,879.5000,28033,879.5000
2012-08-21,879.7500,904.7500,877.7500,900.5000,32123,900.5000
2012-08-22,899.0000,899.0000,889.5000,896.5000,21950,896.5000
2012-08-23,896.2500,903.2500,871.5000,874.5000,19134,874.5000
2012-08-24,873.5000,885.5000,866.0000,867.5000,22369,867.5000
2012-08-27,868.0000,877.7500,860.7500,862.0000,19853,862.0000
2012-08-28,862.5000,869.0000,851.5000,854.7500,11171,854.7500
2012-08-29,854.7500,887.5000,853.2500,885.5000,12771,885.5000
2012-08-30,885.0000,896.7500,878.5000,883.5000,14132,883.5000
2012-08-31,885.5000,888.0000,862.2500,870.0000,2460,870.0000
2012-09-04,875.5000,881.7500,858.5000,866.0000,1779,866.0000
2012-09-05,864.7500,865.0000,844.0000,845.7500,1024,845.7500
2012-09-06,846.7500,872.2500,846.7500,872.0000,462,872.0000
2012-09-07,869.2500,890.7500,868.5000,884.7500,412,884.7500
2012-09-10,884.7500,891.2500,868.2500,868.2500,394,868.2500
2012-09-11,869.0000,872.2500,860.0000,860.0000,221,860.0000
2012-09-12,864.0000,867.0000,849.0000,867.0000,237,867.0000
2012-09-13,872.0000,879.0000,870.2500,879.0000,56,879.0000
2012-09-14,896.5000,906.5000,896.5000,897.5000,75053,897.5000
2012-09-17,921.5000,926.5000,876.2500,878.0000,70757,878.0000
2012-09-18,880.0000,888.0000,860.7500,863.5000,65453,863.5000
2012-09-19,865.0000,883.0000,865.0000,881.5000,48758,881.5000
2012-09-20,882.0000,893.7500,869.0000,879.5000,62662,879.5000
2012-09-21,881.7500,899.2500,879.5000,897.2500,56734,897.2500
2012-09-24,897.5000,907.2500,883.2500,892.0000,50563,892.0000
2012-09-25,891.0000,898.0000,880.7500,886.5000,41303,886.5000
2012-09-26,888.0000,889.0000,866.2500,869.2500,45398,869.2500
2012-09-27,871.0000,876.0000,849.2500,855.5000,54922,855.5000
2012-09-28,855.5000,907.0000,850.7500,902.5000,114053,902.5000
2012-10-01,902.0000,904.2500,872.2500,884.2500,69680,884.2500
2012-10-02,884.0000,885.0000,863.7500,871.5000,46990,871.5000
2012-10-03,873.0000,878.5000,858.0000,873.0000,48740,873.0000
2012-10-04,873.0000,882.7500,866.7500,869.2500,37882,869.2500
2012-10-05,870.0000,872.7500,856.2500,857.5000,39981,857.5000
2012-10-08,857.5000,867.5000,855.0000,861.0000,30139,861.0000
2012-10-09,859.7500,873.7500,859.7500,864.2500,31444,864.2500
2012-10-10,864.5000,876.7500,863.5000,869.7500,43498,869.7500
2012-10-11,870.0000,894.0000,859.0000,886.0000,80601,886.0000
2012-10-12,886.2500,886.5000,853.2500,856.7500,65032,856.7500
2012-10-15,860.0000,860.2500,840.2500,848.2500,54468,848.2500
2012-10-16,848.5000,857.7500,843.7500,847.7500,42521,847.7500
2012-10-17,847.7500,858.0000,845.5000,856.2500,31938,856.2500
2012-10-18,856.5000,876.0000,855.5000,868.5000,47067,868.5000
2012-10-19,868.0000,885.5000,866.0000,872.5000,54194,872.5000
2012-10-22,873.0000,884.5000,871.5000,878.2500,34062,878.2500
2012-10-23,878.0000,878.5000,860.0000,868.7500,52850,868.7500
2012-10-24,868.2500,895.0000,865.0000,884.0000,66641,884.0000
2012-10-25,882.5000,889.0000,871.0000,872.7500,52944,872.7500
2012-10-26,874.7500,878.7500,863.2500,863.7500,50339,863.7500
2012-10-31,858.7500,875.0000,858.2500,864.5000,64287,864.5000
2012-11-01,865.7500,877.5000,863.5000,868.5000,60736,868.5000
2012-11-02,867.2500,873.7500,858.7500,864.5000,48641,864.5000
2012-11-05,864.5000,875.7500,863.0000,866.0000,56177,866.0000
2012-11-06,867.0000,879.7500,867.0000,877.0000,46154,877.0000
2012-11-07,876.5000,897.0000,870.7500,894.0000,92173,894.0000
2012-11-08,894.0000,905.0000,886.5000,902.5000,111886,902.5000
2012-11-09,898.7500,916.5000,884.0000,886.5000,118828,886.5000
2012-11-12,886.0000,886.5000,855.0000,857.7500,105694,857.7500
2012-11-13,857.7500,864.5000,843.2500,851.0000,83871,851.0000
2012-11-14,852.2500,858.0000,845.2500,848.7500,69446,848.7500
2012-11-15,849.0000,856.5000,843.2500,845.5000,60914,845.5000
2012-11-16,844.5000,850.0000,829.5000,838.0000,81095,838.0000
2012-11-19,835.5000,848.0000,835.5000,841.7500,52363,841.7500
2012-11-20,843.2500,849.7500,837.5000,845.0000,46012,845.0000
2012-11-21,844.7500,849.5000,841.0000,845.2500,49949,845.2500
2012-11-23,849.7500,853.7500,845.2500,847.7500,26437,847.7500
2012-11-26,849.2500,854.2500,844.5000,849.0000,42575,849.0000
2012-11-27,850.2500,873.5000,849.2500,873.0000,44351,873.0000
2012-11-28,872.2500,880.0000,864.7500,876.0000,32150,876.0000
2012-11-29,875.0000,879.7500,865.0000,869.2500,29287,869.2500
2012-11-30,869.7500,869.7500,844.0000,844.7500,19236,844.7500
2012-12-03,849.7500,858.5000,840.5000,842.0000,3751,842.0000
2012-12-04,842.2500,845.2500,835.0000,838.5000,1762,838.5000
2012-12-05,840.2500,845.0000,837.7500,842.2500,1075,842.2500
2012-12-06,842.5000,845.5000,836.7500,845.2500,524,845.2500
2012-12-07,844.5000,844.5000,837.0000,844.2500,162,844.2500
2012-12-10,841.5000,841.5000,831.0000,832.7500,108,832.7500
2012-12-11,831.0000,831.0000,801.7500,805.7500,105,805.7500
2012-12-12,805.5000,805.5000,794.7500,794.7500,103,794.7500
2012-12-13,797.2500,798.7500,793.0000,793.0000,67,793.0000
2012-12-14,792.2500,801.7500,792.2500,801.0000,39670,801.0000
2012-12-17,816.0000,819.0000,805.0000,808.0000,31789,808.0000
2012-12-18,808.0000,814.2500,801.5000,811.2500,43526,811.2500
2012-12-19,813.0000,822.7500,802.0000,805.7500,57923,805.7500
2012-12-20,806.2500,808.5000,782.5000,790.5000,57291,790.5000
2012-12-21,790.5000,798.7500,789.7500,792.0000,30912,792.0000
2012-12-24,793.5000,796.2500,791.2500,793.7500,9187,793.7500
2012-12-26,794.0000,795.2500,773.7500,774.5000,24872,774.5000
2012-12-27,775.2500,778.0000,764.5000,772.2500,34718,772.2500
2012-12-28,772.7500,784.5000,766.5000,778.7500,42704,778.7500
2012-12-31,778.7500,780.0000,767.7500,778.0000,27171,778.0000
2013-01-02,785.5000,788.0000,752.5000,755.2500,57612,755.2500
2013-01-03,758.0000,761.2500,749.7500,755.5000,52889,755.5000
2013-01-04,755.5000,758.2500,739.7500,747.2500,53001,747.2500
2013-01-07,749.5000,760.5000,743.5000,751.2500,50442,751.2500
2013-01-08,750.5000,759.2500,749.2500,750.5000,59739,750.5000
2013-01-09,752.5000,757.0000,745.0000,745.5000,64306,745.5000
2013-01-10,747.2500,756.5000,744.0000,744.5000,70507,744.5000
2013-01-11,745.2500,773.0000,736.2500,754.7500,123386,754.7500
2013-01-14,761.5000,777.0000,760.7500,767.0000,89410,767.0000
2013-01-15,769.7500,789.7500,766.5000,782.7500,85447,782.7500
2013-01-16,782.7500,791.0000,777.0000,785.0000,55859,785.0000
2013-01-17,786.2500,789.5000,776.0000,781.2500,49509,781.2500
2013-01-18,782.7500,793.7500,778.7500,791.2500,51739,791.2500
2013-01-22,795.0000,799.7500,776.0000,779.2500,70567,779.2500
2013-01-23,779.0000,785.0000,771.0000,774.7500,53745,774.7500
2013-01-24,775.5000,775.7500,763.0000,768.5000,49400,768.5000
2013-01-25,769.5000,781.2500,764.2500,776.5000,51964,776.5000
2013-01-28,778.2500,783.0000,770.5000,779.2500,33839,779.2500
2013-01-29,779.2500,785.0000,776.0000,777.0000,32705,777.0000
2013-01-30,776.2500,789.0000,771.7500,787.0000,59373,787.0000
2013-01-31,786.7500,791.0000,773.7500,779.5000,58960,779.5000
2013-02-01,780.5000,790.0000,764.5000,765.0000,81099,765.0000
2013-02-04,767.5000,774.0000,761.0000,763.0000,42894,763.0000
2013-02-05,763.5000,766.5000,751.0000,757.5000,61957,757.5000
2013-02-06,758.0000,764.0000,746.5000,761.5000,72964,761.5000
2013-02-07,760.7500,764.5000,752.7500,756.0000,67677,756.0000
2013-02-08,755.7500,770.7500,753.0000,756.2500,97838,756.2500
2013-02-11,757.5000,759.5000,740.2500,741.5000,79394,741.5000
2013-02-12,742.5000,744.2500,725.5000,732.0000,84273,732.0000
2013-02-13,732.7500,737.7500,722.5000,735.5000,68730,735.5000
2013-02-14,735.7500,740.7500,725.0000,732.0000,71176,732.0000
2013-02-15,732.7500,744.5000,732.7500,742.2500,60478,742.2500
2013-02-19,747.0000,747.2500,726.2500,732.2500,60016,732.2500
2013-02-20,731.7500,740.7500,727.7500,738.5000,46611,738.5000
2013-02-21,737.5000,738.2500,719.2500,721.2500,71236,721.2500
2013-02-22,721.0000,729.7500,713.5000,715.0000,47984,715.0000
2013-02-25,714.5000,717.5000,698.0000,699.2500,33179,699.2500
2013-02-26,699.2500,706.7500,692.7500,705.7500,37805,705.7500
2013-02-27,705.2500,717.2500,702.0000,704.2500,42602,704.2500
2013-02-28,705.2500,716.7500,702.2500,707.7500,8211,707.7500
2013-03-01,710.7500,718.7500,701.0000,713.2500,3790,713.2500
2013-03-04,714.0000,714.0000,691.0000,696.0000,2173,696.0000
2013-03-05,698.5000,700.0000,693.5000,696.2500,1434,696.2500
2013-03-06,695.2500,695.2500,676.0000,676.2500,724,676.2500
2013-03-07,678.2500,686.7500,674.7500,686.7500,346,686.7500
2013-03-08,688.0000,693.7500,679.5000,690.0000,73,690.0000
2013-03-11,687.2500,697.2500,687.2500,694.0000,58,694.0000
2013-03-12,693.0000,702.2500,693.0000,700.5000,158,700.5000
2013-03-13,698.0000,707.2500,698.0000,707.2500,315,707.2500
2013-03-14,712.0000,714.2500,712.0000,714.2500,61986,714.2500
2013-03-15,724.5000,725.0000,717.5000,723.0000,51088,723.0000
2013-03-18,720.7500,721.5000,705.5000,712.7500,45720,712.7500
2013-03-19,713.0000,722.7500,709.2500,722.0000,47336,722.0000
2013-03-20,722.0000,736.7500,721.0000,736.0000,49304,736.0000
2013-03-21,736.0000,736.5000,726.5000,728.7500,35022,728.7500
2013-03-22,728.2500,731.5000,715.5000,729.7500,43080,729.7500
2013-03-25,729.7500,730.7500,722.5000,727.2500,37456,727.2500
2013-03-26,727.0000,732.7500,723.5000,731.5000,49622,731.5000
2013-03-27,731.7500,740.7500,727.7500,736.7500,44193,736.7500
2013-03-28,736.7500,741.7500,682.7500,687.7500,95863,687.7500
2013-04-01,681.5000,688.7500,659.7500,664.0000,74648,664.0000
2013-04-02,667.2500,674.2500,664.2500,670.7500,76205,670.7500
2013-04-03,674.0000,697.7500,670.7500,696.5000,96791,696.5000
2013-04-04,698.5000,705.5000,684.5000,694.0000,86624,694.0000
2013-04-05,691.7500,700.5000,689.0000,699.0000,51695,699.0000
2013-04-08,700.0000,716.0000,699.5000,712.5000,59054,712.5000
2013-04-09,713.5000,714.2500,704.2500,708.7500,57723,708.7500
2013-04-10,706.0000,713.0000,688.0000,696.7500,82133,696.7500
2013-04-11,697.5000,705.7500,693.5000,697.7500,57183,697.7500
2013-04-12,699.0000,716.0000,698.2500,714.7500,52556,714.7500
2013-04-15,715.0000,715.5000,688.5000,693.7500,54689,693.7500
2013-04-16,692.7500,704.0000,689.7500,703.5000,35701,703.5000
2013-04-17,703.5000,715.5000,698.5000,703.7500,45451,703.7500
2013-04-18,705.0000,712.0000,696.0000,702.7500,27122,702.7500
2013-04-19,704.2500,711.7500,697.7500,709.0000,29700,709.0000
2013-04-22,707.5000,707.5000,691.2500,702.2500,31039,702.2500
2013-04-23,702.7500,703.5000,690.2500,697.5000,25386,697.5000
2013-04-24,697.5000,698.7500,688.5000,691.7500,24327,691.7500
2013-04-25,691.2500,705.5000,690.5000,701.2500,22219,701.2500
2013-04-26,702.0000,702.0000,685.5000,688.7500,27045,688.7500
2013-04-29,688.7500,713.0000,688.7500,709.7500,23663,709.7500
2013-04-30,709.2500,727.5000,697.2500,721.7500,5497,721.7500
2013-05-01,722.2500,722.2500,705.0000,710.5000,3560,710.5000
2013-05-02,710.5000,718.7500,709.2500,718.7500,2939,718.7500
2013-05-03,718.7500,722.7500,711.2500,711.2500,1102,711.2500
2013-05-06,701.0000,703.5000,690.7500,693.0000,1339,693.0000
2013-05-07,696.2500,699.5000,690.0000,699.5000,536,699.5000
2013-05-08,697.5000,697.5000,693.2500,696.7500,191,696.7500
2013-05-09,700.5000,719.0000,700.5000,716.2500,157,716.2500
2013-05-10,703.0000,703.0000,696.7500,696.7500,19,696.7500
2013-05-13,699.7500,706.2500,699.7500,701.5000,103,701.5000
2013-05-14,700.7500,701.5000,700.7500,701.5000,38738,701.5000
2013-05-15,711.0000,711.2500,692.5000,693.7500,52020,693.7500
2013-05-16,694.0000,699.0000,681.5000,687.7500,65093,687.7500
2013-05-17,688.2500,689.7500,680.2500,683.2500,42132,683.2500
2013-05-20,681.2500,688.5000,674.5000,685.2500,44151,685.2500
2013-05-21,684.2500,684.5000,674.0000,680.5000,35805,680.5000
2013-05-22,680.5000,692.7500,680.0000,688.5000,44076,688.5000
2013-05-23,687.5000,709.0000,687.0000,703.2500,69917,703.2500
2013-05-24,704.0000,707.5000,696.2500,697.5000,43322,697.5000
2013-05-28,699.0000,705.0000,687.7500,693.7500,53639,693.7500
2013-05-29,693.5000,704.0000,688.7500,702.7500,55930,702.7500
2013-05-30,699.0000,702.2500,687.5000,698.7500,53057,698.7500
2013-05-31,697.2500,707.5000,692.5000,705.5000,58724,705.5000
2013-06-03,708.5000,714.5000,692.5000,708.7500,73766,708.7500
2013-06-04,708.7500,713.2500,700.0000,709.0000,57525,709.0000
2013-06-05,709.7500,712.5000,701.0000,701.5000,44556,701.5000
2013-06-06,701.7500,706.2500,693.5000,697.7500,61320,697.7500
2013-06-07,696.5000,703.2500,694.2500,696.2500,51784,696.2500
2013-06-10,693.0000,695.2500,680.5000,689.7500,71412,689.7500
2013-06-11,690.5000,699.7500,686.7500,696.7500,64154,696.7500
2013-06-12,694.5000,696.7500,679.0000,683.0000,73109,683.0000
2013-06-13,683.0000,687.0000,675.0000,685.5000,64445,685.5000
2013-06-14,685.0000,685.5000,676.5000,680.7500,54328,680.7500
2013-06-17,679.5000,689.2500,674.5000,680.5000,52922,680.5000
2013-06-18,681.0000,689.7500,680.5000,687.5000,55087,687.5000
2013-06-19,684.5000,710.7500,682.5000,707.0000,75512,707.0000
2013-06-20,705.2500,707.7500,695.0000,700.5000,58308,700.5000
2013-06-21,700.0000,704.5000,696.0000,698.0000,47533,698.0000
2013-06-24,694.0000,695.0000,676.7500,679.0000,62320,679.0000
2013-06-25,679.0000,685.2500,675.2500,675.7500,24885,675.7500
2013-06-26,675.7500,681.5000,666.0000,667.0000,22128,667.0000
2013-06-27,667.0000,673.0000,662.5000,663.5000,26719,663.5000
2013-06-28,664.0000,668.7500,646.7500,648.5000,7568,648.5000
2013-07-01,646.0000,653.5000,643.7500,645.7500,2575,645.7500
2013-07-02,647.2500,658.0000,644.7500,649.5000,1234,649.5000
2013-07-03,653.0000,662.2500,653.0000,657.7500,954,657.7500
2013-07-05,662.7500,665.0000,656.0000,656.0000,891,656.0000
2013-07-08,656.7500,666.5000,656.7500,660.0000,474,660.0000
2013-07-09,660.0000,679.0000,660.0000,675.5000,562,675.5000
2013-07-10,676.5000,676.5000,666.2500,672.0000,585,672.0000
2013-07-11,682.7500,688.0000,678.5000,679.2500,147,679.2500
2013-07-12,685.7500,685.7500,675.5000,675.5000,39433,675.5000
2013-07-15,678.7500,678.7500,667.2500,669.5000,36008,669.5000
2013-07-16,671.2500,681.5000,665.5000,669.5000,41094,669.5000
2013-07-17,669.5000,674.0000,664.0000,665.0000,29699,665.0000
2013-07-18,665.0000,667.2500,656.5000,660.5000,43778,660.5000
2013-07-19,661.0000,670.0000,658.0000,664.5000,41246,664.5000
2013-07-22,667.2500,667.7500,655.0000,659.7500,43473,659.7500
2013-07-23,659.5000,659.5000,650.5000,653.7500,36821,653.7500
2013-07-24,653.7500,661.7500,652.7500,653.2500,36863,653.2500
2013-07-25,652.5000,656.5000,648.0000,649.2500,36895,649.2500
2013-07-26,649.0000,657.5000,648.0000,650.2500,31586,650.2500
2013-07-29,650.2500,656.0000,648.5000,651.5000,28159,651.5000
2013-07-30,650.5000,662.5000,650.0000,655.2500,52108,655.2500
2013-07-31,653.7500,665.7500,653.5000,664.2500,70063,664.2500
2013-08-01,663.5000,667.5000,648.2500,658.0000,70563,658.0000
2013-08-02,657.5000,667.5000,656.2500,660.5000,52251,660.5000
2013-08-05,659.7500,665.5000,641.5000,645.2500,69836,645.2500
2013-08-06,646.2500,651.2500,642.2500,650.5000,42089,650.5000
2013-08-07,650.0000,652.7500,639.0000,643.5000,60887,643.5000
2013-08-08,643.0000,648.0000,639.7500,641.2500,59759,641.2500
2013-08-09,641.7500,645.0000,630.5000,633.5000,79291,633.5000
2013-08-12,633.5000,645.2500,630.0000,635.0000,65111,635.0000
2013-08-13,636.5000,643.5000,626.2500,628.2500,63179,628.2500
2013-08-14,627.0000,631.7500,623.0000,630.5000,52626,630.5000
2013-08-15,631.2500,641.2500,629.0000,637.5000,40529,637.5000
2013-08-16,637.5000,641.2500,626.7500,631.0000,39731,631.0000
2013-08-19,637.0000,642.5000,635.2500,641.5000,34103,641.5000
2013-08-20,641.0000,644.0000,634.0000,634.2500,20845,634.2500
2013-08-21,634.7500,646.7500,634.2500,638.7500,38812,638.7500
2013-08-22,640.0000,640.5000,629.7500,630.5000,28846,630.5000
2013-08-23,629.2500,638.0000,628.5000,634.5000,26832,634.5000
2013-08-26,640.0000,665.0000,640.0000,654.7500,27413,654.7500
2013-08-27,654.2500,657.7500,648.5000,650.7500,26380,650.7500
2013-08-28,652.2500,656.2500,645.5000,646.5000,14129,646.5000
2013-08-29,646.2500,650.5000,640.0000,641.2500,19262,641.2500
2013-08-30,641.2500,647.7500,639.2500,643.2500,3847,643.2500
2013-09-03,652.2500,654.0000,635.0000,636.5000,929,636.5000
2013-09-04,634.7500,635.0000,627.5000,634.2500,1289,634.2500
2013-09-05,633.5000,633.5000,625.0000,627.2500,549,627.2500
2013-09-06,630.7500,635.7500,629.0000,635.0000,311,635.0000
2013-09-09,631.0000,635.0000,627.7500,628.7500,316,628.7500
2013-09-10,629.2500,634.7500,629.0000,633.7500,126,633.7500
2013-09-11,634.2500,638.0000,630.0000,635.0000,84,635.0000
2013-09-12,635.5000,641.7500,625.0000,641.7500,99,641.7500
2013-09-13,645.0000,645.0000,627.7500,627.7500,42227,627.7500
2013-09-16,640.0000,648.7500,638.5000,641.2500,39528,641.2500
2013-09-17,641.2500,652.0000,641.2500,643.0000,39854,643.0000
2013-09-18,642.2500,648.0000,642.0000,646.5000,25726,646.5000
2013-09-19,647.5000,662.5000,646.7500,657.0000,77256,657.0000
2013-09-20,657.0000,659.2500,643.7500,646.2500,47364,646.2500
2013-09-23,645.5000,656.7500,645.5000,653.5000,41600,653.5000
2013-09-24,653.7500,660.0000,649.5000,658.2500,51099,658.2500
2013-09-25,657.5000,675.0000,657.5000,670.5000,72733,670.5000
2013-09-26,671.0000,679.0000,668.5000,678.2500,59338,678.2500
2013-09-27,678.0000,685.5000,675.5000,683.0000,58687,683.0000
2013-09-30,681.2500,694.7500,676.7500,678.5000,83642,678.5000
2013-10-01,678.2500,683.7500,672.5000,681.2500,69331,681.2500
2013-10-02,681.2500,689.7500,678.0000,686.0000,47061,686.0000
2013-10-03,686.0000,698.0000,685.0000,689.2500,65937,689.2500
2013-10-04,688.0000,692.7500,684.2500,687.0000,53311,687.0000
2013-10-07,687.2500,696.5000,686.2500,694.7500,42046,694.7500
2013-10-08,694.2500,699.7500,688.0000,693.5000,41468,693.5000
2013-10-09,692.5000,694.7500,687.0000,690.5000,38560,690.5000
2013-10-10,691.0000,695.7500,684.0000,685.5000,42908,685.5000
2013-10-11,685.0000,695.5000,682.2500,692.2500,50645,692.2500
2013-10-14,691.2500,696.5000,686.2500,692.5000,32946,692.5000
2013-10-15,691.7500,693.5000,685.2500,685.7500,34749,685.7500
2013-10-16,686.0000,688.0000,678.2500,681.5000,43387,681.5000
2013-10-17,681.2500,693.2500,680.5000,686.0000,55407,686.0000
2013-10-18,685.7500,706.5000,685.7500,705.7500,71336,705.7500
2013-10-21,706.5000,711.2500,694.0000,699.7500,63582,699.7500
2013-10-22,699.7500,704.5000,696.0000,700.7500,32966,700.7500
2013-10-23,701.2500,710.5000,699.5000,701.7500,40363,701.7500
2013-10-24,701.7500,708.0000,696.0000,696.5000,41986,696.5000
2013-10-25,697.0000,702.0000,690.2500,690.7500,41734,690.7500
2013-10-28,690.0000,691.2500,680.7500,681.0000,44543,681.0000
2013-10-29,680.5000,684.7500,676.2500,681.2500,53625,681.2500
2013-10-30,684.7500,688.5000,674.0000,675.0000,43792,675.0000
2013-10-31,675.0000,677.0000,667.0000,667.5000,77503,667.5000
2013-11-01,667.5000,672.2500,664.5000,667.7500,65415,667.7500
2013-11-04,665.7500,671.5000,662.0000,662.7500,41081,662.7500
2013-11-05,662.5000,665.2500,655.0000,656.0000,54784,656.0000
2013-11-06,657.2500,660.5000,652.2500,653.2500,57175,653.2500
2013-11-07,653.5000,657.5000,652.2500,653.0000,66635,653.0000
2013-11-08,653.0000,658.5000,644.0000,649.7500,87243,649.7500
2013-11-11,651.0000,659.5000,645.7500,646.2500,103818,646.2500
2013-11-12,647.2500,652.0000,644.5000,645.2500,71324,645.2500
2013-11-13,646.2500,649.0000,643.2500,645.5000,59340,645.5000
2013-11-14,645.5000,653.0000,644.2500,644.7500,71720,644.7500
2013-11-15,645.5000,648.5000,642.7500,644.5000,54064,644.5000
2013-11-18,646.7500,650.5000,642.0000,642.2500,42077,642.2500
2013-11-19,643.0000,651.5000,642.5000,650.2500,70840,650.2500
2013-11-20,650.2500,654.7500,646.2500,647.2500,49437,647.2500
2013-11-21,647.7500,653.5000,647.5000,648.7500,45910,648.7500
2013-11-22,649.2500,653.7500,648.5000,649.5000,50399,649.5000
2013-11-25,650.2500,655.0000,650.2500,652.5000,29790,652.5000
2013-11-26,652.7500,653.5000,646.0000,646.5000,32508,646.5000
2013-11-27,647.0000,656.5000,646.7500,651.2500,25526,651.2500
2013-11-29,655.0000,657.0000,650.7500,655.0000,6790,655.0000
2013-12-02,655.0000,661.2500,647.2500,649.7500,2767,649.7500
2013-12-03,652.5000,655.5000,649.0000,653.7500,1377,653.7500
2013-12-04,654.5000,658.0000,646.7500,647.2500,1280,647.2500
2013-12-05,646.0000,646.7500,637.0000,638.0000,808,638.0000
2013-12-06,638.5000,639.7500,637.2500,637.2500,115,637.2500
2013-12-09,639.7500,640.2500,638.7500,639.0000,80,639.0000
2013-12-10,639.0000,639.0000,626.5000,629.5000,251,629.5000
2013-12-11,630.2500,633.0000,624.2500,630.2500,162,630.2500
2013-12-12,626.7500,626.7500,622.5000,622.5000,16,622.5000
2013-12-13,622.5000,624.2500,618.2500,618.2500,41506,618.2500
2013-12-16,628.7500,628.7500,621.0000,621.7500,43255,621.7500
2013-12-17,622.5000,626.7500,618.7500,619.7500,44678,619.7500
2013-12-18,619.0000,619.2500,612.2500,612.7500,46711,612.7500
2013-12-19,615.0000,621.2500,610.0000,610.7500,61883,610.7500
2013-12-20,610.0000,616.0000,607.2500,613.5000,44551,613.5000
2013-12-23,614.2500,615.2500,608.2500,609.5000,19535,609.5000
2013-12-24,610.2500,611.7500,605.7500,606.2500,10792,606.2500
2013-12-26,606.0000,607.0000,600.7500,606.0000,18711,606.0000
2013-12-27,608.0000,610.0000,603.5000,609.0000,22410,609.0000
2013-12-30,607.5000,609.2500,600.0000,600.5000,20582,600.5000
2013-12-31,601.7500,607.2500,599.0000,605.2500,30323,605.2500
2014-01-02,605.0000,605.2500,595.5000,597.0000,39720,597.0000
2014-01-03,596.7500,609.0000,596.0000,605.7500,49188,605.7500
2014-01-06,608.0000,612.7500,605.0000,605.7500,39432,605.7500
2014-01-07,606.5000,610.0000,601.7500,602.5000,45799,602.5000
2014-01-08,603.0000,607.2500,586.7500,588.7500,55310,588.7500
2014-01-09,588.0000,591.0000,578.5000,584.2500,67643,584.2500
2014-01-10,584.5000,593.2500,560.5000,569.0000,110226,569.0000
2014-01-13,571.5000,576.0000,570.0000,573.5000,58021,573.5000
2014-01-14,571.2500,580.0000,570.7500,579.2500,37720,579.2500
2014-01-15,579.0000,579.7500,566.5000,567.7500,38950,567.7500
2014-01-16,568.2500,573.7500,564.0000,572.7500,48891,572.7500
2014-01-17,572.7500,574.2500,562.7500,563.5000,32126,563.5000
2014-01-21,566.0000,567.7500,560.7500,562.2500,39481,562.2500
2014-01-22,562.5000,566.7500,560.7500,561.2500,29010,561.2500
2014-01-23,561.7500,578.0000,561.5000,570.0000,47326,570.0000
2014-01-24,571.0000,573.5000,562.5000,565.2500,39689,565.2500
2014-01-27,567.0000,572.2500,562.7500,563.5000,44294,563.5000
2014-01-28,564.0000,569.0000,564.0000,566.0000,44179,566.0000
2014-01-29,567.0000,567.0000,550.5000,551.5000,84576,551.5000
2014-01-30,551.7500,556.7500,550.2500,553.5000,62117,553.5000
2014-01-31,554.0000,557.5000,551.2500,555.7500,45491,555.7500
2014-02-03,555.0000,564.2500,554.0000,563.7500,45262,563.7500
2014-02-04,563.7500,585.7500,562.0000,584.5000,84912,584.5000
2014-02-05,585.0000,588.7500,579.0000,587.5000,76582,587.5000
2014-02-06,587.0000,592.7500,579.5000,580.7500,68517,580.7500
2014-02-07,582.0000,586.0000,566.2500,577.5000,101476,577.5000
2014-02-10,574.5000,590.5000,570.5000,584.7500,90528,584.7500
2014-02-11,585.7500,591.2500,582.5000,590.2500,94447,590.2500
2014-02-12,589.7500,598.2500,585.5000,587.0000,91588,587.0000
2014-02-13,586.2500,596.7500,585.2500,595.5000,65904,595.5000
2014-02-14,595.2500,603.0000,594.5000,598.5000,56021,598.5000
2014-02-18,599.5000,613.2500,598.7500,612.0000,67231,612.0000
2014-02-19,612.0000,620.5000,609.7500,620.2500,59705,620.2500
2014-02-20,619.7500,620.7500,611.5000,616.2500,71755,616.2500
2014-02-21,616.2500,617.5000,609.2500,609.7500,33245,609.7500
2014-02-24,604.0000,618.5000,603.7500,617.7500,29824,617.7500
2014-02-25,618.2500,620.5000,602.2500,615.0000,27528,615.0000
2014-02-26,615.2500,615.5000,599.2500,600.0000,17862,600.0000
2014-02-27,600.0000,601.5000,581.5000,582.2500,16426,582.2500
2014-02-28,583.0000,602.0000,583.0000,599.0000,2846,599.0000
2014-03-03,610.0000,640.0000,608.2500,626.7500,1232,626.7500
2014-03-04,620.0000,640.0000,619.0000,639.7500,439,639.7500
2014-03-05,637.0000,638.5000,631.0000,637.2500,348,637.2500
2014-03-06,632.5000,643.5000,631.0000,641.5000,128,641.5000
2014-03-07,642.0000,655.0000,642.0000,646.2500,139,646.2500
2014-03-10,646.7500,657.7500,643.2500,645.0000,95,645.0000
2014-03-11,643.0000,671.7500,643.0000,663.2500,115,663.2500
2014-03-12,667.7500,688.0000,663.5000,688.0000,22,688.0000
2014-03-13,696.2500,700.7500,679.0000,679.0000,66,679.0000
2014-03-14,694.7500,696.2500,690.2500,690.2500,63971,690.2500
2014-03-17,687.0000,694.2500,671.7500,674.5000,48518,674.5000
2014-03-18,674.5000,693.5000,672.5000,692.5000,50345,692.5000
2014-03-19,692.0000,718.5000,686.2500,715.7500,89394,715.7500
2014-03-20,714.0000,723.5000,693.7500,703.7500,94704,703.7500
2014-03-21,705.0000,707.2500,691.7500,693.2500,49016,693.2500
2014-03-24,691.7500,718.2500,687.0000,714.5000,65088,714.5000
2014-03-25,714.7500,716.2500,706.5000,708.2500,43585,708.2500
2014-03-26,708.7500,711.7500,694.7500,696.7500,55708,696.7500
2014-03-27,696.7500,713.5000,692.0000,710.5000,54754,710.5000
2014-03-28,708.2500,708.7500,693.5000,695.5000,48811,695.5000
2014-03-31,698.2500,702.0000,676.5000,697.2500,75550,697.2500
2014-04-01,695.5000,698.0000,683.5000,685.2500,67749,685.2500
2014-04-02,687.0000,688.0000,665.0000,669.2500,66959,669.2500
2014-04-03,669.2500,677.5000,666.5000,676.0000,44384,676.0000
2014-04-04,673.5000,676.2500,658.7500,669.7500,51599,669.7500
2014-04-07,670.2500,679.5000,665.5000,676.2500,63690,676.2500
2014-04-08,676.2500,685.2500,668.2500,681.0000,68552,681.0000
2014-04-09,681.2500,688.0000,663.0000,669.0000,96035,669.0000
2014-04-10,668.5000,671.0000,656.2500,662.2500,77610,662.2500
2014-04-11,662.2500,666.7500,656.2500,660.2500,51697,660.2500
2014-04-14,666.2500,689.5000,664.5000,678.7500,75164,678.7500
2014-04-15,678.0000,702.7500,673.7500,701.7500,66093,701.7500
2014-04-16,701.0000,711.0000,684.0000,688.0000,65066,688.0000
2014-04-17,687.7500,701.5000,686.5000,691.2500,31066,691.2500
2014-04-21,690.5000,691.0000,662.7500,668.2500,37044,668.2500
2014-04-22,668.2500,677.2500,662.5000,673.0000,42401,673.0000
2014-04-23,673.0000,679.5000,667.7500,676.5000,24894,676.5000
2014-04-24,677.2500,695.7500,671.7500,689.0000,44894,689.0000
2014-04-25,689.0000,701.7500,688.0000,700.2500,32095,700.2500
2014-04-28,700.0000,708.7500,689.5000,700.2500,28027,700.2500
2014-04-29,701.5000,708.2500,696.0000,708.0000,18851,708.0000
2014-04-30,706.2500,716.0000,702.2500,713.0000,9091,713.0000
2014-05-01,713.2500,715.7500,695.2500,698.7500,2544,698.7500
2014-05-02,701.7500,710.5000,698.0000,707.7500,1890,707.7500
2014-05-05,717.0000,732.0000,715.5000,721.2500,1123,721.2500
2014-05-06,724.2500,735.0000,716.7500,731.7500,1185,731.7500
2014-05-07,730.7500,730.7500,726.2500,729.7500,258,729.7500
2014-05-08,722.0000,729.0000,721.0000,726.7500,347,726.7500
2014-05-09,718.5000,720.7500,714.0000,714.0000,322,714.0000
2014-05-12,695.5000,705.5000,695.5000,705.5000,318,705.5000
2014-05-13,705.0000,705.0000,695.5000,700.0000,313,700.0000
2014-05-14,700.0000,700.0000,681.0000,681.0000,65904,681.0000
2014-05-15,690.5000,691.0000,676.7500,678.2500,57240,678.2500
2014-05-16,678.7500,682.7500,670.5000,674.2500,48213,674.2500
2014-05-19,671.5000,678.2500,662.7500,674.5000,72503,674.5000
2014-05-20,674.0000,686.0000,666.0000,670.5000,65289,670.5000
2014-05-21,668.0000,675.5000,663.0000,664.2500,66296,664.2500
2014-05-22,665.5000,669.7500,654.0000,659.2500,67073,659.2500
2014-05-23,660.2500,663.5000,651.2500,652.5000,58007,652.5000
2014-05-27,645.0000,648.5000,640.2500,641.0000,53220,641.0000
2014-05-28,637.2500,641.7500,633.0000,638.7500,44886,638.7500
2014-05-29,638.5000,645.0000,629.7500,632.5000,49662,632.5000
2014-05-30,633.0000,637.0000,625.5000,627.2500,48580,627.2500
2014-06-02,624.7500,626.7500,616.2500,620.7500,62437,620.7500
2014-06-03,622.0000,624.0000,611.0000,612.5000,55548,612.5000
2014-06-04,612.5000,619.5000,610.7500,614.5000,46186,614.5000
2014-06-05,613.5000,617.2500,605.0000,605.7500,52098,605.7500
2014-06-06,605.5000,619.5000,603.0000,618.2500,66067,618.2500
2014-06-09,618.2500,626.2500,607.5000,612.5000,65835,612.5000
2014-06-10,614.7500,616.0000,599.2500,601.2500,69509,601.2500
2014-06-11,603.0000,608.5000,588.5000,589.2500,75741,589.2500
2014-06-12,588.0000,593.5000,584.7500,585.2500,63749,585.2500
2014-06-13,585.5000,594.5000,583.5000,586.0000,66219,586.0000
2014-06-16,586.0000,594.7500,580.2500,581.0000,43308,581.0000
2014-06-17,581.0000,584.7500,576.7500,581.7500,54988,581.7500
2014-06-18,582.0000,598.0000,581.5000,587.0000,54897,587.0000
2014-06-19,586.2500,596.5000,585.7500,593.5000,45051,593.5000
2014-06-20,593.2500,594.5000,582.7500,585.2500,36985,585.2500
2014-06-23,585.0000,593.0000,577.7500,579.7500,30687,579.7500
2014-06-24,579.7500,580.0000,570.0000,571.0000,19846,571.0000
2014-06-25,570.0000,576.0000,567.7500,575.5000,18551,575.5000
2014-06-26,575.5000,584.2500,572.7500,582.2500,24910,582.2500
2014-06-27,580.0000,590.0000,577.2500,585.2500,15852,585.2500
2014-06-30,583.5000,584.2500,555.7500,564.7500,5942,564.7500
2014-07-01,564.7500,566.2500,557.2500,559.7500,1069,559.7500
2014-07-02,560.7500,562.7500,555.5000,561.7500,1272,561.7500
2014-07-03,561.7500,568.7500,559.7500,568.0000,517,568.0000
2014-07-07,567.2500,567.2500,545.0000,545.0000,220,545.0000
2014-07-08,549.0000,549.5000,545.2500,545.2500,138,545.2500
2014-07-09,545.7500,545.7500,537.0000,539.5000,219,539.5000
2014-07-10,542.7500,543.5000,535.2500,536.7500,108,536.7500
2014-07-11,536.7500,536.7500,514.7500,514.7500,107,514.7500
2014-07-14,516.2500,549.7500,516.2500,549.7500,44745,549.7500
2014-07-15,538.0000,539.5000,530.5000,537.7500,37907,537.7500
2014-07-16,537.0000,544.7500,535.7500,538.0000,32658,538.0000
2014-07-17,538.0000,561.7500,530.7500,550.7500,88501,550.7500
2014-07-18,552.5000,555.7500,531.0000,532.2500,52234,532.2500
2014-07-21,530.5000,531.2500,523.7500,530.0000,36058,530.0000
2014-07-22,529.5000,536.7500,524.0000,524.5000,35671,524.5000
2014-07-23,524.5000,531.0000,520.2500,530.7500,33126,530.7500
2014-07-24,530.5000,542.2500,526.0000,528.7500,56461,528.7500
2014-07-25,528.7500,538.5000,526.5000,538.0000,42238,538.0000
2014-07-28,538.0000,543.2500,532.0000,534.7500,33877,534.7500
2014-07-29,534.5000,535.7500,518.5000,520.0000,52042,520.0000
2014-07-30,521.2500,529.0000,519.7500,527.2500,51667,527.2500
2014-07-31,527.0000,536.2500,523.5000,530.2500,59662,530.2500
2014-08-01,531.0000,544.0000,530.5000,534.2500,60735,534.2500
2014-08-04,534.7500,553.2500,534.2500,544.0000,55273,544.0000
2014-08-05,543.7500,554.2500,538.0000,552.5000,51203,552.5000
2014-08-06,553.0000,572.0000,552.7500,568.0000,83170,568.0000
2014-08-07,568.0000,568.2500,558.5000,561.5000,80800,561.5000
2014-08-08,561.0000,561.5000,547.0000,549.2500,74816,549.2500
2014-08-11,548.5000,556.5000,543.0000,546.5000,97475,546.5000
2014-08-12,547.2500,547.5000,533.5000,538.0000,96506,538.0000
2014-08-13,537.7500,544.2500,527.2500,528.0000,65016,528.0000
2014-08-14,528.2500,539.2500,528.0000,537.2500,44359,537.2500
2014-08-15,535.2500,556.2500,533.5000,551.2500,57396,551.2500
2014-08-18,549.7500,551.5000,540.5000,542.5000,27716,542.5000
2014-08-19,541.0000,556.0000,535.5000,546.0000,40685,546.0000
2014-08-20,546.2500,549.2500,534.2500,539.5000,36712,539.5000
2014-08-21,539.5000,549.7500,536.7500,546.2500,29137,546.2500
2014-08-22,546.0000,562.5000,545.5000,552.0000,44928,552.0000
2014-08-25,551.0000,554.2500,540.5000,542.5000,14286,542.5000
2014-08-26,542.2500,546.0000,531.2500,541.5000,15901,541.5000
2014-08-27,540.0000,548.0000,535.0000,547.2500,14287,547.2500
2014-08-28,547.0000,564.5000,545.0000,556.5000,18397,556.5000
2014-08-29,555.0000,562.0000,546.0000,550.2500,3477,550.2500
2014-09-02,550.2500,552.5000,538.7500,543.5000,1409,543.5000
2014-09-03,540.7500,540.7500,522.5000,523.5000,1964,523.5000
2014-09-04,522.0000,525.2500,519.5000,525.2500,2109,525.2500
2014-09-05,525.5000,536.2500,525.5000,531.5000,1101,531.5000
2014-09-08,528.7500,538.0000,526.2500,533.5000,466,533.5000
2014-09-09,528.5000,528.5000,523.5000,527.5000,69,527.5000
2014-09-10,524.5000,525.2500,518.7500,518.7500,135,518.7500
2014-09-11,518.0000,519.0000,499.5000,503.0000,181,503.0000
2014-09-12,498.7500,498.7500,497.0000,498.2500,39754,498.2500
2014-09-15,501.5000,504.0000,496.0000,500.7500,39682,500.7500
2014-09-16,499.0000,508.5000,491.0000,496.2500,48769,496.2500
2014-09-17,496.0000,501.5000,494.2500,499.2500,33011,499.2500
2014-09-18,496.2500,498.7500,487.7500,488.5000,33252,488.5000
2014-09-19,487.7500,488.2500,473.7500,474.5000,45467,474.5000
2014-09-22,476.2500,480.7500,469.5000,476.7500,61856,476.7500
2014-09-23,475.5000,479.7500,471.0000,476.0000,48151,476.0000
2014-09-24,473.5000,484.5000,473.5000,480.2500,54643,480.2500
2014-09-25,480.2500,483.5000,466.2500,474.0000,51821,474.0000
2014-09-26,472.7500,476.2500,468.5000,474.2500,27218,474.2500
2014-09-29,470.7500,482.5000,470.5000,481.2500,41810,481.2500
2014-09-30,481.2500,481.7500,468.0000,477.7500,61656,477.7500
2014-10-01,476.7500,484.0000,469.5000,479.0000,45542,479.0000
2014-10-02,477.5000,489.7500,477.2500,482.7500,48696,482.7500
2014-10-03,483.2500,489.0000,478.0000,485.7500,44411,485.7500
2014-10-06,485.5000,494.7500,484.7500,491.5000,40143,491.5000
2014-10-07,491.5000,509.5000,489.2500,506.2500,71942,506.2500
2014-10-08,507.2500,511.7500,502.0000,507.7500,46634,507.7500
2014-10-09,508.0000,508.2500,492.0000,493.2500,56948,493.2500
2014-10-10,493.5000,508.5000,488.2500,498.5000,67978,498.5000
2014-10-13,498.5000,506.5000,495.5000,505.2500,39341,505.2500
2014-10-14,505.2500,510.0000,498.2500,509.2500,34253,509.2500
2014-10-15,510.0000,516.2500,501.5000,506.0000,55380,506.0000
2014-10-16,506.2500,518.2500,502.7500,517.0000,44556,517.0000
2014-10-17,517.7500,522.2500,512.7500,516.0000,48282,516.0000
2014-10-20,515.0000,515.7500,507.2500,513.5000,41062,513.5000
2014-10-21,515.0000,523.7500,512.2500,519.2500,55907,519.2500
2014-10-22,521.0000,528.7500,516.0000,522.2500,51409,522.2500
2014-10-23,520.2500,530.7500,519.2500,526.7500,41545,526.7500
2014-10-24,525.5000,539.2500,517.2500,517.7500,57243,517.7500
2014-10-27,516.0000,526.5000,510.5000,522.7500,50296,522.7500
2014-10-28,525.5000,533.0000,523.2500,530.7500,45034,530.7500
2014-10-29,531.0000,540.5000,527.5000,538.2500,45827,538.2500
2014-10-30,538.2500,545.5000,532.5000,536.0000,53290,536.0000
2014-10-31,536.0000,539.0000,523.0000,532.5000,60413,532.5000
2014-11-03,536.2500,539.2500,526.7500,538.2500,48408,538.2500
2014-11-04,538.2500,538.7500,529.0000,530.5000,40640,530.5000
2014-11-05,532.0000,532.5000,518.7500,524.7500,61576,524.7500
2014-11-06,525.0000,528.0000,520.0000,520.2500,45901,520.2500
2014-11-07,520.5000,520.5000,511.0000,514.5000,64780,514.5000
2014-11-10,514.0000,524.5000,511.2500,517.2500,87728,517.2500
2014-11-11,518.0000,526.5000,511.7500,525.2500,95070,525.2500
2014-11-12,524.2500,545.7500,522.7500,542.7500,138060,542.7500
2014-11-13,542.0000,559.0000,537.0000,553.7500,111919,553.7500
2014-11-14,553.7500,564.7500,549.0000,560.5000,63504,560.5000
2014-11-17,559.2500,563.2500,551.0000,551.7500,40374,551.7500
2014-11-18,552.0000,553.0000,544.2500,549.0000,28212,549.0000
2014-11-19,549.0000,549.5000,535.0000,537.7500,38493,537.7500
2014-11-20,538.5000,548.0000,532.0000,547.2500,37194,547.2500
2014-11-21,547.0000,553.7500,540.7500,547.2500,35936,547.2500
2014-11-24,546.0000,551.2500,541.2500,542.2500,26197,542.2500
2014-11-25,541.7500,553.0000,539.2500,551.5000,18564,551.5000
2014-11-26,551.2500,563.0000,550.7500,562.0000,23401,562.0000
2014-11-28,558.0000,579.2500,556.5000,577.2500,3794,577.2500
2014-12-01,577.5000,607.0000,571.7500,606.7500,1927,606.7500
2014-12-02,604.5000,612.0000,600.0000,605.2500,1101,605.2500
2014-12-03,604.0000,604.0000,590.0000,597.0000,813,597.0000
2014-12-04,594.0000,600.0000,588.5000,599.7500,496,599.7500
2014-12-05,599.0000,609.7500,594.7500,609.0000,542,609.0000
2014-12-08,603.5000,617.0000,600.7500,610.0000,115,610.0000
2014-12-09,606.5000,608.7500,599.0000,600.5000,193,600.5000
2014-12-10,600.0000,600.0000,590.0000,593.2500,86,593.2500
2014-12-11,597.0000,610.2500,588.5000,610.2500,88,610.2500
2014-12-12,623.2500,627.5000,623.2500,627.5000,72039,627.5000
2014-12-15,605.5000,622.7500,599.7500,619.0000,65785,619.0000
2014-12-16,616.0000,639.0000,615.0000,623.2500,93302,623.2500
2014-12-17,623.7500,650.7500,617.0000,648.5000,103230,648.5000
2014-12-18,646.5000,677.0000,645.7500,655.2500,102121,655.2500
2014-12-19,654.0000,654.5000,629.2500,632.2500,68685,632.2500
2014-12-22,629.5000,644.5000,621.0000,625.7500,53792,625.7500
2014-12-23,625.0000,637.0000,621.0000,635.5000,31415,635.5000
2014-12-24,636.5000,639.7500,606.2500,611.5000,38221,611.5000
2014-12-26,614.5000,616.7500,607.5000,610.7500,21009,610.7500
2014-12-29,611.7500,620.7500,608.0000,615.5000,29593,615.5000
2014-12-30,615.0000,615.5000,601.0000,602.0000,34044,602.0000
2014-12-31,601.5000,604.5000,586.5000,589.7500,37572,589.7500
2015-01-02,589.7500,591.0000,574.7500,581.2500,38997,581.2500
2015-01-05,579.7500,597.5000,579.0000,589.0000,45078,589.0000
2015-01-06,588.0000,603.5000,586.0000,591.7500,52463,591.7500
2015-01-07,594.2500,594.5000,578.5000,579.5000,46079,579.5000
2015-01-08,580.0000,581.0000,565.7500,567.0000,49560,567.0000
2015-01-09,568.0000,574.0000,561.7500,563.7500,54780,563.7500
2015-01-12,563.0000,567.0000,554.0000,555.5000,74233,555.5000
2015-01-13,555.5000,566.7500,547.2500,548.0000,61834,548.0000
2015-01-14,548.0000,549.7500,536.0000,537.7500,66809,537.7500
2015-01-15,540.5000,545.0000,528.0000,532.7500,59519,532.7500
2015-01-16,536.7500,542.0000,531.2500,532.7500,54200,532.7500
2015-01-20,532.2500,539.7500,523.0000,537.0000,62926,537.0000
2015-01-21,537.2500,544.5000,535.5000,536.7500,50807,536.7500
2015-01-22,536.5000,542.5000,532.5000,533.7500,44525,533.7500
2015-01-23,532.7500,536.0000,526.2500,530.0000,57432,530.0000
2015-01-26,530.7500,534.7500,519.2500,520.5000,52607,520.5000
2015-01-27,519.5000,524.2500,517.5000,519.0000,40915,519.0000
2015-01-28,519.0000,520.5000,503.0000,505.2500,78409,505.2500
2015-01-29,506.0000,512.2500,500.7500,507.7500,76823,507.7500
2015-01-30,508.0000,511.7500,497.0000,502.7500,67223,502.7500
2015-02-02,503.0000,505.5000,492.2500,492.7500,58166,492.7500
2015-02-03,493.5000,515.7500,493.0000,513.7500,71013,513.7500
2015-02-04,514.5000,521.7500,507.5000,511.0000,64767,511.0000
2015-02-05,511.2500,527.7500,508.5000,525.7500,84138,525.7500
2015-02-06,526.5000,534.0000,516.5000,527.0000,85342,527.0000
2015-02-09,527.0000,532.2500,521.5000,529.7500,77084,529.7500
2015-02-10,527.0000,530.7500,518.5000,521.7500,86985,521.7500
2015-02-11,520.7500,528.0000,515.7500,525.7500,96606,525.7500
2015-02-12,523.2500,527.7500,518.2500,521.2500,92568,521.2500
2015-02-13,520.7500,534.2500,519.5000,533.0000,85848,533.0000
2015-02-17,534.5000,548.0000,531.7500,534.7500,62801,534.7500
2015-02-18,537.0000,543.5000,523.5000,527.7500,63119,527.7500
2015-02-19,528.0000,537.2500,523.7500,527.7500,45850,527.7500
2015-02-20,526.5000,531.5000,509.5000,510.2500,59446,510.2500
2015-02-23,510.7500,515.0000,503.5000,505.7500,32153,505.7500
2015-02-24,505.7500,513.2500,504.5000,505.7500,18575,505.7500
2015-02-25,506.5000,506.5000,496.0000,497.7500,12524,497.7500
2015-02-26,498.0000,504.5000,491.2500,503.2500,13499,503.2500
2015-02-27,507.0000,523.0000,502.0000,517.5000,2654,517.5000
2015-03-02,517.2500,521.2500,507.2500,508.0000,2490,508.0000
2015-03-03,508.5000,509.5000,500.5000,508.7500,1527,508.7500
2015-03-04,507.0000,509.0000,491.2500,493.5000,1558,493.5000
2015-03-05,491.7500,492.5000,481.0000,481.2500,609,481.2500
2015-03-06,482.2500,488.7500,482.2500,485.7500,305,485.7500
2015-03-09,491.2500,499.7500,491.2500,494.2500,54,494.2500
2015-03-10,490.7500,496.5000,489.0000,496.5000,83,496.5000
2015-03-11,502.7500,503.7500,501.5000,503.0000,26,503.0000
2015-03-12,503.0000,516.7500,503.0000,513.2500,29,513.2500
2015-03-13,520.2500,520.2500,508.2500,508.7500,57249,508.7500
2015-03-16,503.2500,515.7500,493.0000,514.0000,59482,514.0000
2015-03-17,515.5000,518.0000,503.0000,503.5000,51560,503.5000
2015-03-18,503.0000,512.5000,500.7500,510.7500,44511,510.7500
2015-03-19,516.0000,520.0000,505.2500,512.0000,55533,512.0000
2015-03-20,511.0000,530.5000,510.0000,530.0000,70791,530.0000
2015-03-23,533.2500,540.5000,531.7500,534.0000,58101,534.0000
2015-03-24,531.2500,531.7500,522.5000,523.5000,57560,523.5000
2015-03-25,523.0000,528.2500,516.0000,519.0000,46777,519.0000
2015-03-26,519.0000,525.2500,498.2500,499.2500,84097,499.2500
2015-03-27,499.0000,509.0000,499.0000,507.7500,55820,507.7500
2015-03-30,513.2500,531.0000,508.7500,530.2500,88442,530.2500
2015-03-31,531.7500,531.7500,509.0000,511.7500,103920,511.7500
2015-04-01,513.0000,529.0000,506.0000,528.5000,83997,528.5000
2015-04-02,528.0000,544.2500,522.5000,536.2500,93322,536.2500
2015-04-06,537.5000,543.7500,525.0000,527.7500,53328,527.7500
2015-04-07,526.0000,534.0000,517.7500,526.0000,81410,526.0000
2015-04-08,528.0000,530.7500,518.2500,526.2500,91366,526.2500
2015-04-09,525.5000,526.7500,513.7500,518.7500,92579,518.7500
2015-04-10,518.0000,527.5000,515.5000,526.5000,97676,526.5000
2015-04-13,518.0000,520.0000,501.5000,502.2500,105802,502.2500
2015-04-14,504.2500,506.2500,496.2500,497.0000,89811,497.0000
2015-04-15,498.5000,503.7500,490.0000,490.7500,74272,490.7500
2015-04-16,490.0000,495.5000,489.0000,494.5000,69497,494.5000
2015-04-17,494.2500,499.7500,490.7500,494.5000,45430,494.5000
2015-04-20,495.0000,499.2500,492.0000,498.7500,50204,498.7500
2015-04-21,498.5000,506.5000,494.2500,500.7500,44517,500.7500
2015-04-22,500.2500,504.7500,496.2500,498.7500,25143,498.7500
2015-04-23,499.5000,503.5000,497.5000,497.7500,31255,497.7500
2015-04-24,498.2500,499.5000,485.0000,486.0000,29515,486.0000
2015-04-27,486.5000,488.0000,469.5000,470.2500,19322,470.2500
2015-04-28,472.0000,474.0000,460.0000,471.5000,17459,471.5000
2015-04-29,472.0000,478.2500,469.0000,477.2500,13223,477.2500
2015-04-30,477.0000,481.7500,465.0000,467.0000,2722,467.0000
2015-05-01,469.5000,472.2500,465.2500,470.0000,688,470.0000
2015-05-04,471.7500,471.7500,465.0000,469.2500,451,469.2500
2015-05-05,468.7500,469.7500,460.0000,464.0000,280,464.0000
2015-05-06,467.0000,478.2500,464.2500,475.7500,197,475.7500
2015-05-07,472.7500,478.0000,465.7500,465.7500,176,465.7500
2015-05-08,468.0000,476.5000,468.0000,476.5000,142,476.5000
2015-05-11,473.5000,476.2500,473.5000,476.2500,30,476.2500
2015-05-12,476.5000,489.7500,476.5000,479.2500,194,479.2500
2015-05-13,481.2500,481.7500,472.7500,481.0000,37,481.0000
2015-05-14,490.2500,503.2500,490.2500,501.7500,147584,501.7500
2015-05-15,515.0000,519.7500,506.0000,511.0000,96766,511.0000
2015-05-18,511.0000,530.2500,508.0000,521.7500,89702,521.7500
2015-05-19,519.7500,524.7500,503.7500,510.2500,84320,510.2500
2015-05-20,511.0000,515.7500,503.0000,513.0000,82319,513.0000
2015-05-21,514.5000,528.0000,511.0000,522.0000,91976,522.0000
2015-05-22,521.5000,529.0000,511.0000,515.2500,76964,515.2500
2015-05-26,515.2500,519.7500,492.0000,493.5000,102712,493.5000
2015-05-27,496.0000,496.2500,482.0000,487.7500,103568,487.7500
2015-05-28,489.0000,494.7500,483.0000,488.7500,80155,488.7500
2015-05-29,488.0000,489.2500,474.5000,477.0000,81444,477.0000
2015-06-01,478.0000,495.5000,474.0000,493.7500,90078,493.7500
2015-06-02,495.2500,513.2500,493.0000,512.5000,96582,512.5000
2015-06-03,513.7500,526.2500,508.2500,510.7500,116592,510.7500
2015-06-04,510.0000,524.2500,504.0000,523.7500,100423,523.7500
2015-06-05,525.0000,534.0000,516.0000,517.0000,145062,517.0000
2015-06-08,517.0000,532.7500,516.0000,528.0000,103337,528.0000
2015-06-09,527.5000,537.2500,524.0000,532.2500,113552,532.2500
2015-06-10,533.2500,537.5000,512.5000,513.5000,154342,513.5000
2015-06-11,514.0000,515.5000,502.5000,504.2500,96999,504.2500
2015-06-12,504.0000,510.7500,500.5000,503.7500,60187,503.7500
2015-06-15,503.7500,503.7500,486.0000,489.2500,85937,489.2500
2015-06-16,489.0000,495.0000,487.0000,488.7500,67525,488.7500
2015-06-17,490.7500,499.7500,489.7500,491.2500,70462,491.2500
2015-06-18,491.5000,498.0000,487.2500,488.0000,59159,488.0000
2015-06-19,487.5000,492.2500,483.5000,488.5000,58134,488.5000
2015-06-22,487.7500,504.0000,487.2500,501.2500,46204,501.2500
2015-06-23,501.7500,522.7500,501.7500,521.5000,61302,521.5000
2015-06-24,522.2500,530.0000,514.2500,518.0000,47285,518.0000
2015-06-25,517.2500,533.0000,513.0000,532.0000,39891,532.0000
2015-06-26,532.0000,566.2500,530.2500,562.2500,79507,562.2500
2015-06-29,557.0000,587.0000,556.5000,580.5000,34257,580.5000
2015-06-30,581.0000,614.7500,576.0000,614.7500,6344,614.7500
2015-07-01,611.5000,615.7500,576.5000,587.5000,1985,587.5000
2015-07-02,587.2500,596.5000,571.0000,585.7500,1707,585.7500
2015-07-06,580.0000,591.2500,567.2500,588.5000,1141,588.5000
2015-07-07,587.7500,587.7500,573.2500,579.5000,839,579.5000
2015-07-08,576.0000,581.5000,570.0000,572.2500,438,572.2500
2015-07-09,577.7500,580.0000,572.2500,572.2500,195,572.2500
2015-07-10,573.5000,581.5000,565.0000,581.5000,415,581.5000
2015-07-13,581.5000,586.7500,573.2500,586.7500,441,586.7500
2015-07-14,587.2500,589.7500,582.0000,583.5000,63921,583.5000
2015-07-15,569.5000,569.7500,558.5000,566.7500,73106,566.7500
2015-07-16,567.5000,574.0000,561.5000,562.2500,62170,562.2500
2015-07-17,561.7500,561.7500,546.0000,554.0000,66022,554.0000
2015-07-20,553.0000,553.0000,530.5000,532.7500,64326,532.7500
2015-07-21,533.5000,537.7500,523.7500,524.7500,71225,524.7500
2015-07-22,524.0000,528.2500,515.2500,516.7500,71935,516.7500
2015-07-23,516.7500,527.0000,516.5000,521.5000,53193,521.5000
2015-07-24,520.7500,523.7500,509.5000,511.7500,55254,511.7500
2015-07-27,511.0000,511.7500,501.2500,502.5000,61326,502.5000
2015-07-28,502.5000,512.5000,501.7500,510.7500,78774,510.7500
2015-07-29,512.0000,512.5000,495.5000,496.2500,68770,496.2500
2015-07-30,495.7500,504.7500,493.7500,496.5000,69188,496.5000
2015-07-31,496.7500,503.5000,495.7500,499.2500,64474,499.2500
2015-08-03,497.2500,501.7500,490.5000,499.0000,56799,499.0000
2015-08-04,499.0000,506.7500,491.2500,493.5000,63486,493.5000
2015-08-05,494.2500,504.5000,492.0000,502.0000,67497,502.0000
2015-08-06,502.0000,514.0000,498.2500,507.0000,89887,507.0000
2015-08-07,507.7500,514.0000,503.7500,510.5000,82793,510.5000
2015-08-10,512.0000,530.0000,509.2500,525.5000,89220,525.5000
2015-08-11,522.5000,524.2500,504.0000,507.2500,95677,507.2500
2015-08-12,507.2500,514.7500,484.0000,492.2500,103263,492.2500
2015-08-13,493.0000,504.7500,492.0000,503.2500,71663,503.2500
2015-08-14,503.2500,512.2500,497.7500,506.5000,50412,506.5000
2015-08-17,504.7500,509.2500,498.5000,500.5000,42118,500.5000
2015-08-18,499.5000,503.2500,493.2500,494.2500,38650,494.2500
2015-08-19,495.0000,498.5000,491.0000,496.2500,39649,496.2500
2015-08-20,495.2500,507.7500,495.2500,506.2500,39146,506.2500
2015-08-21,504.0000,507.0000,495.7500,499.5000,36214,499.5000
2015-08-24,498.7500,504.5000,486.7500,503.2500,38298,503.2500
2015-08-25,504.7500,511.2500,492.5000,495.0000,29852,495.0000
2015-08-26,498.0000,499.7500,488.5000,489.7500,24807,489.7500
2015-08-27,490.2500,495.5000,481.7500,484.2500,40564,484.2500
2015-08-28,484.7500,487.5000,476.0000,477.0000,20907,477.0000
2015-08-31,477.0000,484.0000,470.7500,482.5000,5907,482.5000
2015-09-01,482.0000,488.5000,481.0000,484.0000,1851,484.0000
2015-09-02,483.7500,485.7500,469.2500,473.0000,2241,473.0000
2015-09-03,473.5000,473.5000,456.0000,456.5000,1373,456.5000
2015-09-04,456.7500,459.0000,455.5000,457.7500,467,457.7500
2015-09-08,456.7500,467.5000,456.7500,465.2500,219,465.2500
2015-09-09,465.5000,470.2500,462.0000,462.0000,164,462.0000
2015-09-10,462.7500,468.7500,462.7500,468.0000,128,468.0000
2015-09-11,468.5000,475.5000,460.7500,475.5000,123,475.5000
2015-09-14,483.7500,493.0000,483.7500,485.7500,80355,485.7500
2015-09-15,500.0000,503.2500,492.2500,494.7500,58317,494.7500
2015-09-16,494.7500,495.2500,483.0000,488.2500,57613,488.2500
2015-09-17,488.2500,489.7500,480.5000,481.5000,41222,481.5000
2015-09-18,481.2500,488.7500,480.0000,486.7500,44517,486.7500
2015-09-21,485.7500,499.2500,480.5000,496.7500,67083,496.7500
2015-09-22,496.5000,496.7500,488.2500,495.5000,51729,495.5000
2015-09-23,494.5000,508.5000,493.7500,507.5000,76320,507.5000
2015-09-24,507.0000,509.0000,496.7500,497.2500,55079,497.2500
2015-09-25,497.7500,510.5000,496.2500,507.7500,59650,507.7500
2015-09-28,508.5000,515.5000,500.0000,505.5000,67309,505.5000
2015-09-29,506.0000,509.7500,500.5000,503.7500,46925,503.7500
2015-09-30,503.2500,515.5000,498.2500,512.7500,103544,512.7500
2015-10-01,512.0000,523.7500,511.7500,518.2500,95783,518.2500
2015-10-02,517.7500,523.0000,511.7500,513.2500,62642,513.2500
2015-10-05,512.2500,518.0000,508.7500,515.5000,51397,515.5000
2015-10-06,514.0000,527.0000,513.0000,526.2500,68615,526.2500
2015-10-07,525.7500,531.5000,515.0000,516.7500,68717,516.7500
2015-10-08,516.0000,522.0000,509.2500,511.5000,68794,511.5000
2015-10-09,511.0000,519.5000,504.0000,509.2500,80570,509.2500
2015-10-12,507.7500,510.5000,503.2500,506.7500,43655,506.7500
2015-10-13,506.7500,521.7500,505.0000,519.0000,68044,519.0000
2015-10-14,518.5000,519.7500,507.5000,508.2500,56488,508.2500
2015-10-15,507.7500,512.7500,502.0000,502.5000,40391,502.5000
2015-10-16,502.2500,506.0000,489.7500,492.2500,91068,492.2500
2015-10-19,491.2500,493.5000,484.2500,485.7500,71086,485.7500
2015-10-20,486.2500,491.7500,483.2500,491.2500,46451,491.2500
2015-10-21,491.7500,497.5000,490.2500,494.7500,42879,494.7500
2015-10-22,494.7500,500.7500,490.5000,490.7500,50127,490.7500
2015-10-23,490.7500,494.0000,484.7500,490.5000,71235,490.5000
2015-10-26,493.2500,512.0000,493.2500,509.0000,108092,509.0000
2015-10-27,510.0000,518.0000,506.5000,509.2500,82173,509.2500
2015-10-28,507.7500,508.7500,500.0000,506.0000,71717,506.0000
2015-10-29,506.0000,517.5000,505.0000,515.0000,94994,515.0000
2015-10-30,515.2500,523.5000,515.0000,522.0000,85681,522.0000
2015-11-02,520.0000,522.7500,506.7500,508.0000,70898,508.0000
2015-11-03,507.5000,517.0000,505.7500,516.5000,64386,516.5000
2015-11-04,516.0000,530.7500,508.2500,526.2500,112473,526.2500
2015-11-05,524.2500,529.0000,520.2500,526.2500,115823,526.2500
2015-11-06,524.5000,526.0000,517.7500,523.2500,91783,523.2500
2015-11-09,520.5000,521.2500,501.2500,501.7500,131560,501.7500
2015-11-10,502.0000,504.0000,488.0000,490.7500,133293,490.7500
2015-11-11,491.0000,498.0000,490.0000,494.7500,83843,494.7500
2015-11-12,495.0000,500.5000,492.5000,498.0000,87359,498.0000
2015-11-13,496.2500,499.7500,491.2500,495.7500,50136,495.7500
2015-11-16,494.7500,498.0000,490.0000,494.0000,41435,494.0000
2015-11-17,493.5000,494.0000,484.5000,487.5000,73394,487.5000
2015-11-18,487.5000,490.2500,480.5000,483.2500,49902,483.2500
2015-11-19,483.2500,492.7500,481.5000,490.7500,42704,490.7500
2015-11-20,489.5000,494.7500,486.5000,488.5000,39212,488.5000
2015-11-23,485.0000,497.2500,484.0000,495.0000,40480,495.0000
2015-11-24,494.7500,495.0000,483.2500,484.2500,32158,484.2500
2015-11-25,484.0000,487.5000,479.0000,479.2500,38901,479.2500
2015-11-27,479.0000,479.5000,465.0000,465.7500,22654,465.7500
2015-11-30,460.7500,464.7500,458.7500,460.0000,9457,460.0000
2015-12-01,460.0000,464.0000,456.5000,456.5000,1375,456.5000
2015-12-02,458.2500,459.0000,451.2500,452.2500,794,452.2500
2015-12-03,452.0000,469.0000,452.0000,464.7500,419,464.7500
2015-12-04,465.0000,471.2500,465.0000,471.2500,328,471.2500
2015-12-07,474.7500,474.7500,470.2500,470.2500,284,470.2500
2015-12-08,471.0000,471.7500,466.5000,470.7500,134,470.7500
2015-12-09,469.7500,479.7500,469.7500,478.0000,36,478.0000
2015-12-10,478.5000,487.7500,476.7500,484.5000,32,484.5000
2015-12-11,487.5000,491.2500,480.0000,482.7500,46,482.7500
2015-12-14,488.0000,490.5000,487.7500,487.7500,36250,487.7500
2015-12-15,491.0000,498.0000,486.2500,494.2500,50977,494.2500
2015-12-16,493.2500,497.0000,483.2500,483.5000,56697,483.5000
2015-12-17,482.7500,488.2500,472.2500,484.0000,72702,484.0000
2015-12-18,486.0000,499.0000,481.0000,486.7500,72904,486.7500
2015-12-21,486.0000,491.0000,478.2500,479.0000,45649,479.0000
2015-12-22,480.0000,482.7500,471.2500,471.7500,45031,471.7500
2015-12-23,472.5000,475.0000,468.0000,469.5000,41185,469.5000
2015-12-24,468.5000,471.7500,467.2500,467.5000,20910,467.5000
2015-12-28,468.0000,472.5000,466.0000,466.5000,30601,466.5000
2015-12-29,467.5000,476.7500,467.0000,475.7500,36636,475.7500
2015-12-30,476.5000,479.5000,469.2500,469.7500,41223,469.7500
2015-12-31,469.7500,472.5000,468.7500,470.0000,24123,470.0000
2016-01-04,472.7500,473.5000,456.0000,458.2500,79124,458.2500
2016-01-05,460.2500,464.7500,458.5000,461.2500,52297,461.2500
2016-01-06,461.2500,465.7500,456.7500,462.7500,44780,462.7500
2016-01-07,464.0000,469.0000,456.2500,468.5000,65716,468.5000
2016-01-08,468.2500,480.0000,467.5000,478.5000,86311,478.5000
2016-01-11,481.2500,481.5000,466.5000,469.0000,70055,469.0000
2016-01-12,470.2500,483.2500,462.5000,481.2500,111042,481.2500
2016-01-13,480.5000,484.2500,476.5000,478.0000,63921,478.0000
2016-01-14,478.0000,478.0000,468.0000,468.7500,61410,468.7500
2016-01-15,468.7500,474.5000,465.0000,473.7500,51486,473.7500
2016-01-19,475.0000,479.0000,470.5000,474.5000,53537,474.5000
2016-01-20,473.0000,475.5000,467.2500,471.5000,57335,471.5000
2016-01-21,473.0000,480.0000,470.5000,475.0000,66429,475.0000
2016-01-22,475.5000,480.0000,472.5000,475.5000,48741,475.5000
2016-01-25,476.0000,483.7500,475.5000,481.5000,69027,481.5000
2016-01-26,481.5000,488.5000,478.0000,484.7500,70110,484.7500
2016-01-27,484.7500,485.7500,473.5000,476.5000,76816,476.5000
2016-01-28,477.0000,477.0000,470.5000,472.2500,54662,472.2500
2016-01-29,472.2500,479.7500,470.7500,479.2500,63054,479.2500
2016-02-01,476.2500,477.0000,471.2500,475.2500,54739,475.2500
2016-02-02,475.7500,483.0000,473.2500,475.2500,81869,475.2500
2016-02-03,475.7500,480.5000,474.5000,480.0000,75261,480.0000
2016-02-04,479.0000,482.5000,472.5000,472.7500,82202,472.7500
2016-02-05,473.7500,474.0000,465.5000,466.7500,124187,466.7500
2016-02-08,466.0000,468.7500,457.5000,458.5000,106709,458.5000
2016-02-09,458.7500,460.2500,455.0000,457.5000,93619,457.5000
2016-02-10,457.7500,462.7500,456.5000,461.2500,98224,461.2500
2016-02-11,460.5000,465.7500,457.7500,458.2500,105497,458.2500
2016-02-12,458.7500,462.0000,455.0000,457.5000,69342,457.5000
2016-02-16,460.2500,465.0000,459.7500,464.2500,78290,464.2500
2016-02-17,463.7500,470.0000,462.5000,468.5000,69086,468.5000
2016-02-18,468.7500,468.7500,461.7500,462.2500,84535,462.2500
2016-02-19,462.0000,464.2500,460.0000,461.7500,53430,461.7500
2016-02-22,461.0000,463.2500,458.0000,458.5000,50119,458.5000
2016-02-23,458.0000,459.2500,447.5000,448.0000,54134,448.0000
2016-02-24,447.5000,448.0000,438.0000,442.7500,41098,442.7500
2016-02-25,443.2500,446.7500,440.5000,445.2500,22796,445.2500
2016-02-26,445.0000,447.2500,439.5000,443.2500,24548,443.2500
2016-02-29,446.2500,448.5000,443.0000,445.0000,2087,445.0000
2016-03-01,445.0000,446.7500,437.7500,438.5000,1101,438.5000
2016-03-02,440.0000,443.0000,435.2500,442.7500,1337,442.7500
2016-03-03,442.7500,456.5000,442.7500,453.2500,1000,453.2500
2016-03-04,454.2500,458.5000,453.2500,454.7500,330,454.7500
2016-03-07,460.0000,462.2500,457.7500,457.7500,106,457.7500
2016-03-08,454.7500,461.2500,454.7500,461.2500,153,461.2500
2016-03-09,461.0000,463.7500,454.7500,463.7500,145,463.7500
2016-03-10,463.2500,471.5000,463.2500,471.5000,55,471.5000
2016-03-11,472.5000,472.7500,467.7500,469.7500,237,469.7500
2016-03-14,469.0000,473.5000,469.0000,471.5000,44445,471.5000
2016-03-15,478.5000,479.2500,473.0000,477.2500,40065,477.2500
2016-03-16,476.7500,477.0000,469.7500,470.7500,39822,470.7500
2016-03-17,471.5000,476.0000,460.2500,462.5000,86914,462.5000
2016-03-18,463.0000,464.2500,457.5000,463.0000,39643,463.0000
2016-03-21,468.7500,472.0000,463.7500,466.5000,59600,466.5000
2016-03-22,466.5000,470.5000,463.2500,466.7500,47966,466.7500
2016-03-23,467.5000,468.0000,462.5000,463.0000,34997,463.0000
2016-03-24,463.5000,464.5000,458.5000,463.0000,39232,463.0000
2016-03-28,465.7500,477.2500,463.5000,471.0000,63256,471.0000
2016-03-29,471.0000,477.5000,470.5000,476.7500,50203,476.7500
2016-03-30,476.0000,477.5000,463.0000,464.0000,76784,464.0000
2016-03-31,464.0000,475.0000,455.2500,473.5000,114421,473.5000
2016-04-01,473.2500,476.2500,466.2500,475.7500,59592,475.7500
2016-04-04,476.0000,479.0000,470.2500,474.7500,52802,474.7500
2016-04-05,475.0000,476.5000,470.0000,474.0000,42643,474.0000
2016-04-06,473.0000,473.7500,461.5000,463.0000,77657,463.0000
2016-04-07,463.0000,465.2500,456.7500,457.0000,76550,457.0000
2016-04-08,457.5000,462.5000,456.2500,460.2500,82236,460.2500
2016-04-11,458.0000,458.7500,446.0000,447.2500,103496,447.2500
2016-04-12,448.0000,457.0000,446.5000,452.5000,93141,452.5000
2016-04-13,452.5000,466.7500,450.0000,461.5000,111478,461.5000
2016-04-14,461.5000,465.5000,454.2500,459.7500,90505,459.7500
2016-04-15,459.2500,462.2500,454.7500,459.7500,72123,459.7500
2016-04-18,461.7500,477.0000,460.5000,472.7500,100740,472.7500
2016-04-19,473.0000,487.7500,471.0000,486.2500,79828,486.2500
2016-04-20,485.5000,504.7500,484.7500,504.2500,59456,504.2500
2016-04-21,503.0000,510.7500,490.7500,495.7500,62582,495.7500
2016-04-22,494.0000,494.0000,465.2500,467.0000,69802,467.0000
2016-04-25,466.7500,478.7500,462.0000,471.2500,25575,471.2500
2016-04-26,471.0000,480.5000,467.0000,479.7500,18275,479.7500
2016-04-27,478.0000,482.0000,471.5000,474.2500,20360,474.2500
2016-04-28,474.7500,486.7500,472.0000,475.5000,15480,475.5000
2016-04-29,472.2500,480.5000,470.5000,478.0000,5031,478.0000
2016-05-02,476.0000,479.0000,471.7500,477.0000,1837,477.0000
2016-05-03,480.0000,481.5000,458.2500,459.7500,751,459.7500
2016-05-04,460.7500,465.2500,460.0000,460.5000,343,460.5000
2016-05-05,460.0000,461.5000,452.7500,453.0000,329,453.0000
2016-05-06,453.5000,458.5000,453.2500,453.2500,356,453.2500
2016-05-09,454.7500,454.7500,446.0000,447.0000,153,447.0000
2016-05-10,450.0000,458.7500,446.7500,451.5000,25,451.5000
2016-05-11,454.0000,454.0000,449.5000,449.5000,3,449.5000
2016-05-12,452.5000,458.5000,452.5000,458.5000,24,458.5000
2016-05-13,458.0000,466.0000,458.0000,465.0000,76197,465.0000
2016-05-16,474.0000,476.5000,467.5000,474.7500,50581,474.7500
2016-05-17,472.7500,484.5000,472.7500,481.7500,74128,481.7500
2016-05-18,481.2500,484.7500,477.0000,480.0000,62478,480.0000
2016-05-19,478.5000,479.5000,462.5000,468.7500,89560,468.7500
2016-05-20,467.7500,474.5000,464.2500,467.7500,62463,467.7500
2016-05-23,466.0000,469.0000,461.0000,462.0000,57510,462.0000
2016-05-24,462.2500,470.0000,457.7500,464.0000,67393,464.0000
2016-05-25,464.0000,469.0000,463.0000,466.0000,48818,466.0000
2016-05-26,465.7500,482.2500,465.5000,481.2500,100179,481.2500
2016-05-27,481.2500,484.7500,478.5000,481.5000,72037,481.5000
2016-05-31,481.0000,483.7500,463.5000,464.5000,99987,464.5000
2016-06-01,464.5000,474.7500,463.0000,473.7500,66398,473.7500
2016-06-02,473.5000,487.0000,472.7500,485.5000,92411,485.5000
2016-06-03,484.2500,498.2500,482.2500,497.2500,113652,497.2500
2016-06-06,496.0000,514.7500,496.0000,507.5000,116771,507.5000
2016-06-07,507.0000,513.5000,500.7500,509.0000,113852,509.0000
2016-06-08,507.2500,524.0000,506.0000,519.5000,138771,519.5000
2016-06-09,518.7500,519.0000,506.0000,510.2500,105867,510.2500
2016-06-10,510.2500,512.5000,494.2500,495.0000,127494,495.0000
2016-06-13,495.5000,503.2500,490.7500,491.2500,107395,491.2500
2016-06-14,491.5000,493.5000,481.2500,485.0000,105522,485.0000
2016-06-15,485.0000,489.7500,477.0000,477.5000,74692,477.5000
2016-06-16,477.5000,479.5000,471.0000,472.5000,67811,472.5000
2016-06-17,473.7500,482.5000,472.5000,481.2500,62549,481.2500
2016-06-20,480.5000,480.7500,472.2500,473.0000,58397,473.0000
2016-06-21,473.0000,476.5000,457.2500,458.5000,65922,458.5000
2016-06-22,460.0000,465.2500,458.2500,458.7500,49107,458.7500
2016-06-23,458.2500,461.5000,453.2500,454.2500,42623,454.2500
2016-06-24,454.5000,456.0000,441.7500,454.7500,44990,454.7500
2016-06-27,454.7500,460.0000,446.0000,446.7500,20891,446.7500
2016-06-28,446.2500,454.7500,442.7500,443.7500,20654,443.7500
2016-06-29,443.7500,447.2500,428.5000,429.5000,16274,429.5000
2016-06-30,429.7500,438.7500,423.0000,431.2500,2435,431.2500
2016-07-01,430.2500,431.0000,414.2500,416.2500,735,416.2500
2016-07-05,416.2500,419.5000,405.0000,419.5000,308,419.5000
2016-07-06,415.2500,418.7500,408.0000,415.7500,355,415.7500
2016-07-07,417.2500,421.2500,410.7500,412.0000,169,412.0000
2016-07-08,421.0000,424.0000,420.7500,420.7500,84,420.7500
2016-07-11,423.5000,423.7500,416.2500,416.2500,118,416.2500
2016-07-12,416.2500,424.0000,415.5000,424.0000,56,424.0000
2016-07-13,430.0000,434.0000,426.2500,426.2500,56,426.2500
2016-07-14,431.2500,431.2500,421.7500,421.7500,72305,421.7500
2016-07-15,434.0000,439.7500,424.0000,424.7500,76867,424.7500
2016-07-18,425.0000,431.7500,420.2500,429.5000,62265,429.5000
2016-07-19,427.7500,428.2500,416.2500,418.0000,53844,418.0000
2016-07-20,419.2500,423.7500,406.5000,413.0000,78390,413.0000
2016-07-21,414.0000,419.7500,408.7500,417.7500,67833,417.7500
2016-07-22,417.2500,427.0000,407.0000,425.2500,82418,425.2500
2016-07-25,425.7500,435.2500,421.0000,429.0000,89270,429.0000
2016-07-26,427.5000,429.2500,414.0000,415.0000,64182,415.0000
2016-07-27,416.7500,421.0000,414.0000,414.7500,46739,414.7500
2016-07-28,414.5000,420.0000,408.2500,410.2500,56838,410.2500
2016-07-29,411.5000,412.7500,403.5000,407.7500,61173,407.7500
2016-08-01,410.7500,415.5000,404.7500,406.0000,68357,406.0000
2016-08-02,406.0000,410.5000,399.2500,401.2500,60901,401.2500
2016-08-03,402.0000,415.0000,401.0000,410.2500,66098,410.2500
2016-08-04,410.5000,416.0000,402.5000,403.2500,54088,403.2500
2016-08-05,403.2500,418.5000,403.0000,416.0000,114185,416.0000
2016-08-08,418.5000,423.5000,411.5000,417.0000,129025,417.0000
2016-08-09,415.0000,419.2500,411.5000,417.0000,88193,417.0000
2016-08-10,416.5000,427.5000,414.5000,421.7500,90634,421.7500
2016-08-11,420.0000,424.0000,413.5000,416.2500,98818,416.2500
2016-08-12,416.0000,423.2500,406.0000,422.5000,79674,422.5000
2016-08-15,421.2500,430.0000,417.2500,422.0000,82009,422.0000
2016-08-16,420.0000,428.0000,414.5000,423.5000,69172,423.5000
2016-08-17,423.0000,428.5000,419.5000,426.0000,44740,426.0000
2016-08-18,424.5000,428.0000,420.0000,427.0000,38516,427.0000
2016-08-19,426.2500,432.5000,422.5000,427.0000,38691,427.0000
2016-08-22,427.0000,429.2500,414.0000,415.2500,39066,415.2500
2016-08-23,415.0000,415.0000,406.7500,407.7500,38969,407.7500
2016-08-24,407.7500,409.2500,402.5000,404.0000,25597,404.0000
2016-08-25,404.5000,407.7500,400.7500,401.2500,17860,401.2500
2016-08-26,401.2500,402.2500,381.0000,383.5000,35451,383.5000
2016-08-29,383.5000,384.0000,369.5000,370.5000,29038,370.5000
2016-08-30,370.0000,374.2500,361.5000,363.2500,27620,363.2500
2016-08-31,363.5000,367.0000,359.5000,361.0000,2335,361.0000
2016-09-01,363.0000,369.0000,362.5000,368.2500,712,368.2500
2016-09-02,368.2500,374.2500,367.2500,373.2500,245,373.2500
2016-09-06,371.0000,376.5000,369.7500,371.0000,55,371.0000
2016-09-07,371.7500,376.7500,371.7500,375.2500,64,375.2500
2016-09-08,375.5000,377.0000,375.5000,377.0000,18,377.0000
2016-09-09,376.7500,376.7500,376.0000,376.0000,36,376.0000
2016-09-12,382.0000,384.5000,381.5000,383.2500,29,383.2500
2016-09-13,383.0000,383.0000,374.7500,374.7500,6,374.7500
2016-09-14,376.7500,376.7500,376.7500,376.7500,57171,376.7500
2016-09-15,401.0000,406.7500,398.0000,399.5000,42993,399.5000
2016-09-16,398.0000,404.7500,393.7500,403.2500,49762,403.2500
2016-09-19,404.0000,409.0000,399.7500,404.0000,45558,404.0000
2016-09-20,402.2500,410.0000,401.5000,406.0000,43011,406.0000
2016-09-21,405.0000,409.0000,402.2500,407.7500,37396,407.7500
2016-09-22,405.2500,411.7500,404.2500,405.5000,41465,405.5000
2016-09-23,403.7500,409.5000,401.2500,404.7500,44340,404.7500
2016-09-26,401.7500,407.0000,395.2500,396.0000,55425,396.0000
2016-09-27,397.2500,405.0000,394.0000,404.0000,60932,404.0000
2016-09-28,404.5000,407.2500,401.7500,403.2500,40835,403.2500
2016-09-29,401.7500,406.7500,397.7500,399.0000,47733,399.0000
2016-09-30,398.5000,403.7500,390.0000,402.0000,90561,402.0000
2016-10-03,399.7500,401.7500,391.5000,395.5000,73010,395.5000
2016-10-04,396.5000,398.2500,392.5000,395.5000,41951,395.5000
2016-10-05,395.0000,408.5000,392.0000,405.0000,82177,405.0000
2016-10-06,407.0000,409.5000,393.5000,395.7500,82996,395.7500
2016-10-07,397.7500,401.0000,394.2500,394.7500,61770,394.7500
2016-10-11,402.7500,408.7500,401.2500,407.2500,69906,407.2500
2016-10-12,405.2500,414.0000,396.0000,396.7500,96067,396.7500
2016-10-13,396.5000,417.0000,396.5000,416.0000,108555,416.0000
2016-10-14,415.2500,428.2500,414.7500,421.0000,105412,421.0000
2016-10-17,418.2500,425.7500,416.0000,423.7500,68644,423.7500
2016-10-18,425.0000,425.5000,418.2500,420.0000,60252,420.0000
2016-10-19,420.5000,422.2500,413.0000,420.2500,61517,420.2500
2016-10-20,419.5000,422.7500,415.2500,417.0000,49984,417.0000
2016-10-21,417.0000,418.5000,413.2500,414.5000,38986,414.5000
2016-10-24,414.2500,416.7500,400.7500,402.5000,82892,402.5000
2016-10-25,403.7500,406.7500,398.7500,404.2500,61130,404.2500
2016-10-26,404.0000,414.0000,402.7500,411.5000,71491,411.5000
2016-10-27,411.5000,418.7500,411.2500,414.5000,62056,414.5000
2016-10-28,416.2500,417.5000,407.2500,408.5000,45840,408.5000
2016-10-31,411.5000,417.0000,408.7500,416.2500,69456,416.2500
2016-11-01,416.2500,418.2500,410.7500,414.2500,76666,414.2500
2016-11-02,414.5000,420.2500,412.0000,417.7500,77145,417.7500
2016-11-03,417.5000,420.0000,409.0000,412.0000,70194,412.0000
2016-11-04,414.0000,415.2500,410.2500,414.2500,46124,414.2500
2016-11-07,414.2500,415.7500,406.5000,410.0000,79192,410.0000
2016-11-08,410.5000,419.7500,408.2500,415.2500,132281,415.2500
2016-11-09,416.5000,417.7500,403.7500,406.7500,131826,406.7500
2016-11-10,409.5000,414.2500,402.0000,404.7500,105341,404.7500
2016-11-14,402.7500,403.7500,392.5000,394.0000,80273,394.0000
2016-11-15,394.0000,402.0000,392.7500,399.0000,73260,399.0000
2016-11-16,399.2500,401.0000,396.7500,397.0000,70180,397.0000
2016-11-17,397.7500,406.0000,396.5000,403.0000,60284,403.0000
2016-11-18,403.0000,410.0000,400.2500,408.0000,53488,408.0000
2016-11-21,409.0000,412.0000,404.5000,410.2500,57584,410.2500
2016-11-22,410.0000,412.2500,405.2500,407.2500,56798,407.2500
2016-11-23,407.0000,407.2500,396.2500,401.5000,64716,401.5000
2016-11-25,401.7500,403.7500,394.5000,395.7500,46044,395.7500
2016-11-28,396.2500,397.0000,388.7500,389.5000,57169,389.5000
2016-11-29,389.0000,389.0000,382.7500,384.0000,40687,384.0000
2016-11-30,384.2500,391.5000,380.0000,380.5000,4932,380.5000
2016-12-01,376.5000,379.7500,369.5000,371.5000,1549,371.5000
2016-12-02,373.0000,387.5000,371.5000,387.5000,724,387.5000
2016-12-05,389.7500,394.0000,389.2500,389.2500,379,389.2500
2016-12-06,393.0000,393.0000,388.2500,389.5000,95,389.5000
2016-12-07,389.0000,389.0000,385.0000,386.2500,257,386.2500
2016-12-08,396.5000,396.5000,389.7500,390.7500,34,390.7500
2016-12-09,395.5000,400.2500,395.5000,400.2500,10,400.2500
2016-12-12,397.7500,401.2500,397.5000,401.2500,25,401.2500
2016-12-13,400.5000,404.0000,398.0000,398.0000,34,398.0000
2016-12-14,397.2500,397.2500,391.5000,391.5000,39165,391.5000
2016-12-15,418.0000,418.2500,408.5000,409.2500,61058,409.2500
2016-12-16,407.7500,411.0000,404.5000,409.2500,47320,409.2500
2016-12-19,412.2500,413.0000,403.0000,405.0000,52115,405.0000
2016-12-20,406.0000,407.7500,400.2500,403.2500,35449,403.2500
2016-12-21,402.5000,404.5000,399.0000,399.5000,32138,399.5000
2016-12-22,399.2500,400.5000,396.5000,397.0000,37047,397.0000
2016-12-23,397.0000,398.2500,392.7500,393.5000,31852,393.5000
2016-12-27,394.5000,411.0000,394.5000,409.5000,67774,409.5000
2016-12-28,409.7500,410.0000,400.2500,401.5000,43964,401.5000
2016-12-29,402.5000,406.7500,402.5000,404.7500,29865,404.7500
2016-12-30,404.7500,409.2500,403.5000,408.0000,33934,408.0000
2017-01-03,408.7500,414.0000,405.7500,406.5000,65585,406.5000
2017-01-04,406.5000,419.0000,404.7500,418.5000,59201,418.5000
2017-01-05,418.7500,427.0000,416.2500,426.2500,86772,426.2500
2017-01-06,425.7500,428.0000,421.7500,423.2500,64726,423.2500
2017-01-09,424.7500,428.2500,421.0000,427.2500,69623,427.2500
2017-01-10,426.7500,427.2500,423.5000,426.7500,64135,426.7500
2017-01-11,426.2500,426.2500,412.0000,418.7500,109829,418.7500
2017-01-12,419.0000,430.0000,414.5000,426.2500,133095,426.2500
2017-01-13,426.2500,426.7500,419.2500,426.0000,72435,426.0000
2017-01-17,426.5000,437.5000,423.7500,433.5000,107763,433.5000
2017-01-18,433.2500,434.5000,428.2500,431.0000,67785,431.0000
2017-01-19,430.5000,430.7500,422.7500,423.5000,64375,423.5000
2017-01-20,423.5000,428.7500,421.5000,428.2500,56203,428.2500
2017-01-23,429.0000,433.7500,427.5000,433.2500,51610,433.2500
2017-01-24,433.0000,434.7500,426.0000,426.7500,57334,426.7500
2017-01-25,425.7500,428.7500,423.0000,424.5000,46225,424.5000
2017-01-26,425.2500,430.5000,421.7500,427.0000,59387,427.0000
2017-01-27,426.5000,427.5000,419.2500,420.5000,64696,420.5000
2017-01-30,417.5000,419.2500,412.7500,414.0000,59660,414.0000
2017-01-31,414.0000,421.2500,413.0000,420.7500,60231,420.7500
2017-02-01,421.0000,434.5000,417.0000,433.7500,102491,433.7500
2017-02-02,432.7500,437.7500,429.7500,434.5000,73989,434.5000
2017-02-03,434.5000,435.7500,429.2500,430.2500,58722,430.2500
2017-02-06,429.0000,432.2500,422.2500,422.5000,61389,422.5000
2017-02-07,422.5000,431.0000,419.7500,430.7500,106310,430.7500
2017-02-08,430.5000,433.2500,427.5000,432.5000,93300,432.5000
2017-02-09,430.5000,444.0000,429.5000,443.5000,150249,443.5000
2017-02-10,442.5000,450.7500,441.0000,449.0000,126174,449.0000
2017-02-13,447.7500,456.0000,444.2500,452.2500,119108,452.2500
2017-02-14,450.5000,452.0000,446.2500,449.5000,63197,449.5000
2017-02-15,449.0000,455.5000,446.2500,454.7500,53895,454.7500
2017-02-16,453.5000,464.2500,445.2500,447.7500,91910,447.7500
2017-02-17,445.5000,447.5000,440.2500,441.0000,66629,441.0000
2017-02-21,439.7500,440.7500,435.0000,436.0000,55218,436.0000
2017-02-22,436.0000,443.0000,435.2500,441.2500,49816,441.2500
2017-02-23,441.2500,444.2500,436.2500,438.0000,34394,438.0000
2017-02-24,438.2500,438.5000,430.0000,431.2500,52859,431.2500
2017-02-27,430.0000,431.0000,418.2500,418.7500,38376,418.7500
2017-02-28,420.0000,435.5000,419.5000,424.7500,7864,424.7500
2017-03-01,424.2500,435.5000,422.7500,435.5000,1611,435.5000
2017-03-02,436.7500,437.7500,432.0000,432.0000,1153,432.0000
2017-03-03,430.2500,434.2500,429.0000,433.7500,729,433.7500
2017-03-06,436.0000,441.7500,436.0000,438.2500,587,438.2500
2017-03-07,440.0000,440.0000,432.2500,436.0000,306,436.0000
2017-03-08,431.5000,431.5000,426.0000,427.5000,189,427.5000
2017-03-09,432.0000,432.5000,425.0000,426.0000,27,426.0000
2017-03-10,428.0000,428.0000,422.7500,422.7500,14,422.7500
2017-03-13,419.5000,419.5000,412.2500,412.2500,49,412.2500
2017-03-14,412.2500,413.0000,412.0000,412.0000,58513,412.0000
2017-03-15,431.0000,437.0000,430.5000,436.0000,49625,436.0000
2017-03-16,436.0000,440.7500,434.5000,436.0000,42947,436.0000
2017-03-17,434.7500,437.7500,433.0000,436.2500,31605,436.2500
2017-03-20,439.2500,442.7500,429.0000,430.2500,58040,430.2500
2017-03-21,430.5000,430.5000,423.0000,426.5000,63987,426.5000
2017-03-22,427.0000,427.2500,421.2500,422.2500,52127,422.2500
2017-03-23,421.5000,424.7500,420.0000,421.0000,48848,421.0000
2017-03-24,421.5000,426.2500,420.7500,424.7500,49583,424.7500
2017-03-27,426.0000,426.0000,418.2500,420.7500,51967,420.7500
2017-03-28,421.0000,425.7500,419.2500,424.5000,51332,424.5000
2017-03-29,424.0000,427.5000,422.5000,425.5000,54185,425.5000
2017-03-30,425.5000,426.2500,419.5000,421.0000,55136,421.0000
2017-03-31,422.0000,432.2500,416.5000,426.5000,97629,426.5000
2017-04-03,430.2500,434.0000,427.0000,427.7500,72143,427.7500
2017-04-04,426.7500,432.2500,425.7500,427.0000,59636,427.0000
2017-04-05,427.2500,430.5000,425.0000,429.7500,69263,429.7500
2017-04-06,429.0000,430.7500,421.7500,423.2500,51898,423.2500
2017-04-07,422.7500,425.2500,419.5000,424.0000,89806,424.0000
2017-04-10,423.7500,429.0000,422.5000,428.7500,83114,428.7500
2017-04-11,428.0000,434.7500,423.7500,433.2500,143518,433.2500
2017-04-12,433.7500,436.5000,431.5000,433.2500,111957,433.2500
2017-04-13,432.5000,436.0000,428.7500,429.7500,102775,429.7500
2017-04-17,430.2500,431.2500,419.7500,421.0000,67540,421.0000
2017-04-18,421.7500,423.7500,419.0000,422.5000,67014,422.5000
2017-04-19,421.5000,425.7500,417.5000,419.0000,59271,419.0000
2017-04-20,418.0000,421.7500,405.2500,406.2500,72667,406.2500
2017-04-21,406.0000,408.0000,400.0000,405.0000,77283,405.0000
2017-04-24,406.5000,408.5000,401.2500,402.5000,37648,402.5000
2017-04-25,402.7500,411.0000,398.5000,408.7500,50470,408.7500
2017-04-26,409.0000,413.7500,405.7500,407.7500,31169,407.7500
2017-04-27,407.0000,415.0000,406.0000,413.5000,25256,413.5000
2017-04-28,413.0000,418.5000,413.0000,418.5000,2487,418.5000
2017-05-01,423.7500,442.7500,423.7500,442.7500,1080,442.7500
2017-05-02,445.7500,450.7500,440.0000,441.5000,233,441.5000
2017-05-03,442.0000,443.0000,440.0000,443.0000,602,443.0000
2017-05-04,442.0000,442.0000,425.7500,426.0000,351,426.0000
2017-05-05,428.0000,428.0000,427.5000,427.5000,9,427.5000
2017-05-08,426.0000,426.0000,418.0000,418.0000,60,418.0000
2017-05-09,421.0000,423.2500,420.5000,421.7500,30,421.7500
2017-05-10,424.0000,424.0000,420.7500,424.0000,27,424.0000
2017-05-11,425.7500,434.0000,425.7500,426.0000,13,426.0000
2017-05-12,445.2500,445.2500,416.2500,425.0000,48739,425.0000
2017-05-15,430.2500,431.0000,421.5000,423.2500,67802,423.2500
2017-05-16,423.2500,426.0000,420.2500,424.2500,73173,424.2500
2017-05-17,423.0000,432.2500,421.5000,427.0000,63689,427.0000
2017-05-18,429.2500,429.2500,421.2500,425.7500,66127,425.7500
2017-05-19,425.2500,436.7500,425.2500,435.2500,54650,435.2500
2017-05-22,437.0000,442.5000,434.0000,434.2500,68282,434.2500
2017-05-23,433.5000,435.7500,428.0000,429.5000,65200,429.5000
2017-05-24,429.2500,433.0000,427.5000,432.5000,46732,432.5000
2017-05-25,431.5000,436.0000,430.2500,430.7500,43992,430.7500
2017-05-26,430.2500,439.0000,429.2500,438.2500,48908,438.2500
2017-05-30,438.5000,439.2500,426.2500,429.5000,77245,429.5000
2017-05-31,433.5000,436.2500,428.2500,429.2500,66676,429.2500
2017-06-01,429.5000,431.2500,421.2500,429.0000,73752,429.0000
2017-06-02,428.0000,434.0000,426.5000,429.5000,54076,429.5000
2017-06-05,428.7500,433.2500,425.5000,429.5000,78886,429.5000
2017-06-06,429.2500,440.7500,429.2500,435.7500,104056,435.7500
2017-06-07,438.0000,448.7500,437.5000,444.7500,128326,444.7500
2017-06-08,447.2500,455.7500,446.0000,449.2500,138856,449.2500
2017-06-09,448.7500,454.2500,443.7500,445.7500,119222,445.7500
2017-06-12,443.2500,444.0000,431.2500,434.0000,110890,434.0000
2017-06-13,437.2500,446.2500,436.7500,445.0000,101356,445.0000
2017-06-14,445.0000,452.2500,441.7500,443.0000,102300,443.0000
2017-06-15,443.0000,457.2500,437.2500,453.7500,115587,453.7500
2017-06-16,456.0000,468.5000,455.5000,465.2500,117468,465.2500
2017-06-19,463.7500,473.2500,458.5000,467.0000,111586,467.0000
2017-06-20,469.0000,474.7500,463.0000,472.5000,85159,472.5000
2017-06-21,473.5000,473.7500,463.5000,464.5000,71144,464.5000
2017-06-22,464.5000,465.2500,455.5000,461.2500,62654,461.2500
2017-06-23,464.7500,467.0000,459.0000,459.7500,58267,459.7500
2017-06-26,458.0000,460.7500,449.2500,450.0000,42687,450.0000
2017-06-27,450.0000,457.0000,449.2500,453.2500,28315,453.2500
2017-06-28,453.5000,459.2500,451.5000,457.2500,23422,457.2500
2017-06-29,457.0000,483.7500,456.2500,480.2500,30879,480.2500
2017-06-30,480.2500,511.5000,480.2500,511.0000,3794,511.0000
2017-07-03,518.2500,539.0000,518.2500,536.7500,1127,536.7500
2017-07-05,544.5000,553.5000,517.5000,539.2500,488,539.2500
2017-07-06,519.0000,528.7500,519.0000,519.0000,199,519.0000
2017-07-07,515.7500,524.0000,514.5000,515.2500,102,515.2500
2017-07-10,530.7500,531.0000,530.5000,530.5000,62,530.5000
2017-07-11,531.2500,535.5000,528.5000,535.5000,46,535.5000
2017-07-12,533.5000,534.2500,521.5000,522.5000,145,522.5000
2017-07-13,516.0000,516.0000,495.5000,495.5000,9,495.5000
2017-07-14,494.7500,494.7500,494.7500,494.7500,71746,494.7500
2017-07-17,509.5000,512.0000,502.7500,506.0000,60380,506.0000
2017-07-18,509.0000,517.7500,503.0000,503.7500,76020,503.7500
2017-07-19,504.0000,509.0000,500.0000,503.0000,71108,503.0000
2017-07-20,504.5000,508.2500,495.0000,505.7500,68993,505.7500
2017-07-21,506.5000,510.2500,497.5000,499.2500,72396,499.2500
2017-07-24,496.2500,496.5000,483.0000,488.7500,90517,488.7500
2017-07-25,494.7500,495.2500,473.2500,474.0000,93082,474.0000
2017-07-26,476.0000,481.0000,473.0000,477.7500,58005,477.7500
2017-07-27,478.2500,485.5000,477.5000,479.7500,47248,479.7500
2017-07-28,480.2500,489.2500,478.0000,481.0000,49702,481.0000
2017-07-31,478.7500,480.7500,471.5000,474.5000,54205,474.5000
2017-08-01,469.0000,478.0000,460.5000,461.2500,83058,461.2500
2017-08-02,462.0000,466.7500,455.7500,460.7500,82583,460.7500
2017-08-03,461.0000,463.7500,454.2500,457.7500,63497,457.7500
2017-08-04,457.7500,461.5000,453.5000,454.7500,56076,454.7500
2017-08-07,457.7500,464.0000,454.2500,463.5000,71287,463.5000
2017-08-08,463.7500,468.0000,454.7500,457.0000,92366,457.0000
2017-08-09,457.2500,461.5000,454.0000,459.5000,76420,459.5000
2017-08-10,459.5000,462.0000,439.2500,440.5000,103449,440.5000
2017-08-11,441.5000,444.0000,434.5000,439.2500,89532,439.2500
2017-08-14,436.5000,441.7500,431.0000,441.0000,73545,441.0000
2017-08-15,440.0000,440.2500,428.0000,429.5000,71502,429.5000
2017-08-16,429.5000,435.7500,417.0000,419.2500,72242,419.2500
2017-08-17,419.5000,422.2500,412.2500,414.0000,51298,414.0000
2017-08-18,414.0000,417.7500,412.0000,416.0000,34048,416.0000
2017-08-21,414.5000,418.7500,408.7500,409.5000,26381,409.5000
2017-08-22,410.7500,413.0000,402.0000,402.2500,33255,402.2500
2017-08-23,402.5000,408.5000,401.2500,403.2500,31826,403.2500
2017-08-24,403.2500,411.2500,400.7500,409.0000,32187,409.0000
2017-08-25,409.0000,412.7500,408.5000,409.5000,26934,409.5000
2017-08-28,406.2500,410.0000,398.7500,400.0000,25836,400.0000
2017-08-29,400.5000,404.0000,394.5000,402.7500,22855,402.7500
2017-08-30,403.0000,407.0000,400.0000,403.5000,12502,403.5000
2017-08-31,403.5000,411.0000,402.7500,410.2500,1462,410.2500
2017-09-01,410.7500,421.7500,408.7500,420.5000,610,420.5000
2017-09-05,428.2500,433.5000,428.0000,430.5000,410,430.5000
2017-09-06,425.0000,428.0000,421.0000,421.7500,148,421.7500
2017-09-07,421.0000,421.0000,412.0000,413.5000,126,413.5000
2017-09-08,415.7500,415.7500,412.5000,413.7500,48,413.7500
2017-09-11,417.7500,418.5000,412.2500,412.2500,17,412.2500
2017-09-12,415.0000,419.5000,415.0000,419.5000,18,419.5000
2017-09-13,426.0000,426.0000,420.7500,420.7500,4,420.7500
2017-09-14,428.2500,428.2500,428.2500,428.2500,64496,428.2500
2017-09-15,443.5000,450.2500,440.7500,449.0000,60896,449.0000
2017-09-18,448.5000,450.7500,442.2500,443.5000,54102,443.5000
2017-09-19,442.7500,446.7500,435.7500,443.0000,71986,443.0000
2017-09-20,443.2500,452.0000,442.7500,449.7500,62184,449.7500
2017-09-21,451.7500,454.5000,445.5000,452.5000,61678,452.5000
2017-09-22,452.5000,455.0000,448.0000,449.5000,58488,449.5000
2017-09-25,448.0000,454.7500,444.0000,454.0000,64118,454.0000
2017-09-26,453.5000,460.7500,451.5000,453.7500,70890,453.7500
2017-09-27,454.0000,462.7500,449.0000,461.5000,74383,461.5000
2017-09-28,462.0000,462.0000,454.0000,455.0000,57166,455.0000
2017-09-29,455.5000,459.0000,446.2500,448.2500,93111,448.2500
2017-10-02,446.5000,448.5000,439.5000,444.7500,75645,444.7500
2017-10-03,445.0000,450.5000,443.2500,448.0000,81890,448.0000
2017-10-04,448.7500,449.2500,441.5000,442.0000,57486,442.0000
2017-10-05,443.2500,444.0000,438.0000,440.7500,57909,440.7500
2017-10-06,440.5000,444.7500,438.7500,443.5000,47870,443.5000
2017-10-09,444.0000,445.7500,435.5000,436.0000,59165,436.0000
2017-10-10,436.7500,439.7500,434.0000,435.2500,54050,435.2500
2017-10-11,435.0000,435.5000,429.7500,433.2500,72062,433.2500
2017-10-12,432.5000,437.7500,428.0000,430.5000,74220,430.5000
2017-10-13,430.7500,440.7500,430.5000,439.5000,52240,439.5000
2017-10-16,440.0000,442.7500,435.5000,436.5000,46504,436.5000
2017-10-17,436.5000,440.7500,433.5000,434.7500,46207,434.7500
2017-10-18,434.7500,435.2500,429.0000,430.0000,47231,430.0000
2017-10-19,430.5000,436.2500,429.5000,432.7500,53114,432.7500
2017-10-20,433.0000,436.0000,425.0000,426.0000,51120,426.0000
2017-10-23,426.2500,438.2500,423.7500,436.7500,82204,436.7500
2017-10-24,438.0000,438.7500,433.0000,438.0000,47691,438.0000
2017-10-25,438.0000,443.0000,433.7500,435.5000,59314,435.5000
2017-10-26,435.5000,437.5000,431.0000,431.7500,45422,431.7500
2017-10-27,430.5000,431.2500,424.7500,427.2500,62473,427.2500
2017-10-30,427.5000,428.2500,422.5000,424.7500,49312,424.7500
2017-10-31,425.0000,426.2500,416.2500,418.5000,93958,418.5000
2017-11-01,418.7500,422.0000,416.5000,418.0000,66275,418.0000
2017-11-02,417.5000,426.7500,417.5000,426.0000,70604,426.0000
2017-11-03,427.0000,429.0000,422.2500,425.7500,68733,425.7500
2017-11-06,427.0000,431.2500,427.0000,430.7500,84448,430.7500
2017-11-07,430.2500,431.0000,424.0000,427.2500,113496,427.2500
2017-11-08,427.2500,427.5000,419.0000,426.7500,94736,426.7500
2017-11-09,425.7500,432.0000,423.7500,429.0000,155471,429.0000
2017-11-10,429.5000,434.2500,426.7500,431.5000,105996,431.5000
2017-11-13,432.0000,432.0000,422.2500,424.2500,110242,424.2500
2017-11-14,424.7500,429.5000,423.2500,428.0000,93367,428.0000
2017-11-15,427.7500,428.2500,418.0000,420.0000,76382,420.0000
2017-11-16,421.5000,424.5000,419.5000,421.5000,65598,421.5000
2017-11-17,421.5000,428.0000,421.0000,427.2500,60658,427.2500
2017-11-20,427.7500,428.0000,419.2500,422.0000,65116,422.0000
2017-11-21,421.7500,428.7500,420.2500,424.7500,62064,424.7500
2017-11-22,424.7500,426.2500,420.7500,422.7500,46591,422.7500
2017-11-24,422.0000,422.2500,412.5000,415.7500,53954,415.7500
2017-11-27,415.5000,416.0000,408.7500,409.5000,43929,409.5000
2017-11-28,410.2500,412.2500,405.2500,410.7500,40902,410.7500
2017-11-29,410.7500,417.2500,410.5000,416.5000,37717,416.5000
2017-11-30,415.2500,417.2500,407.7500,409.2500,14085,409.2500
2017-12-01,409.0000,414.7500,408.0000,414.5000,3444,414.5000
2017-12-04,416.0000,419.0000,410.2500,410.2500,945,410.2500
2017-12-05,410.2500,411.0000,405.7500,406.0000,1143,406.0000
2017-12-06,407.2500,407.2500,398.5000,398.5000,137,398.5000
2017-12-07,396.2500,397.2500,394.0000,394.2500,163,394.2500
2017-12-08,395.5000,395.5000,391.5000,392.0000,212,392.0000
2017-12-11,386.5000,387.7500,386.5000,387.7500,57,387.7500
2017-12-12,387.2500,387.2500,387.2500,387.2500,152,387.2500
2017-12-13,392.2500,392.2500,392.2500,392.2500,47,392.2500
2017-12-14,395.0000,395.0000,395.0000,395.0000,51997,395.0000
2017-12-15,418.7500,421.5000,415.0000,418.2500,49118,418.2500
2017-12-18,420.2500,423.5000,419.5000,420.5000,47968,420.5000
2017-12-19,420.5000,424.0000,419.0000,419.5000,39615,419.5000
2017-12-20,418.7500,424.5000,416.2500,423.5000,54040,423.5000
2017-12-21,424.0000,427.5000,422.5000,427.0000,44546,427.0000
2017-12-22,426.7500,429.0000,424.2500,424.7500,26982,424.7500
2017-12-26,424.0000,426.7500,420.7500,422.2500,27392,422.2500
2017-12-27,422.2500,428.2500,420.7500,428.0000,36729,428.0000
2017-12-28,427.5000,428.7500,425.2500,427.7500,31942,427.7500
2017-12-29,426.2500,428.0000,424.0000,427.0000,37219,427.0000
2018-01-02,428.2500,436.2500,428.2500,433.5000,71354,433.5000
2018-01-03,435.2500,437.0000,432.0000,436.0000,70970,436.0000
2018-01-04,435.7500,436.0000,431.0000,434.0000,58728,434.0000
2018-01-05,433.0000,433.7500,427.5000,430.7500,62551,430.7500
2018-01-08,430.2500,432.2500,425.7500,427.7500,71822,427.7500
2018-01-09,427.7500,433.7500,425.2500,432.2500,63519,432.2500
2018-01-10,432.2500,435.0000,431.5000,434.2500,62125,434.2500
2018-01-11,434.2500,434.5000,428.5000,433.2500,73166,433.2500
2018-01-12,433.2500,436.0000,418.7500,420.5000,131033,420.5000
2018-01-16,420.2500,422.7500,413.2500,416.5000,83268,416.5000
2018-01-17,416.7500,423.2500,415.5000,421.5000,53024,421.5000
2018-01-18,422.2500,425.7500,421.2500,425.2500,53107,425.2500
2018-01-19,425.2500,427.2500,421.5000,422.7500,39936,422.7500
2018-01-22,424.5000,427.5000,423.2500,425.7500,51153,425.7500
2018-01-23,423.5000,425.0000,419.7500,421.5000,57485,421.5000
2018-01-24,422.2500,433.7500,420.7500,433.0000,113542,433.0000
2018-01-25,433.0000,438.7500,429.5000,434.5000,91598,434.5000
2018-01-26,435.0000,442.5000,434.2500,441.0000,83104,441.0000
2018-01-29,443.0000,449.7500,443.0000,449.2500,109243,449.2500
2018-01-30,454.0000,458.5000,449.7500,457.2500,130214,457.2500
2018-01-31,458.5000,458.7500,447.5000,451.7500,121250,451.7500
2018-02-01,451.0000,451.5000,443.2500,451.0000,112717,451.0000
2018-02-02,449.7500,451.0000,445.0000,446.7500,69044,446.7500
2018-02-05,443.2500,445.7500,438.7500,440.2500,100967,440.2500
2018-02-06,442.0000,447.7500,438.7500,446.2500,80120,446.2500
2018-02-07,449.0000,461.7500,447.7500,460.5000,149038,460.5000
2018-02-08,461.7500,464.5000,451.2500,456.2500,133037,456.2500
2018-02-09,454.2500,456.0000,448.2500,449.0000,119895,449.0000
2018-02-12,452.0000,465.0000,451.5000,464.0000,130177,464.0000
2018-02-13,465.0000,467.2500,459.0000,460.7500,139468,460.7500
2018-02-14,458.0000,460.7500,453.7500,455.7500,92771,455.7500
2018-02-15,455.7500,463.5000,452.2500,461.7500,79652,461.7500
2018-02-16,463.5000,464.5000,456.7500,457.7500,69865,457.7500
2018-02-20,459.7500,463.2500,449.0000,449.2500,86763,449.2500
2018-02-21,450.0000,452.0000,445.5000,447.2500,76893,447.2500
2018-02-22,447.7500,452.0000,444.7500,451.2500,47639,451.2500
2018-02-23,452.0000,456.2500,451.5000,452.2500,47639,452.2500
2018-02-26,458.5000,464.0000,455.7500,459.5000,51730,459.5000
2018-02-27,462.0000,465.7500,460.2500,463.2500,32833,463.2500
2018-02-28,464.5000,487.5000,464.0000,484.5000,5720,484.5000
2018-03-01,491.2500,506.2500,482.7500,505.5000,908,505.5000
2018-03-02,506.2500,506.2500,489.0000,492.0000,496,492.0000
2018-03-05,497.0000,502.2500,493.0000,502.2500,368,502.2500
2018-03-06,498.7500,502.0000,496.7500,502.0000,195,502.0000
2018-03-07,505.0000,505.0000,493.0000,493.0000,222,493.0000
2018-03-08,495.2500,495.7500,494.7500,494.7500,115,494.7500
2018-03-09,495.0000,495.0000,486.0000,489.0000,289,489.0000
2018-03-12,486.0000,489.7500,483.5000,489.7500,62,489.7500
2018-03-13,494.5000,503.2500,485.5000,485.5000,41,485.5000
2018-03-14,485.0000,496.5000,485.0000,495.7500,64369,495.7500
2018-03-15,488.7500,493.2500,476.0000,478.7500,76230,478.7500
2018-03-16,478.7500,482.2500,467.0000,467.7500,83127,467.7500
2018-03-19,465.0000,466.0000,450.2500,450.7500,109989,450.7500
2018-03-20,452.5000,457.5000,450.0000,453.0000,92600,453.0000
2018-03-21,453.5000,454.5000,446.7500,453.5000,79013,453.5000
2018-03-22,453.5000,459.7500,451.2500,455.7500,64101,455.7500
2018-03-23,455.2500,461.7500,446.5000,460.2500,78521,460.2500
2018-03-26,462.5000,463.7500,451.2500,454.2500,65958,454.2500
2018-03-27,454.2500,457.5000,448.7500,449.0000,57977,449.0000
2018-03-28,449.5000,452.5000,444.5000,445.5000,55976,445.5000
2018-03-29,447.5000,455.7500,441.5000,451.0000,89823,451.0000
2018-04-02,454.2500,457.2500,445.7500,446.2500,67069,446.2500
2018-04-03,448.5000,463.5000,448.2500,457.5000,99826,457.5000
2018-04-04,457.0000,461.5000,447.0000,455.7500,94458,455.7500
2018-04-05,458.0000,466.0000,456.5000,464.7500,73154,464.7500
2018-04-06,461.5000,472.7500,459.2500,472.2500,76592,472.2500
2018-04-09,478.0000,493.7500,474.7500,490.7500,133935,490.7500
2018-04-10,492.0000,494.0000,481.7500,492.0000,130242,492.0000
2018-04-11,491.0000,492.0000,483.0000,487.2500,101287,487.2500
2018-04-12,483.5000,484.7500,474.7500,481.0000,80170,481.0000
2018-04-13,480.2500,481.2500,469.5000,472.5000,63766,472.5000
2018-04-16,466.5000,470.2500,461.5000,462.2500,81262,462.2500
2018-04-17,463.7500,470.7500,461.5000,466.2500,55331,466.2500
2018-04-18,466.2500,476.0000,465.5000,475.2500,51497,475.2500
2018-04-19,477.5000,480.0000,471.7500,476.7500,43868,476.7500
2018-04-20,476.2500,476.7500,462.2500,463.2500,47332,463.2500
2018-04-23,464.2500,469.0000,458.7500,461.5000,56901,461.5000
2018-04-24,461.2500,473.0000,455.5000,472.5000,29307,472.5000
2018-04-25,473.0000,488.5000,472.2500,486.2500,28837,486.2500
2018-04-26,485.2500,491.5000,476.5000,480.7500,23003,480.7500
2018-04-27,484.0000,495.7500,480.2500,495.5000,16632,495.5000
2018-04-30,500.0000,515.5000,499.7500,512.5000,2353,512.5000
2018-05-01,511.2500,529.7500,510.2500,529.7500,549,529.7500
2018-05-02,525.0000,533.2500,522.5000,525.7500,170,525.7500
2018-05-03,525.7500,540.5000,523.5000,540.5000,186,540.5000
2018-05-04,537.0000,537.0000,527.5000,527.5000,115,527.5000
2018-05-07,515.0000,515.0000,514.0000,514.0000,72,514.0000
2018-05-08,515.5000,517.7500,515.5000,517.7500,7,517.7500
2018-05-09,508.0000,514.5000,508.0000,514.5000,30,514.5000
2018-05-10,515.7500,515.7500,507.7500,507.7500,56,507.7500
2018-05-11,489.5000,489.5000,489.5000,489.5000,25,489.5000
2018-05-14,479.2500,480.5000,479.2500,480.5000,66355,480.5000
2018-05-15,490.5000,496.2500,486.2500,493.5000,74723,493.5000
2018-05-16,493.7500,498.7500,491.0000,494.2500,56225,494.2500
2018-05-17,496.0000,505.0000,495.0000,497.5000,68134,497.5000
2018-05-18,497.5000,518.7500,495.2500,518.2500,98776,518.2500
2018-05-21,523.0000,525.5000,504.2500,507.2500,101857,507.2500
2018-05-22,505.5000,530.2500,502.7500,521.5000,121340,521.5000
2018-05-23,520.7500,531.7500,517.2500,531.0000,91158,531.0000
2018-05-24,531.0000,545.2500,529.2500,530.2500,136823,530.2500
2018-05-25,530.0000,544.7500,528.2500,543.0000,86023,543.0000
2018-05-29,547.5000,554.0000,531.5000,536.5000,140350,536.5000
2018-05-30,534.7500,534.7500,516.5000,522.0000,106721,522.0000
2018-05-31,522.0000,531.7500,515.2500,526.2500,86994,526.2500
2018-06-01,524.5000,528.0000,518.2500,523.2500,84217,523.2500
2018-06-04,520.2500,521.2500,503.2500,505.2500,104589,505.2500
2018-06-05,507.0000,518.7500,506.0000,510.0000,106924,510.0000
2018-06-06,509.7500,531.2500,507.5000,519.7500,102300,519.7500
2018-06-07,522.2500,537.0000,519.2500,526.7500,121868,526.7500
2018-06-08,528.2500,533.5000,513.2500,520.0000,128275,520.0000
2018-06-11,520.0000,528.2500,511.7500,514.5000,95718,514.5000
2018-06-12,514.7500,538.2500,510.2500,534.5000,145449,534.5000
2018-06-13,535.0000,538.7500,514.5000,516.5000,123831,516.5000
2018-06-14,515.7500,517.0000,498.2500,501.5000,113599,501.5000
2018-06-15,515.7500,517.0000,487.0000,499.5000,98171,499.5000
2018-06-18,495.5000,499.0000,487.7500,490.0000,75216,490.0000
2018-06-19,489.5000,490.5000,467.5000,477.7500,102770,477.7500
2018-06-20,477.7500,490.0000,474.7500,488.2500,55871,488.2500
2018-06-21,490.7500,498.7500,482.2500,495.2500,51246,495.2500
2018-06-22,495.7500,497.5000,487.0000,491.2500,38618,491.2500
2018-06-25,490.2500,491.0000,473.7500,476.7500,28206,476.7500
2018-06-26,477.5000,481.7500,466.7500,469.5000,27495,469.5000
2018-06-27,470.0000,482.2500,468.7500,479.5000,30819,479.5000
2018-06-28,478.0000,485.2500,474.2500,479.5000,13880,479.5000
2018-06-29,479.5000,504.0000,479.5000,497.5000,2486,497.5000
2018-07-02,497.2500,505.0000,477.2500,480.2500,881,480.2500
2018-07-03,480.7500,495.0000,480.5000,491.5000,0,491.5000
2018-07-05,507.0000,508.7500,503.2500,504.0000,166,504.0000
2018-07-06,500.2500,513.2500,500.2500,512.7500,161,512.7500
2018-07-09,509.5000,509.7500,504.2500,507.7500,55,507.7500
2018-07-10,503.0000,503.0000,485.7500,489.5000,51,489.5000
2018-07-11,469.7500,469.7500,469.7500,469.7500,14,469.7500
2018-07-12,484.2500,484.2500,482.5000,482.5000,74,482.5000
2018-07-13,478.0000,481.5000,478.0000,481.5000,81163,481.5000
2018-07-16,495.2500,498.5000,486.7500,488.5000,62009,488.5000
2018-07-17,491.0000,504.2500,487.7500,497.7500,70281,497.7500
2018-07-18,498.2500,505.0000,493.7500,494.5000,54257,494.5000
2018-07-19,493.7500,505.7500,490.2500,504.2500,57474,504.2500
2018-07-20,503.5000,519.7500,503.0000,516.0000,76739,516.0000
2018-07-23,518.0000,522.5000,512.0000,513.7500,74226,513.7500
2018-07-24,511.5000,516.2500,505.2500,510.2500,66279,510.2500
2018-07-25,511.5000,545.2500,511.2500,542.7500,145913,542.7500
2018-07-26,544.7500,553.7500,532.0000,536.5000,128991,536.5000
2018-07-27,536.0000,542.0000,525.2500,530.5000,94998,530.5000
2018-07-30,533.5000,551.7500,532.7500,546.5000,72662,546.5000
2018-07-31,545.5000,565.0000,540.5000,553.7500,97008,553.7500
2018-08-01,555.2500,566.0000,550.7500,558.2500,100631,558.2500
2018-08-02,559.5000,593.0000,559.0000,560.5000,150993,560.5000
2018-08-03,563.2500,567.7500,554.0000,556.2500,78469,556.2500
2018-08-06,555.0000,576.2500,551.5000,574.5000,75848,574.5000
2018-08-07,575.2500,586.2500,564.0000,568.2500,106029,568.2500
2018-08-08,569.7500,578.0000,564.5000,570.0000,91814,570.0000
2018-08-09,570.5000,573.7500,561.7500,564.5000,87215,564.5000
2018-08-10,564.7500,574.0000,545.7500,546.7500,113918,546.7500
2018-08-13,546.5000,549.7500,530.5000,533.5000,94158,533.5000
2018-08-14,534.7500,544.2500,532.2500,541.7500,58391,541.7500
2018-08-15,541.0000,542.7500,528.2500,532.2500,70666,532.2500
2018-08-16,532.5000,547.7500,531.0000,542.2500,45520,542.2500
2018-08-17,542.2500,563.0000,535.0000,560.5000,66479,560.5000
2018-08-20,562.0000,562.7500,540.7500,542.2500,42927,542.2500
2018-08-21,544.0000,544.2500,526.2500,527.2500,38076,527.2500
2018-08-22,526.5000,533.0000,520.5000,526.0000,35802,526.0000
2018-08-23,529.0000,535.5000,515.5000,522.0000,35630,522.0000
2018-08-24,522.0000,522.0000,513.0000,514.7500,52011,514.7500
2018-08-27,513.7500,513.7500,499.0000,499.2500,23190,499.2500
2018-08-28,500.2500,504.2500,494.7500,498.2500,22072,498.2500
2018-08-29,498.0000,520.0000,496.0000,515.7500,21637,515.7500
2018-08-30,517.5000,525.0000,502.5000,508.0000,15482,508.0000
2018-08-31,509.5000,522.2500,509.5000,518.5000,0,518.5000
2018-09-04,507.2500,507.2500,491.7500,502.7500,2246,502.7500
2018-09-05,501.0000,507.5000,493.7500,493.7500,839,493.7500
2018-09-06,490.0000,492.2500,486.0000,486.0000,243,486.0000
2018-09-07,487.0000,487.2500,486.2500,486.2500,98,486.2500
2018-09-10,488.0000,504.0000,488.0000,504.0000,49,504.0000
2018-09-11,497.2500,497.2500,493.7500,493.7500,1,493.7500
2018-09-12,500.5000,503.5000,478.0000,481.7500,28,481.7500
2018-09-13,473.0000,473.0000,471.7500,471.7500,2,471.7500
2018-09-14,478.5000,480.0000,478.5000,480.0000,86639,480.0000
2018-09-17,513.5000,517.7500,505.5000,506.2500,72042,506.2500
2018-09-18,506.2500,514.2500,506.2500,510.5000,58176,510.5000
2018-09-19,511.0000,523.2500,510.5000,522.5000,59629,522.5000
2018-09-20,523.0000,525.7500,516.0000,524.0000,58421,524.0000
2018-09-21,521.0000,524.2500,515.0000,521.7500,43332,521.7500
2018-09-24,522.0000,531.2500,520.0000,527.0000,55279,527.0000
2018-09-25,525.2500,525.7500,516.2500,520.7500,62771,520.7500
2018-09-26,521.2500,527.0000,516.7500,517.5000,46386,517.5000
2018-09-27,517.7500,522.0000,511.2500,513.0000,58588,513.0000
2018-09-28,513.0000,518.0000,505.5000,509.0000,74077,509.0000
2018-10-01,510.0000,515.2500,505.5000,509.5000,69142,509.5000
2018-10-02,510.5000,524.7500,505.2500,519.2500,92439,519.2500
2018-10-03,521.2500,527.2500,514.2500,515.2500,65957,515.2500
2018-10-04,515.7500,520.7500,513.7500,518.0000,53592,518.0000
2018-10-05,518.0000,524.5000,517.2500,521.0000,49345,521.0000
2018-10-08,524.0000,525.5000,512.7500,514.0000,54161,514.0000
2018-10-09,513.5000,520.5000,511.2500,515.0000,47599,515.0000
2018-10-10,516.7500,518.0000,510.2500,510.5000,42673,510.5000
2018-10-11,510.7500,521.0000,506.5000,508.0000,71251,508.0000
2018-10-12,507.7500,519.0000,507.2500,517.2500,54233,517.2500
2018-10-15,518.5000,526.0000,514.7500,525.0000,53487,525.0000
2018-10-16,525.7500,527.0000,521.0000,523.5000,50816,523.5000
2018-10-17,524.0000,524.5000,516.0000,517.5000,39427,517.5000
2018-10-18,516.0000,519.5000,511.0000,513.0000,42084,513.0000
2018-10-19,513.0000,518.5000,510.7500,514.7500,45873,514.7500
2018-10-22,514.0000,514.2500,507.2500,508.0000,47980,508.0000
2018-10-23,508.0000,511.2500,505.2500,509.0000,47851,509.0000
2018-10-24,510.0000,510.7500,496.7500,499.5000,76184,499.5000
2018-10-25,499.7500,499.7500,485.5000,487.2500,84387,487.2500
2018-10-26,487.2500,506.7500,486.7500,505.2500,143195,505.2500
2018-10-29,510.2500,515.0000,502.7500,507.2500,66037,507.2500
2018-10-30,505.5000,507.5000,497.0000,499.7500,69051,499.7500
2018-10-31,499.7500,501.7500,490.0000,500.5000,82416,500.5000
2018-11-01,500.5000,510.0000,500.5000,508.0000,85216,508.0000
2018-11-02,507.0000,509.7500,502.7500,508.7500,56556,508.7500
2018-11-05,511.2500,512.2500,503.7500,507.2500,54254,507.2500
2018-11-06,507.2500,514.0000,505.5000,512.0000,51325,512.0000
2018-11-07,512.5000,514.2500,507.2500,510.2500,70287,510.2500
2018-11-08,509.5000,517.0000,503.2500,507.7500,110059,507.7500
2018-11-09,507.5000,508.0000,500.7500,502.0000,92760,502.0000
2018-11-12,502.5000,520.7500,501.2500,519.7500,115466,519.7500
2018-11-13,518.2500,520.7500,506.0000,507.7500,104436,507.7500
2018-11-14,507.7500,511.0000,501.0000,503.0000,80899,503.0000
2018-11-15,503.0000,509.0000,503.0000,505.5000,71987,505.5000
2018-11-16,505.2500,508.7500,502.7500,506.7500,41461,506.7500
2018-11-19,506.5000,507.2500,496.0000,498.5000,51159,498.5000
2018-11-20,497.5000,502.5000,495.5000,500.7500,39183,500.7500
2018-11-21,500.5000,504.2500,497.7500,498.7500,30005,498.7500
2018-11-23,500.7500,507.5000,499.0000,499.7500,49829,499.7500
2018-11-26,503.0000,508.0000,501.7500,507.5000,39278,507.5000
2018-11-27,506.7500,510.0000,497.5000,498.0000,27085,498.0000
2018-11-28,497.2500,501.0000,494.7500,497.5000,20279,497.5000
2018-11-29,497.7500,501.5000,492.0000,496.5000,16126,496.5000
2018-11-30,497.2500,517.7500,497.2500,515.7500,2386,515.7500
2018-12-03,524.2500,525.2500,514.0000,515.7500,2392,515.7500
2018-12-04,514.7500,520.7500,514.7500,519.2500,325,519.2500
2018-12-06,510.0000,510.0000,499.5000,505.2500,516,505.2500
2018-12-07,505.2500,519.5000,505.2500,519.5000,59,519.5000
2018-12-10,522.7500,522.7500,514.7500,514.7500,12,514.7500
2018-12-11,511.0000,511.0000,509.7500,509.7500,5,509.7500
2018-12-12,520.7500,520.7500,515.2500,515.2500,12,515.2500
2018-12-13,526.2500,527.7500,526.2500,527.7500,43,527.7500
2018-12-14,527.7500,527.7500,527.7500,527.7500,50289,527.7500
2018-12-17,531.0000,537.5000,530.0000,535.2500,37079,535.2500
2018-12-18,534.0000,536.0000,530.0000,532.7500,40246,532.7500
2018-12-19,532.7500,533.0000,521.5000,522.5000,49708,522.5000
2018-12-20,524.0000,527.7500,521.2500,523.5000,45087,523.5000
2018-12-21,522.0000,524.0000,512.2500,514.0000,62687,514.0000
2018-12-24,512.0000,518.0000,511.0000,516.5000,22528,516.5000
2018-12-26,516.0000,520.7500,509.0000,510.0000,32515,510.0000
2018-12-27,511.5000,513.0000,507.2500,510.5000,32657,510.5000
2018-12-28,511.7500,514.0000,509.5000,511.5000,25157,511.5000
2018-12-31,512.7500,513.5000,503.0000,503.2500,41278,503.2500
2019-01-02,502.5000,510.7500,501.2500,506.7500,46442,506.7500
2019-01-03,506.7500,516.0000,506.0000,513.7500,48800,513.7500
2019-01-04,513.7500,518.7500,513.0000,517.0000,44054,517.0000
2019-01-07,518.0000,518.5000,513.5000,516.7500,41549,516.7500
2019-01-08,516.5000,524.5000,513.7500,517.7500,71731,517.7500
2019-01-09,519.7500,523.7500,518.2500,520.0000,57344,520.0000
2019-01-10,519.5000,520.2500,512.0000,513.7500,59321,513.7500
2019-01-11,513.7500,523.7500,512.7500,519.5000,73285,519.5000
2019-01-14,520.0000,523.5000,513.2500,514.2500,49124,514.2500
2019-01-15,514.7500,518.2500,508.0000,511.0000,55274,511.0000
2019-01-16,511.0000,516.7500,511.0000,512.5000,43239,512.5000
2019-01-17,511.5000,522.5000,509.0000,517.7500,65567,517.7500
2019-01-18,519.7500,522.7500,515.2500,517.7500,50525,517.7500
2019-01-22,518.0000,526.0000,514.2500,521.2500,75782,521.2500
2019-01-23,522.5000,527.0000,521.7500,526.0000,45101,526.0000
2019-01-24,527.0000,529.0000,521.0000,521.5000,50940,521.5000
2019-01-25,520.5000,523.0000,516.7500,520.0000,51098,520.0000
2019-01-28,520.7500,523.5000,516.0000,518.7500,44012,518.7500
2019-01-29,517.7500,522.0000,510.7500,513.2500,77727,513.2500
2019-01-30,513.2500,518.0000,511.7500,516.7500,46572,516.7500
2019-01-31,517.7500,520.0000,513.5000,516.5000,56309,516.5000
2019-02-01,515.7500,526.5000,515.2500,524.2500,83420,524.2500
2019-02-04,524.7500,529.0000,521.2500,525.7500,74705,525.7500
2019-02-05,525.2500,528.2500,520.5000,527.2500,73338,527.2500
2019-02-06,527.0000,531.2500,524.2500,526.0000,73137,526.0000
2019-02-07,525.2500,525.2500,512.5000,513.2500,112345,513.2500
2019-02-08,514.7500,522.2500,513.5000,517.2500,112341,517.2500
2019-02-11,517.2500,519.0000,512.0000,518.2500,85556,518.2500
2019-02-12,518.5000,520.7500,514.5000,520.0000,82836,520.0000
2019-02-13,519.7500,524.0000,518.7500,522.2500,74961,522.2500
2019-02-14,521.5000,522.5000,506.0000,507.0000,103160,507.0000
2019-02-15,507.7500,508.7500,499.2500,504.2500,79764,504.2500
2019-02-19,502.5000,505.2500,488.5000,489.7500,74208,489.7500
2019-02-20,490.0000,493.5000,475.7500,480.7500,78091,480.7500
2019-02-21,480.5000,491.5000,480.2500,486.5000,49588,486.5000
2019-02-22,488.5000,493.0000,484.5000,486.7500,50629,486.7500
2019-02-25,489.7500,490.0000,466.2500,466.7500,45912,466.7500
2019-02-26,467.0000,468.0000,456.2500,460.2500,35046,460.2500
2019-02-27,460.2500,467.7500,458.2500,461.0000,15757,461.0000
2019-02-28,460.2500,460.5000,452.2500,452.5000,4222,452.5000
2019-03-01,452.5000,457.7500,440.5000,454.0000,2211,454.0000
2019-03-04,454.7500,454.7500,446.0000,446.7500,883,446.7500
2019-03-05,446.0000,454.2500,446.0000,454.2500,328,454.2500
2019-03-06,449.2500,450.5000,440.5000,440.5000,151,440.5000
2019-03-07,435.2500,437.2500,431.5000,431.5000,69,431.5000
2019-03-08,435.5000,437.0000,432.7500,432.7500,31,432.7500
2019-03-11,430.2500,430.2500,422.2500,422.2500,32,422.2500
2019-03-12,424.0000,446.2500,424.0000,446.2500,19,446.2500
2019-03-13,439.7500,441.5000,439.7500,440.2500,10,440.2500
2019-03-14,448.2500,448.2500,448.2500,448.2500,82961,448.2500
2019-03-15,452.5000,463.0000,448.5000,462.2500,67723,462.2500
2019-03-18,463.2500,464.0000,454.5000,456.7500,58389,456.7500
2019-03-19,458.5000,462.5000,453.7500,456.5000,53498,456.5000
2019-03-20,456.7500,465.0000,454.7500,464.7500,53591,464.7500
2019-03-21,464.5000,467.5000,458.0000,466.5000,62807,466.5000
2019-03-22,465.5000,473.7500,463.7500,466.0000,73007,466.0000
2019-03-25,466.5000,471.7500,463.0000,469.5000,59710,469.5000
2019-03-26,470.0000,478.0000,467.0000,469.2500,83738,469.2500
2019-03-27,470.0000,471.7500,466.5000,469.5000,61160,469.5000
2019-03-28,468.5000,469.2500,459.5000,464.5000,49566,464.5000
2019-03-29,463.7500,464.7500,452.5000,457.7500,72175,457.7500
2019-04-01,459.5000,468.2500,456.0000,462.7500,61267,462.7500
2019-04-02,463.5000,465.7500,456.0000,464.0000,48157,464.0000
2019-04-03,463.0000,472.7500,463.0000,471.0000,61886,471.0000
2019-04-04,471.0000,477.5000,468.0000,470.7500,70274,470.7500
2019-04-05,469.0000,469.5000,464.2500,467.7500,89210,467.7500
2019-04-08,467.2500,471.0000,461.7500,465.2500,83285,465.2500
2019-04-09,462.0000,462.5000,456.2500,459.5000,89059,459.5000
2019-04-10,459.0000,461.7500,455.5000,458.0000,65278,458.0000
2019-04-11,457.0000,462.5000,456.7500,460.5000,78538,460.5000
2019-04-12,462.0000,465.2500,457.5000,464.5000,64972,464.5000
2019-04-15,463.7500,464.0000,457.7500,459.5000,79730,459.5000
2019-04-16,458.7500,460.2500,442.2500,445.0000,90378,445.0000
2019-04-17,446.5000,450.0000,444.7500,447.0000,42630,447.0000
2019-04-18,447.2500,448.2500,439.2500,444.2500,44044,444.2500
2019-04-22,444.2500,444.2500,435.2500,435.7500,39274,435.7500
2019-04-23,435.2500,441.2500,433.0000,438.7500,47314,438.7500
2019-04-24,438.0000,439.5000,429.7500,432.2500,37323,432.2500
2019-04-25,430.7500,437.5000,428.2500,434.7500,37526,434.7500
2019-04-26,433.5000,439.0000,433.2500,435.0000,31927,435.0000
2019-04-29,436.2500,439.7500,425.0000,426.7500,31183,426.7500
2019-04-30,424.0000,426.0000,416.2500,418.5000,5053,418.5000
2019-05-01,420.0000,426.2500,420.0000,425.0000,849,425.0000
2019-05-02,428.5000,438.2500,428.2500,433.2500,277,433.2500
2019-05-03,427.5000,428.0000,427.0000,428.0000,113,428.0000
2019-05-06,424.7500,428.0000,424.7500,428.0000,33,428.0000
2019-05-07,422.7500,432.0000,422.7500,430.5000,88,430.5000
2019-05-08,430.0000,431.2500,430.0000,431.2500,48,431.2500
2019-05-09,425.5000,425.5000,421.7500,421.7500,18,421.7500
2019-05-10,420.5000,420.5000,419.0000,419.0000,197,419.0000
2019-05-13,422.7500,431.2500,422.7500,431.2500,237,431.2500
2019-05-14,439.2500,439.2500,439.2500,439.2500,66451,439.2500
2019-05-15,451.5000,464.0000,447.0000,448.7500,85023,448.7500
2019-05-16,446.2500,468.5000,446.2500,467.0000,75268,467.0000
2019-05-17,469.0000,473.2500,462.5000,465.0000,74170,465.0000
2019-05-20,469.7500,484.0000,468.0000,478.2500,86583,478.2500
2019-05-21,486.2500,492.7500,474.0000,478.7500,99488,478.7500
2019-05-22,475.7500,481.0000,468.5000,472.7500,65945,472.7500
2019-05-23,473.0000,485.5000,466.2500,470.2500,78862,470.2500
2019-05-24,469.7500,490.7500,467.2500,489.5000,74194,489.5000
2019-05-28,495.0000,509.2500,494.5000,504.7500,107854,504.7500
2019-05-29,515.0000,521.7500,487.5000,490.5000,126551,490.5000
2019-05-30,488.7500,515.0000,482.0000,514.5000,101106,514.5000
2019-05-31,514.5000,520.0000,500.7500,503.0000,107970,503.0000
2019-06-03,505.7500,522.7500,503.0000,519.7500,92329,519.7500
2019-06-04,526.0000,529.0000,501.2500,507.2500,116942,507.2500
2019-06-05,507.0000,508.5000,488.5000,490.7500,95346,490.7500
2019-06-06,492.0000,514.0000,487.7500,510.0000,126522,510.0000
2019-06-07,511.0000,512.7500,502.0000,504.5000,95648,504.5000
2019-06-10,505.2500,508.5000,493.2500,507.5000,70587,507.5000
2019-06-11,504.0000,518.7500,500.2500,518.0000,93396,518.0000
2019-06-12,519.7500,528.0000,513.0000,526.2500,98892,526.2500
2019-06-13,526.0000,536.5000,524.7500,535.5000,80265,535.5000
2019-06-14,535.5000,544.0000,530.7500,538.5000,80190,538.5000
2019-06-17,540.2500,549.2500,537.5000,539.5000,66171,539.5000
2019-06-18,539.7500,541.0000,525.2500,531.5000,62463,531.5000
2019-06-19,530.2500,531.0000,514.2500,522.2500,73042,522.2500
2019-06-20,520.7500,529.0000,515.5000,526.5000,43107,526.5000
2019-06-21,527.5000,529.7500,523.0000,526.0000,43124,526.0000
2019-06-24,526.0000,540.0000,522.2500,538.0000,35347,538.0000
2019-06-25,540.2500,545.5000,534.0000,535.7500,35004,535.7500
2019-06-26,535.5000,545.2500,532.2500,543.7500,38785,543.7500
2019-06-27,545.2500,555.2500,541.2500,547.5000,19412,547.5000
2019-06-28,547.7500,558.0000,525.7500,528.0000,2991,528.0000
2019-07-01,532.0000,532.0000,511.7500,514.0000,857,514.0000
2019-07-02,514.0000,514.7500,502.0000,503.5000,623,503.5000
2019-07-03,504.0000,518.5000,503.7500,518.0000,868,518.0000
2019-07-05,511.5000,520.5000,511.5000,519.2500,458,519.2500
2019-07-08,520.0000,521.5000,513.0000,516.7500,187,516.7500
2019-07-09,513.7500,513.7500,508.5000,509.7500,146,509.7500
2019-07-10,506.0000,512.5000,506.0000,511.7500,135,511.7500
2019-07-11,514.2500,536.2500,514.2500,536.2500,70,536.2500
2019-07-12,535.0000,538.5000,535.0000,536.2500,60976,536.2500
2019-07-15,524.2500,531.5000,506.0000,507.7500,68193,507.7500
2019-07-16,507.7500,510.0000,501.0000,507.5000,51260,507.5000
2019-07-17,507.2500,514.0000,502.0000,505.5000,40000,505.5000
2019-07-18,504.0000,505.2500,493.0000,493.5000,59023,493.5000
2019-07-19,494.7500,516.7500,492.5000,502.5000,67722,502.5000
2019-07-22,505.2500,505.2500,487.0000,487.2500,69561,487.2500
2019-07-23,487.7500,493.5000,483.2500,487.2500,57807,487.2500
2019-07-24,487.2500,498.7500,487.2500,497.7500,61740,497.7500
2019-07-25,497.7500,507.5000,492.2500,499.5000,66902,499.5000
2019-07-26,499.5000,500.2500,493.5000,496.0000,41871,496.0000
2019-07-29,495.2500,507.2500,492.5000,503.5000,63097,503.5000
2019-07-30,502.2500,503.2500,495.0000,497.2500,47667,497.2500
2019-07-31,497.5000,500.5000,484.5000,487.2500,64057,487.2500
2019-08-01,486.7500,488.5000,471.7500,475.7500,79618,475.7500
2019-08-02,479.2500,491.5000,476.0000,490.7500,76637,490.7500
2019-08-05,490.2500,495.0000,479.2500,494.5000,70664,494.5000
2019-08-06,493.0000,495.7500,482.7500,484.0000,58659,484.0000
2019-08-07,484.0000,490.2500,477.5000,488.2500,69547,488.2500
2019-08-08,489.5000,502.7500,486.0000,498.5000,93527,498.5000
2019-08-09,498.2500,505.2500,496.0000,499.5000,80313,499.5000
2019-08-12,500.0000,502.0000,466.5000,471.7500,101997,471.7500
2019-08-13,471.0000,478.7500,465.5000,472.0000,80015,472.0000
2019-08-14,474.7500,480.0000,471.2500,473.7500,54940,473.7500
2019-08-15,475.7500,477.2500,468.5000,469.0000,50555,469.0000
2019-08-16,470.2500,473.0000,467.2500,470.7500,43363,470.7500
2019-08-19,469.0000,470.5000,464.0000,465.5000,37684,465.5000
2019-08-20,464.5000,468.7500,456.7500,460.0000,36772,460.0000
2019-08-21,460.0000,463.0000,456.0000,462.5000,29725,462.5000
2019-08-22,462.7500,470.5000,460.7500,467.2500,28824,467.2500
2019-08-23,466.7500,475.7500,461.2500,475.2500,50829,475.2500
2019-08-26,474.0000,480.0000,470.7500,473.0000,26104,473.0000
2019-08-27,472.7500,477.5000,470.7500,473.7500,22703,473.7500
2019-08-28,473.7500,475.0000,465.7500,472.2500,15975,472.2500
2019-08-29,472.2500,473.7500,468.5000,469.7500,11219,469.7500
2019-08-30,467.5000,467.5000,450.0000,451.2500,4867,451.2500
2019-09-03,451.5000,451.5000,443.5000,447.2500,714,447.2500
2019-09-04,450.5000,459.0000,448.5000,456.2500,354,456.2500
2019-09-05,462.2500,465.7500,462.0000,464.0000,91,464.0000
2019-09-06,458.5000,461.0000,458.5000,460.2500,9,460.2500
2019-09-09,458.5000,475.0000,458.5000,474.5000,60,474.5000
2019-09-10,476.7500,485.5000,468.0000,484.5000,99,484.5000
2019-09-11,489.0000,489.0000,477.5000,477.5000,26,477.5000
2019-09-12,484.2500,489.0000,482.0000,485.7500,12,485.7500
2019-09-13,485.7500,485.7500,485.7500,485.7500,51154,485.7500
2019-09-16,488.0000,490.0000,482.2500,488.7500,48636,488.7500
2019-09-17,487.7500,487.7500,480.7500,484.2500,49217,484.2500
2019-09-18,484.2500,492.5000,481.7500,489.5000,49975,489.5000
2019-09-19,489.2500,492.0000,484.5000,488.0000,49573,488.0000
2019-09-20,486.5000,491.2500,483.5000,484.2500,39951,484.2500
2019-09-23,485.0000,487.5000,481.2500,483.0000,28538,483.0000
2019-09-24,481.7500,484.2500,477.5000,481.7500,38227,481.7500
2019-09-25,481.0000,482.2500,476.2500,477.2500,34840,477.2500
2019-09-26,477.0000,486.7500,476.7500,484.2500,47412,484.2500
2019-09-27,486.0000,490.5000,482.5000,487.2500,36017,487.2500
2019-09-30,488.0000,501.0000,483.2500,495.7500,78104,495.7500
2019-10-01,496.5000,499.2500,489.7500,498.7500,59419,498.7500
2019-10-02,496.5000,499.0000,485.2500,489.0000,55278,489.0000
2019-10-03,488.0000,493.0000,485.7500,488.7500,31835,488.7500
2019-10-04,489.2500,492.2500,486.5000,490.5000,28757,490.5000
2019-10-07,492.0000,494.5000,488.5000,489.2500,35058,489.2500
2019-10-08,489.7500,502.2500,486.7500,500.2500,58655,500.2500
2019-10-09,500.5000,504.5000,497.2500,500.2500,46017,500.2500
2019-10-10,499.5000,504.2500,487.5000,493.0000,68283,493.0000
2019-10-11,491.7500,512.7500,491.2500,508.0000,84743,508.0000
2019-10-14,513.0000,515.0000,506.7500,511.0000,52203,511.0000
2019-10-15,510.0000,511.2500,504.2500,507.0000,38047,507.0000
2019-10-16,505.7500,514.2500,504.5000,513.2500,48997,513.2500
2019-10-17,514.2500,527.0000,512.7500,525.5000,66632,525.5000
2019-10-18,526.0000,532.7500,521.0000,532.2500,56244,532.2500
2019-10-21,532.0000,535.0000,522.7500,523.5000,53543,523.5000
2019-10-22,523.0000,532.2500,517.2500,518.0000,52259,518.0000
2019-10-23,518.0000,523.7500,515.7500,520.7500,42796,520.7500
2019-10-24,522.5000,523.7500,515.5000,516.0000,36210,516.0000
2019-10-25,517.2500,522.0000,514.5000,517.7500,40230,517.7500
2019-10-28,518.0000,518.5000,510.0000,511.7500,50217,511.7500
2019-10-29,513.0000,516.0000,508.2500,511.5000,51562,511.5000
2019-10-30,511.2500,514.0000,507.0000,509.2500,35336,509.2500
2019-10-31,510.0000,512.2500,501.0000,508.7500,63621,508.7500
2019-11-01,508.7500,516.5000,506.7500,516.0000,53598,516.0000
2019-11-04,514.2500,515.2500,508.0000,509.7500,39525,509.7500
2019-11-05,511.0000,516.0000,509.0000,515.2500,51553,515.2500
2019-11-06,515.5000,521.7500,513.5000,516.7500,62209,516.7500
2019-11-07,517.5000,519.7500,511.0000,512.5000,71045,512.5000
2019-11-08,512.5000,517.7500,505.5000,510.2500,79538,510.2500
2019-11-11,508.0000,510.5000,503.7500,505.7500,78285,505.7500
2019-11-12,506.2500,517.2500,505.2500,517.0000,78046,517.0000
2019-11-13,516.5000,516.7500,506.5000,509.0000,72652,509.0000
2019-11-14,508.7500,512.0000,505.5000,507.7500,53537,507.7500
2019-11-15,507.7500,508.5000,501.5000,502.7500,50343,502.7500
2019-11-18,503.2500,510.7500,498.5000,507.2500,59866,507.2500
2019-11-19,506.2500,515.2500,506.0000,512.0000,69373,512.0000
2019-11-20,512.0000,515.7500,508.0000,515.5000,38138,515.5000
2019-11-21,515.0000,519.5000,508.2500,509.0000,35378,509.0000
2019-11-22,509.2500,518.5000,508.2500,515.2500,46923,515.2500
2019-11-25,515.0000,532.5000,515.0000,531.0000,44721,531.0000
2019-11-26,530.7500,531.7500,525.5000,530.2500,28006,530.2500
2019-11-27,530.0000,533.0000,525.7500,528.5000,19195,528.5000
2019-11-29,532.5000,550.5000,532.5000,547.5000,3358,547.5000
2019-12-02,549.5000,549.7500,542.7500,543.2500,780,543.2500
2019-12-03,545.7500,548.0000,530.5000,530.5000,923,530.5000
2019-12-04,531.0000,535.5000,531.0000,535.0000,345,535.0000
2019-12-05,535.2500,537.5000,531.7500,532.0000,397,532.0000
2019-12-06,532.7500,532.7500,529.0000,532.5000,359,532.5000
2019-12-09,532.5000,533.2500,531.0000,532.0000,166,532.0000
2019-12-10,532.2500,537.5000,529.7500,534.7500,290,534.7500
2019-12-11,534.5000,534.5000,528.0000,530.7500,136,530.7500
2019-12-12,529.7500,544.0000,528.7500,539.2500,61,539.2500
2019-12-13,539.2500,539.2500,539.2500,539.2500,65491,539.2500
2019-12-16,534.7500,556.7500,534.7500,549.7500,95740,549.7500
2019-12-17,553.2500,557.2500,545.0000,556.2500,68511,556.2500
2019-12-18,553.2500,555.0000,545.2500,548.2500,56331,548.2500
2019-12-19,547.5000,553.5000,544.0000,545.2500,39716,545.2500
2019-12-20,545.2500,549.0000,538.7500,542.2500,44101,542.2500
2019-12-23,543.0000,547.0000,538.7500,539.5000,33261,539.5000
2019-12-24,539.5000,545.0000,538.5000,541.0000,21559,541.0000
2019-12-26,540.7500,552.0000,540.2500,549.0000,30244,549.0000
2019-12-27,549.7500,561.0000,549.2500,556.2500,52110,556.2500
2019-12-30,560.0000,564.5000,551.5000,556.0000,42485,556.0000
2019-12-31,555.0000,559.7500,553.0000,558.7500,38466,558.7500
2020-01-02,559.5000,567.5000,558.2500,560.2500,49931,560.2500
2020-01-03,560.7500,562.0000,551.7500,554.5000,44180,554.5000
2020-01-06,552.5000,555.2500,546.7500,550.0000,47904,550.0000
2020-01-07,549.5000,551.0000,545.5000,550.2500,41346,550.2500
2020-01-08,549.5000,555.7500,545.2500,552.7500,51322,552.7500
2020-01-09,553.7500,564.0000,552.7500,562.2500,66455,562.2500
2020-01-10,562.7500,568.5000,555.7500,564.5000,92633,564.5000
2020-01-13,565.2500,565.7500,558.5000,562.2500,51064,562.2500
2020-01-14,562.2500,573.0000,559.2500,568.5000,69294,568.5000
2020-01-15,569.0000,578.7500,568.2500,573.2500,78783,573.2500
2020-01-16,573.5000,573.5000,560.0000,565.2500,58192,565.2500
2020-01-17,565.5000,572.5000,564.2500,570.5000,54666,570.5000
2020-01-21,572.5000,582.7500,566.7500,581.5000,69900,581.5000
2020-01-22,581.5000,592.5000,574.5000,577.7500,84471,577.7500
2020-01-23,577.7500,583.0000,575.2500,580.5000,55850,580.5000
2020-01-24,581.7500,581.7500,569.5000,573.5000,58501,573.5000
2020-01-27,567.7500,573.2500,559.5000,572.2500,78994,572.2500
2020-01-28,573.0000,576.5000,565.5000,569.7500,56857,569.7500
2020-01-29,571.0000,573.2500,561.0000,562.2500,55030,562.2500
2020-01-30,562.5000,562.5000,550.7500,560.5000,77794,560.5000
2020-01-31,562.5000,566.0000,552.7500,553.7500,63922,553.7500
2020-02-03,551.2500,558.0000,546.5000,555.5000,83000,555.5000
2020-02-04,554.2500,564.2500,553.5000,557.2500,69486,557.2500
2020-02-05,559.2500,563.7500,555.5000,562.0000,52869,562.0000
2020-02-06,563.7500,565.5000,555.7500,556.2500,51963,556.2500
2020-02-07,557.0000,563.0000,553.2500,558.7500,64891,558.7500
2020-02-10,558.7500,560.7500,551.0000,552.0000,100463,552.0000
2020-02-11,551.5000,551.7500,539.0000,542.0000,166632,542.0000
2020-02-12,541.0000,549.0000,538.2500,547.5000,91895,547.5000
2020-02-13,548.5000,550.5000,540.7500,544.2500,85047,544.2500
2020-02-14,544.7500,549.5000,542.0000,542.7500,63124,542.7500
2020-02-18,549.2500,570.7500,548.0000,566.7500,123526,566.7500
2020-02-19,563.0000,565.7500,553.0000,565.2500,68274,565.2500
2020-02-20,565.2500,567.5000,558.2500,560.0000,55426,560.0000
2020-02-21,559.7500,569.0000,550.5000,551.0000,81105,551.0000
2020-02-24,550.2500,550.5000,534.0000,536.2500,53342,536.2500
2020-02-25,539.0000,541.2500,530.7500,539.0000,29431,539.0000
2020-02-26,539.2500,542.7500,534.7500,540.2500,19746,540.2500
2020-02-27,538.7500,539.2500,528.2500,529.2500,20812,529.2500
2020-02-28,531.0000,531.2500,515.5000,529.0000,2192,529.0000
2020-03-02,523.5000,526.2500,521.5000,526.2500,672,526.2500
2020-03-03,523.0000,534.5000,523.0000,528.7500,301,528.7500
2020-03-04,528.0000,528.0000,521.2500,521.5000,213,521.5000
2020-03-05,521.2500,528.5000,518.5000,524.2500,109,524.2500
2020-03-06,520.0000,522.7500,516.2500,521.2500,29,521.2500
2020-03-09,516.0000,524.0000,513.5000,522.2500,122,522.2500
2020-03-10,524.2500,526.7500,519.2500,526.7500,61,526.7500
2020-03-11,527.2500,527.5000,517.2500,517.2500,29,517.2500
2020-03-12,506.7500,508.7500,506.7500,508.2500,24,508.2500
2020-03-13,509.7500,514.7500,506.5000,514.7500,69365,514.7500
2020-03-16,503.0000,507.2500,491.7500,498.0000,78982,498.0000
2020-03-17,496.2500,506.5000,494.5000,499.2500,65543,499.2500
2020-03-18,500.7500,512.0000,494.5000,508.2500,68778,508.2500
2020-03-19,508.5000,540.5000,508.5000,535.0000,103082,535.0000
2020-03-20,534.5000,547.0000,533.0000,539.2500,71442,539.2500
2020-03-23,539.5000,563.2500,537.2500,562.5000,86808,562.5000
2020-03-24,560.5000,562.5000,549.7500,561.5000,67261,561.5000
2020-03-25,560.0000,583.2500,556.7500,580.0000,97558,580.0000
2020-03-26,579.5000,583.0000,564.5000,569.0000,76661,569.0000
2020-03-27,569.5000,587.0000,563.5000,571.2500,87575,571.2500
2020-03-30,572.2500,580.7500,562.7500,569.5000,59620,569.5000
2020-03-31,569.7500,575.2500,564.2500,568.7500,66203,568.7500
2020-04-01,567.2500,571.7500,546.5000,550.2500,67309,550.2500
2020-04-02,550.2500,553.2500,538.2500,541.7500,46926,541.7500
2020-04-03,541.7500,556.5000,541.5000,549.2500,44941,549.2500
2020-04-06,550.0000,561.7500,549.7500,555.7500,44545,555.7500
2020-04-07,555.2500,555.7500,545.2500,549.2500,67148,549.2500
2020-04-08,551.0000,554.5000,545.0000,548.2500,57533,548.2500
2020-04-09,549.2500,558.7500,546.7500,556.5000,63609,556.5000
2020-04-13,560.7500,564.5000,552.5000,555.0000,53253,555.0000
2020-04-14,555.7500,556.7500,546.0000,548.7500,53925,548.7500
2020-04-15,546.5000,548.7500,529.7500,540.2500,67687,540.2500
2020-04-16,538.7500,545.2500,528.0000,529.7500,31461,529.7500
2020-04-17,528.5000,536.0000,524.5000,533.5000,23903,533.5000
2020-04-20,536.0000,562.0000,535.2500,548.7500,40953,548.7500
2020-04-21,551.5000,557.0000,541.7500,546.7500,18717,546.7500
2020-04-22,547.7500,549.7500,538.0000,543.0000,18840,543.0000
2020-04-23,542.0000,551.5000,538.5000,547.0000,22944,547.0000
2020-04-24,549.2500,550.7500,526.0000,526.7500,44703,526.7500
2020-04-27,529.5000,530.0000,518.2500,521.0000,12033,521.0000
2020-04-28,523.0000,528.0000,517.2500,526.7500,9158,526.7500
2020-04-29,525.0000,525.0000,512.7500,519.5000,5247,519.5000
2020-04-30,517.0000,529.7500,511.0000,529.7500,894,529.7500
2020-05-01,528.7500,528.7500,520.5000,521.5000,119,521.5000
2020-05-04,516.0000,526.7500,516.0000,524.2500,35,524.2500
2020-05-05,519.0000,527.0000,519.0000,525.5000,28,525.5000
2020-05-06,521.2500,524.7500,521.2500,524.7500,80,524.7500
2020-05-07,531.0000,531.0000,529.0000,529.0000,38,529.0000
2020-05-08,529.5000,533.0000,529.5000,529.5000,24,529.5000
2020-05-11,537.7500,537.7500,524.7500,524.7500,6,524.7500
2020-05-12,521.7500,521.7500,521.7500,521.7500,8,521.7500
2020-05-13,510.5000,510.5000,510.5000,510.5000,15,510.5000
2020-05-14,510.5000,510.5000,510.5000,510.5000,44141,510.5000
2020-05-15,502.5000,508.0000,497.5000,500.2500,49768,500.2500
2020-05-18,501.5000,502.7500,493.7500,497.0000,42218,497.0000
2020-05-19,496.7500,501.5000,496.2500,498.7500,43782,498.7500
2020-05-20,499.5000,517.7500,496.0000,513.7500,87800,513.7500
2020-05-21,515.0000,524.0000,512.0000,516.0000,75219,516.0000
2020-05-22,515.0000,516.2500,503.2500,508.7500,59252,508.7500
2020-05-26,504.2500,512.2500,504.2500,506.7500,48956,506.7500
2020-05-27,507.7500,511.7500,501.2500,504.5000,41180,504.5000
2020-05-28,505.2500,518.7500,503.7500,514.5000,64133,514.5000
2020-05-29,513.5000,522.2500,511.7500,520.7500,56405,520.7500
2020-06-01,520.0000,520.7500,511.5000,515.2500,62138,515.2500
2020-06-02,517.0000,517.2500,506.7500,508.0000,76980,508.0000
2020-06-03,509.7500,515.5000,506.5000,512.0000,70048,512.0000
2020-06-04,512.2500,529.0000,512.0000,523.7500,76243,523.7500
2020-06-05,526.7500,527.7500,513.2500,515.2500,100263,515.2500
2020-06-08,517.0000,517.7500,508.5000,511.5000,89831,511.5000
2020-06-09,512.0000,514.0000,500.7500,504.5000,105093,504.5000
2020-06-10,505.0000,509.2500,502.5000,506.2500,77126,506.2500
2020-06-11,508.7500,509.0000,498.5000,499.2500,90884,499.2500
2020-06-12,499.0000,504.7500,495.2500,502.0000,71166,502.0000
2020-06-15,499.7500,505.5000,497.5000,504.7500,51218,504.7500
2020-06-16,506.5000,507.2500,491.0000,496.0000,67274,496.0000
2020-06-17,494.5000,495.7500,487.2500,488.7500,60132,488.7500
2020-06-18,488.5000,492.0000,480.5000,483.5000,51883,483.5000
2020-06-19,482.7500,485.5000,476.0000,481.2500,58288,481.2500
2020-06-22,480.5000,486.0000,477.7500,485.0000,35478,485.0000
2020-06-23,485.2500,488.7500,479.2500,486.0000,38396,486.0000
2020-06-24,486.7500,488.0000,480.0000,481.2500,22216,481.2500
2020-06-25,480.0000,489.2500,478.7500,486.7500,46252,486.7500
2020-06-26,486.5000,487.0000,468.2500,474.0000,64057,474.0000
2020-06-29,473.5000,488.7500,473.0000,485.5000,16749,485.5000
2020-06-30,483.7500,495.5000,478.5000,490.0000,2721,490.0000
2020-07-01,489.7500,498.7500,489.7500,498.7500,718,498.7500
2020-07-02,498.2500,499.0000,486.5000,490.0000,291,490.0000
2020-07-06,489.0000,489.5000,485.7500,489.5000,76,489.5000
2020-07-07,492.7500,495.0000,491.5000,492.2500,99,492.2500
2020-07-08,517.5000,517.5000,517.5000,517.5000,84,517.5000
2020-07-09,530.0000,537.7500,520.7500,526.2500,15,526.2500
2020-07-10,536.7500,543.0000,535.7500,535.7500,18,535.7500
2020-07-13,536.0000,536.0000,524.7500,524.7500,60,524.7500
2020-07-14,524.7500,524.7500,524.7500,524.7500,59738,524.7500
2020-07-15,527.0000,551.7500,526.7500,550.7500,97654,550.7500
2020-07-16,550.0000,551.5000,534.0000,535.2500,96898,535.2500
2020-07-17,535.7500,540.0000,530.7500,534.7500,52664,534.7500
2020-07-20,535.0000,535.2500,517.0000,522.0000,84615,522.0000
2020-07-21,520.5000,531.5000,518.5000,527.7500,62298,527.7500
2020-07-22,525.7500,540.2500,523.7500,534.5000,59562,534.5000
2020-07-23,534.7500,536.0000,527.0000,529.5000,46720,529.5000
2020-07-24,530.7500,544.0000,530.0000,539.5000,63634,539.5000
2020-07-27,538.7500,539.0000,526.2500,527.7500,47270,527.7500
2020-07-28,526.5000,529.7500,519.2500,523.5000,51347,523.5000
2020-07-29,523.5000,533.2500,523.5000,532.7500,42240,532.7500
2020-07-30,531.7500,534.5000,525.0000,529.5000,47622,529.5000
2020-07-31,528.5000,535.2500,528.5000,531.2500,48266,531.2500
2020-08-03,527.0000,528.2500,517.0000,521.0000,71428,521.0000
2020-08-04,521.0000,521.2500,507.7500,508.2500,82315,508.2500
2020-08-05,508.2500,512.7500,506.0000,510.7500,67342,510.7500
2020-08-06,510.7500,515.0000,500.7500,501.2500,86498,501.2500
2020-08-07,501.2500,503.7500,490.5000,495.5000,93524,495.5000
2020-08-10,495.2500,497.2500,490.0000,491.0000,76700,491.0000
2020-08-11,491.0000,498.7500,490.5000,495.0000,83770,495.0000
2020-08-12,495.7500,498.0000,488.0000,491.2500,90879,491.2500
2020-08-13,490.0000,500.7500,489.0000,496.7500,82622,496.7500
2020-08-14,495.5000,507.7500,493.5000,500.0000,75823,500.0000
2020-08-17,500.5000,517.5000,500.0000,516.5000,66200,516.5000
2020-08-18,516.2500,517.5000,503.0000,507.5000,50255,507.5000
2020-08-19,507.2500,514.2500,506.2500,512.0000,49510,512.0000
2020-08-20,511.7500,520.2500,506.5000,519.5000,37922,519.5000
2020-08-21,520.0000,527.7500,515.0000,527.2500,58896,527.2500
2020-08-24,527.7500,533.2500,516.5000,520.7500,30510,520.7500
2020-08-25,521.2500,533.7500,520.7500,527.2500,26559,527.2500
2020-08-26,527.0000,532.7500,523.2500,532.0000,25925,532.0000
2020-08-27,531.7500,543.7500,531.0000,542.5000,18366,542.5000
2020-08-28,543.0000,547.2500,536.7500,539.2500,17686,539.2500
2020-08-31,539.2500,551.7500,538.0000,544.2500,1104,544.2500
2020-09-01,542.5000,559.2500,539.2500,555.7500,248,555.7500
2020-09-02,554.5000,554.5000,545.0000,547.7500,187,547.7500
2020-09-03,550.2500,550.2500,542.5000,543.2500,115,543.2500
2020-09-04,542.0000,544.0000,539.0000,539.7500,88,539.7500
2020-09-08,536.2500,539.5000,533.2500,533.2500,64,533.2500
2020-09-09,533.5000,536.5000,533.2500,534.0000,32,534.0000
2020-09-10,544.7500,548.5000,539.5000,540.0000,31,540.0000
2020-09-11,543.0000,543.0000,533.7500,533.7500,8,533.7500
2020-09-14,525.0000,549.2500,525.0000,548.5000,50141,548.5000
2020-09-15,546.0000,547.0000,533.7500,538.2500,60557,538.2500
2020-09-16,535.5000,543.0000,533.2500,542.0000,47771,542.0000
2020-09-17,542.0000,557.2500,537.2500,556.2500,76815,556.2500
2020-09-18,555.7500,578.0000,555.5000,575.0000,101480,575.0000
2020-09-21,576.5000,578.2500,550.5000,554.7500,96691,554.7500
2020-09-22,553.5000,567.0000,550.2500,558.0000,75824,558.0000
2020-09-23,558.5000,560.2500,547.2500,549.0000,59472,549.0000
2020-09-24,548.0000,554.2500,541.0000,549.7500,71785,549.7500
2020-09-25,552.2500,552.5000,543.7500,544.2500,48637,544.2500
2020-09-28,545.2500,551.7500,537.7500,550.2500,60680,550.2500
2020-09-29,551.0000,553.2500,546.0000,549.5000,45637,549.5000
2020-09-30,548.7500,587.0000,547.0000,578.0000,122156,578.0000
2020-10-01,574.0000,584.0000,568.5000,570.2500,76218,570.2500
2020-10-02,569.2500,576.5000,561.2500,573.2500,54242,573.2500
2020-10-05,574.5000,587.7500,573.0000,584.2500,60417,584.2500
2020-10-06,585.0000,601.7500,579.7500,592.7500,83093,592.7500
2020-10-07,591.2500,611.5000,588.5000,607.5000,102217,607.5000
2020-10-08,608.7500,616.7500,593.2500,595.2500,95298,595.2500
2020-10-09,594.0000,606.7500,588.7500,593.7500,88056,593.7500
2020-10-12,592.5000,599.0000,587.0000,594.2500,63837,594.2500
2020-10-13,596.2500,604.2500,590.7500,594.0000,56418,594.0000
2020-10-14,594.7500,600.2500,587.2500,596.7500,58370,596.7500
2020-10-15,596.7500,619.5000,596.5000,618.2500,90299,618.2500
2020-10-16,618.5000,630.7500,615.5000,625.2500,90621,625.2500
2020-10-19,631.0000,636.7500,620.2500,627.0000,86964,627.0000
2020-10-20,628.5000,638.2500,623.5000,632.0000,78897,632.0000
2020-10-21,634.5000,637.5000,628.7500,629.7500,61377,629.7500
2020-10-22,628.5000,632.2500,621.2500,622.7500,63702,622.7500
2020-10-23,623.0000,635.5000,619.5000,632.7500,64240,632.7500
2020-10-26,632.7500,633.0000,616.0000,620.0000,66899,620.0000
2020-10-27,618.7500,627.0000,614.7500,615.7500,63486,615.7500
2020-10-28,614.5000,614.5000,600.7500,608.7500,72239,608.7500
2020-10-29,609.7500,611.2500,598.5000,603.7500,69893,603.7500
2020-10-30,602.0000,607.2500,595.2500,598.5000,72812,598.5000
2020-11-02,593.2500,609.5000,591.0000,607.5000,75087,607.5000
2020-11-03,607.0000,616.5000,604.0000,608.0000,70891,608.0000
2020-11-04,607.7500,610.5000,597.7500,606.0000,66077,606.0000
2020-11-05,606.5000,626.2500,606.0000,609.2500,97072,609.2500
2020-11-06,607.7500,615.7500,601.7500,602.0000,105356,602.0000
2020-11-09,602.2500,607.0000,595.0000,597.5000,91438,597.5000
2020-11-10,597.2500,613.0000,594.0000,608.5000,134343,608.5000
2020-11-11,607.0000,613.5000,595.5000,598.0000,107814,598.0000
2020-11-12,596.2500,598.7500,587.0000,588.2500,91052,588.2500
2020-11-13,586.2500,596.2500,580.2500,593.5000,77401,593.5000
2020-11-16,593.7500,601.0000,586.0000,598.0000,87084,598.0000
2020-11-17,598.0000,603.2500,592.5000,595.2500,73204,595.2500
2020-11-18,595.7500,604.2500,592.5000,597.7500,61555,597.7500
2020-11-19,598.7500,600.2500,589.7500,591.7500,42206,591.7500
2020-11-20,590.0000,598.2500,590.0000,593.2500,36851,593.2500
2020-11-23,596.0000,604.7500,595.7500,598.7500,22141,598.7500
2020-11-24,599.5000,612.2500,594.0000,611.2500,19739,611.2500
2020-11-25,612.7500,616.5000,587.0000,588.2500,23901,588.2500
2020-11-27,592.2500,600.2500,589.2500,596.5000,7296,596.5000
2020-11-30,599.5000,600.0000,579.5000,580.2500,1048,580.2500
2020-12-01,580.7500,580.7500,563.5000,565.5000,540,565.5000
2020-12-02,565.5000,578.7500,565.5000,578.0000,78,578.0000
2020-12-03,573.5000,576.0000,568.0000,571.7500,164,571.7500
2020-12-04,563.7500,566.5000,563.7500,566.5000,55,566.5000
2020-12-07,560.0000,575.7500,560.0000,571.2500,20,571.2500
2020-12-08,566.7500,574.0000,563.7500,563.7500,20,563.7500
2020-12-09,568.5000,581.0000,568.5000,577.0000,10,577.0000
2020-12-10,590.0000,592.5000,587.0000,590.2500,5,590.2500
2020-12-11,608.2500,608.2500,608.2500,608.2500,8,608.2500
2020-12-14,615.5000,615.5000,593.5000,593.5000,74274,593.5000
2020-12-15,597.2500,605.7500,594.2500,599.7500,51418,599.7500
2020-12-16,602.2500,607.7500,589.7500,598.5000,56478,598.5000
2020-12-17,599.7500,610.0000,598.5000,608.7500,43431,608.7500
2020-12-18,611.5000,614.7500,604.5000,608.2500,42169,608.2500
2020-12-21,610.2500,615.2500,596.5000,611.2500,48422,611.2500
2020-12-22,615.5000,619.7500,603.0000,617.0000,55034,617.0000
2020-12-23,615.2500,633.7500,610.5000,629.7500,69513,629.7500
2020-12-24,631.0000,633.7500,623.5000,627.0000,35656,627.0000
2020-12-28,627.0000,631.5000,607.0000,614.2500,53532,614.2500
2020-12-29,614.2500,623.2500,611.5000,618.5000,35420,618.5000
2020-12-30,620.0000,643.5000,614.0000,640.7500,71654,640.7500
2020-12-31,640.0000,644.5000,632.5000,640.5000,44927,640.5000
2021-01-04,643.0000,650.2500,634.0000,642.0000,66782,642.0000
2021-01-05,641.5000,664.5000,639.5000,654.0000,81173,654.0000
2021-01-06,654.0000,660.2500,646.0000,647.5000,60850,647.5000
2021-01-07,646.7500,648.2500,638.0000,642.2500,47486,642.2500
2021-01-08,644.7500,649.5000,634.0000,638.7500,56138,638.7500
2021-01-11,639.0000,651.5000,628.7500,634.7500,58069,634.7500
2021-01-12,636.2500,670.0000,634.0000,665.0000,80416,665.0000
2021-01-13,665.0000,680.7500,656.2500,660.5000,80724,660.5000
2021-01-14,660.0000,673.2500,653.0000,670.0000,63304,670.0000
2021-01-15,671.0000,693.0000,664.5000,675.5000,77447,675.5000
2021-01-19,683.7500,691.2500,668.7500,672.2500,63501,672.2500
2021-01-20,675.2500,676.0000,656.5000,667.7500,66033,667.7500
2021-01-21,666.5000,674.7500,657.7500,660.7500,50212,660.7500
2021-01-22,658.5000,659.0000,633.0000,634.5000,76808,634.5000
2021-01-25,633.0000,651.5000,624.2500,648.5000,64721,648.5000
2021-01-26,646.7500,667.7500,641.2500,665.2500,68363,665.2500
2021-01-27,663.2500,672.7500,652.5000,658.2500,54190,658.2500
2021-01-28,655.0000,664.5000,643.5000,647.0000,65434,647.0000
2021-01-29,646.2500,664.7500,643.0000,663.0000,60153,663.0000
2021-02-01,663.5000,671.0000,646.0000,651.0000,55799,651.0000
2021-02-02,655.0000,656.7500,640.5000,644.7500,46873,644.7500
2021-02-03,646.2500,649.7500,625.7500,648.2500,77131,648.2500
2021-02-04,647.2500,650.5000,633.0000,637.5000,66019,637.5000
2021-02-05,634.7500,647.5000,632.2500,641.2500,78451,641.2500
2021-02-08,643.0000,657.5000,642.5000,655.7500,102705,655.7500
2021-02-09,657.7500,660.5000,639.7500,649.5000,124145,649.5000
2021-02-10,649.5000,650.5000,626.7500,635.5000,98577,635.5000
2021-02-11,636.5000,644.7500,632.0000,633.5000,79697,633.5000
2021-02-12,632.5000,643.0000,632.0000,636.7500,64747,636.7500
2021-02-16,648.0000,660.2500,640.5000,657.5000,50195,657.5000
2021-02-17,660.0000,661.2500,638.5000,644.0000,35182,644.0000
2021-02-18,644.0000,665.7500,641.5000,662.5000,56681,662.5000
2021-02-19,665.0000,669.0000,649.0000,650.7500,51919,650.7500
2021-02-22,653.7500,665.2500,651.0000,664.0000,26456,664.0000
2021-02-23,666.5000,667.7500,656.5000,665.7500,24552,665.7500
2021-02-24,665.5000,683.5000,665.0000,680.2500,23402,680.2500
2021-02-25,677.2500,680.5000,658.7500,671.7500,13332,671.7500
2021-02-26,665.0000,665.7500,653.0000,655.0000,1445,655.0000
2021-03-01,661.0000,661.0000,643.0000,643.7500,389,643.7500
2021-03-02,645.5000,663.2500,640.0000,663.2500,241,663.2500
2021-03-03,658.2500,658.2500,645.7500,652.0000,183,652.0000
2021-03-04,653.0000,658.0000,648.7500,649.7500,576,649.7500
2021-03-05,649.5000,657.5000,647.0000,654.0000,401,654.0000
2021-03-08,659.5000,659.5000,642.5000,646.5000,351,646.5000
2021-03-09,654.7500,656.5000,650.7500,656.5000,13,656.5000
2021-03-10,653.2500,653.7500,643.5000,650.7500,130,650.7500
2021-03-11,650.0000,650.0000,636.2500,636.2500,32,636.2500
2021-03-12,631.7500,631.7500,631.7500,631.7500,34909,631.7500
2021-03-15,637.7500,647.7500,636.0000,645.0000,40093,645.0000
2021-03-16,645.5000,648.0000,631.7500,647.0000,51099,647.0000
2021-03-17,646.2500,649.5000,639.2500,640.0000,36147,640.0000
2021-03-18,640.0000,641.0000,629.0000,630.5000,47127,630.5000
2021-03-19,629.0000,635.5000,621.7500,627.0000,51669,627.0000
2021-03-22,627.5000,630.7500,621.2500,627.2500,36124,627.2500
2021-03-23,628.0000,644.5000,621.0000,634.7500,68769,634.7500
2021-03-24,635.0000,638.7500,624.0000,624.7500,45577,624.7500
2021-03-25,624.7500,625.5000,609.0000,612.5000,60632,612.5000
2021-03-26,611.0000,619.0000,608.2500,613.2500,45616,613.2500
2021-03-29,615.7500,617.7500,607.2500,616.7500,38587,616.7500
2021-03-30,616.2500,616.7500,600.5000,601.7500,52667,601.7500
2021-03-31,603.2500,631.7500,593.2500,618.0000,90267,618.0000
2021-04-01,623.0000,625.7500,601.2500,611.0000,73406,611.0000
2021-04-05,607.0000,625.0000,607.0000,618.0000,52004,618.0000
2021-04-06,622.0000,627.5000,613.7500,615.5000,58043,615.5000
2021-04-07,615.0000,619.7500,609.7500,616.2500,73524,616.2500
2021-04-08,618.0000,631.5000,616.0000,628.7500,87000,628.7500
2021-04-09,628.7500,646.5000,627.2500,638.7500,113072,638.7500
2021-04-12,638.0000,639.0000,623.0000,628.0000,101809,628.0000
2021-04-13,630.2500,637.2500,628.2500,629.7500,78362,629.7500
2021-04-14,630.7500,655.7500,630.7500,648.0000,117768,648.0000
2021-04-15,647.2500,657.7500,639.0000,653.7500,61426,653.7500
2021-04-16,652.5000,659.7500,648.2500,652.5000,36533,652.5000
2021-04-19,653.0000,660.7500,651.0000,652.2500,28587,652.2500
2021-04-20,651.5000,679.0000,650.2500,659.7500,43162,659.7500
2021-04-21,662.7500,678.7500,658.7500,673.2500,30045,673.2500
2021-04-22,673.7500,713.2500,672.0000,710.2500,45267,710.2500
2021-04-23,709.7500,714.7500,701.0000,710.2500,29087,710.2500
2021-04-26,712.7500,745.2500,712.7500,739.5000,34378,739.5000
2021-04-27,737.0000,773.0000,726.7500,733.7500,16104,733.7500
2021-04-28,734.2500,743.7500,713.5000,725.2500,12763,725.2500
2021-04-29,722.2500,738.7500,712.7500,737.5000,9415,737.5000
2021-04-30,741.0000,745.5000,728.5000,742.5000,406,742.5000
2021-05-03,753.2500,753.2500,725.5000,725.5000,407,725.5000
2021-05-04,731.2500,737.5000,730.0000,737.0000,300,737.0000
2021-05-05,737.7500,755.7500,737.5000,755.7500,495,755.7500
2021-05-06,761.0000,764.2500,745.0000,764.2500,16,764.2500
2021-05-07,771.0000,773.5000,760.5000,773.5000,25,773.5000
2021-05-10,768.5000,769.0000,742.5000,742.5000,227,742.5000
2021-05-11,742.7500,765.0000,742.7500,759.7500,55,759.7500
2021-05-12,763.0000,763.0000,746.5000,754.7500,77,754.7500
2021-05-13,750.0000,756.5000,726.5000,726.5000,59,726.5000
2021-05-14,730.2500,730.2500,727.2500,727.2500,79497,727.2500
2021-05-17,704.0000,707.5000,692.0000,699.7500,53086,699.7500
2021-05-18,702.5000,718.5000,692.5000,698.0000,61420,698.0000
2021-05-19,698.0000,699.0000,671.5000,679.2500,77673,679.2500
2021-05-20,682.2500,688.0000,672.2500,675.2500,55313,675.2500
2021-05-21,675.5000,677.5000,665.7500,674.2500,57455,674.2500
2021-05-24,667.0000,668.7500,653.2500,662.2500,57246,662.2500
2021-05-25,663.2500,667.5000,646.7500,656.5000,64769,656.5000
2021-05-26,657.0000,657.7500,639.5000,648.5000,59945,648.5000
2021-05-27,648.2500,679.5000,648.0000,676.2500,65470,676.2500
2021-05-28,676.0000,679.7500,661.2500,663.5000,56121,663.5000
2021-06-01,673.2500,702.0000,672.0000,693.5000,75697,693.5000
2021-06-02,692.0000,701.5000,681.5000,687.5000,65956,687.5000
2021-06-03,689.5000,699.2500,669.2500,676.2500,60414,676.2500
2021-06-04,678.5000,690.2500,676.2500,687.7500,55839,687.7500
2021-06-07,694.2500,704.0000,678.5000,680.0000,103023,680.0000
2021-06-08,682.5000,699.2500,680.2500,685.0000,91988,685.0000
2021-06-09,685.0000,686.0000,673.5000,682.2500,91316,682.2500
2021-06-10,684.0000,689.2500,672.7500,683.7500,103902,683.7500
2021-06-11,682.2500,688.0000,669.5000,680.7500,80622,680.7500
2021-06-14,680.5000,680.7500,657.0000,674.5000,67693,674.5000
2021-06-15,674.5000,676.2500,649.0000,661.5000,68469,661.5000
2021-06-16,662.0000,672.7500,658.7500,662.7500,61563,662.7500
2021-06-17,663.7500,667.0000,637.2500,639.0000,68262,639.0000
2021-06-18,639.0000,668.5000,639.0000,662.7500,53571,662.7500
2021-06-21,657.0000,673.5000,646.5000,661.5000,38192,661.5000
2021-06-22,666.2500,672.7500,650.7500,651.0000,35940,651.0000
2021-06-23,653.2500,668.2500,653.2500,661.2500,40594,661.2500
2021-06-24,660.2500,660.7500,642.0000,651.2500,29170,651.2500
2021-06-25,650.5000,656.7500,634.5000,637.0000,38795,637.0000
2021-06-28,638.0000,655.0000,637.0000,646.0000,29182,646.0000
2021-06-29,651.0000,657.7500,638.2500,639.7500,13015,639.7500
2021-06-30,640.5000,673.0000,627.5000,671.5000,1833,671.5000
2021-07-01,667.7500,683.0000,658.5000,658.5000,558,658.5000
2021-07-02,661.0000,662.0000,643.7500,645.7500,401,645.7500
2021-07-06,634.7500,634.7500,611.0000,620.0000,93,620.0000
2021-07-07,626.0000,626.0000,613.7500,614.7500,173,614.7500
2021-07-08,615.0000,618.0000,611.7500,612.2500,101,612.2500
2021-07-09,608.0000,612.2500,606.5000,608.5000,104,608.5000
2021-07-12,610.7500,635.0000,604.5000,635.0000,30,635.0000
2021-07-13,636.5000,639.5000,626.0000,628.7500,56,628.7500
2021-07-14,645.0000,645.0000,645.0000,645.0000,60001,645.0000
2021-07-15,653.7500,673.5000,651.2500,672.0000,56836,672.0000
2021-07-16,671.7500,696.2500,670.7500,692.5000,75887,692.5000
2021-07-19,702.7500,709.5000,694.2500,697.7500,74215,697.7500
2021-07-20,698.7500,718.0000,698.2500,700.5000,64013,700.5000
2021-07-21,701.0000,712.0000,700.0000,710.7500,52745,710.7500
2021-07-22,708.2500,709.0000,681.7500,692.2500,63077,692.2500
2021-07-23,688.0000,696.7500,677.5000,684.0000,42541,684.0000
2021-07-26,684.0000,684.0000,665.5000,677.0000,43684,677.0000
2021-07-27,680.2500,690.0000,671.7500,674.5000,50027,674.5000
2021-07-28,675.0000,696.2500,673.7500,688.7500,49232,688.7500
2021-07-29,689.7500,706.7500,689.0000,705.2500,45524,705.2500
2021-07-30,705.0000,711.5000,695.0000,703.7500,53644,703.7500
2021-08-02,704.0000,731.7500,704.0000,729.5000,62786,729.5000
2021-08-03,727.5000,734.7500,717.7500,724.5000,73891,724.5000
2021-08-04,724.2500,738.7500,714.5000,717.2500,75455,717.2500
2021-08-05,714.7500,725.5000,709.7500,712.7500,62604,712.7500
2021-08-06,712.7500,724.7500,709.2500,719.0000,85120,719.0000
2021-08-09,719.0000,723.7500,708.2500,711.2500,84297,711.2500
2021-08-10,711.0000,730.0000,708.5000,727.0000,85502,727.0000
2021-08-11,726.7500,732.2500,718.7500,727.0000,98740,727.0000
2021-08-12,724.0000,762.0000,723.0000,753.5000,109432,753.5000
2021-08-13,753.0000,774.7500,747.5000,762.2500,87099,762.2500
2021-08-16,762.5000,770.2500,757.7500,760.5000,62047,760.5000
2021-08-17,762.5000,763.7500,732.2500,734.5000,63610,734.5000
2021-08-18,734.2500,740.5000,721.7500,737.2500,33614,737.2500
2021-08-19,737.0000,737.0000,716.0000,727.5000,37059,727.5000
2021-08-20,727.5000,732.7500,709.2500,714.2500,37208,714.2500
2021-08-23,712.7500,730.7500,710.2500,719.7500,21092,719.7500
2021-08-24,722.7500,723.2500,710.7500,718.0000,28503,718.0000
2021-08-25,718.0000,719.7500,704.2500,711.2500,21990,711.2500
2021-08-26,712.5000,727.0000,709.2500,725.2500,17849,725.2500
2021-08-27,725.7500,731.2500,717.7500,718.5000,24916,718.5000
2021-08-30,720.5000,728.5000,707.5000,708.7500,18316,708.7500
2021-08-31,706.5000,707.5000,690.2500,706.7500,1667,706.7500
2021-09-01,708.2500,710.2500,699.2500,701.0000,546,701.0000
2021-09-02,694.0000,708.0000,694.0000,704.0000,369,704.0000
2021-09-03,702.0000,715.0000,701.0000,714.5000,433,714.5000
2021-09-07,718.5000,718.5000,704.2500,708.7500,169,708.7500
2021-09-08,704.5000,704.5000,698.2500,698.2500,58,698.2500
2021-09-09,700.0000,700.0000,681.5000,681.5000,113,681.5000
2021-09-10,682.5000,683.7500,673.2500,675.0000,72,675.0000
2021-09-13,671.5000,674.5000,671.5000,674.5000,8,674.5000
2021-09-14,677.2500,685.0000,677.2500,685.0000,55986,685.0000
2021-09-15,700.0000,714.7500,695.2500,712.2500,51075,712.2500
2021-09-16,711.2500,716.7500,705.0000,713.0000,40246,713.0000
2021-09-17,713.7500,716.0000,706.5000,708.7500,33375,708.7500
2021-09-20,708.0000,710.7500,695.7500,700.7500,37449,700.7500
2021-09-21,700.2500,701.0000,686.0000,690.2500,43195,690.2500
2021-09-22,689.5000,706.7500,688.0000,705.7500,37475,705.7500
2021-09-23,708.5000,719.5000,704.0000,717.7500,46804,717.7500
2021-09-24,718.5000,725.7500,711.5000,723.7500,47318,723.7500
2021-09-27,723.5000,728.5000,720.2500,722.2500,32063,722.2500
2021-09-28,722.0000,726.7500,706.0000,706.5000,54403,706.5000
2021-09-29,709.2500,717.7500,708.2500,710.2500,38927,710.2500
2021-09-30,711.2500,732.7500,701.2500,725.5000,71326,725.5000
2021-10-01,725.0000,758.5000,722.7500,755.2500,85696,755.2500
2021-10-04,752.2500,763.5000,748.5000,756.5000,54746,756.5000
2021-10-05,756.2500,757.0000,743.7500,744.7500,49150,744.7500
2021-10-06,744.7500,756.7500,742.2500,746.0000,44642,746.0000
2021-10-07,746.0000,752.5000,739.5000,741.2500,42606,741.2500
2021-10-08,739.2500,746.5000,731.7500,734.0000,47836,734.0000
2021-10-11,734.0000,739.5000,731.0000,731.7500,32210,731.7500
2021-10-12,731.7500,743.7500,718.0000,734.0000,57859,734.0000
2021-10-13,736.0000,737.7500,712.7500,718.7500,57903,718.7500
2021-10-14,718.7500,729.5000,718.5000,724.7500,39585,724.7500
2021-10-15,725.0000,740.5000,722.2500,734.0000,40534,734.0000
2021-10-18,734.0000,738.7500,728.5000,736.2500,31460,736.2500
2021-10-19,736.0000,745.2500,735.2500,736.0000,37740,736.0000
2021-10-20,737.0000,750.0000,736.5000,749.2500,35078,749.2500
2021-10-21,749.7500,752.5000,738.2500,741.2500,33633,741.2500
2021-10-22,743.7500,759.5000,743.5000,756.0000,52332,756.0000
2021-10-25,759.7500,767.0000,753.2500,759.5000,42579,759.5000
2021-10-26,763.0000,765.0000,747.5000,752.2500,53537,752.2500
2021-10-27,750.5000,762.7500,745.0000,759.7500,49839,759.7500
2021-10-28,760.0000,780.0000,751.5000,772.5000,57331,772.5000
2021-10-29,773.2500,780.0000,763.5000,772.7500,48726,772.7500
2021-11-01,774.5000,800.5000,768.2500,797.2500,73027,797.2500
2021-11-02,798.5000,807.0000,789.7500,791.5000,65894,791.5000
2021-11-03,790.5000,796.7500,777.5000,781.0000,53180,781.0000
2021-11-04,782.0000,794.2500,772.2500,773.7500,51270,773.7500
2021-11-05,774.7500,781.5000,765.5000,766.5000,83637,766.5000
2021-11-08,768.2500,773.0000,762.5000,768.0000,75813,768.0000
2021-11-09,769.2500,783.2500,764.5000,778.5000,81300,778.5000
2021-11-10,783.0000,803.7500,778.0000,803.0000,85821,803.0000
2021-11-11,803.0000,824.7500,798.2500,812.5000,107495,812.5000
2021-11-12,814.2500,826.7500,805.5000,817.0000,63147,817.0000
2021-11-15,819.7500,829.5000,813.2500,826.2500,57377,826.2500
2021-11-16,827.5000,827.5000,810.0000,810.2500,58357,810.2500
2021-11-17,812.0000,835.0000,810.5000,822.2500,63821,822.2500
2021-11-18,824.2500,843.2500,819.2500,820.0000,63590,820.0000
2021-11-19,821.0000,830.7500,813.5000,823.0000,42696,823.0000
2021-11-22,827.5000,848.5000,826.0000,845.7500,40429,845.7500
2021-11-23,846.5000,856.5000,838.2500,856.0000,29297,856.0000
2021-11-24,856.5000,863.2500,833.5000,836.7500,46267,836.7500
2021-11-26,821.2500,830.5000,810.0000,825.5000,29473,825.5000
2021-11-29,837.7500,840.5000,805.0000,807.5000,20037,807.5000
2021-11-30,808.2500,808.2500,770.5000,773.7500,2662,773.7500
2021-12-01,784.0000,785.5000,774.7500,778.5000,484,778.5000
2021-12-02,779.5000,809.2500,779.5000,806.5000,192,806.5000
2021-12-03,809.5000,814.7500,794.5000,794.5000,102,794.5000
2021-12-06,799.7500,799.7500,784.5000,797.0000,66,797.0000
2021-12-07,811.0000,812.0000,796.0000,799.2500,74,799.2500
2021-12-08,799.2500,800.0000,787.7500,791.2500,42,791.2500
2021-12-09,793.5000,793.5000,773.5000,773.5000,64,773.5000
2021-12-10,769.2500,783.2500,769.0000,782.0000,30,782.0000
2021-12-13,779.2500,791.0000,779.2500,785.5000,69,785.5000
2021-12-14,785.5000,785.5000,785.5000,785.5000,34152,785.5000
2021-12-15,787.0000,787.0000,751.0000,756.0000,77464,756.0000
2021-12-16,757.5000,773.0000,751.2500,770.5000,50771,770.5000
2021-12-17,770.0000,780.2500,765.2500,775.0000,38053,775.0000
2021-12-20,777.5000,778.7500,757.7500,777.7500,38677,777.7500
2021-12-21,778.5000,799.7500,772.5000,799.0000,46149,799.0000
2021-12-22,796.7500,817.0000,792.0000,814.0000,48743,814.0000
2021-12-23,812.5000,820.5000,808.2500,814.7500,36615,814.7500
2021-12-27,817.5000,824.0000,802.5000,804.0000,30210,804.0000
2021-12-28,805.7500,808.0000,781.7500,783.5000,41877,783.5000
2021-12-29,785.2500,793.0000,774.0000,787.7500,40941,787.7500
2021-12-30,789.5000,791.7500,776.0000,779.7500,29563,779.7500
2021-12-31,782.5000,787.7500,769.5000,770.7500,25055,770.7500
2022-01-03,774.0000,782.2500,752.7500,758.0000,42116,758.0000
2022-01-04,758.0000,771.5000,756.2500,770.0000,43220,770.0000
2022-01-05,771.0000,771.5000,756.0000,760.7500,40236,760.7500
2022-01-06,761.7500,762.0000,736.0000,746.0000,64426,746.0000
2022-01-07,748.0000,760.7500,735.5000,758.5000,58463,758.5000
2022-01-10,760.7500,767.5000,748.0000,762.0000,46681,762.0000
2022-01-11,761.7500,770.5000,758.2500,770.2500,43837,770.2500
2022-01-12,768.0000,770.0000,753.5000,757.7500,51640,757.7500
2022-01-13,757.0000,757.7500,741.0000,746.7500,49455,746.7500
2022-01-14,746.0000,747.2500,737.0000,741.5000,44592,741.5000
2022-01-18,742.2500,771.5000,741.2500,769.0000,70559,769.0000
2022-01-19,772.0000,797.2500,769.5000,796.5000,68427,796.5000
2022-01-20,794.0000,802.7500,783.7500,790.2500,58576,790.2500
2022-01-21,788.0000,791.0000,778.0000,780.0000,47700,780.0000
2022-01-24,794.0000,802.5000,775.7500,800.5000,58617,800.5000
2022-01-25,801.0000,831.5000,800.5000,818.0000,76139,818.0000
2022-01-26,817.2500,817.5000,787.0000,795.0000,73390,795.0000
2022-01-27,794.2500,795.5000,774.0000,777.0000,60147,777.0000
2022-01-28,777.2500,793.5000,774.7500,786.2500,49080,786.2500
2022-01-31,793.0000,798.5000,756.7500,761.2500,71473,761.2500
2022-02-01,762.5000,776.7500,760.5000,769.0000,52159,769.0000
2022-02-02,770.0000,778.5000,749.2500,755.0000,67578,755.0000
2022-02-03,754.0000,756.5000,740.0000,751.7500,52592,751.7500
2022-02-04,754.7500,767.2500,748.2500,763.2500,50585,763.2500
2022-02-07,776.0000,776.5000,760.0000,768.7500,81449,768.7500
2022-02-08,771.2500,782.0000,754.0000,778.7500,99517,778.7500
2022-02-09,779.5000,788.2500,770.5000,785.0000,100108,785.0000
2022-02-10,785.5000,801.7500,765.7500,771.5000,95102,771.5000
2022-02-11,770.2500,806.2500,764.7500,797.7500,101599,797.7500
2022-02-14,801.5000,813.5000,780.7500,799.2500,69676,799.2500
2022-02-15,801.2500,801.7500,773.0000,779.7500,55714,779.7500
2022-02-16,779.7500,786.7500,773.2500,780.5000,33006,780.5000
2022-02-17,780.0000,799.2500,775.5000,798.0000,47683,798.0000
2022-02-18,797.5000,812.2500,790.0000,797.0000,43499,797.0000
2022-02-22,815.0000,846.2500,803.0000,844.2500,47217,844.2500
2022-02-23,841.0000,880.0000,834.0000,876.0000,28032,876.0000
2022-02-24,882.7500,926.0000,877.2500,926.0000,26655,926.0000
2022-02-25,923.2500,951.2500,841.5000,843.0000,8868,843.0000
2022-02-28,920.2500,930.5000,885.5000,928.0000,1092,928.0000
2022-03-01,951.0000,1004.5000,951.0000,1001.7500,507,1001.7500
2022-03-02,1009.2500,1132.0000,997.5000,1058.5000,458,1058.5000
2022-03-03,1124.2500,1289.0000,1119.0000,1289.0000,374,1289.0000
2022-03-04,1340.0000,1348.0000,1201.5000,1348.0000,147,1348.0000
2022-03-07,1311.2500,1425.2500,1311.2500,1425.2500,79,1425.2500
2022-03-08,1319.2500,1319.2500,1273.0000,1273.0000,29,1273.0000
2022-03-09,1199.5000,1199.5000,1199.5000,1199.5000,5,1199.5000
2022-03-10,1073.7500,1073.7500,1073.7500,1073.7500,6,1073.7500
2022-03-11,1035.7500,1090.0000,1030.7500,1090.0000,10,1090.0000
2022-03-14,1090.0000,1090.0000,1090.0000,1090.0000,38656,1090.0000
2022-03-15,1106.0000,1160.7500,1088.2500,1154.2500,30964,1154.2500
2022-03-16,1157.2500,1159.5000,1069.2500,1069.2500,37914,1069.2500
2022-03-17,1051.0000,1108.2500,1031.7500,1098.0000,31158,1098.0000
2022-03-18,1095.0000,1106.0000,1055.7500,1063.7500,19393,1063.7500
2022-03-21,1075.0000,1148.7500,1061.7500,1119.2500,37035,1119.2500
2022-03-22,1119.2500,1169.2500,1102.2500,1118.2500,29006,1118.2500
2022-03-23,1119.2500,1139.0000,1101.0000,1105.7500,24464,1105.7500
2022-03-24,1105.7500,1115.0000,1080.5000,1085.7500,22420,1085.7500
2022-03-25,1089.5000,1109.0000,1064.7500,1102.2500,27912,1102.2500
2022-03-28,1092.7500,1096.0000,1047.0000,1057.0000,26162,1057.0000
2022-03-29,1047.0000,1068.2500,972.0000,1014.2500,45986,1014.2500
2022-03-30,1015.0000,1041.7500,1002.2500,1027.2500,26336,1027.2500
2022-03-31,1030.2500,1075.0000,1003.5000,1006.0000,36848,1006.0000
2022-04-01,1007.2500,1032.7500,982.5000,984.5000,33853,984.5000
2022-04-04,989.5000,1014.5000,984.7500,1010.2500,26349,1010.2500
2022-04-05,1020.5000,1074.0000,1020.0000,1045.2500,26923,1045.2500
2022-04-06,1049.5000,1056.2500,1023.5000,1038.2500,27905,1038.2500
2022-04-07,1040.2500,1044.5000,1017.7500,1020.0000,50501,1020.0000
2022-04-08,1020.0000,1054.2500,1017.0000,1051.5000,47599,1051.5000
2022-04-11,1056.0000,1091.7500,1055.0000,1081.2500,55247,1081.2500
2022-04-12,1077.7500,1117.5000,1075.0000,1103.7500,50433,1103.7500
2022-04-13,1102.5000,1124.2500,1078.0000,1113.5000,53460,1113.5000
2022-04-14,1113.0000,1127.5000,1094.2500,1096.5000,20653,1096.5000
2022-04-18,1099.2500,1134.7500,1098.2500,1120.5000,13169,1120.5000
2022-04-19,1123.2500,1135.0000,1096.0000,1099.0000,18099,1099.0000
2022-04-20,1094.7500,1109.7500,1066.7500,1088.0000,15110,1088.0000
2022-04-21,1094.2500,1094.2500,1052.5000,1068.0000,11174,1068.0000
2022-04-22,1070.0000,1076.0000,1052.5000,1065.5000,15258,1065.5000
2022-04-25,1065.7500,1080.0000,1045.7500,1062.0000,12075,1062.0000
2022-04-26,1069.7500,1096.0000,1066.7500,1083.2500,9543,1083.2500
2022-04-27,1081.2500,1087.0000,1067.7500,1080.0000,7092,1080.0000
2022-04-28,1082.5000,1094.0000,1070.0000,1074.0000,6965,1074.0000
2022-04-29,1071.2500,1085.0000,1043.7500,1043.7500,577,1043.7500
2022-05-02,1037.5000,1050.2500,1029.2500,1043.5000,341,1043.5000
2022-05-03,1045.0000,1056.0000,1033.7500,1033.7500,177,1033.7500
2022-05-04,1042.2500,1069.7500,1042.2500,1066.0000,288,1066.0000
2022-05-05,1084.5000,1096.0000,1084.5000,1096.0000,184,1096.0000
2022-05-06,1098.5000,1098.5000,1097.0000,1097.0000,68,1097.0000
2022-05-09,1084.0000,1086.0000,1081.5000,1083.2500,92,1083.2500
2022-05-10,1096.7500,1098.5000,1083.2500,1083.2500,42,1083.2500
2022-05-11,1109.2500,1115.0000,1100.0000,1108.7500,53,1108.7500
2022-05-12,1107.7500,1174.5000,1103.2500,1174.5000,157,1174.5000
2022-05-13,1167.2500,1167.2500,1167.2500,1167.2500,35248,1167.2500
2022-05-16,1234.2500,1247.5000,1222.2500,1247.5000,53773,1247.5000
2022-05-17,1268.0000,1284.0000,1200.7500,1277.5000,73671,1277.5000
2022-05-18,1278.5000,1280.0000,1211.5000,1230.7500,57090,1230.7500
2022-05-19,1222.0000,1247.7500,1193.5000,1200.5000,54778,1200.5000
2022-05-20,1208.0000,1208.0000,1168.0000,1168.7500,40065,1168.7500
2022-05-23,1181.7500,1196.7500,1174.7500,1190.0000,38143,1190.0000
2022-05-24,1196.0000,1208.7500,1138.0000,1154.7500,52749,1154.7500
2022-05-25,1154.5000,1158.5000,1114.5000,1148.2500,51657,1148.2500
2022-05-26,1133.0000,1160.2500,1115.0000,1143.2500,38507,1143.2500
2022-05-27,1143.2500,1170.2500,1133.5000,1157.5000,25544,1157.5000
2022-05-31,1157.0000,1157.2500,1087.5000,1087.5000,68159,1087.5000
2022-06-01,1091.0000,1098.0000,1027.2500,1041.2500,81448,1041.2500
2022-06-02,1043.2500,1075.0000,1037.2500,1058.2500,58137,1058.2500
2022-06-03,1061.5000,1069.2500,1036.2500,1040.0000,40835,1040.0000
2022-06-06,1060.0000,1108.7500,1060.0000,1093.0000,60711,1093.0000
2022-06-07,1093.0000,1101.0000,1058.5000,1071.7500,84918,1071.7500
2022-06-08,1073.0000,1089.0000,1061.7500,1074.7500,68009,1074.7500
2022-06-09,1076.2500,1082.0000,1044.2500,1071.2500,70950,1071.2500
2022-06-10,1074.5000,1081.2500,1053.0000,1070.7500,62709,1070.7500
2022-06-13,1073.0000,1093.5000,1053.5000,1071.0000,62605,1071.0000
2022-06-14,1071.0000,1072.7500,1046.5000,1050.2500,34011,1050.2500
2022-06-15,1055.0000,1058.7500,1036.5000,1050.0000,32823,1050.0000
2022-06-16,1050.2500,1084.7500,1047.0000,1078.2500,38169,1078.2500
2022-06-17,1078.2500,1083.7500,1030.2500,1034.2500,42369,1034.2500
2022-06-21,1032.0000,1033.2500,973.5000,975.2500,54693,975.2500
2022-06-22,977.2500,1007.2500,960.0000,976.5000,35050,976.5000
2022-06-23,973.2500,974.5000,934.5000,937.2500,32876,937.2500
2022-06-24,936.2500,962.5000,921.7500,923.7500,28752,923.7500
2022-06-27,922.0000,940.0000,900.5000,904.0000,26815,904.0000
2022-06-28,908.0000,935.0000,907.2500,921.2500,23635,921.2500
2022-06-29,922.0000,940.0000,913.7500,915.5000,12305,915.5000
2022-06-30,914.2500,917.7500,868.7500,868.7500,2286,868.7500
2022-07-01,876.0000,878.0000,831.2500,831.2500,419,831.2500
2022-07-05,829.0000,829.0000,793.7500,793.7500,76,793.7500
2022-07-06,791.0000,813.0000,779.0000,792.2500,384,792.2500
2022-07-07,816.0000,825.2500,816.0000,824.5000,187,824.5000
2022-07-08,843.5000,879.2500,841.7500,879.2500,110,879.2500
2022-07-11,888.0000,888.0000,843.7500,843.7500,102,843.7500
2022-07-12,835.0000,839.2500,801.5000,801.5000,70,801.5000
2022-07-13,810.0000,819.2500,798.2500,798.2500,30,798.2500
2022-07-14,794.2500,794.2500,794.2500,794.2500,53660,794.2500
2022-07-15,798.0000,804.7500,765.7500,776.7500,44621,776.7500
2022-07-18,787.2500,825.0000,778.5000,812.7500,42326,812.7500
2022-07-19,808.5000,822.2500,792.5000,812.2500,45981,812.2500
2022-07-20,810.2500,843.5000,801.0000,819.5000,38891,819.5000
2022-07-21,819.5000,834.0000,795.5000,806.2500,43046,806.2500
2022-07-22,803.2500,807.2500,754.0000,759.0000,66188,759.0000
2022-07-25,787.0000,793.5000,760.5000,770.0000,47491,770.0000
2022-07-26,773.0000,806.0000,772.2500,803.7500,43798,803.7500
2022-07-27,802.5000,818.7500,782.0000,790.2500,41494,790.2500
2022-07-28,786.2500,824.2500,786.2500,817.0000,37417,817.0000
2022-07-29,817.0000,845.7500,801.0000,807.7500,47268,807.7500
2022-08-01,812.7500,820.2500,781.2500,800.2500,41076,800.2500
2022-08-02,795.0000,795.7500,772.7500,774.7500,47230,774.7500
2022-08-03,774.0000,790.2500,752.0000,763.7500,51385,763.7500
2022-08-04,768.0000,789.5000,758.2500,782.5000,46769,782.5000
2022-08-05,782.0000,796.7500,769.7500,775.7500,51597,775.7500
2022-08-08,776.5000,793.7500,760.7500,779.7500,64408,779.7500
2022-08-09,785.7500,801.2500,772.7500,781.5000,59015,781.5000
2022-08-10,781.5000,808.5000,780.2500,799.7500,68225,799.7500
2022-08-11,800.0000,820.7500,794.5000,810.7500,63667,810.7500
2022-08-12,811.2500,811.2500,782.2500,806.0000,40652,806.0000
2022-08-15,802.0000,804.5000,778.0000,800.7500,29781,800.7500
2022-08-16,799.0000,810.5000,782.5000,786.0000,25480,786.0000
2022-08-17,785.2500,797.0000,759.5000,763.2500,29954,763.2500
2022-08-18,764.7500,766.5000,725.7500,731.5000,38267,731.5000
2022-08-19,733.0000,756.7500,727.2500,753.2500,18896,753.2500
2022-08-22,754.0000,774.0000,744.5000,770.5000,22523,770.5000
2022-08-23,770.0000,802.5000,767.2500,782.7500,26881,782.7500
2022-08-24,782.2500,799.7500,775.0000,795.0000,23598,795.0000
2022-08-25,794.7500,803.5000,766.5000,769.7500,18247,769.7500
2022-08-26,764.5000,792.2500,764.0000,784.7500,28064,784.7500
2022-08-29,785.7500,827.0000,774.7500,820.0000,23866,820.0000
2022-08-30,818.5000,824.0000,794.0000,798.2500,12216,798.2500
2022-08-31,794.7500,812.2500,788.7500,809.0000,1705,809.0000
2022-09-01,802.7500,806.0000,773.0000,775.5000,1046,775.5000
2022-09-02,793.7500,795.2500,790.0000,793.0000,440,793.0000
2022-09-06,795.5000,800.7500,794.2500,800.0000,386,800.0000
2022-09-07,802.2500,855.0000,802.2500,826.5000,389,826.5000
2022-09-08,815.0000,816.5000,805.5000,810.5000,306,810.5000
2022-09-09,810.0000,853.2500,810.0000,853.2500,40,853.2500
2022-09-12,852.5000,852.5000,837.0000,841.2500,54,841.2500
2022-09-13,850.0000,850.0000,839.0000,842.7500,31,842.7500
2022-09-14,853.7500,853.7500,853.7500,853.7500,45623,853.7500
2022-09-15,874.0000,884.7500,843.2500,845.0000,52974,845.0000
2022-09-16,846.7500,866.5000,830.7500,859.7500,47239,859.7500
2022-09-19,857.2500,861.2500,819.2500,830.5000,46375,830.5000
2022-09-20,827.7500,896.7500,825.5000,893.7500,72771,893.7500
2022-09-21,886.5000,919.5000,873.0000,903.7500,91297,903.7500
2022-09-22,896.5000,922.5000,891.0000,910.7500,59590,910.7500
2022-09-23,908.7500,913.0000,876.0000,880.5000,54237,880.5000
2022-09-26,877.0000,890.7500,854.2500,858.0000,48793,858.0000
2022-09-27,857.5000,894.5000,857.0000,871.5000,48803,871.5000
2022-09-28,874.2500,905.0000,862.0000,903.2500,51296,903.2500
2022-09-29,902.5000,914.5000,887.7500,896.2500,41358,896.2500
2022-09-30,899.7500,945.7500,892.7500,921.5000,78137,921.5000
2022-10-03,930.0000,938.7500,908.5000,912.0000,52399,912.0000
2022-10-04,916.2500,927.0000,897.5000,903.0000,50521,903.0000
2022-10-05,903.2500,919.7500,894.2500,902.0000,39955,902.0000
2022-10-06,905.7500,907.7500,873.2500,879.0000,46423,879.0000
2022-10-07,883.2500,896.7500,872.5000,880.2500,38141,880.2500
2022-10-10,895.2500,949.7500,891.5000,938.0000,77244,938.0000
2022-10-11,934.0000,936.7500,898.0000,901.0000,65146,901.0000
2022-10-12,902.0000,903.7500,876.2500,882.2500,44744,882.2500
2022-10-13,883.7500,906.2500,863.0000,892.2500,63574,892.2500
2022-10-14,894.2500,898.7500,857.2500,859.7500,45071,859.7500
2022-10-17,860.0000,877.7500,855.2500,861.0000,42651,861.0000
2022-10-18,862.0000,866.0000,832.7500,849.5000,46278,849.5000
2022-10-19,847.0000,862.7500,835.5000,841.2500,39811,841.2500
2022-10-20,844.5000,855.7500,836.7500,849.2500,34078,849.2500
2022-10-21,850.2500,863.0000,833.0000,850.7500,41911,850.7500
2022-10-24,853.7500,856.5000,833.5000,838.7500,38013,838.7500
2022-10-25,840.0000,844.7500,826.7500,834.7500,40775,834.7500
2022-10-26,836.2500,846.5000,824.0000,840.5000,39250,840.5000
2022-10-27,843.5000,858.0000,833.5000,838.5000,36089,838.5000
2022-10-28,839.7500,840.2500,822.5000,829.2500,33954,829.2500
2022-10-31,884.5000,893.2500,853.7500,882.2500,98975,882.2500
2022-11-01,878.5000,904.0000,867.7500,902.5000,74354,902.5000
2022-11-02,898.5000,902.0000,837.7500,846.0000,96131,846.0000
2022-11-03,844.7500,849.0000,827.7500,840.5000,48030,840.5000
2022-11-04,842.0000,855.5000,834.0000,847.7500,43974,847.7500
2022-11-07,851.0000,863.7500,834.0000,845.7500,76862,845.7500
2022-11-08,847.7500,855.0000,824.7500,827.7500,72922,827.7500
2022-11-09,829.2500,834.0000,805.2500,806.5000,95226,806.5000
2022-11-10,806.7500,815.7500,795.5000,803.5000,77215,803.5000
2022-11-11,804.2500,819.5000,799.5000,813.7500,75488,813.7500
2022-11-14,813.0000,828.7500,804.7500,818.5000,45112,818.5000
2022-11-15,818.5000,843.0000,799.2500,828.2500,73685,828.2500
2022-11-16,829.5000,829.7500,801.5000,817.5000,48018,817.5000
2022-11-17,818.2500,818.2500,793.7500,806.7500,40772,806.7500
2022-11-18,806.7500,816.5000,800.2500,803.2500,30557,803.2500
2022-11-21,805.2500,808.7500,786.0000,799.2500,32913,799.2500
2022-11-22,799.0000,806.7500,790.0000,791.5000,22214,791.5000
2022-11-23,791.7500,797.5000,781.2500,793.5000,21445,793.5000
2022-11-25,790.7500,799.7500,771.0000,775.5000,22496,775.5000
2022-11-28,771.2500,774.2500,750.2500,756.7500,41776,756.7500
2022-11-29,755.5000,769.0000,753.7500,757.7500,16739,757.7500
2022-11-30,760.0000,772.7500,757.2500,771.5000,2247,771.5000
2022-12-01,767.5000,767.5000,757.2500,758.7500,841,758.7500
2022-12-02,750.0000,750.0000,737.2500,737.2500,516,737.2500
2022-12-05,730.5000,730.5000,715.5000,715.5000,129,715.5000
2022-12-06,715.7500,715.7500,702.5000,705.5000,236,705.5000
2022-12-07,727.2500,728.7500,727.0000,727.0000,409,727.0000
2022-12-08,721.0000,726.7500,721.0000,724.2500,232,724.2500
2022-12-09,712.7500,712.7500,712.7500,712.7500,53,712.7500
2022-12-12,733.0000,733.0000,733.0000,733.0000,262,733.0000
2022-12-13,741.0000,742.5000,728.7500,728.7500,103,728.7500
2022-12-14,728.2500,728.2500,728.2500,728.2500,41587,728.2500
2022-12-15,749.7500,767.0000,745.0000,757.2500,51207,757.2500
2022-12-16,758.2500,764.2500,750.7500,753.5000,32613,753.5000
2022-12-19,755.0000,759.7500,738.7500,748.5000,39778,748.5000
2022-12-20,747.2500,761.5000,744.7500,750.5000,38339,750.5000
2022-12-21,750.0000,774.5000,748.7500,767.7500,52904,767.7500
2022-12-22,766.7500,777.0000,758.0000,762.2500,34649,762.2500
2022-12-23,762.0000,778.0000,758.0000,776.0000,25952,776.0000
2022-12-27,781.2500,784.5000,769.0000,774.5000,28358,774.5000
2022-12-28,774.5000,787.5000,770.7500,785.5000,33179,785.5000
2022-12-29,785.0000,786.5000,765.5000,774.0000,35941,774.0000
2022-12-30,775.5000,799.0000,771.5000,792.0000,34784,792.0000
2023-01-03,786.0000,794.5000,769.7500,775.5000,50138,775.5000
2023-01-04,780.5000,780.5000,744.2500,745.5000,51975,745.5000
2023-01-05,746.0000,752.0000,736.0000,746.7500,36793,746.7500
2023-01-06,748.5000,756.7500,742.5000,743.5000,28671,743.5000
2023-01-09,748.0000,758.0000,740.2500,741.5000,45486,741.5000
2023-01-10,741.2500,742.5000,720.5000,731.0000,59339,731.0000
2023-01-11,730.2500,742.2500,724.5000,740.0000,37156,740.0000
2023-01-12,739.0000,747.2500,723.0000,742.7500,64694,742.7500
2023-01-13,743.5000,748.5000,737.2500,743.7500,34226,743.7500
2023-01-17,742.5000,755.7500,728.7500,751.7500,48648,751.7500
2023-01-18,749.0000,760.2500,740.2500,742.5000,45150,742.5000
2023-01-19,741.7500,748.7500,733.5000,734.5000,39217,734.5000
2023-01-20,735.0000,743.0000,727.7500,741.5000,35444,741.5000
2023-01-23,738.0000,740.5000,712.5000,720.0000,63999,720.0000
2023-01-24,720.5000,739.0000,719.7500,734.5000,44243,734.5000
2023-01-25,735.0000,746.5000,734.7500,741.2500,41249,741.2500
2023-01-26,741.0000,758.0000,738.0000,752.5000,47206,752.5000
2023-01-27,752.2500,753.2500,744.2500,750.0000,41125,750.0000
2023-01-30,753.0000,762.5000,743.5000,752.5000,43812,752.5000
2023-01-31,752.5000,766.7500,742.0000,761.2500,59637,761.2500
2023-02-01,760.7500,762.5000,744.5000,759.7500,60025,759.7500
2023-02-02,757.5000,770.7500,750.5000,761.0000,59106,761.0000
2023-02-03,759.7500,776.5000,750.7500,756.7500,72367,756.7500
2023-02-06,758.0000,766.5000,745.5000,750.2500,56431,750.2500
2023-02-07,750.0000,757.0000,744.2500,749.7500,70662,749.7500
2023-02-08,750.0000,766.0000,747.7500,764.7500,90201,764.7500
2023-02-09,764.7500,770.5000,754.7500,757.2500,75196,757.2500
2023-02-10,755.0000,790.0000,755.0000,786.0000,109946,786.0000
2023-02-13,789.0000,796.0000,776.0000,792.0000,88266,792.0000
2023-02-14,790.0000,797.5000,783.5000,786.0000,64638,786.0000
2023-02-15,786.0000,787.2500,766.7500,769.2500,55479,769.2500
2023-02-16,767.5000,771.5000,762.2500,765.0000,34054,765.0000
2023-02-17,765.0000,771.5000,759.5000,765.5000,32055,765.5000
2023-02-21,765.7500,773.2500,749.5000,750.5000,49781,750.5000
2023-02-22,751.7500,754.0000,733.0000,736.5000,38925,736.5000
2023-02-23,735.5000,745.0000,734.2500,738.2500,29844,738.2500
2023-02-24,740.5000,741.0000,703.0000,708.2500,29656,708.2500
2023-02-27,708.2500,710.0000,691.2500,696.0000,24587,696.0000
2023-02-28,694.0000,699.5000,687.0000,691.5000,1970,691.5000
2023-03-01,691.2500,698.7500,691.2500,697.0000,213,697.0000
2023-03-02,702.5000,706.5000,701.2500,701.2500,170,701.2500
2023-03-03,698.7500,698.7500,695.7500,695.7500,132,695.7500
2023-03-06,690.7500,692.2500,682.5000,682.5000,20,682.5000
2023-03-07,684.7500,684.7500,684.7500,684.7500,64,684.7500
2023-03-08,674.5000,674.5000,674.5000,674.5000,30,674.5000
2023-03-09,653.5000,653.5000,653.5000,653.5000,42,653.5000
2023-03-10,662.2500,666.7500,662.2500,666.7500,42,666.7500
2023-03-13,660.5000,672.2500,660.5000,672.2500,30,672.2500
2023-03-14,686.5000,686.5000,686.5000,686.5000,57958,686.5000
2023-03-15,697.2500,706.0000,692.7500,702.7500,50727,702.7500
2023-03-16,704.0000,704.0000,691.5000,699.0000,43894,699.0000
2023-03-17,697.2500,712.5000,697.2500,710.5000,58006,710.5000
2023-03-20,708.5000,708.5000,695.2500,700.7500,61276,700.7500
2023-03-21,700.0000,705.5000,680.2500,683.2500,68061,683.2500
2023-03-22,682.5000,684.0000,654.0000,663.5000,89216,663.5000
2023-03-23,663.0000,675.5000,657.2500,662.0000,56070,662.0000
2023-03-24,660.2500,700.5000,656.2500,688.5000,114498,688.5000
2023-03-27,691.0000,706.5000,680.2500,698.0000,58958,698.0000
2023-03-28,698.5000,704.7500,691.5000,699.7500,51076,699.7500
2023-03-29,698.2500,724.0000,696.5000,704.7500,77189,704.7500
2023-03-30,705.2500,710.0000,690.2500,692.2500,45510,692.2500
2023-03-31,692.5000,701.2500,681.0000,692.2500,58011,692.2500
2023-04-03,697.0000,710.0000,691.5000,693.5000,51071,693.5000
2023-04-04,697.0000,701.5000,688.0000,691.5000,44904,691.5000
2023-04-05,693.0000,693.2500,675.0000,682.0000,56289,682.0000
2023-04-06,682.2500,685.0000,671.2500,675.5000,0,675.5000
2023-04-10,684.5000,687.5000,668.2500,678.5000,67549,678.5000
2023-04-11,680.2500,686.0000,666.2500,674.0000,114948,674.0000
2023-04-12,673.0000,683.7500,673.0000,679.5000,111542,679.5000
2023-04-13,680.7500,680.7500,664.5000,667.0000,91658,667.0000
2023-04-14,668.7500,685.2500,661.2500,682.5000,81450,682.5000
2023-04-17,686.2500,697.0000,674.5000,696.5000,71093,696.5000
2023-04-18,693.5000,707.0000,689.2500,698.0000,44586,698.0000
2023-04-19,699.0000,699.0000,680.7500,681.7500,31370,681.7500
2023-04-20,683.0000,684.7500,666.5000,667.7500,36941,667.7500
2023-04-21,667.7500,673.2500,658.0000,661.7500,34367,661.7500
2023-04-24,669.2500,669.5000,643.2500,643.5000,25969,643.5000
2023-04-25,643.5000,646.7500,628.2500,638.7500,26652,638.7500
2023-04-26,639.7500,643.0000,626.5000,627.2500,18041,627.2500
2023-04-27,628.7500,630.7500,610.5000,614.7500,18402,614.7500
2023-04-28,611.7500,623.0000,610.2500,619.7500,1022,619.7500
2023-05-01,620.0000,620.0000,599.5000,603.7500,1106,603.7500
2023-05-02,612.0000,612.7500,595.5000,595.5000,406,595.5000
2023-05-03,596.0000,626.2500,596.0000,626.2500,352,626.2500
2023-05-04,624.0000,631.5000,624.0000,631.5000,187,631.5000
2023-05-05,647.0000,647.0000,647.0000,647.0000,78,647.0000
2023-05-08,647.5000,647.5000,641.0000,641.0000,24,641.0000
2023-05-09,628.0000,630.5000,628.0000,630.5000,8,630.5000
2023-05-10,628.2500,628.2500,628.2500,628.2500,42,628.2500
2023-05-11,617.5000,617.5000,614.2500,614.2500,22,614.2500
2023-05-12,624.5000,624.5000,624.5000,624.5000,74154,624.5000
2023-05-15,635.0000,663.7500,632.5000,660.7500,67502,660.7500
2023-05-16,661.7500,664.2500,640.0000,647.5000,62562,647.5000
2023-05-17,646.7500,654.2500,616.0000,625.5000,98456,625.5000
2023-05-18,626.2500,626.5000,605.5000,611.7500,59509,611.7500
2023-05-19,611.0000,620.7500,602.0000,605.0000,62743,605.0000
2023-05-22,607.7500,613.7500,596.2500,606.2500,60942,606.2500
2023-05-23,607.5000,624.7500,594.2500,622.2500,57431,622.2500
2023-05-24,621.0000,624.5000,602.2500,606.2500,61465,606.2500
2023-05-25,607.0000,616.5000,599.0000,604.2500,53306,604.2500
2023-05-26,606.0000,618.5000,602.5000,616.0000,48350,616.0000
2023-05-30,616.7500,616.7500,588.7500,591.0000,74481,591.0000
2023-05-31,591.5000,595.0000,573.2500,594.2500,73773,594.2500
2023-06-01,594.2500,617.5000,593.0000,610.7500,80028,610.7500
2023-06-02,610.2500,622.5000,602.2500,619.0000,69362,619.0000
2023-06-05,621.5000,631.5000,615.5000,624.0000,69485,624.0000
2023-06-06,624.2500,648.0000,621.2500,627.7500,113883,627.7500
2023-06-07,626.5000,635.5000,613.2500,616.7500,89270,616.7500
2023-06-08,616.0000,629.0000,611.2500,626.2500,98911,626.2500
2023-06-09,624.5000,632.2500,618.5000,630.2500,113037,630.2500
2023-06-12,629.7500,638.7500,622.2500,633.7500,91968,633.7500
2023-06-13,634.5000,649.2500,626.7500,636.2500,106163,636.2500
2023-06-14,638.0000,639.0000,625.0000,630.2500,70761,630.2500
2023-06-15,629.0000,665.2500,628.2500,661.5000,72093,661.5000
2023-06-16,659.7500,697.0000,656.0000,688.0000,99940,688.0000
2023-06-20,687.0000,700.0000,676.2500,695.7500,76040,695.7500
2023-06-21,700.5000,735.5000,699.2500,734.5000,59228,734.5000
2023-06-22,730.2500,747.0000,725.5000,739.0000,49752,739.0000
2023-06-23,737.0000,737.7500,718.7500,733.2500,52472,733.2500
2023-06-26,734.2500,756.7500,719.0000,724.2500,37363,724.2500
2023-06-27,724.2500,725.7500,681.5000,685.0000,21844,685.0000
2023-06-28,684.7500,692.5000,653.2500,655.7500,19744,655.7500
2023-06-29,655.5000,663.7500,650.7500,653.0000,13944,653.0000
2023-06-30,654.0000,663.7500,634.2500,636.2500,1368,636.2500
2023-07-03,630.0000,642.2500,628.2500,628.5000,694,628.5000
2023-07-05,640.0000,662.0000,635.0000,662.0000,288,662.0000
2023-07-06,654.5000,654.7500,640.7500,647.0000,194,647.0000
2023-07-07,642.7500,646.7500,639.5000,639.5000,57,639.5000
2023-07-10,641.7500,645.7500,636.2500,636.2500,23,636.2500
2023-07-11,645.0000,650.0000,642.7500,649.5000,119,649.5000
2023-07-12,645.0000,645.0000,621.2500,621.2500,12,621.2500
2023-07-13,614.2500,627.5000,614.2500,627.5000,24,627.5000
2023-07-14,641.5000,641.5000,641.5000,641.5000,55640,641.5000
2023-07-17,666.0000,689.2500,651.0000,653.7500,73578,653.7500
2023-07-18,649.2500,675.0000,642.2500,670.7500,54946,670.7500
2023-07-19,669.0000,730.7500,664.0000,727.7500,148746,727.7500
2023-07-20,725.0000,750.7500,711.2500,727.0000,136382,727.0000
2023-07-21,724.7500,733.2500,693.5000,697.5000,95069,697.5000
2023-07-24,702.0000,757.5000,698.7500,757.5000,96764,757.5000
2023-07-25,754.2500,777.2500,736.5000,760.2500,107919,760.2500
2023-07-26,757.0000,757.5000,709.0000,720.0000,105761,720.0000
2023-07-27,723.2500,740.0000,711.7500,712.7500,75102,712.7500
2023-07-28,714.7500,720.2500,689.0000,704.2500,74606,704.2500
2023-07-31,702.5000,703.0000,660.2500,665.7500,104577,665.7500
2023-08-01,670.0000,675.0000,643.2500,652.2500,69422,652.2500
2023-08-02,654.5000,684.0000,636.0000,640.0000,90376,640.0000
2023-08-03,639.2500,648.2500,626.2500,627.0000,65703,627.0000
2023-08-04,627.7500,653.7500,627.2500,633.0000,70991,633.0000
2023-08-07,646.0000,663.7500,636.0000,657.5000,104532,657.5000
2023-08-08,657.5000,662.2500,643.0000,656.2500,81628,656.2500
2023-08-09,655.5000,658.2500,633.5000,635.0000,70504,635.0000
2023-08-10,637.2500,644.0000,635.0000,637.7500,67426,637.7500
2023-08-11,638.0000,639.7500,624.2500,626.7500,72254,626.7500
2023-08-14,632.7500,635.0000,605.2500,616.0000,56037,616.0000
2023-08-15,618.5000,619.0000,595.7500,598.5000,52402,598.5000
2023-08-16,598.7500,607.5000,591.5000,597.7500,41338,597.7500
2023-08-17,599.7500,601.2500,586.2500,589.5000,31435,589.5000
2023-08-18,589.0000,615.7500,588.5000,613.2500,32904,613.2500
2023-08-21,618.0000,620.7500,595.7500,599.2500,24478,599.2500
2023-08-22,599.0000,610.7500,594.5000,601.7500,26011,601.7500
2023-08-23,604.2500,617.0000,598.2500,612.5000,22591,612.5000
2023-08-24,614.7500,615.0000,598.2500,604.0000,21786,604.0000
2023-08-25,604.5000,609.7500,587.5000,593.2500,28997,593.2500
2023-08-28,593.5000,599.2500,584.0000,588.0000,21644,588.0000
2023-08-29,588.0000,589.0000,568.7500,569.7500,27766,569.7500
2023-08-30,572.7500,579.5000,564.5000,576.7500,12815,576.7500
2023-08-31,574.0000,582.7500,566.0000,573.0000,1699,573.0000
2023-09-01,574.0000,585.0000,567.5000,567.5000,725,567.5000
2023-09-05,569.2500,575.0000,567.0000,572.5000,104,572.5000
2023-09-06,577.5000,587.0000,576.5000,581.0000,309,581.0000
2023-09-07,578.2500,585.0000,571.5000,571.5000,152,571.5000
2023-09-08,567.2500,567.2500,567.2500,567.2500,50,567.2500
2023-09-11,561.5000,561.5000,556.0000,556.0000,189,556.0000
2023-09-12,557.2500,560.2500,548.0000,560.2500,167,560.2500
2023-09-13,562.5000,569.0000,562.5000,569.0000,42,569.0000
2023-09-14,567.5000,567.5000,567.5000,567.5000,55236,567.5000
2023-09-15,594.2500,607.5000,591.7500,604.2500,65394,604.2500
2023-09-18,604.0000,604.2500,587.0000,591.2500,64919,591.2500
2023-09-19,588.0000,592.7500,581.0000,584.0000,58587,584.0000
2023-09-20,585.2500,596.2500,581.5000,588.7500,63637,588.7500
2023-09-21,589.0000,590.2500,575.0000,575.7500,50330,575.7500
2023-09-22,576.5000,582.5000,572.7500,579.5000,45559,579.5000
2023-09-25,577.0000,590.0000,573.7500,589.0000,44697,589.0000
2023-09-26,589.0000,596.7500,583.2500,589.0000,48882,589.0000
2023-09-27,589.2500,594.5000,578.5000,579.5000,55807,579.5000
2023-09-28,580.5000,583.5000,575.2500,578.7500,43969,578.7500
2023-09-29,579.5000,585.5000,540.0000,541.5000,123780,541.5000
2023-10-02,545.0000,567.0000,541.2500,564.7500,96364,564.7500
2023-10-03,568.2500,575.0000,562.7500,568.5000,75409,568.5000
2023-10-04,567.5000,569.7500,551.7500,560.0000,66479,560.0000
2023-10-05,559.7500,580.2500,559.0000,578.2500,69807,578.2500
2023-10-06,576.0000,580.2500,566.5000,568.2500,50140,568.2500
2023-10-09,573.2500,581.5000,570.0000,572.7500,46092,572.7500
2023-10-10,573.7500,574.7500,555.5000,558.5000,48419,558.5000
2023-10-11,559.0000,560.7500,551.0000,556.0000,43895,556.0000
2023-10-12,557.2500,574.5000,547.2500,571.5000,83008,571.5000
2023-10-13,572.0000,586.2500,569.5000,579.7500,87479,579.7500
2023-10-16,580.0000,588.5000,575.2500,577.2500,56769,577.2500
2023-10-17,577.0000,582.2500,568.5000,570.5000,53405,570.5000
2023-10-18,572.5000,584.0000,571.2500,580.2500,52739,580.2500
2023-10-19,579.7500,594.5000,576.5000,594.0000,65379,594.0000
2023-10-20,594.0000,604.5000,583.2500,586.0000,81524,586.0000
2023-10-23,586.5000,595.2500,582.0000,587.2500,48387,587.2500
2023-10-24,587.7500,588.0000,572.7500,580.5000,47630,580.5000
2023-10-25,580.0000,586.2500,567.0000,568.5000,57951,568.5000
2023-10-26,569.2500,580.5000,563.2500,579.5000,72437,579.5000
2023-10-27,580.2500,582.5000,571.0000,575.5000,48608,575.5000
2023-10-30,576.0000,577.0000,565.2500,566.0000,60510,566.0000
2023-10-31,568.2500,568.5000,554.5000,556.2500,72016,556.2500
2023-11-01,557.5000,564.7500,554.7500,561.7500,58783,561.7500
2023-11-02,562.2500,569.5000,557.2500,565.5000,53492,565.5000
2023-11-03,565.7500,574.5000,563.7500,572.5000,41970,572.5000
2023-11-06,573.0000,577.7500,566.5000,575.7500,68699,575.7500
2023-11-07,574.0000,582.2500,564.5000,570.2500,106304,570.2500
2023-11-08,571.5000,598.7500,570.2500,592.2500,144369,592.2500
2023-11-09,590.0000,592.5000,573.0000,580.7500,85078,580.7500
2023-11-10,581.7500,583.0000,570.7500,575.2500,68735,575.2500
2023-11-13,575.0000,582.0000,567.2500,579.0000,80609,579.0000
2023-11-14,581.0000,585.0000,570.2500,572.0000,65166,572.0000
2023-11-15,572.7500,579.2500,557.0000,560.5000,83309,560.5000
2023-11-16,562.2500,562.5000,547.0000,553.5000,57404,553.5000
2023-11-17,555.7500,557.7500,547.0000,550.7500,51395,550.7500
2023-11-20,550.7500,554.0000,541.0000,543.5000,42772,543.5000
2023-11-21,544.0000,557.0000,541.7500,555.0000,43240,555.0000
2023-11-22,556.0000,563.5000,554.5000,555.7500,29106,555.7500
2023-11-24,555.0000,555.7500,546.5000,548.7500,26202,548.7500
2023-11-27,550.0000,552.7500,527.5000,534.2500,41484,534.2500
2023-11-28,534.0000,545.5000,528.0000,543.7500,31630,543.7500
2023-11-29,544.5000,559.0000,542.7500,556.0000,19771,556.0000
2023-11-30,557.5000,570.2500,555.5000,570.2500,1556,570.2500
2023-12-01,569.2500,577.5000,569.2500,577.0000,665,577.0000
2023-12-04,583.0000,595.7500,583.0000,595.7500,371,595.7500
2023-12-05,601.0000,620.7500,597.7500,620.7500,582,620.7500
2023-12-06,625.7500,634.0000,615.7500,615.7500,50,615.7500
2023-12-07,622.7500,626.0000,622.7500,626.0000,93,626.0000
2023-12-08,618.7500,619.0000,615.0000,615.0000,17,615.0000
2023-12-11,591.2500,591.2500,591.2500,591.2500,198,591.2500
2023-12-12,607.0000,607.0000,607.0000,607.0000,145,607.0000
2023-12-13,585.2500,585.2500,585.2500,585.2500,214,585.2500
2023-12-14,594.0000,594.0000,594.0000,594.0000,46870,594.0000
2023-12-15,616.0000,630.0000,610.7500,629.2500,52711,629.2500
2023-12-18,629.7500,632.0000,614.7500,617.0000,43591,617.0000
2023-12-19,618.2500,624.2500,611.2500,622.7500,42919,622.7500
2023-12-20,622.5000,625.2500,609.0000,610.0000,39373,610.0000
2023-12-21,611.5000,617.2500,610.2500,612.5000,33648,612.5000
2023-12-22,612.5000,618.2500,610.7500,616.2500,26134,616.2500
2023-12-26,615.0000,639.7500,611.5000,636.2500,40674,636.2500
2023-12-27,636.0000,637.5000,619.2500,623.0000,38063,623.0000
2023-12-28,624.2500,636.2500,621.7500,631.5000,32254,631.5000
2023-12-29,631.0000,633.5000,621.5000,628.0000,34752,628.0000
2024-01-02,628.7500,628.7500,604.7500,606.7500,61472,606.7500
2024-01-03,608.0000,609.7500,598.2500,600.2500,63996,600.2500
2024-01-04,601.5000,614.5000,591.2500,613.5000,63693,613.5000
2024-01-05,613.0000,621.5000,611.5000,616.0000,43101,616.0000
2024-01-08,617.0000,617.2500,593.0000,596.2500,70376,596.2500
2024-01-09,596.0000,613.7500,594.0000,610.0000,57128,610.0000
2024-01-10,610.2500,612.0000,603.7500,610.7500,40391,610.7500
2024-01-11,610.0000,614.7500,602.0000,603.7500,38907,603.7500
2024-01-12,604.0000,611.7500,587.2500,596.0000,82712,596.0000
2024-01-16,596.0000,602.2500,576.7500,582.0000,61371,582.0000
2024-01-17,581.5000,595.7500,577.7500,582.5000,69550,582.5000
2024-01-18,583.5000,587.0000,573.2500,585.5000,50947,585.5000
2024-01-19,586.2500,598.0000,584.7500,593.2500,48393,593.2500
2024-01-22,593.5000,600.2500,587.0000,596.5000,36371,596.5000
2024-01-23,596.0000,606.7500,593.7500,596.5000,42176,596.5000
2024-01-24,598.0000,612.2500,596.5000,610.7500,56703,610.7500
2024-01-25,611.5000,617.2500,606.5000,612.2500,54705,612.2500
2024-01-26,612.0000,614.0000,592.2500,600.2500,69590,600.2500
2024-01-29,601.2500,601.7500,587.5000,593.5000,41478,593.5000
2024-01-30,593.5000,606.7500,584.5000,605.5000,51993,605.5000
2024-01-31,605.0000,605.0000,591.7500,595.2500,43147,595.2500
2024-02-01,595.2500,603.0000,587.0000,601.5000,62577,601.5000
2024-02-02,601.5000,611.5000,595.7500,599.7500,66721,599.7500
2024-02-05,600.0000,601.7500,586.7500,590.2500,51236,590.2500
2024-02-06,590.5000,597.5000,588.0000,595.0000,47583,595.0000
2024-02-07,594.7500,606.7500,590.7500,602.0000,79577,602.0000
2024-02-08,601.2500,602.0000,583.7500,588.5000,78673,588.5000
2024-02-09,591.2500,605.5000,588.0000,596.7500,100815,596.7500
2024-02-12,596.2500,603.0000,588.5000,597.5000,69031,597.5000
2024-02-13,597.0000,603.5000,592.2500,597.5000,82483,597.5000
2024-02-14,597.2500,597.7500,577.5000,585.5000,84588,585.5000
2024-02-15,585.7500,585.7500,565.2500,567.0000,79696,567.0000
2024-02-16,566.0000,571.7500,556.7500,560.5000,53034,560.5000
2024-02-20,558.5000,585.0000,555.2500,582.7500,53102,582.7500
2024-02-21,581.7500,584.7500,574.0000,583.2500,35041,583.2500
2024-02-22,582.0000,600.0000,579.7500,583.2500,40227,583.2500
2024-02-23,584.7500,592.5000,572.5000,573.5000,30814,573.5000
2024-02-26,573.5000,578.7500,562.0000,577.2500,23795,577.2500
2024-02-27,576.0000,591.7500,575.5000,586.0000,15959,586.0000
2024-02-28,586.5000,588.0000,569.7500,571.0000,13393,571.0000
2024-02-29,570.0000,582.0000,567.0000,577.5000,1253,577.5000
2024-03-01,577.7500,577.7500,558.2500,560.0000,549,560.0000
2024-03-04,564.0000,564.0000,563.5000,563.5000,113,563.5000
2024-03-05,554.7500,554.7500,545.7500,545.7500,31,545.7500
2024-03-06,519.7500,521.2500,519.7500,521.2500,206,521.2500
2024-03-07,526.5000,526.5000,520.7500,520.7500,251,520.7500
2024-03-08,528.5000,528.5000,526.7500,526.7500,15,526.7500
2024-03-11,526.7500,537.5000,526.0000,537.5000,25,537.5000
2024-03-12,541.0000,544.7500,535.5000,535.5000,40,535.5000
2024-03-13,534.5000,535.2500,532.2500,532.2500,18,532.2500
2024-03-14,519.5000,519.5000,519.5000,519.5000,60596,519.5000
2024-03-15,532.0000,537.5000,526.7500,528.5000,40453,528.5000
2024-03-18,531.2500,544.0000,527.0000,542.7500,57975,542.7500
2024-03-19,542.7500,553.7500,539.0000,552.5000,52072,552.5000
2024-03-20,551.7500,553.0000,537.0000,545.0000,52836,545.0000
2024-03-21,546.0000,552.5000,540.2500,546.7500,43716,546.7500
2024-03-22,548.5000,559.2500,539.5000,554.7500,58439,554.7500
2024-03-25,559.0000,567.0000,549.5000,555.0000,63147,555.0000
2024-03-26,555.0000,557.5000,542.7500,543.5000,39839,543.5000
2024-03-27,543.2500,549.5000,538.5000,547.5000,40131,547.5000
2024-03-28,546.5000,568.5000,544.5000,560.2500,72671,560.2500
2024-04-01,562.0000,562.7500,547.2500,557.0000,43697,557.0000
2024-04-02,557.5000,562.7500,543.5000,545.2500,64529,545.2500
2024-04-03,545.0000,559.7500,540.2500,556.0000,58686,556.0000
2024-04-04,556.0000,562.5000,549.5000,556.2500,61299,556.2500
2024-04-05,556.0000,574.7500,555.0000,567.2500,106580,567.2500
2024-04-08,570.2500,573.7500,559.5000,565.7500,90126,565.7500
2024-04-09,563.0000,564.2500,553.5000,557.7500,73159,557.7500
2024-04-10,558.5000,567.2500,555.7500,558.5000,68514,558.5000
2024-04-11,558.0000,559.7500,548.2500,551.7500,73571,551.7500
2024-04-12,552.5000,562.5000,549.5000,556.0000,63720,556.0000
2024-04-15,555.2500,556.0000,544.2500,551.7500,46713,551.7500
2024-04-16,550.7500,557.0000,542.5000,549.7500,53008,549.7500
2024-04-17,550.5000,555.0000,536.0000,537.0000,38898,537.0000
2024-04-18,538.0000,544.0000,534.2500,536.7500,35421,536.7500
2024-04-19,536.7500,558.7500,536.0000,550.2500,29394,550.2500
2024-04-22,549.0000,579.5000,548.7500,570.2500,50920,570.2500
2024-04-23,572.0000,586.0000,565.7500,585.0000,42554,585.0000
2024-04-24,583.2500,598.5000,578.7500,594.5000,27546,594.5000
2024-04-25,594.0000,605.0000,593.5000,602.2500,25972,602.2500
2024-04-26,602.0000,614.5000,598.2500,603.2500,28595,603.2500
2024-04-29,595.7500,604.7500,582.7500,590.2500,17080,590.2500
2024-04-30,587.0000,587.0000,577.7500,585.0000,1411,585.0000
2024-05-01,580.2500,582.2500,579.0000,581.5000,505,581.5000
2024-05-02,592.7500,592.7500,580.7500,586.5000,67,586.5000
2024-05-03,606.0000,606.0000,606.0000,606.0000,226,606.0000
2024-05-06,627.5000,632.2500,627.5000,632.2500,148,632.2500
2024-05-07,635.0000,635.0000,624.7500,624.7500,52,624.7500
2024-05-08,616.0000,616.0000,616.0000,616.0000,20,616.0000
2024-05-09,624.2500,624.2500,619.7500,619.7500,125,619.7500
2024-05-10,645.2500,647.0000,645.2500,645.7500,57,645.7500
2024-05-13,648.0000,670.2500,645.7500,670.2500,33,670.2500
2024-05-14,657.0000,657.0000,657.0000,657.0000,86543,657.0000
2024-05-15,674.2500,697.0000,662.2500,665.7500,89540,665.7500
2024-05-16,664.2500,681.5000,656.7500,663.2500,68479,663.2500
2024-05-17,662.5000,676.5000,650.2500,651.2500,62410,651.2500
2024-05-20,654.0000,691.2500,654.0000,688.7500,93314,688.7500
2024-05-21,687.5000,700.7500,682.0000,697.5000,88258,697.5000
2024-05-22,697.2500,716.7500,688.5000,693.0000,89819,693.0000
2024-05-23,694.0000,702.5000,682.5000,698.0000,68180,698.0000
2024-05-24,701.2500,706.0000,689.0000,697.2500,70621,697.2500
2024-05-28,713.0000,720.0000,693.7500,700.2500,73681,700.2500
2024-05-29,701.5000,706.2500,688.5000,692.7500,63288,692.7500
2024-05-30,692.7500,693.7500,673.2500,681.0000,68977,681.0000
2024-05-31,680.5000,691.5000,673.7500,678.5000,54291,678.5000
2024-06-03,678.0000,697.7500,667.5000,672.7500,84111,672.7500
2024-06-04,672.5000,681.2500,657.7500,658.2500,82162,658.2500
2024-06-05,659.2500,664.2500,642.7500,646.7500,84832,646.7500
2024-06-06,649.7500,654.0000,638.2500,639.5000,83045,639.5000
2024-06-07,639.5000,639.5000,618.2500,627.5000,131164,627.5000
2024-06-10,626.0000,627.0000,606.2500,607.5000,119712,607.5000
2024-06-11,606.7500,633.0000,605.5000,626.5000,132289,626.5000
2024-06-12,626.0000,627.7500,610.5000,617.0000,84288,617.0000
2024-06-13,614.5000,627.2500,612.5000,620.0000,77149,620.0000
2024-06-14,618.2500,622.5000,611.0000,612.7500,73733,612.7500
2024-06-17,607.7500,610.2500,590.2500,591.5000,71030,591.5000
2024-06-18,590.0000,595.2500,580.0000,582.0000,59959,582.0000
2024-06-20,582.0000,582.7500,565.5000,572.7500,66902,572.7500
2024-06-21,571.2500,579.2500,557.7500,561.5000,67572,561.5000
2024-06-24,562.0000,563.0000,546.5000,552.5000,36639,552.5000
2024-06-25,552.5000,556.0000,539.7500,541.7500,29811,541.7500
2024-06-26,539.7500,552.7500,538.0000,541.2500,19701,541.2500
2024-06-27,540.5000,562.5000,539.5000,559.7500,18205,559.7500
2024-06-28,559.2500,565.0000,547.0000,553.5000,1450,553.5000
2024-07-01,556.5000,569.2500,552.7500,569.2500,339,569.2500
2024-07-02,562.0000,562.0000,561.5000,561.5000,283,561.5000
2024-07-03,563.7500,563.7500,554.5000,554.5000,193,554.5000
2024-07-05,573.0000,573.0000,572.2500,572.2500,127,572.2500
2024-07-08,552.2500,553.0000,552.2500,553.0000,73,553.0000
2024-07-09,554.2500,554.2500,554.2500,554.2500,49,554.2500
2024-07-10,542.0000,547.2500,542.0000,543.5000,84,543.5000
2024-07-11,543.5000,561.2500,543.5000,554.2500,30,554.2500
2024-07-12,538.0000,538.0000,538.0000,538.0000,79921,538.0000
2024-07-15,551.0000,552.5000,531.0000,532.5000,76571,532.5000
2024-07-16,531.2500,537.5000,525.2500,530.7500,63371,530.7500
2024-07-17,530.5000,546.5000,528.0000,539.2500,52555,539.2500
2024-07-18,540.7500,546.5000,533.0000,535.2500,50518,535.2500
2024-07-19,534.7500,556.2500,530.5000,542.7500,67049,542.7500
2024-07-22,545.2500,553.5000,540.2500,548.0000,48547,548.0000
2024-07-23,547.7500,552.0000,540.5000,542.7500,41164,542.7500
2024-07-24,542.5000,555.5000,537.2500,547.0000,51655,547.0000
2024-07-25,546.7500,549.7500,536.2500,537.7500,44805,537.7500
2024-07-26,537.0000,541.2500,522.0000,523.5000,56593,523.5000
2024-07-29,523.5000,532.7500,514.2500,531.0000,53527,531.0000
2024-07-30,528.7500,529.5000,517.0000,524.0000,50329,524.0000
2024-07-31,523.0000,534.0000,515.5000,527.2500,60814,527.2500
2024-08-01,526.7500,534.7500,519.7500,532.0000,56989,532.0000
2024-08-02,532.0000,540.5000,528.5000,539.0000,51484,539.0000
2024-08-05,540.2500,541.5000,519.7500,539.5000,60219,539.5000
2024-08-06,540.0000,548.7500,531.5000,543.2500,59182,543.2500
2024-08-07,544.0000,548.7500,534.7500,538.2500,79911,538.2500
2024-08-08,537.7500,544.5000,532.5000,537.5000,67628,537.5000
2024-08-09,537.2500,552.0000,536.2500,542.5000,82400,542.5000
2024-08-12,542.7500,547.0000,528.0000,536.7500,84754,536.7500
2024-08-13,538.0000,538.2500,525.0000,528.7500,67772,528.7500
2024-08-14,529.2500,537.2500,524.0000,534.7500,84253,534.7500
2024-08-15,535.7500,547.7500,527.0000,528.2500,69556,528.2500
2024-08-16,527.2500,533.5000,523.2500,530.0000,52852,530.0000
2024-08-19,530.5000,531.2500,521.7500,528.2500,46025,528.2500
2024-08-20,528.0000,535.5000,525.7500,533.0000,43754,533.0000
2024-08-21,533.7500,536.5000,519.0000,519.7500,35065,519.7500
2024-08-22,521.2500,524.0000,502.5000,511.0000,44564,511.0000
2024-08-23,512.0000,513.7500,501.2500,502.2500,48966,502.2500
2024-08-26,505.2500,506.0000,495.5000,498.0000,39317,498.0000
2024-08-27,497.2500,510.7500,493.5000,508.2500,31510,508.2500
2024-08-28,507.0000,516.0000,505.5000,514.2500,19344,514.2500
2024-08-29,513.0000,525.0000,508.2500,525.0000,12493,525.0000
2024-08-30,522.5000,534.7500,522.5000,532.7500,830,532.7500
2024-09-03,531.5000,552.0000,530.5000,552.0000,426,552.0000
2024-09-04,551.5000,568.7500,551.5000,565.2500,156,565.2500
2024-09-05,565.5000,565.5000,557.0000,561.0000,118,561.0000
2024-09-06,565.7500,565.7500,552.2500,553.2500,429,553.2500
2024-09-09,555.5000,555.5000,555.5000,555.5000,429,555.5000
2024-09-10,554.7500,558.7500,554.7500,558.7500,7,558.7500
2024-09-11,563.7500,563.7500,563.7500,563.7500,7,563.7500
2024-09-12,563.0000,563.0000,563.0000,563.0000,2,563.0000
2024-09-13,571.2500,571.2500,571.2500,571.2500,89761,571.2500
2024-09-16,594.7500,596.0000,574.2500,578.5000,80580,578.5000
2024-09-17,578.5000,584.2500,571.2500,575.7500,45713,575.7500
2024-09-18,576.0000,582.7500,573.0000,575.7500,47041,575.7500
2024-09-19,575.7500,577.2500,564.0000,565.5000,51648,565.5000
2024-09-20,566.2500,575.7500,565.2500,568.5000,60486,568.5000
2024-09-23,570.5000,586.5000,569.0000,582.5000,63331,582.5000
2024-09-24,581.2500,589.2500,575.2500,578.0000,52268,578.0000
2024-09-25,579.0000,591.2500,573.7500,589.2500,52959,589.2500
2024-09-26,590.5000,596.2500,582.7500,584.2500,69058,584.2500
2024-09-27,583.0000,583.5000,575.5000,580.0000,46189,580.0000
2024-09-30,579.7500,590.7500,575.5000,584.0000,58874,584.0000
2024-10-01,584.0000,602.5000,577.0000,599.0000,84582,599.0000
2024-10-02,596.2500,617.2500,596.2500,615.2500,116431,615.2500
2024-10-03,614.2500,617.2500,601.2500,603.5000,78992,603.5000
2024-10-04,603.7500,604.2500,587.0000,589.7500,76333,589.7500
2024-10-07,590.2500,595.2500,584.0000,592.5000,55580,592.5000
2024-10-08,593.7500,599.0000,587.5000,594.7500,59037,594.7500
2024-10-09,594.7500,604.7500,594.2500,599.0000,55193,599.0000
2024-10-10,600.7500,609.2500,598.5000,603.7500,60990,603.7500
2024-10-11,603.7500,611.2500,592.5000,599.0000,75587,599.0000
2024-10-14,598.5000,601.0000,584.2500,585.2500,55970,585.2500
2024-10-15,585.5000,586.7500,578.0000,579.5000,69756,579.5000
2024-10-16,581.2500,587.5000,575.2500,585.0000,57508,585.0000
2024-10-17,584.2500,591.7500,576.2500,589.5000,75298,589.5000
2024-10-18,590.0000,595.5000,570.2500,572.7500,82026,572.7500
2024-10-21,572.7500,584.2500,570.7500,572.2500,74088,572.2500
2024-10-22,574.0000,578.7500,565.7500,576.0000,49868,576.0000
2024-10-23,575.7500,582.7500,566.2500,578.5000,57247,578.5000
2024-10-24,579.0000,584.2500,575.0000,581.5000,49883,581.5000
2024-10-25,581.2500,585.5000,566.0000,569.0000,75987,569.0000
2024-10-28,564.2500,571.5000,557.7500,558.7500,61302,558.7500
2024-10-29,559.0000,572.7500,558.0000,570.5000,67415,570.5000
2024-10-30,571.2500,580.5000,564.0000,573.2500,68179,573.2500
2024-10-31,572.7500,573.7500,563.5000,570.5000,61593,570.5000
2024-11-01,571.5000,577.7500,564.2500,568.0000,54164,568.0000
2024-11-04,569.0000,575.7500,565.0000,568.7500,55475,568.7500
2024-11-05,569.5000,574.5000,565.2500,572.5000,58641,572.5000
2024-11-06,571.0000,577.7500,562.0000,573.2500,67945,573.2500
2024-11-07,574.5000,579.5000,565.0000,571.5000,105864,571.5000
2024-11-08,572.5000,578.7500,566.5000,572.5000,112145,572.5000
2024-11-11,572.7500,572.7500,551.7500,565.5000,125709,565.5000
2024-11-12,564.7500,568.7500,549.0000,552.2500,105727,552.2500
2024-11-13,553.2500,553.7500,536.2500,541.0000,113238,541.0000
2024-11-14,540.0000,544.2500,528.0000,530.2500,89913,530.2500
2024-11-15,532.0000,541.2500,530.5000,536.5000,73593,536.5000
2024-11-18,541.0000,551.0000,536.7500,547.2500,68144,547.2500
2024-11-19,547.7500,558.7500,545.5000,549.7500,57490,549.7500
2024-11-20,549.5000,555.2500,543.5000,552.5000,41277,552.5000
2024-11-21,552.5000,557.5000,547.7500,548.7500,34966,548.7500
2024-11-22,548.0000,550.5000,542.5000,544.2500,36559,544.2500
2024-11-25,544.7500,547.5000,529.5000,535.7500,30009,535.7500
2024-11-26,535.7500,543.5000,532.7500,539.5000,34123,539.5000
2024-11-27,538.2500,542.7500,531.0000,537.7500,18864,537.7500
2024-11-29,535.0000,545.2500,531.7500,532.2500,1246,532.2500
2024-12-02,536.2500,539.5000,531.2500,537.5000,63,537.5000
2024-12-03,539.0000,544.7500,536.7500,536.7500,47,536.7500
2024-12-04,537.2500,541.0000,535.7500,538.0000,43,538.0000
2024-12-05,537.5000,546.7500,535.5000,546.7500,22,546.7500
2024-12-06,544.7500,546.0000,542.5000,542.5000,27,542.5000
2024-12-09,541.2500,541.2500,541.2500,541.2500,10,541.2500
2024-12-10,545.0000,545.0000,542.0000,542.0000,2,542.0000
2024-12-11,544.0000,552.5000,543.5000,543.5000,56,543.5000
2024-12-12,535.0000,538.7500,533.2500,538.7500,24,538.7500
2024-12-13,526.5000,526.5000,526.5000,526.5000,49134,526.5000
2024-12-16,552.2500,559.2500,548.5000,550.0000,68005,550.0000
2024-12-17,550.7500,552.5000,542.5000,545.0000,72661,545.0000
2024-12-18,545.0000,554.2500,540.0000,541.2500,63252,541.2500
2024-12-19,541.0000,541.7500,530.5000,533.0000,87290,533.0000
2024-12-20,532.5000,537.2500,529.2500,533.0000,55084,533.0000
2024-12-23,533.0000,544.0000,533.0000,540.5000,57507,540.5000
2024-12-24,539.5000,541.5000,533.5000,534.7500,25215,534.7500
2024-12-26,534.7500,544.0000,533.7500,541.0000,28461,541.0000
2024-12-27,542.0000,547.7500,537.2500,546.5000,43052,546.5000
2024-12-30,547.2500,554.7500,544.5000,548.2500,46874,548.2500
2024-12-31,548.7500,552.7500,546.7500,551.5000,33827,551.5000
2025-01-02,551.7500,552.7500,542.5000,545.7500,44332,545.7500
2025-01-03,545.5000,547.0000,527.5000,529.2500,87535,529.2500
2025-01-06,530.2500,543.7500,530.2500,540.5000,64942,540.5000
2025-01-07,540.5000,544.2500,535.2500,542.5000,46902,542.5000
2025-01-08,542.7500,544.7500,534.5000,536.2500,58097,536.2500
2025-01-09,535.5000,539.2500,529.2500,534.0000,45711,534.0000
2025-01-10,533.0000,541.2500,526.0000,530.7500,104604,530.7500
2025-01-13,530.5000,545.7500,528.5000,545.0000,84277,545.0000
2025-01-14,546.2500,552.2500,542.7500,546.2500,70102,546.2500
2025-01-15,546.7500,551.5000,542.0000,547.0000,56045,547.0000
2025-01-16,547.0000,547.0000,536.7500,537.5000,52990,537.5000
2025-01-17,537.5000,542.0000,533.2500,538.7500,50291,538.7500
2025-01-21,542.0000,561.7500,542.0000,558.7500,112879,558.7500
2025-01-22,558.5000,566.7500,551.5000,554.0000,91512,554.0000
2025-01-23,554.0000,559.0000,548.0000,554.0000,64143,554.0000
2025-01-24,550.0000,552.2500,541.2500,544.0000,81676,544.0000
2025-01-27,543.0000,543.0000,532.0000,535.5000,68354,535.5000
2025-01-28,535.7500,548.5000,533.5000,545.2500,77116,545.2500
2025-01-29,544.5000,564.7500,544.5000,562.5000,90600,562.5000
2025-01-30,560.7500,569.7500,559.0000,566.5000,96799,566.5000
2025-01-31,569.0000,569.0000,551.7500,559.5000,87916,559.5000
2025-02-03,555.0000,573.7500,550.5000,566.7500,90750,566.7500
2025-02-04,566.5000,579.0000,558.0000,577.0000,89542,577.0000
2025-02-05,577.2500,584.2500,569.5000,572.2500,108673,572.2500
2025-02-06,572.2500,588.7500,566.5000,587.7500,109406,587.7500
2025-02-07,587.7500,592.5000,579.7500,582.7500,106334,582.7500
2025-02-10,581.2500,586.0000,576.2500,579.5000,105426,579.5000
2025-02-11,579.0000,588.0000,575.7500,577.0000,110234,577.0000
2025-02-12,576.2500,584.5000,572.7500,574.2500,113048,574.2500
2025-02-13,574.0000,581.0000,571.5000,577.7500,91309,577.7500
2025-02-14,577.2500,602.7500,577.2500,600.0000,103503,600.0000
2025-02-18,598.2500,609.0000,593.2500,604.7500,93045,604.7500
2025-02-19,605.0000,608.2500,588.5000,592.0000,64134,592.0000
2025-02-20,592.0000,595.5000,583.5000,585.5000,37056,585.5000
2025-02-21,585.5000,593.0000,585.2500,590.0000,40506,590.0000
2025-02-24,589.5000,589.5000,574.7500,579.0000,27710,579.0000
2025-02-25,578.7500,581.0000,564.5000,572.7500,30844,572.7500
2025-02-26,574.2500,577.2500,563.7500,566.0000,23733,566.0000
2025-02-27,566.0000,566.5000,544.0000,546.7500,9609,546.7500
2025-02-28,547.2500,554.5000,537.0000,537.0000,551,537.0000
2025-03-03,545.5000,545.7500,532.0000,532.0000,77,532.0000
2025-03-04,516.0000,518.7500,515.5000,518.5000,30,518.5000
2025-03-05,534.5000,534.5000,530.0000,530.7500,2,530.7500
2025-03-06,537.0000,537.0000,537.0000,537.0000,8,537.0000
2025-03-07,533.7500,533.7500,533.7500,533.7500,13,533.7500
2025-03-10,548.2500,548.2500,545.0000,545.2500,12,545.2500
2025-03-11,543.7500,544.0000,541.0000,541.0000,16,541.0000
2025-03-12,534.0000,538.7500,534.0000,538.7500,3,538.7500
2025-03-13,549.0000,551.2500,547.2500,547.2500,15,547.2500
2025-03-14,545.7500,545.7500,545.7500,545.7500,60916,545.7500
2025-03-17,559.0000,575.2500,559.0000,568.5000,78721,568.5000
2025-03-18,568.7500,574.7500,563.5000,565.0000,64451,565.0000
2025-03-19,564.2500,568.5000,558.0000,563.5000,62175,563.5000
2025-03-20,565.2500,568.0000,552.2500,557.2500,62329,557.2500
2025-03-21,557.7500,563.0000,553.2500,558.2500,47008,558.2500
2025-03-24,561.2500,563.0000,545.2500,548.2500,53647,548.2500
2025-03-25,548.0000,549.5000,541.0000,543.2500,57054,543.2500
2025-03-26,544.0000,545.7500,535.0000,535.2500,57623,535.2500
2025-03-27,536.2500,537.2500,526.5000,532.0000,73561,532.0000
2025-03-28,531.7500,533.0000,517.5000,528.2500,81818,528.2500
2025-03-31,529.5000,539.2500,523.5000,537.0000,83018,537.0000
2025-04-01,539.0000,544.0000,533.2500,540.5000,62409,540.5000
2025-04-02,541.7500,543.0000,532.5000,539.2500,58991,539.2500
2025-04-03,526.7500,542.0000,525.2500,536.0000,80918,536.0000
2025-04-04,536.7500,539.5000,520.5000,529.0000,82626,529.0000
2025-04-07,530.7500,546.5000,525.7500,536.5000,96849,536.5000
2025-04-08,537.5000,545.7500,533.7500,540.0000,92716,540.0000
2025-04-09,539.7500,546.0000,536.5000,542.2500,85229,542.2500
2025-04-10,543.7500,547.5000,534.5000,538.0000,112107,538.0000
2025-04-11,537.5000,556.7500,536.5000,555.7500,123039,555.7500
2025-04-14,553.0000,555.2500,542.7500,547.5000,78608,547.5000
2025-04-15,547.5000,551.0000,540.2500,542.0000,65960,542.0000
2025-04-16,542.7500,550.5000,537.0000,547.7500,59640,547.7500
2025-04-17,548.2500,555.7500,548.0000,548.7500,40697,548.7500
2025-04-21,549.2500,552.7500,537.2500,538.5000,24733,538.5000
2025-04-22,540.0000,540.7500,531.5000,535.5000,31592,535.5000
2025-04-23,535.7500,537.5000,527.7500,528.2500,29029,528.2500
2025-04-24,528.7500,530.5000,524.2500,529.2500,25897,529.2500
2025-04-25,529.5000,534.7500,527.5000,530.0000,30800,530.0000
2025-04-28,529.0000,529.0000,511.5000,515.5000,32411,515.5000
2025-04-29,518.0000,521.0000,505.0000,505.7500,20109,505.7500
2025-04-30,507.2500,520.0000,505.0000,513.0000,1204,513.0000
2025-05-01,518.7500,523.5000,515.0000,515.2500,706,515.2500
2025-05-02,520.7500,530.7500,520.7500,526.5000,103,526.5000
2025-05-05,525.2500,525.2500,514.2500,514.2500,4,514.2500
2025-05-06,520.5000,520.5000,519.0000,519.0000,19,519.0000
2025-05-07,517.0000,518.5000,517.0000,518.0000,82,518.0000
2025-05-08,511.2500,513.0000,511.0000,513.0000,10,513.0000
2025-05-09,505.5000,505.5000,505.5000,505.5000,6,505.5000
2025-05-12,499.0000,499.0000,499.0000,499.0000,16,499.0000
2025-05-13,501.5000,501.5000,501.5000,501.5000,19,501.5000
2025-05-14,508.7500,508.7500,508.7500,508.7500,62950,508.7500
2025-05-15,524.5000,533.2500,521.7500,532.7500,69748,532.7500
2025-05-16,533.5000,533.5000,523.5000,525.0000,49356,525.0000
2025-05-19,527.0000,536.0000,524.5000,529.0000,64286,529.0000
2025-05-20,530.0000,547.5000,528.7500,546.0000,86585,546.0000
2025-05-21,546.0000,556.2500,545.0000,549.2500,85813,549.2500
2025-05-22,548.2500,552.0000,541.2500,544.5000,85214,544.5000
2025-05-23,545.0000,548.5000,538.5000,542.5000,61665,542.5000
2025-05-27,543.5000,544.0000,527.5000,528.5000,66898,528.5000
2025-05-28,531.0000,535.7500,526.7500,530.2500,60152,530.2500
2025-05-29,533.0000,534.7500,527.2500,534.0000,48247,534.0000
2025-05-30,534.2500,538.5000,531.2500,534.0000,49023,534.0000
2025-06-02,534.0000,549.5000,533.2500,539.0000,82568,539.0000
2025-06-03,538.0000,545.5000,531.7500,536.0000,80640,536.0000
2025-06-04,535.5000,547.5000,533.5000,543.2500,73113,543.2500
2025-06-05,543.5000,549.2500,540.5000,545.5000,0,545.5000
2025-06-06,545.2500,555.7500,540.2500,554.7500,97197,554.7500
2025-06-09,556.0000,557.7500,540.0000,542.0000,102603,542.0000
2025-06-10,540.0000,542.0000,530.7500,534.5000,90158,534.5000
2025-06-11,535.0000,539.2500,532.0000,534.2500,72453,534.2500
2025-06-12,534.2500,537.0000,526.0000,526.5000,93654,526.5000
2025-06-13,526.7500,544.7500,522.2500,543.7500,102188,543.7500
2025-06-16,545.0000,546.7500,531.7500,536.5000,77417,536.5000
2025-06-17,536.2500,552.2500,536.2500,549.0000,71241,549.0000
2025-06-18,549.0000,575.0000,547.0000,574.2500,0,574.2500
2025-06-20,573.0000,578.2500,565.5000,567.7500,49117,567.7500
2025-06-23,567.0000,570.0000,549.5000,552.7500,44221,552.7500
2025-06-24,552.0000,553.0000,535.0000,535.7500,36906,535.7500
2025-06-25,535.0000,537.0000,526.5000,528.2500,18240,528.2500
2025-06-26,528.2500,531.5000,520.5000,521.0000,24542,521.0000
2025-06-27,521.0000,529.5000,520.5000,524.7500,12677,524.7500
2025-06-30,530.0000,531.7500,523.5000,528.7500,1972,528.7500
2025-07-01,527.0000,540.7500,526.5000,537.2500,453,537.2500
2025-07-02,546.0000,556.0000,544.7500,556.0000,62,556.0000
2025-07-03,558.0000,558.0000,547.7500,547.7500,0,547.7500
2025-07-07,538.5000,541.7500,538.0000,539.7500,53,539.7500
2025-07-08,547.0000,547.0000,543.0000,543.0000,4,543.0000
2025-07-09,545.0000,545.0000,542.7500,542.7500,41,542.7500
2025-07-10,542.7500,550.5000,542.7500,550.2500,40,550.2500
2025-07-11,548.5000,548.5000,540.7500,540.7500,21,540.7500
2025-07-14,534.0000,534.0000,534.0000,534.0000,52432,534.0000
2025-07-15,541.5000,545.2500,535.5000,538.0000,56165,538.0000
2025-07-16,538.2500,543.5000,533.5000,541.2500,59091,541.2500
2025-07-17,541.0000,542.7500,532.0000,533.5000,55433,533.5000
2025-07-18,533.5000,550.2500,533.0000,546.2500,82550,546.2500
2025-07-21,546.0000,549.5000,541.0000,542.2500,43970,542.2500
2025-07-22,541.7500,552.7500,536.7500,549.5000,62596,549.5000
2025-07-23,548.2500,552.2500,540.0000,540.5000,49135,540.5000
2025-07-24,540.7500,546.0000,535.0000,541.5000,56771,541.5000
2025-07-25,541.0000,544.0000,534.0000,538.2500,37484,538.2500
2025-07-28,536.5000,540.0000,532.2500,538.5000,45184,538.5000
2025-07-29,538.2500,539.0000,526.0000,529.7500,80217,529.7500
2025-07-30,529.7500,532.0000,523.2500,523.7500,64991,523.7500
2025-07-31,523.2500,525.7500,516.7500,523.2500,77077,523.2500
2025-08-01,523.0000,526.0000,516.2500,516.7500,62480,516.7500
2025-08-04,517.5000,523.0000,513.0000,516.7500,71053,516.7500
2025-08-05,516.7500,517.5000,507.0000,508.2500,67614,508.2500
2025-08-06,508.2500,509.5000,504.0000,508.5000,65192,508.5000
2025-08-07,508.5000,520.0000,508.5000,518.2500,81829,518.2500
2025-08-08,518.0000,521.7500,513.7500,514.5000,78246,514.5000
2025-08-11,516.5000,523.2500,513.2500,515.0000,87297,515.0000
2025-08-12,514.2500,515.0000,503.2500,505.0000,116430,505.0000
2025-08-13,505.0000,510.7500,502.2500,507.2500,78660,507.2500
2025-08-14,506.2500,508.7500,500.7500,503.5000,71519,503.5000
2025-08-15,504.0000,508.2500,502.2500,506.5000,59556,506.5000
2025-08-18,506.2500,508.7500,500.7500,502.7500,64948,502.7500
2025-08-19,502.5000,502.5000,497.5000,498.5000,45629,498.5000
2025-08-20,498.0000,508.0000,494.5000,505.5000,53676,505.5000
2025-08-21,506.0000,511.5000,502.0000,507.0000,49806,507.0000
2025-08-22,506.2500,509.7500,503.5000,504.7500,36797,504.7500
2025-08-25,504.7500,512.2500,504.2500,506.7500,31672,506.7500
2025-08-26,506.5000,512.0000,504.0000,509.5000,32257,509.5000
2025-08-27,508.2500,510.2500,500.7500,502.2500,37489,502.2500
2025-08-28,502.0000,511.0000,499.0000,510.2500,23384,510.2500
2025-08-29,510.0000,518.2500,508.7500,518.0000,0,518.0000
2025-09-02,513.7500,513.7500,508.5000,513.0000,404,513.0000
2025-09-03,511.0000,511.0000,504.0000,504.0000,312,504.0000
2025-09-04,504.0000,504.0000,495.2500,502.2500,54,502.2500
2025-09-05,506.5000,506.5000,501.0000,501.0000,13,501.0000
2025-09-08,503.2500,505.5000,502.0000,505.5000,6,505.5000
2025-09-09,503.7500,506.7500,500.7500,500.7500,26,500.7500
2025-09-10,498.0000,498.0000,495.0000,495.0000,18,495.0000
2025-09-11,501.7500,503.0000,496.2500,503.0000,2,503.0000
2025-09-12,503.0000,503.0000,503.0000,503.0000,55282,503.0000
2025-09-15,522.7500,529.2500,520.2500,525.0000,55496,525.0000
2025-09-16,525.0000,534.5000,524.0000,534.0000,46736,534.0000
2025-09-17,533.5000,535.7500,526.0000,528.2500,49323,528.2500
2025-09-18,528.2500,532.2500,523.0000,524.2500,39926,524.2500
2025-09-19,525.0000,526.7500,520.2500,522.5000,45048,522.5000
2025-09-22,522.2500,523.0000,508.5000,510.7500,86785,510.7500
2025-09-23,511.0000,521.0000,507.2500,520.5000,71968,520.5000
2025-09-24,520.5000,524.5000,519.0000,519.5000,53328,519.5000
2025-09-25,520.5000,527.5000,518.2500,527.0000,56448,527.0000
2025-09-26,526.2500,527.7500,518.7500,519.7500,52731,519.7500
2025-09-29,519.0000,522.5000,516.7500,519.5000,44889,519.5000
2025-09-30,519.5000,519.7500,506.7500,508.0000,85752,508.0000
2025-10-01,508.0000,510.2500,502.0000,509.2500,82924,509.2500
2025-10-02,509.0000,516.0000,508.2500,514.7500,57218,514.7500
2025-10-03,514.0000,518.5000,512.7500,515.2500,47455,515.2500
2025-10-06,515.2500,518.2500,512.0000,512.7500,49990,512.7500
2025-10-07,513.0000,514.2500,505.7500,506.7500,53564,506.7500
2025-10-08,507.0000,508.7500,503.7500,507.2500,44067,507.2500
2025-10-09,508.0000,513.5000,506.5000,506.5000,79086,506.5000
2025-10-10,508.5000,509.5000,496.7500,498.5000,63513,498.5000
2025-10-13,499.2500,501.7500,494.5000,496.7500,63513,496.7500
2025-10-14,498.5000,501.7500,492.2500,500.2500,65741,500.2500
2025-10-15,501.0000,501.2500,494.7500,498.7500,57004,498.7500
2025-10-16,500.0000,503.7500,495.2500,502.5000,53290,502.5000
2025-10-17,502.2500,505.0000,500.2500,503.7500,38177,503.7500
2025-10-20,505.0000,507.2500,502.0000,504.7500,37582,504.7500
2025-10-21,504.7500,506.2500,498.0000,500.2500,41036,500.2500
2025-10-22,501.7500,505.5000,498.2500,503.7500,45473,503.7500
2025-10-23,504.7500,513.5000,502.5000,513.0000,58191,513.0000
2025-10-24,512.0000,515.5000,509.7500,512.5000,59008,512.5000
2025-10-27,517.0000,530.5000,516.7500,526.0000,109465,526.0000
2025-10-28,524.0000,535.0000,524.0000,529.0000,105303,529.0000
2025-10-29,528.5000,533.7500,526.7500,532.2500,90090,532.2500
2025-10-30,533.2500,535.5000,520.2500,524.2500,101549,524.2500
2025-10-31,524.2500,534.2500,517.2500,534.0000,111375,534.0000
2025-11-03,534.0000,545.0000,531.2500,543.5000,0,543.5000
2025-11-04,542.7500,550.5000,539.7500,550.2500,116421,550.2500
2025-11-05,549.5000,555.0000,546.2500,554.7500,72195,554.7500
2025-11-06,552.7500,554.5000,534.5000,535.5000,119141,535.5000
2025-11-07,535.5000,537.5000,526.2500,527.7500,127657,527.7500
2025-11-10,528.0000,537.2500,527.5000,535.7500,92410,535.7500
2025-11-11,535.7500,539.0000,531.2500,536.0000,80355,536.0000
2025-11-12,536.0000,536.7500,527.5000,536.0000,95686,536.0000
2025-11-13,536.2500,539.2500,530.7500,535.7500,92763,535.7500
2025-11-14,535.7500,544.5000,524.5000,527.2500,85222,527.2500
2025-11-17,526.7500,545.7500,525.7500,544.2500,64246,544.2500
2025-11-18,544.5000,549.7500,540.5000,546.5000,34471,546.5000
2025-11-19,546.0000,550.5000,535.0000,536.7500,37984,536.7500
2025-11-20,537.0000,543.2500,526.0000,527.0000,41598,527.0000
2025-11-21,528.2500,532.5000,522.7500,527.0000,32622,527.0000
2025-11-24,528.5000,529.0000,519.5000,522.2500,26119,522.2500
2025-11-25,522.5000,528.2500,520.2500,527.2500,26212,527.2500
2025-11-26,526.7500,533.7500,523.7500,529.0000,18026,529.0000
2025-11-28,529.5000,532.2500,527.2500,531.0000,1198,531.0000
2025-12-01,535.0000,535.0000,527.5000,530.2500,426,530.2500
2025-12-02,536.0000,537.7500,536.0000,537.7500,184,537.7500
2025-12-03,542.2500,542.2500,536.5000,537.7500,139,537.7500
2025-12-04,533.0000,541.7500,532.5000,541.0000,73,541.0000
2025-12-05,539.0000,539.0000,537.0000,537.5000,56,537.5000
2025-12-08,536.0000,541.2500,536.0000,536.0000,31,536.0000
2025-12-09,535.5000,536.2500,535.0000,536.2500,14,536.2500
2025-12-10,526.5000,531.2500,526.5000,531.2500,27,531.2500
2025-12-11,534.5000,534.5000,534.5000,534.5000,6,534.5000
2025-12-12,534.5000,534.5000,534.5000,534.5000,50614,534.5000
2025-12-15,529.5000,529.5000,519.5000,520.7500,79494,520.7500
2025-12-16,521.0000,522.2500,507.5000,509.5000,116616,509.5000
2025-12-17,510.7500,511.5000,504.0000,506.2500,93081,506.2500
2025-12-18,507.7500,510.7500,505.5000,507.7500,82031,507.7500
2025-12-19,507.7500,511.2500,505.5000,509.7500,58220,509.7500
2025-12-22,511.0000,518.2500,510.0000,515.5000,43608,515.5000
2025-12-23,514.2500,518.7500,513.7500,517.0000,41461,517.0000
2025-12-24,518.5000,525.0000,518.0000,521.7500,32999,521.7500
2025-12-26,522.5000,524.5000,517.0000,519.0000,38020,519.0000
2025-12-29,518.0000,521.0000,512.0000,513.0000,43201,513.0000
2025-12-30,512.7500,515.5000,510.0000,510.7500,36300,510.7500
2025-12-31,510.2500,512.0000,506.0000,507.0000,40225,507.0000
2026-01-02,506.5000,508.5000,501.5000,506.5000,59096,506.5000
2026-01-05,507.2500,514.5000,505.7500,512.5000,65960,512.5000
2026-01-06,512.7500,515.0000,510.0000,510.5000,53561,510.5000
2026-01-07,510.5000,520.2500,509.2500,518.0000,74479,518.0000
2026-01-08,518.7500,522.7500,515.7500,518.0000,70497,518.0000
2026-01-09,519.7500,521.2500,513.7500,517.2500,56772,517.2500
2026-01-12,517.2500,528.0000,507.0000,511.2500,109417,511.2500
2026-01-13,512.2500,513.7500,507.0000,510.5000,68026,510.5000
2026-01-14,512.0000,514.5000,508.0000,512.5000,58151,512.5000
2026-01-15,512.5000,517.2500,509.7500,510.5000,49930,510.5000
2026-01-16,511.0000,521.0000,510.2500,518.0000,56609,518.0000
2026-01-20,518.2500,520.2500,509.5000,510.2500,65161,510.2500
2026-01-21,510.7500,516.7500,507.0000,507.7500,56709,507.7500
2026-01-22,508.2500,517.0000,507.7500,515.5000,53201,515.5000
2026-01-23,515.0000,530.5000,514.7500,529.5000,85085,529.5000
2026-01-26,532.0000,533.2500,521.5000,522.5000,79398,522.5000
2026-01-27,522.5000,525.5000,519.2500,523.2500,62546,523.2500
2026-01-28,523.2500,541.2500,523.0000,536.0000,121762,536.0000
2026-01-29,536.0000,544.2500,533.7500,541.5000,91934,541.5000
2026-01-30,541.2500,544.7500,533.5000,538.0000,87410,538.0000
2026-02-02,539.5000,540.0000,525.7500,527.7500,85993,527.7500
2026-02-03,528.2500,531.0000,525.0000,528.7500,61674,528.7500
2026-02-04,529.2500,531.7500,522.2500,526.7500,78497,526.7500
2026-02-05,527.0000,536.5000,522.7500,535.2500,70977,535.2500
2026-02-06,534.7500,539.2500,527.5000,529.7500,104156,529.7500
2026-02-09,530.5000,531.5000,525.5000,528.7500,84945,528.7500
2026-02-10,527.2500,531.2500,524.5000,528.2500,96739,528.2500
2026-02-11,529.7500,540.0000,528.0000,537.2500,138467,537.2500
2026-02-12,537.2500,553.5000,536.0000,552.5000,159021,552.5000
2026-02-13,552.0000,553.0000,545.7500,548.7500,166512,548.7500
2026-02-17,548.2500,548.5000,535.0000,537.7500,104375,537.7500
2026-02-18,538.2500,549.7500,538.0000,547.0000,52860,547.0000
2026-02-19,548.0000,563.7500,546.0000,559.5000,45197,559.5000
2026-02-20,562.7500,575.2500,558.0000,573.5000,49607,573.5000
2026-02-23,571.5000,579.2500,567.7500,569.5000,30945,569.5000
2026-02-24,569.0000,573.5000,564.7500,567.5000,18003,567.5000
2026-02-25,566.7500,570.0000,559.0000,565.7500,19920,565.7500
2026-02-26,565.5000,572.0000,562.2500,571.7500,8696,571.7500
2026-02-27,572.2500,595.7500,570.7500,591.2500,881,591.2500
2026-03-02,594.7500,596.0000,574.5000,574.5000,478,574.5000
2026-03-03,579.5000,579.5000,567.2500,572.2500,158,572.2500
2026-03-04,566.5000,569.2500,566.5000,566.7500,68,566.7500
2026-03-05,575.0000,582.7500,574.0000,582.7500,274,582.7500
2026-03-06,608.2500,611.2500,608.2500,611.2500,61,611.2500
2026-03-09,635.0000,635.0000,598.0000,598.0000,82,598.0000
2026-03-10,587.7500,588.0000,584.7500,584.7500,46,584.7500
2026-03-11,588.5000,588.5000,588.5000,588.5000,8,588.5000
2026-03-12,597.5000,597.5000,592.2500,592.2500,34,592.2500
2026-03-13,618.5000,618.5000,618.5000,618.5000,82793,618.5000
2026-03-16,609.2500,613.7500,594.5000,597.2500,82221,597.2500
2026-03-17,597.2500,607.2500,586.7500,589.7500,76805,589.7500
2026-03-18,590.0000,607.7500,586.0000,604.2500,78219,604.2500
2026-03-19,608.2500,616.0000,600.5000,608.0000,85885,608.0000
2026-03-20,608.0000,609.2500,594.7500,595.2500,64986,595.2500
2026-03-23,596.5000,606.5000,577.7500,587.7500,97322,587.7500
2026-03-24,591.0000,596.0000,582.5000,590.0000,70071,590.0000
2026-03-25,589.0000,599.5000,579.2500,597.7500,65526,597.7500
2026-03-26,599.5000,607.7500,593.0000,605.0000,55171,605.0000
2026-03-27,605.0000,613.2500,599.2500,605.0000,52792,605.0000
2026-03-30,607.7500,612.0000,597.7500,607.0000,60137,607.0000
2026-03-31,609.7500,625.0000,605.2500,616.2500,101061,616.2500
2026-04-01,618.0000,622.7500,593.2500,597.5000,106118,597.5000
2026-04-02,597.5000,609.2500,594.0000,598.2500,0,598.2500
2026-04-06,599.0000,600.5000,588.5000,595.2500,38108,595.2500
2026-04-07,595.7500,600.5000,588.0000,598.0000,60072,598.0000
2026-04-08,589.0000,589.0000,577.0000,580.2500,103575,580.2500
2026-04-09,580.0000,588.7500,570.0000,574.5000,103129,574.5000
2026-04-10,572.7500,577.7500,567.5000,571.0000,84547,571.0000
2026-04-13,580.0000,589.5000,576.2500,582.2500,106883,582.2500
2026-04-14,581.5000,594.2500,578.5000,592.0000,96119,592.0000
2026-04-15,592.0000,597.0000,585.2500,593.7500,74637,593.7500
2026-04-16,593.0000,610.0000,590.7500,598.5000,77299,598.5000
2026-04-17,597.5000,602.5000,582.7500,591.2500,52569,591.2500
2026-04-20,596.2500,602.7500,590.2500,597.0000,40737,597.0000
2026-04-21,598.0000,606.5000,592.7500,605.0000,31527,605.0000
2026-04-22,606.5000,613.0000,598.2500,599.2500,20613,599.2500
2026-04-23,600.2500,612.7500,598.7500,610.7500,38329,610.7500
2026-04-24,612.5000,616.2500,602.0000,608.2500,23889,608.2500
2026-04-27,609.0000,623.2500,608.5000,621.5000,24282,621.5000
2026-04-28,620.7500,650.7500,619.2500,649.0000,28627,649.0000
2026-04-29,648.7500,661.5000,641.5000,642.2500,8716,642.2500
2026-04-30,640.0000,644.2500,622.0000,623.7500,1950,623.7500
2026-05-01,632.0000,632.0000,620.2500,624.5000,163,624.5000
2026-05-04,630.0000,630.0000,629.5000,629.5000,6,629.5000
2026-05-05,633.5000,633.5000,614.7500,616.5000,62,616.5000
2026-05-06,614.2500,614.2500,598.2500,606.0000,135,606.0000
2026-05-07,597.2500,602.2500,595.2500,601.7500,56,601.7500
2026-05-08,606.5000,607.5000,606.5000,607.5000,5,607.5000
2026-05-11,615.2500,622.2500,613.2500,622.2500,8,622.2500
2026-05-12,632.7500,665.0000,629.7500,665.0000,7,665.0000
2026-05-13,666.2500,670.7500,659.0000,665.0000,56,665.0000
2026-05-14,647.0000,647.0000,647.0000,647.0000,120498,647.0000
2026-05-15,658.2500,663.5000,631.5000,635.7500,94630,635.7500
2026-05-18,647.5000,666.0000,646.0000,664.5000,104287,664.5000
2026-05-19,666.0000,679.5000,661.0000,667.2500,79475,667.2500
2026-05-20,668.2500,672.7500,655.5000,660.5000,73553,660.5000
2026-05-21,660.7500,660.7500,645.2500,647.5000,64939,647.5000
2026-05-22,650.0000,654.0000,642.2500,646.2500,52389,646.2500
2026-05-26,640.0000,645.2500,634.7500,635.5000,57509,635.5000
2026-05-27,636.5000,638.7500,620.7500,622.5000,73994,622.5000
2026-05-28,622.2500,628.0000,618.0000,624.0000,68481,624.0000
2026-05-29,626.2500,628.0000,609.2500,610.5000,74792,610.5000
2026-06-01,613.0000,619.5000,606.5000,608.7500,75619,608.7500
2026-06-02,609.2500,610.2500,599.2500,603.0000,65720,603.0000
2026-06-03,603.0000,606.7500,585.5000,587.2500,103299,587.2500
2026-06-04,587.0000,590.5000,579.2500,581.7500,87580,581.7500
2026-06-05,581.7500,587.2500,578.0000,580.0000,106685,580.0000
2026-06-08,582.7500,588.7500,574.7500,583.2500,109897,583.2500
2026-06-09,583.0000,595.0000,581.7500,585.2500,108207,585.2500
2026-06-10,585.0000,600.2500,583.5000,587.5000,94003,587.5000
2026-06-11,588.5000,593.7500,582.2500,586.7500,97755,586.7500
2026-06-12,585.7500,594.2500,579.7500,584.5000,83013,584.5000
2026-06-15,582.5000,591.0000,571.0000,589.7500,94401,589.7500
2026-06-16,589.0000,604.2500,582.7500,596.0000,118547,596.0000
2026-06-17,595.7500,614.0000,593.5000,612.7500,69818,612.7500
2026-06-18,613.2500,618.2500,601.2500,605.7500,47266,605.7500
2026-06-22,606.2500,612.2500,596.0000,597.5000,38336,597.5000
2026-06-23,597.5000,601.7500,586.2500,586.7500,36381,586.7500
2026-06-24,587.5000,597.2500,583.2500,585.7500,38741,585.7500
2026-06-25,585.2500,591.2500,580.5000,591.0000,27308,591.0000
2026-06-26,588.5000,589.7500,574.0000,578.2500,31101,578.2500
2026-06-29,581.0000,581.5000,568.0000,569.5000,15755,569.5000
2026-06-30,569.0000,584.2500,568.0000,580.7500,1482,580.7500
2026-07-01,577.2500,599.0000,577.2500,592.0000,176,592.0000
2026-07-02,590.7500,599.0000,590.5000,590.5000,136,590.5000
2026-07-06,590.2500,606.0000,590.2500,606.0000,48,606.0000
2026-07-07,605.7500,609.2500,604.5000,609.2500,7,609.2500
2026-07-08,606.7500,613.7500,599.5000,599.5000,52,599.5000
2026-07-09,606.5000,611.5000,606.5000,611.2500,12,611.2500
2026-07-10,630.0000,634.7500,630.0000,632.0000,11,632.0000
2026-07-13,630.0000,634.5000,627.0000,627.0000,29,627.0000
2026-07-14,626.2500,631.2500,615.0000,631.2500,67276,631.2500
2026-07-15,644.0000,682.7500,642.7500,677.5000,147052,677.5000
2026-07-16,677.0000,698.2500,669.5000,674.7500,122342,674.7500
2026-07-17,672.7500,685.0000,666.5000,682.7500,85673,682.7500
2026-07-20,687.5000,692.2500,672.7500,674.0000,80208,674.0000
2026-07-21,673.0000,679.0000,665.2500,678.0000,61002,678.0000
2026-07-22,678.5000,708.2500,678.0000,705.7500,101033,705.7500
2026-07-23,705.5000,710.2500,693.0000,696.2500,78187,696.2500
2026-07-24,694.7500,711.2500,659.5000,678.0000,125604,678.0000
2026-07-27,680.7500,682.0000,658.0000,660.0000,71450,660.0000
2026-07-28,661.5000,665.7500,650.5000,662.5000,64179,662.5000
2026-07-29,666.7500,672.2500,658.2500,660.7500,57585,660.7500
2026-07-30,660.0000,686.5000,658.2500,663.5000,94256,663.5000
2026-07-31,663.2500,665.0000,634.5000,639.2500,95500,639.2500
2026-08-03,635.0000,653.7500,632.0000,651.0000,70508,651.0000
2026-08-04,652.0000,659.5000,635.5000,638.5000,68848,638.5000
2026-08-05,638.0000,652.5000,633.2500,642.2500,59444,642.2500
2026-08-06,643.7500,649.0000,626.7500,631.2500,81658,631.2500
2026-08-07,631.0000,646.0000,628.5000,639.7500,86717,639.7500
2026-08-10,643.5000,656.5000,639.2500,640.5000,99419,640.5000
2026-08-11,639.5000,646.7500,627.0000,630.2500,124636,630.2500
2026-08-12,632.0000,657.7500,631.5000,652.7500,157513,652.7500
2026-08-13,653.2500,665.0000,645.5000,652.7500,138354,652.7500
2026-08-14,653.7500,677.2500,652.5000,674.7500,104336,674.7500
2026-08-17,677.2500,680.0000,665.2500,674.7500,57229,674.7500
2026-08-18,673.7500,681.7500,660.2500,664.5000,62979,664.5000
2026-08-19,661.2500,683.2500,660.2500,680.2500,54208,680.2500
2026-08-20,680.0000,691.2500,675.7500,682.7500,48887,682.7500
2026-08-21,682.0000,687.7500,674.5000,681.5000,35340,681.5000
2026-08-24,687.2500,697.2500,678.0000,681.7500,34688,681.7500
2026-08-25,683.2500,688.2500,667.2500,685.5000,22613,685.5000
2026-08-26,686.5000,730.5000,683.5000,730.5000,31244,730.5000
2026-08-27,729.0000,749.5000,723.2500,742.7500,18615,742.7500
2026-08-28,739.5000,773.0000,737.5000,767.0000,10298,767.0000
2026-08-31,767.0000,767.0000,741.2500,756.5000,339,756.5000
2026-09-01,771.7500,772.7500,759.2500,764.0000,149,764.0000
2026-09-02,775.2500,775.7500,751.2500,754.7500,129,754.7500
2026-09-03,729.2500,736.0000,728.5000,736.0000,28,736.0000
2026-09-04,727.5000,741.2500,716.0000,716.0000,31,716.0000
2026-09-08,730.0000,730.2500,728.0000,730.2500,6,730.2500
2026-09-09,727.0000,728.5000,711.2500,711.2500,132,711.2500
2026-09-10,712.7500,723.2500,712.7500,723.2500,6,723.2500
2026-09-11,713.5000,713.5000,707.0000,707.0000,14,707.0000
2026-09-14,707.0000,707.0000,707.0000,707.0000,84083,707.0000
2026-09-15,722.0000,731.0000,711.2500,728.5000,70809,728.5000
2026-09-16,728.2500,736.0000,723.5000,730.7500,57852,730.7500
2026-09-17,730.7500,735.5000,716.5000,727.0000,50709,727.0000
2026-09-18,725.0000,729.0000,711.2500,714.2500,48700,714.2500
2026-09-21,716.0000,730.0000,715.2500,726.7500,60641,726.7500
2026-09-22,727.2500,729.5000,714.7500,717.2500,43545,717.2500
2026-09-23,716.7500,717.7500,702.0000,708.5000,68996,708.5000
2026-09-24,707.7500,712.5000,700.2500,707.0000,59593,707.0000
2026-09-25,707.0000,707.0000,683.5000,703.2500,90590,703.2500
2026-09-28,703.0000,703.0000,683.0000,688.7500,63820,688.7500
2026-09-29,689.5000,694.0000,681.5000,692.7500,61970,692.7500
2026-09-30,692.7500,700.2500,673.2500,675.7500,113213,675.7500
2026-10-01,675.2500,684.0000,670.7500,682.7500,128137,682.7500
2026-10-02,681.7500,689.0000,677.7500,683.0000,55389,683.0000
2026-10-05,683.0000,698.5000,679.7500,692.2500,66861,692.2500
2026-10-06,693.2500,705.0000,689.0000,704.2500,66861,704.2500
2026-10-08,687.0000,687.0000,685.2500,686.0000,242,686.0000
